time,kind,symbol,symbol_index,quantity_change,price,fee
2024-06-15 08:05:00+00:00,entry,BNB,2,0.00033058469920234953,606.37,0.00010022832202766434
2024-06-15 08:05:00+00:00,entry,XRP,4,-0.5017016190372013,0.4785,0.00012003211235465042
2024-06-15 08:05:00+00:00,entry,AVAX,10,-0.006907076119700687,30.365,0.00010486668318735568
2024-06-15 08:05:00+00:00,entry,BCH,12,0.0005863948332087286,425.21,0.00012467047351434173
2024-06-15 08:10:00+00:00,risk_reduce,BNB,2,-4.666396709186293e-07,607.65,1.4177679801685254e-07
2024-06-15 08:10:00+00:00,risk_reduce,XRP,4,0.0007081812285073541,0.4793,1.6971563141178742e-07
2024-06-15 08:10:00+00:00,risk_reduce,AVAX,10,9.749742608426877e-06,30.399,1.4819121277678433e-07
2024-06-15 08:10:00+00:00,risk_reduce,BCH,12,-8.27730662239165e-07,425.55,1.7612039165793835e-07
2024-06-15 08:25:00+00:00,risk_reduce,BNB,2,-1.8630872622844808e-07,607.51,5.6592207135522245e-08
2024-06-15 08:25:00+00:00,risk_reduce,XRP,4,0.0002827456618987867,0.4794,6.777413515713918e-08
2024-06-15 08:25:00+00:00,risk_reduce,AVAX,10,3.892644024146644e-06,30.431,5.922852514940326e-08
2024-06-15 08:25:00+00:00,risk_reduce,BCH,12,-3.304765002907139e-07,425.51,7.031052781935084e-08
2024-06-15 08:40:00+00:00,risk_reduce,BNB,2,-6.580035259506423e-08,608.21,2.001021622592201e-08
2024-06-15 08:40:00+00:00,risk_reduce,XRP,4,9.985986499017052e-05,0.4796,2.3946395624642894e-08
2024-06-15 08:40:00+00:00,risk_reduce,AVAX,10,1.374800603820385e-06,30.428,2.0916216386523338e-08
2024-06-15 08:40:00+00:00,risk_reduce,BCH,12,-1.1671740064852706e-07,425.6,2.483746285800656e-08
2024-06-15 08:45:00+00:00,risk_reduce,BNB,2,-8.427431123905543e-08,608.49,2.564003782292642e-08
2024-06-15 08:45:00+00:00,risk_reduce,XRP,4,0.00012789629554510462,0.4798,3.06823213012706e-08
2024-06-15 08:45:00+00:00,risk_reduce,AVAX,10,1.7607865217842897e-06,30.43,2.6790366928947966e-08
2024-06-15 08:45:00+00:00,risk_reduce,BCH,12,-1.494867149086799e-07,425.67,3.181600496758888e-08
2024-06-15 14:00:00+00:00,risk_reduce,BNB,2,-1.7537247915704653e-07,608.61,5.336672226988505e-08
2024-06-15 14:00:00+00:00,risk_reduce,XRP,4,0.00026614860560680853,0.4826,6.42216585329229e-08
2024-06-15 14:00:00+00:00,risk_reduce,AVAX,10,3.6641473902488883e-06,30.246,5.5412900982733934e-08
2024-06-15 14:00:00+00:00,risk_reduce,BCH,12,-3.1107766304018774e-07,429.46,6.679770658461951e-08
2024-06-15 14:15:00+00:00,risk_reduce,BNB,2,-7.76881561696547e-08,607.71,2.3605934692930432e-08
2024-06-15 14:15:00+00:00,risk_reduce,XRP,4,0.00011790102150632809,0.483,2.847309669377823e-08
2024-06-15 14:15:00+00:00,risk_reduce,AVAX,10,1.6231785970668988e-06,30.237,2.454002561975591e-08
2024-06-15 14:15:00+00:00,risk_reduce,BCH,12,-1.3780411945655668e-07,429.11,2.956656285000152e-08
2024-06-15 14:20:00+00:00,risk_reduce,BNB,2,-1.8791314494422465e-07,607.58,5.708613430260601e-08
2024-06-15 14:20:00+00:00,risk_reduce,XRP,4,0.00028518055821813437,0.4834,6.892814092132308e-08
2024-06-15 14:20:00+00:00,risk_reduce,AVAX,10,3.926165969428755e-06,30.251,5.9385223370594636e-08
2024-06-15 14:20:00+00:00,risk_reduce,BCH,12,-3.333224361356645e-07,428.33,7.13859995349946e-08
2024-06-15 15:10:00+00:00,risk_reduce,BNB,2,-4.172075239920292e-07,607.33,1.2669132277303957e-07
2024-06-15 15:10:00+00:00,risk_reduce,XRP,4,0.0006331620633572288,0.4835,1.5306692881661007e-07
2024-06-15 15:10:00+00:00,risk_reduce,AVAX,10,8.716931342792576e-06,30.327,1.3217918841643525e-07
2024-06-15 15:10:00+00:00,risk_reduce,BCH,12,-7.400473676943443e-07,429.37,1.5887706913346032e-07
2024-06-15 15:15:00+00:00,risk_reduce,BNB,2,-5.924789406362794e-07,607.66,1.8001287653352076e-07
2024-06-15 15:15:00+00:00,risk_reduce,XRP,4,0.0008991572945749593,0.4842,2.1768598101659766e-07
2024-06-15 15:15:00+00:00,risk_reduce,AVAX,10,1.2378967181991135e-05,30.4,1.8816030116626525e-07
2024-06-15 15:15:00+00:00,risk_reduce,BCH,12,-1.0509457649200997e-06,429.27,2.255697442536256e-07
2024-06-15 15:20:00+00:00,risk_reduce,BNB,2,-7.171979084236038e-07,608.89,2.1834731723002408e-07
2024-06-15 15:20:00+00:00,risk_reduce,XRP,4,0.0010884331691526916,0.485,2.639450435195277e-07
2024-06-15 15:20:00+00:00,risk_reduce,AVAX,10,1.4984784711223088e-05,30.485,2.2840558096081793e-07
2024-06-15 15:20:00+00:00,risk_reduce,BCH,12,-1.2721736635192991e-06,430.34,2.737336071794476e-07
2024-06-15 19:30:00+00:00,risk_reduce,BNB,2,-2.128093151556134e-06,606.88,6.457485859081934e-07
2024-06-15 19:30:00+00:00,risk_reduce,XRP,4,0.003229634590390329,0.4966,8.019182687939187e-07
2024-06-15 19:30:00+00:00,risk_reduce,AVAX,10,4.446334456215898e-05,30.099,6.691511039882116e-07
2024-06-15 19:30:00+00:00,risk_reduce,BCH,12,-3.7748354103211154e-06,431.26,8.139677595275421e-07
2024-06-15 19:35:00+00:00,risk_reduce,BNB,2,-4.7230449682142536e-07,607.06,1.4335858392020723e-07
2024-06-15 19:35:00+00:00,risk_reduce,XRP,4,0.000716778275902108,0.4977,1.7837027395823954e-07
2024-06-15 19:35:00+00:00,risk_reduce,AVAX,10,9.86810072908361e-06,30.118,1.4860372887927009e-07
2024-06-15 19:35:00+00:00,risk_reduce,BCH,12,-8.377789937211513e-07,431.57,1.8078014016011865e-07
2024-06-15 19:40:00+00:00,risk_reduce,BNB,2,-2.386404660631718e-06,607.31,7.246437072241243e-07
2024-06-15 19:40:00+00:00,risk_reduce,XRP,4,0.003621653043246298,0.5048,9.141052281153656e-07
2024-06-15 19:40:00+00:00,risk_reduce,AVAX,10,4.986037975490947e-05,30.112,7.50697877589917e-07
2024-06-15 19:40:00+00:00,risk_reduce,BCH,12,-4.233031251343932e-06,431.91,9.141442638839788e-07
2024-06-17 18:50:00+00:00,risk_reduce,BNB,2,-9.034130123115403e-08,608.19,2.7472337997887786e-08
2024-06-17 18:50:00+00:00,risk_reduce,XRP,4,0.00013710367480090913,0.5179,3.550299658969542e-08
2024-06-17 18:50:00+00:00,risk_reduce,AVAX,10,1.8875472635668245e-06,29.216,2.7573290426184172e-08
2024-06-17 18:50:00+00:00,risk_reduce,BCH,12,-1.6024840954567167e-07,427.72,3.4270724865437346e-08
2024-06-17 19:00:00+00:00,risk_reduce,BNB,2,-4.5077304346727645e-07,609.75,1.3742943162708592e-07
2024-06-17 19:00:00+00:00,risk_reduce,XRP,4,0.0006841017332971933,0.517,1.7684029805732447e-07
2024-06-17 19:00:00+00:00,risk_reduce,AVAX,10,9.418233001860614e-06,29.37,1.3830675163232314e-07
2024-06-17 19:00:00+00:00,risk_reduce,BCH,12,-7.995862611814234e-07,428.81,1.714352923286031e-07
2024-06-22 16:05:00+00:00,exit_scheduled,BNB,2,-0.0003220859013343378,586.5,9.445169056629456e-05
2024-06-22 16:05:00+00:00,exit_scheduled,XRP,4,0.48880368195620694,0.4859,0.00011875485453126047
2024-06-22 16:05:00+00:00,exit_scheduled,AVAX,10,0.006729506365438178,26.014,8.753068929525438e-05
2024-06-22 16:05:00+00:00,exit_scheduled,BCH,12,-0.0005713195705897621,394.84,0.00011278990962583083
2024-08-14 00:05:00+00:00,entry,SUI,9,0.2263031619734899,0.9609,0.00010872735417016321
2024-08-14 00:05:00+00:00,entry,LTC,11,-0.0033344596185154556,63.4,0.00010570236990693994
2024-08-14 00:05:00+00:00,entry,BCH,12,0.0006648603112351367,350.57,0.00011654003965485094
2024-08-14 00:05:00+00:00,entry,UNI,17,-0.03779517114527397,6.327,0.00011956502391807421
2024-08-14 00:10:00+00:00,risk_reduce,SUI,9,-0.00034561060637886,0.9663,1.6698176447194621e-07
2024-08-14 00:10:00+00:00,risk_reduce,LTC,11,5.092392879759919e-06,63.4,1.6142885428838945e-07
2024-08-14 00:10:00+00:00,risk_reduce,BCH,12,-1.0153758936436207e-06,351.11,1.7825431500860586e-07
2024-08-14 00:10:00+00:00,risk_reduce,UNI,17,5.772085508571473e-05,6.344,1.8309055233188715e-07
2024-08-14 02:50:00+00:00,risk_reduce,SUI,9,-4.391353632507422e-05,0.9505,2.0869908138491523e-08
2024-08-14 02:50:00+00:00,risk_reduce,LTC,11,6.470431623902158e-07,63.8,2.0640676880247884e-08
2024-08-14 02:50:00+00:00,risk_reduce,BCH,12,-1.2901440339554808e-07,349.08,2.251817396865896e-08
2024-08-14 02:50:00+00:00,risk_reduce,UNI,17,7.334054047354599e-06,6.318,2.3168276735593178e-08
2024-08-14 02:55:00+00:00,risk_reduce,SUI,9,-0.00017559263579333684,0.9561,8.394205954100467e-08
2024-08-14 02:55:00+00:00,risk_reduce,LTC,11,2.5872663389041317e-06,63.88,8.263728686459797e-08
2024-08-14 02:55:00+00:00,risk_reduce,BCH,12,-5.158769036459196e-07,348.99,9.001794030169474e-08
2024-08-14 02:55:00+00:00,risk_reduce,UNI,17,2.9325943410533906e-05,6.319,9.265531820558188e-08
2024-08-14 03:20:00+00:00,risk_reduce,SUI,9,-3.0626588645193964e-05,0.9496,1.4541504288738094e-08
2024-08-14 03:20:00+00:00,risk_reduce,LTC,11,4.5126688553390887e-07,63.76,1.4386388310821015e-08
2024-08-14 03:20:00+00:00,risk_reduce,BCH,12,-8.997843017812413e-08,349.35,1.5716982291363834e-08
2024-08-14 03:20:00+00:00,risk_reduce,UNI,17,5.114984471921158e-06,6.333,1.619659833033835e-08
2024-08-14 03:30:00+00:00,risk_reduce,SUI,9,-5.250744325058232e-05,0.9507,2.4959413149164307e-08
2024-08-14 03:30:00+00:00,risk_reduce,LTC,11,7.736699198712324e-07,63.8,2.468007044389231e-08
2024-08-14 03:30:00+00:00,risk_reduce,BCH,12,-1.542626040100829e-07,349.39,2.694890560754143e-08
2024-08-14 03:30:00+00:00,risk_reduce,UNI,17,8.769333078473274e-06,6.332,2.7763708526446385e-08
2024-08-14 03:35:00+00:00,risk_reduce,SUI,9,-0.00012539344454617907,0.9532,5.976251567070895e-08
2024-08-14 03:35:00+00:00,risk_reduce,LTC,11,1.847607314098016e-06,63.87,5.900333957572014e-08
2024-08-14 03:35:00+00:00,risk_reduce,BCH,12,-3.6839575656298553e-07,349.39,6.435689669277076e-08
2024-08-14 03:35:00+00:00,risk_reduce,UNI,17,2.094211435575699e-05,6.332,6.630273405032663e-08
2024-08-14 03:45:00+00:00,risk_reduce,SUI,9,-0.00010090620847544307,0.9493,4.789513185286906e-08
2024-08-14 03:45:00+00:00,risk_reduce,LTC,11,1.4868006018328543e-06,63.86,4.747354321652304e-08
2024-08-14 03:45:00+00:00,risk_reduce,BCH,12,-2.9645424565649583e-07,349.08,5.174312403688478e-08
2024-08-14 03:45:00+00:00,risk_reduce,UNI,17,1.685247075512014e-05,6.34,5.342233229373085e-08
2024-08-14 03:50:00+00:00,risk_reduce,SUI,9,-0.00013775434951066035,0.949,6.536443884280833e-08
2024-08-14 03:50:00+00:00,risk_reduce,LTC,11,2.029738832248166e-06,63.82,6.476896613703897e-08
2024-08-14 03:50:00+00:00,risk_reduce,BCH,12,-4.0471109148882464e-07,349.38,7.069898057218277e-08
2024-08-14 03:50:00+00:00,risk_reduce,UNI,17,2.300652439125861e-05,6.351,7.305721820444171e-08
2024-08-14 04:50:00+00:00,risk_reduce,SUI,9,-0.00011006011881359301,0.9499,5.2273053430516e-08
2024-08-14 04:50:00+00:00,risk_reduce,LTC,11,1.6216787189033896e-06,63.93,5.183696024974685e-08
2024-08-14 04:50:00+00:00,risk_reduce,BCH,12,-3.233476908181838e-07,348.44,5.633363469434398e-08
2024-08-14 04:50:00+00:00,risk_reduce,UNI,17,1.8381276649229172e-05,6.348,5.834217208465339e-08
2024-08-14 04:55:00+00:00,risk_reduce,SUI,9,-0.0006797312669791222,0.9483,3.2229458023815083e-07
2024-08-14 04:55:00+00:00,risk_reduce,LTC,11,1.0015487372862057e-05,63.9,3.199948215629427e-07
2024-08-14 04:55:00+00:00,risk_reduce,BCH,12,-1.996995259716857e-06,348.44,3.4791651414787084e-07
2024-08-14 04:55:00+00:00,risk_reduce,UNI,17,0.00011352276010743317,6.389,3.626484571631953e-07
2024-08-14 05:15:00+00:00,risk_reduce,SUI,9,-0.0007090038502803597,0.9405,3.334090605943392e-07
2024-08-14 05:15:00+00:00,risk_reduce,LTC,11,1.0446803692512174e-05,63.95,3.340365480680768e-07
2024-08-14 05:15:00+00:00,risk_reduce,BCH,12,-2.082995732156489e-06,349.15,3.6363897994121904e-07
2024-08-14 05:15:00+00:00,risk_reduce,UNI,17,0.00011841161047119325,6.426,3.804565044439439e-07
2024-08-14 06:15:00+00:00,risk_reduce,SUI,9,-2.5057104095643767e-05,0.9377,1.174802325524258e-08
2024-08-14 06:15:00+00:00,risk_reduce,LTC,11,3.692034217959647e-07,63.9,1.1796049326381072e-08
2024-08-14 06:15:00+00:00,risk_reduce,BCH,12,-7.361573688320373e-08,346.66,1.2759815673965702e-08
2024-08-14 06:15:00+00:00,risk_reduce,UNI,17,4.184817964721088e-06,6.435,1.3464651801490101e-08
2024-08-14 06:20:00+00:00,risk_reduce,SUI,9,-0.0005990573523118603,0.9393,2.813472855132652e-07
2024-08-14 06:20:00+00:00,risk_reduce,LTC,11,8.826799117781035e-06,64.05,2.8267824174693765e-07
2024-08-14 06:20:00+00:00,risk_reduce,BCH,12,-1.7599818501537468e-06,347.57,3.0585844582896884e-07
2024-08-14 06:20:00+00:00,risk_reduce,UNI,17,0.00010004930977992182,6.454,3.228591226598077e-07
2024-08-14 06:25:00+00:00,risk_reduce,SUI,9,-1.8304078886643982e-05,0.94,8.60291707672267e-09
2024-08-14 06:25:00+00:00,risk_reduce,LTC,11,2.697011008126124e-07,63.85,8.610207643442651e-09
2024-08-14 06:25:00+00:00,risk_reduce,BCH,12,-5.377589724908649e-08,348.06,9.358619398258522e-09
2024-08-14 06:25:00+00:00,risk_reduce,UNI,17,3.0569868672766787e-06,6.472,9.892409502507333e-09
2024-08-14 09:10:00+00:00,risk_reduce,SUI,9,-9.952340379335012e-05,0.9351,4.653216744358085e-08
2024-08-14 09:10:00+00:00,risk_reduce,LTC,11,1.4664256926511486e-06,63.77,4.675698321018187e-08
2024-08-14 09:10:00+00:00,risk_reduce,BCH,12,-2.9239167780156436e-07,344.47,5.0360080626152445e-08
2024-08-14 09:10:00+00:00,risk_reduce,UNI,17,1.6621526833862643e-05,6.489,5.392854381246734e-08
2024-08-14 10:40:00+00:00,risk_reduce,SUI,9,-0.00017124380916352933,0.9279,7.944856526141942e-08
2024-08-14 10:40:00+00:00,risk_reduce,LTC,11,2.5231886359743973e-06,63.78,8.046448560122353e-08
2024-08-14 10:40:00+00:00,risk_reduce,BCH,12,-5.031004041865976e-07,346.62,8.719233104957923e-08
2024-08-14 10:40:00+00:00,risk_reduce,UNI,17,2.859964049314878e-05,6.498,9.292023196224039e-08
2024-08-15 14:30:00+00:00,risk_reduce,SUI,9,-0.0001574123047557996,0.9031,7.107952621248131e-08
2024-08-15 14:30:00+00:00,risk_reduce,LTC,11,2.3193885984110207e-06,65.82,7.633107877370668e-08
2024-08-15 14:30:00+00:00,risk_reduce,BCH,12,-4.62464567527578e-07,340.75,7.87924006925111e-08
2024-08-15 14:30:00+00:00,risk_reduce,UNI,17,2.62896238246782e-05,6.341,8.335125233614224e-08
2024-08-15 14:35:00+00:00,risk_reduce,SUI,9,-0.00019749698457183218,0.903,8.916988853418223e-08
2024-08-15 14:35:00+00:00,risk_reduce,LTC,11,2.9100155476856e-06,65.72,9.562311089694883e-08
2024-08-15 14:35:00+00:00,risk_reduce,BCH,12,-5.802301014503968e-07,341.67,9.912360938127855e-08
2024-08-15 14:35:00+00:00,risk_reduce,UNI,17,3.29842158080032e-05,6.36,1.0488980626945019e-07
2024-08-15 14:40:00+00:00,risk_reduce,SUI,9,-0.00041947884147996994,0.8932,1.873392506049546e-07
2024-08-15 14:40:00+00:00,risk_reduce,LTC,11,6.180802979237517e-06,65.93,2.0375017021056476e-07
2024-08-15 14:40:00+00:00,risk_reduce,BCH,12,-1.2323947693475192e-06,341.57,2.1047454068301606e-07
2024-08-15 14:40:00+00:00,risk_reduce,UNI,17,7.005768044643368e-05,6.368,2.2306365454144485e-07
2024-08-15 14:50:00+00:00,risk_reduce,SUI,9,-0.00019292034811749237,0.889,8.575309473822536e-08
2024-08-15 14:50:00+00:00,risk_reduce,LTC,11,2.8425811852469257e-06,65.69,9.336457902943528e-08
2024-08-15 14:50:00+00:00,risk_reduce,BCH,12,-5.667843152275861e-07,342.93,9.718367261049805e-08
2024-08-15 14:50:00+00:00,risk_reduce,UNI,17,3.2219866089901184e-05,6.4,1.0310357148768379e-07
2024-08-15 15:05:00+00:00,risk_reduce,SUI,9,-0.00010001820458060973,0.8804,4.40280136563844e-08
2024-08-15 15:05:00+00:00,risk_reduce,LTC,11,1.4737163254023057e-06,65.84,4.8514741432243906e-08
2024-08-15 15:05:00+00:00,risk_reduce,BCH,12,-2.938453623305441e-07,341.9,5.0232864690406504e-08
2024-08-15 15:05:00+00:00,risk_reduce,UNI,17,1.6704164125691534e-05,6.396,5.3419916873961525e-08
2024-08-15 15:20:00+00:00,risk_reduce,SUI,9,-0.000135237012736239,0.8757,5.921352602656225e-08
2024-08-15 15:20:00+00:00,risk_reduce,LTC,11,1.9926471816174643e-06,65.89,6.564776139838736e-08
2024-08-15 15:20:00+00:00,risk_reduce,BCH,12,-3.9731536048465046e-07,342.55,6.805018836700852e-08
2024-08-15 15:20:00+00:00,risk_reduce,UNI,17,2.2586100861199387e-05,6.4,7.227552275583805e-08
2024-08-15 16:05:00+00:00,risk_reduce,SUI,9,-0.0005239250949565788,0.8619,2.2578551967153763e-07
2024-08-15 16:05:00+00:00,risk_reduce,LTC,11,7.71976430653798e-06,66.03,2.548680185803514e-07
2024-08-15 16:05:00+00:00,risk_reduce,BCH,12,-1.5392493797215714e-06,342.79,2.638196474373788e-07
2024-08-15 16:05:00+00:00,risk_reduce,UNI,17,8.750137849822953e-05,6.421,2.8092317566856594e-07
2024-08-15 16:20:00+00:00,risk_reduce,SUI,9,-0.00017720656084815878,0.8653,7.666841855095589e-08
2024-08-15 16:20:00+00:00,risk_reduce,LTC,11,2.6110466868041818e-06,66.11,8.630814823231222e-08
2024-08-15 16:20:00+00:00,risk_reduce,BCH,12,-5.206184843860491e-07,343.62,8.94474618023671e-08
2024-08-15 16:20:00+00:00,risk_reduce,UNI,17,2.9595487031269796e-05,6.422,9.503110885740731e-08
2024-08-15 16:25:00+00:00,risk_reduce,SUI,9,-6.817315592874684e-05,0.8686,2.9607601619854755e-08
2024-08-15 16:25:00+00:00,risk_reduce,LTC,11,1.0044960641678036e-06,66.23,3.326388716491682e-08
2024-08-15 16:25:00+00:00,risk_reduce,BCH,12,-2.0028719560692774e-07,342.74,3.4323216711159206e-08
2024-08-15 16:25:00+00:00,risk_reduce,UNI,17,1.1385683140130443e-05,6.415,3.65195786719684e-08
2024-08-15 16:30:00+00:00,risk_reduce,SUI,9,-0.0003802413328275467,0.8626,1.639980868485209e-07
2024-08-15 16:30:00+00:00,risk_reduce,LTC,11,5.602658657294455e-06,66.47,1.8620436047518122e-07
2024-08-15 16:30:00+00:00,risk_reduce,BCH,12,-1.1171181555023326e-06,343.81,1.920381965216285e-07
2024-08-15 16:30:00+00:00,risk_reduce,UNI,17,6.350457556756478e-05,6.416,2.0372267842074781e-07
2024-08-16 06:55:00+00:00,risk_reduce,SUI,9,-0.00018461174042833095,0.8789,8.112762933123005e-08
2024-08-16 06:55:00+00:00,risk_reduce,LTC,11,2.7201581639158846e-06,66.63,9.062206923085769e-08
2024-08-16 06:55:00+00:00,risk_reduce,BCH,12,-5.423743005995981e-07,342.93,9.29982094523101e-08
2024-08-16 06:55:00+00:00,risk_reduce,UNI,17,3.083223523731721e-05,6.408,9.878648170036434e-08
2024-08-16 07:00:00+00:00,risk_reduce,SUI,9,-8.10733238921224e-05,0.8753,3.548174020138737e-08
2024-08-16 07:00:00+00:00,risk_reduce,LTC,11,1.194573342677089e-06,66.59,3.977331944443368e-08
2024-08-16 07:00:00+00:00,risk_reduce,BCH,12,-2.381868414286746e-07,342.09,4.0740668292167644e-08
2024-08-16 07:00:00+00:00,risk_reduce,UNI,17,1.3540156156448269e-05,6.418,4.34503611060425e-08
2024-08-16 18:20:00+00:00,risk_reduce,SUI,9,-0.00010902511128879633,0.834,4.546347140742807e-08
2024-08-16 18:20:00+00:00,risk_reduce,LTC,11,1.6064284202943827e-06,66.48,5.3397680690585284e-08
2024-08-16 18:20:00+00:00,risk_reduce,BCH,12,-3.203069227658995e-07,338.94,5.4282414201136995e-08
2024-08-16 18:20:00+00:00,risk_reduce,UNI,17,1.8208418761621326e-05,6.451,5.8731254715609585e-08
2024-08-16 18:25:00+00:00,risk_reduce,SUI,9,-0.00014986848668280262,0.8305,6.223288909503378e-08
2024-08-16 18:25:00+00:00,risk_reduce,LTC,11,2.20823435507448e-06,66.55,7.347899816510333e-08
2024-08-16 18:25:00+00:00,risk_reduce,BCH,12,-4.403014426813522e-07,339.22,7.467952769318417e-08
2024-08-16 18:25:00+00:00,risk_reduce,UNI,17,2.5029721432368035e-05,6.454,8.077091106225164e-08
2024-08-16 18:30:00+00:00,risk_reduce,SUI,9,-0.0001470413102483692,0.831,6.10956644081974e-08
2024-08-16 18:30:00+00:00,risk_reduce,LTC,11,2.1665773778899167e-06,66.43,7.196286760661359e-08
2024-08-16 18:30:00+00:00,risk_reduce,BCH,12,-4.319954279189764e-07,338.8,7.318002548947462e-08
2024-08-16 18:30:00+00:00,risk_reduce,UNI,17,2.4557551197242067e-05,6.473,7.948051444987396e-08
2024-08-16 18:35:00+00:00,risk_reduce,SUI,9,-0.00032748360542148025,0.8278,1.355454642839507e-07
2024-08-16 18:35:00+00:00,risk_reduce,LTC,11,4.82530093031449e-06,66.49,1.604171294283052e-07
2024-08-16 18:35:00+00:00,risk_reduce,BCH,12,-9.621202369697627e-07,339.84,1.634834706659021e-07
2024-08-16 18:35:00+00:00,risk_reduce,UNI,17,5.46934422225448e-05,6.486,1.7737083312771278e-07
2024-08-16 18:40:00+00:00,risk_reduce,SUI,9,-0.0002276321175136986,0.828,9.423969665067123e-08
2024-08-16 18:40:00+00:00,risk_reduce,LTC,11,3.354041088544143e-06,66.52,1.115554066049782e-07
2024-08-16 18:40:00+00:00,risk_reduce,BCH,12,-6.687646746844677e-07,338.75,1.1327201677468171e-07
2024-08-16 18:40:00+00:00,risk_reduce,UNI,17,3.801712165470844e-05,6.497,1.2349861969532035e-07
2024-08-16 18:55:00+00:00,risk_reduce,SUI,9,-0.0005062953203315568,0.8236,2.084924129125351e-07
2024-08-16 18:55:00+00:00,risk_reduce,LTC,11,7.459998728991026e-06,66.66,2.4864175763727085e-07
2024-08-16 18:55:00+00:00,risk_reduce,BCH,12,-1.4874545336311055e-06,339.1,2.52197916177154e-07
2024-08-16 18:55:00+00:00,risk_reduce,UNI,17,8.455700802016686e-05,6.514,2.754021751216835e-07
2024-08-16 19:40:00+00:00,risk_reduce,SUI,9,-0.00023404857845027438,0.8246,9.649822889504812e-08
2024-08-16 19:40:00+00:00,risk_reduce,LTC,11,3.4485843096827493e-06,66.51,1.1468267121849983e-07
2024-08-16 19:40:00+00:00,risk_reduce,BCH,12,-6.876157158193421e-07,339.14,1.1659899693148583e-07
2024-08-16 19:40:00+00:00,risk_reduce,UNI,17,3.908874273648999e-05,6.54,1.2782018874832228e-07
2024-08-16 19:50:00+00:00,risk_reduce,SUI,9,-6.212386057932728e-05,0.8211,2.5504950960842818e-08
2024-08-16 19:50:00+00:00,risk_reduce,LTC,11,9.153628373619223e-07,66.34,3.036258531529496e-08
2024-08-16 19:50:00+00:00,risk_reduce,BCH,12,-1.825148571487148e-07,338.69,3.090797848384911e-08
2024-08-16 19:50:00+00:00,risk_reduce,UNI,17,1.037538283744921e-05,6.56,3.4031255706833404e-08
2024-08-16 19:55:00+00:00,risk_reduce,SUI,9,-0.00021284566666870952,0.8197,8.72347964841706e-08
2024-08-16 19:55:00+00:00,risk_reduce,LTC,11,3.1361704109374687e-06,66.53,1.043247087198349e-07
2024-08-16 19:55:00+00:00,risk_reduce,BCH,12,-6.253232829463943e-07,339.36,1.0610485465034419e-07
2024-08-16 19:55:00+00:00,risk_reduce,UNI,17,3.554761819994645e-05,6.555,1.1650731865032449e-07
2024-08-16 20:00:00+00:00,risk_reduce,SUI,9,-0.00015301724772984193,0.8215,6.285183450503257e-08
2024-08-16 20:00:00+00:00,risk_reduce,LTC,11,2.254629714591814e-06,66.69,7.518062783306402e-08
2024-08-16 20:00:00+00:00,risk_reduce,BCH,12,-4.4955224691878987e-07,339.27,7.625979540606893e-08
2024-08-16 20:00:00+00:00,risk_reduce,UNI,17,2.5555599911616933e-05,6.549,8.368181191058965e-08
2024-08-16 20:05:00+00:00,risk_reduce,SUI,9,-8.349773338850452e-05,0.8205,3.4254945122633976e-08
2024-08-16 20:05:00+00:00,risk_reduce,LTC,11,1.2302957581042731e-06,66.63,4.098730318124386e-08
2024-08-16 20:05:00+00:00,risk_reduce,BCH,12,-2.4530955963677614e-07,339.6,4.165356322632459e-08
2024-08-16 20:05:00+00:00,risk_reduce,UNI,17,1.3945059786794889e-05,6.559,4.573282357079384e-08
2024-08-16 20:10:00+00:00,risk_reduce,SUI,9,-0.0001042768473722977,0.8221,4.286299811238297e-08
2024-08-16 20:10:00+00:00,risk_reduce,LTC,11,1.5364652162916034e-06,66.58,5.1148927050347476e-08
2024-08-16 20:10:00+00:00,risk_reduce,BCH,12,-3.0635690899752117e-07,339.36,5.1982640318699396e-08
2024-08-16 20:10:00+00:00,risk_reduce,UNI,17,1.7415405328659317e-05,6.569,5.7200898801981526e-08
2024-08-16 20:15:00+00:00,risk_reduce,SUI,9,-0.0006605163252614843,0.8307,2.743454556973575e-07
2024-08-16 20:15:00+00:00,risk_reduce,LTC,11,9.732365181060448e-06,66.55,3.238444513997864e-07
2024-08-16 20:15:00+00:00,risk_reduce,BCH,12,-1.940543321443688e-06,339.67,3.2957217499738876e-07
2024-08-16 20:15:00+00:00,risk_reduce,UNI,17,0.00011031364891149475,6.606,3.643659823546672e-07
2024-08-21 08:05:00+00:00,exit_scheduled,SUI,9,-0.2172834090601799,0.8699,9.450741877072524e-05
2024-08-21 08:05:00+00:00,exit_scheduled,LTC,11,0.0032015582414593874,63.58,0.00010177753649599394
2024-08-21 08:05:00+00:00,exit_scheduled,BCH,12,-0.0006383610096924132,339.14,0.0001082468764135425
2024-08-21 08:05:00+00:00,exit_scheduled,UNI,17,0.03628877104872308,6.511,0.00011813809414911799
2024-08-21 16:05:00+00:00,entry,AVAX,10,0.009780367473208061,23.019,0.00011256713943288816
2024-08-21 16:05:00+00:00,entry,BCH,12,0.0006182019713546607,338.62,0.00010466777577005761
2024-08-21 16:05:00+00:00,entry,HBAR,14,-4.4374367114163995,0.05327,0.0001181911268085758
2024-08-21 16:05:00+00:00,entry,FIL,16,-0.05407796254128857,3.663,9.904378839437002e-05
2024-08-21 16:10:00+00:00,risk_reduce,AVAX,10,-1.0253658224074202e-05,22.98,1.1781453299461259e-07
2024-08-21 16:10:00+00:00,risk_reduce,BCH,12,-6.481179510977935e-07,338.97,1.0984627094180954e-07
2024-08-21 16:10:00+00:00,risk_reduce,HBAR,14,0.004652172789464615,0.05338,1.2416649175081054e-07
2024-08-21 16:10:00+00:00,risk_reduce,FIL,16,5.6694898925999104e-05,3.663,1.0383670738296737e-07
2024-08-21 16:15:00+00:00,risk_reduce,AVAX,10,-2.1096537870315957e-06,23.036,2.4298992319029923e-08
2024-08-21 16:15:00+00:00,risk_reduce,BCH,12,-1.3334796811995554e-07,339.46,2.2633150629000052e-08
2024-08-21 16:15:00+00:00,risk_reduce,HBAR,14,0.0009571680398101634,0.05338,2.5546814982533262e-08
2024-08-21 16:15:00+00:00,risk_reduce,FIL,16,1.1664774230903119e-05,3.664,2.1369866391014515e-08
2024-08-21 16:20:00+00:00,risk_reduce,AVAX,10,-1.793424989131147e-05,23.066,2.0683570399649516e-07
2024-08-21 16:20:00+00:00,risk_reduce,BCH,12,-1.133596326308487e-06,339.58,1.9247332024391796e-07
2024-08-21 16:20:00+00:00,risk_reduce,HBAR,14,0.008136923185904976,0.05348,2.1758132599109905e-07
2024-08-21 16:20:00+00:00,risk_reduce,FIL,16,9.9162704927519e-05,3.671,1.8201314489446112e-07
2024-08-21 16:25:00+00:00,risk_reduce,AVAX,10,-1.8267291358254126e-05,22.998,2.100555833285642e-07
2024-08-21 16:25:00+00:00,risk_reduce,BCH,12,-1.1546473647251494e-06,339.96,1.962669590559809e-07
2024-08-21 16:25:00+00:00,risk_reduce,HBAR,14,0.008288026959448302,0.05363,2.2224344291760623e-07
2024-08-21 16:25:00+00:00,risk_reduce,FIL,16,0.00010100416988508693,3.675,1.8559516216384724e-07
2024-08-21 16:45:00+00:00,risk_reduce,AVAX,10,-6.728780545705443e-06,23.186,7.800675286636321e-08
2024-08-21 16:45:00+00:00,risk_reduce,BCH,12,-4.2531585950768107e-07,340.58,7.242703771556301e-08
2024-08-21 16:45:00+00:00,risk_reduce,HBAR,14,0.0030529055169319363,0.05359,8.180260332619123e-08
2024-08-21 16:45:00+00:00,risk_reduce,FIL,16,3.720501742864729e-05,3.682,6.849443708613967e-08
2024-08-21 16:50:00+00:00,risk_reduce,AVAX,10,-1.048103959759225e-06,23.297,1.2208838975255334e-08
2024-08-21 16:50:00+00:00,risk_reduce,BCH,12,-6.624903776703429e-08,340.52,1.1279561170215256e-08
2024-08-21 16:50:00+00:00,risk_reduce,HBAR,14,0.00047553376712716755,0.05354,1.2730038945994276e-08
2024-08-21 16:50:00+00:00,risk_reduce,FIL,16,5.795214426299045e-06,3.686,1.068058018766914e-08
2024-08-21 16:55:00+00:00,risk_reduce,AVAX,10,-2.013799527312253e-05,23.309,2.3469826591060654e-07
2024-08-21 16:55:00+00:00,risk_reduce,BCH,12,-1.2728916792827897e-06,340.74,2.1686255539940889e-07
2024-08-21 16:55:00+00:00,risk_reduce,HBAR,14,0.009136781390277626,0.05374,2.455053159567598e-07
2024-08-21 16:55:00+00:00,risk_reduce,FIL,16,0.00011134773381672736,3.687,2.0526954729113688e-07
2024-08-21 17:00:00+00:00,risk_reduce,AVAX,10,-6.566252608208173e-06,23.319,7.655922228540319e-08
2024-08-21 17:00:00+00:00,risk_reduce,BCH,12,-4.150427187861114e-07,340.8,7.072327928115339e-08
2024-08-21 17:00:00+00:00,risk_reduce,HBAR,14,0.0029791651959820697,0.05376,8.007996046799804e-08
2024-08-21 17:00:00+00:00,risk_reduce,FIL,16,3.630636206217175e-05,3.691,6.700339118573796e-08
2024-08-21 17:15:00+00:00,risk_reduce,AVAX,10,-2.1999371223463404e-06,23.345,2.5678766060587657e-08
2024-08-21 17:15:00+00:00,risk_reduce,BCH,12,-1.390546387563217e-07,340.11,2.364693659370629e-08
2024-08-21 17:15:00+00:00,risk_reduce,HBAR,14,0.0009981303643504802,0.05381,2.685469745284967e-08
2024-08-21 17:15:00+00:00,risk_reduce,FIL,16,1.2163972122863909e-05,3.689,2.243644658062248e-08
2024-08-21 17:20:00+00:00,risk_reduce,AVAX,10,-1.4345737393960806e-05,23.417,1.6796706627719011e-07
2024-08-21 17:20:00+00:00,risk_reduce,BCH,12,-9.067719757745998e-07,340.77,1.545003430923552e-07
2024-08-21 17:20:00+00:00,risk_reduce,HBAR,14,0.006508784249536603,0.05389,1.753791916037638e-07
2024-08-21 17:20:00+00:00,risk_reduce,FIL,16,7.932097148117406e-05,3.694,1.465058343257285e-07
2024-08-21 17:25:00+00:00,risk_reduce,AVAX,10,-1.3527669876473025e-05,23.461,1.5868633148596682e-07
2024-08-21 17:25:00+00:00,risk_reduce,BCH,12,-8.550631873882825e-07,341.98,1.4620725441152244e-07
2024-08-21 17:25:00+00:00,risk_reduce,HBAR,14,0.0061376199917049235,0.0539,1.654088587764477e-07
2024-08-21 17:25:00+00:00,risk_reduce,FIL,16,7.479768289430505e-05,3.704,1.3852530872025298e-07
2024-08-21 17:30:00+00:00,risk_reduce,AVAX,10,-2.3642288957549662e-05,23.52,2.7803331814078405e-07
2024-08-21 17:30:00+00:00,risk_reduce,BCH,12,-1.4943926883046127e-06,342.35,2.5580266842054206e-07
2024-08-21 17:30:00+00:00,risk_reduce,HBAR,14,0.010726709527994593,0.054,2.89621157255854e-07
2024-08-21 17:30:00+00:00,risk_reduce,FIL,16,0.00013072380154825758,3.716,2.428848232766626e-07
2024-08-21 17:35:00+00:00,risk_reduce,AVAX,10,-3.219597414392747e-06,23.538,3.789144196998824e-08
2024-08-21 17:35:00+00:00,risk_reduce,BCH,12,-2.0350579607553935e-07,342.44,3.484426240405385e-08
2024-08-21 17:35:00+00:00,risk_reduce,HBAR,14,0.001460758995175837,0.05402,3.9455100459699356e-08
2024-08-21 17:35:00+00:00,risk_reduce,FIL,16,1.780191479006793e-05,3.717,3.3084858637341255e-08
2024-08-21 17:45:00+00:00,risk_reduce,AVAX,10,-7.98442912298622e-07,23.42,9.349766503016864e-09
2024-08-21 17:45:00+00:00,risk_reduce,BCH,12,-5.046834730378438e-08,342.76,8.649265360922569e-09
2024-08-21 17:45:00+00:00,risk_reduce,HBAR,14,0.00036226040593145825,0.05404,9.788276168268002e-09
2024-08-21 17:45:00+00:00,risk_reduce,FIL,16,4.414779508118971e-06,3.717,8.20486771583911e-09
2024-08-21 17:50:00+00:00,risk_reduce,AVAX,10,-1.3024784667498013e-05,23.381,1.5226624515538553e-07
2024-08-21 17:50:00+00:00,risk_reduce,BCH,12,-8.23276587508053e-07,342.83,1.411219562476929e-07
2024-08-21 17:50:00+00:00,risk_reduce,HBAR,14,0.005909456653870215,0.0541,1.5985080248718933e-07
2024-08-21 17:50:00+00:00,risk_reduce,FIL,16,7.201711175850584e-05,3.724,1.3409586209433789e-07
2024-08-21 18:05:00+00:00,risk_reduce,AVAX,10,-1.240266154450484e-06,23.344,1.447638655474605e-08
2024-08-21 18:05:00+00:00,risk_reduce,BCH,12,-7.839531426464836e-08,342.91,1.3441268607245286e-08
2024-08-21 18:05:00+00:00,risk_reduce,HBAR,14,0.0005627194050497053,0.05391,1.5168101563114805e-08
2024-08-21 18:05:00+00:00,risk_reduce,FIL,16,6.857724602411797e-06,3.741,1.2827373868811266e-08
2024-08-21 18:10:00+00:00,risk_reduce,AVAX,10,-1.8917327625430497e-05,23.378,2.211246426136571e-07
2024-08-21 18:10:00+00:00,risk_reduce,BCH,12,-1.1957351564590964e-06,343.51,2.0537349179763208e-07
2024-08-21 18:10:00+00:00,risk_reduce,HBAR,14,0.008582953996047138,0.05401,2.3178267266325296e-07
2024-08-21 18:10:00+00:00,risk_reduce,FIL,16,0.00010459837398867772,3.749,1.960696520417764e-07
2024-08-21 18:20:00+00:00,risk_reduce,AVAX,10,-6.480498020549827e-06,23.308,7.552372393148769e-08
2024-08-21 18:20:00+00:00,risk_reduce,BCH,12,-4.096223033171016e-07,343.81,7.041612205172635e-08
2024-08-21 18:20:00+00:00,risk_reduce,HBAR,14,0.002940257603144758,0.05405,7.94604617249871e-08
2024-08-21 18:20:00+00:00,risk_reduce,FIL,16,3.583220468598297e-05,3.752,6.722121599090405e-08
2024-08-21 18:25:00+00:00,risk_reduce,AVAX,10,-2.5023225050262166e-05,23.396,2.927216866379668e-07
2024-08-21 18:25:00+00:00,risk_reduce,BCH,12,-1.5816795328088855e-06,344.15,2.7216750560808896e-07
2024-08-21 18:25:00+00:00,risk_reduce,HBAR,14,0.011353252092034083,0.05425,3.0795696299642447e-07
2024-08-21 18:25:00+00:00,risk_reduce,FIL,16,0.0001383593234750291,3.757,2.5990798914784215e-07
2024-08-21 18:30:00+00:00,risk_reduce,AVAX,10,-2.6974473617687525e-05,23.486,3.1676124369250465e-07
2024-08-21 18:30:00+00:00,risk_reduce,BCH,12,-1.705014950858434e-06,344.25,2.93475698416508e-07
2024-08-21 18:30:00+00:00,risk_reduce,HBAR,14,0.012238550323406372,0.05445,3.3319453255473846e-07
2024-08-21 18:30:00+00:00,risk_reduce,FIL,16,0.000149148237820744,3.764,2.8069698357864016e-07
2024-08-21 18:35:00+00:00,risk_reduce,AVAX,10,-2.385878615065659e-05,23.408,2.7924323310728475e-07
2024-08-21 18:35:00+00:00,risk_reduce,BCH,12,-1.508077142588866e-06,344.51,2.597738281966451e-07
2024-08-21 18:35:00+00:00,risk_reduce,HBAR,14,0.010824936163674082,0.05444,2.946547623752085e-07
2024-08-21 18:35:00+00:00,risk_reduce,FIL,16,0.0001319208656801671,3.787,2.497921591653964e-07
2024-08-21 18:55:00+00:00,risk_reduce,AVAX,10,-2.16613992269285e-06,23.436,2.538282761411482e-08
2024-08-21 18:55:00+00:00,risk_reduce,BCH,12,-1.369183697960902e-07,344.95,2.361499583058066e-08
2024-08-21 18:55:00+00:00,risk_reduce,HBAR,14,0.0009827962846333804,0.05436,2.671240301633528e-08
2024-08-21 18:55:00+00:00,risk_reduce,FIL,16,1.1977099420801274e-05,3.795,2.2726546150970414e-08
2024-08-21 19:00:00+00:00,risk_reduce,AVAX,10,-2.5761425089029094e-06,23.434,3.0184661776815395e-08
2024-08-21 19:00:00+00:00,risk_reduce,BCH,12,-1.6283400208186218e-07,344.95,2.808479450906918e-08
2024-08-21 19:00:00+00:00,risk_reduce,HBAR,14,0.0011688179788906794,0.05434,3.175678448645976e-08
2024-08-21 19:00:00+00:00,risk_reduce,FIL,16,1.4244100590192488e-05,3.799,2.7056669071070633e-08
2024-08-21 19:05:00+00:00,risk_reduce,AVAX,10,-1.8604737710510924e-05,23.366,2.1735915067189911e-07
2024-08-21 19:05:00+00:00,risk_reduce,BCH,12,-1.175976829161248e-06,345.02,2.0286776279860688e-07
2024-08-21 19:05:00+00:00,risk_reduce,HBAR,14,0.008441129267284353,0.05459,2.304006233505264e-07
2024-08-21 19:05:00+00:00,risk_reduce,FIL,16,0.0001028699904942823,3.796,1.9524724195814782e-07
2024-08-21 19:10:00+00:00,risk_reduce,AVAX,10,-0.0001014793490411274,23.454,1.190048326205301e-06
2024-08-21 19:10:00+00:00,risk_reduce,BCH,12,-6.4143534280144444e-06,346.39,1.1109339419649618e-06
2024-08-21 19:10:00+00:00,risk_reduce,HBAR,14,0.046042052113000054,0.05529,1.2728325306638866e-06
2024-08-21 19:10:00+00:00,risk_reduce,FIL,16,0.0005611032971095872,3.83,1.0745128139648597e-06
2024-08-21 20:20:00+00:00,risk_reduce,AVAX,10,-1.4125211343833308e-05,23.778,1.6793463766683419e-07
2024-08-21 20:20:00+00:00,risk_reduce,BCH,12,-8.928328636403091e-07,352.86,1.5752250213205974e-07
2024-08-21 20:20:00+00:00,risk_reduce,HBAR,14,0.006408729686828707,0.0555,1.7784224880949664e-07
2024-08-21 20:20:00+00:00,risk_reduce,FIL,16,7.810163084691346e-05,3.819,1.4913506410218125e-07
2024-08-22 10:15:00+00:00,risk_reduce,AVAX,10,-1.2207339094339603e-05,23.39,1.4276483070830167e-07
2024-08-22 10:15:00+00:00,risk_reduce,BCH,12,-7.716071112653369e-07,348.94,1.3462229270246332e-07
2024-08-22 10:15:00+00:00,risk_reduce,HBAR,14,0.00553857457752116,0.05498,1.522554151360567e-07
2024-08-22 10:15:00+00:00,risk_reduce,FIL,16,6.74972620487782e-05,3.88,1.309446883746297e-07
2024-08-22 10:20:00+00:00,risk_reduce,AVAX,10,-2.521942191902743e-05,23.389,2.949285296320663e-07
2024-08-22 10:20:00+00:00,risk_reduce,BCH,12,-1.5940808348435375e-06,349.23,2.783504249762043e-07
2024-08-22 10:20:00+00:00,risk_reduce,HBAR,14,0.01144226829623296,0.05507,3.150628575367746e-07
2024-08-22 10:20:00+00:00,risk_reduce,FIL,16,0.00013944414231736174,3.896,2.716371892342207e-07
2024-08-22 10:25:00+00:00,risk_reduce,AVAX,10,-9.278489063874185e-07,23.44,1.0874389182860545e-08
2024-08-22 10:25:00+00:00,risk_reduce,BCH,12,-5.864790097304378e-08,349.57,1.0250773371573458e-08
2024-08-22 10:25:00+00:00,risk_reduce,HBAR,14,0.0004209730167232806,0.05506,1.1589387150391914e-08
2024-08-22 10:25:00+00:00,risk_reduce,FIL,16,5.130295823864428e-06,3.897,9.996381412799837e-09
2024-08-22 10:30:00+00:00,risk_reduce,AVAX,10,-2.2119952347472716e-06,23.452,2.593785612264651e-08
2024-08-22 10:30:00+00:00,risk_reduce,BCH,12,-1.3981681347798643e-07,350.1,2.4474933199321524e-08
2024-08-22 10:30:00+00:00,risk_reduce,HBAR,14,0.0010036012334948552,0.05508,2.7639177970448308e-08
2024-08-22 10:30:00+00:00,risk_reduce,FIL,16,1.2230644275267044e-05,3.897,2.3831410370357836e-08
2024-08-22 10:35:00+00:00,risk_reduce,AVAX,10,-1.1469305143811323e-05,23.444,1.3444319489575632e-07
2024-08-22 10:35:00+00:00,risk_reduce,BCH,12,-7.249571214369178e-07,350.39,1.270088628901408e-07
2024-08-22 10:35:00+00:00,risk_reduce,HBAR,14,0.005203722236306163,0.05521,1.4364875233323165e-07
2024-08-22 10:35:00+00:00,risk_reduce,FIL,16,6.341649796295229e-05,3.897,1.2356704628081254e-07
2024-08-22 10:55:00+00:00,risk_reduce,AVAX,10,-7.659619360595935e-06,23.465,8.98664841481918e-08
2024-08-22 10:55:00+00:00,risk_reduce,BCH,12,-4.84152747994189e-07,350.48,8.484292755850168e-08
2024-08-22 10:55:00+00:00,risk_reduce,HBAR,14,0.003475235080817818,0.05538,9.622925938784538e-08
2024-08-22 10:55:00+00:00,risk_reduce,FIL,16,4.235184516303281e-05,3.89,8.237433884209881e-08
2024-08-22 11:00:00+00:00,risk_reduce,AVAX,10,-1.5627300808339004e-05,23.498,1.8360515719717497e-07
2024-08-22 11:00:00+00:00,risk_reduce,BCH,12,-9.877776262632232e-07,350.83,1.7327101231096327e-07
2024-08-22 11:00:00+00:00,risk_reduce,HBAR,14,0.007090240576055784,0.05548,1.9668327357978746e-07
2024-08-22 11:00:00+00:00,risk_reduce,FIL,16,8.6407038390926e-05,3.896,1.6832091078552386e-07
2024-08-22 11:50:00+00:00,risk_reduce,AVAX,10,-3.2987700821027893e-06,23.449,3.867642982761416e-08
2024-08-22 11:50:00+00:00,risk_reduce,BCH,12,-2.0851017851707641e-07,350.56,3.6547664090473154e-08
2024-08-22 11:50:00+00:00,risk_reduce,HBAR,14,0.0014966803144096374,0.05516,4.12784430714178e-08
2024-08-22 11:50:00+00:00,risk_reduce,FIL,16,1.8239679175753587e-05,3.926,3.580449022200429e-08
2024-08-22 11:55:00+00:00,risk_reduce,AVAX,10,-1.7925703714524385e-05,23.509,2.1070768431237689e-07
2024-08-22 11:55:00+00:00,risk_reduce,BCH,12,-1.1330561356303823e-06,350.68,1.9867006282143125e-07
2024-08-22 11:55:00+00:00,risk_reduce,HBAR,14,0.008133045712106934,0.05531,2.2491937916831725e-07
2024-08-22 11:55:00+00:00,risk_reduce,FIL,16,9.911545109687891e-05,3.93,1.9476186140536708e-07
2024-08-22 12:10:00+00:00,risk_reduce,AVAX,10,-1.7465478683682464e-05,23.54,2.0556868410694262e-07
2024-08-22 12:10:00+00:00,risk_reduce,BCH,12,-1.1039660199356136e-06,351.49,1.9401650817358442e-07
2024-08-22 12:10:00+00:00,risk_reduce,HBAR,14,0.00792423766343564,0.0556,2.2029380704351077e-07
2024-08-22 12:10:00+00:00,risk_reduce,FIL,16,9.657075816518756e-05,3.922,1.8937525676193283e-07
2024-08-22 23:35:00+00:00,risk_reduce,AVAX,10,-1.3984776986284211e-05,24.94,1.7439016901896413e-07
2024-08-22 23:35:00+00:00,risk_reduce,BCH,12,-8.839562240947228e-07,346.73,1.5324707079018162e-07
2024-08-22 23:35:00+00:00,risk_reduce,HBAR,14,0.006345013412829559,0.05535,1.7559824620005804e-07
2024-08-22 23:35:00+00:00,risk_reduce,FIL,16,7.732513610395758e-05,3.946,1.5256249353310832e-07
2024-08-23 00:10:00+00:00,risk_reduce,AVAX,10,-2.229567129887096e-05,25.39,2.8304354713916685e-07
2024-08-23 00:10:00+00:00,risk_reduce,BCH,12,-1.4092750591830714e-06,347.38,2.447769850295077e-07
2024-08-23 00:10:00+00:00,risk_reduce,HBAR,14,0.010115737532183644,0.05532,2.798013001401996e-07
2024-08-23 00:10:00+00:00,risk_reduce,FIL,16,0.00012327803435158158,3.966,2.444603421191863e-07
2024-08-23 00:15:00+00:00,risk_reduce,AVAX,10,-3.170753355130444e-05,25.452,4.0351007197390036e-07
2024-08-23 00:15:00+00:00,risk_reduce,BCH,12,-2.004184382837018e-06,347.26,3.4798653439199145e-07
2024-08-23 00:15:00+00:00,risk_reduce,HBAR,14,0.014385980260399833,0.05541,3.9856358311437736e-07
2024-08-23 00:15:00+00:00,risk_reduce,FIL,16,0.00017531844446144057,3.989,3.4967263747834324e-07
2024-08-23 00:20:00+00:00,risk_reduce,AVAX,10,-2.3986636348857435e-05,25.574,3.0671711899284004e-07
2024-08-23 00:20:00+00:00,risk_reduce,BCH,12,-1.5161583567950337e-06,347.52,2.63447676076705e-07
2024-08-23 00:20:00+00:00,risk_reduce,HBAR,14,0.010882942896510706,0.05551,3.020560800926546e-07
2024-08-23 00:20:00+00:00,risk_reduce,FIL,16,0.00013262777963285455,4.003,2.654545009351584e-07
2024-08-23 00:30:00+00:00,risk_reduce,AVAX,10,-2.1408833028639662e-05,25.64,2.744612394271605e-07
2024-08-23 00:30:00+00:00,risk_reduce,BCH,12,-1.3532193773867522e-06,348.13,2.3554813092482502e-07
2024-08-23 00:30:00+00:00,risk_reduce,HBAR,14,0.009713371393264225,0.05556,2.6983745730488017e-07
2024-08-23 00:30:00+00:00,risk_reduce,FIL,16,0.00011837449602450367,4.019,2.3787354976124014e-07
2024-08-23 00:35:00+00:00,risk_reduce,AVAX,10,-1.0290573229014208e-05,25.775,1.3261976248892061e-07
2024-08-23 00:35:00+00:00,risk_reduce,BCH,12,-6.50451291730374e-07,348.09,1.1320779506921294e-07
2024-08-23 00:35:00+00:00,risk_reduce,HBAR,14,0.004668921444213048,0.05562,1.2984270536356485e-07
2024-08-23 00:35:00+00:00,risk_reduce,FIL,16,5.6899010710126374e-05,4.023,1.1445236004341921e-07
2024-08-23 00:40:00+00:00,risk_reduce,AVAX,10,-2.611116277064819e-05,25.956,3.388706704374722e-07
2024-08-23 00:40:00+00:00,risk_reduce,BCH,12,-1.6504464012621596e-06,349.67,2.8855579656466973e-07
2024-08-23 00:40:00+00:00,risk_reduce,HBAR,14,0.011846858778429947,0.05577,3.303496570365191e-07
2024-08-23 00:40:00+00:00,risk_reduce,FIL,16,0.00014437478817526384,4.034,2.9120394774950715e-07
2024-08-23 05:15:00+00:00,risk_reduce,AVAX,10,-1.6467119882436487e-06,26.136,2.1519232262368002e-08
2024-08-23 05:15:00+00:00,risk_reduce,BCH,12,-1.040861297057008e-07,349.3,1.8178642553100648e-08
2024-08-23 05:15:00+00:00,risk_reduce,HBAR,14,0.0007471273701913361,0.05604,2.093450891276124e-08
2024-08-23 05:15:00+00:00,risk_reduce,FIL,16,9.105059647344926e-06,4.012,1.826474965257392e-08
2024-08-23 05:20:00+00:00,risk_reduce,AVAX,10,-1.3938489498387802e-05,26.104,1.8192516493295758e-07
2024-08-23 05:20:00+00:00,risk_reduce,BCH,12,-8.810304632432498e-07,349.8,1.540922280212444e-07
2024-08-23 05:20:00+00:00,risk_reduce,HBAR,14,0.006324012382077804,0.05621,1.777363679982967e-07
2024-08-23 05:20:00+00:00,risk_reduce,FIL,16,7.706920164715636e-05,4.012,1.5460081850419564e-07
2024-08-23 05:25:00+00:00,risk_reduce,AVAX,10,-9.201065710931836e-06,25.972,1.1948503932216083e-07
2024-08-23 05:25:00+00:00,risk_reduce,BCH,12,-5.815851987815094e-07,350.07,1.017977652687215e-07
2024-08-23 05:25:00+00:00,risk_reduce,HBAR,14,0.004174602527123206,0.05636,1.1764029921433193e-07
2024-08-23 05:25:00+00:00,risk_reduce,FIL,16,5.087486622754739e-05,4.01,1.020041067862325e-07
2024-08-23 05:30:00+00:00,risk_reduce,AVAX,10,-2.8240637395243046e-06,25.855,3.650808399270045e-08
2024-08-23 05:30:00+00:00,risk_reduce,BCH,12,-1.7850472140105034e-07,350.4,3.1274027189464017e-08
2024-08-23 05:30:00+00:00,risk_reduce,HBAR,14,0.001281301970244897,0.05643,3.615193509045977e-08
2024-08-23 05:30:00+00:00,risk_reduce,FIL,16,1.5614915650004335e-05,4.008,3.129229096260869e-08
2024-08-23 06:55:00+00:00,risk_reduce,AVAX,10,-9.123553099295301e-08,25.805,1.1771664386365762e-09
2024-08-23 06:55:00+00:00,risk_reduce,BCH,12,-5.7668574593395736e-09,350.79,1.0114779640808647e-09
2024-08-23 06:55:00+00:00,risk_reduce,HBAR,14,4.139434389660579e-05,0.0563,1.1652507806894532e-09
2024-08-23 06:55:00+00:00,risk_reduce,FIL,16,5.044628068467949e-07,4.019,1.0137180103586344e-09
2024-08-23 08:05:00+00:00,risk_reduce,AVAX,10,-4.512036578595974e-06,25.835,5.828423250401349e-08
2024-08-23 08:05:00+00:00,risk_reduce,BCH,12,-2.8519888596752457e-07,350.82,5.0026736587563486e-08
2024-08-23 08:05:00+00:00,risk_reduce,HBAR,14,0.0020471497427845264,0.05631,5.763750100809834e-08
2024-08-23 08:05:00+00:00,risk_reduce,FIL,16,2.4948116290168798e-05,4.023,5.0183135917674536e-08
2024-08-23 08:10:00+00:00,risk_reduce,AVAX,10,-2.0436286206262227e-06,25.82,2.6383245492284535e-08
2024-08-23 08:10:00+00:00,risk_reduce,BCH,12,-1.2917461899544964e-07,350.67,2.2648831821567162e-08
2024-08-23 08:10:00+00:00,risk_reduce,HBAR,14,0.0009272118548215857,0.05635,2.612419400959818e-08
2024-08-23 08:10:00+00:00,risk_reduce,FIL,16,1.1299705486245148e-05,4.022,2.2723707732838994e-08
2024-08-23 08:15:00+00:00,risk_reduce,AVAX,10,-8.385251881249875e-06,25.858,1.0841292157267963e-07
2024-08-23 08:15:00+00:00,risk_reduce,BCH,12,-5.300188625319757e-07,350.29,9.283015367816289e-08
2024-08-23 08:15:00+00:00,risk_reduce,HBAR,14,0.0038044607868021885,0.05639,1.0726677188388771e-07
2024-08-23 08:15:00+00:00,risk_reduce,FIL,16,4.6364038813036246e-05,4.027,9.335399215004847e-08
2024-08-23 08:25:00+00:00,risk_reduce,AVAX,10,-4.053428630959241e-06,25.868,5.242704591282682e-08
2024-08-23 08:25:00+00:00,risk_reduce,BCH,12,-2.562109836127613e-07,350.98,4.496246551420349e-08
2024-08-23 08:25:00+00:00,risk_reduce,HBAR,14,0.0018390753786503566,0.05647,5.1926293316192815e-08
2024-08-23 08:25:00+00:00,risk_reduce,FIL,16,2.241236459359086e-05,4.024,4.5093677562304813e-08
2024-08-23 08:30:00+00:00,risk_reduce,AVAX,10,-3.7553671884491685e-06,25.828,4.849681187163256e-08
2024-08-23 08:30:00+00:00,risk_reduce,BCH,12,-2.373709786896534e-07,350.3,4.1575526917492796e-08
2024-08-23 08:30:00+00:00,risk_reduce,HBAR,14,0.0017038423425832505,0.05655,4.8176142236541415e-08
2024-08-23 08:30:00+00:00,risk_reduce,FIL,16,2.076431245574828e-05,4.022,4.175703234850979e-08
2024-08-23 08:35:00+00:00,risk_reduce,AVAX,10,-6.506311671029136e-06,25.852,8.410058465972262e-08
2024-08-23 08:35:00+00:00,risk_reduce,BCH,12,-4.1125394442459093e-07,350.66,7.210515407596354e-08
2024-08-23 08:35:00+00:00,risk_reduce,HBAR,14,0.0029519694780422157,0.0566,8.35407362285947e-08
2024-08-23 08:35:00+00:00,risk_reduce,FIL,16,3.597493445842148e-05,4.024,7.238156813034402e-08
2024-08-23 09:00:00+00:00,risk_reduce,AVAX,10,-7.119866004953387e-06,25.971,9.245502000732221e-08
2024-08-23 09:00:00+00:00,risk_reduce,BCH,12,-4.5003576932048633e-07,350.83,7.89430244753531e-08
2024-08-23 09:00:00+00:00,risk_reduce,HBAR,14,0.0032303443482355476,0.05638,9.106340717676009e-08
2024-08-23 09:00:00+00:00,risk_reduce,FIL,16,3.936742133355681e-05,4.048,7.967966077911899e-08
2024-08-23 10:10:00+00:00,risk_reduce,AVAX,10,-2.0592333054687828e-05,26.122,2.689564620272777e-07
2024-08-23 10:10:00+00:00,risk_reduce,BCH,12,-1.3016096710141874e-06,349.74,2.2761248317025097e-07
2024-08-23 10:10:00+00:00,risk_reduce,HBAR,14,0.009342918343396178,0.05621,2.6258272004114963e-07
2024-08-23 10:10:00+00:00,risk_reduce,FIL,16,0.00011385987475621279,4.082,2.323880043774303e-07
2024-08-23 10:30:00+00:00,risk_reduce,AVAX,10,-2.718030661531118e-06,26.011,3.534934776854295e-08
2024-08-23 10:30:00+00:00,risk_reduce,BCH,12,-1.7180253377639502e-07,349.85,3.0052558220835905e-08
2024-08-23 10:30:00+00:00,risk_reduce,HBAR,14,0.001233193852201886,0.05628,3.470207500096107e-08
2024-08-23 10:30:00+00:00,risk_reduce,FIL,16,1.5028633709626704e-05,4.08,3.065841276763848e-08
2024-08-23 10:35:00+00:00,risk_reduce,AVAX,10,-1.639261531778506e-05,26.097,2.138990409741184e-07
2024-08-23 10:35:00+00:00,risk_reduce,BCH,12,-1.0361519782231326e-06,349.81,1.8122816175111702e-07
2024-08-23 10:35:00+00:00,risk_reduce,HBAR,14,0.007437470341122854,0.0564,2.097366636196645e-07
2024-08-23 10:35:00+00:00,risk_reduce,FIL,16,9.063864313251652e-05,4.086,1.8517474791973124e-07
2024-08-23 10:40:00+00:00,risk_reduce,AVAX,10,-1.5707739617600025e-05,26.115,2.051038100568123e-07
2024-08-23 10:40:00+00:00,risk_reduce,BCH,12,-9.928620395631112e-07,350.07,1.7378560709492915e-07
2024-08-23 10:40:00+00:00,risk_reduce,HBAR,14,0.007126736354584828,0.05653,2.0143720306234017e-07
2024-08-23 10:40:00+00:00,risk_reduce,FIL,16,8.685180357239503e-05,4.091,1.7765536420733403e-07
2024-08-23 10:45:00+00:00,risk_reduce,AVAX,10,-8.926375569543593e-06,26.142,1.166766550695043e-07
2024-08-23 10:45:00+00:00,risk_reduce,BCH,12,-5.642224578228773e-07,350.43,9.886023794743545e-08
2024-08-23 10:45:00+00:00,risk_reduce,HBAR,14,0.004049973251075478,0.05655,1.1451299367415916e-07
2024-08-23 10:45:00+00:00,risk_reduce,FIL,16,4.9356039535486396e-05,4.098,1.0113052500821162e-07
2024-08-23 10:50:00+00:00,risk_reduce,AVAX,10,-1.2057110918646877e-05,26.183,1.578456675914656e-07
2024-08-23 10:50:00+00:00,risk_reduce,BCH,12,-7.621114195522586e-07,350.47,1.3354859460524004e-07
2024-08-23 10:50:00+00:00,risk_reduce,HBAR,14,0.005470414764126907,0.05661,1.5484008989861213e-07
2024-08-23 10:50:00+00:00,risk_reduce,FIL,16,6.66666149713585e-05,4.105,1.3683322722871334e-07
2024-08-23 12:50:00+00:00,risk_reduce,AVAX,10,-1.0288215173253137e-05,26.304,1.3531060595862526e-07
2024-08-23 12:50:00+00:00,risk_reduce,BCH,12,-6.503022426558591e-07,350.51,1.1396871953665258e-07
2024-08-23 12:50:00+00:00,risk_reduce,HBAR,14,0.004667851574065018,0.0567,1.3233359212474328e-07
2024-08-23 12:50:00+00:00,risk_reduce,FIL,16,5.688597246269328e-05,4.107,1.1681534445214065e-07
2024-08-23 12:55:00+00:00,risk_reduce,AVAX,10,-1.877738047549246e-05,26.356,2.474483199060397e-07
2024-08-23 12:55:00+00:00,risk_reduce,BCH,12,-1.1868893125564555e-06,351.4,2.0853645221616925e-07
2024-08-23 12:55:00+00:00,risk_reduce,HBAR,14,0.00851945877232474,0.05685,2.421656156033307e-07
2024-08-23 12:55:00+00:00,risk_reduce,FIL,16,0.00010382457313171806,4.113,2.1351523464537822e-07
2024-08-23 13:00:00+00:00,risk_reduce,AVAX,10,-8.64854858212763e-06,26.318,1.138062507922175e-07
2024-08-23 13:00:00+00:00,risk_reduce,BCH,12,-5.466614416559275e-07,351.11,9.596914938990637e-08
2024-08-23 13:00:00+00:00,risk_reduce,HBAR,14,0.003923920761048194,0.05688,1.1159630644421064e-07
2024-08-23 13:00:00+00:00,risk_reduce,FIL,16,4.781986848061137e-05,4.12,9.850892907005942e-08
2024-08-23 13:05:00+00:00,risk_reduce,AVAX,10,-1.4140749675893571e-05,26.364,1.864033622276291e-07
2024-08-23 13:05:00+00:00,risk_reduce,BCH,12,-8.938150176889372e-07,350.69,1.567259942766667e-07
2024-08-23 13:05:00+00:00,risk_reduce,HBAR,14,0.006415779561519841,0.05719,1.8345921656165986e-07
2024-08-23 13:05:00+00:00,risk_reduce,FIL,16,7.818754595606547e-05,4.109,1.606363131667365e-07
2024-08-23 13:10:00+00:00,risk_reduce,AVAX,10,-2.589720809841392e-05,26.425,3.421668620002939e-07
2024-08-23 13:10:00+00:00,risk_reduce,BCH,12,-1.636922655807939e-06,351.2,2.8744361835987405e-07
2024-08-23 13:10:00+00:00,risk_reduce,HBAR,14,0.011749785706303584,0.05719,3.3598512227175095e-07
2024-08-23 13:10:00+00:00,risk_reduce,FIL,16,0.0001431917822419665,4.135,2.960490097852657e-07
2024-08-23 13:20:00+00:00,risk_reduce,AVAX,10,-1.54286401168411e-05,26.37,2.0342661994054992e-07
2024-08-23 13:20:00+00:00,risk_reduce,BCH,12,-9.752205897867357e-07,350.73,1.710195587279509e-07
2024-08-23 13:20:00+00:00,risk_reduce,HBAR,14,0.007000106514325921,0.05742,2.009730580262972e-07
2024-08-23 13:20:00+00:00,risk_reduce,FIL,16,8.530859649058531e-05,4.133,1.7629021464779453e-07
2024-08-23 13:25:00+00:00,risk_reduce,AVAX,10,-3.3367425832670633e-06,26.439,4.4110068579498945e-08
2024-08-23 13:25:00+00:00,risk_reduce,BCH,12,-2.1091036185800008e-07,351.04,3.7018986713316175e-08
2024-08-23 13:25:00+00:00,risk_reduce,HBAR,14,0.0015139087642763727,0.05744,4.3479459710017426e-08
2024-08-23 13:25:00+00:00,risk_reduce,FIL,16,1.8449638106356192e-05,4.134,3.8135401965838254e-08
2024-08-23 13:50:00+00:00,risk_reduce,AVAX,10,-5.686861597088352e-06,26.303,7.479076029410747e-08
2024-08-23 13:50:00+00:00,risk_reduce,BCH,12,-3.594577667732869e-07,351.38,6.315313504439878e-08
2024-08-23 13:50:00+00:00,risk_reduce,HBAR,14,0.0025801779424741156,0.05755,7.424462029469267e-08
2024-08-23 13:50:00+00:00,risk_reduce,FIL,16,3.1444001390261433e-05,4.132,6.496330687228012e-08
2024-08-23 14:05:00+00:00,risk_reduce,AVAX,10,-5.053894609128966e-05,26.53,6.703991199009573e-07
2024-08-23 14:05:00+00:00,risk_reduce,BCH,12,-3.194488979009068e-06,354.54,5.662870613089375e-07
2024-08-23 14:05:00+00:00,risk_reduce,HBAR,14,0.02292995384438523,0.05799,6.648540117179497e-07
2024-08-23 14:05:00+00:00,risk_reduce,FIL,16,0.0002794417736437585,4.145,5.791430758766894e-07
2024-08-23 14:10:00+00:00,risk_reduce,AVAX,10,-1.3203655794567781e-05,26.405,1.7432126562778117e-07
2024-08-23 14:10:00+00:00,risk_reduce,BCH,12,-8.34582756082552e-07,354.84,1.4807167258416636e-07
2024-08-23 14:10:00+00:00,risk_reduce,HBAR,14,0.005990612020276398,0.05827,1.7453648121075288e-07
2024-08-23 14:10:00+00:00,risk_reduce,FIL,16,7.300613248149151e-05,4.137,1.5101318503796517e-07
2024-08-23 14:15:00+00:00,risk_reduce,AVAX,10,-5.0503657078071126e-05,26.734,6.750823841625768e-07
2024-08-23 14:15:00+00:00,risk_reduce,BCH,12,-3.1922584148101184e-06,356.52,5.690519850240517e-07
2024-08-23 14:15:00+00:00,risk_reduce,HBAR,14,0.022913942916043428,0.05873,6.728679337296153e-07
2024-08-23 14:15:00+00:00,risk_reduce,FIL,16,0.0002792466523520304,4.149,5.79297180304287e-07
2024-08-23 15:50:00+00:00,risk_reduce,AVAX,10,-1.911621338279712e-06,26.212,2.5053709259493907e-08
2024-08-23 15:50:00+00:00,risk_reduce,BCH,12,-1.208306419002523e-07,354.66,2.142689772817174e-08
2024-08-23 15:50:00+00:00,risk_reduce,HBAR,14,0.0008673190172094891,0.0585,2.5369081253377558e-08
2024-08-23 15:50:00+00:00,risk_reduce,FIL,16,1.0569806033144946e-05,4.176,2.2069754997206647e-08
2024-08-23 17:45:00+00:00,risk_reduce,AVAX,10,-1.9562571771963855e-05,26.196,2.562305650691826e-07
2024-08-23 17:45:00+00:00,risk_reduce,BCH,12,-1.2365200456243477e-06,358.39,2.21578209575655e-07
2024-08-23 17:45:00+00:00,risk_reduce,HBAR,14,0.008875706806357186,0.05864,2.602357235623927e-07
2024-08-23 17:45:00+00:00,risk_reduce,FIL,16,0.00010816608132500904,4.184,2.2628344213191895e-07
2024-08-23 17:50:00+00:00,risk_reduce,AVAX,10,-5.3478237176014104e-05,26.435,7.068485998739664e-07
2024-08-23 17:50:00+00:00,risk_reduce,BCH,12,-3.3802770435106214e-06,362.52,6.127090169067353e-07
2024-08-23 17:50:00+00:00,risk_reduce,HBAR,14,0.024263535450661067,0.05897,7.154103427627416e-07
2024-08-23 17:50:00+00:00,risk_reduce,FIL,16,0.0002956938085098351,4.21,6.224354669132029e-07
2024-08-23 18:00:00+00:00,risk_reduce,AVAX,10,-6.299556375256171e-06,26.376,8.307854947687839e-08
2024-08-23 18:00:00+00:00,risk_reduce,BCH,12,-3.981852604732815e-07,361.67,7.200583157768587e-08
2024-08-23 18:00:00+00:00,risk_reduce,HBAR,14,0.0028581628248400825,0.05903,8.435867577515505e-08
2024-08-23 18:00:00+00:00,risk_reduce,FIL,16,3.483173557854852e-05,4.213,7.337305099621246e-08
2024-08-23 18:05:00+00:00,risk_reduce,AVAX,10,-2.5992594650643686e-05,26.572,3.45337612528452e-07
2024-08-23 18:05:00+00:00,risk_reduce,BCH,12,-1.6429518929292211e-06,362.29,2.9761252064466376e-07
2024-08-23 18:05:00+00:00,risk_reduce,HBAR,14,0.011793063404180959,0.0593,3.496643299339654e-07
2024-08-23 18:05:00+00:00,risk_reduce,FIL,16,0.0001437191970259724,4.217,3.0303192692926283e-07
2024-08-23 18:20:00+00:00,risk_reduce,AVAX,10,-9.766830351042727e-06,26.534,1.2957653826728385e-07
2024-08-23 18:20:00+00:00,risk_reduce,BCH,12,-6.173463107026194e-07,361.15,1.1147731005512549e-07
2024-08-23 18:20:00+00:00,risk_reduce,HBAR,14,0.004431294802839769,0.05937,1.3154298622229856e-07
2024-08-23 18:20:00+00:00,risk_reduce,FIL,16,5.400311259445151e-05,4.223,1.1402757224318435e-07
2024-08-23 18:25:00+00:00,risk_reduce,AVAX,10,-1.9214715198122984e-05,26.617,2.5571903721421973e-07
2024-08-23 18:25:00+00:00,risk_reduce,BCH,12,-1.2145325671082847e-06,362.56,2.2017046376538985e-07
2024-08-23 18:25:00+00:00,risk_reduce,HBAR,14,0.008717881291590235,0.05951,2.594005578312674e-07
2024-08-23 18:25:00+00:00,risk_reduce,FIL,16,0.00010624270014107651,4.231,2.2475643214844735e-07
2024-08-23 18:40:00+00:00,risk_reduce,AVAX,10,-1.2869689487632341e-05,26.503,1.7054269024535996e-07
2024-08-23 18:40:00+00:00,risk_reduce,BCH,12,-8.134732599538027e-07,362.7,1.4752337569262212e-07
2024-08-23 18:40:00+00:00,risk_reduce,HBAR,14,0.005839088638886825,0.0595,1.7371288700688304e-07
2024-08-23 18:40:00+00:00,risk_reduce,FIL,16,7.115955386509387e-05,4.247,1.5110731263252685e-07
2024-08-23 18:45:00+00:00,risk_reduce,AVAX,10,-6.1096392821209655e-06,26.498,8.094661084882067e-08
2024-08-23 18:45:00+00:00,risk_reduce,BCH,12,-3.8618089338859907e-07,362.35,6.996632335967945e-08
2024-08-23 18:45:00+00:00,risk_reduce,HBAR,14,0.0027719958087728536,0.0595,8.24668753109924e-08
2024-08-23 18:45:00+00:00,risk_reduce,FIL,16,3.378163909938808e-05,4.254,7.185354636439844e-08
2024-08-23 18:50:00+00:00,risk_reduce,AVAX,10,-6.503393697709567e-06,26.487,8.612769443561665e-08
2024-08-23 18:50:00+00:00,risk_reduce,BCH,12,-4.1106950382312733e-07,362.36,7.447757270267422e-08
2024-08-23 18:50:00+00:00,risk_reduce,HBAR,14,0.0029506455684886745,0.05954,8.784071857390784e-08
2024-08-23 18:50:00+00:00,risk_reduce,FIL,16,3.5958800294506876e-05,4.258,7.655628582700513e-08
2024-08-23 19:20:00+00:00,risk_reduce,AVAX,10,-1.01706804634151e-05,26.72,1.3588029099122574e-07
2024-08-23 19:20:00+00:00,risk_reduce,BCH,12,-6.428730545887185e-07,362.93,1.1665895885094181e-07
2024-08-23 19:20:00+00:00,risk_reduce,HBAR,14,0.00461452506688298,0.0595,1.3728212073976862e-07
2024-08-23 19:20:00+00:00,risk_reduce,FIL,16,5.6236095282373444e-05,4.27,1.200640634278673e-07
2024-08-23 20:25:00+00:00,risk_reduce,AVAX,10,-1.1802416469605323e-05,26.844,1.5841203385504267e-07
2024-08-23 20:25:00+00:00,risk_reduce,BCH,12,-7.460125755239921e-07,363.62,1.35632546356017e-07
2024-08-23 20:25:00+00:00,risk_reduce,HBAR,14,0.005354857705410776,0.05947,1.5922669387038943e-07
2024-08-23 20:25:00+00:00,risk_reduce,FIL,16,6.525834918661572e-05,4.284,1.3978338395773085e-07
2024-08-23 21:55:00+00:00,risk_reduce,AVAX,10,-5.8961434968619886e-06,26.708,7.873710025709499e-08
2024-08-23 21:55:00+00:00,risk_reduce,BCH,12,-3.7268615347377677e-07,366.47,6.82891473317675e-08
2024-08-23 21:55:00+00:00,risk_reduce,HBAR,14,0.0026751309376078503,0.05974,7.990616110634648e-08
2024-08-23 21:55:00+00:00,risk_reduce,FIL,16,3.2601170460597184e-05,4.268,6.957089776291439e-08
2024-08-23 22:10:00+00:00,risk_reduce,AVAX,10,-1.3168868879403356e-05,26.787,1.7637724533628884e-07
2024-08-23 22:10:00+00:00,risk_reduce,BCH,12,-8.323839287285254e-07,366.37,1.5248024998413495e-07
2024-08-23 22:10:00+00:00,risk_reduce,HBAR,14,0.005974828898133833,0.05985,1.7879675477665496e-07
2024-08-23 22:10:00+00:00,risk_reduce,FIL,16,7.281378740853217e-05,4.273,1.5556665679832895e-07
2024-08-23 22:25:00+00:00,risk_reduce,AVAX,10,-4.903242324891602e-06,26.861,6.585299604445667e-08
2024-08-23 22:25:00+00:00,risk_reduce,BCH,12,-3.099263989395345e-07,366.49,5.6792462973675e-08
2024-08-23 22:25:00+00:00,risk_reduce,HBAR,14,0.002224643149354222,0.05981,6.652795338143801e-08
2024-08-23 22:25:00+00:00,risk_reduce,FIL,16,2.711118529059864e-05,4.281,5.803149211452638e-08
2024-08-24 10:05:00+00:00,risk_reduce,AVAX,10,-1.7690201771988767e-06,26.905,2.379774393376789e-08
2024-08-24 10:05:00+00:00,risk_reduce,BCH,12,-1.1181704203918133e-07,363.14,2.0302620323054155e-08
2024-08-24 10:05:00+00:00,risk_reduce,HBAR,14,0.0008026196458401635,0.05983,2.4010366705308492e-08
2024-08-24 10:05:00+00:00,risk_reduce,FIL,16,9.78133052151331e-06,4.285,2.0956500642342267e-08
2024-08-24 10:20:00+00:00,risk_reduce,AVAX,10,-1.8260474658748915e-05,27.068,2.4713726403150783e-07
2024-08-24 10:20:00+00:00,risk_reduce,BCH,12,-1.1542164916434694e-06,363.32,2.0967496787195265e-07
2024-08-24 10:20:00+00:00,risk_reduce,HBAR,14,0.008284934164344282,0.05995,2.483409015762199e-07
2024-08-24 10:20:00+00:00,risk_reduce,FIL,16,0.00010096647874295595,4.294,2.1677502986112642e-07
2024-08-24 10:25:00+00:00,risk_reduce,AVAX,10,-2.79348936064322e-06,27.169,3.794815621965782e-08
2024-08-24 10:25:00+00:00,risk_reduce,BCH,12,-1.7657216198039855e-07,363.63,3.2103467630466164e-08
2024-08-24 10:25:00+00:00,risk_reduce,HBAR,14,0.001267430111989487,0.05995,3.799121760688488e-08
2024-08-24 10:25:00+00:00,risk_reduce,FIL,16,1.5445862685439793e-05,4.296,3.317771304832468e-08
2024-08-24 10:30:00+00:00,risk_reduce,AVAX,10,-1.6756499515921397e-05,27.284,2.285921663961997e-07
2024-08-24 10:30:00+00:00,risk_reduce,BCH,12,-1.0591525381967865e-06,363.26,1.9237387551268233e-07
2024-08-24 10:30:00+00:00,risk_reduce,HBAR,14,0.007602567726669562,0.06017,2.287232500568538e-07
2024-08-24 10:30:00+00:00,risk_reduce,FIL,16,9.26506448379813e-05,4.296,1.9901358511198386e-07
2024-08-24 10:35:00+00:00,risk_reduce,AVAX,10,-2.6003981130749698e-05,27.378,3.5596849769883265e-07
2024-08-24 10:35:00+00:00,risk_reduce,BCH,12,-1.6436716148075618e-06,364.25,2.993536928468272e-07
2024-08-24 10:35:00+00:00,risk_reduce,HBAR,14,0.011798229547986594,0.06028,3.5559863857631594e-07
2024-08-24 10:35:00+00:00,risk_reduce,FIL,16,0.00014378215556473672,4.315,3.1021000063091955e-07
2024-08-24 10:40:00+00:00,risk_reduce,AVAX,10,-1.3125798338169126e-05,27.326,1.7933778269440477e-07
2024-08-24 10:40:00+00:00,risk_reduce,BCH,12,-8.296615061231414e-07,364.35,1.511435848779833e-07
2024-08-24 10:40:00+00:00,risk_reduce,HBAR,14,0.0059552874237081,0.06037,1.79760350884629e-07
2024-08-24 10:40:00+00:00,risk_reduce,FIL,16,7.257564020988344e-05,4.323,1.5687224631366307e-07
2024-08-24 10:45:00+00:00,risk_reduce,AVAX,10,-2.500058808085903e-06,27.306,3.413330290679684e-08
2024-08-24 10:45:00+00:00,risk_reduce,BCH,12,-1.5802486848226754e-07,363.95,2.8756575442060633e-08
2024-08-24 10:45:00+00:00,risk_reduce,HBAR,14,0.0011342981504625094,0.06041,3.4261475634720097e-08
2024-08-24 10:45:00+00:00,risk_reduce,FIL,16,1.3823415832281416e-05,4.323,2.9879313321476283e-08
2024-08-24 10:50:00+00:00,risk_reduce,AVAX,10,-2.1264457138979453e-06,27.356,2.90855244746961e-08
2024-08-24 10:50:00+00:00,risk_reduce,BCH,12,-1.3440935996643887e-07,363.57,2.443360550149909e-08
2024-08-24 10:50:00+00:00,risk_reduce,HBAR,14,0.0009647866812301231,0.0604,2.913655777314972e-08
2024-08-24 10:50:00+00:00,risk_reduce,FIL,16,1.17576207619291e-05,4.326,2.543173370805264e-08
2024-08-24 12:40:00+00:00,risk_reduce,AVAX,10,-1.9190692821142996e-07,27.73,2.6607895596514765e-09
2024-08-24 12:40:00+00:00,risk_reduce,BCH,12,-1.2130141496401355e-08,362.79,2.200347016739724e-09
2024-08-24 12:40:00+00:00,risk_reduce,HBAR,14,8.706982132888896e-05,0.06056,2.636474189838758e-09
2024-08-24 12:40:00+00:00,risk_reduce,FIL,16,1.061098747430489e-06,4.31,2.2866678007127034e-09
2024-08-24 13:35:00+00:00,risk_reduce,AVAX,10,-1.6372074046403298e-05,27.416,2.2442839102809642e-07
2024-08-24 13:35:00+00:00,risk_reduce,BCH,12,-1.0348535960818563e-06,362.67,1.8765517684550342e-07
2024-08-24 13:35:00+00:00,risk_reduce,HBAR,14,0.007428150589898763,0.06074,2.2559293341522545e-07
2024-08-24 13:35:00+00:00,risk_reduce,FIL,16,9.052506558981238e-05,4.317,1.9539835407561003e-07
2024-08-24 16:45:00+00:00,risk_reduce,AVAX,10,-5.12294512940159e-06,27.802,7.121406024381151e-08
2024-08-24 16:45:00+00:00,risk_reduce,BCH,12,-3.2381347498582156e-07,367.78,5.954605991514272e-08
2024-08-24 16:45:00+00:00,risk_reduce,HBAR,14,0.002324324198457184,0.06117,7.108945560981297e-08
2024-08-24 16:45:00+00:00,risk_reduce,FIL,16,2.832597400535125e-05,4.282,6.064591034545703e-08
2024-08-24 16:50:00+00:00,risk_reduce,AVAX,10,-9.564681654555818e-06,27.821,1.330495041556987e-07
2024-08-24 16:50:00+00:00,risk_reduce,BCH,12,-6.045688028004023e-07,367.46,1.1107742613851791e-07
2024-08-24 16:50:00+00:00,risk_reduce,HBAR,14,0.004339578203293559,0.06139,1.332033529500958e-07
2024-08-24 16:50:00+00:00,risk_reduce,FIL,16,5.28853846904348e-05,4.275,1.1304250977580439e-07
2024-08-24 16:55:00+00:00,risk_reduce,AVAX,10,-1.4975825633860296e-06,27.627,2.068685673933292e-08
2024-08-24 16:55:00+00:00,risk_reduce,BCH,12,-9.465988834141473e-08,367.52,1.7394701081618373e-08
2024-08-24 16:55:00+00:00,risk_reduce,HBAR,14,0.0006794660694855459,0.06136,2.084601901181655e-08
2024-08-24 16:55:00+00:00,risk_reduce,FIL,16,8.280487822885652e-06,4.281,1.7724384184886736e-08
2024-08-24 17:00:00+00:00,risk_reduce,AVAX,10,-9.373428674908091e-07,27.592,1.2931582199903202e-08
2024-08-24 17:00:00+00:00,risk_reduce,BCH,12,-5.9247999638681846e-08,367.74,1.0893929693564431e-08
2024-08-24 17:00:00+00:00,risk_reduce,HBAR,14,0.0004252805084048461,0.0614,1.3056111608028776e-08
2024-08-24 17:00:00+00:00,risk_reduce,FIL,16,5.182790177915564e-06,4.279,1.1088579585650348e-08
2024-08-24 17:05:00+00:00,risk_reduce,AVAX,10,-7.987150759218575e-06,27.572,1.1011086036658728e-07
2024-08-24 17:05:00+00:00,risk_reduce,BCH,12,-5.048555034748315e-07,367.48,9.276215020846555e-08
2024-08-24 17:05:00+00:00,risk_reduce,HBAR,14,0.0036238388890459383,0.06148,1.1139680744927215e-07
2024-08-24 17:05:00+00:00,risk_reduce,FIL,16,4.416284365100359e-05,4.282,9.455264825679869e-08
2024-08-24 17:10:00+00:00,risk_reduce,AVAX,10,-4.271410893616143e-06,27.576,5.8894213401179384e-08
2024-08-24 17:10:00+00:00,risk_reduce,BCH,12,-2.699893068571456e-07,368.08,4.968883203398907e-08
2024-08-24 17:10:00+00:00,risk_reduce,HBAR,14,0.0019379758031385919,0.06145,5.954430655143323e-08
2024-08-24 17:10:00+00:00,risk_reduce,FIL,16,2.3617640025924702e-05,4.289,5.0648029035595525e-08
2024-08-24 17:15:00+00:00,risk_reduce,AVAX,10,-7.556677955383381e-06,27.698,1.0465243300410446e-07
2024-08-24 17:15:00+00:00,risk_reduce,BCH,12,-4.776459802463204e-07,368.17,8.79274602736439e-08
2024-08-24 17:15:00+00:00,risk_reduce,HBAR,14,0.0034285296812646138,0.06142,1.052901465116363e-07
2024-08-24 17:15:00+00:00,risk_reduce,FIL,16,4.1782657811906265e-05,4.299,8.981182296669252e-08
2024-08-24 18:30:00+00:00,risk_reduce,AVAX,10,-1.6449799438086887e-06,27.658,2.274842764293036e-08
2024-08-24 18:30:00+00:00,risk_reduce,BCH,12,-1.0397664984345897e-07,367.41,1.9101030459492633e-08
2024-08-24 18:30:00+00:00,risk_reduce,HBAR,14,0.0007463415267574547,0.06149,2.2946270240157947e-08
2024-08-24 18:30:00+00:00,risk_reduce,FIL,16,9.095482764440166e-06,4.296,1.9537096978017476e-08
2024-08-24 20:25:00+00:00,risk_reduce,AVAX,10,-1.4169013100390204e-05,27.425,1.9429259213910068e-07
2024-08-24 20:25:00+00:00,risk_reduce,BCH,12,-8.956015052405788e-07,367.41,1.6452647452022053e-07
2024-08-24 20:25:00+00:00,risk_reduce,HBAR,14,0.006428602919925641,0.06179,1.986116872111027e-07
2024-08-24 20:25:00+00:00,risk_reduce,FIL,16,7.834382110784299e-05,4.29,1.6804749627632324e-07
2024-08-24 20:30:00+00:00,risk_reduce,AVAX,10,-1.6833616171517407e-06,27.382,2.3046903900424485e-08
2024-08-24 20:30:00+00:00,risk_reduce,BCH,12,-1.0640269632782376e-07,367.54,1.9553623504164174e-08
2024-08-24 20:30:00+00:00,risk_reduce,HBAR,14,0.0007637556215556174,0.06183,2.3611505040391915e-08
2024-08-24 20:30:00+00:00,risk_reduce,FIL,16,9.307704104691283e-06,4.289,1.9960371452510455e-08
2024-08-29 00:05:00+00:00,exit_scheduled,AVAX,10,-0.008402411538333354,23.535,9.887537777733774e-05
2024-08-29 00:05:00+00:00,exit_scheduled,BCH,12,-0.0005311034980393243,322.03,8.551562973680179e-05
2024-08-29 00:05:00+00:00,exit_scheduled,HBAR,14,3.8122462705789513,0.05146,9.808909654199642e-05
2024-08-29 00:05:00+00:00,exit_scheduled,FIL,16,0.0464589186113105,3.649,8.4764297006336e-05
2024-09-12 00:05:00+00:00,entry,ADA,6,-0.6400084461746791,0.355,0.00011360149919600555
2024-09-12 00:05:00+00:00,entry,BCH,12,0.0006168854623335658,337.66,0.00010414877260577593
2024-09-12 00:05:00+00:00,entry,NEAR,18,-0.05258520110295537,3.968,0.00010432903898826346
2024-09-12 00:05:00+00:00,entry,AAVE,19,0.0015198258943230226,149.73,0.00011378176557849308
2024-09-12 00:10:00+00:00,risk_reduce,ADA,6,0.00212701579580421,0.3567,3.793532671816809e-07
2024-09-12 00:10:00+00:00,risk_reduce,BCH,12,-2.0501684476635553e-06,338.09,3.4657072523528574e-07
2024-09-12 00:10:00+00:00,risk_reduce,NEAR,18,0.00017476262077485705,3.977,3.4751547141080326e-07
2024-09-12 00:10:00+00:00,risk_reduce,AAVE,19,-5.051017222380697e-06,149.11,3.7657858901459286e-07
2024-09-12 00:25:00+00:00,risk_reduce,ADA,6,0.00018779704357452243,0.3548,3.3315195530120285e-08
2024-09-12 00:25:00+00:00,risk_reduce,BCH,12,-1.8101208936035975e-07,338.01,3.05919481623476e-08
2024-09-12 00:25:00+00:00,risk_reduce,NEAR,18,1.5430023403491255e-05,4.001,3.0867761818684265e-08
2024-09-12 00:25:00+00:00,risk_reduce,AAVE,19,-4.4596100474579223e-07,150.26,3.350505028655137e-08
2024-09-12 00:30:00+00:00,risk_reduce,ADA,6,0.0006724107954430014,0.355,1.1935291619113276e-07
2024-09-12 00:30:00+00:00,risk_reduce,BCH,12,-6.481171411161545e-07,337.93,1.0950911274869106e-07
2024-09-12 00:30:00+00:00,risk_reduce,NEAR,18,5.5247484800409474e-05,4.007,1.1068833579762038e-07
2024-09-12 00:30:00+00:00,risk_reduce,AAVE,19,-1.5967716436317801e-06,150.82,1.2041254964627255e-07
2024-09-12 00:35:00+00:00,risk_reduce,ADA,6,0.0002517490272159195,0.3544,4.4609927622660934e-08
2024-09-12 00:35:00+00:00,risk_reduce,BCH,12,-2.426535399248841e-07,338.46,4.1064258561488134e-08
2024-09-12 00:35:00+00:00,risk_reduce,NEAR,18,2.0684528935124846e-05,4.019,4.1565560895133376e-08
2024-09-12 00:35:00+00:00,risk_reduce,AAVE,19,-5.97827564183381e-07,149.79,4.477429541951432e-08
2024-09-12 00:40:00+00:00,risk_reduce,ADA,6,0.0027797223561081275,0.3551,4.935397043269981e-07
2024-09-12 00:40:00+00:00,risk_reduce,BCH,12,-2.6792932516060556e-06,339.85,4.55278905779159e-07
2024-09-12 00:40:00+00:00,risk_reduce,NEAR,18,0.00022839114074196115,4.048,4.6226366886172937e-07
2024-09-12 00:40:00+00:00,risk_reduce,AAVE,19,-6.600997285414892e-06,149.75,4.942496717454401e-07
2024-09-12 00:45:00+00:00,risk_reduce,ADA,6,0.001723759192612917,0.3555,3.06398196486946e-07
2024-09-12 00:45:00+00:00,risk_reduce,BCH,12,-1.661481177072711e-06,339.68,2.8218596311402925e-07
2024-09-12 00:45:00+00:00,risk_reduce,NEAR,18,0.00014162973057370992,4.067,2.8800405712163916e-07
2024-09-12 00:45:00+00:00,risk_reduce,AAVE,19,-4.093405129524698e-06,149.84,3.0667791230399037e-07
2024-09-12 00:50:00+00:00,risk_reduce,ADA,6,2.2013418241040306e-05,0.3548,3.90518039596055e-09
2024-09-12 00:50:00+00:00,risk_reduce,BCH,12,-2.1218091371031332e-08,338.96,3.59604212556239e-09
2024-09-12 00:50:00+00:00,risk_reduce,NEAR,18,1.8086949197110291e-06,4.077,3.6870245938309327e-09
2024-09-12 00:50:00+00:00,risk_reduce,AAVE,19,-5.2275189905970354e-08,149.36,3.903911182177866e-09
2024-09-12 01:25:00+00:00,risk_reduce,ADA,6,4.731378497790928e-05,0.3561,8.424219415316748e-09
2024-09-12 01:25:00+00:00,risk_reduce,BCH,12,-4.5604376466140684e-08,337.23,7.68958193783831e-09
2024-09-12 01:25:00+00:00,risk_reduce,NEAR,18,3.8874563497992565e-06,4.065,7.90125503096699e-09
2024-09-12 01:25:00+00:00,risk_reduce,AAVE,19,-1.123558852976058e-07,147.98,8.313211953169852e-09
2024-09-12 01:30:00+00:00,risk_reduce,ADA,6,0.001626761494541995,0.3559,2.89482207953748e-07
2024-09-12 01:30:00+00:00,risk_reduce,BCH,12,-1.5679879268235258e-06,337.92,2.6492724011610294e-07
2024-09-12 01:30:00+00:00,risk_reduce,NEAR,18,0.00013366008034476629,4.089,2.732680342648747e-07
2024-09-12 01:30:00+00:00,risk_reduce,AAVE,19,-3.863065023704086e-06,148.36,2.865621634583692e-07
2024-09-12 01:35:00+00:00,risk_reduce,ADA,6,0.00019445568836762295,0.3562,3.4632558098273644e-08
2024-09-12 01:35:00+00:00,risk_reduce,BCH,12,-1.8743016274083962e-07,338.08,3.1683194709711525e-08
2024-09-12 01:35:00+00:00,risk_reduce,NEAR,18,1.5977119582628874e-05,4.087,3.26492438671021e-08
2024-09-12 01:35:00+00:00,risk_reduce,AAVE,19,-4.617732660340979e-07,148.99,3.439979945321013e-08
2024-09-12 01:40:00+00:00,risk_reduce,ADA,6,0.0002239636996186345,0.3568,3.9955124011964396e-08
2024-09-12 01:40:00+00:00,risk_reduce,BCH,12,-2.1587207358123289e-07,337.71,3.6451078984559074e-08
2024-09-12 01:40:00+00:00,risk_reduce,NEAR,18,1.8401594939258803e-05,4.082,3.755765527102722e-08
2024-09-12 01:40:00+00:00,risk_reduce,AAVE,19,-5.318458406343082e-07,149.68,3.9803342713071635e-08
2024-09-12 02:00:00+00:00,risk_reduce,ADA,6,0.0013340705387067109,0.3571,2.3819829468608322e-07
2024-09-12 02:00:00+00:00,risk_reduce,BCH,12,-1.2858716568110327e-06,337.93,2.1726730449307614e-07
2024-09-12 02:00:00+00:00,risk_reduce,NEAR,18,0.00010961162775697392,4.096,2.2448461364628258e-07
2024-09-12 02:00:00+00:00,risk_reduce,AAVE,19,-3.168012799985038e-06,150.25,2.3799696159887599e-07
2024-09-12 02:05:00+00:00,risk_reduce,ADA,6,0.0031027621885871826,0.3581,5.55549569866535e-07
2024-09-12 02:05:00+00:00,risk_reduce,BCH,12,-2.9906619180699668e-06,339.9,5.082629929759908e-07
2024-09-12 02:05:00+00:00,risk_reduce,NEAR,18,0.00025493315695550994,4.127,5.260545693776947e-07
2024-09-12 02:05:00+00:00,risk_reduce,AAVE,19,-7.3681188839406705e-06,149.74,5.516510608406381e-07
2024-09-12 08:10:00+00:00,risk_reduce,ADA,6,5.3551377357408114e-05,0.3563,9.540177876222257e-09
2024-09-12 08:10:00+00:00,risk_reduce,BCH,12,-5.161660971374476e-08,335.27,8.652750369363602e-09
2024-09-12 08:10:00+00:00,risk_reduce,NEAR,18,4.399957476357297e-06,4.152,9.13431172091775e-09
2024-09-12 08:10:00+00:00,risk_reduce,AAVE,19,-1.2716827484213385e-07,150.69,9.581493667980575e-09
2024-09-12 08:20:00+00:00,risk_reduce,ADA,6,0.000411360348159473,0.3561,7.324270998979418e-08
2024-09-12 08:20:00+00:00,risk_reduce,BCH,12,-3.964982338541855e-07,335.04,6.642138413525316e-08
2024-09-12 08:20:00+00:00,risk_reduce,NEAR,18,3.379872056850919e-05,4.161,7.031823814278336e-08
2024-09-12 08:20:00+00:00,risk_reduce,AAVE,19,-9.768560286465937e-07,150.28,7.340096199250505e-08
2024-09-12 08:25:00+00:00,risk_reduce,ADA,6,0.000678012490679003,0.3564,1.2082182583899833e-07
2024-09-12 08:25:00+00:00,risk_reduce,BCH,12,-6.535164516661366e-07,335.23,1.095391600460195e-07
2024-09-12 08:25:00+00:00,risk_reduce,NEAR,18,5.5707738524035655e-05,4.167,1.1606707321482828e-07
2024-09-12 08:25:00+00:00,risk_reduce,AAVE,19,-1.6100739703788468e-06,150.15,1.2087630332619193e-07
2024-09-12 08:30:00+00:00,risk_reduce,ADA,6,0.001330487386370427,0.3565,2.371593766205286e-07
2024-09-12 08:30:00+00:00,risk_reduce,BCH,12,-1.282417960849977e-06,335.12,2.1488195352002213e-07
2024-09-12 08:30:00+00:00,risk_reduce,NEAR,18,0.00010931722416384487,4.185,2.2874629156284537e-07
2024-09-12 08:30:00+00:00,risk_reduce,AAVE,19,-3.1595039002407354e-06,149.93,2.3685220988154673e-07
2024-09-12 08:35:00+00:00,risk_reduce,ADA,6,0.0007666906819748798,0.3568,1.3677761766431854e-07
2024-09-12 08:35:00+00:00,risk_reduce,BCH,12,-7.389907721433832e-07,335.26,1.2387702313439533e-07
2024-09-12 08:35:00+00:00,risk_reduce,NEAR,18,6.299383068517767e-05,4.192,1.320350691161324e-07
2024-09-12 08:35:00+00:00,risk_reduce,AAVE,19,-1.8206577715750884e-06,150.02,1.365675394458474e-07
2024-09-12 08:40:00+00:00,risk_reduce,ADA,6,0.0009819044719417969,0.3576,1.7556451958319327e-07
2024-09-12 08:40:00+00:00,risk_reduce,BCH,12,-9.46429063181293e-07,335.54,1.5878240392992553e-07
2024-09-12 08:40:00+00:00,risk_reduce,NEAR,18,8.067650423922851e-05,4.195,1.6921896764178182e-07
2024-09-12 08:40:00+00:00,risk_reduce,AAVE,19,-2.331725231328281e-06,150.72,1.7571881343289924e-07
2024-09-12 08:45:00+00:00,risk_reduce,ADA,6,0.0011319986926000558,0.3578,2.0251456610614998e-07
2024-09-12 08:45:00+00:00,risk_reduce,BCH,12,-1.0911005019065409e-06,335.69,1.8313576374250333e-07
2024-09-12 08:45:00+00:00,risk_reduce,NEAR,18,9.300873957905631e-05,4.209,1.95736892444124e-07
2024-09-12 08:45:00+00:00,risk_reduce,AAVE,19,-2.68815346990566e-06,150.47,2.0224322630835233e-07
2024-09-12 08:50:00+00:00,risk_reduce,ADA,6,0.00021846585187612622,0.358,3.910538748582659e-08
2024-09-12 08:50:00+00:00,risk_reduce,BCH,12,-2.1057285859926115e-07,335.75,3.534991863735097e-08
2024-09-12 08:50:00+00:00,risk_reduce,NEAR,18,1.7949873667599814e-05,4.21,3.778448407029761e-08
2024-09-12 08:50:00+00:00,risk_reduce,AAVE,19,-5.187901201792692e-07,150.24,3.897151382786671e-08
2024-09-12 09:10:00+00:00,risk_reduce,ADA,6,0.00035844121161954234,0.3586,6.426850924338394e-08
2024-09-12 09:10:00+00:00,risk_reduce,BCH,12,-3.4549102261212123e-07,335.14,5.7893930659113155e-08
2024-09-12 09:10:00+00:00,risk_reduce,NEAR,18,2.9450710079308162e-05,4.208,6.196429400686437e-08
2024-09-12 09:10:00+00:00,risk_reduce,AAVE,19,-8.51189133937091e-07,150.37,6.39966550350602e-08
2024-09-12 09:15:00+00:00,risk_reduce,ADA,6,0.003099995753943041,0.3598,5.576892361343532e-07
2024-09-12 09:15:00+00:00,risk_reduce,BCH,12,-2.987995432456058e-06,335.55,5.013109336803152e-07
2024-09-12 09:15:00+00:00,risk_reduce,NEAR,18,0.000254705857576934,4.237,5.395943592767347e-07
2024-09-12 09:15:00+00:00,risk_reduce,AAVE,19,-7.36154944094001e-06,150.79,5.55024020099672e-07
2024-09-13 15:35:00+00:00,risk_reduce,ADA,6,0.004419802542037554,0.3611,7.979953489648803e-07
2024-09-13 15:35:00+00:00,risk_reduce,BCH,12,-4.260118676345948e-06,335.58,7.148053127040866e-07
2024-09-13 15:35:00+00:00,risk_reduce,NEAR,18,0.00036314552862160704,4.299,7.805813137721444e-07
2024-09-13 15:35:00+00:00,risk_reduce,AAVE,19,-1.0495690160548191e-05,141.98,7.450890444973161e-07
2024-09-13 15:50:00+00:00,risk_reduce,ADA,6,0.003796146907354081,0.363,6.890006636847657e-07
2024-09-13 15:50:00+00:00,risk_reduce,BCH,12,-3.6589952117446365e-06,336.11,6.14912440309745e-07
2024-09-13 15:50:00+00:00,risk_reduce,NEAR,18,0.0003119039283508013,4.33,6.752720048794848e-07
2024-09-13 15:50:00+00:00,risk_reduce,AAVE,19,-9.014697232411677e-06,142.21,6.409900467106324e-07
2024-09-13 15:55:00+00:00,risk_reduce,ADA,6,0.00019862398762782174,0.3634,3.608997855197521e-08
2024-09-13 15:55:00+00:00,risk_reduce,BCH,12,-1.9144786474406886e-07,336.36,3.2197701892657506e-08
2024-09-13 15:55:00+00:00,risk_reduce,NEAR,18,1.6319600773563592e-05,4.328,3.531561607399162e-08
2024-09-13 15:55:00+00:00,risk_reduce,AAVE,19,-4.7167171220120416e-07,142.12,3.3516991869017564e-08
2024-09-19 00:50:00+00:00,risk_reduce,ADA,6,0.000253929517525342,0.3497,4.439957613930605e-08
2024-09-19 00:50:00+00:00,risk_reduce,BCH,12,-2.4475525089561606e-07,339.05,4.149213390807932e-08
2024-09-19 00:50:00+00:00,risk_reduce,NEAR,18,2.086368519799847e-05,4.503,4.697458722329356e-08
2024-09-19 00:50:00+00:00,risk_reduce,AAVE,19,-6.030055671527035e-07,144.23,4.3485746475217216e-08
2024-09-19 00:55:00+00:00,risk_reduce,ADA,6,0.003320188068947405,0.3501,5.811989214692433e-07
2024-09-19 00:55:00+00:00,risk_reduce,BCH,12,-3.200232378477107e-06,340.01,5.440555055030005e-07
2024-09-19 00:55:00+00:00,risk_reduce,NEAR,18,0.00027279758313936836,4.546,6.200689064757843e-07
2024-09-19 00:55:00+00:00,risk_reduce,AAVE,19,-7.884439387275581e-06,144.42,5.693353681551697e-07
2024-09-19 04:50:00+00:00,risk_reduce,ADA,6,0.0005246594926819892,0.3486,9.144814957447073e-08
2024-09-19 04:50:00+00:00,risk_reduce,BCH,12,-5.057039725729802e-07,341.67,8.639193815450507e-08
2024-09-19 04:50:00+00:00,risk_reduce,NEAR,18,4.310775130884209e-05,4.572,9.854431949201302e-08
2024-09-19 04:50:00+00:00,risk_reduce,AAVE,19,-1.2459071242676076e-06,143.75,8.95495745567343e-08
2024-09-19 04:55:00+00:00,risk_reduce,ADA,6,9.319768427784592e-05,0.3489,1.625833602227022e-08
2024-09-19 04:55:00+00:00,risk_reduce,BCH,12,-8.983052785904288e-08,342.75,1.5394706711843473e-08
2024-09-19 04:55:00+00:00,risk_reduce,NEAR,18,7.657428584530168e-06,4.569,1.749339560135917e-08
2024-09-19 04:55:00+00:00,risk_reduce,AAVE,19,-2.2131622590755747e-07,143.79,1.5911530061623843e-08
2024-09-19 05:00:00+00:00,risk_reduce,ADA,6,0.0004423285732377824,0.3494,7.727480174464059e-08
2024-09-19 05:00:00+00:00,risk_reduce,BCH,12,-4.263476021856274e-07,343.48,7.322093719935966e-08
2024-09-19 05:00:00+00:00,risk_reduce,NEAR,18,3.634317190080033e-05,4.569,8.302597620737836e-08
2024-09-19 05:00:00+00:00,risk_reduce,AAVE,19,-1.050396168087754e-06,143.8,7.552348448550952e-08
2024-09-19 08:05:00+00:00,exit_scheduled,ADA,6,0.6036348661106677,0.3482,0.00010509283018986727
2024-09-19 08:05:00+00:00,exit_scheduled,BCH,12,-0.0005818260300891506,345.99,0.0001006529940752726
2024-09-19 08:05:00+00:00,exit_scheduled,NEAR,18,0.04959662800843961,4.528,0.00011228676581110727
2024-09-19 08:05:00+00:00,exit_scheduled,AAVE,19,-0.0014334496766638136,147.27,0.00010555206694113992
2024-12-27 16:05:00+00:00,entry,BTC,0,-2.0941356102734733e-06,94333.0,9.877304726196378e-05
2024-12-27 16:05:00+00:00,entry,BNB,2,0.0003385777815668287,687.56,0.00011639626974704435
2024-12-27 16:05:00+00:00,entry,SUI,9,0.04693357225826825,4.106,9.63546238462247e-05
2024-12-27 16:05:00+00:00,entry,LTC,11,-0.0022632614442276667,100.72,0.0001139778463313053
2024-12-27 16:15:00+00:00,risk_reduce,BTC,0,2.0249923384605657e-09,94219.8,9.53971865656434e-08
2024-12-27 16:15:00+00:00,risk_reduce,BNB,2,-3.273987655251563e-07,687.43,1.125318666924791e-07
2024-12-27 16:15:00+00:00,risk_reduce,SUI,9,-4.538393969012039e-05,4.0941,9.290319374266095e-08
2024-12-27 16:15:00+00:00,risk_reduce,LTC,11,2.188534048134464e-06,101.03,1.1055379744151246e-07
2024-12-27 16:20:00+00:00,risk_reduce,BTC,0,1.787882648893741e-10,94282.7,8.428320171042695e-09
2024-12-27 16:20:00+00:00,risk_reduce,BNB,2,-2.8906310460281165e-08,687.2,9.93220827415261e-09
2024-12-27 16:20:00+00:00,risk_reduce,SUI,9,-4.006985941100438e-06,4.0854,8.185070181885866e-09
2024-12-27 16:20:00+00:00,risk_reduce,LTC,11,1.9322749903079306e-07,101.0,9.757988701055049e-09
2024-12-27 16:30:00+00:00,risk_reduce,BTC,0,3.233850924614812e-09,94621.9,1.5299655940190513e-07
2024-12-27 16:30:00+00:00,risk_reduce,BNB,2,-5.228458303284996e-07,688.19,1.799086359868851e-07
2024-12-27 16:30:00+00:00,risk_reduce,SUI,9,-7.24767657348871e-05,4.0894,1.4819324289812366e-07
2024-12-27 16:30:00+00:00,risk_reduce,LTC,11,3.495022040671432e-06,100.98,1.764636628335006e-07
2024-12-27 16:35:00+00:00,risk_reduce,BTC,0,2.047081875276567e-09,94681.1,9.69099818706241e-08
2024-12-27 16:35:00+00:00,risk_reduce,BNB,2,-3.3097018006691785e-07,689.74,1.1414168599967797e-07
2024-12-27 16:35:00+00:00,risk_reduce,SUI,9,-4.587900833190328e-05,4.0961,9.396250301415452e-08
2024-12-27 16:35:00+00:00,risk_reduce,LTC,11,2.2124075722512564e-06,101.1,1.1183720277730102e-07
2024-12-27 17:35:00+00:00,risk_reduce,BTC,0,3.4732447011425128e-09,94062.3,1.6335069252613868e-07
2024-12-27 17:35:00+00:00,risk_reduce,BNB,2,-5.615507801798704e-07,691.7,1.9421233732520819e-07
2024-12-27 17:35:00+00:00,risk_reduce,SUI,9,-7.784203675827162e-05,4.1963,1.633242694243676e-07
2024-12-27 17:35:00+00:00,risk_reduce,LTC,11,3.7537496520756615e-06,101.88,1.912160072767342e-07
2024-12-27 17:40:00+00:00,risk_reduce,BTC,0,7.2523175408157695e-09,93919.4,3.4056665602144627e-07
2024-12-27 17:40:00+00:00,risk_reduce,BNB,2,-1.172547552384586e-06,691.75,4.0555488468101863e-07
2024-12-27 17:40:00+00:00,risk_reduce,SUI,9,-0.0001625382652737234,4.1944,3.408752499320527e-07
2024-12-27 17:40:00+00:00,risk_reduce,LTC,11,7.83802662583091e-06,102.71,4.0252185736954633e-07
2024-12-27 17:45:00+00:00,risk_reduce,BTC,0,7.237687361417237e-09,94223.9,3.4098156508672075e-07
2024-12-27 17:45:00+00:00,risk_reduce,BNB,2,-1.1701821593983956e-06,693.38,4.056904528418298e-07
2024-12-27 17:45:00+00:00,risk_reduce,SUI,9,-0.00016221037505564223,4.2079,3.4128251859831853e-07
2024-12-27 17:45:00+00:00,risk_reduce,LTC,11,7.822214889097179e-06,103.1,4.032351775329595e-07
2024-12-27 18:00:00+00:00,risk_reduce,BTC,0,3.5205424472992812e-09,94268.5,1.6593812784661615e-07
2024-12-27 18:00:00+00:00,risk_reduce,BNB,2,-5.691978331636024e-07,693.21,1.9728681496367042e-07
2024-12-27 18:00:00+00:00,risk_reduce,SUI,9,-7.890206944002193e-05,4.2188,1.6643602527678224e-07
2024-12-27 18:00:00+00:00,risk_reduce,LTC,11,3.8048672419540783e-06,103.39,1.9669261207281608e-07
2024-12-27 18:35:00+00:00,risk_reduce,BTC,0,1.3687509102665345e-10,94667.8,6.478831871146512e-09
2024-12-27 18:35:00+00:00,risk_reduce,BNB,2,-2.2129829818141357e-08,695.7,7.697861302240471e-09
2024-12-27 18:35:00+00:00,risk_reduce,SUI,9,-3.067631792100234e-06,4.1952,6.43466444710945e-09
2024-12-27 18:35:00+00:00,risk_reduce,LTC,11,1.4792934835547097e-07,103.04,7.621320027273866e-09
2024-12-27 18:40:00+00:00,risk_reduce,BTC,0,1.5705875077312871e-09,94579.9,7.427300471123718e-08
2024-12-27 18:40:00+00:00,risk_reduce,BNB,2,-2.5393104033735476e-07,695.52,8.830705858771849e-08
2024-12-27 18:40:00+00:00,risk_reduce,SUI,9,-3.5199860945210604e-05,4.2003,7.392498796408406e-08
2024-12-27 18:40:00+00:00,risk_reduce,LTC,11,1.6974307363837836e-06,103.27,8.764683607317668e-08
2024-12-27 18:45:00+00:00,risk_reduce,BTC,0,3.912789945961941e-10,94588.5,1.850524659018105e-08
2024-12-27 18:45:00+00:00,risk_reduce,BNB,2,-6.326160221630526e-08,695.91,2.2012190799174494e-08
2024-12-27 18:45:00+00:00,risk_reduce,SUI,9,-8.769308384774799e-06,4.2068,1.8445363256535314e-08
2024-12-27 18:45:00+00:00,risk_reduce,LTC,11,4.2287932933366204e-07,103.29,2.1839602963436977e-08
2024-12-27 18:55:00+00:00,risk_reduce,BTC,0,5.113566521682976e-10,94594.1,2.4185661145436583e-08
2024-12-27 18:55:00+00:00,risk_reduce,BNB,2,-8.267563954847618e-08,696.2,2.877939012682456e-08
2024-12-27 18:55:00+00:00,risk_reduce,SUI,9,-1.1460477662740554e-05,4.1998,2.4065857043988885e-08
2024-12-27 18:55:00+00:00,risk_reduce,LTC,11,5.526546558989529e-07,103.34,2.8555666070298894e-08
2024-12-31 12:30:00+00:00,risk_reduce,BTC,0,1.8676056234188403e-09,94758.5,8.84857537333671e-08
2024-12-31 12:30:00+00:00,risk_reduce,BNB,2,-3.019526365516975e-07,707.73,1.0685046973336645e-07
2024-12-31 12:30:00+00:00,risk_reduce,SUI,9,-4.1856603290951755e-05,4.2285,8.849532350789477e-08
2024-12-31 12:30:00+00:00,risk_reduce,LTC,11,2.0184365232939726e-06,103.33,1.042825229759831e-07
2024-12-31 12:35:00+00:00,risk_reduce,BTC,0,2.142684093725241e-09,94846.9,1.0161347198457428e-07
2024-12-31 12:35:00+00:00,risk_reduce,BNB,2,-3.464270525237417e-07,708.04,1.2264210513445502e-07
2024-12-31 12:35:00+00:00,risk_reduce,SUI,9,-4.802163634778228e-05,4.2343,1.0166900739370726e-07
2024-12-31 12:35:00+00:00,risk_reduce,LTC,11,2.315730783000649e-06,103.45,1.1978117475070857e-07
2024-12-31 13:20:00+00:00,risk_reduce,BTC,0,2.951933519140386e-09,95359.2,1.4074700941920597e-07
2024-12-31 13:20:00+00:00,risk_reduce,BNB,2,-4.772657020587459e-07,709.65,1.6934580273299453e-07
2024-12-31 13:20:00+00:00,risk_reduce,SUI,9,-6.615845910002555e-05,4.2381,1.4019308275590914e-07
2024-12-31 13:20:00+00:00,risk_reduce,LTC,11,3.190336522151862e-06,103.25,1.6470112295608987e-07
2024-12-31 13:30:00+00:00,risk_reduce,BTC,0,4.643243580969078e-09,95728.7,2.2224583589475727e-07
2024-12-31 13:30:00+00:00,risk_reduce,BNB,2,-7.50715045962861e-07,710.97,2.6686793811410766e-07
2024-12-31 13:30:00+00:00,risk_reduce,SUI,9,-0.00010406394268406421,4.2443,2.2083929596698686e-07
2024-12-31 13:30:00+00:00,risk_reduce,LTC,11,5.018239564529535e-06,103.35,2.593175294970637e-07
2024-12-31 13:50:00+00:00,risk_reduce,BTC,0,9.020391948534387e-09,95867.1,4.323794084846705e-07
2024-12-31 13:50:00+00:00,risk_reduce,BNB,2,-1.4584080800761584e-06,711.3,5.186828336790858e-07
2024-12-31 13:50:00+00:00,risk_reduce,SUI,9,-0.0002021641842283317,4.2494,4.2953824222993635e-07
2024-12-31 13:50:00+00:00,risk_reduce,LTC,11,9.748893628848398e-06,104.11,5.074786578497034e-07
2024-12-31 13:55:00+00:00,risk_reduce,BTC,0,8.174760356888129e-10,95927.8,3.920933882817466e-08
2024-12-31 13:55:00+00:00,risk_reduce,BNB,2,-1.3216871977617855e-07,712.09,4.705801183270949e-08
2024-12-31 13:55:00+00:00,risk_reduce,SUI,9,-1.832119677550037e-05,4.2395,3.883635686486691e-08
2024-12-31 13:55:00+00:00,risk_reduce,LTC,11,8.83496743991994e-07,104.14,4.6003675459663133e-08
2024-12-31 14:05:00+00:00,risk_reduce,BTC,0,1.0414436036678429e-10,95551.8,4.97559054644745e-09
2024-12-31 14:05:00+00:00,risk_reduce,BNB,2,-1.6837957543286864e-08,711.74,5.992123950929496e-09
2024-12-31 14:05:00+00:00,risk_reduce,SUI,9,-2.3340737049584726e-06,4.2313,4.9380830338953925e-09
2024-12-31 14:05:00+00:00,risk_reduce,LTC,11,1.1255523008893084e-07,104.51,5.8815735482970815e-09
2024-12-31 14:10:00+00:00,risk_reduce,BTC,0,2.324466426174024e-09,95711.2,1.1123873550441363e-07
2024-12-31 14:10:00+00:00,risk_reduce,BNB,2,-3.758174408761603e-07,712.44,1.3387368878890585e-07
2024-12-31 14:10:00+00:00,risk_reduce,SUI,9,-5.209572505216614e-05,4.2583,1.1091961299481955e-07
2024-12-31 14:10:00+00:00,risk_reduce,LTC,11,2.5121941554084176e-06,104.56,1.3133751044475207e-07
2024-12-31 14:15:00+00:00,risk_reduce,BTC,0,4.1272589765748615e-10,95884.4,1.978698753067473e-08
2024-12-31 14:15:00+00:00,risk_reduce,BNB,2,-6.67291163659791e-08,712.92,2.3786260819816907e-08
2024-12-31 14:15:00+00:00,risk_reduce,SUI,9,-9.249974378705561e-06,4.265,1.9725570362589608e-08
2024-12-31 14:15:00+00:00,risk_reduce,LTC,11,4.460583195374339e-07,104.43,2.3290935154647112e-08
2024-12-31 14:20:00+00:00,risk_reduce,BTC,0,1.4093336486594985e-09,95800.1,6.750715223747242e-08
2024-12-31 14:20:00+00:00,risk_reduce,BNB,2,-2.2785967532842465e-07,713.77,8.131970022958484e-08
2024-12-31 14:20:00+00:00,risk_reduce,SUI,9,-3.158585447421425e-05,4.2582,6.724944276104957e-08
2024-12-31 14:20:00+00:00,risk_reduce,LTC,11,1.5231537506049317e-06,104.65,7.969902000040305e-08
2024-12-31 14:35:00+00:00,risk_reduce,BTC,0,7.293820837231871e-11,95973.1,3.50005298296869e-09
2024-12-31 14:35:00+00:00,risk_reduce,BNB,2,-1.1792577644476141e-08,713.84,4.209006812866424e-09
2024-12-31 14:35:00+00:00,risk_reduce,SUI,9,-1.6346843328754468e-06,4.2735,3.4929117482716113e-09
2024-12-31 14:35:00+00:00,risk_reduce,LTC,11,7.882881796665922e-08,104.48,4.118017450578278e-09
2025-01-01 19:00:00+00:00,risk_reduce,BTC,0,4.0110266798484e-09,94321.6,1.8916322704299443e-07
2025-01-01 19:00:00+00:00,risk_reduce,BNB,2,-6.484988404791892e-07,705.55,2.28774178450046e-07
2025-01-01 19:00:00+00:00,risk_reduce,SUI,9,-8.989475637823097e-05,4.2538,1.9119715734085945e-07
2025-01-01 19:00:00+00:00,risk_reduce,LTC,11,4.334963787318551e-06,106.55,2.3094519576939581e-07
2025-01-01 19:05:00+00:00,risk_reduce,BTC,0,1.9955848741839662e-09,94332.9,9.412465418895433e-08
2025-01-01 19:05:00+00:00,risk_reduce,BNB,2,-3.226441956838584e-07,706.33,1.1394663736868986e-07
2025-01-01 19:05:00+00:00,risk_reduce,SUI,9,-4.4724862339647065e-05,4.2665,9.540931258605209e-08
2025-01-01 19:05:00+00:00,risk_reduce,LTC,11,2.1567515887067554e-06,106.72,1.1508426477339248e-07
2025-01-01 19:50:00+00:00,risk_reduce,BTC,0,4.090047093736151e-09,94725.4,1.9371567348649718e-07
2025-01-01 19:50:00+00:00,risk_reduce,BNB,2,-6.61274783116941e-07,707.3,2.3385982704930617e-07
2025-01-01 19:50:00+00:00,risk_reduce,SUI,9,-9.166575453464776e-05,4.2768,1.9601804949689075e-07
2025-01-01 19:50:00+00:00,risk_reduce,LTC,11,4.420366019715176e-06,106.75,2.359370363022975e-07
2025-01-01 20:00:00+00:00,risk_reduce,BTC,0,2.6560330335192722e-09,94612.1,1.2564643148531437e-07
2025-01-01 20:00:00+00:00,risk_reduce,BNB,2,-4.29424803172001e-07,707.18,1.5184031615358782e-07
2025-01-01 20:00:00+00:00,risk_reduce,SUI,9,-5.952676497524012e-05,4.2713,1.2712833561937158e-07
2025-01-01 20:00:00+00:00,risk_reduce,LTC,11,2.8705386269489014e-06,107.13,1.537604015525179e-07
2025-01-01 20:05:00+00:00,risk_reduce,BTC,0,8.092743278553997e-09,94764.0,3.834503620244455e-07
2025-01-01 20:05:00+00:00,risk_reduce,BNB,2,-1.308426757369726e-06,707.74,4.63012976630425e-07
2025-01-01 20:05:00+00:00,risk_reduce,SUI,9,-0.00018137380863410962,4.2763,3.8780440893102147e-07
2025-01-01 20:05:00+00:00,risk_reduce,LTC,11,8.74632652753159e-06,107.8,4.7142699983395275e-07
2025-01-02 00:40:00+00:00,risk_reduce,BTC,0,3.678995675938007e-09,95109.1,1.7495298382117778e-07
2025-01-02 00:40:00+00:00,risk_reduce,BNB,2,-5.948163950043081e-07,703.2,2.0913744448351475e-07
2025-01-02 00:40:00+00:00,risk_reduce,SUI,9,-8.245330844258714e-05,4.3361,1.7876289536895105e-07
2025-01-02 00:40:00+00:00,risk_reduce,LTC,11,3.976117413782409e-06,107.84,2.143922509511475e-07
2025-01-02 00:50:00+00:00,risk_reduce,BTC,0,1.036249414011242e-10,95309.1,4.938199951246944e-09
2025-01-02 00:50:00+00:00,risk_reduce,BNB,2,-1.6753978396841836e-08,704.13,5.898489404284121e-09
2025-01-02 00:50:00+00:00,risk_reduce,SUI,9,-2.3224325354787023e-06,4.3253,5.022608722853016e-09
2025-01-02 00:50:00+00:00,risk_reduce,LTC,11,1.119938619936929e-07,107.67,6.029189560430458e-09
2025-01-02 00:55:00+00:00,risk_reduce,BTC,0,6.799002702727399e-10,95255.0,3.2381950122414924e-08
2025-01-02 00:55:00+00:00,risk_reduce,BNB,2,-1.0992560561324171e-07,703.7,3.86773243350191e-08
2025-01-02 00:55:00+00:00,risk_reduce,SUI,9,-1.523786153423412e-05,4.3188,3.2904638197025164e-08
2025-01-02 00:55:00+00:00,risk_reduce,LTC,11,7.348101336316845e-07,107.8,3.9606266202747794e-08
2025-01-02 01:10:00+00:00,risk_reduce,BTC,0,1.7166111600152504e-09,95369.4,8.185608818197921e-08
2025-01-02 01:10:00+00:00,risk_reduce,BNB,2,-2.7754000052316284e-07,702.9,9.754143318386558e-08
2025-01-02 01:10:00+00:00,risk_reduce,SUI,9,-3.847252944015611e-05,4.3335,8.336035316445825e-08
2025-01-02 01:10:00+00:00,risk_reduce,LTC,11,1.8552474988411255e-06,107.86,1.000534976125019e-07
2025-01-02 09:30:00+00:00,risk_reduce,BTC,0,3.5281831408170096e-10,96376.8,1.700175004629464e-08
2025-01-02 09:30:00+00:00,risk_reduce,BNB,2,-5.7043317296123514e-08,711.36,2.0289167095885212e-08
2025-01-02 09:30:00+00:00,risk_reduce,SUI,9,-7.907331195156075e-06,4.3922,1.7365290037682256e-08
2025-01-02 09:30:00+00:00,risk_reduce,LTC,11,3.8131250104395803e-07,106.84,2.036971380576824e-08
2025-01-02 09:35:00+00:00,risk_reduce,BTC,0,2.306084453537023e-09,96476.2,1.1124113247816429e-07
2025-01-02 09:35:00+00:00,risk_reduce,BNB,2,-3.728454616567416e-07,712.52,1.3282992416983076e-07
2025-01-02 09:35:00+00:00,risk_reduce,SUI,9,-5.1683749993446104e-05,4.3799,1.131848282981473e-07
2025-01-02 09:35:00+00:00,risk_reduce,LTC,11,2.492327624446875e-06,106.99,1.333270662697856e-07
2025-01-02 10:00:00+00:00,risk_reduce,BTC,0,1.781342252038893e-09,96721.9,8.614740358374029e-08
2025-01-02 10:00:00+00:00,risk_reduce,BNB,2,-2.8800565968499546e-07,715.12,1.0297930367696698e-07
2025-01-02 10:00:00+00:00,risk_reduce,SUI,9,-3.9923276645800754e-05,4.4134,8.809869457428853e-08
2025-01-02 10:00:00+00:00,risk_reduce,LTC,11,1.9252063802530084e-06,106.89,1.0289265499262204e-07
2025-01-02 13:10:00+00:00,risk_reduce,BTC,0,9.866801036984699e-10,96832.4,4.777130123668585e-08
2025-01-02 13:10:00+00:00,risk_reduce,BNB,2,-1.5952546673079267e-07,713.22,5.688837669086798e-08
2025-01-02 13:10:00+00:00,risk_reduce,SUI,9,-2.211338258876344e-05,4.4179,4.884735646944901e-08
2025-01-02 13:10:00+00:00,risk_reduce,LTC,11,1.066366010650261e-06,106.9,5.699726326925646e-08
2025-01-02 13:30:00+00:00,risk_reduce,BTC,0,1.7003545491790349e-09,96738.8,8.224512933106042e-08
2025-01-02 13:30:00+00:00,risk_reduce,BNB,2,-2.749116477050034e-07,711.99,9.786717202474269e-08
2025-01-02 13:30:00+00:00,risk_reduce,SUI,9,-3.810818779216574e-05,4.4202,8.42229058394655e-08
2025-01-02 13:30:00+00:00,risk_reduce,LTC,11,1.8376779773927356e-06,107.17,9.847197441858974e-08
2025-01-02 13:40:00+00:00,risk_reduce,BTC,0,2.7592565081022498e-09,96640.3,1.3332768835997693e-07
2025-01-02 13:40:00+00:00,risk_reduce,BNB,2,-4.4611387280937744e-07,711.4,1.5868270455829554e-07
2025-01-02 13:40:00+00:00,risk_reduce,SUI,9,-6.18401998737847e-05,4.4129,1.3644730901151222e-07
2025-01-02 13:40:00+00:00,risk_reduce,LTC,11,2.9820985990047268e-06,107.56,1.6037726265447423e-07
2025-01-02 14:35:00+00:00,risk_reduce,BTC,0,1.6667717675009747e-10,96633.3,8.053282812022597e-09
2025-01-02 14:35:00+00:00,risk_reduce,BNB,2,-2.6948201666140113e-08,711.77,9.590460749954274e-09
2025-01-02 14:35:00+00:00,risk_reduce,SUI,9,-3.7355533616945102e-06,4.3862,8.192442077532231e-09
2025-01-02 14:35:00+00:00,risk_reduce,LTC,11,1.8013829950662766e-07,107.61,9.692341204954102e-09
2025-01-02 14:50:00+00:00,risk_reduce,BTC,0,5.2570468623401165e-09,97104.6,2.5524171637439606e-07
2025-01-02 14:50:00+00:00,risk_reduce,BNB,2,-8.499541555532651e-07,712.74,3.028981624145171e-07
2025-01-02 14:50:00+00:00,risk_reduce,SUI,9,-0.0001178204446590364,4.3888,2.585451837597895e-07
2025-01-02 14:50:00+00:00,risk_reduce,LTC,11,5.681614607794348e-06,107.71,3.059833547027646e-07
2025-01-03 12:30:00+00:00,risk_reduce,BTC,0,1.9112144190116928e-09,96845.3,9.254606688675654e-08
2025-01-03 12:30:00+00:00,risk_reduce,BNB,2,-3.09003263643953e-07,706.09,1.0909205721317939e-07
2025-01-03 12:30:00+00:00,risk_reduce,SUI,9,-4.283395955623215e-05,4.3891,9.400126594412926e-08
2025-01-03 12:30:00+00:00,risk_reduce,LTC,11,2.0655672368975232e-06,108.23,1.1177817102470948e-07
2025-01-03 14:10:00+00:00,risk_reduce,BTC,0,1.6034177829046338e-09,96771.4,7.758249181828873e-08
2025-01-03 14:10:00+00:00,risk_reduce,BNB,2,-2.592390068710559e-07,706.45,9.156969820202872e-08
2025-01-03 14:10:00+00:00,risk_reduce,SUI,9,-3.593565001471649e-05,4.41,7.923810828244987e-08
2025-01-03 14:10:00+00:00,risk_reduce,LTC,11,1.7329124385422057e-06,108.44,9.39585124177584e-08
2025-01-03 14:15:00+00:00,risk_reduce,BTC,0,1.0544293496040066e-09,96735.9,5.1000586060179105e-08
2025-01-03 14:15:00+00:00,risk_reduce,BNB,2,-1.7047909803762995e-07,706.26,6.020128389002827e-08
2025-01-03 14:15:00+00:00,risk_reduce,SUI,9,-2.363177237810904e-05,4.4141,5.2156503227105566e-08
2025-01-03 14:15:00+00:00,risk_reduce,LTC,11,1.139586797012284e-06,108.58,6.18681672097969e-08
2025-01-03 14:20:00+00:00,risk_reduce,BTC,0,1.3741105621575542e-09,96878.7,6.656102245904652e-08
2025-01-03 14:20:00+00:00,risk_reduce,BNB,2,-2.221648414173433e-07,707.85,7.862969149863324e-08
2025-01-03 14:20:00+00:00,risk_reduce,SUI,9,-3.079643794006576e-05,4.4317,6.824028700949471e-08
2025-01-03 14:20:00+00:00,risk_reduce,LTC,11,1.485085989742091e-06,108.56,8.06104675232007e-08
2025-01-03 14:25:00+00:00,risk_reduce,BTC,0,1.247402263267462e-09,96969.8,6.048017399429658e-08
2025-01-03 14:25:00+00:00,risk_reduce,BNB,2,-2.0167876853185301e-07,708.3,7.142453587555574e-08
2025-01-03 14:25:00+00:00,risk_reduce,SUI,9,-2.7956663346435928e-05,4.4436,6.211411462311134e-08
2025-01-03 14:25:00+00:00,risk_reduce,LTC,11,1.348144520367002e-06,108.59,7.319750673332637e-08
2025-01-03 14:30:00+00:00,risk_reduce,BTC,0,1.837801105690163e-09,97037.5,8.916781239670459e-08
2025-01-03 14:30:00+00:00,risk_reduce,BNB,2,-2.971338714995121e-07,708.0,1.0518539051082728e-07
2025-01-03 14:30:00+00:00,risk_reduce,SUI,9,-4.118862721548544e-05,4.4553,9.175384541657615e-08
2025-01-03 14:30:00+00:00,risk_reduce,LTC,11,1.9862249437244996e-06,108.71,1.0796125681614516e-07
2025-01-03 14:40:00+00:00,risk_reduce,BTC,0,6.945190963802065e-09,97283.1,3.3782485352532636e-07
2025-01-03 14:40:00+00:00,risk_reduce,BNB,2,-1.122891630105571e-06,709.75,3.984861672337145e-07
2025-01-03 14:40:00+00:00,risk_reduce,SUI,9,-0.00015565497303419995,4.4752,3.482935676613258e-07
2025-01-03 14:40:00+00:00,risk_reduce,LTC,11,7.506096001642839e-06,109.18,4.097577807296826e-07
2025-01-03 15:30:00+00:00,risk_reduce,BTC,0,3.783611029234728e-09,97215.9,1.839135757284902e-07
2025-01-03 15:30:00+00:00,risk_reduce,BNB,2,-6.11730502220317e-07,708.67,2.16757527504236e-07
2025-01-03 15:30:00+00:00,risk_reduce,SUI,9,-8.479793799723301e-05,4.5606,1.9336473801509044e-07
2025-01-03 15:30:00+00:00,risk_reduce,LTC,11,4.089181674964658e-06,109.56,2.2400537215456398e-07
2025-01-03 15:35:00+00:00,risk_reduce,BTC,0,1.8949324924613255e-10,97328.6,9.221556329288569e-09
2025-01-03 15:35:00+00:00,risk_reduce,BNB,2,-3.0637081780597944e-08,708.9,1.0859313637132942e-08
2025-01-03 15:35:00+00:00,risk_reduce,SUI,9,-4.246905053482963e-06,4.5552,9.672750949812798e-09
2025-01-03 15:35:00+00:00,risk_reduce,LTC,11,2.047970355197916e-07,109.48,1.1210589724353392e-08
2025-01-03 15:40:00+00:00,risk_reduce,BTC,0,1.5880766498560238e-09,97406.3,7.73443352894354e-08
2025-01-03 15:40:00+00:00,risk_reduce,BNB,2,-2.5675866759946545e-07,709.4,9.10722993975304e-08
2025-01-03 15:40:00+00:00,risk_reduce,SUI,9,-3.559182596964833e-05,4.5677,8.128639174078134e-08
2025-01-03 15:40:00+00:00,risk_reduce,LTC,11,1.7163323303729869e-06,109.56,9.402068505783222e-08
2025-01-03 15:45:00+00:00,risk_reduce,BTC,0,7.328606264897404e-10,97386.2,3.568525577172758e-08
2025-01-03 15:45:00+00:00,risk_reduce,BNB,2,-1.1848818381071961e-07,709.72,4.204671690707196e-08
2025-01-03 15:45:00+00:00,risk_reduce,SUI,9,-1.6424804105262536e-05,4.6085,3.78468548595512e-08
2025-01-03 15:45:00+00:00,risk_reduce,LTC,11,7.920476552663452e-07,109.61,4.340817174687205e-08
2025-01-03 15:55:00+00:00,risk_reduce,BTC,0,7.860457776551742e-11,97426.1,3.829068726920538e-09
2025-01-03 15:55:00+00:00,risk_reduce,BNB,2,-1.2708710663369462e-08,710.45,4.514451745395417e-09
2025-01-03 15:55:00+00:00,risk_reduce,SUI,9,-1.76167847597275e-06,4.6871,4.1285815923659385e-09
2025-01-03 15:55:00+00:00,risk_reduce,LTC,11,8.495281266602747e-08,109.49,4.6507417294016734e-09
2025-01-03 16:20:00+00:00,risk_reduce,BTC,0,4.559999854364632e-09,97717.7,2.227963488844234e-07
2025-01-03 16:20:00+00:00,risk_reduce,BNB,2,-7.372562822873874e-07,711.76,2.6237476574043545e-07
2025-01-03 16:20:00+00:00,risk_reduce,SUI,9,-0.00010219829203638592,4.7001,2.401710962001087e-07
2025-01-03 16:20:00+00:00,risk_reduce,LTC,11,4.928272937739647e-06,109.69,2.70291129270331e-07
2025-01-03 16:25:00+00:00,risk_reduce,BTC,0,1.0916914002259801e-08,98331.1,5.367360812238044e-07
2025-01-03 16:25:00+00:00,risk_reduce,BNB,2,-1.7650358965808815e-06,714.99,6.309915078481822e-07
2025-01-03 16:25:00+00:00,risk_reduce,SUI,9,-0.0002446688598621641,4.7206,5.774919099326658e-07
2025-01-03 16:25:00+00:00,risk_reduce,LTC,11,1.1798581920889444e-05,110.26,6.504558212986351e-07
2025-01-03 16:35:00+00:00,risk_reduce,BTC,0,1.3772061161153056e-09,98292.0,6.768417178260281e-08
2025-01-03 16:35:00+00:00,risk_reduce,BNB,2,-2.2266532753034566e-07,715.17,7.962178114493865e-08
2025-01-03 16:35:00+00:00,risk_reduce,SUI,9,-3.0865815207059555e-05,4.6885,7.235718729914936e-08
2025-01-03 16:35:00+00:00,risk_reduce,LTC,11,1.48843154572538e-06,110.48,8.222095858586999e-08
2025-01-03 16:40:00+00:00,risk_reduce,BTC,0,6.549045178650888e-10,98198.6,3.215535339401335e-08
2025-01-03 16:40:00+00:00,risk_reduce,BNB,2,-1.0588431699888688e-07,715.36,3.787270250416186e-08
2025-01-03 16:40:00+00:00,risk_reduce,SUI,9,-1.4677659059277037e-05,4.6944,3.445140134393506e-08
2025-01-03 16:40:00+00:00,risk_reduce,LTC,11,7.077956831751282e-07,110.63,3.915171821483222e-08
2025-01-03 17:25:00+00:00,risk_reduce,BTC,0,1.7933900914559276e-09,98164.4,8.802353114685812e-08
2025-01-03 17:25:00+00:00,risk_reduce,BNB,2,-2.8995354248802143e-07,711.23,1.0311182901187775e-07
2025-01-03 17:25:00+00:00,risk_reduce,SUI,9,-4.019329170073388e-05,4.6758,9.396789666714573e-08
2025-01-03 17:25:00+00:00,risk_reduce,LTC,11,1.9382272229842915e-06,110.91,1.0748439065059388e-07
2025-01-03 18:25:00+00:00,risk_reduce,BTC,0,6.998245596126948e-10,98321.2,3.4403795245295844e-08
2025-01-03 18:25:00+00:00,risk_reduce,BNB,2,-1.1314694507713607e-07,713.51,4.036573839099368e-08
2025-01-03 18:25:00+00:00,risk_reduce,SUI,9,-1.5684402851261214e-05,4.7341,3.712576576907786e-08
2025-01-03 18:25:00+00:00,risk_reduce,LTC,11,7.563435413279578e-07,110.76,4.18863053187423e-08
2025-01-03 18:30:00+00:00,risk_reduce,BTC,0,2.3371589917318706e-09,98432.9,1.1502666865862202e-07
2025-01-03 18:30:00+00:00,risk_reduce,BNB,2,-3.7786956236620425e-07,713.36,1.3477851550477772e-07
2025-01-03 18:30:00+00:00,risk_reduce,SUI,9,-5.238018964931479e-05,4.7379,1.2408605026974427e-07
2025-01-03 18:30:00+00:00,risk_reduce,LTC,11,2.5259117934230656e-06,110.91,1.400744385042761e-07
2025-01-03 18:40:00+00:00,risk_reduce,BTC,0,1.5249191452244136e-09,98444.3,7.505979890410789e-08
2025-01-03 18:40:00+00:00,risk_reduce,BNB,2,-2.4654742449627424e-07,713.29,8.792990620947372e-08
2025-01-03 18:40:00+00:00,risk_reduce,SUI,9,-3.4176345858068224e-05,4.7356,8.092275172273395e-08
2025-01-03 18:40:00+00:00,risk_reduce,LTC,11,1.648074121857017e-06,111.07,9.152579635732943e-08
2025-01-03 18:45:00+00:00,risk_reduce,BTC,0,1.2672294596935859e-09,98385.6,6.233856536481464e-08
2025-01-03 18:45:00+00:00,risk_reduce,BNB,2,-2.0488441010901772e-07,713.05,7.304641431411753e-08
2025-01-03 18:45:00+00:00,risk_reduce,SUI,9,-2.8401028626105773e-05,4.7407,6.732037820388982e-08
2025-01-03 18:45:00+00:00,risk_reduce,LTC,11,1.369572993765479e-06,111.26,7.61893456431736e-08
2025-01-03 18:50:00+00:00,risk_reduce,BTC,0,2.966044118862733e-09,98563.8,1.4617228966138133e-07
2025-01-03 18:50:00+00:00,risk_reduce,BNB,2,-4.795470899149356e-07,713.82,1.7115515186153968e-07
2025-01-03 18:50:00+00:00,risk_reduce,SUI,9,-6.647470454679977e-05,4.7368,1.5743869024864056e-07
2025-01-03 18:50:00+00:00,risk_reduce,LTC,11,3.205586717100733e-06,111.42,1.7858323600968184e-07
2025-01-03 19:05:00+00:00,risk_reduce,BTC,0,9.568202888557402e-10,98666.0,4.7202815310120235e-08
2025-01-03 19:05:00+00:00,risk_reduce,BNB,2,-1.5469776129566808e-07,712.59,5.511803886084006e-08
2025-01-03 19:05:00+00:00,risk_reduce,SUI,9,-2.1444167199527464e-05,4.7374,5.079479884552071e-08
2025-01-03 19:05:00+00:00,risk_reduce,LTC,11,1.0340946680806838e-06,111.44,5.7619754905455705e-08
2025-01-03 19:10:00+00:00,risk_reduce,BTC,0,4.709672190384282e-09,98685.8,2.3238888392291262e-07
2025-01-03 19:10:00+00:00,risk_reduce,BNB,2,-7.614551580635846e-07,713.17,2.7152348753810334e-07
2025-01-03 19:10:00+00:00,risk_reduce,SUI,9,-0.00010555273449139313,4.7539,2.5089357224931693e-07
2025-01-03 19:10:00+00:00,risk_reduce,LTC,11,5.090033057627945e-06,111.92,2.8483824990485984e-07
2025-01-03 19:15:00+00:00,risk_reduce,BTC,0,1.5360778487962674e-09,98882.3,7.594545533401358e-08
2025-01-03 19:15:00+00:00,risk_reduce,BNB,2,-2.48351552692178e-07,713.6,8.86118340005691e-08
2025-01-03 19:15:00+00:00,risk_reduce,SUI,9,-3.44264336832531e-05,4.7587,8.191253498424827e-08
2025-01-03 19:15:00+00:00,risk_reduce,LTC,11,1.6601340206705457e-06,111.9,9.288449845651704e-08
2025-01-03 19:20:00+00:00,risk_reduce,BTC,0,1.803256390199791e-09,98906.6,8.917697924146733e-08
2025-01-03 19:20:00+00:00,risk_reduce,BNB,2,-2.9154871594510526e-07,713.68,1.0403624379785136e-07
2025-01-03 19:20:00+00:00,risk_reduce,SUI,9,-4.041441426927417e-05,4.7469,9.592159154740877e-08
2025-01-03 19:20:00+00:00,risk_reduce,LTC,11,1.9488903402315426e-06,112.09,1.0922555911827681e-07
2025-01-03 19:30:00+00:00,risk_reduce,BTC,0,4.385378787502642e-09,98664.6,2.163408219587166e-07
2025-01-03 19:30:00+00:00,risk_reduce,BNB,2,-7.090237202971527e-07,713.76,2.5303638529964787e-07
2025-01-03 19:30:00+00:00,risk_reduce,SUI,9,-9.828470094935815e-05,4.7762,2.347136943371622e-07
2025-01-03 19:30:00+00:00,risk_reduce,LTC,11,4.739549186498059e-06,112.77,2.672394808806931e-07
2025-01-03 19:45:00+00:00,risk_reduce,BTC,0,5.627657069704302e-09,98644.9,2.77569834437637e-07
2025-01-03 19:45:00+00:00,risk_reduce,BNB,2,-9.098740486202656e-07,713.7,3.2468855425014177e-07
2025-01-03 19:45:00+00:00,risk_reduce,SUI,9,-0.00012612652610937553,4.8122,3.0347303447176844e-07
2025-01-03 19:45:00+00:00,risk_reduce,LTC,11,6.082155904666483e-06,113.38,3.4479741823554294e-07
2025-01-03 19:50:00+00:00,risk_reduce,BTC,0,7.209807685999501e-10,98617.0,3.555048022851064e-08
2025-01-03 19:50:00+00:00,risk_reduce,BNB,2,-1.1656746009538945e-07,713.41,4.158019585332589e-08
2025-01-03 19:50:00+00:00,risk_reduce,SUI,9,-1.6158553836673195e-05,4.8114,3.8872632964884706e-08
2025-01-03 19:50:00+00:00,risk_reduce,LTC,11,7.792083605265461e-07,113.49,4.421617841807886e-08
2025-01-03 20:20:00+00:00,risk_reduce,BTC,0,2.0614908345123297e-09,98496.0,1.0152430061806322e-07
2025-01-03 20:20:00+00:00,risk_reduce,BNB,2,-3.3329980639524356e-07,712.59,1.1875305451959332e-07
2025-01-03 20:20:00+00:00,risk_reduce,SUI,9,-4.6201940584307544e-05,4.8394,1.1179483563184898e-07
2025-01-03 20:20:00+00:00,risk_reduce,LTC,11,2.227980222718577e-06,113.81,1.2678321457380065e-07
2025-01-03 20:25:00+00:00,risk_reduce,BTC,0,2.2027364537220178e-09,98691.9,1.08696122908544e-07
2025-01-03 20:25:00+00:00,risk_reduce,BNB,2,-3.561362589026202e-07,712.72,1.2691271722253776e-07
2025-01-03 20:25:00+00:00,risk_reduce,SUI,9,-4.9367524247001526e-05,4.8544,1.1982485485232211e-07
2025-01-03 20:25:00+00:00,risk_reduce,LTC,11,2.380633070296883e-06,113.86,1.3552944069200154e-07
2025-01-03 20:30:00+00:00,risk_reduce,BTC,0,6.359175616618264e-10,98560.2,3.133808103045097e-08
2025-01-03 20:30:00+00:00,risk_reduce,BNB,2,-1.0281452463278004e-07,712.86,3.664618101486179e-08
2025-01-03 20:30:00+00:00,risk_reduce,SUI,9,-1.4252125165217788e-05,4.8844,3.480654007849489e-08
2025-01-03 20:30:00+00:00,risk_reduce,LTC,11,6.872753091804844e-07,114.02,3.918156537637941e-08
2025-01-03 22:00:00+00:00,risk_reduce,BTC,0,4.918863501319069e-10,98222.6,2.415717810723312e-08
2025-01-03 22:00:00+00:00,risk_reduce,BNB,2,-7.952770030445746e-08,714.6,2.8415247318782652e-08
2025-01-03 22:00:00+00:00,risk_reduce,SUI,9,-1.1024111066883224e-05,4.8609,2.6793550742506336e-08
2025-01-03 22:00:00+00:00,risk_reduce,LTC,11,5.316119002676638e-07,114.4,3.040820069531037e-08
2025-01-03 22:05:00+00:00,risk_reduce,BTC,0,3.3622349088611138e-09,98400.0,1.6542195751596682e-07
2025-01-03 22:05:00+00:00,risk_reduce,BNB,2,-5.436028263709454e-07,715.16,1.9438149865372264e-07
2025-01-03 22:05:00+00:00,risk_reduce,SUI,9,-7.535409563265427e-05,4.8726,1.835851831898356e-07
2025-01-03 22:05:00+00:00,risk_reduce,LTC,11,3.633774526506147e-06,114.6,2.0821528036880222e-07
2025-01-03 22:15:00+00:00,risk_reduce,BTC,0,8.662321330673644e-10,98327.2,4.2587090097270675e-08
2025-01-03 22:15:00+00:00,risk_reduce,BNB,2,-1.4005155754814305e-07,714.0,4.999840604468707e-08
2025-01-03 22:15:00+00:00,risk_reduce,SUI,9,-1.9413913889008982e-05,4.8679,4.725249571015341e-08
2025-01-03 22:15:00+00:00,risk_reduce,LTC,11,9.361904639341133e-07,114.78,5.372797072517876e-08
2025-01-04 00:05:00+00:00,exit_scheduled,BTC,0,1.914651090981916e-06,98184.8,9.399481721892061e-05
2025-01-04 00:05:00+00:00,exit_scheduled,BNB,2,-0.00030955890138103766,715.26,0.0001107075499009005
2025-01-04 00:05:00+00:00,exit_scheduled,SUI,9,-0.04291098192835605,4.9764,0.00010677110523413553
2025-01-04 00:05:00+00:00,exit_scheduled,LTC,11,0.002069281460144752,112.44,0.00011633500368933794
2025-02-04 08:05:00+00:00,entry,BTC,0,-2.1814965338441647e-06,98168.5,0.00010707712124134044
2025-02-04 08:05:00+00:00,entry,SOL,3,0.001086534095759766,203.28,0.00011043532549302261
2025-02-04 08:05:00+00:00,entry,XLM,15,0.6262307505826256,0.3372,0.00010558250454823066
2025-02-04 08:05:00+00:00,entry,AAVE,19,-0.0008714908107668722,250.01,0.00010894070879991286
2025-02-04 08:10:00+00:00,risk_reduce,BTC,0,2.0290782997276537e-08,98501.4,9.993352661639675e-07
2025-02-04 08:10:00+00:00,risk_reduce,SOL,3,-1.0106194171830268e-05,205.53,1.0385630440681375e-06
2025-02-04 08:10:00+00:00,risk_reduce,XLM,15,-0.005824768487668552,0.34148,9.945209715845287e-07
2025-02-04 08:10:00+00:00,risk_reduce,AAVE,19,8.106009178126161e-06,253.77,1.028530974566538e-06
2025-02-04 08:30:00+00:00,risk_reduce,BTC,0,2.4272778047400874e-09,98591.8,1.196548439346869e-07
2025-02-04 08:30:00+00:00,risk_reduce,SOL,3,-1.2089499358881352e-06,205.57,1.2426191916026197e-07
2025-02-04 08:30:00+00:00,risk_reduce,XLM,15,-0.000696785888931184,0.34184,1.1909464413611796e-07
2025-02-04 08:30:00+00:00,risk_reduce,AAVE,19,9.696785070209372e-07,254.12,1.2320735110208028e-07
2025-02-04 09:25:00+00:00,risk_reduce,BTC,0,6.100657005058887e-09,98677.9,3.010000109397501e-07
2025-02-04 09:25:00+00:00,risk_reduce,SOL,3,-3.038543375932703e-06,205.28,3.118760921057326e-07
2025-02-04 09:25:00+00:00,risk_reduce,XLM,15,-0.0017512835597282006,0.34255,2.999510916924476e-07
2025-02-04 09:25:00+00:00,risk_reduce,AAVE,19,2.43716477980405e-06,255.39,3.112137565570781e-07
2025-02-04 10:10:00+00:00,risk_reduce,BTC,0,2.0488318919370653e-09,98555.2,1.0096151843811793e-07
2025-02-04 10:10:00+00:00,risk_reduce,SOL,3,-1.020458053695248e-06,206.55,1.0538780549537675e-07
2025-02-04 10:10:00+00:00,risk_reduce,XLM,15,-0.0005881474087168215,0.34249,1.007173030057121e-07
2025-02-04 10:10:00+00:00,risk_reduce,AAVE,19,8.184923234705972e-07,256.12,1.0481612694364468e-07
2025-02-04 10:20:00+00:00,risk_reduce,BTC,0,4.975135539315264e-09,98722.1,2.4557791411291776e-07
2025-02-04 10:20:00+00:00,risk_reduce,SOL,3,-2.4779569028085882e-06,206.69,2.5608445612075356e-07
2025-02-04 10:20:00+00:00,risk_reduce,XLM,15,-0.0014281860249145684,0.34383,2.45526600473188e-07
2025-02-04 10:20:00+00:00,risk_reduce,AAVE,19,1.987527753341198e-06,256.87,2.5526812700037674e-07
2025-02-04 10:25:00+00:00,risk_reduce,BTC,0,4.086061330599749e-09,98793.1,2.0183733282003705e-07
2025-02-04 10:25:00+00:00,risk_reduce,SOL,3,-2.0351372941394396e-06,208.25,2.1190867075226914e-07
2025-02-04 10:25:00+00:00,risk_reduce,XLM,15,-0.0011729641621199827,0.34419,2.0186126748003843e-07
2025-02-04 10:25:00+00:00,risk_reduce,AAVE,19,1.6323495575638848e-06,257.59,2.1023846126644052e-07
2025-02-04 10:45:00+00:00,risk_reduce,BTC,0,1.2445605471294453e-08,98882.0,6.15323180106269e-07
2025-02-04 10:45:00+00:00,risk_reduce,SOL,3,-6.198760565118491e-06,208.43,6.460038322938236e-07
2025-02-04 10:45:00+00:00,risk_reduce,XLM,15,-0.003572694585954661,0.34501,6.163076795501088e-07
2025-02-04 10:45:00+00:00,risk_reduce,AAVE,19,4.9719220885260755e-06,260.43,6.47418834757423e-07
2025-02-04 11:05:00+00:00,risk_reduce,BTC,0,1.956368253466452e-08,99153.9,9.699077108369361e-07
2025-02-04 11:05:00+00:00,risk_reduce,SOL,3,-9.744048538585159e-06,209.38,1.0201044415044802e-06
2025-02-04 11:05:00+00:00,risk_reduce,XLM,15,-0.005616043577320817,0.34809,9.774443044148015e-07
2025-02-04 11:05:00+00:00,risk_reduce,AAVE,19,7.815538227638665e-06,264.52,1.0336830859874897e-06
2025-02-04 11:10:00+00:00,risk_reduce,BTC,0,2.710123387260471e-09,99336.1,1.3460654390462244e-07
2025-02-04 11:10:00+00:00,risk_reduce,SOL,3,-1.349826331736425e-06,210.33,1.4195448617706114e-07
2025-02-04 11:10:00+00:00,risk_reduce,XLM,15,-0.0007779808845191916,0.35036,1.3628669135007197e-07
2025-02-04 11:10:00+00:00,risk_reduce,AAVE,19,1.0826731060075779e-06,264.61,1.432430652903326e-07
2025-02-04 12:35:00+00:00,risk_reduce,BTC,0,1.1650924591411207e-08,99562.3,5.799964247237299e-07
2025-02-04 12:35:00+00:00,risk_reduce,SOL,3,-5.802955273729758e-06,211.84,6.14649022593456e-07
2025-02-04 12:35:00+00:00,risk_reduce,XLM,15,-0.0033445697202204583,0.35335,5.909018553199494e-07
2025-02-04 12:35:00+00:00,risk_reduce,AAVE,19,4.654453289669133e-06,266.84,6.209971579076555e-07
2025-02-04 13:15:00+00:00,risk_reduce,BTC,0,7.013167127986369e-09,99435.7,3.486795912941571e-07
2025-02-04 13:15:00+00:00,risk_reduce,SOL,3,-3.4930356686798444e-06,212.73,3.715367388991316e-07
2025-02-04 13:15:00+00:00,risk_reduce,XLM,15,-0.0020132330473068283,0.3532,3.5553695615438593e-07
2025-02-04 13:15:00+00:00,risk_reduce,AAVE,19,2.8017054400917337e-06,268.93,3.76731322001935e-07
2025-02-04 13:20:00+00:00,risk_reduce,BTC,0,5.6791273692923806e-09,99378.3,2.821910117218745e-07
2025-02-04 13:20:00+00:00,risk_reduce,SOL,3,-2.8285928605281067e-06,212.7,3.0082085071716414e-07
2025-02-04 13:20:00+00:00,risk_reduce,XLM,15,-0.0016302772614812389,0.35269,2.8749124367590905e-07
2025-02-04 13:20:00+00:00,risk_reduce,AAVE,19,2.268766985749583e-06,270.58,3.0694148550206105e-07
2025-02-04 14:35:00+00:00,risk_reduce,BTC,0,4.24213793080256e-09,100006.2,2.121200471677135e-07
2025-02-04 14:35:00+00:00,risk_reduce,SOL,3,-2.112874088601273e-06,214.7,2.2681703341134665e-07
2025-02-04 14:35:00+00:00,risk_reduce,XLM,15,-0.00121776825187081,0.35466,2.1594684410425074e-07
2025-02-04 14:35:00+00:00,risk_reduce,AAVE,19,1.6947009391692297e-06,269.92,2.2871683875027925e-07
2025-02-04 14:40:00+00:00,risk_reduce,BTC,0,7.744701838385371e-09,100240.7,3.881671667855182e-07
2025-02-04 14:40:00+00:00,risk_reduce,SOL,3,-3.857389859827486e-06,215.75,4.161159311288901e-07
2025-02-04 14:40:00+00:00,risk_reduce,XLM,15,-0.0022232308738736606,0.35589,3.956128178514485e-07
2025-02-04 14:40:00+00:00,risk_reduce,AAVE,19,3.093947837903995e-06,271.27,4.196476149941083e-07
2025-02-04 19:15:00+00:00,risk_reduce,BTC,0,4.11840982184077e-09,99933.0,2.0578252436300685e-07
2025-02-04 19:15:00+00:00,risk_reduce,SOL,3,-2.051249049594625e-06,217.27,2.2283744050271213e-07
2025-02-04 19:15:00+00:00,risk_reduce,XLM,15,-0.0011822502735741036,0.35921,2.1233806038527686e-07
2025-02-04 19:15:00+00:00,risk_reduce,AAVE,19,1.6452725269206154e-06,272.94,2.2453034174885638e-07
2025-02-04 19:20:00+00:00,risk_reduce,BTC,0,7.544173130069503e-09,100442.1,3.7887629597387705e-07
2025-02-04 19:20:00+00:00,risk_reduce,SOL,3,-3.75751288299829e-06,217.53,4.08685888719309e-07
2025-02-04 19:20:00+00:00,risk_reduce,XLM,15,-0.0021656661509535935,0.36123,3.9115179185448333e-07
2025-02-04 19:20:00+00:00,risk_reduce,AAVE,19,3.0138381866252027e-06,273.6,4.1229306393032777e-07
2025-02-05 11:20:00+00:00,risk_reduce,BTC,0,3.2670485820229542e-09,97966.9,1.600313108650923e-07
2025-02-05 11:20:00+00:00,risk_reduce,SOL,3,-1.6272130722190786e-06,206.51,1.6801788577198095e-07
2025-02-05 11:20:00+00:00,risk_reduce,XLM,15,-0.0009378544746549977,0.34532,1.6192995359393192e-07
2025-02-05 11:20:00+00:00,risk_reduce,AAVE,19,1.305160367385443e-06,282.03,1.8404718920685823e-07
2025-02-11 16:05:00+00:00,exit_scheduled,BTC,0,2.0555886854902065e-06,96830.6,9.952194288461401e-05
2025-02-11 16:05:00+00:00,exit_scheduled,SOL,3,-0.001023823397833853,198.84,0.00010178852221264167
2025-02-11 16:05:00+00:00,exit_scheduled,XLM,15,-0.5900870459488159,0.32915,9.711357558702638e-05
2025-02-11 16:05:00+00:00,exit_scheduled,AAVE,19,0.0008211916096718581,250.19,0.00010272696441190109
2025-02-18 08:05:00+00:00,entry,BNB,2,0.00032903114544615287,648.6,0.00010670480046818738
2025-02-18 08:05:00+00:00,entry,XRP,4,-0.09083832838783457,2.557,0.0001161368028438465
2025-02-18 08:05:00+00:00,entry,SUI,9,0.06988907653063378,3.087,0.00010787378962503325
2025-02-18 08:05:00+00:00,entry,LTC,11,-0.0016000290491568331,123.05,9.844178724937416e-05
2025-02-18 08:10:00+00:00,risk_reduce,BNB,2,-1.893106565869834e-07,649.05,6.143604082889078e-08
2025-02-18 08:10:00+00:00,risk_reduce,XRP,4,5.2264546467312156e-05,2.5572,6.682544911310532e-08
2025-02-18 08:10:00+00:00,risk_reduce,SUI,9,-4.021122969477542e-05,3.0766,6.185693463947304e-08
2025-02-18 08:10:00+00:00,risk_reduce,LTC,11,9.205892938901183e-07,123.22,5.6717506396570185e-08
2025-02-18 08:15:00+00:00,risk_reduce,BNB,2,-6.230667400815575e-07,648.07,2.018954311223275e-07
2025-02-18 08:15:00+00:00,risk_reduce,XRP,4,0.00017201514788613148,2.5637,2.2049761731783763e-07
2025-02-18 08:15:00+00:00,risk_reduce,SUI,9,-0.00013234479374955865,3.0706,2.031889618436974e-07
2025-02-18 08:15:00+00:00,risk_reduce,LTC,11,3.0298799900603003e-06,123.41,1.8695874478667084e-07
2025-02-18 08:25:00+00:00,risk_reduce,BNB,2,-4.2558468063048655e-07,649.97,1.383086374346987e-07
2025-02-18 08:25:00+00:00,risk_reduce,XRP,4,0.00011749465517474356,2.5711,1.5104525395989157e-07
2025-02-18 08:25:00+00:00,risk_reduce,SUI,9,-9.039788702834561e-05,3.0687,1.387019979619421e-07
2025-02-18 08:25:00+00:00,risk_reduce,LTC,11,2.069554391155321e-06,123.34,1.2762941930254868e-07
2025-02-18 08:30:00+00:00,risk_reduce,BNB,2,-6.109560649197876e-07,650.35,1.9866763841029196e-07
2025-02-18 08:30:00+00:00,risk_reduce,XRP,4,0.00016867165441274146,2.5731,2.1700451698471254e-07
2025-02-18 08:30:00+00:00,risk_reduce,SUI,9,-0.00012977238103138722,3.0729,1.9938877483567488e-07
2025-02-18 08:30:00+00:00,risk_reduce,LTC,11,2.9709875954285394e-06,123.74,1.838150025291637e-07
2025-02-18 09:25:00+00:00,risk_reduce,BNB,2,-5.846360556422173e-07,650.43,1.9013241483568368e-07
2025-02-18 09:25:00+00:00,risk_reduce,XRP,4,0.0001614052734666832,2.5824,2.0840648910018136e-07
2025-02-18 09:25:00+00:00,risk_reduce,SUI,9,-0.0001241817821833885,3.0805,1.9127099000796413e-07
2025-02-18 09:25:00+00:00,risk_reduce,LTC,11,2.8429973428307966e-06,123.7,1.7583938565408478e-07
2025-02-18 09:35:00+00:00,risk_reduce,BNB,2,-4.4080188403171263e-07,650.98,1.4347660523348215e-07
2025-02-18 09:35:00+00:00,risk_reduce,XRP,4,0.00012169579339170455,2.5868,1.5740133917283067e-07
2025-02-18 09:35:00+00:00,risk_reduce,SUI,9,-9.363015335878133e-05,3.0836,1.4435897044856906e-07
2025-02-18 09:35:00+00:00,risk_reduce,LTC,11,2.1435533661029633e-06,123.82,1.3270738889543448e-07
2025-02-18 09:55:00+00:00,risk_reduce,BNB,2,-1.1068750278163853e-06,651.97,3.608246559427244e-07
2025-02-18 09:55:00+00:00,risk_reduce,XRP,4,0.00030558407206326965,2.5927,3.961439118192196e-07
2025-02-18 09:55:00+00:00,risk_reduce,SUI,9,-0.00023510988123634502,3.0877,3.629743901467312e-07
2025-02-18 09:55:00+00:00,risk_reduce,LTC,11,5.382567039029186e-06,124.43,3.3487640833320083e-07
2025-02-18 10:00:00+00:00,risk_reduce,BNB,2,-3.738281335677611e-07,654.52,1.223389949913855e-07
2025-02-18 10:00:00+00:00,risk_reduce,XRP,4,0.00010320580050741934,2.5989,1.3411077746936606e-07
2025-02-18 10:00:00+00:00,risk_reduce,SUI,9,-7.940434635997362e-05,3.0956,1.2290204729596716e-07
2025-02-18 10:00:00+00:00,risk_reduce,LTC,11,1.8178700751550307e-06,124.36,1.1303516127313981e-07
2025-02-18 10:05:00+00:00,risk_reduce,BNB,2,-3.689660120262243e-07,654.07,1.2066479974299627e-07
2025-02-18 10:05:00+00:00,risk_reduce,XRP,4,0.00010186347471434487,2.6039,1.326211509043413e-07
2025-02-18 10:05:00+00:00,risk_reduce,SUI,9,-7.837158946377709e-05,3.1022,1.2156217241726463e-07
2025-02-18 10:05:00+00:00,risk_reduce,LTC,11,1.7942263082512764e-06,124.39,1.1159190524168814e-07
2025-02-18 12:10:00+00:00,risk_reduce,BNB,2,-4.408440872113572e-07,656.76,1.4476438135846547e-07
2025-02-18 12:10:00+00:00,risk_reduce,XRP,4,0.00012170744476983075,2.5859,1.573616407151527e-07
2025-02-18 12:10:00+00:00,risk_reduce,SUI,9,-9.363911768114908e-05,3.0807,1.4423701492015798e-07
2025-02-18 12:10:00+00:00,risk_reduce,LTC,11,2.1437585938279685e-06,125.82,1.348638531377175e-07
2025-02-18 12:20:00+00:00,risk_reduce,BNB,2,-8.014443220575348e-07,657.6,2.635148930925175e-07
2025-02-18 12:20:00+00:00,risk_reduce,XRP,4,0.00022126131072762456,2.5882,2.8633426221261893e-07
2025-02-18 12:20:00+00:00,risk_reduce,SUI,9,-0.00017023374332350572,3.0929,2.6325797236263544e-07
2025-02-18 12:20:00+00:00,risk_reduce,LTC,11,3.897303383954996e-06,126.36,2.4623162779827665e-07
2025-02-18 12:25:00+00:00,risk_reduce,BNB,2,-3.0111297592160967e-07,657.9,9.90511134294135e-08
2025-02-18 12:25:00+00:00,risk_reduce,XRP,4,8.313073022774009e-05,2.5914,1.0771248715608284e-07
2025-02-18 12:25:00+00:00,risk_reduce,SUI,9,-6.395901454867015e-05,3.0893,9.879429182260334e-08
2025-02-18 12:25:00+00:00,risk_reduce,LTC,11,1.4642671832764374e-06,126.45,9.257829266265276e-08
2025-02-18 12:30:00+00:00,risk_reduce,BNB,2,-7.69325082222445e-07,658.37,2.5325027719139553e-07
2025-02-18 12:30:00+00:00,risk_reduce,XRP,4,0.00021239388861246655,2.5941,2.754854932247998e-07
2025-02-18 12:30:00+00:00,risk_reduce,SUI,9,-0.00016341133747528602,3.1002,2.5330391422044084e-07
2025-02-18 12:30:00+00:00,risk_reduce,LTC,11,3.7411123440360145e-06,126.95,2.3746710603768604e-07
2025-02-18 12:35:00+00:00,risk_reduce,BNB,2,-1.058673415493198e-06,661.01,3.4989685718757943e-07
2025-02-18 12:35:00+00:00,risk_reduce,XRP,4,0.000292276657401655,2.6046,3.806318909341753e-07
2025-02-18 12:35:00+00:00,risk_reduce,SUI,9,-0.00022487143962017508,3.1229,3.511255093949224e-07
2025-02-18 12:35:00+00:00,risk_reduce,LTC,11,5.148169836816877e-06,127.22,3.2747508331992156e-07
2025-02-18 12:40:00+00:00,risk_reduce,BNB,2,-1.177995360995116e-06,661.39,3.8955717590427985e-07
2025-02-18 12:40:00+00:00,risk_reduce,XRP,4,0.00032521884606494245,2.6167,4.2550007724906745e-07
2025-02-18 12:40:00+00:00,risk_reduce,SUI,9,-0.0002502164584622657,3.1311,3.9172637654560003e-07
2025-02-18 12:40:00+00:00,risk_reduce,LTC,11,5.728414539020281e-06,127.57,3.6538692137140856e-07
2025-02-18 12:45:00+00:00,risk_reduce,BNB,2,-1.242894563698439e-07,661.77,4.1125516770935803e-08
2025-02-18 12:45:00+00:00,risk_reduce,XRP,4,3.4313610152492124e-05,2.6108,4.4792986693063214e-08
2025-02-18 12:45:00+00:00,risk_reduce,SUI,9,-2.6400161347653328e-05,3.1281,4.1291172355797186e-08
2025-02-18 12:45:00+00:00,risk_reduce,LTC,11,6.044009615746755e-07,128.02,3.8687705550394985e-08
2025-02-18 14:25:00+00:00,risk_reduce,BNB,2,-1.2048165116779696e-06,660.69,3.980051105502589e-07
2025-02-18 14:25:00+00:00,risk_reduce,XRP,4,0.00033262358123115066,2.6269,4.3688444276805485e-07
2025-02-18 14:25:00+00:00,risk_reduce,SUI,9,-0.000255913504102645,3.1723,4.059172045324104e-07
2025-02-18 14:25:00+00:00,risk_reduce,LTC,11,5.858841767014461e-06,128.11,3.7528810938611133e-07
2025-02-19 02:10:00+00:00,risk_reduce,BNB,2,-5.113490654990219e-07,644.09,1.6467740979863252e-07
2025-02-19 02:10:00+00:00,risk_reduce,XRP,4,0.00014117233269704543,2.5549,1.8034059640384067e-07
2025-02-19 02:10:00+00:00,risk_reduce,SUI,9,-0.00010861498817710258,3.0698,1.6671314535303474e-07
2025-02-19 02:10:00+00:00,risk_reduce,LTC,11,2.4866137153924193e-06,133.09,1.6547170969078855e-07
2025-02-19 02:50:00+00:00,risk_reduce,BNB,2,-1.3510805475591497e-06,648.17,4.37864939255707e-07
2025-02-19 02:50:00+00:00,risk_reduce,XRP,4,0.0003730038938750818,2.572,4.796830075233552e-07
2025-02-19 02:50:00+00:00,risk_reduce,SUI,9,-0.00028698125722832757,3.0867,4.429125233433394e-07
2025-02-19 02:50:00+00:00,risk_reduce,LTC,11,6.570101808794264e-06,133.26,4.377658835199618e-07
2025-02-19 07:20:00+00:00,risk_reduce,BNB,2,-2.2845495337891e-07,654.5,7.47618834932483e-08
2025-02-19 07:20:00+00:00,risk_reduce,XRP,4,6.307143370493096e-05,2.553,8.051068512434436e-08
2025-02-19 07:20:00+00:00,risk_reduce,SUI,9,-4.8525818730174586e-05,3.1211,7.572696641937396e-08
2025-02-19 07:20:00+00:00,risk_reduce,LTC,11,1.1109421308259579e-06,134.4,7.465531119150437e-08
2025-02-19 07:45:00+00:00,risk_reduce,BNB,2,-1.313657559008836e-07,655.8,4.307483135989973e-08
2025-02-19 07:45:00+00:00,risk_reduce,XRP,4,3.626722223290524e-05,2.5553,4.633681648587138e-08
2025-02-19 07:45:00+00:00,risk_reduce,SUI,9,-2.7903228903183863e-05,3.1323,4.37006419467214e-08
2025-02-19 07:45:00+00:00,risk_reduce,LTC,11,6.388119435346128e-07,134.35,4.291219230693762e-08
2025-02-19 07:50:00+00:00,risk_reduce,BNB,2,-7.795554614758744e-07,655.7,2.555772580448654e-07
2025-02-19 07:50:00+00:00,risk_reduce,XRP,4,0.0002152182733645286,2.5601,2.754901508202648e-07
2025-02-19 07:50:00+00:00,risk_reduce,SUI,9,-0.00016558435899156898,3.152,2.609609497707127e-07
2025-02-19 07:50:00+00:00,risk_reduce,LTC,11,3.7908611420325086e-06,134.75,2.5540926944444023e-07
2025-02-19 07:55:00+00:00,risk_reduce,BNB,2,-8.582875401694744e-08,655.25,2.8119645534802404e-08
2025-02-19 07:55:00+00:00,risk_reduce,XRP,4,2.369544844131599e-05,2.5607,3.033846741183893e-08
2025-02-19 07:55:00+00:00,risk_reduce,SUI,9,-1.8230773715613435e-05,3.1476,2.8691591673632427e-08
2025-02-19 07:55:00+00:00,risk_reduce,LTC,11,4.173723417392073e-07,134.81,2.813298269493127e-08
2025-02-19 08:05:00+00:00,risk_reduce,BNB,2,-1.9201421461395671e-07,653.73,6.276272625979096e-08
2025-02-19 08:05:00+00:00,risk_reduce,XRP,4,5.301093991749717e-05,2.5567,6.776653504353251e-08
2025-02-19 08:05:00+00:00,risk_reduce,SUI,9,-4.0785488929703795e-05,3.1477,6.419024175201432e-08
2025-02-19 08:05:00+00:00,risk_reduce,LTC,11,9.337362905773895e-07,135.25,6.314391665029597e-08
2025-02-19 08:10:00+00:00,risk_reduce,BNB,2,-1.2848920993022497e-06,654.36,4.2039099704971007e-07
2025-02-19 08:10:00+00:00,risk_reduce,XRP,4,0.00035473070581536204,2.5646,4.5487118406703874e-07
2025-02-19 08:10:00+00:00,risk_reduce,SUI,9,-0.000272922255247221,3.1532,4.3028922762276866e-07
2025-02-19 08:10:00+00:00,risk_reduce,LTC,11,6.248237324548616e-06,135.97,4.2478641450943764e-07
2025-02-19 08:40:00+00:00,risk_reduce,BNB,2,-3.528184536547431e-07,658.07,1.160896198982884e-07
2025-02-19 08:40:00+00:00,risk_reduce,XRP,4,9.740548576614438e-05,2.5633,1.2483974083217896e-07
2025-02-19 08:40:00+00:00,risk_reduce,SUI,9,-7.494170764733854e-05,3.1496,1.1801820120302873e-07
2025-02-19 08:40:00+00:00,risk_reduce,LTC,11,1.7157031567958166e-06,136.34,1.1695948419877082e-07
2025-02-19 10:05:00+00:00,risk_reduce,BNB,2,-1.627648070951697e-06,654.43,5.325908635364595e-07
2025-02-19 10:05:00+00:00,risk_reduce,XRP,4,0.00044935815960052417,2.578,5.792226677250756e-07
2025-02-19 10:05:00+00:00,risk_reduce,SUI,9,-0.0003457266042138224,3.1735,5.485816892362828e-07
2025-02-19 10:05:00+00:00,risk_reduce,LTC,11,7.91500814245269e-06,137.01,5.422176327987216e-07
2025-02-19 10:10:00+00:00,risk_reduce,BNB,2,-2.1904915930139133e-07,654.91,7.17287424590371e-08
2025-02-19 10:10:00+00:00,risk_reduce,XRP,4,6.047469894898683e-05,2.5736,7.781884260755624e-08
2025-02-19 10:10:00+00:00,risk_reduce,SUI,9,-4.652794627581225e-05,3.1649,7.362814858415909e-08
2025-02-19 10:10:00+00:00,risk_reduce,LTC,11,1.0652031667104152e-06,137.48,7.322206567967394e-08
2025-02-19 10:15:00+00:00,risk_reduce,BNB,2,-4.6721866119275694e-07,654.61,1.529230039016953e-07
2025-02-19 10:15:00+00:00,risk_reduce,XRP,4,0.00012898888984141932,2.579,1.6633117345051022e-07
2025-02-19 10:15:00+00:00,risk_reduce,SUI,9,-9.924130654671848e-05,3.1719,1.5739175011776816e-07
2025-02-19 10:15:00+00:00,risk_reduce,LTC,11,2.2720141863862182e-06,137.6,1.5631457602337181e-07
2025-02-19 10:20:00+00:00,risk_reduce,BNB,2,-1.2325250245823942e-06,655.86,4.0418193131130454e-07
2025-02-19 10:20:00+00:00,risk_reduce,XRP,4,0.0003402732977676737,2.5782,4.386463081523081e-07
2025-02-19 10:20:00+00:00,risk_reduce,SUI,9,-0.00026179903319534237,3.1745,4.1554051543930717e-07
2025-02-19 10:20:00+00:00,risk_reduce,LTC,11,5.993584104235826e-06,138.79,4.1592476891344517e-07
2025-02-19 10:25:00+00:00,risk_reduce,BNB,2,-2.0221983655454136e-07,654.74,6.620070789286022e-08
2025-02-19 10:25:00+00:00,risk_reduce,XRP,4,5.582848971506793e-05,2.5752,7.188476335712148e-08
2025-02-19 10:25:00+00:00,risk_reduce,SUI,9,-4.2953251777458346e-05,3.1632,6.793486301122812e-08
2025-02-19 10:25:00+00:00,risk_reduce,LTC,11,9.833646974796544e-07,139.19,6.843726612109655e-08
2025-02-19 12:30:00+00:00,risk_reduce,BNB,2,-5.231670821373457e-07,656.83,1.718159172801364e-07
2025-02-19 12:30:00+00:00,risk_reduce,XRP,4,0.0001444350295302793,2.6145,1.8881269235345764e-07
2025-02-19 12:30:00+00:00,risk_reduce,SUI,9,-0.00011112523767993487,3.2043,1.7803929954890765e-07
2025-02-19 12:30:00+00:00,risk_reduce,LTC,11,2.5440829555735574e-06,137.34,1.747021765592362e-07
2025-02-19 15:40:00+00:00,risk_reduce,BNB,2,-1.6484038906246484e-07,654.3,5.3927533281785374e-08
2025-02-19 15:40:00+00:00,risk_reduce,XRP,4,4.550883890620805e-05,2.6173,5.955514203460917e-08
2025-02-19 15:40:00+00:00,risk_reduce,SUI,9,-3.501353208039404e-05,3.198,5.5986637796550065e-08
2025-02-19 15:40:00+00:00,risk_reduce,LTC,11,8.015940576586774e-07,137.38,5.5061495820574545e-08
2025-02-19 16:10:00+00:00,risk_reduce,BNB,2,-1.4834213396258266e-06,651.95,4.835582711845288e-07
2025-02-19 16:10:00+00:00,risk_reduce,XRP,4,0.0004095403023435251,2.6369,5.399584116248208e-07
2025-02-19 16:10:00+00:00,risk_reduce,SUI,9,-0.0003150915922919828,3.2079,5.053911594567259e-07
2025-02-19 16:10:00+00:00,risk_reduce,LTC,11,7.213655206780162e-06,137.7,4.966601609868141e-07
2025-02-19 16:20:00+00:00,risk_reduce,BNB,2,-1.0034275521096734e-06,656.18,3.292145455716627e-07
2025-02-19 16:20:00+00:00,risk_reduce,XRP,4,0.0002770244785439552,2.6545,3.676807391474645e-07
2025-02-19 16:20:00+00:00,risk_reduce,SUI,9,-0.00021313673782233367,3.2267,3.43864155965662e-07
2025-02-19 16:20:00+00:00,risk_reduce,LTC,11,4.879517499544904e-06,137.58,3.3566200879369397e-07
2025-02-19 17:45:00+00:00,risk_reduce,BNB,2,-1.5108984323007005e-07,655.45,4.9515918872574715e-08
2025-02-19 17:45:00+00:00,risk_reduce,XRP,4,4.171261287981565e-05,2.6688,5.5661310626826004e-08
2025-02-19 17:45:00+00:00,risk_reduce,SUI,9,-3.209279657154229e-05,3.2146,5.1582751929439925e-08
2025-02-19 17:45:00+00:00,risk_reduce,LTC,11,7.347272182177834e-07,136.95,5.031044626746271e-08
2025-02-19 17:50:00+00:00,risk_reduce,BNB,2,-8.971445856928396e-08,655.44,2.9401222362325742e-08
2025-02-19 17:50:00+00:00,risk_reduce,XRP,4,2.476820678359859e-05,2.6747,3.3123761342045575e-08
2025-02-19 17:50:00+00:00,risk_reduce,SUI,9,-1.905613115242566e-05,3.2111,3.059557137177702e-08
2025-02-19 17:50:00+00:00,risk_reduce,LTC,11,4.3626793945483744e-07,136.71,2.9821095001435416e-08
2025-02-19 17:55:00+00:00,risk_reduce,BNB,2,-1.805056413332895e-07,655.84,5.919140990601229e-08
2025-02-19 17:55:00+00:00,risk_reduce,XRP,4,4.983367365132829e-05,2.6832,6.685685657062203e-08
2025-02-19 17:55:00+00:00,risk_reduce,SUI,9,-3.8340967886935085e-05,3.2058,6.145673742596824e-08
2025-02-19 17:55:00+00:00,risk_reduce,LTC,11,8.777718269747676e-07,136.41,5.986842745881402e-08
2025-02-19 22:55:00+00:00,risk_reduce,BNB,2,-5.020410590081252e-07,650.99,1.6341185450184972e-07
2025-02-19 22:55:00+00:00,risk_reduce,XRP,4,0.00013860259496260852,2.7152,1.881668829212373e-07
2025-02-19 22:55:00+00:00,risk_reduce,SUI,9,-0.00010663788665647711,3.2065,1.7096719178199694e-07
2025-02-19 22:55:00+00:00,risk_reduce,LTC,11,2.441350277625643e-06,135.13,1.6494983150777659e-07
2025-02-19 23:05:00+00:00,risk_reduce,BNB,2,-5.555248060159839e-07,653.27,1.814538450130309e-07
2025-02-19 23:05:00+00:00,risk_reduce,XRP,4,0.00015336829189237233,2.713,2.0804408795200307e-07
2025-02-19 23:05:00+00:00,risk_reduce,SUI,9,-0.00011799829961285646,3.2152,1.8969406645762806e-07
2025-02-19 23:05:00+00:00,risk_reduce,LTC,11,2.7014337075825703e-06,135.75,1.8335981290216696e-07
2025-02-19 23:20:00+00:00,risk_reduce,BNB,2,-5.989874779561044e-07,651.11,1.9500336838599959e-07
2025-02-19 23:20:00+00:00,risk_reduce,XRP,4,0.0001653673883941914,2.7242,2.2524691973172813e-07
2025-02-19 23:20:00+00:00,risk_reduce,SUI,9,-0.00012723014908209984,3.2244,2.0512044635016139e-07
2025-02-19 23:20:00+00:00,risk_reduce,LTC,11,2.9127861543667456e-06,135.7,1.9763254057378367e-07
2025-02-19 23:25:00+00:00,risk_reduce,BNB,2,-1.135588789110656e-06,651.38,3.698499127254496e-07
2025-02-19 23:25:00+00:00,risk_reduce,XRP,4,0.00031351131577196656,2.7416,4.297613116602118e-07
2025-02-19 23:25:00+00:00,risk_reduce,SUI,9,-0.00024120893382864605,3.238,3.90517263868578e-07
2025-02-19 23:25:00+00:00,risk_reduce,LTC,11,5.522197748210594e-06,135.79,3.7492961611475827e-07
2025-02-21 13:35:00+00:00,risk_reduce,BNB,2,-1.4925592513322745e-06,665.77,4.968505863797442e-07
2025-02-21 13:35:00+00:00,risk_reduce,XRP,4,0.0004120630806149911,2.6949,5.552343979746697e-07
2025-02-21 13:35:00+00:00,risk_reduce,SUI,9,-0.00031703256420125003,3.5417,5.614171163157837e-07
2025-02-21 13:35:00+00:00,risk_reduce,LTC,11,7.25809149915331e-06,139.14,5.049454255960957e-07
2025-02-21 13:40:00+00:00,risk_reduce,BNB,2,-5.182610861919701e-07,666.49,1.727079156680431e-07
2025-02-21 13:40:00+00:00,risk_reduce,XRP,4,0.0001430805909705124,2.7111,1.939528950900781e-07
2025-02-21 13:40:00+00:00,risk_reduce,SUI,9,-0.00011008316147884112,3.5551,1.9567832368671404e-07
2025-02-21 13:40:00+00:00,risk_reduce,LTC,11,2.5202258340324604e-06,138.71,1.7479026271932128e-07
2025-02-25 16:05:00+00:00,exit_scheduled,BNB,2,-0.0003013634701452331,608.07,9.162504264560595e-05
2025-02-25 16:05:00+00:00,exit_scheduled,XRP,4,0.08319988622362848,2.1908,9.113715536936263e-05
2025-02-25 16:05:00+00:00,exit_scheduled,SUI,9,-0.06401222170004099,2.7764,8.886176616399691e-05
2025-02-25 16:05:00+00:00,exit_scheduled,LTC,11,0.0014654852990687263,110.94,8.129046953934224e-05
2025-02-28 16:05:00+00:00,entry,BTC,0,-2.388475921196887e-06,83790.8,0.00010006615410891206
2025-02-28 16:05:00+00:00,entry,BNB,2,0.00040876922702803164,587.89,0.00012015567043875477
2025-02-28 16:05:00+00:00,entry,XLM,15,0.6993558100380676,0.27963,9.778043258047242e-05
2025-02-28 16:05:00+00:00,entry,UNI,17,-0.03167695482674419,7.442,0.00011786994891031512
2025-02-28 16:40:00+00:00,risk_reduce,BTC,0,1.9953241764665684e-08,84691.0,8.449299991456508e-07
2025-02-28 16:40:00+00:00,risk_reduce,BNB,2,-3.414843390490887e-06,590.65,1.0084886242967211e-06
2025-02-28 16:40:00+00:00,risk_reduce,XLM,15,-0.005842393232174725,0.28419,8.301748663258675e-07
2025-02-28 16:40:00+00:00,risk_reduce,UNI,17,0.0002646281389806493,7.489,9.909000664130414e-07
2025-02-28 18:55:00+00:00,risk_reduce,BTC,0,6.537562351528786e-09,84900.0,2.7751952182239696e-07
2025-02-28 18:55:00+00:00,risk_reduce,BNB,2,-1.1188533597369715e-06,591.45,3.3087290980821593e-07
2025-02-28 18:55:00+00:00,risk_reduce,XLM,15,-0.001914225792880031,0.28781,2.7546666272440087e-07
2025-02-28 18:55:00+00:00,risk_reduce,UNI,17,8.670385388797469e-05,7.509,3.25529619422401e-07
2025-03-01 01:55:00+00:00,risk_reduce,BTC,0,6.591359328347837e-10,84528.5,2.7857885849312505e-08
2025-03-01 01:55:00+00:00,risk_reduce,BNB,2,-1.1280602972801694e-07,594.15,3.351185128145063e-08
2025-03-01 01:55:00+00:00,risk_reduce,XLM,15,-0.00019299777742864954,0.28896,2.788431888289129e-08
2025-03-01 01:55:00+00:00,risk_reduce,UNI,17,8.741733162891119e-06,7.538,3.294759229093663e-08
2025-03-01 02:00:00+00:00,risk_reduce,BTC,0,2.0405661236195076e-10,84615.1,8.63313533033385e-09
2025-03-01 02:00:00+00:00,risk_reduce,BNB,2,-3.492271492670264e-08,593.6,1.0365061790245342e-08
2025-03-01 02:00:00+00:00,risk_reduce,XLM,15,-5.974863559043975e-05,0.28992,8.661162215190146e-09
2025-03-01 02:00:00+00:00,risk_reduce,UNI,17,2.7062831299759504e-06,7.532,1.019186226748943e-08
2025-03-01 02:25:00+00:00,risk_reduce,BTC,0,4.340464206201211e-10,84737.2,1.8389939176685665e-08
2025-03-01 02:25:00+00:00,risk_reduce,BNB,2,-7.42836962585691e-08,594.87,2.2094571196667504e-08
2025-03-01 02:25:00+00:00,risk_reduce,XLM,15,-0.00012709062017035588,0.29047,1.845800622044164e-08
2025-03-01 02:25:00+00:00,risk_reduce,UNI,17,5.7565030221473634e-06,7.524,2.1655964369318383e-08
2025-03-01 02:30:00+00:00,risk_reduce,BTC,0,9.831083662286684e-09,85034.9,4.1799260805709096e-07
2025-03-01 02:30:00+00:00,risk_reduce,BNB,2,-1.682514122841605e-06,596.06,5.014396840304834e-07
2025-03-01 02:30:00+00:00,risk_reduce,XLM,15,-0.002878582705052035,0.2916,4.196973583965868e-07
2025-03-01 02:30:00+00:00,risk_reduce,UNI,17,0.00013038389472737333,7.561,4.929163140168349e-07
2025-03-01 02:35:00+00:00,risk_reduce,BTC,0,1.0783813558094771e-08,85391.6,4.6042354691370274e-07
2025-03-01 02:35:00+00:00,risk_reduce,BNB,2,-1.8455664942805148e-06,597.97,5.517966982924598e-07
2025-03-01 02:35:00+00:00,risk_reduce,XLM,15,-0.003157546031463232,0.29326,4.629909745934537e-07
2025-03-01 02:35:00+00:00,risk_reduce,UNI,17,0.00014301939236993286,7.599,5.4340218130956e-07
2025-03-01 03:40:00+00:00,risk_reduce,BTC,0,2.52455568287352e-09,85408.4,1.0780913079256737e-07
2025-03-01 03:40:00+00:00,risk_reduce,BNB,2,-4.3205822839543833e-07,592.88,1.2807934122554374e-07
2025-03-01 03:40:00+00:00,risk_reduce,XLM,15,-0.0007392005374278199,0.29516,1.0909121531359766e-07
2025-03-01 03:40:00+00:00,risk_reduce,UNI,17,3.348170086802174e-05,7.615,1.2748157605499277e-07
2025-03-01 04:05:00+00:00,risk_reduce,BTC,0,3.1554352147284047e-10,85431.8,1.3478725508881706e-08
2025-03-01 04:05:00+00:00,risk_reduce,BNB,2,-5.400283930917429e-08,592.96,1.6010761798383994e-08
2025-03-01 04:05:00+00:00,risk_reduce,XLM,15,-9.239247216330515e-05,0.29532,1.364267243963364e-08
2025-03-01 04:05:00+00:00,risk_reduce,UNI,17,4.184868596272123e-06,7.615,1.593388718030611e-08
2025-03-01 04:10:00+00:00,risk_reduce,BTC,0,1.477663373532507e-09,85528.0,6.319079650574413e-08
2025-03-01 04:10:00+00:00,risk_reduce,BNB,2,-2.528906863351896e-07,593.49,7.504404671653584e-08
2025-03-01 04:10:00+00:00,risk_reduce,XLM,15,-0.0004326660597200327,0.29513,6.384636710258662e-08
2025-03-01 04:10:00+00:00,risk_reduce,UNI,17,1.959738237975253e-05,7.617,7.463663079328752e-08
2025-03-01 04:15:00+00:00,risk_reduce,BTC,0,9.79442192075137e-09,85844.2,4.2039715712468234e-07
2025-03-01 04:15:00+00:00,risk_reduce,BNB,2,-1.6762397486199797e-06,594.49,4.982538840785459e-07
2025-03-01 04:15:00+00:00,risk_reduce,XLM,15,-0.0028678479927104483,0.29687,4.256890167979754e-07
2025-03-01 04:15:00+00:00,risk_reduce,UNI,17,0.00012989767155879156,7.653,4.970534402197159e-07
2025-03-01 04:40:00+00:00,risk_reduce,BTC,0,1.6989559191785978e-09,86412.7,7.34056840786022e-08
2025-03-01 04:40:00+00:00,risk_reduce,BNB,2,-2.90763198269677e-07,594.83,8.6477336613376e-08
2025-03-01 04:40:00+00:00,risk_reduce,XLM,15,-0.0004974614491740637,0.2967,7.379840598497235e-08
2025-03-01 04:40:00+00:00,risk_reduce,UNI,17,2.2532255580572785e-05,7.621,8.58591598897726e-08
2025-03-01 04:45:00+00:00,risk_reduce,BTC,0,2.1971258895944535e-09,86500.0,9.502569472496012e-08
2025-03-01 04:45:00+00:00,risk_reduce,BNB,2,-3.760211453682368e-07,595.36,1.1193397455321674e-07
2025-03-01 04:45:00+00:00,risk_reduce,XLM,15,-0.0006433277148145677,0.29685,9.548591607135223e-08
2025-03-01 04:45:00+00:00,risk_reduce,UNI,17,2.913919162244802e-05,7.628,1.1113687684801675e-07
2025-03-02 15:35:00+00:00,risk_reduce,BTC,0,1.651508818089094e-08,87470.2,7.222890331000835e-07
2025-03-02 15:35:00+00:00,risk_reduce,BNB,2,-2.8264299296848873e-06,614.38,8.682510100999005e-07
2025-03-02 15:35:00+00:00,risk_reduce,XLM,15,-0.00483568738126916,0.33257,8.041022761943422e-07
2025-03-02 15:35:00+00:00,risk_reduce,UNI,17,0.00021902992515981587,7.615,8.33956440045999e-07
2025-03-02 15:40:00+00:00,risk_reduce,BTC,0,1.4596658755303288e-08,88074.2,6.427945212731664e-07
2025-03-02 15:40:00+00:00,risk_reduce,BNB,2,-2.498105534012385e-06,615.91,7.69304089726784e-07
2025-03-02 15:40:00+00:00,risk_reduce,XLM,15,-0.004273963164991401,0.33257,7.106959648905951e-07
2025-03-02 15:40:00+00:00,risk_reduce,UNI,17,0.00019358692122859594,7.667,7.421154625298225e-07
2025-03-02 16:15:00+00:00,risk_reduce,BTC,0,1.2160315685030063e-09,88112.6,5.3573851591439e-08
2025-03-02 16:15:00+00:00,risk_reduce,BNB,2,-2.0811442137110914e-07,616.46,6.414710809921697e-08
2025-03-02 16:15:00+00:00,risk_reduce,XLM,15,-0.0003560591652086442,0.35053,6.240470959029302e-08
2025-03-02 16:15:00+00:00,risk_reduce,UNI,17,1.6127513248725966e-05,7.651,6.169580193300117e-08
2025-03-02 16:20:00+00:00,risk_reduce,BTC,0,2.649166636675566e-08,89318.7,1.1831006003561693e-06
2025-03-02 16:20:00+00:00,risk_reduce,BNB,2,-4.533844317759241e-06,618.62,1.4023633859261108e-06
2025-03-02 16:20:00+00:00,risk_reduce,XLM,15,-0.007756871495650852,0.34995,1.3572585899515078e-06
2025-03-02 16:20:00+00:00,risk_reduce,UNI,17,0.0003513434283919335,7.743,1.3602260830193708e-06
2025-03-02 16:30:00+00:00,risk_reduce,BTC,0,3.948321505637512e-09,88928.0,1.7555816742666634e-07
2025-03-02 16:30:00+00:00,risk_reduce,BNB,2,-6.757247647314686e-07,622.18,2.1021121706031258e-07
2025-03-02 16:30:00+00:00,risk_reduce,XLM,15,-0.001156085167265175,0.35416,2.047195614193172e-07
2025-03-02 16:30:00+00:00,risk_reduce,UNI,17,5.2364271653559946e-05,7.793,2.0403738449809633e-07
2025-03-02 16:35:00+00:00,risk_reduce,BTC,0,2.9636318601168853e-08,89602.2,1.3277396732828258e-06
2025-03-02 16:35:00+00:00,risk_reduce,BNB,2,-5.072027286959484e-06,623.16,1.580342262070836e-06
2025-03-02 16:35:00+00:00,risk_reduce,XLM,15,-0.008677638915229546,0.36444,1.581239363133128e-06
2025-03-02 16:35:00+00:00,risk_reduce,UNI,17,0.00039304910601309015,7.942,1.560797999977981e-06
2025-03-02 16:40:00+00:00,risk_reduce,BTC,0,5.222068621768109e-08,91575.9,2.391078169500871e-06
2025-03-02 16:40:00+00:00,risk_reduce,BNB,2,-8.937167568085858e-06,628.52,2.8085942799466616e-06
2025-03-02 16:40:00+00:00,risk_reduce,XLM,15,-0.015290436879183189,0.37155,2.840580911230257e-06
2025-03-02 16:40:00+00:00,risk_reduce,UNI,17,0.000692572323488249,8.168,2.828465369126009e-06
2025-03-02 16:45:00+00:00,risk_reduce,BTC,0,1.2384384146675802e-08,91531.8,5.667824864183501e-07
2025-03-02 16:45:00+00:00,risk_reduce,BNB,2,-2.1194918022527016e-06,631.47,6.691977441842568e-07
2025-03-02 16:45:00+00:00,risk_reduce,XLM,15,-0.0036261998414373053,0.36393,6.598414541471393e-07
2025-03-02 16:45:00+00:00,risk_reduce,UNI,17,0.00016424682103334878,8.272,6.793248517939306e-07
2025-03-02 17:35:00+00:00,risk_reduce,BTC,0,2.556120928048947e-09,92950.1,1.1879584793712123e-07
2025-03-02 17:35:00+00:00,risk_reduce,BNB,2,-4.3746037658407315e-07,630.19,1.3784157735975853e-07
2025-03-02 17:35:00+00:00,risk_reduce,XLM,15,-0.0007484429741687615,0.35471,1.327401036837007e-07
2025-03-02 17:35:00+00:00,risk_reduce,UNI,17,3.390033219548977e-05,8.196,1.3892356133711705e-07
2025-03-02 17:40:00+00:00,risk_reduce,BTC,0,7.599669834586757e-09,93740.0,3.561965251470813e-07
2025-03-02 17:40:00+00:00,risk_reduce,BNB,2,-1.30062486139508e-06,631.34,4.1056824999658493e-07
2025-03-02 17:40:00+00:00,risk_reduce,XLM,15,-0.002225215337538722,0.35508,3.950647310266247e-07
2025-03-02 17:40:00+00:00,risk_reduce,UNI,17,0.00010078996229852602,8.193,4.1288608055591186e-07
2025-03-02 17:45:00+00:00,risk_reduce,BTC,0,2.3380373028525864e-08,94529.8,1.1050709931559722e-06
2025-03-02 17:45:00+00:00,risk_reduce,BNB,2,-4.001370466279728e-06,633.95,1.268334403549017e-06
2025-03-02 17:45:00+00:00,risk_reduce,XLM,15,-0.006845871701383177,0.35531,1.2162033371092285e-06
2025-03-02 17:45:00+00:00,risk_reduce,UNI,17,0.0003100801702392332,8.311,1.2885381474291336e-06
2025-03-08 00:05:00+00:00,exit_scheduled,BTC,0,2.1315193954533134e-06,86706.4,9.240818665496659e-05
2025-03-08 00:05:00+00:00,exit_scheduled,BNB,2,-0.00036479310004435467,594.15,0.00010837091019567666
2025-03-08 00:05:00+00:00,exit_scheduled,XLM,15,-0.6241178569939719,0.28308,8.833764147892679e-05
2025-03-08 00:05:00+00:00,exit_scheduled,UNI,17,0.028269091181906816,7.075,0.00010000191005599536
2025-03-10 08:05:00+00:00,entry,LINK,8,-0.016399878160622095,14.023,0.00011498774572320182
2025-03-10 08:05:00+00:00,entry,SUI,9,0.08646905587739362,2.3538,0.00010176543186210456
2025-03-10 08:05:00+00:00,entry,BCH,12,-0.0005950391798980455,354.76,0.0001055480497303153
2025-03-10 08:05:00+00:00,entry,XLM,15,0.8998777405872831,0.26397,0.00011877036359141256
2025-03-10 08:20:00+00:00,risk_reduce,LINK,8,2.5095579380372823e-06,14.042,1.761960628295976e-08
2025-03-10 08:20:00+00:00,risk_reduce,SUI,9,-1.3231751080491905e-05,2.3478,1.5532752593389445e-08
2025-03-10 08:20:00+00:00,risk_reduce,BCH,12,9.105465801218914e-08,354.45,1.613716176621022e-08
2025-03-10 08:20:00+00:00,risk_reduce,XLM,15,-0.00013770195760220982,0.26336,1.8132593777058987e-08
2025-03-10 09:15:00+00:00,risk_reduce,LINK,8,4.7469033833555385e-05,13.986,3.319509535980528e-07
2025-03-10 09:15:00+00:00,risk_reduce,SUI,9,-0.0002502825020282845,2.3452,2.934812618783664e-07
2025-03-10 09:15:00+00:00,risk_reduce,BCH,12,1.7223259030480463e-06,358.39,3.0863219019669464e-07
2025-03-10 09:15:00+00:00,risk_reduce,XLM,15,-0.0026046734308409203,0.26183,3.4099082219853907e-07
2025-03-10 09:20:00+00:00,risk_reduce,LINK,8,0.0003732371188940285,14.366,2.6809622250158072e-06
2025-03-10 09:20:00+00:00,risk_reduce,SUI,9,-0.0019679086010929853,2.4064,2.36778762883508e-06
2025-03-10 09:20:00+00:00,risk_reduce,BCH,12,1.3542217018872559e-05,365.04,2.4717254502846198e-06
2025-03-10 09:20:00+00:00,risk_reduce,XLM,15,-0.020479894543370514,0.27001,2.764888162827736e-06
2025-03-10 09:25:00+00:00,risk_reduce,LINK,8,0.00014129507865528676,14.466,1.0219873039136893e-06
2025-03-10 09:25:00+00:00,risk_reduce,SUI,9,-0.0007449843182847915,2.4354,9.071674043753907e-07
2025-03-10 09:25:00+00:00,risk_reduce,BCH,12,5.126630021468526e-06,368.88,9.455556411596549e-07
2025-03-10 09:25:00+00:00,risk_reduce,XLM,15,-0.007753002485208604,0.27414,1.0627040506475434e-06
2025-03-17 16:05:00+00:00,exit_scheduled,LINK,8,0.015835367371301187,13.763,0.00010897108056560911
2025-03-17 16:05:00+00:00,exit_scheduled,SUI,9,-0.08349264870490707,2.3261,9.710612507624216e-05
2025-03-17 16:05:00+00:00,exit_scheduled,BCH,12,0.0005745569522966441,339.27,9.746496860284122e-05
2025-03-17 16:05:00+00:00,exit_scheduled,XLM,15,-0.8689024681702608,0.27377,0.00011893971435548616
2025-03-28 08:05:00+00:00,entry,BNB,2,0.00036410759436237525,629.64,0.00011462835285716298
2025-03-28 08:05:00+00:00,entry,SUI,9,0.08459377282421927,2.6027,0.00011008610626479776
2025-03-28 08:05:00+00:00,entry,DOT,13,-0.04750596453486452,4.318,0.00010256537743077249
2025-03-28 08:05:00+00:00,entry,FIL,16,-0.0845029966732537,2.891,0.00012214908169118824
2025-03-28 08:10:00+00:00,risk_reduce,BNB,2,-1.1211287549847335e-07,630.19,3.532620650519146e-08
2025-03-28 08:10:00+00:00,risk_reduce,SUI,9,-2.6047386177688314e-05,2.6034,3.3905882587496885e-08
2025-03-28 08:10:00+00:00,risk_reduce,DOT,13,1.4627627574370639e-05,4.319,3.15883617468534e-08
2025-03-28 08:10:00+00:00,risk_reduce,FIL,16,2.6019435166863003e-05,2.892,3.762410325128391e-08
2025-04-04 16:05:00+00:00,exit_scheduled,BNB,2,-0.0003639954814868768,593.25,0.00010797015969604482
2025-04-04 16:05:00+00:00,exit_scheduled,SUI,9,-0.08456772543804159,2.228,9.420844613797834e-05
2025-04-04 16:05:00+00:00,exit_scheduled,DOT,13,0.04749133690729015,4.055,9.628868557953076e-05
2025-04-04 16:05:00+00:00,exit_scheduled,FIL,16,0.08447697723808684,2.751,0.00011619808219098845
2025-04-05 08:05:00+00:00,entry,BNB,2,0.0003815737737344942,596.35,0.00011377575998328281
2025-04-05 08:05:00+00:00,entry,XRP,4,0.09949603344540357,2.1367,0.0001062965873313969
2025-04-05 08:05:00+00:00,entry,TRX,7,-0.9015423906878485,0.2377,0.0001071483131332508
2025-04-05 08:05:00+00:00,entry,UNI,17,-0.03823397128201419,5.907,0.0001129240341814289
2025-04-12 16:05:00+00:00,exit_scheduled,BNB,2,-0.00038157377373449413,599.43,0.0001143633835948339
2025-04-12 16:05:00+00:00,exit_scheduled,XRP,4,-0.09949603344540356,2.1602,0.0001074656657243804
2025-04-12 16:05:00+00:00,exit_scheduled,TRX,7,0.9015423906878484,0.25028,0.00011281901477067735
2025-04-12 16:05:00+00:00,exit_scheduled,UNI,17,0.03823397128201418,5.539,0.00010588898346553827
2025-05-15 08:05:00+00:00,entry,BNB,2,0.0003068956809077384,647.1,9.929609755769877e-05
2025-05-15 08:05:00+00:00,entry,TRX,7,-0.8775962221649595,0.26966,0.00011832629863450149
2025-05-15 08:05:00+00:00,entry,BCH,12,0.000622488469327324,392.3,0.0001221011132585546
2025-05-15 08:05:00+00:00,entry,DOT,13,-0.04299099569624688,4.795,0.0001030709121817519
2025-05-15 08:10:00+00:00,risk_reduce,BNB,2,-1.6381889698664342e-08,647.34,5.302326238766689e-09
2025-05-15 08:10:00+00:00,risk_reduce,TRX,7,4.68455094218001e-05,0.26974,6.318053855718179e-09
2025-05-15 08:10:00+00:00,risk_reduce,BCH,12,-3.3228025278974824e-08,392.11,6.514520496069409e-09
2025-05-15 08:10:00+00:00,risk_reduce,DOT,13,2.2948310886908296e-06,4.794,5.5007101195919186e-09
2025-05-15 08:20:00+00:00,risk_reduce,BNB,2,-3.962406018659598e-07,649.56,1.2869102267402644e-07
2025-05-15 08:20:00+00:00,risk_reduce,TRX,7,0.0011330861817194782,0.27004,1.5298929625576396e-07
2025-05-15 08:20:00+00:00,risk_reduce,BCH,12,-8.037102542835135e-07,393.51,1.5813401108155272e-07
2025-05-15 08:20:00+00:00,risk_reduce,DOT,13,5.550673753085267e-05,4.8,1.332161700740464e-07
2025-05-15 08:30:00+00:00,risk_reduce,BNB,2,-5.911493741428647e-07,652.16,1.9276198792050532e-07
2025-05-15 08:30:00+00:00,risk_reduce,TRX,7,0.0016904456131427992,0.27023,2.2840455901978934e-07
2025-05-15 08:30:00+00:00,risk_reduce,BCH,12,-1.1990513126987866e-06,393.69,2.3602725564819265e-07
2025-05-15 08:30:00+00:00,risk_reduce,DOT,13,8.281022438779567e-05,4.816,1.9940702032581196e-07
2025-05-15 08:35:00+00:00,risk_reduce,BNB,2,-1.0008231232132227e-06,652.54,3.2653856041077813e-07
2025-05-15 08:35:00+00:00,risk_reduce,TRX,7,0.0028619451058722323,0.27086,3.8759322568827636e-07
2025-05-15 08:35:00+00:00,risk_reduce,BCH,12,-2.0300085429474698e-06,394.6,4.005206855235358e-07
2025-05-15 08:35:00+00:00,risk_reduce,DOT,13,0.0001401987230823798,4.838,3.3914071113627674e-07
2025-05-15 08:55:00+00:00,risk_reduce,BNB,2,-1.4976556472772904e-07,653.13,4.8908191645310835e-08
2025-05-15 08:55:00+00:00,risk_reduce,TRX,7,0.00042826830741538036,0.2706,5.7944701993300967e-08
2025-05-15 08:55:00+00:00,risk_reduce,BCH,12,-3.037753313097887e-07,395.19,6.00244865901577e-08
2025-05-15 08:55:00+00:00,risk_reduce,DOT,13,2.0979672081443412e-05,4.848,5.085472512541883e-08
2025-05-15 15:45:00+00:00,risk_reduce,BNB,2,-8.638056263435582e-07,653.2,2.821189175638061e-07
2025-05-15 15:45:00+00:00,risk_reduce,TRX,7,0.0024701310625216966,0.27389,3.3827209835703377e-07
2025-05-15 15:45:00+00:00,risk_reduce,BCH,12,-1.7520906144671486e-06,392.24,3.436200113092972e-07
2025-05-15 15:45:00+00:00,risk_reduce,DOT,13,0.00012100484390881183,4.814,2.912586592885101e-07
2025-05-15 15:50:00+00:00,risk_reduce,BNB,2,-2.8276063606373246e-07,653.79,9.243303812605381e-08
2025-05-15 15:50:00+00:00,risk_reduce,TRX,7,0.0008085798576654701,0.27384,1.1071075411155617e-07
2025-05-15 15:50:00+00:00,risk_reduce,BCH,12,-5.735344173261707e-07,392.19,1.1246723156557544e-07
2025-05-15 15:50:00+00:00,risk_reduce,DOT,13,3.9610076140950135e-05,4.825,9.555930869004221e-08
2025-05-15 15:55:00+00:00,risk_reduce,BNB,2,-2.7919115114358097e-08,655.22,9.146581302614857e-09
2025-05-15 15:55:00+00:00,risk_reduce,TRX,7,7.983725896065774e-05,0.27324,1.090736631920506e-08
2025-05-15 15:55:00+00:00,risk_reduce,BCH,12,-5.6629429195952964e-08,393.13,1.1131363749902493e-08
2025-05-15 15:55:00+00:00,risk_reduce,DOT,13,3.911005049581084e-06,4.837,9.458765712411852e-09
2025-05-15 16:00:00+00:00,risk_reduce,BNB,2,-6.430960200926343e-08,655.86,2.1089047786897753e-08
2025-05-15 16:00:00+00:00,risk_reduce,TRX,7,0.0001838991790478195,0.27351,2.514913223068455e-08
2025-05-15 16:00:00+00:00,risk_reduce,BCH,12,-1.3044167190422347e-07,392.92,2.5626570862303744e-08
2025-05-15 16:00:00+00:00,risk_reduce,DOT,13,9.008708806296228e-06,4.835,2.1778553539221134e-08
2025-05-15 16:20:00+00:00,risk_reduce,BNB,2,-3.346519051497629e-07,655.45,1.0967379561520607e-07
2025-05-15 16:20:00+00:00,risk_reduce,TRX,7,0.0009569676798026894,0.27445,1.3131988986092406e-07
2025-05-15 16:20:00+00:00,risk_reduce,BCH,12,-6.787875006190186e-07,392.96,1.3336816812162478e-07
2025-05-15 16:20:00+00:00,risk_reduce,DOT,13,4.687918243580225e-05,4.828,1.1316634640002663e-07
2025-05-15 16:45:00+00:00,risk_reduce,BNB,2,-5.467726250520761e-07,659.03,1.8016978154403487e-07
2025-05-15 16:45:00+00:00,risk_reduce,TRX,7,0.0015635462470818817,0.27471,2.147608947679319e-07
2025-05-15 16:45:00+00:00,risk_reduce,BCH,12,-1.1090402231534813e-06,394.46,2.187360032125611e-07
2025-05-15 16:45:00+00:00,risk_reduce,DOT,13,7.659377773226728e-05,4.84,1.853569421120868e-07
2025-05-15 16:50:00+00:00,risk_reduce,BNB,2,-1.0632297230231966e-06,659.85,3.5078606636842815e-07
2025-05-15 16:50:00+00:00,risk_reduce,TRX,7,0.0030404024763682758,0.27523,4.1840498678542027e-07
2025-05-15 16:50:00+00:00,risk_reduce,BCH,12,-2.15659028133077e-06,395.44,4.2640103042471993e-07
2025-05-15 16:50:00+00:00,risk_reduce,DOT,13,0.0001489408528377173,4.867,3.62447565380585e-07
2025-05-15 16:55:00+00:00,risk_reduce,BNB,2,-2.620049452714654e-07,659.68,8.641971114834014e-08
2025-05-15 16:55:00+00:00,risk_reduce,TRX,7,0.000749227064645086,0.27554,1.0322101269615351e-07
2025-05-15 16:55:00+00:00,risk_reduce,BCH,12,-5.314348408417321e-07,395.84,1.051815836993956e-07
2025-05-15 16:55:00+00:00,risk_reduce,DOT,13,3.6702548049043215e-05,4.87,8.937070449942023e-08
2025-05-15 17:00:00+00:00,risk_reduce,BNB,2,-7.027468774152687e-07,660.3,2.3201188157865095e-07
2025-05-15 17:00:00+00:00,risk_reduce,TRX,7,0.002009568863705513,0.27619,2.7751141223341283e-07
2025-05-15 17:00:00+00:00,risk_reduce,BCH,12,-1.4254088775472653e-06,396.14,2.823307363757868e-07
2025-05-15 17:00:00+00:00,risk_reduce,DOT,13,9.844318399383073e-05,4.882,2.4029981212894076e-07
2025-05-15 17:25:00+00:00,risk_reduce,BNB,2,-5.188474757408671e-07,660.96,1.7146871378284175e-07
2025-05-15 17:25:00+00:00,risk_reduce,TRX,7,0.001483691732784287,0.27578,2.0458625303362535e-07
2025-05-15 17:25:00+00:00,risk_reduce,BCH,12,-1.0523985545608577e-06,397.72,2.0927997655997218e-07
2025-05-15 17:25:00+00:00,risk_reduce,DOT,13,7.268192739177254e-05,4.908,1.783614498194098e-07
2025-05-15 17:45:00+00:00,risk_reduce,BNB,2,-2.375465450422335e-07,659.95,7.838442120031101e-08
2025-05-15 17:45:00+00:00,risk_reduce,TRX,7,0.0006792860358960651,0.27589,9.370411222168271e-08
2025-05-15 17:45:00+00:00,risk_reduce,BCH,12,-4.818249145115746e-07,397.57,9.577956563118335e-08
2025-05-15 17:45:00+00:00,risk_reduce,DOT,13,3.327633176643252e-05,4.915,8.177658531600792e-08
2025-05-16 05:25:00+00:00,risk_reduce,BNB,2,-1.4337906956271487e-08,658.88,4.723480067674079e-09
2025-05-16 05:25:00+00:00,risk_reduce,TRX,7,4.10005541340297e-05,0.27809,5.7009220495661595e-09
2025-05-16 05:25:00+00:00,risk_reduce,BCH,12,-2.9082135428472843e-08,400.9,5.829514046637381e-09
2025-05-16 05:25:00+00:00,risk_reduce,DOT,13,2.008503001499351e-06,4.87,4.8907048086509195e-09
2025-05-16 05:30:00+00:00,risk_reduce,BNB,2,-4.424541344693082e-08,658.76,1.4573554281150073e-08
2025-05-16 05:30:00+00:00,risk_reduce,TRX,7,0.00012652379979505302,0.27797,1.7584910314515443e-08
2025-05-16 05:30:00+00:00,risk_reduce,BCH,12,-8.974469634060941e-08,401.07,1.799695268066411e-08
2025-05-16 05:30:00+00:00,risk_reduce,DOT,13,6.198048709743498e-06,4.874,1.5104644705644902e-08
2025-05-22 09:20:00+00:00,risk_reduce,BNB,2,-1.8909492759610572e-07,685.18,6.478203124514985e-08
2025-05-22 09:20:00+00:00,risk_reduce,TRX,7,0.0005407342116970915,0.27544,7.446991563492344e-08
2025-05-22 09:20:00+00:00,risk_reduce,BCH,12,-3.8354861068331646e-07,429.31,8.23306270262273e-08
2025-05-22 09:20:00+00:00,risk_reduce,DOT,13,2.6489063627163634e-05,4.915,6.509687386375464e-08
2025-05-22 09:25:00+00:00,risk_reduce,BNB,2,-2.039407911090768e-07,685.34,6.988439088934736e-08
2025-05-22 09:25:00+00:00,risk_reduce,TRX,7,0.000583187313986544,0.27547,8.032530469193664e-08
2025-05-22 09:25:00+00:00,risk_reduce,BCH,12,-4.1366105419076826e-07,432.06,8.936319753683167e-08
2025-05-22 09:25:00+00:00,risk_reduce,DOT,13,2.8568722918898004e-05,4.92,7.02790583804891e-08
2025-05-22 09:30:00+00:00,risk_reduce,BNB,2,-1.2927442732151213e-06,686.44,4.4369568945289397e-07
2025-05-22 09:30:00+00:00,risk_reduce,TRX,7,0.00369672028958945,0.2764,5.10886744021262e-07
2025-05-22 09:30:00+00:00,risk_reduce,BCH,12,-2.622123587680213e-06,438.91,5.754381319343612e-07
2025-05-22 09:30:00+00:00,risk_reduce,DOT,13,0.000181092035318825,4.945,4.4775005732579483e-07
2025-05-22 11:55:00+00:00,risk_reduce,BNB,2,-7.939685425667497e-07,687.57,2.729544754063101e-07
2025-05-22 11:55:00+00:00,risk_reduce,TRX,7,0.0022704255446457378,0.28113,3.191423666831281e-07
2025-05-22 11:55:00+00:00,risk_reduce,BCH,12,-1.6104373358874274e-06,434.44,3.49819198101467e-07
2025-05-22 11:55:00+00:00,risk_reduce,DOT,13,0.0001112218265681697,4.882,2.714924786529022e-07
2025-05-22 12:10:00+00:00,risk_reduce,BNB,2,-2.2137855335978458e-07,685.53,7.588081984236656e-08
2025-05-22 12:10:00+00:00,risk_reduce,TRX,7,0.0006330521873826322,0.28093,8.892167550070144e-08
2025-05-22 12:10:00+00:00,risk_reduce,BCH,12,-4.490307469144769e-07,433.64,9.735884654599687e-08
2025-05-22 12:10:00+00:00,risk_reduce,DOT,13,3.101146424277362e-05,4.896,7.591606446630982e-08
2025-05-22 15:35:00+00:00,risk_reduce,BNB,2,-2.2644373302036034e-07,685.16,7.757509405811505e-08
2025-05-22 15:35:00+00:00,risk_reduce,TRX,7,0.0006475365311229275,0.27783,8.995253722094149e-08
2025-05-22 15:35:00+00:00,risk_reduce,BCH,12,-4.593046482103758e-07,433.86,9.963695733627683e-08
2025-05-22 15:35:00+00:00,risk_reduce,DOT,13,3.172101191820792e-05,4.968,7.879499360482848e-08
2025-05-22 16:05:00+00:00,exit_scheduled,BNB,2,-0.0002968505711365938,681.67,0.00010117706441334095
2025-05-22 16:05:00+00:00,exit_scheduled,TRX,7,0.8488713135565549,0.27818,0.00011806951100258122
2025-05-22 16:05:00+00:00,exit_scheduled,BCH,12,-0.0006021135817200116,434.62,0.00013084530244357573
2025-05-22 16:05:00+00:00,exit_scheduled,DOT,13,0.04158384239365793,4.939,0.00010269129879113826
2025-05-28 00:05:00+00:00,entry,BTC,0,-2.1183863994789626e-06,108817.0,0.00011525822641605115
2025-05-28 00:05:00+00:00,entry,BNB,2,0.00032406793698790137,686.11,0.00011117312612338451
2025-05-28 00:05:00+00:00,entry,UNI,17,-0.035392335063161404,6.294,0.00011137967844376893
2025-05-28 00:05:00+00:00,entry,NEAR,18,0.08215210155562828,2.811,0.00011546477873643556
2025-05-28 00:30:00+00:00,risk_reduce,BTC,0,1.3666551464515275e-09,108990.1,7.447594053863333e-08
2025-05-28 00:30:00+00:00,risk_reduce,BNB,2,-2.090690886202254e-07,686.05,7.171592412395282e-08
2025-05-28 00:30:00+00:00,risk_reduce,UNI,17,2.2833000094271694e-05,6.292,7.183261829657875e-08
2025-05-28 00:30:00+00:00,risk_reduce,NEAR,18,-5.2999581384410854e-05,2.814,7.457041100786607e-08
2025-05-28 00:55:00+00:00,risk_reduce,BTC,0,8.875742954967732e-09,108995.8,4.837093519855359e-07
2025-05-28 00:55:00+00:00,risk_reduce,BNB,2,-1.357799365289897e-06,685.07,4.65093805589575e-07
2025-05-28 00:55:00+00:00,risk_reduce,UNI,17,0.0001482889375960736,6.349,4.7074323239873564e-07
2025-05-28 00:55:00+00:00,risk_reduce,NEAR,18,-0.0003442058242053847,2.812,4.839533888327709e-07
2025-05-28 01:00:00+00:00,risk_reduce,BTC,0,5.5539381428669145e-09,109152.0,3.031117280851048e-07
2025-05-28 01:00:00+00:00,risk_reduce,BNB,2,-8.496340783532234e-07,685.87,2.9136926266006267e-07
2025-05-28 01:00:00+00:00,risk_reduce,UNI,17,9.279083349514328e-05,6.373,2.956779909322741e-07
2025-05-28 01:00:00+00:00,risk_reduce,NEAR,18,-0.00021538454479254343,2.828,3.0455374633665636e-07
2025-05-28 03:55:00+00:00,risk_reduce,BTC,0,2.7822110762009393e-10,108845.2,1.5141516051565323e-08
2025-05-28 03:55:00+00:00,risk_reduce,BNB,2,-4.256189541014836e-08,684.37,1.4564042180921616e-08
2025-05-28 03:55:00+00:00,risk_reduce,UNI,17,4.648299604337325e-06,6.394,1.4860613835066429e-08
2025-05-28 03:55:00+00:00,risk_reduce,NEAR,18,-1.0789556000617706e-05,2.827,1.5251037406873127e-08
2025-05-28 04:40:00+00:00,risk_reduce,BTC,0,1.6799290090881722e-08,108967.8,9.152908413825907e-07
2025-05-28 04:40:00+00:00,risk_reduce,BNB,2,-2.569933079230643e-06,684.06,8.789942110892567e-07
2025-05-28 04:40:00+00:00,risk_reduce,UNI,17,0.00028066933580481873,6.495,9.114736680261488e-07
2025-05-28 04:40:00+00:00,risk_reduce,NEAR,18,-0.0006514850104532427,2.831,9.22177032296565e-07
2025-05-28 04:45:00+00:00,risk_reduce,BTC,0,1.1193817613804025e-08,108937.5,6.09713253151888e-07
2025-05-28 04:45:00+00:00,risk_reduce,BNB,2,-1.7124153468963755e-06,684.1,5.857316694059052e-07
2025-05-28 04:45:00+00:00,risk_reduce,UNI,17,0.00018701750715596765,6.57,6.143525110073538e-07
2025-05-28 04:45:00+00:00,risk_reduce,NEAR,18,-0.00043410193798004704,2.831,6.144712932107566e-07
2025-05-28 04:50:00+00:00,risk_reduce,BTC,0,1.5926088394823135e-08,108928.3,8.674008672489065e-07
2025-05-28 04:50:00+00:00,risk_reduce,BNB,2,-2.4363518438688474e-06,684.38,8.336952374534809e-07
2025-05-28 04:50:00+00:00,risk_reduce,UNI,17,0.00026608056814080017,6.675,8.880438961699205e-07
2025-05-28 04:50:00+00:00,risk_reduce,NEAR,18,-0.0006176218047459214,2.836,8.757877191297166e-07
2025-05-28 05:45:00+00:00,risk_reduce,BTC,0,3.2995825184616694e-09,108884.0,1.796358714700902e-07
2025-05-28 05:45:00+00:00,risk_reduce,BNB,2,-5.047657499793971e-07,683.1,1.7240274190546308e-07
2025-05-28 05:45:00+00:00,risk_reduce,UNI,17,5.512683148393982e-05,6.7,1.846748854711984e-07
2025-05-28 05:45:00+00:00,risk_reduce,NEAR,18,-0.00012795948756776088,2.838,1.8157451285865272e-07
2025-05-28 07:30:00+00:00,risk_reduce,BTC,0,3.2015271736260403e-09,108831.8,1.7421398252731725e-07
2025-05-28 07:30:00+00:00,risk_reduce,BNB,2,-4.89765373598973e-07,681.05,1.667773538447903e-07
2025-05-28 07:30:00+00:00,risk_reduce,UNI,17,5.348859984687787e-05,6.728,1.7993564988489717e-07
2025-05-28 07:30:00+00:00,risk_reduce,NEAR,18,-0.000124156851443874,2.817,1.7487492525869657e-07
2025-05-28 07:35:00+00:00,risk_reduce,BTC,0,3.3981274621677773e-09,108873.2,1.8498250540704244e-07
2025-05-28 07:35:00+00:00,risk_reduce,BNB,2,-5.198410245446975e-07,681.65,1.771748171904465e-07
2025-05-28 07:35:00+00:00,risk_reduce,UNI,17,5.677324295414593e-05,6.746,1.9149614848433425e-07
2025-05-28 07:35:00+00:00,risk_reduce,NEAR,18,-0.00013178111058476105,2.833,1.8666794314331405e-07
2025-05-28 07:40:00+00:00,risk_reduce,BTC,0,2.7558530167996787e-09,108880.8,1.5002974057578124e-07
2025-05-28 07:40:00+00:00,risk_reduce,BNB,2,-4.2158673319269953e-07,681.43,1.436409237997506e-07
2025-05-28 07:40:00+00:00,risk_reduce,UNI,17,4.6042626302450484e-05,6.764,1.5571616215488757e-07
2025-05-28 07:40:00+00:00,risk_reduce,NEAR,18,-0.00010687338106220301,2.834,1.5143958096514168e-07
2025-05-28 07:45:00+00:00,risk_reduce,BTC,0,7.19467885069687e-09,108918.5,3.9181681419981354e-07
2025-05-28 07:45:00+00:00,risk_reduce,BNB,2,-1.1006324120138426e-06,682.06,3.7534867146908074e-07
2025-05-28 07:45:00+00:00,risk_reduce,UNI,17,0.00012020303973738627,6.809,4.0923124878593164e-07
2025-05-28 07:45:00+00:00,risk_reduce,NEAR,18,-0.000279013303591813,2.841,3.9633839775217036e-07
2025-05-28 08:45:00+00:00,risk_reduce,BTC,0,8.1776656309764e-09,109029.8,4.4580462410611536e-07
2025-05-28 08:45:00+00:00,risk_reduce,BNB,2,-1.2510084237036482e-06,682.73,4.270504905575959e-07
2025-05-28 08:45:00+00:00,risk_reduce,UNI,17,0.00013662601030539623,6.856,4.6835396332689824e-07
2025-05-28 08:45:00+00:00,risk_reduce,NEAR,18,-0.000317134030679761,2.855,4.527088287953588e-07
2025-05-28 08:50:00+00:00,risk_reduce,BTC,0,1.9220203985490943e-09,109007.8,1.0475760760047998e-07
2025-05-28 08:50:00+00:00,risk_reduce,BNB,2,-2.940281270497557e-07,682.49,1.0033562821509389e-07
2025-05-28 08:50:00+00:00,risk_reduce,UNI,17,3.2111606249177194e-05,6.871,1.1031942326904826e-07
2025-05-28 08:50:00+00:00,risk_reduce,NEAR,18,-7.453692820745539e-05,2.851,1.0625239115972766e-07
2025-05-28 08:55:00+00:00,risk_reduce,BTC,0,8.114899512178292e-09,108975.3,4.4216180440474153e-07
2025-05-28 08:55:00+00:00,risk_reduce,BNB,2,-1.2414065462384842e-06,682.45,4.235989487402268e-07
2025-05-28 08:55:00+00:00,risk_reduce,UNI,17,0.0001355773633221688,6.928,4.696399865479927e-07
2025-05-28 08:55:00+00:00,risk_reduce,NEAR,18,-0.0003146999286825769,2.854,4.490767982300373e-07
2025-05-28 11:05:00+00:00,risk_reduce,BTC,0,2.430697615894216e-09,108879.8,1.3232693513951953e-07
2025-05-28 11:05:00+00:00,risk_reduce,BNB,2,-3.718448919507681e-07,685.83,1.2751119112329765e-07
2025-05-28 11:05:00+00:00,risk_reduce,UNI,17,4.0610185412875976e-05,6.946,1.4103917393891825e-07
2025-05-28 11:05:00+00:00,risk_reduce,NEAR,18,-9.426368930666451e-05,2.877,1.3559831706763688e-07
2025-05-28 11:10:00+00:00,risk_reduce,BTC,0,3.4202057722405362e-09,108862.7,1.861664174608449e-07
2025-05-28 11:10:00+00:00,risk_reduce,BNB,2,-5.232185350872651e-07,685.5,1.793331529011601e-07
2025-05-28 11:10:00+00:00,risk_reduce,UNI,17,5.714211000687475e-05,6.971,1.9916882442896191e-07
2025-05-28 11:10:00+00:00,risk_reduce,NEAR,18,-0.00013263731867395323,2.875,1.9066614559380778e-07
2025-05-29 00:25:00+00:00,risk_reduce,BTC,0,2.3067376508386705e-09,107774.6,1.2430386381203869e-07
2025-05-29 00:25:00+00:00,risk_reduce,BNB,2,-3.528816611848818e-07,688.48,1.2147598304628372e-07
2025-05-29 00:25:00+00:00,risk_reduce,UNI,17,3.853915974034311e-05,7.05,1.3585053808470947e-07
2025-05-29 00:25:00+00:00,risk_reduce,NEAR,18,-8.945645884078646e-05,2.884,1.2899621364841407e-07
2025-05-29 00:30:00+00:00,risk_reduce,BTC,0,8.929080980619426e-09,107950.3,4.819484852910807e-07
2025-05-29 00:30:00+00:00,risk_reduce,BNB,2,-1.3659589455913075e-06,688.92,4.705182183983818e-07
2025-05-29 00:30:00+00:00,risk_reduce,UNI,17,0.0001491800674088134,7.1,5.295892393012876e-07
2025-05-29 00:30:00+00:00,risk_reduce,NEAR,18,-0.0003462742999571361,2.895,5.012320491879545e-07
2025-05-29 00:35:00+00:00,risk_reduce,BTC,0,6.651895769263003e-09,107808.3,3.5856478733071835e-07
2025-05-29 00:35:00+00:00,risk_reduce,BNB,2,-1.0175981773361898e-06,688.36,3.502369406755698e-07
2025-05-29 00:35:00+00:00,risk_reduce,UNI,17,0.00011113464660124361,7.156,3.9763976553924966e-07
2025-05-29 00:35:00+00:00,risk_reduce,NEAR,18,-0.0002579638997438627,2.889,3.7262885318000963e-07
2025-05-29 00:50:00+00:00,risk_reduce,BTC,0,4.763631544730952e-09,107962.4,2.5714654714243046e-07
2025-05-29 00:50:00+00:00,risk_reduce,BNB,2,-7.287340249404633e-07,690.65,2.516500771625655e-07
2025-05-29 00:50:00+00:00,risk_reduce,UNI,17,7.958701197762624e-05,7.177,2.8559799248171175e-07
2025-05-29 00:50:00+00:00,risk_reduce,NEAR,18,-0.00018473605312638308,2.907,2.6851385321919785e-07
2025-05-29 00:55:00+00:00,risk_reduce,BTC,0,1.344642316398399e-09,107932.2,7.256510171098763e-08
2025-05-29 00:55:00+00:00,risk_reduce,BNB,2,-2.0570159512398652e-07,690.51,7.101950422453197e-08
2025-05-29 00:55:00+00:00,risk_reduce,UNI,17,2.246522703024112e-05,7.188,8.074002594668658e-08
2025-05-29 00:55:00+00:00,risk_reduce,NEAR,18,-5.214591264365853e-05,2.91,7.587230289652317e-08
2025-05-29 01:00:00+00:00,risk_reduce,BTC,0,6.7442910364992e-09,108235.8,3.649868678841601e-07
2025-05-29 01:00:00+00:00,risk_reduce,BNB,2,-1.0317326825653051e-06,690.91,3.5641721385559747e-07
2025-05-29 01:00:00+00:00,risk_reduce,UNI,17,0.00011267831411019419,7.215,4.064870181525255e-07
2025-05-29 01:00:00+00:00,risk_reduce,NEAR,18,-0.00026154703518087297,2.93,3.8316640653997895e-07
2025-05-29 02:10:00+00:00,risk_reduce,BTC,0,8.603242337310879e-09,107948.8,4.643548432109523e-07
2025-05-29 02:10:00+00:00,risk_reduce,BNB,2,-1.3161125828342894e-06,688.8,4.532691735281293e-07
2025-05-29 02:10:00+00:00,risk_reduce,UNI,17,0.000143736211442147,7.298,5.244934355523944e-07
2025-05-29 02:10:00+00:00,risk_reduce,NEAR,18,-0.00033363811171382984,2.9,4.837752619850532e-07
2025-05-29 02:20:00+00:00,risk_reduce,BTC,0,5.532255784530808e-09,107990.7,2.987160873752655e-07
2025-05-29 02:20:00+00:00,risk_reduce,BNB,2,-8.463171399813074e-07,689.49,2.9176360242285584e-07
2025-05-29 02:20:00+00:00,risk_reduce,UNI,17,9.242858169283136e-05,7.334,3.389356090676126e-07
2025-05-29 02:20:00+00:00,risk_reduce,NEAR,18,-0.00021454369191299671,2.906,3.1173198434958426e-07
2025-05-29 02:30:00+00:00,risk_reduce,BTC,0,5.230563398202449e-09,108023.8,2.825126672073709e-07
2025-05-29 02:30:00+00:00,risk_reduce,BNB,2,-8.001646395373744e-07,688.77,2.7556469938707866e-07
2025-05-29 02:30:00+00:00,risk_reduce,UNI,17,8.738814241057713e-05,7.366,3.2185052849815553e-07
2025-05-29 02:30:00+00:00,risk_reduce,NEAR,18,-0.00020284390779130856,2.939,2.9807912249932796e-07
2025-05-29 02:35:00+00:00,risk_reduce,BTC,0,1.2862696042884123e-08,108112.2,6.953071835637484e-07
2025-05-29 02:35:00+00:00,risk_reduce,BNB,2,-1.967718151771195e-06,688.6,6.774853596548224e-07
2025-05-29 02:35:00+00:00,risk_reduce,UNI,17,0.00021489981633063954,7.451,8.006092657397976e-07
2025-05-29 02:35:00+00:00,risk_reduce,NEAR,18,-0.0004988218919145804,2.965,7.395034547633654e-07
2025-05-29 02:45:00+00:00,risk_reduce,BTC,0,3.7003362385130575e-09,108082.8,1.9997135079997956e-07
2025-05-29 02:45:00+00:00,risk_reduce,BNB,2,-5.660725216473459e-07,688.07,1.9474875998494467e-07
2025-05-29 02:45:00+00:00,risk_reduce,UNI,17,6.182230967496233e-05,7.479,2.3118452702952163e-07
2025-05-29 02:45:00+00:00,risk_reduce,NEAR,18,-0.00014350092057381636,2.974,2.1338586889326496e-07
2025-05-29 02:50:00+00:00,risk_reduce,BTC,0,1.0444935117290334e-09,108282.2,5.6550027667872766e-08
2025-05-29 02:50:00+00:00,risk_reduce,BNB,2,-1.5978522975156496e-07,689.39,5.507716976921568e-08
2025-05-29 02:50:00+00:00,risk_reduce,UNI,17,1.7450576697199127e-05,7.473,6.520407982908455e-08
2025-05-29 02:50:00+00:00,risk_reduce,NEAR,18,-4.0505989403472054e-05,2.983,6.041468319527857e-08
2025-05-29 02:55:00+00:00,risk_reduce,BTC,0,8.449047554305068e-09,108388.5,4.5788979541989745e-07
2025-05-29 02:55:00+00:00,risk_reduce,BNB,2,-1.292524069787201e-06,689.09,4.453327056248312e-07
2025-05-29 02:55:00+00:00,risk_reduce,UNI,17,0.00014116004619370293,7.529,5.313969938961947e-07
2025-05-29 02:55:00+00:00,risk_reduce,NEAR,18,-0.00032765835963653733,2.983,4.887024433978955e-07
2025-05-29 03:00:00+00:00,risk_reduce,BTC,0,1.39659457396798e-09,108383.2,7.568369451464318e-08
2025-05-29 03:00:00+00:00,risk_reduce,BNB,2,-2.1364918246531825e-07,689.12,7.361496231025006e-08
2025-05-29 03:00:00+00:00,risk_reduce,UNI,17,2.3333204518978523e-05,7.54,8.796618103654904e-08
2025-05-29 03:00:00+00:00,risk_reduce,NEAR,18,-5.4160647604648005e-05,2.98,8.069936493092552e-08
2025-05-29 03:20:00+00:00,risk_reduce,BTC,0,1.1832167508148558e-09,108146.1,6.398013852764924e-08
2025-05-29 03:20:00+00:00,risk_reduce,BNB,2,-1.8100692656465881e-07,687.07,6.218221451739007e-08
2025-05-29 03:20:00+00:00,risk_reduce,UNI,17,1.976825554935585e-05,7.566,7.478331074321318e-08
2025-05-29 03:20:00+00:00,risk_reduce,NEAR,18,-4.588574714187166e-05,2.963,6.797973439068286e-08
2025-05-29 03:25:00+00:00,risk_reduce,BTC,0,4.097788061575603e-09,108160.5,2.2160940281702398e-07
2025-05-29 03:25:00+00:00,risk_reduce,BNB,2,-6.268741735006669e-07,687.22,2.1540023475656415e-07
2025-05-29 03:25:00+00:00,risk_reduce,UNI,17,6.846262236614303e-05,7.596,2.6002103974661124e-07
2025-05-29 03:25:00+00:00,risk_reduce,NEAR,18,-0.00015891430433598308,2.958,2.35034256112919e-07
2025-05-29 03:30:00+00:00,risk_reduce,BTC,0,4.178406931824032e-09,108121.7,2.2588823038029922e-07
2025-05-29 03:30:00+00:00,risk_reduce,BNB,2,-6.392071411642254e-07,687.44,2.1970827856096758e-07
2025-05-29 03:30:00+00:00,risk_reduce,UNI,17,6.980953908962417e-05,7.629,2.662884868573714e-07
2025-05-29 03:30:00+00:00,risk_reduce,NEAR,18,-0.00016204074511069755,2.96,2.3982030276383236e-07
2025-06-04 08:05:00+00:00,exit_scheduled,BTC,0,1.9274584675919494e-06,105292.5,0.00010147346034946267
2025-06-04 08:05:00+00:00,exit_scheduled,BNB,2,-0.0002948600356271252,671.35,9.897714245913525e-05
2025-06-04 08:05:00+00:00,exit_scheduled,UNI,17,0.032202461232814075,6.707,0.000107990953744242
2025-06-04 08:05:00+00:00,exit_scheduled,NEAR,18,-0.07474781928963285,2.542,9.500447831712335e-05
2025-07-19 08:05:00+00:00,entry,BNB,2,0.00026669937260271687,732.95,9.773865257458067e-05
2025-07-19 08:05:00+00:00,entry,XRP,4,-0.05991478175307969,3.469,0.00010392218895071671
2025-07-19 08:05:00+00:00,entry,TRX,7,-0.7074429134612428,0.32593,0.00011528843439221142
2025-07-19 08:05:00+00:00,entry,BCH,12,0.00047626728393784535,510.1,0.00012147197076834747
2025-07-19 08:10:00+00:00,risk_reduce,BNB,2,-2.8431269033458908e-08,731.96,1.0405275840865293e-08
2025-07-19 08:10:00+00:00,risk_reduce,XRP,4,6.387166428173385e-06,3.4622,1.1056823803810948e-08
2025-07-19 08:10:00+00:00,risk_reduce,TRX,7,7.541637463248652e-05,0.3266,1.2315493977485049e-08
2025-07-19 08:10:00+00:00,risk_reduce,BCH,12,-5.0772085248410904e-08,509.96,1.2945866296639811e-08
2025-07-20 16:45:00+00:00,risk_reduce,BNB,2,-2.637072095012681e-07,756.32,9.972351834499954e-08
2025-07-20 16:45:00+00:00,risk_reduce,XRP,4,5.9242583699360696e-05,3.5335,1.0466683475084551e-07
2025-07-20 16:45:00+00:00,risk_reduce,TRX,7,0.0006995059447261198,0.31932,1.116831191349723e-07
2025-07-20 16:45:00+00:00,risk_reduce,BCH,12,-4.7092392906034845e-07,551.54,1.2986669191697227e-07
2025-07-20 19:35:00+00:00,risk_reduce,BNB,2,-8.59917162462703e-08,754.07,3.242188673491252e-08
2025-07-20 19:35:00+00:00,risk_reduce,XRP,4,1.931828658308099e-05,3.5561,3.434887945904716e-08
2025-07-20 19:35:00+00:00,risk_reduce,TRX,7,0.0002281003876428711,0.31772,3.62360275809465e-08
2025-07-20 19:35:00+00:00,risk_reduce,BCH,12,-1.5356257023808493e-07,550.04,4.2232778066878115e-08
2025-07-21 14:05:00+00:00,risk_reduce,BNB,2,-7.910291778843244e-07,776.5,3.0711707831358896e-07
2025-07-21 14:05:00+00:00,risk_reduce,XRP,4,0.00017770698180027966,3.6038,3.2021021050592394e-07
2025-07-21 14:05:00+00:00,risk_reduce,TRX,7,0.002098272600996931,0.31588,3.314011746014553e-07
2025-07-21 14:05:00+00:00,risk_reduce,BCH,12,-1.4126066904092882e-06,531.99,3.757463166154186e-07
2025-07-21 14:20:00+00:00,risk_reduce,BNB,2,-3.959774572275562e-07,778.33,1.5410056714196193e-07
2025-07-21 14:20:00+00:00,risk_reduce,XRP,4,8.895747559282963e-05,3.6125,1.606794402895485e-07
2025-07-21 14:20:00+00:00,risk_reduce,TRX,7,0.0010503640982437723,0.31601,1.6596277934300724e-07
2025-07-21 14:20:00+00:00,risk_reduce,BCH,12,-7.071299276557299e-07,534.74,1.890653287573125e-07
2025-07-21 14:25:00+00:00,risk_reduce,BNB,2,-6.805121684119839e-07,778.24,2.6480089497247117e-07
2025-07-21 14:25:00+00:00,risk_reduce,XRP,4,0.00015287901749756055,3.6262,2.7718494662482703e-07
2025-07-21 14:25:00+00:00,risk_reduce,TRX,7,0.0018051167738754037,0.31656,2.857138829689989e-07
2025-07-21 14:25:00+00:00,risk_reduce,BCH,12,-1.2152472612638127e-06,535.2,3.2520016711419634e-07
2025-07-21 14:35:00+00:00,risk_reduce,BNB,2,-2.8044019127705568e-08,779.87,1.0935344598561871e-08
2025-07-21 14:35:00+00:00,risk_reduce,XRP,4,6.30016962214347e-06,3.6268,1.1424727592794968e-08
2025-07-21 14:35:00+00:00,risk_reduce,TRX,7,7.438916111146554e-05,0.31654,1.177357252911165e-08
2025-07-21 14:35:00+00:00,risk_reduce,BCH,12,-5.0080540836344115e-08,535.43,1.3407311990001865e-08
2025-07-21 14:40:00+00:00,risk_reduce,BNB,2,-1.0154239548753729e-07,779.51,3.95766563532451e-08
2025-07-21 14:40:00+00:00,risk_reduce,XRP,4,2.2811791437475637e-05,3.6195,4.1283639553971533e-08
2025-07-21 14:40:00+00:00,risk_reduce,TRX,7,0.00026934989536153697,0.31746,4.275390889073677e-08
2025-07-21 14:40:00+00:00,risk_reduce,BCH,12,-1.8133271342720683e-07,534.4,4.845210102774966e-08
2025-07-21 14:50:00+00:00,risk_reduce,BNB,2,-8.893155556744838e-07,779.88,3.467797077797082e-07
2025-07-21 14:50:00+00:00,risk_reduce,XRP,4,0.0001997872994895511,3.6477,3.643820661740178e-07
2025-07-21 14:50:00+00:00,risk_reduce,TRX,7,0.0023589856307233426,0.31746,3.744417891647162e-07
2025-07-21 14:50:00+00:00,risk_reduce,BCH,12,-1.5881248618297098e-06,530.61,4.213374664677312e-07
2025-07-21 15:00:00+00:00,risk_reduce,BNB,2,-1.1945128608058415e-07,779.12,4.653344300555236e-08
2025-07-21 15:00:00+00:00,risk_reduce,XRP,4,2.6835075260203678e-05,3.6425,4.887338081764595e-08
2025-07-21 15:00:00+00:00,risk_reduce,TRX,7,0.0003168547605375549,0.31827,5.04226823181438e-08
2025-07-21 15:00:00+00:00,risk_reduce,BCH,12,-2.133141110505308e-07,529.2,5.644291378397046e-08
2025-07-26 16:05:00+00:00,exit_scheduled,BNB,2,-0.0002633153703480417,781.39,0.00010287599861812815
2025-07-26 16:05:00+00:00,exit_scheduled,XRP,4,0.05915455590566903,3.2064,9.483658402796859e-05
2025-07-26 16:05:00+00:00,exit_scheduled,TRX,7,0.6984665578333913,0.31888,0.00011136350798095591
2025-07-26 16:05:00+00:00,exit_scheduled,BCH,12,-0.0004702241892468259,555.47,0.0001305977152004672
2025-08-01 00:05:00+00:00,entry,BNB,2,0.0002868281966309619,783.21,0.00011232335594166782
2025-08-01 00:05:00+00:00,entry,BCH,12,-0.0004269847071650649,560.49,0.00011966032925947361
2025-08-01 00:05:00+00:00,entry,UNI,17,-0.023923635877052166,9.341,0.00011173534136377213
2025-08-01 00:05:00+00:00,entry,NEAR,18,0.09405396104390039,2.532,0.00011907231468157789
2025-08-01 00:20:00+00:00,risk_reduce,BNB,2,-1.2031280476213564e-06,787.49,4.73725653110671e-07
2025-08-01 00:20:00+00:00,risk_reduce,BCH,12,1.7910278108279783e-06,563.2,5.043534315291587e-07
2025-08-01 00:20:00+00:00,risk_reduce,UNI,17,0.0001003499574408831,9.376,4.7044060048285995e-07
2025-08-01 00:20:00+00:00,risk_reduce,NEAR,18,-0.00039451825117248207,2.53,4.990655877331897e-07
2025-08-01 02:20:00+00:00,risk_reduce,BNB,2,-6.046939960282572e-07,794.69,2.402721358518479e-07
2025-08-01 02:20:00+00:00,risk_reduce,BCH,12,9.00173315773376e-07,562.92,2.533627814575744e-07
2025-08-01 02:20:00+00:00,risk_reduce,UNI,17,5.0436042020766264e-05,9.418,2.3750332187578835e-07
2025-08-01 02:20:00+00:00,risk_reduce,NEAR,18,-0.00019828547616292103,2.539,2.517234119888283e-07
2025-08-01 02:25:00+00:00,risk_reduce,BNB,2,-1.9402990236521648e-07,795.04,7.713076678822086e-08
2025-08-01 02:25:00+00:00,risk_reduce,BCH,12,2.888412018615667e-07,563.7,8.140989274468259e-08
2025-08-01 02:25:00+00:00,risk_reduce,UNI,17,1.618355792062237e-05,9.417,7.620028246925043e-08
2025-08-01 02:25:00+00:00,risk_reduce,NEAR,18,-6.362443125453032e-05,2.543,8.089846434013531e-08
2025-08-01 03:30:00+00:00,risk_reduce,BNB,2,-1.6301920280751593e-06,786.9,6.413990534461714e-07
2025-08-01 03:30:00+00:00,risk_reduce,BCH,12,2.4267734968402344e-06,571.2,6.930865106975711e-07
2025-08-01 03:30:00+00:00,risk_reduce,UNI,17,0.00013597031584562658,9.406,6.394683954219819e-07
2025-08-01 03:30:00+00:00,risk_reduce,NEAR,18,-0.0005345569902248104,2.542,6.794219345757341e-07
2025-08-04 14:00:00+00:00,risk_reduce,BNB,2,-1.6232031205429764e-06,762.27,6.186595213481473e-07
2025-08-04 14:00:00+00:00,risk_reduce,BCH,12,2.4163695105128844e-06,555.95,6.716903146848191e-07
2025-08-04 14:00:00+00:00,risk_reduce,UNI,17,0.00013538738822225366,9.821,6.648197698653766e-07
2025-08-04 14:00:00+00:00,risk_reduce,NEAR,18,-0.0005322652544593187,2.518,6.701219553642823e-07
2025-08-04 14:05:00+00:00,risk_reduce,BNB,2,-1.7072667818321288e-06,763.64,6.518686026391434e-07
2025-08-04 14:05:00+00:00,risk_reduce,BCH,12,2.5415102680129576e-06,558.4,7.095896668292178e-07
2025-08-04 14:05:00+00:00,risk_reduce,UNI,17,0.00014239893188077585,9.899,7.048035133439e-07
2025-08-04 14:05:00+00:00,risk_reduce,NEAR,18,-0.0005598306068792247,2.526,7.070660564884607e-07
2025-08-04 14:15:00+00:00,risk_reduce,BNB,2,-3.343816992978368e-06,764.51,1.278190764650946e-06
2025-08-04 14:15:00+00:00,risk_reduce,BCH,12,4.977748827802314e-06,571.8,1.4231383898686814e-06
2025-08-04 14:15:00+00:00,risk_reduce,UNI,17,0.0002788995681705514,9.905,1.3812501113646557e-06
2025-08-04 14:15:00+00:00,risk_reduce,NEAR,18,-0.001096472511732019,2.53,1.387037727341004e-06
2025-08-04 15:05:00+00:00,risk_reduce,BNB,2,-7.456091025753644e-07,761.99,2.84073340035701e-07
2025-08-04 15:05:00+00:00,risk_reduce,BCH,12,1.1099455634494852e-06,573.71,3.183934346033021e-07
2025-08-04 15:05:00+00:00,risk_reduce,UNI,17,6.21894251895301e-05,9.931,3.0880159077861175e-07
2025-08-04 15:05:00+00:00,risk_reduce,NEAR,18,-0.0002444930111868693,2.516,3.0757220807308154e-07
2025-08-04 15:10:00+00:00,risk_reduce,BNB,2,-8.16258803443303e-07,762.64,3.112558069290003e-07
2025-08-04 15:10:00+00:00,risk_reduce,BCH,12,1.215117726405333e-06,575.23,3.4948608488006985e-07
2025-08-04 15:10:00+00:00,risk_reduce,UNI,17,6.808214333314452e-05,9.964,3.3918523808572603e-07
2025-08-04 15:10:00+00:00,risk_reduce,NEAR,18,-0.00026765978590165274,2.519,3.3711750034313165e-07
2025-08-04 15:15:00+00:00,risk_reduce,BNB,2,-3.921991628321603e-07,763.11,1.4964555157442492e-07
2025-08-04 15:15:00+00:00,risk_reduce,BCH,12,5.838444290319792e-07,577.0,1.6843911777572603e-07
2025-08-04 15:15:00+00:00,risk_reduce,UNI,17,3.271236954069043e-05,9.961,1.629239564974087e-07
2025-08-04 15:15:00+00:00,risk_reduce,NEAR,18,-0.00012860620125826339,2.522,1.621724197866701e-07
2025-08-04 15:35:00+00:00,risk_reduce,BNB,2,-1.5516664672479523e-07,762.55,5.91611632299963e-08
2025-08-04 15:35:00+00:00,risk_reduce,BCH,12,2.3098769922827575e-07,578.11,6.676814940042926e-08
2025-08-04 15:35:00+00:00,risk_reduce,UNI,17,1.2942069155367358e-05,9.952,6.439973611710797e-08
2025-08-04 15:35:00+00:00,risk_reduce,NEAR,18,-5.0880763878116686e-05,2.528,6.431328554193949e-08
2025-08-04 16:05:00+00:00,risk_reduce,BNB,2,-1.3914082510170858e-07,762.01,5.3013350067876474e-08
2025-08-04 16:05:00+00:00,risk_reduce,BCH,12,2.071309765169652e-07,575.86,5.963922206852979e-08
2025-08-04 16:05:00+00:00,risk_reduce,UNI,17,1.1605394708281286e-05,10.005,5.805598702817714e-08
2025-08-04 16:05:00+00:00,risk_reduce,NEAR,18,-4.5625729609047316e-05,2.523,5.755685790181319e-08
2025-08-04 16:10:00+00:00,risk_reduce,BNB,2,-1.6929214854510648e-09,762.93,6.457902944475904e-10
2025-08-04 16:10:00+00:00,risk_reduce,BCH,12,2.5201552469769455e-09,576.08,7.259055173392395e-10
2025-08-04 16:10:00+00:00,risk_reduce,UNI,17,1.4120242591841858e-07,10.0,7.060121295920929e-10
2025-08-04 16:10:00+00:00,risk_reduce,NEAR,18,-5.551266343828409e-07,2.526,7.01124939225528e-10
2025-08-04 16:15:00+00:00,risk_reduce,BNB,2,-9.989224926035658e-08,763.2,3.8118882317752076e-08
2025-08-04 16:15:00+00:00,risk_reduce,BCH,12,1.487038697710612e-07,576.47,4.286165990346183e-08
2025-08-04 16:15:00+00:00,risk_reduce,UNI,17,8.331767330806844e-06,10.0,4.1658836654034224e-08
2025-08-04 16:15:00+00:00,risk_reduce,NEAR,18,-3.2755711714793634e-05,2.528,4.1403219607499154e-08
2025-08-04 17:10:00+00:00,risk_reduce,BNB,2,-3.340008832353799e-07,769.68,1.2853689990430358e-07
2025-08-04 17:10:00+00:00,risk_reduce,BCH,12,4.972079837207055e-07,573.66,1.4261416597060994e-07
2025-08-04 17:10:00+00:00,risk_reduce,UNI,17,2.7858193883976978e-05,10.064,1.4018243162417215e-07
2025-08-04 17:10:00+00:00,risk_reduce,NEAR,18,-0.00010952237760943062,2.564,1.4040768809529007e-07
2025-08-04 17:15:00+00:00,risk_reduce,BNB,2,-5.927960443198686e-07,769.69,2.2813459367627984e-07
2025-08-04 17:15:00+00:00,risk_reduce,BCH,12,8.824615165648831e-07,574.89,2.5365915062899285e-07
2025-08-04 17:15:00+00:00,risk_reduce,UNI,17,4.94436630716355e-05,10.087,2.493691147017936e-07
2025-08-04 17:15:00+00:00,risk_reduce,NEAR,18,-0.0001943840135465308,2.565,2.4929749737342577e-07
2025-08-07 10:15:00+00:00,risk_reduce,BNB,2,-6.545079435834049e-07,772.23,2.527153346367064e-07
2025-08-07 10:15:00+00:00,risk_reduce,BCH,12,9.743284862182553e-07,580.68,2.828865326886082e-07
2025-08-07 10:15:00+00:00,risk_reduce,UNI,17,5.459090112076154e-05,10.044,2.7415550542846443e-07
2025-08-07 10:15:00+00:00,risk_reduce,NEAR,18,-0.00021461998977707897,2.541,2.7267469701177885e-07
2025-08-07 10:30:00+00:00,risk_reduce,BNB,2,-6.62618477964116e-07,773.0,2.5610204173313085e-07
2025-08-07 10:30:00+00:00,risk_reduce,BCH,12,9.86402174189588e-07,581.02,2.865596956238172e-07
2025-08-07 10:30:00+00:00,risk_reduce,UNI,17,5.526738088659777e-05,10.085,2.7868576812066934e-07
2025-08-07 10:30:00+00:00,risk_reduce,NEAR,18,-0.00021727951869944528,2.557,2.7779186465724075e-07
2025-08-07 10:35:00+00:00,risk_reduce,BNB,2,-7.682459991645643e-08,773.47,2.9710761648690783e-08
2025-08-07 10:35:00+00:00,risk_reduce,BCH,12,1.1436438147888065e-07,580.85,3.321427549100392e-08
2025-08-07 10:35:00+00:00,risk_reduce,UNI,17,6.407751317303451e-06,10.092,3.233351314711321e-08
2025-08-07 10:35:00+00:00,risk_reduce,NEAR,18,-2.519158859771997e-05,2.565,3.230821237657586e-08
2025-08-07 10:40:00+00:00,risk_reduce,BNB,2,-2.6203950727918084e-07,774.29,1.0144728504559847e-07
2025-08-07 10:40:00+00:00,risk_reduce,BCH,12,3.900832051921001e-07,581.39,1.1339523733331754e-07
2025-08-07 10:40:00+00:00,risk_reduce,UNI,17,2.185607214068644e-05,10.1,1.1037316431046651e-07
2025-08-07 10:40:00+00:00,risk_reduce,NEAR,18,-8.592549093527913e-05,2.575,1.1062906957917188e-07
2025-08-07 10:45:00+00:00,risk_reduce,BNB,2,-3.591492905580121e-07,776.52,1.3944330355205378e-07
2025-08-07 10:45:00+00:00,risk_reduce,BCH,12,5.346449772326519e-07,581.69,1.5549881840323068e-07
2025-08-07 10:45:00+00:00,risk_reduce,UNI,17,2.9955760813382692e-05,10.12,1.5157614971571642e-07
2025-08-07 10:45:00+00:00,risk_reduce,NEAR,18,-0.00011776880299724235,2.58,1.5192175586644264e-07
2025-08-07 10:50:00+00:00,risk_reduce,BNB,2,-6.579937857629278e-08,776.42,2.5543976757102618e-08
2025-08-07 10:50:00+00:00,risk_reduce,BCH,12,9.795176598059903e-08,582.07,2.850739221216364e-08
2025-08-07 10:50:00+00:00,risk_reduce,UNI,17,5.488164666115486e-06,10.119,2.7767369128211302e-08
2025-08-07 10:50:00+00:00,risk_reduce,NEAR,18,-2.1576303383064044e-05,2.577,2.780106690907802e-08
2025-08-07 10:55:00+00:00,risk_reduce,BNB,2,-3.803786504944428e-07,778.08,1.4798251018835803e-07
2025-08-07 10:55:00+00:00,risk_reduce,BCH,12,5.662479093789191e-07,582.23,1.6484326013884406e-07
2025-08-07 10:55:00+00:00,risk_reduce,UNI,17,3.172644961938961e-05,10.144,1.609165524695441e-07
2025-08-07 10:55:00+00:00,risk_reduce,NEAR,18,-0.00012473013182021098,2.58,1.6090187004807216e-07
2025-08-07 11:05:00+00:00,risk_reduce,BNB,2,-2.4086958763186667e-07,778.11,9.371151741611589e-08
2025-08-07 11:05:00+00:00,risk_reduce,BCH,12,3.5856875839964265e-07,583.31,1.0457837123104777e-07
2025-08-07 11:05:00+00:00,risk_reduce,UNI,17,2.009034110330224e-05,10.142,1.0187811973484565e-07
2025-08-07 11:05:00+00:00,risk_reduce,NEAR,18,-7.898365320385681e-05,2.587,1.0216535541918879e-07
2025-08-07 19:50:00+00:00,risk_reduce,BNB,2,-5.827396663968189e-07,779.9,2.2723933291143953e-07
2025-08-07 19:50:00+00:00,risk_reduce,BCH,12,8.674911627675115e-07,579.23,2.5123845310491283e-07
2025-08-07 19:50:00+00:00,risk_reduce,UNI,17,4.860488527189469e-05,10.257,2.492701541169119e-07
2025-08-07 19:50:00+00:00,risk_reduce,NEAR,18,-0.000191086422206041,2.6,2.484123488678533e-07
2025-08-07 20:00:00+00:00,risk_reduce,BNB,2,-1.8177296444253773e-07,780.96,7.097870715552214e-08
2025-08-07 20:00:00+00:00,risk_reduce,BCH,12,2.7059500043810246e-07,579.73,7.843601980199057e-08
2025-08-07 20:00:00+00:00,risk_reduce,UNI,17,1.5161236812468587e-05,10.26,7.777714484796385e-08
2025-08-07 20:00:00+00:00,risk_reduce,NEAR,18,-5.9605253309558126e-05,2.608,7.77252503156638e-08
2025-08-07 20:10:00+00:00,risk_reduce,BNB,2,-5.99685902140097e-08,781.06,2.3419533536277206e-08
2025-08-07 20:10:00+00:00,risk_reduce,BCH,12,8.92718053259597e-08,580.73,2.5921407753472294e-08
2025-08-07 20:10:00+00:00,risk_reduce,UNI,17,5.00183292016787e-06,10.247,2.5626890966480084e-08
2025-08-07 20:10:00+00:00,risk_reduce,NEAR,18,-1.966432698771725e-05,2.607,2.5632450228489442e-08
2025-08-07 20:25:00+00:00,risk_reduce,BNB,2,-5.32856123398439e-08,781.4,2.0818688741177012e-08
2025-08-07 20:25:00+00:00,risk_reduce,BCH,12,7.93232389572989e-08,580.11,2.300810207575933e-08
2025-08-07 20:25:00+00:00,risk_reduce,UNI,17,4.444422138680931e-06,10.261,2.280210778250252e-08
2025-08-07 20:25:00+00:00,risk_reduce,NEAR,18,-1.747290875192542e-05,2.612,2.28196188300146e-08
2025-08-07 20:30:00+00:00,risk_reduce,BNB,2,-3.278281914260821e-07,781.71,1.2813328775984132e-07
2025-08-07 20:30:00+00:00,risk_reduce,BCH,12,4.880190509882576e-07,580.32,1.4160360783475283e-07
2025-08-07 20:30:00+00:00,risk_reduce,UNI,17,2.7343344810693004e-05,10.282,1.4057213567177276e-07
2025-08-07 20:30:00+00:00,risk_reduce,NEAR,18,-0.00010749828750326873,2.616,1.4060776005427553e-07
2025-08-07 20:35:00+00:00,risk_reduce,BNB,2,-3.1131691831349584e-07,781.56,1.216564253385479e-07
2025-08-07 20:35:00+00:00,risk_reduce,BCH,12,4.6343966445054315e-07,580.87,1.345990989446935e-07
2025-08-07 20:35:00+00:00,risk_reduce,UNI,17,2.5966180046379378e-05,10.297,1.3368687796878422e-07
2025-08-07 20:35:00+00:00,risk_reduce,NEAR,18,-0.00010208406862118047,2.615,1.3347491972219347e-07
2025-08-07 20:40:00+00:00,risk_reduce,BNB,2,-3.691961020513821e-07,781.85,1.4432798619443657e-07
2025-08-07 20:40:00+00:00,risk_reduce,BCH,12,5.496010900341085e-07,580.62,1.5955469244780202e-07
2025-08-07 20:40:00+00:00,risk_reduce,UNI,17,3.079374070070334e-05,10.33,1.5904967071913278e-07
2025-08-07 20:40:00+00:00,risk_reduce,NEAR,18,-0.00012106325740554591,2.617,1.5841127231515683e-07
2025-08-07 20:45:00+00:00,risk_reduce,BNB,2,-2.7910598703582718e-08,781.48,1.0905787337437912e-08
2025-08-07 20:45:00+00:00,risk_reduce,BCH,12,4.1548909605914654e-08,580.32,1.2055831611252197e-08
2025-08-07 20:45:00+00:00,risk_reduce,UNI,17,2.3279545328450113e-06,10.338,1.2033196980275863e-08
2025-08-07 20:45:00+00:00,risk_reduce,NEAR,18,-9.152176787402544e-06,2.616,1.1971047237922529e-08
2025-08-07 20:50:00+00:00,risk_reduce,BNB,2,-1.6348615691606653e-07,781.85,6.391082589241332e-08
2025-08-07 20:50:00+00:00,risk_reduce,BCH,12,2.4337247751885773e-07,580.1,7.05901871043447e-08
2025-08-07 20:50:00+00:00,risk_reduce,UNI,17,1.3635979080644373e-05,10.354,7.05934637004959e-08
2025-08-07 20:50:00+00:00,risk_reduce,NEAR,18,-5.360881815111296e-05,2.619,7.020074736888243e-08
2025-08-07 21:05:00+00:00,risk_reduce,BNB,2,-1.2217325218768496e-07,781.67,4.7749583018773853e-08
2025-08-07 21:05:00+00:00,risk_reduce,BCH,12,1.8187232260111989e-07,580.48,5.278662291174904e-08
2025-08-07 21:05:00+00:00,risk_reduce,UNI,17,1.0190171097490541e-05,10.357,5.276980102835477e-08
2025-08-07 21:05:00+00:00,risk_reduce,NEAR,18,-4.0061885256889584e-05,2.619,5.246103874389692e-08
2025-08-07 21:15:00+00:00,risk_reduce,BNB,2,-9.852784135875453e-08,782.28,3.853817986906325e-08
2025-08-07 21:15:00+00:00,risk_reduce,BCH,12,1.4667275387953652e-07,580.66,4.258350063384584e-08
2025-08-07 21:15:00+00:00,risk_reduce,UNI,17,8.217965416598694e-06,10.361,4.2573169840689535e-08
2025-08-07 21:15:00+00:00,risk_reduce,NEAR,18,-3.230830811525032e-05,2.62,4.232388363097792e-08
2025-08-07 21:20:00+00:00,risk_reduce,BNB,2,-1.854109206881954e-07,782.65,7.255592853830807e-08
2025-08-07 21:20:00+00:00,risk_reduce,BCH,12,2.7601061752347087e-07,580.64,8.013140247941406e-08
2025-08-07 21:20:00+00:00,risk_reduce,UNI,17,1.54646698137563e-05,10.375,8.022297465886081e-08
2025-08-07 21:20:00+00:00,risk_reduce,NEAR,18,-6.0798177153958965e-05,2.624,7.976720842599417e-08
2025-08-07 21:25:00+00:00,risk_reduce,BNB,2,-1.8512518000816328e-08,782.68,7.244688794439461e-09
2025-08-07 21:25:00+00:00,risk_reduce,BCH,12,2.7558525173964222e-08,580.53,7.999275309620725e-09
2025-08-07 21:25:00+00:00,risk_reduce,UNI,17,1.5440836884962617e-06,10.378,8.012250259607103e-09
2025-08-07 21:25:00+00:00,risk_reduce,NEAR,18,-6.070447980094373e-06,2.626,7.970498197863912e-09
2025-08-07 21:30:00+00:00,risk_reduce,BNB,2,-1.0641570858142477e-07,782.54,4.163727429665407e-08
2025-08-07 21:30:00+00:00,risk_reduce,BCH,12,1.5841497000681007e-07,581.88,4.608925137378132e-08
2025-08-07 21:30:00+00:00,risk_reduce,UNI,17,8.875873061305745e-06,10.361,4.5981460394094415e-08
2025-08-07 21:30:00+00:00,risk_reduce,NEAR,18,-3.489482215116024e-05,2.633,4.593903336200246e-08
2025-08-07 21:35:00+00:00,risk_reduce,BNB,2,-1.8622324634952206e-07,783.51,7.295388787365703e-08
2025-08-07 21:35:00+00:00,risk_reduce,BCH,12,2.7721988020646066e-07,581.7,8.06294021580491e-08
2025-08-07 21:35:00+00:00,risk_reduce,UNI,17,1.553242390335899e-05,10.378,8.05977476345298e-08
2025-08-07 21:35:00+00:00,risk_reduce,NEAR,18,-6.10645472214899e-05,2.635,8.045254096431294e-08
2025-08-07 21:50:00+00:00,risk_reduce,BNB,2,-1.5124697035865265e-07,783.78,5.927217521385238e-08
2025-08-07 21:50:00+00:00,risk_reduce,BCH,12,2.2515270153611365e-07,581.95,6.551380732947067e-08
2025-08-07 21:50:00+00:00,risk_reduce,UNI,17,1.261513857029814e-05,10.385,6.550410702627309e-08
2025-08-07 21:50:00+00:00,risk_reduce,NEAR,18,-4.959546106418633e-05,2.637,6.539161541312968e-08
2025-08-07 22:50:00+00:00,risk_reduce,BNB,2,-6.115126555432046e-08,785.09,2.4004623537020726e-08
2025-08-07 22:50:00+00:00,risk_reduce,BCH,12,9.103238636292907e-08,581.01,2.644536340036271e-08
2025-08-07 22:50:00+00:00,risk_reduce,UNI,17,5.100476967490747e-06,10.405,2.653523142337061e-08
2025-08-07 22:50:00+00:00,risk_reduce,NEAR,18,-2.00521385825686e-05,2.641,2.647884899828184e-08
2025-08-07 22:55:00+00:00,risk_reduce,BNB,2,-4.51301139798156e-07,785.72,1.7729816578110358e-07
2025-08-07 22:55:00+00:00,risk_reduce,BCH,12,6.718261568540765e-07,581.65,1.9538384206708682e-07
2025-08-07 22:55:00+00:00,risk_reduce,UNI,17,3.7641920376890736e-05,10.428,1.9626497284510832e-07
2025-08-07 22:55:00+00:00,risk_reduce,NEAR,18,-0.00014798635671184335,2.647,1.9585994310812467e-07
2025-08-07 23:00:00+00:00,risk_reduce,BNB,2,-1.1617589420565098e-07,787.32,4.5733802512996565e-08
2025-08-07 23:00:00+00:00,risk_reduce,BCH,12,1.7294439929444166e-07,582.09,5.0334602692650776e-08
2025-08-07 23:00:00+00:00,risk_reduce,UNI,17,9.689946188391751e-06,10.427,5.0518534453180396e-08
2025-08-07 23:00:00+00:00,risk_reduce,NEAR,18,-3.809528894371805e-05,2.654,5.0552448428313855e-08
2025-08-08 00:15:00+00:00,risk_reduce,BNB,2,-2.6792365259242865e-07,790.06,1.0583788048358708e-07
2025-08-08 00:15:00+00:00,risk_reduce,BCH,12,3.9884259528350863e-07,583.71,1.1640420564646843e-07
2025-08-08 00:15:00+00:00,risk_reduce,UNI,17,2.2346854258954718e-05,10.42,1.1642711068915408e-07
2025-08-08 00:15:00+00:00,risk_reduce,NEAR,18,-8.785496363207523e-05,2.646,1.1623211688523554e-07
2025-08-08 00:40:00+00:00,risk_reduce,BNB,2,-9.802939234069153e-07,791.23,3.878189805086268e-07
2025-08-08 00:40:00+00:00,risk_reduce,BCH,12,1.4593074137691782e-06,583.63,4.258477929490528e-07
2025-08-08 00:40:00+00:00,risk_reduce,UNI,17,8.176391007418474e-05,10.495,4.290561181142844e-07
2025-08-08 00:40:00+00:00,risk_reduce,NEAR,18,-0.0003214486147689183,2.669,4.2897317640912146e-07
2025-08-08 07:20:00+00:00,risk_reduce,BNB,2,-3.9596492810734527e-07,790.74,1.565526536258011e-07
2025-08-08 07:20:00+00:00,risk_reduce,BCH,12,5.894503080988104e-07,580.41,1.7106142666181528e-07
2025-08-08 07:20:00+00:00,risk_reduce,UNI,17,3.302646277942786e-05,10.582,1.747430145659528e-07
2025-08-08 07:20:00+00:00,risk_reduce,NEAR,18,-0.00012984103501816058,2.683,1.7418174847686243e-07
2025-08-08 07:50:00+00:00,risk_reduce,BNB,2,-1.581998995797934e-07,790.34,6.251585431694696e-08
2025-08-08 07:50:00+00:00,risk_reduce,BCH,12,2.3550312901258726e-07,580.35,6.83371204612275e-08
2025-08-08 07:50:00+00:00,risk_reduce,UNI,17,1.3195065331050165e-05,10.597,6.99140536565693e-08
2025-08-08 07:50:00+00:00,risk_reduce,NEAR,18,-5.187539916576278e-05,2.679,6.948709718253925e-08
2025-08-08 07:55:00+00:00,risk_reduce,BNB,2,-1.2390213405673268e-07,790.68,4.89834696779887e-08
2025-08-08 07:55:00+00:00,risk_reduce,BCH,12,1.8444601001133681e-07,580.23,5.3510554194438986e-08
2025-08-08 07:55:00+00:00,risk_reduce,UNI,17,1.0334372890739851e-05,10.609,5.481868099892954e-08
2025-08-08 07:55:00+00:00,risk_reduce,NEAR,18,-4.06288036765845e-05,2.679,5.4422282524784933e-08
2025-08-08 08:05:00+00:00,exit_scheduled,BNB,2,-0.00026504199359090604,790.29,0.00010473001855747856
2025-08-08 08:05:00+00:00,exit_scheduled,BCH,12,0.0003945528345857264,579.99,0.00011441834926568773
2025-08-08 08:05:00+00:00,exit_scheduled,UNI,17,0.022106502154510883,10.617,0.00011735236668722103
2025-08-08 08:05:00+00:00,exit_scheduled,NEAR,18,-0.08691003755209568,2.683,0.00011658981537613637
2025-08-11 08:05:00+00:00,entry,SOL,3,0.0012674722394433583,182.32,0.00011554276934765654
2025-08-11 08:05:00+00:00,entry,XLM,15,0.49712981157137015,0.44558,0.00011075555071998556
2025-08-11 08:05:00+00:00,entry,FIL,16,-0.08142979624980548,2.598,0.00010577730532849732
2025-08-11 08:05:00+00:00,entry,UNI,17,-0.021871157742336413,11.021,0.00012052101473914481
2025-08-11 08:10:00+00:00,risk_reduce,SOL,3,-2.390037990752372e-06,182.53,2.1812681722601523e-07
2025-08-11 08:10:00+00:00,risk_reduce,XLM,15,-0.0009374241888824297,0.44683,2.0943462515916804e-07
2025-08-11 08:10:00+00:00,risk_reduce,FIL,16,0.00015354995601460364,2.598,1.9946139286297012e-07
2025-08-11 08:10:00+00:00,risk_reduce,UNI,17,4.12418483649625e-05,11.06,2.2806742145824265e-07
2025-08-11 08:15:00+00:00,risk_reduce,SOL,3,-3.2986055078100106e-06,182.93,3.0170695277184265e-07
2025-08-11 08:15:00+00:00,risk_reduce,XLM,15,-0.001293783866434861,0.44977,2.909525848032037e-07
2025-08-11 08:15:00+00:00,risk_reduce,FIL,16,0.00021192162325181507,2.604,2.759219534738632e-07
2025-08-11 08:15:00+00:00,risk_reduce,UNI,17,5.6919843406381954e-05,11.09,3.1562053168838795e-07
2025-08-11 08:20:00+00:00,risk_reduce,SOL,3,-1.719664555785037e-06,183.38,1.5767604311993003e-07
2025-08-11 08:20:00+00:00,risk_reduce,XLM,15,-0.0006744893418406117,0.4516,1.5229969338761014e-07
2025-08-11 08:20:00+00:00,risk_reduce,FIL,16,0.0001104812634453306,2.61,1.4417804879615641e-07
2025-08-11 08:20:00+00:00,risk_reduce,UNI,17,2.967406590301258e-05,11.094,1.6460204356401076e-07
2025-08-11 08:25:00+00:00,risk_reduce,SOL,3,-4.697184693491958e-06,183.45,4.3084926601054986e-07
2025-08-11 08:25:00+00:00,risk_reduce,XLM,15,-0.001842336635804409,0.45436,4.1854203692204567e-07
2025-08-11 08:25:00+00:00,risk_reduce,FIL,16,0.0003017744930703392,2.608,3.9351393896372235e-07
2025-08-11 08:25:00+00:00,risk_reduce,UNI,17,8.105334711028256e-05,11.18,4.5308821034647947e-07
2025-08-11 08:30:00+00:00,risk_reduce,SOL,3,-5.488451135697917e-07,183.55,5.037026029786763e-08
2025-08-11 08:30:00+00:00,risk_reduce,XLM,15,-0.0002152688314582818,0.45724,4.9214760247992384e-08
2025-08-11 08:30:00+00:00,risk_reduce,FIL,16,3.526100562985246e-05,2.612,4.6050873352587313e-08
2025-08-11 08:30:00+00:00,risk_reduce,UNI,17,9.470722656827746e-06,11.171,5.289872139971137e-08
2025-08-11 08:35:00+00:00,risk_reduce,SOL,3,-2.7584207333488254e-06,183.69,2.5334715225442283e-07
2025-08-11 08:35:00+00:00,risk_reduce,XLM,15,-0.0010819118058210675,0.459,2.4829875943593505e-07
2025-08-11 08:35:00+00:00,risk_reduce,FIL,16,0.00017721700822929953,2.619,2.3206567227626777e-07
2025-08-11 08:35:00+00:00,risk_reduce,UNI,17,4.7598561216062596e-05,11.191,2.6633774928447827e-07
2025-08-11 16:05:00+00:00,risk_reduce,SOL,3,-1.6722533043611034e-05,181.18,1.5148942684207237e-06
2025-08-11 16:05:00+00:00,risk_reduce,XLM,15,-0.006558936316125807,0.44483,1.4588058207511216e-06
2025-08-11 16:05:00+00:00,risk_reduce,FIL,16,0.0010743528861191648,2.564,1.3773204000047695e-06
2025-08-11 16:05:00+00:00,risk_reduce,UNI,17,0.0002885595018703342,11.716,1.6903815619564178e-06
2025-08-11 16:10:00+00:00,risk_reduce,SOL,3,-6.815753604917912e-06,181.37,6.180866156619808e-07
2025-08-11 16:10:00+00:00,risk_reduce,XLM,15,-0.0026732848261968867,0.44581,5.95888554183417e-07
2025-08-11 16:10:00+00:00,risk_reduce,FIL,16,0.00043788369485796286,2.574,5.635563152821982e-07
2025-08-11 16:10:00+00:00,risk_reduce,UNI,17,0.00011761079855407766,11.799,6.938449060697812e-07
2025-08-12 20:20:00+00:00,risk_reduce,SOL,3,-4.969839785743616e-06,191.0,4.7461969953851535e-07
2025-08-12 20:20:00+00:00,risk_reduce,XLM,15,-0.001949277814014827,0.45462,4.4309033990371035e-07
2025-08-12 20:20:00+00:00,risk_reduce,FIL,16,0.0003192914436729727,2.651,4.232208085885253e-07
2025-08-12 20:20:00+00:00,risk_reduce,UNI,17,8.575820954932756e-05,11.567,4.959826049285359e-07
2025-08-12 20:55:00+00:00,risk_reduce,SOL,3,-9.185990141695726e-07,191.05,8.774917082854843e-08
2025-08-12 20:55:00+00:00,risk_reduce,XLM,15,-0.0003602942459902114,0.45298,8.1603043774323e-08
2025-08-12 20:55:00+00:00,risk_reduce,FIL,16,5.901614901794583e-05,2.652,7.825541359779617e-08
2025-08-12 20:55:00+00:00,risk_reduce,UNI,17,1.5851095839132523e-05,11.582,9.179369600441645e-08
2025-08-12 21:00:00+00:00,risk_reduce,SOL,3,-2.1807955360528958e-06,191.55,2.088656924654661e-07
2025-08-12 21:00:00+00:00,risk_reduce,XLM,15,-0.0008553548079205386,0.4526,1.935667930324179e-07
2025-08-12 21:00:00+00:00,risk_reduce,FIL,16,0.00014010700245495333,2.655,1.8599204575895054e-07
2025-08-12 21:00:00+00:00,risk_reduce,UNI,17,3.763121722787782e-05,11.61,2.1844921600783076e-07
2025-08-13 00:20:00+00:00,risk_reduce,SOL,3,-8.376708900185124e-07,192.08,8.044991227737794e-08
2025-08-13 00:20:00+00:00,risk_reduce,XLM,15,-0.00032855249902485895,0.44826,7.363847160644163e-08
2025-08-13 00:20:00+00:00,risk_reduce,FIL,16,5.3816855135668806e-05,2.644,7.114588248935416e-08
2025-08-13 00:20:00+00:00,risk_reduce,UNI,17,1.4454622043483245e-05,11.67,8.434271962372473e-08
2025-08-13 00:30:00+00:00,risk_reduce,SOL,3,-1.1890459778707806e-06,192.23,1.1428515416305007e-07
2025-08-13 00:30:00+00:00,risk_reduce,XLM,15,-0.0004663693487979015,0.44707,1.0424987238353891e-07
2025-08-13 00:30:00+00:00,risk_reduce,FIL,16,7.639123658613467e-05,2.637,1.0072184543881856e-07
2025-08-13 00:30:00+00:00,risk_reduce,UNI,17,2.0517855409855207e-05,11.719,1.202243737740466e-07
2025-08-13 00:35:00+00:00,risk_reduce,SOL,3,-3.214572042024074e-06,193.05,3.1028656635637375e-07
2025-08-13 00:35:00+00:00,risk_reduce,XLM,15,-0.0012608241378413432,0.44725,2.8195179782477034e-07
2025-08-13 00:35:00+00:00,risk_reduce,FIL,16,0.00020652282414272694,2.641,2.7271338928047095e-07
2025-08-13 00:35:00+00:00,risk_reduce,UNI,17,5.546978467638186e-05,11.761,3.261900687894635e-07
2025-08-13 07:50:00+00:00,risk_reduce,SOL,3,-4.584886893457731e-07,197.48,4.5271173186001634e-08
2025-08-13 07:50:00+00:00,risk_reduce,XLM,15,-0.00017982910287817067,0.44498,4.001017709936419e-08
2025-08-13 07:50:00+00:00,risk_reduce,FIL,16,2.9455982856613216e-05,2.631,3.8749345447874685e-08
2025-08-13 07:50:00+00:00,risk_reduce,UNI,17,7.91155666822474e-06,11.796,4.666236122918952e-08
2025-08-13 07:55:00+00:00,risk_reduce,SOL,3,-1.2786587569851154e-06,197.94,1.2654885717881688e-07
2025-08-13 07:55:00+00:00,risk_reduce,XLM,15,-0.0005015174038078274,0.44621,1.1189104037654534e-07
2025-08-13 07:55:00+00:00,risk_reduce,FIL,16,8.214848326780488e-05,2.638,1.0835384943023465e-07
2025-08-13 07:55:00+00:00,risk_reduce,UNI,17,2.2064189259814876e-05,11.791,1.3007942778123863e-07
2025-08-13 08:00:00+00:00,risk_reduce,SOL,3,-1.2443836750242665e-05,198.79,1.2368551537903696e-06
2025-08-13 08:00:00+00:00,risk_reduce,XLM,15,-0.0048807398113822065,0.44771,1.0925780104769638e-06
2025-08-13 08:00:00+00:00,risk_reduce,FIL,16,0.0007994645244325943,2.647,1.0580912980865385e-06
2025-08-13 08:00:00+00:00,risk_reduce,UNI,17,0.00021472747726921856,11.988,1.287076498751696e-06
2025-08-13 08:05:00+00:00,risk_reduce,SOL,3,-5.112252210636749e-06,198.72,5.079533796488674e-07
2025-08-13 08:05:00+00:00,risk_reduce,XLM,15,-0.0020051350231507503,0.44933,4.5048365997616336e-07
2025-08-13 08:05:00+00:00,risk_reduce,FIL,16,0.00032844084701420806,2.654,4.358410039878541e-07
2025-08-13 08:05:00+00:00,risk_reduce,UNI,17,8.821563978912011e-05,12.058,5.318520922886051e-07
2025-08-13 09:05:00+00:00,risk_reduce,SOL,3,-8.083597196745489e-07,199.33,8.056517146136392e-08
2025-08-13 09:05:00+00:00,risk_reduce,XLM,15,-0.0003170560290142177,0.45494,7.212073491986411e-08
2025-08-13 09:05:00+00:00,risk_reduce,FIL,16,5.193373489470465e-05,2.672,6.938346981932543e-08
2025-08-13 09:05:00+00:00,risk_reduce,UNI,17,1.3948836425258654e-05,11.998,8.367906971512667e-08
2025-08-13 09:15:00+00:00,risk_reduce,SOL,3,-2.4121931502868107e-06,200.36,2.4165350979573273e-07
2025-08-13 09:15:00+00:00,risk_reduce,XLM,15,-0.0009461139178894018,0.45462,2.1506115467543995e-07
2025-08-13 09:15:00+00:00,risk_reduce,FIL,16,0.00015497333245681477,2.676,2.0735431882721818e-07
2025-08-13 09:15:00+00:00,risk_reduce,UNI,17,4.162415179844586e-05,12.027,2.5030683683995417e-07
2025-08-13 09:25:00+00:00,risk_reduce,SOL,3,-3.1626939565063215e-06,201.85,3.1919488756040047e-07
2025-08-13 09:25:00+00:00,risk_reduce,XLM,15,-0.001240476439425986,0.45357,2.813214493152222e-07
2025-08-13 09:25:00+00:00,risk_reduce,FIL,16,0.00020318987387993315,2.679,2.7217283606217047e-07
2025-08-13 09:25:00+00:00,risk_reduce,UNI,17,5.45745904808638e-05,12.074,3.2946680273297476e-07
2025-08-13 09:40:00+00:00,risk_reduce,SOL,3,-3.4073110369292614e-06,201.46,3.432184407498845e-07
2025-08-13 09:40:00+00:00,risk_reduce,XLM,15,-0.0013364205077166513,0.45226,3.022047694099664e-07
2025-08-13 09:40:00+00:00,risk_reduce,FIL,16,0.00021890549935729697,2.682,2.9355227463813527e-07
2025-08-13 09:40:00+00:00,risk_reduce,UNI,17,5.87956365802611e-05,12.132,3.5665433149586383e-07
2025-08-13 09:55:00+00:00,risk_reduce,SOL,3,-1.1578487654688267e-06,201.5,1.1665326312098429e-07
2025-08-13 09:55:00+00:00,risk_reduce,XLM,15,-0.000454133132618717,0.45335,1.0294062783634768e-07
2025-08-13 09:55:00+00:00,risk_reduce,FIL,16,7.438694602228402e-05,2.692,1.001248293459943e-07
2025-08-13 09:55:00+00:00,risk_reduce,UNI,17,1.9979524760606326e-05,12.116,1.2103596099975313e-07
2025-08-13 10:20:00+00:00,risk_reduce,SOL,3,-7.577831006287152e-08,201.3,7.627086907828018e-09
2025-08-13 10:20:00+00:00,risk_reduce,XLM,15,-2.9721879367783366e-05,0.45375,6.743151381565851e-09
2025-08-13 10:20:00+00:00,risk_reduce,FIL,16,4.8684398415571595e-06,2.697,6.56509112633983e-09
2025-08-13 10:20:00+00:00,risk_reduce,UNI,17,1.3076099982765876e-06,12.099,7.910386684574217e-09
2025-08-13 10:30:00+00:00,risk_reduce,SOL,3,-1.5041422698836363e-06,201.65,1.5165514436101763e-07
2025-08-13 10:30:00+00:00,risk_reduce,XLM,15,-0.000589956876319575,0.45505,1.3422993828461132e-07
2025-08-13 10:30:00+00:00,risk_reduce,FIL,16,9.663485696628782e-05,2.701,1.3050537433297172e-07
2025-08-13 10:30:00+00:00,risk_reduce,UNI,17,2.5955071699234472e-05,12.111,1.5717093667471434e-07
2025-08-13 10:40:00+00:00,risk_reduce,SOL,3,-6.341059856061499e-07,201.37,6.38449611607552e-08
2025-08-13 10:40:00+00:00,risk_reduce,XLM,15,-0.0002487099751227184,0.45685,5.681157606740696e-08
2025-08-13 10:40:00+00:00,risk_reduce,FIL,16,4.073866046279406e-05,2.704,5.507866894569758e-08
2025-08-13 10:40:00+00:00,risk_reduce,UNI,17,1.0941961176715032e-05,12.111,6.625904590559788e-08
2025-08-13 10:45:00+00:00,risk_reduce,SOL,3,-1.3216059706077678e-06,201.67,1.3326413804623428e-07
2025-08-13 10:45:00+00:00,risk_reduce,XLM,15,-0.0005183622226143103,0.45619,1.182358311672111e-07
2025-08-13 10:45:00+00:00,risk_reduce,FIL,16,8.490766232195635e-05,2.708,1.1496497478392891e-07
2025-08-13 10:45:00+00:00,risk_reduce,UNI,17,2.2805274748318588e-05,12.122,1.3822277024955895e-07
2025-08-13 11:00:00+00:00,risk_reduce,SOL,3,-1.793174957047481e-06,201.57,1.807251380460304e-07
2025-08-13 11:00:00+00:00,risk_reduce,XLM,15,-0.000703321698708792,0.45488,1.5996348715432764e-07
2025-08-13 11:00:00+00:00,risk_reduce,FIL,16,0.00011520399962113015,2.7,1.555253994885257e-07
2025-08-13 11:00:00+00:00,risk_reduce,UNI,17,3.0942541481157604e-05,12.189,1.8857931905691503e-07
2025-08-13 11:05:00+00:00,risk_reduce,SOL,3,-2.2987455210847236e-06,201.33,2.3140321787999372e-07
2025-08-13 11:05:00+00:00,risk_reduce,XLM,15,-0.0009016173231922164,0.45462,2.0494663373482272e-07
2025-08-13 11:05:00+00:00,risk_reduce,FIL,16,0.00014768479623213093,2.702,1.995221597096089e-07
2025-08-13 11:05:00+00:00,risk_reduce,UNI,17,3.966653022965602e-05,12.228,2.425211658241169e-07
2025-08-13 11:10:00+00:00,risk_reduce,SOL,3,-1.2330343849295891e-06,201.19,1.24037093951992e-07
2025-08-13 11:10:00+00:00,risk_reduce,XLM,15,-0.00048362254601352905,0.45434,1.098645337778934e-07
2025-08-13 11:10:00+00:00,risk_reduce,FIL,16,7.921730796874027e-05,2.705,1.0714140902772123e-07
2025-08-13 11:10:00+00:00,risk_reduce,UNI,17,2.1276907450344662e-05,12.242,1.302359505035597e-07
2025-08-13 13:35:00+00:00,risk_reduce,SOL,3,-6.524103704998304e-06,204.55,6.672527064287016e-07
2025-08-13 13:35:00+00:00,risk_reduce,XLM,15,-0.0025588934768009386,0.45903,5.873044363279674e-07
2025-08-13 13:35:00+00:00,risk_reduce,FIL,16,0.00041914640721750496,2.728,5.717156994446769e-07
2025-08-13 13:35:00+00:00,risk_reduce,UNI,17,0.00011257816685756108,12.271,6.907233427545662e-07
2025-08-13 22:55:00+00:00,risk_reduce,SOL,3,-1.1142027182377886e-06,202.32,1.1271274697693469e-07
2025-08-13 22:55:00+00:00,risk_reduce,XLM,15,-0.0004370142162743451,0.45499,9.941854913133214e-08
2025-08-13 22:55:00+00:00,risk_reduce,FIL,16,7.158286982832107e-05,2.757,9.86769860583406e-08
2025-08-13 22:55:00+00:00,risk_reduce,UNI,17,1.9226380388592812e-05,12.197,1.1725208079983325e-07
2025-08-14 00:35:00+00:00,risk_reduce,SOL,3,-1.1517670376376323e-06,203.86,1.1739961414640387e-07
2025-08-14 00:35:00+00:00,risk_reduce,XLM,15,-0.00045174774845274657,0.45811,1.0347508052184387e-07
2025-08-14 00:35:00+00:00,risk_reduce,FIL,16,7.39962204168304e-05,2.747,1.0163380874251656e-07
2025-08-14 00:35:00+00:00,risk_reduce,UNI,17,1.9874580112034385e-05,12.249,1.217218658961546e-07
2025-08-18 16:05:00+00:00,exit_scheduled,SOL,3,-0.00116731836705802,183.3,0.00010698472834086753
2025-08-18 16:05:00+00:00,exit_scheduled,XLM,15,-0.45784731357446523,0.41093,9.40715982835775e-05
2025-08-18 16:05:00+00:00,exit_scheduled,FIL,16,0.0749953283631172,2.477,9.288171417772065e-05
2025-08-18 16:05:00+00:00,exit_scheduled,UNI,17,0.020142929641334708,10.498,0.00010573023768736588
2025-08-23 00:05:00+00:00,entry,BNB,2,0.00023948809632582305,899.37,0.00010769420459627773
2025-08-23 00:05:00+00:00,entry,BCH,12,-0.00040337708681654875,601.03,0.00012122086524467514
2025-08-23 00:05:00+00:00,entry,UNI,17,-0.018491475568785484,11.467,0.00010602087517363158
2025-08-23 00:05:00+00:00,entry,NEAR,18,0.08855373023853998,2.7,0.00011954753582202898
2025-08-30 08:05:00+00:00,exit_scheduled,BNB,2,-0.00023948809632582305,860.8,0.00010307567665863423
2025-08-30 08:05:00+00:00,exit_scheduled,BCH,12,0.00040337708681654875,532.6,0.00010741931821924694
2025-08-30 08:05:00+00:00,exit_scheduled,UNI,17,0.018491475568785484,9.791,9.052501864698934e-05
2025-08-30 08:05:00+00:00,exit_scheduled,NEAR,18,-0.08855373023853998,2.451,0.00010852259640733074
2025-10-25 08:05:00+00:00,entry,ETH,1,-5.284673604050682e-05,3928.01,0.0001037912538172356
2025-10-25 08:05:00+00:00,entry,BCH,12,0.0005098892135216108,508.11,0.00012953990414123285
2025-10-25 08:05:00+00:00,entry,DOT,13,0.06809275361225986,3.047,0.00010373931012827791
2025-10-25 08:05:00+00:00,entry,UNI,17,-0.04190548881950652,6.18,0.00012948796045227515
2025-10-25 08:15:00+00:00,risk_reduce,ETH,1,2.462447337709387e-08,3932.69,4.8420210102681655e-08
2025-10-25 08:15:00+00:00,risk_reduce,BCH,12,-2.3758805754823132e-07,507.55,6.029390930430241e-08
2025-10-25 08:15:00+00:00,risk_reduce,DOT,13,-3.1728510105383245e-05,3.046,4.832252089049868e-08
2025-10-25 08:15:00+00:00,risk_reduce,UNI,17,1.952628811359436e-05,6.18,6.033623027100657e-08
2025-10-25 08:20:00+00:00,risk_reduce,ETH,1,4.930334525443203e-08,3935.79,9.702380660947052e-08
2025-10-25 08:20:00+00:00,risk_reduce,BCH,12,-4.757009764330385e-07,508.77,1.210111928899185e-07
2025-10-25 08:20:00+00:00,risk_reduce,DOT,13,-6.352711240475983e-05,3.049,9.684708286105636e-08
2025-10-25 08:20:00+00:00,risk_reduce,UNI,17,3.909571220709479e-05,6.186,1.2092303785654418e-07
2025-10-25 08:25:00+00:00,risk_reduce,ETH,1,4.1116414661942645e-08,3938.41,8.096664933437077e-08
2025-10-25 08:25:00+00:00,risk_reduce,BCH,12,-3.967097668764038e-07,509.42,1.0104594472108882e-07
2025-10-25 08:25:00+00:00,risk_reduce,DOT,13,-5.2978293509919894e-05,3.054,8.089785418964769e-08
2025-10-25 08:25:00+00:00,risk_reduce,UNI,17,3.260378187961571e-05,6.191,1.0092500680835043e-07
2025-10-25 08:55:00+00:00,risk_reduce,ETH,1,9.260246304480286e-08,3948.76,1.828324509863979e-07
2025-10-25 08:55:00+00:00,risk_reduce,BCH,12,-8.934704503961617e-07,509.43,2.2758032577265836e-07
2025-10-25 08:55:00+00:00,risk_reduce,DOT,13,-0.00011931780791844815,3.049,1.818999981716742e-07
2025-10-25 08:55:00+00:00,risk_reduce,UNI,17,7.343029618344515e-05,6.199,2.2759720302058827e-07
2025-10-25 09:00:00+00:00,risk_reduce,ETH,1,4.3712711170706096e-08,3952.19,8.638046998087647e-08
2025-10-25 09:00:00+00:00,risk_reduce,BCH,12,-4.217600099776014e-07,509.58,1.0746023294219307e-07
2025-10-25 09:00:00+00:00,risk_reduce,DOT,13,-5.632360850421625e-05,3.053,8.59779883816861e-08
2025-10-25 09:00:00+00:00,risk_reduce,UNI,17,3.4662548086795975e-05,6.204,1.075232241652411e-07
2025-10-25 09:15:00+00:00,risk_reduce,ETH,1,7.207261984283294e-10,3952.56,1.4243567714299388e-09
2025-10-25 09:15:00+00:00,risk_reduce,BCH,12,-6.953892369050696e-09,509.37,1.7710520780116766e-09
2025-10-25 09:15:00+00:00,risk_reduce,DOT,13,-9.286520820106503e-07,3.051,1.4166587511072472e-09
2025-10-25 09:15:00+00:00,risk_reduce,UNI,17,5.715089693922315e-07,6.204,1.7728208230547021e-09
2025-10-25 12:50:00+00:00,risk_reduce,ETH,1,1.7551737345220344e-09,3952.59,3.4687410756672242e-09
2025-10-25 12:50:00+00:00,risk_reduce,BCH,12,-1.6934710109694703e-08,504.93,4.275421587844074e-09
2025-10-25 12:50:00+00:00,risk_reduce,DOT,13,-2.261532529843069e-06,3.065,3.465798601984503e-09
2025-10-25 12:50:00+00:00,risk_reduce,UNI,17,1.3917872477911541e-06,6.206,4.318715829895951e-09
2025-10-25 18:25:00+00:00,risk_reduce,ETH,1,3.194150570177078e-08,3941.34,6.294616704130863e-08
2025-10-25 18:25:00+00:00,risk_reduce,BCH,12,-3.0818609513536595e-07,506.4,7.803271928827466e-08
2025-10-25 18:25:00+00:00,risk_reduce,DOT,13,-4.115646945704321e-05,3.07,6.317518061656133e-08
2025-10-25 18:25:00+00:00,risk_reduce,UNI,17,2.5328421589518313e-05,6.227,7.886004061896528e-08
2025-10-25 18:30:00+00:00,risk_reduce,ETH,1,4.965231829049478e-08,3944.11,9.791710254636169e-08
2025-10-25 18:30:00+00:00,risk_reduce,BCH,12,-4.790680261362174e-07,506.84,1.2140541918344018e-07
2025-10-25 18:30:00+00:00,risk_reduce,DOT,13,-6.39767624066867e-05,3.074,9.833228381907746e-08
2025-10-25 18:30:00+00:00,risk_reduce,UNI,17,3.937243479692348e-05,6.234,1.227238792620105e-07
2025-10-25 18:35:00+00:00,risk_reduce,ETH,1,8.243704013580135e-08,3954.43,1.6299575231210847e-07
2025-10-25 18:35:00+00:00,risk_reduce,BCH,12,-7.953898520368782e-07,507.06,2.0165518918690974e-07
2025-10-25 18:35:00+00:00,risk_reduce,DOT,13,-0.0001062197116239727,3.078,1.6347213618929398e-07
2025-10-25 18:35:00+00:00,risk_reduce,UNI,17,6.536949530953212e-05,6.239,2.0392014061808544e-07
2025-10-25 18:40:00+00:00,risk_reduce,ETH,1,1.3950298084691384e-07,3964.75,2.765472216564008e-07
2025-10-25 18:40:00+00:00,risk_reduce,BCH,12,-1.3459878606964914e-06,508.07,3.4192802619203315e-07
2025-10-25 18:40:00+00:00,risk_reduce,DOT,13,-0.0001797488892351512,3.087,2.774424105344559e-07
2025-10-25 18:40:00+00:00,risk_reduce,UNI,17,0.00011062065592257891,6.256,3.4602141172582683e-07
2025-10-25 19:35:00+00:00,risk_reduce,ETH,1,3.2660046259052147e-09,3961.69,6.469448933201215e-09
2025-10-25 19:35:00+00:00,risk_reduce,BCH,12,-3.151188994498285e-08,507.44,7.99519671684105e-09
2025-10-25 19:35:00+00:00,risk_reduce,DOT,13,-4.208230535138191e-06,3.087,6.495403830985799e-09
2025-10-25 19:35:00+00:00,risk_reduce,UNI,17,2.589819742708499e-06,6.261,8.107430704548957e-09
2025-10-25 22:55:00+00:00,risk_reduce,ETH,1,3.000153899672484e-08,3962.26,5.943694895258149e-08
2025-10-25 22:55:00+00:00,risk_reduce,BCH,12,-2.894684188584941e-07,508.67,7.36219503103751e-08
2025-10-25 22:55:00+00:00,risk_reduce,DOT,13,-3.865683211402848e-05,3.102,5.995674660885818e-08
2025-10-25 22:55:00+00:00,risk_reduce,UNI,17,2.379010041474866e-05,6.265,7.452248954920017e-08
2025-10-26 09:25:00+00:00,risk_reduce,ETH,1,2.748977334406772e-07,3983.0,5.474588361471086e-07
2025-10-26 09:25:00+00:00,risk_reduce,BCH,12,-2.652337676928751e-06,520.19,6.898597680807836e-07
2025-10-26 09:25:00+00:00,risk_reduce,DOT,13,-0.00035420434702716774,3.127,5.537984965769767e-07
2025-10-26 09:25:00+00:00,risk_reduce,UNI,17,0.00021798364020771815,6.295,6.861035075537929e-07
2025-10-26 09:30:00+00:00,risk_reduce,ETH,1,2.504538215591007e-07,4002.21,5.011843945910241e-07
2025-10-26 09:30:00+00:00,risk_reduce,BCH,12,-2.41649175836264e-06,520.96,6.294477732183004e-07
2025-10-26 09:30:00+00:00,risk_reduce,DOT,13,-0.0003227084895006671,3.14,5.066523285160474e-07
2025-10-26 09:30:00+00:00,risk_reduce,UNI,17,0.00019860053061938887,6.327,6.282727786144368e-07
2025-10-26 11:25:00+00:00,risk_reduce,ETH,1,4.310631884604012e-08,3995.98,8.612599399119972e-08
2025-10-26 11:25:00+00:00,risk_reduce,BCH,12,-4.159092625394224e-07,524.75,1.0912419275878095e-07
2025-10-26 11:25:00+00:00,risk_reduce,DOT,13,-5.554227504353526e-05,3.11,8.636823769269732e-08
2025-10-26 11:25:00+00:00,risk_reduce,UNI,17,3.4181701611020465e-05,6.345,1.0844144836096242e-07
2025-10-26 11:30:00+00:00,risk_reduce,ETH,1,4.0966880216772924e-08,3999.28,8.191901235666781e-08
2025-10-26 11:30:00+00:00,risk_reduce,BCH,12,-3.9526699091032257e-07,524.78,1.0371410574495953e-07
2025-10-26 11:30:00+00:00,risk_reduce,DOT,13,-5.278561912934465e-05,3.114,8.218720898438963e-08
2025-10-26 11:30:00+00:00,risk_reduce,UNI,17,3.248520664697607e-05,6.35,1.0314053110414903e-07
2025-10-26 11:35:00+00:00,risk_reduce,ETH,1,1.6660114661515762e-07,4012.42,3.342368863507954e-07
2025-10-26 11:35:00+00:00,risk_reduce,BCH,12,-1.6074432213616712e-06,531.23,4.269610312419803e-07
2025-10-26 11:35:00+00:00,risk_reduce,DOT,13,-0.00021466473954588616,3.117,3.345549965822636e-07
2025-10-26 11:35:00+00:00,risk_reduce,UNI,17,0.0001321084897551103,6.368,4.2063343138027124e-07
2025-10-26 11:40:00+00:00,risk_reduce,ETH,1,5.541473946092624e-08,4015.48,1.1125838900528006e-07
2025-10-26 11:40:00+00:00,risk_reduce,BCH,12,-5.346664721086808e-07,531.84,1.421785082631404e-07
2025-10-26 11:40:00+00:00,risk_reduce,DOT,13,-7.140161310451032e-05,3.126,1.1160072128234963e-07
2025-10-26 11:40:00+00:00,risk_reduce,UNI,17,4.394181966386329e-05,6.376,1.4008652108839618e-07
2025-10-26 11:45:00+00:00,risk_reduce,ETH,1,3.4498800842920916e-07,4040.76,6.970068724702057e-07
2025-10-26 11:45:00+00:00,risk_reduce,BCH,12,-3.3286003540034144e-06,532.55,8.863230592622592e-07
2025-10-26 11:45:00+00:00,risk_reduce,DOT,13,-0.00044451531385303333,3.14,6.978890427492625e-07
2025-10-26 11:45:00+00:00,risk_reduce,UNI,17,0.0002735626116816964,6.424,8.786831087216088e-07
2025-10-26 12:00:00+00:00,risk_reduce,ETH,1,2.0894076255728762e-08,4043.08,4.223821091400592e-08
2025-10-26 12:00:00+00:00,risk_reduce,BCH,12,-2.015954987480981e-07,538.76,5.430579545276267e-08
2025-10-26 12:00:00+00:00,risk_reduce,DOT,13,-2.6921912175362217e-05,3.141,4.2280863071406366e-08
2025-10-26 12:00:00+00:00,risk_reduce,UNI,17,1.6568222458566984e-05,6.422,5.320056231445858e-08
2025-10-26 12:05:00+00:00,risk_reduce,ETH,1,6.885118026531595e-08,4046.36,1.3929833088918193e-07
2025-10-26 12:05:00+00:00,risk_reduce,BCH,12,-6.643073307045517e-07,547.04,1.8170134109430895e-07
2025-10-26 12:05:00+00:00,risk_reduce,DOT,13,-8.871439950663973e-05,3.142,1.3937032162493102e-07
2025-10-26 12:05:00+00:00,risk_reduce,UNI,17,5.459641561602474e-05,6.429,1.7550017799771152e-07
2025-10-26 12:15:00+00:00,risk_reduce,ETH,1,8.944769245995259e-08,4046.34,1.8096788795420228e-07
2025-10-26 12:15:00+00:00,risk_reduce,BCH,12,-8.630317967938577e-07,556.76,2.402507915914741e-07
2025-10-26 12:15:00+00:00,risk_reduce,DOT,13,-0.0001152529018857984,3.147,1.8135044111730377e-07
2025-10-26 12:15:00+00:00,risk_reduce,UNI,17,7.092868088273696e-05,6.444,2.285322098041785e-07
2025-10-26 12:20:00+00:00,risk_reduce,ETH,1,4.441859722088625e-08,4053.38,9.002272680159796e-08
2025-10-26 12:20:00+00:00,risk_reduce,BCH,12,-4.285707178837764e-07,557.62,1.194898018531757e-07
2025-10-26 12:20:00+00:00,risk_reduce,DOT,13,-5.723313912983641e-05,3.151,9.017081069905725e-08
2025-10-26 12:20:00+00:00,risk_reduce,UNI,17,3.522228937263838e-05,6.445,1.1350382750332719e-07
2025-10-26 12:40:00+00:00,risk_reduce,ETH,1,7.759199936372124e-09,4057.1,1.573992503092767e-08
2025-10-26 12:40:00+00:00,risk_reduce,BCH,12,-7.486427071063534e-08,563.68,2.1099746057085463e-08
2025-10-26 12:40:00+00:00,risk_reduce,DOT,13,-9.997690095575607e-06,3.143,1.5711369985197063e-08
2025-10-26 12:40:00+00:00,risk_reduce,UNI,17,6.152755885106831e-06,6.439,1.9808797572101442e-08
2025-10-26 12:50:00+00:00,risk_reduce,ETH,1,1.5440994081449482e-07,4071.17,3.143145593728734e-07
2025-10-26 12:50:00+00:00,risk_reduce,BCH,12,-1.4898169533397471e-06,560.43,4.1746905758009725e-07
2025-10-26 12:50:00+00:00,risk_reduce,DOT,13,-0.00019895643218355297,3.154,3.1375429355346305e-07
2025-10-26 12:50:00+00:00,risk_reduce,UNI,17,0.00012244131867410885,6.46,3.954854593173716e-07
2025-10-26 13:00:00+00:00,risk_reduce,ETH,1,2.3455578196677953e-09,4071.0,4.774382941933798e-09
2025-10-26 13:00:00+00:00,risk_reduce,BCH,12,-2.2631002811980203e-08,561.66,6.3554645196884e-09
2025-10-26 13:00:00+00:00,risk_reduce,DOT,13,-3.0222394543921727e-06,3.154,4.766071619576457e-09
2025-10-26 13:00:00+00:00,risk_reduce,UNI,17,1.8599397872409718e-06,6.46,6.0076055127883396e-09
2025-10-26 13:25:00+00:00,risk_reduce,ETH,1,6.606336203140371e-08,4073.98,1.3457040782434905e-07
2025-10-26 13:25:00+00:00,risk_reduce,BCH,12,-6.37409199367913e-07,561.76,1.7903549591845943e-07
2025-10-26 13:25:00+00:00,risk_reduce,DOT,13,-8.512230973269086e-05,3.158,1.3440812706791887e-07
2025-10-26 13:25:00+00:00,risk_reduce,UNI,17,5.238577983063958e-05,6.472,1.6952038353194967e-07
2025-10-26 13:30:00+00:00,risk_reduce,ETH,1,3.518507158008612e-08,4078.81,7.175661090578553e-08
2025-10-26 13:30:00+00:00,risk_reduce,BCH,12,-3.3948148589387763e-07,560.09,9.507009271715097e-08
2025-10-26 13:30:00+00:00,risk_reduce,DOT,13,-4.5335787778766345e-05,3.165,7.174388415989774e-08
2025-10-26 13:30:00+00:00,risk_reduce,UNI,17,2.7900448243065035e-05,6.475,9.032770118692305e-08
2025-10-26 13:35:00+00:00,risk_reduce,ETH,1,4.68602076028542e-08,4080.51,9.56067728627613e-08
2025-10-26 13:35:00+00:00,risk_reduce,BCH,12,-4.5212847926435215e-07,556.69,1.2584770156083614e-07
2025-10-26 13:35:00+00:00,risk_reduce,DOT,13,-6.0379141827701654e-05,3.171,9.573112936782096e-08
2025-10-26 13:35:00+00:00,risk_reduce,UNI,17,3.7158395255976195e-05,6.486,1.205046758151308e-07
2025-10-26 13:40:00+00:00,risk_reduce,ETH,1,9.441364746177902e-08,4084.47,1.9281485532410628e-07
2025-10-26 13:40:00+00:00,risk_reduce,BCH,12,-9.109455769055292e-07,557.63,2.5398529102491513e-07
2025-10-26 13:40:00+00:00,risk_reduce,DOT,13,-0.00012165150993094509,3.178,1.9330424928027174e-07
2025-10-26 13:40:00+00:00,risk_reduce,UNI,17,7.486649781144467e-05,6.503,2.4342841763391234e-07
2025-10-26 13:45:00+00:00,risk_reduce,ETH,1,3.428745451163019e-08,4089.11,7.010258655902606e-08
2025-10-26 13:45:00+00:00,risk_reduce,BCH,12,-3.308208703975803e-07,560.13,9.265134706789832e-08
2025-10-26 13:45:00+00:00,risk_reduce,DOT,13,-4.417921270033487e-05,3.178,7.020076898083211e-08
2025-10-26 13:45:00+00:00,risk_reduce,UNI,17,2.7188671417377464e-05,6.504,8.84175594493115e-08
2025-10-26 16:00:00+00:00,risk_reduce,ETH,1,1.7394454259874403e-08,4073.45,3.542771985244269e-08
2025-10-26 16:00:00+00:00,risk_reduce,BCH,12,-1.678295627455099e-07,548.44,4.602222269607373e-08
2025-10-26 16:00:00+00:00,risk_reduce,DOT,13,-2.2412666833948602e-05,3.178,3.5613727599144334e-08
2025-10-26 16:00:00+00:00,risk_reduce,UNI,17,1.379315286283156e-05,6.536,4.5076023555733536e-08
2025-10-26 18:10:00+00:00,risk_reduce,ETH,1,4.34629387699933e-08,4071.95,8.84894567622371e-08
2025-10-26 18:10:00+00:00,risk_reduce,BCH,12,-4.193500928757884e-07,554.45,1.1625432949749045e-07
2025-10-26 18:10:00+00:00,risk_reduce,DOT,13,-5.600177802203565e-05,3.175,8.89028226099816e-08
2025-10-26 18:10:00+00:00,risk_reduce,UNI,17,3.4464487897470364e-05,6.545,1.1278503664447178e-07
2025-10-26 18:20:00+00:00,risk_reduce,ETH,1,5.398513085134592e-08,4072.63,1.0993073172955847e-07
2025-10-26 18:20:00+00:00,risk_reduce,BCH,12,-5.208729615875673e-07,553.72,1.442088881451339e-07
2025-10-26 18:20:00+00:00,risk_reduce,DOT,13,-6.955956960083554e-05,3.174,1.10391036956526e-07
2025-10-26 18:20:00+00:00,risk_reduce,UNI,17,4.280819340624076e-05,6.558,1.4036806617906343e-07
2025-10-26 18:25:00+00:00,risk_reduce,ETH,1,3.895685792000786e-09,4070.1,7.927915371011198e-09
2025-10-26 18:25:00+00:00,risk_reduce,BCH,12,-3.7587338659627635e-08,553.69,1.0405866771224613e-08
2025-10-26 18:25:00+00:00,risk_reduce,DOT,13,-5.0195715508710714e-06,3.176,7.971079622783262e-09
2025-10-26 18:25:00+00:00,risk_reduce,UNI,17,3.089133400323296e-06,6.562,1.0135446686460735e-08
2025-10-26 18:40:00+00:00,risk_reduce,ETH,1,9.736034048331852e-09,4073.13,1.982806618164096e-08
2025-10-26 18:40:00+00:00,risk_reduce,BCH,12,-9.393766040570071e-08,554.6,2.604891323050081e-08
2025-10-26 18:40:00+00:00,risk_reduce,DOT,13,-1.254483090697145e-05,3.176,1.9921191480270664e-08
2025-10-26 18:40:00+00:00,risk_reduce,UNI,17,7.720311537236235e-06,6.56,2.532262184213485e-08
2025-10-26 19:30:00+00:00,risk_reduce,ETH,1,2.2403408984772856e-08,4069.32,4.558332012495794e-08
2025-10-26 19:30:00+00:00,risk_reduce,BCH,12,-2.161582236354597e-07,553.83,5.985745449801332e-08
2025-10-26 19:30:00+00:00,risk_reduce,DOT,13,-2.8866679806019424e-05,3.174,4.5811420852152825e-08
2025-10-26 19:30:00+00:00,risk_reduce,UNI,17,1.7765066966678178e-05,6.571,5.836712751902115e-08
2025-10-26 21:50:00+00:00,risk_reduce,ETH,1,2.3544586379677036e-08,4087.96,4.8124663668332267e-08
2025-10-26 21:50:00+00:00,risk_reduce,BCH,12,-2.271688193311236e-07,551.58,6.265088868333058e-08
2025-10-26 21:50:00+00:00,risk_reduce,DOT,13,-3.033708114016931e-05,3.171,4.8099442147738436e-08
2025-10-26 21:50:00+00:00,risk_reduce,UNI,17,1.8669978038704516e-05,6.555,6.119085302185404e-08
2025-10-26 21:55:00+00:00,risk_reduce,ETH,1,3.191396463105554e-08,4080.42,6.511118977992581e-08
2025-10-26 21:55:00+00:00,risk_reduce,BCH,12,-3.079203664273938e-07,550.22,8.471197200784031e-08
2025-10-26 21:55:00+00:00,risk_reduce,DOT,13,-4.112098292592681e-05,3.174,6.525899990344584e-08
2025-10-26 21:55:00+00:00,risk_reduce,UNI,17,2.5306582548588474e-05,6.573,8.317008354593603e-08
2025-10-26 22:05:00+00:00,risk_reduce,ETH,1,7.567494752086038e-07,4140.78,1.566766545977141e-06
2025-10-26 22:05:00+00:00,risk_reduce,BCH,12,-7.3014612378567495e-06,556.32,2.0309744579222335e-06
2025-10-26 22:05:00+00:00,risk_reduce,DOT,13,-0.0009750678929743156,3.214,1.5669341040097252e-06
2025-10-26 22:05:00+00:00,risk_reduce,UNI,17,0.0006000740830656853,6.679,2.0039474003978564e-06
2025-10-26 22:45:00+00:00,risk_reduce,ETH,1,5.6916038319397685e-08,4152.22,1.1816395631528473e-07
2025-10-26 22:45:00+00:00,risk_reduce,BCH,12,-5.491516825787942e-07,556.53,1.5280969295278816e-07
2025-10-26 22:45:00+00:00,risk_reduce,DOT,13,-7.333602913334181e-05,3.213,1.1781433080271362e-07
2025-10-26 22:45:00+00:00,risk_reduce,UNI,17,4.51322936125334e-05,6.679,1.507192945190553e-07
2025-10-26 22:50:00+00:00,risk_reduce,ETH,1,1.168087899021137e-07,4161.19,2.4303178422638823e-07
2025-10-26 22:50:00+00:00,risk_reduce,BCH,12,-1.1270240411810108e-06,556.61,3.136564257808812e-07
2025-10-26 22:50:00+00:00,risk_reduce,DOT,13,-0.00015050753833603658,3.218,2.421666291826829e-07
2025-10-26 22:50:00+00:00,risk_reduce,UNI,17,9.262500971699006e-05,6.697,3.101548450373412e-07
2025-10-26 22:55:00+00:00,risk_reduce,ETH,1,5.310892693074262e-08,4162.36,1.105292365497229e-07
2025-10-26 22:55:00+00:00,risk_reduce,BCH,12,-5.124189498276134e-07,557.45,1.4282397179070156e-07
2025-10-26 22:55:00+00:00,risk_reduce,DOT,13,-6.84305852557271e-05,3.213,1.0993373521332558e-07
2025-10-26 22:55:00+00:00,risk_reduce,UNI,17,4.211339640742412e-05,6.709,1.412693882487042e-07
2025-10-26 23:00:00+00:00,risk_reduce,ETH,1,3.34966591373172e-08,4158.55,6.964876592774523e-08
2025-10-26 23:00:00+00:00,risk_reduce,BCH,12,-3.231909189251904e-07,558.19,9.020096951742602e-08
2025-10-26 23:00:00+00:00,risk_reduce,DOT,13,-4.316027683758106e-05,3.212,6.931540460115518e-08
2025-10-26 23:00:00+00:00,risk_reduce,UNI,17,2.656160020731574e-05,6.722,8.927353829678821e-08
2025-10-26 23:05:00+00:00,risk_reduce,ETH,1,7.960234304771059e-09,4163.53,1.6571337167471723e-08
2025-10-26 23:05:00+00:00,risk_reduce,BCH,12,-7.680394123102787e-08,557.95,2.1426379504926002e-08
2025-10-26 23:05:00+00:00,risk_reduce,DOT,13,-1.0256721868218133e-05,3.211,1.646716695942421e-08
2025-10-26 23:05:00+00:00,risk_reduce,UNI,17,6.312168634288462e-06,6.718,2.1202574442574944e-08
2025-10-26 23:25:00+00:00,risk_reduce,ETH,1,3.091493746166119e-08,4169.96,6.445702630881435e-08
2025-10-26 23:25:00+00:00,risk_reduce,BCH,12,-2.9828130040644675e-07,557.67,8.317126639883157e-08
2025-10-26 23:25:00+00:00,risk_reduce,DOT,13,-3.9833741442465986e-05,3.211,6.395307188587915e-08
2025-10-26 23:25:00+00:00,risk_reduce,UNI,17,2.451439129869115e-05,6.718,8.234384037230358e-08
2025-10-27 00:35:00+00:00,risk_reduce,ETH,1,1.8569746601391135e-08,4180.65,3.881680556455292e-08
2025-10-27 00:35:00+00:00,risk_reduce,BCH,12,-1.7916931487727645e-07,562.36,5.03788279571926e-08
2025-10-27 00:35:00+00:00,risk_reduce,DOT,13,-2.392702510523037e-05,3.203,3.8319130706026435e-08
2025-10-27 00:35:00+00:00,risk_reduce,UNI,17,1.4725115813948864e-05,6.708,4.9388038439984486e-08
2025-10-27 00:45:00+00:00,risk_reduce,ETH,1,2.425392470263338e-08,4179.58,5.068560930431621e-08
2025-10-27 00:45:00+00:00,risk_reduce,BCH,12,-2.3401283632656358e-07,561.05,6.564645091050925e-08
2025-10-27 00:45:00+00:00,risk_reduce,DOT,13,-3.125106000190225e-05,3.208,5.0126700243051214e-08
2025-10-27 00:45:00+00:00,risk_reduce,UNI,17,1.9232456847977086e-05,6.716,6.458259009550705e-08
2025-10-27 01:20:00+00:00,risk_reduce,ETH,1,3.2413071754944776e-09,4175.08,6.7663583811317415e-09
2025-10-27 01:20:00+00:00,risk_reduce,BCH,12,-3.1273597772042434e-08,558.36,8.730963025998808e-09
2025-10-27 01:20:00+00:00,risk_reduce,DOT,13,-4.176407994493925e-06,3.199,6.680164587193033e-09
2025-10-27 01:20:00+00:00,risk_reduce,UNI,17,2.570235586529801e-06,6.725,8.642417159706455e-09
2025-10-27 01:25:00+00:00,risk_reduce,ETH,1,1.5764774000886583e-07,4186.58,3.300024376831587e-07
2025-10-27 01:25:00+00:00,risk_reduce,BCH,12,-1.5210567045231718e-06,558.88,4.250440855119551e-07
2025-10-27 01:25:00+00:00,risk_reduce,DOT,13,-0.00020312832016200488,3.208,3.258178255398559e-07
2025-10-27 01:25:00+00:00,risk_reduce,UNI,17,0.0001250087725625723,6.75,4.2190460739868154e-07
2025-10-27 01:35:00+00:00,risk_reduce,ETH,1,2.2440948085642527e-08,4187.0,4.698012481729263e-08
2025-10-27 01:35:00+00:00,risk_reduce,BCH,12,-2.165204178607551e-07,558.77,6.049255694402706e-08
2025-10-27 01:35:00+00:00,risk_reduce,DOT,13,-2.8915048748703875e-05,3.212,4.643756829041843e-08
2025-10-27 01:35:00+00:00,risk_reduce,UNI,17,1.7794834072271115e-05,6.755,6.010205207909569e-08
2025-10-27 01:40:00+00:00,risk_reduce,ETH,1,2.1340793834769955e-07,4201.87,4.4835620695252415e-07
2025-10-27 01:40:00+00:00,risk_reduce,BCH,12,-2.059056320147549e-06,559.99,5.765254743597131e-07
2025-10-27 01:40:00+00:00,risk_reduce,DOT,13,-0.0002749750552933222,3.222,4.429848140775421e-07
2025-10-27 01:40:00+00:00,risk_reduce,UNI,17,0.00016922452822003275,6.79,5.745172733070113e-07
2025-10-27 02:00:00+00:00,risk_reduce,ETH,1,6.880079750117279e-08,4190.34,1.441493669005322e-07
2025-10-27 02:00:00+00:00,risk_reduce,BCH,12,-6.638212150064009e-07,562.48,1.866930785084002e-07
2025-10-27 02:00:00+00:00,risk_reduce,DOT,13,-8.864948156842023e-05,3.221,1.4276999006594076e-07
2025-10-27 02:00:00+00:00,risk_reduce,UNI,17,5.455646396494013e-05,6.821,1.860648203524283e-07
2025-10-27 02:05:00+00:00,risk_reduce,ETH,1,4.0939270627990485e-08,4191.0,8.578824160095406e-08
2025-10-27 02:05:00+00:00,risk_reduce,BCH,12,-3.9500060110909995e-07,560.85,1.1076804356601936e-07
2025-10-27 02:05:00+00:00,risk_reduce,DOT,13,-5.275004431305741e-05,3.22,8.492757134402244e-08
2025-10-27 02:05:00+00:00,risk_reduce,UNI,17,3.246331327378532e-05,6.832,1.1089467814325066e-07
2025-10-27 02:10:00+00:00,risk_reduce,ETH,1,5.4139858762534206e-08,4199.17,1.1367123535993539e-07
2025-10-27 02:10:00+00:00,risk_reduce,BCH,12,-5.223658464629122e-07,561.29,1.4659936298058401e-07
2025-10-27 02:10:00+00:00,risk_reduce,DOT,13,-6.975893573624159e-05,3.227,1.1255604281042581e-07
2025-10-27 02:10:00+00:00,risk_reduce,UNI,17,4.29308868635514e-05,6.835,1.4671630585618688e-07
2025-10-27 02:15:00+00:00,risk_reduce,ETH,1,4.795559579546746e-09,4199.37,1.0069164515780608e-08
2025-10-27 02:15:00+00:00,risk_reduce,BCH,12,-4.6269728002431166e-08,562.1,1.300410705508328e-08
2025-10-27 02:15:00+00:00,risk_reduce,DOT,13,-6.179054400493045e-06,3.221,9.951367111994048e-09
2025-10-27 02:15:00+00:00,risk_reduce,UNI,17,3.802699719994418e-06,6.836,1.2997627642940921e-08
2025-10-27 02:20:00+00:00,risk_reduce,ETH,1,5.645316797341646e-08,4206.66,1.1873964179352605e-07
2025-10-27 02:20:00+00:00,risk_reduce,BCH,12,-5.446857001102992e-07,561.64,1.529586383049742e-07
2025-10-27 02:20:00+00:00,risk_reduce,DOT,13,-7.273962302040832e-05,3.22,1.1711079306285739e-07
2025-10-27 02:20:00+00:00,risk_reduce,UNI,17,4.4765254707923585e-05,6.842,1.5314193635580658e-07
2025-10-27 02:25:00+00:00,risk_reduce,ETH,1,1.6412752728055876e-07,4215.6,3.4594800200196184e-07
2025-10-27 02:25:00+00:00,risk_reduce,BCH,12,-1.5835766231274352e-06,561.11,4.442803395015176e-07
2025-10-27 02:25:00+00:00,risk_reduce,DOT,13,-0.00021147749347354833,3.223,3.407959807326231e-07
2025-10-27 02:25:00+00:00,risk_reduce,UNI,17,0.0001301470019672915,6.874,4.473152457615809e-07
2025-10-27 05:25:00+00:00,risk_reduce,ETH,1,3.110476710659109e-08,4244.23,6.600789284840355e-08
2025-10-27 05:25:00+00:00,risk_reduce,BCH,12,-3.0011286268648903e-07,557.71,8.36879723244409e-08
2025-10-27 05:25:00+00:00,risk_reduce,DOT,13,-4.0078335985266333e-05,3.238,6.488682596014621e-08
2025-10-27 05:25:00+00:00,risk_reduce,UNI,17,2.466491912044705e-05,6.847,8.444035060885048e-08
2025-11-01 16:05:00+00:00,exit_scheduled,ETH,1,4.8292520889204014e-05,3893.85,9.402191623221353e-05
2025-11-01 16:05:00+00:00,exit_scheduled,BCH,12,-0.00046594808573036784,553.01,0.00012883697544487536
2025-11-01 16:05:00+00:00,exit_scheduled,DOT,13,-0.062224670293789947,2.948,9.171916401304638e-05
2025-11-01 16:05:00+00:00,exit_scheduled,UNI,17,0.03829416622129981,5.849,0.0001119912891141913
2025-11-01 16:05:00+00:00,entry,BTC,0,-2.3855367207363584e-06,110285.9,0.00013154553211472896
2025-11-01 16:05:00+00:00,entry,XRP,4,-0.0866249795126201,2.5027,0.00010839816811311716
2025-11-01 16:05:00+00:00,entry,TRX,7,0.7702626037385666,0.29693,0.0001143570374640463
2025-11-01 16:05:00+00:00,entry,BCH,12,0.00045419309872805127,553.01,0.00012558666276379983
2025-11-01 16:10:00+00:00,risk_reduce,BTC,0,8.169983794670473e-10,110311.8,4.506228091804652e-08
2025-11-01 16:10:00+00:00,risk_reduce,XRP,4,2.9667314390080524e-05,2.5037,3.71390275192223e-08
2025-11-01 16:10:00+00:00,risk_reduce,TRX,7,-0.00026379946011656497,0.29739,3.922566072203263e-08
2025-11-01 16:10:00+00:00,risk_reduce,BCH,12,-1.5555200739541522e-07,553.26,4.303035180579371e-08
2025-11-01 16:35:00+00:00,risk_reduce,BTC,0,1.717629763750782e-09,110329.6,9.475270239135915e-08
2025-11-01 16:35:00+00:00,risk_reduce,XRP,4,6.237155848484721e-05,2.5068,7.81765114049075e-08
2025-11-01 16:35:00+00:00,risk_reduce,TRX,7,-0.0005546030637822996,0.29708,8.238073909422279e-08
2025-11-01 16:35:00+00:00,risk_reduce,BCH,12,-3.270272798922111e-07,556.02,9.091685408283362e-08
2025-11-01 16:40:00+00:00,risk_reduce,BTC,0,1.563566200011889e-09,110354.9,8.6273595822846e-08
2025-11-01 16:40:00+00:00,risk_reduce,XRP,4,5.677711387348794e-05,2.5095,7.124108363275899e-08
2025-11-01 16:40:00+00:00,risk_reduce,TRX,7,-0.0005048576959095774,0.2974,7.507233938175416e-08
2025-11-01 16:40:00+00:00,risk_reduce,BCH,12,-2.9769442292661933e-07,557.07,8.291831608986592e-08
2025-11-01 16:45:00+00:00,risk_reduce,BTC,0,8.056685104011701e-10,110399.8,4.447282120729355e-08
2025-11-01 16:45:00+00:00,risk_reduce,XRP,4,2.9255897677368803e-05,2.5104,3.672200276463332e-08
2025-11-01 16:45:00+00:00,risk_reduce,TRX,7,-0.0002601411745949411,0.29735,3.867648913290287e-08
2025-11-01 16:45:00+00:00,risk_reduce,BCH,12,-1.5339486250865375e-07,556.58,4.2688256287533255e-08
2025-11-01 20:40:00+00:00,risk_reduce,BTC,0,3.1931255859492003e-10,110417.9,1.762891108183901e-08
2025-11-01 20:40:00+00:00,risk_reduce,XRP,4,1.1595061021676956e-05,2.5115,1.4560497877970836e-08
2025-11-01 20:40:00+00:00,risk_reduce,TRX,7,-0.000103102383900322,0.29743,1.533287102173639e-08
2025-11-01 20:40:00+00:00,risk_reduce,BCH,12,-6.079535862528376e-08,553.49,1.6824811522754155e-08
2025-11-02 04:45:00+00:00,risk_reduce,BTC,0,2.6427775001901517e-09,110402.6,1.4588475362124664e-07
2025-11-02 04:45:00+00:00,risk_reduce,XRP,4,9.596605443981665e-05,2.5197,1.20902833686003e-07
2025-11-02 04:45:00+00:00,risk_reduce,TRX,7,-0.000853322717987659,0.29602,1.2630029548935343e-07
2025-11-02 04:45:00+00:00,risk_reduce,BCH,12,-5.031703312827749e-07,552.22,1.38930360170487e-07
2025-11-02 04:50:00+00:00,risk_reduce,BTC,0,1.6827428145714615e-09,110434.9,9.291676722645894e-08
2025-11-02 04:50:00+00:00,risk_reduce,XRP,4,6.110472354929619e-05,2.523,7.708360875743715e-08
2025-11-02 04:50:00+00:00,risk_reduce,TRX,7,-0.0005433384657245188,0.29631,8.049831038941609e-08
2025-11-02 04:50:00+00:00,risk_reduce,BCH,12,-3.203849962438122e-07,551.51,8.834776463921243e-08
2025-11-02 04:55:00+00:00,risk_reduce,BTC,0,2.1319903904247482e-09,110522.8,1.1781677376141819e-07
2025-11-02 04:55:00+00:00,risk_reduce,XRP,4,7.741805954454561e-05,2.5256,9.776352559285219e-08
2025-11-02 04:55:00+00:00,risk_reduce,TRX,7,-0.0006883953849879942,0.29633,1.0199610221674617e-07
2025-11-02 04:55:00+00:00,risk_reduce,BCH,12,-4.05919269013213e-07,552.27,1.1208851734896357e-07
2025-11-02 05:00:00+00:00,risk_reduce,BTC,0,3.6626767681718377e-10,110624.8,2.0259144247182795e-08
2025-11-02 05:00:00+00:00,risk_reduce,XRP,4,1.3300122242779211e-05,2.5234,1.6780764233714533e-08
2025-11-02 05:00:00+00:00,risk_reduce,TRX,7,-0.00011826365612332967,0.29656,1.7536134929967325e-08
2025-11-02 05:00:00+00:00,risk_reduce,BCH,12,-6.97353554240162e-08,552.94,1.9279733714077758e-08
2025-11-02 07:45:00+00:00,risk_reduce,BTC,0,1.5140163494653872e-09,110636.8,8.375296202626607e-08
2025-11-02 07:45:00+00:00,risk_reduce,XRP,4,5.497783124198963e-05,2.5274,6.94754853405023e-08
2025-11-02 07:45:00+00:00,risk_reduce,TRX,7,-0.0004888586142082207,0.29625,7.24121822295927e-08
2025-11-02 07:45:00+00:00,risk_reduce,BCH,12,-2.8826040333451014e-07,551.27,7.945465627310771e-08
2025-11-02 07:50:00+00:00,risk_reduce,BTC,0,2.5526473923169147e-09,110680.0,1.4126350669081804e-07
2025-11-02 07:50:00+00:00,risk_reduce,XRP,4,9.269319819740773e-05,2.5324,1.1736812755755768e-07
2025-11-02 07:50:00+00:00,risk_reduce,TRX,7,-0.0008242207339510532,0.29626,1.2209181732016954e-07
2025-11-02 07:50:00+00:00,risk_reduce,BCH,12,-4.860100534183928e-07,551.61,1.3404400278305982e-07
2025-11-02 07:55:00+00:00,risk_reduce,BTC,0,4.226512530268809e-09,110974.4,2.3451734606953145e-07
2025-11-02 07:55:00+00:00,risk_reduce,XRP,4,0.0001534755504544738,2.5345,1.9449189131343194e-07
2025-11-02 07:55:00+00:00,risk_reduce,TRX,7,-0.001364692699131309,0.29649,2.023088691827209e-07
2025-11-02 07:55:00+00:00,risk_reduce,BCH,12,-8.047047887584698e-07,552.05,2.2211863931705663e-07
2025-11-02 11:45:00+00:00,risk_reduce,BTC,0,1.2005161792087226e-09,110862.3,6.654599240714559e-08
2025-11-02 11:45:00+00:00,risk_reduce,XRP,4,4.3593833003924276e-05,2.5464,5.550366818059639e-08
2025-11-02 11:45:00+00:00,risk_reduce,TRX,7,-0.0003876329842208426,0.29578,5.7327042036420406e-08
2025-11-02 11:45:00+00:00,risk_reduce,BCH,12,-2.285716915477378e-07,533.64,6.09874987387674e-08
2025-11-02 11:50:00+00:00,risk_reduce,BTC,0,1.4580390961135115e-10,110977.7,8.090491269837823e-09
2025-11-02 11:50:00+00:00,risk_reduce,XRP,4,5.294515306827896e-06,2.5436,6.733564567223719e-09
2025-11-02 11:50:00+00:00,risk_reduce,TRX,7,-4.7078419743606936e-05,0.29579,6.962662887980748e-09
2025-11-02 11:50:00+00:00,risk_reduce,BCH,12,-2.7760264152459826e-08,533.55,7.40574446927247e-09
2025-11-02 12:00:00+00:00,risk_reduce,BTC,0,7.003591935338779e-10,111145.4,3.8920851354500134e-08
2025-11-02 12:00:00+00:00,risk_reduce,XRP,4,2.5431845279921816e-05,2.5407,3.230734465134868e-08
2025-11-02 12:00:00+00:00,risk_reduce,TRX,7,-0.0002261379970697197,0.29578,3.344354838664085e-08
2025-11-02 12:00:00+00:00,risk_reduce,BCH,12,-1.3334454656210512e-07,533.57,3.557432485457122e-08
2025-11-02 12:20:00+00:00,risk_reduce,BTC,0,2.760032615532983e-10,111026.8,1.5321879459912868e-08
2025-11-02 12:20:00+00:00,risk_reduce,XRP,4,1.0022388953256911e-05,2.545,1.275348994301942e-08
2025-11-02 12:20:00+00:00,risk_reduce,TRX,7,-8.91183057617484e-05,0.29559,1.3171240000057605e-08
2025-11-02 12:20:00+00:00,risk_reduce,BCH,12,-5.2549506169576564e-08,532.6,1.399393349295824e-08
2025-11-09 00:05:00+00:00,exit_scheduled,BTC,0,2.3628739081261707e-06,102288.4,0.0001208472957319865
2025-11-09 00:05:00+00:00,exit_scheduled,XRP,4,0.0858020344449584,2.2841,9.799021343786476e-05
2025-11-09 00:05:00+00:00,exit_scheduled,TRX,7,-0.7629450399813529,0.29147,0.00011118779540168247
2025-11-09 00:05:00+00:00,exit_scheduled,BCH,12,-0.000449878223590796,494.48,0.00011122789200058842
2025-11-23 16:05:00+00:00,entry,ADA,6,-0.5953169075083178,0.4172,0.0001241831069062351
2025-11-23 16:05:00+00:00,entry,AVAX,10,0.017286039576858224,13.397,0.00011579053610558483
2025-11-23 16:05:00+00:00,entry,DOT,13,0.10824751239365811,2.325,0.00012583773315762755
2025-11-23 16:05:00+00:00,entry,NEAR,18,-0.12621726207090517,1.861,0.00011744516235697727
2025-11-24 02:15:00+00:00,risk_reduce,ADA,6,0.002237091196421903,0.417,4.664335144539668e-07
2025-11-24 02:15:00+00:00,risk_reduce,AVAX,10,-6.49577501842559e-05,13.424,4.3599641923672556e-07
2025-11-24 02:15:00+00:00,risk_reduce,DOT,13,-0.0004067741969969729,2.325,4.7287500400898106e-07
2025-11-24 02:15:00+00:00,risk_reduce,NEAR,18,0.000474301203701899,1.877,4.451316796742322e-07
2025-11-24 02:20:00+00:00,risk_reduce,ADA,6,0.0006475086733447322,0.4174,1.351350601270456e-07
2025-11-24 02:20:00+00:00,risk_reduce,AVAX,10,-1.8801516322865253e-05,13.46,1.2653420485288318e-07
2025-11-24 02:20:00+00:00,risk_reduce,DOT,13,-0.00011773763227428125,2.331,1.3722321041567478e-07
2025-11-24 02:20:00+00:00,risk_reduce,NEAR,18,0.0001372827999439885,1.879,1.289771905473772e-07
2025-11-24 02:25:00+00:00,risk_reduce,ADA,6,0.0012782581241682633,0.419,2.677950770132512e-07
2025-11-24 02:25:00+00:00,risk_reduce,AVAX,10,-3.711640009737907e-05,13.481,2.5018309485638364e-07
2025-11-24 02:25:00+00:00,risk_reduce,DOT,13,-0.00023242790586501527,2.332,2.710109382386078e-07
2025-11-24 02:25:00+00:00,risk_reduce,NEAR,18,0.0002710123610089876,1.88,2.5475161934844836e-07
2025-11-24 05:15:00+00:00,risk_reduce,ADA,6,9.297760595439186e-06,0.4185,1.9455564045956498e-09
2025-11-24 05:15:00+00:00,risk_reduce,AVAX,10,-2.699763027094737e-07,13.501,1.8224750314403023e-09
2025-11-24 05:15:00+00:00,risk_reduce,DOT,13,-1.6906280379258565e-06,2.316,1.9577472679181417e-09
2025-11-24 05:15:00+00:00,risk_reduce,NEAR,18,1.971282641149985e-06,1.883,1.855962606642711e-09
2025-11-24 05:20:00+00:00,risk_reduce,ADA,6,0.0005970977786924347,0.4193,1.2518154930286896e-07
2025-11-24 05:20:00+00:00,risk_reduce,AVAX,10,-1.7337750202545132e-05,13.514,1.1715117811859746e-07
2025-11-24 05:20:00+00:00,risk_reduce,DOT,13,-0.00010857133130949548,2.321,1.2599702998466951e-07
2025-11-24 05:20:00+00:00,risk_reduce,NEAR,18,0.0001265948369089942,1.883,1.1918903894981804e-07
2025-11-24 05:25:00+00:00,risk_reduce,ADA,6,0.0014824204166213883,0.4205,3.116788925946469e-07
2025-11-24 05:25:00+00:00,risk_reduce,AVAX,10,-4.304459972170882e-05,13.551,2.916486854144381e-07
2025-11-24 05:25:00+00:00,risk_reduce,DOT,13,-0.0002695510918587496,2.327,3.1362269537765515e-07
2025-11-24 05:25:00+00:00,risk_reduce,NEAR,18,0.00031429822312135924,1.887,2.9654037351500245e-07
2025-11-24 15:45:00+00:00,risk_reduce,ADA,6,0.00032259219205599265,0.4128,6.65830284403569e-08
2025-11-24 15:45:00+00:00,risk_reduce,AVAX,10,-9.367013314647704e-06,13.526,6.334911104696242e-08
2025-11-24 15:45:00+00:00,risk_reduce,DOT,13,-5.865750135307379e-05,2.299,6.742679780535832e-08
2025-11-24 15:45:00+00:00,risk_reduce,NEAR,18,6.839500564023715e-05,1.927,6.58985879343685e-08
2025-11-24 15:50:00+00:00,risk_reduce,ADA,6,0.001313097287860887,0.414,2.7181113858720363e-07
2025-11-24 15:50:00+00:00,risk_reduce,AVAX,10,-3.812801450782041e-05,13.549,2.5829823428322937e-07
2025-11-24 15:50:00+00:00,risk_reduce,DOT,13,-0.00023876277180957806,2.304,2.7505471312463387e-07
2025-11-24 15:50:00+00:00,risk_reduce,NEAR,18,0.0002783988534782317,1.93,2.6865489360649356e-07
2025-11-24 16:05:00+00:00,risk_reduce,ADA,6,0.0007488801447748106,0.4152,1.5546751805525066e-07
2025-11-24 16:05:00+00:00,risk_reduce,AVAX,10,-2.1745009519520686e-05,13.565,1.4748552706614904e-07
2025-11-24 16:05:00+00:00,risk_reduce,DOT,13,-0.00013617018386419266,2.313,1.5748081763893885e-07
2025-11-24 16:05:00+00:00,risk_reduce,NEAR,18,0.00015877526792973384,1.929,1.531387459182283e-07
2025-11-24 16:20:00+00:00,risk_reduce,ADA,6,0.00039723056387075406,0.4156,8.25445111723427e-08
2025-11-24 16:20:00+00:00,risk_reduce,AVAX,10,-1.1534265467020438e-05,13.559,7.819655273366505e-08
2025-11-24 16:20:00+00:00,risk_reduce,DOT,13,-7.222912677838644e-05,2.311,8.346075599242554e-08
2025-11-24 16:20:00+00:00,risk_reduce,NEAR,18,8.421960396269579e-05,1.93,8.127191782400142e-08
2025-11-24 16:25:00+00:00,risk_reduce,ADA,6,0.00021694969852226187,0.4159,4.5114689807704355e-08
2025-11-24 16:25:00+00:00,risk_reduce,AVAX,10,-6.299503722377586e-06,13.559,4.2707485485858845e-08
2025-11-24 16:25:00+00:00,risk_reduce,DOT,13,-3.944834235916628e-05,2.313,4.5622007938375804e-08
2025-11-24 16:25:00+00:00,risk_reduce,NEAR,18,4.599700866753098e-05,1.93,4.4387113364167395e-08
2025-11-24 16:50:00+00:00,risk_reduce,ADA,6,0.0005031364009790984,0.4158,1.0460205776355456e-07
2025-11-24 16:50:00+00:00,risk_reduce,AVAX,10,-1.4609421688162316e-05,13.598,9.932945805781559e-08
2025-11-24 16:50:00+00:00,risk_reduce,DOT,13,-9.148616999411774e-05,2.306,1.0548355400321775e-07
2025-11-24 16:50:00+00:00,risk_reduce,NEAR,18,0.00010667343423115261,1.934,1.0315321090152457e-07
2025-11-24 17:20:00+00:00,risk_reduce,ADA,6,0.0011134049883618768,0.4182,2.3281298306646845e-07
2025-11-24 17:20:00+00:00,risk_reduce,AVAX,10,-3.232960873637836e-05,13.608,2.1997065784231834e-07
2025-11-24 17:20:00+00:00,risk_reduce,DOT,13,-0.00020245237243692038,2.314,2.3423739490951688e-07
2025-11-24 17:20:00+00:00,risk_reduce,NEAR,18,0.00023606070554138547,1.93,2.2779858084743698e-07
2025-11-24 17:25:00+00:00,risk_reduce,ADA,6,0.0025878206060593323,0.42,5.434423272724598e-07
2025-11-24 17:25:00+00:00,risk_reduce,AVAX,10,-7.514177549799647e-05,13.652,5.12917759549324e-07
2025-11-24 17:25:00+00:00,risk_reduce,DOT,13,-0.00047054793773526615,2.321,5.460708817417765e-07
2025-11-24 17:25:00+00:00,risk_reduce,NEAR,18,0.0005486617757835544,1.939,5.319275916221559e-07
2025-11-24 17:30:00+00:00,risk_reduce,ADA,6,0.0044374079992332005,0.4236,9.398430142375918e-07
2025-11-24 17:30:00+00:00,risk_reduce,AVAX,10,-0.00012884769326384354,13.749,8.857634673422925e-07
2025-11-24 17:30:00+00:00,risk_reduce,DOT,13,-0.0008068616418155372,2.338,9.43221259282363e-07
2025-11-24 17:30:00+00:00,risk_reduce,NEAR,18,0.0009408056134319054,1.952,9.182262787095397e-07
2025-11-24 17:35:00+00:00,risk_reduce,ADA,6,0.002258230798274141,0.4252,4.800998677130824e-07
2025-11-24 17:35:00+00:00,risk_reduce,AVAX,10,-6.557157450143986e-05,13.806,4.526405787834393e-07
2025-11-24 17:35:00+00:00,risk_reduce,DOT,13,-0.00041061804770009536,2.343,4.810390428806617e-07
2025-11-24 17:35:00+00:00,risk_reduce,NEAR,18,0.0004787831571512746,1.96,4.692074940082491e-07
2025-11-24 17:50:00+00:00,risk_reduce,ADA,6,0.001002658875348894,0.4256,2.1336580867424466e-07
2025-11-24 17:50:00+00:00,risk_reduce,AVAX,10,-2.911390686670054e-05,13.828,2.0129355207636753e-07
2025-11-24 17:50:00+00:00,risk_reduce,DOT,13,-0.00018231521340492107,2.347,2.1394690293067488e-07
2025-11-24 17:50:00+00:00,risk_reduce,NEAR,18,0.00021258065484366928,1.965,2.0886049338390508e-07
2025-11-24 17:55:00+00:00,risk_reduce,ADA,6,0.0013445288665000499,0.4259,2.8631742212118564e-07
2025-11-24 17:55:00+00:00,risk_reduce,AVAX,10,-3.9040683886881755e-05,13.846,2.702786545488824e-07
2025-11-24 17:55:00+00:00,risk_reduce,DOT,13,-0.0002444780306160993,2.351,2.873839249892247e-07
2025-11-24 17:55:00+00:00,risk_reduce,NEAR,18,0.0002850628802316818,1.973,2.812145313485541e-07
2025-11-24 18:00:00+00:00,risk_reduce,ADA,6,0.0012921429700872844,0.4282,2.766478098956876e-07
2025-11-24 18:00:00+00:00,risk_reduce,AVAX,10,-3.751957022920041e-05,13.89,2.6057341524179684e-07
2025-11-24 18:00:00+00:00,risk_reduce,DOT,13,-0.00023495261163392067,2.356,2.7677417650475854e-07
2025-11-24 18:00:00+00:00,risk_reduce,NEAR,18,0.0002739561833901283,1.971,2.6998381873097145e-07
2025-11-24 18:10:00+00:00,risk_reduce,ADA,6,0.00023263913977078499,0.4275,4.972661612600529e-08
2025-11-24 18:10:00+00:00,risk_reduce,AVAX,10,-6.7550733508225935e-06,13.877,4.687007644468256e-08
2025-11-24 18:10:00+00:00,risk_reduce,DOT,13,-4.2301180846665565e-05,2.358,4.9873092218218705e-08
2025-11-24 18:10:00+00:00,risk_reduce,NEAR,18,4.932343580714427e-05,1.976,4.873155457745853e-08
2025-11-24 18:15:00+00:00,risk_reduce,ADA,6,0.0010256155024416236,0.4282,2.1958427907275163e-07
2025-11-24 18:15:00+00:00,risk_reduce,AVAX,10,-2.9780491604125547e-05,13.89,2.0682551419065194e-07
2025-11-24 18:15:00+00:00,risk_reduce,DOT,13,-0.00018648945697906372,2.36,2.2005755923529518e-07
2025-11-24 18:15:00+00:00,risk_reduce,NEAR,18,0.0002174478484030795,1.98,2.1527336991904873e-07
2025-11-24 20:30:00+00:00,risk_reduce,ADA,6,0.00021767395016836222,0.433,4.7126410211450426e-08
2025-11-24 20:30:00+00:00,risk_reduce,AVAX,10,-6.320533601521239e-06,13.999,4.4240574943847915e-08
2025-11-24 20:30:00+00:00,risk_reduce,DOT,13,-3.9580034300129574e-05,2.386,4.721898092005458e-08
2025-11-24 20:30:00+00:00,risk_reduce,NEAR,18,4.615056227681713e-05,1.957,4.515832518786556e-08
2025-11-24 20:40:00+00:00,risk_reduce,ADA,6,0.00010850658811878411,0.4327,2.347540033949894e-08
2025-11-24 20:40:00+00:00,risk_reduce,AVAX,10,-3.1506734529361535e-06,14.016,2.2079919558176564e-08
2025-11-24 20:40:00+00:00,risk_reduce,DOT,13,-1.972994231146108e-05,2.388,2.355755111988453e-08
2025-11-24 20:40:00+00:00,risk_reduce,NEAR,18,2.3005233508857637e-05,1.959,2.2533626221926055e-08
2025-11-24 20:50:00+00:00,risk_reduce,ADA,6,0.0002902939986302311,0.4329,6.283413600351353e-08
2025-11-24 20:50:00+00:00,risk_reduce,AVAX,10,-8.429180300372624e-06,14.024,5.910541226621284e-08
2025-11-24 20:50:00+00:00,risk_reduce,DOT,13,-5.278466446728691e-05,2.391,6.310406637064151e-08
2025-11-24 20:50:00+00:00,risk_reduce,NEAR,18,6.154724188177363e-05,1.96,6.031629704413816e-08
2025-11-24 20:55:00+00:00,risk_reduce,ADA,6,0.0013541230622799993,0.4337,2.9364158605541783e-07
2025-11-24 20:55:00+00:00,risk_reduce,AVAX,10,-3.931926768967545e-05,14.035,2.759229610122975e-07
2025-11-24 20:55:00+00:00,risk_reduce,DOT,13,-0.00024622255998103804,2.394,2.947284042973025e-07
2025-11-24 20:55:00+00:00,risk_reduce,NEAR,18,0.0002870970121500588,1.966,2.8221636294350776e-07
2025-11-27 02:30:00+00:00,risk_reduce,ADA,6,0.0014888700917189412,0.4383,3.26285880600206e-07
2025-11-27 02:30:00+00:00,risk_reduce,AVAX,10,-4.3231877014840436e-05,14.969,3.235689835175733e-07
2025-11-27 02:30:00+00:00,risk_reduce,DOT,13,-0.0002707238475393725,2.356,3.1891269240138076e-07
2025-11-27 02:30:00+00:00,risk_reduce,NEAR,18,0.00031566566342380864,1.952,3.0808968750163724e-07
2025-12-01 00:05:00+00:00,exit_scheduled,ADA,6,0.5668094298334162,0.4136,0.00011721619008955047
2025-12-01 00:05:00+00:00,exit_scheduled,AVAX,10,-0.016458276445810473,13.659,0.00011240179898666262
2025-12-01 00:05:00+00:00,exit_scheduled,DOT,13,-0.10306394796938936,2.193,0.00011300961894843543
2025-12-01 00:05:00+00:00,exit_scheduled,NEAR,18,0.12017319422184404,1.793,0.00010773526861988318
2025-12-13 08:05:00+00:00,entry,BTC,0,-2.8676933158546186e-06,90315.0,0.00012949786091070496
2025-12-13 08:05:00+00:00,entry,ETH,1,-7.265916444644374e-05,3093.86,0.00011239864125713721
2025-12-13 08:05:00+00:00,entry,BCH,12,0.0003936416934671238,574.77,0.00011312671807704937
2025-12-13 08:05:00+00:00,entry,FIL,16,0.19162170251606075,1.344,0.00012876978409079285
2025-12-13 08:15:00+00:00,risk_reduce,BTC,0,1.593157422141918e-09,90320.6,7.194746713115567e-08
2025-12-13 08:15:00+00:00,risk_reduce,ETH,1,4.036606232768697e-08,3097.1,6.250886581753966e-08
2025-12-13 08:15:00+00:00,risk_reduce,BCH,12,-2.186890704610812e-07,575.32,6.290809800883463e-08
2025-12-13 08:15:00+00:00,risk_reduce,FIL,16,-0.00010645613180432223,1.346,7.164497670430887e-08
2025-12-13 08:20:00+00:00,risk_reduce,BTC,0,7.690677771780322e-09,90421.5,3.477013100705172e-07
2025-12-13 08:20:00+00:00,risk_reduce,ETH,1,1.9485982613098114e-07,3111.61,3.0316389179371117e-07
2025-12-13 08:20:00+00:00,risk_reduce,BCH,12,-1.0556817234451876e-06,574.63,3.0331319437165405e-07
2025-12-13 08:20:00+00:00,risk_reduce,FIL,16,-0.0005138976193804767,1.35,3.468808930818218e-07
2025-12-13 08:25:00+00:00,risk_reduce,BTC,0,2.8166183675815234e-09,90425.6,1.273472029297899e-07
2025-12-13 08:25:00+00:00,risk_reduce,ETH,1,7.136507102120367e-08,3119.09,1.1129703968576308e-07
2025-12-13 08:25:00+00:00,risk_reduce,BCH,12,-3.8663075229680753e-07,574.53,1.110654830585424e-07
2025-12-13 08:25:00+00:00,risk_reduce,FIL,16,-0.00018820883110129416,1.345,1.2657043891562033e-07
2025-12-13 08:30:00+00:00,risk_reduce,BTC,0,2.0290783095473067e-09,90463.3,9.177855992003544e-08
2025-12-13 08:30:00+00:00,risk_reduce,ETH,1,5.141105352967788e-08,3121.91,8.025034106241833e-08
2025-12-13 08:30:00+00:00,risk_reduce,BCH,12,-2.785269322670117e-07,577.43,8.041490324947028e-08
2025-12-13 08:30:00+00:00,risk_reduce,FIL,16,-0.00013558473567037987,1.344,9.111294237049529e-08
2025-12-13 10:20:00+00:00,risk_reduce,BTC,0,2.6522081250557885e-09,90459.4,1.199585778338358e-07
2025-12-13 10:20:00+00:00,risk_reduce,ETH,1,6.71993846898544e-08,3127.82,1.050937897103102e-07
2025-12-13 10:20:00+00:00,risk_reduce,BCH,12,-3.640625348610635e-07,578.25,1.0525958039170499e-07
2025-12-13 10:20:00+00:00,risk_reduce,FIL,16,-0.00017722279908397032,1.348,1.19448166582596e-07
2025-12-13 10:35:00+00:00,risk_reduce,BTC,0,7.353759673035228e-10,90502.7,3.3276755278040264e-08
2025-12-13 10:35:00+00:00,risk_reduce,ETH,1,1.8632328304719762e-08,3128.29,2.9143663156185892e-08
2025-12-13 10:35:00+00:00,risk_reduce,BCH,12,-1.0094337476882148e-07,577.95,2.917011172382019e-08
2025-12-13 10:35:00+00:00,risk_reduce,FIL,16,-4.913844659226729e-05,1.346,3.307017455659589e-08
2025-12-13 10:40:00+00:00,risk_reduce,BTC,0,9.718292945081202e-10,90564.8,4.40067628456345e-08
2025-12-13 10:40:00+00:00,risk_reduce,ETH,1,2.4623380796389956e-08,3128.0,3.851096756555389e-08
2025-12-13 10:40:00+00:00,risk_reduce,BCH,12,-1.3340078143509165e-07,577.82,3.8540819764412334e-08
2025-12-13 10:40:00+00:00,risk_reduce,FIL,16,-6.493845870444992e-05,1.348,4.376852116679925e-08
2025-12-13 10:45:00+00:00,risk_reduce,BTC,0,1.261877533020025e-09,90556.7,5.7135732597217246e-08
2025-12-13 10:45:00+00:00,risk_reduce,ETH,1,3.197237538480127e-08,3131.31,5.005770938309103e-08
2025-12-13 10:45:00+00:00,risk_reduce,BCH,12,-1.7321503882573516e-07,577.79,5.004095864156076e-08
2025-12-13 10:45:00+00:00,risk_reduce,FIL,16,-8.431972830122425e-05,1.349,5.6873656739175755e-08
2025-12-15 10:35:00+00:00,risk_reduce,BTC,0,1.310094890870158e-09,89885.6,5.8879332661399345e-08
2025-12-15 10:35:00+00:00,risk_reduce,ETH,1,3.3194065624076005e-08,3170.45,5.262006267892588e-08
2025-12-15 10:35:00+00:00,risk_reduce,BCH,12,-1.7983372510360293e-07,569.19,5.1179778995859886e-08
2025-12-15 10:35:00+00:00,risk_reduce,FIL,16,-8.754165309735051e-05,1.333,5.8346511789384116e-08
2025-12-20 16:05:00+00:00,exit_scheduled,BTC,0,2.84663239817281e-06,88160.7,0.00012548055243279683
2025-12-20 16:05:00+00:00,exit_scheduled,ETH,1,7.212554089863435e-05,2976.99,0.00010735850699991273
2025-12-20 16:05:00+00:00,exit_scheduled,BCH,12,-0.0003907507095336594,599.19,0.0001170669588227367
2025-12-20 16:05:00+00:00,exit_scheduled,FIL,16,-0.19021439411232502,1.312,0.0001247806425376852
2025-12-21 00:05:00+00:00,entry,BTC,0,-2.8078974388744337e-06,88304.0,0.00012397428772118398
2025-12-21 00:05:00+00:00,entry,LINK,8,-0.019461090772266695,12.553,0.00012214753623213193
2025-12-21 00:05:00+00:00,entry,BCH,12,0.00041067670110668097,591.19,0.00012139397946362938
2025-12-21 00:05:00+00:00,entry,FIL,16,0.18275142049770923,1.365,0.00012472784448968655
2025-12-21 00:20:00+00:00,risk_reduce,BTC,0,2.193391006918579e-09,88324.9,9.68655206734914e-08
2025-12-21 00:20:00+00:00,risk_reduce,LINK,8,1.5202044381587565e-05,12.572,9.556005098265944e-08
2025-12-21 00:20:00+00:00,risk_reduce,BCH,12,-3.2080038625607573e-07,592.31,9.50066383916681e-08
2025-12-21 00:20:00+00:00,risk_reduce,FIL,16,-0.00014275639725000455,1.36,9.70743501300031e-08
2025-12-21 00:25:00+00:00,risk_reduce,BTC,0,2.490524160946331e-09,88376.0,1.1005128162389647e-07
2025-12-21 00:25:00+00:00,risk_reduce,LINK,8,1.7261427036355248e-05,12.587,1.0863479105330175e-07
2025-12-21 00:25:00+00:00,risk_reduce,BCH,12,-3.6425840640888583e-07,593.9,1.0816653378311864e-07
2025-12-21 00:25:00+00:00,risk_reduce,FIL,16,-0.00016209524674778986,1.359,1.1014372016512321e-07
2025-12-21 08:45:00+00:00,risk_reduce,BTC,0,4.480125968585062e-09,88578.9,1.9842231507934966e-07
2025-12-21 08:45:00+00:00,risk_reduce,LINK,8,3.1051040874474634e-05,12.619,1.959165423974977e-07
2025-12-21 08:45:00+00:00,risk_reduce,BCH,12,-6.552530472973763e-07,589.97,1.9328982015701655e-07
2025-12-21 08:45:00+00:00,risk_reduce,FIL,16,-0.0002915880663703352,1.334,1.944892402690136e-07
2025-12-21 09:05:00+00:00,risk_reduce,BTC,0,1.9860859594028454e-09,88690.5,8.807347839120903e-08
2025-12-21 09:05:00+00:00,risk_reduce,LINK,8,1.3765246052916541e-05,12.628,8.691376357811504e-08
2025-12-21 09:05:00+00:00,risk_reduce,BCH,12,-2.904804209119408e-07,585.16,8.498876155041563e-08
2025-12-21 09:05:00+00:00,risk_reduce,FIL,16,-0.00012926399137175304,1.332,8.608981825358754e-08
2025-12-21 09:35:00+00:00,risk_reduce,BTC,0,5.876275408556003e-09,88820.3,2.609662723352834e-07
2025-12-21 09:35:00+00:00,risk_reduce,LINK,8,4.072753069449264e-05,12.662,2.5784599682683294e-07
2025-12-21 09:35:00+00:00,risk_reduce,BCH,12,-8.594506929524405e-07,587.39,2.5241637126666704e-07
2025-12-21 09:35:00+00:00,risk_reduce,FIL,16,-0.00038245616213811173,1.333,2.5490703206505147e-07
2025-12-21 09:50:00+00:00,risk_reduce,BTC,0,3.3375718773529734e-10,88866.9,1.4829983313376946e-08
2025-12-21 09:50:00+00:00,risk_reduce,LINK,8,2.3132180102039546e-06,12.66,1.4642670004591033e-08
2025-12-21 09:50:00+00:00,risk_reduce,BCH,12,-4.881456812919939e-08,586.88,1.432414687183227e-08
2025-12-21 09:50:00+00:00,risk_reduce,FIL,16,-2.172251711030082e-05,1.331,1.4456335136905197e-08
2025-12-21 09:55:00+00:00,risk_reduce,BTC,0,5.779073320263808e-09,89001.2,2.571722301957316e-07
2025-12-21 09:55:00+00:00,risk_reduce,LINK,8,4.0053838472935144e-05,12.692,2.541816589492464e-07
2025-12-21 09:55:00+00:00,risk_reduce,BCH,12,-8.4523413631908e-07,588.81,2.488411559030187e-07
2025-12-21 09:55:00+00:00,risk_reduce,FIL,16,-0.0003761297844489808,1.334,2.5087856622747024e-07
2025-12-22 08:25:00+00:00,risk_reduce,BTC,0,2.5345613003103284e-09,89575.3,1.1351704442184389e-07
2025-12-22 08:25:00+00:00,risk_reduce,LINK,8,1.7566641448623493e-05,12.659,1.1118805704906241e-07
2025-12-22 08:25:00+00:00,risk_reduce,BCH,12,-3.706991783793351e-07,578.97,1.0731185165314183e-07
2025-12-22 08:25:00+00:00,risk_reduce,FIL,16,-0.00016496139479935112,1.316,1.0854459777797304e-07
2025-12-22 08:30:00+00:00,risk_reduce,BTC,0,8.646551819727355e-09,89786.6,3.881722448085661e-07
2025-12-22 08:30:00+00:00,risk_reduce,LINK,8,5.992787610443334e-05,12.707,3.8075176082951726e-07
2025-12-22 08:30:00+00:00,risk_reduce,BCH,12,-1.26462502800565e-06,579.69,3.6654524124229764e-07
2025-12-22 08:30:00+00:00,risk_reduce,FIL,16,-0.0005627590258765469,1.322,3.719837161043975e-07
2025-12-22 11:50:00+00:00,risk_reduce,BTC,0,2.4274696173838722e-09,89967.3,1.0919644365403002e-07
2025-12-22 11:50:00+00:00,risk_reduce,LINK,8,1.6824406018817878e-05,12.693,1.0677609279842766e-07
2025-12-22 11:50:00+00:00,risk_reduce,BCH,12,-3.550361920994535e-07,591.55,1.0501082971821586e-07
2025-12-22 11:50:00+00:00,risk_reduce,FIL,16,-0.00015799135490138227,1.318,1.0411630288001093e-07
2025-12-22 12:05:00+00:00,risk_reduce,BTC,0,9.28766254131291e-10,89983.3,4.17867262376861e-08
2025-12-22 12:05:00+00:00,risk_reduce,LINK,8,6.437131259719869e-06,12.702,4.0882220630480893e-08
2025-12-22 12:05:00+00:00,risk_reduce,BCH,12,-1.358392425824498e-07,589.83,4.0061030226203186e-08
2025-12-22 12:05:00+00:00,risk_reduce,FIL,16,-6.044855837786245e-05,1.317,3.980537569182242e-08
2025-12-22 12:10:00+00:00,risk_reduce,BTC,0,6.054369012657846e-10,90023.7,2.7251834984240305e-08
2025-12-22 12:10:00+00:00,risk_reduce,LINK,8,4.196186915265965e-06,12.702,2.6649983098854143e-08
2025-12-22 12:10:00+00:00,risk_reduce,BCH,12,-8.854982589388306e-08,588.92,2.6074381732712803e-08
2025-12-22 12:10:00+00:00,risk_reduce,FIL,16,-3.940473473007522e-05,1.319,2.5987422554484607e-08
2025-12-22 12:20:00+00:00,risk_reduce,BTC,0,5.279295154927979e-09,90140.0,2.3793783263260404e-07
2025-12-22 12:20:00+00:00,risk_reduce,LINK,8,3.658995545963509e-05,12.735,2.329865413892264e-07
2025-12-22 12:20:00+00:00,risk_reduce,BCH,12,-7.721377171323609e-07,590.65,2.2803157131211448e-07
2025-12-22 12:20:00+00:00,risk_reduce,FIL,16,-0.000343601826559764,1.317,2.262618027896046e-07
2025-12-22 12:25:00+00:00,risk_reduce,BTC,0,2.913992196880043e-09,90155.3,1.3135592035368967e-07
2025-12-22 12:25:00+00:00,risk_reduce,LINK,8,2.0196416673928103e-05,12.758,1.2883294196298736e-07
2025-12-22 12:25:00+00:00,risk_reduce,BCH,12,-4.261938794121846e-07,592.8,1.2632386585777153e-07
2025-12-22 12:25:00+00:00,risk_reduce,FIL,16,-0.00018965657574465666,1.318,1.2498368341572874e-07
2025-12-22 12:30:00+00:00,risk_reduce,BTC,0,2.4324642966472374e-09,90268.4,1.0978733005773575e-07
2025-12-22 12:30:00+00:00,risk_reduce,LINK,8,1.6859023346780383e-05,12.765,1.076027165108258e-07
2025-12-22 12:30:00+00:00,risk_reduce,BCH,12,-3.557667025428225e-07,593.84,1.0563424931901486e-07
2025-12-22 12:30:00+00:00,risk_reduce,FIL,16,-0.0001583164325618669,1.316,1.0417221262570843e-07
2025-12-22 14:55:00+00:00,risk_reduce,BTC,0,4.269755305635516e-09,90224.1,1.9261741483559472e-07
2025-12-22 14:55:00+00:00,risk_reduce,LINK,8,2.9592995252576693e-05,12.811,1.8955793109038e-07
2025-12-22 14:55:00+00:00,risk_reduce,BCH,12,-6.244847120035662e-07,591.82,1.8479127112897528e-07
2025-12-22 14:55:00+00:00,risk_reduce,FIL,16,-0.000277896135549488,1.324,1.8396724173376108e-07
2025-12-22 15:10:00+00:00,risk_reduce,BTC,0,6.059515592666442e-09,90161.9,2.731687194572163e-07
2025-12-22 15:10:00+00:00,risk_reduce,LINK,8,4.199753928053537e-05,12.879,2.704431541970075e-07
2025-12-22 15:10:00+00:00,risk_reduce,BCH,12,-8.862509860396413e-07,590.72,2.617630912366685e-07
2025-12-22 15:10:00+00:00,risk_reduce,FIL,16,-0.0003943823113894407,1.326,2.614754724511992e-07
2025-12-28 08:05:00+00:00,exit_scheduled,BTC,0,2.74866039742245e-06,87710.9,0.00012054373862614038
2025-12-28 08:05:00+00:00,exit_scheduled,LINK,8,0.019050528254983413,12.43,0.00011839903310472192
2025-12-28 08:05:00+00:00,exit_scheduled,BCH,12,-0.0004020128259843146,621.02,0.00012482900259638954
2025-12-28 08:05:00+00:00,exit_scheduled,FIL,16,-0.17889598998178152,1.363,0.00012191761717258411
2025-12-28 08:05:00+00:00,entry,BTC,0,-2.667411763370323e-06,87710.9,0.00011698054321789903
2025-12-28 08:05:00+00:00,entry,BCH,12,0.0004363645540748986,621.02,0.00013549555768579678
2025-12-28 08:05:00+00:00,entry,FIL,16,0.1674491058026459,1.363,0.00011411656560450319
2025-12-28 08:05:00+00:00,entry,UNI,17,-0.041991951898813024,6.317,0.00013263158007240095
2025-12-28 08:10:00+00:00,risk_reduce,BTC,0,2.842870545753571e-09,87782.8,1.2477756827188831e-07
2025-12-28 08:10:00+00:00,risk_reduce,BCH,12,-4.6506803149997875e-07,621.99,1.446338324563359e-07
2025-12-28 08:10:00+00:00,risk_reduce,FIL,16,-0.00017846368428608983,1.369,1.221583918938285e-07
2025-12-28 08:10:00+00:00,risk_reduce,UNI,17,4.475412639742132e-05,6.324,1.4151254766864622e-07
2025-12-28 08:15:00+00:00,risk_reduce,BTC,0,4.194654587976584e-09,87763.0,1.8406773530229446e-07
2025-12-28 08:15:00+00:00,risk_reduce,BCH,12,-6.862077328728005e-07,622.38,2.135409843926868e-07
2025-12-28 08:15:00+00:00,risk_reduce,FIL,16,-0.0002633231095225119,1.368,1.8011300691339815e-07
2025-12-28 08:15:00+00:00,risk_reduce,UNI,17,6.603469929512829e-05,6.345,2.0949508351379448e-07
2025-12-28 08:35:00+00:00,risk_reduce,BTC,0,1.25437029890158e-10,87724.3,5.501937820596594e-09
2025-12-28 08:35:00+00:00,risk_reduce,BCH,12,-2.0520368982485625e-08,619.58,6.357005107084222e-09
2025-12-28 08:35:00+00:00,risk_reduce,FIL,16,-7.874419232195562e-06,1.366,5.378228335589569e-09
2025-12-28 08:35:00+00:00,risk_reduce,UNI,17,1.9747028928290833e-06,6.35,6.269681684732339e-09
2025-12-28 08:40:00+00:00,risk_reduce,BTC,0,4.0420975445541055e-09,87829.9,1.775085115642163e-07
2025-12-28 08:40:00+00:00,risk_reduce,BCH,12,-6.612507737942534e-07,619.76,2.0490838978336326e-07
2025-12-28 08:40:00+00:00,risk_reduce,FIL,16,-0.00025374620772739,1.372,1.7406989850098954e-07
2025-12-28 08:40:00+00:00,risk_reduce,UNI,17,6.363305732998842e-05,6.361,2.0238493883802818e-07
2025-12-28 14:15:00+00:00,risk_reduce,BTC,0,3.7600829091879155e-10,87936.9,1.6532501738848337e-08
2025-12-28 14:15:00+00:00,risk_reduce,BCH,12,-6.151157179716971e-08,622.76,1.9153473226202704e-08
2025-12-28 14:15:00+00:00,risk_reduce,FIL,16,-2.3604249240166686e-05,1.345,1.5873857614012097e-08
2025-12-28 14:15:00+00:00,risk_reduce,UNI,17,5.919341843893533e-06,6.36,1.8823507063581438e-08
2025-12-28 14:20:00+00:00,risk_reduce,BTC,0,3.74092368959024e-09,87936.8,1.6448242915337953e-07
2025-12-28 14:20:00+00:00,risk_reduce,BCH,12,-6.119814421053993e-07,622.03,1.9033540821641076e-07
2025-12-28 14:20:00+00:00,risk_reduce,FIL,16,-0.00023483975563876047,1.35,1.5851683505616334e-07
2025-12-28 14:20:00+00:00,risk_reduce,UNI,17,5.889180282833695e-05,6.377,1.8777651331815236e-07
2025-12-28 14:45:00+00:00,risk_reduce,BTC,0,3.358120022809705e-09,87963.6,1.4769616321921193e-07
2025-12-28 14:45:00+00:00,risk_reduce,BCH,12,-5.493582079850543e-07,625.14,1.7171289506988844e-07
2025-12-28 14:45:00+00:00,risk_reduce,FIL,16,-0.00021080892073704893,1.362,1.4356087502193034e-07
2025-12-28 14:45:00+00:00,risk_reduce,UNI,17,5.2865484213841796e-05,6.387,1.6882592383690375e-07
2025-12-28 14:50:00+00:00,risk_reduce,BTC,0,5.050741076040368e-09,87958.6,2.2212805700550218e-07
2025-12-28 14:50:00+00:00,risk_reduce,BCH,12,-8.262557763520791e-07,630.88,2.6063412209249986e-07
2025-12-28 14:50:00+00:00,risk_reduce,FIL,16,-0.0003170646873638383,1.368,2.168722461568654e-07
2025-12-28 14:50:00+00:00,risk_reduce,UNI,17,7.951171215143243e-05,6.407,2.547157698771138e-07
2025-12-28 15:05:00+00:00,risk_reduce,BTC,0,6.327843162185357e-10,87916.6,2.7816122807629264e-08
2025-12-28 15:05:00+00:00,risk_reduce,BCH,12,-1.0351781819521906e-07,630.4,3.262881629513305e-08
2025-12-28 15:05:00+00:00,risk_reduce,FIL,16,-3.972358875065085e-05,1.363,2.7071625733568555e-08
2025-12-28 15:05:00+00:00,risk_reduce,UNI,17,9.961659813408075e-06,6.414,3.1947043021599696e-08
2025-12-28 15:10:00+00:00,risk_reduce,BTC,0,3.007847784848444e-09,87914.0,1.3221596507858306e-07
2025-12-28 15:10:00+00:00,risk_reduce,BCH,12,-4.920568227914212e-07,632.85,1.5569908015177546e-07
2025-12-28 15:10:00+00:00,risk_reduce,FIL,16,-0.00018882027472463814,1.364,1.2877542736220323e-07
2025-12-28 15:10:00+00:00,risk_reduce,UNI,17,4.7351294327618865e-05,6.427,1.5216338432180322e-07
2025-12-28 15:15:00+00:00,risk_reduce,BTC,0,6.955822234996734e-09,87939.8,3.058468080905829e-07
2025-12-28 15:15:00+00:00,risk_reduce,BCH,12,-1.1379099055796064e-06,631.54,3.593178108848723e-07
2025-12-28 15:15:00+00:00,risk_reduce,FIL,16,-0.00043665782290047694,1.366,2.9823729304102575e-07
2025-12-28 15:15:00+00:00,risk_reduce,UNI,17,0.00010950261100281522,6.459,3.5363868223359175e-07
2025-12-28 15:25:00+00:00,risk_reduce,BTC,0,7.2418085604971046e-09,87902.0,3.1828472804240825e-07
2025-12-28 15:25:00+00:00,risk_reduce,BCH,12,-1.1846946941570656e-06,631.72,3.741976660964508e-07
2025-12-28 15:25:00+00:00,risk_reduce,FIL,16,-0.0004546108645472058,1.357,3.0845347159527917e-07
2025-12-28 15:25:00+00:00,risk_reduce,UNI,17,0.00011400477455665581,6.498,3.7040151253457474e-07
2025-12-28 15:30:00+00:00,risk_reduce,BTC,0,6.989960131272424e-09,87919.2,3.0727585138668327e-07
2025-12-28 15:30:00+00:00,risk_reduce,BCH,12,-1.1434945581217763e-06,630.33,3.603894624104497e-07
2025-12-28 15:30:00+00:00,risk_reduce,FIL,16,-0.0004388008591889869,1.354,2.970681816709442e-07
2025-12-28 15:30:00+00:00,risk_reduce,UNI,17,0.00011004002967886228,6.532,3.5939073693116424e-07
2026-01-04 16:05:00+00:00,exit_scheduled,BTC,0,2.618852687554956e-06,91367.9,0.00011963953523562623
2026-01-04 16:05:00+00:00,exit_scheduled,BCH,12,-0.0004284207263706643,641.92,0.0001375059163359284
2026-01-04 16:05:00+00:00,exit_scheduled,FIL,16,-0.16440076735878595,1.506,0.00012379377782116582
2026-01-04 16:05:00+00:00,exit_scheduled,UNI,17,0.04122750660248079,5.956,0.0001227755146621878
2026-01-04 16:05:00+00:00,entry,SUI,9,-0.164448119702643,1.7093,0.00014054558550386385
2026-01-04 16:05:00+00:00,entry,LTC,11,-0.0028453674958016663,82.69,0.0001176417191139199
2026-01-04 16:05:00+00:00,entry,BCH,12,0.00042911330681113965,641.92,0.00013772820695410337
2026-01-04 16:05:00+00:00,entry,FIL,16,0.1599722412532276,1.506,0.00012045909766368037
2026-01-04 16:35:00+00:00,risk_reduce,SUI,9,0.00029595856578978896,1.7114,2.532517447463224e-07
2026-01-04 16:35:00+00:00,risk_reduce,LTC,11,5.1208301118008635e-06,82.92,2.123096164352638e-07
2026-01-04 16:35:00+00:00,risk_reduce,BCH,12,-7.722785707417901e-07,642.09,2.47936173743798e-07
2026-01-04 16:35:00+00:00,risk_reduce,FIL,16,-0.00028790329237629586,1.503,2.1635932422078633e-07
2026-01-04 17:15:00+00:00,risk_reduce,SUI,9,7.746658605581325e-05,1.7149,6.642372421355707e-08
2026-01-04 17:15:00+00:00,risk_reduce,LTC,11,1.3403674445928299e-06,82.8,5.5491212206143155e-08
2026-01-04 17:15:00+00:00,risk_reduce,BCH,12,-2.0214243233603567e-07,643.09,6.499788840549058e-08
2026-01-04 17:15:00+00:00,risk_reduce,FIL,16,-7.535813371409295e-05,1.503,5.663163748614084e-08
2026-01-04 17:20:00+00:00,risk_reduce,SUI,9,0.00016110718961023784,1.7174,1.3834274371831123e-07
2026-01-04 17:20:00+00:00,risk_reduce,LTC,11,2.7875609735512202e-06,82.85,1.1547471332935928e-07
2026-01-04 17:20:00+00:00,risk_reduce,BCH,12,-4.203954354096767e-07,643.36,1.352328036625848e-07
2026-01-04 17:20:00+00:00,risk_reduce,FIL,16,-0.0001567222431643478,1.5,1.1754168237326085e-07
2026-01-04 17:35:00+00:00,risk_reduce,SUI,9,0.00013778967867583702,1.7219,1.186300238559619e-07
2026-01-04 17:35:00+00:00,risk_reduce,LTC,11,2.38410918695876e-06,82.75,9.864251761041869e-08
2026-01-04 17:35:00+00:00,risk_reduce,BCH,12,-3.595503844491853e-07,643.08,1.1560983061579105e-07
2026-01-04 17:35:00+00:00,risk_reduce,FIL,16,-0.00013403937825007262,1.501,1.005965533766795e-07
2026-01-04 17:40:00+00:00,risk_reduce,SUI,9,0.000287428352368696,1.7263,2.4809378234704e-07
2026-01-04 17:40:00+00:00,risk_reduce,LTC,11,4.973235891541673e-06,82.82,2.0594169826874068e-07
2026-01-04 17:40:00+00:00,risk_reduce,BCH,12,-7.500197082170373e-07,643.84,2.414463444692287e-07
2026-01-04 17:40:00+00:00,risk_reduce,FIL,16,-0.00027960525064857356,1.503,2.10123345862403e-07
2026-01-04 17:50:00+00:00,risk_reduce,SUI,9,0.0004551989615677876,1.7336,3.945664598869583e-07
2026-01-04 17:50:00+00:00,risk_reduce,LTC,11,7.876090840744625e-06,82.92,3.265427262572722e-07
2026-01-04 17:50:00+00:00,risk_reduce,BCH,12,-1.1878027672712643e-06,644.69,3.8288228301605574e-07
2026-01-04 17:50:00+00:00,risk_reduce,FIL,16,-0.00044280955130296396,1.505,3.3321418735548035e-07
2026-01-04 17:55:00+00:00,risk_reduce,SUI,9,0.0005192394057922656,1.7454,4.531402294349102e-07
2026-01-04 17:55:00+00:00,risk_reduce,LTC,11,8.984152147511245e-06,82.86,3.722134234713909e-07
2026-01-04 17:55:00+00:00,risk_reduce,BCH,12,-1.3549108305346532e-06,644.95,4.369248700766623e-07
2026-01-04 17:55:00+00:00,risk_reduce,FIL,16,-0.0005051069701604571,1.501,3.7908278110542305e-07
2026-01-05 01:40:00+00:00,risk_reduce,SUI,9,7.522171924001508e-05,1.736,6.529245230033309e-08
2026-01-05 01:40:00+00:00,risk_reduce,LTC,11,1.301525583210627e-06,83.36,5.4247586308218935e-08
2026-01-05 01:40:00+00:00,risk_reduce,BCH,12,-1.9628464433321929e-07,652.62,6.404964229237278e-08
2026-01-05 01:40:00+00:00,risk_reduce,FIL,16,-7.317436672127364e-05,1.528,5.590521617505307e-08
2026-01-05 01:50:00+00:00,risk_reduce,SUI,9,9.010475989632005e-05,1.7376,7.828301539792287e-08
2026-01-05 01:50:00+00:00,risk_reduce,LTC,11,1.559039747548504e-06,83.39,6.500416227403487e-08
2026-01-05 01:50:00+00:00,risk_reduce,BCH,12,-2.3512066631376036e-07,651.46,7.658585463838117e-08
2026-01-05 01:50:00+00:00,risk_reduce,FIL,16,-8.765232715499116e-05,1.526,6.687872561925826e-08
2026-01-05 18:00:00+00:00,risk_reduce,SUI,9,3.609290143899435e-05,1.7357,3.132322451383125e-08
2026-01-05 18:00:00+00:00,risk_reduce,LTC,11,6.244982841360248e-07,83.29,2.600723104284476e-08
2026-01-05 18:00:00+00:00,risk_reduce,BCH,12,-9.418134009009588e-08,648.04,3.0516637815992864e-08
2026-01-05 18:00:00+00:00,risk_reduce,FIL,16,-3.5110540314881034e-05,1.625,2.852731400584084e-08
2026-01-05 18:15:00+00:00,risk_reduce,SUI,9,0.00012632296306114288,1.7401,1.0990729401134737e-07
2026-01-05 18:15:00+00:00,risk_reduce,LTC,11,2.185706067770691e-06,83.21,9.093630094959959e-08
2026-01-05 18:15:00+00:00,risk_reduce,BCH,12,-3.296289705432133e-07,647.53,1.0672232364792344e-07
2026-01-05 18:15:00+00:00,risk_reduce,FIL,16,-0.00012288475878702299,1.619,9.947521223809511e-08
2026-01-05 18:30:00+00:00,risk_reduce,SUI,9,0.0005484988864136731,1.7527,4.806769991086223e-07
2026-01-05 18:30:00+00:00,risk_reduce,LTC,11,9.490415005698662e-06,83.19,3.9475381216203584e-07
2026-01-05 18:30:00+00:00,risk_reduce,BCH,12,-1.431260943310234e-06,646.6,4.627266629721986e-07
2026-01-05 18:30:00+00:00,risk_reduce,FIL,16,-0.0005335700787771624,1.606,4.284567732580615e-07
2026-01-05 18:35:00+00:00,risk_reduce,SUI,9,0.0005069722262773801,1.7619,4.4661718273905806e-07
2026-01-05 18:35:00+00:00,risk_reduce,LTC,11,8.771898982683733e-06,83.28,3.6526187363895067e-07
2026-01-05 18:35:00+00:00,risk_reduce,BCH,12,-1.3229006745268208e-06,647.26,4.28130345297115e-07
2026-01-05 18:35:00+00:00,risk_reduce,FIL,16,-0.000493173673480618,1.602,3.950321124579751e-07
2026-01-05 18:45:00+00:00,risk_reduce,SUI,9,0.0004940153387291979,1.7712,4.3749998397857773e-07
2026-01-05 18:45:00+00:00,risk_reduce,LTC,11,8.547712128233794e-06,83.35,3.5622590294414333e-07
2026-01-05 18:45:00+00:00,risk_reduce,BCH,12,-1.2890907843813356e-06,646.58,4.1675015968264203e-07
2026-01-05 18:45:00+00:00,risk_reduce,FIL,16,-0.0004805694409451555,1.602,3.849361221970696e-07
2026-01-05 18:50:00+00:00,risk_reduce,SUI,9,0.0006983262833620829,1.7808,6.217897227055986e-07
2026-01-05 18:50:00+00:00,risk_reduce,LTC,11,1.2082807098891691e-05,83.64,5.053029928756505e-07
2026-01-05 18:50:00+00:00,risk_reduce,BCH,12,-1.822222724276153e-06,647.26,5.897259402574914e-07
2026-01-05 18:50:00+00:00,risk_reduce,FIL,16,-0.0006793195378425321,1.604,5.448142693497107e-07
2026-01-05 18:55:00+00:00,risk_reduce,SUI,9,0.00028852263760076324,1.7864,2.5770841990500174e-07
2026-01-05 18:55:00+00:00,risk_reduce,LTC,11,4.992169787751671e-06,83.66,2.0882246222165237e-07
2026-01-05 18:55:00+00:00,risk_reduce,BCH,12,-7.52875151960417e-07,648.42,2.4408965301708674e-07
2026-01-05 18:55:00+00:00,risk_reduce,FIL,16,-0.00028066975209412037,1.605,2.252374760555316e-07
2026-01-05 19:30:00+00:00,risk_reduce,SUI,9,0.0006422127693593016,1.7958,5.766428456077169e-07
2026-01-05 19:30:00+00:00,risk_reduce,LTC,11,1.1111901690502492e-05,83.96,4.664776329672946e-07
2026-01-05 19:30:00+00:00,risk_reduce,BCH,12,-1.6757993076139933e-06,648.45,5.433360305111471e-07
2026-01-05 19:30:00+00:00,risk_reduce,FIL,16,-0.0006247332974169406,1.588,4.960382381490509e-07
2026-01-05 19:35:00+00:00,risk_reduce,SUI,9,0.001038311731011321,1.8165,9.430466296910323e-07
2026-01-05 19:35:00+00:00,risk_reduce,LTC,11,1.7965413379437013e-05,84.04,7.549066702039433e-07
2026-01-05 19:35:00+00:00,risk_reduce,BCH,12,-2.709385678600158e-06,649.44,8.797917175550435e-07
2026-01-05 19:35:00+00:00,risk_reduce,FIL,16,-0.0010100514072750866,1.591,8.034958944873314e-07
2026-01-05 20:00:00+00:00,risk_reduce,SUI,9,0.0005881688442602728,1.8365,5.400860412419956e-07
2026-01-05 20:00:00+00:00,risk_reduce,LTC,11,1.0176805393260525e-05,83.65,4.256448855731215e-07
2026-01-05 20:00:00+00:00,risk_reduce,BCH,12,-1.5347763062307e-06,649.25,4.98226758410141e-07
2026-01-05 20:00:00+00:00,risk_reduce,FIL,16,-0.0005721603167112566,1.582,4.52578810518604e-07
2026-01-05 20:05:00+00:00,risk_reduce,SUI,9,0.0010636985618497352,1.8535,9.85782642194242e-07
2026-01-05 20:05:00+00:00,risk_reduce,LTC,11,1.8404669622802596e-05,83.97,7.727200541133669e-07
2026-01-05 20:05:00+00:00,risk_reduce,BCH,12,-2.775630442907785e-06,651.48,9.041338604727819e-07
2026-01-05 20:05:00+00:00,risk_reduce,FIL,16,-0.0010347472702310345,1.591,8.23141453468788e-07
2026-01-05 20:10:00+00:00,risk_reduce,SUI,9,0.0010188941073886182,1.8755,9.554679492036768e-07
2026-01-05 20:10:00+00:00,risk_reduce,LTC,11,1.7629439485654375e-05,83.97,7.40172016805199e-07
2026-01-05 20:10:00+00:00,risk_reduce,BCH,12,-2.6587170501097732e-06,651.66,8.662897764372674e-07
2026-01-05 20:10:00+00:00,risk_reduce,FIL,16,-0.0009911622842109225,1.602,7.939209896529489e-07
2026-01-05 20:20:00+00:00,risk_reduce,SUI,9,0.00019101944007063332,1.8783,1.793959071423353e-07
2026-01-05 20:20:00+00:00,risk_reduce,LTC,11,3.30511839737686e-06,84.1,1.3898022860969696e-07
2026-01-05 20:20:00+00:00,risk_reduce,BCH,12,-4.984488952633893e-07,650.73,1.6217782480737265e-07
2026-01-05 20:20:00+00:00,risk_reduce,FIL,16,-0.00018582035481032322,1.589,1.4763427189680178e-07
2026-01-05 20:25:00+00:00,risk_reduce,SUI,9,0.00031993672492433567,1.8854,3.016043505861712e-07
2026-01-05 20:25:00+00:00,risk_reduce,LTC,11,5.535712779562458e-06,84.09,2.3274904381670357e-07
2026-01-05 20:25:00+00:00,risk_reduce,BCH,12,-8.348475266902258e-07,651.23,2.718388774032379e-07
2026-01-05 20:25:00+00:00,risk_reduce,FIL,16,-0.0003112288242511363,1.592,2.477381441039045e-07
2026-01-05 20:30:00+00:00,risk_reduce,SUI,9,0.0017389831302717373,1.9188,1.668380415182705e-06
2026-01-05 20:30:00+00:00,risk_reduce,LTC,11,3.0088796901841987e-05,84.39,1.2695967852732227e-06
2026-01-05 20:30:00+00:00,risk_reduce,BCH,12,-4.537727782287927e-06,653.35,1.4823622232789085e-06
2026-01-05 20:30:00+00:00,risk_reduce,FIL,16,-0.0016916522326564098,1.599,1.3524759600087996e-06
2026-01-05 22:40:00+00:00,risk_reduce,SUI,9,0.0007330272228434354,1.941,7.11402919769554e-07
2026-01-05 22:40:00+00:00,risk_reduce,LTC,11,1.2683220928204862e-05,84.12,5.334562722402966e-07
2026-01-05 22:40:00+00:00,risk_reduce,BCH,12,-1.912771858661043e-06,649.81,6.214691407382662e-07
2026-01-05 22:40:00+00:00,risk_reduce,FIL,16,-0.0007130760020238047,1.593,5.679650356119605e-07
2026-01-06 01:00:00+00:00,risk_reduce,SUI,9,0.0007315550056464504,1.9679,7.198135478058248e-07
2026-01-06 01:00:00+00:00,risk_reduce,LTC,11,1.2657747855197594e-05,83.62,5.292204378258115e-07
2026-01-06 01:00:00+00:00,risk_reduce,BCH,12,-1.9089302337711527e-06,652.98,6.232466320239437e-07
2026-01-06 01:00:00+00:00,risk_reduce,FIL,16,-0.0007116438550035797,1.558,5.543705630477886e-07
2026-01-06 01:05:00+00:00,risk_reduce,SUI,9,0.000435442321710805,1.9753,4.3006460903767657e-07
2026-01-06 01:05:00+00:00,risk_reduce,LTC,11,7.534251110518676e-06,83.77,3.155721077640748e-07
2026-01-06 01:05:00+00:00,risk_reduce,BCH,12,-1.136249504905991e-06,651.83,3.703207573914361e-07
2026-01-06 01:05:00+00:00,risk_reduce,FIL,16,-0.0004235906392030808,1.562,3.3082428921760614e-07
2026-01-06 01:30:00+00:00,risk_reduce,SUI,9,9.418376545192175e-05,1.9726,9.289344786523042e-08
2026-01-06 01:30:00+00:00,risk_reduce,LTC,11,1.6296168380254897e-06,84.02,6.846020336545082e-08
2026-01-06 01:30:00+00:00,risk_reduce,BCH,12,-2.4576448252541534e-07,651.41,8.00467207809404e-08
2026-01-06 01:30:00+00:00,risk_reduce,FIL,16,-9.162031208537202e-05,1.574,7.210518561118779e-08
2026-01-06 06:45:00+00:00,risk_reduce,SUI,9,0.00023736903333501647,1.9799,2.3498347454999957e-07
2026-01-06 06:45:00+00:00,risk_reduce,LTC,11,4.107083335356133e-06,83.9,1.7229214591818976e-07
2026-01-06 06:45:00+00:00,risk_reduce,BCH,12,-6.193941956474667e-07,647.92,2.006589436219533e-07
2026-01-06 06:45:00+00:00,risk_reduce,FIL,16,-0.00023090842470790962,1.589,1.8345674343043419e-07
2026-01-06 12:10:00+00:00,risk_reduce,SUI,9,0.00023745586185652812,1.9864,2.358411619959037e-07
2026-01-06 12:10:00+00:00,risk_reduce,LTC,11,4.1085856879109935e-06,83.94,1.724373413216244e-07
2026-01-06 12:10:00+00:00,risk_reduce,BCH,12,-6.196207672498752e-07,639.56,1.9814232895116506e-07
2026-01-06 12:10:00+00:00,risk_reduce,FIL,16,-0.00023099288996794587,1.581,1.8259987951966122e-07
2026-01-06 12:35:00+00:00,risk_reduce,SUI,9,0.0001333573370761454,1.9879,1.3255052518683472e-07
2026-01-06 12:35:00+00:00,risk_reduce,LTC,11,2.307418491188755e-06,84.03,9.694618790729553e-08
2026-01-06 12:35:00+00:00,risk_reduce,BCH,12,-3.479845680434018e-07,640.23,1.1139507999921357e-07
2026-01-06 12:35:00+00:00,risk_reduce,FIL,16,-0.00012972767422458897,1.58,1.024848626374253e-07
2026-01-06 13:25:00+00:00,risk_reduce,SUI,9,5.753422768581262e-05,1.9858,5.712573466924336e-08
2026-01-06 13:25:00+00:00,risk_reduce,LTC,11,9.954873406228804e-07,84.19,4.190503960352015e-08
2026-01-06 13:25:00+00:00,risk_reduce,BCH,12,-1.5013064753627726e-07,640.65,4.8090599672058014e-08
2026-01-06 13:25:00+00:00,risk_reduce,FIL,16,-5.5968285732399536e-05,1.592,4.455075544299004e-08
2026-01-06 13:30:00+00:00,risk_reduce,SUI,9,0.00024681892964581453,1.992,2.458316539272313e-07
2026-01-06 13:30:00+00:00,risk_reduce,LTC,11,4.270590390651526e-06,84.17,1.7972779659056948e-07
2026-01-06 13:30:00+00:00,risk_reduce,BCH,12,-6.440528920332038e-07,638.82,2.0571693424432564e-07
2026-01-06 13:30:00+00:00,risk_reduce,FIL,16,-0.00024010111779060317,1.595,1.9148064143800602e-07
2026-01-06 13:35:00+00:00,risk_reduce,SUI,9,4.1635018347113695e-05,1.992,4.146847827372524e-08
2026-01-06 13:35:00+00:00,risk_reduce,LTC,11,7.203908935302789e-07,84.22,3.033566052656004e-08
2026-01-06 13:35:00+00:00,risk_reduce,BCH,12,-1.0864302026910395e-07,638.86,3.4703839964559876e-08
2026-01-06 13:35:00+00:00,risk_reduce,FIL,16,-4.0501814260018865e-05,1.597,3.2340698686625065e-08
2026-01-06 14:05:00+00:00,risk_reduce,SUI,9,5.923252504838605e-05,1.9977,5.916440764458041e-08
2026-01-06 14:05:00+00:00,risk_reduce,LTC,11,1.024872171063746e-06,84.02,4.305487990638797e-08
2026-01-06 14:05:00+00:00,risk_reduce,BCH,12,-1.5456220928676025e-07,633.36,4.8946760436931237e-08
2026-01-06 14:05:00+00:00,risk_reduce,FIL,16,-5.762035956516365e-05,1.595,4.595223675321801e-08
2026-01-06 14:10:00+00:00,risk_reduce,SUI,9,0.00023874558886377573,2.0,2.3874558886377574e-07
2026-01-06 14:10:00+00:00,risk_reduce,LTC,11,4.130901220076623e-06,84.2,1.7391094136522584e-07
2026-01-06 14:10:00+00:00,risk_reduce,BCH,12,-6.229861995938127e-07,633.81,1.974274415822772e-07
2026-01-06 14:10:00+00:00,risk_reduce,FIL,16,-0.00023224751373818187,1.597,1.8544963971993824e-07
2026-01-06 14:15:00+00:00,risk_reduce,SUI,9,0.00017494126681361077,1.9998,1.7492377268692943e-07
2026-01-06 14:15:00+00:00,risk_reduce,LTC,11,3.0269254228379103e-06,84.42,1.2776652209798818e-07
2026-01-06 14:15:00+00:00,risk_reduce,BCH,12,-4.564942769540799e-07,634.81,1.448935659766097e-07
2026-01-06 14:15:00+00:00,risk_reduce,FIL,16,-0.0001701797903828628,1.604,1.3648419188705597e-07
2026-01-12 00:05:00+00:00,exit_scheduled,SUI,9,0.14962732983330224,1.7917,0.00013404364343116382
2026-01-12 00:05:00+00:00,exit_scheduled,LTC,11,0.002588930427183416,78.72,0.00010190030161393925
2026-01-12 00:05:00+00:00,exit_scheduled,BCH,12,-0.00039043972293626323,648.18,0.00012653760980641353
2026-01-12 00:05:00+00:00,exit_scheduled,FIL,16,-0.1455548372912444,1.455,0.00010589114412938033
2026-01-14 08:05:00+00:00,entry,ETH,1,-7.987225398499548e-05,3337.12,0.00013327164810920405
2026-01-14 08:05:00+00:00,entry,LINK,8,-0.01748742274691197,14.059,0.00012292783819941767
2026-01-14 08:05:00+00:00,entry,SUI,9,0.14026503191349404,1.846,0.000129464624456155
2026-01-14 08:05:00+00:00,entry,BCH,12,0.0004127902477117671,614.04,0.00012673486185246674
2026-01-14 08:10:00+00:00,risk_reduce,ETH,1,3.791933371225203e-08,3336.2,6.325324056540761e-08
2026-01-14 08:10:00+00:00,risk_reduce,LINK,8,8.302149818284477e-06,14.078,5.843883257090443e-08
2026-01-14 08:10:00+00:00,risk_reduce,SUI,9,-6.65907907680674e-05,1.8453,6.143999310215739e-08
2026-01-14 08:10:00+00:00,risk_reduce,BCH,12,-1.9597207259340653e-07,614.15,6.017812419162032e-08
2026-01-14 08:15:00+00:00,risk_reduce,ETH,1,9.995791715072572e-08,3340.03,1.6693122101046923e-07
2026-01-14 08:15:00+00:00,risk_reduce,LINK,8,2.1885025987170015e-05,14.097,1.5425660567056785e-07
2026-01-14 08:15:00+00:00,risk_reduce,SUI,9,-0.00017553780868367896,1.8479,1.621881583332852e-07
2026-01-14 08:15:00+00:00,risk_reduce,BCH,12,-5.1659558010156e-07,615.01,1.588557238591302e-07
2026-01-14 14:50:00+00:00,risk_reduce,ETH,1,1.2945344894023272e-07,3339.79,2.1617366711804992e-07
2026-01-14 14:50:00+00:00,risk_reduce,LINK,8,2.834284842003973e-05,14.156,2.0061068111704122e-07
2026-01-14 14:50:00+00:00,risk_reduce,SUI,9,-0.00022733541675590274,1.8499,2.1027389372837226e-07
2026-01-14 14:50:00+00:00,risk_reduce,BCH,12,-6.690323433869373e-07,608.01,2.033891775513459e-07
2026-01-14 14:55:00+00:00,risk_reduce,ETH,1,2.568843834713279e-07,3354.17,4.30816946254012e-07
2026-01-14 14:55:00+00:00,risk_reduce,LINK,8,5.624288268723382e-05,14.189,3.990151312245803e-07
2026-01-14 14:55:00+00:00,risk_reduce,SUI,9,-0.00045111906135081314,1.8526,4.178715865292582e-07
2026-01-14 14:55:00+00:00,risk_reduce,BCH,12,-1.327612067969627e-06,607.9,4.0352768805936816e-07
2026-01-14 15:15:00+00:00,risk_reduce,ETH,1,2.2268290137143678e-07,3358.54,3.739447157860126e-07
2026-01-14 15:15:00+00:00,risk_reduce,LINK,8,4.875472821291166e-05,14.257,3.4754808006574075e-07
2026-01-14 15:15:00+00:00,risk_reduce,SUI,9,-0.0003910572534152057,1.8495,3.6163019509571145e-07
2026-01-14 15:15:00+00:00,risk_reduce,BCH,12,-1.1508543384234119e-06,608.01,3.498654731524093e-07
2026-01-14 16:10:00+00:00,risk_reduce,ETH,1,1.3113409607312893e-07,3361.07,2.2037543814425576e-07
2026-01-14 16:10:00+00:00,risk_reduce,LINK,8,2.8710813331948165e-05,14.297,2.052392491034315e-07
2026-01-14 16:10:00+00:00,risk_reduce,SUI,9,-0.00023028682994347127,1.8565,2.137637498950272e-07
2026-01-14 16:10:00+00:00,risk_reduce,BCH,12,-6.777181474264889e-07,608.05,2.0604325977133827e-07
2026-01-14 16:15:00+00:00,risk_reduce,ETH,1,1.8656054405762372e-07,3367.52,3.1412318166246453e-07
2026-01-14 16:15:00+00:00,risk_reduce,LINK,8,4.084601271478125e-05,14.339,2.9284548815862415e-07
2026-01-14 16:15:00+00:00,risk_reduce,SUI,9,-0.0003276221636484278,1.8611,3.0486880438304445e-07
2026-01-14 16:15:00+00:00,risk_reduce,BCH,12,-9.641692747177776e-07,607.97,2.9309299697508363e-07
2026-01-14 16:30:00+00:00,risk_reduce,ETH,1,2.3879733935868873e-08,3373.86,4.028343956843528e-08
2026-01-14 16:30:00+00:00,risk_reduce,LINK,8,5.2282861893286625e-06,14.306,3.739793111226793e-08
2026-01-14 16:30:00+00:00,risk_reduce,SUI,9,-4.1935609369797566e-05,1.8884,3.959560236696287e-08
2026-01-14 16:30:00+00:00,risk_reduce,BCH,12,-1.234135860060854e-07,609.55,3.7613375675004676e-08
2026-01-14 16:35:00+00:00,risk_reduce,ETH,1,1.0967844170409701e-07,3378.87,1.8529459816036114e-07
2026-01-14 16:35:00+00:00,risk_reduce,LINK,8,2.4013260933670316e-05,14.322,1.7195896154601314e-07
2026-01-14 16:35:00+00:00,risk_reduce,SUI,9,-0.0001926081881792885,1.8996,1.8293925713268821e-07
2026-01-14 16:35:00+00:00,risk_reduce,BCH,12,-5.66832521443298e-07,609.45,1.7272804009680898e-07
2026-01-14 16:40:00+00:00,risk_reduce,ETH,1,2.4211994463194683e-07,3390.23,4.104211499447826e-07
2026-01-14 16:40:00+00:00,risk_reduce,LINK,8,5.3010321056333465e-05,14.368,3.808261464686996e-07
2026-01-14 16:40:00+00:00,risk_reduce,SUI,9,-0.00042519097767132474,1.8922,4.022731839748404e-07
2026-01-14 16:40:00+00:00,risk_reduce,BCH,12,-1.2513075183699456e-06,610.64,3.820492115087118e-07
2026-01-21 16:05:00+00:00,exit_scheduled,ETH,1,7.843198323994684e-05,2993.37,0.00011738797283547984
2026-01-21 16:05:00+00:00,exit_scheduled,LINK,8,0.017172086417560267,12.391,0.00010638966139999463
2026-01-21 16:05:00+00:00,exit_scheduled,SUI,9,-0.13773574781370806,1.5094,0.00010394916887500548
2026-01-21 16:05:00+00:00,exit_scheduled,BCH,12,-0.0004053467402613286,589.7,0.00011951648636605275
2026-01-25 08:05:00+00:00,entry,BTC,0,-3.1871036402612127e-06,88701.1,0.00014134979935258692
2026-01-25 08:05:00+00:00,entry,AVAX,10,0.022813626031132166,11.924,0.00013601483839760997
2026-01-25 08:05:00+00:00,entry,BCH,12,0.00040579414730546916,591.42,0.00011999738729970028
2026-01-25 08:05:00+00:00,entry,AAVE,19,-0.0014777990249352142,155.18,0.00011466242634472327
2026-01-25 08:10:00+00:00,risk_reduce,BTC,0,7.250292495904349e-10,88700.0,3.215504721933579e-08
2026-01-25 08:10:00+00:00,risk_reduce,AVAX,10,-5.1898362992790215e-06,11.935,3.0970348115947565e-08
2026-01-25 08:10:00+00:00,risk_reduce,BCH,12,-9.231347935866703e-08,591.17,2.728647979623159e-08
2026-01-25 08:10:00+00:00,risk_reduce,AAVE,19,3.3618220146949297e-07,155.26,2.6097824300076738e-08
2026-01-25 08:15:00+00:00,risk_reduce,BTC,0,1.1453331391707872e-10,88699.9,5.079546745556745e-09
2026-01-25 08:15:00+00:00,risk_reduce,AVAX,10,-8.198416138124887e-07,11.935,4.8924048304260265e-09
2026-01-25 08:15:00+00:00,risk_reduce,BCH,12,-1.4582816784474654e-08,591.4,4.312138923169155e-09
2026-01-25 08:15:00+00:00,risk_reduce,AAVE,19,5.3106907943510986e-08,155.27,4.122954798194476e-09
2026-01-25 08:25:00+00:00,risk_reduce,BTC,0,1.7107464972593073e-09,88694.3,7.586673152593308e-08
2026-01-25 08:25:00+00:00,risk_reduce,AVAX,10,-1.2245704949634395e-05,11.941,7.311298140179217e-08
2026-01-25 08:25:00+00:00,risk_reduce,BCH,12,-2.1781874531519915e-07,592.31,6.45081105188228e-08
2026-01-25 08:25:00+00:00,risk_reduce,AAVE,19,7.932404436504677e-07,155.46,6.165857968495085e-08
2026-01-27 16:15:00+00:00,risk_reduce,BTC,0,2.3334862692011405e-09,88406.1,1.0314721023181149e-07
2026-01-27 16:15:00+00:00,risk_reduce,AVAX,10,-1.6703342314267067e-05,11.851,9.897565488318952e-08
2026-01-27 16:15:00+00:00,risk_reduce,BCH,12,-2.9710833965280146e-07,591.79,8.791287216156568e-08
2026-01-27 16:15:00+00:00,risk_reduce,AAVE,19,1.0819929699688348e-06,156.51,8.467135986491116e-08
2026-01-27 16:20:00+00:00,risk_reduce,BTC,0,2.187811873664188e-09,88475.2,9.678354654240689e-08
2026-01-27 16:20:00+00:00,risk_reduce,AVAX,10,-1.566058953393623e-05,11.875,9.298475035774638e-08
2026-01-27 16:20:00+00:00,risk_reduce,BCH,12,-2.785605220122548e-07,592.64,8.254305388267134e-08
2026-01-27 16:20:00+00:00,risk_reduce,AAVE,19,1.014446537853271e-06,156.58,7.94210194485326e-08
2026-01-27 16:35:00+00:00,risk_reduce,BTC,0,6.305115781699042e-09,88571.5,2.792267812293784e-07
2026-01-27 16:35:00+00:00,risk_reduce,AVAX,10,-4.513268778259111e-05,11.875,2.679753337091347e-07
2026-01-27 16:35:00+00:00,risk_reduce,BCH,12,-8.027913024149743e-07,593.09,2.380637467746486e-07
2026-01-27 16:35:00+00:00,risk_reduce,AAVE,19,2.923561642800788e-06,157.09,2.2963114923378793e-07
2026-01-27 16:40:00+00:00,risk_reduce,BTC,0,3.7536274226108815e-09,88627.8,1.6633787024283637e-07
2026-01-27 16:40:00+00:00,risk_reduce,AVAX,10,-2.6868863377355057e-05,11.894,1.5978913050513053e-07
2026-01-27 16:40:00+00:00,risk_reduce,BCH,12,-4.779261082127708e-07,593.48,1.4181979335105762e-07
2026-01-27 16:40:00+00:00,risk_reduce,AAVE,19,1.7404852716525806e-06,157.38,1.3695878602634158e-07
2026-01-27 16:45:00+00:00,risk_reduce,BTC,0,2.2884919893279524e-09,88709.3,1.0150526121444507e-07
2026-01-27 16:45:00+00:00,risk_reduce,AVAX,10,-1.6381268484726846e-05,11.931,9.7722457145638e-08
2026-01-27 16:45:00+00:00,risk_reduce,BCH,12,-2.9137949694935583e-07,594.07,8.654990887635192e-08
2026-01-27 16:45:00+00:00,risk_reduce,AAVE,19,1.0611299826207045e-06,157.43,8.352684658198876e-08
2026-01-27 16:50:00+00:00,risk_reduce,BTC,0,1.0710138642354098e-09,88726.9,4.7513870015314385e-08
2026-01-27 16:50:00+00:00,risk_reduce,AVAX,10,-7.666430882308922e-06,11.91,4.565359590414963e-08
2026-01-27 16:50:00+00:00,risk_reduce,BCH,12,-1.363655553272467e-07,594.27,4.051897928216145e-08
2026-01-27 16:50:00+00:00,risk_reduce,AAVE,19,4.966086525285546e-07,157.53,3.91153805164116e-08
2026-01-27 20:20:00+00:00,risk_reduce,BTC,0,4.1532074610799304e-09,88846.8,1.844995963265382e-07
2026-01-27 20:20:00+00:00,risk_reduce,AVAX,10,-2.97290996909734e-05,11.944,1.7754218335449315e-07
2026-01-27 20:20:00+00:00,risk_reduce,BCH,12,-5.288021572193028e-07,599.5,1.58508446626486e-07
2026-01-27 20:20:00+00:00,risk_reduce,AAVE,19,1.9257628960677765e-06,157.65,1.517982602825425e-07
2026-01-27 20:25:00+00:00,risk_reduce,BTC,0,7.586120726419464e-09,89020.6,3.3766050936914825e-07
2026-01-27 20:25:00+00:00,risk_reduce,AVAX,10,-5.430225710054831e-05,11.976,3.251619155180833e-07
2026-01-27 20:25:00+00:00,risk_reduce,BCH,12,-9.658937201306316e-07,598.23,2.8891330009687385e-07
2026-01-27 20:25:00+00:00,risk_reduce,AAVE,19,3.5175391446087053e-06,158.15,2.7814940785993337e-07
2026-01-27 20:30:00+00:00,risk_reduce,BTC,0,4.014826479744722e-09,89108.1,1.7887677971987034e-07
2026-01-27 20:30:00+00:00,risk_reduce,AVAX,10,-2.8738553943377654e-05,12.004,1.7248880076815268e-07
2026-01-27 20:30:00+00:00,risk_reduce,BCH,12,-5.111829647917775e-07,598.04,1.528539301320373e-07
2026-01-27 20:30:00+00:00,risk_reduce,AAVE,19,1.8615982806773068e-06,158.41,1.474478918210461e-07
2026-01-27 20:50:00+00:00,risk_reduce,BTC,0,9.737639829901645e-09,89379.0,4.3517025517838956e-07
2026-01-27 20:50:00+00:00,risk_reduce,AVAX,10,-6.970305913460428e-05,12.096,4.2156410164608674e-07
2026-01-27 20:50:00+00:00,risk_reduce,BCH,12,-1.2398333087212813e-06,598.99,3.7132387679548014e-07
2026-01-27 20:50:00+00:00,risk_reduce,AAVE,19,4.515157418796606e-06,158.88,3.5868410534920235e-07
2026-01-27 20:55:00+00:00,risk_reduce,BTC,0,1.2085825123021365e-09,89420.1,5.403578455415414e-08
2026-01-27 20:55:00+00:00,risk_reduce,AVAX,10,-8.65116186217485e-06,12.087,5.2283296714053705e-08
2026-01-27 20:55:00+00:00,risk_reduce,BCH,12,-1.538813183959986e-07,599.75,4.614516035400009e-08
2026-01-27 20:55:00+00:00,risk_reduce,AAVE,19,5.603966045132636e-07,158.93,4.453191617764649e-08
2026-01-27 22:45:00+00:00,risk_reduce,BTC,0,1.8782192218572111e-10,89284.8,8.384821378983837e-09
2026-01-27 22:45:00+00:00,risk_reduce,AVAX,10,-1.3444492482327097e-06,12.11,8.140640198049057e-09
2026-01-27 22:45:00+00:00,risk_reduce,BCH,12,-2.391420090511881e-08,602.19,7.200446321526749e-09
2026-01-27 22:45:00+00:00,risk_reduce,AAVE,19,8.708943441968278e-08,159.19,6.931883532634651e-09
2026-01-27 23:30:00+00:00,risk_reduce,BTC,0,3.874959871135677e-09,89467.2,1.733409048914349e-07
2026-01-27 23:30:00+00:00,risk_reduce,AVAX,10,-2.773737391812206e-05,12.125,1.68157829378615e-07
2026-01-27 23:30:00+00:00,risk_reduce,BCH,12,-4.933746166540056e-07,602.33,1.485871664246036e-07
2026-01-27 23:30:00+00:00,risk_reduce,AAVE,19,1.7967448083231786e-06,159.24,1.4305682163869148e-07
2026-01-27 23:35:00+00:00,risk_reduce,BTC,0,8.878723062891386e-10,89417.2,3.969552779295858e-08
2026-01-27 23:35:00+00:00,risk_reduce,AVAX,10,-6.355484177923004e-06,12.134,3.855872250745887e-08
2026-01-27 23:35:00+00:00,risk_reduce,BCH,12,-1.1304727618371762e-07,602.02,3.402836060406084e-08
2026-01-27 23:35:00+00:00,risk_reduce,AAVE,19,4.116894135246067e-07,159.45,3.282193849324927e-08
2026-01-27 23:40:00+00:00,risk_reduce,BTC,0,2.0359641915109276e-09,89415.5,9.102337808302268e-08
2026-01-27 23:40:00+00:00,risk_reduce,AVAX,10,-1.4573647712973897e-05,12.151,8.854219668017292e-08
2026-01-27 23:40:00+00:00,risk_reduce,BCH,12,-2.59226698059588e-07,602.08,7.803760518385837e-08
2026-01-27 23:40:00+00:00,risk_reduce,AAVE,19,9.440376707585581e-07,159.68,7.537196763336328e-08
2026-01-28 10:00:00+00:00,risk_reduce,BTC,0,4.124195476722303e-09,89542.6,1.8464559294697725e-07
2026-01-28 10:00:00+00:00,risk_reduce,AVAX,10,-2.952142882856404e-05,12.163,1.7953456942091222e-07
2026-01-28 10:00:00+00:00,risk_reduce,BCH,12,-5.251082411177554e-07,595.23,1.5628008918026076e-07
2026-01-28 10:00:00+00:00,risk_reduce,AAVE,19,1.9123105935905244e-06,160.0,1.5298484748724196e-07
2026-01-28 10:15:00+00:00,risk_reduce,BTC,0,2.669586482663081e-09,89544.0,1.1952272600179146e-07
2026-01-28 10:15:00+00:00,risk_reduce,AVAX,10,-1.910918330482944e-05,12.178,1.1635581714310648e-07
2026-01-28 10:15:00+00:00,risk_reduce,BCH,12,-3.3990189609949505e-07,596.01,1.0129246454713002e-07
2026-01-28 10:15:00+00:00,risk_reduce,AAVE,19,1.237836213175813e-06,160.29,9.920638330497553e-08
2026-01-28 11:20:00+00:00,risk_reduce,BTC,0,2.0577044401105266e-09,89402.9,9.19823721443787e-08
2026-01-28 11:20:00+00:00,risk_reduce,AVAX,10,-1.4729266719241962e-05,12.157,8.953184775291227e-08
2026-01-28 11:20:00+00:00,risk_reduce,BCH,12,-2.619947491298998e-07,595.0,7.79434378661452e-08
2026-01-28 11:20:00+00:00,risk_reduce,AAVE,19,9.54118208390184e-07,160.87,7.674449809186445e-08
2026-01-28 11:45:00+00:00,risk_reduce,BTC,0,7.1510320200974904e-09,89627.9,3.2046599139704794e-07
2026-01-28 11:45:00+00:00,risk_reduce,AVAX,10,-5.118784597471851e-05,12.157,3.111453217573265e-07
2026-01-28 11:45:00+00:00,risk_reduce,BCH,12,-9.104965725908435e-07,596.02,2.7133708359779726e-07
2026-01-28 11:45:00+00:00,risk_reduce,AAVE,19,3.3157968297870943e-06,161.22,2.672863824491377e-07
2026-01-28 11:50:00+00:00,risk_reduce,BTC,0,6.041720899262017e-09,89788.0,2.7123701805146897e-07
2026-01-28 11:50:00+00:00,risk_reduce,AVAX,10,-4.3247279266054456e-05,12.197,2.6374353260403307e-07
2026-01-28 11:50:00+00:00,risk_reduce,BCH,12,-7.692548650136614e-07,595.55,2.2906486742944302e-07
2026-01-28 11:50:00+00:00,risk_reduce,AAVE,19,2.801430471563969e-06,161.57,2.2631356064529523e-07
2026-01-28 11:55:00+00:00,risk_reduce,BTC,0,9.549478173273919e-09,90016.0,4.2980291362271255e-07
2026-01-28 11:55:00+00:00,risk_reduce,AVAX,10,-6.83561780311856e-05,12.222,4.177246039485752e-07
2026-01-28 11:55:00+00:00,risk_reduce,BCH,12,-1.2158758515359316e-06,596.42,3.625863376865301e-07
2026-01-28 11:55:00+00:00,risk_reduce,AAVE,19,4.427910456011354e-06,162.19,3.5908139843024075e-07
2026-01-28 12:00:00+00:00,risk_reduce,BTC,0,5.468847221628667e-09,90036.9,2.4619902520452905e-07
2026-01-28 12:00:00+00:00,risk_reduce,AVAX,10,-3.914658869562382e-05,12.232,2.394205364624353e-07
2026-01-28 12:00:00+00:00,risk_reduce,BCH,12,-6.963144113075986e-07,597.48,2.0801696723403202e-07
2026-01-28 12:00:00+00:00,risk_reduce,AAVE,19,2.535799899804937e-06,162.78,2.0638875384512383e-07
2026-01-28 12:10:00+00:00,risk_reduce,BTC,0,5.897723416272349e-09,89990.8,2.653704242045409e-07
2026-01-28 12:10:00+00:00,risk_reduce,AVAX,10,-4.2216530003667124e-05,12.256,2.587028958624721e-07
2026-01-28 12:10:00+00:00,risk_reduce,BCH,12,-7.509205582513089e-07,596.24,2.2386443682588022e-07
2026-01-28 12:10:00+00:00,risk_reduce,AAVE,19,2.7346615917361525e-06,163.59,2.2368164489605862e-07
2026-01-28 13:45:00+00:00,risk_reduce,BTC,0,3.619222732820625e-09,90361.0,1.6351829268020223e-07
2026-01-28 13:45:00+00:00,risk_reduce,AVAX,10,-2.5906780346550418e-05,12.176,1.5772047874979896e-07
2026-01-28 13:45:00+00:00,risk_reduce,BCH,12,-4.6081319233571335e-07,598.62,1.3792599659800237e-07
2026-01-28 13:45:00+00:00,risk_reduce,AAVE,19,1.6781643866301422e-06,163.26,1.369885588806185e-07
2026-02-01 16:05:00+00:00,exit_scheduled,BTC,0,3.086347277836287e-06,77118.4,0.00011900708195554495
2026-02-01 16:05:00+00:00,exit_scheduled,AVAX,10,-0.02209240129793489,9.822,0.00010849578277415823
2026-02-01 16:05:00+00:00,exit_scheduled,BCH,12,-0.0003929654643409978,519.87,0.00010214547797347726
2026-02-01 16:05:00+00:00,exit_scheduled,AAVE,19,0.0014310802260023461,123.7,8.851231197824511e-05
2026-02-01 16:05:00+00:00,entry,BTC,0,-3.677032265974614e-06,77118.4,0.0001417834225501683
2026-02-01 16:05:00+00:00,entry,TRX,7,0.857615732549391,0.28342,0.00012153272545957421
2026-02-01 16:05:00+00:00,entry,SUI,9,-0.21053900842570933,1.0981,0.00011559644257613572
2026-02-01 16:05:00+00:00,entry,FIL,16,0.2625065500806374,1.035,0.00013584713966672984
2026-02-01 16:10:00+00:00,risk_reduce,BTC,0,7.769010855392929e-09,77229.6,2.9999880037882694e-07
2026-02-01 16:10:00+00:00,risk_reduce,TRX,7,-0.0018120118220300574,0.28345,2.568073754772099e-07
2026-02-01 16:10:00+00:00,risk_reduce,SUI,9,0.00044483695644412236,1.1014,2.4497171191377815e-07
2026-02-01 16:10:00+00:00,risk_reduce,FIL,16,-0.0005546364811807591,1.038,2.87856333732814e-07
2026-02-01 16:15:00+00:00,risk_reduce,BTC,0,1.3774379997992112e-08,77542.4,5.340492417781518e-07
2026-02-01 16:15:00+00:00,risk_reduce,TRX,7,-0.0032126791765479945,0.28365,4.556382242139194e-07
2026-02-01 16:15:00+00:00,risk_reduce,SUI,9,0.0007886915579424503,1.1054,4.3590982407479226e-07
2026-02-01 16:15:00+00:00,risk_reduce,FIL,16,-0.0009833650376778191,1.041,5.118415021113049e-07
2026-02-01 16:35:00+00:00,risk_reduce,BTC,0,6.2390203759247895e-09,77656.9,2.4225149071557687e-07
2026-02-01 16:35:00+00:00,risk_reduce,TRX,7,-0.0014551631976694734,0.28406,2.0667682896499528e-07
2026-02-01 16:35:00+00:00,risk_reduce,SUI,9,0.0003572329717228817,1.1076,1.9783561974013188e-07
2026-02-01 16:35:00+00:00,risk_reduce,FIL,16,-0.00044540912243878905,1.043,2.3228085735182847e-07
2026-02-01 18:00:00+00:00,risk_reduce,BTC,0,1.5947196244747444e-09,77711.1,6.196370810475966e-08
2026-02-01 18:00:00+00:00,risk_reduce,TRX,7,-0.00037194578127863753,0.28444,5.289812901344783e-08
2026-02-01 18:00:00+00:00,risk_reduce,SUI,9,9.131023721517528e-05,1.1079,5.058130590534635e-08
2026-02-01 18:00:00+00:00,risk_reduce,FIL,16,-0.0001138484290280628,1.04,5.920118309459266e-08
2026-02-01 18:05:00+00:00,risk_reduce,BTC,0,2.337744903012843e-08,77971.7,9.113897212712325e-07
2026-02-01 18:05:00+00:00,risk_reduce,TRX,7,-0.0054524591096553054,0.28521,7.775479313323949e-07
2026-02-01 18:05:00+00:00,risk_reduce,SUI,9,0.0013385427655531468,1.1191,7.489816044652633e-07
2026-02-01 18:05:00+00:00,risk_reduce,FIL,16,-0.001668936536502852,1.052,8.778606182005002e-07
2026-02-01 18:10:00+00:00,risk_reduce,BTC,0,1.1422816449184725e-08,78125.7,4.462077655320355e-07
2026-02-01 18:10:00+00:00,risk_reduce,TRX,7,-0.002664210262035449,0.28592,3.8087549906058783e-07
2026-02-01 18:10:00+00:00,risk_reduce,SUI,9,0.0006540460552643124,1.1243,3.676719899668332e-07
2026-02-01 18:10:00+00:00,risk_reduce,FIL,16,-0.0008154848588159402,1.055,4.3016826302540844e-07
2026-02-01 18:15:00+00:00,risk_reduce,BTC,0,6.755513517743772e-09,78198.3,2.641348363572914e-07
2026-02-01 18:15:00+00:00,risk_reduce,TRX,7,-0.001575627912726918,0.2861,2.2539357291558565e-07
2026-02-01 18:15:00+00:00,risk_reduce,SUI,9,0.00038680626509413063,1.1275,2.1806203194681615e-07
2026-02-01 18:15:00+00:00,risk_reduce,FIL,16,-0.00048228201965372364,1.061,2.558506114263004e-07
2026-02-02 12:55:00+00:00,risk_reduce,BTC,0,1.8679050095328e-09,77975.7,7.282560032591338e-08
2026-02-02 12:55:00+00:00,risk_reduce,TRX,7,-0.0004356624057685332,0.28286,6.161573404784365e-08
2026-02-02 12:55:00+00:00,risk_reduce,SUI,9,0.00010695224846937745,1.1348,6.068470578152476e-08
2026-02-02 12:55:00+00:00,risk_reduce,FIL,16,-0.0001333513726458624,1.056,7.040952475701534e-08
2026-02-02 13:25:00+00:00,risk_reduce,BTC,0,4.598363079326772e-09,77984.4,1.7930029286172534e-07
2026-02-02 13:25:00+00:00,risk_reduce,TRX,7,-0.0010725031045545341,0.28278,1.5164121395296557e-07
2026-02-02 13:25:00+00:00,risk_reduce,SUI,9,0.000263292441587043,1.138,1.4981339926302746e-07
2026-02-02 13:25:00+00:00,risk_reduce,FIL,16,-0.0003282811628122495,1.056,1.7333245396486776e-07
2026-02-02 13:55:00+00:00,risk_reduce,BTC,0,7.474915346885497e-10,77960.8,2.9137519018773547e-08
2026-02-02 13:55:00+00:00,risk_reduce,TRX,7,-0.00017434182072006976,0.28307,2.4675469595615074e-08
2026-02-02 13:55:00+00:00,risk_reduce,SUI,9,4.279976762136539e-05,1.1385,2.4363767718462254e-08
2026-02-02 13:55:00+00:00,risk_reduce,FIL,16,-5.336407455580616e-05,1.062,2.8336323589133074e-08
2026-02-02 14:00:00+00:00,risk_reduce,BTC,0,8.00328231575272e-09,78172.2,3.1281709292174237e-07
2026-02-02 14:00:00+00:00,risk_reduce,TRX,7,-0.0018666523243587863,0.28342,2.645233008848836e-07
2026-02-02 14:00:00+00:00,risk_reduce,SUI,9,0.0004582508395430118,1.1405,2.6131754124940254e-07
2026-02-02 14:00:00+00:00,risk_reduce,FIL,16,-0.000571361325672981,1.063,3.036785445951894e-07
2026-02-02 14:35:00+00:00,risk_reduce,BTC,0,3.6122451816522588e-09,78322.4,1.4145985600772045e-07
2026-02-02 14:35:00+00:00,risk_reduce,TRX,7,-0.0008425050621060359,0.28258,1.1903754022496182e-07
2026-02-02 14:35:00+00:00,risk_reduce,SUI,9,0.00020682943845043433,1.1405,1.1794448727636018e-07
2026-02-02 14:35:00+00:00,risk_reduce,FIL,16,-0.00025788134345611224,1.066,1.3745075606210784e-07
2026-02-02 14:40:00+00:00,risk_reduce,BTC,0,1.30519085115041e-08,78513.9,5.123781198406909e-07
2026-02-02 14:40:00+00:00,risk_reduce,TRX,7,-0.0030441729279453433,0.28309,4.308874570860236e-07
2026-02-02 14:40:00+00:00,risk_reduce,SUI,9,0.0007473243848043487,1.1463,4.283289711506125e-07
2026-02-02 14:40:00+00:00,risk_reduce,FIL,16,-0.0009317871662501975,1.071,4.989720275269808e-07
2026-02-02 15:20:00+00:00,risk_reduce,BTC,0,4.708923973965921e-09,78409.3,1.8461171627594307e-07
2026-02-02 15:20:00+00:00,risk_reduce,TRX,7,-0.0010982898683870035,0.28347,1.5566611449583194e-07
2026-02-02 15:20:00+00:00,risk_reduce,SUI,9,0.0002696229221061941,1.151,1.551679916721147e-07
2026-02-02 15:20:00+00:00,risk_reduce,FIL,16,-0.00033617420179754554,1.079,1.8136598186977583e-07
2026-02-02 15:25:00+00:00,risk_reduce,BTC,0,1.2313464678564025e-08,78698.9,4.845280626959211e-07
2026-02-02 15:25:00+00:00,risk_reduce,TRX,7,-0.002871941355599983,0.2835,4.0709768715629755e-07
2026-02-02 15:25:00+00:00,risk_reduce,SUI,9,0.0007050426692469525,1.155,4.0716214149011506e-07
2026-02-02 15:25:00+00:00,risk_reduce,FIL,16,-0.0008790690150370373,1.08,4.746972681200002e-07
2026-02-02 15:40:00+00:00,risk_reduce,BTC,0,1.4237781935232315e-08,78989.7,5.6231906186471e-07
2026-02-02 15:40:00+00:00,risk_reduce,TRX,7,-0.0033207611195726905,0.28396,4.714816637569306e-07
2026-02-02 15:40:00+00:00,risk_reduce,SUI,9,0.0008152249624142904,1.16,4.728304782002884e-07
2026-02-02 15:40:00+00:00,risk_reduce,FIL,16,-0.0010164477073544287,1.087,5.52439328947132e-07
2026-02-02 16:35:00+00:00,risk_reduce,BTC,0,3.4352422550911537e-10,79108.9,1.3587911801689029e-08
2026-02-02 16:35:00+00:00,risk_reduce,TRX,7,-8.012216347264012e-05,0.2845,1.1397377753983055e-08
2026-02-02 16:35:00+00:00,risk_reduce,SUI,9,1.966946291936944e-05,1.158,1.1388619030314907e-08
2026-02-02 16:35:00+00:00,risk_reduce,FIL,16,-2.4524494968924948e-05,1.09,1.3365849758064097e-08
2026-02-09 00:05:00+00:00,exit_scheduled,BTC,0,3.542614465678044e-06,70389.7,0.0001246817847273689
2026-02-09 00:05:00+00:00,exit_scheduled,TRX,7,-0.8262646831349616,0.27776,0.00011475163919378346
2026-02-09 00:05:00+00:00,exit_scheduled,SUI,9,0.20284253247931072,0.9737,9.875388693755242e-05
2026-02-09 00:05:00+00:00,exit_scheduled,FIL,16,-0.2529103457307883,0.935,0.00011823558662914353
2026-03-30 16:05:00+00:00,entry,SOL,3,0.0033878652638062562,84.18,0.00014259524895360534
2026-03-30 16:05:00+00:00,entry,DOT,13,0.18892559317235108,1.262,0.00011921204929175354
2026-03-30 16:05:00+00:00,entry,XLM,15,-1.4756539237477901,0.17035,0.00012568882295521802
2026-03-30 16:05:00+00:00,entry,NEAR,18,-0.23090496232424235,1.179,0.00013611847529014086
2026-03-30 16:10:00+00:00,risk_reduce,SOL,3,-6.196948441871894e-06,84.21,2.6092251414501606e-07
2026-03-30 16:10:00+00:00,risk_reduce,DOT,13,-0.00034557518350766814,1.262,2.180579407933386e-07
2026-03-30 16:10:00+00:00,risk_reduce,XLM,15,0.0026992074865566096,0.17103,2.3082272821288846e-07
2026-03-30 16:10:00+00:00,risk_reduce,NEAR,18,0.0004223621764957719,1.179,2.4898250304425755e-07
2026-03-30 16:15:00+00:00,risk_reduce,SOL,3,-1.7561427048326528e-07,84.23,7.395995001402718e-09
2026-03-30 16:15:00+00:00,risk_reduce,DOT,13,-9.793196493107503e-06,1.264,6.1893001836439425e-09
2026-03-30 16:15:00+00:00,risk_reduce,XLM,15,7.649238299811678e-05,0.17119,6.547365522723806e-09
2026-03-30 16:15:00+00:00,risk_reduce,NEAR,18,1.1969250059251646e-05,1.178,7.049888284899219e-09
2026-03-30 16:20:00+00:00,risk_reduce,SOL,3,-1.0229889538752174e-06,84.09,4.301157056568352e-08
2026-03-30 16:20:00+00:00,risk_reduce,DOT,13,-5.704736755160478e-05,1.264,3.605393629261422e-08
2026-03-30 16:20:00+00:00,risk_reduce,XLM,15,0.00044558373671588214,0.17132,3.8168702887082465e-08
2026-03-30 16:20:00+00:00,risk_reduce,NEAR,18,6.972332352653265e-05,1.178,4.106703755712773e-08
2026-03-31 01:35:00+00:00,risk_reduce,SOL,3,-2.23361927846992e-05,84.43,9.429223784060768e-07
2026-03-31 01:35:00+00:00,risk_reduce,DOT,13,-0.001245586274089383,1.261,7.85342145813356e-07
2026-03-31 01:35:00+00:00,risk_reduce,XLM,15,0.009728985056299821,0.1704,8.289095267967448e-07
2026-03-31 01:35:00+00:00,risk_reduce,NEAR,18,0.001522356218978893,1.2,9.134137313873357e-07
2026-04-01 05:30:00+00:00,risk_reduce,SOL,3,-8.952332823946793e-06,83.98,3.7590845527752583e-07
2026-04-01 05:30:00+00:00,risk_reduce,DOT,13,-0.0004992302400893822,1.277,3.1875850829707057e-07
2026-04-01 05:30:00+00:00,risk_reduce,XLM,15,0.0038993714418003034,0.1703,3.3203147826929587e-07
2026-04-01 05:30:00+00:00,risk_reduce,NEAR,18,0.0006101594698914026,1.207,3.682312400794615e-07
2026-04-01 05:50:00+00:00,risk_reduce,SOL,3,-4.796369567801329e-07,84.15,2.0180724956524094e-08
2026-04-01 05:50:00+00:00,risk_reduce,DOT,13,-2.6747137064492277e-05,1.281,1.71315412898073e-08
2026-04-01 05:50:00+00:00,risk_reduce,XLM,15,0.00020891567466052585,0.17015,1.7773501021744236e-08
2026-04-01 05:50:00+00:00,risk_reduce,NEAR,18,3.269036541028725e-05,1.208,1.9744980707813496e-08
2026-04-01 05:55:00+00:00,risk_reduce,SOL,3,-9.665611064831395e-07,84.14,4.066322574974568e-08
2026-04-01 05:55:00+00:00,risk_reduce,DOT,13,-5.390064721005894e-05,1.281,3.452336453804275e-08
2026-04-01 05:55:00+00:00,risk_reduce,XLM,15,0.000421005435063071,0.17026,3.584019268691923e-08
2026-04-01 05:55:00+00:00,risk_reduce,NEAR,18,6.587740022040434e-05,1.208,3.9789949733124216e-08
2026-04-01 06:05:00+00:00,risk_reduce,SOL,3,-3.472478554999471e-07,84.02,1.4587882409552777e-08
2026-04-01 06:05:00+00:00,risk_reduce,DOT,13,-1.9364408549271683e-05,1.279,1.238353926725924e-08
2026-04-01 06:05:00+00:00,risk_reduce,XLM,15,0.00015125089712286766,0.17064,1.2904726542523068e-08
2026-04-01 06:05:00+00:00,risk_reduce,NEAR,18,2.3667190619414136e-05,1.206,1.4271315943506723e-08
2026-04-01 06:10:00+00:00,risk_reduce,SOL,3,-2.270691867330187e-05,84.2,9.559612761460087e-07
2026-04-01 06:10:00+00:00,risk_reduce,DOT,13,-0.0012662599440717293,1.291,8.173707938983011e-07
2026-04-01 06:10:00+00:00,risk_reduce,XLM,15,0.009890462290355062,0.1717,8.49096187626982e-07
2026-04-01 06:10:00+00:00,risk_reduce,NEAR,18,0.0015476235896311197,1.215,9.401813307009053e-07
2026-04-01 06:15:00+00:00,risk_reduce,SOL,3,-3.036443213821644e-06,84.28,1.279557170304441e-07
2026-04-01 06:15:00+00:00,risk_reduce,DOT,13,-0.00016932840908226443,1.295,1.0964014488076622e-07
2026-04-01 06:15:00+00:00,risk_reduce,XLM,15,0.00132258487094572,0.17201,1.1374891182568665e-07
2026-04-01 06:15:00+00:00,risk_reduce,NEAR,18,0.0002069532733127155,1.215,1.2572411353747468e-07
2026-04-01 06:20:00+00:00,risk_reduce,SOL,3,-1.3748539007757757e-06,84.34,5.7977588995714466e-08
2026-04-01 06:20:00+00:00,risk_reduce,DOT,13,-7.66692499564181e-05,1.297,4.972000859673714e-08
2026-04-01 06:20:00+00:00,risk_reduce,XLM,15,0.0005988457023171634,0.17199,5.1497736170764473e-08
2026-04-01 06:20:00+00:00,risk_reduce,NEAR,18,9.370519883170059e-05,1.216,5.6972760889673955e-08
2026-04-01 06:35:00+00:00,risk_reduce,SOL,3,-2.177486225176349e-06,84.42,9.19116935646937e-08
2026-04-01 06:35:00+00:00,risk_reduce,DOT,13,-0.00012142834637227096,1.295,7.862485427604543e-08
2026-04-01 06:35:00+00:00,risk_reduce,XLM,15,0.0009484486075690413,0.17193,8.153338454967263e-08
2026-04-01 06:35:00+00:00,risk_reduce,NEAR,18,0.00014840979071908955,1.218,9.038156254792553e-08
2026-04-01 06:40:00+00:00,risk_reduce,SOL,3,-1.6188598670049612e-06,84.41,6.832398068694439e-08
2026-04-01 06:40:00+00:00,risk_reduce,DOT,13,-9.027633533842394e-05,1.298,5.858934163463714e-08
2026-04-01 06:40:00+00:00,risk_reduce,XLM,15,0.0007051274855185419,0.17194,6.061980993002905e-08
2026-04-01 06:40:00+00:00,risk_reduce,NEAR,18,0.00011033578595714966,1.219,6.724966154088272e-08
2026-04-01 06:45:00+00:00,risk_reduce,SOL,3,-6.861613013340109e-06,84.65,2.9041777078962014e-07
2026-04-01 06:45:00+00:00,risk_reduce,DOT,13,-0.00038264045578009775,1.299,2.4852497602917346e-07
2026-04-01 06:45:00+00:00,risk_reduce,XLM,15,0.0029887157185815028,0.17191,2.568950595906731e-07
2026-04-01 06:45:00+00:00,risk_reduce,NEAR,18,0.00046766337234696587,1.224,2.862099838763431e-07
2026-04-01 07:10:00+00:00,risk_reduce,SOL,3,-3.967471839970427e-06,84.57,1.6776454675314947e-07
2026-04-01 07:10:00+00:00,risk_reduce,DOT,13,-0.00022124757403099715,1.296,1.4336842797208617e-07
2026-04-01 07:10:00+00:00,risk_reduce,XLM,15,0.0017281134083335647,0.17224,1.488251267256866e-07
2026-04-01 07:10:00+00:00,risk_reduce,NEAR,18,0.00027040890483986946,1.225,1.6562545421442007e-07
2026-04-01 12:45:00+00:00,risk_reduce,SOL,3,-1.886095288463306e-05,83.52,7.876333924622766e-07
2026-04-01 12:45:00+00:00,risk_reduce,DOT,13,-0.001051788201140491,1.29,6.784033897356168e-07
2026-04-01 12:45:00+00:00,risk_reduce,XLM,15,0.00821527332481975,0.17446,7.166182921240268e-07
2026-04-01 12:45:00+00:00,risk_reduce,NEAR,18,0.0012854961092321204,1.226,7.880091149592898e-07
2026-04-07 00:05:00+00:00,exit_scheduled,SOL,3,-0.0032867831409945925,79.9,0.000131306986482734
2026-04-07 00:05:00+00:00,exit_scheduled,DOT,13,-0.18328871020202342,1.243,0.00011391393339055757
2026-04-07 00:05:00+00:00,exit_scheduled,XLM,15,1.4316255402281326,0.15583,0.00011154510396687495
2026-04-07 00:05:00+00:00,exit_scheduled,NEAR,18,0.22401556090416966,1.248,0.00013978571000420188
2026-04-08 16:05:00+00:00,entry,SOL,3,0.003420433269522401,83.35,0.00014254655650734605
2026-04-08 16:05:00+00:00,entry,LINK,8,-0.026493980216062744,9.034,0.00011967330863595542
2026-04-08 16:05:00+00:00,entry,DOT,13,0.18062308429243107,1.29,0.00011650188936861803
2026-04-08 16:05:00+00:00,entry,NEAR,18,-0.20709530050521338,1.346,0.0001393751372400086
2026-04-08 16:20:00+00:00,risk_reduce,SOL,3,-2.9779500665561703e-06,83.27,1.2398695102106615e-07
2026-04-08 16:20:00+00:00,risk_reduce,LINK,8,2.306659534941774e-05,9.045,1.0431867746774172e-07
2026-04-08 16:20:00+00:00,risk_reduce,DOT,13,-0.00015725683955977732,1.289,1.0135203309627649e-07
2026-04-08 16:20:00+00:00,risk_reduce,NEAR,18,0.0001803044863989134,1.347,1.2143507158966815e-07
2026-04-08 16:45:00+00:00,risk_reduce,SOL,3,-1.8915567787107686e-06,83.26,7.87455086977293e-08
2026-04-08 16:45:00+00:00,risk_reduce,LINK,8,1.4651613969279137e-05,9.049,6.629122740400345e-08
2026-04-08 16:45:00+00:00,risk_reduce,DOT,13,-9.988758515749874e-05,1.288,6.432760484142919e-08
2026-04-08 16:45:00+00:00,risk_reduce,NEAR,18,0.00011452716326915136,1.348,7.719130804340801e-08
2026-04-08 16:50:00+00:00,risk_reduce,SOL,3,-7.2296064923000475e-06,83.4,3.01474590728912e-07
2026-04-08 16:50:00+00:00,risk_reduce,LINK,8,5.5999061020613194e-05,9.059,2.5364774689286746e-07
2026-04-08 16:50:00+00:00,risk_reduce,DOT,13,-0.00038177438937206376,1.292,2.4662625553435317e-07
2026-04-08 16:50:00+00:00,risk_reduce,NEAR,18,0.0004377274488580607,1.352,2.95903755428049e-07
2026-04-08 16:55:00+00:00,risk_reduce,SOL,3,-1.1263552443393186e-06,83.4,4.696901368894959e-08
2026-04-08 16:55:00+00:00,risk_reduce,LINK,8,8.724518564852402e-06,9.058,3.9513344580216525e-08
2026-04-08 16:55:00+00:00,risk_reduce,DOT,13,-5.947952853060934e-05,1.292,3.842377543077364e-08
2026-04-08 16:55:00+00:00,risk_reduce,NEAR,18,6.819688016737602e-05,1.353,4.613518943322988e-08
2026-04-08 17:00:00+00:00,risk_reduce,SOL,3,-6.687101198072504e-07,83.46,2.790527329955656e-08
2026-04-08 17:00:00+00:00,risk_reduce,LINK,8,5.179692538461594e-06,9.062,2.3469186891769485e-08
2026-04-08 17:00:00+00:00,risk_reduce,DOT,13,-3.5312627032768606e-05,1.291,2.2794300749652135e-08
2026-04-08 17:00:00+00:00,risk_reduce,NEAR,18,4.048806461051657e-05,1.353,2.739017570901446e-08
2026-04-08 17:05:00+00:00,risk_reduce,SOL,3,-6.954182331958981e-06,83.48,2.902675705359679e-07
2026-04-08 17:05:00+00:00,risk_reduce,LINK,8,5.3865681509859126e-05,9.071,2.4430779848796605e-07
2026-04-08 17:05:00+00:00,risk_reduce,DOT,13,-0.0003672300444282073,1.296,2.3796506878947834e-07
2026-04-08 17:05:00+00:00,risk_reduce,NEAR,18,0.00042105147691018363,1.357,2.8568342708355963e-07
2026-04-08 17:10:00+00:00,risk_reduce,SOL,3,-6.821609009885227e-06,83.44,2.845975278924117e-07
2026-04-08 17:10:00+00:00,risk_reduce,LINK,8,5.2838795529214916e-05,9.073,2.397031959182835e-07
2026-04-08 17:10:00+00:00,risk_reduce,DOT,13,-0.00036022923475265145,1.298,2.337887733544708e-07
2026-04-08 17:10:00+00:00,risk_reduce,NEAR,18,0.00041302462480974356,1.362,2.812697694954354e-07
2026-04-08 17:15:00+00:00,risk_reduce,SOL,3,-6.667543319399585e-06,83.71,2.790700256334696e-07
2026-04-08 17:15:00+00:00,risk_reduce,LINK,8,5.1645434035491045e-05,9.081,2.3449609323814708e-07
2026-04-08 17:15:00+00:00,risk_reduce,DOT,13,-0.00035209347591555473,1.297,2.2833261913123723e-07
2026-04-08 17:15:00+00:00,risk_reduce,NEAR,18,0.00040369648478932874,1.366,2.7572469911111154e-07
2026-04-09 15:55:00+00:00,risk_reduce,SOL,3,-5.871844808974687e-06,83.78,2.4597157904794967e-07
2026-04-09 15:55:00+00:00,risk_reduce,LINK,8,4.548211525918708e-05,8.941,2.0332779626619586e-07
2026-04-09 15:55:00+00:00,risk_reduce,DOT,13,-0.0003100749631147204,1.284,1.990681263196505e-07
2026-04-09 15:55:00+00:00,risk_reduce,NEAR,18,0.0003555197161921042,1.389,2.4690844289541636e-07
2026-04-09 22:10:00+00:00,risk_reduce,SOL,3,-3.488417455359185e-06,84.52,1.4742052166347915e-07
2026-04-09 22:10:00+00:00,risk_reduce,LINK,8,2.702057188812279e-05,9.056,1.2234914950941998e-07
2026-04-09 22:10:00+00:00,risk_reduce,DOT,13,-0.00018421313045366428,1.32,1.2158066609941844e-07
2026-04-09 22:10:00+00:00,risk_reduce,NEAR,18,0.00021121150575936776,1.375,1.4520791020956532e-07
2026-04-09 22:20:00+00:00,risk_reduce,SOL,3,-2.424476438053118e-05,85.39,1.035130215226779e-06
2026-04-09 22:20:00+00:00,risk_reduce,LINK,8,0.0001877950122764968,9.139,8.58129308597452e-07
2026-04-09 22:20:00+00:00,risk_reduce,DOT,13,-0.001280295148388122,1.342,8.590780445684299e-07
2026-04-09 22:20:00+00:00,risk_reduce,NEAR,18,0.0014679358927429942,1.382,1.014343701885409e-06
2026-04-10 15:10:00+00:00,risk_reduce,SOL,3,-8.319069601678709e-06,85.17,3.542675789874878e-07
2026-04-10 15:10:00+00:00,risk_reduce,LINK,8,6.443782061379272e-05,9.139,2.9444862129472577e-07
2026-04-10 15:10:00+00:00,risk_reduce,DOT,13,-0.00043930575207756783,1.316,2.8906318486703963e-07
2026-04-10 15:10:00+00:00,risk_reduce,NEAR,18,0.0005036906389710161,1.39,3.5006499408485614e-07
2026-04-11 17:35:00+00:00,risk_reduce,SOL,3,-1.8571896894015e-05,84.91,7.884698826354067e-07
2026-04-11 17:35:00+00:00,risk_reduce,LINK,8,0.0001438541348749954,9.102,6.546801678161042e-07
2026-04-11 17:35:00+00:00,risk_reduce,DOT,13,-0.0009807275961347395,1.292,6.335500271030417e-07
2026-04-11 17:35:00+00:00,risk_reduce,NEAR,18,0.001124463559189659,1.411,7.933090410083045e-07
2026-04-11 17:40:00+00:00,risk_reduce,SOL,3,-4.6014123613099395e-06,84.88,1.952839406139938e-07
2026-04-11 17:40:00+00:00,risk_reduce,LINK,8,3.564160398998595e-05,9.1,1.6216929815443605e-07
2026-04-11 17:40:00+00:00,risk_reduce,DOT,13,-0.00024298713856130139,1.292,1.569696915106007e-07
2026-04-11 17:40:00+00:00,risk_reduce,NEAR,18,0.0002785994640517875,1.415,1.9710912081663966e-07
2026-04-11 18:35:00+00:00,risk_reduce,SOL,3,-1.0015762584798197e-05,85.13,4.2632093442193524e-07
2026-04-11 18:35:00+00:00,risk_reduce,LINK,8,7.758005926760195e-05,9.138,3.544632907936733e-07
2026-04-11 18:35:00+00:00,risk_reduce,DOT,13,-0.0005289031497052454,1.293,3.4193588628444114e-07
2026-04-11 18:35:00+00:00,risk_reduce,NEAR,18,0.0006064194793010125,1.418,4.2995141082441784e-07
2026-04-11 18:40:00+00:00,risk_reduce,SOL,3,-9.46009026896134e-06,85.5,4.044188589980973e-07
2026-04-11 18:40:00+00:00,risk_reduce,LINK,8,7.327593456106854e-05,9.209,3.3739904068644006e-07
2026-04-11 18:40:00+00:00,risk_reduce,DOT,13,-0.0004995597187321121,1.3,3.2471381717587287e-07
2026-04-11 18:40:00+00:00,risk_reduce,NEAR,18,0.0005727754593295997,1.416,4.055250252053566e-07
2026-04-11 19:35:00+00:00,risk_reduce,SOL,3,-1.315902353538241e-06,86.08,5.66364372962859e-08
2026-04-11 19:35:00+00:00,risk_reduce,LINK,8,1.0192711909207813e-05,9.265,4.72177379194052e-08
2026-04-11 19:35:00+00:00,risk_reduce,DOT,13,-6.948895739075645e-05,1.309,4.5480522612250094e-08
2026-04-11 19:35:00+00:00,risk_reduce,NEAR,18,7.967329629546271e-05,1.409,5.6129837240153486e-08
2026-04-11 19:45:00+00:00,risk_reduce,SOL,3,-1.4670385654080333e-06,86.05,6.311933427668063e-08
2026-04-11 19:45:00+00:00,risk_reduce,LINK,8,1.1363382257576632e-05,9.259,5.2606778161451016e-08
2026-04-11 19:45:00+00:00,risk_reduce,DOT,13,-7.747001902391748e-05,1.309,5.070412745115399e-08
2026-04-11 19:45:00+00:00,risk_reduce,NEAR,18,8.882406660673525e-05,1.411,6.266537899105173e-08
2026-04-11 22:20:00+00:00,risk_reduce,SOL,3,-1.7586929711979268e-06,85.86,7.5500689253527e-08
2026-04-11 22:20:00+00:00,risk_reduce,LINK,8,1.3622477947526634e-05,9.197,6.264296484170122e-08
2026-04-11 22:20:00+00:00,risk_reduce,DOT,13,-9.28714357949223e-05,1.299,6.031999754880203e-08
2026-04-11 22:20:00+00:00,risk_reduce,NEAR,18,0.00010648272328889208,1.421,7.565597489675783e-08
2026-04-11 22:25:00+00:00,risk_reduce,SOL,3,-1.5056881453338541e-06,85.76,6.456390767191566e-08
2026-04-11 22:25:00+00:00,risk_reduce,LINK,8,1.1662754040398654e-05,9.191,5.3596186192652024e-08
2026-04-11 22:25:00+00:00,risk_reduce,DOT,13,-7.951099038128184e-05,1.301,5.172189924302384e-08
2026-04-11 22:25:00+00:00,risk_reduce,NEAR,18,9.116416382204395e-05,1.423,6.486330255938428e-08
2026-04-13 23:30:00+00:00,risk_reduce,SOL,3,-8.078458825834436e-06,86.58,3.4971648257037275e-07
2026-04-13 23:30:00+00:00,risk_reduce,LINK,8,6.257409849653658e-05,9.419,2.946927168694391e-07
2026-04-13 23:30:00+00:00,risk_reduce,DOT,13,-0.0004265998002221938,1.236,2.636386765373158e-07
2026-04-13 23:30:00+00:00,risk_reduce,NEAR,18,0.00048912249598973,1.406,3.438531146807802e-07
2026-04-13 23:35:00+00:00,risk_reduce,SOL,3,-2.7263914780324867e-06,86.5,1.1791643142490505e-07
2026-04-13 23:35:00+00:00,risk_reduce,LINK,8,2.111807370249255e-05,9.383,9.907544277524379e-08
2026-04-13 23:35:00+00:00,risk_reduce,DOT,13,-0.00014397276571326278,1.234,8.883119644508313e-08
2026-04-13 23:35:00+00:00,risk_reduce,NEAR,18,0.00016507349155706064,1.413,1.1662442178506335e-07
2026-04-13 23:40:00+00:00,risk_reduce,SOL,3,-6.442184529273538e-06,86.5,2.7862448089108055e-07
2026-04-13 23:40:00+00:00,risk_reduce,LINK,8,4.9899850696585174e-05,9.387,2.3420494924442253e-07
2026-04-13 23:40:00+00:00,risk_reduce,DOT,13,-0.00034019293685003116,1.229,2.0904855969434416e-07
2026-04-13 23:40:00+00:00,risk_reduce,NEAR,18,0.00039005179632878306,1.418,2.765467235971072e-07
2026-04-16 00:05:00+00:00,exit_scheduled,SOL,3,-0.003278228140935197,84.59,0.00013865265922085416
2026-04-16 00:05:00+00:00,exit_scheduled,LINK,8,0.02539248822176398,9.236,0.00011726251060810607
2026-04-16 00:05:00+00:00,exit_scheduled,DOT,13,-0.1731136470651381,1.176,0.0001017908244743012
2026-04-16 00:05:00+00:00,exit_scheduled,NEAR,18,0.19848527612597386,1.409,0.0001398328770307486
2026-05-06 08:05:00+00:00,entry,BTC,0,3.1968308544747102e-06,81473.2,0.00013022801978639447
2026-05-06 08:05:00+00:00,entry,ADA,6,-0.9912181598370654,0.2652,0.00013143552799439487
2026-05-06 08:05:00+00:00,entry,BCH,12,-0.0005113419580992374,471.82,0.00012063068133519111
2026-05-06 08:05:00+00:00,entry,DOT,13,0.18572894747437727,1.312,0.0001218381895431915
2026-05-06 08:25:00+00:00,risk_reduce,BTC,0,-3.942698600027725e-09,81524.9,1.607140545487001e-07
2026-05-06 08:25:00+00:00,risk_reduce,ADA,6,0.001222483962716292,0.2665,1.6289598803194591e-07
2026-05-06 08:25:00+00:00,risk_reduce,BCH,12,6.306455718516719e-07,470.45,1.4834360463880953e-07
2026-05-06 08:25:00+00:00,risk_reduce,DOT,13,-0.00022906224774665862,1.318,1.5095202126504803e-07
2026-05-06 08:30:00+00:00,risk_reduce,BTC,0,-1.6475626123184916e-09,81531.0,6.716371367246946e-08
2026-05-06 08:30:00+00:00,risk_reduce,ADA,6,0.0005108477911843767,0.2669,6.817263773355507e-08
2026-05-06 08:30:00+00:00,risk_reduce,BCH,12,2.6353220755951073e-07,470.19,6.195510433620317e-08
2026-05-06 08:30:00+00:00,risk_reduce,DOT,13,-9.571981872474877e-05,1.319,6.312722044897182e-08
2026-05-06 08:35:00+00:00,risk_reduce,BTC,0,-1.5400564583108307e-09,81683.6,6.289867785903929e-08
2026-05-06 08:35:00+00:00,risk_reduce,ADA,6,0.000477514137638968,0.267,6.374813737480224e-08
2026-05-06 08:35:00+00:00,risk_reduce,BCH,12,2.4633630017485263e-07,470.41,5.793952948262622e-08
2026-05-06 08:35:00+00:00,risk_reduce,DOT,13,-8.947394406333409e-05,1.321,5.909754005383216e-08
2026-05-06 08:40:00+00:00,risk_reduce,BTC,0,-4.054567048411463e-09,81626.0,1.6547904494681705e-07
2026-05-06 08:40:00+00:00,risk_reduce,ADA,6,0.001257170201243718,0.2673,1.680207973962229e-07
2026-05-06 08:40:00+00:00,risk_reduce,BCH,12,6.485392403158229e-07,471.19,1.5279260232220627e-07
2026-05-06 08:40:00+00:00,risk_reduce,DOT,13,-0.00023556156226145486,1.32,1.554706310925602e-07
2026-05-06 08:45:00+00:00,risk_reduce,BTC,0,-1.0990113905202519e-08,81666.6,4.4876261812530605e-07
2026-05-06 08:45:00+00:00,risk_reduce,ADA,6,0.0034076249189932684,0.2689,4.5815517035864494e-07
2026-05-06 08:45:00+00:00,risk_reduce,BCH,12,1.757899188239401e-06,471.6,4.1451262858685076e-07
2026-05-06 08:45:00+00:00,risk_reduce,DOT,13,-0.0006385018104350659,1.324,4.226881985080137e-07
2026-05-06 08:50:00+00:00,risk_reduce,BTC,0,-2.8559811240554857e-09,81601.6,1.1652631464636307e-07
2026-05-06 08:50:00+00:00,risk_reduce,ADA,6,0.0008855333557461487,0.2697,1.1941417302236813e-07
2026-05-06 08:50:00+00:00,risk_reduce,BCH,12,4.5682209874348817e-07,471.01,1.0758388836458519e-07
2026-05-06 08:50:00+00:00,risk_reduce,DOT,13,-0.00016592631650658163,1.324,1.0984322152735704e-07
2026-05-06 08:55:00+00:00,risk_reduce,BTC,0,-1.714814264942498e-08,81877.8,7.020260971105444e-07
2026-05-06 08:55:00+00:00,risk_reduce,ADA,6,0.005317000234089542,0.2719,7.228461818244731e-07
2026-05-06 08:55:00+00:00,risk_reduce,BCH,12,2.7428929584586087e-06,472.23,6.476381708864545e-07
2026-05-06 08:55:00+00:00,risk_reduce,DOT,13,-0.0009962699405757502,1.329,6.62021375512586e-07
2026-05-06 09:00:00+00:00,risk_reduce,BTC,0,-1.0265636796880124e-09,81903.7,4.203968182603153e-08
2026-05-06 09:00:00+00:00,risk_reduce,ADA,6,0.00031829915558767574,0.272,4.3288685159923904e-08
2026-05-06 09:00:00+00:00,risk_reduce,BCH,12,1.642017066215461e-07,472.35,3.878033806134366e-08
2026-05-06 09:00:00+00:00,risk_reduce,DOT,13,-5.964112598480509e-05,1.33,3.966134877989539e-08
2026-05-06 09:45:00+00:00,risk_reduce,BTC,0,-2.1004891417466485e-09,81984.5,8.610377602076404e-08
2026-05-06 09:45:00+00:00,risk_reduce,ADA,6,0.0006512834355704156,0.2728,8.883506061180468e-08
2026-05-06 09:45:00+00:00,risk_reduce,BCH,12,3.359790616395573e-07,471.51,7.920874367683384e-08
2026-05-06 09:45:00+00:00,risk_reduce,DOT,13,-0.00012203386892739587,1.328,8.103048896779086e-08
2026-05-06 09:55:00+00:00,risk_reduce,BTC,0,-2.1914461378633467e-09,81915.1,8.975626476384492e-08
2026-05-06 09:55:00+00:00,risk_reduce,ADA,6,0.0006794858117420421,0.2729,9.271583901220165e-08
2026-05-06 09:55:00+00:00,risk_reduce,BCH,12,3.5052788533850455e-07,472.05,8.273334413702054e-08
2026-05-06 09:55:00+00:00,risk_reduce,DOT,13,-0.00012731827336515122,1.329,8.460299265114298e-08
2026-05-10 15:55:00+00:00,risk_reduce,BTC,0,-6.32308835674587e-10,81315.3,2.5708191332764873e-08
2026-05-10 15:55:00+00:00,risk_reduce,ADA,6,0.00019605541521505732,0.2809,2.75359830669548e-08
2026-05-10 15:55:00+00:00,risk_reduce,BCH,12,1.0113955128553034e-07,456.1,2.3064874670665197e-08
2026-05-10 15:55:00+00:00,risk_reduce,DOT,13,-3.6735773606605404e-05,1.372,2.520074069413131e-08
2026-05-10 16:00:00+00:00,risk_reduce,BTC,0,-3.860284091831084e-09,81381.5,1.570778549096757e-07
2026-05-10 16:00:00+00:00,risk_reduce,ADA,6,0.0011969302938243942,0.2815,1.684679388557835e-07
2026-05-10 16:00:00+00:00,risk_reduce,BCH,12,6.174631427788594e-07,456.21,1.4084643018357175e-07
2026-05-10 16:00:00+00:00,risk_reduce,DOT,13,-0.00022427414335179918,1.373,1.5396419941101013e-07
2026-05-10 16:15:00+00:00,risk_reduce,BTC,0,-1.4881451113488235e-09,81439.6,6.059697130510183e-08
2026-05-10 16:15:00+00:00,risk_reduce,ADA,6,0.00046141836274415926,0.2814,6.49215636381032e-08
2026-05-10 16:15:00+00:00,risk_reduce,BCH,12,2.3803293630868944e-07,456.79,5.436553248822312e-08
2026-05-10 16:15:00+00:00,risk_reduce,DOT,13,-8.645800725837205e-05,1.378,5.956956700101834e-08
2026-05-10 16:20:00+00:00,risk_reduce,BTC,0,-7.055487217924106e-10,81318.9,2.8687222976282428e-08
2026-05-10 16:20:00+00:00,risk_reduce,ADA,6,0.00021876437557266648,0.2818,3.0823900518188704e-08
2026-05-10 16:20:00+00:00,risk_reduce,BCH,12,1.1285447412104528e-07,456.33,2.5749441087828293e-08
2026-05-10 16:20:00+00:00,risk_reduce,DOT,13,-4.099085233333355e-05,1.376,2.820170640533348e-08
2026-05-10 16:25:00+00:00,risk_reduce,BTC,0,-4.829271688735539e-09,81244.0,1.9617467453981505e-07
2026-05-10 16:25:00+00:00,risk_reduce,ADA,6,0.0014973772509613292,0.2829,2.1180401214848e-07
2026-05-10 16:25:00+00:00,risk_reduce,BCH,12,7.72455395334627e-07,455.83,1.7605417142769153e-07
2026-05-10 16:25:00+00:00,risk_reduce,DOT,13,-0.000280570223651716,1.377,1.9317259898420647e-07
2026-05-10 16:30:00+00:00,risk_reduce,BTC,0,-7.680351119501449e-09,81229.5,3.119355406307715e-07
2026-05-10 16:30:00+00:00,risk_reduce,ADA,6,0.0023813907742159524,0.2839,3.380384203999544e-07
2026-05-10 16:30:00+00:00,risk_reduce,BCH,12,1.2284934546469718e-06,456.36,2.80317636481346e-07
2026-05-10 16:30:00+00:00,risk_reduce,DOT,13,-0.00044621176239650895,1.384,3.0877853957838415e-07
2026-05-10 16:50:00+00:00,risk_reduce,BTC,0,-8.651072210627857e-09,81289.6,3.516210997865272e-07
2026-05-10 16:50:00+00:00,risk_reduce,ADA,6,0.0026823752233350318,0.2847,3.818361130417418e-07
2026-05-10 16:50:00+00:00,risk_reduce,BCH,12,1.3837629844094682e-06,457.69,3.166672401671848e-07
2026-05-10 16:50:00+00:00,risk_reduce,DOT,13,-0.0005026085549555137,1.386,3.48307728584171e-07
2026-05-10 16:55:00+00:00,risk_reduce,BTC,0,-2.944867720755818e-09,81309.6,1.1972300821378365e-07
2026-05-10 16:55:00+00:00,risk_reduce,ADA,6,0.0009130937781850479,0.2852,1.3020717276918785e-07
2026-05-10 16:55:00+00:00,risk_reduce,BCH,12,4.7103975631579593e-07,457.68,1.0779273783530675e-07
2026-05-10 16:55:00+00:00,risk_reduce,DOT,13,-0.00017109043522325895,1.388,1.187367620449417e-07
2026-05-10 17:15:00+00:00,risk_reduce,BTC,0,-1.8834804031357345e-09,81309.0,7.657195404928172e-08
2026-05-10 17:15:00+00:00,risk_reduce,ADA,6,0.0005839971097226782,0.2851,8.324878799096778e-08
2026-05-10 17:15:00+00:00,risk_reduce,BCH,12,3.0126791226157187e-07,458.46,6.905964352772012e-08
2026-05-10 17:15:00+00:00,risk_reduce,DOT,13,-0.00010942613131170731,1.391,7.610587432729243e-08
2026-05-10 17:20:00+00:00,risk_reduce,BTC,0,-2.7952875997710615e-09,81317.6,1.1365303946157164e-07
2026-05-10 17:20:00+00:00,risk_reduce,ADA,6,0.0008667145548167943,0.2856,1.2376683842783824e-07
2026-05-10 17:20:00+00:00,risk_reduce,BCH,12,4.471140012668592e-07,458.33,1.0246288010031979e-07
2026-05-10 17:20:00+00:00,risk_reduce,DOT,13,-0.0001624001542236686,1.397,1.1343650772523252e-07
2026-05-10 17:25:00+00:00,risk_reduce,BTC,0,-1.0014496708354144e-09,81358.7,4.0738321667298614e-08
2026-05-10 17:25:00+00:00,risk_reduce,ADA,6,0.0003105122369878588,0.2859,4.438772427741441e-08
2026-05-10 17:25:00+00:00,risk_reduce,BCH,12,1.601846512792101e-07,458.04,3.66854888359647e-08
2026-05-10 17:25:00+00:00,risk_reduce,DOT,13,-5.818205647398211e-05,1.399,4.069834850355049e-08
2026-05-10 17:30:00+00:00,risk_reduce,BTC,0,-7.441152773410024e-09,81351.9,3.026759581535874e-07
2026-05-10 17:30:00+00:00,risk_reduce,ADA,6,0.002307224277694253,0.287,3.310866838491253e-07
2026-05-10 17:30:00+00:00,risk_reduce,BCH,12,1.1902330160337487e-06,458.39,2.7279545610985503e-07
2026-05-10 17:30:00+00:00,risk_reduce,DOT,13,-0.00043231485665468083,1.403,3.032688719432586e-07
2026-05-10 17:35:00+00:00,risk_reduce,BTC,0,-2.603675280199002e-09,81290.2,1.0582664213121646e-07
2026-05-10 17:35:00+00:00,risk_reduce,ADA,6,0.000807302712447111,0.2876,1.1609013004989458e-07
2026-05-10 17:35:00+00:00,risk_reduce,BCH,12,4.164650795233319e-07,458.22,9.541631436959058e-08
2026-05-10 17:35:00+00:00,risk_reduce,DOT,13,-0.0001512678935388645,1.399,1.0581189153043572e-07
2026-05-10 18:00:00+00:00,risk_reduce,BTC,0,-1.7754836201592283e-09,81441.4,7.229893585141787e-08
2026-05-10 18:00:00+00:00,risk_reduce,ADA,6,0.0005505113304107301,0.2867,7.891579921437816e-08
2026-05-10 18:00:00+00:00,risk_reduce,BCH,12,2.8399352741312854e-07,460.47,6.538524978396165e-08
2026-05-10 18:00:00+00:00,risk_reduce,DOT,13,-0.00010315175216998873,1.402,7.23093782711621e-08
2026-05-10 18:25:00+00:00,risk_reduce,BTC,0,-5.345214756896447e-09,81358.7,2.1743986192095546e-07
2026-05-10 18:25:00+00:00,risk_reduce,ADA,6,0.0016573519765202827,0.2876,2.3832721422361667e-07
2026-05-10 18:25:00+00:00,risk_reduce,BCH,12,8.549819194927661e-07,460.58,1.9689378623998908e-07
2026-05-10 18:25:00+00:00,risk_reduce,DOT,13,-0.0003105453982444051,1.403,2.1784759686845017e-07
2026-05-10 18:50:00+00:00,risk_reduce,BTC,0,-6.564814317054299e-10,81252.7,2.667044441296589e-08
2026-05-10 18:50:00+00:00,risk_reduce,ADA,6,0.00020355043676822948,0.2873,2.9240020241756166e-08
2026-05-10 18:50:00+00:00,risk_reduce,BCH,12,1.0500602503705006e-07,461.29,2.4219114644670413e-08
2026-05-10 18:50:00+00:00,risk_reduce,DOT,13,-3.8140149071830276e-05,1.41,2.6888805095640344e-08
2026-05-10 18:55:00+00:00,risk_reduce,BTC,0,-1.8281702007104286e-09,81248.9,7.426840891025077e-08
2026-05-10 18:55:00+00:00,risk_reduce,ADA,6,0.0005668474763627085,0.2874,8.145598235332121e-08
2026-05-10 18:55:00+00:00,risk_reduce,BCH,12,2.924208920410988e-07,461.75,6.751267344998868e-08
2026-05-10 18:55:00+00:00,risk_reduce,DOT,13,-0.0001062127283671388,1.409,7.482686713464929e-08
2026-05-10 19:25:00+00:00,risk_reduce,BTC,0,-1.5231953776211307e-09,81435.8,6.202131706643943e-08
2026-05-10 19:25:00+00:00,risk_reduce,ADA,6,0.0004722861446249116,0.2875,6.789113328983104e-08
2026-05-10 19:25:00+00:00,risk_reduce,BCH,12,2.436393235726291e-07,461.89,5.626728358248083e-08
2026-05-10 19:25:00+00:00,risk_reduce,DOT,13,-8.849435180074972e-05,1.416,6.26540010749308e-08
2026-05-10 19:30:00+00:00,risk_reduce,BTC,0,-1.7928207816491278e-09,81450.0,7.301262633266073e-08
2026-05-10 19:30:00+00:00,risk_reduce,ADA,6,0.0005558869383459619,0.2877,7.996433608106663e-08
2026-05-10 19:30:00+00:00,risk_reduce,BCH,12,2.8676665445915867e-07,462.14,6.626317084587779e-08
2026-05-10 19:30:00+00:00,risk_reduce,DOT,13,-0.00010415900369573072,1.415,7.369249511472949e-08
2026-05-10 19:35:00+00:00,risk_reduce,BTC,0,-2.845763522990208e-09,81407.1,1.1583267784620809e-07
2026-05-10 19:35:00+00:00,risk_reduce,ADA,6,0.0008823652582811148,0.2881,1.2710471545539458e-07
2026-05-10 19:35:00+00:00,risk_reduce,BCH,12,4.551877651257216e-07,462.35,1.052280316029387e-07
2026-05-10 19:35:00+00:00,risk_reduce,DOT,13,-0.00016533269601864964,1.416,1.1705554878120394e-07
2026-05-10 19:40:00+00:00,risk_reduce,BTC,0,-1.762458254790164e-09,81375.7,7.171063710216397e-08
2026-05-10 19:40:00+00:00,risk_reduce,ADA,6,0.0005464726498298766,0.2885,7.88286797379597e-08
2026-05-10 19:40:00+00:00,risk_reduce,BCH,12,2.819100841106991e-07,462.18,6.514660133714146e-08
2026-05-10 19:40:00+00:00,risk_reduce,DOT,13,-0.00010239500665840118,1.417,7.254686221747723e-08
2026-05-13 16:05:00+00:00,exit_scheduled,BTC,0,-3.0852867499435185e-06,78877.2,0.00012167939001632245
2026-05-13 16:05:00+00:00,exit_scheduled,ADA,6,0.9566324882556864,0.2629,0.00012574934058121
2026-05-13 16:05:00+00:00,exit_scheduled,BCH,12,0.0004935001693334763,431.82,0.00010655162156079088
2026-05-13 16:05:00+00:00,exit_scheduled,DOT,13,-0.17924847663477933,1.324,0.00011866249153222392
2026-05-29 08:05:00+00:00,entry,BTC,0,-3.369019861330374e-06,73626.3,0.00012402423350813427
2026-05-29 08:05:00+00:00,entry,BCH,12,0.0008719023515605538,305.4,0.00013313948908329657
2026-05-29 08:05:00+00:00,entry,FIL,16,0.25550694260027085,0.957,0.0001222600720342296
2026-05-29 08:05:00+00:00,entry,NEAR,18,-0.10535310955043455,2.494,0.00013137532760939188
2026-05-29 08:10:00+00:00,risk_reduce,BTC,0,4.630350761091828e-09,73672.6,1.7056498974080692e-07
2026-05-29 08:10:00+00:00,risk_reduce,BCH,12,-1.19833479270495e-06,306.06,1.833811733276385e-07
2026-05-29 08:10:00+00:00,risk_reduce,FIL,16,-0.0003511664563670136,0.959,1.68384315827983e-07
2026-05-29 08:10:00+00:00,risk_reduce,NEAR,18,0.00014479637136885493,2.499,1.8092306602538424e-07
2026-05-29 08:15:00+00:00,risk_reduce,BTC,0,6.415719500865414e-10,73681.5,2.363599182015075e-08
2026-05-29 08:15:00+00:00,risk_reduce,BCH,12,-1.6603882286257959e-07,305.64,2.5374052909859412e-08
2026-05-29 08:15:00+00:00,risk_reduce,FIL,16,-4.865690740096795e-05,0.958,2.3306658645063647e-08
2026-05-29 08:15:00+00:00,risk_reduce,NEAR,18,2.0062689661690114e-05,2.5,2.5078362077112643e-08
2026-05-29 08:20:00+00:00,risk_reduce,BTC,0,5.027118879200996e-10,73672.7,1.851807105258556e-08
2026-05-29 08:20:00+00:00,risk_reduce,BCH,12,-1.3010183830199258e-07,305.45,1.9869803254671816e-08
2026-05-29 08:20:00+00:00,risk_reduce,FIL,16,-3.8125740653982554e-05,0.959,1.8281292643584634e-08
2026-05-29 08:20:00+00:00,risk_reduce,NEAR,18,1.572037648345237e-05,2.501,1.965833079255719e-08
2026-05-29 08:25:00+00:00,risk_reduce,BTC,0,5.0056824725910445e-09,73740.3,1.845602636168027e-07
2026-05-29 08:25:00+00:00,risk_reduce,BCH,12,-1.295470640916437e-06,305.32,1.977665480423033e-07
2026-05-29 08:25:00+00:00,risk_reduce,FIL,16,-0.0003796316664320676,0.963,1.827926473870405e-07
2026-05-29 08:25:00+00:00,risk_reduce,NEAR,18,0.0001565334238490812,2.506,1.9613638008289872e-07
2026-05-29 09:20:00+00:00,risk_reduce,BTC,0,2.3616778161218065e-08,73825.0,8.717543238759618e-07
2026-05-29 09:20:00+00:00,risk_reduce,BCH,12,-6.112022268375361e-06,304.16,9.295163465745249e-07
2026-05-29 09:20:00+00:00,risk_reduce,FIL,16,-0.001791099794721529,0.962,8.615190012610555e-07
2026-05-29 09:20:00+00:00,risk_reduce,NEAR,18,0.0007385237010341106,2.54,9.379251003133204e-07
2026-05-29 09:30:00+00:00,risk_reduce,BTC,0,6.930398879252636e-10,73849.3,2.5590255297679583e-08
2026-05-29 09:30:00+00:00,risk_reduce,BCH,12,-1.7935872535009695e-07,303.36,2.7205131461102707e-08
2026-05-29 09:30:00+00:00,risk_reduce,FIL,16,-5.256024308325502e-05,0.967,2.54128775307538e-08
2026-05-29 09:30:00+00:00,risk_reduce,NEAR,18,2.1672151023346964e-05,2.54,2.7523631799650646e-08
2026-05-29 15:35:00+00:00,risk_reduce,BTC,0,2.221647668215335e-08,74021.0,8.222429102448366e-07
2026-05-29 15:35:00+00:00,risk_reduce,BCH,12,-5.74962424083501e-06,307.38,8.836597495739326e-07
2026-05-29 15:35:00+00:00,risk_reduce,FIL,16,-0.0016849007325726029,0.977,8.230740078617165e-07
2026-05-29 15:35:00+00:00,risk_reduce,NEAR,18,0.000694734670040012,2.566,8.913445816613352e-07
2026-05-29 15:40:00+00:00,risk_reduce,BTC,0,1.8708083121816594e-08,74081.2,6.929586236819598e-07
2026-05-29 15:40:00+00:00,risk_reduce,BCH,12,-4.841651975498007e-06,307.53,7.44476616012451e-07
2026-05-29 15:40:00+00:00,risk_reduce,FIL,16,-0.0014188236689348377,0.98,6.952235977780705e-07
2026-05-29 15:40:00+00:00,risk_reduce,NEAR,18,0.0005850231852990856,2.593,7.584825597402644e-07
2026-05-29 16:15:00+00:00,risk_reduce,BTC,0,4.515087380330825e-09,73921.9,1.668819189100386e-07
2026-05-29 16:15:00+00:00,risk_reduce,BCH,12,-1.168504629372319e-06,306.61,1.7913760220592338e-07
2026-05-29 16:15:00+00:00,risk_reduce,FIL,16,-0.0003424248652739714,0.97,1.6607605965787613e-07
2026-05-29 16:15:00+00:00,risk_reduce,NEAR,18,0.00014119195344308721,2.607,1.840437113130642e-07
2026-05-29 16:45:00+00:00,risk_reduce,BTC,0,4.626971976339336e-09,74047.7,1.713083164061911e-07
2026-05-29 16:45:00+00:00,risk_reduce,BCH,12,-1.1974603631994749e-06,305.8,1.8309168953319972e-07
2026-05-29 16:45:00+00:00,risk_reduce,FIL,16,-0.0003509102088536664,0.975,1.7106872681616237e-07
2026-05-29 16:45:00+00:00,risk_reduce,NEAR,18,0.00014469071289997804,2.61,1.888213803344713e-07
2026-05-29 16:50:00+00:00,risk_reduce,BTC,0,5.7981847196258404e-09,74013.3,2.1457139255454163e-07
2026-05-29 16:50:00+00:00,risk_reduce,BCH,12,-1.5005702251419352e-06,306.16,2.2970729006472745e-07
2026-05-29 16:50:00+00:00,risk_reduce,FIL,16,-0.00043973514889228404,0.976,2.145907526594346e-07
2026-05-29 16:50:00+00:00,risk_reduce,NEAR,18,0.0001813158767544898,2.62,2.3752379854838166e-07
2026-05-29 16:55:00+00:00,risk_reduce,BTC,0,7.628508365549149e-10,74014.9,2.8231164191264184e-08
2026-05-29 16:55:00+00:00,risk_reduce,BCH,12,-1.974257990926655e-07,306.82,3.028709183880581e-08
2026-05-29 16:55:00+00:00,risk_reduce,FIL,16,-5.7854715297289694e-05,0.975,2.8204173707428724e-08
2026-05-29 16:55:00+00:00,risk_reduce,NEAR,18,2.385521934039625e-05,2.621,3.1262264945589284e-08
2026-05-29 17:30:00+00:00,risk_reduce,BTC,0,2.0794173471311803e-09,74189.9,7.713588252096377e-08
2026-05-29 17:30:00+00:00,risk_reduce,BCH,12,-5.381532165036262e-07,307.28,8.268186018361714e-08
2026-05-29 17:30:00+00:00,risk_reduce,FIL,16,-0.0001577033055975008,0.979,7.719576808997665e-08
2026-05-29 17:30:00+00:00,risk_reduce,NEAR,18,6.502576196949772e-05,2.618,8.511872241807252e-08
2026-05-29 17:40:00+00:00,risk_reduce,BTC,0,1.882798865189098e-09,74266.8,6.991472338061285e-08
2026-05-29 17:40:00+00:00,risk_reduce,BCH,12,-4.872683527088395e-07,307.35,7.488096410253091e-08
2026-05-29 17:40:00+00:00,risk_reduce,FIL,16,-0.00014279173212880525,0.983,7.018213634130777e-08
2026-05-29 17:40:00+00:00,risk_reduce,NEAR,18,5.887727685505162e-05,2.618,7.707035540326257e-08
2026-06-02 03:45:00+00:00,risk_reduce,BTC,0,2.623844867147307e-09,70960.4,9.309454065535989e-08
2026-06-02 03:45:00+00:00,risk_reduce,BCH,12,-6.790510605337967e-07,291.11,9.883927711599678e-08
2026-06-02 03:45:00+00:00,risk_reduce,FIL,16,-0.00019899276568749458,0.954,9.49195492329349e-08
2026-06-02 03:45:00+00:00,risk_reduce,NEAR,18,8.205063404487234e-05,2.743,1.1253244459254242e-07
2026-06-02 03:55:00+00:00,risk_reduce,BTC,0,2.1380965587881315e-09,70982.7,7.588393330174515e-08
2026-06-02 03:55:00+00:00,risk_reduce,BCH,12,-5.533393966798477e-07,291.7,8.070455100575578e-08
2026-06-02 03:55:00+00:00,risk_reduce,FIL,16,-0.00016215354530571546,0.957,7.759047142878486e-08
2026-06-02 03:55:00+00:00,risk_reduce,NEAR,18,6.68607281224115e-05,2.745,9.17663493480098e-08
2026-06-03 08:45:00+00:00,risk_reduce,BTC,0,2.7110551855658253e-09,67058.7,9.08999181861515e-08
2026-06-03 08:45:00+00:00,risk_reduce,BCH,12,-7.016210912369047e-07,251.5,8.822885222304076e-08
2026-06-03 08:45:00+00:00,risk_reduce,FIL,16,-0.00020560680856626656,0.9,9.252306385481996e-08
2026-06-03 08:45:00+00:00,risk_reduce,NEAR,18,8.477780058245565e-05,2.901,1.2297019974485192e-07
2026-06-03 10:40:00+00:00,risk_reduce,BTC,0,2.026778712949162e-08,67303.3,6.820444787561568e-07
2026-06-03 10:40:00+00:00,risk_reduce,BCH,12,-5.245303377984269e-06,252.45,6.620884188860643e-07
2026-06-03 10:40:00+00:00,risk_reduce,FIL,16,-0.001537111841390132,0.919,7.063028911187656e-07
2026-06-03 10:40:00+00:00,risk_reduce,NEAR,18,0.0006337969159240925,2.921,9.25660395707137e-07
2026-06-03 10:50:00+00:00,risk_reduce,BTC,0,1.3435509764870018e-08,67195.5,4.514028982026617e-07
2026-06-03 10:50:00+00:00,risk_reduce,BCH,12,-3.4771099728035356e-06,251.73,4.37646446726917e-07
2026-06-03 10:50:00+00:00,risk_reduce,FIL,16,-0.0010189509600998514,0.921,4.692269171259816e-07
2026-06-03 10:50:00+00:00,risk_reduce,NEAR,18,0.00042014377783018697,2.945,6.186617128549503e-07
2026-06-03 10:55:00+00:00,risk_reduce,BTC,0,1.6823754039536507e-08,67203.8,5.653101008611018e-07
2026-06-03 10:55:00+00:00,risk_reduce,BCH,12,-4.353987602600737e-06,251.36,5.472091618948606e-07
2026-06-03 10:55:00+00:00,risk_reduce,FIL,16,-0.0012759158849255103,0.927,5.91387012662974e-07
2026-06-03 10:55:00+00:00,risk_reduce,NEAR,18,0.0005260980568030649,2.97,7.812556143525514e-07
2026-06-03 12:45:00+00:00,risk_reduce,BTC,0,5.725982675860104e-09,66939.0,1.9164577716969977e-07
2026-06-03 12:45:00+00:00,risk_reduce,BCH,12,-1.481884335970021e-06,248.58,1.8418340411771395e-07
2026-06-03 12:45:00+00:00,risk_reduce,FIL,16,-0.00043425933568508324,0.963,2.0909587013236757e-07
2026-06-03 12:45:00+00:00,risk_reduce,NEAR,18,0.0001790580361540478,2.984,2.671545899418393e-07
2026-06-03 12:55:00+00:00,risk_reduce,BTC,0,3.0549828328040485e-09,67051.7,1.024208962051636e-07
2026-06-03 12:55:00+00:00,risk_reduce,BCH,12,-7.906295675108328e-07,250.16,9.889194630425497e-08
2026-06-03 12:55:00+00:00,risk_reduce,FIL,16,-0.0002316903299578177,0.951,1.1016875189494232e-07
2026-06-03 12:55:00+00:00,risk_reduce,NEAR,18,9.553281200663788e-05,2.986,1.4263048832591038e-07
2026-06-03 13:20:00+00:00,risk_reduce,BTC,0,2.492312966677238e-08,67197.2,8.373822644220184e-07
2026-06-03 13:20:00+00:00,risk_reduce,BCH,12,-6.450106042451805e-06,250.2,8.069082659107207e-07
2026-06-03 13:20:00+00:00,risk_reduce,FIL,16,-0.0018901736775966682,0.971,9.176793204731824e-07
2026-06-03 13:20:00+00:00,risk_reduce,NEAR,18,0.0007793748087570745,3.018,1.1760765864144253e-06
2026-06-03 13:35:00+00:00,risk_reduce,BTC,0,1.354680851934335e-10,67093.8,4.544534307175595e-09
2026-06-03 13:35:00+00:00,risk_reduce,BCH,12,-3.505914090843384e-08,249.98,4.382042022145145e-09
2026-06-03 13:35:00+00:00,risk_reduce,FIL,16,-1.0273918733760823e-05,0.968,4.972576667140238e-09
2026-06-03 13:35:00+00:00,risk_reduce,NEAR,18,4.2362421735081535e-06,3.022,6.40096192417082e-09
2026-06-03 13:40:00+00:00,risk_reduce,BTC,0,7.985724570127773e-10,66957.7,2.6735287502462217e-08
2026-06-03 13:40:00+00:00,risk_reduce,BCH,12,-2.0667055458851741e-07,249.98,2.583175261801879e-08
2026-06-03 13:40:00+00:00,risk_reduce,FIL,16,-6.056384804317694e-05,0.965,2.922205668083287e-08
2026-06-03 13:40:00+00:00,risk_reduce,NEAR,18,2.497227532353985e-05,3.028,3.780802483983933e-08
2026-06-03 13:55:00+00:00,risk_reduce,BTC,0,1.0651628782243856e-08,66917.1,3.563880541921452e-07
2026-06-03 13:55:00+00:00,risk_reduce,BCH,12,-2.7566415650399434e-06,247.77,3.4150654028497337e-07
2026-06-03 13:55:00+00:00,risk_reduce,FIL,16,-0.0008078210327882862,0.958,3.8694627470558913e-07
2026-06-03 13:55:00+00:00,risk_reduce,NEAR,18,0.0003330886311673914,3.048,5.076270738991045e-07
2026-06-03 14:00:00+00:00,risk_reduce,BTC,0,7.818891098511812e-10,66884.8,2.6148248367287144e-08
2026-06-03 14:00:00+00:00,risk_reduce,BCH,12,-2.0235290428645067e-07,248.4,2.5132230712377175e-08
2026-06-03 14:00:00+00:00,risk_reduce,FIL,16,-5.929858063574711e-05,0.958,2.8404020124522867e-08
2026-06-03 14:00:00+00:00,risk_reduce,NEAR,18,2.44505679506124e-05,3.05,3.728711612468391e-08
2026-06-05 16:05:00+00:00,exit_scheduled,BTC,0,3.169268154125263e-06,60222.0,9.54298333888658e-05
2026-06-05 16:05:00+00:00,exit_scheduled,BCH,12,-0.0008202066090570954,212.84,8.72863873358561e-05
2026-06-05 16:05:00+00:00,exit_scheduled,FIL,16,-0.24035774488464556,0.726,8.724986139312633e-05
2026-06-05 16:05:00+00:00,exit_scheduled,NEAR,18,0.09910664489357252,1.901,9.420086597134068e-05
2026-06-09 08:05:00+00:00,entry,TRX,7,0.7766726234260245,0.32311,0.0001254753456775914
2026-06-09 08:05:00+00:00,entry,HBAR,14,-2.962914729739833,0.08077,0.00011965731136054315
2026-06-09 08:05:00+00:00,entry,FIL,16,0.3192623333740542,0.769,0.00012275636718232384
2026-06-09 08:05:00+00:00,entry,UNI,17,-0.1022054065972751,2.516,0.00012857440149937209
2026-06-09 08:25:00+00:00,risk_reduce,TRX,7,-0.0006389404210768168,0.32321,1.0325596674811898e-07
2026-06-09 08:25:00+00:00,risk_reduce,HBAR,14,0.0024374825736535044,0.08073,9.83889840855237e-08
2026-06-09 08:25:00+00:00,risk_reduce,FIL,16,-0.0002626455517643067,0.771,1.0124986020514024e-07
2026-06-09 08:25:00+00:00,risk_reduce,UNI,17,8.408068413628955e-05,2.521,1.0598370235379298e-07
2026-06-09 08:40:00+00:00,risk_reduce,TRX,7,-0.00048223686401416277,0.32316,7.791983248740842e-08
2026-06-09 08:40:00+00:00,risk_reduce,HBAR,14,0.0018396769301696203,0.08072,7.424936090164587e-08
2026-06-09 08:40:00+00:00,risk_reduce,FIL,16,-0.00019823032485039027,0.774,7.671513571710104e-08
2026-06-09 08:40:00+00:00,risk_reduce,UNI,17,6.34594464593713e-05,2.524,8.008582143172657e-08
2026-06-09 13:10:00+00:00,risk_reduce,TRX,7,-0.0007031181838254019,0.3229,1.1351843077861116e-07
2026-06-09 13:10:00+00:00,risk_reduce,HBAR,14,0.0026823131919013754,0.08066,1.0817769102938247e-07
2026-06-09 13:10:00+00:00,risk_reduce,FIL,16,-0.00028902673434738624,0.777,1.1228688629395956e-07
2026-06-09 13:10:00+00:00,risk_reduce,UNI,17,9.252608846545274e-05,2.53,1.1704550190879771e-07
2026-06-14 21:50:00+00:00,risk_reduce,TRX,7,-0.0029460220964898642,0.31888,4.6971376306434394e-07
2026-06-14 21:50:00+00:00,risk_reduce,HBAR,14,0.011238727876520915,0.07964,4.4752614404306286e-07
2026-06-14 21:50:00+00:00,risk_reduce,FIL,16,-0.0012110043026209993,0.791,4.789522016866053e-07
2026-06-14 21:50:00+00:00,risk_reduce,UNI,17,0.00038767863979562167,2.588,5.016561598955345e-07
2026-06-14 21:55:00+00:00,risk_reduce,TRX,7,-0.0010576411688361098,0.31889,1.6863559616507353e-07
2026-06-14 21:55:00+00:00,risk_reduce,HBAR,14,0.004034776691497655,0.07978,1.6094724222384145e-07
2026-06-14 21:55:00+00:00,risk_reduce,FIL,16,-0.00043475845195312113,0.791,1.7194696774745942e-07
2026-06-14 21:55:00+00:00,risk_reduce,UNI,17,0.00013917916305337952,2.591,1.803066057356532e-07
2026-06-14 22:45:00+00:00,risk_reduce,TRX,7,-0.0016826218472908439,0.31986,2.6910171203722467e-07
2026-06-14 22:45:00+00:00,risk_reduce,HBAR,14,0.0064190044885688025,0.08023,2.574983650589375e-07
2026-06-14 22:45:00+00:00,risk_reduce,FIL,16,-0.0006916656528752063,0.79,2.7320793288570647e-07
2026-06-14 22:45:00+00:00,risk_reduce,UNI,17,0.00022142282972872906,2.589,2.8663185308383976e-07
2026-06-14 23:30:00+00:00,risk_reduce,TRX,7,-6.242850583038084e-05,0.31989,9.985127365040264e-09
2026-06-14 23:30:00+00:00,risk_reduce,HBAR,14,0.00023815740879928882,0.08052,9.588217278259367e-09
2026-06-14 23:30:00+00:00,risk_reduce,FIL,16,-2.566212563609449e-05,0.79,1.0136539626257325e-08
2026-06-14 23:30:00+00:00,risk_reduce,UNI,17,8.215212728257537e-06,2.581,1.0601732025816352e-08
2026-06-14 23:50:00+00:00,risk_reduce,TRX,7,-0.003122977400656257,0.31999,4.996607692179979e-07
2026-06-14 23:50:00+00:00,risk_reduce,HBAR,14,0.011913791553810782,0.08106,4.828659716759509e-07
2026-06-14 23:50:00+00:00,risk_reduce,FIL,16,-0.00128374429835032,0.792,5.083627421467268e-07
2026-06-14 23:50:00+00:00,risk_reduce,UNI,17,0.0004109648845612712,2.586,5.313775957377237e-07
2026-06-14 23:55:00+00:00,risk_reduce,TRX,7,-0.0003548574002463223,0.32016,5.680557263143127e-08
2026-06-14 23:55:00+00:00,risk_reduce,HBAR,14,0.0013537392543967464,0.08102,5.483997719561219e-08
2026-06-14 23:55:00+00:00,risk_reduce,FIL,16,-0.00014586918374687174,0.795,5.7983000539381525e-08
2026-06-14 23:55:00+00:00,risk_reduce,UNI,17,4.669708160465191e-05,2.589,6.04493721372219e-08
2026-06-15 00:00:00+00:00,risk_reduce,TRX,7,-0.000639147809330276,0.32166,1.027941421745883e-07
2026-06-15 00:00:00+00:00,risk_reduce,HBAR,14,0.0024382737354535777,0.08113,9.890857407867438e-08
2026-06-15 00:00:00+00:00,risk_reduce,FIL,16,-0.00026273080165689633,0.794,1.0430412825778785e-07
2026-06-15 00:00:00+00:00,risk_reduce,UNI,17,8.410797517260926e-05,2.59,1.08919827848529e-07
2026-06-15 00:10:00+00:00,risk_reduce,TRX,7,-0.0018461347917479998,0.3215,2.9676616777349095e-07
2026-06-15 00:10:00+00:00,risk_reduce,HBAR,14,0.0070427871442495515,0.08138,2.865710088995142e-07
2026-06-15 00:10:00+00:00,risk_reduce,FIL,16,-0.0007588799753704967,0.79,2.997575902713462e-07
2026-06-15 00:10:00+00:00,risk_reduce,UNI,17,0.00024294014148672216,2.596,3.153363036497654e-07
2026-06-15 00:15:00+00:00,risk_reduce,TRX,7,-0.001822121784916697,0.32157,2.929698511878312e-07
2026-06-15 00:15:00+00:00,risk_reduce,HBAR,14,0.0069511803468680355,0.08148,2.8319108733140377e-07
2026-06-15 00:15:00+00:00,risk_reduce,FIL,16,-0.000749009087223973,0.793,2.969821030843053e-07
2026-06-15 00:15:00+00:00,risk_reduce,UNI,17,0.00023978017543049845,2.605,3.123136784982242e-07
2026-06-15 02:20:00+00:00,risk_reduce,TRX,7,-0.00015588225864493488,0.32087,2.5008970165700128e-08
2026-06-15 02:20:00+00:00,risk_reduce,HBAR,14,0.0005946724865966146,0.08205,2.4396438762626114e-08
2026-06-15 02:20:00+00:00,risk_reduce,FIL,16,-6.407762051285903e-05,0.798,2.5566970584630756e-08
2026-06-15 02:20:00+00:00,risk_reduce,UNI,17,2.051315978646162e-05,2.589,2.655428534357457e-08
2026-06-15 06:05:00+00:00,risk_reduce,TRX,7,-0.0005530380911409338,0.32043,8.860499777214472e-08
2026-06-15 06:05:00+00:00,risk_reduce,HBAR,14,0.002109775286169402,0.08171,8.619486931645093e-08
2026-06-15 06:05:00+00:00,risk_reduce,FIL,16,-0.00022733417671338962,0.803,9.127467195042594e-08
2026-06-15 06:05:00+00:00,risk_reduce,UNI,17,7.277645852830916e-05,2.602,9.468217254533022e-08
2026-06-15 06:10:00+00:00,risk_reduce,TRX,7,-0.0001478355836128653,0.32038,2.3681782138944896e-08
2026-06-15 06:10:00+00:00,risk_reduce,HBAR,14,0.0005639753675543702,0.08174,2.3049673271947107e-08
2026-06-15 06:10:00+00:00,risk_reduce,FIL,16,-6.0769920242287334e-05,0.804,2.442950793739951e-08
2026-06-15 06:10:00+00:00,risk_reduce,UNI,17,1.94542661566266e-05,2.602,2.5310000269771205e-08
2026-06-15 06:15:00+00:00,risk_reduce,TRX,7,-0.000531659503084092,0.32049,8.519577707171033e-08
2026-06-15 06:15:00+00:00,risk_reduce,HBAR,14,0.0020282184866324826,0.08187,8.302512375030067e-08
2026-06-15 06:15:00+00:00,risk_reduce,FIL,16,-0.00021854620389005763,0.803,8.774630086185814e-08
2026-06-15 06:15:00+00:00,risk_reduce,UNI,17,6.996316600463293e-05,2.602,9.102207897202743e-08
2026-06-15 06:20:00+00:00,risk_reduce,TRX,7,-7.774163525120503e-05,0.32046,1.2456542216300583e-08
2026-06-15 06:20:00+00:00,risk_reduce,HBAR,14,0.00029657519687464884,0.08186,1.2138822808079378e-08
2026-06-15 06:20:00+00:00,risk_reduce,FIL,16,-3.195680537976253e-05,0.802,1.2814678957284777e-08
2026-06-15 06:20:00+00:00,risk_reduce,UNI,17,1.0230327683408147e-05,2.603,1.3314771479955705e-08
2026-06-15 06:25:00+00:00,risk_reduce,TRX,7,-0.0007629245366791437,0.32032,1.2218999379453166e-07
2026-06-15 06:25:00+00:00,risk_reduce,HBAR,14,0.002910467395432992,0.08194,1.1924184919088969e-07
2026-06-15 06:25:00+00:00,risk_reduce,FIL,16,-0.00031361098669097087,0.808,1.2669883862315225e-07
2026-06-15 06:25:00+00:00,risk_reduce,UNI,17,0.00010039624176576278,2.605,1.3076610489990602e-07
2026-06-15 07:20:00+00:00,risk_reduce,TRX,7,-0.000144055098809992,0.31984,2.3037291401693924e-08
2026-06-15 07:20:00+00:00,risk_reduce,HBAR,14,0.0005495532625774402,0.0819,2.2504206102546176e-08
2026-06-15 07:20:00+00:00,risk_reduce,FIL,16,-5.921589817037276e-05,0.804,2.3804791064489853e-08
2026-06-15 07:20:00+00:00,risk_reduce,UNI,17,1.8956777285833448e-05,2.608,2.4719637580726817e-08
2026-06-15 07:25:00+00:00,risk_reduce,TRX,7,-0.0007965634758240192,0.31999,1.2744617331446395e-07
2026-06-15 07:25:00+00:00,risk_reduce,HBAR,14,0.003038795992680754,0.08184,1.2434753202049644e-07
2026-06-15 07:25:00+00:00,risk_reduce,FIL,16,-0.00032743875128538047,0.805,1.3179409739236565e-07
2026-06-15 07:25:00+00:00,risk_reduce,UNI,17,0.0001048229221316116,2.615,1.3705597068708216e-07
2026-06-15 10:55:00+00:00,risk_reduce,TRX,7,-0.004425532015929545,0.31989,7.078417182878512e-07
2026-06-15 10:55:00+00:00,risk_reduce,HBAR,14,0.016882884244190155,0.08166,6.89328163690284e-07
2026-06-15 10:55:00+00:00,risk_reduce,FIL,16,-0.0018191779074105963,0.805,7.322191077327652e-07
2026-06-15 10:55:00+00:00,risk_reduce,UNI,17,0.0005823731717259639,2.651,7.719356391227651e-07
2026-06-15 11:00:00+00:00,risk_reduce,TRX,7,-0.0008820947031014104,0.32001,1.4113956296974119e-07
2026-06-15 11:00:00+00:00,risk_reduce,HBAR,14,0.003365087567160252,0.08183,1.376825578103617e-07
2026-06-15 11:00:00+00:00,risk_reduce,FIL,16,-0.000362597579307955,0.806,1.4612682446110586e-07
2026-06-15 11:00:00+00:00,risk_reduce,UNI,17,0.00011607831288051873,2.652,1.5391984287956785e-07
2026-06-15 11:10:00+00:00,risk_reduce,TRX,7,-0.0011926142198954715,0.32026,1.9097331503186184e-07
2026-06-15 11:10:00+00:00,risk_reduce,HBAR,14,0.004549683009860583,0.08197,1.8646875815913602e-07
2026-06-15 11:10:00+00:00,risk_reduce,FIL,16,-0.0004902410451643191,0.807,1.9781226172380277e-07
2026-06-15 11:10:00+00:00,risk_reduce,UNI,17,0.00015694079793932003,2.656,2.0841737966341701e-07
2026-06-15 11:20:00+00:00,risk_reduce,TRX,7,-0.0016785843831070846,0.32052,2.6900993323674144e-07
2026-06-15 11:20:00+00:00,risk_reduce,HBAR,14,0.00640360203747159,0.08193,2.623235574650237e-07
2026-06-15 11:20:00+00:00,risk_reduce,FIL,16,-0.000690005995772125,0.812,2.8014243428348277e-07
2026-06-15 11:20:00+00:00,risk_reduce,UNI,17,0.00022089152393001132,2.668,2.946692929226351e-07
2026-06-15 11:25:00+00:00,risk_reduce,TRX,7,-0.003395461449140158,0.32054,5.441906064536931e-07
2026-06-15 11:25:00+00:00,risk_reduce,HBAR,14,0.012953286157483923,0.08221,5.324448275033767e-07
2026-06-15 11:25:00+00:00,risk_reduce,FIL,16,-0.0013957527437393757,0.817,5.70164995817535e-07
2026-06-15 11:25:00+00:00,risk_reduce,UNI,17,0.00044682213268175397,2.683,5.994118909925729e-07
2026-06-15 11:35:00+00:00,risk_reduce,TRX,7,-0.0003616145483463784,0.32055,5.7957771736215804e-08
2026-06-15 11:35:00+00:00,risk_reduce,HBAR,14,0.001379516979827855,0.08208,5.661537685213517e-08
2026-06-15 11:35:00+00:00,risk_reduce,FIL,16,-0.00014864680562293175,0.819,6.087086690259055e-08
2026-06-15 11:35:00+00:00,risk_reduce,UNI,17,4.758628131142084e-05,2.689,6.397975522320532e-08
2026-06-15 12:10:00+00:00,risk_reduce,TRX,7,-0.0004287455368467974,0.32077,6.87643529271736e-08
2026-06-15 12:10:00+00:00,risk_reduce,HBAR,14,0.0016356138070503512,0.08217,6.719919326266369e-08
2026-06-15 12:10:00+00:00,risk_reduce,FIL,16,-0.00017624195367360596,0.815,7.181859612199443e-08
2026-06-15 12:10:00+00:00,risk_reduce,UNI,17,5.6420312237737136e-05,2.69,7.588531995975644e-08
2026-06-15 12:15:00+00:00,risk_reduce,TRX,7,-0.00041853592984109067,0.32063,6.709758759247446e-08
2026-06-15 12:15:00+00:00,risk_reduce,HBAR,14,0.0015966653568675326,0.08228,6.568681278153029e-08
2026-06-15 12:15:00+00:00,risk_reduce,FIL,16,-0.00017204514943830462,0.814,7.002237582138998e-08
2026-06-15 12:15:00+00:00,risk_reduce,UNI,17,5.5076789878705235e-05,2.69,7.407828238685854e-08
2026-06-15 12:30:00+00:00,risk_reduce,TRX,7,-0.0002223769404358089,0.32067,3.5654806744775426e-08
2026-06-15 12:30:00+00:00,risk_reduce,HBAR,14,0.0008483418785449892,0.08246,3.4977135652409905e-08
2026-06-15 12:30:00+00:00,risk_reduce,FIL,16,-9.141120563632699e-05,0.81,3.702153828271244e-08
2026-06-15 12:30:00+00:00,risk_reduce,UNI,17,2.9263456609099348e-05,2.687,3.931545395432497e-08
2026-06-15 12:35:00+00:00,risk_reduce,TRX,7,-9.056324047562736e-05,0.32067,1.4520457161659713e-08
2026-06-15 12:35:00+00:00,risk_reduce,HBAR,14,0.0003454881131181864,0.08239,1.4232382819903689e-08
2026-06-15 12:35:00+00:00,risk_reduce,FIL,16,-3.722730864980095e-05,0.808,1.5039832694519587e-08
2026-06-15 12:35:00+00:00,risk_reduce,UNI,17,1.1917573165820539e-05,2.69,1.6029135908028624e-08
2026-06-15 12:40:00+00:00,risk_reduce,TRX,7,-0.0013554705847965698,0.32079,2.1741070444844584e-07
2026-06-15 12:40:00+00:00,risk_reduce,HBAR,14,0.005170960891742293,0.08264,2.136641040467916e-07
2026-06-15 12:40:00+00:00,risk_reduce,FIL,16,-0.0005571854712904667,0.81,2.25660115872639e-07
2026-06-15 12:40:00+00:00,risk_reduce,UNI,17,0.00017837170781001555,2.692,2.400883187122809e-07
2026-06-15 12:45:00+00:00,risk_reduce,TRX,7,-0.002708286350843858,0.32079,4.3439558924360065e-07
2026-06-15 12:45:00+00:00,risk_reduce,HBAR,14,0.010331793962135016,0.08283,4.2789124694182173e-07
2026-06-15 12:45:00+00:00,risk_reduce,FIL,16,-0.0011132796415578294,0.815,4.536614539348155e-07
2026-06-15 12:45:00+00:00,risk_reduce,UNI,17,0.0003563940575745106,2.705,4.820229628695256e-07
2026-06-15 13:15:00+00:00,risk_reduce,TRX,7,-0.0003934409893342483,0.32094,6.313547555846683e-08
2026-06-15 13:15:00+00:00,risk_reduce,HBAR,14,0.001500931109737813,0.08323,6.246124813173908e-08
2026-06-15 13:15:00+00:00,risk_reduce,FIL,16,-0.00016172951705928362,0.816,6.598564296018771e-08
2026-06-15 13:15:00+00:00,risk_reduce,UNI,17,5.1774447912891763e-05,2.696,6.97919557865781e-08
2026-06-15 13:20:00+00:00,risk_reduce,TRX,7,-0.003520935433827921,0.32114,5.653566026097493e-07
2026-06-15 13:20:00+00:00,risk_reduce,HBAR,14,0.013431954654631095,0.08336,5.598438700050241e-07
2026-06-15 13:20:00+00:00,risk_reduce,FIL,16,-0.00144733061055341,0.819,5.926818850216214e-07
2026-06-15 13:20:00+00:00,risk_reduce,UNI,17,0.00046333374804656546,2.717,6.294388967212592e-07
2026-06-15 13:25:00+00:00,risk_reduce,TRX,7,-0.000713118789310796,0.32128,1.1455540231488627e-07
2026-06-15 13:25:00+00:00,risk_reduce,HBAR,14,0.0027204643258609273,0.08322,1.131985205990732e-07
2026-06-15 13:25:00+00:00,risk_reduce,FIL,16,-0.0002931376255338458,0.82,1.2018642646887678e-07
2026-06-15 13:25:00+00:00,risk_reduce,UNI,17,9.38421074920398e-05,2.726,1.2790679251165025e-07
2026-06-15 15:50:00+00:00,risk_reduce,TRX,7,-0.0008416517118967626,0.31927,1.343570710286397e-07
2026-06-15 15:50:00+00:00,risk_reduce,HBAR,14,0.0032108023113899264,0.08321,1.335854301653779e-07
2026-06-15 15:50:00+00:00,risk_reduce,FIL,16,-0.0003459729122974875,0.815,1.4098396176122616e-07
2026-06-15 15:50:00+00:00,risk_reduce,UNI,17,0.00011075626053130838,2.734,1.5140380814629857e-07
2026-06-15 15:55:00+00:00,risk_reduce,TRX,7,-0.0004946155314951017,0.31918,7.893569267130329e-08
2026-06-15 15:55:00+00:00,risk_reduce,HBAR,14,0.0018869000910068934,0.08322,7.851391278679683e-08
2026-06-15 15:55:00+00:00,risk_reduce,FIL,16,-0.00020331875225831908,0.817,8.305571029752333e-08
2026-06-15 15:55:00+00:00,risk_reduce,UNI,17,6.508840402123794e-05,2.737,8.907348090306414e-08
2026-06-15 16:00:00+00:00,risk_reduce,TRX,7,-0.001954752130576165,0.31939,3.1216414149236066e-07
2026-06-15 16:00:00+00:00,risk_reduce,HBAR,14,0.007457149519608741,0.08373,3.1219356463841996e-07
2026-06-15 16:00:00+00:00,risk_reduce,FIL,16,-0.0008035286780455064,0.814,3.270361719645211e-07
2026-06-15 16:00:00+00:00,risk_reduce,UNI,17,0.00025723352449470716,2.737,3.5202407827100673e-07
2026-06-15 16:05:00+00:00,risk_reduce,TRX,7,-0.0021441083248351367,0.31922,3.4222112972693614e-07
2026-06-15 16:05:00+00:00,risk_reduce,HBAR,14,0.008179521134385581,0.08438,3.4509399665972767e-07
2026-06-15 16:05:00+00:00,risk_reduce,FIL,16,-0.0008813662361034647,0.813,3.5827537497605836e-07
2026-06-15 16:05:00+00:00,risk_reduce,UNI,17,0.0002821516511831157,2.734,3.857013071673192e-07
2026-06-15 16:10:00+00:00,risk_reduce,TRX,7,-0.00040541066475996423,0.31925,6.471367736230929e-08
2026-06-15 16:10:00+00:00,risk_reduce,HBAR,14,0.001546594013977387,0.08416,6.508067610816844e-08
2026-06-15 16:10:00+00:00,risk_reduce,FIL,16,-0.00016664982246322735,0.815,6.790980265376514e-08
2026-06-15 16:10:00+00:00,risk_reduce,UNI,17,5.334958460088968e-05,2.743,7.316895528012018e-08
2026-06-15 21:55:00+00:00,risk_reduce,TRX,7,-0.00017357633470305167,0.31981,2.7755723800691475e-08
2026-06-15 21:55:00+00:00,risk_reduce,HBAR,14,0.0006621733061189516,0.08293,2.745701613822233e-08
2026-06-15 21:55:00+00:00,risk_reduce,FIL,16,-7.135102225103163e-05,0.801,2.857608441153817e-08
2026-06-15 21:55:00+00:00,risk_reduce,UNI,17,2.2841592878269923e-05,2.782,3.1772655693673465e-08
2026-06-15 22:10:00+00:00,risk_reduce,TRX,7,-0.000730406824589247,0.31982,1.1679935532006648e-07
2026-06-15 22:10:00+00:00,risk_reduce,HBAR,14,0.0027864161475550375,0.08297,1.1559447388132074e-07
2026-06-15 22:10:00+00:00,risk_reduce,FIL,16,-0.0003002441184318805,0.802,1.2039789149118408e-07
2026-06-15 22:10:00+00:00,risk_reduce,UNI,17,9.611710807994056e-05,2.786,1.3389113155535722e-07
2026-06-15 22:20:00+00:00,risk_reduce,TRX,7,-0.0010205463410772886,0.31982,1.631955654016692e-07
2026-06-15 22:20:00+00:00,risk_reduce,HBAR,14,0.0038932642855642463,0.08279,1.6116167510093198e-07
2026-06-15 22:20:00+00:00,risk_reduce,FIL,16,-0.00041951009516910664,0.8,1.6780403806764267e-07
2026-06-15 22:20:00+00:00,risk_reduce,UNI,17,0.00013429770870647395,2.799,1.879496433347103e-07
2026-06-15 23:45:00+00:00,risk_reduce,TRX,7,-0.0002606457890762526,0.31854,4.151305482617475e-08
2026-06-15 23:45:00+00:00,risk_reduce,HBAR,14,0.0009943330360893121,0.08243,4.0981436082421e-08
2026-06-15 23:45:00+00:00,risk_reduce,FIL,16,-0.00010714216040924596,0.793,4.248186660226602e-08
2026-06-15 23:45:00+00:00,risk_reduce,UNI,17,3.4299404983395565e-05,2.813,4.824211310914587e-08
2026-06-15 23:50:00+00:00,risk_reduce,TRX,7,-0.001747721809970848,0.31861,2.7842082293740595e-07
2026-06-15 23:50:00+00:00,risk_reduce,HBAR,14,0.0066673531911138895,0.08249,2.7499498236749236e-07
2026-06-15 23:50:00+00:00,risk_reduce,FIL,16,-0.0007184259188622866,0.793,2.8485587682889664e-07
2026-06-15 23:50:00+00:00,risk_reduce,UNI,17,0.0002299895899755683,2.824,3.2474530104550245e-07
2026-06-15 23:55:00+00:00,risk_reduce,TRX,7,-0.002796306430006501,0.31845,4.452418913177851e-07
2026-06-15 23:55:00+00:00,risk_reduce,HBAR,14,0.010667580213894023,0.08251,4.4009102172419794e-07
2026-06-15 23:55:00+00:00,risk_reduce,FIL,16,-0.0011494615475625691,0.793,4.5576150360855865e-07
2026-06-15 23:55:00+00:00,risk_reduce,UNI,17,0.0003679769661362603,2.844,5.232632458457621e-07
2026-06-16 00:00:00+00:00,risk_reduce,TRX,7,-0.00020559898572702906,0.31798,3.268818274074035e-08
2026-06-16 00:00:00+00:00,risk_reduce,HBAR,14,0.0007843359542443196,0.08253,3.236562315189185e-08
2026-06-16 00:00:00+00:00,risk_reduce,FIL,16,-8.451438861462046e-05,0.794,3.3552212280004326e-08
2026-06-16 00:00:00+00:00,risk_reduce,UNI,17,2.705557953043558e-05,2.845,3.848656188204462e-08
2026-06-16 00:10:00+00:00,risk_reduce,TRX,7,-0.004581496396424245,0.31763,7.276103501981165e-07
2026-06-16 00:10:00+00:00,risk_reduce,HBAR,14,0.017477870015986774,0.08279,7.234964293117726e-07
2026-06-16 00:10:00+00:00,risk_reduce,FIL,16,-0.0018832892852783112,0.797,7.504907801834071e-07
2026-06-16 00:10:00+00:00,risk_reduce,UNI,17,0.0006028971382497778,2.871,8.654588419575559e-07
2026-06-16 00:15:00+00:00,risk_reduce,TRX,7,-0.0019712677822845137,0.31793,3.1336258301085774e-07
2026-06-16 00:15:00+00:00,risk_reduce,HBAR,14,0.007520154788806632,0.08285,3.1152241212631473e-07
2026-06-16 00:15:00+00:00,risk_reduce,FIL,16,-0.0008103176716865446,0.796,3.2250643333124475e-07
2026-06-16 00:15:00+00:00,risk_reduce,UNI,17,0.0002594068840894165,2.884,3.740647268569385e-07
2026-06-16 00:20:00+00:00,risk_reduce,TRX,7,-0.00028151580943192034,0.31795,4.475397580443954e-08
2026-06-16 00:20:00+00:00,risk_reduce,HBAR,14,0.0010739497096485806,0.08279,4.4456148230903e-08
2026-06-16 00:20:00+00:00,risk_reduce,FIL,16,-0.000115721079242459,0.795,4.5999128998877455e-08
2026-06-16 00:20:00+00:00,risk_reduce,UNI,17,3.704577308213941e-05,2.888,5.349409633060931e-08
2026-06-16 00:35:00+00:00,risk_reduce,TRX,7,-0.0025174653673948333,0.31811,4.0041545401098523e-07
2026-06-16 00:35:00+00:00,risk_reduce,HBAR,14,0.009603834348841822,0.08295,3.983190296182146e-07
2026-06-16 00:35:00+00:00,risk_reduce,FIL,16,-0.001034839961060352,0.796,4.118663045020201e-07
2026-06-16 00:35:00+00:00,risk_reduce,UNI,17,0.0003312831735128863,2.902,4.806918847671981e-07
2026-06-16 00:40:00+00:00,risk_reduce,TRX,7,-0.005226737595579345,0.31808,8.312603472009389e-07
2026-06-16 00:40:00+00:00,risk_reduce,HBAR,14,0.019939389317102485,0.08303,8.277837474995097e-07
2026-06-16 00:40:00+00:00,risk_reduce,FIL,16,-0.0021485248615274455,0.797,8.561871573186871e-07
2026-06-16 00:40:00+00:00,risk_reduce,UNI,17,0.0006878069665659237,2.939,1.010732337368625e-06
2026-06-16 00:45:00+00:00,risk_reduce,TRX,7,-0.0005576970639984413,0.31822,8.8735179852792e-08
2026-06-16 00:45:00+00:00,risk_reduce,HBAR,14,0.002127548719774275,0.08314,8.844220028101662e-08
2026-06-16 00:45:00+00:00,risk_reduce,FIL,16,-0.00022924931380047253,0.797,9.135585154948832e-08
2026-06-16 00:45:00+00:00,risk_reduce,UNI,17,7.338955109893741e-05,2.94,1.0788264011543798e-07
2026-06-16 00:50:00+00:00,risk_reduce,TRX,7,-0.0029230549583076915,0.31828,4.6517496606508606e-07
2026-06-16 00:50:00+00:00,risk_reduce,HBAR,14,0.011151110945053055,0.08319,4.6383045975948184e-07
2026-06-16 00:50:00+00:00,risk_reduce,FIL,16,-0.0012015633336647236,0.796,4.7822220679856e-07
2026-06-16 00:50:00+00:00,risk_reduce,UNI,17,0.00038465630371027626,2.961,5.69483657643064e-07
2026-06-16 00:55:00+00:00,risk_reduce,TRX,7,-0.0011039498307426898,0.31848,1.7579297104746592e-07
2026-06-16 00:55:00+00:00,risk_reduce,HBAR,14,0.004211438791253741,0.08314,1.7506951055241801e-07
2026-06-16 00:55:00+00:00,risk_reduce,FIL,16,-0.00045379428637010166,0.795,1.8038322883211541e-07
2026-06-16 00:55:00+00:00,risk_reduce,UNI,17,0.00014527310209073996,2.971,2.1580319315579422e-07
2026-06-16 01:05:00+00:00,risk_reduce,TRX,7,-0.002206125201013487,0.31826,3.5106070323727614e-07
2026-06-16 01:05:00+00:00,risk_reduce,HBAR,14,0.008416108224465368,0.0832,3.501101021377593e-07
2026-06-16 01:05:00+00:00,risk_reduce,FIL,16,-0.0009068591555138616,0.797,3.613833734722739e-07
2026-06-16 01:05:00+00:00,risk_reduce,UNI,17,0.00029031269594576026,2.986,4.334368550470201e-07
2026-06-16 01:10:00+00:00,risk_reduce,TRX,7,-0.002341764814318248,0.3187,3.731602231616128e-07
2026-06-16 01:10:00+00:00,risk_reduce,HBAR,14,0.008933557399414038,0.08314,3.713679810936416e-07
2026-06-16 01:10:00+00:00,risk_reduce,FIL,16,-0.0009626157486207765,0.795,3.826397600767587e-07
2026-06-16 01:10:00+00:00,risk_reduce,UNI,17,0.00030816204638038636,3.006,4.6316755570972066e-07
2026-06-16 01:15:00+00:00,risk_reduce,TRX,7,-0.0004516775131552242,0.31867,7.196803655858764e-08
2026-06-16 01:15:00+00:00,risk_reduce,HBAR,14,0.0017230966001049453,0.08306,7.156020180235837e-08
2026-06-16 01:15:00+00:00,risk_reduce,FIL,16,-0.00018566846884138233,0.794,7.37103821300288e-08
2026-06-16 01:15:00+00:00,risk_reduce,UNI,17,5.943802123375974e-05,3.012,8.951365997804217e-08
2026-06-16 01:20:00+00:00,risk_reduce,TRX,7,-0.0009138468408047551,0.31876,1.4564890948746187e-07
2026-06-16 01:20:00+00:00,risk_reduce,HBAR,14,0.003486218238776928,0.08312,1.4488723000356914e-07
2026-06-16 01:20:00+00:00,risk_reduce,FIL,16,-0.0003756497473219045,0.796,1.49508599434118e-07
2026-06-16 01:20:00+00:00,risk_reduce,UNI,17,0.00012025670162039981,3.017,1.814072343943731e-07
2026-06-16 08:15:00+00:00,risk_reduce,TRX,7,-0.0006664040902958357,0.31767,1.0584829368213907e-07
2026-06-16 08:15:00+00:00,risk_reduce,HBAR,14,0.0025422532422818556,0.0835,1.0613907286526747e-07
2026-06-16 08:15:00+00:00,risk_reduce,FIL,16,-0.0002739348837858535,0.802,1.0984788839812727e-07
2026-06-16 08:15:00+00:00,risk_reduce,UNI,17,8.769473643389925e-05,3.011,1.320244257012353e-07
2026-06-16 08:55:00+00:00,risk_reduce,TRX,7,-0.00043594707116856313,0.31715,6.913030681055489e-08
2026-06-16 08:55:00+00:00,risk_reduce,HBAR,14,0.001663086813662229,0.08393,6.979143813533545e-08
2026-06-16 08:55:00+00:00,risk_reduce,FIL,16,-0.0001792022468294352,0.809,7.248730884250655e-08
2026-06-16 08:55:00+00:00,risk_reduce,UNI,17,5.736799047600938e-05,3.001,8.608066970925207e-08
2026-06-16 09:00:00+00:00,risk_reduce,TRX,7,-0.00011249215220709985,0.31708,1.783450581091361e-08
2026-06-16 09:00:00+00:00,risk_reduce,HBAR,14,0.000429144332761755,0.08395,1.8013333367674666e-08
2026-06-16 09:00:00+00:00,risk_reduce,FIL,16,-4.6241499850330214e-05,0.811,1.8750928189308903e-08
2026-06-16 09:00:00+00:00,risk_reduce,UNI,17,1.480328494728178e-05,3.001,2.221232906339631e-08
2026-06-16 09:05:00+00:00,risk_reduce,TRX,7,-0.0013615941288396272,0.31714,2.1590798101009966e-07
2026-06-16 09:05:00+00:00,risk_reduce,HBAR,14,0.005194321492201226,0.08388,2.178498433829194e-07
2026-06-16 09:05:00+00:00,risk_reduce,FIL,16,-0.0005597026412031969,0.809,2.2639971836669316e-07
2026-06-16 09:05:00+00:00,risk_reduce,UNI,17,0.00017917752906579376,3.014,2.700205363021512e-07
2026-06-16 10:30:00+00:00,risk_reduce,TRX,7,-0.002443447146262545,0.31764,3.880682757694174e-07
2026-06-16 10:30:00+00:00,risk_reduce,HBAR,14,0.009321463538995989,0.0845,3.938318345225806e-07
2026-06-16 10:30:00+00:00,risk_reduce,FIL,16,-0.0010044137180358348,0.803,4.032721077913877e-07
2026-06-16 10:30:00+00:00,risk_reduce,UNI,17,0.00032154282454441296,3.016,4.848865794129748e-07
2026-06-16 10:35:00+00:00,risk_reduce,TRX,7,-0.0029218677963471773,0.31769,4.641240901107673e-07
2026-06-16 10:35:00+00:00,risk_reduce,HBAR,14,0.011146582061771326,0.0846,4.715004212129271e-07
2026-06-16 10:35:00+00:00,risk_reduce,FIL,16,-0.0012010753338483338,0.804,4.828322842070302e-07
2026-06-16 10:35:00+00:00,risk_reduce,UNI,17,0.000384500080396602,3.036,5.836711220420418e-07
2026-06-16 10:40:00+00:00,risk_reduce,TRX,7,-0.0015878983147917802,0.31752,2.5209473645634303e-07
2026-06-16 10:40:00+00:00,risk_reduce,HBAR,14,0.006057645350588281,0.08456,2.561172454228725e-07
2026-06-16 10:40:00+00:00,risk_reduce,FIL,16,-0.0006527281969910259,0.803,2.620703710918969e-07
2026-06-16 10:40:00+00:00,risk_reduce,UNI,17,0.00020895778736544635,3.05,3.186606257323057e-07
2026-06-16 16:05:00+00:00,exit_scheduled,TRX,7,-0.6889757091014018,0.31709,0.00010923365379948175
2026-06-16 16:05:00+00:00,exit_scheduled,HBAR,14,2.628361313837302,0.08105,0.00010651434224325665
2026-06-16 16:05:00+00:00,exit_scheduled,FIL,16,-0.2832132688744217,0.786,0.00011130281466764774
2026-06-16 16:05:00+00:00,exit_scheduled,UNI,17,0.09066502456818175,3.037,0.000137674839806784
2026-08-20 00:05:00+00:00,entry,LINK,8,-0.023034422637374073,10.577,0.00012181754411775278
2026-08-20 00:05:00+00:00,entry,BCH,12,0.001072202264534486,214.18,0.00011482214050899813
2026-08-20 00:05:00+00:00,entry,FIL,16,0.36330377447157686,0.674,0.0001224333719969214
2026-08-20 00:05:00+00:00,entry,NEAR,18,-0.13276362091796057,1.739,0.00011543796838816672
2026-08-20 00:20:00+00:00,risk_reduce,LINK,8,3.3668832388984715e-05,10.585,1.7819229541870164e-07
2026-08-20 00:20:00+00:00,risk_reduce,BCH,12,-1.5672109043066672e-06,213.67,1.674329769616028e-07
2026-08-20 00:20:00+00:00,risk_reduce,FIL,16,-0.0005310319291060295,0.6763,1.7956844682720387e-07
2026-08-20 00:20:00+00:00,risk_reduce,NEAR,18,0.0001940572234178095,1.743,1.6912087020862099e-07
2026-08-20 00:25:00+00:00,risk_reduce,LINK,8,1.0567558595631077e-05,10.578,5.5891817412292764e-08
2026-08-20 00:25:00+00:00,risk_reduce,BCH,12,-4.918968638898281e-07,213.2,5.2436205690655666e-08
2026-08-20 00:25:00+00:00,risk_reduce,FIL,16,-0.0001666737640957372,0.6773,5.6444070211021406e-08
2026-08-20 00:25:00+00:00,risk_reduce,NEAR,18,6.0908292146305554e-05,1.746,5.3172939043724753e-08
2026-08-20 00:30:00+00:00,risk_reduce,LINK,8,5.864571320487316e-05,10.605,3.1096889426884e-07
2026-08-20 00:30:00+00:00,risk_reduce,BCH,12,-2.7298303714147834e-06,213.24,2.9105451420024427e-07
2026-08-20 00:30:00+00:00,risk_reduce,FIL,16,-0.0009249725638592055,0.6767,3.129644669817622e-07
2026-08-20 00:30:00+00:00,risk_reduce,NEAR,18,0.0003380166005881313,1.751,2.9593353381490894e-07
2026-08-20 08:10:00+00:00,risk_reduce,LINK,8,1.899149240093198e-05,10.611,1.0075936293314463e-07
2026-08-20 08:10:00+00:00,risk_reduce,BCH,12,-8.840126570451579e-07,215.22,9.512860202462943e-08
2026-08-20 08:10:00+00:00,risk_reduce,FIL,16,-0.000299537825658891,0.6778,1.0151336911579816e-07
2026-08-20 08:10:00+00:00,risk_reduce,NEAR,18,0.00010946136299908038,1.752,9.588815398719442e-08
2026-08-20 08:15:00+00:00,risk_reduce,LINK,8,0.0001078602507068871,10.655,5.746254856409409e-07
2026-08-20 08:15:00+00:00,risk_reduce,BCH,12,-5.02066003050302e-06,216.53,5.435617582024094e-07
2026-08-20 08:15:00+00:00,risk_reduce,FIL,16,-0.001701194634402603,0.6827,5.807027884533286e-07
2026-08-20 08:15:00+00:00,risk_reduce,NEAR,18,0.0006216746849877774,1.761,5.47384560131738e-07
2026-08-20 08:45:00+00:00,risk_reduce,LINK,8,1.5582239257686675e-05,10.683,8.323253099493337e-08
2026-08-20 08:45:00+00:00,risk_reduce,BCH,12,-7.253193397389283e-07,217.64,7.892925055039018e-08
2026-08-20 08:45:00+00:00,risk_reduce,FIL,16,-0.00024576636567619214,0.6846,8.412582697096056e-08
2026-08-20 08:45:00+00:00,risk_reduce,NEAR,18,8.981143302042027e-05,1.758,7.894424962494943e-08
2026-08-20 08:50:00+00:00,risk_reduce,LINK,8,4.638368844085e-06,10.694,2.4801358209322497e-08
2026-08-20 08:50:00+00:00,risk_reduce,BCH,12,-2.1590597935384516e-07,217.53,2.348301384442097e-08
2026-08-20 08:50:00+00:00,risk_reduce,FIL,16,-7.315733217960751e-05,0.684,2.5019807605425772e-08
2026-08-20 08:50:00+00:00,risk_reduce,NEAR,18,2.6734190502114563e-05,1.757,2.3485986356107644e-08
2026-08-20 08:55:00+00:00,risk_reduce,LINK,8,3.5082672049172037e-06,10.684,1.87411634086677e-08
2026-08-20 08:55:00+00:00,risk_reduce,BCH,12,-1.6330220648104986e-07,217.61,1.7768096576170632e-08
2026-08-20 08:55:00+00:00,risk_reduce,FIL,16,-5.533313065692047e-05,0.686,1.897926381532372e-08
2026-08-20 08:55:00+00:00,risk_reduce,NEAR,18,2.022061783812923e-05,1.759,1.7784033388634657e-08
2026-08-20 09:15:00+00:00,risk_reduce,LINK,8,2.4816117120334685e-05,10.675,1.324560251297864e-07
2026-08-20 09:15:00+00:00,risk_reduce,BCH,12,-1.1551362668062951e-06,217.79,1.257885637738715e-07
2026-08-20 09:15:00+00:00,risk_reduce,FIL,16,-0.00039140503582307806,0.6905,1.351325886179177e-07
2026-08-20 09:15:00+00:00,risk_reduce,NEAR,18,0.00014303278262656205,1.764,1.2615491427662774e-07
2026-08-20 11:40:00+00:00,risk_reduce,LINK,8,5.4260147170529655e-05,10.743,2.9145838052650005e-07
2026-08-20 11:40:00+00:00,risk_reduce,BCH,12,-2.525691812905323e-06,217.05,2.741007039955502e-07
2026-08-20 11:40:00+00:00,risk_reduce,FIL,16,-0.000855802490940305,0.695,2.97391365601756e-07
2026-08-20 11:40:00+00:00,risk_reduce,NEAR,18,0.00031273949094834386,1.761,2.7536712178001675e-07
2026-08-20 16:40:00+00:00,risk_reduce,LINK,8,1.2436776215124512e-05,10.735,6.675439633468082e-08
2026-08-20 16:40:00+00:00,risk_reduce,BCH,12,-5.789048777688453e-07,223.82,6.478524487111148e-08
2026-08-20 16:40:00+00:00,risk_reduce,FIL,16,-0.00019615545882539775,0.7333,7.192039897833208e-08
2026-08-20 16:40:00+00:00,risk_reduce,NEAR,18,7.168191140971558e-05,1.756,6.293671821773028e-08
2026-08-20 16:45:00+00:00,risk_reduce,LINK,8,8.29250986922915e-05,10.789,4.4733944489556653e-07
2026-08-20 16:45:00+00:00,risk_reduce,BCH,12,-3.85998294831838e-06,224.44,4.331672864602886e-07
2026-08-20 16:45:00+00:00,risk_reduce,FIL,16,-0.0013079121551089479,0.7383,4.828157720584681e-07
2026-08-20 16:45:00+00:00,risk_reduce,NEAR,18,0.0004779558203253931,1.76,4.206011218863459e-07
2026-08-20 17:10:00+00:00,risk_reduce,LINK,8,1.565258201888242e-05,10.795,8.448481144691787e-08
2026-08-20 17:10:00+00:00,risk_reduce,BCH,12,-7.285936422486098e-07,226.18,8.239665500189529e-08
2026-08-20 17:10:00+00:00,risk_reduce,FIL,16,-0.0002468758265491977,0.7449,9.194890159824869e-08
2026-08-20 17:10:00+00:00,risk_reduce,NEAR,18,9.021686795701589e-05,1.76,7.939084380217398e-08
2026-08-20 17:30:00+00:00,risk_reduce,LINK,8,1.0015027843458812e-05,10.771,5.393593245094744e-08
2026-08-20 17:30:00+00:00,risk_reduce,BCH,12,-4.6617775935516026e-07,224.61,5.235409326438128e-08
2026-08-20 17:30:00+00:00,risk_reduce,FIL,16,-0.00015795913247956817,0.7559,5.970065412065279e-08
2026-08-20 17:30:00+00:00,risk_reduce,NEAR,18,5.772366779163707e-05,1.765,5.094113682611971e-08
2026-08-20 17:40:00+00:00,risk_reduce,LINK,8,4.7254913055842784e-05,10.791,2.549638833927998e-07
2026-08-20 17:40:00+00:00,risk_reduce,BCH,12,-2.1996134040992536e-06,224.7,2.4712656595055117e-07
2026-08-20 17:40:00+00:00,risk_reduce,FIL,16,-0.0007453144602659889,0.7614,2.8374121502326195e-07
2026-08-20 17:40:00+00:00,risk_reduce,NEAR,18,0.00027236338684163974,1.769,2.4090541566143034e-07
2026-08-20 17:50:00+00:00,risk_reduce,LINK,8,2.888065919253585e-05,10.845,1.5660537447152566e-07
2026-08-20 17:50:00+00:00,risk_reduce,BCH,12,-1.3443318582354643e-06,224.74,1.5106257090991912e-07
2026-08-20 17:50:00+00:00,risk_reduce,FIL,16,-0.00045551185106984526,0.7593,1.7293507425866675e-07
2026-08-20 17:50:00+00:00,risk_reduce,NEAR,18,0.00016645960479499955,1.765,1.469006012315871e-07
2026-08-21 01:20:00+00:00,risk_reduce,LINK,8,2.7901684720305076e-07,10.779,1.5037612980008422e-09
2026-08-21 01:20:00+00:00,risk_reduce,BCH,12,-1.2987627262062498e-08,225.23,1.4626016441171682e-09
2026-08-21 01:20:00+00:00,risk_reduce,FIL,16,-4.400712591112743e-06,0.7468,1.6432260815214983e-09
2026-08-21 01:20:00+00:00,risk_reduce,NEAR,18,1.6081708456294752e-06,1.778,1.4296638817646036e-09
2026-08-21 01:50:00+00:00,risk_reduce,LINK,8,5.90843514599107e-05,10.844,3.203553536156358e-07
2026-08-21 01:50:00+00:00,risk_reduce,BCH,12,-2.7502480279700554e-06,227.51,3.128544644217337e-07
2026-08-21 01:50:00+00:00,risk_reduce,FIL,16,-0.00093189085897738,0.7551,3.518353938069098e-07
2026-08-21 01:50:00+00:00,risk_reduce,NEAR,18,0.00034054478216785644,1.775,3.0223349417397257e-07
2026-08-21 01:55:00+00:00,risk_reduce,LINK,8,6.902146155202127e-06,10.873,3.752351757275636e-08
2026-08-21 01:55:00+00:00,risk_reduce,BCH,12,-3.212798885502289e-07,226.45,3.637691538109967e-08
2026-08-21 01:55:00+00:00,risk_reduce,FIL,16,-0.00010886210562405241,0.7526,4.096481034633093e-08
2026-08-21 01:55:00+00:00,risk_reduce,NEAR,18,3.9781935501304044e-05,1.772,3.524679485415538e-08
2026-08-21 02:15:00+00:00,risk_reduce,LINK,8,3.2766046975371554e-05,10.847,1.7770665577092763e-07
2026-08-21 02:15:00+00:00,risk_reduce,BCH,12,-1.5251882072282816e-06,226.79,1.7294871675865099e-07
2026-08-21 02:15:00+00:00,risk_reduce,FIL,16,-0.0005167930070602567,0.7538,1.9477928436101076e-07
2026-08-21 02:15:00+00:00,risk_reduce,NEAR,18,0.00018885383445904624,1.782,1.682687665030102e-07
2026-08-21 02:20:00+00:00,risk_reduce,LINK,8,3.6922135259395694e-05,10.837,2.0006258990303556e-07
2026-08-21 02:20:00+00:00,risk_reduce,BCH,12,-1.7186450756677407e-06,227.05,1.9510918221518028e-07
2026-08-21 02:20:00+00:00,risk_reduce,FIL,16,-0.0005823437084775951,0.7551,2.1986386713571605e-07
2026-08-21 02:20:00+00:00,risk_reduce,NEAR,18,0.00021280830200218204,1.79,1.9046343029195293e-07
2026-08-21 02:30:00+00:00,risk_reduce,LINK,8,4.856211267673452e-05,10.912,2.649548867642636e-07
2026-08-21 02:30:00+00:00,risk_reduce,BCH,12,-2.260460702761119e-06,227.85,2.5752298556206043e-07
2026-08-21 02:30:00+00:00,risk_reduce,FIL,16,-0.0007659318885269162,0.7573,2.9002010959071683e-07
2026-08-21 02:30:00+00:00,risk_reduce,NEAR,18,0.00027989770005906744,1.785,2.498086973027177e-07
2026-08-21 02:40:00+00:00,risk_reduce,LINK,8,2.829737765511209e-06,10.935,1.5471591232932535e-08
2026-08-21 02:40:00+00:00,risk_reduce,BCH,12,-1.3171813715434633e-07,227.15,1.4959887427304885e-08
2026-08-21 02:40:00+00:00,risk_reduce,FIL,16,-4.4631221157998e-05,0.756,1.6870601597723246e-08
2026-08-21 02:40:00+00:00,risk_reduce,NEAR,18,1.6309774198031146e-05,1.782,1.4532008810445751e-08
2026-08-21 02:45:00+00:00,risk_reduce,LINK,8,7.053055877032088e-06,10.943,3.8590795231181075e-08
2026-08-21 02:45:00+00:00,risk_reduce,BCH,12,-3.2830440781141806e-07,226.85,3.723792745601009e-08
2026-08-21 02:45:00+00:00,risk_reduce,FIL,16,-0.00011124228560116523,0.756,4.2049583957240456e-08
2026-08-21 02:45:00+00:00,risk_reduce,NEAR,18,4.065173464570804e-05,1.782,3.622069556932586e-08
2026-08-21 03:20:00+00:00,risk_reduce,LINK,8,1.0038389286017024e-05,10.959,5.5005354092730284e-08
2026-08-21 03:20:00+00:00,risk_reduce,BCH,12,-4.6726518368564625e-07,226.1,5.282432901566231e-08
2026-08-21 03:20:00+00:00,risk_reduce,FIL,16,-0.0001583275940811868,0.7444,5.892953051701772e-08
2026-08-21 03:20:00+00:00,risk_reduce,NEAR,18,5.785831625895743e-05,1.783,5.158068894486055e-08
2026-08-21 03:25:00+00:00,risk_reduce,LINK,8,3.664447137778637e-05,10.968,2.0095828103578045e-07
2026-08-21 03:25:00+00:00,risk_reduce,BCH,12,-1.705720426010797e-06,226.33,1.9302785200951185e-07
2026-08-21 03:25:00+00:00,risk_reduce,FIL,16,-0.0005779643351452868,0.7435,2.1485824159026037e-07
2026-08-21 03:25:00+00:00,risk_reduce,NEAR,18,0.00021120792925133358,1.788,1.8881988875069222e-07
2026-08-21 03:30:00+00:00,risk_reduce,LINK,8,5.0653138289818295e-05,10.978,2.780350760728126e-07
2026-08-21 03:30:00+00:00,risk_reduce,BCH,12,-2.357793396219089e-06,226.82,2.673973490652069e-07
2026-08-21 03:30:00+00:00,risk_reduce,FIL,16,-0.0007989119857366167,0.7443,2.973150954918819e-07
2026-08-21 03:30:00+00:00,risk_reduce,NEAR,18,0.0002919497552025807,1.795,2.620249052943162e-07
2026-08-21 03:35:00+00:00,risk_reduce,LINK,8,3.127127140068256e-05,11.001,1.7200762833945442e-07
2026-08-21 03:35:00+00:00,risk_reduce,BCH,12,-1.4556096559713554e-06,227.55,1.6561198860814099e-07
2026-08-21 03:35:00+00:00,risk_reduce,FIL,16,-0.0004932170912745337,0.7465,1.8409327931821973e-07
2026-08-21 03:35:00+00:00,risk_reduce,NEAR,18,0.00018023838874636766,1.796,1.6185407309423817e-07
2026-08-21 03:50:00+00:00,risk_reduce,LINK,8,5.008100896965531e-05,10.942,2.739932000729842e-07
2026-08-21 03:50:00+00:00,risk_reduce,BCH,12,-2.3311620209794798e-06,228.37,2.661837353655419e-07
2026-08-21 03:50:00+00:00,risk_reduce,FIL,16,-0.000789888241370551,0.7459,2.94588819619147e-07
2026-08-21 03:50:00+00:00,risk_reduce,NEAR,18,0.00028865217048021363,1.815,2.6195184471079384e-07
2026-08-21 05:35:00+00:00,risk_reduce,LINK,8,2.329614422806603e-06,10.872,1.2663784002376694e-08
2026-08-21 05:35:00+00:00,risk_reduce,BCH,12,-1.0843848352311107e-07,229.55,1.2446026946365074e-08
2026-08-21 05:35:00+00:00,risk_reduce,FIL,16,-3.674317026275409e-05,0.7533,1.3839315079466327e-08
2026-08-21 05:35:00+00:00,risk_reduce,NEAR,18,1.3427210700411862e-05,1.826,1.2259043369476031e-08
2026-08-21 05:45:00+00:00,risk_reduce,LINK,8,4.8201825111442165e-05,10.899,2.6267584594480404e-07
2026-08-21 05:45:00+00:00,risk_reduce,BCH,12,-2.24369010036864e-06,229.81,2.578112109828586e-07
2026-08-21 05:45:00+00:00,risk_reduce,FIL,16,-0.0007602493570206259,0.753,2.8623388291826565e-07
2026-08-21 05:45:00+00:00,risk_reduce,NEAR,18,0.00027782110875512744,1.83,2.542063145109416e-07
2026-08-21 05:50:00+00:00,risk_reduce,LINK,8,2.812564654101901e-05,10.914,1.5348165317434075e-07
2026-08-21 05:50:00+00:00,risk_reduce,BCH,12,-1.3091876617671045e-06,233.63,1.5293275670932431e-07
2026-08-21 05:50:00+00:00,risk_reduce,FIL,16,-0.00044360363221029875,0.7524,1.6688368643751438e-07
2026-08-21 05:50:00+00:00,risk_reduce,NEAR,18,0.00016210793446960747,1.831,1.4840981400692566e-07
2026-08-21 05:55:00+00:00,risk_reduce,LINK,8,0.00010344267996223455,10.93,5.653142459936118e-07
2026-08-21 05:55:00+00:00,risk_reduce,BCH,12,-4.815031722352203e-06,240.76,5.796335187367582e-07
2026-08-21 05:55:00+00:00,risk_reduce,FIL,16,-0.0016315197764392164,0.7546,6.155724116505164e-07
2026-08-21 05:55:00+00:00,risk_reduce,NEAR,18,0.0005962131096336198,1.844,5.497084870821975e-07
2026-08-21 06:15:00+00:00,risk_reduce,LINK,8,1.6799355517856107e-05,10.988,9.229565921510145e-08
2026-08-21 06:15:00+00:00,risk_reduce,BCH,12,-7.819734539271043e-07,241.17,9.429426894179987e-08
2026-08-21 06:15:00+00:00,risk_reduce,FIL,16,-0.00026496298016270847,0.7538,9.986454722332483e-08
2026-08-21 06:15:00+00:00,risk_reduce,NEAR,18,9.682653230561056e-05,1.837,8.89351699227033e-08
2026-08-21 06:20:00+00:00,risk_reduce,LINK,8,1.8418669396003118e-05,11.017,1.0145924036788317e-07
2026-08-21 06:20:00+00:00,risk_reduce,BCH,12,-8.57348992288785e-07,248.85,1.0667564836553207e-07
2026-08-21 06:20:00+00:00,risk_reduce,FIL,16,-0.00029050314035028446,0.7549,1.0965041032521487e-07
2026-08-21 06:20:00+00:00,risk_reduce,NEAR,18,0.0001061597800822156,1.832,9.72423585553095e-08
2026-08-21 06:35:00+00:00,risk_reduce,LINK,8,1.924161297996857e-05,11.049,1.0630029090783636e-07
2026-08-21 06:35:00+00:00,risk_reduce,BCH,12,-8.956552258855902e-07,249.47,1.1171955460083908e-07
2026-08-21 06:35:00+00:00,risk_reduce,FIL,16,-0.00030348278021091746,0.7535,1.1433713744446314e-07
2026-08-21 06:35:00+00:00,risk_reduce,NEAR,18,0.00011090298427440803,1.83,1.0147623061108336e-07
2026-08-21 07:00:00+00:00,risk_reduce,LINK,8,1.2134354212225973e-05,10.969,6.655086567695335e-08
2026-08-21 07:00:00+00:00,risk_reduce,BCH,12,-5.648277914245894e-07,250.53,7.075315329280121e-08
2026-08-21 07:00:00+00:00,risk_reduce,FIL,16,-0.0001913855951797827,0.7515,7.191313738880335e-08
2026-08-21 07:00:00+00:00,risk_reduce,NEAR,18,6.993884014711016e-05,1.846,6.455354945578267e-08
2026-08-21 07:05:00+00:00,risk_reduce,LINK,8,6.723250907574724e-05,11.008,3.700477299529128e-07
2026-08-21 07:05:00+00:00,risk_reduce,BCH,12,-3.129527039431347e-06,256.56,4.0145572861825317e-07
2026-08-21 07:05:00+00:00,risk_reduce,FIL,16,-0.0010604053202871166,0.7545,4.0003790707831477e-07
2026-08-21 07:05:00+00:00,risk_reduce,NEAR,18,0.00038750836037076963,1.849,3.5825147916277653e-07
2026-08-21 07:10:00+00:00,risk_reduce,LINK,8,3.64755399559491e-05,11.044,2.0141793163675096e-07
2026-08-21 07:10:00+00:00,risk_reduce,BCH,12,-1.6978570358185553e-06,256.89,2.180812469657143e-07
2026-08-21 07:10:00+00:00,risk_reduce,FIL,16,-0.0005752999131127812,0.7585,2.1818249204802224e-07
2026-08-21 07:10:00+00:00,risk_reduce,NEAR,18,0.0002102342583413519,1.849,1.9436157183657983e-07
2026-08-21 07:15:00+00:00,risk_reduce,LINK,8,4.9008229709289475e-05,11.1,2.7199567488655654e-07
2026-08-21 07:15:00+00:00,risk_reduce,BCH,12,-2.281226480140442e-06,255.95,2.9193995879597307e-07
2026-08-21 07:15:00+00:00,risk_reduce,FIL,16,-0.000772968140502317,0.7589,2.933027609136042e-07
2026-08-21 07:15:00+00:00,risk_reduce,NEAR,18,0.00028246898710745927,1.849,2.611425785808461e-07
2026-08-21 07:20:00+00:00,risk_reduce,LINK,8,0.00019497336631157242,11.295,1.1011120862446053e-06
2026-08-21 07:20:00+00:00,risk_reduce,BCH,12,-9.07558605545383e-06,257.3,1.1675741460341353e-06
2026-08-21 07:20:00+00:00,risk_reduce,FIL,16,-0.0030751610759929826,0.7604,1.1691762410925319e-06
2026-08-21 07:20:00+00:00,risk_reduce,NEAR,18,0.0011237690000568262,1.852,1.040610094052621e-06
2026-08-21 07:30:00+00:00,risk_reduce,LINK,8,0.000272778881844727,11.612,1.583754187990485e-06
2026-08-21 07:30:00+00:00,risk_reduce,BCH,12,-1.2697263544889353e-05,257.81,1.6367407572539622e-06
2026-08-21 07:30:00+00:00,risk_reduce,FIL,16,-0.004302326085201313,0.7626,1.6404769362872608e-06
2026-08-21 07:30:00+00:00,risk_reduce,NEAR,18,0.0015722170524429951,1.85,1.4543007735097706e-06
2026-08-21 07:35:00+00:00,risk_reduce,LINK,8,7.633686221935124e-05,11.644,4.444332118410629e-07
2026-08-21 07:35:00+00:00,risk_reduce,BCH,12,-3.553314872596202e-06,259.19,4.604918409141048e-07
2026-08-21 07:35:00+00:00,risk_reduce,FIL,16,-0.0012040010992334649,0.7632,4.594468194674902e-07
2026-08-21 07:35:00+00:00,risk_reduce,NEAR,18,0.0004399831676836774,1.859,4.0896435436197815e-07
2026-08-21 07:40:00+00:00,risk_reduce,LINK,8,8.705216593685172e-06,11.644,5.068177100843507e-08
2026-08-21 07:40:00+00:00,risk_reduce,BCH,12,-4.0520889505032617e-07,257.6,5.2190905682482014e-08
2026-08-21 07:40:00+00:00,risk_reduce,FIL,16,-0.0001373005130567706,0.7661,5.259296152639598e-08
2026-08-21 07:40:00+00:00,risk_reduce,NEAR,18,5.017430191531225e-05,1.861,4.6687187932198044e-08
2026-08-21 07:45:00+00:00,risk_reduce,LINK,8,3.18079545307548e-05,11.59,1.8432709650572408e-07
2026-08-21 07:45:00+00:00,risk_reduce,BCH,12,-1.480591088172216e-06,258.42,1.9130717450273203e-07
2026-08-21 07:45:00+00:00,risk_reduce,FIL,16,-0.0005016817708508037,0.7689,1.928715568035915e-07
2026-08-21 07:45:00+00:00,risk_reduce,NEAR,18,0.00018333167207956746,1.876,1.7196510841063428e-07
2026-08-21 07:50:00+00:00,risk_reduce,LINK,8,0.00022976372722591232,11.566,1.328723634547451e-06
2026-08-21 07:50:00+00:00,risk_reduce,BCH,12,-1.0695001672835066e-05,259.01,1.3850561916405052e-06
2026-08-21 07:50:00+00:00,risk_reduce,FIL,16,-0.003623881989661515,0.7641,1.3845041141501816e-06
2026-08-21 07:50:00+00:00,risk_reduce,NEAR,18,0.001324290383238197,1.927,1.2759537842500028e-06
2026-08-21 08:20:00+00:00,risk_reduce,LINK,8,3.5689148316617875e-05,11.578,2.0660447960490088e-07
2026-08-21 08:20:00+00:00,risk_reduce,BCH,12,-1.6612522157293365e-06,262.67,2.1818055975281244e-07
2026-08-21 08:20:00+00:00,risk_reduce,FIL,16,-0.0005628967782359551,0.7688,2.1637752155390115e-07
2026-08-21 08:20:00+00:00,risk_reduce,NEAR,18,0.0002057017287815377,1.93,1.9850216827418386e-07
2026-08-21 08:40:00+00:00,risk_reduce,LINK,8,4.532389334012399e-05,11.626,2.634677919861407e-07
2026-08-21 08:40:00+00:00,risk_reduce,BCH,12,-2.109728637085485e-06,266.64,2.8126902189623685e-07
2026-08-21 08:40:00+00:00,risk_reduce,FIL,16,-0.0007148580098333412,0.7713,2.7568499149222804e-07
2026-08-21 08:40:00+00:00,risk_reduce,NEAR,18,0.00026123355851649654,1.929,2.51959767189161e-07
2026-08-21 08:50:00+00:00,risk_reduce,LINK,8,7.769631335148575e-06,11.647,4.524644808023772e-08
2026-08-21 08:50:00+00:00,risk_reduce,BCH,12,-3.616594365438283e-07,267.84,4.843343174194948e-08
2026-08-21 08:50:00+00:00,risk_reduce,FIL,16,-0.00012254426493557569,0.7745,4.745526659630168e-08
2026-08-21 08:50:00+00:00,risk_reduce,NEAR,18,4.478186432067821e-05,1.926,4.312493534081312e-08
2026-08-21 08:55:00+00:00,risk_reduce,LINK,8,0.00011664398286058766,11.724,6.837670275287649e-07
2026-08-21 08:55:00+00:00,risk_reduce,BCH,12,-5.429523654068937e-06,268.9,7.299994552895686e-07
2026-08-21 08:55:00+00:00,risk_reduce,FIL,16,-0.0018397335114400115,0.7784,7.160242826524524e-07
2026-08-21 08:55:00+00:00,risk_reduce,NEAR,18,0.000672301527442562,1.936,6.507878785643999e-07
2026-08-21 09:00:00+00:00,risk_reduce,LINK,8,3.289255097443933e-05,11.726,1.928490263631378e-07
2026-08-21 09:00:00+00:00,risk_reduce,BCH,12,-1.5310766931873193e-06,266.45,2.039776924498806e-07
2026-08-21 09:00:00+00:00,risk_reduce,FIL,16,-0.0005187882548279288,0.7826,2.0300184411416852e-07
2026-08-21 09:00:00+00:00,risk_reduce,NEAR,18,0.00018958296621290893,1.943,1.8417985167584104e-07
2026-08-21 21:00:00+00:00,risk_reduce,LINK,8,2.2076241908433603e-05,11.822,1.30492665920751e-07
2026-08-21 21:00:00+00:00,risk_reduce,BCH,12,-1.0276010360349766e-06,286.91,1.4741450662439757e-07
2026-08-21 21:00:00+00:00,risk_reduce,FIL,16,-0.00034819114582312904,0.7979,1.3891085762613735e-07
2026-08-21 21:00:00+00:00,risk_reduce,NEAR,18,0.00012724094969365773,1.92,1.2215131170591142e-07
2026-08-21 21:05:00+00:00,risk_reduce,LINK,8,6.604881593278572e-05,11.875,3.921648446009152e-07
2026-08-21 21:05:00+00:00,risk_reduce,BCH,12,-3.074428698640326e-06,286.29,4.4008909606686946e-07
2026-08-21 21:05:00+00:00,risk_reduce,FIL,16,-0.0010417358622579753,0.8003,4.1685060528252885e-07
2026-08-21 21:05:00+00:00,risk_reduce,NEAR,18,0.00038068590207911146,1.925,3.664101807511448e-07
2026-08-21 21:15:00+00:00,risk_reduce,LINK,8,7.169956981924533e-05,11.907,4.2686338891887707e-07
2026-08-21 21:15:00+00:00,risk_reduce,BCH,12,-3.3374589993676604e-06,287.26,4.793592360791771e-07
2026-08-21 21:15:00+00:00,risk_reduce,FIL,16,-0.001130860744955442,0.8048,4.5505836377006983e-07
2026-08-21 21:15:00+00:00,risk_reduce,NEAR,18,0.0004132551814872848,1.934,3.996177604982044e-07
2026-08-21 21:20:00+00:00,risk_reduce,LINK,8,8.923293759643958e-05,11.947,5.330329527323318e-07
2026-08-21 21:20:00+00:00,risk_reduce,BCH,12,-4.15359912719199e-06,288.57,5.993020500668962e-07
2026-08-21 21:20:00+00:00,risk_reduce,FIL,16,-0.001407400721360974,0.8053,5.666899004559963e-07
2026-08-21 21:20:00+00:00,risk_reduce,NEAR,18,0.0005143123440492919,1.946,5.00425910759961e-07
2026-08-21 21:25:00+00:00,risk_reduce,LINK,8,0.0001100373196299062,11.994,6.598938058205475e-07
2026-08-21 21:25:00+00:00,risk_reduce,BCH,12,-5.121997852859661e-06,289.08,7.403335696523354e-07
2026-08-21 21:25:00+00:00,risk_reduce,FIL,16,-0.0017355318248531426,0.8049,6.984647829121472e-07
2026-08-21 21:25:00+00:00,risk_reduce,NEAR,18,0.0006342226684019486,1.962,6.221724377023117e-07
2026-08-21 21:35:00+00:00,risk_reduce,LINK,8,3.476248042260169e-05,12.075,2.0987847555145767e-07
2026-08-21 21:35:00+00:00,risk_reduce,BCH,12,-1.61811784114244e-06,288.17,2.331465091410085e-07
2026-08-21 21:35:00+00:00,risk_reduce,FIL,16,-0.0005482811766696627,0.8053,2.2076541578603967e-07
2026-08-21 21:35:00+00:00,risk_reduce,NEAR,18,0.00020036068824690056,1.956,1.9595275310546874e-07
2026-08-21 21:55:00+00:00,risk_reduce,LINK,8,7.462583401991393e-05,12.124,4.523818058287183e-07
2026-08-21 21:55:00+00:00,risk_reduce,BCH,12,-3.473670232094256e-06,291.46,5.062179629230958e-07
2026-08-21 21:55:00+00:00,risk_reduce,FIL,16,-0.0011770144014173756,0.8038,4.7304208792964323e-07
2026-08-21 21:55:00+00:00,risk_reduce,NEAR,18,0.0004301213055989961,1.963,4.221640614454147e-07
2026-08-21 22:00:00+00:00,risk_reduce,LINK,8,3.020559764988981e-05,12.163,1.836953421078049e-07
2026-08-21 22:00:00+00:00,risk_reduce,BCH,12,-1.4060048611455774e-06,291.5,2.049252085119679e-07
2026-08-21 22:00:00+00:00,risk_reduce,FIL,16,-0.00047640906000262495,0.8038,1.9146880121505494e-07
2026-08-21 22:00:00+00:00,risk_reduce,NEAR,18,0.0001740961594359075,1.963,1.708753804863432e-07
2026-08-21 22:05:00+00:00,risk_reduce,LINK,8,7.911436568491803e-05,12.237,4.84061246443171e-07
2026-08-21 22:05:00+00:00,risk_reduce,BCH,12,-3.6826016167188684e-06,293.11,5.397036799382337e-07
2026-08-21 22:05:00+00:00,risk_reduce,FIL,16,-0.0012478084699904524,0.8062,5.029915942531515e-07
2026-08-21 22:05:00+00:00,risk_reduce,NEAR,18,0.0004559918787769013,1.967,4.4846801277708246e-07
2026-08-21 22:10:00+00:00,risk_reduce,LINK,8,8.046150903625801e-05,12.291,4.944762037823236e-07
2026-08-21 22:10:00+00:00,risk_reduce,BCH,12,-3.7453082091391853e-06,294.16,5.508599314001914e-07
2026-08-21 22:10:00+00:00,risk_reduce,FIL,16,-0.0012690558991967915,0.8097,5.137772807898211e-07
2026-08-21 22:10:00+00:00,risk_reduce,NEAR,18,0.0004637564158801455,1.975,4.579594606816437e-07
2026-08-21 22:15:00+00:00,risk_reduce,LINK,8,7.65580703872247e-05,12.398,4.745834783304059e-07
2026-08-21 22:15:00+00:00,risk_reduce,BCH,12,-3.563611631592859e-06,293.65,5.232272778086216e-07
2026-08-21 22:15:00+00:00,risk_reduce,FIL,16,-0.0012074900411356282,0.811,4.896372116804973e-07
2026-08-21 22:15:00+00:00,risk_reduce,NEAR,18,0.00044125814634521365,1.974,4.355217904427259e-07
2026-08-22 02:15:00+00:00,risk_reduce,LINK,8,7.53088289690354e-05,12.057,4.5399927543982994e-07
2026-08-22 02:15:00+00:00,risk_reduce,BCH,12,-3.5054621611842153e-06,295.63,5.181598893554448e-07
2026-08-22 02:15:00+00:00,risk_reduce,FIL,16,-0.0011877867418779164,0.8224,4.884179082601992e-07
2026-08-22 02:15:00+00:00,risk_reduce,NEAR,18,0.00043405788712055915,2.048,4.444752764114526e-07
2026-08-22 02:20:00+00:00,risk_reduce,LINK,8,6.056072595243475e-05,12.073,3.655748222118724e-07
2026-08-22 02:20:00+00:00,risk_reduce,BCH,12,-2.8189700488823926e-06,294.21,4.1468458904084433e-07
2026-08-22 02:20:00+00:00,risk_reduce,FIL,16,-0.0009551765490123376,0.8289,3.958729207381633e-07
2026-08-22 02:20:00+00:00,risk_reduce,NEAR,18,0.00034905416946809376,2.059,3.5935126746740256e-07
2026-08-22 02:25:00+00:00,risk_reduce,LINK,8,1.0404798485463829e-05,12.08,6.284498285220153e-08
2026-08-22 02:25:00+00:00,risk_reduce,BCH,12,-4.843207348308697e-07,294.25,7.12556881119917e-08
2026-08-22 02:25:00+00:00,risk_reduce,FIL,16,-0.00016410667729310768,0.8303,6.812888707823366e-08
2026-08-22 02:25:00+00:00,risk_reduce,NEAR,18,5.997019085732247e-05,2.06,6.176929658304214e-08
2026-08-22 02:30:00+00:00,risk_reduce,LINK,8,9.308108162033035e-05,12.122,5.641644357008222e-07
2026-08-22 02:30:00+00:00,risk_reduce,BCH,12,-4.332721860226011e-06,294.61,6.382315936205927e-07
2026-08-22 02:30:00+00:00,risk_reduce,FIL,16,-0.001468094460926217,0.8332,6.11608152421862e-07
2026-08-22 02:30:00+00:00,risk_reduce,NEAR,18,0.0005364919116672001,2.074,5.563421123988865e-07
2026-08-22 02:35:00+00:00,risk_reduce,LINK,8,5.548844864795843e-05,12.131,3.365651852741919e-07
2026-08-22 02:35:00+00:00,risk_reduce,BCH,12,-2.5828665746244466e-06,295.43,3.8152813607065014e-07
2026-08-22 02:35:00+00:00,risk_reduce,FIL,16,-0.0008751755210337775,0.8347,3.6525450370344704e-07
2026-08-22 02:35:00+00:00,risk_reduce,NEAR,18,0.000319819058528098,2.085,3.3341136851554216e-07
2026-08-22 02:45:00+00:00,risk_reduce,LINK,8,5.644818911094279e-06,12.16,3.432049897945322e-08
2026-08-22 02:45:00+00:00,risk_reduce,BCH,12,-2.627540405349864e-07,296.19,3.891255963302881e-08
2026-08-22 02:45:00+00:00,risk_reduce,FIL,16,-8.903127501364017e-05,0.8346,3.715275106319204e-08
2026-08-22 02:45:00+00:00,risk_reduce,NEAR,18,3.253507195995209e-05,2.081,3.3852742374330146e-08
2026-08-22 03:00:00+00:00,risk_reduce,LINK,8,5.381332767590702e-05,12.221,3.288263387636298e-07
2026-08-22 03:00:00+00:00,risk_reduce,BCH,12,-2.5048933374446697e-06,305.59,3.8273517749485827e-07
2026-08-22 03:00:00+00:00,risk_reduce,FIL,16,-0.0008487551595849907,0.8369,3.5516159652833937e-07
2026-08-22 03:00:00+00:00,risk_reduce,NEAR,18,0.0003101641551156581,2.079,3.224156392427266e-07
2026-08-22 03:10:00+00:00,risk_reduce,LINK,8,9.140045970221916e-06,12.221,5.585025090104102e-08
2026-08-22 03:10:00+00:00,risk_reduce,BCH,12,-4.254492565973879e-07,300.42,6.390673283349364e-08
2026-08-22 03:10:00+00:00,risk_reduce,FIL,16,-0.00014415873373951893,0.8396,6.051783642385005e-08
2026-08-22 03:10:00+00:00,risk_reduce,NEAR,18,5.268053024234942e-05,2.083,5.4866772247406926e-08
2026-08-22 03:20:00+00:00,risk_reduce,LINK,8,0.00014787836440821253,12.319,9.108567855723852e-07
2026-08-22 03:20:00+00:00,risk_reduce,BCH,12,-6.8834161676308014e-06,298.25,1.0264894359979432e-06
2026-08-22 03:20:00+00:00,risk_reduce,FIL,16,-0.002332368768167725,0.8356,9.744636713404757e-07
2026-08-22 03:20:00+00:00,risk_reduce,NEAR,18,0.0008523272939520155,2.103,8.962221495905443e-07
2026-08-22 03:25:00+00:00,risk_reduce,LINK,8,4.3810846591399444e-05,12.36,2.7075103193484855e-07
2026-08-22 03:25:00+00:00,risk_reduce,BCH,12,-2.0392996024243704e-06,299.24,3.0512000651473434e-07
2026-08-22 03:25:00+00:00,risk_reduce,FIL,16,-0.0006909939172352608,0.8504,2.9381061360843293e-07
2026-08-22 03:25:00+00:00,risk_reduce,NEAR,18,0.00025251280314350644,2.104,2.656434689069688e-07
2026-08-22 03:30:00+00:00,risk_reduce,LINK,8,7.140962481659227e-05,12.401,4.427753786752804e-07
2026-08-22 03:30:00+00:00,risk_reduce,BCH,12,-3.323962690242473e-06,299.37,4.975473552889446e-07
2026-08-22 03:30:00+00:00,risk_reduce,FIL,16,-0.0011262876711905512,0.8453,4.760254842286865e-07
2026-08-22 03:30:00+00:00,risk_reduce,NEAR,18,0.00041158402397555027,2.115,4.3525010535414447e-07
2026-08-22 03:35:00+00:00,risk_reduce,LINK,8,2.4248900487685437e-05,12.451,1.509615299860857e-07
2026-08-22 03:35:00+00:00,risk_reduce,BCH,12,-1.1287335664833618e-06,300.16,1.6940033365782295e-07
2026-08-22 03:35:00+00:00,risk_reduce,FIL,16,-0.00038245877540116213,0.8519,1.6290831538212501e-07
2026-08-22 03:35:00+00:00,risk_reduce,NEAR,18,0.00013976351318661928,2.111,1.4752038816847667e-07
2026-08-22 04:30:00+00:00,risk_reduce,LINK,8,1.993112285517823e-05,12.325,1.2282554459503583e-07
2026-08-22 04:30:00+00:00,risk_reduce,BCH,12,-9.27750410612189e-07,298.63,1.3852705256055898e-07
2026-08-22 04:30:00+00:00,risk_reduce,FIL,16,-0.00031435787546046923,0.8548,1.3435655597180454e-07
2026-08-22 04:30:00+00:00,risk_reduce,NEAR,18,0.00011487711590915661,2.138,1.2280363690688842e-07
2026-08-22 04:35:00+00:00,risk_reduce,LINK,8,8.327472353130555e-05,12.446,5.182186045353145e-07
2026-08-22 04:35:00+00:00,risk_reduce,BCH,12,-3.876257223998166e-06,300.14,5.817099216054047e-07
2026-08-22 04:35:00+00:00,risk_reduce,FIL,16,-0.001313426511846294,0.8545,5.611614771863291e-07
2026-08-22 04:35:00+00:00,risk_reduce,NEAR,18,0.00047997095481870644,2.137,5.128489652237878e-07
2026-08-22 04:45:00+00:00,risk_reduce,LINK,8,9.239091882253317e-05,12.598,5.819703976631365e-07
2026-08-22 04:45:00+00:00,risk_reduce,BCH,12,-4.300596283373422e-06,300.41,6.459710647441049e-07
2026-08-22 04:45:00+00:00,risk_reduce,FIL,16,-0.0014572090676439053,0.8583,6.253612713793819e-07
2026-08-22 04:45:00+00:00,risk_reduce,NEAR,18,0.0005325140167791592,2.133,5.679261988949733e-07
2026-08-22 04:55:00+00:00,risk_reduce,LINK,8,2.8319596135119307e-06,12.56,1.7784706372854926e-08
2026-08-22 04:55:00+00:00,risk_reduce,BCH,12,-1.318215593452965e-07,298.97,1.970534579873165e-08
2026-08-22 04:55:00+00:00,risk_reduce,FIL,16,-4.466626461346879e-05,0.8577,1.9155127579486092e-08
2026-08-22 04:55:00+00:00,risk_reduce,NEAR,18,1.6322580274841236e-05,2.141,1.7473322184217543e-08
2026-08-27 08:05:00+00:00,exit_scheduled,LINK,8,0.01909349517923681,11.73,0.0001119833492262239
2026-08-27 08:05:00+00:00,exit_scheduled,BCH,12,-0.0008887606644778416,270.15,0.00012004934675434445
2026-08-27 08:05:00+00:00,exit_scheduled,FIL,16,-0.3011466350025427,0.7177,0.00010806646997066244
2026-08-27 08:05:00+00:00,exit_scheduled,NEAR,18,0.11004927694007462,1.89,0.00010399656670837051
