time,kind,symbol,symbol_index,quantity_change,price,fee
2024-07-01 00:05:00+00:00,entry,BTC,0,-3.693045202251757e-06,62714.4,0.00011580355701604881
2024-07-01 00:05:00+00:00,entry,BNB,2,0.00036599217330386,582.3,0.00010655862125741885
2024-07-01 00:05:00+00:00,entry,BCH,12,0.0006029304510741931,392.55,0.00011834017428458725
2024-07-01 00:05:00+00:00,entry,FIL,16,-0.04881218725993614,4.47,0.00010909523852595727
2024-07-01 00:20:00+00:00,risk_reduce,BTC,0,1.3653548995718595e-09,62682.8,4.2792134049441485e-08
2024-07-01 00:20:00+00:00,risk_reduce,BNB,2,-1.3531088293220177e-07,581.3,3.932810812424444e-08
2024-07-01 00:20:00+00:00,risk_reduce,BCH,12,-2.2290927957592174e-07,393.12,4.381504799344318e-08
2024-07-01 00:20:00+00:00,risk_reduce,FIL,16,1.8046342620862965e-05,4.476,4.038771478549132e-08
2024-07-01 00:25:00+00:00,risk_reduce,BTC,0,3.101283429002405e-11,62660.6,9.716414021567405e-10
2024-07-01 00:25:00+00:00,risk_reduce,BNB,2,-3.07346755874403e-09,581.65,8.938412027717326e-10
2024-07-01 00:25:00+00:00,risk_reduce,BCH,12,-5.0631880043868274e-09,392.54,9.937519096210026e-10
2024-07-01 00:25:00+00:00,risk_reduce,FIL,16,4.0990678205204967e-07,4.478,9.177812850145391e-10
2024-07-01 00:30:00+00:00,risk_reduce,BTC,0,1.1065768551225438e-09,62722.7,3.470374405539739e-08
2024-07-01 00:30:00+00:00,risk_reduce,BNB,2,-1.096651803468747e-07,581.52,3.1886247837657286e-08
2024-07-01 00:30:00+00:00,risk_reduce,BCH,12,-1.8066090336514486e-07,392.94,3.549444768415001e-08
2024-07-01 00:30:00+00:00,risk_reduce,FIL,16,1.462598850315161e-05,4.476,3.27329622700533e-08
2024-07-01 00:35:00+00:00,risk_reduce,BTC,0,2.2719276716322054e-09,62730.5,7.125957940266203e-08
2024-07-01 00:35:00+00:00,risk_reduce,BNB,2,-2.251550415962797e-07,581.72,6.548859539869391e-08
2024-07-01 00:35:00+00:00,risk_reduce,BCH,12,-3.709173055964701e-07,393.41,7.296128859735367e-08
2024-07-01 00:35:00+00:00,risk_reduce,FIL,16,3.0028811692076052e-05,4.481,6.72795525960964e-08
2024-07-01 01:00:00+00:00,risk_reduce,BTC,0,2.6599443751745636e-09,62924.7,8.368810091227343e-08
2024-07-01 01:00:00+00:00,risk_reduce,BNB,2,-2.6360869402407934e-07,582.97,7.683798017760876e-08
2024-07-01 01:00:00+00:00,risk_reduce,BCH,12,-4.34265321469225e-07,393.13,8.536136291459822e-08
2024-07-01 01:00:00+00:00,risk_reduce,FIL,16,3.515735546991139e-05,4.473,7.862942550845682e-08
2024-07-01 01:05:00+00:00,risk_reduce,BTC,0,3.689042563218803e-09,62982.6,1.1617274607109229e-07
2024-07-01 01:05:00+00:00,risk_reduce,BNB,2,-3.655954994267346e-07,583.31,1.0662775538530427e-07
2024-07-01 01:05:00+00:00,risk_reduce,BCH,12,-6.022769760080388e-07,393.46,1.1848594949006148e-07
2024-07-01 01:05:00+00:00,risk_reduce,FIL,16,4.875928306967425e-05,4.478,1.0917203479300066e-07
2024-07-01 01:10:00+00:00,risk_reduce,BTC,0,1.4272693883218151e-08,63299.9,4.5173004776916033e-07
2024-07-01 01:10:00+00:00,risk_reduce,BNB,2,-1.4144679978557299e-06,584.95,4.1369652767285466e-07
2024-07-01 01:10:00+00:00,risk_reduce,BCH,12,-2.3301750424841285e-06,395.26,4.605124936461383e-07
2024-07-01 01:10:00+00:00,risk_reduce,FIL,16,0.00018864686684760823,4.49,4.2351221607288047e-07
2024-07-01 01:15:00+00:00,risk_reduce,BTC,0,2.3501038749371344e-08,63642.7,7.478347794073078e-07
2024-07-01 01:15:00+00:00,risk_reduce,BNB,2,-2.3290254453252335e-06,587.59,6.84256030709327e-07
2024-07-01 01:15:00+00:00,risk_reduce,BCH,12,-3.8368043492213516e-06,398.24,7.639844820169555e-07
2024-07-01 01:15:00+00:00,risk_reduce,FIL,16,0.000310620921600932,4.524,7.026245246613082e-07
2024-07-01 01:30:00+00:00,risk_reduce,BTC,0,2.6581906129784184e-09,63475.4,8.436485621752515e-08
2024-07-01 01:30:00+00:00,risk_reduce,BNB,2,-2.6343489077976755e-07,586.48,7.724964737225904e-08
2024-07-01 01:30:00+00:00,risk_reduce,BCH,12,-4.339790004051448e-07,397.09,8.616436063543947e-08
2024-07-01 01:30:00+00:00,risk_reduce,FIL,16,3.513417542092695e-05,4.545,7.98424136440565e-08
2024-07-01 01:35:00+00:00,risk_reduce,BTC,0,2.2708461301850248e-10,63503.7,7.210356569871538e-09
2024-07-01 01:35:00+00:00,risk_reduce,BNB,2,-2.2504785750221412e-08,587.69,6.612918768773811e-09
2024-07-01 01:35:00+00:00,risk_reduce,BCH,12,-3.707407320008814e-08,397.08,7.360686493145499e-09
2024-07-01 01:35:00+00:00,risk_reduce,FIL,16,3.001451660475385e-06,4.543,6.8177974467698376e-09
2024-07-01 01:40:00+00:00,risk_reduce,BTC,0,1.0403701629744134e-09,63604.3,3.308600797843674e-08
2024-07-01 01:40:00+00:00,risk_reduce,BNB,2,-1.0310389289449988e-07,587.82,3.030326516062246e-08
2024-07-01 01:40:00+00:00,risk_reduce,BCH,12,-1.6985192904321166e-07,397.3,3.3741085704434e-08
2024-07-01 01:40:00+00:00,risk_reduce,FIL,16,1.3750912982002372e-05,4.538,3.1200821556163383e-08
2024-07-01 01:50:00+00:00,risk_reduce,BTC,0,5.772871518242249e-10,63565.4,1.8347744360283794e-08
2024-07-01 01:50:00+00:00,risk_reduce,BNB,2,-5.721093778864213e-08,587.31,1.68002779363237e-08
2024-07-01 01:50:00+00:00,risk_reduce,BCH,12,-9.424850869318643e-08,396.84,1.8700789094902053e-08
2024-07-01 01:50:00+00:00,risk_reduce,FIL,16,7.630193245518335e-06,4.543,1.7331983957194896e-08
2024-07-01 01:55:00+00:00,risk_reduce,BTC,0,1.8863741135153864e-09,63591.9,5.997905699462955e-08
2024-07-01 01:55:00+00:00,risk_reduce,BNB,2,-1.869454944794231e-07,587.49,5.491430427585814e-08
2024-07-01 01:55:00+00:00,risk_reduce,BCH,12,-3.0797142544134425e-07,396.86,6.111076995032593e-08
2024-07-01 01:55:00+00:00,risk_reduce,FIL,16,2.4932824113574337e-05,4.546,5.6672309210154475e-08
2024-07-01 02:00:00+00:00,risk_reduce,BTC,0,2.6309454413728856e-09,63631.9,8.370602861544766e-08
2024-07-01 02:00:00+00:00,risk_reduce,BNB,2,-2.607348102170418e-07,587.54,7.659606519746035e-08
2024-07-01 02:00:00+00:00,risk_reduce,BCH,12,-4.295309249806615e-07,396.95,8.52511503355368e-08
2024-07-01 02:00:00+00:00,risk_reduce,FIL,16,3.4774067069816283e-05,4.55,7.911100258383205e-08
2024-07-01 02:05:00+00:00,risk_reduce,BTC,0,3.20326643585522e-09,63763.8,1.0212622018129254e-07
2024-07-01 02:05:00+00:00,risk_reduce,BNB,2,-3.174535864914501e-07,588.16,9.335675071540564e-08
2024-07-01 02:05:00+00:00,risk_reduce,BCH,12,-5.229686535934046e-07,397.63,1.0397401286417274e-07
2024-07-01 02:05:00+00:00,risk_reduce,FIL,16,4.2338620988201237e-05,4.548,9.627802412716961e-08
2024-07-08 08:05:00+00:00,exit_scheduled,BTC,0,3.6319240918886186e-06,55946.6,0.0001015969021996279
2024-07-08 08:05:00+00:00,exit_scheduled,BNB,2,-0.0003599348826963931,503.24,9.056681518406644e-05
2024-07-08 08:05:00+00:00,exit_scheduled,BCH,12,-0.0005929517541931114,314.43,9.322091003547001e-05
2024-07-08 08:05:00+00:00,exit_scheduled,FIL,16,0.04800432953786936,3.731,8.955207675289528e-05
2024-08-12 00:05:00+00:00,entry,AVAX,10,0.01129252623768747,20.418,0.00011528540036055138
2024-08-12 00:05:00+00:00,entry,LTC,11,-0.004048487575833925,59.82,0.0001210902633931927
2024-08-12 00:05:00+00:00,entry,BCH,12,0.0006423863578155854,331.09,0.00010634384960458109
2024-08-12 00:05:00+00:00,entry,FIL,16,-0.05746726868930537,3.499,0.00010053898657193976
2024-08-12 00:10:00+00:00,risk_reduce,AVAX,10,-1.9403367095960702e-05,20.479,1.986807773790896e-07
2024-08-12 00:10:00+00:00,risk_reduce,LTC,11,6.956308000877209e-06,59.89,2.0830664308626804e-07
2024-08-12 00:10:00+00:00,risk_reduce,BCH,12,-1.1037794427729312e-06,331.79,1.8311149065881543e-07
2024-08-12 00:10:00+00:00,risk_reduce,FIL,16,9.874305243227216e-05,3.507,1.7314594243998924e-07
2024-08-12 00:15:00+00:00,risk_reduce,AVAX,10,-1.0746428616226558e-05,20.539,1.1036044867433864e-07
2024-08-12 00:15:00+00:00,risk_reduce,LTC,11,3.852705924400034e-06,59.9,1.15388542435781e-07
2024-08-12 00:15:00+00:00,risk_reduce,BCH,12,-6.113210625328675e-07,332.54,1.0164435306733989e-07
2024-08-12 00:15:00+00:00,risk_reduce,FIL,16,5.468819710846562e-05,3.513,9.605981822101986e-08
2024-08-12 00:20:00+00:00,risk_reduce,AVAX,10,-5.462646468640253e-06,20.59,5.623794539465141e-08
2024-08-12 00:20:00+00:00,risk_reduce,LTC,11,1.9584153177045274e-06,59.9,5.8654538765250596e-08
2024-08-12 00:20:00+00:00,risk_reduce,BCH,12,-3.107479668555549e-07,333.27,5.178148745697539e-08
2024-08-12 00:20:00+00:00,risk_reduce,FIL,16,2.7799215672426325e-05,3.516,4.887102115212548e-08
2024-08-12 01:10:00+00:00,risk_reduce,AVAX,10,-7.037861112495214e-06,20.523,7.221901180586963e-08
2024-08-12 01:10:00+00:00,risk_reduce,LTC,11,2.5231460768528058e-06,59.97,7.565653511443139e-08
2024-08-12 01:10:00+00:00,risk_reduce,BCH,12,-4.003555866692772e-07,331.32,6.632290648763245e-08
2024-08-12 01:10:00+00:00,risk_reduce,FIL,16,3.581542757014056e-05,3.518,6.299933709587723e-08
2024-08-12 01:15:00+00:00,risk_reduce,AVAX,10,-4.1019896617972354e-05,20.621,4.229356440796039e-07
2024-08-12 01:15:00+00:00,risk_reduce,LTC,11,1.4706057645951127e-05,60.18,4.425052745666694e-07
2024-08-12 01:15:00+00:00,risk_reduce,BCH,12,-2.3334567865291537e-06,333.04,3.8856722409283474e-07
2024-08-12 01:15:00+00:00,risk_reduce,FIL,16,0.00020874881057927896,3.531,3.68546025077717e-07
2024-08-12 01:20:00+00:00,risk_reduce,AVAX,10,-1.7630796421839318e-05,20.647,1.820115268608582e-07
2024-08-12 01:20:00+00:00,risk_reduce,LTC,11,6.3208230615093355e-06,60.25,1.9041479472796872e-07
2024-08-12 01:20:00+00:00,risk_reduce,BCH,12,-1.002945032885119e-06,334.21,1.675971297202678e-07
2024-08-12 01:20:00+00:00,risk_reduce,FIL,16,8.972250264063092e-05,3.538,1.587191071712761e-07
2024-08-12 04:10:00+00:00,risk_reduce,AVAX,10,-1.7152549629117705e-05,20.729,1.7777760063099044e-07
2024-08-12 04:10:00+00:00,risk_reduce,LTC,11,6.149366634686584e-06,60.66,1.865102900300441e-07
2024-08-12 04:10:00+00:00,risk_reduce,BCH,12,-9.757394981051767e-07,333.95,1.6292410269611188e-07
2024-08-12 04:10:00+00:00,risk_reduce,FIL,16,8.728872153986739e-05,3.521,1.5367179427093653e-07
2024-08-12 05:15:00+00:00,risk_reduce,AVAX,10,-1.760520897868198e-06,20.669,1.819410321901889e-08
2024-08-12 05:15:00+00:00,risk_reduce,LTC,11,6.311649698208591e-07,60.64,1.9136921884968445e-08
2024-08-12 05:15:00+00:00,risk_reduce,BCH,12,-1.0014894662494726e-07,336.2,1.6835037927653633e-08
2024-08-12 05:15:00+00:00,risk_reduce,FIL,16,8.959228904266425e-06,3.523,1.5781681714865307e-08
2024-08-12 05:20:00+00:00,risk_reduce,AVAX,10,-6.641755273179006e-06,20.66,6.860933197193914e-08
2024-08-12 05:20:00+00:00,risk_reduce,LTC,11,2.381138032290543e-06,60.75,7.232706773082526e-08
2024-08-12 05:20:00+00:00,risk_reduce,BCH,12,-3.778227200570928e-07,336.59,6.358567467200843e-08
2024-08-12 05:20:00+00:00,risk_reduce,FIL,16,3.379965889107467e-05,3.52,5.9487399648291417e-08
2024-08-12 05:30:00+00:00,risk_reduce,AVAX,10,-5.583618762142195e-08,20.694,5.77737033318853e-10
2024-08-12 05:30:00+00:00,risk_reduce,LTC,11,2.001785137477341e-08,60.7,6.07541789224373e-10
2024-08-12 05:30:00+00:00,risk_reduce,BCH,12,-3.1762959364469226e-09,338.65,5.378263094388751e-10
2024-08-12 05:30:00+00:00,risk_reduce,FIL,16,2.8414839417512106e-07,3.522,5.003853221423882e-10
2024-08-12 05:35:00+00:00,risk_reduce,AVAX,10,-8.92420660274576e-06,20.712,9.24190835780351e-08
2024-08-12 05:35:00+00:00,risk_reduce,LTC,11,3.199420465795598e-06,60.77,9.721439085319925e-08
2024-08-12 05:35:00+00:00,risk_reduce,BCH,12,-5.076621878281852e-07,339.45,8.616296482913872e-08
2024-08-12 05:35:00+00:00,risk_reduce,FIL,16,4.5414973397828184e-05,3.523,7.999847564027435e-08
2024-08-12 07:35:00+00:00,risk_reduce,AVAX,10,-5.756291104000097e-05,20.855,6.002372548696101e-07
2024-08-12 07:35:00+00:00,risk_reduce,LTC,11,2.0636899597942238e-05,60.86,6.279808547653823e-07
2024-08-12 07:35:00+00:00,risk_reduce,BCH,12,-3.274522280483235e-06,344.63,5.642493067614686e-07
2024-08-12 07:35:00+00:00,risk_reduce,FIL,16,0.00029293562889712993,3.555,5.206930803646485e-07
2024-08-12 07:50:00+00:00,risk_reduce,AVAX,10,-1.5027700349333137e-05,21.035,1.5805383842411126e-07
2024-08-12 07:50:00+00:00,risk_reduce,LTC,11,5.387586167795652e-06,60.77,1.637018057084709e-07
2024-08-12 07:50:00+00:00,risk_reduce,BCH,12,-8.548653764943156e-07,347.66,1.4860124839600688e-07
2024-08-12 07:50:00+00:00,risk_reduce,FIL,16,7.647543831913739e-05,3.569,1.3647041968050067e-07
2024-08-12 08:10:00+00:00,risk_reduce,AVAX,10,-3.397808328013327e-05,21.28,3.61526806100618e-07
2024-08-12 08:10:00+00:00,risk_reduce,LTC,11,1.2181494655393033e-05,60.89,3.708656047834409e-07
2024-08-12 08:10:00+00:00,risk_reduce,BCH,12,-1.9328763736704184e-06,348.51,3.3681337249393875e-07
2024-08-12 08:10:00+00:00,risk_reduce,FIL,16,0.00017291327027343234,3.584,3.098605803299908e-07
2024-08-12 08:15:00+00:00,risk_reduce,AVAX,10,-2.757097911736811e-06,21.28,2.9335521780879672e-08
2024-08-12 08:15:00+00:00,risk_reduce,LTC,11,9.884481475697787e-07,60.85,3.007353488981052e-08
2024-08-12 08:15:00+00:00,risk_reduce,BCH,12,-1.5684020106591055e-07,348.36,2.73184262216603e-08
2024-08-12 08:15:00+00:00,risk_reduce,FIL,16,1.4030774262686896e-05,3.589,2.5178224414391633e-08
2024-08-12 08:25:00+00:00,risk_reduce,AVAX,10,-2.64669261043661e-05,21.34,2.8240210153358627e-07
2024-08-12 08:25:00+00:00,risk_reduce,LTC,11,9.488667039482881e-06,60.99,2.8935690136903047e-07
2024-08-12 08:25:00+00:00,risk_reduce,BCH,12,-1.505596879289653e-06,347.77,2.6180071335528127e-07
2024-08-12 08:25:00+00:00,risk_reduce,FIL,16,0.00013468925569050383,3.599,2.4237331561506167e-07
2024-08-12 10:40:00+00:00,risk_reduce,AVAX,10,-6.71501027207054e-06,21.13,7.094408352442526e-08
2024-08-12 10:40:00+00:00,risk_reduce,LTC,11,2.4074007078543277e-06,60.74,7.311275949753593e-08
2024-08-12 10:40:00+00:00,risk_reduce,BCH,12,-3.8198990204448523e-07,344.17,6.573473229332524e-08
2024-08-12 10:40:00+00:00,risk_reduce,FIL,16,3.417245100291455e-05,3.626,6.195465366828407e-08
2024-08-12 10:45:00+00:00,risk_reduce,AVAX,10,-1.931929208368391e-05,21.133,2.04137299802246e-07
2024-08-12 10:45:00+00:00,risk_reduce,LTC,11,6.926166238487366e-06,60.82,2.106247153124008e-07
2024-08-12 10:45:00+00:00,risk_reduce,BCH,12,-1.098996753781667e-06,344.21,1.891428363095938e-07
2024-08-12 10:45:00+00:00,risk_reduce,FIL,16,9.831519765302749e-05,3.635,1.7868787173437743e-07
2024-08-12 11:00:00+00:00,risk_reduce,AVAX,10,-1.663251029586192e-05,21.205,1.7634619041187603e-07
2024-08-12 11:00:00+00:00,risk_reduce,LTC,11,5.962927149373749e-06,60.87,1.8148168779119004e-07
2024-08-12 11:00:00+00:00,risk_reduce,BCH,12,-9.461565539365226e-07,344.94,1.6318362085743206e-07
2024-08-12 11:00:00+00:00,risk_reduce,FIL,16,8.46422596708224e-05,3.643,1.5417587599040297e-07
2024-08-12 11:05:00+00:00,risk_reduce,AVAX,10,-2.603028080896963e-05,21.25,2.765717335953023e-07
2024-08-12 11:05:00+00:00,risk_reduce,LTC,11,9.332125180181242e-06,60.97,2.8448983611782516e-07
2024-08-12 11:05:00+00:00,risk_reduce,BCH,12,-1.4807578862189447e-06,345.68,2.559341930540824e-07
2024-08-12 11:05:00+00:00,risk_reduce,FIL,16,0.00013246718314584988,3.655,2.4208377719904067e-07
2024-08-12 11:10:00+00:00,risk_reduce,AVAX,10,-5.772746089223804e-05,21.367,6.167313284422252e-07
2024-08-12 11:10:00+00:00,risk_reduce,LTC,11,2.0695892423671248e-05,61.25,6.338117054749319e-07
2024-08-12 11:10:00+00:00,risk_reduce,BCH,12,-3.283882859155549e-06,346.73,5.693103518775018e-07
2024-08-12 11:10:00+00:00,risk_reduce,FIL,16,0.0002937730173053765,3.678,5.402485788245875e-07
2024-08-12 11:15:00+00:00,risk_reduce,AVAX,10,-5.5949312550741814e-06,21.436,5.996647319188507e-08
2024-08-12 11:15:00+00:00,risk_reduce,LTC,11,2.005840783279606e-06,61.23,6.140881558010515e-08
2024-08-12 11:15:00+00:00,risk_reduce,BCH,12,-3.1827311582240374e-07,346.8,5.518855828360481e-08
2024-08-12 11:15:00+00:00,risk_reduce,FIL,16,2.8472408296065232e-05,3.683,5.243193987720412e-08
2024-08-12 11:20:00+00:00,risk_reduce,AVAX,10,-4.7860108159073975e-05,21.486,5.141611419529317e-07
2024-08-12 11:20:00+00:00,risk_reduce,LTC,11,1.7158344305052108e-05,61.39,5.266753784435744e-07
2024-08-12 11:20:00+00:00,risk_reduce,BCH,12,-2.722568884751405e-06,347.71,4.7333221345845547e-07
2024-08-12 11:20:00+00:00,risk_reduce,FIL,16,0.00024355840643500853,3.708,4.515572855305059e-07
2024-08-12 11:30:00+00:00,risk_reduce,AVAX,10,-9.274827768595076e-06,21.462,9.952817678479375e-08
2024-08-12 11:30:00+00:00,risk_reduce,LTC,11,3.325121783985443e-06,61.43,1.0213111559511289e-07
2024-08-12 11:30:00+00:00,risk_reduce,BCH,12,-5.276076144725746e-07,347.19,9.15900438343666e-08
2024-08-12 11:30:00+00:00,risk_reduce,FIL,16,4.719927217402414e-05,3.713,8.762544879107582e-08
2024-08-12 11:35:00+00:00,risk_reduce,AVAX,10,-2.524318702215242e-05,21.461,2.7087201834120653e-07
2024-08-12 11:35:00+00:00,risk_reduce,LTC,11,9.049943908260704e-06,61.46,2.7810477630085143e-07
2024-08-12 11:35:00+00:00,risk_reduce,BCH,12,-1.4359832892572432e-06,348.42,2.5016264882150436e-07
2024-08-12 11:35:00+00:00,risk_reduce,FIL,16,0.00012846169055910628,3.73,2.395810528927332e-07
2024-08-12 11:40:00+00:00,risk_reduce,AVAX,10,-1.1075990444461836e-06,21.421,1.1862939565540849e-08
2024-08-12 11:40:00+00:00,risk_reduce,LTC,11,3.970857252013141e-07,61.65,1.2240167479330506e-08
2024-08-12 11:40:00+00:00,risk_reduce,BCH,12,-6.300685082374392e-08,348.25,1.097106789968441e-08
2024-08-12 11:40:00+00:00,risk_reduce,FIL,16,5.636532565654606e-06,3.718,1.0478314039551913e-08
2024-08-12 11:50:00+00:00,risk_reduce,AVAX,10,-2.1756464012668078e-05,21.467,2.335230064799728e-07
2024-08-12 11:50:00+00:00,risk_reduce,LTC,11,7.799917608816796e-06,61.7,2.4062745823199814e-07
2024-08-12 11:50:00+00:00,risk_reduce,BCH,12,-1.2376376536014314e-06,348.51,2.1566454932831743e-07
2024-08-12 11:50:00+00:00,risk_reduce,FIL,16,0.00011071787984627546,3.731,2.0654420485322685e-07
2024-08-12 11:55:00+00:00,risk_reduce,AVAX,10,-1.5091967974544332e-05,21.528,1.624499432779952e-07
2024-08-12 11:55:00+00:00,risk_reduce,LTC,11,5.41062677684263e-06,61.75,1.670531017350162e-07
2024-08-12 11:55:00+00:00,risk_reduce,BCH,12,-8.585213029730764e-07,348.14,1.4944280320852341e-07
2024-08-12 11:55:00+00:00,risk_reduce,FIL,16,7.680249400254108e-05,3.739,1.4358226253775053e-07
2024-08-12 12:10:00+00:00,risk_reduce,AVAX,10,-2.0349818288091168e-05,21.567,2.194422655096311e-07
2024-08-12 12:10:00+00:00,risk_reduce,LTC,11,7.295620552544291e-06,61.72,2.251428502515168e-07
2024-08-12 12:10:00+00:00,risk_reduce,BCH,12,-1.1576192410046133e-06,347.88,2.0135629078034243e-07
2024-08-12 12:10:00+00:00,risk_reduce,FIL,16,0.00010355950924757773,3.757,1.9453653812157475e-07
2024-08-12 15:05:00+00:00,risk_reduce,AVAX,10,-1.7019345076904613e-05,21.67,1.844046039082615e-07
2024-08-12 15:05:00+00:00,risk_reduce,LTC,11,6.101611423555992e-06,61.71,1.8826522047382015e-07
2024-08-12 15:05:00+00:00,risk_reduce,BCH,12,-9.681620273656539e-07,349.93,1.6939446911803163e-07
2024-08-12 15:05:00+00:00,risk_reduce,FIL,16,8.661084826053905e-05,3.769,1.6321814354698583e-07
2024-08-13 01:20:00+00:00,risk_reduce,AVAX,10,-2.4488816140817715e-05,21.272,2.604630484737372e-07
2024-08-13 01:20:00+00:00,risk_reduce,LTC,11,8.779494136759713e-06,62.59,2.7475426900989527e-07
2024-08-13 01:20:00+00:00,risk_reduce,BCH,12,-1.3930701666571305e-06,363.08,2.528979580549355e-07
2024-08-13 01:20:00+00:00,risk_reduce,FIL,16,0.00012462272368699012,3.725,2.321098228670191e-07
2024-08-13 01:25:00+00:00,risk_reduce,AVAX,10,-2.4155474877100847e-07,21.275,2.5695386400516024e-09
2024-08-13 01:25:00+00:00,risk_reduce,LTC,11,8.65998784241144e-08,62.39,2.7014832074402487e-09
2024-08-13 01:25:00+00:00,risk_reduce,BCH,12,-1.3741077240793896e-08,360.11,2.4741496625911453e-09
2024-08-13 01:25:00+00:00,risk_reduce,FIL,16,1.2292636172445137e-06,3.741,2.2993375960558627e-09
2024-08-13 01:55:00+00:00,risk_reduce,AVAX,10,-9.636930791315917e-06,21.329,1.0277304842398861e-07
2024-08-13 01:55:00+00:00,risk_reduce,LTC,11,3.4549394667426382e-06,62.29,1.0760408969169947e-07
2024-08-13 01:55:00+00:00,risk_reduce,BCH,12,-5.482061977322376e-07,360.51,9.881690817222448e-08
2024-08-13 01:55:00+00:00,risk_reduce,FIL,16,4.904200171583495e-05,3.755,9.207635822148011e-08
2024-08-13 16:40:00+00:00,risk_reduce,AVAX,10,-8.359893123574547e-06,21.376,8.935053770476477e-08
2024-08-13 16:40:00+00:00,risk_reduce,LTC,11,2.997108240770322e-06,62.96,9.434896741944974e-08
2024-08-13 16:40:00+00:00,risk_reduce,BCH,12,-4.7556066573107084e-07,352.38,8.378903369515738e-08
2024-08-13 16:40:00+00:00,risk_reduce,FIL,16,4.2543201958032684e-05,3.721,7.915162724291981e-08
2024-08-13 16:50:00+00:00,risk_reduce,AVAX,10,-2.628118251699063e-05,21.529,2.8290378920414564e-07
2024-08-13 16:50:00+00:00,risk_reduce,LTC,11,9.422076040272419e-06,62.92,2.964185122269703e-07
2024-08-13 16:50:00+00:00,risk_reduce,BCH,12,-1.4950306743439362e-06,353.04,2.6390281463519167e-07
2024-08-13 16:50:00+00:00,risk_reduce,FIL,16,0.00013374401310985162,3.743,2.503019205350873e-07
2024-08-13 17:00:00+00:00,risk_reduce,AVAX,10,-2.4260975794356682e-05,21.528,2.611451434504553e-07
2024-08-13 17:00:00+00:00,risk_reduce,LTC,11,8.697811013559046e-06,62.98,2.7389406881697435e-07
2024-08-13 17:00:00+00:00,risk_reduce,BCH,12,-1.3801092465542302e-06,355.44,2.452730152976178e-07
2024-08-13 17:00:00+00:00,risk_reduce,FIL,16,0.00012346325218054455,3.757,2.3192571922115294e-07
2024-08-13 17:20:00+00:00,risk_reduce,AVAX,10,-4.5200064016075875e-06,21.459,4.8497408686048617e-08
2024-08-13 17:20:00+00:00,risk_reduce,LTC,11,1.6204690938444177e-06,63.08,5.110959521985293e-08
2024-08-13 17:20:00+00:00,risk_reduce,BCH,12,-2.5712496818839324e-07,354.3,4.5549688114573866e-08
2024-08-13 17:20:00+00:00,risk_reduce,FIL,16,2.3002153538655146e-05,3.755,4.3186543268825035e-08
2024-08-13 17:50:00+00:00,risk_reduce,AVAX,10,-2.377643798720519e-07,21.523,2.5587013739930866e-09
2024-08-13 17:50:00+00:00,risk_reduce,LTC,11,8.524099192903228e-08,63.28,2.697024984634582e-09
2024-08-13 17:50:00+00:00,risk_reduce,BCH,12,-1.3525458412880047e-08,355.05,2.4011070047465308e-09
2024-08-13 17:50:00+00:00,risk_reduce,FIL,16,1.2099745632862535e-06,3.74,2.2626524333452943e-09
2024-08-13 17:55:00+00:00,risk_reduce,AVAX,10,-2.437326261581392e-05,21.524,2.6230505227138943e-07
2024-08-13 17:55:00+00:00,risk_reduce,LTC,11,8.7380670016372e-06,63.36,2.7682196261186646e-07
2024-08-13 17:55:00+00:00,risk_reduce,BCH,12,-1.386496791798593e-06,355.31,2.4631808754697904e-07
2024-08-13 17:55:00+00:00,risk_reduce,FIL,16,0.0001240346758640612,3.754,2.3281308659684284e-07
2024-08-14 12:45:00+00:00,risk_reduce,AVAX,10,-1.965441727015682e-06,21.808,2.1431176591378996e-08
2024-08-14 12:45:00+00:00,risk_reduce,LTC,11,7.04631208763018e-07,63.91,2.251649027602224e-08
2024-08-14 12:45:00+00:00,risk_reduce,BCH,12,-1.1180606765404371e-07,347.53,1.9427981345904904e-08
2024-08-14 12:45:00+00:00,risk_reduce,FIL,16,1.0002063793541904e-05,3.719,1.8598837624091173e-08
2024-08-15 11:30:00+00:00,risk_reduce,AVAX,10,-3.851607247595118e-06,21.023,4.048616958309608e-08
2024-08-15 11:30:00+00:00,risk_reduce,LTC,11,1.3808410767148296e-06,65.44,4.5181120030109227e-08
2024-08-15 11:30:00+00:00,risk_reduce,BCH,12,-2.1910243106285088e-07,337.55,3.697901280263266e-08
2024-08-15 11:30:00+00:00,risk_reduce,FIL,16,1.9600693761910593e-05,3.63,3.5575259177867726e-08
2024-08-15 11:40:00+00:00,risk_reduce,AVAX,10,-6.155996382119916e-06,21.106,6.496422982051148e-08
2024-08-15 11:40:00+00:00,risk_reduce,LTC,11,2.20698844043566e-06,65.45,7.222369671325698e-08
2024-08-15 11:40:00+00:00,risk_reduce,BCH,12,-3.5018985224382487e-07,338.19,5.9215353065169565e-08
2024-08-15 11:40:00+00:00,risk_reduce,FIL,16,3.132764898619578e-05,3.633,5.6906674383424634e-08
2024-08-15 12:40:00+00:00,risk_reduce,AVAX,10,-2.5978016473587537e-05,21.052,2.7344460140098244e-07
2024-08-15 12:40:00+00:00,risk_reduce,LTC,11,9.313387874816843e-06,65.34,3.042683818702663e-07
2024-08-15 12:40:00+00:00,risk_reduce,BCH,12,-1.4777847785774631e-06,340.24,2.5140074653159803e-07
2024-08-15 12:40:00+00:00,risk_reduce,FIL,16,0.0001322012117820487,3.661,2.4199431816704014e-07
2024-08-15 13:25:00+00:00,risk_reduce,AVAX,10,-3.104110507272037e-06,20.98,3.256211922128367e-08
2024-08-15 13:25:00+00:00,risk_reduce,LTC,11,1.1128557559393626e-06,65.6,3.6501668794811095e-08
2024-08-15 13:25:00+00:00,risk_reduce,BCH,12,-1.7658035067198534e-07,340.12,3.002925443527783e-08
2024-08-15 13:25:00+00:00,risk_reduce,FIL,16,1.5796709151520705e-05,3.646,2.8797400783222244e-08
2024-08-15 13:30:00+00:00,risk_reduce,AVAX,10,-3.6887174865458255e-06,20.986,3.8705712586325355e-08
2024-08-15 13:30:00+00:00,risk_reduce,LTC,11,1.322443410864231e-06,65.47,4.329018505464061e-08
2024-08-15 13:30:00+00:00,risk_reduce,BCH,12,-2.0983628829516262e-07,340.24,3.5697349364773065e-08
2024-08-15 13:30:00+00:00,risk_reduce,FIL,16,1.8771753499298438e-05,3.658,3.433353715021684e-08
2024-08-15 13:35:00+00:00,risk_reduce,AVAX,10,-8.912487010381484e-06,21.01,9.36256760440575e-08
2024-08-15 13:35:00+00:00,risk_reduce,LTC,11,3.195218870591897e-06,65.49,1.0462744191753164e-07
2024-08-15 13:35:00+00:00,risk_reduce,BCH,12,-5.06995507397706e-07,341.16,8.64832936519007e-08
2024-08-15 13:35:00+00:00,risk_reduce,FIL,16,4.535533280464882e-05,3.663,8.30682920317143e-08
2024-08-15 14:30:00+00:00,risk_reduce,AVAX,10,-2.0934442005534834e-05,21.003,2.1984304272112405e-07
2024-08-15 14:30:00+00:00,risk_reduce,LTC,11,7.505214208276215e-06,65.82,2.4699659959437024e-07
2024-08-15 14:30:00+00:00,risk_reduce,BCH,12,-1.1908761307949552e-06,340.75,2.0289552078419049e-07
2024-08-15 14:30:00+00:00,risk_reduce,FIL,16,0.00010653463877530883,3.657,1.947985870006522e-07
2024-08-15 14:35:00+00:00,risk_reduce,AVAX,10,-1.3499995915858612e-05,21.048,1.4207395701849603e-07
2024-08-15 14:35:00+00:00,risk_reduce,LTC,11,4.839888310975097e-06,65.72,1.5903872989864168e-07
2024-08-15 14:35:00+00:00,risk_reduce,BCH,12,-7.679604212891978e-07,341.67,1.311945185709401e-07
2024-08-15 14:35:00+00:00,risk_reduce,FIL,16,6.870100421037945e-05,3.674,1.2620374473446704e-07
2024-08-15 14:40:00+00:00,risk_reduce,AVAX,10,-1.4738393753176149e-06,20.996,1.547236576208432e-08
2024-08-15 14:40:00+00:00,risk_reduce,LTC,11,5.283866757670001e-07,65.93,1.7418266766659162e-08
2024-08-15 14:40:00+00:00,risk_reduce,BCH,12,-8.384078888882141e-08,341.57,1.4318749130377364e-08
2024-08-15 14:40:00+00:00,risk_reduce,FIL,16,7.5003167230719425e-06,3.661,1.3729329761583192e-08
2024-08-15 16:05:00+00:00,risk_reduce,AVAX,10,-2.5926843481710593e-06,20.97,2.7184295390573558e-08
2024-08-15 16:05:00+00:00,risk_reduce,LTC,11,9.295041827396024e-07,66.03,3.068758059314797e-08
2024-08-15 16:05:00+00:00,risk_reduce,BCH,12,-1.4748737530746736e-07,342.79,2.5278598690823368e-08
2024-08-15 16:05:00+00:00,risk_reduce,FIL,16,1.319407942269174e-05,3.656,2.4118777184680503e-08
2024-08-15 16:30:00+00:00,risk_reduce,AVAX,10,-1.942397689430435e-05,20.894,2.029222866147975e-07
2024-08-15 16:30:00+00:00,risk_reduce,LTC,11,6.96369682697158e-06,66.47,2.3143846404440043e-07
2024-08-15 16:30:00+00:00,risk_reduce,BCH,12,-1.1049518512326346e-06,343.81,1.8994674798614607e-07
2024-08-15 16:30:00+00:00,risk_reduce,FIL,16,9.884793497087763e-05,3.641,1.7995266561448272e-07
2024-08-17 22:20:00+00:00,risk_reduce,AVAX,10,-1.2425404780544089e-05,20.595,1.2795060572765273e-07
2024-08-17 22:20:00+00:00,risk_reduce,LTC,11,4.454636262952137e-06,67.62,1.5061125205041179e-07
2024-08-17 22:20:00+00:00,risk_reduce,BCH,12,-7.068312575373619e-07,341.33,1.2063135656761386e-07
2024-08-17 22:20:00+00:00,risk_reduce,FIL,16,6.323244773289577e-05,3.579,1.1315446521801699e-07
2024-08-17 23:10:00+00:00,risk_reduce,AVAX,10,-3.906432188869463e-06,20.585,4.020695330393895e-08
2024-08-17 23:10:00+00:00,risk_reduce,LTC,11,1.4004963858039142e-06,67.77,4.745582003296563e-08
2024-08-17 23:10:00+00:00,risk_reduce,BCH,12,-2.2222120126555531e-07,340.84,3.7870937119675934e-08
2024-08-17 23:10:00+00:00,risk_reduce,FIL,16,1.9879695959006127e-05,3.572,3.550513698278494e-08
2024-08-18 10:40:00+00:00,risk_reduce,AVAX,10,-1.1417146366168862e-07,20.958,1.196402767710835e-09
2024-08-18 10:40:00+00:00,risk_reduce,LTC,11,4.093165182142422e-08,67.56,1.3826711985277102e-09
2024-08-18 10:40:00+00:00,risk_reduce,BCH,12,-6.494754952379375e-09,342.66,1.1127463659911586e-09
2024-08-18 10:40:00+00:00,risk_reduce,FIL,16,5.810145613793782e-07,3.583,1.040887586711156e-09
2024-08-18 10:45:00+00:00,risk_reduce,AVAX,10,-1.2432469250549597e-05,20.989,1.3047254854989276e-07
2024-08-18 10:45:00+00:00,risk_reduce,LTC,11,4.457168948592341e-06,67.63,1.5071916799665e-07
2024-08-18 10:45:00+00:00,risk_reduce,BCH,12,-7.072331267968029e-07,342.53,1.2112428146085443e-07
2024-08-18 10:45:00+00:00,risk_reduce,FIL,16,6.326839857218047e-05,3.588,1.1350350703849178e-07
2024-08-18 12:30:00+00:00,risk_reduce,AVAX,10,-2.0882838704841533e-05,21.072,2.200215885942104e-07
2024-08-18 12:30:00+00:00,risk_reduce,LTC,11,7.486713890691478e-06,67.8,2.537996008944411e-07
2024-08-18 12:30:00+00:00,risk_reduce,BCH,12,-1.1879406267556718e-06,343.07,2.0377339541053417e-07
2024-08-18 12:30:00+00:00,risk_reduce,FIL,16,0.000106272031393774,3.592,1.9086456838321812e-07
2024-08-18 12:35:00+00:00,risk_reduce,AVAX,10,-3.2908304151221465e-05,21.116,3.4744587522859627e-07
2024-08-18 12:35:00+00:00,risk_reduce,LTC,11,1.179796776148729e-05,67.95,4.008359546965307e-07
2024-08-18 12:35:00+00:00,risk_reduce,BCH,12,-1.8720209455913833e-06,343.28,3.21313675101305e-07
2024-08-18 12:35:00+00:00,risk_reduce,FIL,16,0.00016746920192721448,3.608,3.0211444027669497e-07
2024-08-18 12:40:00+00:00,risk_reduce,AVAX,10,-8.309297855774514e-06,21.13,8.778773184625775e-08
2024-08-18 12:40:00+00:00,risk_reduce,LTC,11,2.9789693134153923e-06,68.03,1.0132964119582458e-07
2024-08-18 12:40:00+00:00,risk_reduce,BCH,12,-4.72682504625249e-07,343.45,8.11714031067709e-08
2024-08-18 12:40:00+00:00,risk_reduce,FIL,16,4.22857244204225e-05,3.609,7.630458971665241e-08
2024-08-18 12:45:00+00:00,risk_reduce,AVAX,10,-1.3701604340346507e-05,21.17,1.4503148194256778e-07
2024-08-18 12:45:00+00:00,risk_reduce,LTC,11,4.912167018550611e-06,68.04,1.671119219710918e-07
2024-08-18 12:45:00+00:00,risk_reduce,BCH,12,-7.794291129517832e-07,343.88,1.3401504168092962e-07
2024-08-18 12:45:00+00:00,risk_reduce,FIL,16,6.972698238888464e-05,3.619,1.2617097463268674e-07
2024-08-19 08:05:00+00:00,exit_scheduled,AVAX,10,-0.010392512626501225,20.666,0.00010738583296963717
2024-08-19 08:05:00+00:00,exit_scheduled,LTC,11,0.003725823377737262,66.59,0.00012405128936176214
2024-08-19 08:05:00+00:00,exit_scheduled,BCH,12,-0.0005911882066220243,332.83,9.838258540500417e-05
2024-08-19 08:05:00+00:00,exit_scheduled,FIL,16,0.05288713108949552,3.563,9.421842403593627e-05
2024-08-19 08:05:00+00:00,entry,AVAX,10,0.010762107530844313,20.666,0.0001112048571162143
2024-08-19 08:05:00+00:00,entry,LTC,11,-0.0033783989325785577,66.59,0.00011248379246020309
2024-08-19 08:05:00+00:00,entry,BCH,12,0.0006306200708549682,332.83,0.00010494463909132952
2024-08-19 08:05:00+00:00,entry,FIL,16,-0.058190122788291186,3.563,0.00010366570374734076
2024-08-19 08:10:00+00:00,risk_reduce,AVAX,10,-6.60451768438354e-06,20.687,6.831382866842114e-08
2024-08-19 08:10:00+00:00,risk_reduce,LTC,11,2.0732645005794303e-06,66.58,6.901897522428924e-08
2024-08-19 08:10:00+00:00,risk_reduce,BCH,12,-3.8700053852389147e-07,333.14,6.44626797019246e-08
2024-08-19 08:10:00+00:00,risk_reduce,FIL,16,3.571026343215933e-05,3.568,6.370710996297225e-08
2024-08-19 08:15:00+00:00,risk_reduce,AVAX,10,-4.527248232241016e-06,20.686,4.6825328466068824e-08
2024-08-19 08:15:00+00:00,risk_reduce,LTC,11,1.4211761545299129e-06,66.6,4.7325165945846095e-08
2024-08-19 08:15:00+00:00,risk_reduce,BCH,12,-2.6528015937513517e-07,333.39,4.4220876167038156e-08
2024-08-19 08:15:00+00:00,risk_reduce,FIL,16,2.4478581892271867e-05,3.57,4.369426867770528e-08
2024-08-19 08:20:00+00:00,risk_reduce,AVAX,10,-1.858355414770252e-05,20.755,1.928508331677829e-07
2024-08-19 08:20:00+00:00,risk_reduce,LTC,11,5.83367702991066e-06,66.7,1.945531289475205e-07
2024-08-19 08:20:00+00:00,risk_reduce,BCH,12,-1.0889281862101838e-06,333.52,1.8158966433241024e-07
2024-08-19 08:20:00+00:00,risk_reduce,FIL,16,0.00010048025394639865,3.577,1.7970893418313399e-07
2024-08-19 08:25:00+00:00,risk_reduce,AVAX,10,-3.479880249498968e-06,20.754,3.6110717349050794e-08
2024-08-19 08:25:00+00:00,risk_reduce,LTC,11,1.0923904715420991e-06,66.71,3.643668417828671e-08
2024-08-19 08:25:00+00:00,risk_reduce,BCH,12,-2.039082329567763e-07,333.47,3.39986392220481e-08
2024-08-19 08:25:00+00:00,risk_reduce,FIL,16,1.8815520884410408e-05,3.579,3.367037462265243e-08
2024-08-19 08:30:00+00:00,risk_reduce,AVAX,10,-2.8416282302282103e-06,20.759,2.949468021565371e-08
2024-08-19 08:30:00+00:00,risk_reduce,LTC,11,8.920328803882493e-07,66.71,2.9753756725350055e-08
2024-08-19 08:30:00+00:00,risk_reduce,BCH,12,-1.6650900306973936e-07,333.52,2.7767041351909734e-08
2024-08-19 08:30:00+00:00,risk_reduce,FIL,16,1.5364527362483893e-05,3.581,2.7510186242527413e-08
2024-08-19 08:35:00+00:00,risk_reduce,AVAX,10,-7.943367790764697e-06,20.761,8.245612935203294e-08
2024-08-19 08:35:00+00:00,risk_reduce,LTC,11,2.493551117983394e-06,66.67,8.312252651797645e-08
2024-08-19 08:35:00+00:00,risk_reduce,BCH,12,-4.654522494485598e-07,333.72,7.76653623429867e-08
2024-08-19 08:35:00+00:00,risk_reduce,FIL,16,4.2949352231647087e-05,3.589,7.707261257969069e-08
2024-08-19 09:00:00+00:00,risk_reduce,AVAX,10,-3.618771564880066e-06,20.769,3.757913331549704e-08
2024-08-19 09:00:00+00:00,risk_reduce,LTC,11,1.135990692993985e-06,66.82,3.795344905292904e-08
2024-08-19 09:00:00+00:00,risk_reduce,BCH,12,-2.1204675516503773e-07,333.48,3.5356675956218395e-08
2024-08-19 09:00:00+00:00,risk_reduce,FIL,16,1.9566498578427183e-05,3.583,3.5053382203252304e-08
2024-08-19 09:05:00+00:00,risk_reduce,AVAX,10,-7.598752351482482e-06,20.766,7.889784566544261e-08
2024-08-19 09:05:00+00:00,risk_reduce,LTC,11,2.3853707798032753e-06,66.88,7.976679887662153e-08
2024-08-19 09:05:00+00:00,risk_reduce,BCH,12,-4.45259047316543e-07,333.68,7.428701945429204e-08
2024-08-19 09:05:00+00:00,risk_reduce,FIL,16,4.1086035528201115e-05,3.585,7.36467186843005e-08
2024-08-19 09:10:00+00:00,risk_reduce,AVAX,10,-5.65808796447291e-06,20.781,5.879036299485577e-08
2024-08-19 09:10:00+00:00,risk_reduce,LTC,11,1.7761649644203702e-06,66.93,5.9439360534327695e-08
2024-08-19 09:10:00+00:00,risk_reduce,BCH,12,-3.315432244877523e-07,333.86,5.534451046374049e-08
2024-08-19 09:10:00+00:00,risk_reduce,FIL,16,3.059297005312406e-05,3.586,5.485319530525144e-08
2024-08-19 09:25:00+00:00,risk_reduce,AVAX,10,-1.4304157656182953e-05,20.785,1.4865595844188135e-07
2024-08-19 09:25:00+00:00,risk_reduce,LTC,11,4.490305529709828e-06,67.01,1.504476867729278e-07
2024-08-19 09:25:00+00:00,risk_reduce,BCH,12,-8.38171230756646e-07,333.55,1.3978600700943963e-07
2024-08-19 09:25:00+00:00,risk_reduce,FIL,16,7.73417927678946e-05,3.592,1.3890585981113869e-07
2024-08-19 09:30:00+00:00,risk_reduce,AVAX,10,-2.2532785371258066e-05,20.803,2.343747670391408e-07
2024-08-19 09:30:00+00:00,risk_reduce,LTC,11,7.073404333500944e-06,67.13,2.3741881645395917e-07
2024-08-19 09:30:00+00:00,risk_reduce,BCH,12,-1.32033866662802e-06,334.36,2.207342182868724e-07
2024-08-19 09:30:00+00:00,risk_reduce,FIL,16,0.00012183352970204092,3.601,2.1936127022852467e-07
2024-08-19 09:35:00+00:00,risk_reduce,AVAX,10,-2.281879852060291e-05,20.819,2.37532283200216e-07
2024-08-19 09:35:00+00:00,risk_reduce,LTC,11,7.1631884687815145e-06,67.35,2.412203716862175e-07
2024-08-19 09:35:00+00:00,risk_reduce,BCH,12,-1.3370979892781678e-06,334.26,2.234691869480602e-07
2024-08-19 09:35:00+00:00,risk_reduce,FIL,16,0.00012337998705082287,3.605,2.223924266591082e-07
2024-08-20 00:30:00+00:00,risk_reduce,AVAX,10,-4.23417209374187e-05,21.455,4.5422081135615907e-07
2024-08-20 00:30:00+00:00,risk_reduce,LTC,11,1.3291748331685158e-05,66.86,4.4434314672823483e-07
2024-08-20 00:30:00+00:00,risk_reduce,BCH,12,-2.4810697143798095e-06,342.19,4.2449862278181353e-07
2024-08-20 00:30:00+00:00,risk_reduce,FIL,16,0.0002289393535006498,3.656,4.185011381991879e-07
2024-08-20 00:35:00+00:00,risk_reduce,AVAX,10,-4.260151184180133e-05,21.578,4.596277112611946e-07
2024-08-20 00:35:00+00:00,risk_reduce,LTC,11,1.337330088182825e-05,67.07,4.4847364507211033e-07
2024-08-20 00:35:00+00:00,risk_reduce,BCH,12,-2.496292509548753e-06,343.82,4.2913764531652607e-07
2024-08-20 00:35:00+00:00,risk_reduce,FIL,16,0.00023034402861488168,3.674,4.2314198056553764e-07
2024-08-20 01:05:00+00:00,risk_reduce,AVAX,10,-2.006245681605151e-05,21.598,2.1665447115654026e-07
2024-08-20 01:05:00+00:00,risk_reduce,LTC,11,6.297928402777993e-06,67.21,2.1164188397535445e-07
2024-08-20 01:05:00+00:00,risk_reduce,BCH,12,-1.1755864641384978e-06,343.78,2.0207155732076637e-07
2024-08-20 01:05:00+00:00,risk_reduce,FIL,16,0.00010847659923625408,3.681,1.9965118089432564e-07
2024-08-20 05:20:00+00:00,risk_reduce,AVAX,10,-1.797152611483256e-05,21.959,1.973183709778041e-07
2024-08-20 05:20:00+00:00,risk_reduce,LTC,11,5.6415515705589975e-06,67.19,1.8952792501292953e-07
2024-08-20 05:20:00+00:00,risk_reduce,BCH,12,-1.0530655858460988e-06,346.36,1.8236989815682742e-07
2024-08-20 05:20:00+00:00,risk_reduce,FIL,16,9.71710520748792e-05,3.691,1.7932917660418953e-07
2024-08-22 10:25:00+00:00,risk_reduce,AVAX,10,-5.873153475256798e-07,23.44,6.883335873000968e-09
2024-08-22 10:25:00+00:00,risk_reduce,LTC,11,1.8436774929832256e-07,63.41,5.845379491503316e-09
2024-08-22 10:25:00+00:00,risk_reduce,BCH,12,-3.4414527545745775e-08,349.57,6.015143197083176e-09
2024-08-22 10:25:00+00:00,risk_reduce,FIL,16,3.1755817427037147e-06,3.897,6.187621025658188e-09
2024-08-22 10:30:00+00:00,risk_reduce,AVAX,10,-4.965522371027514e-06,23.452,5.822571532266864e-08
2024-08-22 10:30:00+00:00,risk_reduce,LTC,11,1.5587574673358445e-06,63.47,4.946716822590303e-08
2024-08-22 10:30:00+00:00,risk_reduce,BCH,12,-2.909614181493148e-07,350.1,5.093279624703756e-08
2024-08-22 10:30:00+00:00,risk_reduce,FIL,16,2.6848306026491797e-05,3.897,5.231392429261926e-08
2024-08-22 10:35:00+00:00,risk_reduce,AVAX,10,-5.277932666858387e-06,23.444,6.186792672091401e-08
2024-08-22 10:35:00+00:00,risk_reduce,LTC,11,1.6568280921586999e-06,63.54,5.263742848788189e-08
2024-08-22 10:35:00+00:00,risk_reduce,BCH,12,-3.092675168689949e-07,350.39,5.418212261786355e-08
2024-08-22 10:35:00+00:00,risk_reduce,FIL,16,2.853749129272387e-05,3.897,5.560530178387246e-08
2024-08-22 11:00:00+00:00,risk_reduce,AVAX,10,-8.557521563113193e-06,23.498,1.0054232084501691e-07
2024-08-22 11:00:00+00:00,risk_reduce,LTC,11,2.6863438812039023e-06,63.66,8.550632573872021e-08
2024-08-22 11:00:00+00:00,risk_reduce,BCH,12,-5.014394103577914e-07,350.83,8.795999416791197e-08
2024-08-22 11:00:00+00:00,risk_reduce,FIL,16,4.62700478594813e-05,3.896,9.013405323026957e-08
2024-08-22 11:45:00+00:00,risk_reduce,AVAX,10,-6.305482624483633e-06,23.412,7.38119796022054e-08
2024-08-22 11:45:00+00:00,risk_reduce,LTC,11,1.9793925777914986e-06,63.49,6.283581738199113e-08
2024-08-22 11:45:00+00:00,risk_reduce,BCH,12,-3.694781796251918e-07,350.26,6.470671359775984e-08
2024-08-22 11:45:00+00:00,risk_reduce,FIL,16,3.409339733008443e-05,3.912,6.668668517764515e-08
2024-08-22 11:50:00+00:00,risk_reduce,AVAX,10,-1.7669785530916027e-05,23.449,2.0716940045722496e-07
2024-08-22 11:50:00+00:00,risk_reduce,LTC,11,5.5468303401962765e-06,63.48,1.7605639499782982e-07
2024-08-22 11:50:00+00:00,risk_reduce,BCH,12,-1.0353846931525834e-06,350.56,1.814822290157848e-07
2024-08-22 11:50:00+00:00,risk_reduce,FIL,16,9.553955735342595e-05,3.926,1.8754415108477515e-07
2024-08-22 11:55:00+00:00,risk_reduce,AVAX,10,-1.393798365576654e-05,23.509,1.6383402888170778e-07
2024-08-22 11:55:00+00:00,risk_reduce,LTC,11,4.37535761187895e-06,63.59,1.3911449526969122e-07
2024-08-22 11:55:00+00:00,risk_reduce,BCH,12,-8.167147759288208e-07,350.68,1.4320276881135946e-07
2024-08-22 11:55:00+00:00,risk_reduce,FIL,16,7.536191011154464e-05,3.93,1.480861533691852e-07
2024-08-22 22:15:00+00:00,risk_reduce,AVAX,10,-8.346422713832041e-06,24.728,1.0319517043381937e-07
2024-08-22 22:15:00+00:00,risk_reduce,LTC,11,2.62007655159064e-06,63.81,8.359354237849938e-08
2024-08-22 22:15:00+00:00,risk_reduce,BCH,12,-4.890697912185958e-07,346.15,8.464575411515847e-08
2024-08-22 22:15:00+00:00,risk_reduce,FIL,16,4.512864800587657e-05,3.915,8.833932847150338e-08
2024-08-22 22:20:00+00:00,risk_reduce,AVAX,10,-8.123273912575418e-07,24.701,1.0032649445726272e-08
2024-08-22 22:20:00+00:00,risk_reduce,LTC,11,2.55002654792405e-07,63.81,8.135859701151683e-09
2024-08-22 22:20:00+00:00,risk_reduce,BCH,12,-4.759940890422011e-08,346.0,8.234697740430079e-09
2024-08-22 22:20:00+00:00,risk_reduce,FIL,16,4.392209472549313e-06,3.916,8.599946147251555e-09
2024-08-22 22:25:00+00:00,risk_reduce,AVAX,10,-7.070973738846145e-06,24.719,8.739369992526895e-08
2024-08-22 22:25:00+00:00,risk_reduce,LTC,11,2.219692570729851e-06,63.87,7.08858822462578e-08
2024-08-22 22:25:00+00:00,risk_reduce,BCH,12,-4.1433315430320326e-07,346.03,7.168585069176871e-08
2024-08-22 22:25:00+00:00,risk_reduce,FIL,16,3.8232365632565046e-05,3.918,7.489720427419493e-08
2024-08-22 22:30:00+00:00,risk_reduce,AVAX,10,-3.340856458406913e-06,24.749,4.134142824455634e-08
2024-08-22 22:30:00+00:00,risk_reduce,LTC,11,1.0487486638310374e-06,63.82,3.3465569862848404e-08
2024-08-22 22:30:00+00:00,risk_reduce,BCH,12,-1.9576194815727234e-07,346.55,3.3920651566951366e-08
2024-08-22 22:30:00+00:00,risk_reduce,FIL,16,1.80638269015182e-05,3.923,3.543219646732794e-08
2024-08-22 22:45:00+00:00,risk_reduce,AVAX,10,-8.347295870826665e-06,24.818,1.035815944610881e-07
2024-08-22 22:45:00+00:00,risk_reduce,LTC,11,2.620350649637851e-06,63.79,8.357608397019926e-08
2024-08-22 22:45:00+00:00,risk_reduce,BCH,12,-4.891209550194394e-07,346.18,8.466194610431478e-08
2024-08-22 22:45:00+00:00,risk_reduce,FIL,16,4.51333691176628e-05,3.931,8.870963700076625e-08
2024-08-22 23:00:00+00:00,risk_reduce,AVAX,10,-2.445834800383559e-06,24.848,3.0387051559965334e-08
2024-08-22 23:00:00+00:00,risk_reduce,LTC,11,7.677869464876169e-07,63.82,2.4500081462419857e-08
2024-08-22 23:00:00+00:00,risk_reduce,BCH,12,-1.43316958197727e-07,346.07,2.4798849861743693e-08
2024-08-22 23:00:00+00:00,risk_reduce,FIL,16,1.3224494082246518e-05,3.931,2.5992743118655532e-08
2024-08-22 23:35:00+00:00,risk_reduce,AVAX,10,-1.2957393286475508e-05,24.94,1.615786942823496e-07
2024-08-22 23:35:00+00:00,risk_reduce,LTC,11,4.067534497547744e-06,63.72,1.295916490918711e-07
2024-08-22 23:35:00+00:00,risk_reduce,BCH,12,-7.592557729974242e-07,346.73,1.3162837708569846e-07
2024-08-22 23:35:00+00:00,risk_reduce,FIL,16,7.005991198241052e-05,3.946,1.3822820634129596e-07
2024-08-22 23:45:00+00:00,risk_reduce,AVAX,10,-1.5856205730271217e-06,25.168,1.9953449290973298e-08
2024-08-22 23:45:00+00:00,risk_reduce,LTC,11,4.977518423820992e-07,63.71,1.585588493908177e-08
2024-08-22 23:45:00+00:00,risk_reduce,BCH,12,-9.291155614690218e-08,346.11,1.6078809349002155e-08
2024-08-22 23:45:00+00:00,risk_reduce,FIL,16,8.573363123876021e-06,3.946,1.691524544340739e-08
2024-08-22 23:50:00+00:00,risk_reduce,AVAX,10,-5.60624579635724e-06,25.199,7.063589391120306e-08
2024-08-22 23:50:00+00:00,risk_reduce,LTC,11,1.7598908726664843e-06,63.78,5.6122919929334185e-08
2024-08-22 23:50:00+00:00,risk_reduce,BCH,12,-3.2850546337662677e-07,346.43,5.6902073838782405e-08
2024-08-22 23:50:00+00:00,risk_reduce,FIL,16,3.0312662304889104e-05,3.946,5.98068827275462e-08
2024-08-22 23:55:00+00:00,risk_reduce,AVAX,10,-3.6987851174483805e-06,25.223,4.664722850870025e-08
2024-08-22 23:55:00+00:00,risk_reduce,LTC,11,1.1611082361712849e-06,63.81,3.704515827504485e-08
2024-08-22 23:55:00+00:00,risk_reduce,BCH,12,-2.1673525619006484e-07,346.48,3.7547215782366837e-08
2024-08-22 23:55:00+00:00,risk_reduce,FIL,16,1.9999127451104937e-05,3.947,3.946827802475559e-08
2024-08-23 00:10:00+00:00,risk_reduce,AVAX,10,-2.127842982544044e-05,25.39,2.7012966663396637e-07
2024-08-23 00:10:00+00:00,risk_reduce,LTC,11,6.679641919873913e-06,63.75,2.1291358619598098e-07
2024-08-23 00:10:00+00:00,risk_reduce,BCH,12,-1.2468380273793645e-06,347.38,2.1656329697552183e-07
2024-08-23 00:10:00+00:00,risk_reduce,FIL,16,0.0001150512983387128,3.966,2.281467246056675e-07
2024-08-23 00:15:00+00:00,risk_reduce,AVAX,10,-2.5917097058228075e-05,25.452,3.298209771630105e-07
2024-08-23 00:15:00+00:00,risk_reduce,LTC,11,8.135794293646307e-06,63.71,2.5916572722410313e-07
2024-08-23 00:15:00+00:00,risk_reduce,BCH,12,-1.5186469319669214e-06,347.26,2.6368266679741654e-07
2024-08-23 00:15:00+00:00,risk_reduce,FIL,16,0.00014013231663148606,3.989,2.7949390552149897e-07
2024-08-23 00:20:00+00:00,risk_reduce,AVAX,10,-1.6528933846026578e-05,25.574,2.1135547708914187e-07
2024-08-23 00:20:00+00:00,risk_reduce,LTC,11,5.188698617072766e-06,63.68,1.6520816396759688e-07
2024-08-23 00:20:00+00:00,risk_reduce,BCH,12,-9.685349642962315e-07,347.52,1.6829263539611317e-07
2024-08-23 00:20:00+00:00,risk_reduce,FIL,16,8.93710351158733e-05,4.003,1.788761267844204e-07
2024-08-23 00:30:00+00:00,risk_reduce,AVAX,10,-2.760415347440731e-05,25.64,3.538852475419018e-07
2024-08-23 00:30:00+00:00,risk_reduce,LTC,11,8.665388481335357e-06,63.78,2.763392386697845e-07
2024-08-23 00:30:00+00:00,risk_reduce,BCH,12,-1.6175022568796224e-06,348.13,2.815505303437515e-07
2024-08-23 00:30:00+00:00,risk_reduce,FIL,16,0.00014925413777356483,4.019,2.999261898559786e-07
2024-08-23 00:35:00+00:00,risk_reduce,AVAX,10,-1.127561901824968e-05,25.775,1.4531454009769273e-07
2024-08-23 00:35:00+00:00,risk_reduce,LTC,11,3.539598461197585e-06,63.85,1.1300168087373291e-07
2024-08-23 00:35:00+00:00,risk_reduce,BCH,12,-6.607099626019294e-07,348.09,1.1499326544105279e-07
2024-08-23 00:35:00+00:00,risk_reduce,FIL,16,6.096665112344246e-05,4.023,1.226344187348045e-07
2024-08-23 00:40:00+00:00,risk_reduce,AVAX,10,-2.6818424386095344e-05,25.956,3.4804951168274537e-07
2024-08-23 00:40:00+00:00,risk_reduce,LTC,11,8.418735462338654e-06,64.0,2.6939953479483694e-07
2024-08-23 00:40:00+00:00,risk_reduce,BCH,12,-1.5714614110764634e-06,349.67,2.747464558055535e-07
2024-08-23 00:40:00+00:00,risk_reduce,FIL,16,0.0001450057438603658,4.034,2.924765853663578e-07
2024-08-23 06:50:00+00:00,risk_reduce,AVAX,10,-2.0341122088356894e-06,25.77,2.620953581084786e-08
2024-08-23 06:50:00+00:00,risk_reduce,LTC,11,6.385405921078245e-07,64.29,2.0525887333306024e-08
2024-08-23 06:50:00+00:00,risk_reduce,BCH,12,-1.1919152281152957e-07,350.85,2.0909172889212575e-08
2024-08-23 06:50:00+00:00,risk_reduce,FIL,16,1.0998332701850355e-05,4.02,2.210664873071921e-08
2024-08-23 06:55:00+00:00,risk_reduce,AVAX,10,-2.6428772833455433e-06,25.805,3.409972414836587e-08
2024-08-23 06:55:00+00:00,risk_reduce,LTC,11,8.296417562639498e-07,64.34,2.6689575299011266e-08
2024-08-23 06:55:00+00:00,risk_reduce,BCH,12,-1.5486292577059253e-07,350.79,2.716218286553308e-08
2024-08-23 06:55:00+00:00,risk_reduce,FIL,16,1.4289891937198373e-05,4.019,2.8715537847800133e-08
2024-08-23 09:00:00+00:00,risk_reduce,AVAX,10,-2.063651777808352e-05,25.971,2.6797550160730355e-07
2024-08-23 09:00:00+00:00,risk_reduce,LTC,11,6.47813538694024e-06,64.12,2.0768902050530412e-07
2024-08-23 09:00:00+00:00,risk_reduce,BCH,12,-1.209224333256027e-06,350.83,2.1211608641810598e-07
2024-08-23 09:00:00+00:00,risk_reduce,FIL,16,0.00011158051524646356,4.048,2.2583896285884226e-07
2024-08-23 09:20:00+00:00,risk_reduce,AVAX,10,-5.884669244643481e-06,26.06,7.667724025770456e-08
2024-08-23 09:20:00+00:00,risk_reduce,LTC,11,1.8472924785137637e-06,64.34,5.9427399033787785e-08
2024-08-23 09:20:00+00:00,risk_reduce,BCH,12,-3.448200573520979e-07,351.38,6.058143587619008e-08
2024-08-23 09:20:00+00:00,risk_reduce,FIL,16,3.1818082557984184e-05,4.039,6.425661772584906e-08
2024-08-23 09:25:00+00:00,risk_reduce,AVAX,10,-7.644256851974812e-07,26.0,9.937533907567256e-09
2024-08-23 09:25:00+00:00,risk_reduce,LTC,11,2.399655375591621e-07,64.3,7.714892032527061e-09
2024-08-23 09:25:00+00:00,risk_reduce,BCH,12,-4.4792544432467954e-08,350.59,7.851909076289469e-09
2024-08-23 09:25:00+00:00,risk_reduce,FIL,16,4.133207585660381e-06,4.043,8.355279134412461e-09
2024-08-23 09:30:00+00:00,risk_reduce,AVAX,10,-1.764598516345965e-05,26.073,2.3004188558344177e-07
2024-08-23 09:30:00+00:00,risk_reduce,LTC,11,5.539359021425154e-06,64.37,1.7828427010456858e-07
2024-08-23 09:30:00+00:00,risk_reduce,BCH,12,-1.0339900788200376e-06,350.76,1.8134118002345818e-07
2024-08-23 09:30:00+00:00,risk_reduce,FIL,16,9.541087007718801e-05,4.053,1.933501282114215e-07
2024-08-23 10:10:00+00:00,risk_reduce,AVAX,10,-1.3587645926236777e-05,26.122,1.7746824344257857e-07
2024-08-23 10:10:00+00:00,risk_reduce,LTC,11,4.265380954602757e-06,64.07,1.3664147888069933e-07
2024-08-23 10:10:00+00:00,risk_reduce,BCH,12,-7.961862685535977e-07,349.74,1.3922909278196766e-07
2024-08-23 10:10:00+00:00,risk_reduce,FIL,16,7.346765329982463e-05,4.082,1.4994748038494207e-07
2024-08-23 10:35:00+00:00,risk_reduce,AVAX,10,-4.488453577226534e-06,26.097,5.856758650244043e-08
2024-08-23 10:35:00+00:00,risk_reduce,LTC,11,1.4089978873348813e-06,64.07,4.513724732077292e-08
2024-08-23 10:35:00+00:00,risk_reduce,BCH,12,-2.630069347278781e-07,349.81,4.600122791857952e-08
2024-08-23 10:35:00+00:00,risk_reduce,FIL,16,2.4268821328887746e-05,4.086,4.958120197491767e-08
2024-08-23 10:40:00+00:00,risk_reduce,AVAX,10,-6.2866239347661446e-06,26.115,8.208759202820893e-08
2024-08-23 10:40:00+00:00,risk_reduce,LTC,11,1.973472531273824e-06,64.07,6.322019253935694e-08
2024-08-23 10:40:00+00:00,risk_reduce,BCH,12,-3.683731295026039e-07,350.07,6.447819072248827e-08
2024-08-23 10:40:00+00:00,risk_reduce,FIL,16,3.399142943325689e-05,4.091,6.952946890572699e-08
2024-08-23 10:45:00+00:00,risk_reduce,AVAX,10,-8.805323856806574e-06,26.142,1.1509438813231874e-07
2024-08-23 10:45:00+00:00,risk_reduce,LTC,11,2.7641330133140567e-06,64.07,8.85490010815158e-08
2024-08-23 10:45:00+00:00,risk_reduce,BCH,12,-5.159597168645502e-07,350.43,9.040388179042217e-08
2024-08-23 10:45:00+00:00,risk_reduce,FIL,16,4.760990121588371e-05,4.098,9.755268759134572e-08
2024-08-23 10:50:00+00:00,risk_reduce,AVAX,10,-8.735273542599328e-06,26.183,1.143578335829391e-07
2024-08-23 10:50:00+00:00,risk_reduce,LTC,11,2.7421430911669757e-06,64.07,8.784455392553406e-08
2024-08-23 10:50:00+00:00,risk_reduce,BCH,12,-5.118550251040181e-07,350.47,8.969491532410262e-08
2024-08-23 10:50:00+00:00,risk_reduce,FIL,16,4.7231143024392686e-05,4.105,9.6941921057566e-08
2024-08-23 12:55:00+00:00,risk_reduce,AVAX,10,-9.934311996558434e-06,26.356,1.3091436349064706e-07
2024-08-23 12:55:00+00:00,risk_reduce,LTC,11,3.1185405784959e-06,64.04,9.985566932343873e-08
2024-08-23 12:55:00+00:00,risk_reduce,BCH,12,-5.821142854417352e-07,351.4,1.0227747995211288e-07
2024-08-23 12:55:00+00:00,risk_reduce,FIL,16,5.371427791816402e-05,4.113,1.1046341253870433e-07
2024-08-23 13:00:00+00:00,risk_reduce,AVAX,10,-8.253872050058633e-06,26.318,1.0861270230672156e-07
2024-08-23 13:00:00+00:00,risk_reduce,LTC,11,2.591023407231153e-06,64.05,8.297752461657767e-08
2024-08-23 13:00:00+00:00,risk_reduce,BCH,12,-4.836466614107412e-07,351.11,8.490658964396267e-08
2024-08-23 13:00:00+00:00,risk_reduce,FIL,16,4.462823166329066e-05,4.12,9.193415722637877e-08
2024-08-23 13:10:00+00:00,risk_reduce,AVAX,10,-2.015245729009192e-05,26.425,2.662643419453395e-07
2024-08-23 13:10:00+00:00,risk_reduce,LTC,11,6.32618100149555e-06,64.07,2.0265920838290995e-07
2024-08-23 13:10:00+00:00,risk_reduce,BCH,12,-1.1808601621714557e-06,351.2,2.0735904447730762e-07
2024-08-23 13:10:00+00:00,risk_reduce,FIL,16,0.000108963226843381,4.135,2.2528147149869023e-07
2024-08-23 14:05:00+00:00,risk_reduce,AVAX,10,-1.298836448606136e-05,26.53,1.7229065490760394e-07
2024-08-23 14:05:00+00:00,risk_reduce,LTC,11,4.077256856047182e-06,64.04,1.3055376453063081e-07
2024-08-23 14:05:00+00:00,risk_reduce,BCH,12,-7.610705718202534e-07,354.54,1.3491498026657632e-07
2024-08-23 14:05:00+00:00,risk_reduce,FIL,16,7.022737155309988e-05,4.145,1.455462275437995e-07
2024-08-23 14:10:00+00:00,risk_reduce,AVAX,10,-1.630842142101574e-06,26.405,2.1531193381096033e-08
2024-08-23 14:10:00+00:00,risk_reduce,LTC,11,5.119476214386978e-07,64.22,1.6438638124396585e-08
2024-08-23 14:10:00+00:00,risk_reduce,BCH,12,-9.556137441091034e-08,354.84,1.695449904798371e-08
2024-08-23 14:10:00+00:00,risk_reduce,FIL,16,8.817873657668285e-06,4.137,1.8239771660886846e-08
2024-08-23 14:15:00+00:00,risk_reduce,AVAX,10,-3.404374246293758e-05,26.734,4.550627055020867e-07
2024-08-23 14:15:00+00:00,risk_reduce,LTC,11,1.0686879207268823e-05,64.45,3.443846824542379e-07
2024-08-23 14:15:00+00:00,risk_reduce,BCH,12,-1.994838578096023e-06,356.52,3.555999249313971e-07
2024-08-23 14:15:00+00:00,risk_reduce,FIL,16,0.0001840726408292928,4.149,3.8185869340036794e-07
2024-08-23 15:40:00+00:00,risk_reduce,AVAX,10,-1.5866330224913183e-05,26.391,2.0936416048284189e-07
2024-08-23 15:40:00+00:00,risk_reduce,LTC,11,4.980696665793111e-06,64.66,1.6102592320509128e-07
2024-08-23 15:40:00+00:00,risk_reduce,BCH,12,-9.297088197610147e-07,354.58,1.648280766554303e-07
2024-08-23 15:40:00+00:00,risk_reduce,FIL,16,8.578837382372528e-05,4.155,1.7822534661878929e-07
2024-08-23 15:45:00+00:00,risk_reduce,AVAX,10,-1.53931946860527e-05,26.256,2.0208185983849985e-07
2024-08-23 15:45:00+00:00,risk_reduce,LTC,11,4.832171797883398e-06,64.81,1.5658652711041151e-07
2024-08-23 15:45:00+00:00,risk_reduce,BCH,12,-9.019848106684358e-07,354.5,1.5987680769098024e-07
2024-08-23 15:45:00+00:00,risk_reduce,FIL,16,8.323015601899991e-05,4.161,1.731603395975293e-07
2024-08-23 15:50:00+00:00,risk_reduce,AVAX,10,-2.021095393624911e-05,26.212,2.6488476228848083e-07
2024-08-23 15:50:00+00:00,risk_reduce,LTC,11,6.3445440411113475e-06,64.86,2.0575356325324102e-07
2024-08-23 15:50:00+00:00,risk_reduce,BCH,12,-1.1842878513149352e-06,354.66,2.1000976467367747e-07
2024-08-23 15:50:00+00:00,risk_reduce,FIL,16,0.00010927951498794497,4.176,2.281756272948291e-07
2024-08-23 17:40:00+00:00,risk_reduce,AVAX,10,-1.1230244074678097e-06,26.177,1.4698704957142428e-08
2024-08-23 17:40:00+00:00,risk_reduce,LTC,11,3.525354535412195e-07,64.91,1.1441538144680279e-08
2024-08-23 17:40:00+00:00,risk_reduce,BCH,12,-6.580511571535521e-08,356.32,1.1723839415847685e-08
2024-08-23 17:40:00+00:00,risk_reduce,FIL,16,6.072131130213654e-06,4.174,1.2672537668755898e-08
2024-08-23 17:45:00+00:00,risk_reduce,AVAX,10,-1.6995930188012237e-05,26.196,2.226126936025843e-07
2024-08-23 17:45:00+00:00,risk_reduce,LTC,11,5.335296292180436e-06,64.97,1.7331710005148145e-07
2024-08-23 17:45:00+00:00,risk_reduce,BCH,12,-9.958992389448628e-07,358.39,1.7846016412272468e-07
2024-08-23 17:45:00+00:00,risk_reduce,FIL,16,9.189605862115757e-05,4.184,1.9224655463546165e-07
2024-08-23 17:50:00+00:00,risk_reduce,AVAX,10,-5.715254190723565e-05,26.435,7.554137226588873e-07
2024-08-23 17:50:00+00:00,risk_reduce,LTC,11,1.794110363794203e-05,65.31,5.85866739296997e-07
2024-08-23 17:50:00+00:00,risk_reduce,BCH,12,-3.348929558990893e-06,362.52,6.070269718626893e-07
2024-08-23 17:50:00+00:00,risk_reduce,FIL,16,0.000309020646905217,4.21,6.504884617354818e-07
2024-08-23 17:55:00+00:00,risk_reduce,AVAX,10,-4.5791253828163236e-07,26.415,6.047879849354659e-09
2024-08-23 17:55:00+00:00,risk_reduce,LTC,11,1.437461227839741e-07,65.31,4.694029639510674e-09
2024-08-23 17:55:00+00:00,risk_reduce,BCH,12,-2.683199703298455e-08,361.82,4.8541765832372346e-09
2024-08-23 17:55:00+00:00,risk_reduce,FIL,16,2.4759078788710864e-06,4.211,5.213024038963073e-09
2024-08-23 18:00:00+00:00,risk_reduce,AVAX,10,-8.932703397693947e-06,26.376,1.1780449240878779e-07
2024-08-23 18:00:00+00:00,risk_reduce,LTC,11,2.804119503295628e-06,65.42,9.17227489528e-08
2024-08-23 18:00:00+00:00,risk_reduce,BCH,12,-5.234236912644678e-07,361.67,9.465332320981005e-08
2024-08-23 18:00:00+00:00,risk_reduce,FIL,16,4.829863537911955e-05,4.213,1.0174107542611533e-07
2024-08-23 18:05:00+00:00,risk_reduce,AVAX,10,-7.035109613454452e-06,26.572,9.346846632435585e-08
2024-08-23 18:05:00+00:00,risk_reduce,LTC,11,2.2084342439945663e-06,65.42,7.223788412106227e-08
2024-08-23 18:05:00+00:00,risk_reduce,BCH,12,-4.122316479550315e-07,362.29,7.467370186881419e-08
2024-08-23 18:05:00+00:00,risk_reduce,FIL,16,3.803845028148983e-05,4.217,8.02040724185213e-08
2024-08-23 18:20:00+00:00,risk_reduce,AVAX,10,-3.767902491610964e-07,26.534,4.998876235620265e-09
2024-08-23 18:20:00+00:00,risk_reduce,LTC,11,1.1828052934054895e-07,65.34,3.864224893555734e-09
2024-08-23 18:20:00+00:00,risk_reduce,BCH,12,-2.2078528108190887e-08,361.15,3.9868302131365695e-09
2024-08-23 18:20:00+00:00,risk_reduce,FIL,16,2.037284128710015e-06,4.223,4.301725437771197e-09
2024-08-23 18:25:00+00:00,risk_reduce,AVAX,10,-2.378270575190307e-05,26.617,3.16512139499202e-07
2024-08-23 18:25:00+00:00,risk_reduce,LTC,11,7.46577447733026e-06,65.54,2.446534296221126e-07
2024-08-23 18:25:00+00:00,risk_reduce,BCH,12,-1.3935794214473777e-06,362.56,2.5262807751998063e-07
2024-08-23 18:25:00+00:00,risk_reduce,FIL,16,0.00012859178037152863,4.231,2.720359113759688e-07
2024-08-23 18:40:00+00:00,risk_reduce,AVAX,10,-1.80356727856653e-05,26.503,2.389997179192437e-07
2024-08-23 18:40:00+00:00,risk_reduce,LTC,11,5.6616882439428605e-06,65.56,1.85590140636447e-07
2024-08-23 18:40:00+00:00,risk_reduce,BCH,12,-1.0568243457349412e-06,362.7,1.9165509509903158e-07
2024-08-23 18:40:00+00:00,risk_reduce,FIL,16,9.75178895917389e-05,4.247,2.0707923854805757e-07
2024-08-23 18:45:00+00:00,risk_reduce,AVAX,10,-1.1418781664674846e-05,26.498,1.5128743827527705e-07
2024-08-23 18:45:00+00:00,risk_reduce,LTC,11,3.5845395222749987e-06,65.62,1.1760874172584272e-07
2024-08-23 18:45:00+00:00,risk_reduce,BCH,12,-6.690987691599683e-07,362.35,1.2122396950255727e-07
2024-08-23 18:45:00+00:00,risk_reduce,FIL,16,6.174072366920552e-05,4.254,1.3132251924440013e-07
2024-08-23 18:50:00+00:00,risk_reduce,AVAX,10,-4.626662479020188e-07,26.487,6.127320454090385e-09
2024-08-23 18:50:00+00:00,risk_reduce,LTC,11,1.452383888165057e-07,65.56,4.760914385405057e-09
2024-08-23 18:50:00+00:00,risk_reduce,BCH,12,-2.7110546999930922e-08,362.36,4.9118889054474845e-09
2024-08-23 18:50:00+00:00,risk_reduce,FIL,16,2.5016109250208807e-06,4.258,5.325929659369455e-09
2024-08-23 19:15:00+00:00,risk_reduce,AVAX,10,-1.8703818381416576e-05,26.734,2.5001394030439537e-07
2024-08-23 19:15:00+00:00,risk_reduce,LTC,11,5.871429910342309e-06,65.74,1.9299390115295168e-07
2024-08-23 19:15:00+00:00,risk_reduce,BCH,12,-1.095975229679024e-06,362.34,1.9855783236094877e-07
2024-08-23 19:15:00+00:00,risk_reduce,FIL,16,0.00010113051603556633,4.262,2.1550912967179183e-07
2024-08-23 19:20:00+00:00,risk_reduce,AVAX,10,-1.101050405228135e-05,26.72,1.4710033413847883e-07
2024-08-23 19:20:00+00:00,risk_reduce,LTC,11,3.4563746023506467e-06,65.77,1.1366287879830101e-07
2024-08-23 19:20:00+00:00,risk_reduce,BCH,12,-6.451751969303865e-07,362.93,1.170767171109726e-07
2024-08-23 19:20:00+00:00,risk_reduce,FIL,16,5.953318910138783e-05,4.27,1.27103358731463e-07
2024-08-23 19:25:00+00:00,risk_reduce,AVAX,10,-6.2483735614494995e-06,26.743,8.355012707692199e-08
2024-08-23 19:25:00+00:00,risk_reduce,LTC,11,1.9614651228724855e-06,65.79,6.452239521689041e-08
2024-08-23 19:25:00+00:00,risk_reduce,BCH,12,-3.6613179776889566e-07,363.4,6.652614765460834e-08
2024-08-23 19:25:00+00:00,risk_reduce,FIL,16,3.3784611771052464e-05,4.274,7.219771535473913e-08
2024-08-23 20:05:00+00:00,risk_reduce,AVAX,10,-5.413780994396877e-06,26.784,7.250135507696297e-08
2024-08-23 20:05:00+00:00,risk_reduce,LTC,11,1.6994730707032418e-06,65.9,5.5997637679671826e-08
2024-08-23 20:05:00+00:00,risk_reduce,BCH,12,-3.1722773113863813e-07,363.61,5.767358765966011e-08
2024-08-23 20:05:00+00:00,risk_reduce,FIL,16,2.9272015719040978e-05,4.272,6.252502557587153e-08
2024-08-23 20:25:00+00:00,risk_reduce,AVAX,10,-1.578538533178117e-05,26.844,2.1187144192316688e-07
2024-08-23 20:25:00+00:00,risk_reduce,LTC,11,4.9552867598086706e-06,65.93,1.6335102803709283e-07
2024-08-23 20:25:00+00:00,risk_reduce,BCH,12,-9.249657455912648e-07,363.62,1.6816802220594783e-07
2024-08-23 20:25:00+00:00,risk_reduce,FIL,16,8.535070924391847e-05,4.284,1.8282121920047334e-07
2024-08-23 21:55:00+00:00,risk_reduce,AVAX,10,-7.631045459956243e-06,26.708,1.0190498107225565e-07
2024-08-23 21:55:00+00:00,risk_reduce,LTC,11,2.3955081067984774e-06,66.32,7.943504882143752e-08
2024-08-23 21:55:00+00:00,risk_reduce,BCH,12,-4.471513051568709e-07,366.47,8.193376940041926e-08
2024-08-23 21:55:00+00:00,risk_reduce,FIL,16,4.1260642587456764e-05,4.268,8.805021128163273e-08
2024-08-23 22:05:00+00:00,risk_reduce,AVAX,10,-1.2933032674824346e-05,26.771,1.731151088688613e-07
2024-08-23 22:05:00+00:00,risk_reduce,LTC,11,4.0598873090984255e-06,66.53,1.350521513371591e-07
2024-08-23 22:05:00+00:00,risk_reduce,BCH,12,-7.578283304076217e-07,366.45,1.3885309583893648e-07
2024-08-23 22:05:00+00:00,risk_reduce,FIL,16,6.992819549666435e-05,4.267,1.491918050921334e-07
2024-08-23 22:10:00+00:00,risk_reduce,AVAX,10,-1.3038901418901266e-05,26.787,1.746365261540541e-07
2024-08-23 22:10:00+00:00,risk_reduce,LTC,11,4.0931212134205294e-06,66.63,1.3636233322510494e-07
2024-08-23 22:10:00+00:00,risk_reduce,BCH,12,-7.640318509262965e-07,366.37,1.3995917461193364e-07
2024-08-23 22:10:00+00:00,risk_reduce,FIL,16,7.050062196607004e-05,4.273,1.5062457883050865e-07
2024-08-23 22:15:00+00:00,risk_reduce,AVAX,10,-2.8865294923550305e-06,26.758,3.861887807821795e-08
2024-08-23 22:15:00+00:00,risk_reduce,LTC,11,9.061281099338563e-07,66.65,3.019671926354577e-08
2024-08-23 22:15:00+00:00,risk_reduce,BCH,12,-1.6914005252009583e-07,367.71,3.109724435608222e-08
2024-08-23 22:15:00+00:00,risk_reduce,FIL,16,1.5607306014249478e-05,4.274,3.3352812952451135e-08
2024-08-23 22:25:00+00:00,risk_reduce,AVAX,10,-7.33799553816715e-06,26.861,9.855294907535391e-08
2024-08-23 22:25:00+00:00,risk_reduce,LTC,11,2.3035150152846996e-06,66.64,7.675312030928619e-08
2024-08-23 22:25:00+00:00,risk_reduce,BCH,12,-4.2997965342286924e-07,366.49,7.879162159147367e-08
2024-08-23 22:25:00+00:00,risk_reduce,FIL,16,3.9676137797553523e-05,4.281,8.49267729556633e-08
2024-08-24 09:55:00+00:00,risk_reduce,AVAX,10,-3.3411594309272485e-06,27.005,4.511400521609517e-08
2024-08-24 09:55:00+00:00,risk_reduce,LTC,11,1.0488437717864028e-06,66.82,3.5041870415383715e-08
2024-08-24 09:55:00+00:00,risk_reduce,BCH,12,-1.9577970123709452e-07,362.92,3.552618458648317e-08
2024-08-24 09:55:00+00:00,risk_reduce,FIL,16,1.80654650572612e-05,4.276,3.862396429242444e-08
2024-08-24 10:00:00+00:00,risk_reduce,AVAX,10,-1.190975382806686e-05,26.989,1.6071617303284827e-07
2024-08-24 10:00:00+00:00,risk_reduce,LTC,11,3.738663593975001e-06,66.94,1.2513307049034327e-07
2024-08-24 10:00:00+00:00,risk_reduce,BCH,12,-6.978679390997385e-07,363.13,1.2670839236264405e-07
2024-08-24 10:00:00+00:00,risk_reduce,FIL,16,6.43953831205718e-05,4.28,1.3780611987802365e-07
2024-08-24 10:05:00+00:00,risk_reduce,AVAX,10,-5.192281259794318e-06,26.905,6.984916364738307e-08
2024-08-24 10:05:00+00:00,risk_reduce,LTC,11,1.6299407356286724e-06,66.95,5.456226612516981e-08
2024-08-24 10:05:00+00:00,risk_reduce,BCH,12,-3.042486582267292e-07,363.14,5.524242887422722e-08
2024-08-24 10:05:00+00:00,risk_reduce,FIL,16,2.8074378851251913e-05,4.285,6.014935668880722e-08
2024-08-24 10:20:00+00:00,risk_reduce,AVAX,10,-2.671056761163748e-05,27.068,3.615008220559017e-07
2024-08-24 10:20:00+00:00,risk_reduce,LTC,11,8.384877483252895e-06,67.19,2.81689959049881e-07
2024-08-24 10:20:00+00:00,risk_reduce,BCH,12,-1.5651413992613617e-06,363.32,2.84323586589819e-07
2024-08-24 10:20:00+00:00,risk_reduce,FIL,16,0.00014442256822016358,4.294,3.100752539686912e-07
2024-08-24 10:25:00+00:00,risk_reduce,AVAX,10,-1.5322499432018216e-06,27.169,2.081484935342515e-08
2024-08-24 10:25:00+00:00,risk_reduce,LTC,11,4.809979418729862e-07,67.16,1.6151910888094877e-08
2024-08-24 10:25:00+00:00,risk_reduce,BCH,12,-8.978423277961924e-08,363.63,1.6324120282826475e-08
2024-08-24 10:25:00+00:00,risk_reduce,FIL,16,8.28479106733393e-06,4.296,1.779573121263328e-08
2024-08-24 10:30:00+00:00,risk_reduce,AVAX,10,-9.747096767515062e-06,27.284,1.3296989410244047e-07
2024-08-24 10:30:00+00:00,risk_reduce,LTC,11,3.0597707020426843e-06,67.3,1.0296128412373632e-07
2024-08-24 10:30:00+00:00,risk_reduce,BCH,12,-5.711441589432379e-07,363.26,1.037369135888603e-07
2024-08-24 10:30:00+00:00,risk_reduce,FIL,16,5.270201548399772e-05,4.296,1.1320392925962712e-07
2024-08-24 10:35:00+00:00,risk_reduce,AVAX,10,-2.8859930006184045e-05,27.378,3.950635818546534e-07
2024-08-24 10:35:00+00:00,risk_reduce,LTC,11,9.059596965347878e-06,67.41,3.0535371571705023e-07
2024-08-24 10:35:00+00:00,risk_reduce,BCH,12,-1.6910861606994057e-06,364.25,3.0798906701737926e-07
2024-08-24 10:35:00+00:00,risk_reduce,FIL,16,0.00015604405232973878,4.315,3.366650429014115e-07
2024-08-24 10:40:00+00:00,risk_reduce,AVAX,10,-9.951992114030916e-06,27.326,1.359740682540044e-07
2024-08-24 10:40:00+00:00,risk_reduce,LTC,11,3.1240906521990373e-06,67.44,1.0534433679215155e-07
2024-08-24 10:40:00+00:00,risk_reduce,BCH,12,-5.831502755488044e-07,364.35,1.0623540144810345e-07
2024-08-24 10:40:00+00:00,risk_reduce,FIL,16,5.3809873339756564e-05,4.323,1.1631004122388382e-07
2024-08-24 10:45:00+00:00,risk_reduce,AVAX,10,-3.275327144608778e-06,27.306,4.471804150534365e-08
2024-08-24 10:45:00+00:00,risk_reduce,LTC,11,1.0281779565459066e-06,67.5,3.4701006033424346e-08
2024-08-24 10:45:00+00:00,risk_reduce,BCH,12,-1.9192217045650457e-07,363.95,3.4925036968822417e-08
2024-08-24 10:45:00+00:00,risk_reduce,FIL,16,1.7709513510280606e-05,4.323,3.8279113452471535e-08
2024-08-26 16:05:00+00:00,exit_scheduled,AVAX,10,-0.009700413267016338,26.42,0.00012814245925728583
2024-08-26 16:05:00+00:00,exit_scheduled,LTC,11,0.003045115999160423,64.08,9.756551661309995e-05
2024-08-26 16:05:00+00:00,exit_scheduled,BCH,12,-0.0005684086768540588,348.91,9.916173572057483e-05
2024-08-26 16:05:00+00:00,exit_scheduled,FIL,16,0.05244960036750029,3.992,0.00010468940233353059
2024-08-30 08:05:00+00:00,entry,AVAX,10,0.009758855564696713,23.342,0.00011389560329557534
2024-08-30 08:05:00+00:00,entry,BCH,12,0.0007058820170197285,324.18,0.0001144164161387278
2024-08-30 08:05:00+00:00,entry,HBAR,14,-4.416075622213971,0.05121,0.00011307361630678873
2024-08-30 08:05:00+00:00,entry,FIL,16,-0.0625785517933828,3.683,0.00011523840312751443
2024-08-30 08:10:00+00:00,risk_reduce,AVAX,10,-1.722400081467096e-05,23.391,2.014433015279842e-07
2024-08-30 08:10:00+00:00,risk_reduce,BCH,12,-1.245854327447198e-06,324.57,2.0218346952976854e-07
2024-08-30 08:10:00+00:00,risk_reduce,HBAR,14,0.007794201851887728,0.05128,1.9984333548240133e-07
2024-08-30 08:10:00+00:00,risk_reduce,FIL,16,0.0001104487119339484,3.691,2.0383309787410177e-07
2024-08-30 08:15:00+00:00,risk_reduce,AVAX,10,-1.0689220183881035e-05,23.416,1.2514938991287916e-07
2024-08-30 08:15:00+00:00,risk_reduce,BCH,12,-7.731775774059329e-07,324.78,1.255563067949494e-07
2024-08-30 08:15:00+00:00,risk_reduce,HBAR,14,0.004837084057815133,0.05131,1.2409539150324722e-07
2024-08-30 08:15:00+00:00,risk_reduce,FIL,16,6.854450447322386e-05,3.697,1.267045165187543e-07
2024-08-30 08:20:00+00:00,risk_reduce,AVAX,10,-2.1610016615724453e-06,23.466,2.5355032495229504e-08
2024-08-30 08:20:00+00:00,risk_reduce,BCH,12,-1.5631056342021218e-07,324.79,2.538405394662536e-08
2024-08-30 08:20:00+00:00,risk_reduce,HBAR,14,0.000977896095906594,0.0513,2.508303486000414e-08
2024-08-30 08:20:00+00:00,risk_reduce,FIL,16,1.385739890377019e-05,3.699,2.5629259272522968e-08
2024-08-30 08:25:00+00:00,risk_reduce,AVAX,10,-2.0726375019342394e-05,23.583,2.4439505104057583e-07
2024-08-30 08:25:00+00:00,risk_reduce,BCH,12,-1.4991896649322722e-06,325.33,2.4386568684620804e-07
2024-08-30 08:25:00+00:00,risk_reduce,HBAR,14,0.009379095617614297,0.05143,2.411834438069516e-07
2024-08-30 08:25:00+00:00,risk_reduce,FIL,16,0.0001329076472172605,3.705,2.462114164699751e-07
2024-08-30 09:45:00+00:00,risk_reduce,AVAX,10,-4.530185355837435e-06,23.529,5.329536561874951e-08
2024-08-30 09:45:00+00:00,risk_reduce,BCH,12,-3.2767944512055325e-07,326.41,5.3478923840899897e-08
2024-08-30 09:45:00+00:00,risk_reduce,HBAR,14,0.0020499986890261113,0.05162,5.291046616376393e-08
2024-08-30 09:45:00+00:00,risk_reduce,FIL,16,2.9049762755931074e-05,3.695,5.366943669158266e-08
2024-08-30 09:55:00+00:00,risk_reduce,AVAX,10,-8.366751081659643e-06,23.496,9.829259170733749e-08
2024-08-30 09:55:00+00:00,risk_reduce,BCH,12,-6.051876770047813e-07,326.6,9.88271476548808e-08
2024-08-30 09:55:00+00:00,risk_reduce,HBAR,14,0.0037861207437588362,0.05166,9.779549881129073e-08
2024-08-30 09:55:00+00:00,risk_reduce,FIL,16,5.3651697418298505e-05,3.699,9.922881437514308e-08
2024-09-06 16:05:00+00:00,exit_scheduled,AVAX,10,-0.009695158030579748,21.262,0.00010306922502309331
2024-09-06 16:05:00+00:00,exit_scheduled,BCH,12,-0.0007012746177643975,302.88,0.00010620102811424036
2024-09-06 16:05:00+00:00,exit_scheduled,HBAR,14,4.387251225157962,0.04745,0.00010408753531687264
2024-09-06 16:05:00+00:00,exit_scheduled,FIL,16,0.062170092070680354,3.321,0.00010323343788336473
2024-09-12 00:05:00+00:00,entry,ADA,6,-0.6993308093813487,0.355,0.0001241312186651894
2024-09-12 00:05:00+00:00,entry,AVAX,10,0.010783912917652684,23.26,0.00012541690723230072
2024-09-12 00:05:00+00:00,entry,BCH,12,0.0006146445990037028,337.66,0.00010377044764979515
2024-09-12 00:05:00+00:00,entry,NEAR,18,-0.052951681560940767,3.968,0.00010505613621690648
2024-09-12 00:10:00+00:00,risk_reduce,ADA,6,0.002456149055154233,0.3567,4.380541839867575e-07
2024-09-12 00:10:00+00:00,risk_reduce,AVAX,10,-3.787463267489882e-05,23.293,4.411069094482091e-07
2024-09-12 00:10:00+00:00,risk_reduce,BCH,12,-2.158719065207702e-06,338.09,3.64920664378036e-07
2024-09-12 00:10:00+00:00,risk_reduce,NEAR,18,0.00018597382081562974,3.977,3.698089426918798e-07
2024-09-12 00:30:00+00:00,risk_reduce,ADA,6,0.0006049286905537299,0.355,1.0737484257328706e-07
2024-09-12 00:30:00+00:00,risk_reduce,AVAX,10,-9.328200949837787e-06,23.338,1.0885077688365714e-07
2024-09-12 00:30:00+00:00,risk_reduce,BCH,12,-5.31674205459594e-07,337.93,8.98343321254803e-08
2024-09-12 00:30:00+00:00,risk_reduce,NEAR,18,4.580377549448511e-05,4.007,9.176786420320092e-08
2024-09-12 00:35:00+00:00,risk_reduce,ADA,6,0.0003090109796459739,0.3544,5.4756745593266575e-08
2024-09-12 00:35:00+00:00,risk_reduce,AVAX,10,-4.765051747181517e-06,23.306,5.552714800990622e-08
2024-09-12 00:35:00+00:00,risk_reduce,BCH,12,-2.715909654262645e-07,338.46,4.596133907908674e-08
2024-09-12 00:35:00+00:00,risk_reduce,NEAR,18,2.3397583480584683e-05,4.019,4.7017444004234926e-08
2024-09-12 00:40:00+00:00,risk_reduce,ADA,6,0.003096413326451608,0.3551,5.497681861114831e-07
2024-09-12 00:40:00+00:00,risk_reduce,AVAX,10,-4.774771999399227e-05,23.472,5.603672418494933e-07
2024-09-12 00:40:00+00:00,risk_reduce,BCH,12,-2.721449851566171e-06,339.85,4.624423660273816e-07
2024-09-12 00:40:00+00:00,risk_reduce,NEAR,18,0.00023445312324844175,4.048,4.745331214548461e-07
2024-09-12 00:45:00+00:00,risk_reduce,ADA,6,0.0018589428880311232,0.3555,3.304270983475321e-07
2024-09-12 00:45:00+00:00,risk_reduce,AVAX,10,-2.866551559647587e-05,23.52,3.3710646341455625e-07
2024-09-12 00:45:00+00:00,risk_reduce,BCH,12,-1.633832215965753e-06,339.68,2.7749006355962355e-07
2024-09-12 00:45:00+00:00,risk_reduce,NEAR,18,0.00014075477660432933,4.067,2.862248382249037e-07
2024-09-12 01:05:00+00:00,risk_reduce,ADA,6,0.00010106952490085419,0.3556,1.7970161527371878e-08
2024-09-12 01:05:00+00:00,risk_reduce,AVAX,10,-1.558525579795425e-06,23.527,1.833371565792348e-08
2024-09-12 01:05:00+00:00,risk_reduce,BCH,12,-8.883040296641786e-08,337.96,1.501056149326529e-08
2024-09-12 01:05:00+00:00,risk_reduce,NEAR,18,7.652746348757455e-06,4.068,1.5565686073372665e-08
2024-09-12 01:25:00+00:00,risk_reduce,ADA,6,0.0002236622866172988,0.3561,3.982307013221006e-08
2024-09-12 01:25:00+00:00,risk_reduce,AVAX,10,-3.4489466065115715e-06,23.51,4.054236735954353e-08
2024-09-12 01:25:00+00:00,risk_reduce,BCH,12,-1.9657766342625824e-07,337.23,3.3145942718618536e-08
2024-09-12 01:25:00+00:00,risk_reduce,NEAR,18,1.6935181489617646e-05,4.065,3.442075637764787e-08
2024-09-12 01:30:00+00:00,risk_reduce,ADA,6,0.0017053830561705174,0.3559,3.034729148455436e-07
2024-09-12 01:30:00+00:00,risk_reduce,AVAX,10,-2.629757208216267e-05,23.601,3.103244993555606e-07
2024-09-12 01:30:00+00:00,risk_reduce,BCH,12,-1.4988678757552618e-06,337.92,2.5324871628760905e-07
2024-09-12 01:30:00+00:00,risk_reduce,NEAR,18,0.00012912758785738748,4.089,2.640013533744287e-07
2024-09-12 01:35:00+00:00,risk_reduce,ADA,6,0.0001723370609978403,0.3562,3.069323056371536e-08
2024-09-12 01:35:00+00:00,risk_reduce,AVAX,10,-2.6574946124981874e-06,23.624,3.139032636282859e-08
2024-09-12 01:35:00+00:00,risk_reduce,BCH,12,-1.51467720754697e-07,338.08,2.5604103516373978e-08
2024-09-12 01:35:00+00:00,risk_reduce,NEAR,18,1.3048956306077608e-05,4.087,2.6665542211469592e-08
2024-09-12 01:40:00+00:00,risk_reduce,ADA,6,0.0001600316412317948,0.3568,2.8549644795752193e-08
2024-09-12 01:40:00+00:00,risk_reduce,AVAX,10,-2.4677409603043182e-06,23.572,2.9084794958146692e-08
2024-09-12 01:40:00+00:00,risk_reduce,BCH,12,-1.4065243892204347e-07,337.71,2.3749867574181647e-08
2024-09-12 01:40:00+00:00,risk_reduce,NEAR,18,1.2117218907710392e-05,4.082,2.473124379063691e-08
2024-09-12 02:00:00+00:00,risk_reduce,ADA,6,0.0014386450992766031,0.3571,2.568700824758375e-07
2024-09-12 02:00:00+00:00,risk_reduce,AVAX,10,-2.2184384359857923e-05,23.684,2.6270747958943754e-07
2024-09-12 02:00:00+00:00,risk_reduce,BCH,12,-1.2644308362958455e-06,337.93,2.1364455625472754e-07
2024-09-12 02:00:00+00:00,risk_reduce,NEAR,18,0.00010893081808234506,4.096,2.230903154326427e-07
2024-09-12 02:05:00+00:00,risk_reduce,ADA,6,0.003508785149022531,0.3581,6.282479809324841e-07
2024-09-12 02:05:00+00:00,risk_reduce,AVAX,10,-5.410663020450311e-05,23.874,6.458708447511536e-07
2024-09-12 02:05:00+00:00,risk_reduce,BCH,12,-3.083885068382703e-06,339.9,5.241062673716403e-07
2024-09-12 02:05:00+00:00,risk_reduce,NEAR,18,0.0002656769462812056,4.127,5.482243786512678e-07
2024-09-12 08:20:00+00:00,risk_reduce,ADA,6,2.9826231755514243e-05,0.3561,5.310560564069312e-09
2024-09-12 08:20:00+00:00,risk_reduce,AVAX,10,-4.599303814415562e-07,23.578,5.422119266814505e-09
2024-09-12 08:20:00+00:00,risk_reduce,BCH,12,-2.621439240365394e-08,335.04,4.391435015460108e-09
2024-09-12 08:20:00+00:00,risk_reduce,NEAR,18,2.258372010628673e-06,4.161,4.698542968112954e-09
2024-09-12 08:25:00+00:00,risk_reduce,ADA,6,0.000781608608356632,0.3564,1.3928265400915183e-07
2024-09-12 08:25:00+00:00,risk_reduce,AVAX,10,-1.2052663853978976e-05,23.624,1.4236606544319966e-07
2024-09-12 08:25:00+00:00,risk_reduce,BCH,12,-6.86958880141697e-07,335.23,1.1514461269495056e-07
2024-09-12 08:25:00+00:00,risk_reduce,NEAR,18,5.9181562687908584e-05,4.167,1.2330478586025753e-07
2024-09-12 08:30:00+00:00,risk_reduce,ADA,6,0.0014274353385096417,0.3565,2.5444034908934365e-07
2024-09-12 08:30:00+00:00,risk_reduce,AVAX,10,-2.201152613265367e-05,23.633,2.6009919854650207e-07
2024-09-12 08:30:00+00:00,risk_reduce,BCH,12,-1.2545785334670215e-06,335.12,2.1021717906773412e-07
2024-09-12 08:30:00+00:00,risk_reduce,NEAR,18,0.00010808204140249494,4.185,2.2616167163472065e-07
2024-09-12 08:35:00+00:00,risk_reduce,ADA,6,0.0008095748809826553,0.3568,1.444281587673057e-07
2024-09-12 08:35:00+00:00,risk_reduce,AVAX,10,-1.2483913049046724e-05,23.629,1.4749119071796252e-07
2024-09-12 08:35:00+00:00,risk_reduce,BCH,12,-7.115385471509125e-07,335.26,1.1927520665890745e-07
2024-09-12 08:35:00+00:00,risk_reduce,NEAR,18,6.129910297453245e-05,4.192,1.2848291983462002e-07
2024-09-12 08:40:00+00:00,risk_reduce,ADA,6,0.001020011089749695,0.3576,1.8237798284724545e-07
2024-09-12 08:40:00+00:00,risk_reduce,AVAX,10,-1.5728909150494047e-05,23.644,1.8594716397714062e-07
2024-09-12 08:40:00+00:00,risk_reduce,BCH,12,-8.964917587331398e-07,335.54,1.5040442236265887e-07
2024-09-12 08:40:00+00:00,risk_reduce,NEAR,18,7.723283700433042e-05,4.195,1.619958756165831e-07
2024-09-12 08:45:00+00:00,risk_reduce,ADA,6,0.001238112972092975,0.3578,2.2149841070743326e-07
2024-09-12 08:45:00+00:00,risk_reduce,AVAX,10,-1.9092112479754744e-05,23.661,2.2586923669173851e-07
2024-09-12 08:45:00+00:00,risk_reduce,BCH,12,-1.0881823609724603e-06,335.69,1.826459683774226e-07
2024-09-12 08:45:00+00:00,risk_reduce,NEAR,18,9.374699778025991e-05,4.209,1.9729055682855696e-07
2024-09-12 08:50:00+00:00,risk_reduce,ADA,6,0.00024369453234462934,0.358,4.3621321289688647e-08
2024-09-12 08:50:00+00:00,risk_reduce,AVAX,10,-3.7578504765694437e-06,23.629,4.4397124455429694e-08
2024-09-12 08:50:00+00:00,risk_reduce,BCH,12,-2.1418408298768538e-07,335.75,3.595615293155768e-08
2024-09-12 08:50:00+00:00,risk_reduce,NEAR,18,1.8451975948657884e-05,4.21,3.8841409371924846e-08
2024-09-12 09:10:00+00:00,risk_reduce,ADA,6,0.00041954063430948985,0.3586,7.522363573169153e-08
2024-09-12 09:10:00+00:00,risk_reduce,AVAX,10,-6.469455664069243e-06,23.647,7.649160904412269e-08
2024-09-12 09:10:00+00:00,risk_reduce,BCH,12,-3.6873591365016185e-07,335.14,6.178907705035762e-08
2024-09-12 09:10:00+00:00,risk_reduce,NEAR,18,3.176662857094087e-05,4.208,6.683698651325958e-08
2024-09-12 09:15:00+00:00,risk_reduce,ADA,6,0.0033003024720588137,0.3598,5.937244147233805e-07
2024-09-12 09:15:00+00:00,risk_reduce,AVAX,10,-5.089175821108155e-05,23.671,6.023294043072558e-07
2024-09-12 09:15:00+00:00,risk_reduce,BCH,12,-2.90064882358602e-06,335.55,4.866563563771446e-07
2024-09-12 09:15:00+00:00,risk_reduce,NEAR,18,0.0002498911290778616,4.237,5.293943569514498e-07
2024-09-13 15:30:00+00:00,risk_reduce,ADA,6,0.001325630684450907,0.3594,2.3821583399582797e-07
2024-09-13 15:30:00+00:00,risk_reduce,AVAX,10,-2.0441664617541072e-05,24.442,2.4981758329096944e-07
2024-09-13 15:30:00+00:00,risk_reduce,BCH,12,-1.165102022592326e-06,334.15,1.9465942042461284e-07
2024-09-13 15:30:00+00:00,risk_reduce,NEAR,18,0.00010037363280555878,4.255,2.135449037938263e-07
2024-09-13 15:35:00+00:00,risk_reduce,ADA,6,0.00488920806987958,0.3611,8.827465170167582e-07
2024-09-13 15:35:00+00:00,risk_reduce,AVAX,10,-7.539320927174402e-05,24.566,9.260547894848317e-07
2024-09-13 15:35:00+00:00,risk_reduce,BCH,12,-4.297144203063556e-06,335.58,7.210178258320339e-07
2024-09-13 15:35:00+00:00,risk_reduce,NEAR,18,0.0003701993181602706,4.299,7.957434343855017e-07
2024-09-13 15:50:00+00:00,risk_reduce,ADA,6,0.004037202109852034,0.363,7.327521829381442e-07
2024-09-13 15:50:00+00:00,risk_reduce,AVAX,10,-6.22549949173875e-05,24.654,7.674173223466356e-07
2024-09-13 15:50:00+00:00,risk_reduce,BCH,12,-3.548312813648276e-06,336.11,5.963117098976611e-07
2024-09-13 15:50:00+00:00,risk_reduce,NEAR,18,0.00030568743382999863,4.33,6.61813294241947e-07
2024-09-13 15:55:00+00:00,risk_reduce,ADA,6,0.00027012182859553757,0.3634,4.908113625580918e-08
2024-09-13 15:55:00+00:00,risk_reduce,AVAX,10,-4.165368145738271e-06,24.694,5.142980049543043e-08
2024-09-13 15:55:00+00:00,risk_reduce,BCH,12,-2.374111376075112e-07,336.36,3.992780512283124e-08
2024-09-13 15:55:00+00:00,risk_reduce,NEAR,18,2.045298856931388e-05,4.328,4.426026726399524e-08
2024-09-19 00:55:00+00:00,risk_reduce,ADA,6,0.0033237334567292054,0.3501,5.818195416004475e-07
2024-09-19 00:55:00+00:00,risk_reduce,AVAX,10,-5.1253071762367985e-05,25.845,6.623178198492003e-07
2024-09-19 00:55:00+00:00,risk_reduce,BCH,12,-2.9212424081727665e-06,340.01,4.966258156014112e-07
2024-09-19 00:55:00+00:00,risk_reduce,NEAR,18,0.0002516652680436965,4.546,5.720351542633222e-07
2024-09-19 04:50:00+00:00,risk_reduce,ADA,6,0.0003685617901442173,0.3486,6.424032002213708e-08
2024-09-19 04:50:00+00:00,risk_reduce,AVAX,10,-5.6833449869099495e-06,25.676,7.296278294194993e-08
2024-09-19 04:50:00+00:00,risk_reduce,BCH,12,-3.2393040700110735e-07,341.67,5.533865108003418e-08
2024-09-19 04:50:00+00:00,risk_reduce,NEAR,18,2.79066305751835e-05,4.572,6.379455749486947e-08
2024-09-19 04:55:00+00:00,risk_reduce,ADA,6,0.00015815935839325057,0.3489,2.7590900071702563e-08
2024-09-19 04:55:00+00:00,risk_reduce,AVAX,10,-2.438869738248875e-06,25.741,3.138947296613215e-08
2024-09-19 04:55:00+00:00,risk_reduce,BCH,12,-1.390068821710685e-07,342.75,2.382230443206687e-08
2024-09-19 04:55:00+00:00,risk_reduce,NEAR,18,1.1975454061480262e-05,4.569,2.735792480345166e-08
2024-09-19 05:00:00+00:00,risk_reduce,ADA,6,0.00052238331284582,0.3494,9.126036475416474e-08
2024-09-19 05:00:00+00:00,risk_reduce,AVAX,10,-8.055323860747116e-06,25.799,1.0390965014170742e-07
2024-09-19 05:00:00+00:00,risk_reduce,BCH,12,-4.5912474832101105e-07,343.48,7.885008427665044e-08
2024-09-19 05:00:00+00:00,risk_reduce,NEAR,18,3.9553633936179056e-05,4.569,9.036027672720104e-08
2024-09-19 08:05:00+00:00,exit_scheduled,ADA,6,0.659530343252244,0.3482,0.0001148242327602157
2024-09-19 08:05:00+00:00,exit_scheduled,AVAX,10,-0.01017017653558489,25.859,0.00013149529751684485
2024-09-19 08:05:00+00:00,exit_scheduled,BCH,12,-0.0005796638127779037,345.99,0.00010027894129151345
2024-09-19 08:05:00+00:00,exit_scheduled,NEAR,18,0.0499380840185849,4.528,0.0001130598222180762
2024-11-05 08:05:00+00:00,entry,BTC,0,-3.265854460482345e-06,68970.9,0.00011262446070424087
2024-11-05 08:05:00+00:00,entry,ETH,1,-9.685670931389929e-05,2442.66,0.00011829400478634461
2024-11-05 08:05:00+00:00,entry,TRX,7,1.4329784108306602,0.16227,0.00011626470336274562
2024-11-05 08:05:00+00:00,entry,BCH,12,0.0006764632847238177,338.98,0.00011465376212783987
2024-11-05 09:00:00+00:00,risk_reduce,BTC,0,3.2930079278959806e-10,69018.6,1.1363939848614079e-08
2024-11-05 09:00:00+00:00,risk_reduce,ETH,1,9.76620102027966e-09,2441.41,1.1921650416460482e-08
2024-11-05 09:00:00+00:00,risk_reduce,TRX,7,-0.0001444892699435929,0.1622,1.1718079792425385e-08
2024-11-05 09:00:00+00:00,risk_reduce,BCH,12,-6.820876393852284e-08,339.53,1.1579460810023328e-08
2024-11-05 09:05:00+00:00,risk_reduce,BTC,0,4.209456148696099e-09,69041.1,1.4531274145387113e-07
2024-11-05 09:05:00+00:00,risk_reduce,ETH,1,1.2484146966661115e-07,2446.93,1.5273916868566042e-07
2024-11-05 09:05:00+00:00,risk_reduce,TRX,7,-0.0018470081430170815,0.16226,1.498477706429758e-07
2024-11-05 09:05:00+00:00,risk_reduce,BCH,12,-8.719134816641706e-07,339.94,1.4819913447845905e-07
2024-11-05 14:25:00+00:00,risk_reduce,BTC,0,1.198114002533924e-08,69267.1,4.149494121245879e-07
2024-11-05 14:25:00+00:00,risk_reduce,ETH,1,3.5532930530897953e-07,2458.27,4.3674768568095256e-07
2024-11-05 14:25:00+00:00,risk_reduce,TRX,7,-0.00525703616042783,0.1615,4.2450566995454736e-07
2024-11-05 14:25:00+00:00,risk_reduce,BCH,12,-2.481678664602847e-06,340.23,4.2217076602891336e-07
2024-11-05 14:30:00+00:00,risk_reduce,BTC,0,8.240336317276494e-10,69320.6,2.8561252885769846e-08
2024-11-05 14:30:00+00:00,risk_reduce,ETH,1,2.4438684239879165e-08,2457.55,3.002964422685752e-08
2024-11-05 14:30:00+00:00,risk_reduce,TRX,7,-0.0003615661439761997,0.16169,2.9230814909755862e-08
2024-11-05 14:30:00+00:00,risk_reduce,BCH,12,-1.7068381459931208e-07,340.35,2.9046118149437935e-08
2024-11-05 14:35:00+00:00,risk_reduce,BTC,0,1.6381360373517497e-08,69741.3,5.71228684108798e-07
2024-11-05 14:35:00+00:00,risk_reduce,ETH,1,4.858283426474781e-07,2467.92,5.99492741693282e-07
2024-11-05 14:35:00+00:00,risk_reduce,TRX,7,-0.0071877470473133975,0.16184,5.816324910686002e-07
2024-11-05 14:35:00+00:00,risk_reduce,BCH,12,-3.393105535045085e-06,342.56,5.811711160425222e-07
2024-11-05 14:40:00+00:00,risk_reduce,BTC,0,1.386791892112617e-09,69761.9,4.837261864918559e-08
2024-11-05 14:40:00+00:00,risk_reduce,ETH,1,4.1128623702775275e-08,2469.13,5.0775959321616763e-08
2024-11-05 14:40:00+00:00,risk_reduce,TRX,7,-0.000608490937290096,0.16194,4.9269511192379066e-08
2024-11-05 14:40:00+00:00,risk_reduce,BCH,12,-2.8724911349184423e-07,343.07,4.9273276682823496e-08
2024-11-05 14:45:00+00:00,risk_reduce,BTC,0,3.896104343239698e-09,69959.6,1.3628495070565598e-07
2024-11-05 14:45:00+00:00,risk_reduce,ETH,1,1.155482739344265e-07,2468.51,1.426160348449356e-07
2024-11-05 14:45:00+00:00,risk_reduce,TRX,7,-0.0017095169052272485,0.16199,1.38462321738881e-07
2024-11-05 14:45:00+00:00,risk_reduce,BCH,12,-8.070082649259827e-07,343.12,1.384503379307016e-07
2024-11-05 14:50:00+00:00,risk_reduce,BTC,0,9.918849197783231e-09,70136.8,3.478381712075415e-07
2024-11-05 14:50:00+00:00,risk_reduce,ETH,1,2.941671483230223e-07,2477.45,3.643922008064358e-07
2024-11-05 14:50:00+00:00,risk_reduce,TRX,7,-0.004352152532421494,0.16233,3.5324246029399056e-07
2024-11-05 14:50:00+00:00,risk_reduce,BCH,12,-2.0545120397133954e-06,344.27,3.5365342995606535e-07
2024-11-05 17:15:00+00:00,risk_reduce,BTC,0,1.8548682827011736e-09,70401.6,6.529284744570748e-08
2024-11-05 17:15:00+00:00,risk_reduce,ETH,1,5.50105463201228e-08,2472.7,6.801228894288382e-08
2024-11-05 17:15:00+00:00,risk_reduce,TRX,7,-0.0008138716027330517,0.16146,6.570385448863926e-08
2024-11-05 17:15:00+00:00,risk_reduce,BCH,12,-3.8420275809251687e-07,344.64,6.620581927450252e-08
2024-11-06 00:35:00+00:00,risk_reduce,BTC,0,8.721553323191519e-10,70716.1,3.083771184790719e-08
2024-11-06 00:35:00+00:00,risk_reduce,ETH,1,2.586584813291115e-08,2464.39,3.1871768740132454e-08
2024-11-06 00:35:00+00:00,risk_reduce,TRX,7,-0.0003826807891249562,0.16059,3.072735396278836e-08
2024-11-06 00:35:00+00:00,risk_reduce,BCH,12,-1.8065136338099932e-07,347.6,3.139720695561769e-08
2024-11-06 00:45:00+00:00,risk_reduce,BTC,0,1.7350094595585767e-08,71182.7,6.175132892846014e-07
2024-11-06 00:45:00+00:00,risk_reduce,ETH,1,5.145584682806557e-07,2475.34,6.368535794369192e-07
2024-11-06 00:45:00+00:00,risk_reduce,TRX,7,-0.007612804331051715,0.16101,6.128688126713182e-07
2024-11-06 00:45:00+00:00,risk_reduce,BCH,12,-3.5937614864397453e-06,349.02,6.271473169985999e-07
2024-11-06 00:50:00+00:00,risk_reduce,BTC,0,1.1521888491451487e-08,71344.8,4.11013415022454e-07
2024-11-06 00:50:00+00:00,risk_reduce,ETH,1,3.417091048811934e-07,2488.18,4.2511688029164387e-07
2024-11-06 00:50:00+00:00,risk_reduce,TRX,7,-0.005055527629914458,0.16097,4.0689414129366516e-07
2024-11-06 00:50:00+00:00,risk_reduce,BCH,12,-2.3865529310811845e-06,349.42,4.169546625891938e-07
2024-11-06 00:55:00+00:00,risk_reduce,BTC,0,8.824535183202621e-10,71390.3,3.14993107044695e-08
2024-11-06 00:55:00+00:00,risk_reduce,ETH,1,2.61712654195601e-08,2487.99,3.255692332560566e-08
2024-11-06 00:55:00+00:00,risk_reduce,TRX,7,-0.0003871993855253386,0.16094,3.1157934553224e-08
2024-11-06 00:55:00+00:00,risk_reduce,BCH,12,-1.82784448248376e-07,349.68,3.195803293174606e-08
2024-11-06 01:10:00+00:00,risk_reduce,BTC,0,7.832829940294375e-09,71283.1,2.79174199958499e-07
2024-11-06 01:10:00+00:00,risk_reduce,ETH,1,2.3230126810985872e-07,2503.91,2.908307341164782e-07
2024-11-06 01:10:00+00:00,risk_reduce,TRX,7,-0.003436857439903296,0.16118,2.769763410818066e-07
2024-11-06 01:10:00+00:00,risk_reduce,BCH,12,-1.622430495360123e-06,349.97,2.8390100023059114e-07
2024-11-06 01:15:00+00:00,risk_reduce,BTC,0,2.689518133867924e-09,71282.8,9.585819161644023e-08
2024-11-06 01:15:00+00:00,risk_reduce,ETH,1,7.976407988739777e-08,2508.15,1.0003013848478836e-07
2024-11-06 01:15:00+00:00,risk_reduce,TRX,7,-0.001180095888535515,0.16108,9.504492286265039e-08
2024-11-06 01:15:00+00:00,risk_reduce,BCH,12,-5.570855324924266e-07,350.48,9.762366871397283e-08
2024-11-06 02:20:00+00:00,risk_reduce,BTC,0,2.3263275300151346e-08,71960.8,8.370219506095656e-07
2024-11-06 02:20:00+00:00,risk_reduce,ETH,1,6.899279562822832e-07,2522.41,8.701405881029969e-07
2024-11-06 02:20:00+00:00,risk_reduce,TRX,7,-0.010207365843670768,0.16098,8.215908767570602e-07
2024-11-06 02:20:00+00:00,risk_reduce,BCH,12,-4.8185710090248605e-06,352.42,8.490803975002708e-07
2024-11-06 02:25:00+00:00,risk_reduce,BTC,0,2.9070336277424714e-09,71937.1,1.0456178439113649e-07
2024-11-06 02:25:00+00:00,risk_reduce,ETH,1,8.621502104732572e-08,2527.4,1.0894992209750552e-07
2024-11-06 02:25:00+00:00,risk_reduce,TRX,7,-0.001275536457157056,0.16114,1.0276997235314401e-07
2024-11-06 02:25:00+00:00,risk_reduce,BCH,12,-6.021399729903842e-07,353.63,1.0646737932429479e-07
2024-11-06 02:30:00+00:00,risk_reduce,BTC,0,1.723421023349292e-08,72372.8,6.236440251932682e-07
2024-11-06 02:30:00+00:00,risk_reduce,ETH,1,5.111216409176846e-07,2539.41,6.489737030813888e-07
2024-11-06 02:30:00+00:00,risk_reduce,TRX,7,-0.0075619570593679075,0.16131,6.099096466233187e-07
2024-11-06 02:30:00+00:00,risk_reduce,BCH,12,-3.5697581154451284e-06,357.94,6.388796099212147e-07
2024-11-06 02:35:00+00:00,risk_reduce,BTC,0,1.807554276326466e-08,72754.7,6.575403455392456e-07
2024-11-06 02:35:00+00:00,risk_reduce,ETH,1,5.360733652698966e-07,2555.8,6.850481534784008e-07
2024-11-06 02:35:00+00:00,risk_reduce,TRX,7,-0.007931113543859336,0.16151,6.404770742343606e-07
2024-11-06 02:35:00+00:00,risk_reduce,BCH,12,-3.7440250870817956e-06,359.8,6.73550113166015e-07
2024-11-06 02:45:00+00:00,risk_reduce,BTC,0,3.200729984106833e-09,72817.4,1.1653441777235044e-07
2024-11-06 02:45:00+00:00,risk_reduce,ETH,1,9.492528752096303e-08,2559.22,1.214673471646995e-07
2024-11-06 02:45:00+00:00,risk_reduce,TRX,7,-0.001404403356494388,0.16147,1.1338450498657442e-07
2024-11-06 02:45:00+00:00,risk_reduce,BCH,12,-6.629739153296912e-07,359.42,1.1914304232389881e-07
2024-11-06 02:50:00+00:00,risk_reduce,BTC,0,3.7441532924944886e-09,72934.5,1.3653897415571964e-07
2024-11-06 02:50:00+00:00,risk_reduce,ETH,1,1.1104180283167634e-07,2561.25,1.422029087513155e-07
2024-11-06 02:50:00+00:00,risk_reduce,TRX,7,-0.0016428444377747375,0.16157,1.3271718790563217e-07
2024-11-06 02:50:00+00:00,risk_reduce,BCH,12,-7.75534325058759e-07,360.05,1.396155668687031e-07
2024-11-06 02:55:00+00:00,risk_reduce,BTC,0,7.765430983374668e-09,73072.4,2.8371933949477353e-07
2024-11-06 02:55:00+00:00,risk_reduce,ETH,1,2.3030239116742033e-07,2569.49,2.958798455403874e-07
2024-11-06 02:55:00+00:00,risk_reduce,TRX,7,-0.0034072843981933776,0.1616,2.753085793740249e-07
2024-11-06 02:55:00+00:00,risk_reduce,BCH,12,-1.6084700080401396e-06,360.5,2.8992671894923516e-07
2024-11-06 03:05:00+00:00,risk_reduce,BTC,0,3.938102789235884e-08,73939.8,1.4559126630777172e-06
2024-11-06 03:05:00+00:00,risk_reduce,ETH,1,1.1679383809679657e-06,2605.71,1.521654359336019e-06
2024-11-06 03:05:00+00:00,risk_reduce,TRX,7,-0.017279448134910336,0.16183,1.3981665458362698e-06
2024-11-06 03:05:00+00:00,risk_reduce,BCH,12,-8.15707491139421e-06,364.57,1.4869124002234934e-06
2024-11-06 03:10:00+00:00,risk_reduce,BTC,0,1.1326052462046158e-08,74291.9,4.2071697845254347e-07
2024-11-06 03:10:00+00:00,risk_reduce,ETH,1,3.3590111998694073e-07,2612.5,4.3877083798294137e-07
2024-11-06 03:10:00+00:00,risk_reduce,TRX,7,-0.004969599489026422,0.16188,4.022393826417986e-07
2024-11-06 03:10:00+00:00,risk_reduce,BCH,12,-2.3459890035327753e-06,367.1,4.30606281598441e-07
2024-11-06 04:25:00+00:00,risk_reduce,BTC,0,6.142985636311693e-09,74851.9,2.299070732753196e-07
2024-11-06 04:25:00+00:00,risk_reduce,ETH,1,1.8218490177538825e-07,2602.98,2.3711182781165007e-07
2024-11-06 04:25:00+00:00,risk_reduce,TRX,7,-0.002695394391083017,0.16235,2.1879863969616387e-07
2024-11-06 04:25:00+00:00,risk_reduce,BCH,12,-1.2724095001272456e-06,369.81,2.3527487862102833e-07
2024-11-06 04:35:00+00:00,risk_reduce,BTC,0,1.531309401665854e-09,74933.1,5.737288026298381e-08
2024-11-06 04:35:00+00:00,risk_reduce,ETH,1,4.541463539832599e-08,2599.79,5.903425748110696e-08
2024-11-06 04:35:00+00:00,risk_reduce,TRX,7,-0.0006719017456047194,0.16235,5.4541624199463096e-08
2024-11-06 04:35:00+00:00,risk_reduce,BCH,12,-3.171833283797162e-07,378.37,6.000632797951661e-08
2024-11-06 06:05:00+00:00,risk_reduce,BTC,0,2.310660048893373e-09,74978.2,8.662456563896855e-08
2024-11-06 06:05:00+00:00,risk_reduce,ETH,1,6.852813907876217e-08,2602.07,8.915750742633735e-08
2024-11-06 06:05:00+00:00,risk_reduce,TRX,7,-0.0010138620703705747,0.16249,8.237122390725735e-08
2024-11-06 06:05:00+00:00,risk_reduce,BCH,12,-4.786118626742874e-07,378.81,9.065147984982339e-08
2024-11-06 06:25:00+00:00,risk_reduce,BTC,0,2.0478824464816005e-08,75386.0,7.719083305523096e-07
2024-11-06 06:25:00+00:00,risk_reduce,ETH,1,6.073484205374195e-07,2623.22,7.966042618610847e-07
2024-11-06 06:25:00+00:00,risk_reduce,TRX,7,-0.00898561576835788,0.1627,7.309798427559136e-07
2024-11-06 06:25:00+00:00,risk_reduce,BCH,12,-4.241821866950461e-06,382.26,8.107394134302416e-07
2024-11-06 16:40:00+00:00,risk_reduce,BTC,0,6.633362034448585e-10,74423.4,2.468386780172904e-08
2024-11-06 16:40:00+00:00,risk_reduce,ETH,1,1.9672818434457885e-08,2660.88,2.617350455794015e-08
2024-11-06 16:40:00+00:00,risk_reduce,TRX,7,-0.00029105597636425173,0.16348,2.3790915508013933e-08
2024-11-06 16:40:00+00:00,risk_reduce,BCH,12,-1.373982192067304e-07,370.04,2.542141851762926e-08
2024-11-06 17:25:00+00:00,risk_reduce,BTC,0,3.907624050807786e-09,74667.3,1.458858686444401e-07
2024-11-06 17:25:00+00:00,risk_reduce,ETH,1,1.1588991835882018e-07,2659.6,1.541104134335591e-07
2024-11-06 17:25:00+00:00,risk_reduce,TRX,7,-0.0017145714759203567,0.16337,1.4005477101055433e-07
2024-11-06 17:25:00+00:00,risk_reduce,BCH,12,-8.093943661178311e-07,370.26,1.4984317899939407e-07
2024-11-06 18:05:00+00:00,risk_reduce,BTC,0,7.841931037901243e-10,74620.0,2.9258244702409537e-08
2024-11-06 18:05:00+00:00,risk_reduce,ETH,1,2.3257118288285902e-08,2662.19,3.0957433867945926e-08
2024-11-06 18:05:00+00:00,risk_reduce,TRX,7,-0.00034408507826988455,0.16328,2.8091105789953376e-08
2024-11-06 18:05:00+00:00,risk_reduce,BCH,12,-1.6243156247971145e-07,371.54,3.0174911361855994e-08
2024-11-06 18:10:00+00:00,risk_reduce,BTC,0,8.593536310583756e-09,74885.0,3.217634833090323e-07
2024-11-06 18:10:00+00:00,risk_reduce,ETH,1,2.548618312555592e-07,2668.12,3.400009746047913e-07
2024-11-06 18:10:00+00:00,risk_reduce,TRX,7,-0.003770637104244079,0.16346,3.081741705298686e-07
2024-11-06 18:10:00+00:00,risk_reduce,BCH,12,-1.7799972014651043e-06,372.43,3.3146217887082445e-07
2024-11-06 18:45:00+00:00,risk_reduce,BTC,0,6.29469891773678e-09,75009.3,2.3608047976509675e-07
2024-11-06 18:45:00+00:00,risk_reduce,ETH,1,1.866843212614287e-07,2675.36,2.4972388286498797e-07
2024-11-06 18:45:00+00:00,risk_reduce,TRX,7,-0.0027619625310748575,0.16353,2.2583186635333574e-07
2024-11-06 18:45:00+00:00,risk_reduce,BCH,12,-1.3038341903364066e-06,371.85,2.424153718382964e-07
2024-11-06 18:55:00+00:00,risk_reduce,BTC,0,3.715496618223464e-09,75153.6,1.3961647332365946e-07
2024-11-06 18:55:00+00:00,risk_reduce,ETH,1,1.1019192075536761e-07,2677.3,1.4750841471917287e-07
2024-11-06 18:55:00+00:00,risk_reduce,TRX,7,-0.001630270578145021,0.16355,1.333153765278091e-07
2024-11-06 18:55:00+00:00,risk_reduce,BCH,12,-7.695986080078539e-07,371.44,1.4292985347921865e-07
2024-11-06 19:00:00+00:00,risk_reduce,BTC,0,1.996851103818979e-09,75237.4,7.5118942619235e-08
2024-11-06 19:00:00+00:00,risk_reduce,ETH,1,5.922138578004976e-08,2677.94,7.929565891791322e-08
2024-11-06 19:00:00+00:00,risk_reduce,TRX,7,-0.0008761702507078528,0.16357,7.165758395414173e-08
2024-11-06 19:00:00+00:00,risk_reduce,BCH,12,-4.136119576480732e-07,371.74,7.687805456804737e-08
2024-11-06 19:15:00+00:00,risk_reduce,BTC,0,2.325836336929885e-09,75382.1,8.766321366704115e-08
2024-11-06 19:15:00+00:00,risk_reduce,ETH,1,6.897822812486018e-08,2677.21,9.233460105907846e-08
2024-11-06 19:15:00+00:00,risk_reduce,TRX,7,-0.0010205210606517578,0.16345,8.340208368176491e-08
2024-11-06 19:15:00+00:00,risk_reduce,BCH,12,-4.81755359048406e-07,372.1,8.963058455095593e-08
2024-11-06 19:50:00+00:00,risk_reduce,BTC,0,3.3919715830877753e-10,75626.7,1.2826180866135212e-08
2024-11-06 19:50:00+00:00,risk_reduce,ETH,1,1.005970136145728e-08,2669.68,1.3428091765327637e-08
2024-11-06 19:50:00+00:00,risk_reduce,TRX,7,-0.00014883155717848595,0.16354,1.2169956430484795e-08
2024-11-06 19:50:00+00:00,risk_reduce,BCH,12,-7.025861888674059e-08,371.62,1.3054753975345269e-08
2024-11-06 19:55:00+00:00,risk_reduce,BTC,0,1.0640853757241756e-08,75767.6,4.0311597556859525e-07
2024-11-06 19:55:00+00:00,risk_reduce,ETH,1,3.1557991689092914e-07,2683.83,4.234814241746912e-07
2024-11-06 19:55:00+00:00,risk_reduce,TRX,7,-0.004668950772742431,0.16356,3.81826794194876e-07
2024-11-06 19:55:00+00:00,risk_reduce,BCH,12,-2.2040623585615733e-06,372.45,4.1045151272312897e-07
2024-11-06 20:00:00+00:00,risk_reduce,BTC,0,3.0567047964990514e-09,75817.9,1.1587646929524271e-07
2024-11-06 20:00:00+00:00,risk_reduce,ETH,1,9.065387680784985e-08,2687.74,1.2182702542576517e-07
2024-11-06 20:00:00+00:00,risk_reduce,TRX,7,-0.0013412085672117602,0.16348,1.0963038828388927e-07
2024-11-06 20:00:00+00:00,risk_reduce,BCH,12,-6.331416761191791e-07,372.45,1.1790680863529414e-07
2024-11-06 20:10:00+00:00,risk_reduce,BTC,0,6.225220969249262e-10,75834.9,2.3604450484046042e-08
2024-11-06 20:10:00+00:00,risk_reduce,ETH,1,1.846237868615981e-08,2688.35,2.481666787046886e-08
2024-11-06 20:10:00+00:00,risk_reduce,TRX,7,-0.0002731477277853056,0.16336,2.231070640550376e-08
2024-11-06 20:10:00+00:00,risk_reduce,BCH,12,-1.2894430771314292e-07,372.56,2.4019745640804265e-08
2024-11-06 20:15:00+00:00,risk_reduce,BTC,0,5.5439092240255245e-09,75937.9,2.1049641213156393e-07
2024-11-06 20:15:00+00:00,risk_reduce,ETH,1,1.6441786082983443e-07,2694.48,2.2151031882438614e-07
2024-11-06 20:15:00+00:00,risk_reduce,TRX,7,-0.002432534065972991,0.16347,1.9882317188230244e-07
2024-11-06 20:15:00+00:00,risk_reduce,BCH,12,-1.148321546251942e-06,373.64,2.145294312707878e-07
2024-11-06 21:00:00+00:00,risk_reduce,BTC,0,5.391939722036788e-10,76104.6,2.051757078848605e-08
2024-11-06 21:00:00+00:00,risk_reduce,ETH,1,1.5991084251145045e-08,2689.92,2.150736867442004e-08
2024-11-06 21:00:00+00:00,risk_reduce,TRX,7,-0.00023658535025594674,0.16311,1.9294718240123737e-08
2024-11-06 21:00:00+00:00,risk_reduce,BCH,12,-1.1168437845398595e-07,374.19,2.08955887868485e-08
2024-11-06 21:10:00+00:00,risk_reduce,BTC,0,2.0442984738650755e-09,76022.0,7.77058292900854e-08
2024-11-06 21:10:00+00:00,risk_reduce,ETH,1,6.062855079119094e-08,2696.55,8.174395931799297e-08
2024-11-06 21:10:00+00:00,risk_reduce,TRX,7,-0.0008969890158270211,0.1626,7.292520698673682e-08
2024-11-06 21:10:00+00:00,risk_reduce,BCH,12,-4.2343983092931956e-07,374.95,7.938438230347418e-08
2024-11-06 21:15:00+00:00,risk_reduce,BTC,0,2.406038886030616e-09,76058.9,9.150033551435701e-08
2024-11-06 21:15:00+00:00,risk_reduce,ETH,1,7.135682615439182e-08,2699.64,9.631887107972115e-08
2024-11-06 21:15:00+00:00,risk_reduce,TRX,7,-0.0010557120107523854,0.16266,8.586105783449151e-08
2024-11-06 21:15:00+00:00,risk_reduce,BCH,12,-4.983678812732224e-07,374.98,9.343899405991646e-08
2024-11-06 22:50:00+00:00,risk_reduce,BTC,0,1.6848926746688147e-08,75866.8,6.391370778528203e-07
2024-11-06 22:50:00+00:00,risk_reduce,ETH,1,4.996951394809401e-07,2735.01,6.833356017158831e-07
2024-11-06 22:50:00+00:00,risk_reduce,TRX,7,-0.007392903929376526,0.16279,6.017454153316024e-07
2024-11-06 22:50:00+00:00,risk_reduce,BCH,12,-3.489953538668238e-06,380.4,6.637891630546989e-07
2024-11-07 01:10:00+00:00,risk_reduce,BTC,0,8.647200709079148e-09,75446.9,3.262022435889118e-07
2024-11-07 01:10:00+00:00,risk_reduce,ETH,1,2.564533770848225e-07,2765.77,3.5464552836994476e-07
2024-11-07 01:10:00+00:00,risk_reduce,TRX,7,-0.0037941837519603894,0.16154,3.064562216458406e-07
2024-11-07 01:10:00+00:00,risk_reduce,BCH,12,-1.7911128208896853e-06,381.8,3.4192343750784094e-07
2024-11-07 01:15:00+00:00,risk_reduce,BTC,0,7.69230540082349e-09,75454.5,2.90209528933218e-07
2024-11-07 01:15:00+00:00,risk_reduce,ETH,1,2.281336774729659e-07,2779.8,3.1708299831967537e-07
2024-11-07 01:15:00+00:00,risk_reduce,TRX,7,-0.00337519865085123,0.16161,2.7273292698203365e-07
2024-11-07 01:15:00+00:00,risk_reduce,BCH,12,-1.593323352740996e-06,381.69,3.0407779525385535e-07
2024-11-07 01:20:00+00:00,risk_reduce,BTC,0,9.551406955549297e-09,75439.1,3.6027477223018955e-07
2024-11-07 01:20:00+00:00,risk_reduce,ETH,1,2.832697715793943e-07,2797.75,3.962590017181252e-07
2024-11-07 01:20:00+00:00,risk_reduce,TRX,7,-0.004190927711560821,0.16162,3.3866886837123e-07
2024-11-07 01:20:00+00:00,risk_reduce,BCH,12,-1.9784029573474216e-06,382.8,3.786663260362965e-07
2024-11-07 01:25:00+00:00,risk_reduce,BTC,0,3.0743075773225097e-09,75388.2,1.1588325725035242e-07
2024-11-07 01:25:00+00:00,risk_reduce,ETH,1,9.117592928934847e-08,2805.45,1.2789475541240132e-07
2024-11-07 01:25:00+00:00,risk_reduce,TRX,7,-0.0013489322441837537,0.16164,1.0902070397493097e-07
2024-11-07 01:25:00+00:00,risk_reduce,BCH,12,-6.367877770339665e-07,382.16,1.216774084356503e-07
2024-11-07 01:30:00+00:00,risk_reduce,BTC,0,1.169904403432448e-08,75552.6,4.419465971538519e-07
2024-11-07 01:30:00+00:00,risk_reduce,ETH,1,3.469630753587602e-07,2821.15,4.894174400241831e-07
2024-11-07 01:30:00+00:00,risk_reduce,TRX,7,-0.005133259222478648,0.16174,4.1512667332184826e-07
2024-11-07 01:30:00+00:00,risk_reduce,BCH,12,-2.42324753027079e-06,384.1,4.6538468818850524e-07
2024-11-07 01:35:00+00:00,risk_reduce,BTC,0,4.079954107848059e-09,75728.4,1.544841983303805e-07
2024-11-07 01:35:00+00:00,risk_reduce,ETH,1,1.2100077753604305e-07,2822.48,1.7076113728996542e-07
2024-11-07 01:35:00+00:00,risk_reduce,TRX,7,-0.0017901857613285,0.16197,1.4497819388118857e-07
2024-11-07 01:35:00+00:00,risk_reduce,BCH,12,-8.450894523051242e-07,384.89,1.6263323964885963e-07
2024-11-07 01:40:00+00:00,risk_reduce,BTC,0,6.208189693542103e-09,75840.0,2.3541455317911654e-07
2024-11-07 01:40:00+00:00,risk_reduce,ETH,1,1.8411868372853195e-07,2830.08,2.6053530222322186e-07
2024-11-07 01:40:00+00:00,risk_reduce,TRX,7,-0.0027240043635849975,0.16205,2.2071245355947442e-07
2024-11-07 01:40:00+00:00,risk_reduce,BCH,12,-1.2859153532707862e-06,385.9,2.481173674135982e-07
2024-11-07 02:55:00+00:00,risk_reduce,BTC,0,7.731423621162828e-09,75256.0,2.909180080171149e-07
2024-11-07 02:55:00+00:00,risk_reduce,ETH,1,2.2929382166864273e-07,2864.55,3.284118084304553e-07
2024-11-07 02:55:00+00:00,risk_reduce,TRX,7,-0.003392362785350933,0.1624,2.7545985817049574e-07
2024-11-07 02:55:00+00:00,risk_reduce,BCH,12,-1.601425991772619e-06,385.06,3.083225461959824e-07
2024-11-07 03:00:00+00:00,risk_reduce,BTC,0,5.206874080400494e-09,75291.1,1.9601563853742084e-07
2024-11-07 03:00:00+00:00,risk_reduce,ETH,1,1.5442227917435473e-07,2873.21,2.2184381837327388e-07
2024-11-07 03:00:00+00:00,risk_reduce,TRX,7,-0.002284651148853012,0.16244,1.8555936630984164e-07
2024-11-07 03:00:00+00:00,risk_reduce,BCH,12,-1.0785107500015968e-06,385.31,2.0778048854155763e-07
2024-11-07 03:30:00+00:00,risk_reduce,BTC,0,4.346531803778388e-09,75373.7,1.6380709210922553e-07
2024-11-07 03:30:00+00:00,risk_reduce,ETH,1,1.289067754048134e-07,2879.13,1.8556968213563022e-07
2024-11-07 03:30:00+00:00,risk_reduce,TRX,7,-0.001907153644526982,0.16283,1.5527091396916426e-07
2024-11-07 03:30:00+00:00,risk_reduce,BCH,12,-9.003062496257784e-07,383.48,1.7262472030324676e-07
2024-11-07 17:15:00+00:00,risk_reduce,BTC,0,1.7351511633440045e-09,76127.1,6.604601306350268e-08
2024-11-07 17:15:00+00:00,risk_reduce,ETH,1,5.146004939205818e-08,2861.23,7.361951856101931e-08
2024-11-07 17:15:00+00:00,risk_reduce,TRX,7,-0.0007613426093191489,0.16009,6.094166916295128e-08
2024-11-07 17:15:00+00:00,risk_reduce,BCH,12,-3.5940550004631613e-07,383.09,6.884232650637163e-08
2024-11-07 17:20:00+00:00,risk_reduce,BTC,0,2.252033272934265e-09,76200.0,8.58024676987955e-08
2024-11-07 17:20:00+00:00,risk_reduce,ETH,1,6.678942210107549e-08,2863.11,9.561273115590512e-08
2024-11-07 17:20:00+00:00,risk_reduce,TRX,7,-0.000988138050741716,0.16007,7.908562889111323e-08
2024-11-07 17:20:00+00:00,risk_reduce,BCH,12,-4.664683755967354e-07,383.07,8.934502031992072e-08
2024-11-07 17:25:00+00:00,risk_reduce,BTC,0,1.073164087235432e-09,76265.5,4.0922697847526914e-08
2024-11-07 17:25:00+00:00,risk_reduce,ETH,1,3.182724254899825e-08,2862.96,4.5560061164040016e-08
2024-11-07 17:25:00+00:00,risk_reduce,TRX,7,-0.00047087859759065154,0.15998,3.766557902127622e-08
2024-11-07 17:25:00+00:00,risk_reduce,BCH,12,-2.2228672841469177e-07,383.26,4.259680576610739e-08
2024-11-07 17:30:00+00:00,risk_reduce,BTC,0,4.378312882746829e-10,76254.2,1.6693237311177662e-08
2024-11-07 17:30:00+00:00,risk_reduce,ETH,1,1.298493191600027e-08,2864.16,1.8595461298265666e-08
2024-11-07 17:30:00+00:00,risk_reduce,TRX,7,-0.00019210984178119617,0.15996,1.536494514566007e-08
2024-11-07 17:30:00+00:00,risk_reduce,BCH,12,-9.068891311753233e-08,383.36,1.73832508663686e-08
2024-11-07 18:25:00+00:00,risk_reduce,BTC,0,2.6543523450265873e-10,76302.7,1.0126712533843009e-08
2024-11-07 18:25:00+00:00,risk_reduce,ETH,1,7.872115448178817e-09,2862.85,1.1268342855409364e-08
2024-11-07 18:25:00+00:00,risk_reduce,TRX,7,-0.00011646659859421149,0.16014,9.325480549438514e-09
2024-11-07 18:25:00+00:00,risk_reduce,BCH,12,-5.498015688868655e-08,383.48,1.054189528183676e-08
2024-11-07 18:30:00+00:00,risk_reduce,BTC,0,3.0483541422135254e-09,76391.7,1.1643447756286649e-07
2024-11-07 18:30:00+00:00,risk_reduce,ETH,1,9.040621822277678e-08,2865.33,1.2952182463013447e-07
2024-11-07 18:30:00+00:00,risk_reduce,TRX,7,-0.0013375445009000675,0.16024,1.0716406541211342e-07
2024-11-07 18:30:00+00:00,risk_reduce,BCH,12,-6.314119875809468e-07,384.3,1.2132581341367895e-07
2024-11-07 18:35:00+00:00,risk_reduce,BTC,0,3.4739018621881998e-09,76429.0,1.3275342271259097e-07
2024-11-07 18:35:00+00:00,risk_reduce,ETH,1,1.0302685160111112e-07,2870.39,1.4786362228365668e-07
2024-11-07 18:35:00+00:00,risk_reduce,TRX,7,-0.001524264608265602,0.16044,1.222765068750666e-07
2024-11-07 18:35:00+00:00,risk_reduce,BCH,12,-7.195565794309178e-07,384.9,1.3847866371148012e-07
2024-11-07 18:40:00+00:00,risk_reduce,BTC,0,3.646745198585929e-09,76617.9,1.397029794753684e-07
2024-11-07 18:40:00+00:00,risk_reduce,ETH,1,1.0815293330282817e-07,2870.74,1.5523947587488046e-07
2024-11-07 18:40:00+00:00,risk_reduce,TRX,7,-0.0016001041083142375,0.16047,1.2838435313059284e-07
2024-11-07 18:40:00+00:00,risk_reduce,BCH,12,-7.553579822481898e-07,385.72,1.456783404563859e-07
2024-11-07 18:50:00+00:00,risk_reduce,BTC,0,2.1397512371504198e-09,76599.9,8.195236539529922e-08
2024-11-07 18:50:00+00:00,risk_reduce,ETH,1,6.345943032321497e-08,2875.91,9.125180513041859e-08
2024-11-07 18:50:00+00:00,risk_reduce,TRX,7,-0.00093887139322546,0.16048,7.533504059241092e-08
2024-11-07 18:50:00+00:00,risk_reduce,BCH,12,-4.4321116200653644e-07,384.54,8.521621011899677e-08
2024-11-07 19:00:00+00:00,risk_reduce,BTC,0,1.9422080158350082e-09,76606.8,7.439317051373466e-08
2024-11-07 19:00:00+00:00,risk_reduce,ETH,1,5.760081457795586e-08,2879.8,8.293941291079866e-08
2024-11-07 19:00:00+00:00,risk_reduce,TRX,7,-0.0008521941775760933,0.16027,6.829058042006025e-08
2024-11-07 19:00:00+00:00,risk_reduce,BCH,12,-4.0229362021683163e-07,383.99,7.72383636135306e-08
2024-11-07 20:00:00+00:00,risk_reduce,BTC,0,1.550619781910334e-09,76533.2,5.933694694644998e-08
2024-11-07 20:00:00+00:00,risk_reduce,ETH,1,4.598733081654109e-08,2886.0,6.635971836826879e-08
2024-11-07 20:00:00+00:00,risk_reduce,TRX,7,-0.0006803746761441243,0.16012,5.447079657209859e-08
2024-11-07 20:00:00+00:00,risk_reduce,BCH,12,-3.211831279442993e-07,382.35,6.140218448475143e-08
2024-11-07 20:05:00+00:00,risk_reduce,BTC,0,1.0687161028724657e-09,76570.4,4.0916009741692926e-08
2024-11-07 20:05:00+00:00,risk_reduce,ETH,1,3.1695326955789686e-08,2886.38,4.574237890932612e-08
2024-11-07 20:05:00+00:00,risk_reduce,TRX,7,-0.0004689269290025777,0.16016,3.7551668474526423e-08
2024-11-07 20:05:00+00:00,risk_reduce,BCH,12,-2.213654080835759e-07,383.45,4.244128286482359e-08
2024-11-07 20:20:00+00:00,risk_reduce,BTC,0,9.257288004806621e-09,76723.1,3.551239166607895e-07
2024-11-07 20:20:00+00:00,risk_reduce,ETH,1,2.7454697206077483e-07,2899.0,3.9795583600209316e-07
2024-11-07 20:20:00+00:00,risk_reduce,TRX,7,-0.004061875387971314,0.16028,3.255186935920211e-07
2024-11-07 20:20:00+00:00,risk_reduce,BCH,12,-1.917481482148248e-06,383.75,3.679167593871951e-07
2024-11-07 21:30:00+00:00,risk_reduce,BTC,0,1.924468258002174e-09,76317.9,7.343568803369206e-08
2024-11-07 21:30:00+00:00,risk_reduce,ETH,1,5.707469971629137e-08,2915.46,8.319950201742942e-08
2024-11-07 21:30:00+00:00,risk_reduce,TRX,7,-0.0008444103983857865,0.16043,6.773438010651585e-08
2024-11-07 21:30:00+00:00,risk_reduce,BCH,12,-3.9861914696674716e-07,386.04,7.694146774752153e-08
2024-11-08 00:10:00+00:00,risk_reduce,BTC,0,5.421638971733473e-09,76051.3,2.0616134596549696e-07
2024-11-08 00:10:00+00:00,risk_reduce,ETH,1,1.6079164465049333e-07,2937.92,2.361964943257887e-07
2024-11-08 00:10:00+00:00,risk_reduce,TRX,7,-0.0023788848192165535,0.16034,1.9071519595659112e-07
2024-11-08 00:10:00+00:00,risk_reduce,BCH,12,-1.1229954524256697e-06,380.94,2.1389694382351733e-07
2024-11-08 00:15:00+00:00,risk_reduce,BTC,0,1.5456463003622166e-09,75978.6,5.8718020998350364e-08
2024-11-08 00:15:00+00:00,risk_reduce,ETH,1,4.5839830350001966e-08,2943.6,6.74670623091329e-08
2024-11-08 00:15:00+00:00,risk_reduce,TRX,7,-0.0006781924320267141,0.1603,5.435712342694114e-08
2024-11-08 00:15:00+00:00,risk_reduce,BCH,12,-3.201529602791511e-07,380.45,6.090109686910152e-08
2024-11-08 00:25:00+00:00,risk_reduce,BTC,0,3.9674141719714496e-09,76192.8,1.5114419726109316e-07
2024-11-08 00:25:00+00:00,risk_reduce,ETH,1,1.1766313711534149e-07,2943.73,1.731842533102721e-07
2024-11-08 00:25:00+00:00,risk_reduce,TRX,7,-0.0017408059434524947,0.1603,1.3952559636771746e-07
2024-11-08 00:25:00+00:00,risk_reduce,BCH,12,-8.217788193277389e-07,381.56,1.5677896315134602e-07
2024-11-08 13:55:00+00:00,risk_reduce,BTC,0,2.1776788566957714e-09,76190.0,8.295867604582542e-08
2024-11-08 13:55:00+00:00,risk_reduce,ETH,1,6.458426441049829e-08,2950.48,9.527729022894351e-08
2024-11-08 13:55:00+00:00,risk_reduce,TRX,7,-0.0009555131207243939,0.16146,7.713857423608031e-08
2024-11-08 13:55:00+00:00,risk_reduce,BCH,12,-4.5106718939841306e-07,373.87,8.432024505019235e-08
2024-11-08 14:00:00+00:00,risk_reduce,BTC,0,2.2009246709806663e-10,76280.3,8.394359708990326e-09
2024-11-08 14:00:00+00:00,risk_reduce,ETH,1,6.527367451872302e-09,2947.51,9.619740419034066e-09
2024-11-08 14:00:00+00:00,risk_reduce,TRX,7,-9.657128250939451e-05,0.16161,7.803442483171623e-09
2024-11-08 14:00:00+00:00,risk_reduce,BCH,12,-4.558821436702939e-08,374.52,8.536849022369924e-09
2024-11-08 14:10:00+00:00,risk_reduce,BTC,0,2.4772784851765866e-09,76229.7,9.442109787073283e-08
2024-11-08 14:10:00+00:00,risk_reduce,ETH,1,7.346960650930258e-08,2954.29,1.0852526190718376e-07
2024-11-08 14:10:00+00:00,risk_reduce,TRX,7,-0.0010869702339242338,0.16145,8.774567213353378e-08
2024-11-08 14:10:00+00:00,risk_reduce,BCH,12,-5.131238888736065e-07,374.24,9.601574208602927e-08
2024-11-08 18:40:00+00:00,risk_reduce,BTC,0,1.6393430753898768e-08,77007.9,6.312118380765804e-07
2024-11-08 18:40:00+00:00,risk_reduce,ETH,1,4.861863185885501e-07,2961.76,7.199835954714121e-07
2024-11-08 18:40:00+00:00,risk_reduce,TRX,7,-0.007193043239996255,0.16088,5.786083982252987e-07
2024-11-08 18:40:00+00:00,risk_reduce,BCH,12,-3.395605698251758e-06,372.14,6.318203522737047e-07
2024-11-08 19:15:00+00:00,risk_reduce,BTC,0,9.064424123717801e-10,76952.2,3.487636890265785e-08
2024-11-08 19:15:00+00:00,risk_reduce,ETH,1,2.688271333191577e-08,2964.88,3.985200955176522e-08
2024-11-08 19:15:00+00:00,risk_reduce,TRX,7,-0.000397725135430127,0.16095,3.2006930273739477e-08
2024-11-08 19:15:00+00:00,risk_reduce,BCH,12,-1.8775331819148068e-07,373.48,3.5061054639077104e-08
2024-11-08 19:30:00+00:00,risk_reduce,BTC,0,1.437882544054435e-09,77005.9,5.5362719699600706e-08
2024-11-08 19:30:00+00:00,risk_reduce,ETH,1,4.264383893470532e-08,2965.73,6.323505622191181e-08
2024-11-08 19:30:00+00:00,risk_reduce,TRX,7,-0.0006309082869038196,0.16094,5.076918984715037e-08
2024-11-08 19:30:00+00:00,risk_reduce,BCH,12,-2.978316273941333e-07,373.99,5.569302516456596e-08
2024-11-08 19:45:00+00:00,risk_reduce,BTC,0,7.900534327002988e-10,77077.9,3.044782974016518e-08
2024-11-08 19:45:00+00:00,risk_reduce,ETH,1,2.3430920330176825e-08,2964.6,3.473165320542111e-08
2024-11-08 19:45:00+00:00,risk_reduce,TRX,7,-0.0003466564496861224,0.16094,2.789544450624227e-08
2024-11-08 19:45:00+00:00,risk_reduce,BCH,12,-1.6364542469932738e-07,374.71,3.065978854454248e-08
2024-11-08 19:50:00+00:00,risk_reduce,BTC,0,4.528656352762855e-09,77099.2,1.7457789093646696e-07
2024-11-08 19:50:00+00:00,risk_reduce,ETH,1,1.3430811361915464e-07,2972.55,1.9961879156930907e-07
2024-11-08 19:50:00+00:00,risk_reduce,TRX,7,-0.0019870655174945018,0.16096,1.5991903284795748e-07
2024-11-08 19:50:00+00:00,risk_reduce,BCH,12,-9.380300894740136e-07,375.49,1.7611045914829866e-07
2024-11-09 05:45:00+00:00,risk_reduce,BTC,0,1.8700410525959107e-08,76576.1,7.160022532384487e-07
2024-11-09 05:45:00+00:00,risk_reduce,ETH,1,5.546053102733491e-07,3028.79,8.398915088514085e-07
2024-11-09 05:45:00+00:00,risk_reduce,TRX,7,-0.008205290493383588,0.16027,6.575309536872938e-07
2024-11-09 05:45:00+00:00,risk_reduce,BCH,12,-3.873455257465998e-06,374.51,7.253238642367954e-07
2024-11-09 05:50:00+00:00,risk_reduce,BTC,0,7.558978798173752e-09,76570.0,2.8939550328808213e-07
2024-11-09 05:50:00+00:00,risk_reduce,ETH,1,2.2417955883327297e-07,3044.04,3.4120577213541816e-07
2024-11-09 05:50:00+00:00,risk_reduce,TRX,7,-0.003316698143404073,0.16032,2.658665231752705e-07
2024-11-09 05:50:00+00:00,risk_reduce,BCH,12,-1.5657071338736218e-06,374.7,2.933352315312231e-07
2024-11-09 05:55:00+00:00,risk_reduce,BTC,0,1.6574888509575384e-09,76579.1,6.346450223318122e-08
2024-11-09 05:55:00+00:00,risk_reduce,ETH,1,4.9156788145576e-08,3046.74,7.48839763573261e-08
2024-11-09 05:55:00+00:00,risk_reduce,TRX,7,-0.0007272662540092067,0.16025,5.8272208602487694e-08
2024-11-09 05:55:00+00:00,risk_reduce,BCH,12,-3.433191423803626e-07,375.74,6.449936727899872e-08
2024-11-09 06:10:00+00:00,risk_reduce,BTC,0,5.77509054773901e-09,76642.4,2.2130839989801613e-07
2024-11-09 06:10:00+00:00,risk_reduce,ETH,1,1.7127409479270235e-07,3055.81,2.616905458042439e-07
2024-11-09 06:10:00+00:00,risk_reduce,TRX,7,-0.00253397087213747,0.16037,2.0318645438234303e-07
2024-11-09 06:10:00+00:00,risk_reduce,BCH,12,-1.1962066187493113e-06,376.69,2.2529953560833906e-07
2024-11-09 19:05:00+00:00,risk_reduce,BTC,0,6.910101910003067e-09,76550.0,2.6448415060536737e-07
2024-11-09 19:05:00+00:00,risk_reduce,ETH,1,2.0493556590630798e-07,3073.0,3.148834970150422e-07
2024-11-09 19:05:00+00:00,risk_reduce,TRX,7,-0.0030319865669126145,0.16062,2.434988411887521e-07
2024-11-09 19:05:00+00:00,risk_reduce,BCH,12,-1.4313039029689592e-06,381.7,2.7316434988162587e-07
2024-11-09 19:20:00+00:00,risk_reduce,BTC,0,6.565104138903358e-09,76499.9,2.5111490505784646e-07
2024-11-09 19:20:00+00:00,risk_reduce,ETH,1,1.9470383352702882e-07,3088.11,3.006334276765765e-07
2024-11-09 19:20:00+00:00,risk_reduce,TRX,7,-0.0028806098403155733,0.16068,2.3142819457095316e-07
2024-11-09 19:20:00+00:00,risk_reduce,BCH,12,-1.3598437909877496e-06,381.47,2.5936980547404845e-07
2024-11-09 22:45:00+00:00,risk_reduce,BTC,0,3.526404218336835e-09,76510.0,1.3490259337247562e-07
2024-11-09 22:45:00+00:00,risk_reduce,ETH,1,1.0458393429090603e-07,3092.71,1.61723889710414e-07
2024-11-09 22:45:00+00:00,risk_reduce,TRX,7,-0.0015473013797413504,0.16128,1.247743832623425e-07
2024-11-09 22:45:00+00:00,risk_reduce,BCH,12,-7.3043150258681e-07,386.45,1.4113762708733635e-07
2024-11-09 22:50:00+00:00,risk_reduce,BTC,0,9.121186642979354e-09,76471.2,3.487540440063014e-07
2024-11-09 22:50:00+00:00,risk_reduce,ETH,1,2.7051056131460315e-07,3112.57,4.209915289154972e-07
2024-11-09 22:50:00+00:00,risk_reduce,TRX,7,-0.004002157382915206,0.16135,3.228740468666842e-07
2024-11-09 22:50:00+00:00,risk_reduce,BCH,12,-1.8892905215921706e-06,386.94,3.6552103721243725e-07
2024-11-09 22:55:00+00:00,risk_reduce,BTC,0,1.0506061929505168e-08,76509.1,4.0190467138535194e-07
2024-11-09 22:55:00+00:00,risk_reduce,ETH,1,3.1158234350394873e-07,3132.88,4.880750461583254e-07
2024-11-09 22:55:00+00:00,risk_reduce,TRX,7,-0.0046098073597582445,0.16135,3.718962087484964e-07
2024-11-09 22:55:00+00:00,risk_reduce,BCH,12,-2.176142644548626e-06,387.41,4.215297109622917e-07
2024-11-09 23:00:00+00:00,risk_reduce,BTC,0,1.116495127028357e-09,76510.6,4.2711856033007914e-08
2024-11-09 23:00:00+00:00,risk_reduce,ETH,1,3.311232796118682e-08,3134.97,5.190307739424091e-08
2024-11-09 23:00:00+00:00,risk_reduce,TRX,7,-0.0004898912159707614,0.16131,3.9512176024121764e-08
2024-11-09 23:00:00+00:00,risk_reduce,BCH,12,-2.312619775764104e-07,387.99,4.486366733993574e-08
2024-11-09 23:05:00+00:00,risk_reduce,BTC,0,1.162702950656607e-08,76615.2,4.454035955257304e-07
2024-11-09 23:05:00+00:00,risk_reduce,ETH,1,3.448273126461604e-07,3153.71,5.437426720826613e-07
2024-11-09 23:05:00+00:00,risk_reduce,TRX,7,-0.005101660979264677,0.16162,4.1226522373437863e-07
2024-11-09 23:05:00+00:00,risk_reduce,BCH,12,-2.4083310100814e-06,392.96,4.7318887686079344e-07
2024-11-09 23:25:00+00:00,risk_reduce,BTC,0,4.522641146402857e-10,76768.9,1.7359909295204312e-08
2024-11-09 23:25:00+00:00,risk_reduce,ETH,1,1.341297183167316e-08,3146.03,2.109880588579936e-08
2024-11-09 23:25:00+00:00,risk_reduce,TRX,7,-0.00019844261895762827,0.16175,1.604904680819819e-08
2024-11-09 23:25:00+00:00,risk_reduce,BCH,12,-9.367841471627763e-08,402.08,1.8833108494560454e-08
2024-11-09 23:30:00+00:00,risk_reduce,BTC,0,3.8128949910381255e-09,76823.3,1.464595878825096e-07
2024-11-09 23:30:00+00:00,risk_reduce,ETH,1,1.1308050198196966e-07,3150.98,1.7815720006757339e-07
2024-11-09 23:30:00+00:00,risk_reduce,TRX,7,-0.0016730066422234735,0.16175,1.353044121898234e-07
2024-11-09 23:30:00+00:00,risk_reduce,BCH,12,-7.897729372678556e-07,405.62,1.601738494072938e-07
2024-11-10 02:20:00+00:00,risk_reduce,BTC,0,6.87675998499086e-10,77178.6,2.653693540888078e-08
2024-11-10 02:20:00+00:00,risk_reduce,ETH,1,2.0394673153604657e-08,3142.35,3.20436005921148e-08
2024-11-10 02:20:00+00:00,risk_reduce,TRX,7,-0.00030173569319136284,0.16175,2.4402874186851474e-08
2024-11-10 02:20:00+00:00,risk_reduce,BCH,12,-1.424397720104333e-07,400.53,2.852570094166942e-08
2024-11-10 02:25:00+00:00,risk_reduce,BTC,0,6.130676933249605e-10,77229.9,2.3673578324358683e-08
2024-11-10 02:25:00+00:00,risk_reduce,ETH,1,1.818198578063771e-08,3141.76,2.8561717823088167e-08
2024-11-10 02:25:00+00:00,risk_reduce,TRX,7,-0.000268999362813771,0.16169,2.1747253486679318e-08
2024-11-10 02:25:00+00:00,risk_reduce,BCH,12,-1.2698599726433668e-07,401.09,2.5466406821376397e-08
2024-11-10 02:30:00+00:00,risk_reduce,BTC,0,1.5165123938504975e-09,77297.8,5.8611535858688494e-08
2024-11-10 02:30:00+00:00,risk_reduce,ETH,1,4.4975794812493974e-08,3142.72,7.067316493656052e-08
2024-11-10 02:30:00+00:00,risk_reduce,TRX,7,-0.0006654091743647506,0.16173,5.380831288500556e-08
2024-11-10 02:30:00+00:00,risk_reduce,BCH,12,-3.141183931133036e-07,400.91,6.296660249152727e-08
2024-11-10 02:45:00+00:00,risk_reduce,BTC,0,4.59739174168607e-09,77411.9,1.7794641488411395e-07
2024-11-10 02:45:00+00:00,risk_reduce,ETH,1,1.36346625642604e-07,3148.04,2.1461231569397155e-07
2024-11-10 02:45:00+00:00,risk_reduce,TRX,7,-0.002017224953433594,0.16178,1.6317332648324343e-07
2024-11-10 02:45:00+00:00,risk_reduce,BCH,12,-9.522673947582726e-07,402.44,1.916152451732596e-07
2024-11-10 03:20:00+00:00,risk_reduce,BTC,0,7.41434841453547e-10,77372.6,2.868337070692436e-08
2024-11-10 03:20:00+00:00,risk_reduce,ETH,1,2.1989019958722753e-08,3140.6,3.452935804118234e-08
2024-11-10 03:20:00+00:00,risk_reduce,TRX,7,-0.00032532378086536085,0.16188,2.6331706823242306e-08
2024-11-10 03:20:00+00:00,risk_reduce,BCH,12,-1.535749539139297e-07,430.44,3.3052401581355944e-08
2024-11-10 03:30:00+00:00,risk_reduce,BTC,0,2.377511664170415e-09,77401.4,9.201136566155997e-08
2024-11-10 03:30:00+00:00,risk_reduce,ETH,1,7.051078329832526e-08,3142.79,1.1080029232107184e-07
2024-11-10 03:30:00+00:00,risk_reduce,TRX,7,-0.0010431949517282213,0.16204,8.451965498902048e-08
2024-11-10 03:30:00+00:00,risk_reduce,BCH,12,-4.924589779717803e-07,435.56,1.0724771622269432e-07
2024-11-10 04:35:00+00:00,risk_reduce,BTC,0,2.0954599169407906e-08,77942.4,8.166258751508292e-07
2024-11-10 04:35:00+00:00,risk_reduce,ETH,1,6.214586550316853e-07,3172.0,9.85633426880253e-07
2024-11-10 04:35:00+00:00,risk_reduce,TRX,7,-0.009194374268881589,0.16213,7.45341950106886e-07
2024-11-10 04:35:00+00:00,risk_reduce,BCH,12,-4.340370079478377e-06,430.44,9.341344485053363e-07
2024-11-10 04:55:00+00:00,risk_reduce,BTC,0,2.9370956382686287e-08,79331.0,1.165013670397443e-06
2024-11-10 04:55:00+00:00,risk_reduce,ETH,1,8.710658172467661e-07,3187.92,1.3884440700586552e-06
2024-11-10 04:55:00+00:00,risk_reduce,TRX,7,-0.012887269445443161,0.16257,1.0475416968728473e-06
2024-11-10 04:55:00+00:00,risk_reduce,BCH,12,-6.083667802874891e-06,435.89,1.3259049792975682e-06
2024-11-10 05:20:00+00:00,risk_reduce,BTC,0,5.376898518385259e-09,79374.0,2.1339297149915576e-07
2024-11-10 05:20:00+00:00,risk_reduce,ETH,1,1.5946475971517922e-07,3199.35,2.550917894973793e-07
2024-11-10 05:20:00+00:00,risk_reduce,TRX,7,-0.0023592537840573247,0.16279,1.9203146175334593e-07
2024-11-10 05:20:00+00:00,risk_reduce,BCH,12,-1.1137282684778186e-06,433.15,2.4120569974558354e-07
2024-11-10 05:25:00+00:00,risk_reduce,BTC,0,8.205517578553767e-10,79400.0,3.257590478685845e-08
2024-11-10 05:25:00+00:00,risk_reduce,ETH,1,2.4335420959289457e-08,3201.5,3.89549251005826e-08
2024-11-10 05:25:00+00:00,risk_reduce,TRX,7,-0.00036003838144149647,0.16294,2.9332326936038718e-08
2024-11-10 05:25:00+00:00,risk_reduce,BCH,12,-1.69962606760745e-07,429.6,3.650796793220803e-08
2024-11-10 05:30:00+00:00,risk_reduce,BTC,0,1.1889507616376976e-08,79759.5,4.7415059136420974e-07
2024-11-10 05:30:00+00:00,risk_reduce,ETH,1,3.5261172750323296e-07,3215.33,5.668815328964851e-07
2024-11-10 05:30:00+00:00,risk_reduce,TRX,7,-0.005216830062647171,0.16309,4.254064074585636e-07
2024-11-10 05:30:00+00:00,risk_reduce,BCH,12,-2.4626986515300254e-06,431.44,5.312533531080571e-07
2024-11-10 11:20:00+00:00,risk_reduce,BTC,0,1.571824395379289e-09,79996.0,6.286983216638081e-08
2024-11-10 11:20:00+00:00,risk_reduce,ETH,1,4.6616204242382313e-08,3209.04,7.479663203098728e-08
2024-11-10 11:20:00+00:00,risk_reduce,TRX,7,-0.0006896787506762703,0.16575,5.71571264622959e-08
2024-11-10 11:20:00+00:00,risk_reduce,BCH,12,-3.255752840101208e-07,431.51,7.024449540160361e-08
2024-11-10 11:50:00+00:00,risk_reduce,BTC,0,8.425686862379065e-09,79971.4,3.3690698717303056e-07
2024-11-10 11:50:00+00:00,risk_reduce,ETH,1,2.498838552281461e-07,3228.4,4.0336251910927346e-07
2024-11-10 11:50:00+00:00,risk_reduce,TRX,7,-0.0036969888022582165,0.16578,3.064434018191836e-07
2024-11-10 11:50:00+00:00,risk_reduce,BCH,12,-1.7452301931842207e-06,433.19,3.780081336927363e-07
2024-11-10 12:05:00+00:00,risk_reduce,BTC,0,1.805316908899324e-09,80038.3,7.224724817477838e-08
2024-11-10 12:05:00+00:00,risk_reduce,ETH,1,5.354098205554694e-08,3230.0,8.646868601970832e-08
2024-11-10 12:05:00+00:00,risk_reduce,TRX,7,-0.0007921296513555554,0.16595,6.57269578212272e-08
2024-11-10 12:05:00+00:00,risk_reduce,BCH,12,-3.739390780999139e-07,433.56,8.106251335049933e-08
2024-11-10 17:40:00+00:00,risk_reduce,BTC,0,8.424195369661261e-09,80316.0,3.3829883765485697e-07
2024-11-10 17:40:00+00:00,risk_reduce,ETH,1,2.498396214515653e-07,3233.59,4.039394507647835e-07
2024-11-10 17:40:00+00:00,risk_reduce,TRX,7,-0.003696334371116272,0.16656,3.0783072642656316e-07
2024-11-10 17:40:00+00:00,risk_reduce,BCH,12,-1.744921257169213e-06,450.96,3.934448450665141e-07
2024-11-10 17:50:00+00:00,risk_reduce,BTC,0,2.424986387443854e-10,80388.0,9.746990285691827e-09
2024-11-10 17:50:00+00:00,risk_reduce,ETH,1,7.191875953468539e-09,3232.42,1.1623581834755387e-08
2024-11-10 17:50:00+00:00,risk_reduce,TRX,7,-0.00010640257187843893,0.16655,8.860674173177002e-09
2024-11-10 17:50:00+00:00,risk_reduce,BCH,12,-5.022925169838235e-08,449.09,1.1278727322613264e-08
2024-11-10 17:55:00+00:00,risk_reduce,BTC,0,5.679964348572226e-09,80702.5,2.2919366142032506e-07
2024-11-10 17:55:00+00:00,risk_reduce,ETH,1,1.684529002990941e-07,3234.41,2.7242287262819647e-07
2024-11-10 17:55:00+00:00,risk_reduce,TRX,7,-0.0024922317832221097,0.16648,2.0745337363540838e-07
2024-11-10 17:55:00+00:00,risk_reduce,BCH,12,-1.176502929583047e-06,450.9,2.652425854744979e-07
2024-11-10 18:30:00+00:00,risk_reduce,BTC,0,1.1153271236647874e-09,80918.2,4.5125131629066e-08
2024-11-10 18:30:00+00:00,risk_reduce,ETH,1,3.3077688033514665e-08,3230.0,5.3420466174126185e-08
2024-11-10 18:30:00+00:00,risk_reduce,TRX,7,-0.0004893787241790903,0.16639,4.071386295807943e-08
2024-11-10 18:30:00+00:00,risk_reduce,BCH,12,-2.310200465896646e-07,450.37,5.202224919129362e-08
2024-11-10 18:35:00+00:00,risk_reduce,BTC,0,3.867554918263245e-09,80860.5,1.5636621223411256e-07
2024-11-10 18:35:00+00:00,risk_reduce,ETH,1,1.1470157259195165e-07,3240.99,1.8587332487739468e-07
2024-11-10 18:35:00+00:00,risk_reduce,TRX,7,-0.001696990104009144,0.16642,1.4120654655460088e-07
2024-11-10 18:35:00+00:00,risk_reduce,BCH,12,-8.010947626464412e-07,450.24,1.8034245296696687e-07
2024-11-10 18:50:00+00:00,risk_reduce,BTC,0,2.9056230150604264e-09,80887.4,1.1751414553419935e-07
2024-11-10 18:50:00+00:00,risk_reduce,ETH,1,8.617318596123051e-08,3245.58,1.3984098444602527e-07
2024-11-10 18:50:00+00:00,risk_reduce,TRX,7,-0.001274917514229701,0.16673,1.06283498573759e-07
2024-11-10 18:50:00+00:00,risk_reduce,BCH,12,-6.018477898266528e-07,453.14,1.3636065374102473e-07
2024-11-11 10:20:00+00:00,risk_reduce,BTC,0,1.7746706655361752e-09,82360.1,7.308102674031298e-08
2024-11-11 10:20:00+00:00,risk_reduce,ETH,1,5.263209455891034e-08,3208.33,8.44305639680944e-08
2024-11-11 10:20:00+00:00,risk_reduce,TRX,7,-0.0007786828166469473,0.16508,6.427247968603903e-08
2024-11-11 10:20:00+00:00,risk_reduce,BCH,12,-3.675912574298756e-07,437.52,8.041426347535958e-08
2024-11-11 15:15:00+00:00,risk_reduce,BTC,0,6.866987234160654e-09,82964.6,2.8485842454362254e-07
2024-11-11 15:15:00+00:00,risk_reduce,ETH,1,2.0365689728351472e-07,3201.94,3.260485828439886e-07
2024-11-11 15:15:00+00:00,risk_reduce,TRX,7,-0.00301306888383146,0.16517,2.488342937712211e-07
2024-11-11 15:15:00+00:00,risk_reduce,BCH,12,-1.4223734697261202e-06,442.83,3.1493482179940894e-07
2024-11-11 15:20:00+00:00,risk_reduce,BTC,0,1.3115804532235773e-08,83378.6,5.467887098857369e-07
2024-11-11 15:20:00+00:00,risk_reduce,ETH,1,3.889804895987429e-07,3217.99,6.258676628619292e-07
2024-11-11 15:20:00+00:00,risk_reduce,TRX,7,-0.005754899663407809,0.16532,4.757000061772894e-07
2024-11-11 15:20:00+00:00,risk_reduce,BCH,12,-2.716704103942623e-06,444.63,6.039640728680043e-07
2024-11-11 15:25:00+00:00,risk_reduce,BTC,0,4.331314200642612e-09,83481.0,1.8079122039192294e-07
2024-11-11 15:25:00+00:00,risk_reduce,ETH,1,1.2845546106081678e-07,3224.31,2.0709011382650108e-07
2024-11-11 15:25:00+00:00,risk_reduce,TRX,7,-0.0019004765261732004,0.16539,1.5715990633189283e-07
2024-11-11 15:25:00+00:00,risk_reduce,BCH,12,-8.971541955684519e-07,445.74,1.999487555663409e-07
2024-11-11 15:30:00+00:00,risk_reduce,BTC,0,4.742848574694632e-09,83781.6,1.986817210728179e-07
2024-11-11 15:30:00+00:00,risk_reduce,ETH,1,1.406604952172984e-07,3225.12,2.268234881676067e-07
2024-11-11 15:30:00+00:00,risk_reduce,TRX,7,-0.0020810479142945315,0.16554,1.7224833586615836e-07
2024-11-11 15:30:00+00:00,risk_reduce,BCH,12,-9.823961736836603e-07,446.23,2.1918732229142988e-07
2024-11-11 15:35:00+00:00,risk_reduce,BTC,0,1.2189609686008136e-08,83883.6,5.112541715286161e-07
2024-11-11 15:35:00+00:00,risk_reduce,ETH,1,3.615119706936419e-07,3250.12,5.874786430954097e-07
2024-11-11 15:35:00+00:00,risk_reduce,TRX,7,-0.005348507634942878,0.16567,4.430436299404934e-07
2024-11-11 15:35:00+00:00,risk_reduce,BCH,12,-2.5248594226947446e-06,447.61,5.650761630961974e-07
2024-11-11 15:40:00+00:00,risk_reduce,BTC,0,1.0475000236872862e-09,84083.0,4.403847224584904e-08
2024-11-11 15:40:00+00:00,risk_reduce,ETH,1,3.106611348675575e-08,3245.9,5.0418748883330243e-08
2024-11-11 15:40:00+00:00,risk_reduce,TRX,7,-0.00045961782359005277,0.16562,3.806095197149227e-08
2024-11-11 15:40:00+00:00,risk_reduce,BCH,12,-2.1697087710000063e-07,447.73,4.857218540199164e-08
2024-11-11 16:05:00+00:00,risk_reduce,BTC,0,7.428303956497972e-09,84482.1,3.137793588416287e-07
2024-11-11 16:05:00+00:00,risk_reduce,ETH,1,2.2030408449480216e-07,3249.15,3.5790050806814326e-07
2024-11-11 16:05:00+00:00,risk_reduce,TRX,7,-0.003259361164911656,0.16558,2.69842510843036e-07
2024-11-11 16:05:00+00:00,risk_reduce,BCH,12,-1.5386401798191335e-06,451.32,3.472095429779857e-07
2024-11-11 16:15:00+00:00,risk_reduce,BTC,0,5.721981426318684e-09,84836.0,2.4271500814158594e-07
2024-11-11 16:15:00+00:00,risk_reduce,ETH,1,1.6969901703047495e-07,3251.1,2.758542371338886e-07
2024-11-11 16:15:00+00:00,risk_reduce,TRX,7,-0.002510667866649996,0.16573,2.080464927699519e-07
2024-11-11 16:15:00+00:00,risk_reduce,BCH,12,-1.1852060150300235e-06,450.81,2.671513618178424e-07
2024-11-11 16:25:00+00:00,risk_reduce,BTC,0,2.8805197469543555e-08,84916.1,1.2230125144217539e-06
2024-11-11 16:25:00+00:00,risk_reduce,ETH,1,8.54286886264069e-07,3317.77,1.41716370132017e-06
2024-11-11 16:25:00+00:00,risk_reduce,TRX,7,-0.012639028037848776,0.166,1.0490393271414486e-06
2024-11-11 16:25:00+00:00,risk_reduce,BCH,12,-5.966480972482697e-06,452.48,1.3498566552144855e-06
2024-11-11 18:45:00+00:00,risk_reduce,BTC,0,2.080932043285735e-09,85252.0,8.870180927709773e-08
2024-11-11 18:45:00+00:00,risk_reduce,ETH,1,6.171500673326222e-08,3315.78,1.0231669251300812e-07
2024-11-11 18:45:00+00:00,risk_reduce,TRX,7,-0.0009130629452465122,0.16643,7.598053298868852e-08
2024-11-11 18:45:00+00:00,risk_reduce,BCH,12,-4.3102781900465105e-07,440.04,9.483474073740334e-08
2024-11-11 18:50:00+00:00,risk_reduce,BTC,0,8.542507983791218e-09,85589.6,3.6557492066474846e-07
2024-11-11 18:50:00+00:00,risk_reduce,ETH,1,2.533484644247e-07,3325.17,4.212133567255399e-07
2024-11-11 18:50:00+00:00,risk_reduce,TRX,7,-0.0037482471014074203,0.16634,3.117417114240551e-07
2024-11-11 18:50:00+00:00,risk_reduce,BCH,12,-1.769427597101596e-06,440.82,3.899995366771628e-07
2024-11-11 18:55:00+00:00,risk_reduce,BTC,0,4.769687956053484e-09,85836.4,2.0470642163549465e-07
2024-11-11 18:55:00+00:00,risk_reduce,ETH,1,1.4145648113457346e-07,3328.78,2.3543875263557276e-07
2024-11-11 18:55:00+00:00,risk_reduce,TRX,7,-0.002092824389490433,0.16639,1.741125250836566e-07
2024-11-11 18:55:00+00:00,risk_reduce,BCH,12,-9.87955471041732e-07,440.27,2.174835776177717e-07
2024-11-11 19:00:00+00:00,risk_reduce,BTC,0,1.9483929258935456e-10,85932.6,8.371523497181985e-09
2024-11-11 19:00:00+00:00,risk_reduce,ETH,1,5.7784242848534645e-09,3325.61,9.608392792975766e-09
2024-11-11 19:00:00+00:00,risk_reduce,TRX,7,-8.54907967395846e-05,0.16648,7.1162539206030215e-09
2024-11-11 19:00:00+00:00,risk_reduce,BCH,12,-4.0357471361085126e-08,441.19,8.902656394898572e-09
2024-11-11 19:10:00+00:00,risk_reduce,BTC,0,6.90940961997097e-09,86210.9,2.9783321090317764e-07
2024-11-11 19:10:00+00:00,risk_reduce,ETH,1,2.0491503439296955e-07,3332.88,3.4147860991382017e-07
2024-11-11 19:10:00+00:00,risk_reduce,TRX,7,-0.003031682806692304,0.16662,2.5256949462553585e-07
2024-11-11 19:10:00+00:00,risk_reduce,BCH,12,-1.431160507482502e-06,442.19,3.1642243240184376e-07
2024-11-11 19:40:00+00:00,risk_reduce,BTC,0,1.2474852756239621e-10,86533.5,5.397463354910307e-09
2024-11-11 19:40:00+00:00,risk_reduce,ETH,1,3.699715347898016e-09,3321.86,6.144968212784253e-09
2024-11-11 19:40:00+00:00,risk_reduce,TRX,7,-5.4736654355735936e-05,0.16672,4.562847507094148e-09
2024-11-11 19:40:00+00:00,risk_reduce,BCH,12,-2.5839424181491738e-08,443.21,5.726145595739477e-09
2024-11-11 20:15:00+00:00,risk_reduce,BTC,0,1.1325225870117691e-08,87239.9,4.940057861932402e-07
2024-11-11 20:15:00+00:00,risk_reduce,ETH,1,3.3587660543030987e-07,3323.93,5.582151625439849e-07
2024-11-11 20:15:00+00:00,risk_reduce,TRX,7,-0.004969236800363319,0.16714,4.1527911940636266e-07
2024-11-11 20:15:00+00:00,risk_reduce,BCH,12,-2.345817789812816e-06,449.02,5.266595519908753e-07
2024-11-11 20:35:00+00:00,risk_reduce,BTC,0,8.918146853890104e-10,86889.6,3.874471064378848e-08
2024-11-11 20:35:00+00:00,risk_reduce,ETH,1,2.644889317321875e-08,3338.59,4.41510051295882e-08
2024-11-11 20:35:00+00:00,risk_reduce,TRX,7,-0.00039130684054899945,0.16729,3.273086067772106e-08
2024-11-11 20:35:00+00:00,risk_reduce,BCH,12,-1.8472344641895164e-07,447.05,4.1290308360796165e-08
2024-11-11 20:40:00+00:00,risk_reduce,BTC,0,6.718141458505211e-09,86934.8,2.920201420334294e-07
2024-11-11 20:40:00+00:00,risk_reduce,ETH,1,1.9924252052554224e-07,3353.11,3.340410439997005e-07
2024-11-11 20:40:00+00:00,risk_reduce,TRX,7,-0.002947758936423295,0.1675,2.4687481092545096e-07
2024-11-11 20:40:00+00:00,risk_reduce,BCH,12,-1.3915427320018107e-06,449.03,3.1242221647538653e-07
2024-11-11 20:45:00+00:00,risk_reduce,BTC,0,2.660607017322595e-09,86998.0,1.1573374464651556e-07
2024-11-11 20:45:00+00:00,risk_reduce,ETH,1,7.890665171810679e-08,3357.55,1.3246651423806473e-07
2024-11-11 20:45:00+00:00,risk_reduce,TRX,7,-0.0011674103857537421,0.16762,9.784066443002113e-08
2024-11-11 20:45:00+00:00,risk_reduce,BCH,12,-5.510971122795914e-07,449.21,1.2377916690355763e-07
2024-11-11 20:50:00+00:00,risk_reduce,BTC,0,2.3955889004996304e-09,87177.0,1.0442012678942814e-07
2024-11-11 20:50:00+00:00,risk_reduce,ETH,1,7.104690689033872e-08,3357.53,1.1927106064575949e-07
2024-11-11 20:50:00+00:00,risk_reduce,TRX,7,-0.0010511268083681635,0.16761,8.808968217529395e-08
2024-11-11 20:50:00+00:00,risk_reduce,BCH,12,-4.962033538507974e-07,449.38,1.1149193157673566e-07
2024-11-11 21:20:00+00:00,risk_reduce,BTC,0,6.371753784826824e-09,87822.0,2.797900804455307e-07
2024-11-11 21:20:00+00:00,risk_reduce,ETH,1,1.889695672677188e-07,3351.63,3.1667803537075216e-07
2024-11-11 21:20:00+00:00,risk_reduce,TRX,7,-0.002795772353994197,0.16739,2.3399216716754433e-07
2024-11-11 21:20:00+00:00,risk_reduce,BCH,12,-1.3197947265839718e-06,450.78,2.974685334247614e-07
2024-11-11 21:30:00+00:00,risk_reduce,BTC,0,8.401240862931803e-09,88320.8,3.7100215700341356e-07
2024-11-11 21:30:00+00:00,risk_reduce,ETH,1,2.4915885076423855e-07,3356.04,4.1809353475940756e-07
2024-11-11 21:30:00+00:00,risk_reduce,TRX,7,-0.0036862624854971937,0.1674,3.085401700361151e-07
2024-11-11 21:30:00+00:00,risk_reduce,BCH,12,-1.7401666420418203e-06,451.36,3.9272080777599807e-07
2024-11-11 23:05:00+00:00,risk_reduce,BTC,0,1.514458405041881e-08,89000.0,6.73933990243637e-07
2024-11-11 23:05:00+00:00,risk_reduce,ETH,1,4.4914878871689737e-07,3365.0,7.556928370161799e-07
2024-11-11 23:05:00+00:00,risk_reduce,TRX,7,-0.0066450793346299886,0.16758,5.567911974486468e-07
2024-11-11 23:05:00+00:00,risk_reduce,BCH,12,-3.136929461029672e-06,471.39,7.393585893173885e-07
2024-11-11 23:15:00+00:00,risk_reduce,BTC,0,4.771701578639638e-09,89564.7,2.136880101901928e-07
2024-11-11 23:15:00+00:00,risk_reduce,ETH,1,1.415161999186905e-07,3357.25,2.3755263108851184e-07
2024-11-11 23:15:00+00:00,risk_reduce,TRX,7,-0.002093707918664478,0.16759,1.7544225504448992e-07
2024-11-11 23:15:00+00:00,risk_reduce,BCH,12,-9.883725569116968e-07,474.7,2.3459022638299123e-07
2024-11-11 23:20:00+00:00,risk_reduce,BTC,0,5.748418019446064e-09,89410.7,2.5698503950564307e-07
2024-11-11 23:20:00+00:00,risk_reduce,ETH,1,1.7048305730134653e-07,3377.22,2.878793953896268e-07
2024-11-11 23:20:00+00:00,risk_reduce,TRX,7,-0.00252226760805474,0.16766,2.1144169358322887e-07
2024-11-11 23:20:00+00:00,risk_reduce,BCH,12,-1.1906818820167598e-06,475.52,2.830965242683048e-07
2024-11-11 23:25:00+00:00,risk_reduce,BTC,0,4.531364669565965e-09,89532.1,2.0285129736602352e-07
2024-11-11 23:25:00+00:00,risk_reduce,ETH,1,1.343884352184477e-07,3384.61,2.2742622086235513e-07
2024-11-11 23:25:00+00:00,risk_reduce,TRX,7,-0.001988253861787248,0.16779,1.6680455773464118e-07
2024-11-11 23:25:00+00:00,risk_reduce,BCH,12,-9.385910688142511e-07,476.59,2.2366155874309194e-07
2024-11-12 06:50:00+00:00,risk_reduce,BTC,0,5.047754555473792e-09,89829.1,2.267176243695554e-07
2024-11-12 06:50:00+00:00,risk_reduce,ETH,1,1.4970320985926804e-07,3394.09,2.5405308377562155e-07
2024-11-12 06:50:00+00:00,risk_reduce,TRX,7,-0.0022148333272933307,0.16817,1.862342603254597e-07
2024-11-12 06:50:00+00:00,risk_reduce,BCH,12,-1.045551989040821e-06,461.14,2.410729221131421e-07
2024-11-12 09:00:00+00:00,risk_reduce,BTC,0,9.725675042467429e-09,89471.1,4.350834221460538e-07
2024-11-12 09:00:00+00:00,risk_reduce,ETH,1,2.8843810765853076e-07,3426.37,4.941478394689801e-07
2024-11-12 09:00:00+00:00,risk_reduce,TRX,7,-0.004267392357879762,0.1715,3.6592889468818966e-07
2024-11-12 09:00:00+00:00,risk_reduce,BCH,12,-2.0144994717284604e-06,472.38,4.758046302275451e-07
2024-11-12 09:05:00+00:00,risk_reduce,BTC,0,2.7290580393278947e-09,89287.0,1.2183470257873487e-07
2024-11-12 09:05:00+00:00,risk_reduce,ETH,1,8.093673016186162e-08,3440.71,1.3923990841760946e-07
2024-11-12 09:05:00+00:00,risk_reduce,TRX,7,-0.0011974450483269727,0.17185,1.0289046577749514e-07
2024-11-12 09:05:00+00:00,risk_reduce,BCH,12,-5.65275516047699e-07,469.39,1.3266733723881473e-07
2024-11-12 16:05:00+00:00,exit_scheduled,BTC,0,2.408897159164583e-06,86632.0,0.00010434378934637308
2024-11-12 16:05:00+00:00,exit_scheduled,ETH,1,7.144159506661615e-05,3265.62,0.00011665055084072151
2024-11-12 16:05:00+00:00,exit_scheduled,TRX,7,-1.0569661522774463,0.17946,9.484157284385526e-05
2024-11-12 16:05:00+00:00,exit_scheduled,BCH,12,-0.0004989599213829263,429.48,0.0001071466535177696
2024-11-13 00:05:00+00:00,entry,ETH,1,-6.589785917091338e-05,3256.79,0.00010730774438461949
2024-11-13 00:05:00+00:00,entry,XRP,4,-0.3187566619998851,0.7108,0.00011328611767475918
2024-11-13 00:05:00+00:00,entry,TRX,7,1.1573527442389804,0.18864,0.00010916151083662064
2024-11-13 00:05:00+00:00,entry,BCH,12,0.0005134066724539061,434.09,0.00011143235122275804
2024-11-13 00:10:00+00:00,risk_reduce,ETH,1,7.108898947871573e-08,3252.25,1.155995830160766e-07
2024-11-13 00:10:00+00:00,risk_reduce,XRP,4,0.00034386684599885253,0.713,1.225885305985909e-07
2024-11-13 00:10:00+00:00,risk_reduce,TRX,7,-0.0012485236712316272,0.18986,1.1852235211001838e-07
2024-11-13 00:10:00+00:00,risk_reduce,BCH,12,-5.538504891596007e-07,435.04,1.2047355840199634e-07
2024-11-13 00:15:00+00:00,risk_reduce,ETH,1,4.3944726325394006e-07,3237.52,7.113596518649481e-07
2024-11-13 00:15:00+00:00,risk_reduce,XRP,4,0.002125664543919492,0.7261,7.717225126699716e-07
2024-11-13 00:15:00+00:00,risk_reduce,TRX,7,-0.007717936553237159,0.1895,7.312744884192208e-07
2024-11-13 00:15:00+00:00,risk_reduce,BCH,12,-3.4237099654637086e-06,432.41,7.402232130830812e-07
2024-11-13 00:20:00+00:00,risk_reduce,ETH,1,2.888229864928324e-07,3230.81,4.665660964954539e-07
2024-11-13 00:20:00+00:00,risk_reduce,XRP,4,0.001397074992140701,0.734,5.127265221156373e-07
2024-11-13 00:20:00+00:00,risk_reduce,TRX,7,-0.005072548338024285,0.18896,4.792543669765344e-07
2024-11-13 00:20:00+00:00,risk_reduce,BCH,12,-2.2502043357568386e-06,433.16,4.873492550382161e-07
2024-11-13 14:55:00+00:00,risk_reduce,ETH,1,3.506547109344011e-08,3323.52,5.8270397244235044e-08
2024-11-13 14:55:00+00:00,risk_reduce,XRP,4,0.0001696163222573155,0.717,6.08074515292476e-08
2024-11-13 14:55:00+00:00,risk_reduce,TRX,7,-0.0006158488258742878,0.18019,5.5484899967143954e-08
2024-11-13 14:55:00+00:00,risk_reduce,BCH,12,-2.7319319714801983e-07,437.5,5.976101187612934e-08
2024-11-13 17:00:00+00:00,risk_reduce,ETH,1,4.752577865848012e-07,3287.3,7.811574609201085e-07
2024-11-13 17:00:00+00:00,risk_reduce,XRP,4,0.0022988847824071956,0.7351,8.449551017737647e-07
2024-11-13 17:00:00+00:00,risk_reduce,TRX,7,-0.008346870603159973,0.18006,7.514687604024924e-07
2024-11-13 17:00:00+00:00,risk_reduce,BCH,12,-3.702707824475315e-06,438.52,8.118557175944575e-07
2024-11-14 18:25:00+00:00,risk_reduce,ETH,1,1.4019480495264117e-07,3139.02,2.2003714832121984e-07
2024-11-14 18:25:00+00:00,risk_reduce,XRP,4,0.0006781408169956316,0.77,2.6108421454331816e-07
2024-11-14 18:25:00+00:00,risk_reduce,TRX,7,-0.0024622171991832698,0.17918,2.2059003887482915e-07
2024-11-14 18:25:00+00:00,risk_reduce,BCH,12,-1.092250176434103e-06,428.09,2.3379068901483754e-07
2024-11-14 18:30:00+00:00,risk_reduce,ETH,1,7.944819634559406e-08,3133.22,1.244643388769711e-07
2024-11-14 18:30:00+00:00,risk_reduce,XRP,4,0.0003843014353979157,0.7731,1.4855171985306433e-07
2024-11-14 18:30:00+00:00,risk_reduce,TRX,7,-0.001395334980866636,0.17887,1.247917840138076e-07
2024-11-14 18:30:00+00:00,risk_reduce,BCH,12,-6.189766197481524e-07,427.47,1.3229696782187135e-07
2024-11-14 18:55:00+00:00,risk_reduce,ETH,1,4.281109367198696e-08,3136.52,6.713892576203028e-08
2024-11-14 18:55:00+00:00,risk_reduce,XRP,4,0.00020708292328669442,0.7736,8.00996747272934e-08
2024-11-14 18:55:00+00:00,risk_reduce,TRX,7,-0.0007518838603943756,0.17855,6.712443163670788e-08
2024-11-14 18:55:00+00:00,risk_reduce,BCH,12,-3.335389255855123e-07,425.62,7.098041875385288e-08
2024-11-14 19:00:00+00:00,risk_reduce,ETH,1,4.3320169902986115e-09,3134.42,6.789180347365887e-09
2024-11-14 19:00:00+00:00,risk_reduce,XRP,4,2.095453923584012e-05,0.7742,8.11150213819371e-09
2024-11-14 19:00:00+00:00,risk_reduce,TRX,7,-7.608246785073547e-05,0.17849,6.789979843338887e-09
2024-11-14 19:00:00+00:00,risk_reduce,BCH,12,-3.375051110896671e-08,424.95,7.171139847877701e-09
2024-11-14 19:30:00+00:00,risk_reduce,ETH,1,2.489480530491804e-07,3141.75,3.910662728336313e-07
2024-11-14 19:30:00+00:00,risk_reduce,XRP,4,0.0012041946642836199,0.7782,4.685521438727565e-07
2024-11-14 19:30:00+00:00,risk_reduce,TRX,7,-0.0043722317537226996,0.17871,3.9068076835389183e-07
2024-11-14 19:30:00+00:00,risk_reduce,BCH,12,-1.9395408764094797e-06,425.74,4.1287006636128596e-07
2024-11-14 19:35:00+00:00,risk_reduce,ETH,1,4.877286583488658e-07,3139.04,7.654998838517118e-07
2024-11-14 19:35:00+00:00,risk_reduce,XRP,4,0.002359208038818783,0.7899,9.317692149314784e-07
2024-11-14 19:35:00+00:00,risk_reduce,TRX,7,-0.008565894374808591,0.17869,7.653198329172735e-07
2024-11-14 19:35:00+00:00,risk_reduce,BCH,12,-3.7998677148804935e-06,425.36,8.081558656007835e-07
2024-11-14 19:40:00+00:00,risk_reduce,ETH,1,7.814305942013995e-08,3133.77,1.2244118765952597e-07
2024-11-14 19:40:00+00:00,risk_reduce,XRP,4,0.00037798831544161304,0.7929,1.498534676568275e-07
2024-11-14 19:40:00+00:00,risk_reduce,TRX,7,-0.0013724130859633643,0.17864,1.225839368382477e-07
2024-11-14 19:40:00+00:00,risk_reduce,BCH,12,-6.088083682385904e-07,424.08,1.290917264013107e-07
2024-11-14 19:45:00+00:00,risk_reduce,ETH,1,3.3572400248284653e-07,3140.11,5.271051487182056e-07
2024-11-14 19:45:00+00:00,risk_reduce,XRP,4,0.0016239414107083183,0.7993,6.490081847895794e-07
2024-11-14 19:45:00+00:00,risk_reduce,TRX,7,-0.005896262799261143,0.17865,5.266836745440017e-07
2024-11-14 19:45:00+00:00,risk_reduce,BCH,12,-2.615607625895428e-06,424.32,5.549273139099741e-07
2024-11-14 21:35:00+00:00,risk_reduce,ETH,1,7.344961265432463e-07,3114.15,1.1436655562373254e-06
2024-11-14 21:35:00+00:00,risk_reduce,XRP,4,0.0035528549257046182,0.8219,1.4600457317183127e-06
2024-11-14 21:35:00+00:00,risk_reduce,TRX,7,-0.012899828892513288,0.1785,1.1513097286568108e-06
2024-11-14 21:35:00+00:00,risk_reduce,BCH,12,-5.722419772102329e-06,423.06,1.2104634543928057e-06
2024-11-14 21:40:00+00:00,risk_reduce,ETH,1,6.301103513541657e-07,3113.62,9.809620960916788e-07
2024-11-14 21:40:00+00:00,risk_reduce,XRP,4,0.003047927122614036,0.8369,1.2754051044578433e-06
2024-11-14 21:40:00+00:00,risk_reduce,TRX,7,-0.011066519511987671,0.17854,9.879081968351393e-07
2024-11-14 21:40:00+00:00,risk_reduce,BCH,12,-4.909155818377342e-06,423.35,1.039145557855024e-06
2024-11-14 22:25:00+00:00,risk_reduce,ETH,1,3.4743079152616484e-07,3115.72,5.412485328869511e-07
2024-11-14 22:25:00+00:00,risk_reduce,XRP,4,0.0016805686979242673,0.8446,7.097041611334182e-07
2024-11-14 22:25:00+00:00,risk_reduce,TRX,7,-0.006101867117762394,0.17926,5.469103497650434e-07
2024-11-14 22:25:00+00:00,risk_reduce,BCH,12,-2.706814588966319e-06,424.25,5.741830446844804e-07
2024-11-15 12:40:00+00:00,risk_reduce,ETH,1,4.0726705599079046e-07,3096.81,6.306143458314199e-07
2024-11-15 12:40:00+00:00,risk_reduce,XRP,4,0.0019700046244817138,0.857,8.441469815904144e-07
2024-11-15 12:40:00+00:00,risk_reduce,TRX,7,-0.0071527611187880424,0.18614,6.657074773256031e-07
2024-11-15 12:40:00+00:00,risk_reduce,BCH,12,-3.172995703457147e-06,426.68,6.769269033755477e-07
2024-11-15 12:50:00+00:00,risk_reduce,ETH,1,1.3928580303287837e-07,3103.82,2.161590305847543e-07
2024-11-15 12:50:00+00:00,risk_reduce,XRP,4,0.0006737438544639485,0.8585,2.892045495286499e-07
2024-11-15 12:50:00+00:00,risk_reduce,TRX,7,-0.002446252555117656,0.18855,2.3062045963371702e-07
2024-11-15 12:50:00+00:00,risk_reduce,BCH,12,-1.0851681914234696e-06,427.13,2.317539448013533e-07
2024-11-15 12:55:00+00:00,risk_reduce,ETH,1,5.039121576704532e-07,3105.45,7.824370050188543e-07
2024-11-15 12:55:00+00:00,risk_reduce,XRP,4,0.002437489765844958,0.8706,1.0610392950723104e-06
2024-11-15 12:55:00+00:00,risk_reduce,TRX,7,-0.008850122384441717,0.18917,8.370888257324198e-07
2024-11-15 12:55:00+00:00,risk_reduce,BCH,12,-3.925952486675741e-06,427.27,8.387208594909718e-07
2024-11-15 13:10:00+00:00,risk_reduce,ETH,1,1.2260041342332167e-07,3110.47,1.9067245397041968e-07
2024-11-15 13:10:00+00:00,risk_reduce,XRP,4,0.0005930344177231262,0.8724,2.5868161301082763e-07
2024-11-15 13:10:00+00:00,risk_reduce,TRX,7,-0.002153209932849398,0.18976,2.042965584287509e-07
2024-11-15 13:10:00+00:00,risk_reduce,BCH,12,-9.551732194196228e-07,428.93,2.048512245028294e-07
2024-11-15 13:50:00+00:00,risk_reduce,ETH,1,3.025435364125453e-07,3105.16,4.697230437633896e-07
2024-11-15 13:50:00+00:00,risk_reduce,XRP,4,0.0014634431071027798,0.8812,6.447930329894848e-07
2024-11-15 13:50:00+00:00,risk_reduce,TRX,7,-0.005313519991759996,0.18755,4.982753372272937e-07
2024-11-15 13:50:00+00:00,risk_reduce,BCH,12,-2.3571004013824438e-06,433.44,5.108307989876032e-07
2024-11-15 13:55:00+00:00,risk_reduce,ETH,1,6.656538398434951e-09,3107.2,1.034159805580854e-08
2024-11-15 13:55:00+00:00,risk_reduce,XRP,4,3.219855678249228e-05,0.8808,1.4180244407009602e-08
2024-11-15 13:55:00+00:00,risk_reduce,TRX,7,-0.0001169076367499855,0.18796,1.0986979701763636e-08
2024-11-15 13:55:00+00:00,risk_reduce,BCH,12,-5.1860732233144705e-08,434.26,1.126052078978271e-08
2024-11-15 14:05:00+00:00,risk_reduce,ETH,1,2.0765944253456142e-07,3104.78,3.2236844199622785e-07
2024-11-15 14:05:00+00:00,risk_reduce,XRP,4,0.0010044761934283053,0.8866,4.452842965467678e-07
2024-11-15 14:05:00+00:00,risk_reduce,TRX,7,-0.0036470870026472646,0.1885,3.437379499995047e-07
2024-11-15 14:05:00+00:00,risk_reduce,BCH,12,-1.6178635351231634e-06,433.06,3.5031599126021857e-07
2024-11-15 14:10:00+00:00,risk_reduce,ETH,1,4.0597218189709916e-08,3093.93,6.280247563684459e-08
2024-11-15 14:10:00+00:00,risk_reduce,XRP,4,0.00019637411472001043,0.89,8.738648105040464e-08
2024-11-15 14:10:00+00:00,risk_reduce,TRX,7,-0.0007130019468231108,0.18809,6.705426808897945e-08
2024-11-15 14:10:00+00:00,risk_reduce,BCH,12,-3.162907409117485e-07,432.6,6.841368725921122e-08
2024-11-15 14:15:00+00:00,risk_reduce,ETH,1,1.530045106643471e-07,3091.04,2.3647153132196174e-07
2024-11-15 14:15:00+00:00,risk_reduce,XRP,4,0.000740103058034125,0.8946,3.310480978586641e-07
2024-11-15 14:15:00+00:00,risk_reduce,TRX,7,-0.0026871918530622096,0.18803,2.5263634206564366e-07
2024-11-15 14:15:00+00:00,risk_reduce,BCH,12,-1.1920499038805188e-06,431.81,2.5736953449732336e-07
2024-11-15 14:50:00+00:00,risk_reduce,ETH,1,1.3892520819231758e-07,3082.89,2.1414556754200697e-07
2024-11-15 14:50:00+00:00,risk_reduce,XRP,4,0.0006719996095194691,0.8999,3.0236622430328516e-07
2024-11-15 14:50:00+00:00,risk_reduce,TRX,7,-0.0024399194900752708,0.18856,2.3003560952429653e-07
2024-11-15 14:50:00+00:00,risk_reduce,BCH,12,-1.0823588164372974e-06,430.15,2.3278832244525172e-07
2024-11-15 14:55:00+00:00,risk_reduce,ETH,1,3.6516114260615645e-07,3064.0,5.594268704726317e-07
2024-11-15 14:55:00+00:00,risk_reduce,XRP,4,0.0017663327515285987,0.9135,8.067724842606874e-07
2024-11-15 14:55:00+00:00,risk_reduce,TRX,7,-0.006413262218254667,0.18843,6.042254998928635e-07
2024-11-15 14:55:00+00:00,risk_reduce,BCH,12,-2.844950799519197e-06,427.39,6.079517611032548e-07
2024-11-15 21:50:00+00:00,risk_reduce,ETH,1,4.4912385520782323e-07,3084.39,6.92636563882229e-07
2024-11-15 21:50:00+00:00,risk_reduce,XRP,4,0.0021724714992525374,0.9203,9.99662760381055e-07
2024-11-15 21:50:00+00:00,risk_reduce,TRX,7,-0.00788788487012626,0.18947,7.472587731714114e-07
2024-11-15 21:50:00+00:00,risk_reduce,BCH,12,-3.4990997723290855e-06,434.15,7.595670830783363e-07
2024-11-15 21:55:00+00:00,risk_reduce,ETH,1,2.0680365957345752e-07,3097.22,3.2025821525205204e-07
2024-11-15 21:55:00+00:00,risk_reduce,XRP,4,0.0010003366580396134,0.923,4.6165536768528157e-07
2024-11-15 21:55:00+00:00,risk_reduce,TRX,7,-0.003632057033980951,0.18966,3.444279685324136e-07
2024-11-15 21:55:00+00:00,risk_reduce,BCH,12,-1.6111961761538216e-06,435.23,3.506204558737139e-07
2024-11-15 22:10:00+00:00,risk_reduce,ETH,1,7.486909534636208e-08,3085.5,1.155042968456001e-07
2024-11-15 22:10:00+00:00,risk_reduce,XRP,4,0.0003621517181258138,0.9275,1.6794785928084617e-07
2024-11-15 22:10:00+00:00,risk_reduce,TRX,7,-0.0013149130191478786,0.18993,1.2487071486337828e-07
2024-11-15 22:10:00+00:00,risk_reduce,BCH,12,-5.833010904302211e-07,433.61,1.264625929107241e-07
2024-11-16 04:20:00+00:00,risk_reduce,ETH,1,2.2601970426970412e-08,3142.57,3.551413710234221e-08
2024-11-16 04:20:00+00:00,risk_reduce,XRP,4,0.00010932872081981237,0.9164,5.009441987963803e-08
2024-11-16 04:20:00+00:00,risk_reduce,TRX,7,-0.0003969545115420914,0.18975,3.766105928255592e-08
2024-11-16 04:20:00+00:00,risk_reduce,BCH,12,-1.7609073456721852e-07,433.25,3.814565537562371e-08
2024-11-16 04:30:00+00:00,risk_reduce,ETH,1,6.716039102745654e-09,3143.02,1.0554322610355823e-08
2024-11-16 04:30:00+00:00,risk_reduce,XRP,4,3.248636956015849e-05,0.9165,1.4886878850942628e-08
2024-11-16 04:30:00+00:00,risk_reduce,TRX,7,-0.00011795263736602557,0.18992,1.120078244427779e-08
2024-11-16 04:30:00+00:00,risk_reduce,BCH,12,-5.232429901657438e-08,432.7,1.1320362092235867e-08
2024-11-16 04:35:00+00:00,risk_reduce,ETH,1,5.4503252814024506e-08,3140.0,8.557010691801848e-08
2024-11-16 04:35:00+00:00,risk_reduce,XRP,4,0.00026363944373480885,0.9186,1.2108959650739772e-07
2024-11-16 04:35:00+00:00,risk_reduce,TRX,7,-0.0009572312364602986,0.18963,9.075987968498322e-08
2024-11-16 04:35:00+00:00,risk_reduce,BCH,12,-4.246319078831783e-07,433.08,9.194979333302343e-08
2024-11-16 04:40:00+00:00,risk_reduce,ETH,1,1.479917380368167e-07,3136.62,2.3209692268052e-07
2024-11-16 04:40:00+00:00,risk_reduce,XRP,4,0.0007158556137283334,0.9233,3.304747440776851e-07
2024-11-16 04:40:00+00:00,risk_reduce,TRX,7,-0.0025991533912714804,0.18953,2.4630877112384186e-07
2024-11-16 04:40:00+00:00,risk_reduce,BCH,12,-1.1529956622580227e-06,432.72,2.494621414861458e-07
2024-11-16 04:45:00+00:00,risk_reduce,ETH,1,3.1868528276025843e-07,3131.79,4.990276908478749e-07
2024-11-16 04:45:00+00:00,risk_reduce,XRP,4,0.0015415228694711236,0.9329,7.190433424648056e-07
2024-11-16 04:45:00+00:00,risk_reduce,TRX,7,-0.005597014701108183,0.18977,5.310727399146499e-07
2024-11-16 04:45:00+00:00,risk_reduce,BCH,12,-2.482859878006412e-06,431.61,5.358135759731738e-07
2024-11-16 04:50:00+00:00,risk_reduce,ETH,1,2.7938670491091307e-07,3133.53,4.3773331071974674e-07
2024-11-16 04:50:00+00:00,risk_reduce,XRP,4,0.001351430449865909,0.94,6.351723114369773e-07
2024-11-16 04:50:00+00:00,risk_reduce,TRX,7,-0.0049068205507842855,0.19,4.661479523245071e-07
2024-11-16 04:50:00+00:00,risk_reduce,BCH,12,-2.1766867740596603e-06,432.32,4.7051261308073616e-07
2024-11-16 04:55:00+00:00,risk_reduce,ETH,1,2.104358495492141e-07,3134.21,3.297750720078212e-07
2024-11-16 04:55:00+00:00,risk_reduce,XRP,4,0.0010179060414306496,0.9456,4.812659763884112e-07
2024-11-16 04:55:00+00:00,risk_reduce,TRX,7,-0.003695848560578696,0.18997,3.5105017552656746e-07
2024-11-16 04:55:00+00:00,risk_reduce,BCH,12,-1.6394943726754491e-06,432.33,3.5440130106938847e-07
2024-11-16 05:00:00+00:00,risk_reduce,ETH,1,1.34574987059961e-07,3135.54,2.1098262746299507e-07
2024-11-16 05:00:00+00:00,risk_reduce,XRP,4,0.0006509570144404009,0.9492,3.0894419905341427e-07
2024-11-16 05:00:00+00:00,risk_reduce,TRX,7,-0.002363517306014584,0.18895,2.2329329748572785e-07
2024-11-16 05:00:00+00:00,risk_reduce,BCH,12,-1.0484664778378236e-06,432.35,2.2665224084659154e-07
2024-11-16 05:05:00+00:00,risk_reduce,ETH,1,4.605739696479457e-07,3129.23,7.206209415207206e-07
2024-11-16 05:05:00+00:00,risk_reduce,XRP,4,0.002227857217458995,0.9632,1.072936035928252e-06
2024-11-16 05:05:00+00:00,risk_reduce,TRX,7,-0.008088981256805017,0.1888,7.635998306423935e-07
2024-11-16 05:05:00+00:00,risk_reduce,BCH,12,-3.588306997387425e-06,432.54,7.760431543249785e-07
2024-11-16 05:20:00+00:00,risk_reduce,ETH,1,1.1488240907166702e-07,3133.15,1.7997190999144678e-07
2024-11-16 05:20:00+00:00,risk_reduce,XRP,4,0.0005557014097106183,0.9652,2.6818150032634443e-07
2024-11-16 05:20:00+00:00,risk_reduce,TRX,7,-0.002017659952488482,0.18938,1.9105222090113433e-07
2024-11-16 05:20:00+00:00,risk_reduce,BCH,12,-8.950426631007514e-07,435.83,1.9504322192960025e-07
2024-11-16 05:25:00+00:00,risk_reduce,ETH,1,9.842149518386663e-08,3137.56,1.5440167321454629e-07
2024-11-16 05:25:00+00:00,risk_reduce,XRP,4,0.00047607779173036713,0.967,2.3018361230163252e-07
2024-11-16 05:25:00+00:00,risk_reduce,TRX,7,-0.0017285597586367274,0.18952,1.6379832272841628e-07
2024-11-16 05:25:00+00:00,risk_reduce,BCH,12,-7.667965693579186e-07,435.97,1.671501501714859e-07
2024-11-16 05:35:00+00:00,risk_reduce,ETH,1,2.9688474010321328e-08,3131.77,4.648873612565201e-08
2024-11-16 05:35:00+00:00,risk_reduce,XRP,4,0.000143607076079022,0.9691,6.958480871409011e-08
2024-11-16 05:35:00+00:00,risk_reduce,TRX,7,-0.0005214135527377151,0.18948,4.939871998637113e-08
2024-11-16 05:35:00+00:00,risk_reduce,BCH,12,-2.3130130240409282e-07,435.21,5.0332319909642615e-08
2024-11-16 05:40:00+00:00,risk_reduce,ETH,1,2.69154656667139e-07,3128.56,4.210332463312721e-07
2024-11-16 05:40:00+00:00,risk_reduce,XRP,4,0.001301936678981097,0.9772,6.361262613501641e-07
2024-11-16 05:40:00+00:00,risk_reduce,TRX,7,-0.0047271168507991845,0.18952,4.479415927817307e-07
2024-11-16 05:40:00+00:00,risk_reduce,BCH,12,-2.0969694371489257e-06,436.6,4.5776842812961056e-07
2024-11-16 06:00:00+00:00,risk_reduce,ETH,1,2.3374659515394117e-07,3131.8,3.6602379335155646e-07
2024-11-16 06:00:00+00:00,risk_reduce,XRP,4,0.001130663201544424,0.983,5.557209635590845e-07
2024-11-16 06:00:00+00:00,risk_reduce,TRX,7,-0.00410525116842253,0.18975,3.8948570460408755e-07
2024-11-16 06:00:00+00:00,risk_reduce,BCH,12,-1.821107136487773e-06,437.84,3.986767743199033e-07
2024-11-16 08:40:00+00:00,risk_reduce,ETH,1,1.9209256552792965e-07,3118.76,2.99545304832943e-07
2024-11-16 08:40:00+00:00,risk_reduce,XRP,4,0.0009291771501084289,0.9909,4.603608190212211e-07
2024-11-16 08:40:00+00:00,risk_reduce,TRX,7,-0.003373688624467186,0.19216,3.2414400303880724e-07
2024-11-16 08:40:00+00:00,risk_reduce,BCH,12,-1.4965828345810269e-06,435.8,3.261053996552058e-07
2024-11-16 09:00:00+00:00,risk_reduce,ETH,1,2.3100483960390174e-07,3122.06,3.606054847668787e-07
2024-11-16 09:00:00+00:00,risk_reduce,XRP,4,0.0011174009672602625,0.997,5.570243821792409e-07
2024-11-16 09:00:00+00:00,risk_reduce,TRX,7,-0.004057098188192221,0.19093,3.873108785357703e-07
2024-11-16 09:00:00+00:00,risk_reduce,BCH,12,-1.799746266630388e-06,436.69,3.929655985874121e-07
2024-11-16 09:25:00+00:00,risk_reduce,ETH,1,4.488547604274224e-07,3112.16,6.984539156059034e-07
2024-11-16 09:25:00+00:00,risk_reduce,XRP,4,0.0021711698522029477,1.0119,1.0985033867220816e-06
2024-11-16 09:25:00+00:00,risk_reduce,TRX,7,-0.007883158804872115,0.19218,7.574927295601615e-07
2024-11-16 09:25:00+00:00,risk_reduce,BCH,12,-3.4970032693847465e-06,435.45,7.61385036826794e-07
2024-11-16 09:30:00+00:00,risk_reduce,ETH,1,1.94686339470424e-07,3115.41,3.032638844247768e-07
2024-11-16 09:30:00+00:00,risk_reduce,XRP,4,0.0009417235777814392,1.0167,4.787251807651946e-07
2024-11-16 09:30:00+00:00,risk_reduce,TRX,7,-0.0034192426292263267,0.19244,3.289995257841572e-07
2024-11-16 09:30:00+00:00,risk_reduce,BCH,12,-1.516790787702265e-06,437.52,3.318131527177475e-07
2024-11-16 09:35:00+00:00,risk_reduce,ETH,1,1.9906578233844143e-07,3117.49,3.102927928911339e-07
2024-11-16 09:35:00+00:00,risk_reduce,XRP,4,0.0009629075222614691,1.0219,4.919975984994976e-07
2024-11-16 09:35:00+00:00,risk_reduce,TRX,7,-0.003496158029594576,0.19269,3.368373453612894e-07
2024-11-16 09:35:00+00:00,risk_reduce,BCH,12,-1.5509107912708097e-06,439.73,3.409910011227566e-07
2024-11-16 09:45:00+00:00,risk_reduce,ETH,1,2.3243227561223114e-08,3125.31,3.632114576468311e-08
2024-11-16 09:45:00+00:00,risk_reduce,XRP,4,0.00011243056640586335,1.0207,5.7378939565232356e-08
2024-11-16 09:45:00+00:00,risk_reduce,TRX,7,-0.00040821680008118477,0.19327,3.944803047584529e-08
2024-11-16 09:45:00+00:00,risk_reduce,BCH,12,-1.8108673437091e-07,441.63,3.99866672501125e-08
2024-11-16 09:50:00+00:00,risk_reduce,ETH,1,8.311783860429767e-08,3124.58,1.2985416807310823e-07
2024-11-16 09:50:00+00:00,risk_reduce,XRP,4,0.0004020519804359135,1.0235,2.0575010098807875e-07
2024-11-16 09:50:00+00:00,risk_reduce,TRX,7,-0.0014597842754557888,0.19339,1.4115384051519752e-07
2024-11-16 09:50:00+00:00,risk_reduce,BCH,12,-6.475666049896478e-07,439.16,1.4219267512362686e-07
2024-11-16 09:55:00+00:00,risk_reduce,ETH,1,7.237038080992704e-07,3125.4,1.1309319409167299e-06
2024-11-16 09:55:00+00:00,risk_reduce,XRP,4,0.0035006510537469726,1.0447,1.828565077924731e-06
2024-11-16 09:55:00+00:00,risk_reduce,TRX,7,-0.01271028526355511,0.19322,1.2279406593120591e-06
2024-11-16 09:55:00+00:00,risk_reduce,BCH,12,-5.638337400230235e-06,443.0,1.248891734150997e-06
2024-11-16 10:00:00+00:00,risk_reduce,ETH,1,2.001478233150424e-07,3118.79,3.1210951493836056e-07
2024-11-16 10:00:00+00:00,risk_reduce,XRP,4,0.0009681414976012714,1.0522,5.09339241888029e-07
2024-11-16 10:00:00+00:00,risk_reduce,TRX,7,-0.0035151617287950687,0.19321,3.3958219881024764e-07
2024-11-16 10:00:00+00:00,risk_reduce,BCH,12,-1.559340914255745e-06,442.41,3.449340069379421e-07
2024-11-16 10:50:00+00:00,risk_reduce,ETH,1,5.572236148676589e-07,3134.23,8.732334852133313e-07
2024-11-16 10:50:00+00:00,risk_reduce,XRP,4,0.0026953643365265068,1.0656,1.436090118501323e-06
2024-11-16 10:50:00+00:00,risk_reduce,TRX,7,-0.009786422319869592,0.19495,9.539315156292887e-07
2024-11-16 10:50:00+00:00,risk_reduce,BCH,12,-4.34129917908189e-06,444.98,9.658956543539298e-07
2024-11-16 10:55:00+00:00,risk_reduce,ETH,1,1.5258111107174603e-07,3132.61,2.3898855717723117e-07
2024-11-16 10:55:00+00:00,risk_reduce,XRP,4,0.00073805501819596,1.0707,3.951177539912072e-07
2024-11-16 10:55:00+00:00,risk_reduce,TRX,7,-0.00267975575898316,0.19484,2.610618060401395e-07
2024-11-16 10:55:00+00:00,risk_reduce,BCH,12,-1.188751220453034e-06,445.05,2.645268653313114e-07
2024-11-16 11:15:00+00:00,risk_reduce,ETH,1,5.544668645910761e-07,3137.99,8.699557382090755e-07
2024-11-16 11:15:00+00:00,risk_reduce,XRP,4,0.0026820295707664643,1.0864,1.4568784628403435e-06
2024-11-16 11:15:00+00:00,risk_reduce,TRX,7,-0.009738005989841203,0.19712,9.59777870358749e-07
2024-11-16 11:15:00+00:00,risk_reduce,BCH,12,-4.31982148611749e-06,447.7,9.669920396674002e-07
2024-11-16 13:35:00+00:00,risk_reduce,ETH,1,2.161817387866507e-07,3178.18,3.4353223928847875e-07
2024-11-16 13:35:00+00:00,risk_reduce,XRP,4,0.001045699667757638,1.0852,5.673966397252945e-07
2024-11-16 13:35:00+00:00,risk_reduce,TRX,7,-0.003796762623049288,0.19815,3.761642568786082e-07
2024-11-16 13:35:00+00:00,risk_reduce,BCH,12,-1.68426028633031e-06,442.81,3.7290364869496227e-07
2024-11-16 13:40:00+00:00,risk_reduce,ETH,1,4.2973855912638504e-07,3172.98,6.817759266684186e-07
2024-11-16 13:40:00+00:00,risk_reduce,XRP,4,0.0020787022577545278,1.1,1.1432862417649903e-06
2024-11-16 13:40:00+00:00,risk_reduce,TRX,7,-0.007547424255775481,0.19866,7.496856513261786e-07
2024-11-16 13:40:00+00:00,risk_reduce,BCH,12,-3.348069974382377e-06,442.81,7.412794326781302e-07
2024-11-16 13:45:00+00:00,risk_reduce,ETH,1,4.6271030027480493e-07,3168.0,7.329331156352911e-07
2024-11-16 13:45:00+00:00,risk_reduce,XRP,4,0.002238190931302092,1.1161,1.2490224492131326e-06
2024-11-16 13:45:00+00:00,risk_reduce,TRX,7,-0.008126501263444053,0.19874,8.075304305484356e-07
2024-11-16 13:45:00+00:00,risk_reduce,BCH,12,-3.6049510342680354e-06,442.72,7.979919609455723e-07
2024-11-16 13:50:00+00:00,risk_reduce,ETH,1,7.909145123913627e-08,3164.41,1.251388896078176e-07
2024-11-16 13:50:00+00:00,risk_reduce,XRP,4,0.00038257581212655656,1.1194,2.1412768204723371e-07
2024-11-16 13:50:00+00:00,risk_reduce,TRX,7,-0.0013890695280410759,0.1992,1.3835132499289115e-07
2024-11-16 13:50:00+00:00,risk_reduce,BCH,12,-6.161972378331579e-07,442.22,1.3624737125728955e-07
2024-11-16 13:55:00+00:00,risk_reduce,ETH,1,1.6783078547727816e-07,3174.91,2.664238195598326e-07
2024-11-16 13:55:00+00:00,risk_reduce,XRP,4,0.0008118197105736746,1.1224,4.5559322157394625e-07
2024-11-16 13:55:00+00:00,risk_reduce,TRX,7,-0.0029475831625445092,0.20028,2.951709778972072e-07
2024-11-16 13:55:00+00:00,risk_reduce,BCH,12,-1.307560612610133e-06,444.31,2.904811278944041e-07
2024-11-16 14:10:00+00:00,risk_reduce,ETH,1,6.598099685383409e-07,3178.46,1.0485897963001875e-06
2024-11-16 14:10:00+00:00,risk_reduce,XRP,4,0.0031915880996990498,1.1434,1.8246309165979468e-06
2024-11-16 14:10:00+00:00,risk_reduce,TRX,7,-0.011588128770367412,0.20047,1.1615360872977776e-06
2024-11-16 14:10:00+00:00,risk_reduce,BCH,12,-5.140543936648972e-06,448.24,1.1520987070817677e-06
2024-11-16 14:15:00+00:00,risk_reduce,ETH,1,4.0101760806424277e-07,3170.2,6.356530105426311e-07
2024-11-16 14:15:00+00:00,risk_reduce,XRP,4,0.0019397752181630479,1.1587,1.1238087726427618e-06
2024-11-16 14:15:00+00:00,risk_reduce,TRX,7,-0.007043003141840476,0.20127,7.087726211791163e-07
2024-11-16 14:15:00+00:00,risk_reduce,BCH,12,-3.1243065911701687e-06,447.39,6.988917629118109e-07
2024-11-16 14:50:00+00:00,risk_reduce,ETH,1,4.4619485483971737e-07,3164.76,7.060498144012721e-07
2024-11-16 14:50:00+00:00,risk_reduce,XRP,4,0.0021583035370139614,1.174,1.2669241762271951e-06
2024-11-16 14:50:00+00:00,risk_reduce,TRX,7,-0.007836443341424859,0.20426,8.003359584597209e-07
2024-11-16 14:50:00+00:00,risk_reduce,BCH,12,-3.4762800881765884e-06,456.54,7.935304557280699e-07
2024-11-16 14:55:00+00:00,risk_reduce,ETH,1,4.57175052402938e-07,3165.93,7.236921068270167e-07
2024-11-16 14:55:00+00:00,risk_reduce,XRP,4,0.002211416205124689,1.1901,1.315903212859446e-06
2024-11-16 14:55:00+00:00,risk_reduce,TRX,7,-0.008029286658976731,0.20307,8.152536209192024e-07
2024-11-16 14:55:00+00:00,risk_reduce,BCH,12,-3.561826216150199e-06,456.43,8.128621699187177e-07
2024-11-16 15:00:00+00:00,risk_reduce,ETH,1,1.5745108031501258e-07,3170.55,2.496032613463816e-07
2024-11-16 15:00:00+00:00,risk_reduce,XRP,4,0.0007616117036415293,1.1945,4.5487258999990335e-07
2024-11-16 15:00:00+00:00,risk_reduce,TRX,7,-0.002765286189545968,0.20218,2.795427809012019e-07
2024-11-16 15:00:00+00:00,risk_reduce,BCH,12,-1.226692888598173e-06,461.51,2.830655175084714e-07
2024-11-16 15:05:00+00:00,risk_reduce,ETH,1,8.094263160471259e-07,3162.01,1.2797070528020864e-06
2024-11-16 15:05:00+00:00,risk_reduce,XRP,4,0.003915302164352069,1.2253,2.3987098709902955e-06
2024-11-16 15:05:00+00:00,risk_reduce,TRX,7,-0.014215814897821089,0.20225,1.4375742815421578e-06
2024-11-16 15:05:00+00:00,risk_reduce,BCH,12,-6.306196843824095e-06,463.9,1.4627223579249988e-06
2024-11-20 08:05:00+00:00,exit_scheduled,ETH,1,4.811222016709551e-05,3109.71,7.48075260879093e-05
2024-11-20 08:05:00+00:00,exit_scheduled,XRP,4,0.23272517339434468,1.0802,0.0001256948661502856
2024-11-20 08:05:00+00:00,exit_scheduled,TRX,7,-0.8449866314685347,0.19786,8.359452745118214e-05
2024-11-20 08:05:00+00:00,exit_scheduled,BCH,12,-0.0003748397166635277,438.64,8.22098466586449e-05
2024-12-20 08:05:00+00:00,entry,XRP,4,0.09171012771914837,2.2782,0.0001044670064848819
2024-12-20 08:05:00+00:00,entry,LINK,8,-0.008533946206704054,22.46,9.583621590128654e-05
2024-12-20 08:05:00+00:00,entry,SUI,9,0.04866157979896995,3.9522,9.616014784074452e-05
2024-12-20 08:05:00+00:00,entry,AAVE,19,-0.0006857821303251848,305.61,0.00010479093842433987
2024-12-20 15:20:00+00:00,risk_reduce,XRP,4,-4.109736240459627e-06,2.2136,4.548656070940715e-09
2024-12-20 15:20:00+00:00,risk_reduce,LINK,8,3.82425244322554e-07,22.557,4.313183118091925e-09
2024-12-20 15:20:00+00:00,risk_reduce,SUI,9,-2.180634385659519e-06,4.2616,4.646495748963303e-09
2024-12-20 15:20:00+00:00,risk_reduce,AAVE,19,3.0731433312285346e-08,303.73,4.6670291199702144e-09
2024-12-20 15:30:00+00:00,risk_reduce,XRP,4,-0.0005823888631466129,2.2396,6.521590489515771e-07
2024-12-20 15:30:00+00:00,risk_reduce,LINK,8,5.419330834100476e-05,22.797,6.177224251249427e-07
2024-12-20 15:30:00+00:00,risk_reduce,SUI,9,-0.00030901671214359633,4.3119,6.662245805459865e-07
2024-12-20 15:30:00+00:00,risk_reduce,AAVE,19,4.354937509949155e-06,304.36,6.627343902640624e-07
2024-12-20 15:45:00+00:00,risk_reduce,XRP,4,-0.0003471249285956213,2.2358,3.88050957677045e-07
2024-12-20 15:45:00+00:00,risk_reduce,LINK,8,3.230118135603109e-05,22.809,3.683788227748566e-07
2024-12-20 15:45:00+00:00,risk_reduce,SUI,9,-0.00018418519124514116,4.2572,3.920565980844075e-07
2024-12-20 15:45:00+00:00,risk_reduce,AAVE,19,2.5957010304281363e-06,306.83,3.982194735831325e-07
2024-12-20 16:40:00+00:00,risk_reduce,XRP,4,-0.0008352171365985928,2.2475,9.385752572526686e-07
2024-12-20 16:40:00+00:00,risk_reduce,LINK,8,7.771985812164012e-05,22.795,8.858120829413933e-07
2024-12-20 16:40:00+00:00,risk_reduce,SUI,9,-0.0004431679068916325,4.486,9.940256151579318e-07
2024-12-20 16:40:00+00:00,risk_reduce,AAVE,19,6.245515097032077e-06,312.0,9.74300355137004e-07
2024-12-20 16:45:00+00:00,risk_reduce,XRP,4,-6.98927891339407e-05,2.2439,7.841621476882477e-08
2024-12-20 16:45:00+00:00,risk_reduce,LINK,8,6.503767005233349e-06,22.794,7.412343255864449e-08
2024-12-20 16:45:00+00:00,risk_reduce,SUI,9,-3.708525568985738e-05,4.5573,8.45043178776935e-08
2024-12-20 16:45:00+00:00,risk_reduce,AAVE,19,5.226383063540408e-07,312.27,8.160213196258816e-08
2024-12-20 17:30:00+00:00,risk_reduce,XRP,4,-0.0002727759033732263,2.2539,3.074048043064574e-07
2024-12-20 17:30:00+00:00,risk_reduce,LINK,8,2.5382746091042255e-05,22.78,2.891094779769713e-07
2024-12-20 17:30:00+00:00,risk_reduce,SUI,9,-0.0001447354476474122,4.5176,3.2692842914597464e-07
2024-12-20 17:30:00+00:00,risk_reduce,AAVE,19,2.0397402639056334e-06,314.47,3.207185603952023e-07
2024-12-20 17:40:00+00:00,risk_reduce,XRP,4,-0.0005482881277473484,2.25,6.16824143715767e-07
2024-12-20 17:40:00+00:00,risk_reduce,LINK,8,5.102011636380459e-05,22.729,5.798181124164572e-07
2024-12-20 17:40:00+00:00,risk_reduce,SUI,9,-0.0002909227927684471,4.5092,6.559145285757409e-07
2024-12-20 17:40:00+00:00,risk_reduce,AAVE,19,4.09994195439418e-06,319.1,6.541457388235914e-07
2024-12-20 17:45:00+00:00,risk_reduce,XRP,4,-0.00017882371822333654,2.248,2.009978592830303e-07
2024-12-20 17:45:00+00:00,risk_reduce,LINK,8,1.6640168646086737e-05,22.784,1.895648012162201e-07
2024-12-20 17:45:00+00:00,risk_reduce,SUI,9,-9.488422762774645e-05,4.4826,2.126640193820681e-07
2024-12-20 17:45:00+00:00,risk_reduce,AAVE,19,1.3371926687467516e-06,319.82,2.1383047965929306e-07
2024-12-20 17:55:00+00:00,risk_reduce,XRP,4,-9.046792023612027e-06,2.2448,1.015411936730214e-08
2024-12-20 17:55:00+00:00,risk_reduce,LINK,8,8.418354481981583e-07,22.842,9.614602653871164e-09
2024-12-20 17:55:00+00:00,risk_reduce,SUI,9,-4.800246198873037e-06,4.4923,1.0782072999598674e-08
2024-12-20 17:55:00+00:00,risk_reduce,AAVE,19,6.764932577085683e-08,319.15,1.0795141159884477e-08
2024-12-20 18:00:00+00:00,risk_reduce,XRP,4,-0.0002721818275389226,2.2595,3.0749741966209784e-07
2024-12-20 18:00:00+00:00,risk_reduce,LINK,8,2.532746526940667e-05,22.935,2.90442707976921e-07
2024-12-20 18:00:00+00:00,risk_reduce,SUI,9,-0.00014442022980466762,4.4937,3.244905933366174e-07
2024-12-20 18:00:00+00:00,risk_reduce,AAVE,19,2.0352979345646637e-06,319.86,3.255051986749267e-07
2024-12-20 18:30:00+00:00,risk_reduce,XRP,4,-0.00017841221236460092,2.2446,2.0023202593679163e-07
2024-12-20 18:30:00+00:00,risk_reduce,LINK,8,1.660187659536551e-05,22.986,1.9080536771053579e-07
2024-12-20 18:30:00+00:00,risk_reduce,SUI,9,-9.46658817843754e-05,4.477,2.1190957637432437e-07
2024-12-20 18:30:00+00:00,risk_reduce,AAVE,19,1.3341155455164847e-06,320.69,2.1391875714584075e-07
2024-12-20 18:45:00+00:00,risk_reduce,XRP,4,-3.767686584602026e-05,2.2341,4.208694299329693e-08
2024-12-20 18:45:00+00:00,risk_reduce,LINK,8,3.5059633473836366e-06,22.868,4.00871849139845e-08
2024-12-20 18:45:00+00:00,risk_reduce,SUI,9,-1.9991421444265356e-05,4.4734,4.471481234438832e-08
2024-12-20 18:45:00+00:00,risk_reduce,AAVE,19,2.8173683721155907e-07,322.52,4.543288236873602e-08
2024-12-20 18:50:00+00:00,risk_reduce,XRP,4,-0.0005034101906873784,2.2401,5.638445840793981e-07
2024-12-20 18:50:00+00:00,risk_reduce,LINK,8,4.684406830605427e-05,23.016,5.390815380660725e-07
2024-12-20 18:50:00+00:00,risk_reduce,SUI,9,-0.0002671104683309028,4.4777,5.980202720226417e-07
2024-12-20 18:50:00+00:00,risk_reduce,AAVE,19,3.7643575642401115e-06,324.3,6.103905790415341e-07
2024-12-20 19:05:00+00:00,risk_reduce,XRP,4,-0.0001385241806699522,2.2426,1.5532716378521742e-07
2024-12-20 19:05:00+00:00,risk_reduce,LINK,8,1.2890156578839948e-05,23.033,1.4844948824021026e-07
2024-12-20 19:05:00+00:00,risk_reduce,SUI,9,-7.350121125554443e-05,4.4914,1.6506167011657613e-07
2024-12-20 19:05:00+00:00,risk_reduce,AAVE,19,1.0358442418956096e-06,325.04,1.683454061928745e-07
2024-12-20 19:10:00+00:00,risk_reduce,XRP,4,-0.0002084055068597851,2.2451,2.3394560172545175e-07
2024-12-20 19:10:00+00:00,risk_reduce,LINK,8,1.939285691727327e-05,23.119,2.2417172953522037e-07
2024-12-20 19:10:00+00:00,risk_reduce,SUI,9,-0.00011058038468400588,4.5029,2.489662070968051e-07
2024-12-20 19:10:00+00:00,risk_reduce,AAVE,19,1.5583968316290001e-06,325.45,2.53590124426829e-07
2024-12-20 19:20:00+00:00,risk_reduce,XRP,4,-0.001352265902389821,2.2815,1.542597328151188e-06
2024-12-20 19:20:00+00:00,risk_reduce,LINK,8,0.0001258330432544509,23.45,1.475392432158437e-06
2024-12-20 19:20:00+00:00,risk_reduce,SUI,9,-0.0007175150308380701,4.511,1.6183551520552672e-06
2024-12-20 19:20:00+00:00,risk_reduce,AAVE,19,1.0111858028885611e-05,331.19,1.6744731302933126e-06
2024-12-20 19:35:00+00:00,risk_reduce,XRP,4,-0.000212088747898867,2.2932,2.4318095834084094e-07
2024-12-20 19:35:00+00:00,risk_reduce,LINK,8,1.973559530043384e-05,23.499,2.318833769824474e-07
2024-12-20 19:35:00+00:00,risk_reduce,SUI,9,-0.00011253471985068347,4.4858,2.5240412315309796e-07
2024-12-20 19:35:00+00:00,risk_reduce,AAVE,19,1.5859390556897815e-06,332.21,2.634324068453512e-07
2024-12-20 19:40:00+00:00,risk_reduce,XRP,4,-0.0006039639967703181,2.3043,6.95857118878922e-07
2024-12-20 19:40:00+00:00,risk_reduce,LINK,8,5.620094952880211e-05,23.553,6.618504821259381e-07
2024-12-20 19:40:00+00:00,risk_reduce,SUI,9,-0.0003204645218088317,4.4804,7.17904621756145e-07
2024-12-20 19:40:00+00:00,risk_reduce,AAVE,19,4.516270194424542e-06,336.12,7.590043688749884e-07
2024-12-20 19:45:00+00:00,risk_reduce,XRP,4,-0.00018767222389670657,2.295,2.153538769214708e-07
2024-12-20 19:45:00+00:00,risk_reduce,LINK,8,1.7463552860069037e-05,23.499,2.0518801432938114e-07
2024-12-20 19:45:00+00:00,risk_reduce,SUI,9,-9.957926268695794e-05,4.4858,2.2334632828057796e-07
2024-12-20 19:45:00+00:00,risk_reduce,AAVE,19,1.40335926584773e-06,338.29,2.373712030218143e-07
2024-12-21 05:10:00+00:00,risk_reduce,XRP,4,-0.0002612375567824371,2.3174,3.026959570438099e-07
2024-12-21 05:10:00+00:00,risk_reduce,LINK,8,2.4309062828692038e-05,23.776,2.8898613890749095e-07
2024-12-21 05:10:00+00:00,risk_reduce,SUI,9,-0.0001386131775411581,4.7612,3.2998253045448094e-07
2024-12-21 05:10:00+00:00,risk_reduce,AAVE,19,1.953459805004794e-06,335.71,3.2789799556907967e-07
2024-12-21 05:15:00+00:00,risk_reduce,XRP,4,-8.210467471259086e-05,2.3247,9.543436865217998e-08
2024-12-21 05:15:00+00:00,risk_reduce,LINK,8,7.640125411906284e-06,23.767,9.079143033238833e-08
2024-12-21 05:15:00+00:00,risk_reduce,SUI,9,-4.356490694932408e-05,4.7564,1.0360606170688252e-07
2024-12-21 05:15:00+00:00,risk_reduce,AAVE,19,6.139552973526185e-07,336.44,1.0327956012065749e-07
2024-12-21 05:45:00+00:00,risk_reduce,XRP,4,-0.00020848164804178337,2.322,2.420471933765105e-07
2024-12-21 05:45:00+00:00,risk_reduce,LINK,8,1.9399942118957306e-05,23.793,2.307914114181756e-07
2024-12-21 05:45:00+00:00,risk_reduce,SUI,9,-0.00011062078534961745,4.7764,2.6418455957195635e-07
2024-12-21 05:45:00+00:00,risk_reduce,AAVE,19,1.5589661936317488e-06,337.72,2.632470314566571e-07
2024-12-21 05:50:00+00:00,risk_reduce,XRP,4,-0.0003259255858442528,2.3362,3.8071367682467167e-07
2024-12-21 05:50:00+00:00,risk_reduce,LINK,8,3.0328508815308935e-05,23.93,3.628806079751714e-07
2024-12-21 05:50:00+00:00,risk_reduce,SUI,9,-0.00017293677697904908,4.7832,4.135955958230938e-07
2024-12-21 05:50:00+00:00,risk_reduce,AAVE,19,2.4371784027195625e-06,338.5,4.1249244466028593e-07
2024-12-21 05:55:00+00:00,risk_reduce,XRP,4,-0.00032535647506501397,2.3447,3.814316635424691e-07
2024-12-21 05:55:00+00:00,risk_reduce,LINK,8,3.0275551078836824e-05,24.112,3.6500204380645673e-07
2024-12-21 05:55:00+00:00,risk_reduce,SUI,9,-0.0001726348056451596,4.7828,4.1283887421983467e-07
2024-12-21 05:55:00+00:00,risk_reduce,AAVE,19,2.4329227549270676e-06,338.8,4.121371146846453e-07
2024-12-21 06:00:00+00:00,risk_reduce,XRP,4,-0.00029983421065744864,2.3503,3.5235017265410075e-07
2024-12-21 06:00:00+00:00,risk_reduce,LINK,8,2.7900615649736893e-05,24.249,3.3828101444523494e-07
2024-12-21 06:00:00+00:00,risk_reduce,SUI,9,-0.00015909264037936716,4.7879,3.8085982643618596e-07
2024-12-21 06:00:00+00:00,risk_reduce,AAVE,19,2.242074554281758e-06,339.47,3.8055852447101417e-07
2024-12-21 06:50:00+00:00,risk_reduce,XRP,4,-0.0005140359060265137,2.365,6.078474588763525e-07
2024-12-21 06:50:00+00:00,risk_reduce,LINK,8,4.78328280577537e-05,24.548,5.871001315808688e-07
2024-12-21 06:50:00+00:00,risk_reduce,SUI,9,-0.00027274849444378774,4.8823,6.658199872114525e-07
2024-12-21 06:50:00+00:00,risk_reduce,AAVE,19,3.843813627411332e-06,339.52,6.525258013893476e-07
2024-12-21 07:05:00+00:00,risk_reduce,XRP,4,-0.00010757690649340623,2.3596,1.2691923428092068e-07
2024-12-21 07:05:00+00:00,risk_reduce,LINK,8,1.0010405131152117e-05,24.566,1.2295780622594145e-07
2024-12-21 07:05:00+00:00,risk_reduce,SUI,9,-5.708052480186965e-05,4.8238,1.3767251776962942e-07
2024-12-21 07:05:00+00:00,risk_reduce,AAVE,19,8.044293683110619e-07,340.44,1.3692996707390895e-07
2024-12-21 07:20:00+00:00,risk_reduce,XRP,4,-4.082285936198027e-05,2.3494,4.795461289251823e-08
2024-12-21 07:20:00+00:00,risk_reduce,LINK,8,3.798708980820402e-06,24.658,4.6834283024534735e-08
2024-12-21 07:20:00+00:00,risk_reduce,SUI,9,-2.1660691985385394e-05,4.7845,5.181779040203821e-08
2024-12-21 07:20:00+00:00,risk_reduce,AAVE,19,3.052616778045653e-07,339.85,5.1871590600940764e-08
2024-12-21 07:25:00+00:00,risk_reduce,XRP,4,-0.0002455527236407684,2.3471,2.881683988286238e-07
2024-12-21 07:25:00+00:00,risk_reduce,LINK,8,2.2849534577875155e-05,24.791,2.832314058600515e-07
2024-12-21 07:25:00+00:00,risk_reduce,SUI,9,-0.000130290773259982,4.7811,3.1146660801664997e-07
2024-12-21 07:25:00+00:00,risk_reduce,AAVE,19,1.8361731044712554e-06,340.25,3.1237894939817234e-07
2024-12-21 07:30:00+00:00,risk_reduce,XRP,4,-3.757841095823611e-05,2.3559,4.4265489188254224e-08
2024-12-21 07:30:00+00:00,risk_reduce,LINK,8,3.496801777804273e-06,24.74,4.325543799143886e-08
2024-12-21 07:30:00+00:00,risk_reduce,SUI,9,-1.99391810810981e-05,4.7795,4.7649657988554186e-08
2024-12-21 07:30:00+00:00,risk_reduce,AAVE,19,2.810006196926444e-07,341.14,4.7930275700974356e-08
2024-12-21 07:35:00+00:00,risk_reduce,XRP,4,-4.9407492445002754e-05,2.3673,5.848117843252752e-08
2024-12-21 07:35:00+00:00,risk_reduce,LINK,8,4.597538932940223e-06,24.747,5.6887647986735854e-08
2024-12-21 07:35:00+00:00,risk_reduce,SUI,9,-2.621571571290171e-05,4.7937,6.283513820646847e-08
2024-12-21 07:35:00+00:00,risk_reduce,AAVE,19,3.694551110725898e-07,341.33,6.305305653120354e-08
2024-12-21 07:40:00+00:00,risk_reduce,XRP,4,-0.000341580628875085,2.3786,4.062418419211386e-07
2024-12-21 07:40:00+00:00,risk_reduce,LINK,8,3.1785264992750285e-05,24.869,3.952338775523534e-07
2024-12-21 07:40:00+00:00,risk_reduce,SUI,9,-0.0001812433745669792,4.7994,4.3492972594838e-07
2024-12-21 07:40:00+00:00,risk_reduce,AAVE,19,2.5542423413162747e-06,342.56,4.3749062822065154e-07
2024-12-23 20:35:00+00:00,risk_reduce,XRP,4,-0.0005420016665689809,2.2171,6.008359474750437e-07
2024-12-23 20:35:00+00:00,risk_reduce,LINK,8,5.043513929681165e-05,23.888,6.023973037611183e-07
2024-12-23 20:35:00+00:00,risk_reduce,SUI,9,-0.00028758718371530573,4.424,6.361428503782564e-07
2024-12-23 20:35:00+00:00,risk_reduce,AAVE,19,4.052933593961952e-06,362.02,7.336215098430529e-07
2024-12-23 20:40:00+00:00,risk_reduce,XRP,4,-0.0003067836887333808,2.2323,3.42416614179763e-07
2024-12-23 20:40:00+00:00,risk_reduce,LINK,8,2.854728874397e-05,24.119,3.442660286079062e-07
2024-12-23 20:40:00+00:00,risk_reduce,SUI,9,-0.00016278004754326225,4.4553,3.626169729097482e-07
2024-12-23 20:40:00+00:00,risk_reduce,AAVE,19,2.2940407656271092e-06,361.44,4.145790471641312e-07
2024-12-23 20:50:00+00:00,risk_reduce,XRP,4,-0.00010007447656296131,2.227,1.114329296528574e-07
2024-12-23 20:50:00+00:00,risk_reduce,LINK,8,9.312277944565836e-06,24.176,1.1256681579391181e-07
2024-12-23 20:50:00+00:00,risk_reduce,SUI,9,-5.30997202623229e-05,4.4452,1.1801943825503887e-07
2024-12-23 20:50:00+00:00,risk_reduce,AAVE,19,7.483283409950858e-07,361.63,1.3530898897702645e-07
2024-12-23 20:55:00+00:00,risk_reduce,XRP,4,-0.00015202455978273466,2.2368,1.7002426766101046e-07
2024-12-23 20:55:00+00:00,risk_reduce,LINK,8,1.4146413788200356e-05,24.259,1.7158892604397624e-07
2024-12-23 20:55:00+00:00,risk_reduce,SUI,9,-8.066453979788807e-05,4.49,1.8109189184625873e-07
2024-12-23 20:55:00+00:00,risk_reduce,AAVE,19,1.13679621937526e-06,361.62,2.0554412442524075e-07
2024-12-23 21:00:00+00:00,risk_reduce,XRP,4,-0.0005803589844865509,2.2394,6.49827954929591e-07
2024-12-23 21:00:00+00:00,risk_reduce,LINK,8,5.40044210749855e-05,24.399,6.588269349042856e-07
2024-12-23 21:00:00+00:00,risk_reduce,SUI,9,-0.00030793965440902016,4.5201,6.95959015947106e-07
2024-12-23 21:00:00+00:00,risk_reduce,AAVE,19,4.33975865733586e-06,364.59,7.911163044390407e-07
2024-12-23 21:05:00+00:00,risk_reduce,XRP,4,-0.0007016690787161606,2.2602,7.929562258571332e-07
2024-12-23 21:05:00+00:00,risk_reduce,LINK,8,6.529274706724725e-05,24.608,8.033619599154103e-07
2024-12-23 21:05:00+00:00,risk_reduce,SUI,9,-0.0003723070364810635,4.5345,8.441131284616914e-07
2024-12-23 21:05:00+00:00,risk_reduce,AAVE,19,5.246880879490969e-06,367.73,9.64717752907607e-07
2024-12-23 21:10:00+00:00,risk_reduce,XRP,4,-0.0005267512663264251,2.271,5.981260629136557e-07
2024-12-23 21:10:00+00:00,risk_reduce,LINK,8,4.9016036537525426e-05,24.651,6.041471583432697e-07
2024-12-23 21:10:00+00:00,risk_reduce,SUI,9,-0.00027949529041163684,4.5569,6.368160444383939e-07
2024-12-23 21:10:00+00:00,risk_reduce,AAVE,19,3.938895458515377e-06,371.56,7.317679982829868e-07
2024-12-23 21:15:00+00:00,risk_reduce,XRP,4,-0.00020120263914517877,2.2656,2.2792234962365854e-07
2024-12-23 21:15:00+00:00,risk_reduce,LINK,8,1.8722605036274216e-05,24.752,2.317109599289297e-07
2024-12-23 21:15:00+00:00,risk_reduce,SUI,9,-0.00010675852846383366,4.5548,2.431318727235348e-07
2024-12-23 21:15:00+00:00,risk_reduce,AAVE,19,1.5045358449678348e-06,372.09,2.7991137127704083e-07
2024-12-23 21:25:00+00:00,risk_reduce,XRP,4,-0.0005390633788694976,2.264,6.102197448802712e-07
2024-12-23 21:25:00+00:00,risk_reduce,LINK,8,5.016172141166907e-05,24.902,6.245635932966917e-07
2024-12-23 21:25:00+00:00,risk_reduce,SUI,9,-0.00028602812230173885,4.5511,6.508712937037219e-07
2024-12-23 21:25:00+00:00,risk_reduce,AAVE,19,4.0309619181157176e-06,374.94,7.556844307891536e-07
2024-12-23 22:20:00+00:00,risk_reduce,XRP,4,-0.00027470543312682616,2.246,3.0849420140142577e-07
2024-12-23 22:20:00+00:00,risk_reduce,LINK,8,2.556229554246097e-05,24.437,3.123329080855594e-07
2024-12-23 22:20:00+00:00,risk_reduce,SUI,9,-0.0001457592600486654,4.5485,3.314929971656773e-07
2024-12-23 22:20:00+00:00,risk_reduce,AAVE,19,2.0541687360695277e-06,383.27,3.9365062573668396e-07
2024-12-23 22:25:00+00:00,risk_reduce,XRP,4,-0.0003396210684972617,2.2508,3.822095504868183e-07
2024-12-23 22:25:00+00:00,risk_reduce,LINK,8,3.160292108734912e-05,24.671,3.8983783307299505e-07
2024-12-23 22:25:00+00:00,risk_reduce,SUI,9,-0.00018020362785559768,4.5761,4.1231491071500035e-07
2024-12-23 22:25:00+00:00,risk_reduce,AAVE,19,2.539589308725161e-06,383.22,4.866107074448282e-07
2024-12-23 22:30:00+00:00,risk_reduce,XRP,4,-0.00013253708121196972,2.2521,1.4924338029873853e-07
2024-12-23 22:30:00+00:00,risk_reduce,LINK,8,1.2333036160632437e-05,24.816,1.5302831268112726e-07
2024-12-23 22:30:00+00:00,risk_reduce,SUI,9,-7.032444413848649e-05,4.6123,1.6217871684997063e-07
2024-12-23 22:30:00+00:00,risk_reduce,AAVE,19,9.910744228704181e-07,382.45,1.895182065133957e-07
2024-12-23 22:50:00+00:00,risk_reduce,XRP,4,-0.0003087253821788122,2.2467,3.468066580705687e-07
2024-12-23 22:50:00+00:00,risk_reduce,LINK,8,2.872797006919954e-05,24.648,3.5404350313281515e-07
2024-12-23 22:50:00+00:00,risk_reduce,SUI,9,-0.00016381031402407792,4.616,3.7807420476757183e-07
2024-12-23 22:50:00+00:00,risk_reduce,AAVE,19,2.3085601944030374e-06,387.32,4.4707576724809225e-07
2024-12-23 22:55:00+00:00,risk_reduce,XRP,4,-0.00010530199984754018,2.248,1.1835944782863518e-07
2024-12-23 22:55:00+00:00,risk_reduce,LINK,8,9.798717159235741e-06,24.663,1.2083288064911554e-07
2024-12-23 22:55:00+00:00,risk_reduce,SUI,9,-5.587345472099492e-05,4.64,1.2962641495270821e-07
2024-12-23 22:55:00+00:00,risk_reduce,AAVE,19,7.874182664329137e-07,387.98,1.5275126950532094e-07
2024-12-23 23:00:00+00:00,risk_reduce,XRP,4,-0.00024422769077102335,2.2573,2.756475831887155e-07
2024-12-23 23:00:00+00:00,risk_reduce,LINK,8,2.272623566298114e-05,24.794,2.817371435139772e-07
2024-12-23 23:00:00+00:00,risk_reduce,SUI,9,-0.00012958770813150527,4.6885,3.0378598478728127e-07
2024-12-23 23:00:00+00:00,risk_reduce,AAVE,19,1.8262648872790143e-06,388.31,3.5457845918965704e-07
2024-12-24 21:50:00+00:00,risk_reduce,XRP,4,-4.934900801860376e-05,2.3212,5.7274458706391525e-08
2024-12-24 21:50:00+00:00,risk_reduce,LINK,8,4.592096753749421e-06,25.852,5.9357442638965017e-08
2024-12-24 21:50:00+00:00,risk_reduce,SUI,9,-2.618468375762545e-05,4.6022,6.025357579467192e-08
2024-12-24 21:50:00+00:00,risk_reduce,AAVE,19,3.690177812430131e-07,375.53,6.928862369509436e-08
2024-12-24 21:55:00+00:00,risk_reduce,XRP,4,-4.344360896461896e-05,2.3231,5.046192399285316e-08
2024-12-24 21:55:00+00:00,risk_reduce,LINK,8,4.0425788421592085e-06,25.883,5.2317034085803394e-08
2024-12-24 21:55:00+00:00,risk_reduce,SUI,9,-2.3051267040663515e-05,4.6011,5.303059239039845e-08
2024-12-24 21:55:00+00:00,risk_reduce,AAVE,19,3.2485889449426937e-07,375.53,6.099713032471648e-08
2024-12-24 23:35:00+00:00,risk_reduce,XRP,4,-4.023084157291079e-05,2.331,4.6889045853227526e-08
2024-12-24 23:35:00+00:00,risk_reduce,LINK,8,3.7436196674497935e-06,25.656,4.802315309404595e-08
2024-12-24 23:35:00+00:00,risk_reduce,SUI,9,-2.1346566145621915e-05,4.6053,4.91536705352163e-08
2024-12-24 23:35:00+00:00,risk_reduce,AAVE,19,3.008347379380126e-07,378.65,5.695553676011423e-08
2024-12-27 16:05:00+00:00,exit_scheduled,XRP,4,-0.07714029113685729,2.1377,8.245140018162991e-05
2024-12-27 16:05:00+00:00,exit_scheduled,LINK,8,0.00717817226192761,22.27,7.992894813656394e-05
2024-12-27 16:05:00+00:00,exit_scheduled,SUI,9,-0.04093079495393829,4.106,8.40309220404353e-05
2024-12-27 16:05:00+00:00,exit_scheduled,AAVE,19,0.0005768330554695488,325.24,9.380459148045803e-05
2024-12-30 00:05:00+00:00,entry,BTC,0,-2.1207462651577216e-06,93526.8,9.917330589607661e-05
2024-12-30 00:05:00+00:00,entry,BNB,2,0.0002817592067883754,692.84,9.760702441562903e-05
2024-12-30 00:05:00+00:00,entry,SUI,9,0.048701647592102854,4.087,9.952181685446219e-05
2024-12-30 00:05:00+00:00,entry,DOT,13,-0.028616866892788376,6.846,9.79555353740146e-05
2024-12-30 00:10:00+00:00,risk_reduce,BTC,0,6.482815045750668e-09,93674.4,3.0363690486083316e-07
2024-12-30 00:10:00+00:00,risk_reduce,BNB,2,-8.612972023367468e-07,694.69,2.9916727674565736e-07
2024-12-30 00:10:00+00:00,risk_reduce,SUI,9,-0.00014887390299822556,4.1044,3.055190237329585e-07
2024-12-30 00:10:00+00:00,risk_reduce,DOT,13,8.747762912647214e-05,6.877,3.0079182775137444e-07
2024-12-30 00:15:00+00:00,risk_reduce,BTC,0,1.9515848069037717e-09,93684.5,9.14166234211882e-08
2024-12-30 00:15:00+00:00,risk_reduce,BNB,2,-2.592846660666643e-07,694.14,8.998992905175717e-08
2024-12-30 00:15:00+00:00,risk_reduce,SUI,9,-4.481695763112331e-05,4.104,9.196439705906504e-08
2024-12-30 00:15:00+00:00,risk_reduce,DOT,13,2.63342407183266e-05,6.89,9.072145927463514e-08
2024-12-30 00:20:00+00:00,risk_reduce,BTC,0,6.14066566977082e-09,93739.6,2.8781177180902436e-07
2024-12-30 00:20:00+00:00,risk_reduce,BNB,2,-8.158397431569397e-07,695.5,2.837082706828258e-07
2024-12-30 00:20:00+00:00,risk_reduce,SUI,9,-0.00014101665076272918,4.1222,2.9064941888706116e-07
2024-12-30 00:20:00+00:00,risk_reduce,DOT,13,8.286074340528582e-05,6.926,2.869467544125048e-07
2024-12-30 01:20:00+00:00,risk_reduce,BTC,0,9.227498586005623e-09,93772.9,4.3264465107782335e-07
2024-12-30 01:20:00+00:00,risk_reduce,BNB,2,-1.22595179109764e-06,700.55,4.2942026362672586e-07
2024-12-30 01:20:00+00:00,risk_reduce,SUI,9,-0.00021190389047265334,4.1583,4.4057997387621715e-07
2024-12-30 01:20:00+00:00,risk_reduce,DOT,13,0.00012451376344612894,6.982,4.3467754819043617e-07
2024-12-30 01:30:00+00:00,risk_reduce,BTC,0,9.234196805679751e-09,93824.2,4.331955639677291e-07
2024-12-30 01:30:00+00:00,risk_reduce,BNB,2,-1.226841706639776e-06,701.71,4.3044354698309866e-07
2024-12-30 01:30:00+00:00,risk_reduce,SUI,9,-0.00021205771101187598,4.1632,4.4141933124232104e-07
2024-12-30 01:30:00+00:00,risk_reduce,DOT,13,0.0001246041476962341,7.042,4.3873120403844025e-07
2024-12-30 01:35:00+00:00,risk_reduce,BTC,0,4.141734044639562e-09,93925.2,1.945065992447899e-07
2024-12-30 01:35:00+00:00,risk_reduce,BNB,2,-5.502646489674405e-07,701.92,1.9312088120161292e-07
2024-12-30 01:35:00+00:00,risk_reduce,SUI,9,-9.511240225960893e-05,4.1706,1.9833789243196252e-07
2024-12-30 01:35:00+00:00,risk_reduce,DOT,13,5.5887615509706695e-05,7.063,1.973671141725292e-07
2024-12-30 01:40:00+00:00,risk_reduce,BTC,0,3.3387342319969663e-09,93951.3,1.5683921072530832e-07
2024-12-30 01:40:00+00:00,risk_reduce,BNB,2,-4.4357928354749054e-07,701.7,1.5562979163263706e-07
2024-12-30 01:40:00+00:00,risk_reduce,SUI,9,-7.667200015477882e-05,4.18,1.6024448032348772e-07
2024-12-30 01:40:00+00:00,risk_reduce,DOT,13,4.5052119000361934e-05,7.084,1.5957460549928195e-07
2025-01-01 20:05:00+00:00,risk_reduce,BTC,0,6.675222825128235e-09,94764.0,3.1628540790022603e-07
2025-01-01 20:05:00+00:00,risk_reduce,BNB,2,-8.868602148423012e-07,707.74,3.1383322422624514e-07
2025-01-01 20:05:00+00:00,risk_reduce,SUI,9,-0.00015329243057937703,4.2763,3.27762210443295e-07
2025-01-01 20:05:00+00:00,risk_reduce,DOT,13,9.007393586153017e-05,7.066,3.182312153987861e-07
2025-01-01 20:35:00+00:00,risk_reduce,BTC,0,1.6628455177710442e-09,94681.3,7.872018766086778e-08
2025-01-01 20:35:00+00:00,risk_reduce,BNB,2,-2.2092319189532042e-07,707.34,7.813390527761798e-08
2025-01-01 20:35:00+00:00,risk_reduce,SUI,9,-3.8186235542220226e-05,4.2796,8.171090681324286e-08
2025-01-01 20:35:00+00:00,risk_reduce,DOT,13,2.243805853963457e-05,7.084,7.947560334738563e-08
2025-01-01 20:40:00+00:00,risk_reduce,BTC,0,3.616796799803025e-10,94627.4,1.7112403874684037e-08
2025-01-01 20:40:00+00:00,risk_reduce,BNB,2,-4.805222643416594e-08,707.41,1.6996312750896665e-08
2025-01-01 20:40:00+00:00,risk_reduce,SUI,9,-8.305753783480196e-06,4.2747,1.77523028491214e-08
2025-01-01 20:40:00+00:00,risk_reduce,DOT,13,4.880423193416583e-06,7.091,1.7303540432258495e-08
2025-01-01 20:45:00+00:00,risk_reduce,BTC,0,2.4448957054921364e-09,94704.2,1.1577094593603419e-07
2025-01-01 20:45:00+00:00,risk_reduce,BNB,2,-3.2482522118625805e-07,707.44,1.1489717723800322e-07
2025-01-01 20:45:00+00:00,risk_reduce,SUI,9,-5.6145542257725334e-05,4.2736,1.199717946963075e-07
2025-01-01 20:45:00+00:00,risk_reduce,DOT,13,3.299086558363959e-05,7.103,1.17167059120296e-07
2025-01-01 20:50:00+00:00,risk_reduce,BTC,0,2.9267919850136547e-10,94827.8,1.3877062249823893e-08
2025-01-01 20:50:00+00:00,risk_reduce,BNB,2,-3.888492469277015e-08,707.87,1.3762735821135604e-08
2025-01-01 20:50:00+00:00,risk_reduce,SUI,9,-6.7211997102772925e-06,4.3041,1.446435783650225e-08
2025-01-01 20:50:00+00:00,risk_reduce,DOT,13,3.949346418005012e-06,7.093,1.4006357071454776e-08
2025-01-01 20:55:00+00:00,risk_reduce,BTC,0,1.7424049267484882e-09,94827.9,8.261430007660647e-08
2025-01-01 20:55:00+00:00,risk_reduce,BNB,2,-2.3149333710050565e-07,707.77,8.192201959981243e-08
2025-01-01 20:55:00+00:00,risk_reduce,SUI,9,-4.001326896074797e-05,4.3113,8.625460323523638e-08
2025-01-01 20:55:00+00:00,risk_reduce,DOT,13,2.3511615076871745e-05,7.105,8.352501256058687e-08
2025-01-01 21:05:00+00:00,risk_reduce,BTC,0,9.283366406674992e-10,94855.2,4.402877885892188e-08
2025-01-01 21:05:00+00:00,risk_reduce,BNB,2,-1.2333743069805995e-07,707.32,4.361951574067589e-08
2025-01-01 21:05:00+00:00,risk_reduce,SUI,9,-2.131868609810822e-05,4.2993,4.582771357079833e-08
2025-01-01 21:05:00+00:00,risk_reduce,DOT,13,1.2526763108883926e-05,7.111,4.4538906233636796e-08
2025-01-01 21:25:00+00:00,risk_reduce,BTC,0,3.6878549652277653e-09,95047.6,1.752608817964913e-07
2025-01-01 21:25:00+00:00,risk_reduce,BNB,2,-4.899629469232647e-07,707.21,1.73253347846801e-07
2025-01-01 21:25:00+00:00,risk_reduce,SUI,9,-8.468934536774719e-05,4.3051,1.8229805037134423e-07
2025-01-01 21:25:00+00:00,risk_reduce,DOT,13,4.9763074627874604e-05,7.123,1.772311902871754e-07
2025-01-02 00:25:00+00:00,risk_reduce,BTC,0,5.175570354830223e-09,94840.9,2.454278752327088e-07
2025-01-02 00:25:00+00:00,risk_reduce,BNB,2,-6.876186094548686e-07,703.0,2.416979412233863e-07
2025-01-02 00:25:00+00:00,risk_reduce,SUI,9,-0.00011885382407608724,4.2931,2.551256760705251e-07
2025-01-02 00:25:00+00:00,risk_reduce,DOT,13,6.983796712117449e-05,7.18,2.507183019650164e-07
2025-01-02 00:30:00+00:00,risk_reduce,BTC,0,1.637112358801528e-09,94913.9,7.769235935602617e-08
2025-01-02 00:30:00+00:00,risk_reduce,BNB,2,-2.175043225197278e-07,701.69,7.63103040344339e-08
2025-01-02 00:30:00+00:00,risk_reduce,SUI,9,-3.7595289204057913e-05,4.3063,8.09482969497173e-08
2025-01-02 00:30:00+00:00,risk_reduce,DOT,13,2.20908211557673e-05,7.186,7.93723204126719e-08
2025-01-02 00:40:00+00:00,risk_reduce,BTC,0,4.641513663367885e-09,95109.1,2.2072509358031128e-07
2025-01-02 00:40:00+00:00,risk_reduce,BNB,2,-6.166646286611299e-07,703.2,2.168192834372533e-07
2025-01-02 00:40:00+00:00,risk_reduce,SUI,9,-0.00010658953710827868,4.3361,2.310914459276036e-07
2025-01-02 00:40:00+00:00,risk_reduce,DOT,13,6.263152781069842e-05,7.202,2.25536131646325e-07
2025-01-02 00:45:00+00:00,risk_reduce,BTC,0,5.085904340868788e-11,95104.7,2.418467032835119e-09
2025-01-02 00:45:00+00:00,risk_reduce,BNB,2,-6.7570571568587035e-09,703.54,2.3769299960681864e-09
2025-01-02 00:45:00+00:00,risk_reduce,SUI,9,-1.1679469862357905e-06,4.3196,2.5225319008720607e-09
2025-01-02 00:45:00+00:00,risk_reduce,DOT,13,6.862803435883635e-07,7.204,2.4719817976052854e-09
2025-01-02 00:50:00+00:00,risk_reduce,BTC,0,1.0873772112662491e-09,95309.1,5.1818471683148036e-08
2025-01-02 00:50:00+00:00,risk_reduce,BNB,2,-1.4446732528062287e-07,704.13,5.086188887492249e-08
2025-01-02 00:50:00+00:00,risk_reduce,SUI,9,-2.4970956032231706e-05,4.3253,5.4003438063105905e-08
2025-01-02 00:50:00+00:00,risk_reduce,DOT,13,1.4672820331358694e-05,7.196,5.279280755222858e-08
2025-01-02 01:10:00+00:00,risk_reduce,BTC,0,2.8042968908509326e-09,95369.4,1.3372205595115947e-07
2025-01-02 01:10:00+00:00,risk_reduce,BNB,2,-3.725747302007164e-07,702.9,1.3094138892904176e-07
2025-01-02 01:10:00+00:00,risk_reduce,SUI,9,-6.439897179859322e-05,4.3335,1.3953647214460184e-07
2025-01-02 01:10:00+00:00,risk_reduce,DOT,13,3.784054328978201e-05,7.212,1.3645299910295392e-07
2025-01-02 04:40:00+00:00,risk_reduce,BTC,0,3.5512511656903784e-09,95701.3,1.6992967659154232e-07
2025-01-02 04:40:00+00:00,risk_reduce,BNB,2,-4.718139685026151e-07,705.32,1.6638991413213227e-07
2025-01-02 04:40:00+00:00,risk_reduce,SUI,9,-8.15523222291864e-05,4.3139,1.759042814322436e-07
2025-01-02 04:40:00+00:00,risk_reduce,DOT,13,4.7919774081913585e-05,7.214,1.7284662511346232e-07
2025-01-02 04:45:00+00:00,risk_reduce,BTC,0,3.227811102534619e-09,95793.7,1.5460198420643526e-07
2025-01-02 04:45:00+00:00,risk_reduce,BNB,2,-4.28842200905766e-07,706.84,1.5156141064411582e-07
2025-01-02 04:45:00+00:00,risk_reduce,SUI,9,-7.412471797885178e-05,4.327,1.6036882734724585e-07
2025-01-02 04:45:00+00:00,risk_reduce,DOT,13,4.355534756508503e-05,7.229,1.5743080377399986e-07
2025-01-02 04:50:00+00:00,risk_reduce,BTC,0,5.53546481438289e-09,95910.6,2.654548758131758e-07
2025-01-02 04:50:00+00:00,risk_reduce,BNB,2,-7.354336541478819e-07,708.79,2.6063400986173856e-07
2025-01-02 04:50:00+00:00,risk_reduce,SUI,9,-0.000127118581358672,4.3305,2.7524350828686453e-07
2025-01-02 04:50:00+00:00,risk_reduce,DOT,13,7.469430095689844e-05,7.26,2.7114031247354134e-07
2025-01-02 08:55:00+00:00,risk_reduce,BTC,0,7.681073204847508e-10,96149.6,3.69266058108403e-08
2025-01-02 08:55:00+00:00,risk_reduce,BNB,2,-1.0204960060696726e-07,709.79,3.621689300740965e-08
2025-01-02 08:55:00+00:00,risk_reduce,SUI,9,-1.7639117253082093e-05,4.3633,3.848238015518655e-08
2025-01-02 08:55:00+00:00,risk_reduce,DOT,13,1.036466517037593e-05,7.245,3.754599957968681e-08
2025-01-02 09:00:00+00:00,risk_reduce,BTC,0,1.8462189036654366e-09,96125.2,8.873408067931041e-08
2025-01-02 09:00:00+00:00,risk_reduce,BNB,2,-2.4528590826766424e-07,710.5,8.713781891208772e-08
2025-01-02 09:00:00+00:00,risk_reduce,SUI,9,-4.239729377408796e-05,4.3655,9.25426929853905e-08
2025-01-02 09:00:00+00:00,risk_reduce,DOT,13,2.491245722751126e-05,7.26,9.043221973586588e-08
2025-01-02 09:05:00+00:00,risk_reduce,BTC,0,3.27919318087229e-09,96187.7,1.5770902496189478e-07
2025-01-02 09:05:00+00:00,risk_reduce,BNB,2,-4.356687477083247e-07,710.1,1.5468418887384067e-07
2025-01-02 09:05:00+00:00,risk_reduce,SUI,9,-7.530467614397934e-05,4.3774,1.6481934467632758e-07
2025-01-02 09:05:00+00:00,risk_reduce,DOT,13,4.424868562282955e-05,7.279,1.6104309132428816e-07
2025-01-02 09:10:00+00:00,risk_reduce,BTC,0,2.2854475270884898e-10,96126.0,1.0984546449445407e-08
2025-01-02 09:10:00+00:00,risk_reduce,BNB,2,-3.0364117243448195e-08,709.72,1.0775010645010028e-08
2025-01-02 09:10:00+00:00,risk_reduce,SUI,9,-5.248391185840029e-06,4.3604,1.144254246336843e-08
2025-01-02 09:10:00+00:00,risk_reduce,DOT,13,3.083930819432895e-06,7.287,1.1236301940603753e-08
2025-01-02 09:15:00+00:00,risk_reduce,BTC,0,6.035273752500654e-09,96191.4,2.9027071581814575e-07
2025-01-02 09:15:00+00:00,risk_reduce,BNB,2,-8.018375291721897e-07,710.22,2.847405249843363e-07
2025-01-02 09:15:00+00:00,risk_reduce,SUI,9,-0.00013859638950927677,4.3613,3.022302167834044e-07
2025-01-02 09:15:00+00:00,risk_reduce,DOT,13,8.143860888704807e-05,7.327,2.9835034365770064e-07
2025-01-02 09:20:00+00:00,risk_reduce,BTC,0,2.8144486134717632e-09,96356.2,1.3559478674470394e-07
2025-01-02 09:20:00+00:00,risk_reduce,BNB,2,-3.739234730277749e-07,710.67,1.3286809728832438e-07
2025-01-02 09:20:00+00:00,risk_reduce,SUI,9,-6.463209993166907e-05,4.3693,1.4119851711572083e-07
2025-01-02 09:20:00+00:00,risk_reduce,DOT,13,3.7977528321769816e-05,7.335,1.392825851200908e-07
2025-01-02 09:25:00+00:00,risk_reduce,BTC,0,9.89250842365627e-10,96405.6,4.7684660504381846e-08
2025-01-02 09:25:00+00:00,risk_reduce,BNB,2,-1.3143040128801723e-07,710.47,4.66886786015488e-08
2025-01-02 09:25:00+00:00,risk_reduce,SUI,9,-2.2717543676310792e-05,4.3681,4.9616251266246586e-08
2025-01-02 09:25:00+00:00,risk_reduce,DOT,13,1.3348725467380446e-05,7.339,4.898314810255255e-08
2025-01-02 10:00:00+00:00,risk_reduce,BTC,0,2.7618221929164105e-09,96721.9,1.335643449805209e-07
2025-01-02 10:00:00+00:00,risk_reduce,BNB,2,-3.669316047616661e-07,715.12,1.3120006459858133e-07
2025-01-02 10:00:00+00:00,risk_reduce,SUI,9,-6.342356620463868e-05,4.4134,1.399567835437762e-07
2025-01-02 10:00:00+00:00,risk_reduce,DOT,13,3.7267399393657585e-05,7.33,1.3658501877775506e-07
2025-01-02 10:35:00+00:00,risk_reduce,BTC,0,2.768456285025874e-09,96719.8,1.3388226909822276e-07
2025-01-02 10:35:00+00:00,risk_reduce,BNB,2,-3.678130004105694e-07,713.2,1.3116211594640906e-07
2025-01-02 10:35:00+00:00,risk_reduce,SUI,9,-6.357591409335978e-05,4.4376,1.4106223819034666e-07
2025-01-02 10:35:00+00:00,risk_reduce,DOT,13,3.735691832101526e-05,7.35,1.3728667482973107e-07
2025-01-03 09:15:00+00:00,risk_reduce,BTC,0,2.486915978163015e-09,96305.0,1.1975122163849458e-07
2025-01-03 09:15:00+00:00,risk_reduce,BNB,2,-3.3040797235798234e-07,700.23,1.15680787242115e-07
2025-01-03 09:15:00+00:00,risk_reduce,SUI,9,-5.711051225199687e-05,4.3073,1.2299605471151306e-07
2025-01-03 09:15:00+00:00,risk_reduce,DOT,13,3.355787756879544e-05,7.42,1.2449972578023108e-07
2025-01-03 09:20:00+00:00,risk_reduce,BTC,0,1.0927340863401692e-09,96413.0,5.267688573315737e-08
2025-01-03 09:20:00+00:00,risk_reduce,BNB,2,-1.4517903176636043e-07,701.56,5.0925900763003914e-08
2025-01-03 09:20:00+00:00,risk_reduce,SUI,9,-2.509397340885733e-05,4.3246,5.426069870197221e-08
2025-01-03 09:20:00+00:00,risk_reduce,DOT,13,1.4745104783046858e-05,7.418,5.46895936403208e-08
2025-01-03 09:25:00+00:00,risk_reduce,BTC,0,4.881913711019446e-09,96501.7,2.3555648618334265e-07
2025-01-03 09:25:00+00:00,risk_reduce,BNB,2,-6.486038228263862e-07,702.24,2.2773777427080075e-07
2025-01-03 09:25:00+00:00,risk_reduce,SUI,9,-0.0001121101779290104,4.3243,2.4239902120920983e-07
2025-01-03 09:25:00+00:00,risk_reduce,DOT,13,6.587543127887022e-05,7.448,2.453201060825127e-07
2025-01-03 09:30:00+00:00,risk_reduce,BTC,0,2.2272811015269813e-10,96450.0,1.0741063112113867e-08
2025-01-03 09:30:00+00:00,risk_reduce,BNB,2,-2.95913267311476e-08,701.92,1.0385372029563562e-08
2025-01-03 09:30:00+00:00,risk_reduce,SUI,9,-5.114815528728389e-06,4.3096,1.1021404501303933e-08
2025-01-03 09:30:00+00:00,risk_reduce,DOT,13,3.0054423700957844e-06,7.455,1.1202786434532037e-08
2025-01-03 09:35:00+00:00,risk_reduce,BTC,0,2.087374112788463e-09,96562.3,1.0078082264565671e-07
2025-01-03 09:35:00+00:00,risk_reduce,BNB,2,-2.7732543206727793e-07,700.77,9.717067151489318e-08
2025-01-03 09:35:00+00:00,risk_reduce,SUI,9,-4.7935276418532846e-05,4.3105,1.0331250450104293e-07
2025-01-03 09:35:00+00:00,risk_reduce,DOT,13,2.816655067252108e-05,7.463,1.0510348383451241e-07
2025-01-03 09:40:00+00:00,risk_reduce,BTC,0,1.9906154273061925e-09,96617.2,9.616384443156393e-08
2025-01-03 09:40:00+00:00,risk_reduce,BNB,2,-2.644702164673082e-07,701.18,9.272061319127358e-08
2025-01-03 09:40:00+00:00,risk_reduce,SUI,9,-4.57132720801251e-05,4.331,9.899209068951092e-08
2025-01-03 09:40:00+00:00,risk_reduce,DOT,13,2.6860911016959865e-05,7.472,1.0035236355936206e-07
2025-01-03 09:50:00+00:00,risk_reduce,BTC,0,1.1943201132299086e-09,96547.8,5.7654489714049286e-08
2025-01-03 09:50:00+00:00,risk_reduce,BNB,2,-1.5867560079372775e-07,701.34,5.564277293033652e-08
2025-01-03 09:50:00+00:00,risk_reduce,SUI,9,-2.7426834705447656e-05,4.3326,5.941475202241126e-08
2025-01-03 09:50:00+00:00,risk_reduce,DOT,13,1.6115883483654864e-05,7.486,6.032175187932015e-08
2025-01-03 09:55:00+00:00,risk_reduce,BTC,0,3.0345415044390927e-10,96609.6,1.4658292046362949e-08
2025-01-03 09:55:00+00:00,risk_reduce,BNB,2,-4.03164688442194e-08,701.73,1.414563784102704e-08
2025-01-03 09:55:00+00:00,risk_reduce,SUI,9,-6.968639925518383e-06,4.3385,1.511672215843075e-08
2025-01-03 09:55:00+00:00,risk_reduce,DOT,13,4.094741164459292e-06,7.483,1.532047406682444e-08
2025-01-03 10:00:00+00:00,risk_reduce,BTC,0,2.692436398526542e-10,96511.8,1.2992594160365696e-08
2025-01-03 10:00:00+00:00,risk_reduce,BNB,2,-3.577131109182806e-08,701.0,1.2537844537685735e-08
2025-01-03 10:00:00+00:00,risk_reduce,SUI,9,-6.183016365492178e-06,4.3237,1.3366753929739265e-08
2025-01-03 10:00:00+00:00,risk_reduce,DOT,13,3.6331123293639744e-06,7.494,1.3613271898126811e-08
2025-01-03 10:30:00+00:00,risk_reduce,BTC,0,4.461975298610817e-09,96500.0,2.1529030815797193e-07
2025-01-03 10:30:00+00:00,risk_reduce,BNB,2,-5.928114275152913e-07,700.99,2.0777744128697204e-07
2025-01-03 10:30:00+00:00,risk_reduce,SUI,9,-0.00010246654780337455,4.3222,2.2144045645787273e-07
2025-01-03 10:30:00+00:00,risk_reduce,DOT,13,6.0208878024242685e-05,7.529,2.2665632132226161e-07
2025-01-03 10:35:00+00:00,risk_reduce,BTC,0,2.9784147119913926e-09,96565.0,1.438053083317244e-07
2025-01-03 10:35:00+00:00,risk_reduce,BNB,2,-3.95707765952439e-07,702.19,1.3893101808707157e-07
2025-01-03 10:35:00+00:00,risk_reduce,SUI,9,-6.839748161751452e-05,4.3372,1.48326778635742e-07
2025-01-03 10:35:00+00:00,risk_reduce,DOT,13,4.019004949573288e-05,7.545,1.516169617226523e-07
2025-01-03 10:40:00+00:00,risk_reduce,BTC,0,1.7458772375277303e-09,96533.2,8.426755827285595e-08
2025-01-03 10:40:00+00:00,risk_reduce,BNB,2,-2.319546631662328e-07,701.99,8.141492699803187e-08
2025-01-03 10:40:00+00:00,risk_reduce,SUI,9,-4.009300846503222e-05,4.3354,8.690961444965034e-08
2025-01-03 10:40:00+00:00,risk_reduce,DOT,13,2.355846964736258e-05,7.561,8.906279450185423e-08
2025-01-03 10:50:00+00:00,risk_reduce,BTC,0,1.0644377933606375e-09,96482.8,5.134996936462786e-08
2025-01-03 10:50:00+00:00,risk_reduce,BNB,2,-1.4141962820365603e-07,701.57,4.9607884279419486e-08
2025-01-03 10:50:00+00:00,risk_reduce,SUI,9,-2.4444166257728273e-05,4.3255,5.2866620573901824e-08
2025-01-03 10:50:00+00:00,risk_reduce,DOT,13,1.4363281052857946e-05,7.574,5.439374534717304e-08
2025-01-03 11:00:00+00:00,risk_reduce,BTC,0,7.982416633139683e-10,96443.8,3.8492729664159846e-08
2025-01-03 11:00:00+00:00,risk_reduce,BNB,2,-1.0605320474962225e-07,700.75,3.71583916141489e-08
2025-01-03 11:00:00+00:00,risk_reduce,SUI,9,-1.8331134100643687e-05,4.3192,3.958791720375011e-08
2025-01-03 11:00:00+00:00,risk_reduce,DOT,13,1.0771291126442095e-05,7.584,4.084473595146843e-08
2025-01-03 11:05:00+00:00,risk_reduce,BTC,0,8.405915182298178e-09,96499.9,4.05584987250128e-07
2025-01-03 11:05:00+00:00,risk_reduce,BNB,2,-1.1167974373014209e-06,701.69,3.9182279689001707e-07
2025-01-03 11:05:00+00:00,risk_reduce,SUI,9,-0.00019303672750636824,4.3308,4.180017297422898e-07
2025-01-03 11:05:00+00:00,risk_reduce,DOT,13,0.00011342750419320383,7.643,4.3346320727432846e-07
2025-01-03 11:25:00+00:00,risk_reduce,BTC,0,3.1018428362363803e-09,96750.5,1.5005242266364396e-07
2025-01-03 11:25:00+00:00,risk_reduce,BNB,2,-4.1210624367415917e-07,702.78,1.448100129646628e-07
2025-01-03 11:25:00+00:00,risk_reduce,SUI,9,-7.123193338984257e-05,4.3519,1.5499712545962795e-07
2025-01-03 11:25:00+00:00,risk_reduce,DOT,13,4.1855560481359605e-05,7.646,1.6001380772023776e-07
2025-01-03 11:30:00+00:00,risk_reduce,BTC,0,8.460164047157206e-09,96703.5,4.0906373696713347e-07
2025-01-03 11:30:00+00:00,risk_reduce,BNB,2,-1.124004861113978e-06,702.84,3.949977882926742e-07
2025-01-03 11:30:00+00:00,risk_reduce,SUI,9,-0.00019428251967964355,4.343,4.21884491484346e-07
2025-01-03 11:30:00+00:00,risk_reduce,DOT,13,0.00011415952601507781,7.716,4.404274513661702e-07
2025-01-03 11:35:00+00:00,risk_reduce,BTC,0,3.4599555356417732e-09,96640.7,1.6718626246664794e-07
2025-01-03 11:35:00+00:00,risk_reduce,BNB,2,-4.59684566353816e-07,702.68,1.6150557554274969e-07
2025-01-03 11:35:00+00:00,risk_reduce,SUI,9,-7.945577363478035e-05,4.3517,1.7288384506323683e-07
2025-01-03 11:35:00+00:00,risk_reduce,DOT,13,4.668785165163128e-05,7.747,1.8084539337259375e-07
2025-01-03 11:40:00+00:00,risk_reduce,BTC,0,2.0477915494308618e-09,96659.6,9.896935602568368e-08
2025-01-03 11:40:00+00:00,risk_reduce,BNB,2,-2.720665513432667e-07,703.55,9.570621109877763e-08
2025-01-03 11:40:00+00:00,risk_reduce,SUI,9,-4.702628693539074e-05,4.3539,1.0237387534399887e-07
2025-01-03 11:40:00+00:00,risk_reduce,DOT,13,2.763243258140438e-05,7.761,1.0722765463213971e-07
2025-01-03 12:15:00+00:00,risk_reduce,BTC,0,1.0280366565955083e-09,96806.8,4.976046950385503e-08
2025-01-03 12:15:00+00:00,risk_reduce,BNB,2,-1.365834271032599e-07,707.0,4.828224148100237e-08
2025-01-03 12:15:00+00:00,risk_reduce,SUI,9,-2.360823630050829e-05,4.3806,5.170911996900331e-08
2025-01-03 12:15:00+00:00,risk_reduce,DOT,13,1.38720924072952e-05,7.754,5.378210226308349e-08
2025-01-03 12:20:00+00:00,risk_reduce,BTC,0,1.395788754674665e-09,96764.0,6.753105152866964e-08
2025-01-03 12:20:00+00:00,risk_reduce,BNB,2,-1.854424260094422e-07,706.1,6.547044850263357e-08
2025-01-03 12:20:00+00:00,risk_reduce,SUI,9,-3.205343947081801e-05,4.3764,7.013933625004397e-08
2025-01-03 12:20:00+00:00,risk_reduce,DOT,13,1.883445542694845e-05,7.769,7.316244210598124e-08
2025-01-03 12:30:00+00:00,risk_reduce,BTC,0,4.005575876611215e-10,96845.3,1.939605987215881e-08
2025-01-03 12:30:00+00:00,risk_reduce,BNB,2,-5.321748764884268e-08,706.09,1.8788167926985664e-08
2025-01-03 12:30:00+00:00,risk_reduce,SUI,9,-9.19856127774843e-06,4.3891,2.0186702652082817e-08
2025-01-03 12:30:00+00:00,risk_reduce,DOT,13,5.405032821377553e-06,7.765,2.0985039928998352e-08
2025-01-03 12:35:00+00:00,risk_reduce,BTC,0,1.2480250598506304e-09,96773.5,6.038787656472749e-08
2025-01-03 12:35:00+00:00,risk_reduce,BNB,2,-1.6581076043502112e-07,705.44,5.848477142064066e-08
2025-01-03 12:35:00+00:00,risk_reduce,SUI,9,-2.8660136127331426e-05,4.3947,6.297635011939172e-08
2025-01-03 12:35:00+00:00,risk_reduce,DOT,13,1.6840565796753804e-05,7.78,6.55098009493723e-08
2025-01-03 12:40:00+00:00,risk_reduce,BTC,0,1.325707636118849e-09,96753.6,6.413349317099434e-08
2025-01-03 12:40:00+00:00,risk_reduce,BNB,2,-1.7613155242710704e-07,704.86,6.207404302188533e-08
2025-01-03 12:40:00+00:00,risk_reduce,SUI,9,-3.0444069224672132e-05,4.3974,6.693737500428662e-08
2025-01-03 12:40:00+00:00,risk_reduce,DOT,13,1.7888796781044547e-05,7.792,6.969475225894956e-08
2025-01-03 12:45:00+00:00,risk_reduce,BTC,0,6.960313802614144e-10,96666.0,3.364128470217494e-08
2025-01-03 12:45:00+00:00,risk_reduce,BNB,2,-9.247369797330115e-08,704.55,3.257617195354466e-08
2025-01-03 12:45:00+00:00,risk_reduce,SUI,9,-1.5983937141111904e-05,4.3879,3.506795889074247e-08
2025-01-03 12:45:00+00:00,risk_reduce,DOT,13,9.39208885540957e-06,7.805,3.665262675823584e-08
2025-01-03 14:25:00+00:00,risk_reduce,BTC,0,1.3163132532845371e-09,96969.8,6.382131645417546e-08
2025-01-03 14:25:00+00:00,risk_reduce,BNB,2,-1.7488342864200972e-07,708.3,6.193496625356774e-08
2025-01-03 14:25:00+00:00,risk_reduce,SUI,9,-3.02283329389752e-05,4.4436,6.71613101238151e-08
2025-01-03 14:25:00+00:00,risk_reduce,DOT,13,1.7762031119576693e-05,7.786,6.914758714851208e-08
2025-01-03 14:30:00+00:00,risk_reduce,BTC,0,4.764894758470004e-09,97037.5,2.311867375625165e-07
2025-01-03 14:30:00+00:00,risk_reduce,BNB,2,-6.330568581605872e-07,708.0,2.2410212778884786e-07
2025-01-03 14:30:00+00:00,risk_reduce,SUI,9,-0.00010942290888495132,4.4553,2.4375594297756184e-07
2025-01-03 14:30:00+00:00,risk_reduce,DOT,13,6.429640419578289e-05,7.818,2.513346440013153e-07
2025-01-03 14:40:00+00:00,risk_reduce,BTC,0,7.481904239393887e-09,97283.1,3.6393141915568975e-07
2025-01-03 14:40:00+00:00,risk_reduce,BNB,2,-9.940347123994428e-07,709.75,3.5275806856275225e-07
2025-01-03 14:40:00+00:00,risk_reduce,SUI,9,-0.00017181737842538597,4.4752,3.8445856596464366e-07
2025-01-03 14:40:00+00:00,risk_reduce,DOT,13,0.0001009591110643325,7.857,3.966178678162303e-07
2025-01-03 15:05:00+00:00,risk_reduce,BTC,0,4.628525401229295e-09,97073.9,2.2465450597319623e-07
2025-01-03 15:05:00+00:00,risk_reduce,BNB,2,-6.149390273962234e-07,708.23,2.1775913368641365e-07
2025-01-03 15:05:00+00:00,risk_reduce,SUI,9,-0.00010629126957109603,4.5039,2.393626245106297e-07
2025-01-03 15:05:00+00:00,risk_reduce,DOT,13,6.245626716075772e-05,7.908,2.4695208035363604e-07
2025-01-03 15:35:00+00:00,risk_reduce,BTC,0,1.4587966442777586e-09,97328.6,7.099131753612613e-08
2025-01-03 15:35:00+00:00,risk_reduce,BNB,2,-1.9381356087248185e-07,708.9,6.86972166512512e-08
2025-01-03 15:35:00+00:00,risk_reduce,SUI,9,-3.350037731782857e-05,4.5552,7.630045937908635e-08
2025-01-03 15:35:00+00:00,risk_reduce,DOT,13,1.968466953298706e-05,7.896,7.771507531623291e-08
2025-01-03 15:55:00+00:00,risk_reduce,BTC,0,1.032208450509315e-10,97426.1,5.028202186008278e-09
2025-01-03 15:55:00+00:00,risk_reduce,BNB,2,-1.3713768546208711e-08,710.45,4.871473431826991e-09
2025-01-03 15:55:00+00:00,risk_reduce,SUI,9,-2.3704039009350697e-06,4.6871,5.5551600620363825e-09
2025-01-03 15:55:00+00:00,risk_reduce,DOT,13,1.3928385643839636e-06,7.877,5.485694685826241e-09
2025-01-03 16:20:00+00:00,risk_reduce,BTC,0,5.771849396598046e-09,97717.7,2.820059238909745e-07
2025-01-03 16:20:00+00:00,risk_reduce,BNB,2,-7.668393595244567e-07,711.76,2.729027912675637e-07
2025-01-03 16:20:00+00:00,risk_reduce,SUI,9,-0.00013254700945890957,4.7001,3.114920995789105e-07
2025-01-03 16:20:00+00:00,risk_reduce,DOT,13,7.78840206493922e-05,7.901,3.076808235754239e-07
2025-01-03 16:25:00+00:00,risk_reduce,BTC,0,4.3635751252647566e-09,98331.1,2.1453757099996066e-07
2025-01-03 16:25:00+00:00,risk_reduce,BNB,2,-5.797381262697505e-07,714.99,2.0725348145080447e-07
2025-01-03 16:25:00+00:00,risk_reduce,SUI,9,-0.00010020684769496135,4.7206,2.3651822261441728e-07
2025-01-03 16:25:00+00:00,risk_reduce,DOT,13,5.8881088505467055e-05,7.888,2.3222701306556207e-07
2025-01-03 16:30:00+00:00,risk_reduce,BTC,0,5.097764791064082e-09,98022.0,2.4984655017484174e-07
2025-01-03 16:30:00+00:00,risk_reduce,BNB,2,-6.772814775260548e-07,713.93,2.417657826250881e-07
2025-01-03 16:30:00+00:00,risk_reduce,SUI,9,-0.00011706706664569438,4.6933,2.7471543194411876e-07
2025-01-03 16:30:00+00:00,risk_reduce,DOT,13,6.878807657161035e-05,7.956,2.7363896860186595e-07
2025-01-06 05:00:00+00:00,risk_reduce,BTC,0,2.0807456498482088e-10,99423.0,1.0343698737242923e-08
2025-01-06 05:00:00+00:00,risk_reduce,BNB,2,-2.764447843014127e-08,712.54,9.84889833030643e-09
2025-01-06 05:00:00+00:00,risk_reduce,SUI,9,-4.77830578003019e-06,5.2209,1.247352832347981e-08
2025-01-06 05:00:00+00:00,risk_reduce,DOT,13,2.8077107703909643e-06,7.809,1.0962706702991521e-08
2025-01-06 05:10:00+00:00,risk_reduce,BTC,0,1.642226762597932e-09,99516.9,8.171465825539107e-08
2025-01-06 05:10:00+00:00,risk_reduce,BNB,2,-2.1818381463085132e-07,713.53,7.784034862677567e-08
2025-01-06 05:10:00+00:00,risk_reduce,SUI,9,-3.771273837533534e-05,5.2042,9.81323165264601e-08
2025-01-06 05:10:00+00:00,risk_reduce,DOT,13,2.2159833755284325e-05,7.817,8.661171023252878e-08
2025-01-06 05:30:00+00:00,risk_reduce,BTC,0,7.129940327485892e-10,99626.8,3.5516656950918576e-08
2025-01-06 05:30:00+00:00,risk_reduce,BNB,2,-9.472733085170429e-08,714.31,3.383233985034044e-08
2025-01-06 05:30:00+00:00,risk_reduce,SUI,9,-1.637347413440543e-05,5.1989,4.25620273386802e-08
2025-01-06 05:30:00+00:00,risk_reduce,DOT,13,9.620979023159532e-06,7.815,3.7593975532995873e-08
2025-01-06 05:35:00+00:00,risk_reduce,BTC,0,2.181187492755701e-09,99777.4,1.0881660846984134e-07
2025-01-06 05:35:00+00:00,risk_reduce,BNB,2,-2.897893387400919e-07,714.44,1.0351854758473563e-07
2025-01-06 05:35:00+00:00,risk_reduce,SUI,9,-5.0089643607885426e-05,5.2031,1.3031071232809434e-07
2025-01-06 05:35:00+00:00,risk_reduce,DOT,13,2.943244704654499e-05,7.822,1.1511030039903747e-07
2025-01-06 08:05:00+00:00,exit_scheduled,BTC,0,1.916351154490564e-06,99439.5,9.528050031348222e-05
2025-01-06 08:05:00+00:00,exit_scheduled,BNB,2,-0.00025460357520756604,714.35,9.09380319747624e-05
2025-01-06 08:05:00+00:00,exit_scheduled,SUI,9,-0.04400783824168511,5.1795,0.00011396929908640402
2025-01-06 08:05:00+00:00,exit_scheduled,DOT,13,0.025858805840603124,7.731,9.995721397685138e-05
2025-04-16 08:05:00+00:00,entry,BNB,2,0.0003792957402377936,577.5,0.0001095216449936629
2025-04-16 08:05:00+00:00,entry,TRX,7,-0.7417322841109563,0.25183,9.339522055383105e-05
2025-04-16 08:05:00+00:00,entry,LINK,8,-0.017793335518812296,12.134,0.00010795216659263419
2025-04-16 08:05:00+00:00,entry,AVAX,10,0.009857835979903631,18.63,9.182574215280232e-05
2025-04-16 08:30:00+00:00,risk_reduce,BNB,2,-1.124196859248383e-06,579.28,3.256123783127016e-07
2025-04-16 08:30:00+00:00,risk_reduce,TRX,7,0.002198424647948616,0.25256,2.776170645429512e-07
2025-04-16 08:30:00+00:00,risk_reduce,LINK,8,5.2737771041828224e-05,12.169,3.208829679040038e-07
2025-04-16 08:30:00+00:00,risk_reduce,AVAX,10,-2.9217697622034577e-05,18.747,2.738720886601411e-07
2025-04-16 08:35:00+00:00,risk_reduce,BNB,2,-9.127181654593869e-07,580.39,2.648662480254868e-07
2025-04-16 08:35:00+00:00,risk_reduce,TRX,7,0.0017848672099278762,0.25268,2.255001233022879e-07
2025-04-16 08:35:00+00:00,risk_reduce,LINK,8,4.281698640209303e-05,12.219,2.6159037842358736e-07
2025-04-16 08:35:00+00:00,risk_reduce,AVAX,10,-2.372139999604582e-05,18.801,2.229930206628287e-07
2025-04-16 08:40:00+00:00,risk_reduce,BNB,2,-6.728431838379191e-07,580.11,1.9516152968810762e-07
2025-04-16 08:40:00+00:00,risk_reduce,TRX,7,0.0013157793738566292,0.2534,1.6670924666763492e-07
2025-04-16 08:40:00+00:00,risk_reduce,LINK,8,3.156408905111499e-05,12.23,1.9301440454756817e-07
2025-04-16 08:40:00+00:00,risk_reduce,AVAX,10,-1.74870873643658e-05,18.873,1.6501689991383789e-07
2025-04-16 08:45:00+00:00,risk_reduce,BNB,2,-3.5480120137601316e-07,580.41,1.029650826453259e-07
2025-04-16 08:45:00+00:00,risk_reduce,TRX,7,0.0006938319563961626,0.25328,8.786687895801004e-08
2025-04-16 08:45:00+00:00,risk_reduce,LINK,8,1.6644259739385936e-05,12.257,1.0200434581282671e-07
2025-04-16 08:45:00+00:00,risk_reduce,AVAX,10,-9.221226809571353e-06,18.883,8.706221292256792e-08
2025-04-16 12:25:00+00:00,risk_reduce,BNB,2,-1.6887545064431242e-07,583.06,4.92322601263364e-08
2025-04-16 12:25:00+00:00,risk_reduce,TRX,7,0.00033024460980801695,0.25419,4.197243868354992e-08
2025-04-16 12:25:00+00:00,risk_reduce,LINK,8,7.922202216986696e-06,12.225,4.842446105133118e-08
2025-04-16 12:25:00+00:00,risk_reduce,AVAX,10,-4.389046110669578e-06,18.948,4.158182285248359e-08
2025-04-16 12:30:00+00:00,risk_reduce,BNB,2,-6.318148044598664e-07,583.01,1.8417717457407334e-07
2025-04-16 12:30:00+00:00,risk_reduce,TRX,7,0.001235546272555843,0.2545,1.5722326318273103e-07
2025-04-16 12:30:00+00:00,risk_reduce,LINK,8,2.9639385864071305e-05,12.252,1.8157087780330083e-07
2025-04-16 12:30:00+00:00,risk_reduce,AVAX,10,-1.642076630793514e-05,18.969,1.5574275804761086e-07
2025-04-16 14:25:00+00:00,risk_reduce,BNB,2,-6.908481820367806e-08,582.0,2.0103682097270316e-08
2025-04-16 14:25:00+00:00,risk_reduce,TRX,7,0.00013509890717855466,0.2543,1.717782604775323e-08
2025-04-16 14:25:00+00:00,risk_reduce,LINK,8,3.240873068556527e-06,12.265,1.9874654092922902e-08
2025-04-16 14:25:00+00:00,risk_reduce,AVAX,10,-1.795503440472218e-06,19.0,1.7057282684486073e-08
2025-04-16 14:30:00+00:00,risk_reduce,BNB,2,-1.3405822047520303e-07,582.26,3.9028369726945856e-08
2025-04-16 14:30:00+00:00,risk_reduce,TRX,7,0.00026215772951887484,0.25432,3.333597688562012e-08
2025-04-16 14:30:00+00:00,risk_reduce,LINK,8,6.288873411745832e-06,12.271,3.8585382817766556e-08
2025-04-16 14:30:00+00:00,risk_reduce,AVAX,10,-3.4841518345915534e-06,19.051,3.3188288300401834e-08
2025-04-16 14:35:00+00:00,risk_reduce,BNB,2,-1.1145654139946802e-06,582.9,3.248400899087495e-07
2025-04-16 14:35:00+00:00,risk_reduce,TRX,7,0.0021795898625043275,0.25429,2.7712395306811275e-07
2025-04-16 14:35:00+00:00,risk_reduce,LINK,8,5.228594541145659e-05,12.341,3.226304261613929e-07
2025-04-16 14:35:00+00:00,risk_reduce,AVAX,10,-2.8967377891311527e-05,19.132,2.771019369082861e-07
2025-04-16 14:45:00+00:00,risk_reduce,BNB,2,-9.303164615994449e-07,583.28,2.713174928608621e-07
2025-04-16 14:45:00+00:00,risk_reduce,TRX,7,0.0018192815811101104,0.25471,2.316946057622781e-07
2025-04-16 14:45:00+00:00,risk_reduce,LINK,8,4.3642549029249134e-05,12.384,2.7023466358911065e-07
2025-04-16 14:45:00+00:00,risk_reduce,AVAX,10,-2.4178776914556693e-05,19.107,2.3099194525321737e-07
2025-04-16 15:20:00+00:00,risk_reduce,BNB,2,-2.1313615866517307e-08,583.92,6.222723288388393e-09
2025-04-16 15:20:00+00:00,risk_reduce,TRX,7,4.167986956415959e-05,0.25477,5.309390184430469e-09
2025-04-16 15:20:00+00:00,risk_reduce,LINK,8,9.998538818140057e-07,12.384,6.191095236192323e-09
2025-04-16 15:20:00+00:00,risk_reduce,AVAX,10,-5.539374874578146e-07,19.044,5.274592755573311e-09
2025-04-16 15:25:00+00:00,risk_reduce,BNB,2,-7.919106428402553e-07,584.16,2.3130126056078174e-07
2025-04-16 15:25:00+00:00,risk_reduce,TRX,7,0.0015486219000440116,0.25486,1.9734088872260837e-07
2025-04-16 15:25:00+00:00,risk_reduce,LINK,8,3.714972322162516e-05,12.428,2.3084838009917875e-07
2025-04-16 15:25:00+00:00,risk_reduce,AVAX,10,-2.058163169184335e-05,19.163,1.9720290405539706e-07
2025-04-16 15:30:00+00:00,risk_reduce,BNB,2,-5.051178542290168e-07,584.55,1.4763332084478588e-07
2025-04-16 15:30:00+00:00,risk_reduce,TRX,7,0.0009877838847534015,0.25448,1.2568562149602282e-07
2025-04-16 15:30:00+00:00,risk_reduce,LINK,8,2.3695840747392505e-05,12.476,1.4781465458223448e-07
2025-04-16 15:30:00+00:00,risk_reduce,AVAX,10,-1.3127932716535881e-05,19.175,1.2586405491978776e-07
2025-04-17 17:50:00+00:00,risk_reduce,BNB,2,-5.4982157051146254e-08,592.16,1.6279117059703383e-08
2025-04-17 17:50:00+00:00,risk_reduce,TRX,7,0.00010752042959760733,0.25008,1.3444354516884821e-08
2025-04-17 17:50:00+00:00,risk_reduce,LINK,8,2.579295953458738e-06,12.648,1.631146760967306e-08
2025-04-17 17:50:00+00:00,risk_reduce,AVAX,10,-1.4289775194728516e-06,19.467,1.3908952685789e-08
2025-04-17 18:05:00+00:00,risk_reduce,BNB,2,-8.423842449783135e-08,592.81,2.49686902132797e-08
2025-04-17 18:05:00+00:00,risk_reduce,TRX,7,0.0001647325619146267,0.24998,2.0589922913709193e-08
2025-04-17 18:05:00+00:00,risk_reduce,LINK,8,3.951751606084963e-06,12.658,2.5010635914911733e-08
2025-04-17 18:05:00+00:00,risk_reduce,AVAX,10,-2.189343258598292e-06,19.432,2.1271659100541005e-08
2025-04-17 18:20:00+00:00,risk_reduce,BNB,2,-3.2721094625698865e-07,592.45,9.692806255497648e-08
2025-04-17 18:20:00+00:00,risk_reduce,TRX,7,0.0006398777966796221,0.24987,7.994313252816859e-08
2025-04-17 18:20:00+00:00,risk_reduce,LINK,8,1.5349959239005506e-05,12.684,9.734944149377291e-08
2025-04-17 18:20:00+00:00,risk_reduce,AVAX,10,-8.504160465942073e-06,19.45,8.270296053128667e-08
2025-04-19 19:30:00+00:00,risk_reduce,BNB,2,-7.04951734015408e-08,591.05,2.0833086119490345e-08
2025-04-19 19:30:00+00:00,risk_reduce,TRX,7,0.0001378569291422549,0.24268,1.6727559782121207e-08
2025-04-19 19:30:00+00:00,risk_reduce,LINK,8,3.3070349590644255e-06,12.978,2.1459349849369057e-08
2025-04-19 19:30:00+00:00,risk_reduce,AVAX,10,-1.83215834781425e-06,20.03,1.8349065853359716e-08
2025-04-19 21:15:00+00:00,risk_reduce,BNB,2,-1.0559202116139626e-08,591.37,3.1221976777107452e-09
2025-04-19 21:15:00+00:00,risk_reduce,TRX,7,2.0649061597932672e-05,0.24257,2.5044214359052646e-09
2025-04-19 21:15:00+00:00,risk_reduce,LINK,8,4.9534810474261e-07,12.978,3.2143138516747965e-09
2025-04-19 21:15:00+00:00,risk_reduce,AVAX,10,-2.744319840611298e-07,20.199,2.7716258230253807e-09
2025-04-19 21:20:00+00:00,risk_reduce,BNB,2,-1.8962128543379255e-07,590.95,5.602834931354986e-08
2025-04-19 21:20:00+00:00,risk_reduce,TRX,7,0.00037081415433959375,0.24246,4.4953799930588955e-08
2025-04-19 21:20:00+00:00,risk_reduce,LINK,8,8.895420631711837e-06,12.994,5.77935478442318e-08
2025-04-19 21:20:00+00:00,risk_reduce,AVAX,10,-4.928227058213774e-06,20.256,4.9913083645589105e-08
2025-04-19 21:25:00+00:00,risk_reduce,BNB,2,-3.855102056318023e-07,591.33,1.1398187494812685e-07
2025-04-19 21:25:00+00:00,risk_reduce,TRX,7,0.000753884990092657,0.2426,9.14462492982393e-08
2025-04-19 21:25:00+00:00,risk_reduce,LINK,8,1.8084865467858646e-05,13.011,1.1765109230115443e-07
2025-04-19 21:25:00+00:00,risk_reduce,AVAX,10,-1.0019348947379672e-05,20.339,1.0189176912037756e-07
2025-04-19 22:35:00+00:00,risk_reduce,BNB,2,-2.2854748845123384e-07,593.24,6.7791756024405e-08
2025-04-19 22:35:00+00:00,risk_reduce,TRX,7,0.0004469363418910799,0.24285,5.426924531412438e-08
2025-04-19 22:35:00+00:00,risk_reduce,LINK,8,1.0721507553566878e-05,13.023,6.981309643505073e-08
2025-04-19 22:35:00+00:00,risk_reduce,AVAX,10,-5.939912885282936e-06,20.018,5.945258806879691e-08
2025-04-19 22:55:00+00:00,risk_reduce,BNB,2,-8.304864810985187e-08,592.75,2.461354308355735e-08
2025-04-19 22:55:00+00:00,risk_reduce,TRX,7,0.0001624058931329886,0.24331,1.9757488929093727e-08
2025-04-19 22:55:00+00:00,risk_reduce,LINK,8,3.895937400393706e-06,13.009,2.5341124820860865e-08
2025-04-19 22:55:00+00:00,risk_reduce,AVAX,10,-2.1584211594531666e-06,20.049,2.1637092912938268e-08
2025-04-19 23:05:00+00:00,risk_reduce,BNB,2,-2.1156836479247453e-08,592.98,6.272790447732077e-09
2025-04-19 23:05:00+00:00,risk_reduce,TRX,7,4.137327942688174e-05,0.24338,5.034714373457239e-09
2025-04-19 23:05:00+00:00,risk_reduce,LINK,8,9.924991241812287e-07,13.007,6.4547180541126204e-09
2025-04-19 23:05:00+00:00,risk_reduce,AVAX,10,-5.498628161109548e-07,20.057,5.51429925136871e-09
2025-04-20 01:10:00+00:00,risk_reduce,BNB,2,-1.5119770935181215e-07,593.48,4.4866408273056745e-08
2025-04-20 01:10:00+00:00,risk_reduce,TRX,7,0.0002956748795532871,0.24479,3.618912688292457e-08
2025-04-20 01:10:00+00:00,risk_reduce,LINK,8,7.092912697848064e-06,12.96,4.596207428205546e-08
2025-04-20 01:10:00+00:00,risk_reduce,AVAX,10,-3.929604425276928e-06,19.992,3.9280325835068176e-08
2025-04-20 01:15:00+00:00,risk_reduce,BNB,2,-4.154591848772168e-07,593.42,1.23270894744919e-07
2025-04-20 01:15:00+00:00,risk_reduce,TRX,7,0.0008124517558796285,0.2448,9.944409491966652e-08
2025-04-20 01:15:00+00:00,risk_reduce,LINK,8,1.9489817276244215e-05,12.987,1.265571284832918e-07
2025-04-20 01:15:00+00:00,risk_reduce,AVAX,10,-1.0797718156013714e-05,20.004,1.0799877699644917e-07
2025-04-20 03:50:00+00:00,risk_reduce,BNB,2,-4.314560237837946e-08,592.34,1.2778433056404646e-08
2025-04-20 03:50:00+00:00,risk_reduce,TRX,7,8.437343952605314e-05,0.24412,1.0298622028550047e-08
2025-04-20 03:50:00+00:00,risk_reduce,LINK,8,2.0240253128037122e-06,13.025,1.3181464849634177e-08
2025-04-20 03:50:00+00:00,risk_reduce,AVAX,10,-1.1213473455652656e-06,19.813,1.1108627478842304e-08
2025-04-20 03:55:00+00:00,risk_reduce,BNB,2,-1.1644870470320498e-07,592.82,3.451656056107699e-08
2025-04-20 03:55:00+00:00,risk_reduce,TRX,7,0.00022772141777049892,0.24417,2.7801369288511363e-08
2025-04-20 03:55:00+00:00,risk_reduce,LINK,8,5.462784454728087e-06,13.029,3.558730933032612e-08
2025-04-20 03:55:00+00:00,risk_reduce,AVAX,10,-3.0264833196305685e-06,19.852,3.0040873430653024e-08
2025-04-20 04:45:00+00:00,risk_reduce,BNB,2,-2.437289098616456e-07,594.02,7.238992351800735e-08
2025-04-20 04:45:00+00:00,risk_reduce,TRX,7,0.00047662439051443517,0.24298,5.790509720359873e-08
2025-04-20 04:45:00+00:00,risk_reduce,LINK,8,1.1433690940171326e-05,13.091,7.483922404889141e-08
2025-04-20 04:45:00+00:00,risk_reduce,AVAX,10,-6.334475613859261e-06,19.939,6.315155463236991e-08
2025-04-20 09:25:00+00:00,risk_reduce,BNB,2,-1.7652787416772356e-07,594.12,5.2439370300263964e-08
2025-04-20 09:25:00+00:00,risk_reduce,TRX,7,0.00034520931670256605,0.24309,4.195846639861339e-08
2025-04-20 09:25:00+00:00,risk_reduce,LINK,8,8.281188951714258e-06,13.106,5.426663120058353e-08
2025-04-20 09:25:00+00:00,risk_reduce,AVAX,10,-4.587931381290142e-06,19.678,4.5140656860513705e-08
2025-04-20 10:00:00+00:00,risk_reduce,BNB,2,-8.824261321974634e-09,592.36,2.613569718342447e-09
2025-04-20 10:00:00+00:00,risk_reduce,TRX,7,1.7256295844148006e-05,0.24371,2.1027659300886556e-09
2025-04-20 10:00:00+00:00,risk_reduce,LINK,8,4.139594141222558e-07,13.084,2.7081224871877973e-09
2025-04-20 10:00:00+00:00,risk_reduce,AVAX,10,-2.2934114868138067e-07,19.634,2.251442056605114e-09
2025-04-20 10:05:00+00:00,risk_reduce,BNB,2,-4.719214533380461e-08,591.88,1.3966043490086136e-08
2025-04-20 10:05:00+00:00,risk_reduce,TRX,7,9.228666192928614e-05,0.244,1.1258972755372909e-08
2025-04-20 10:05:00+00:00,risk_reduce,LINK,8,2.213854748935734e-06,13.076,1.447418234854183e-08
2025-04-20 10:05:00+00:00,risk_reduce,AVAX,10,-1.2265163535675472e-06,19.62,1.203212542849764e-08
2025-04-20 10:15:00+00:00,risk_reduce,BNB,2,-5.478268708272813e-07,591.9,1.6212936242133393e-07
2025-04-20 10:15:00+00:00,risk_reduce,TRX,7,0.0010713035583824748,0.24407,1.307365297472053e-07
2025-04-20 10:15:00+00:00,risk_reduce,LINK,8,2.5699385162458038e-05,13.11,1.6845946973991242e-07
2025-04-20 10:15:00+00:00,risk_reduce,AVAX,10,-1.4237933267095826e-05,19.605,1.3956734085070686e-07
2025-04-20 14:35:00+00:00,risk_reduce,BNB,2,-5.397841728809025e-07,589.61,1.5913107308615447e-07
2025-04-20 14:35:00+00:00,risk_reduce,TRX,7,0.0010555756498263902,0.24487,1.2923940468649407e-07
2025-04-20 14:35:00+00:00,risk_reduce,LINK,8,2.5322090065640207e-05,13.119,1.6610024978556693e-07
2025-04-20 14:35:00+00:00,risk_reduce,AVAX,10,-1.4028904826275668e-05,19.474,1.365994462934462e-07
2025-04-20 14:40:00+00:00,risk_reduce,BNB,2,-1.5949922002188484e-08,589.67,4.702595253515241e-09
2025-04-20 14:40:00+00:00,risk_reduce,TRX,7,3.119089096725869e-05,0.24492,3.8196365078504994e-09
2025-04-20 14:40:00+00:00,risk_reduce,LINK,8,7.482349090072449e-07,13.118,4.907672768178519e-09
2025-04-20 14:40:00+00:00,risk_reduce,AVAX,10,-4.1453593676438194e-07,19.471,4.03571461236964e-09
2025-04-20 14:50:00+00:00,risk_reduce,BNB,2,-7.614291545246358e-07,589.92,2.2459114341858655e-07
2025-04-20 14:50:00+00:00,risk_reduce,TRX,7,0.0014890137854439711,0.24491,1.8233718309654148e-07
2025-04-20 14:50:00+00:00,risk_reduce,LINK,8,3.571979060921701e-05,13.169,2.3519696126638943e-07
2025-04-20 14:50:00+00:00,risk_reduce,AVAX,10,-1.9789422657144617e-05,19.471,1.9265992427863143e-07
2025-04-20 15:05:00+00:00,risk_reduce,BNB,2,-4.3696634547074576e-07,589.18,1.2872591571222699e-07
2025-04-20 15:05:00+00:00,risk_reduce,TRX,7,0.0008545101120893683,0.24509,1.0471594168599164e-07
2025-04-20 15:05:00+00:00,risk_reduce,LINK,8,2.049875063325421e-05,13.19,1.3518926042631152e-07
2025-04-20 15:05:00+00:00,risk_reduce,AVAX,10,-1.1356685840152592e-05,19.526,1.1087532385740975e-07
2025-04-20 17:00:00+00:00,risk_reduce,BNB,2,-2.015218464379901e-07,589.01,5.934919138522027e-08
2025-04-20 17:00:00+00:00,risk_reduce,TRX,7,0.0003940863120767135,0.24562,4.839773998614119e-08
2025-04-20 17:00:00+00:00,risk_reduce,LINK,8,9.453693905956545e-06,13.183,6.231402338111258e-08
2025-04-20 17:00:00+00:00,risk_reduce,AVAX,10,-5.2375207464962215e-06,19.515,5.110510868393689e-08
2025-04-20 17:50:00+00:00,risk_reduce,BNB,2,-1.1132480434808975e-07,588.7,3.276845615986022e-08
2025-04-20 17:50:00+00:00,risk_reduce,TRX,7,0.00021770136768617387,0.24558,2.673155093818529e-08
2025-04-20 17:50:00+00:00,risk_reduce,LINK,8,5.222414557276567e-06,13.194,3.4452268834353515e-08
2025-04-20 17:50:00+00:00,risk_reduce,AVAX,10,-2.893313964111993e-06,19.463,2.8156284841755864e-08
2025-04-20 18:05:00+00:00,risk_reduce,BNB,2,-7.309350555227039e-08,588.44,2.1505571203588997e-08
2025-04-20 18:05:00+00:00,risk_reduce,TRX,7,0.0001429381009999675,0.24571,1.756066039835101e-08
2025-04-20 18:05:00+00:00,risk_reduce,LINK,8,3.42892664104838e-06,13.195,2.2622343514316688e-08
2025-04-20 18:05:00+00:00,risk_reduce,AVAX,10,-1.8996885872719221e-06,19.421,1.8446926026704e-08
2025-04-20 18:10:00+00:00,risk_reduce,BNB,2,-1.1655390897796726e-06,588.46,3.4293656638587307e-07
2025-04-20 18:10:00+00:00,risk_reduce,TRX,7,0.0022792715012852627,0.24573,2.800426930054138e-07
2025-04-20 18:10:00+00:00,risk_reduce,LINK,8,5.4677197460058224e-05,13.271,3.628105437462164e-07
2025-04-20 18:10:00+00:00,risk_reduce,AVAX,10,-3.0292175620035347e-05,19.473,2.9493976792447417e-07
2025-04-20 18:35:00+00:00,risk_reduce,BNB,2,-1.587950880011825e-07,587.95,4.668178599514763e-08
2025-04-20 18:35:00+00:00,risk_reduce,TRX,7,0.0003105319433719389,0.24565,3.81410859446584e-08
2025-04-20 18:35:00+00:00,risk_reduce,LINK,8,7.449317194475197e-06,13.288,4.9493263440093206e-08
2025-04-20 18:35:00+00:00,risk_reduce,AVAX,10,-4.127059088374421e-06,19.391,4.00139013913342e-08
2025-04-20 18:40:00+00:00,risk_reduce,BNB,2,-5.177410909375409e-07,588.14,1.5225212261200264e-07
2025-04-20 18:40:00+00:00,risk_reduce,TRX,7,0.0010124692719154504,0.24589,1.2447803463564505e-07
2025-04-20 18:40:00+00:00,risk_reduce,LINK,8,2.428801582942189e-05,13.312,1.6166103336063208e-07
2025-04-20 18:40:00+00:00,risk_reduce,AVAX,10,-1.34560086314673e-05,19.416,1.3063093179428457e-07
2025-04-20 18:45:00+00:00,risk_reduce,BNB,2,-4.7263943850367083e-07,588.38,1.3904579641339492e-07
2025-04-20 18:45:00+00:00,risk_reduce,TRX,7,0.0009242706761285469,0.24663,1.1397643842679175e-07
2025-04-20 18:45:00+00:00,risk_reduce,LINK,8,2.2172229256902515e-05,13.313,1.475894440485716e-07
2025-04-20 18:45:00+00:00,risk_reduce,AVAX,10,-1.2283823855974846e-05,19.411,1.1922065243416388e-07
2025-04-20 18:55:00+00:00,risk_reduce,BNB,2,-2.3453937094834775e-07,588.82,6.905073620090307e-08
2025-04-20 18:55:00+00:00,risk_reduce,TRX,7,0.00045865377559572984,0.24673,5.658182302636721e-08
2025-04-20 18:55:00+00:00,risk_reduce,LINK,8,1.1002595803048798e-05,13.324,7.329929323991109e-08
2025-04-20 18:55:00+00:00,risk_reduce,AVAX,10,-6.095640958658777e-06,19.419,5.9185625888097397e-08
2025-04-20 19:20:00+00:00,risk_reduce,BNB,2,-5.346732639845532e-07,588.76,1.573971154517728e-07
2025-04-20 19:20:00+00:00,risk_reduce,TRX,7,0.001045581005206353,0.24633,1.2877898450624048e-07
2025-04-20 19:20:00+00:00,risk_reduce,LINK,8,2.508232961712445e-05,13.377,1.677631616441369e-07
2025-04-20 19:20:00+00:00,risk_reduce,AVAX,10,-1.3896073116704752e-05,19.42,1.3493086996320315e-07
2025-04-20 19:40:00+00:00,risk_reduce,BNB,2,-5.049700780432515e-07,588.57,1.486051194169583e-07
2025-04-20 19:40:00+00:00,risk_reduce,TRX,7,0.0009874949008388256,0.24642,1.216692467323517e-07
2025-04-20 19:40:00+00:00,risk_reduce,LINK,8,2.368890834352974e-05,13.407,1.587985970808516e-07
2025-04-20 19:40:00+00:00,risk_reduce,AVAX,10,-1.312409203696463e-05,19.448,1.2761867096744407e-07
2025-04-20 19:45:00+00:00,risk_reduce,BNB,2,-1.1523073934030818e-07,588.82,3.392508196918013e-08
2025-04-20 19:45:00+00:00,risk_reduce,TRX,7,0.00022533962400184127,0.24624,2.7743814507106695e-08
2025-04-20 19:45:00+00:00,risk_reduce,LINK,8,5.405647861687901e-06,13.421,3.627459997585666e-08
2025-04-20 19:45:00+00:00,risk_reduce,AVAX,10,-2.994828593508997e-06,19.485,2.91771175722614e-08
2025-04-20 19:50:00+00:00,risk_reduce,BNB,2,-4.291123047980893e-08,589.44,1.2646797847009289e-08
2025-04-20 19:50:00+00:00,risk_reduce,TRX,7,8.391511325134271e-05,0.24626,1.0332467894637828e-08
2025-04-20 19:50:00+00:00,risk_reduce,LINK,8,2.013030573382729e-06,13.421,1.3508441662684803e-08
2025-04-20 19:50:00+00:00,risk_reduce,AVAX,10,-1.1152560571870557e-06,19.533,1.089214828251738e-08
2025-04-20 19:55:00+00:00,risk_reduce,BNB,2,-8.97051715790533e-08,589.27,2.643028322819437e-08
2025-04-20 19:55:00+00:00,risk_reduce,TRX,7,0.00017542306636553207,0.24619,2.159370235426517e-08
2025-04-20 19:55:00+00:00,risk_reduce,LINK,8,4.208204960800405e-06,13.43,2.8258096311774717e-08
2025-04-20 19:55:00+00:00,risk_reduce,AVAX,10,-2.331423146016004e-06,19.541,2.2779169848149366e-08
2025-04-20 20:05:00+00:00,risk_reduce,BNB,2,-6.731669250557805e-07,589.54,1.984294144986924e-07
2025-04-20 20:05:00+00:00,risk_reduce,TRX,7,0.001316412466421446,0.24631,1.621227773021332e-07
2025-04-20 20:05:00+00:00,risk_reduce,LINK,8,3.157927624015955e-05,13.47,2.1268642547747457e-07
2025-04-20 20:05:00+00:00,risk_reduce,AVAX,10,-1.749550134714367e-05,19.566,1.7115848967910655e-07
2025-04-20 20:10:00+00:00,risk_reduce,BNB,2,-2.525322866866347e-07,590.0,7.449702457255723e-08
2025-04-20 20:10:00+00:00,risk_reduce,TRX,7,0.000493839845652877,0.24606,6.075711621067346e-08
2025-04-20 20:10:00+00:00,risk_reduce,LINK,8,1.184667063102579e-05,13.496,7.994133341816204e-08
2025-04-20 20:10:00+00:00,risk_reduce,AVAX,10,-6.56327397778253e-06,19.608,6.434633807817992e-08
2025-04-20 20:15:00+00:00,risk_reduce,BNB,2,-5.949452711649737e-07,589.75,1.754344868347716e-07
2025-04-20 20:15:00+00:00,risk_reduce,TRX,7,0.0011634460081876297,0.24621,1.4322602083793815e-07
2025-04-20 20:15:00+00:00,risk_reduce,LINK,8,2.7909780422351316e-05,13.53,1.8880966455720665e-07
2025-04-20 20:15:00+00:00,risk_reduce,AVAX,10,-1.5462532999940132e-05,19.639,1.518343427929121e-07
2025-04-20 20:20:00+00:00,risk_reduce,BNB,2,-6.178320256155167e-07,590.85,1.8252302616746404e-07
2025-04-20 20:20:00+00:00,risk_reduce,TRX,7,0.001208202230980504,0.24629,1.487840637340942e-07
2025-04-20 20:20:00+00:00,risk_reduce,LINK,8,2.898343260895192e-05,13.566,1.9659462338652088e-07
2025-04-20 20:20:00+00:00,risk_reduce,AVAX,10,-1.605735610906399e-05,19.709,1.582372157767711e-07
2025-04-21 01:40:00+00:00,risk_reduce,BNB,2,-8.15060061208758e-08,599.69,2.4439168405314006e-08
2025-04-21 01:40:00+00:00,risk_reduce,TRX,7,0.00015938917756075366,0.24642,1.963834056726046e-08
2025-04-21 01:40:00+00:00,risk_reduce,LINK,8,3.8235697368965704e-06,13.549,2.5902773182605815e-08
2025-04-21 01:40:00+00:00,risk_reduce,AVAX,10,-2.1183281394433068e-06,20.05,2.123623959791915e-08
2025-04-21 01:45:00+00:00,risk_reduce,BNB,2,-1.762567875397518e-10,599.72,5.2852360311669973e-11
2025-04-21 01:45:00+00:00,risk_reduce,TRX,7,3.4467919285408044e-07,0.2466,4.249894447890812e-11
2025-04-21 01:45:00+00:00,risk_reduce,LINK,8,8.268471868994043e-09,13.542,5.598582302495866e-11
2025-04-21 01:45:00+00:00,risk_reduce,AVAX,10,-4.580885882426999e-09,20.032,4.588215299838882e-11
2025-04-21 01:50:00+00:00,risk_reduce,BNB,2,-7.209433192473204e-07,600.6,2.1649927876997033e-07
2025-04-21 01:50:00+00:00,risk_reduce,TRX,7,0.0014098416569734429,0.24656,1.7380527947168604e-07
2025-04-21 01:50:00+00:00,risk_reduce,LINK,8,3.38205389846212e-05,13.591,2.2982747266999338e-07
2025-04-21 01:50:00+00:00,risk_reduce,AVAX,10,-1.8737202235627123e-05,20.1,1.883088824680526e-07
2025-04-21 02:00:00+00:00,risk_reduce,BNB,2,-2.2152482320611728e-07,600.0,6.645744696183519e-08
2025-04-21 02:00:00+00:00,risk_reduce,TRX,7,0.00043320315962669387,0.24651,5.339445543978815e-08
2025-04-21 02:00:00+00:00,risk_reduce,LINK,8,1.0392063729956769e-05,13.612,7.072838574608577e-08
2025-04-21 02:00:00+00:00,risk_reduce,AVAX,10,-5.75739493218104e-06,20.005,5.758834280914085e-08
2025-04-21 08:00:00+00:00,risk_reduce,BNB,2,-4.572467626360807e-08,604.31,1.3815939556430496e-08
2025-04-21 08:00:00+00:00,risk_reduce,TRX,7,8.941695085740164e-05,0.24546,1.0974142378728904e-08
2025-04-21 08:00:00+00:00,risk_reduce,LINK,8,2.1450135604950127e-06,13.636,1.4624702455454995e-08
2025-04-21 08:00:00+00:00,risk_reduce,AVAX,10,-1.1883770657649534e-06,20.616,1.2249790793905138e-08
2025-04-21 08:05:00+00:00,risk_reduce,BNB,2,-7.370928147233582e-07,605.35,2.2309956769639248e-07
2025-04-21 08:05:00+00:00,risk_reduce,TRX,7,0.0014414228241101945,0.2454,1.7686258051832087e-07
2025-04-21 08:05:00+00:00,risk_reduce,LINK,8,3.4578136186437514e-05,13.682,2.3654902965141903e-07
2025-04-21 08:05:00+00:00,risk_reduce,AVAX,10,-1.915692505524355e-05,20.874,1.9994082680157693e-07
2025-04-22 14:40:00+00:00,risk_reduce,BNB,2,-6.440369470893251e-08,609.49,1.9626703944073636e-08
2025-04-22 14:40:00+00:00,risk_reduce,TRX,7,0.0001259447299664096,0.24606,1.5494980127767374e-08
2025-04-22 14:40:00+00:00,risk_reduce,LINK,8,3.0212745017604847e-06,13.66,2.063530484702411e-08
2025-04-22 14:40:00+00:00,risk_reduce,AVAX,10,-1.6738417851526466e-06,20.788,1.739791151487661e-08
2025-04-22 14:45:00+00:00,risk_reduce,BNB,2,-1.2861757325316361e-06,609.64,3.920520867902933e-07
2025-04-22 14:45:00+00:00,risk_reduce,TRX,7,0.0025151826468198246,0.24668,3.102226276587572e-07
2025-04-22 14:45:00+00:00,risk_reduce,LINK,8,6.033644440810865e-05,13.722,4.139683450840334e-07
2025-04-22 14:45:00+00:00,risk_reduce,AVAX,10,-3.3427502783660995e-05,20.913,3.495346828573512e-07
2025-04-22 14:55:00+00:00,risk_reduce,BNB,2,-7.50107713200763e-08,609.75,2.2868908906208265e-08
2025-04-22 14:55:00+00:00,risk_reduce,TRX,7,0.00014668741259604712,0.24641,1.8072622668895984e-08
2025-04-22 14:55:00+00:00,risk_reduce,LINK,8,3.5188684713062524e-06,13.73,2.4157032055517424e-08
2025-04-22 14:55:00+00:00,risk_reduce,AVAX,10,-1.9495180197271617e-06,21.205,2.0669764804157228e-08
2025-04-22 15:00:00+00:00,risk_reduce,BNB,2,-1.3258203171794642e-06,610.12,4.0445474595876735e-07
2025-04-22 15:00:00+00:00,risk_reduce,TRX,7,0.002592709666514259,0.2466,3.1968110188120817e-07
2025-04-22 15:00:00+00:00,risk_reduce,LINK,8,6.219623169625293e-05,13.813,4.295582742101709e-07
2025-04-22 15:00:00+00:00,risk_reduce,AVAX,10,-3.445785923507881e-05,21.348,3.6780318947523125e-07
2025-04-22 15:05:00+00:00,risk_reduce,BNB,2,-2.2609868431352803e-06,611.49,6.912854223543963e-07
2025-04-22 15:05:00+00:00,risk_reduce,TRX,7,0.004421475797361074,0.2467,5.453890396044885e-07
2025-04-22 15:05:00+00:00,risk_reduce,LINK,8,0.00010606630456303986,13.965,7.406079716114259e-07
2025-04-22 15:05:00+00:00,risk_reduce,AVAX,10,-5.876268855108634e-05,21.582,6.341081721547727e-07
2025-04-22 15:15:00+00:00,risk_reduce,BNB,2,-1.3076974809316595e-06,611.28,3.9968465807195243e-07
2025-04-22 15:15:00+00:00,risk_reduce,TRX,7,0.002557269530233719,0.24723,3.161168729798412e-07
2025-04-22 15:15:00+00:00,risk_reduce,LINK,8,6.134606210113011e-05,14.03,4.303426256394277e-07
2025-04-22 15:15:00+00:00,risk_reduce,AVAX,10,-3.3986849602570327e-05,21.905,3.722409702721515e-07
2025-04-22 21:50:00+00:00,risk_reduce,BNB,2,-1.2668348820736694e-06,613.94,3.8888030375015436e-07
2025-04-22 21:50:00+00:00,risk_reduce,TRX,7,0.00247736062124726,0.24629,3.050745737034939e-07
2025-04-22 21:50:00+00:00,risk_reduce,LINK,8,5.9429135928445315e-05,14.153,4.2055028039764327e-07
2025-04-22 21:50:00+00:00,risk_reduce,AVAX,10,-3.2924837155496114e-05,22.162,3.6484012052005244e-07
2025-04-22 23:45:00+00:00,risk_reduce,BNB,2,-3.5568870908558956e-07,617.08,1.0974419430126782e-07
2025-04-22 23:45:00+00:00,risk_reduce,TRX,7,0.0006955675232659386,0.24827,8.634427450061729e-08
2025-04-22 23:45:00+00:00,risk_reduce,LINK,8,1.668589406526172e-05,14.096,1.176021813719646e-07
2025-04-22 23:45:00+00:00,risk_reduce,AVAX,10,-9.244292993829117e-06,22.076,1.020385060658858e-07
2025-04-22 23:50:00+00:00,risk_reduce,BNB,2,-7.355948214952533e-07,618.38,2.2743856285811738e-07
2025-04-22 23:50:00+00:00,risk_reduce,TRX,7,0.0014384934214810574,0.24822,1.7853141854001403e-07
2025-04-22 23:50:00+00:00,risk_reduce,LINK,8,3.4507863063686084e-05,14.151,2.441603851071109e-07
2025-04-22 23:50:00+00:00,risk_reduce,AVAX,10,-1.911799244942898e-05,22.1,2.1125381656619024e-07
2025-04-23 01:30:00+00:00,risk_reduce,BNB,2,-5.267382265124057e-07,618.34,1.6285165749084049e-07
2025-04-23 01:30:00+00:00,risk_reduce,TRX,7,0.0010300636322323475,0.24701,1.272180088988561e-07
2025-04-23 01:30:00+00:00,risk_reduce,LINK,8,2.4710085035607732e-05,14.238,1.7591109536849143e-07
2025-04-23 01:30:00+00:00,risk_reduce,AVAX,10,-1.3689842754493683e-05,22.21,1.5202570378865236e-07
2025-04-23 02:20:00+00:00,risk_reduce,BNB,2,-4.2030293768844295e-07,613.51,1.289300276506183e-07
2025-04-23 02:20:00+00:00,risk_reduce,TRX,7,0.000821923963065796,0.24699,1.0150349981881047e-07
2025-04-23 02:20:00+00:00,risk_reduce,LINK,8,1.971704502967686e-05,14.273,1.4071069185428894e-07
2025-04-23 02:20:00+00:00,risk_reduce,AVAX,10,-1.0923606521408974e-05,22.309,1.2184736894305642e-07
2025-04-23 02:25:00+00:00,risk_reduce,BNB,2,-1.4388417163224373e-06,615.2,4.4258771194078176e-07
2025-04-23 02:25:00+00:00,risk_reduce,TRX,7,0.0028137288123849524,0.24732,3.479457049395232e-07
2025-04-23 02:25:00+00:00,risk_reduce,LINK,8,6.74982360754639e-05,14.363,4.84738582375944e-07
2025-04-23 02:25:00+00:00,risk_reduce,AVAX,10,-3.7395267428148166e-05,22.419,4.191822502358269e-07
2025-04-23 02:45:00+00:00,risk_reduce,BNB,2,-6.363681443328746e-08,615.56,1.9586138746277215e-08
2025-04-23 02:45:00+00:00,risk_reduce,TRX,7,0.00012444505623387947,0.24802,1.5432431423563392e-08
2025-04-23 02:45:00+00:00,risk_reduce,LINK,8,2.9852989908360494e-06,14.337,2.140011581580822e-08
2025-04-23 02:45:00+00:00,risk_reduce,AVAX,10,-1.6539106887248495e-06,22.462,1.8575070945068784e-08
2025-04-23 02:50:00+00:00,risk_reduce,BNB,2,-7.485887073070381e-07,615.98,2.3055783596349469e-07
2025-04-23 02:50:00+00:00,risk_reduce,TRX,7,0.0014639036319850085,0.24806,1.815679674751006e-07
2025-04-23 02:50:00+00:00,risk_reduce,LINK,8,3.511742585444663e-05,14.389,2.526523203098163e-07
2025-04-23 02:50:00+00:00,risk_reduce,AVAX,10,-1.9455701475620465e-05,22.562,2.194797683464745e-07
2025-04-23 04:40:00+00:00,risk_reduce,BNB,2,-4.79319486129887e-07,613.78,1.47098357098401e-07
2025-04-23 04:40:00+00:00,risk_reduce,TRX,7,0.0009373338520572982,0.24785,1.1615909761620069e-07
2025-04-23 04:40:00+00:00,risk_reduce,LINK,8,2.2485600371009024e-05,14.437,1.6231230627812864e-07
2025-04-23 04:40:00+00:00,risk_reduce,AVAX,10,-1.2457437231638488e-05,22.556,1.4049497709841889e-07
2025-04-23 04:45:00+00:00,risk_reduce,BNB,2,-2.791753135268811e-07,613.99,8.570542537618487e-08
2025-04-23 04:45:00+00:00,risk_reduce,TRX,7,0.0005459416518621696,0.24778,6.763671124920418e-08
2025-04-23 04:45:00+00:00,risk_reduce,LINK,8,1.3096535223515449e-05,14.46,9.46879496660167e-08
2025-04-23 04:45:00+00:00,risk_reduce,AVAX,10,-7.2557220090595925e-06,22.592,8.196063581433716e-08
2025-04-23 04:50:00+00:00,risk_reduce,BNB,2,-1.126604355502006e-06,614.19,3.459745645528886e-07
2025-04-23 04:50:00+00:00,risk_reduce,TRX,7,0.0022031326304164933,0.24759,2.727368039824098e-07
2025-04-23 04:50:00+00:00,risk_reduce,LINK,8,5.285071032391439e-05,14.552,3.845417683168011e-07
2025-04-23 04:50:00+00:00,risk_reduce,AVAX,10,-2.9280268066868634e-05,22.668,3.3186255826988907e-07
2025-04-23 04:55:00+00:00,risk_reduce,BNB,2,-1.2256624013158622e-06,616.48,3.7779817858160137e-07
2025-04-23 04:55:00+00:00,risk_reduce,TRX,7,0.0023968457223035866,0.24776,2.969212480789683e-07
2025-04-23 04:55:00+00:00,risk_reduce,LINK,8,5.7497672728234334e-05,14.636,4.2076796902521884e-07
2025-04-23 04:55:00+00:00,risk_reduce,AVAX,10,-3.1854770927116846e-05,22.705,3.61631286950094e-07
2025-04-23 05:00:00+00:00,risk_reduce,BNB,2,-9.443901625501728e-07,618.82,2.92203760194649e-07
2025-04-23 05:00:00+00:00,risk_reduce,TRX,7,0.0018468034255303412,0.24794,2.289482206629964e-07
2025-04-23 05:00:00+00:00,risk_reduce,LINK,8,4.430276757757742e-05,14.697,3.255588875438277e-07
2025-04-23 05:00:00+00:00,risk_reduce,AVAX,10,-2.4544550164515982e-05,22.786,2.7963606002433063e-07
2025-04-23 08:15:00+00:00,risk_reduce,BNB,2,-1.132223474278242e-06,615.07,3.481983461621592e-07
2025-04-23 08:15:00+00:00,risk_reduce,TRX,7,0.002214121105536093,0.2465,2.728904262573235e-07
2025-04-23 08:15:00+00:00,risk_reduce,LINK,8,5.311431166476685e-05,14.846,3.9426753548756434e-07
2025-04-23 08:15:00+00:00,risk_reduce,AVAX,10,-2.942630807041026e-05,22.906,3.370195063304087e-07
2025-04-23 08:20:00+00:00,risk_reduce,BNB,2,-1.283088210359733e-08,613.77,3.937605254362466e-09
2025-04-23 08:20:00+00:00,risk_reduce,TRX,7,2.509144838769295e-05,0.247,3.0987938758800794e-09
2025-04-23 08:20:00+00:00,risk_reduce,LINK,8,6.019160408397839e-07,14.828,4.462605526786158e-09
2025-04-23 08:20:00+00:00,risk_reduce,AVAX,10,-3.334725857343651e-07,22.893,3.81709395260841e-09
2025-04-23 08:50:00+00:00,risk_reduce,BNB,2,-4.6967531035072875e-08,615.24,1.4448151897009119e-08
2025-04-23 08:50:00+00:00,risk_reduce,TRX,7,9.184741714174383e-05,0.24614,1.1303661627634413e-08
2025-04-23 08:50:00+00:00,risk_reduce,LINK,8,2.2033177532465587e-06,14.866,1.6377260859881668e-08
2025-04-23 08:50:00+00:00,risk_reduce,AVAX,10,-1.2206786636579509e-06,22.889,1.3970056966233419e-08
2025-04-23 09:00:00+00:00,risk_reduce,BNB,2,-1.2147214301555563e-07,614.98,3.7351469255853206e-08
2025-04-23 09:00:00+00:00,risk_reduce,TRX,7,0.00023754500917483323,0.24638,2.9263169680247706e-08
2025-04-23 09:00:00+00:00,risk_reduce,LINK,8,5.698441526154341e-06,14.865,4.235366664314214e-08
2025-04-23 09:00:00+00:00,risk_reduce,AVAX,10,-3.15704168262973e-06,22.917,3.617496212041276e-08
2025-04-23 09:05:00+00:00,risk_reduce,BNB,2,-1.0401015342940511e-06,616.01,3.203564730702392e-07
2025-04-23 09:05:00+00:00,risk_reduce,TRX,7,0.0020339719245345833,0.24622,2.5040228362945257e-07
2025-04-23 09:05:00+00:00,risk_reduce,LINK,8,4.879273245126173e-05,14.951,3.647500714394071e-07
2025-04-23 09:05:00+00:00,risk_reduce,AVAX,10,-2.7032073497816958e-05,22.963,3.103687518651854e-07
2025-04-23 11:20:00+00:00,risk_reduce,BNB,2,-3.87290961650303e-07,612.13,1.1853620817749999e-07
2025-04-23 11:20:00+00:00,risk_reduce,TRX,7,0.0007573673498687539,0.24532,9.289867913490136e-08
2025-04-23 11:20:00+00:00,risk_reduce,LINK,8,1.8168403419786122e-05,15.026,1.3649921489285313e-07
2025-04-23 11:20:00+00:00,risk_reduce,AVAX,10,-1.0065630513155649e-05,22.873,1.151155833637046e-07
2025-04-23 11:25:00+00:00,risk_reduce,BNB,2,-9.497845669997266e-07,612.41,2.9082878333815127e-07
2025-04-23 11:25:00+00:00,risk_reduce,TRX,7,0.0018573524602527591,0.24525,2.277578454384946e-07
2025-04-23 11:25:00+00:00,risk_reduce,LINK,8,4.455582723027901e-05,15.102,3.364410514158368e-07
2025-04-23 11:25:00+00:00,risk_reduce,AVAX,10,-2.4684749878437634e-05,22.93,2.8301065735628746e-07
2025-04-23 11:30:00+00:00,risk_reduce,BNB,2,-5.5496925809202236e-08,612.84,1.700536800645575e-08
2025-04-23 11:30:00+00:00,risk_reduce,TRX,7,0.00010852708632003161,0.24535,1.3313560314309877e-08
2025-04-23 11:30:00+00:00,risk_reduce,LINK,8,2.603444532667948e-06,15.103,1.9659911388442007e-08
2025-04-23 11:30:00+00:00,risk_reduce,AVAX,10,-1.442356277645343e-06,22.887,1.6505604063234482e-08
2025-04-23 12:35:00+00:00,risk_reduce,BNB,2,-5.340169938869346e-07,610.99,1.631395215474891e-07
2025-04-23 12:35:00+00:00,risk_reduce,TRX,7,0.0010442976353530753,0.24597,1.2843294468389798e-07
2025-04-23 12:35:00+00:00,risk_reduce,LINK,8,2.5051542996555598e-05,15.125,1.894522939114517e-07
2025-04-23 12:35:00+00:00,risk_reduce,AVAX,10,-1.3879016761217042e-05,22.767,1.5799178730131418e-07
2025-04-23 12:50:00+00:00,risk_reduce,BNB,2,-2.8936809727607253e-07,610.36,8.830935592671182e-08
2025-04-23 12:50:00+00:00,risk_reduce,TRX,7,0.0005658741635401476,0.24614,6.964213330688597e-08
2025-04-23 12:50:00+00:00,risk_reduce,LINK,8,1.357469408974979e-05,15.142,1.0277400895349565e-07
2025-04-23 12:50:00+00:00,risk_reduce,AVAX,10,-7.520630838026357e-06,22.752,8.555469641338784e-08
2025-04-23 13:00:00+00:00,risk_reduce,BNB,2,-3.7858795862616467e-07,611.24,1.1570405191532845e-07
2025-04-23 13:00:00+00:00,risk_reduce,TRX,7,0.0007403481808485601,0.24627,9.116277324878745e-08
2025-04-23 13:00:00+00:00,risk_reduce,LINK,8,1.776013241539323e-05,15.165,1.3466620403971917e-07
2025-04-23 13:00:00+00:00,risk_reduce,AVAX,10,-9.839440848355419e-06,22.775,1.1204663266064732e-07
2025-04-23 13:15:00+00:00,risk_reduce,BNB,2,-3.768729322757916e-10,612.54,1.1542487296810668e-10
2025-04-23 13:15:00+00:00,risk_reduce,TRX,7,7.369943587631766e-07,0.24635,9.077928014065429e-11
2025-04-23 13:15:00+00:00,risk_reduce,LINK,8,1.7679677940390937e-08,15.157,1.3398543927125272e-10
2025-04-23 13:15:00+00:00,risk_reduce,AVAX,10,-9.794867585413702e-09,22.886,1.1208266977988899e-10
2025-04-23 13:20:00+00:00,risk_reduce,BNB,2,-5.613774010457414e-07,613.45,1.7218848333575503e-07
2025-04-23 13:20:00+00:00,risk_reduce,TRX,7,0.0010978023155885364,0.24654,1.353260914425989e-07
2025-04-23 13:20:00+00:00,risk_reduce,LINK,8,2.6335060982290992e-05,15.191,2.0002795569099126e-07
2025-04-23 13:20:00+00:00,risk_reduce,AVAX,10,-1.4590109392908016e-05,22.95,1.6742150528361949e-07
2025-04-23 13:25:00+00:00,risk_reduce,BNB,2,-5.071544630064727e-07,612.96,1.5543269982222378e-07
2025-04-23 13:25:00+00:00,risk_reduce,TRX,7,0.0009917665777291473,0.24641,1.221906012091196e-07
2025-04-23 13:25:00+00:00,risk_reduce,LINK,8,2.3791381138317524e-05,15.238,1.812665328928412e-07
2025-04-23 13:25:00+00:00,risk_reduce,AVAX,10,-1.3180863854838146e-05,22.934,1.5114496582342902e-07
2025-04-23 16:05:00+00:00,exit_scheduled,BNB,2,-0.000336787620017911,605.09,0.0001018934104983189
2025-04-23 16:05:00+00:00,exit_scheduled,TRX,7,0.6586054736590654,0.2443,8.044865860745484e-05
2025-04-23 16:05:00+00:00,exit_scheduled,LINK,8,0.01579921545600276,14.843,0.00011725387750672451
2025-04-23 16:05:00+00:00,exit_scheduled,AVAX,10,-0.008753056694275703,22.23,9.729022515687444e-05
2025-08-12 00:05:00+00:00,entry,BNB,2,0.0002562106297178046,805.23,0.00010315424268383391
2025-08-12 00:05:00+00:00,entry,LTC,11,-0.0016312625895549095,119.99,9.78675990603468e-05
2025-08-12 00:05:00+00:00,entry,UNI,17,-0.018808420221120295,11.084,0.00010423626486544868
2025-08-12 00:05:00+00:00,entry,NEAR,18,0.07620301982438321,2.597,9.89496212419616e-05
2025-08-12 00:20:00+00:00,risk_reduce,BNB,2,-6.952383455806235e-07,806.91,2.804973867162304e-07
2025-08-12 00:20:00+00:00,risk_reduce,LTC,11,4.426499810795698e-06,120.22,2.660769036269294e-07
2025-08-12 00:20:00+00:00,risk_reduce,UNI,17,5.1037441233095504e-05,11.121,2.8379369197662753e-07
2025-08-12 00:20:00+00:00,risk_reduce,NEAR,18,-0.0002067801070131381,2.613,2.701582098126649e-07
2025-08-12 00:25:00+00:00,risk_reduce,BNB,2,-1.0881221415565264e-07,807.32,4.392313836607075e-08
2025-08-12 00:25:00+00:00,risk_reduce,LTC,11,6.927944185386014e-07,120.08,4.1595376889057624e-08
2025-08-12 00:25:00+00:00,risk_reduce,UNI,17,7.987903746554254e-06,11.144,4.4508599675800307e-08
2025-08-12 00:25:00+00:00,risk_reduce,NEAR,18,-3.2363291568235364e-05,2.606,4.216936891341068e-08
2025-08-12 00:55:00+00:00,risk_reduce,BNB,2,-2.6574614500217333e-08,812.98,1.0802315048193343e-08
2025-08-12 00:55:00+00:00,risk_reduce,LTC,11,1.6919740806141913e-07,120.11,1.0161150341128526e-08
2025-08-12 00:55:00+00:00,risk_reduce,UNI,17,1.950842231975697e-06,11.138,1.0864240389872655e-08
2025-08-12 00:55:00+00:00,risk_reduce,NEAR,18,-7.903910457643382e-06,2.614,1.03304109681399e-08
2025-08-12 01:00:00+00:00,risk_reduce,BNB,2,-1.0772122387327633e-06,814.28,4.3857619087765726e-07
2025-08-12 01:00:00+00:00,risk_reduce,LTC,11,6.858482132419269e-06,120.23,4.1229765339038437e-07
2025-08-12 01:00:00+00:00,risk_reduce,UNI,17,7.907814158895216e-05,11.222,4.437074524556105e-07
2025-08-12 01:00:00+00:00,risk_reduce,NEAR,18,-0.00032038805600545506,2.618,4.193879653111407e-07
2025-08-12 01:30:00+00:00,risk_reduce,BNB,2,-4.251480846777906e-07,811.59,1.7252296702182404e-07
2025-08-12 01:30:00+00:00,risk_reduce,LTC,11,2.706867261205014e-06,121.09,1.638872783296576e-07
2025-08-12 01:30:00+00:00,risk_reduce,UNI,17,3.121011740079768e-05,11.186,1.7455818662266144e-07
2025-08-12 01:30:00+00:00,risk_reduce,NEAR,18,-0.00012644896100011405,2.625,1.659642613126497e-07
2025-08-12 01:50:00+00:00,risk_reduce,BNB,2,-8.321180390054176e-08,811.46,3.376152519656681e-08
2025-08-12 01:50:00+00:00,risk_reduce,LTC,11,5.297996529722918e-07,120.88,3.202109102564531e-08
2025-08-12 01:50:00+00:00,risk_reduce,UNI,17,6.108577840203966e-06,11.212,3.424468737218343e-08
2025-08-12 01:50:00+00:00,risk_reduce,NEAR,18,-2.4749132185655776e-05,2.624,3.247086142758038e-08
2025-08-12 02:00:00+00:00,risk_reduce,BNB,2,-1.1752705922964688e-07,810.2,4.7610211693929954e-08
2025-08-12 02:00:00+00:00,risk_reduce,LTC,11,7.482808000312986e-07,121.13,4.53196266538956e-08
2025-08-12 02:00:00+00:00,risk_reduce,UNI,17,8.627660451787644e-06,11.202,4.83235261904626e-08
2025-08-12 02:00:00+00:00,risk_reduce,NEAR,18,-3.4955289849772364e-05,2.623,4.584386263797646e-08
2025-08-12 02:10:00+00:00,risk_reduce,BNB,2,-5.598712604382725e-08,812.91,2.2756247316143806e-08
2025-08-12 02:10:00+00:00,risk_reduce,LTC,11,3.56463368879692e-07,120.81,2.1532169797177797e-08
2025-08-12 02:10:00+00:00,risk_reduce,UNI,17,4.110014462575112e-06,11.232,2.3081841221821832e-08
2025-08-12 02:10:00+00:00,risk_reduce,NEAR,18,-1.6651877716891694e-05,2.627,2.187224138113724e-08
2025-08-12 02:15:00+00:00,risk_reduce,BNB,2,-2.319735578664361e-07,812.63,9.425433616450099e-08
2025-08-12 02:15:00+00:00,risk_reduce,LTC,11,1.4769480373639284e-06,120.75,8.917073775584717e-08
2025-08-12 02:15:00+00:00,risk_reduce,UNI,17,1.702917697577952e-05,11.26,9.58742663736387e-08
2025-08-12 02:15:00+00:00,risk_reduce,NEAR,18,-6.899434909589386e-05,2.619,9.034810014107302e-08
2025-08-12 02:20:00+00:00,risk_reduce,BNB,2,-1.209691640270726e-07,812.97,4.9172150639544604e-08
2025-08-12 02:20:00+00:00,risk_reduce,LTC,11,7.701962716551592e-07,120.7,4.648134499438886e-08
2025-08-12 02:20:00+00:00,risk_reduce,UNI,17,8.880345336664819e-06,11.275,5.006294683544792e-08
2025-08-12 02:20:00+00:00,risk_reduce,NEAR,18,-3.5979052136300704e-05,2.619,4.711456877248578e-08
2025-08-12 02:25:00+00:00,risk_reduce,BNB,2,-7.23729679340875e-07,813.05,2.942142078940492e-07
2025-08-12 02:25:00+00:00,risk_reduce,LTC,11,4.607900742290222e-06,120.86,2.784554418565981e-07
2025-08-12 02:25:00+00:00,risk_reduce,UNI,17,5.312898981019165e-05,11.325,3.0084290480021017e-07
2025-08-12 02:25:00+00:00,risk_reduce,NEAR,18,-0.00021525409450440236,2.626,2.826286260842803e-07
2025-08-12 02:30:00+00:00,risk_reduce,BNB,2,-6.038410745988097e-07,813.76,2.456908564327637e-07
2025-08-12 02:30:00+00:00,risk_reduce,LTC,11,3.84458426301278e-06,120.72,2.320591061154514e-07
2025-08-12 02:30:00+00:00,risk_reduce,UNI,17,4.43279683217529e-05,11.39,2.5244777959238277e-07
2025-08-12 02:30:00+00:00,risk_reduce,NEAR,18,-0.0001795964259137528,2.633,2.3643869471545558e-07
2025-08-12 02:35:00+00:00,risk_reduce,BNB,2,-2.312270326291924e-06,813.87,9.409437252296041e-07
2025-08-12 02:35:00+00:00,risk_reduce,LTC,11,1.4721950000171286e-05,121.43,8.938431942603997e-07
2025-08-12 02:35:00+00:00,risk_reduce,UNI,17,0.00016974374564250605,11.538,9.792516686116174e-07
2025-08-12 02:35:00+00:00,risk_reduce,NEAR,18,-0.0006877231507054493,2.643,9.088261436572512e-07
2025-08-12 15:35:00+00:00,risk_reduce,BNB,2,-3.012684569570455e-07,818.69,1.2332273651308178e-07
2025-08-12 15:35:00+00:00,risk_reduce,LTC,11,1.9181404135662494e-06,123.71,1.1864657528114036e-07
2025-08-12 15:35:00+00:00,risk_reduce,UNI,17,2.2116114948306925e-05,11.348,1.254868362166935e-07
2025-08-12 15:35:00+00:00,risk_reduce,NEAR,18,-8.960426904709717e-05,2.723,1.2199621230762278e-07
2025-08-12 15:55:00+00:00,risk_reduce,BNB,2,-4.673845716327116e-07,818.14,1.9119300671779333e-07
2025-08-12 15:55:00+00:00,risk_reduce,LTC,11,2.9757819473741516e-06,124.54,1.8530194186298843e-07
2025-08-12 15:55:00+00:00,risk_reduce,UNI,17,3.4310697560904074e-05,11.318,1.9416423749715615e-07
2025-08-12 15:55:00+00:00,risk_reduce,NEAR,18,-0.00013901107778770128,2.733,1.899586377968938e-07
2025-08-12 16:00:00+00:00,risk_reduce,BNB,2,-2.8756678755966804e-07,821.15,1.180677338023107e-07
2025-08-12 16:00:00+00:00,risk_reduce,LTC,11,1.8309035150539804e-06,124.39,1.1387304411878232e-07
2025-08-12 16:00:00+00:00,risk_reduce,UNI,17,2.111027551049069e-05,11.354,1.1984303407305565e-07
2025-08-12 16:00:00+00:00,risk_reduce,NEAR,18,-8.55290728467295e-05,2.746,1.1743141701855961e-07
2025-08-12 16:25:00+00:00,risk_reduce,BNB,2,-1.8698113159475215e-07,825.2,7.714841489599475e-08
2025-08-12 16:25:00+00:00,risk_reduce,LTC,11,1.1904866135301582e-06,124.72,7.423874521974067e-08
2025-08-12 16:25:00+00:00,risk_reduce,UNI,17,1.3726283333084788e-05,11.342,7.784175278192383e-08
2025-08-12 16:25:00+00:00,risk_reduce,NEAR,18,-5.561255164703016e-05,2.737,7.610577692896077e-08
2025-08-12 17:05:00+00:00,risk_reduce,BNB,2,-1.4035851363521047e-07,830.23,5.82649243876804e-08
2025-08-12 17:05:00+00:00,risk_reduce,LTC,11,8.936459532178555e-07,125.11,5.590202260354296e-08
2025-08-12 17:05:00+00:00,risk_reduce,UNI,17,1.0303717331988649e-05,11.314,5.828812894705978e-08
2025-08-12 17:05:00+00:00,risk_reduce,NEAR,18,-4.1745897150516353e-05,2.755,5.7504973324836274e-08
2025-08-12 17:10:00+00:00,risk_reduce,BNB,2,-1.3094279578885386e-07,829.14,5.4284954850185145e-08
2025-08-12 17:10:00+00:00,risk_reduce,LTC,11,8.33697198189369e-07,125.07,5.213525428877219e-08
2025-08-12 17:10:00+00:00,risk_reduce,UNI,17,9.612509562301197e-06,11.33,5.445486667043628e-08
2025-08-12 17:10:00+00:00,risk_reduce,NEAR,18,-3.894544295195146e-05,2.758,5.370576583074106e-08
2025-08-12 17:20:00+00:00,risk_reduce,BNB,2,-8.993036108783607e-07,828.57,3.725679964327417e-07
2025-08-12 17:20:00+00:00,risk_reduce,LTC,11,5.725759070547998e-06,125.14,3.5826074504418826e-07
2025-08-12 17:20:00+00:00,risk_reduce,UNI,17,6.601787068085882e-05,11.409,3.7659894329895917e-07
2025-08-12 17:20:00+00:00,risk_reduce,NEAR,18,-0.00026747387867312455,2.761,3.692476895082485e-07
2025-08-12 17:50:00+00:00,risk_reduce,BNB,2,-2.985936166300025e-07,826.6,1.2340874175318003e-07
2025-08-12 17:50:00+00:00,risk_reduce,LTC,11,1.9011100235179733e-06,125.37,1.1917108182422415e-07
2025-08-12 17:50:00+00:00,risk_reduce,UNI,17,2.19197549418855e-05,11.421,1.2517276059563715e-07
2025-08-12 17:50:00+00:00,risk_reduce,NEAR,18,-8.880870911777416e-05,2.751,1.2215637939149836e-07
2025-08-12 18:15:00+00:00,risk_reduce,BNB,2,-2.394055158882525e-07,829.49,9.92922406870733e-08
2025-08-12 18:15:00+00:00,risk_reduce,LTC,11,1.5242664296627635e-06,125.23,9.544194249333395e-08
2025-08-12 18:15:00+00:00,risk_reduce,UNI,17,1.757475695305863e-05,11.452,1.0063305831321371e-07
2025-08-12 18:15:00+00:00,risk_reduce,NEAR,18,-7.120478683259046e-05,2.76,9.826260582897482e-08
2025-08-12 18:20:00+00:00,risk_reduce,BNB,2,-4.747213562238681e-07,831.01,1.9724909711779833e-07
2025-08-12 18:20:00+00:00,risk_reduce,LTC,11,3.0224943817658712e-06,125.47,1.8961618504008192e-07
2025-08-12 18:20:00+00:00,risk_reduce,UNI,17,3.484929085742147e-05,11.473,1.9991295700359828e-07
2025-08-12 18:20:00+00:00,risk_reduce,NEAR,18,-0.00014119320872529872,2.772,1.95693787293264e-07
2025-08-12 18:45:00+00:00,risk_reduce,BNB,2,-2.6371263733924316e-10,829.59,1.0938668340513138e-10
2025-08-12 18:45:00+00:00,risk_reduce,LTC,11,1.6790269790831203e-09,126.35,1.0607252940357612e-10
2025-08-12 18:45:00+00:00,risk_reduce,UNI,17,1.9359142539032703e-08,11.399,1.1033743290121689e-10
2025-08-12 18:45:00+00:00,risk_reduce,NEAR,18,-7.843429193632456e-08,2.766,1.0847462574793687e-10
2025-08-12 19:05:00+00:00,risk_reduce,BNB,2,-2.3211429253498393e-07,829.16,9.622994339915362e-08
2025-08-12 19:05:00+00:00,risk_reduce,LTC,11,1.4778440782505994e-06,127.1,9.39169911728256e-08
2025-08-12 19:05:00+00:00,risk_reduce,UNI,17,1.7039508306639778e-05,11.358,9.676736767340732e-08
2025-08-12 19:05:00+00:00,risk_reduce,NEAR,18,-6.903620687029322e-05,2.759,9.523544737756949e-08
2025-08-12 19:20:00+00:00,risk_reduce,BNB,2,-6.95055856702936e-07,830.5,2.886219444958942e-07
2025-08-12 19:20:00+00:00,risk_reduce,LTC,11,4.4253379258281204e-06,127.78,2.8273484008115865e-07
2025-08-12 19:20:00+00:00,risk_reduce,UNI,17,5.1024044726084156e-05,11.363,2.898931101112471e-07
2025-08-12 19:20:00+00:00,risk_reduce,NEAR,18,-0.0002067258305626235,2.768,2.861085494986709e-07
2025-08-12 19:25:00+00:00,risk_reduce,BNB,2,-1.7182194702794603e-07,831.39,7.142552426978202e-08
2025-08-12 19:25:00+00:00,risk_reduce,LTC,11,1.093969889383187e-06,127.8,6.990467593158564e-08
2025-08-12 19:25:00+00:00,risk_reduce,UNI,17,1.261344771866929e-05,11.377,7.175159734765026e-08
2025-08-12 19:25:00+00:00,risk_reduce,NEAR,18,-5.1103856424913885e-05,2.769,7.075328922029329e-08
2025-08-12 19:30:00+00:00,risk_reduce,BNB,2,-6.490988869442332e-08,831.0,2.697005875253289e-08
2025-08-12 19:30:00+00:00,risk_reduce,LTC,11,4.1327353683955244e-07,128.06,2.6461904563836545e-08
2025-08-12 19:30:00+00:00,risk_reduce,UNI,17,4.7650343953931085e-06,11.361,2.7067777883030557e-08
2025-08-12 19:30:00+00:00,risk_reduce,NEAR,18,-1.9305715537348833e-05,2.769,2.6728763161459463e-08
2025-08-12 19:35:00+00:00,risk_reduce,BNB,2,-7.263763751020843e-07,831.6,3.020272967674467e-07
2025-08-12 19:35:00+00:00,risk_reduce,LTC,11,4.624751939236952e-06,128.15,2.9633098050660767e-07
2025-08-12 19:35:00+00:00,risk_reduce,UNI,17,5.332328372426032e-05,11.421,3.0450261170738856e-07
2025-08-12 19:35:00+00:00,risk_reduce,NEAR,18,-0.0002160412835831016,2.779,3.001893635387197e-07
2025-08-12 19:50:00+00:00,risk_reduce,BNB,2,-2.687529754778588e-07,832.12,1.1181736297731792e-07
2025-08-12 19:50:00+00:00,risk_reduce,LTC,11,1.7111182124313236e-06,128.22,1.0969978859897216e-07
2025-08-12 19:50:00+00:00,risk_reduce,UNI,17,1.9729153720247916e-05,11.439,1.1284089470295796e-07
2025-08-12 19:50:00+00:00,risk_reduce,NEAR,18,-7.993340612276467e-05,2.787,1.1138720143207257e-07
2025-08-12 19:55:00+00:00,risk_reduce,BNB,2,-2.549412291378574e-07,831.58,1.0600201366322974e-07
2025-08-12 19:55:00+00:00,risk_reduce,LTC,11,1.6231804671250436e-06,128.52,1.0430557681745532e-07
2025-08-12 19:55:00+00:00,risk_reduce,UNI,17,1.871523353498203e-05,11.438,1.0703242058656223e-07
2025-08-12 19:55:00+00:00,risk_reduce,NEAR,18,-7.582547047108035e-05,2.788,1.0570070583668599e-07
2025-08-12 20:00:00+00:00,risk_reduce,BNB,2,-1.5462526806506562e-07,832.34,6.435039781063836e-08
2025-08-12 20:00:00+00:00,risk_reduce,LTC,11,9.844806808845166e-07,128.86,6.343009026938941e-08
2025-08-12 20:00:00+00:00,risk_reduce,UNI,17,1.1351039657388207e-05,11.422,6.482578748334406e-08
2025-08-12 20:00:00+00:00,risk_reduce,NEAR,18,-4.5989162825485486e-05,2.793,6.42238658857905e-08
2025-08-12 20:05:00+00:00,risk_reduce,BNB,2,-9.746899001892174e-08,832.32,4.0562694886274474e-08
2025-08-12 20:05:00+00:00,risk_reduce,LTC,11,6.205734603388982e-07,128.97,4.001767958995385e-08
2025-08-12 20:05:00+00:00,risk_reduce,UNI,17,7.1551977559383695e-06,11.422,4.086333438416403e-08
2025-08-12 20:05:00+00:00,risk_reduce,NEAR,18,-2.898955202153275e-05,2.793,4.048390939807049e-08
2025-08-12 20:10:00+00:00,risk_reduce,BNB,2,-6.305269767482348e-07,832.84,2.6256404365749995e-07
2025-08-12 20:10:00+00:00,risk_reduce,LTC,11,4.014490226293254e-06,129.36,2.596572278366477e-07
2025-08-12 20:10:00+00:00,risk_reduce,UNI,17,4.628698017914226e-05,11.451,2.6501610501567904e-07
2025-08-12 20:10:00+00:00,risk_reduce,NEAR,18,-0.00018753343591511318,2.786,2.6123407622975264e-07
2025-08-12 20:15:00+00:00,risk_reduce,BNB,2,-7.875706922304021e-07,832.34,3.277632949855265e-07
2025-08-12 20:15:00+00:00,risk_reduce,LTC,11,5.014368874079736e-06,129.88,3.25633114682738e-07
2025-08-12 20:15:00+00:00,risk_reduce,UNI,17,5.781555804153585e-05,11.482,3.3191911871645726e-07
2025-08-12 20:15:00+00:00,risk_reduce,NEAR,18,-0.0002342419014357,2.794,3.272359363056729e-07
2025-08-12 20:20:00+00:00,risk_reduce,BNB,2,-1.7317706123882602e-06,838.02,7.256292042968049e-07
2025-08-12 20:20:00+00:00,risk_reduce,LTC,11,1.1025977403010317e-05,130.79,7.210437922698596e-07
2025-08-12 20:20:00+00:00,risk_reduce,UNI,17,0.00012712926641748196,11.567,7.352521123255069e-07
2025-08-12 20:20:00+00:00,risk_reduce,NEAR,18,-0.0005150689901213534,2.813,7.244445346056836e-07
2025-08-12 21:20:00+00:00,risk_reduce,BNB,2,-3.87745804780802e-07,836.37,1.621494793722597e-07
2025-08-12 21:20:00+00:00,risk_reduce,LTC,11,2.468731396087836e-06,131.06,1.617759683856359e-07
2025-08-12 21:20:00+00:00,risk_reduce,UNI,17,2.846441634106467e-05,11.584,1.6486589944744655e-07
2025-08-12 21:20:00+00:00,risk_reduce,NEAR,18,-0.000115324650195342,2.811,1.6208879584955318e-07
2025-08-12 22:50:00+00:00,risk_reduce,BNB,2,-9.265092722600485e-09,835.66,3.8712336922841614e-09
2025-08-12 22:50:00+00:00,risk_reduce,LTC,11,5.898974279015812e-08,131.83,3.888308896013273e-09
2025-08-12 22:50:00+00:00,risk_reduce,UNI,17,6.801503805928255e-07,11.521,3.918006267404972e-09
2025-08-12 22:50:00+00:00,risk_reduce,NEAR,18,-2.7556547719798097e-06,2.8,3.857916680771734e-09
2025-08-12 23:40:00+00:00,risk_reduce,BNB,2,-7.238153183579659e-08,835.67,3.024353735461007e-08
2025-08-12 23:40:00+00:00,risk_reduce,LTC,11,4.6084459957200855e-07,131.14,3.02175803939366e-08
2025-08-12 23:40:00+00:00,risk_reduce,UNI,17,5.313527656973516e-06,11.59,3.079189277216152e-08
2025-08-12 23:40:00+00:00,risk_reduce,NEAR,18,-2.1527956554634464e-05,2.791,3.00422633719924e-08
2025-08-13 00:10:00+00:00,risk_reduce,BNB,2,-1.9196178661749644e-08,834.57,8.010277412868202e-09
2025-08-13 00:10:00+00:00,risk_reduce,LTC,11,1.2221978513472266e-07,130.86,7.996840541364904e-09
2025-08-13 00:10:00+00:00,risk_reduce,UNI,17,1.4091913177367854e-06,11.614,8.183173982097514e-09
2025-08-13 00:10:00+00:00,risk_reduce,NEAR,18,-5.709391467184632e-06,2.804,8.004566836992854e-09
2025-08-13 00:15:00+00:00,risk_reduce,BNB,2,-5.668376620781505e-07,834.68,2.365640298916953e-07
2025-08-13 00:15:00+00:00,risk_reduce,LTC,11,3.608987939014447e-06,131.24,2.3682178855812806e-07
2025-08-13 00:15:00+00:00,risk_reduce,UNI,17,4.161154811284026e-05,11.637,2.421167926945611e-07
2025-08-13 00:15:00+00:00,risk_reduce,NEAR,18,-0.0001685907475740822,2.808,2.367014095940114e-07
2025-08-13 00:20:00+00:00,risk_reduce,BNB,2,-3.051978849979975e-07,834.51,1.2734534350483948e-07
2025-08-13 00:20:00+00:00,risk_reduce,LTC,11,1.943158614288714e-06,131.22,1.2749063668348255e-07
2025-08-13 00:20:00+00:00,risk_reduce,UNI,17,2.240457422848438e-05,11.67,1.3073069062320637e-07
2025-08-13 00:20:00+00:00,risk_reduce,NEAR,18,-9.077297263769546e-05,2.806,1.2735448061068673e-07
2025-08-13 00:35:00+00:00,risk_reduce,BNB,2,-5.939556572991849e-07,835.28,2.4805964071443156e-07
2025-08-13 00:35:00+00:00,risk_reduce,LTC,11,3.7816449874612367e-06,130.87,2.4745193975452605e-07
2025-08-13 00:35:00+00:00,risk_reduce,UNI,17,4.360227991906038e-05,11.761,2.5640320706403456e-07
2025-08-13 00:35:00+00:00,risk_reduce,NEAR,18,-0.00017665627213760138,2.8,2.473187809926419e-07
2025-08-13 04:35:00+00:00,risk_reduce,BNB,2,-4.289836192754022e-07,839.69,1.8010662763468124e-07
2025-08-13 04:35:00+00:00,risk_reduce,LTC,11,2.7312876535474234e-06,133.39,1.8216323005334537e-07
2025-08-13 04:35:00+00:00,risk_reduce,UNI,17,3.1491683964070954e-05,11.575,1.8225812094206065e-07
2025-08-13 04:35:00+00:00,risk_reduce,NEAR,18,-0.00012758973848971122,2.837,1.809860440476554e-07
2025-08-13 05:20:00+00:00,risk_reduce,BNB,2,-4.5539590643183274e-07,838.72,1.909748273212534e-07
2025-08-13 05:20:00+00:00,risk_reduce,LTC,11,2.8994515427283388e-06,133.62,1.9371235756968033e-07
2025-08-13 05:20:00+00:00,risk_reduce,UNI,17,3.343060974707324e-05,11.603,1.939476824476454e-07
2025-08-13 05:20:00+00:00,risk_reduce,NEAR,18,-0.00013544536900748916,2.833,1.918583651991084e-07
2025-08-13 08:00:00+00:00,risk_reduce,BNB,2,-2.1853441469301717e-06,847.31,9.258319745677018e-07
2025-08-13 08:00:00+00:00,risk_reduce,LTC,11,1.391382612078349e-05,131.66,9.159471735311771e-07
2025-08-13 08:00:00+00:00,risk_reduce,UNI,17,0.00016042609585909667,11.988,9.615940185794255e-07
2025-08-13 08:00:00+00:00,risk_reduce,NEAR,18,-0.0006499723432046439,2.852,9.268605614098222e-07
2025-08-13 08:05:00+00:00,risk_reduce,BNB,2,-7.146417797314298e-07,846.03,3.023041924530908e-07
2025-08-13 08:05:00+00:00,risk_reduce,LTC,11,4.550039166965111e-06,131.69,2.995973289488177e-07
2025-08-13 08:05:00+00:00,risk_reduce,UNI,17,5.246184717457719e-05,12.058,3.162924766155259e-07
2025-08-13 08:05:00+00:00,risk_reduce,NEAR,18,-0.0002125511410989711,2.865,3.0447950962427615e-07
2025-08-13 09:25:00+00:00,risk_reduce,BNB,2,-7.241210741718083e-07,856.44,3.1008312638185176e-07
2025-08-13 09:25:00+00:00,risk_reduce,LTC,11,4.610392706601773e-06,132.21,3.047700098699102e-07
2025-08-13 09:25:00+00:00,risk_reduce,UNI,17,5.315772210151212e-05,12.074,3.209131683268287e-07
2025-08-13 09:25:00+00:00,risk_reduce,NEAR,18,-0.00021537050446011896,2.901,3.1239491671940255e-07
2025-08-13 09:30:00+00:00,risk_reduce,BNB,2,-3.8166880192934665e-07,856.9,1.6352599818662857e-07
2025-08-13 09:30:00+00:00,risk_reduce,LTC,11,2.4300398421147305e-06,132.55,1.6105089053615378e-07
2025-08-13 09:30:00+00:00,risk_reduce,UNI,17,2.8018303611702933e-05,12.086,1.6931460872552084e-07
2025-08-13 09:30:00+00:00,risk_reduce,NEAR,18,-0.00011351720774351037,2.894,1.6425939960485954e-07
2025-08-13 09:40:00+00:00,risk_reduce,BNB,2,-2.733902267617542e-07,857.98,1.1728167337852494e-07
2025-08-13 09:40:00+00:00,risk_reduce,LTC,11,1.7406430395084348e-06,132.33,1.151696467090756e-07
2025-08-13 09:40:00+00:00,risk_reduce,UNI,17,2.0069574298873377e-05,12.132,1.217420376969659e-07
2025-08-13 09:40:00+00:00,risk_reduce,NEAR,18,-8.131263286252632e-05,2.9,1.1790331765066316e-07
2025-08-13 10:10:00+00:00,risk_reduce,BNB,2,-8.264145025244215e-08,850.71,3.515195407212753e-08
2025-08-13 10:10:00+00:00,risk_reduce,LTC,11,5.261682791688534e-07,133.4,3.509542422056252e-08
2025-08-13 10:10:00+00:00,risk_reduce,UNI,17,6.066708183587177e-06,12.047,3.654281674383737e-08
2025-08-13 10:10:00+00:00,risk_reduce,NEAR,18,-2.457949570179585e-05,2.929,3.599667145528002e-08
2025-08-13 10:15:00+00:00,risk_reduce,BNB,2,-6.778191712734916e-07,852.04,2.8876452334593286e-07
2025-08-13 10:15:00+00:00,risk_reduce,LTC,11,4.315594000918075e-06,133.79,2.8869166069141464e-07
2025-08-13 10:15:00+00:00,risk_reduce,UNI,17,4.9758699790423966e-05,12.086,3.00691822833532e-07
2025-08-13 10:15:00+00:00,risk_reduce,NEAR,18,-0.00020159923810651736,2.921,2.944356872545686e-07
2025-08-13 10:20:00+00:00,risk_reduce,BNB,2,-3.547760824460465e-07,851.67,1.510760730684122e-07
2025-08-13 10:20:00+00:00,risk_reduce,LTC,11,2.2588170974816805e-06,134.07,1.5141980412968444e-07
2025-08-13 10:20:00+00:00,risk_reduce,UNI,17,2.60441092955338e-05,12.099,1.5755383918333174e-07
2025-08-13 10:20:00+00:00,risk_reduce,NEAR,18,-0.00010551868544107779,2.925,1.5432107745757626e-07
2025-08-13 11:05:00+00:00,risk_reduce,BNB,2,-1.2000922830675016e-07,853.8,5.123193956415164e-08
2025-08-13 11:05:00+00:00,risk_reduce,LTC,11,7.640844751591758e-07,132.74,5.07122866163145e-08
2025-08-13 11:05:00+00:00,risk_reduce,UNI,17,8.809876463330979e-06,12.228,5.3863584696805604e-08
2025-08-13 11:05:00+00:00,risk_reduce,NEAR,18,-3.5693544853471204e-05,2.914,5.200549485150755e-08
2025-08-13 11:10:00+00:00,risk_reduce,BNB,2,-2.8482331141841625e-07,854.37,1.2167224628827615e-07
2025-08-13 11:10:00+00:00,risk_reduce,LTC,11,1.8134361289450559e-06,132.94,1.2053909949097786e-07
2025-08-13 11:10:00+00:00,risk_reduce,UNI,17,2.0908876949519983e-05,12.242,1.2798323580801183e-07
2025-08-13 11:10:00+00:00,risk_reduce,NEAR,18,-8.471309902469137e-05,2.908,1.2317284598190127e-07
2025-08-19 08:05:00+00:00,exit_scheduled,BNB,2,-0.0002317472146439982,837.8,9.707890821437084e-05
2025-08-19 08:05:00+00:00,exit_scheduled,LTC,11,0.0014755069370021346,114.85,8.473098585734758e-05
2025-08-19 08:05:00+00:00,exit_scheduled,UNI,17,0.0170125611216808,10.297,8.75891709349736e-05
2025-08-19 08:05:00+00:00,exit_scheduled,NEAR,18,-0.0689270293399344,2.507,8.640003127760777e-05
2025-10-25 00:05:00+00:00,entry,SOL,3,0.0010025900608150915,193.29,9.689531642747451e-05
2025-10-25 00:05:00+00:00,entry,DOT,13,0.07161963592020883,3.075,0.00011011519022732108
2025-10-25 00:05:00+00:00,entry,UNI,17,-0.029679141588344383,6.255,9.282151531754705e-05
2025-10-25 00:05:00+00:00,entry,AAVE,19,-0.0009993348036340835,228.53,0.00011418899133724855
2025-10-25 01:30:00+00:00,risk_reduce,SOL,3,-7.680069826973557e-07,193.81,7.442371665828725e-08
2025-10-25 01:30:00+00:00,risk_reduce,DOT,13,-5.486228383337621e-05,3.073,8.429589910998255e-08
2025-10-25 01:30:00+00:00,risk_reduce,UNI,17,2.2734903198404904e-05,6.274,7.131939133339619e-08
2025-10-25 01:30:00+00:00,risk_reduce,AAVE,19,7.655133810319237e-07,228.28,8.737569731098378e-08
2025-10-26 09:25:00+00:00,risk_reduce,SOL,3,-5.038849796527162e-06,195.26,4.919429056349468e-07
2025-10-26 09:25:00+00:00,risk_reduce,DOT,13,-0.00035994829989687005,3.127,5.627791668887563e-07
2025-10-26 09:25:00+00:00,risk_reduce,UNI,17,0.00014916239687430208,6.295,4.694886441618658e-07
2025-10-26 09:25:00+00:00,risk_reduce,AAVE,19,5.02248941891591e-06,229.62,5.766320101857357e-07
2025-10-26 09:30:00+00:00,risk_reduce,SOL,3,-5.4784360016618076e-06,196.04,5.369962968828903e-07
2025-10-26 09:30:00+00:00,risk_reduce,DOT,13,-0.00039134997162469654,3.14,6.144194554507736e-07
2025-10-26 09:30:00+00:00,risk_reduce,UNI,17,0.00016217523405709366,6.327,5.130413529396158e-07
2025-10-26 09:30:00+00:00,risk_reduce,AAVE,19,5.4606483546142375e-06,231.01,6.307321881997175e-07
2025-10-26 11:20:00+00:00,risk_reduce,SOL,3,-2.000733099389836e-06,195.15,1.9522153217296325e-07
2025-10-26 11:20:00+00:00,risk_reduce,DOT,13,-0.00014292160051468383,3.105,2.2188578479904664e-07
2025-10-26 11:20:00+00:00,risk_reduce,UNI,17,5.922664033693181e-05,6.33,1.874523166663892e-07
2025-10-26 11:20:00+00:00,risk_reduce,AAVE,19,1.9942370238315056e-06,231.99,2.3132152357933552e-07
2025-10-26 11:25:00+00:00,risk_reduce,SOL,3,-1.242995191073036e-06,195.54,1.2152763983121073e-07
2025-10-26 11:25:00+00:00,risk_reduce,DOT,13,-8.87928840655472e-05,3.11,1.3807293472192588e-07
2025-10-26 11:25:00+00:00,risk_reduce,UNI,17,3.679572709857151e-05,6.345,1.1673444422021812e-07
2025-10-26 11:25:00+00:00,risk_reduce,AAVE,19,1.238959375060274e-06,232.06,1.437564562882436e-07
2025-10-26 11:30:00+00:00,risk_reduce,SOL,3,-1.6339170106152451e-06,195.88,1.6002583201965713e-07
2025-10-26 11:30:00+00:00,risk_reduce,DOT,13,-0.00011671823409954707,3.114,1.8173029049299477e-07
2025-10-26 11:30:00+00:00,risk_reduce,UNI,17,4.8367978296361136e-05,6.35,1.5356833109094661e-07
2025-10-26 11:30:00+00:00,risk_reduce,AAVE,19,1.6286119310119848e-06,232.61,1.8941571063634892e-07
2025-10-26 11:35:00+00:00,risk_reduce,SOL,3,-2.6156573496793293e-06,196.25,2.566613774372842e-07
2025-10-26 11:35:00+00:00,risk_reduce,DOT,13,-0.00018684847815443606,3.117,2.912033532036886e-07
2025-10-26 11:35:00+00:00,risk_reduce,UNI,17,7.742991663473725e-05,6.368,2.465368545650034e-07
2025-10-26 11:35:00+00:00,risk_reduce,AAVE,19,2.6071647087652465e-06,233.22,3.040214766891154e-07
2025-10-26 11:40:00+00:00,risk_reduce,SOL,3,-2.0365769702079036e-06,196.4,1.9999185847441616e-07
2025-10-26 11:40:00+00:00,risk_reduce,DOT,13,-0.00014548209365967957,3.126,2.2738851239007916e-07
2025-10-26 11:40:00+00:00,risk_reduce,UNI,17,6.0287707425724785e-05,6.376,1.9219721127321062e-07
2025-10-26 11:40:00+00:00,risk_reduce,AAVE,19,2.0299645150619657e-06,233.86,2.3736375074619566e-07
2025-10-26 11:45:00+00:00,risk_reduce,SOL,3,-6.297848162854021e-06,197.08,6.205899579676353e-07
2025-10-26 11:45:00+00:00,risk_reduce,DOT,13,-0.0004498843646401768,3.14,7.063184524850776e-07
2025-10-26 11:45:00+00:00,risk_reduce,UNI,17,0.00018643185747849872,6.424,5.988191262209379e-07
2025-10-26 11:45:00+00:00,risk_reduce,AAVE,19,6.277400009358056e-06,235.21,7.382536281005543e-07
2025-10-26 12:00:00+00:00,risk_reduce,SOL,3,-1.4746722191399508e-06,197.68,1.4575660213979274e-07
2025-10-26 12:00:00+00:00,risk_reduce,DOT,13,-0.0001053426435831395,3.141,1.6544062174732058e-07
2025-10-26 12:00:00+00:00,risk_reduce,UNI,17,4.3653939230826194e-05,6.422,1.4017279887018292e-07
2025-10-26 12:00:00+00:00,risk_reduce,AAVE,19,1.469884183113372e-06,235.91,1.733801888191378e-07
2025-10-26 12:05:00+00:00,risk_reduce,SOL,3,-4.860174667715815e-07,197.9,4.809142833704799e-08
2025-10-26 12:05:00+00:00,risk_reduce,DOT,13,-3.4718471069561385e-05,3.142,5.454271805028094e-08
2025-10-26 12:05:00+00:00,risk_reduce,UNI,17,1.4387317184248738e-05,6.429,4.624803108876757e-08
2025-10-26 12:05:00+00:00,risk_reduce,AAVE,19,4.844394421026381e-07,235.91,5.7142054393216676e-08
2025-10-26 12:15:00+00:00,risk_reduce,SOL,3,-4.84335959551334e-07,197.87,4.791777815821123e-08
2025-10-26 12:15:00+00:00,risk_reduce,DOT,13,-3.459835324712279e-05,3.147,5.4440508834347715e-08
2025-10-26 12:15:00+00:00,risk_reduce,UNI,17,1.4337540418230682e-05,6.444,4.619555522753926e-08
2025-10-26 12:15:00+00:00,risk_reduce,AAVE,19,4.827633944802252e-07,235.67,5.688642458857733e-08
2025-10-26 12:20:00+00:00,risk_reduce,SOL,3,-1.0035169786478965e-06,197.82,9.925786435806344e-08
2025-10-26 12:20:00+00:00,risk_reduce,DOT,13,-7.168584993957894e-05,3.151,1.1294105657980661e-07
2025-10-26 12:20:00+00:00,risk_reduce,UNI,17,2.9706580645119662e-05,6.445,9.572945612889811e-08
2025-10-26 12:20:00+00:00,risk_reduce,AAVE,19,1.0002587119058723e-06,236.09,1.180755396469287e-07
2025-10-26 12:50:00+00:00,risk_reduce,SOL,3,-4.175742767736565e-07,197.74,4.128556874461142e-08
2025-10-26 12:50:00+00:00,risk_reduce,DOT,13,-2.9829258079677734e-05,3.154,4.704073999165179e-08
2025-10-26 12:50:00+00:00,risk_reduce,UNI,17,1.2361229747220176e-05,6.46,3.992677208352117e-08
2025-10-26 12:50:00+00:00,risk_reduce,AAVE,19,4.1621847671517113e-07,235.83,4.907840168186941e-08
2025-10-26 13:30:00+00:00,risk_reduce,SOL,3,-6.152693743201928e-07,198.64,6.110855425748154e-08
2025-10-26 13:30:00+00:00,risk_reduce,DOT,13,-4.395153144232111e-05,3.165,6.955329850747317e-08
2025-10-26 13:30:00+00:00,risk_reduce,UNI,17,1.8213492821359673e-05,6.475,5.896618300915194e-08
2025-10-26 13:30:00+00:00,risk_reduce,AAVE,19,6.132716883992112e-07,235.58,7.22372721765431e-08
2025-10-26 13:35:00+00:00,risk_reduce,SOL,3,-1.1917170739387433e-06,198.5,1.1827791958842027e-07
2025-10-26 13:35:00+00:00,risk_reduce,DOT,13,-8.51298514629173e-05,3.171,1.3497337949445538e-07
2025-10-26 13:35:00+00:00,risk_reduce,UNI,17,3.527776820560005e-05,6.486,1.1440580229076097e-07
2025-10-26 13:35:00+00:00,risk_reduce,AAVE,19,1.1878477501599347e-06,235.79,1.400413105051055e-07
2025-10-26 13:40:00+00:00,risk_reduce,SOL,3,-7.580969556040141e-06,198.92,7.540032320437523e-07
2025-10-26 13:40:00+00:00,risk_reduce,DOT,13,-0.0005415436485420311,3.178,8.605128575332874e-07
2025-10-26 13:40:00+00:00,risk_reduce,UNI,17,0.0002244154192469483,6.503,7.296867356814524e-07
2025-10-26 13:40:00+00:00,risk_reduce,AAVE,19,7.556355302866481e-06,238.77,9.02115477832715e-07
2025-10-26 13:45:00+00:00,risk_reduce,SOL,3,-2.5366699517492732e-06,198.99,2.5238597684929396e-07
2025-10-26 13:45:00+00:00,risk_reduce,DOT,13,-0.0001812060437207108,3.178,2.8793640347220943e-07
2025-10-26 13:45:00+00:00,risk_reduce,UNI,17,7.509169460512971e-05,6.504,2.441981908558818e-07
2025-10-26 13:45:00+00:00,risk_reduce,AAVE,19,2.5284337708822912e-06,239.93,3.033235573238941e-07
2025-10-26 22:05:00+00:00,risk_reduce,SOL,3,-1.2281514133723388e-05,200.66,1.2322043130364674e-06
2025-10-26 22:05:00+00:00,risk_reduce,DOT,13,-0.0008773252450668262,3.214,1.4098616688223897e-06
2025-10-26 22:05:00+00:00,risk_reduce,UNI,17,0.00036356314623515323,6.679,1.2141191268522944e-06
2025-10-26 22:05:00+00:00,risk_reduce,AAVE,19,1.2241637928442676e-05,240.37,1.471261254429883e-06
2025-10-26 22:45:00+00:00,risk_reduce,SOL,3,-9.659628529526572e-07,199.72,9.646105049585235e-08
2025-10-26 22:45:00+00:00,risk_reduce,DOT,13,-6.900318539430905e-05,3.213,1.108536173359575e-07
2025-10-26 22:45:00+00:00,risk_reduce,UNI,17,2.859488578867142e-05,6.679,9.54926210912682e-08
2025-10-26 22:45:00+00:00,risk_reduce,AAVE,19,9.628265187353654e-07,240.89,1.1596764004908107e-07
2025-10-26 22:50:00+00:00,risk_reduce,SOL,3,-2.5216078454528027e-06,200.07,2.522490408198711e-07
2025-10-26 22:50:00+00:00,risk_reduce,DOT,13,-0.00018013008794247332,3.218,2.8982931149943957e-07
2025-10-26 22:50:00+00:00,risk_reduce,UNI,17,7.464581906450538e-05,6.697,2.499515251374963e-07
2025-10-26 22:50:00+00:00,risk_reduce,AAVE,19,2.5134205689502113e-06,241.54,3.0354580211211705e-07
2025-10-26 22:55:00+00:00,risk_reduce,SOL,3,-2.3544301566539878e-07,200.01,2.35454787816182e-08
2025-10-26 22:55:00+00:00,risk_reduce,DOT,13,-1.6818781395255833e-05,3.213,2.7019372311478494e-08
2025-10-26 22:55:00+00:00,risk_reduce,UNI,17,6.969694664873266e-06,6.709,2.337984075331737e-08
2025-10-26 22:55:00+00:00,risk_reduce,AAVE,19,2.3467856806371618e-07,241.32,2.8316316022567994e-08
2025-10-26 23:00:00+00:00,risk_reduce,SOL,3,-8.775040242032725e-07,200.09,8.77898901014164e-08
2025-10-26 23:00:00+00:00,risk_reduce,DOT,13,-6.268416293780943e-05,3.212,1.0067076567812195e-07
2025-10-26 23:00:00+00:00,risk_reduce,UNI,17,2.597628601813326e-05,6.722,8.730629730694589e-08
2025-10-26 23:00:00+00:00,risk_reduce,AAVE,19,8.746549023260462e-07,241.36,1.0555335361270727e-07
2025-10-27 00:45:00+00:00,risk_reduce,SOL,3,-2.6491142550162227e-07,203.21,2.6916325388092334e-08
2025-10-27 00:45:00+00:00,risk_reduce,DOT,13,-1.892384593370211e-05,3.208,3.035384887765819e-08
2025-10-27 00:45:00+00:00,risk_reduce,UNI,17,7.842032365094204e-06,6.716,2.6333544681986337e-08
2025-10-27 00:45:00+00:00,risk_reduce,AAVE,19,2.6405129846280174e-07,241.52,3.188683480236794e-08
2025-10-27 01:00:00+00:00,risk_reduce,SOL,3,-4.0988405113908614e-07,203.15,4.1633972494452676e-08
2025-10-27 01:00:00+00:00,risk_reduce,DOT,13,-2.9279909765131396e-05,3.203,4.6891775488857924e-08
2025-10-27 01:00:00+00:00,risk_reduce,UNI,17,1.213358007825377e-05,6.709,4.070209437250227e-08
2025-10-27 01:00:00+00:00,risk_reduce,AAVE,19,4.085532200716682e-07,241.95,4.942472579817006e-08
2025-10-27 01:05:00+00:00,risk_reduce,SOL,3,-5.517049024614902e-07,203.18,5.604770104106279e-08
2025-10-27 01:05:00+00:00,risk_reduce,DOT,13,-3.941082780889449e-05,3.198,6.301791366642229e-08
2025-10-27 01:05:00+00:00,risk_reduce,UNI,17,1.633182748872128e-05,6.72,5.4874940362103495e-08
2025-10-27 01:05:00+00:00,risk_reduce,AAVE,19,5.49913600696476e-07,241.91,6.651479957224226e-08
2025-10-27 01:20:00+00:00,risk_reduce,SOL,3,-5.59983467213177e-07,204.16,5.716311233312111e-08
2025-10-27 01:20:00+00:00,risk_reduce,DOT,13,-4.000220390230902e-05,3.199,6.398352514174327e-08
2025-10-27 01:20:00+00:00,risk_reduce,UNI,17,1.6576893448395913e-05,6.725,5.573980422023125e-08
2025-10-27 01:20:00+00:00,risk_reduce,AAVE,19,5.581652862097445e-07,241.98,6.753241797851699e-08
2025-10-27 01:25:00+00:00,risk_reduce,SOL,3,-2.425727296761354e-06,204.62,2.481761597316541e-07
2025-10-27 01:25:00+00:00,risk_reduce,DOT,13,-0.0001732808977724376,3.208,2.7794256002698995e-07
2025-10-27 01:25:00+00:00,risk_reduce,UNI,17,7.18075180565457e-05,6.75,2.4235037344084176e-07
2025-10-27 01:25:00+00:00,risk_reduce,AAVE,19,2.4178513297929034e-06,242.37,2.93007313400953e-07
2025-10-27 01:40:00+00:00,risk_reduce,SOL,3,-3.6771134127192105e-06,204.71,3.763709433588748e-07
2025-10-27 01:40:00+00:00,risk_reduce,DOT,13,-0.0002626731843343444,3.222,4.231664999626288e-07
2025-10-27 01:40:00+00:00,risk_reduce,UNI,17,0.0001088516372521886,6.79,3.6955130847118034e-07
2025-10-27 01:40:00+00:00,risk_reduce,AAVE,19,3.665174385683221e-06,242.94,4.4520873262894087e-07
2025-10-27 01:50:00+00:00,risk_reduce,SOL,3,-9.758546345650047e-07,204.37,9.971770583302502e-08
2025-10-27 01:50:00+00:00,risk_reduce,DOT,13,-6.970980101456137e-05,3.221,1.1226763453395109e-07
2025-10-27 01:50:00+00:00,risk_reduce,UNI,17,2.8887706951086223e-05,6.805,9.829042290107088e-08
2025-10-27 01:50:00+00:00,risk_reduce,AAVE,19,9.726861832399115e-07,243.0,1.1818137126364925e-07
2025-10-27 02:00:00+00:00,risk_reduce,SOL,3,-8.097935842792895e-07,204.31,8.272446360205083e-08
2025-10-27 02:00:00+00:00,risk_reduce,DOT,13,-5.784729366800634e-05,3.221,9.316306645232421e-08
2025-10-27 02:00:00+00:00,risk_reduce,UNI,17,2.397188979274059e-05,6.821,8.175613013814179e-08
2025-10-27 02:00:00+00:00,risk_reduce,AAVE,19,8.071643078847021e-07,242.93,9.804221265721535e-08
2025-10-27 02:05:00+00:00,risk_reduce,SOL,3,-6.972391005076461e-07,204.57,7.13171013954246e-08
2025-10-27 02:05:00+00:00,risk_reduce,DOT,13,-4.98070073496476e-05,3.22,8.018928183293265e-08
2025-10-27 02:05:00+00:00,risk_reduce,UNI,17,2.063999913192241e-05,6.832,7.050623703464695e-08
2025-10-27 02:05:00+00:00,risk_reduce,AAVE,19,6.94975271374053e-07,242.94,8.441864621380623e-08
2025-10-27 02:10:00+00:00,risk_reduce,SOL,3,-1.300763950628646e-06,204.81,1.332047323641265e-07
2025-10-27 02:10:00+00:00,risk_reduce,DOT,13,-9.291957321660993e-05,3.227,1.4992573138500013e-07
2025-10-27 02:10:00+00:00,risk_reduce,UNI,17,3.850582503514555e-05,6.835,1.315936570576099e-07
2025-10-27 02:10:00+00:00,risk_reduce,AAVE,19,1.2965405682546782e-06,243.46,1.5782788337364198e-07
2025-10-27 02:15:00+00:00,risk_reduce,SOL,3,-5.912508558445417e-07,204.58,6.047905004433818e-08
2025-10-27 02:15:00+00:00,risk_reduce,DOT,13,-4.223577780002041e-05,3.221,6.802072014693289e-08
2025-10-27 02:15:00+00:00,risk_reduce,UNI,17,1.750248536333543e-05,6.836,5.98234949718805e-08
2025-10-27 02:15:00+00:00,risk_reduce,AAVE,19,5.89331154393787e-07,243.76,7.182768109751477e-08
2025-10-27 02:20:00+00:00,risk_reduce,SOL,3,-1.5658975325782368e-06,204.73,1.602931009223712e-07
2025-10-27 02:20:00+00:00,risk_reduce,DOT,13,-0.00011185928881085605,3.22,1.8009345498547826e-07
2025-10-27 02:20:00+00:00,risk_reduce,UNI,17,4.635443377969117e-05,6.842,1.585785179603235e-07
2025-10-27 02:20:00+00:00,risk_reduce,AAVE,19,1.5608133018573441e-06,244.36,1.9070016922093032e-07
2025-10-27 02:25:00+00:00,risk_reduce,SOL,3,-2.3928371279624766e-06,204.88,2.451222353884761e-07
2025-10-27 02:25:00+00:00,risk_reduce,DOT,13,-0.00017093140119672778,3.223,2.7545595302852684e-07
2025-10-27 02:25:00+00:00,risk_reduce,UNI,17,7.083388784136571e-05,6.874,2.434560725107739e-07
2025-10-27 02:25:00+00:00,risk_reduce,AAVE,19,2.385067950361197e-06,244.59,2.916818849894226e-07
2025-10-27 05:20:00+00:00,risk_reduce,SOL,3,-2.0785201280657016e-06,204.75,2.1278849811072623e-07
2025-10-27 05:20:00+00:00,risk_reduce,DOT,13,-0.00014847828703175303,3.235,2.4016362927386056e-07
2025-10-27 05:20:00+00:00,risk_reduce,UNI,17,6.152932847243095e-05,6.813,2.0959965744133603e-07
2025-10-27 05:20:00+00:00,risk_reduce,AAVE,19,2.0717714898762975e-06,247.41,2.562884921551474e-07
2025-10-27 05:25:00+00:00,risk_reduce,SOL,3,-3.622776291433913e-06,204.98,3.7129834210906176e-07
2025-10-27 05:25:00+00:00,risk_reduce,DOT,13,-0.00025879163294509344,3.238,4.189836537381063e-07
2025-10-27 05:25:00+00:00,risk_reduce,UNI,17,0.00010724312428246965,6.847,3.671468359810349e-07
2025-10-27 05:25:00+00:00,risk_reduce,AAVE,19,3.611013688752324e-06,248.21,4.4814485384260716e-07
2025-10-27 05:30:00+00:00,risk_reduce,SOL,3,-9.176048597825046e-09,205.05,9.407743824920128e-10
2025-10-27 05:30:00+00:00,risk_reduce,DOT,13,-6.554875072589672e-07,3.243,1.0628729930204152e-09
2025-10-27 05:30:00+00:00,risk_reduce,UNI,17,2.7163369776053714e-07,6.84,9.28987246341037e-10
2025-10-27 05:30:00+00:00,risk_reduce,AAVE,19,9.146255366032814e-09,248.4,1.1359649164612755e-09
2025-11-01 08:05:00+00:00,exit_scheduled,SOL,3,-0.0009208708317111963,185.93,8.560875687003137e-05
2025-11-01 08:05:00+00:00,exit_scheduled,DOT,13,-0.06578205417583873,2.909,9.567999779875743e-05
2025-11-01 08:05:00+00:00,exit_scheduled,UNI,17,0.02726005061003059,5.809,7.917681699683385e-05
2025-11-01 08:05:00+00:00,exit_scheduled,AAVE,19,0.000917880904417012,226.41,0.00010390870778452785
2025-12-12 08:05:00+00:00,entry,ETH,1,-6.133934606064407e-05,3244.48,9.950714075341922e-05
2025-12-12 08:05:00+00:00,entry,AVAX,10,0.01601727622841288,13.622,0.00010909366839172013
2025-12-12 08:05:00+00:00,entry,DOT,13,0.09434286288801667,2.055,9.693729161743715e-05
2025-12-12 08:05:00+00:00,entry,UNI,17,-0.03825599542314168,5.569,0.00010652381925573802
2025-12-12 08:10:00+00:00,risk_reduce,ETH,1,3.3264289515719096e-08,3246.81,5.400141392126596e-08
2025-12-12 08:10:00+00:00,risk_reduce,AVAX,10,-8.686159014288652e-06,13.629,5.9191830602870026e-08
2025-12-12 08:10:00+00:00,risk_reduce,DOT,13,-5.1162076324495764e-05,2.057,5.262019549974389e-08
2025-12-12 08:10:00+00:00,risk_reduce,UNI,17,2.0746202709913397e-05,5.571,5.778854764846377e-08
2025-12-12 08:15:00+00:00,risk_reduce,ETH,1,6.453563753153983e-08,3247.55,1.0479135483277609e-07
2025-12-12 08:15:00+00:00,risk_reduce,AVAX,10,-1.685190989642038e-05,13.612,1.1469409875503712e-07
2025-12-12 08:15:00+00:00,risk_reduce,DOT,13,-9.925891281933885e-05,2.058,1.0213742129109967e-07
2025-12-12 08:15:00+00:00,risk_reduce,UNI,17,4.0249451821593174e-05,5.582,1.1233622003406655e-07
2025-12-12 08:20:00+00:00,risk_reduce,ETH,1,9.19881977151139e-09,3247.46,1.4936399627596192e-08
2025-12-12 08:20:00+00:00,risk_reduce,AVAX,10,-2.4020477347418134e-06,13.611,1.634713585878541e-08
2025-12-12 08:20:00+00:00,risk_reduce,DOT,13,-1.4148227005503222e-05,2.057,1.4551451475160065e-08
2025-12-12 08:20:00+00:00,risk_reduce,UNI,17,5.737100730242306e-06,5.584,1.601798523883652e-08
2025-12-12 09:50:00+00:00,risk_reduce,ETH,1,1.452867737309618e-08,3244.55,2.3569510085439606e-08
2025-12-12 09:50:00+00:00,risk_reduce,AVAX,10,-3.7938102321506684e-06,13.553,2.5708755038169005e-08
2025-12-12 09:50:00+00:00,risk_reduce,DOT,13,-2.2345804208595554e-05,2.031,2.2692164173828788e-08
2025-12-12 09:50:00+00:00,risk_reduce,UNI,17,9.061215203373663e-06,5.596,2.5353280139039507e-08
2025-12-12 09:55:00+00:00,risk_reduce,ETH,1,1.21911328404255e-07,3247.94,1.9798033998865804e-07
2025-12-12 09:55:00+00:00,risk_reduce,AVAX,10,-3.183417411221218e-05,13.58,2.1615404222192068e-07
2025-12-12 09:55:00+00:00,risk_reduce,DOT,13,-0.0001875054834912515,2.035,1.9078682945234843e-07
2025-12-12 09:55:00+00:00,risk_reduce,UNI,17,7.603340304364326e-05,5.612,2.1334972894046296e-07
2025-12-12 10:00:00+00:00,risk_reduce,ETH,1,1.1189860956724957e-07,3249.73,1.8182013423448898e-07
2025-12-12 10:00:00+00:00,risk_reduce,AVAX,10,-2.921959646002767e-05,13.626,1.9907311068216852e-07
2025-12-12 10:00:00+00:00,risk_reduce,DOT,13,-0.000172105440598036,2.042,1.7571965485059475e-07
2025-12-12 10:00:00+00:00,risk_reduce,UNI,17,6.978869144167593e-05,5.628,1.9638537771687608e-07
2025-12-12 10:05:00+00:00,risk_reduce,ETH,1,3.1062046647130814e-08,3250.3,5.0480485108584646e-08
2025-12-12 10:05:00+00:00,risk_reduce,AVAX,10,-8.111096927491956e-06,13.648,5.535012543320511e-08
2025-12-12 10:05:00+00:00,risk_reduce,DOT,13,-4.77749209284728e-05,2.045,4.8849856649363434e-08
2025-12-12 10:05:00+00:00,risk_reduce,UNI,17,1.9372712470572262e-05,5.632,5.455355831713148e-08
2025-12-12 10:10:00+00:00,risk_reduce,ETH,1,9.600130230215219e-08,3253.24,1.5615763835072677e-07
2025-12-12 10:10:00+00:00,risk_reduce,AVAX,10,-2.506840186624476e-05,13.662,1.71242253148318e-07
2025-12-12 10:10:00+00:00,risk_reduce,DOT,13,-0.00014765461782408063,2.052,1.5149363788750672e-07
2025-12-12 10:10:00+00:00,risk_reduce,UNI,17,5.987389200164811e-05,5.644,1.6896412322865096e-07
2025-12-19 16:05:00+00:00,exit_scheduled,ETH,1,6.085694534953141e-05,2975.55,9.05414418673991e-05
2025-12-19 16:05:00+00:00,exit_scheduled,AVAX,10,-0.0158913090321693,12.262,9.742961567622999e-05
2025-12-19 16:05:00+00:00,exit_scheduled,DOT,13,-0.0936009074048169,1.847,8.644043798834841e-05
2025-12-19 16:05:00+00:00,exit_scheduled,UNI,17,0.03795513275371902,5.215,9.896800865532235e-05
2025-12-22 08:05:00+00:00,entry,BTC,0,-2.251958416518515e-06,89185.1,0.00010042056828652273
2025-12-22 08:05:00+00:00,entry,BCH,12,0.0003590142573532956,578.21,0.00010379281687212452
2025-12-22 08:05:00+00:00,entry,DOT,13,0.10995213509145531,1.814,9.972658652794997e-05
2025-12-22 08:05:00+00:00,entry,NEAR,18,-0.13406870625949513,1.538,0.00010309883511355175
2025-12-22 08:20:00+00:00,risk_reduce,BTC,0,8.991093614365303e-09,89445.9,4.021082301605787e-07
2025-12-22 08:20:00+00:00,risk_reduce,BCH,12,-1.4333882779885487e-06,578.71,4.1475806517737655e-07
2025-12-22 08:20:00+00:00,risk_reduce,DOT,13,-0.000438991205368236,1.822,3.9992098809046305e-07
2025-12-22 08:20:00+00:00,risk_reduce,NEAR,18,0.0005352782182361515,1.546,4.1377006269654515e-07
2025-12-22 08:25:00+00:00,risk_reduce,BTC,0,6.5228770154072534e-09,89575.3,2.921443327591047e-07
2025-12-22 08:25:00+00:00,risk_reduce,BCH,12,-1.0398974644983757e-06,578.97,3.0103471751031226e-07
2025-12-22 08:25:00+00:00,risk_reduce,DOT,13,-0.00031848023903204015,1.825,2.9061321811673666e-07
2025-12-22 08:25:00+00:00,risk_reduce,NEAR,18,0.0003883347383906999,1.553,3.0154192436037846e-07
2025-12-22 08:30:00+00:00,risk_reduce,BTC,0,7.517694812090247e-09,89786.6,3.374941285076111e-07
2025-12-22 08:30:00+00:00,risk_reduce,BCH,12,-1.1984944305249486e-06,579.69,3.473776182155038e-07
2025-12-22 08:30:00+00:00,risk_reduce,DOT,13,-0.0003670523351994859,1.829,3.356693605399298e-07
2025-12-22 08:30:00+00:00,risk_reduce,NEAR,18,0.0004475604922886678,1.56,3.490971839851609e-07
2025-12-22 09:35:00+00:00,risk_reduce,BTC,0,6.688890610519761e-10,89686.0,2.999499216475377e-08
2025-12-22 09:35:00+00:00,risk_reduce,BCH,12,-1.066363871303727e-07,580.0,3.0924552267808085e-08
2025-12-22 09:35:00+00:00,risk_reduce,DOT,13,-3.265858723790205e-05,1.82,2.9719314386490864e-08
2025-12-22 09:35:00+00:00,risk_reduce,NEAR,18,3.9821823701796655e-05,1.563,3.112075522295409e-08
2025-12-22 09:55:00+00:00,risk_reduce,BTC,0,7.937463864359442e-10,89658.7,3.558313456877219e-08
2025-12-22 09:55:00+00:00,risk_reduce,BCH,12,-1.2654153263354662e-07,579.33,3.6654653050296285e-08
2025-12-22 09:55:00+00:00,risk_reduce,DOT,13,-3.8754760864859183e-05,1.813,3.5131190723994854e-08
2025-12-22 09:55:00+00:00,risk_reduce,NEAR,18,4.7255113747673994e-05,1.565,3.69771265075549e-08
2025-12-22 10:00:00+00:00,risk_reduce,BTC,0,3.0067864482359255e-09,89785.3,1.3498261164539853e-07
2025-12-22 10:00:00+00:00,risk_reduce,BCH,12,-4.793513040983401e-07,579.65,1.389279917103014e-07
2025-12-22 10:00:00+00:00,risk_reduce,DOT,13,-0.00014680670270043883,1.817,1.3337388940334868e-07
2025-12-22 10:00:00+00:00,risk_reduce,NEAR,18,0.00017900684406810252,1.567,1.4025186232735834e-07
2025-12-22 11:50:00+00:00,risk_reduce,BTC,0,6.825080523435877e-10,89967.3,3.0701703348805634e-08
2025-12-22 11:50:00+00:00,risk_reduce,BCH,12,-1.0880756933716014e-07,591.55,3.218255882069854e-08
2025-12-22 11:50:00+00:00,risk_reduce,DOT,13,-3.332353609276917e-05,1.823,3.0374403148559094e-08
2025-12-22 11:50:00+00:00,risk_reduce,NEAR,18,4.0632620441904965e-05,1.563,3.175439287534873e-08
2025-12-22 12:20:00+00:00,risk_reduce,BTC,0,4.881894733345366e-09,90140.0,2.2002699563187564e-07
2025-12-22 12:20:00+00:00,risk_reduce,BCH,12,-7.782869343025424e-07,590.65,2.2984758887289834e-07
2025-12-22 12:20:00+00:00,risk_reduce,DOT,13,-0.00023835908571212538,1.831,2.182177429694508e-07
2025-12-22 12:20:00+00:00,risk_reduce,NEAR,18,0.00029064005187384723,1.567,2.277164806431593e-07
2025-12-22 12:30:00+00:00,risk_reduce,BTC,0,3.848412640337143e-10,90268.4,1.736950257915047e-08
2025-12-22 12:30:00+00:00,risk_reduce,BCH,12,-6.135259851715444e-08,593.84,1.8216813551713494e-08
2025-12-22 12:30:00+00:00,risk_reduce,DOT,13,-1.8789920071982102e-05,1.83,1.7192776865863626e-08
2025-12-22 12:30:00+00:00,risk_reduce,NEAR,18,2.2911244721840474e-05,1.565,1.792804899484017e-08
2025-12-22 13:30:00+00:00,risk_reduce,BTC,0,2.314022701115644e-09,90086.4,1.0423098733089217e-07
2025-12-22 13:30:00+00:00,risk_reduce,BCH,12,-3.689087398088195e-07,591.4,1.0908631436146792e-07
2025-12-22 13:30:00+00:00,risk_reduce,DOT,13,-0.0001129824311014993,1.825,1.0309646838011812e-07
2025-12-22 13:30:00+00:00,risk_reduce,NEAR,18,0.00013776365829759607,1.572,1.0828223542191052e-07
2025-12-22 14:05:00+00:00,risk_reduce,BTC,0,4.451193721956254e-09,90047.0,2.004083205404974e-07
2025-12-22 14:05:00+00:00,risk_reduce,BCH,12,-7.096232313625098e-07,589.97,2.0932820890346998e-07
2025-12-22 14:05:00+00:00,risk_reduce,DOT,13,-0.00021733005807070271,1.834,1.992916632508344e-07
2025-12-22 14:05:00+00:00,risk_reduce,NEAR,18,0.0002649985804514532,1.579,2.092163792664223e-07
2025-12-22 14:15:00+00:00,risk_reduce,BTC,0,5.744811284175139e-11,89940.4,2.583453124116128e-09
2025-12-22 14:15:00+00:00,risk_reduce,BCH,12,-9.158557909836381e-09,588.47,2.6947682866007077e-09
2025-12-22 14:15:00+00:00,risk_reduce,DOT,13,-2.8049108800470846e-06,1.836,2.5749081878832235e-09
2025-12-22 14:15:00+00:00,risk_reduce,NEAR,18,3.42013161044874e-06,1.581,2.7036140380597293e-09
2025-12-22 14:20:00+00:00,risk_reduce,BTC,0,2.0190558092704457e-09,90101.8,9.096028135786193e-08
2025-12-22 14:20:00+00:00,risk_reduce,BCH,12,-3.2188419493142315e-07,589.99,9.495422808379518e-08
2025-12-22 14:20:00+00:00,risk_reduce,DOT,13,-9.858063784379256e-05,1.837,9.054631585952347e-08
2025-12-22 14:20:00+00:00,risk_reduce,NEAR,18,0.00012020301894966057,1.581,9.502048647970668e-08
2025-12-29 02:05:00+00:00,risk_reduce,BTC,0,4.4362079383236807e-10,88841.5,1.9705968377629166e-08
2025-12-29 02:05:00+00:00,risk_reduce,BCH,12,-7.072341508436442e-08,624.13,2.207030252830218e-08
2025-12-29 02:05:00+00:00,risk_reduce,DOT,13,-2.1659837541862514e-05,1.873,2.0284437857954245e-08
2025-12-29 02:05:00+00:00,risk_reduce,NEAR,18,2.641064127234527e-05,1.599,2.1115307697240044e-08
2025-12-29 02:10:00+00:00,risk_reduce,BTC,0,4.063594108362155e-09,89015.4,1.8086122749675028e-07
2025-12-29 02:10:00+00:00,risk_reduce,BCH,12,-6.478308881272855e-07,624.51,2.0228843397218553e-07
2025-12-29 02:10:00+00:00,risk_reduce,DOT,13,-0.00019840546125635128,1.876,1.8610432265845749e-07
2025-12-29 02:10:00+00:00,risk_reduce,NEAR,18,0.00024192311939494338,1.602,1.9378041863534966e-07
2025-12-29 02:15:00+00:00,risk_reduce,BTC,0,1.1452012463589397e-09,89240.0,5.109887961253589e-08
2025-12-29 02:15:00+00:00,risk_reduce,BCH,12,-1.8257156613805297e-07,623.55,5.692125003269146e-08
2025-12-29 02:15:00+00:00,risk_reduce,DOT,13,-5.591458582135389e-05,1.878,5.25037960862513e-08
2025-12-29 02:15:00+00:00,risk_reduce,NEAR,18,6.817872318595763e-05,1.6,5.454297854876612e-08
2025-12-29 03:35:00+00:00,risk_reduce,BTC,0,6.063386848282099e-10,89558.5,2.715139155259362e-08
2025-12-29 03:35:00+00:00,risk_reduce,BCH,12,-9.666441042673491e-08,620.75,3.0002216386197845e-08
2025-12-29 03:35:00+00:00,risk_reduce,DOT,13,-2.9604557746892857e-05,1.877,2.7783877445458948e-08
2025-12-29 03:35:00+00:00,risk_reduce,NEAR,18,3.609793255227034e-05,1.596,2.8806150176711734e-08
2025-12-29 03:40:00+00:00,risk_reduce,BTC,0,8.404570244695593e-09,89893.2,3.777568569602349e-07
2025-12-29 03:40:00+00:00,risk_reduce,BCH,12,-1.339882887108415e-06,618.05,4.1405730918867793e-07
2025-12-29 03:40:00+00:00,risk_reduce,DOT,13,-0.00041035413271929555,1.887,3.8716912422065536e-07
2025-12-29 03:40:00+00:00,risk_reduce,NEAR,18,0.00050035997605824,1.603,4.010385208106794e-07
2025-12-29 03:45:00+00:00,risk_reduce,BTC,0,1.8011903667178373e-09,89957.9,8.101565144508328e-08
2025-12-29 03:45:00+00:00,risk_reduce,BCH,12,-2.871514043580373e-07,613.95,8.814830235280852e-08
2025-12-29 03:45:00+00:00,risk_reduce,DOT,13,-8.794333193459791e-05,1.892,8.319439201012962e-08
2025-12-29 03:45:00+00:00,risk_reduce,NEAR,18,0.00010723255830197287,1.605,8.605412803733323e-08
2025-12-29 03:55:00+00:00,risk_reduce,BTC,0,5.319963318923438e-10,89993.3,2.393805274744363e-08
2025-12-29 03:55:00+00:00,risk_reduce,BCH,12,-8.481251989736005e-08,615.45,2.6098932685415123e-08
2025-12-29 03:55:00+00:00,risk_reduce,DOT,13,-2.5974783603166518e-05,1.892,2.4572145288595524e-08
2025-12-29 03:55:00+00:00,risk_reduce,NEAR,18,3.1672014646655366e-05,1.605,2.5416791753940934e-08
2025-12-29 04:00:00+00:00,risk_reduce,BTC,0,1.2119318847024735e-09,90091.5,5.4592380695336446e-08
2025-12-29 04:00:00+00:00,risk_reduce,BCH,12,-1.9320997330930486e-07,615.87,5.949611313100079e-08
2025-12-29 04:00:00+00:00,risk_reduce,DOT,13,-5.917271710302596e-05,1.895,5.60661494551171e-08
2025-12-29 04:00:00+00:00,risk_reduce,NEAR,18,7.215148320005582e-05,1.605,5.7901565268044795e-08
2025-12-29 04:35:00+00:00,risk_reduce,BTC,0,2.2089347566818111e-10,90145.1,9.956232226727878e-09
2025-12-29 04:35:00+00:00,risk_reduce,BCH,12,-3.5215529087695863e-08,618.04,1.0882302798679775e-08
2025-12-29 04:35:00+00:00,risk_reduce,DOT,13,-1.0785149982928122e-05,1.898,1.0235107333798787e-08
2025-12-29 04:35:00+00:00,risk_reduce,NEAR,18,1.3150732396632892e-05,1.604,1.054688738209958e-08
2025-12-29 04:40:00+00:00,risk_reduce,BTC,0,2.8338954274763795e-09,90274.1,1.2791367960477273e-07
2025-12-29 04:40:00+00:00,risk_reduce,BCH,12,-4.5178847657640145e-07,617.84,1.3956649618398193e-07
2025-12-29 04:40:00+00:00,risk_reduce,DOT,13,-0.00013836527823575528,1.902,1.3158537960220328e-07
2025-12-29 04:40:00+00:00,risk_reduce,NEAR,18,0.0001687139029075968,1.606,1.3547726403480024e-07
2025-12-29 16:05:00+00:00,exit_scheduled,BTC,0,2.1884031322214873e-06,87595.7,9.584735212456687e-05
2025-12-29 16:05:00+00:00,exit_scheduled,BCH,12,-0.00034888207506013835,599.66,0.00010460531256528128
2025-12-29 16:05:00+00:00,exit_scheduled,DOT,13,-0.1068490408453342,1.856,9.915590990447014e-05
2025-12-29 16:05:00+00:00,exit_scheduled,NEAR,18,0.13028498863879862,1.527,9.947258882572274e-05
2025-12-31 08:05:00+00:00,entry,BTC,0,-2.209068103557973e-06,88635.0,9.790037567943047e-05
2025-12-31 08:05:00+00:00,entry,BCH,12,0.00037166929908022406,599.44,0.00011139672232032477
2025-12-31 08:05:00+00:00,entry,FIL,16,0.14371077174826907,1.335,9.592694014196961e-05
2025-12-31 08:05:00+00:00,entry,UNI,17,-0.03704241258729312,5.908,0.00010942328678286388
2025-12-31 08:10:00+00:00,risk_reduce,BTC,0,3.2175199583173518e-09,88688.9,1.4267915291560587e-07
2025-12-31 08:10:00+00:00,risk_reduce,BCH,12,-5.413383977426688e-07,600.11,1.624312929346765e-07
2025-12-31 08:10:00+00:00,risk_reduce,FIL,16,-0.0002093155369816413,1.338,1.4003209424071804e-07
2025-12-31 08:10:00+00:00,risk_reduce,UNI,17,5.395247960526123e-05,5.921,1.597263158713759e-07
2025-12-31 11:30:00+00:00,risk_reduce,BTC,0,3.495166633227947e-11,88896.2,1.5535351603037913e-09
2025-12-31 11:30:00+00:00,risk_reduce,BCH,12,-5.880516452364155e-09,601.75,1.7693003876050654e-09
2025-12-31 11:30:00+00:00,risk_reduce,FIL,16,-2.273778220956979e-06,1.328,1.509788738715434e-09
2025-12-31 11:30:00+00:00,risk_reduce,UNI,17,5.860815439767686e-07,5.91,1.7318709624513513e-09
2025-12-31 11:40:00+00:00,risk_reduce,BTC,0,1.1203883591260124e-09,88902.3,4.980255100976425e-08
2025-12-31 11:40:00+00:00,risk_reduce,BCH,12,-1.8850209075187445e-07,601.39,5.668163617863489e-08
2025-12-31 11:40:00+00:00,risk_reduce,FIL,16,-7.288678673528226e-05,1.332,4.854259996569799e-08
2025-12-31 11:40:00+00:00,risk_reduce,UNI,17,1.8787056763842902e-05,5.915,5.5562720379065385e-08
2025-12-31 11:45:00+00:00,risk_reduce,BTC,0,7.360095189922477e-10,88982.1,3.274583630996004e-08
2025-12-31 11:45:00+00:00,risk_reduce,BCH,12,-1.2383146612797566e-07,601.73,3.725655405659339e-08
2025-12-31 11:45:00+00:00,risk_reduce,FIL,16,-4.788104803923887e-05,1.332,3.188877799413309e-08
2025-12-31 11:45:00+00:00,risk_reduce,UNI,17,1.2341660371069374e-05,5.914,3.649428971725213e-08
2025-12-31 11:50:00+00:00,risk_reduce,BTC,0,7.803987256966411e-10,88929.9,3.4700390318164857e-08
2025-12-31 11:50:00+00:00,risk_reduce,BCH,12,-1.3129982136608764e-07,600.77,3.944049684105224e-08
2025-12-31 11:50:00+00:00,risk_reduce,FIL,16,-5.076878479234881e-05,1.331,3.378662627930813e-08
2025-12-31 11:50:00+00:00,risk_reduce,UNI,17,1.308599383300496e-05,5.922,3.874762773952769e-08
2025-12-31 12:00:00+00:00,risk_reduce,BTC,0,1.299003920195605e-09,88967.6,5.7784630585197255e-08
2025-12-31 12:00:00+00:00,risk_reduce,BCH,12,-2.1855364067043534e-07,601.73,6.575514110031054e-08
2025-12-31 12:00:00+00:00,risk_reduce,FIL,16,-8.450660963085777e-05,1.332,5.6281402014151276e-08
2025-12-31 12:00:00+00:00,risk_reduce,UNI,17,2.1782143831104717e-05,5.926,6.454049217156327e-08
2025-12-31 14:10:00+00:00,risk_reduce,BTC,0,3.1769437005319627e-09,89082.1,1.415044082125792e-07
2025-12-31 14:10:00+00:00,risk_reduce,BCH,12,-5.345115600972937e-07,597.53,1.5969334625246795e-07
2025-12-31 14:10:00+00:00,risk_reduce,FIL,16,-0.00020667585135508704,1.334,1.3785279285384306e-07
2025-12-31 14:10:00+00:00,risk_reduce,UNI,17,5.327208298021996e-05,5.938,1.5816481436827304e-07
2025-12-31 14:15:00+00:00,risk_reduce,BTC,0,1.3211449759008925e-09,89099.2,5.8856480218394404e-08
2025-12-31 14:15:00+00:00,risk_reduce,BCH,12,-2.222788090532903e-07,598.05,6.646692087716013e-08
2025-12-31 14:15:00+00:00,risk_reduce,FIL,16,-8.594699446895504e-05,1.333,5.728367181355853e-08
2025-12-31 14:15:00+00:00,risk_reduce,UNI,17,2.2153412656732152e-05,5.944,6.583994241580796e-08
2026-01-02 15:45:00+00:00,risk_reduce,BTC,0,3.8850184695219536e-10,89711.0,1.74264445959642e-08
2026-01-02 15:45:00+00:00,risk_reduce,BCH,12,-6.536430855862835e-08,595.71,1.946908612573025e-08
2026-01-02 15:45:00+00:00,risk_reduce,FIL,16,-2.527396061768883e-05,1.444,1.8247799565971336e-08
2026-01-02 15:45:00+00:00,risk_reduce,UNI,17,6.51453238700167e-06,5.891,1.918855514591342e-08
2026-01-02 15:50:00+00:00,risk_reduce,BTC,0,2.534553691913536e-09,89747.2,1.1373454854945126e-07
2026-01-02 15:50:00+00:00,risk_reduce,BCH,12,-4.2643130496405977e-07,594.38,1.2673111952226893e-07
2026-01-02 15:50:00+00:00,risk_reduce,FIL,16,-0.00016488521404825485,1.441,1.1879979672176762e-07
2026-01-02 15:50:00+00:00,risk_reduce,UNI,17,4.250026670942625e-05,5.904,1.2546078732622628e-07
2026-01-02 16:25:00+00:00,risk_reduce,BTC,0,5.771613605374295e-09,89974.7,2.5964960132973527e-07
2026-01-02 16:25:00+00:00,risk_reduce,BCH,12,-9.710572434667498e-07,594.86,2.8882155592431543e-07
2026-01-02 16:25:00+00:00,risk_reduce,FIL,16,-0.0003754719214519586,1.45,2.7221714305267e-07
2026-01-02 16:25:00+00:00,risk_reduce,UNI,17,9.678039899284341e-05,5.921,2.865183712183129e-07
2026-01-02 16:35:00+00:00,risk_reduce,BTC,0,1.3447828774951304e-08,90697.8,6.098442423323892e-07
2026-01-02 16:35:00+00:00,risk_reduce,BCH,12,-2.262558174139992e-06,599.19,6.77851116181471e-07
2026-01-02 16:35:00+00:00,risk_reduce,FIL,16,-0.000874847565122211,1.46,6.38638722539214e-07
2026-01-02 16:35:00+00:00,risk_reduce,UNI,17,0.00022549781108274075,5.948,6.706304901600711e-07
2026-01-02 17:20:00+00:00,risk_reduce,BTC,0,3.846235757413869e-09,90796.7,1.7461275709758994e-07
2026-01-02 17:20:00+00:00,risk_reduce,BCH,12,-6.471180067979597e-07,612.96,1.983287267234387e-07
2026-01-02 17:20:00+00:00,risk_reduce,FIL,16,-0.0002502165995396377,1.457,1.822827927646261e-07
2026-01-02 17:20:00+00:00,risk_reduce,UNI,17,6.449500203486308e-05,5.957,1.9209836356083968e-07
2026-01-02 18:20:00+00:00,risk_reduce,BTC,0,1.502317752070966e-11,90414.9,6.79159546608606e-10
2026-01-02 18:20:00+00:00,risk_reduce,BCH,12,-2.5276060299146176e-09,614.15,7.761646216360312e-10
2026-01-02 18:20:00+00:00,risk_reduce,FIL,16,-9.77331768153844e-07,1.463,7.14918188404537e-10
2026-01-02 18:20:00+00:00,risk_reduce,UNI,17,2.5191379984801365e-07,5.978,7.529703477457128e-10
2026-01-02 19:40:00+00:00,risk_reduce,BTC,0,1.0120034894479238e-09,90016.4,4.5548455453770043e-08
2026-01-02 19:40:00+00:00,risk_reduce,BCH,12,-1.702666508940939e-07,613.89,5.226249715868766e-08
2026-01-02 19:40:00+00:00,risk_reduce,FIL,16,-6.583581658087256e-05,1.461,4.809306401232741e-08
2026-01-02 19:40:00+00:00,risk_reduce,UNI,17,1.6969622048106092e-05,6.008,5.09767446325107e-08
2026-01-02 19:45:00+00:00,risk_reduce,BTC,0,3.057212978380891e-10,89959.6,1.375128283249768e-08
2026-01-02 19:45:00+00:00,risk_reduce,BCH,12,-5.143672134798544e-08,612.97,1.5764583542337318e-08
2026-01-02 19:45:00+00:00,risk_reduce,FIL,16,-1.988867775576386e-05,1.459,1.4508790422829739e-08
2026-01-02 19:45:00+00:00,risk_reduce,UNI,17,5.126439711393427e-06,6.014,1.5415204212160033e-08
2026-01-02 20:15:00+00:00,risk_reduce,BTC,0,3.890887360844246e-09,90031.6,1.7515140725829243e-07
2026-01-02 20:15:00+00:00,risk_reduce,BCH,12,-6.546305095238205e-07,610.26,1.9974740737100336e-07
2026-01-02 20:15:00+00:00,risk_reduce,FIL,16,-0.0002531214064934728,1.469,1.859176730694558e-07
2026-01-02 20:15:00+00:00,risk_reduce,UNI,17,6.524373545520323e-05,6.031,1.9674248426516534e-07
2026-01-02 21:30:00+00:00,risk_reduce,BTC,0,3.9357535784401433e-10,89946.7,1.77004023196941e-08
2026-01-02 21:30:00+00:00,risk_reduce,BCH,12,-6.621791204605579e-08,605.42,2.0044824155461547e-08
2026-01-02 21:30:00+00:00,risk_reduce,FIL,16,-2.5604017515695743e-05,1.478,1.8921368944099154e-08
2026-01-02 21:30:00+00:00,risk_reduce,UNI,17,6.5996067599577435e-06,6.039,1.9927512611692408e-08
2026-01-02 21:45:00+00:00,risk_reduce,BTC,0,1.5172664365688924e-09,89902.0,6.820264359020828e-08
2026-01-02 21:45:00+00:00,risk_reduce,BCH,12,-2.5527567578797344e-07,605.1,7.723365570965137e-08
2026-01-02 21:45:00+00:00,risk_reduce,FIL,16,-9.870566244465917e-05,1.475,7.279542605293615e-08
2026-01-02 21:45:00+00:00,risk_reduce,UNI,17,2.5442044660241303e-05,6.051,7.697490611956007e-08
2026-01-02 21:55:00+00:00,risk_reduce,BTC,0,3.287764382576526e-09,90054.2,1.480384956307115e-07
2026-01-02 21:55:00+00:00,risk_reduce,BCH,12,-5.531568183186181e-07,606.03,1.6761481330281607e-07
2026-01-02 21:55:00+00:00,risk_reduce,FIL,16,-0.0002138852831135296,1.475,1.577403962962281e-07
2026-01-02 21:55:00+00:00,risk_reduce,UNI,17,5.513036223422224e-05,6.06,1.6704499756969338e-07
2026-01-02 22:05:00+00:00,risk_reduce,BTC,0,3.2952754643230757e-09,90191.2,1.486024242289277e-07
2026-01-02 22:05:00+00:00,risk_reduce,BCH,12,-5.544205360298766e-07,607.72,1.6846622407803835e-07
2026-01-02 22:05:00+00:00,risk_reduce,FIL,16,-0.00021437391601383804,1.478,1.584223239342263e-07
2026-01-02 22:05:00+00:00,risk_reduce,UNI,17,5.52563106323567e-05,6.069,1.676752746138864e-07
2026-01-02 22:20:00+00:00,risk_reduce,BTC,0,1.621064146315074e-09,90142.3,7.306322529818865e-08
2026-01-02 22:20:00+00:00,risk_reduce,BCH,12,-2.7273933929632815e-07,605.27,8.254046994794427e-08
2026-01-02 22:20:00+00:00,risk_reduce,FIL,16,-0.00010545821522894849,1.48,7.803907926942188e-08
2026-01-02 22:20:00+00:00,risk_reduce,UNI,17,2.7182560302943526e-05,6.082,8.266216588125126e-08
2026-01-02 22:50:00+00:00,risk_reduce,BTC,0,2.0963793470175858e-09,90260.1,9.4609704749871e-08
2026-01-02 22:50:00+00:00,risk_reduce,BCH,12,-3.5270974274511117e-07,606.94,1.070368256308589e-07
2026-01-02 22:50:00+00:00,risk_reduce,FIL,16,-0.00013637981253353249,1.485,1.0126201080614788e-07
2026-01-02 22:50:00+00:00,risk_reduce,UNI,17,3.5152808818633696e-05,6.085,1.0695242083069303e-07
2026-01-03 00:50:00+00:00,risk_reduce,BTC,0,1.1311419348546672e-09,90049.9,5.092960905973465e-08
2026-01-03 00:50:00+00:00,risk_reduce,BCH,12,-1.9031134866810294e-07,626.46,5.961122374330989e-08
2026-01-03 00:50:00+00:00,risk_reduce,FIL,16,-7.358635985599271e-05,1.521,5.5962426670482454e-08
2026-01-03 00:50:00+00:00,risk_reduce,UNI,17,1.8967376414602555e-05,6.087,5.7727210117842875e-08
2026-01-03 00:55:00+00:00,risk_reduce,BTC,0,4.674598004070527e-09,90149.7,2.1070680384377842e-07
2026-01-03 00:55:00+00:00,risk_reduce,BCH,12,-7.864875514052429e-07,630.11,2.4778683550797877e-07
2026-01-03 00:55:00+00:00,risk_reduce,FIL,16,-0.00030410564785030014,1.517,2.3066413389445267e-07
2026-01-03 00:55:00+00:00,risk_reduce,UNI,17,7.838526465871881e-05,6.107,2.393494056353979e-07
2026-01-05 01:10:00+00:00,risk_reduce,BTC,0,4.343245932333999e-09,92873.1,2.0168535689912438e-07
2026-01-05 01:10:00+00:00,risk_reduce,BCH,12,-7.307385267134184e-07,651.75,2.3812941739273525e-07
2026-01-05 01:10:00+00:00,risk_reduce,FIL,16,-0.0002825495618822005,1.517,2.1431384268764907e-07
2026-01-05 01:10:00+00:00,risk_reduce,UNI,17,7.282903932860629e-05,5.962,2.1710336623857534e-07
2026-01-05 01:15:00+00:00,risk_reduce,BTC,0,2.7680230729523465e-10,92907.9,1.2858560542977466e-08
2026-01-05 01:15:00+00:00,risk_reduce,BCH,12,-4.6571185094088086e-08,651.67,1.517452209513219e-08
2026-01-05 01:15:00+00:00,risk_reduce,FIL,16,-1.8007354838478484e-05,1.515,1.3640571290147452e-08
2026-01-05 01:15:00+00:00,risk_reduce,UNI,17,4.641516146756952e-06,5.962,1.3836359633482474e-08
2026-01-05 01:30:00+00:00,risk_reduce,BTC,0,1.0583211466491253e-09,92929.9,4.917483916299427e-08
2026-01-05 01:30:00+00:00,risk_reduce,BCH,12,-1.7805946233315304e-07,654.16,5.8239688939927696e-08
2026-01-05 01:30:00+00:00,risk_reduce,FIL,16,-6.884900854686737e-05,1.513,5.208427496570517e-08
2026-01-05 01:30:00+00:00,risk_reduce,UNI,17,1.7746292430231847e-05,5.966,5.293719031938161e-08
2026-01-05 01:40:00+00:00,risk_reduce,BTC,0,6.886027051629747e-09,93087.0,3.204998000775291e-07
2026-01-05 01:40:00+00:00,risk_reduce,BCH,12,-1.1585540724637095e-06,652.62,3.780477793856331e-07
2026-01-05 01:40:00+00:00,risk_reduce,FIL,16,-0.00044797001064625364,1.528,3.422490881337378e-07
2026-01-05 01:40:00+00:00,risk_reduce,UNI,17,0.00011546726636580545,5.995,3.4611313093150187e-07
2026-01-05 01:45:00+00:00,risk_reduce,BTC,0,2.376310776954107e-09,93154.0,1.1068142705819144e-07
2026-01-05 01:45:00+00:00,risk_reduce,BCH,12,-3.998073936447742e-07,654.31,1.307989878678561e-07
2026-01-05 01:45:00+00:00,risk_reduce,FIL,16,-0.00015459073222767739,1.524,1.1779813795749017e-07
2026-01-05 01:45:00+00:00,risk_reduce,UNI,17,3.9846795168420324e-05,6.005,1.1964000249318203e-07
2026-01-05 01:50:00+00:00,risk_reduce,BTC,0,2.70996394184836e-09,93139.9,1.2620288527368105e-07
2026-01-05 01:50:00+00:00,risk_reduce,BCH,12,-4.559435705840339e-07,651.46,1.4851449924633736e-07
2026-01-05 01:50:00+00:00,risk_reduce,FIL,16,-0.00017629651565098658,1.526,1.3451424144170278e-07
2026-01-05 01:50:00+00:00,risk_reduce,UNI,17,4.544160601882563e-05,6.023,1.3684739652569338e-07
2026-01-05 19:35:00+00:00,risk_reduce,BTC,0,1.125241365489058e-09,94388.0,5.3104641002890605e-08
2026-01-05 19:35:00+00:00,risk_reduce,BCH,12,-1.8931859499207076e-07,649.44,6.147553416582522e-08
2026-01-05 19:35:00+00:00,risk_reduce,FIL,16,-7.320249872652673e-05,1.591,5.8232587736952016e-08
2026-01-05 19:35:00+00:00,risk_reduce,UNI,17,1.8868433641135163e-05,5.944,5.6076984781453706e-08
2026-01-05 20:05:00+00:00,risk_reduce,BTC,0,2.09899274596423e-09,94413.5,9.908662581054692e-08
2026-01-05 20:05:00+00:00,risk_reduce,BCH,12,-3.5314943953537346e-07,651.48,1.1503489843425256e-07
2026-01-05 20:05:00+00:00,risk_reduce,FIL,16,-0.00013654982702013263,1.591,1.0862538739451552e-07
2026-01-05 20:05:00+00:00,risk_reduce,UNI,17,3.5196631189650385e-05,5.954,1.0478037105158919e-07
2026-01-05 20:15:00+00:00,risk_reduce,BTC,0,3.018246599056561e-10,94362.8,1.4240510008872724e-08
2026-01-05 20:15:00+00:00,risk_reduce,BCH,12,-5.078112332143527e-08,651.87,1.655134542977201e-08
2026-01-05 20:15:00+00:00,risk_reduce,FIL,16,-1.963518224623595e-05,1.599,1.5698328205865642e-08
2026-01-05 20:15:00+00:00,risk_reduce,UNI,17,5.061099548377135e-06,5.957,1.5074485004841295e-08
2026-01-05 20:25:00+00:00,risk_reduce,BTC,0,1.4100957367755002e-09,94417.2,6.656864559913988e-08
2026-01-05 20:25:00+00:00,risk_reduce,BCH,12,-2.3724451649059656e-07,651.23,7.72503732370856e-08
2026-01-05 20:25:00+00:00,risk_reduce,FIL,16,-9.17336800276003e-05,1.592,7.302000930196985e-08
2026-01-05 20:25:00+00:00,risk_reduce,UNI,17,2.3644969562093554e-05,5.964,7.050929923416299e-08
2026-01-05 20:30:00+00:00,risk_reduce,BTC,0,7.723608558460711e-09,94687.0,3.656626617874847e-07
2026-01-05 20:30:00+00:00,risk_reduce,BCH,12,-1.2994747308467175e-06,653.35,4.2450590769935144e-07
2026-01-05 20:30:00+00:00,risk_reduce,FIL,16,-0.0005024588172859723,1.599,4.017158244201348e-07
2026-01-05 20:30:00+00:00,risk_reduce,UNI,17,0.00012951212071028728,5.992,3.8801831364802073e-07
2026-01-05 22:00:00+00:00,risk_reduce,BTC,0,1.1449450977733972e-08,94049.1,5.384052799750001e-07
2026-01-05 22:00:00+00:00,risk_reduce,BCH,12,-1.9263369078091814e-06,646.37,6.225631935503104e-07
2026-01-05 22:00:00+00:00,risk_reduce,FIL,16,-0.0007448432365910196,1.579,5.880537352886099e-07
2026-01-05 22:00:00+00:00,risk_reduce,UNI,17,0.00019198832590634762,6.107,5.862363531550325e-07
2026-01-05 22:10:00+00:00,risk_reduce,BTC,0,4.554759382591471e-09,94103.8,2.1431008299375562e-07
2026-01-05 22:10:00+00:00,risk_reduce,BCH,12,-7.663250510385748e-07,646.84,2.478448480068959e-07
2026-01-05 22:10:00+00:00,risk_reduce,FIL,16,-0.0002963095546694994,1.58,2.3408454818890454e-07
2026-01-05 22:10:00+00:00,risk_reduce,UNI,17,7.63757694993844e-05,6.131,2.341299214003629e-07
2026-01-05 22:15:00+00:00,risk_reduce,BTC,0,3.6858468111968572e-09,94142.9,1.734981538809123e-07
2026-01-05 22:15:00+00:00,risk_reduce,BCH,12,-6.201330319459777e-07,647.15,2.0065954581191974e-07
2026-01-05 22:15:00+00:00,risk_reduce,FIL,16,-0.00023978250780490318,1.585,1.9002763743538575e-07
2026-01-05 22:15:00+00:00,risk_reduce,UNI,17,6.180554510474418e-05,6.15,1.9005205119708835e-07
2026-01-05 22:25:00+00:00,risk_reduce,BTC,0,7.077182365447206e-09,94343.0,3.338413079516929e-07
2026-01-05 22:25:00+00:00,risk_reduce,BCH,12,-1.1907153993994768e-06,649.22,3.8651812579906417e-07
2026-01-05 22:25:00+00:00,risk_reduce,FIL,16,-0.0004604056062841866,1.587,3.6533184858650206e-07
2026-01-05 22:25:00+00:00,risk_reduce,UNI,17,0.0001186726243134692,6.18,3.666984091286198e-07
2026-01-05 22:40:00+00:00,risk_reduce,BTC,0,2.0166126039256143e-08,94283.0,9.506614306795935e-07
2026-01-05 22:40:00+00:00,risk_reduce,BCH,12,-3.3928921965338944e-06,649.81,1.102367639114845e-06
2026-01-05 22:40:00+00:00,risk_reduce,FIL,16,-0.0013119059261263444,1.593,1.0449330701596334e-06
2026-01-05 22:40:00+00:00,risk_reduce,UNI,17,0.00033815252677377866,6.307,1.0663639931811111e-06
2026-01-05 22:45:00+00:00,risk_reduce,BTC,0,2.2179709498736765e-09,94224.9,1.044940454773761e-07
2026-01-05 22:45:00+00:00,risk_reduce,BCH,12,-3.7316717714231925e-07,649.34,1.211561874027968e-07
2026-01-05 22:45:00+00:00,risk_reduce,FIL,16,-0.00014428994579579468,1.591,1.1478265188055467e-07
2026-01-05 22:45:00+00:00,risk_reduce,UNI,17,3.719169857168553e-05,6.325,1.1761874673295548e-07
2026-01-07 16:05:00+00:00,exit_scheduled,BTC,0,2.0686905379076484e-06,91396.2,9.45352270703575e-05
2026-01-07 16:05:00+00:00,exit_scheduled,BCH,12,-0.00034805118094805276,627.41,0.00010918539571930889
2026-01-07 16:05:00+00:00,exit_scheduled,FIL,16,-0.13457851898373951,1.518,0.0001021450959086583
2026-01-07 16:05:00+00:00,exit_scheduled,UNI,17,0.034688513358725206,5.742,9.959072185290006e-05
2026-01-17 08:05:00+00:00,entry,LINK,8,-0.015532794964007252,13.728,0.00010661710463294577
2026-01-17 08:05:00+00:00,entry,LTC,11,-0.0029082075227825754,74.79,0.00010875242031445442
2026-01-17 08:05:00+00:00,entry,BCH,12,0.0003629329294320188,592.47,0.0001075134363502941
2026-01-17 08:05:00+00:00,entry,FIL,16,0.1407124443536935,1.533,0.00010785608859710608
2026-01-17 08:10:00+00:00,risk_reduce,LINK,8,1.8271311378688718e-05,13.738,1.255056378602128e-07
2026-01-17 08:10:00+00:00,risk_reduce,LTC,11,3.4209403604267517e-06,74.92,1.2814842590158613e-07
2026-01-17 08:10:00+00:00,risk_reduce,BCH,12,-4.2691998308085803e-07,592.86,1.2655189058465875e-07
2026-01-17 08:10:00+00:00,risk_reduce,FIL,16,-0.00016552081525575413,1.532,1.2678894448590767e-07
2026-01-17 08:35:00+00:00,risk_reduce,LINK,8,1.8170729177546113e-06,13.734,1.2477839726220915e-08
2026-01-17 08:35:00+00:00,risk_reduce,LTC,11,3.402108339875705e-07,74.97,1.275280311202408e-08
2026-01-17 08:35:00+00:00,risk_reduce,BCH,12,-4.245698205382559e-08,592.83,1.2584886335484713e-08
2026-01-17 08:35:00+00:00,risk_reduce,FIL,16,-1.646096355606419e-05,1.528,1.2576176156833042e-08
2026-01-17 08:50:00+00:00,risk_reduce,LINK,8,1.5005587289418712e-05,13.746,1.031334014401748e-07
2026-01-17 08:50:00+00:00,risk_reduce,LTC,11,2.809498351068196e-06,75.03,1.0539833064032338e-07
2026-01-17 08:50:00+00:00,risk_reduce,BCH,12,-3.506144106979188e-07,591.51,1.0369596503596296e-07
2026-01-17 08:50:00+00:00,risk_reduce,FIL,16,-0.00013593644101719815,1.542,1.0480699602425977e-07
2026-01-17 10:20:00+00:00,risk_reduce,LINK,8,2.1166213048347607e-05,13.774,1.4577170926396995e-07
2026-01-17 10:20:00+00:00,risk_reduce,LTC,11,3.962953232735083e-06,75.0,1.486107462275656e-07
2026-01-17 10:20:00+00:00,risk_reduce,BCH,12,-4.945610705876942e-07,596.69,1.4754982260448566e-07
2026-01-17 10:20:00+00:00,risk_reduce,FIL,16,-0.0001917458887885637,1.566,1.5013703092144537e-07
2026-01-17 14:35:00+00:00,risk_reduce,LINK,8,2.8078183433224296e-06,13.82,1.940202475235799e-08
2026-01-17 14:35:00+00:00,risk_reduce,LTC,11,5.257082481020109e-07,74.78,1.9656231396534188e-08
2026-01-17 14:35:00+00:00,risk_reduce,BCH,12,-6.560633414759735e-08,597.51,1.9600220358265447e-08
2026-01-17 14:35:00+00:00,risk_reduce,FIL,16,-2.543618088732269e-05,1.565,1.9903811544330004e-08
2026-01-17 14:40:00+00:00,risk_reduce,LINK,8,3.139303285397063e-05,13.839,2.1722409083304978e-07
2026-01-17 14:40:00+00:00,risk_reduce,LTC,11,5.877722233534749e-06,74.97,2.2032641792405007e-07
2026-01-17 14:40:00+00:00,risk_reduce,BCH,12,-7.335167562469457e-07,597.57,2.191638040152437e-07
2026-01-17 14:40:00+00:00,risk_reduce,FIL,16,-0.00028439121219292485,1.576,2.241002752080248e-07
2026-01-17 15:10:00+00:00,risk_reduce,LINK,8,4.359639805228549e-06,13.841,3.0170887272084174e-08
2026-01-17 15:10:00+00:00,risk_reduce,LTC,11,8.162560123639237e-07,74.97,3.059735662346168e-08
2026-01-17 15:10:00+00:00,risk_reduce,BCH,12,-1.0186555925357534e-07,596.92,3.0402794814822096e-08
2026-01-17 15:10:00+00:00,risk_reduce,FIL,16,-3.949421690796484e-05,1.591,3.141764955028603e-08
2026-01-17 15:55:00+00:00,risk_reduce,LINK,8,3.5912471356251696e-06,13.878,2.4919663874103054e-08
2026-01-17 15:55:00+00:00,risk_reduce,LTC,11,6.723897379833782e-07,74.84,2.5160823995338013e-08
2026-01-17 15:55:00+00:00,risk_reduce,BCH,12,-8.39116106448874e-08,597.64,2.507446749290525e-08
2026-01-17 15:55:00+00:00,risk_reduce,FIL,16,-3.253330542912769e-05,1.577,2.5652511330867184e-08
2026-01-17 16:00:00+00:00,risk_reduce,LINK,8,3.2036993200118546e-06,13.88,2.223367328088227e-08
2026-01-17 16:00:00+00:00,risk_reduce,LTC,11,5.998291025396604e-07,74.86,2.245160330805949e-08
2026-01-17 16:00:00+00:00,risk_reduce,BCH,12,-7.485632701165982e-08,597.6,2.2367070511083954e-08
2026-01-17 16:00:00+00:00,risk_reduce,FIL,16,-2.9022488440583194e-05,1.579,2.291325462384043e-08
2026-01-18 09:40:00+00:00,risk_reduce,LINK,8,2.555791320489609e-07,13.802,1.763751590269879e-09
2026-01-18 09:40:00+00:00,risk_reduce,LTC,11,4.7852119094884266e-08,75.45,1.805221192854509e-09
2026-01-18 09:40:00+00:00,risk_reduce,BCH,12,-5.971757388882528e-09,594.12,1.7739702499414438e-09
2026-01-18 09:40:00+00:00,risk_reduce,FIL,16,-2.31530542182945e-06,1.525,1.7654203841449557e-09
2026-01-18 09:45:00+00:00,risk_reduce,LINK,8,8.547471876282214e-06,13.803,5.899037715416171e-08
2026-01-18 09:45:00+00:00,risk_reduce,LTC,11,1.6003444369785437e-06,75.54,6.04450093846796e-08
2026-01-18 09:45:00+00:00,risk_reduce,BCH,12,-1.9971672931271608e-07,593.17,5.9232986163211894e-08
2026-01-18 09:45:00+00:00,risk_reduce,FIL,16,-7.743201809740086e-05,1.524,5.900319779021946e-08
2026-01-18 10:00:00+00:00,risk_reduce,LINK,8,1.049941778950153e-05,13.796,7.242498391198155e-08
2026-01-18 10:00:00+00:00,risk_reduce,LTC,11,1.9658075620658695e-06,75.67,7.437632911076218e-08
2026-01-18 10:00:00+00:00,risk_reduce,BCH,12,-2.453250985739921e-07,594.51,7.292411217661202e-08
2026-01-18 10:00:00+00:00,risk_reduce,FIL,16,-9.511480354146284e-05,1.526,7.257259510213616e-08
2026-01-18 12:30:00+00:00,risk_reduce,LINK,8,4.0859239485799975e-06,13.769,2.8129543423998996e-08
2026-01-18 12:30:00+00:00,risk_reduce,LTC,11,7.650081516115577e-07,75.83,2.900528406835221e-08
2026-01-18 12:30:00+00:00,risk_reduce,BCH,12,-9.547002658121927e-08,591.84,2.825149026591441e-08
2026-01-18 12:30:00+00:00,risk_reduce,FIL,16,-3.7014609899910234e-05,1.543,2.8556771537780747e-08
2026-01-18 18:35:00+00:00,risk_reduce,LINK,8,4.666849098782996e-06,13.85,3.2317930009072255e-08
2026-01-18 18:35:00+00:00,risk_reduce,LTC,11,8.737748543145851e-07,75.43,3.295441863047458e-08
2026-01-18 18:35:00+00:00,risk_reduce,BCH,12,-1.0904368586355613e-07,594.22,3.2397969506921164e-08
2026-01-18 18:35:00+00:00,risk_reduce,FIL,16,-4.227724280408962e-05,1.544,3.2638031444757185e-08
2026-01-18 18:50:00+00:00,risk_reduce,LINK,8,1.0644867591138446e-05,13.866,7.380086700936284e-08
2026-01-18 18:50:00+00:00,risk_reduce,LTC,11,1.9930401501666584e-06,75.45,7.518743966503719e-08
2026-01-18 18:50:00+00:00,risk_reduce,BCH,12,-2.4872361910528457e-07,593.52,7.381122120568425e-08
2026-01-18 18:50:00+00:00,risk_reduce,FIL,16,-9.643244129864392e-05,1.547,7.459049334450108e-08
2026-01-24 16:05:00+00:00,exit_scheduled,LINK,8,0.01539247923247855,12.142,9.344774142037727e-05
2026-01-24 16:05:00+00:00,exit_scheduled,LTC,11,0.002881936187395602,68.07,9.80866981380093e-05
2026-01-24 16:05:00+00:00,exit_scheduled,BCH,12,-0.0003596543694814682,595.08,0.00010701156109551606
2026-01-24 16:05:00+00:00,exit_scheduled,FIL,16,-0.13944131642015467,1.301,9.070657633131062e-05
2026-02-01 08:05:00+00:00,entry,BTC,0,-2.7394422214330826e-06,78458.0,0.0001074655789045984
2026-02-01 08:05:00+00:00,entry,TRX,7,0.7642986681356926,0.2871,0.00010971507381087868
2026-02-01 08:05:00+00:00,entry,LINK,8,-0.022254345551994167,9.943,0.000110637478911739
2026-02-01 08:05:00+00:00,entry,FIL,16,0.20392847414009166,1.063,0.00010838798400545872
2026-02-01 08:10:00+00:00,risk_reduce,BTC,0,1.0115510082417846e-09,78438.2,3.967212014733538e-08
2026-02-01 08:10:00+00:00,risk_reduce,TRX,7,-0.00028222062224991795,0.28713,4.051700363330947e-08
2026-02-01 08:10:00+00:00,risk_reduce,LINK,8,8.217514319064367e-06,9.953,4.089446000882382e-08
2026-02-01 08:10:00+00:00,risk_reduce,FIL,16,-7.530147999168513e-05,1.063,4.002273661558064e-08
2026-02-01 08:40:00+00:00,risk_reduce,BTC,0,9.512991937893623e-09,78732.9,3.744927214734924e-07
2026-02-01 08:40:00+00:00,risk_reduce,TRX,7,-0.0026541049164066077,0.2867,3.804659397668872e-07
2026-02-01 08:40:00+00:00,risk_reduce,LINK,8,7.728048000532964e-05,9.986,3.858614366666109e-07
2026-02-01 08:40:00+00:00,risk_reduce,FIL,16,-0.0007081623825549166,1.07,3.7886687466688036e-07
2026-02-01 08:45:00+00:00,risk_reduce,BTC,0,5.149237062223412e-09,78832.9,2.0296464520127602e-07
2026-02-01 08:45:00+00:00,risk_reduce,TRX,7,-0.001436626404375696,0.2866,2.0586856374703725e-07
2026-02-01 08:45:00+00:00,risk_reduce,LINK,8,4.1830742044966784e-05,10.012,2.0940469467710375e-07
2026-02-01 08:45:00+00:00,risk_reduce,FIL,16,-0.00038331746837702574,1.072,2.054581630500858e-07
2026-02-02 16:30:00+00:00,risk_reduce,BTC,0,7.691118308265906e-10,79127.5,3.042894819686552e-08
2026-02-02 16:30:00+00:00,risk_reduce,TRX,7,-0.00021458059722856415,0.28459,3.053374608263854e-08
2026-02-02 16:30:00+00:00,risk_reduce,LINK,8,6.24801659163815e-06,9.99,3.120884287523256e-08
2026-02-02 16:30:00+00:00,risk_reduce,FIL,16,-5.725391865410434e-05,1.092,3.126063958514097e-08
2026-02-08 16:05:00+00:00,exit_scheduled,BTC,0,2.722999329593897e-06,71212.5,9.69557948793527e-05
2026-02-08 16:05:00+00:00,exit_scheduled,TRX,7,-0.7597111355954318,0.27935,0.00010611265286429193
2026-02-08 16:05:00+00:00,exit_scheduled,LINK,8,0.02212076879903317,8.894,9.83710588493005e-05
2026-02-08 16:05:00+00:00,exit_scheduled,FIL,16,-0.20270443889051393,0.946,9.587919959521309e-05
2026-03-22 16:05:00+00:00,entry,LINK,8,-0.027847000361853832,8.787,0.00012234579608980483
2026-03-22 16:05:00+00:00,entry,DOT,13,0.16365519598014808,1.432,0.00011717712032178603
2026-03-22 16:05:00+00:00,entry,FIL,16,0.2383162860646273,0.874,0.00010414421701024213
2026-03-22 16:05:00+00:00,entry,UNI,17,-0.05686615411791055,3.481,9.897554124222332e-05
2026-03-22 16:10:00+00:00,risk_reduce,LINK,8,1.4309186499947973e-05,8.79,6.288887466727133e-08
2026-03-22 16:10:00+00:00,risk_reduce,DOT,13,-8.409425397837289e-05,1.434,6.029558010249337e-08
2026-03-22 16:10:00+00:00,risk_reduce,FIL,16,-0.0001224588694998252,0.876,5.363698484092344e-08
2026-03-22 16:10:00+00:00,risk_reduce,UNI,17,2.9220684247294182e-05,3.483,5.088782161666282e-08
2026-03-22 16:15:00+00:00,risk_reduce,LINK,8,8.79329323059258e-06,8.79,3.8646523748454385e-08
2026-03-22 16:15:00+00:00,risk_reduce,DOT,13,-5.1677671141003856e-05,1.435,3.7078729043670266e-08
2026-03-22 16:15:00+00:00,risk_reduce,FIL,16,-7.52535266908827e-05,0.878,3.30362982172975e-08
2026-03-22 16:15:00+00:00,risk_reduce,UNI,17,1.7956719271634836e-05,3.485,3.12895833308237e-08
2026-03-22 16:20:00+00:00,risk_reduce,LINK,8,7.414998858604194e-06,8.799,3.262228747842915e-08
2026-03-22 16:20:00+00:00,risk_reduce,DOT,13,-4.3577515553866464e-05,1.435,3.126686740989919e-08
2026-03-22 16:20:00+00:00,risk_reduce,FIL,16,-6.345800144336167e-05,0.877,2.7826333632914093e-08
2026-03-22 16:20:00+00:00,risk_reduce,UNI,17,1.5142114497011805e-05,3.483,2.636999239654606e-08
2026-03-22 16:25:00+00:00,risk_reduce,LINK,8,5.137269983648829e-07,8.791,2.258087021312843e-09
2026-03-22 16:25:00+00:00,risk_reduce,DOT,13,-3.019143588356421e-06,1.434,2.164725952851554e-09
2026-03-22 16:25:00+00:00,risk_reduce,FIL,16,-4.396506220083474e-06,0.878,1.930066230616645e-09
2026-03-22 16:25:00+00:00,risk_reduce,UNI,17,1.0490781155586548e-06,3.487,1.8290676944765148e-09
2026-03-23 02:30:00+00:00,risk_reduce,LINK,8,1.4965638716064877e-05,8.764,6.557942885379628e-08
2026-03-23 02:30:00+00:00,risk_reduce,DOT,13,-8.795218534204952e-05,1.434,6.30617168902495e-08
2026-03-23 02:30:00+00:00,risk_reduce,FIL,16,-0.0001280768266259391,0.862,5.5201112275779755e-08
2026-03-23 02:30:00+00:00,risk_reduce,UNI,17,3.0561220477683115e-05,3.509,5.3619661328095023e-08
2026-03-23 03:05:00+00:00,risk_reduce,LINK,8,3.0683992941368116e-05,8.763,1.344419150726044e-07
2026-03-23 03:05:00+00:00,risk_reduce,DOT,13,-0.00018032803580353418,1.436,1.2947552970693754e-07
2026-03-23 03:05:00+00:00,risk_reduce,FIL,16,-0.00026259543736845137,0.863,1.1330993122448676e-07
2026-03-23 03:05:00+00:00,risk_reduce,UNI,17,6.265955574687176e-05,3.518,1.1021815855874743e-07
2026-03-23 05:00:00+00:00,risk_reduce,LINK,8,1.2116785309268518e-06,8.752,5.302305251335904e-09
2026-03-23 05:00:00+00:00,risk_reduce,DOT,13,-7.120964012896636e-06,1.438,5.119973125272681e-09
2026-03-23 05:00:00+00:00,risk_reduce,FIL,16,-1.0369616965627548e-05,0.865,4.4848593376339145e-09
2026-03-23 05:00:00+00:00,risk_reduce,UNI,17,2.4743597940787843e-06,3.523,4.3585847772697786e-09
2026-03-23 05:05:00+00:00,risk_reduce,LINK,8,6.030483020617872e-05,8.765,2.642859183785782e-07
2026-03-23 05:05:00+00:00,risk_reduce,DOT,13,-0.0003544079677414991,1.441,2.553509407577501e-07
2026-03-23 05:05:00+00:00,risk_reduce,FIL,16,-0.0005160923251963934,0.865,2.2320993064744012e-07
2026-03-23 05:05:00+00:00,risk_reduce,UNI,17,0.00012314804912548494,3.534,2.1760260280473186e-07
2026-03-23 05:10:00+00:00,risk_reduce,LINK,8,4.780027494773187e-06,8.763,2.094369046834872e-08
2026-03-23 05:10:00+00:00,risk_reduce,DOT,13,-2.8091942625152466e-05,1.437,2.0184060776172047e-08
2026-03-23 05:10:00+00:00,risk_reduce,FIL,16,-4.0907759724151393e-05,0.865,1.7692606080695477e-08
2026-03-23 05:10:00+00:00,risk_reduce,UNI,17,9.761258903062675e-06,3.537,1.726278637006634e-08
2026-03-23 05:15:00+00:00,risk_reduce,LINK,8,3.14190206543892e-05,8.769,1.3775669605916945e-07
2026-03-23 05:15:00+00:00,risk_reduce,DOT,13,-0.0001846477507768396,1.438,1.3276173280854768e-07
2026-03-23 05:15:00+00:00,risk_reduce,FIL,16,-0.0002688858482725043,0.866,1.1642757230199436e-07
2026-03-23 05:15:00+00:00,risk_reduce,UNI,17,6.416055042013369e-05,3.543,1.1366041506926683e-07
2026-03-23 11:10:00+00:00,risk_reduce,LINK,8,0.0009328710083717114,9.128,4.2576232822084905e-06
2026-03-23 11:10:00+00:00,risk_reduce,DOT,13,-0.00548242847399838,1.478,4.051514642284803e-06
2026-03-23 11:10:00+00:00,risk_reduce,FIL,16,-0.007983565597860676,0.889,3.5486949082490706e-06
2026-03-23 11:10:00+00:00,risk_reduce,UNI,17,0.0019050090079671608,3.642,3.4690214035082e-06
2026-03-23 14:10:00+00:00,risk_reduce,LINK,8,4.8334011894940465e-05,9.194,2.2219145268104134e-07
2026-03-23 14:10:00+00:00,risk_reduce,DOT,13,-0.0002840561671413888,1.483,2.1062764793533983e-07
2026-03-23 14:10:00+00:00,risk_reduce,FIL,16,-0.00041364534979446144,0.904,1.869676981070966e-07
2026-03-23 14:10:00+00:00,risk_reduce,UNI,17,9.870252931513945e-05,3.621,1.7870092932505997e-07
2026-03-23 15:05:00+00:00,risk_reduce,LINK,8,3.338749541439631e-05,9.261,1.546007975163621e-07
2026-03-23 15:05:00+00:00,risk_reduce,DOT,13,-0.00019621636206154647,1.468,1.440228097531751e-07
2026-03-23 15:05:00+00:00,risk_reduce,FIL,16,-0.00028573217239794,0.909,1.2986527235486375e-07
2026-03-23 15:05:00+00:00,risk_reduce,UNI,17,6.818035821361951e-05,3.6,1.2272464478451513e-07
2026-03-24 23:40:00+00:00,risk_reduce,LINK,8,1.5569906867719807e-06,9.262,7.210423870441043e-09
2026-03-24 23:40:00+00:00,risk_reduce,DOT,13,-9.150343400432526e-06,1.399,6.4006652086025515e-09
2026-03-24 23:40:00+00:00,risk_reduce,FIL,16,-1.3324818942311856e-05,0.924,6.156066351348078e-09
2026-03-24 23:40:00+00:00,risk_reduce,UNI,17,3.1795192014794083e-06,3.61,5.7390321586703315e-09
2026-03-25 00:40:00+00:00,risk_reduce,LINK,8,2.71902757054375e-05,9.284,1.262172598246409e-07
2026-03-25 00:40:00+00:00,risk_reduce,DOT,13,-0.0001597956635007447,1.404,1.1217655577752278e-07
2026-03-25 00:40:00+00:00,risk_reduce,FIL,16,-0.00023269599737821278,0.923,1.073892027900452e-07
2026-03-25 00:40:00+00:00,risk_reduce,UNI,17,5.552506153919806e-05,3.608,1.0016721101671331e-07
2026-03-25 00:45:00+00:00,risk_reduce,LINK,8,2.496469477228716e-05,9.293,1.1599845425943229e-07
2026-03-25 00:45:00+00:00,risk_reduce,DOT,13,-0.0001467160542411583,1.406,1.0314138613153428e-07
2026-03-25 00:45:00+00:00,risk_reduce,FIL,16,-0.00021364934332454566,0.924,9.87059966159401e-08
2026-03-25 00:45:00+00:00,risk_reduce,UNI,17,5.098021912522399e-05,3.611,9.204478563059192e-08
2026-03-25 05:10:00+00:00,risk_reduce,LINK,8,7.276786264717727e-05,9.306,3.3858886489731587e-07
2026-03-25 05:10:00+00:00,risk_reduce,DOT,13,-0.0004276524820567007,1.396,2.9850143247557706e-07
2026-03-25 05:10:00+00:00,risk_reduce,FIL,16,-0.0006227516984088355,0.916,2.8522027787124666e-07
2026-03-25 05:10:00+00:00,risk_reduce,UNI,17,0.00014859871578103145,3.631,2.697809685004626e-07
2026-03-25 05:30:00+00:00,risk_reduce,LINK,8,4.682823804776776e-06,9.299,2.177278928030962e-08
2026-03-25 05:30:00+00:00,risk_reduce,DOT,13,-2.7520682211817915e-05,1.394,1.9181915501637087e-08
2026-03-25 05:30:00+00:00,risk_reduce,FIL,16,-4.0075884761292535e-05,0.917,1.837479316305263e-08
2026-03-25 05:30:00+00:00,risk_reduce,UNI,17,9.562759964415468e-06,3.636,1.7385097615307323e-08
2026-03-25 05:40:00+00:00,risk_reduce,LINK,8,1.3127972971982427e-05,9.303,6.106476627917626e-08
2026-03-25 05:40:00+00:00,risk_reduce,DOT,13,-7.715233100996644e-05,1.394,5.377517471394661e-08
2026-03-25 05:40:00+00:00,risk_reduce,FIL,16,-0.00011234997384226841,0.918,5.156863799360121e-08
2026-03-25 05:40:00+00:00,risk_reduce,UNI,17,2.680853681114037e-05,3.638,4.876472845946434e-08
2026-03-25 05:45:00+00:00,risk_reduce,LINK,8,1.3992464997739096e-05,9.313,6.51559132619721e-08
2026-03-25 05:45:00+00:00,risk_reduce,DOT,13,-8.223290019368501e-05,1.394,5.7316331434998453e-08
2026-03-25 05:45:00+00:00,risk_reduce,FIL,16,-0.0001197483480381567,0.916,5.4844743401475776e-08
2026-03-25 05:45:00+00:00,risk_reduce,UNI,17,2.8573909602876146e-05,3.638,5.197594156763171e-08
2026-03-25 06:25:00+00:00,risk_reduce,LINK,8,2.0747212727392772e-05,9.335,9.683761540510578e-08
2026-03-25 06:25:00+00:00,risk_reduce,DOT,13,-0.00012193015839490062,1.384,8.437566960927123e-08
2026-03-25 06:25:00+00:00,risk_reduce,FIL,16,-0.0001775558810333533,0.913,8.105425969172578e-08
2026-03-25 06:25:00+00:00,risk_reduce,UNI,17,4.236773013761158e-05,3.636,7.702453339017786e-08
2026-03-25 06:30:00+00:00,risk_reduce,LINK,8,4.0128544876980726e-05,9.345,1.8750062593769247e-07
2026-03-25 06:30:00+00:00,risk_reduce,DOT,13,-0.00023583311634658988,1.387,1.6355026618636008e-07
2026-03-25 06:30:00+00:00,risk_reduce,FIL,16,-0.00034342247480845245,0.915,1.5711578222486702e-07
2026-03-25 06:30:00+00:00,risk_reduce,UNI,17,8.194620561817467e-05,3.643,1.4926501353350519e-07
2026-03-25 06:35:00+00:00,risk_reduce,LINK,8,1.8409840741504674e-05,9.344,8.601077594430983e-08
2026-03-25 06:35:00+00:00,risk_reduce,DOT,13,-0.00010819355964247768,1.388,7.50863303918795e-08
2026-03-25 06:35:00+00:00,risk_reduce,FIL,16,-0.00015755251249849334,0.916,7.215905072430996e-08
2026-03-25 06:35:00+00:00,risk_reduce,UNI,17,3.7594600039096704e-05,3.649,6.859134777133194e-08
2026-03-25 07:40:00+00:00,risk_reduce,LINK,8,2.5623050043312168e-05,9.343,1.196980782773328e-07
2026-03-25 07:40:00+00:00,risk_reduce,DOT,13,-0.00015058516974744696,1.383,1.0412964488035956e-07
2026-03-25 07:40:00+00:00,risk_reduce,FIL,16,-0.0002192835869078147,0.918,1.0065116639068696e-07
2026-03-25 07:40:00+00:00,risk_reduce,UNI,17,5.232464157001182e-05,3.658,9.570176943155161e-08
2026-03-25 08:30:00+00:00,risk_reduce,LINK,8,5.786315858746435e-05,9.349,2.7048133481710213e-07
2026-03-25 08:30:00+00:00,risk_reduce,DOT,13,-0.0003400584061339085,1.396,2.373607674814681e-07
2026-03-25 08:30:00+00:00,risk_reduce,FIL,16,-0.0004951963541977578,0.922,2.2828551928516633e-07
2026-03-25 08:30:00+00:00,risk_reduce,UNI,17,0.00011816192951580318,3.671,2.1688622162625673e-07
2026-03-25 08:35:00+00:00,risk_reduce,LINK,8,0.00015030126518947654,9.403,7.06641398288324e-07
2026-03-25 08:35:00+00:00,risk_reduce,DOT,13,-0.0008833117639608645,1.394,6.156682994807225e-07
2026-03-25 08:35:00+00:00,risk_reduce,FIL,16,-0.0012862871708019807,0.924,5.942646729105151e-07
2026-03-25 08:35:00+00:00,risk_reduce,UNI,17,0.0003069291054446921,3.693,5.667445932036241e-07
2026-03-25 08:45:00+00:00,risk_reduce,LINK,8,1.5332043914434434e-05,9.391,7.199161220022688e-08
2026-03-25 08:45:00+00:00,risk_reduce,DOT,13,-9.01055273095086e-05,1.39,6.262334148010848e-08
2026-03-25 08:45:00+00:00,risk_reduce,FIL,16,-0.0001312125441156331,0.917,6.016095147701779e-08
2026-03-25 08:45:00+00:00,risk_reduce,UNI,17,3.1309453831694645e-05,3.706,5.8016417950130177e-08
2026-03-25 10:30:00+00:00,risk_reduce,LINK,8,2.1695900799409418e-05,9.388,1.0184055835242781e-07
2026-03-25 10:30:00+00:00,risk_reduce,DOT,13,-0.00012750554282883741,1.393,8.880761058028526e-08
2026-03-25 10:30:00+00:00,risk_reduce,FIL,16,-0.0001856748100030614,0.931,8.643162405642509e-08
2026-03-25 10:30:00+00:00,risk_reduce,UNI,17,4.4305039054629014e-05,3.711,8.220799996586414e-08
2026-03-25 10:50:00+00:00,risk_reduce,LINK,8,3.785428312988795e-05,9.387,1.7766907787012912e-07
2026-03-25 10:50:00+00:00,risk_reduce,DOT,13,-0.00022246741278444948,1.392,1.548373192979768e-07
2026-03-25 10:50:00+00:00,risk_reduce,FIL,16,-0.0003239592074524289,0.931,1.5080301106910568e-07
2026-03-25 10:50:00+00:00,risk_reduce,UNI,17,7.730195247298427e-05,3.724,1.4393623550469672e-07
2026-03-25 11:35:00+00:00,risk_reduce,LINK,8,2.793799049371007e-05,9.437,1.3182540814457095e-07
2026-03-25 11:35:00+00:00,risk_reduce,DOT,13,-0.00016418993967490247,1.392,1.1427619801373211e-07
2026-03-25 11:35:00+00:00,risk_reduce,FIL,16,-0.00023909498502719395,0.934,1.1165735800769959e-07
2026-03-25 11:35:00+00:00,risk_reduce,UNI,17,5.705196439528826e-05,3.708,1.0577434198886444e-07
2026-03-25 12:05:00+00:00,risk_reduce,LINK,8,1.6016776909454078e-05,9.424,7.547105279734761e-08
2026-03-25 12:05:00+00:00,risk_reduce,DOT,13,-9.412966316033056e-05,1.388,6.53259862332694e-08
2026-03-25 12:05:00+00:00,risk_reduce,FIL,16,-0.00013707252983038987,0.935,6.408140769570727e-08
2026-03-25 12:05:00+00:00,risk_reduce,UNI,17,3.2707742032171694e-05,3.72,6.083640017983935e-08
2026-03-25 12:10:00+00:00,risk_reduce,LINK,8,7.955124249032705e-05,9.448,3.7580006952430503e-07
2026-03-25 12:10:00+00:00,risk_reduce,DOT,13,-0.00046751800951791433,1.392,3.253925346244684e-07
2026-03-25 12:10:00+00:00,risk_reduce,FIL,16,-0.0006808042667350023,0.934,3.179355925652461e-07
2026-03-25 12:10:00+00:00,risk_reduce,UNI,17,0.00016245100574362875,3.734,3.0329602772335487e-07
2026-03-25 13:15:00+00:00,risk_reduce,LINK,8,3.7213364398627075e-05,9.451,1.7585175346571225e-07
2026-03-25 13:15:00+00:00,risk_reduce,DOT,13,-0.00021870077080476946,1.384,1.5134093339690048e-07
2026-03-25 13:15:00+00:00,risk_reduce,FIL,16,-0.000318474186813994,0.934,1.487274452421352e-07
2026-03-25 13:15:00+00:00,risk_reduce,UNI,17,7.599313705749372e-05,3.746,1.4233514570868574e-07
2026-03-25 13:35:00+00:00,risk_reduce,LINK,8,2.5102625251169353e-06,9.453,1.1864755824965193e-08
2026-03-25 13:35:00+00:00,risk_reduce,DOT,13,-1.4752666361583788e-05,1.383,1.020146878903519e-08
2026-03-25 13:35:00+00:00,risk_reduce,FIL,16,-2.1482976057002334e-05,0.934,1.003254981862009e-08
2026-03-25 13:35:00+00:00,risk_reduce,UNI,17,5.12618859391939e-06,3.746,9.601351236411017e-09
2026-03-25 13:40:00+00:00,risk_reduce,LINK,8,2.3861277217936128e-05,9.47,1.1298314762692758e-07
2026-03-25 13:40:00+00:00,risk_reduce,DOT,13,-0.00014023133366949936,1.38,9.675962023195456e-08
2026-03-25 13:40:00+00:00,risk_reduce,FIL,16,-0.0002042062302382297,0.934,9.536430952125328e-08
2026-03-25 13:40:00+00:00,risk_reduce,UNI,17,4.872693827318031e-05,3.746,9.126555538566673e-08
2026-03-30 00:05:00+00:00,exit_scheduled,LINK,8,0.025924682152410367,8.401,0.00010889662738119975
2026-03-30 00:05:00+00:00,exit_scheduled,DOT,13,-0.1523578440494307,1.26,9.598544175114135e-05
2026-03-30 00:05:00+00:00,exit_scheduled,FIL,16,-0.22186497244535058,0.801,8.885692146436292e-05
2026-03-30 00:05:00+00:00,exit_scheduled,UNI,17,0.05294060227601007,3.353,8.87549197157309e-05
2026-04-08 16:05:00+00:00,entry,SOL,3,0.002846005127082269,83.35,0.00011860726367115355
2026-04-08 16:05:00+00:00,entry,LINK,8,-0.022044576692548445,9.034,9.957535292024134e-05
2026-04-08 16:05:00+00:00,entry,DOT,13,0.150289212932796,1.29,9.693654234165343e-05
2026-04-08 16:05:00+00:00,entry,NEAR,18,-0.1723156806724601,1.346,0.00011596845309256565
2026-04-08 16:20:00+00:00,risk_reduce,SOL,3,-2.4778326281455453e-06,83.27,1.0316456147283978e-07
2026-04-08 16:20:00+00:00,risk_reduce,LINK,8,1.919278742075134e-05,9.045,8.679938111034793e-08
2026-04-08 16:20:00+00:00,risk_reduce,DOT,13,-0.0001308470992970323,1.289,8.433095549693733e-08
2026-04-08 16:20:00+00:00,risk_reduce,NEAR,18,0.0001500241204235031,1.347,1.0104124510522934e-07
2026-04-08 16:45:00+00:00,risk_reduce,SOL,3,-1.5738884130093306e-06,83.26,6.552097463357843e-08
2026-04-08 16:45:00+00:00,risk_reduce,LINK,8,1.2191019438417827e-05,9.049,5.515826744912145e-08
2026-04-08 16:45:00+00:00,risk_reduce,DOT,13,-8.311244719286237e-05,1.288,5.352441599220337e-08
2026-04-08 16:45:00+00:00,risk_reduce,NEAR,18,9.529345207759388e-05,1.348,6.422778670029828e-08
2026-04-08 16:50:00+00:00,risk_reduce,SOL,3,-6.015465153848005e-06,83.4,2.5084489691546184e-07
2026-04-08 16:50:00+00:00,risk_reduce,LINK,8,4.659456923090943e-05,9.059,2.1105010133140428e-07
2026-04-08 16:50:00+00:00,risk_reduce,DOT,13,-0.0003176591337779311,1.292,2.052078004205435e-07
2026-04-08 16:50:00+00:00,risk_reduce,NEAR,18,0.0003642154269797304,1.352,2.462096286382978e-07
2026-04-08 16:55:00+00:00,risk_reduce,SOL,3,-9.371949538888695e-07,83.4,3.908102957716586e-08
2026-04-08 16:55:00+00:00,risk_reduce,LINK,8,7.259321439825189e-06,9.058,3.287746680096828e-08
2026-04-08 16:55:00+00:00,risk_reduce,DOT,13,-4.9490526438017435e-05,1.292,3.1970880078959264e-08
2026-04-08 16:55:00+00:00,risk_reduce,NEAR,18,5.674388456486379e-05,1.353,3.838723790813036e-08
2026-04-08 17:00:00+00:00,risk_reduce,SOL,3,-5.564068290583694e-07,83.46,2.3218856976605756e-08
2026-04-08 17:00:00+00:00,risk_reduce,LINK,8,4.309814096509906e-06,9.062,1.9527767671286382e-08
2026-04-08 17:00:00+00:00,risk_reduce,DOT,13,-2.9382218469625743e-05,1.291,1.8966222022143414e-08
2026-04-08 17:00:00+00:00,risk_reduce,NEAR,18,3.368849218424175e-05,1.353,2.279026496263954e-08
2026-04-08 17:05:00+00:00,risk_reduce,SOL,3,-5.7862957736297925e-06,83.48,2.4151998559130757e-07
2026-04-08 17:05:00+00:00,risk_reduce,LINK,8,4.48194698364178e-05,9.071,2.0327870544307292e-07
2026-04-08 17:05:00+00:00,risk_reduce,DOT,13,-0.00030555736858658977,1.296,1.9800117484411018e-07
2026-04-08 17:05:00+00:00,risk_reduce,NEAR,18,0.0003503400205843721,1.357,2.3770570396649647e-07
2026-04-08 17:10:00+00:00,risk_reduce,SOL,3,-5.675986837712366e-06,83.44,2.3680217086935988e-07
2026-04-08 17:10:00+00:00,risk_reduce,LINK,8,4.39650392612366e-05,9.073,1.9944740060859984e-07
2026-04-08 17:10:00+00:00,risk_reduce,DOT,13,-0.00029973227607332786,1.298,1.945262471715898e-07
2026-04-08 17:10:00+00:00,risk_reduce,NEAR,18,0.00034366119938478157,1.362,2.3403327678103628e-07
2026-04-08 17:15:00+00:00,risk_reduce,SOL,3,-5.547794965373755e-06,83.71,2.322029582757185e-07
2026-04-08 17:15:00+00:00,risk_reduce,LINK,8,4.297209109882863e-05,9.081,1.9511477963423138e-07
2026-04-08 17:15:00+00:00,risk_reduce,DOT,13,-0.00029296283795290923,1.297,1.8998640041246165e-07
2026-04-08 17:15:00+00:00,risk_reduce,NEAR,18,0.00033589962877883517,1.366,2.2941944645594444e-07
2026-04-09 15:55:00+00:00,risk_reduce,SOL,3,-4.885726197520132e-06,83.78,2.0466307041411833e-07
2026-04-09 15:55:00+00:00,risk_reduce,LINK,8,3.7843841121411315e-05,8.941,1.691808917332693e-07
2026-04-09 15:55:00+00:00,risk_reduce,DOT,13,-0.00025800092130656704,1.284,1.6563659147881607e-07
2026-04-09 15:55:00+00:00,risk_reduce,NEAR,18,0.0002958136748573148,1.389,2.0544259718840513e-07
2026-04-09 22:10:00+00:00,risk_reduce,SOL,3,-2.9025720372386973e-06,84.52,1.2266269429370734e-07
2026-04-09 22:10:00+00:00,risk_reduce,LINK,8,2.2482732470040234e-05,9.056,1.0180181262434218e-07
2026-04-09 22:10:00+00:00,risk_reduce,DOT,13,-0.0001532763461338238,1.32,1.0116238844832371e-07
2026-04-09 22:10:00+00:00,risk_reduce,NEAR,18,0.00017574060971928263,1.375,1.208216691820068e-07
2026-04-09 22:20:00+00:00,risk_reduce,SOL,3,-2.017309454527879e-05,85.39,8.61290271610678e-07
2026-04-09 22:20:00+00:00,risk_reduce,LINK,8,0.00015625668611684781,9.139,7.140149272109361e-07
2026-04-09 22:20:00+00:00,risk_reduce,DOT,13,-0.0010652821643849508,1.342,7.148043323023021e-07
2026-04-09 22:20:00+00:00,risk_reduce,NEAR,18,0.0012214104903610634,1.382,8.439946488394947e-07
2026-04-10 15:10:00+00:00,risk_reduce,SOL,3,-6.921963644165776e-06,85.17,2.9477182178679956e-07
2026-04-10 15:10:00+00:00,risk_reduce,LINK,8,5.361612210912775e-05,9.139,2.4499886997765926e-07
2026-04-10 15:10:00+00:00,risk_reduce,DOT,13,-0.0003655286696892246,1.316,2.405178646555098e-07
2026-04-10 15:10:00+00:00,risk_reduce,NEAR,18,0.0004191007477759856,1.39,2.9127501970431e-07
2026-04-11 17:35:00+00:00,risk_reduce,SOL,3,-1.545292938499431e-05,84.91,6.560541170399335e-07
2026-04-11 17:35:00+00:00,risk_reduce,LINK,8,0.00011969524710634533,9.102,5.447330695809776e-07
2026-04-11 17:35:00+00:00,risk_reduce,DOT,13,-0.0008160240375806316,1.292,5.27151528277088e-07
2026-04-11 17:35:00+00:00,risk_reduce,NEAR,18,0.0009356209586623698,1.411,6.60080586336302e-07
2026-04-11 17:40:00+00:00,risk_reduce,SOL,3,-3.828650390228644e-06,84.88,1.6248792256130364e-07
2026-04-11 17:40:00+00:00,risk_reduce,LINK,8,2.9655946980983172e-05,9.1,1.349345587634734e-07
2026-04-11 17:40:00+00:00,risk_reduce,DOT,13,-0.00020217983736811607,1.292,1.3060817493980298e-07
2026-04-11 17:40:00+00:00,risk_reduce,NEAR,18,0.00023181142288578038,1.415,1.6400658169168963e-07
2026-04-11 18:35:00+00:00,risk_reduce,SOL,3,-8.333713720412757e-06,85.13,3.54724524509369e-07
2026-04-11 18:35:00+00:00,risk_reduce,LINK,8,6.455125097814748e-05,9.138,2.9493466571915584e-07
2026-04-11 18:35:00+00:00,risk_reduce,DOT,13,-0.00044007906518850337,1.293,2.845111156443674e-07
2026-04-11 18:35:00+00:00,risk_reduce,NEAR,18,0.0005045772892667277,1.418,3.5774529809011e-07
2026-04-11 18:40:00+00:00,risk_reduce,SOL,3,-7.871361107384019e-06,85.5,3.365006873406668e-07
2026-04-11 18:40:00+00:00,risk_reduce,LINK,8,6.0969961703603165e-05,9.209,2.8073618866424075e-07
2026-04-11 18:40:00+00:00,risk_reduce,DOT,13,-0.0004156635749814619,1.3,2.7018132373795023e-07
2026-04-11 18:40:00+00:00,risk_reduce,NEAR,18,0.0004765834517059253,1.416,3.3742108380779507e-07
2026-04-11 19:35:00+00:00,risk_reduce,SOL,3,-1.0949094894729776e-06,86.08,4.7124904426916956e-08
2026-04-11 19:35:00+00:00,risk_reduce,LINK,8,8.480946145320023e-06,9.265,3.928798301819501e-08
2026-04-11 19:35:00+00:00,risk_reduce,DOT,13,-5.781897012049897e-05,1.309,3.784251594386657e-08
2026-04-11 19:35:00+00:00,risk_reduce,NEAR,18,6.629294942511743e-05,1.409,4.670338286999524e-08
2026-04-11 19:45:00+00:00,risk_reduce,SOL,3,-1.2206638603301165e-06,86.05,5.251906259070326e-08
2026-04-11 19:45:00+00:00,risk_reduce,LINK,8,9.455013917161054e-06,9.259,4.37719869294971e-08
2026-04-11 19:45:00+00:00,risk_reduce,DOT,13,-6.445969091159465e-05,1.309,4.218886770163869e-08
2026-04-11 19:45:00+00:00,risk_reduce,NEAR,18,7.390693782086122e-05,1.411,5.214134463261759e-08
2026-04-11 22:20:00+00:00,risk_reduce,SOL,3,-1.4633377758309016e-06,85.86,6.282109071642061e-08
2026-04-11 22:20:00+00:00,risk_reduce,LINK,8,1.1334716694441638e-05,9.197,5.2122694719389865e-08
2026-04-11 22:20:00+00:00,risk_reduce,DOT,13,-7.72745911424011e-05,1.299,5.018984694698951e-08
2026-04-11 22:20:00+00:00,risk_reduce,NEAR,18,8.859999670995933e-05,1.421,6.295029766242611e-08
2026-04-11 22:25:00+00:00,risk_reduce,SOL,3,-1.2528226232579043e-06,85.76,5.372103408529894e-08
2026-04-11 22:25:00+00:00,risk_reduce,LINK,8,9.704109152072066e-06,9.191,4.4595233608347184e-08
2026-04-11 22:25:00+00:00,risk_reduce,DOT,13,-6.615790119354759e-05,1.301,4.30357147264027e-08
2026-04-11 22:25:00+00:00,risk_reduce,NEAR,18,7.585403871349095e-05,1.423,5.397014854464881e-08
2026-04-13 23:30:00+00:00,risk_reduce,SOL,3,-6.721761082758779e-06,86.58,2.9098503727262754e-07
2026-04-13 23:30:00+00:00,risk_reduce,LINK,8,5.2065393799826526e-05,9.419,2.4520197210028304e-07
2026-04-13 23:30:00+00:00,risk_reduce,DOT,13,-0.00035495655753994826,1.236,2.1936315255968803e-07
2026-04-13 23:30:00+00:00,risk_reduce,NEAR,18,0.00040697918119378396,1.406,2.861063643792301e-07
2026-04-13 23:35:00+00:00,risk_reduce,SOL,3,-2.2685208315720296e-06,86.5,9.811352596549028e-08
2026-04-13 23:35:00+00:00,risk_reduce,LINK,8,1.7571500829132586e-05,9.383,8.243669613987552e-08
2026-04-13 23:35:00+00:00,risk_reduce,DOT,13,-0.00011979395506156454,1.234,7.391287027298531e-08
2026-04-13 23:35:00+00:00,risk_reduce,NEAR,18,0.00013735102143430655,1.413,9.703849664333759e-08
2026-04-13 23:40:00+00:00,risk_reduce,SOL,3,-5.360282968619717e-06,86.5,2.3183223839280274e-07
2026-04-13 23:40:00+00:00,risk_reduce,LINK,8,4.151966132142498e-05,9.387,1.9487253041210815e-07
2026-04-13 23:40:00+00:00,risk_reduce,DOT,13,-0.0002830608774330723,1.229,1.7394090918262295e-07
2026-04-13 23:40:00+00:00,risk_reduce,NEAR,18,0.00032454643160872987,1.418,2.3010342001058947e-07
2026-04-16 00:05:00+00:00,exit_scheduled,SOL,3,-0.0027276819518685376,84.59,0.0001153673081542798
2026-04-16 00:05:00+00:00,exit_scheduled,LINK,8,0.021128069450279664,9.236,9.75694247213915e-05
2026-04-16 00:05:00+00:00,exit_scheduled,DOT,13,-0.1440409118649718,1.176,8.469605617660343e-05
2026-04-16 00:05:00+00:00,exit_scheduled,NEAR,18,0.16515162524534147,1.409,0.00011634931998534307
2026-04-18 00:05:00+00:00,entry,LINK,8,-0.020897516063843217,9.611,0.00010042301344479858
2026-04-18 00:05:00+00:00,entry,DOT,13,0.17138807778652598,1.338,0.0001146586240391859
2026-04-18 00:05:00+00:00,entry,XLM,15,1.090816239273657,0.17432,9.507554341509193e-05
2026-04-18 00:05:00+00:00,entry,NEAR,18,-0.1556030662056644,1.405,0.00010931115400947924
2026-04-18 00:20:00+00:00,risk_reduce,LINK,8,4.058761901407776e-06,9.619,1.9520615364820696e-08
2026-04-18 00:20:00+00:00,risk_reduce,DOT,13,-3.328737244895352e-05,1.335,2.2219321109676475e-08
2026-04-18 00:20:00+00:00,risk_reduce,XLM,15,-0.00021186074841983427,0.17337,1.836514897677333e-08
2026-04-18 00:20:00+00:00,risk_reduce,NEAR,18,3.022157250306967e-05,1.405,2.1230654683406443e-08
2026-04-18 01:15:00+00:00,risk_reduce,LINK,8,2.5802952826534803e-05,9.642,1.2439603557672426e-07
2026-04-18 01:15:00+00:00,risk_reduce,DOT,13,-0.00021161933660659993,1.34,1.4178495552642197e-07
2026-04-18 01:15:00+00:00,risk_reduce,XLM,15,-0.0013468720339013807,0.17371,1.1698257050450443e-07
2026-04-18 01:15:00+00:00,risk_reduce,NEAR,18,0.00019212898627293806,1.405,1.3497061285673899e-07
2026-04-18 06:45:00+00:00,risk_reduce,LINK,8,7.518274335747283e-05,9.621,3.6166658692112306e-07
2026-04-18 06:45:00+00:00,risk_reduce,DOT,13,-0.0006166008355916186,1.338,4.125059590107929e-07
2026-04-18 06:45:00+00:00,risk_reduce,XLM,15,-0.003924416524764274,0.1742,3.4181667930696823e-07
2026-04-18 06:45:00+00:00,risk_reduce,NEAR,18,0.0005598112884055706,1.418,3.9690620347954957e-07
2026-04-18 07:15:00+00:00,risk_reduce,LINK,8,4.886036396312132e-08,9.614,2.348717695707242e-10
2026-04-18 07:15:00+00:00,risk_reduce,DOT,13,-4.00721494070444e-07,1.336,2.6768195803905663e-10
2026-04-18 07:15:00+00:00,risk_reduce,XLM,15,-2.5504312715085575e-06,0.17437,2.2235935040647358e-10
2026-04-18 07:15:00+00:00,risk_reduce,NEAR,18,3.6381464788015627e-07,1.419,2.581264926709709e-10
2026-04-18 07:35:00+00:00,risk_reduce,LINK,8,2.645299659546213e-06,9.615,1.271727811326842e-08
2026-04-18 07:35:00+00:00,risk_reduce,DOT,13,-2.169505803628624e-05,1.337,1.4503146297257353e-08
2026-04-18 07:35:00+00:00,risk_reduce,XLM,15,-0.00013808032579398777,0.17483,1.2070291679281442e-08
2026-04-18 07:35:00+00:00,risk_reduce,NEAR,18,1.969692172029691e-05,1.419,1.397496596055066e-08
2026-04-18 07:45:00+00:00,risk_reduce,LINK,8,8.191489293936371e-06,9.608,3.9351914568070335e-08
2026-04-18 07:45:00+00:00,risk_reduce,DOT,13,-6.718136260824847e-05,1.338,4.494433158491823e-08
2026-04-18 07:45:00+00:00,risk_reduce,XLM,15,-0.00042758237478390804,0.17484,3.737925120360924e-08
2026-04-18 07:45:00+00:00,risk_reduce,NEAR,18,6.099389262501087e-05,1.421,4.3336160710070224e-08
2026-04-25 08:05:00+00:00,exit_scheduled,LINK,8,0.020781585956440356,9.401,9.76838447882479e-05
2026-04-25 08:05:00+00:00,exit_scheduled,DOT,13,-0.1704372930997402,1.265,0.00010780158788558568
2026-04-25 08:05:00+00:00,exit_scheduled,XLM,15,-1.084764876834722,0.17303,9.384843331935597e-05
2026-04-25 08:05:00+00:00,exit_scheduled,NEAR,18,0.15473984972948962,1.415,0.00010947844368361391
