strategy,horizon_min,signal_time,entry_time,exit_time,n,price_return,funding_return,gross_return,signal_rate_mean_bp
funding_reversal_q5,480,2026-03-01 08:00:00+00:00,2026-03-01 08:15:00+00:00,2026-03-01 16:15:00+00:00,20,-0.00556707868034828,3.620624924389595e-05,-0.005530872431104384,-0.26841000000000004
funding_reversal_q5,480,2026-03-01 16:00:00+00:00,2026-03-01 16:15:00+00:00,2026-03-02 00:15:00+00:00,20,0.004857048323785028,4.0245115209602795e-05,0.004897293438994631,0.26313000000000003
funding_reversal_q5,480,2026-03-02 00:00:00+00:00,2026-03-02 00:15:00+00:00,2026-03-02 08:15:00+00:00,20,0.005479650260798085,2.1142509110599322e-05,0.0055007927699086846,-0.25579
funding_reversal_q5,480,2026-03-02 08:00:00+00:00,2026-03-02 08:15:00+00:00,2026-03-02 16:15:00+00:00,20,-0.009917738130491505,4.387477412794503e-05,-0.00987386335636356,0.04105500000000001
funding_reversal_q5,480,2026-03-02 16:00:00+00:00,2026-03-02 16:15:00+00:00,2026-03-03 00:15:00+00:00,20,0.011142758100490523,3.1908238817385186e-05,0.011174666339307908,-0.07844499999999999
funding_reversal_q5,480,2026-03-03 00:00:00+00:00,2026-03-03 00:15:00+00:00,2026-03-03 08:15:00+00:00,20,-0.001143736810863871,4.2043091580356746e-05,-0.0011016937192835144,-0.22795499999999996
funding_reversal_q5,480,2026-03-03 08:00:00+00:00,2026-03-03 08:15:00+00:00,2026-03-03 16:15:00+00:00,20,0.01067274621387696,-5.3269127433432954e-05,0.010619477086443526,-0.28306999999999993
funding_reversal_q5,480,2026-03-03 16:00:00+00:00,2026-03-03 16:15:00+00:00,2026-03-04 00:15:00+00:00,20,-0.0027171002995343917,2.641089808934197e-05,-0.00269068940144505,-0.58355
funding_reversal_q5,480,2026-03-04 00:00:00+00:00,2026-03-04 00:15:00+00:00,2026-03-04 08:15:00+00:00,20,-0.00175270267712937,2.170747500752475e-05,-0.0017309952021218452,-0.9989150000000002
funding_reversal_q5,480,2026-03-04 08:00:00+00:00,2026-03-04 08:15:00+00:00,2026-03-04 16:15:00+00:00,20,0.005487119873542766,-6.277000265687367e-05,0.005424349870885892,-0.18349
funding_reversal_q5,480,2026-03-04 16:00:00+00:00,2026-03-04 16:15:00+00:00,2026-03-05 00:15:00+00:00,20,0.0038975007911729695,-2.4600030981460204e-05,0.0038729007601915094,-0.005989999999999997
funding_reversal_q5,480,2026-03-05 00:00:00+00:00,2026-03-05 00:15:00+00:00,2026-03-05 08:15:00+00:00,20,0.004691634696298375,2.2724820501188383e-05,0.004714359516799564,0.18547
funding_reversal_q5,480,2026-03-05 08:00:00+00:00,2026-03-05 08:15:00+00:00,2026-03-05 16:15:00+00:00,20,-0.0021477408429774417,-7.304448418024965e-06,-0.0021550452913954667,0.4100200000000001
funding_reversal_q5,480,2026-03-05 16:00:00+00:00,2026-03-05 16:15:00+00:00,2026-03-06 00:15:00+00:00,20,-0.0030258563253885646,-1.037300778118182e-05,-0.0030362293331697462,0.14102
funding_reversal_q5,480,2026-03-06 00:00:00+00:00,2026-03-06 00:15:00+00:00,2026-03-06 08:15:00+00:00,20,0.0026310579646967036,-2.4341583597616884e-05,0.0026067163810990866,-0.41508999999999996
funding_reversal_q5,480,2026-03-06 08:00:00+00:00,2026-03-06 08:15:00+00:00,2026-03-06 16:15:00+00:00,20,0.0026572754447667726,-1.4319641167162443e-05,0.0026429558035996102,0.6137850000000001
funding_reversal_q5,480,2026-03-06 16:00:00+00:00,2026-03-06 16:15:00+00:00,2026-03-07 00:15:00+00:00,20,0.0011406290394549096,-4.225391349133476e-05,0.0010983751259635748,-0.03365499999999999
funding_reversal_q5,480,2026-03-07 00:00:00+00:00,2026-03-07 00:15:00+00:00,2026-03-07 08:15:00+00:00,20,0.00187618444977794,1.58993422844672e-09,0.0018761860397121686,-0.972545
funding_reversal_q5,480,2026-03-07 08:00:00+00:00,2026-03-07 08:15:00+00:00,2026-03-07 16:15:00+00:00,20,-0.0007636990706859305,7.428786799459761e-05,-0.0006894112026913329,-0.8091400000000001
funding_reversal_q5,480,2026-03-07 16:00:00+00:00,2026-03-07 16:15:00+00:00,2026-03-08 00:15:00+00:00,20,0.0003269049215877005,5.697628562082691e-05,0.00038388120720852744,-0.29507999999999995
funding_reversal_q5,480,2026-03-08 00:00:00+00:00,2026-03-08 00:15:00+00:00,2026-03-08 08:15:00+00:00,20,0.0029728466572992215,9.559934894838354e-05,0.003068446006247605,-0.9490299999999999
funding_reversal_q5,480,2026-03-08 08:00:00+00:00,2026-03-08 08:15:00+00:00,2026-03-08 16:15:00+00:00,20,0.001934801004722886,0.00010420947306213403,0.00203901047778502,-0.816155
funding_reversal_q5,480,2026-03-08 16:00:00+00:00,2026-03-08 16:15:00+00:00,2026-03-09 00:15:00+00:00,20,0.003128851936702781,2.904395159708478e-05,0.003157895888299866,-1.07805
funding_reversal_q5,480,2026-03-09 00:00:00+00:00,2026-03-09 00:15:00+00:00,2026-03-09 08:15:00+00:00,20,-0.0034515979147458752,9.726396957031311e-05,-0.003354333945175562,-0.8303699999999999
funding_reversal_q5,480,2026-03-09 08:00:00+00:00,2026-03-09 08:15:00+00:00,2026-03-09 16:15:00+00:00,20,0.00387737306979421,2.2384536114818424e-05,0.0038997576059090285,-0.9335149999999999
funding_reversal_q5,480,2026-03-09 16:00:00+00:00,2026-03-09 16:15:00+00:00,2026-03-10 00:15:00+00:00,20,-0.00208249852214516,3.706235132910549e-05,-0.0020454361708160543,-0.11710499999999997
funding_reversal_q5,480,2026-03-10 00:00:00+00:00,2026-03-10 00:15:00+00:00,2026-03-10 08:15:00+00:00,20,0.004540716411749779,1.8875279792900946e-05,0.00455959169154268,-0.0939
funding_reversal_q5,480,2026-03-10 08:00:00+00:00,2026-03-10 08:15:00+00:00,2026-03-10 16:15:00+00:00,20,0.003924910829032246,3.3621252193968056e-05,0.003958532081226214,-0.12322499999999997
funding_reversal_q5,480,2026-03-10 16:00:00+00:00,2026-03-10 16:15:00+00:00,2026-03-11 00:15:00+00:00,20,-0.0063900390697765996,0.0001638247253286692,-0.00622621434444793,-0.2104600000000001
funding_reversal_q5,480,2026-03-11 00:00:00+00:00,2026-03-11 00:15:00+00:00,2026-03-11 08:15:00+00:00,20,0.007428536643826833,9.990784956739819e-05,0.007528444493394231,0.0992
funding_reversal_q5,480,2026-03-11 08:00:00+00:00,2026-03-11 08:15:00+00:00,2026-03-11 16:15:00+00:00,20,0.0016555230712509408,-1.2880825563488188e-05,0.0016426422456874525,-0.9620549999999999
funding_reversal_q5,480,2026-03-11 16:00:00+00:00,2026-03-11 16:15:00+00:00,2026-03-12 00:15:00+00:00,20,0.0005177133168439264,6.947962807421875e-05,0.0005871929449181451,-0.8864
funding_reversal_q5,480,2026-03-12 00:00:00+00:00,2026-03-12 00:15:00+00:00,2026-03-12 08:15:00+00:00,20,-0.0014594486488885394,2.4319155833784992e-05,-0.0014351294930547544,0.176095
funding_reversal_q5,480,2026-03-12 08:00:00+00:00,2026-03-12 08:15:00+00:00,2026-03-12 16:15:00+00:00,20,-0.0008750751814686986,7.751874367346009e-05,-0.0007975564377952385,0.25472999999999996
funding_reversal_q5,480,2026-03-12 16:00:00+00:00,2026-03-12 16:15:00+00:00,2026-03-13 00:15:00+00:00,20,0.00574578297489673,6.418195596120155e-06,0.00575220117049285,-0.7176799999999998
funding_reversal_q5,480,2026-03-13 00:00:00+00:00,2026-03-13 00:15:00+00:00,2026-03-13 08:15:00+00:00,20,-0.00784311770837115,3.0715122402956667e-06,-0.007840046196130854,-0.42305000000000004
funding_reversal_q5,480,2026-03-13 08:00:00+00:00,2026-03-13 08:15:00+00:00,2026-03-13 16:15:00+00:00,20,-0.00031148292745388807,3.685484636387106e-05,-0.00027462808109001704,0.33407500000000007
funding_reversal_q5,480,2026-03-13 16:00:00+00:00,2026-03-13 16:15:00+00:00,2026-03-14 00:15:00+00:00,20,0.005749636530587299,-2.4327680634585442e-05,0.005725308849952713,0.5079
funding_reversal_q5,480,2026-03-14 00:00:00+00:00,2026-03-14 00:15:00+00:00,2026-03-14 08:15:00+00:00,20,0.0026889558177577207,0.00017824414708266195,0.002867199964840383,0.4714400000000001
funding_reversal_q5,480,2026-03-14 08:00:00+00:00,2026-03-14 08:15:00+00:00,2026-03-14 16:15:00+00:00,20,-0.0031652248313908784,0.00027519080277250144,-0.002890034028618377,-0.47606499999999985
funding_reversal_q5,480,2026-03-14 16:00:00+00:00,2026-03-14 16:15:00+00:00,2026-03-15 00:15:00+00:00,20,-0.0009589162335957744,0.0001440569651477751,-0.0008148592684479993,-0.79465
funding_reversal_q5,480,2026-03-15 00:00:00+00:00,2026-03-15 00:15:00+00:00,2026-03-15 08:15:00+00:00,20,0.0042067032937891154,7.642575991708751e-05,0.004283129053706203,-1.6205850000000002
funding_reversal_q5,480,2026-03-15 08:00:00+00:00,2026-03-15 08:15:00+00:00,2026-03-15 16:15:00+00:00,20,-0.0006388346424385349,9.080368909525108e-05,-0.0005480309533432838,-0.635425
funding_reversal_q5,480,2026-03-15 16:00:00+00:00,2026-03-15 16:15:00+00:00,2026-03-16 00:15:00+00:00,20,-0.004403765341100319,7.438883016904266e-05,-0.004329376510931276,-0.51353
funding_reversal_q5,480,2026-03-16 00:00:00+00:00,2026-03-16 00:15:00+00:00,2026-03-16 08:15:00+00:00,20,0.005173307863327637,1.1101162587099587e-05,0.005184409025914737,-0.05385500000000006
funding_reversal_q5,480,2026-03-16 08:00:00+00:00,2026-03-16 08:15:00+00:00,2026-03-16 16:15:00+00:00,20,-0.0004967513189582662,5.363828832032191e-06,-0.000491387490126234,0.14039499999999996
funding_reversal_q5,480,2026-03-16 16:00:00+00:00,2026-03-16 16:15:00+00:00,2026-03-17 00:15:00+00:00,20,-0.01217591384997799,2.181507352927251e-05,-0.012154098776448718,0.65146
funding_reversal_q5,480,2026-03-17 00:00:00+00:00,2026-03-17 00:15:00+00:00,2026-03-17 08:15:00+00:00,20,0.0039175635047513984,-5.200432384983325e-06,0.003912363072366415,0.5100750000000001
funding_reversal_q5,480,2026-03-17 08:00:00+00:00,2026-03-17 08:15:00+00:00,2026-03-17 16:15:00+00:00,20,0.003500275850683088,1.202862997904757e-05,0.0035123044806621355,0.5329550000000001
funding_reversal_q5,480,2026-03-17 16:00:00+00:00,2026-03-17 16:15:00+00:00,2026-03-18 00:15:00+00:00,20,-0.004028821265103,3.92533083430439e-05,-0.003989567956759955,0.21796
funding_reversal_q5,480,2026-03-18 00:00:00+00:00,2026-03-18 00:15:00+00:00,2026-03-18 08:15:00+00:00,20,0.0018150879123108423,1.8590828890384454e-05,0.0018336787412012267,0.21528499999999998
funding_reversal_q5,480,2026-03-18 08:00:00+00:00,2026-03-18 08:15:00+00:00,2026-03-18 16:15:00+00:00,20,0.0020411025882133282,-3.875042741276846e-06,0.0020372275454720516,0.41097000000000006
funding_reversal_q5,480,2026-03-18 16:00:00+00:00,2026-03-18 16:15:00+00:00,2026-03-19 00:15:00+00:00,20,-9.059866073154489e-05,1.4804455067544493e-05,-7.57942056640004e-05,0.23340499999999997
funding_reversal_q5,480,2026-03-19 00:00:00+00:00,2026-03-19 00:15:00+00:00,2026-03-19 08:15:00+00:00,20,-0.0014141409315763355,-4.4671676939328575e-06,-0.0014186080992702685,-0.5008699999999999
funding_reversal_q5,480,2026-03-19 08:00:00+00:00,2026-03-19 08:15:00+00:00,2026-03-19 16:15:00+00:00,20,-0.00168348424952769,2.5690030915231925e-05,-0.0016577942186124582,-0.25182499999999997
funding_reversal_q5,480,2026-03-19 16:00:00+00:00,2026-03-19 16:15:00+00:00,2026-03-20 00:15:00+00:00,20,0.0011221793666254636,1.0287187833959082e-05,0.0011324665544594225,0.165495
funding_reversal_q5,480,2026-03-20 00:00:00+00:00,2026-03-20 00:15:00+00:00,2026-03-20 08:15:00+00:00,20,-0.000521377727817041,3.393036450238705e-05,-0.0004874473633146539,0.25181000000000003
funding_reversal_q5,480,2026-03-20 08:00:00+00:00,2026-03-20 08:15:00+00:00,2026-03-20 16:15:00+00:00,20,-0.0025859682365050093,8.321292112505456e-06,-0.0025776469443925037,-0.24218000000000003
funding_reversal_q5,480,2026-03-20 16:00:00+00:00,2026-03-20 16:15:00+00:00,2026-03-21 00:15:00+00:00,20,-0.000388490381584439,-1.0069426266104996e-05,-0.000398559807850544,0.05746500000000001
funding_reversal_q5,480,2026-03-21 00:00:00+00:00,2026-03-21 00:15:00+00:00,2026-03-21 08:15:00+00:00,20,0.0022678578019409423,1.860297856906351e-05,0.0022864607805100057,0.03530500000000001
funding_reversal_q5,480,2026-03-21 08:00:00+00:00,2026-03-21 08:15:00+00:00,2026-03-21 16:15:00+00:00,20,-0.007459579020867225,4.215133972756353e-05,-0.007417427681139661,-0.01752499999999999
funding_reversal_q5,480,2026-03-21 16:00:00+00:00,2026-03-21 16:15:00+00:00,2026-03-22 00:15:00+00:00,20,-0.011736127729100888,5.874306599460058e-05,-0.011677384663106288,0.14131999999999997
funding_reversal_q5,480,2026-03-22 00:00:00+00:00,2026-03-22 00:15:00+00:00,2026-03-22 08:15:00+00:00,20,-0.0002797560026100432,3.4391055314850387e-06,-0.00027631689707855817,-0.08608500000000001
funding_reversal_q5,480,2026-03-22 08:00:00+00:00,2026-03-22 08:15:00+00:00,2026-03-22 16:15:00+00:00,20,-0.002016875330664636,2.5581458964356373e-05,-0.0019912938717002795,-0.375565
funding_reversal_q5,480,2026-03-22 16:00:00+00:00,2026-03-22 16:15:00+00:00,2026-03-23 00:15:00+00:00,20,-0.0020476577086874226,4.498975166824141e-05,-0.002002667957019181,-0.56851
funding_reversal_q5,480,2026-03-23 00:00:00+00:00,2026-03-23 00:15:00+00:00,2026-03-23 08:15:00+00:00,20,0.0025984928259851214,1.2963652461089965e-05,0.0026114564784462113,-0.597395
funding_reversal_q5,480,2026-03-23 08:00:00+00:00,2026-03-23 08:15:00+00:00,2026-03-23 16:15:00+00:00,20,0.0012645588814601538,5.56819216751988e-07,0.0012651157006769059,-0.576585
funding_reversal_q5,480,2026-03-23 16:00:00+00:00,2026-03-23 16:15:00+00:00,2026-03-24 00:15:00+00:00,20,0.0026460510419852867,5.354061958708547e-05,0.0026995916615723723,-0.08629500000000001
funding_reversal_q5,480,2026-03-24 00:00:00+00:00,2026-03-24 00:15:00+00:00,2026-03-24 08:15:00+00:00,20,-0.0008721525507198622,4.307373253980469e-05,-0.0008290788181800576,0.080835
funding_reversal_q5,480,2026-03-24 08:00:00+00:00,2026-03-24 08:15:00+00:00,2026-03-24 16:15:00+00:00,20,0.00037989954556967315,4.649332617105375e-05,0.0004263928717407269,0.313555
funding_reversal_q5,480,2026-03-24 16:00:00+00:00,2026-03-24 16:15:00+00:00,2026-03-25 00:15:00+00:00,20,0.005962218500748783,1.4804789257186324e-05,0.0059770232900059695,0.320265
funding_reversal_q5,480,2026-03-25 00:00:00+00:00,2026-03-25 00:15:00+00:00,2026-03-25 08:15:00+00:00,20,-0.004151331548041126,1.6068456373129716e-05,-0.004135263091667996,-0.2055349999999999
funding_reversal_q5,480,2026-03-25 08:00:00+00:00,2026-03-25 08:15:00+00:00,2026-03-25 16:15:00+00:00,20,-7.541738287072388e-05,0.00011996673506799688,4.4549352197273e-05,0.18481500000000003
funding_reversal_q5,480,2026-03-25 16:00:00+00:00,2026-03-25 16:15:00+00:00,2026-03-26 00:15:00+00:00,20,-0.002913222438239094,0.00014913304146535385,-0.00276408939677374,0.36104
funding_reversal_q5,480,2026-03-26 00:00:00+00:00,2026-03-26 00:15:00+00:00,2026-03-26 08:15:00+00:00,20,0.005599063754448108,3.442281006697494e-05,0.005633486564515082,0.017960000000000018
funding_reversal_q5,480,2026-03-26 08:00:00+00:00,2026-03-26 08:15:00+00:00,2026-03-26 16:15:00+00:00,20,0.0015398260061146194,2.3365724704922507e-05,0.001563191730819542,-0.1393449999999999
funding_reversal_q5,480,2026-03-26 16:00:00+00:00,2026-03-26 16:15:00+00:00,2026-03-27 00:15:00+00:00,20,-0.003274835976769597,4.987421618680783e-05,-0.003224961760582789,-0.22991
funding_reversal_q5,480,2026-03-27 00:00:00+00:00,2026-03-27 00:15:00+00:00,2026-03-27 08:15:00+00:00,20,-0.0030446918357788346,5.075716178826143e-05,-0.002993934673990573,-0.272505
funding_reversal_q5,480,2026-03-27 08:00:00+00:00,2026-03-27 08:15:00+00:00,2026-03-27 16:15:00+00:00,20,-0.0020161982858834977,5.2026410602182185e-05,-0.0019641718752813155,-0.3075399999999999
funding_reversal_q5,480,2026-03-27 16:00:00+00:00,2026-03-27 16:15:00+00:00,2026-03-28 00:15:00+00:00,20,-0.0011391318401819616,7.26695931934865e-05,-0.001066462246988475,-0.09970000000000004
funding_reversal_q5,480,2026-03-28 00:00:00+00:00,2026-03-28 00:15:00+00:00,2026-03-28 08:15:00+00:00,20,0.0014792399377569487,2.9944404806886183e-05,0.001509184342563835,-1.098545
funding_reversal_q5,480,2026-03-28 08:00:00+00:00,2026-03-28 08:15:00+00:00,2026-03-28 16:15:00+00:00,20,0.0017135150985663873,1.9400565180249563e-05,0.0017329156637466369,-0.70575
funding_reversal_q5,480,2026-03-28 16:00:00+00:00,2026-03-28 16:15:00+00:00,2026-03-29 00:15:00+00:00,20,-0.002643033306771303,0.00010500250600655364,-0.0025380308007647494,-0.84275
funding_reversal_q5,480,2026-03-29 00:00:00+00:00,2026-03-29 00:15:00+00:00,2026-03-29 08:15:00+00:00,20,0.0023159821838464097,8.274091737124346e-05,0.0023987231012176534,-0.38631999999999994
funding_reversal_q5,480,2026-03-29 08:00:00+00:00,2026-03-29 08:15:00+00:00,2026-03-29 16:15:00+00:00,20,-0.005735763393433958,4.311984084670424e-05,-0.005692643552587254,-0.47475
funding_reversal_q5,480,2026-03-29 16:00:00+00:00,2026-03-29 16:15:00+00:00,2026-03-30 00:15:00+00:00,20,0.0010844656207661728,0.00010292218986141597,0.0011873878106275887,-0.56195
funding_reversal_q5,480,2026-03-30 00:00:00+00:00,2026-03-30 00:15:00+00:00,2026-03-30 08:15:00+00:00,20,0.010115683975275291,7.28582801080302e-08,0.0101157568335554,-0.65178
funding_reversal_q5,480,2026-03-30 08:00:00+00:00,2026-03-30 08:15:00+00:00,2026-03-30 16:15:00+00:00,20,-0.002871149721279165,3.510308961830355e-05,-0.0028360466316608613,-0.5300149999999999
funding_reversal_q5,480,2026-03-30 16:00:00+00:00,2026-03-30 16:15:00+00:00,2026-03-31 00:15:00+00:00,20,0.004975207861034992,7.808743491482677e-05,0.005053295295949819,0.37228500000000003
funding_reversal_q5,480,2026-03-31 00:00:00+00:00,2026-03-31 00:15:00+00:00,2026-03-31 08:15:00+00:00,20,0.001263506362917899,5.86002672388424e-05,0.0013221066301567414,0.24273000000000003
funding_reversal_q5,480,2026-03-31 08:00:00+00:00,2026-03-31 08:15:00+00:00,2026-03-31 16:15:00+00:00,20,0.0006204388751163024,5.12448315428916e-05,0.000671683706659194,-0.01813499999999996
funding_reversal_q5,480,2026-03-31 16:00:00+00:00,2026-03-31 16:15:00+00:00,2026-04-01 00:15:00+00:00,20,-0.0003901616262542819,-3.0043822684647396e-05,-0.0004202054489389293,-0.10112500000000002
funding_reversal_q5,480,2026-04-01 00:00:00+00:00,2026-04-01 00:15:00+00:00,2026-04-01 08:15:00+00:00,20,-0.0017365062382890713,4.330423001805322e-05,-0.001693202008271018,-0.22928000000000004
funding_reversal_q5,480,2026-04-01 08:00:00+00:00,2026-04-01 08:15:00+00:00,2026-04-01 16:15:00+00:00,20,0.0007810953981543191,1.611038152328655e-05,0.0007972057796776056,0.049730000000000024
funding_reversal_q5,480,2026-04-01 16:00:00+00:00,2026-04-01 16:15:00+00:00,2026-04-02 00:15:00+00:00,20,-0.0017860829462183264,3.96035307682685e-05,-0.0017464794154500578,0.47508500000000004
funding_reversal_q5,480,2026-04-02 00:00:00+00:00,2026-04-02 00:15:00+00:00,2026-04-02 08:15:00+00:00,20,0.0020549083493603057,3.505505340292433e-05,0.00208996340276323,0.29675999999999997
funding_reversal_q5,480,2026-04-02 08:00:00+00:00,2026-04-02 08:15:00+00:00,2026-04-02 16:15:00+00:00,20,0.004416588122921494,-6.300807469515748e-06,0.0044102873154519785,0.10702499999999998
funding_reversal_q5,480,2026-04-02 16:00:00+00:00,2026-04-02 16:15:00+00:00,2026-04-03 00:15:00+00:00,20,-7.003903955860036e-05,-6.904148560778068e-06,-7.694318811937843e-05,-1.25226
funding_reversal_q5,480,2026-04-03 00:00:00+00:00,2026-04-03 00:15:00+00:00,2026-04-03 08:15:00+00:00,20,0.0020199632001074,-2.567597983267878e-05,0.001994287220274721,-0.765245
funding_reversal_q5,480,2026-04-03 08:00:00+00:00,2026-04-03 08:15:00+00:00,2026-04-03 16:15:00+00:00,20,0.004592221617171221,-6.850148289447484e-06,0.004585371468881773,0.08363499999999999
funding_reversal_q5,480,2026-04-03 16:00:00+00:00,2026-04-03 16:15:00+00:00,2026-04-04 00:15:00+00:00,20,0.002167999562813816,2.828630717869984e-05,0.0021962858699925156,0.4207
funding_reversal_q5,480,2026-04-04 00:00:00+00:00,2026-04-04 00:15:00+00:00,2026-04-04 08:15:00+00:00,20,-0.0002694831075067295,-5.777136746740349e-06,-0.0002752602442534698,0.34003000000000005
funding_reversal_q5,480,2026-04-04 08:00:00+00:00,2026-04-04 08:15:00+00:00,2026-04-04 16:15:00+00:00,20,-0.0010379580627426944,4.10635325484882e-05,-0.0009968945301942062,0.24176500000000004
funding_reversal_q5,480,2026-04-04 16:00:00+00:00,2026-04-04 16:15:00+00:00,2026-04-05 00:15:00+00:00,20,0.0023560923547205513,-1.4922457409255997e-06,0.0023546001089796258,0.06983500000000001
funding_reversal_q5,480,2026-04-05 00:00:00+00:00,2026-04-05 00:15:00+00:00,2026-04-05 08:15:00+00:00,20,0.0014577543251130028,5.2982289818033676e-05,0.0015107366149310366,-0.023474999999999996
funding_reversal_q5,480,2026-04-05 08:00:00+00:00,2026-04-05 08:15:00+00:00,2026-04-05 16:15:00+00:00,20,-0.0037315188707421013,-2.2881921270537437e-08,-0.003731541752663372,0.33560000000000006
funding_reversal_q5,480,2026-04-05 16:00:00+00:00,2026-04-05 16:15:00+00:00,2026-04-06 00:15:00+00:00,20,-0.0019572418400220157,6.153101152342341e-05,-0.0018957108284985923,-0.39606
funding_reversal_q5,480,2026-04-06 00:00:00+00:00,2026-04-06 00:15:00+00:00,2026-04-06 08:15:00+00:00,20,0.002666420184419671,-1.2773210747490095e-05,0.002653646973672181,-0.61422
funding_reversal_q5,480,2026-04-06 08:00:00+00:00,2026-04-06 08:15:00+00:00,2026-04-06 16:15:00+00:00,20,0.0003346977112461567,1.768993458587588e-05,0.0003523876458320326,-0.06819500000000003
funding_reversal_q5,480,2026-04-06 16:00:00+00:00,2026-04-06 16:15:00+00:00,2026-04-07 00:15:00+00:00,20,0.011027886624665997,5.1967998298394565e-05,0.011079854622964392,0.463305
funding_reversal_q5,480,2026-04-07 00:00:00+00:00,2026-04-07 00:15:00+00:00,2026-04-07 08:15:00+00:00,20,0.001566445620001955,2.9265407555549447e-05,0.0015957110275575045,0.48646500000000004
funding_reversal_q5,480,2026-04-07 08:00:00+00:00,2026-04-07 08:15:00+00:00,2026-04-07 16:15:00+00:00,20,0.003594361955462433,3.5578702977701946e-05,0.003629940658440135,-0.30132999999999993
funding_reversal_q5,480,2026-04-07 16:00:00+00:00,2026-04-07 16:15:00+00:00,2026-04-08 00:15:00+00:00,20,0.014594263344354475,9.455369546109293e-06,0.014603718713900584,-0.76338
funding_reversal_q5,480,2026-04-08 00:00:00+00:00,2026-04-08 00:15:00+00:00,2026-04-08 08:15:00+00:00,20,-0.0005639710393237407,-2.9967651195572935e-06,-0.000566967804443298,-0.80701
funding_reversal_q5,480,2026-04-08 08:00:00+00:00,2026-04-08 08:15:00+00:00,2026-04-08 16:15:00+00:00,20,0.0004946718939578543,-1.7819173837550166e-05,0.0004768527201203041,0.82104
funding_reversal_q5,480,2026-04-08 16:00:00+00:00,2026-04-08 16:15:00+00:00,2026-04-09 00:15:00+00:00,20,0.0024001149765456864,2.118924439647611e-05,0.0024213042209421626,0.5625
funding_reversal_q5,480,2026-04-09 00:00:00+00:00,2026-04-09 00:15:00+00:00,2026-04-09 08:15:00+00:00,20,-0.0003605848036136064,-3.709933993103281e-06,-0.0003642947376067097,0.6096450000000001
funding_reversal_q5,480,2026-04-09 08:00:00+00:00,2026-04-09 08:15:00+00:00,2026-04-09 16:15:00+00:00,20,-0.004124813007940964,-9.468868675379545e-06,-0.004134281876616343,0.26404500000000003
funding_reversal_q5,480,2026-04-09 16:00:00+00:00,2026-04-09 16:15:00+00:00,2026-04-10 00:15:00+00:00,20,-0.00082185481282242,6.620186443480864e-06,-0.0008152346263789391,-0.39045500000000005
funding_reversal_q5,480,2026-04-10 00:00:00+00:00,2026-04-10 00:15:00+00:00,2026-04-10 08:15:00+00:00,20,0.0034620425313197094,2.588753847612511e-05,0.0034879300697958347,-0.34561
funding_reversal_q5,480,2026-04-10 08:00:00+00:00,2026-04-10 08:15:00+00:00,2026-04-10 16:15:00+00:00,20,-0.0013543407817706021,5.6985370603838156e-05,-0.0012973554111667639,0.48150000000000004
funding_reversal_q5,480,2026-04-10 16:00:00+00:00,2026-04-10 16:15:00+00:00,2026-04-11 00:15:00+00:00,20,0.0025673154882223767,-2.1773438777503873e-05,0.0025455420494448727,0.11910499999999999
funding_reversal_q5,480,2026-04-11 00:00:00+00:00,2026-04-11 00:15:00+00:00,2026-04-11 08:15:00+00:00,20,0.00498988051701913,-1.2521449488304539e-05,0.004977359067530825,0.293245
funding_reversal_q5,480,2026-04-11 08:00:00+00:00,2026-04-11 08:15:00+00:00,2026-04-11 16:15:00+00:00,20,0.0045442244488097085,-4.5862155350601245e-06,0.004539638233274648,0.24492000000000003
funding_reversal_q5,480,2026-04-11 16:00:00+00:00,2026-04-11 16:15:00+00:00,2026-04-12 00:15:00+00:00,20,-0.0026053941965969107,-3.592101374049267e-06,-0.0026089862979709597,-0.90409
funding_reversal_q5,480,2026-04-12 00:00:00+00:00,2026-04-12 00:15:00+00:00,2026-04-12 08:15:00+00:00,20,0.0015719789149588707,0.00015323299714898692,0.0017252119121078577,-0.38255
funding_reversal_q5,480,2026-04-12 08:00:00+00:00,2026-04-12 08:15:00+00:00,2026-04-12 16:15:00+00:00,20,9.280591240153893e-05,3.1792151230166556e-05,0.0001245980636317055,0.5538600000000001
funding_reversal_q5,480,2026-04-12 16:00:00+00:00,2026-04-12 16:15:00+00:00,2026-04-13 00:15:00+00:00,20,-0.0001726624537232047,0.0001007765612670834,-7.18858924561213e-05,-1.5041750000000003
funding_reversal_q5,480,2026-04-13 00:00:00+00:00,2026-04-13 00:15:00+00:00,2026-04-13 08:15:00+00:00,20,-0.005753047059468941,0.00020487733978833498,-0.005548169719680606,-1.4013400000000007
funding_reversal_q5,480,2026-04-13 08:00:00+00:00,2026-04-13 08:15:00+00:00,2026-04-13 16:15:00+00:00,20,-0.0012411214581789514,0.00014105229196208707,-0.0011000691662168642,-0.431875
funding_reversal_q5,480,2026-04-13 16:00:00+00:00,2026-04-13 16:15:00+00:00,2026-04-14 00:15:00+00:00,20,-0.013601617705679492,0.00026305522911658513,-0.013338562476562907,-0.9592799999999998
funding_reversal_q5,480,2026-04-14 00:00:00+00:00,2026-04-14 00:15:00+00:00,2026-04-14 08:15:00+00:00,20,-0.0016906884458060987,6.750110925812794e-05,-0.0016231873365479708,-0.6919700000000001
funding_reversal_q5,480,2026-04-14 08:00:00+00:00,2026-04-14 08:15:00+00:00,2026-04-14 16:15:00+00:00,20,-0.0035987910505014486,0.00016629521772854462,-0.003432495832772904,-0.40505500000000016
funding_reversal_q5,480,2026-04-14 16:00:00+00:00,2026-04-14 16:15:00+00:00,2026-04-15 00:15:00+00:00,20,0.0016986820607575396,0.0003172656095184674,0.002015947670276007,0.17297
funding_reversal_q5,480,2026-04-15 00:00:00+00:00,2026-04-15 00:15:00+00:00,2026-04-15 08:15:00+00:00,20,-0.002851581935550962,8.793734175447836e-05,-0.0027636445937964838,-0.4128449999999998
funding_reversal_q5,480,2026-04-15 08:00:00+00:00,2026-04-15 08:15:00+00:00,2026-04-15 16:15:00+00:00,20,-0.009014442898482255,9.780861908470038e-05,-0.008916634279397555,-1.809205
funding_reversal_q5,480,2026-04-15 16:00:00+00:00,2026-04-15 16:15:00+00:00,2026-04-16 00:15:00+00:00,20,0.002882160238310394,6.494898915496658e-05,0.0029471092274653606,-0.55542
funding_reversal_q5,480,2026-04-16 00:00:00+00:00,2026-04-16 00:15:00+00:00,2026-04-16 08:15:00+00:00,20,-0.0030816475858710182,1.8337449382374168e-05,-0.0030633101364886442,-0.11693000000000002
funding_reversal_q5,480,2026-04-16 08:00:00+00:00,2026-04-16 08:15:00+00:00,2026-04-16 16:15:00+00:00,20,-0.00488342915312181,1.3517343472272769e-05,-0.004869911809649538,0.22824000000000003
funding_reversal_q5,480,2026-04-16 16:00:00+00:00,2026-04-16 16:15:00+00:00,2026-04-17 00:15:00+00:00,20,-0.0011399018738552534,1.6797434198569703e-05,-0.0011231044396566837,0.44747499999999996
funding_reversal_q5,480,2026-04-17 00:00:00+00:00,2026-04-17 00:15:00+00:00,2026-04-17 08:15:00+00:00,20,0.000838403744787819,1.7666684378553614e-05,0.0008560704291663726,0.473465
funding_reversal_q5,480,2026-04-17 08:00:00+00:00,2026-04-17 08:15:00+00:00,2026-04-17 16:15:00+00:00,20,0.001466993212445965,4.644619485837768e-05,0.0015134394073043427,0.7469899999999999
funding_reversal_q5,480,2026-04-17 16:00:00+00:00,2026-04-17 16:15:00+00:00,2026-04-18 00:15:00+00:00,20,0.005465786662985394,2.043604380847733e-05,0.0054862227067938715,0.5116200000000001
funding_reversal_q5,480,2026-04-18 00:00:00+00:00,2026-04-18 00:15:00+00:00,2026-04-18 08:15:00+00:00,20,-0.00120658074049963,2.080155858534716e-05,-0.0011857791819142828,0.286355
funding_reversal_q5,480,2026-04-18 08:00:00+00:00,2026-04-18 08:15:00+00:00,2026-04-18 16:15:00+00:00,20,-0.0006900344143164327,3.572102126833195e-05,-0.0006543133930481007,0.568935
funding_reversal_q5,480,2026-04-18 16:00:00+00:00,2026-04-18 16:15:00+00:00,2026-04-19 00:15:00+00:00,20,0.009420194405815463,5.825549699409272e-05,0.009478449902809556,0.103235
funding_reversal_q5,480,2026-04-19 00:00:00+00:00,2026-04-19 00:15:00+00:00,2026-04-19 08:15:00+00:00,20,0.006682498139470893,4.98831437786267e-05,0.00673238128324952,-0.13197999999999996
funding_reversal_q5,480,2026-04-19 08:00:00+00:00,2026-04-19 08:15:00+00:00,2026-04-19 16:15:00+00:00,20,0.0007301675561328883,3.256902547329089e-05,0.0007627365816061792,0.05090000000000002
funding_reversal_q5,480,2026-04-19 16:00:00+00:00,2026-04-19 16:15:00+00:00,2026-04-20 00:15:00+00:00,20,-0.0017095998019259328,5.110946350676032e-05,-0.0016584903384191726,0.092155
funding_reversal_q5,480,2026-04-20 00:00:00+00:00,2026-04-20 00:15:00+00:00,2026-04-20 08:15:00+00:00,20,0.0009080945989537121,1.2274381315485485e-05,0.0009203689802691976,-0.40399999999999997
funding_reversal_q5,480,2026-04-20 08:00:00+00:00,2026-04-20 08:15:00+00:00,2026-04-20 16:15:00+00:00,20,-0.004707794143163302,-6.87230424454153e-06,-0.004714666447407844,-0.208685
funding_reversal_q5,480,2026-04-20 16:00:00+00:00,2026-04-20 16:15:00+00:00,2026-04-21 00:15:00+00:00,20,-0.0008345955333777912,1.9774994660539904e-05,-0.0008148205387172513,0.294935
funding_reversal_q5,480,2026-04-21 00:00:00+00:00,2026-04-21 00:15:00+00:00,2026-04-21 08:15:00+00:00,20,0.0023403984926160695,-2.5970466794201193e-06,0.002337801445936649,0.21505
funding_reversal_q5,480,2026-04-21 08:00:00+00:00,2026-04-21 08:15:00+00:00,2026-04-21 16:15:00+00:00,20,-0.001008240485238121,2.5932307603520826e-05,-0.0009823081776346003,0.27240500000000006
funding_reversal_q5,480,2026-04-21 16:00:00+00:00,2026-04-21 16:15:00+00:00,2026-04-22 00:15:00+00:00,20,4.853788551213451e-05,2.9964294233514235e-05,7.850217974564875e-05,0.22798000000000002
funding_reversal_q5,480,2026-04-22 00:00:00+00:00,2026-04-22 00:15:00+00:00,2026-04-22 08:15:00+00:00,20,0.004144471901664316,-3.548807981711083e-05,0.004108983821847206,0.35358999999999996
funding_reversal_q5,480,2026-04-22 08:00:00+00:00,2026-04-22 08:15:00+00:00,2026-04-22 16:15:00+00:00,20,0.004590523201418217,-1.0330872195232078e-06,0.004589490114198694,0.355105
funding_reversal_q5,480,2026-04-22 16:00:00+00:00,2026-04-22 16:15:00+00:00,2026-04-23 00:15:00+00:00,20,0.007197139150122056,5.782460498237525e-06,0.007202921610620294,0.6434150000000001
funding_reversal_q5,480,2026-04-23 00:00:00+00:00,2026-04-23 00:15:00+00:00,2026-04-23 08:15:00+00:00,20,0.0014728340793898954,3.560956648982604e-05,0.0015084436458797214,0.58001
funding_reversal_q5,480,2026-04-23 08:00:00+00:00,2026-04-23 08:15:00+00:00,2026-04-23 16:15:00+00:00,20,-0.0011061000808957888,2.1248879892566747e-05,-0.001084851201003222,0.16569499999999998
funding_reversal_q5,480,2026-04-23 16:00:00+00:00,2026-04-23 16:15:00+00:00,2026-04-24 00:15:00+00:00,20,-0.0014948993962416888,5.056710487522495e-05,-0.001444332291366464,-0.41520999999999997
funding_reversal_q5,480,2026-04-24 00:00:00+00:00,2026-04-24 00:15:00+00:00,2026-04-24 08:15:00+00:00,20,-0.0011807984865708774,9.742079005722141e-05,-0.001083377696513656,0.058880000000000016
funding_reversal_q5,480,2026-04-24 08:00:00+00:00,2026-04-24 08:15:00+00:00,2026-04-24 16:15:00+00:00,20,-0.0006394084121388423,7.676031765811282e-05,-0.0005626480944807295,0.25866
funding_reversal_q5,480,2026-04-24 16:00:00+00:00,2026-04-24 16:15:00+00:00,2026-04-25 00:15:00+00:00,20,0.0014995676900546816,9.41028891115706e-05,0.0015936705791662522,0.011040000000000017
funding_reversal_q5,480,2026-04-25 00:00:00+00:00,2026-04-25 00:15:00+00:00,2026-04-25 08:15:00+00:00,20,-0.0010869012353841967,6.414920903475797e-05,-0.0010227520263494387,0.3584350000000001
funding_reversal_q5,480,2026-04-25 08:00:00+00:00,2026-04-25 08:15:00+00:00,2026-04-25 16:15:00+00:00,20,0.0008939412019659644,6.25112807166869e-05,0.0009564524826826513,-0.004484999999999948
funding_reversal_q5,480,2026-04-25 16:00:00+00:00,2026-04-25 16:15:00+00:00,2026-04-26 00:15:00+00:00,20,0.003349332733873012,-8.932584460626965e-06,0.0033404001494123847,0.29947
funding_reversal_q5,480,2026-04-26 00:00:00+00:00,2026-04-26 00:15:00+00:00,2026-04-26 08:15:00+00:00,20,-0.000655448992939167,3.4226852601705986e-05,-0.000621222140337461,-0.10102500000000002
funding_reversal_q5,480,2026-04-26 08:00:00+00:00,2026-04-26 08:15:00+00:00,2026-04-26 16:15:00+00:00,20,0.0023258110663399337,2.8264490858846556e-05,0.0023540755571987803,-0.09638999999999999
funding_reversal_q5,480,2026-04-26 16:00:00+00:00,2026-04-26 16:15:00+00:00,2026-04-27 00:15:00+00:00,20,-0.00023757490091284015,3.6698528404350264e-05,-0.00020087637250848988,0.21049499999999996
funding_reversal_q5,480,2026-04-27 00:00:00+00:00,2026-04-27 00:15:00+00:00,2026-04-27 08:15:00+00:00,20,0.003107813286705674,4.32040220495957e-06,0.0031121336889106334,0.29261500000000007
funding_reversal_q5,480,2026-04-27 08:00:00+00:00,2026-04-27 08:15:00+00:00,2026-04-27 16:15:00+00:00,20,2.828829210179632e-05,2.3943905676573452e-05,5.223219777836977e-05,0.029165000000000014
funding_reversal_q5,480,2026-04-27 16:00:00+00:00,2026-04-27 16:15:00+00:00,2026-04-28 00:15:00+00:00,20,0.0013434470862674348,3.170949086438152e-05,0.0013751565771318163,-0.5293500000000001
funding_reversal_q5,480,2026-04-28 00:00:00+00:00,2026-04-28 00:15:00+00:00,2026-04-28 08:15:00+00:00,20,-0.0017462255113156132,5.179894815791382e-06,-0.0017410456164998218,-0.3072
funding_reversal_q5,480,2026-04-28 08:00:00+00:00,2026-04-28 08:15:00+00:00,2026-04-28 16:15:00+00:00,20,0.0010686585372579162,2.5710186000476278e-05,0.0010943687232583925,-0.11264
funding_reversal_q5,480,2026-04-28 16:00:00+00:00,2026-04-28 16:15:00+00:00,2026-04-29 00:15:00+00:00,20,-0.0017713672088806476,2.0993617483860566e-05,-0.001750373591396787,0.13893500000000003
funding_reversal_q5,480,2026-04-29 00:00:00+00:00,2026-04-29 00:15:00+00:00,2026-04-29 08:15:00+00:00,20,-0.0043949384175410505,7.253072802870046e-05,-0.00432240768951235,0.26221
funding_reversal_q5,480,2026-04-29 08:00:00+00:00,2026-04-29 08:15:00+00:00,2026-04-29 16:15:00+00:00,20,0.003462679637602939,-5.810786572706698e-06,0.003456868851030232,0.28018499999999996
funding_reversal_q5,480,2026-04-29 16:00:00+00:00,2026-04-29 16:15:00+00:00,2026-04-30 00:15:00+00:00,20,-0.001731207417783842,-7.63077237149624e-07,-0.0017319704950209916,0.30144
funding_reversal_q5,480,2026-04-30 00:00:00+00:00,2026-04-30 00:15:00+00:00,2026-04-30 08:15:00+00:00,20,-0.0011236930548003787,1.0221410768175917e-05,-0.0011134716440322028,-0.26151499999999994
funding_reversal_q5,480,2026-04-30 08:00:00+00:00,2026-04-30 08:15:00+00:00,2026-04-30 16:15:00+00:00,20,0.004346541055512498,3.607247866025038e-05,0.004382613534172748,-0.019850000000000003
funding_reversal_q5,480,2026-04-30 16:00:00+00:00,2026-04-30 16:15:00+00:00,2026-05-01 00:15:00+00:00,20,-0.0017595528145875616,1.3824134667082136e-05,-0.0017457286799204795,0.015330000000000017
funding_reversal_q5,480,2026-05-01 00:00:00+00:00,2026-05-01 00:15:00+00:00,2026-05-01 08:15:00+00:00,20,-0.0003727541650804468,-1.8160563655966e-05,-0.0003909147287364128,-0.04546000000000001
funding_reversal_q5,480,2026-05-01 08:00:00+00:00,2026-05-01 08:15:00+00:00,2026-05-01 16:15:00+00:00,20,0.001514408829233982,-4.284172915724069e-06,0.0015101246563182578,0.003790000000000008
funding_reversal_q5,480,2026-05-01 16:00:00+00:00,2026-05-01 16:15:00+00:00,2026-05-02 00:15:00+00:00,20,0.0021511787065424223,-2.9283245296150658e-05,0.0021218954612462716,0.15083500000000005
funding_reversal_q5,480,2026-05-02 00:00:00+00:00,2026-05-02 00:15:00+00:00,2026-05-02 08:15:00+00:00,20,0.000566725812535096,-6.504416873152918e-07,0.0005660753708477807,0.24839499999999998
funding_reversal_q5,480,2026-05-02 08:00:00+00:00,2026-05-02 08:15:00+00:00,2026-05-02 16:15:00+00:00,20,0.003085944944780938,-1.1568679904299975e-05,0.003074376264876638,-0.00380499999999999
funding_reversal_q5,480,2026-05-02 16:00:00+00:00,2026-05-02 16:15:00+00:00,2026-05-03 00:15:00+00:00,20,0.001935044998615687,-2.006245458950912e-05,0.0019149825440261778,-0.16958499999999996
funding_reversal_q5,480,2026-05-03 00:00:00+00:00,2026-05-03 00:15:00+00:00,2026-05-03 08:15:00+00:00,20,-0.0018640686885608604,-1.3675008803419836e-05,-0.0018777436973642803,0.20703000000000002
funding_reversal_q5,480,2026-05-03 08:00:00+00:00,2026-05-03 08:15:00+00:00,2026-05-03 16:15:00+00:00,20,0.000278708811971895,9.580955860732356e-06,0.00028828976783262734,0.6118750000000002
funding_reversal_q5,480,2026-05-03 16:00:00+00:00,2026-05-03 16:15:00+00:00,2026-05-04 00:15:00+00:00,20,-0.000821439019103587,-2.079188526164201e-06,-0.0008235182076297511,-0.495785
funding_reversal_q5,480,2026-05-04 00:00:00+00:00,2026-05-04 00:15:00+00:00,2026-05-04 08:15:00+00:00,20,-0.004132815384374246,1.3573759224777767e-05,-0.004119241625149468,0.466335
funding_reversal_q5,480,2026-05-04 08:00:00+00:00,2026-05-04 08:15:00+00:00,2026-05-04 16:15:00+00:00,20,0.0010312543152946833,4.006983549027359e-05,0.0010713241507849568,0.44522500000000004
funding_reversal_q5,480,2026-05-04 16:00:00+00:00,2026-05-04 16:15:00+00:00,2026-05-05 00:15:00+00:00,20,0.0016600365115687077,1.0254065533240588e-05,0.0016702905771019483,0.90293
funding_reversal_q5,480,2026-05-05 00:00:00+00:00,2026-05-05 00:15:00+00:00,2026-05-05 08:15:00+00:00,20,-0.0033335528364010205,1.4230029384872297e-05,-0.0033193228070161483,-0.0589
funding_reversal_q5,480,2026-05-05 08:00:00+00:00,2026-05-05 08:15:00+00:00,2026-05-05 16:15:00+00:00,20,-0.0020840749798203603,1.4452199426690151e-05,-0.00206962278039367,0.133195
funding_reversal_q5,480,2026-05-05 16:00:00+00:00,2026-05-05 16:15:00+00:00,2026-05-06 00:15:00+00:00,20,-0.0030073317868615,2.743423578553119e-05,-0.0029798975510759687,0.4567900000000001
funding_reversal_q5,480,2026-05-06 00:00:00+00:00,2026-05-06 00:15:00+00:00,2026-05-06 08:15:00+00:00,20,-0.0069128123790628045,1.650943230999111e-05,-0.006896302946752813,0.7095
funding_reversal_q5,480,2026-05-06 08:00:00+00:00,2026-05-06 08:15:00+00:00,2026-05-06 16:15:00+00:00,20,-0.007057190253652479,2.4626564001766735e-05,-0.007032563689650712,0.7438750000000002
funding_reversal_q5,480,2026-05-06 16:00:00+00:00,2026-05-06 16:15:00+00:00,2026-05-07 00:15:00+00:00,20,0.0035894037464713094,6.626124248501419e-05,0.0036556649889563234,0.43041500000000005
funding_reversal_q5,480,2026-05-07 00:00:00+00:00,2026-05-07 00:15:00+00:00,2026-05-07 08:15:00+00:00,20,-0.004869463048504963,3.7385233328835496e-05,-0.004832077815176128,0.228275
funding_reversal_q5,480,2026-05-07 08:00:00+00:00,2026-05-07 08:15:00+00:00,2026-05-07 16:15:00+00:00,20,-0.0009748623349180481,3.7092188494625944e-05,-0.0009377701464234222,0.376905
funding_reversal_q5,480,2026-05-07 16:00:00+00:00,2026-05-07 16:15:00+00:00,2026-05-08 00:15:00+00:00,20,-0.005215110906432308,2.220177300090479e-05,-0.005192909133431403,0.40647000000000005
funding_reversal_q5,480,2026-05-08 00:00:00+00:00,2026-05-08 00:15:00+00:00,2026-05-08 08:15:00+00:00,20,-0.000899810166835524,3.0476045836253695e-05,-0.0008693341209992703,0.15010500000000002
funding_reversal_q5,480,2026-05-08 08:00:00+00:00,2026-05-08 08:15:00+00:00,2026-05-08 16:15:00+00:00,20,-0.005093034558773413,6.543691243155473e-06,-0.005086490867530258,0.20512
funding_reversal_q5,480,2026-05-08 16:00:00+00:00,2026-05-08 16:15:00+00:00,2026-05-09 00:15:00+00:00,20,-0.0038224560998786784,4.06917216179864e-05,-0.003781764378260692,0.47625
funding_reversal_q5,480,2026-05-09 00:00:00+00:00,2026-05-09 00:15:00+00:00,2026-05-09 08:15:00+00:00,20,-0.002959795660225406,3.261283912827049e-05,-0.0029271828210971356,0.38545000000000007
funding_reversal_q5,480,2026-05-09 08:00:00+00:00,2026-05-09 08:15:00+00:00,2026-05-09 16:15:00+00:00,20,0.003211253396718238,7.220231838533915e-06,0.003218473628556772,0.580665
funding_reversal_q5,480,2026-05-09 16:00:00+00:00,2026-05-09 16:15:00+00:00,2026-05-10 00:15:00+00:00,20,0.0021231990580511616,6.66659323097555e-06,0.002129865651282137,0.44633500000000004
funding_reversal_q5,480,2026-05-10 00:00:00+00:00,2026-05-10 00:15:00+00:00,2026-05-10 08:15:00+00:00,20,0.008500186746142424,3.172191856822169e-05,0.008531908664710645,0.3272500000000001
funding_reversal_q5,480,2026-05-10 08:00:00+00:00,2026-05-10 08:15:00+00:00,2026-05-10 16:15:00+00:00,20,0.017422440085035885,1.9992481457283283e-05,0.01744243256649317,-0.12835
funding_reversal_q5,480,2026-05-10 16:00:00+00:00,2026-05-10 16:15:00+00:00,2026-05-11 00:15:00+00:00,20,0.015918706943615166,-2.731898528071901e-05,0.015891387958334446,0.21703
funding_reversal_q5,480,2026-05-11 00:00:00+00:00,2026-05-11 00:15:00+00:00,2026-05-11 08:15:00+00:00,20,-0.0017813566614436893,1.5073783661167784e-05,-0.0017662828777825215,0.53433
funding_reversal_q5,480,2026-05-11 08:00:00+00:00,2026-05-11 08:15:00+00:00,2026-05-11 16:15:00+00:00,20,-0.002285531755255799,-2.8195699979735206e-05,-0.002313727455235534,0.70969
funding_reversal_q5,480,2026-05-11 16:00:00+00:00,2026-05-11 16:15:00+00:00,2026-05-12 00:15:00+00:00,20,0.0021810747478798963,2.86047003090816e-05,0.002209679448188978,0.388615
funding_reversal_q5,480,2026-05-12 00:00:00+00:00,2026-05-12 00:15:00+00:00,2026-05-12 08:15:00+00:00,20,0.0012446172117790864,3.214465925155259e-05,0.001276761871030639,0.418725
funding_reversal_q5,480,2026-05-12 08:00:00+00:00,2026-05-12 08:15:00+00:00,2026-05-12 16:15:00+00:00,20,-0.0045429566620955545,1.7314607059289912e-05,-0.0045256420550362645,0.20549000000000003
funding_reversal_q5,480,2026-05-12 16:00:00+00:00,2026-05-12 16:15:00+00:00,2026-05-13 00:15:00+00:00,20,0.0029819739619631356,4.08700003108981e-05,0.0030228439622740338,0.220425
funding_reversal_q5,480,2026-05-13 00:00:00+00:00,2026-05-13 00:15:00+00:00,2026-05-13 08:15:00+00:00,20,-0.0013911597673382904,-2.8450581808163377e-06,-0.0013940048255191068,0.27282
funding_reversal_q5,480,2026-05-13 08:00:00+00:00,2026-05-13 08:15:00+00:00,2026-05-13 16:15:00+00:00,20,0.0016331370363777513,9.601502046835113e-06,0.0016427385384245863,0.31609000000000004
funding_reversal_q5,480,2026-05-13 16:00:00+00:00,2026-05-13 16:15:00+00:00,2026-05-14 00:15:00+00:00,20,-0.0028389890694479063,-2.363973775609025e-05,-0.0028626288072039967,0.39006499999999994
funding_reversal_q5,480,2026-05-14 00:00:00+00:00,2026-05-14 00:15:00+00:00,2026-05-14 08:15:00+00:00,20,0.001761083000388219,2.7925208940629922e-05,0.0017890082093288489,-0.33871499999999993
funding_reversal_q5,480,2026-05-14 08:00:00+00:00,2026-05-14 08:15:00+00:00,2026-05-14 16:15:00+00:00,20,0.0011780002568931632,-1.8752421914812464e-05,0.0011592478349783508,-0.09275000000000001
funding_reversal_q5,480,2026-05-14 16:00:00+00:00,2026-05-14 16:15:00+00:00,2026-05-15 00:15:00+00:00,20,-0.006120637333773782,1.171130936830061e-05,-0.006108926024405482,0.32202000000000003
funding_reversal_q5,480,2026-05-15 00:00:00+00:00,2026-05-15 00:15:00+00:00,2026-05-15 08:15:00+00:00,20,-0.004047038363569589,1.4752374285015245e-05,-0.004032285989284574,0.15697499999999998
funding_reversal_q5,480,2026-05-15 08:00:00+00:00,2026-05-15 08:15:00+00:00,2026-05-15 16:15:00+00:00,20,-0.0007712853090680472,-4.5462261845778586e-05,-0.0008167475709138258,0.37893499999999997
funding_reversal_q5,480,2026-05-15 16:00:00+00:00,2026-05-15 16:15:00+00:00,2026-05-16 00:15:00+00:00,20,-0.0016696196941618723,1.3624465224396245e-05,-0.0016559952289374761,-0.12363
funding_reversal_q5,480,2026-05-16 00:00:00+00:00,2026-05-16 00:15:00+00:00,2026-05-16 08:15:00+00:00,20,-0.0035092473481201925,4.854735451271048e-05,-0.003460699993607482,-0.4279300000000001
funding_reversal_q5,480,2026-05-16 08:00:00+00:00,2026-05-16 08:15:00+00:00,2026-05-16 16:15:00+00:00,20,0.0022496385704304346,5.638007207091478e-06,0.002255276577637526,0.29377499999999995
funding_reversal_q5,480,2026-05-16 16:00:00+00:00,2026-05-16 16:15:00+00:00,2026-05-17 00:15:00+00:00,20,-0.0029473972646080313,-2.7152153612419917e-05,-0.0029745494182204513,-0.34865
funding_reversal_q5,480,2026-05-17 00:00:00+00:00,2026-05-17 00:15:00+00:00,2026-05-17 08:15:00+00:00,20,0.0016208718805578838,2.5418817902076277e-05,0.0016462906984599601,-0.22521999999999998
funding_reversal_q5,480,2026-05-17 08:00:00+00:00,2026-05-17 08:15:00+00:00,2026-05-17 16:15:00+00:00,20,-0.0010815436244660083,6.4386703575541804e-06,-0.0010751049541084543,0.38806000000000007
funding_reversal_q5,480,2026-05-17 16:00:00+00:00,2026-05-17 16:15:00+00:00,2026-05-18 00:15:00+00:00,20,0.0023763729034032236,1.2909067033985657e-05,0.0023892819704372094,0.30433
funding_reversal_q5,480,2026-05-18 00:00:00+00:00,2026-05-18 00:15:00+00:00,2026-05-18 08:15:00+00:00,20,-0.007795345542756515,7.126970745120006e-05,-0.007724075835305315,-0.12999999999999995
funding_reversal_q5,480,2026-05-18 08:00:00+00:00,2026-05-18 08:15:00+00:00,2026-05-18 16:15:00+00:00,20,-0.0014856830632720142,6.811085800439148e-05,-0.0014175722052676228,-0.34040500000000007
funding_reversal_q5,480,2026-05-18 16:00:00+00:00,2026-05-18 16:15:00+00:00,2026-05-19 00:15:00+00:00,20,-0.007370264199154231,3.785690471816068e-05,-0.00733240729443607,0.02734500000000002
funding_reversal_q5,480,2026-05-19 00:00:00+00:00,2026-05-19 00:15:00+00:00,2026-05-19 08:15:00+00:00,20,0.002338188355129689,4.436662132379965e-05,0.0023825549764534886,-0.24505499999999994
funding_reversal_q5,480,2026-05-19 08:00:00+00:00,2026-05-19 08:15:00+00:00,2026-05-19 16:15:00+00:00,20,-0.0017870196175262419,2.9660097093828106e-05,-0.0017573595204324137,0.04670999999999998
funding_reversal_q5,480,2026-05-19 16:00:00+00:00,2026-05-19 16:15:00+00:00,2026-05-20 00:15:00+00:00,20,0.0005831166599974513,5.781455180890597e-06,0.0005888981151783419,0.19133
funding_reversal_q5,480,2026-05-20 00:00:00+00:00,2026-05-20 00:15:00+00:00,2026-05-20 08:15:00+00:00,20,-0.007301628591949161,4.9899345358246624e-05,-0.0072517292465909145,-0.085865
funding_reversal_q5,480,2026-05-20 08:00:00+00:00,2026-05-20 08:15:00+00:00,2026-05-20 16:15:00+00:00,20,-0.001849721936674431,4.4899901111504653e-05,-0.0018048220355629265,-0.10262500000000002
funding_reversal_q5,480,2026-05-20 16:00:00+00:00,2026-05-20 16:15:00+00:00,2026-05-21 00:15:00+00:00,20,-0.0013694607893979807,1.2014661383113136e-05,-0.0013574461280148676,0.39762000000000003
funding_reversal_q5,480,2026-05-21 00:00:00+00:00,2026-05-21 00:15:00+00:00,2026-05-21 08:15:00+00:00,20,-8.916605056474847e-05,-4.6933514046461525e-06,-9.385940196939462e-05,0.28163000000000005
funding_reversal_q5,480,2026-05-21 08:00:00+00:00,2026-05-21 08:15:00+00:00,2026-05-21 16:15:00+00:00,20,0.0035587908210097273,2.4592253977402522e-05,0.0035833830749871297,0.008450000000000001
funding_reversal_q5,480,2026-05-21 16:00:00+00:00,2026-05-21 16:15:00+00:00,2026-05-22 00:15:00+00:00,20,0.0039809082378507,2.598694895793597e-05,0.004006895186808636,0.2860399999999999
funding_reversal_q5,480,2026-05-22 00:00:00+00:00,2026-05-22 00:15:00+00:00,2026-05-22 08:15:00+00:00,20,-0.014252874973748874,2.2365494084858297e-05,-0.014230509479664016,0.09413999999999999
funding_reversal_q5,480,2026-05-22 08:00:00+00:00,2026-05-22 08:15:00+00:00,2026-05-22 16:15:00+00:00,20,-0.0002193954467733959,4.096160770571305e-05,-0.00017843383906768282,0.6179650000000001
funding_reversal_q5,480,2026-05-22 16:00:00+00:00,2026-05-22 16:15:00+00:00,2026-05-23 00:15:00+00:00,20,-0.0017201815851257234,2.554468859180008e-05,-0.0016946368965339233,0.21932500000000005
funding_reversal_q5,480,2026-05-23 00:00:00+00:00,2026-05-23 00:15:00+00:00,2026-05-23 08:15:00+00:00,20,0.004527317228854399,3.990797306427106e-05,0.00456722520191867,0.2176
funding_reversal_q5,480,2026-05-23 08:00:00+00:00,2026-05-23 08:15:00+00:00,2026-05-23 16:15:00+00:00,20,-0.01550640496816046,7.424094913996604e-05,-0.015432164019020493,0.09518500000000002
funding_reversal_q5,480,2026-05-23 16:00:00+00:00,2026-05-23 16:15:00+00:00,2026-05-24 00:15:00+00:00,20,-0.006533390231904801,8.861755232983436e-05,-0.006444772679574966,-0.3559349999999999
funding_reversal_q5,480,2026-05-24 00:00:00+00:00,2026-05-24 00:15:00+00:00,2026-05-24 08:15:00+00:00,20,-0.0009590956506581817,8.311582704639898e-05,-0.0008759798236117828,-0.5713050000000001
funding_reversal_q5,480,2026-05-24 08:00:00+00:00,2026-05-24 08:15:00+00:00,2026-05-24 16:15:00+00:00,20,0.00261139304601693,4.7826639357457527e-05,0.0026592196853743874,0.36211500000000013
funding_reversal_q5,480,2026-05-24 16:00:00+00:00,2026-05-24 16:15:00+00:00,2026-05-25 00:15:00+00:00,20,-0.002215381466871169,8.435207569259874e-05,-0.0021310293911785704,-0.01602999999999995
funding_reversal_q5,480,2026-05-25 00:00:00+00:00,2026-05-25 00:15:00+00:00,2026-05-25 08:15:00+00:00,20,0.00168406801794807,5.3671374557612406e-05,0.0017377393925056826,0.030540000000000005
funding_reversal_q5,480,2026-05-25 08:00:00+00:00,2026-05-25 08:15:00+00:00,2026-05-25 16:15:00+00:00,20,-0.015752611473696665,5.209094083858173e-05,-0.015700520532858083,-0.28269
funding_reversal_q5,480,2026-05-25 16:00:00+00:00,2026-05-25 16:15:00+00:00,2026-05-26 00:15:00+00:00,20,0.0033948156548751275,3.202204865087715e-05,0.0034268377035260047,0.27268499999999996
funding_reversal_q5,480,2026-05-26 00:00:00+00:00,2026-05-26 00:15:00+00:00,2026-05-26 08:15:00+00:00,20,-0.001500098624285906,2.3362219526855608e-05,-0.0014767364047590505,0.24024000000000004
funding_reversal_q5,480,2026-05-26 08:00:00+00:00,2026-05-26 08:15:00+00:00,2026-05-26 16:15:00+00:00,20,0.0031600251190518126,5.9815250753077654e-05,0.00321984036980489,0.07242999999999995
funding_reversal_q5,480,2026-05-26 16:00:00+00:00,2026-05-26 16:15:00+00:00,2026-05-27 00:15:00+00:00,20,-0.006708806082880748,6.18213635270852e-05,-0.0066469847193536625,-0.065375
funding_reversal_q5,480,2026-05-27 00:00:00+00:00,2026-05-27 00:15:00+00:00,2026-05-27 08:15:00+00:00,20,0.00017402262089039056,1.2220644048905358e-05,0.00018624326493929592,0.254595
funding_reversal_q5,480,2026-05-27 08:00:00+00:00,2026-05-27 08:15:00+00:00,2026-05-27 16:15:00+00:00,20,0.007499937788487221,4.953099756900592e-05,0.007549468786056226,-0.326275
funding_reversal_q5,480,2026-05-27 16:00:00+00:00,2026-05-27 16:15:00+00:00,2026-05-28 00:15:00+00:00,20,-0.014201897339191595,3.80911156214538e-05,-0.01416380622357014,0.02913000000000002
funding_reversal_q5,480,2026-05-28 00:00:00+00:00,2026-05-28 00:15:00+00:00,2026-05-28 08:15:00+00:00,20,-0.002461305733597029,4.0471777823926584e-05,-0.0024208339557731024,0.31572500000000003
funding_reversal_q5,480,2026-05-28 08:00:00+00:00,2026-05-28 08:15:00+00:00,2026-05-28 16:15:00+00:00,20,0.011396581427054686,8.248375554243481e-05,0.011479065182597122,-0.12112499999999993
funding_reversal_q5,480,2026-05-28 16:00:00+00:00,2026-05-28 16:15:00+00:00,2026-05-29 00:15:00+00:00,20,-0.005616441422521245,7.486442587783764e-05,-0.005541576996643408,-0.8122299999999999
funding_reversal_q5,480,2026-05-29 00:00:00+00:00,2026-05-29 00:15:00+00:00,2026-05-29 08:15:00+00:00,20,-0.00045931978918482006,0.00010286213526337662,-0.00035645765392144344,-0.23762499999999998
funding_reversal_q5,480,2026-05-29 08:00:00+00:00,2026-05-29 08:15:00+00:00,2026-05-29 16:15:00+00:00,20,0.0015989975749297388,5.474753834935806e-05,0.001653745113279097,0.16670500000000002
funding_reversal_q5,480,2026-05-29 16:00:00+00:00,2026-05-29 16:15:00+00:00,2026-05-30 00:15:00+00:00,20,0.011675470184422443,7.848389156194321e-05,0.011753954075984386,-0.07213000000000003
funding_reversal_q5,480,2026-05-30 00:00:00+00:00,2026-05-30 00:15:00+00:00,2026-05-30 08:15:00+00:00,20,-0.0013449109683629,4.63490222059128e-05,-0.0012985619461569871,0.05924499999999999
funding_reversal_q5,480,2026-05-30 08:00:00+00:00,2026-05-30 08:15:00+00:00,2026-05-30 16:15:00+00:00,20,0.004151101813385039,7.260496153268707e-05,0.004223706774917726,-0.048949999999999896
funding_reversal_q5,480,2026-05-30 16:00:00+00:00,2026-05-30 16:15:00+00:00,2026-05-31 00:15:00+00:00,20,0.005437713503348673,5.384381122014903e-05,0.005491557314568822,0.11858499999999998
funding_reversal_q5,480,2026-05-31 00:00:00+00:00,2026-05-31 00:15:00+00:00,2026-05-31 08:15:00+00:00,20,0.0006558273696878113,1.6179731459236797e-05,0.0006720071011470481,-0.013035000000000026
funding_reversal_q5,480,2026-05-31 08:00:00+00:00,2026-05-31 08:15:00+00:00,2026-05-31 16:15:00+00:00,20,-0.008587679934823188,3.87459048740896e-05,-0.008548934029949098,0.174625
funding_reversal_q5,480,2026-05-31 16:00:00+00:00,2026-05-31 16:15:00+00:00,2026-06-01 00:15:00+00:00,20,-0.0023277600459461027,-3.005270089921198e-05,-0.0023578127468453147,0.23364000000000004
funding_reversal_q5,480,2026-06-01 00:00:00+00:00,2026-06-01 00:15:00+00:00,2026-06-01 08:15:00+00:00,20,-0.0021564009804667314,6.108387053298391e-05,-0.0020953171099337476,-0.11915
funding_reversal_q5,480,2026-06-01 08:00:00+00:00,2026-06-01 08:15:00+00:00,2026-06-01 16:15:00+00:00,20,-0.004848515327494396,8.47868837107309e-05,-0.004763728443783664,-0.09680000000000001
funding_reversal_q5,480,2026-06-01 16:00:00+00:00,2026-06-01 16:15:00+00:00,2026-06-02 00:15:00+00:00,20,0.0003576378573932667,0.0001286284790986403,0.000486266336491907,0.029285000000000026
funding_reversal_q5,480,2026-06-02 00:00:00+00:00,2026-06-02 00:15:00+00:00,2026-06-02 08:15:00+00:00,20,-0.0024002979251874328,0.00012293367359715373,-0.002277364251590279,-0.21569499999999997
funding_reversal_q5,480,2026-06-02 08:00:00+00:00,2026-06-02 08:15:00+00:00,2026-06-02 16:15:00+00:00,20,0.003677927594402863,8.25995102582425e-05,0.0037605271046611054,-0.06743000000000005
funding_reversal_q5,480,2026-06-02 16:00:00+00:00,2026-06-02 16:15:00+00:00,2026-06-03 00:15:00+00:00,20,-0.014067633109978139,0.00011864241917385347,-0.013948990690804285,-0.3629299999999999
funding_reversal_q5,480,2026-06-03 00:00:00+00:00,2026-06-03 00:15:00+00:00,2026-06-03 08:15:00+00:00,20,-0.0010459698527248151,4.8372530897318705e-05,-0.0009975973218274963,-0.51983
funding_reversal_q5,480,2026-06-03 08:00:00+00:00,2026-06-03 08:15:00+00:00,2026-06-03 16:15:00+00:00,20,0.014920374976324336,7.860799973882098e-06,0.014928235776298218,-1.2224450000000002
funding_reversal_q5,480,2026-06-03 16:00:00+00:00,2026-06-03 16:15:00+00:00,2026-06-04 00:15:00+00:00,20,0.006486348652749597,4.553413463696548e-05,0.006531882787386562,0.22694999999999996
funding_reversal_q5,480,2026-06-04 00:00:00+00:00,2026-06-04 00:15:00+00:00,2026-06-04 08:15:00+00:00,20,-0.0069812122113459656,9.09834504376805e-05,-0.006890228760908285,0.40509
funding_reversal_q5,480,2026-06-04 08:00:00+00:00,2026-06-04 08:15:00+00:00,2026-06-04 16:15:00+00:00,20,0.005207238926307834,0.00015985990428178171,0.005367098830589615,-0.10467000000000001
funding_reversal_q5,480,2026-06-04 16:00:00+00:00,2026-06-04 16:15:00+00:00,2026-06-05 00:15:00+00:00,20,0.003838496648896849,8.832399983060381e-05,0.003926820648727453,-0.656425
funding_reversal_q5,480,2026-06-05 00:00:00+00:00,2026-06-05 00:15:00+00:00,2026-06-05 08:15:00+00:00,20,0.0016949713805614504,0.00023167059837808402,0.0019266419789395345,-1.05552
funding_reversal_q5,480,2026-06-05 08:00:00+00:00,2026-06-05 08:15:00+00:00,2026-06-05 16:15:00+00:00,20,0.002720408333519251,9.115266438473341e-05,0.0028115609979039845,-0.500295
funding_reversal_q5,480,2026-06-05 16:00:00+00:00,2026-06-05 16:15:00+00:00,2026-06-06 00:15:00+00:00,20,-0.01346846106097722,0.00011892992381298801,-0.013349531137164233,-1.22649
funding_reversal_q5,480,2026-06-06 00:00:00+00:00,2026-06-06 00:15:00+00:00,2026-06-06 08:15:00+00:00,20,0.007152795230811182,0.00020362167018220896,0.00735641690099339,-0.61679
funding_reversal_q5,480,2026-06-06 08:00:00+00:00,2026-06-06 08:15:00+00:00,2026-06-06 16:15:00+00:00,20,-0.008448846591772651,6.6485374760498e-05,-0.008382361217012153,-0.973705
funding_reversal_q5,480,2026-06-06 16:00:00+00:00,2026-06-06 16:15:00+00:00,2026-06-07 00:15:00+00:00,20,0.006919398764452411,7.672531844147905e-05,0.00699612408289389,-0.9542599999999999
funding_reversal_q5,480,2026-06-07 00:00:00+00:00,2026-06-07 00:15:00+00:00,2026-06-07 08:15:00+00:00,20,-0.004595862326137146,7.190899440978016e-05,-0.004523953331727366,-0.500735
funding_reversal_q5,480,2026-06-07 08:00:00+00:00,2026-06-07 08:15:00+00:00,2026-06-07 16:15:00+00:00,20,-0.009047645602226961,5.1118565326583466e-05,-0.008996527036900378,-0.5674399999999999
funding_reversal_q5,480,2026-06-07 16:00:00+00:00,2026-06-07 16:15:00+00:00,2026-06-08 00:15:00+00:00,20,0.002038500519882091,4.11113976827587e-05,0.0020796119175648495,-0.5957549999999999
funding_reversal_q5,480,2026-06-08 00:00:00+00:00,2026-06-08 00:15:00+00:00,2026-06-08 08:15:00+00:00,20,-0.00031941725038383563,7.54086918474429e-05,-0.00024400855853639274,-0.35605000000000003
funding_reversal_q5,480,2026-06-08 08:00:00+00:00,2026-06-08 08:15:00+00:00,2026-06-08 16:15:00+00:00,20,-0.005420088021617764,5.966575380034426e-05,-0.005360422267817419,-0.13387500000000002
funding_reversal_q5,480,2026-06-08 16:00:00+00:00,2026-06-08 16:15:00+00:00,2026-06-09 00:15:00+00:00,20,0.0014428662995340956,1.11566556827572e-06,0.0014439819651023713,-0.26776500000000003
funding_reversal_q5,480,2026-06-09 00:00:00+00:00,2026-06-09 00:15:00+00:00,2026-06-09 08:15:00+00:00,20,-0.0007243079531902062,8.676976395356112e-05,-0.0006375381892366451,-0.097885
funding_reversal_q5,480,2026-06-09 08:00:00+00:00,2026-06-09 08:15:00+00:00,2026-06-09 16:15:00+00:00,20,0.0009539316771881683,5.095601750053459e-05,0.001004887694688703,-0.3280100000000001
funding_reversal_q5,480,2026-06-09 16:00:00+00:00,2026-06-09 16:15:00+00:00,2026-06-10 00:15:00+00:00,20,0.001256977381777013,7.043587638224698e-05,0.00132741325815926,-0.19950500000000002
funding_reversal_q5,480,2026-06-10 00:00:00+00:00,2026-06-10 00:15:00+00:00,2026-06-10 08:15:00+00:00,20,0.00015912120374014273,4.506733230970009e-05,0.0002041885360498428,-0.41461000000000003
funding_reversal_q5,480,2026-06-10 08:00:00+00:00,2026-06-10 08:15:00+00:00,2026-06-10 16:15:00+00:00,20,-0.001013566092906171,3.090490000913053e-05,-0.0009826611928970405,0.14686000000000002
funding_reversal_q5,480,2026-06-10 16:00:00+00:00,2026-06-10 16:15:00+00:00,2026-06-11 00:15:00+00:00,20,0.004261228976046572,6.702295184557894e-05,0.004328251927892151,-0.189425
funding_reversal_q5,480,2026-06-11 00:00:00+00:00,2026-06-11 00:15:00+00:00,2026-06-11 08:15:00+00:00,20,0.0002882064372845116,2.641081105888801e-05,0.0003146172483433996,-0.31039
funding_reversal_q5,480,2026-06-11 08:00:00+00:00,2026-06-11 08:15:00+00:00,2026-06-11 16:15:00+00:00,20,-0.0008121553076284593,4.799453783876051e-05,-0.0007641607697896988,-0.5379899999999999
funding_reversal_q5,480,2026-06-11 16:00:00+00:00,2026-06-11 16:15:00+00:00,2026-06-12 00:15:00+00:00,20,-0.0016002290032565147,0.00019722149478036897,-0.0014030075084761457,0.244755
funding_reversal_q5,480,2026-06-12 00:00:00+00:00,2026-06-12 00:15:00+00:00,2026-06-12 08:15:00+00:00,20,-0.0038046870690200073,0.00010379406316696586,-0.0037008930058530414,0.288045
funding_reversal_q5,480,2026-06-12 08:00:00+00:00,2026-06-12 08:15:00+00:00,2026-06-12 16:15:00+00:00,20,0.00023242999219701414,0.00010104663657621564,0.0003334766287732298,-0.75235
funding_reversal_q5,480,2026-06-12 16:00:00+00:00,2026-06-12 16:15:00+00:00,2026-06-13 00:15:00+00:00,20,0.0015987296402450554,9.350804267554688e-05,0.0016922376829206023,-0.510195
funding_reversal_q5,480,2026-06-13 00:00:00+00:00,2026-06-13 00:15:00+00:00,2026-06-13 08:15:00+00:00,20,0.00602793861289963,6.781541726250116e-05,0.006095754030162132,-0.315595
funding_reversal_q5,480,2026-06-13 08:00:00+00:00,2026-06-13 08:15:00+00:00,2026-06-13 16:15:00+00:00,20,-0.005858881726980037,4.545979558744727e-05,-0.00581342193139259,-0.35824
funding_reversal_q5,480,2026-06-13 16:00:00+00:00,2026-06-13 16:15:00+00:00,2026-06-14 00:15:00+00:00,20,-0.0041025534462218564,3.394045233713677e-05,-0.004068612993884719,-0.18249000000000004
funding_reversal_q5,480,2026-06-14 00:00:00+00:00,2026-06-14 00:15:00+00:00,2026-06-14 08:15:00+00:00,20,0.0018349718029322505,9.334022791186242e-05,0.001928312030844113,0.31553000000000003
funding_reversal_q5,480,2026-06-14 08:00:00+00:00,2026-06-14 08:15:00+00:00,2026-06-14 16:15:00+00:00,20,0.0013447310080541676,6.026945100766687e-05,0.0014050004590618346,-0.445045
funding_reversal_q5,480,2026-06-14 16:00:00+00:00,2026-06-14 16:15:00+00:00,2026-06-15 00:15:00+00:00,20,-0.0039247028084722115,4.149422072292468e-05,-0.0038832085877492867,-1.002235
funding_reversal_q5,480,2026-06-15 00:00:00+00:00,2026-06-15 00:15:00+00:00,2026-06-15 08:15:00+00:00,20,-0.009756032903241762,2.01166894339572e-06,-0.009754021234298367,-0.5334899999999999
funding_reversal_q5,480,2026-06-15 08:00:00+00:00,2026-06-15 08:15:00+00:00,2026-06-15 16:15:00+00:00,20,0.023861055604067125,6.0912733995818256e-05,0.023921968338062944,0.13267
funding_reversal_q5,480,2026-06-15 16:00:00+00:00,2026-06-15 16:15:00+00:00,2026-06-16 00:15:00+00:00,20,-0.0010053207147281192,3.7711764261617607e-06,-0.0010015495383019575,0.07978499999999997
funding_reversal_q5,480,2026-06-16 00:00:00+00:00,2026-06-16 00:15:00+00:00,2026-06-16 08:15:00+00:00,20,-0.002881335261656859,5.5993168887711654e-05,-0.002825342092769147,0.32477500000000004
funding_reversal_q5,480,2026-06-16 08:00:00+00:00,2026-06-16 08:15:00+00:00,2026-06-16 16:15:00+00:00,20,0.003928894716217325,8.246689413571941e-05,0.004011361610353044,0.26561
funding_reversal_q5,480,2026-06-16 16:00:00+00:00,2026-06-16 16:15:00+00:00,2026-06-17 00:15:00+00:00,20,-0.0112530450567912,0.00011359709843627977,-0.01113944795835492,-0.2079
funding_reversal_q5,480,2026-06-17 00:00:00+00:00,2026-06-17 00:15:00+00:00,2026-06-17 08:15:00+00:00,20,-0.007352957260499026,4.300971492669419e-05,-0.007309947545572332,-0.302295
funding_reversal_q5,480,2026-06-17 08:00:00+00:00,2026-06-17 08:15:00+00:00,2026-06-17 16:15:00+00:00,20,0.010836415106168673,1.9850648659022432e-05,0.010856265754827695,-0.29232
funding_reversal_q5,480,2026-06-17 16:00:00+00:00,2026-06-17 16:15:00+00:00,2026-06-18 00:15:00+00:00,20,0.002064135169241388,1.589853337655317e-05,0.0020800337026179415,0.09946499999999997
funding_reversal_q5,480,2026-06-18 00:00:00+00:00,2026-06-18 00:15:00+00:00,2026-06-18 08:15:00+00:00,20,0.0046757348073171775,2.062627905612893e-05,0.0046963610863733065,0.09899000000000004
funding_reversal_q5,480,2026-06-18 08:00:00+00:00,2026-06-18 08:15:00+00:00,2026-06-18 16:15:00+00:00,20,-0.0141037363455218,6.994268514667125e-05,-0.014033793660375129,-0.046009999999999995
funding_reversal_q5,480,2026-06-18 16:00:00+00:00,2026-06-18 16:15:00+00:00,2026-06-19 00:15:00+00:00,20,-0.005848898268243974,4.4503515209706736e-05,-0.005804394753034267,-0.6266400000000001
funding_reversal_q5,480,2026-06-19 00:00:00+00:00,2026-06-19 00:15:00+00:00,2026-06-19 08:15:00+00:00,20,-0.0020984873952667356,3.979869020739541e-05,-0.0020586887050593403,-0.49365
funding_reversal_q5,480,2026-06-19 08:00:00+00:00,2026-06-19 08:15:00+00:00,2026-06-19 16:15:00+00:00,20,-0.00688803130579676,2.6760622327982368e-05,-0.006861270683468777,0.23091000000000003
funding_reversal_q5,480,2026-06-19 16:00:00+00:00,2026-06-19 16:15:00+00:00,2026-06-20 00:15:00+00:00,20,-0.004196372060370091,5.039444431403432e-05,-0.004145977616056057,-0.4893
funding_reversal_q5,480,2026-06-20 00:00:00+00:00,2026-06-20 00:15:00+00:00,2026-06-20 08:15:00+00:00,20,0.00746882528533499,4.6728783948618536e-05,0.007515554069283609,-0.30835
funding_reversal_q5,480,2026-06-20 08:00:00+00:00,2026-06-20 08:15:00+00:00,2026-06-20 16:15:00+00:00,20,-0.004475973063953897,4.26045169244622e-05,-0.004433368547029435,-0.30946500000000005
funding_reversal_q5,480,2026-06-20 16:00:00+00:00,2026-06-20 16:15:00+00:00,2026-06-21 00:15:00+00:00,20,0.0027508778675537473,2.664593948019923e-05,0.0027775238070339467,-0.31874
funding_reversal_q5,480,2026-06-21 00:00:00+00:00,2026-06-21 00:15:00+00:00,2026-06-21 08:15:00+00:00,20,-0.002393084044889482,3.096297618595373e-05,-0.002362121068703528,-0.218465
funding_reversal_q5,480,2026-06-21 08:00:00+00:00,2026-06-21 08:15:00+00:00,2026-06-21 16:15:00+00:00,20,0.0036898870804516707,3.4325574393491586e-05,0.0037242126548451622,-0.153015
funding_reversal_q5,480,2026-06-21 16:00:00+00:00,2026-06-21 16:15:00+00:00,2026-06-22 00:15:00+00:00,20,-0.00355726497004134,4.2135323303057945e-05,-0.003515129646738282,-0.22718500000000005
funding_reversal_q5,480,2026-06-22 00:00:00+00:00,2026-06-22 00:15:00+00:00,2026-06-22 08:15:00+00:00,20,0.004769755903078954,1.7637155436319483e-06,0.004771519618622586,0.067015
funding_reversal_q5,480,2026-06-22 08:00:00+00:00,2026-06-22 08:15:00+00:00,2026-06-22 16:15:00+00:00,20,-0.004904381761598941,3.919283642081781e-05,-0.004865188925178124,-0.20947000000000002
funding_reversal_q5,480,2026-06-22 16:00:00+00:00,2026-06-22 16:15:00+00:00,2026-06-23 00:15:00+00:00,20,-0.0018617057397502974,2.8337264607123352e-05,-0.001833368475143174,0.11093
funding_reversal_q5,480,2026-06-23 00:00:00+00:00,2026-06-23 00:15:00+00:00,2026-06-23 08:15:00+00:00,20,0.0011714324195995288,2.0263109419709955e-05,0.0011916955290192388,-0.0037649999999999984
funding_reversal_q5,480,2026-06-23 08:00:00+00:00,2026-06-23 08:15:00+00:00,2026-06-23 16:15:00+00:00,20,0.000960511100601713,2.003179461951077e-06,0.000962514280063664,-0.5140650000000001
funding_reversal_q5,480,2026-06-23 16:00:00+00:00,2026-06-23 16:15:00+00:00,2026-06-24 00:15:00+00:00,20,-0.0016107360448347375,4.6229425101402424e-05,-0.001564506619733335,-0.225565
funding_reversal_q5,480,2026-06-24 00:00:00+00:00,2026-06-24 00:15:00+00:00,2026-06-24 08:15:00+00:00,20,0.0017339825543413508,4.899495648288046e-05,0.0017829775108242313,-0.22060500000000002
funding_reversal_q5,480,2026-06-24 08:00:00+00:00,2026-06-24 08:15:00+00:00,2026-06-24 16:15:00+00:00,20,-0.008314751185939762,5.678510274316109e-05,-0.008257966083196601,0.08829000000000001
funding_reversal_q5,480,2026-06-24 16:00:00+00:00,2026-06-24 16:15:00+00:00,2026-06-25 00:15:00+00:00,20,-0.0017599417349761348,3.7028431225425944e-05,-0.0017229133037507088,0.07992
funding_reversal_q5,480,2026-06-25 00:00:00+00:00,2026-06-25 00:15:00+00:00,2026-06-25 08:15:00+00:00,20,-0.0026065981481931174,1.7016314950889263e-05,-0.0025895818332422283,-0.41873499999999997
funding_reversal_q5,480,2026-06-25 08:00:00+00:00,2026-06-25 08:15:00+00:00,2026-06-25 16:15:00+00:00,20,-0.0014669424529789796,1.7653468058005123e-06,-0.001465177106173179,-0.06767
funding_reversal_q5,480,2026-06-25 16:00:00+00:00,2026-06-25 16:15:00+00:00,2026-06-26 00:15:00+00:00,20,0.0038691808571482463,3.4783473619851544e-05,0.003903964330768098,0.11603999999999999
funding_reversal_q5,480,2026-06-26 00:00:00+00:00,2026-06-26 00:15:00+00:00,2026-06-26 08:15:00+00:00,20,-0.006264028978654424,3.535192071739041e-05,-0.006228677057937033,-0.38624499999999995
funding_reversal_q5,480,2026-06-26 08:00:00+00:00,2026-06-26 08:15:00+00:00,2026-06-26 16:15:00+00:00,20,0.004045948494645968,4.023902742203616e-05,0.004086187522068004,0.08379
funding_reversal_q5,480,2026-06-26 16:00:00+00:00,2026-06-26 16:15:00+00:00,2026-06-27 00:15:00+00:00,20,-0.0018957987068189187,4.984144865120638e-05,-0.0018459572581677123,0.31812
funding_reversal_q5,480,2026-06-27 00:00:00+00:00,2026-06-27 00:15:00+00:00,2026-06-27 08:15:00+00:00,20,0.0008873258069887702,4.38161399619922e-06,0.0008917074209849694,0.19021999999999997
funding_reversal_q5,480,2026-06-27 08:00:00+00:00,2026-06-27 08:15:00+00:00,2026-06-27 16:15:00+00:00,20,-0.002017679581833076,1.2488596028995374e-05,-0.0020051909858040807,0.27029000000000003
funding_reversal_q5,480,2026-06-27 16:00:00+00:00,2026-06-27 16:15:00+00:00,2026-06-28 00:15:00+00:00,20,-0.00015123795453246894,2.1790744479190304e-05,-0.00012944721005327863,0.24977000000000002
funding_reversal_q5,480,2026-06-28 00:00:00+00:00,2026-06-28 00:15:00+00:00,2026-06-28 08:15:00+00:00,20,-0.00048518178706259425,2.263276737694533e-05,-0.0004625490196856489,-0.12963999999999998
funding_reversal_q5,480,2026-06-28 08:00:00+00:00,2026-06-28 08:15:00+00:00,2026-06-28 16:15:00+00:00,20,-0.0018731293423133845,2.541589981669093e-05,-0.0018477134424966935,-0.3491699999999999
funding_reversal_q5,480,2026-06-28 16:00:00+00:00,2026-06-28 16:15:00+00:00,2026-06-29 00:15:00+00:00,20,0.000966547583463473,4.869350999816573e-05,0.0010152410934616387,-0.32812
funding_reversal_q5,480,2026-06-29 00:00:00+00:00,2026-06-29 00:15:00+00:00,2026-06-29 08:15:00+00:00,20,-0.00336805085423435,2.961670221504371e-05,-0.0033384341520193064,-0.07430000000000002
funding_reversal_q5,480,2026-06-29 08:00:00+00:00,2026-06-29 08:15:00+00:00,2026-06-29 16:15:00+00:00,20,0.00015842203586838855,5.936526177652807e-05,0.00021778729764491663,-0.08589000000000001
funding_reversal_q5,480,2026-06-29 16:00:00+00:00,2026-06-29 16:15:00+00:00,2026-06-30 00:15:00+00:00,20,0.007049998749251062,4.255300765871375e-05,0.007092551756909776,0.23059500000000002
funding_reversal_q5,480,2026-06-30 00:00:00+00:00,2026-06-30 00:15:00+00:00,2026-06-30 08:15:00+00:00,20,0.005074543622359762,0.00011347261950905446,0.005188016241868816,0.360645
funding_reversal_q5,480,2026-06-30 08:00:00+00:00,2026-06-30 08:15:00+00:00,2026-06-30 16:15:00+00:00,20,0.0016859301340739433,6.0830048503293896e-05,0.0017467601825772372,0.27481
funding_reversal_q5,480,2026-06-30 16:00:00+00:00,2026-06-30 16:15:00+00:00,2026-07-01 00:15:00+00:00,20,0.0013668579062076965,8.481381068327569e-05,0.0014516717168909722,0.09808000000000001
funding_reversal_q5,480,2026-07-01 00:00:00+00:00,2026-07-01 00:15:00+00:00,2026-07-01 08:15:00+00:00,20,-0.0015320933779658596,2.4444416686945577e-05,-0.001507648961278914,-0.13179500000000002
funding_reversal_q5,480,2026-07-01 08:00:00+00:00,2026-07-01 08:15:00+00:00,2026-07-01 16:15:00+00:00,20,-0.00903639997533723,2.8438879826044686e-05,-0.009007961095511186,0.35912499999999997
funding_reversal_q5,480,2026-07-01 16:00:00+00:00,2026-07-01 16:15:00+00:00,2026-07-02 00:15:00+00:00,20,0.005260113725472737,1.005610125229581e-05,0.005270169826725033,0.5050250000000001
funding_reversal_q5,480,2026-07-02 00:00:00+00:00,2026-07-02 00:15:00+00:00,2026-07-02 08:15:00+00:00,20,-0.010484926399991056,4.5242495979191756e-05,-0.010439683904011865,0.4595300000000001
funding_reversal_q5,480,2026-07-02 08:00:00+00:00,2026-07-02 08:15:00+00:00,2026-07-02 16:15:00+00:00,20,-0.004291336681025659,5.712452033351927e-05,-0.00423421216069214,-0.05356999999999998
funding_reversal_q5,480,2026-07-02 16:00:00+00:00,2026-07-02 16:15:00+00:00,2026-07-03 00:15:00+00:00,20,0.0008807438736835979,9.331471175970573e-05,0.0009740585854433036,0.11337000000000001
funding_reversal_q5,480,2026-07-03 00:00:00+00:00,2026-07-03 00:15:00+00:00,2026-07-03 08:15:00+00:00,20,-0.0006816625495504438,7.311296356916249e-05,-0.0006085495859812813,0.46305500000000005
funding_reversal_q5,480,2026-07-03 08:00:00+00:00,2026-07-03 08:15:00+00:00,2026-07-03 16:15:00+00:00,20,-0.005816283477366247,4.626883810306003e-05,-0.005770014639263186,0.03933000000000003
funding_reversal_q5,480,2026-07-03 16:00:00+00:00,2026-07-03 16:15:00+00:00,2026-07-04 00:15:00+00:00,20,-0.006763344709637775,1.537563792759988e-05,-0.006747969071710175,0.39221500000000004
funding_reversal_q5,480,2026-07-04 00:00:00+00:00,2026-07-04 00:15:00+00:00,2026-07-04 08:15:00+00:00,20,0.00020145224894513314,2.600427491601178e-05,0.0002274565238611449,0.48681
funding_reversal_q5,480,2026-07-04 08:00:00+00:00,2026-07-04 08:15:00+00:00,2026-07-04 16:15:00+00:00,20,-0.004861210780467062,3.5372947225015614e-05,-0.004825837833242046,0.754525
funding_reversal_q5,480,2026-07-04 16:00:00+00:00,2026-07-04 16:15:00+00:00,2026-07-05 00:15:00+00:00,20,0.003751191808102794,9.269916223530377e-06,0.0037604617243263243,0.645745
funding_reversal_q5,480,2026-07-05 00:00:00+00:00,2026-07-05 00:15:00+00:00,2026-07-05 08:15:00+00:00,20,-0.0008435872870184106,1.5871379316106985e-05,-0.0008277159077023036,0.706355
funding_reversal_q5,480,2026-07-05 08:00:00+00:00,2026-07-05 08:15:00+00:00,2026-07-05 16:15:00+00:00,20,0.002146811513990355,3.1531149474744194e-05,0.002178342663465099,0.7227700000000001
funding_reversal_q5,480,2026-07-05 16:00:00+00:00,2026-07-05 16:15:00+00:00,2026-07-06 00:15:00+00:00,20,-0.006883703638952998,3.832832900092632e-06,-0.006879870806052906,0.4983650000000001
funding_reversal_q5,480,2026-07-06 00:00:00+00:00,2026-07-06 00:15:00+00:00,2026-07-06 08:15:00+00:00,20,0.0003809559449640008,1.4018932638926218e-05,0.00039497487760292705,0.716385
funding_reversal_q5,480,2026-07-06 08:00:00+00:00,2026-07-06 08:15:00+00:00,2026-07-06 16:15:00+00:00,20,-0.005575288946304791,1.8198086704463248e-05,-0.005557090859600327,0.746195
funding_reversal_q5,480,2026-07-06 16:00:00+00:00,2026-07-06 16:15:00+00:00,2026-07-07 00:15:00+00:00,20,-0.0024299526516975752,3.780254304518803e-05,-0.002392150108652387,0.461155
funding_reversal_q5,480,2026-07-07 00:00:00+00:00,2026-07-07 00:15:00+00:00,2026-07-07 08:15:00+00:00,20,0.0033229929575052655,2.2800639056684055e-05,0.0033457935965619497,0.5166350000000001
funding_reversal_q5,480,2026-07-07 08:00:00+00:00,2026-07-07 08:15:00+00:00,2026-07-07 16:15:00+00:00,20,0.00017794274331798258,3.2615574955813786e-05,0.00021055831827379636,0.6388199999999999
funding_reversal_q5,480,2026-07-07 16:00:00+00:00,2026-07-07 16:15:00+00:00,2026-07-08 00:15:00+00:00,20,-0.000610729118957775,3.971688974438282e-05,-0.0005710122292133922,-0.04600000000000005
funding_reversal_q5,480,2026-07-08 00:00:00+00:00,2026-07-08 00:15:00+00:00,2026-07-08 08:15:00+00:00,20,-0.006888488796351799,-2.373437540795726e-06,-0.006890862233892595,0.30809499999999995
funding_reversal_q5,480,2026-07-08 08:00:00+00:00,2026-07-08 08:15:00+00:00,2026-07-08 16:15:00+00:00,20,-0.0001795299710986905,-4.9476017187568125e-06,-0.0001844775728174473,0.3447050000000001
funding_reversal_q5,480,2026-07-08 16:00:00+00:00,2026-07-08 16:15:00+00:00,2026-07-09 00:15:00+00:00,20,0.0012502210113989332,2.333862720947585e-05,0.001273559638608409,-0.07664500000000003
funding_reversal_q5,480,2026-07-09 00:00:00+00:00,2026-07-09 00:15:00+00:00,2026-07-09 08:15:00+00:00,20,-0.0003021568319369061,8.02225192768085e-06,-0.00029413458000922526,0.06667000000000001
funding_reversal_q5,480,2026-07-09 08:00:00+00:00,2026-07-09 08:15:00+00:00,2026-07-09 16:15:00+00:00,20,-0.0037558096425650443,4.468647627220327e-06,-0.003751340994937824,0.27821
funding_reversal_q5,480,2026-07-09 16:00:00+00:00,2026-07-09 16:15:00+00:00,2026-07-10 00:15:00+00:00,20,-0.00028854112255807254,3.263008875284117e-05,-0.00025591103380523134,0.744585
funding_reversal_q5,480,2026-07-10 00:00:00+00:00,2026-07-10 00:15:00+00:00,2026-07-10 08:15:00+00:00,20,-0.0020854117047964804,2.6037812155697547e-06,-0.002082807923580911,0.5067850000000002
funding_reversal_q5,480,2026-07-10 08:00:00+00:00,2026-07-10 08:15:00+00:00,2026-07-10 16:15:00+00:00,20,0.002139063750664427,3.8836012674641094e-05,0.0021778997633390682,0.534495
funding_reversal_q5,480,2026-07-10 16:00:00+00:00,2026-07-10 16:15:00+00:00,2026-07-11 00:15:00+00:00,20,-0.001046277239376714,6.780555674941491e-06,-0.0010394966837017725,0.647005
funding_reversal_q5,480,2026-07-11 00:00:00+00:00,2026-07-11 00:15:00+00:00,2026-07-11 08:15:00+00:00,20,-0.0004935803545026872,2.807399582310476e-05,-0.0004655063586795824,0.6412400000000001
funding_reversal_q5,480,2026-07-11 08:00:00+00:00,2026-07-11 08:15:00+00:00,2026-07-11 16:15:00+00:00,20,-0.003938246869557327,2.5096678765856508e-05,-0.00391315019079147,0.5271150000000001
funding_reversal_q5,480,2026-07-11 16:00:00+00:00,2026-07-11 16:15:00+00:00,2026-07-12 00:15:00+00:00,20,0.002631248955432774,2.916847580917794e-05,0.002660417431241952,0.27059500000000003
funding_reversal_q5,480,2026-07-12 00:00:00+00:00,2026-07-12 00:15:00+00:00,2026-07-12 08:15:00+00:00,20,-0.0019143750727857122,8.451434114864598e-06,-0.0019059236386708477,0.66126
funding_reversal_q5,480,2026-07-12 08:00:00+00:00,2026-07-12 08:15:00+00:00,2026-07-12 16:15:00+00:00,20,-0.006024575120677833,3.373081369359915e-05,-0.0059908443069842335,0.18412000000000003
funding_reversal_q5,480,2026-07-12 16:00:00+00:00,2026-07-12 16:15:00+00:00,2026-07-13 00:15:00+00:00,20,0.0014479725456472245,5.845490125729775e-05,0.0015064274469045224,-0.38738999999999996
funding_reversal_q5,480,2026-07-13 00:00:00+00:00,2026-07-13 00:15:00+00:00,2026-07-13 08:15:00+00:00,20,-2.371396184927023e-05,2.80246955408827e-05,4.3107336916124705e-06,0.12465499999999999
funding_reversal_q5,480,2026-07-13 08:00:00+00:00,2026-07-13 08:15:00+00:00,2026-07-13 16:15:00+00:00,20,-0.0009881269044859752,2.2050310982494006e-05,-0.0009660765935034812,-0.09060000000000004
funding_reversal_q5,480,2026-07-13 16:00:00+00:00,2026-07-13 16:15:00+00:00,2026-07-14 00:15:00+00:00,20,0.00016951936709775923,7.003846444649432e-05,0.00023955783154425354,-0.17291
funding_reversal_q5,480,2026-07-14 00:00:00+00:00,2026-07-14 00:15:00+00:00,2026-07-14 08:15:00+00:00,20,-0.0044150071513219475,2.7831293418403356e-05,-0.004387175857903544,0.063045
funding_reversal_q5,480,2026-07-14 08:00:00+00:00,2026-07-14 08:15:00+00:00,2026-07-14 16:15:00+00:00,20,-0.007801714353243172,2.67945317904291e-05,-0.0077749198214527426,-0.3357949999999999
funding_reversal_q5,480,2026-07-14 16:00:00+00:00,2026-07-14 16:15:00+00:00,2026-07-15 00:15:00+00:00,20,-0.005091673223849647,5.848650308835489e-05,-0.005033186720761292,0.15898500000000002
funding_reversal_q5,480,2026-07-15 00:00:00+00:00,2026-07-15 00:15:00+00:00,2026-07-15 08:15:00+00:00,20,0.0010641669078431891,4.597394481406007e-05,0.0011101408526572492,0.12331000000000002
funding_reversal_q5,480,2026-07-15 08:00:00+00:00,2026-07-15 08:15:00+00:00,2026-07-15 16:15:00+00:00,20,-0.0062199552371123065,4.557364385877304e-05,-0.006174381593253534,0.16160000000000002
funding_reversal_q5,480,2026-07-15 16:00:00+00:00,2026-07-15 16:15:00+00:00,2026-07-16 00:15:00+00:00,20,-0.0040981072577513265,3.890261318306285e-05,-0.004059204644568264,0.6212949999999999
funding_reversal_q5,480,2026-07-16 00:00:00+00:00,2026-07-16 00:15:00+00:00,2026-07-16 08:15:00+00:00,20,2.247847276024527e-05,4.2226061597810455e-05,6.470453435805572e-05,0.38965500000000003
funding_reversal_q5,480,2026-07-16 08:00:00+00:00,2026-07-16 08:15:00+00:00,2026-07-16 16:15:00+00:00,20,-0.007342029715943921,0.00011781133838936937,-0.007224218377554552,-0.016405000000000006
funding_reversal_q5,480,2026-07-16 16:00:00+00:00,2026-07-16 16:15:00+00:00,2026-07-17 00:15:00+00:00,20,0.008605354810351396,4.9765333764319787e-05,0.008655120144115716,0.0029949999999999803
funding_reversal_q5,480,2026-07-17 00:00:00+00:00,2026-07-17 00:15:00+00:00,2026-07-17 08:15:00+00:00,20,0.0014771124109181685,5.417842203024645e-05,0.001531290832948415,0.07599500000000006
funding_reversal_q5,480,2026-07-17 08:00:00+00:00,2026-07-17 08:15:00+00:00,2026-07-17 16:15:00+00:00,20,-0.0013260438484178462,1.5980913631604822e-05,-0.0013100629347862413,0.22349
funding_reversal_q5,480,2026-07-17 16:00:00+00:00,2026-07-17 16:15:00+00:00,2026-07-18 00:15:00+00:00,20,0.002782073921167416,1.5974098154687557e-05,0.002798048019322104,-0.15597999999999995
funding_reversal_q5,480,2026-07-18 00:00:00+00:00,2026-07-18 00:15:00+00:00,2026-07-18 08:15:00+00:00,20,0.0027251497051704373,7.077566078560042e-05,0.0027959253659560375,0.18569500000000003
funding_reversal_q5,480,2026-07-18 08:00:00+00:00,2026-07-18 08:15:00+00:00,2026-07-18 16:15:00+00:00,20,0.001685226850917787,3.0437894749515063e-05,0.001715664745667302,0.20105499999999998
funding_reversal_q5,480,2026-07-18 16:00:00+00:00,2026-07-18 16:15:00+00:00,2026-07-19 00:15:00+00:00,20,-0.0012336101539089485,3.216103271588435e-05,-0.001201449121193064,-0.015860000000000013
funding_reversal_q5,480,2026-07-19 00:00:00+00:00,2026-07-19 00:15:00+00:00,2026-07-19 08:15:00+00:00,20,-0.0010996979269403571,1.355742082153779e-05,-0.0010861405061188194,0.14296999999999999
funding_reversal_q5,480,2026-07-19 08:00:00+00:00,2026-07-19 08:15:00+00:00,2026-07-19 16:15:00+00:00,20,-0.0058195981783062956,5.3446201109307026e-05,-0.005766151977196989,0.15047499999999997
funding_reversal_q5,480,2026-07-19 16:00:00+00:00,2026-07-19 16:15:00+00:00,2026-07-20 00:15:00+00:00,20,-0.003683387698107987,4.944582299422715e-05,-0.00363394187511376,0.14540499999999998
funding_reversal_q5,480,2026-07-20 00:00:00+00:00,2026-07-20 00:15:00+00:00,2026-07-20 08:15:00+00:00,20,0.0021595879797460353,4.6738986958936505e-06,0.002164261878441929,-0.024244999999999996
funding_reversal_q5,480,2026-07-20 08:00:00+00:00,2026-07-20 08:15:00+00:00,2026-07-20 16:15:00+00:00,20,0.00271310285950117,-3.275698523584273e-06,0.002709827160977586,-0.06115000000000003
funding_reversal_q5,480,2026-07-20 16:00:00+00:00,2026-07-20 16:15:00+00:00,2026-07-21 00:15:00+00:00,20,0.0024057649389093274,6.256907103826033e-06,0.0024120218460131535,-0.180565
funding_reversal_q5,480,2026-07-21 00:00:00+00:00,2026-07-21 00:15:00+00:00,2026-07-21 08:15:00+00:00,20,-0.0005161174297074293,1.5135843675350119e-05,-0.0005009815860320792,0.47933000000000003
funding_reversal_q5,480,2026-07-21 08:00:00+00:00,2026-07-21 08:15:00+00:00,2026-07-21 16:15:00+00:00,20,0.002507757832171209,2.3109499945606457e-05,0.0025308673321168154,0.6462
funding_reversal_q5,480,2026-07-21 16:00:00+00:00,2026-07-21 16:15:00+00:00,2026-07-22 00:15:00+00:00,20,-0.0005797610406910847,1.7817594487427265e-05,-0.0005619434462036574,0.7445300000000001
funding_reversal_q5,480,2026-07-22 00:00:00+00:00,2026-07-22 00:15:00+00:00,2026-07-22 08:15:00+00:00,20,-0.0033024197142360713,1.985680764188104e-05,-0.0032825629065941905,0.55382
funding_reversal_q5,480,2026-07-22 08:00:00+00:00,2026-07-22 08:15:00+00:00,2026-07-22 16:15:00+00:00,20,0.000149000743988114,6.781353156078834e-05,0.00021681427554890234,0.520715
funding_reversal_q5,480,2026-07-22 16:00:00+00:00,2026-07-22 16:15:00+00:00,2026-07-23 00:15:00+00:00,20,0.0016054885527793878,8.404237468971451e-07,0.001606328976526285,0.28405
funding_reversal_q5,480,2026-07-23 00:00:00+00:00,2026-07-23 00:15:00+00:00,2026-07-23 08:15:00+00:00,20,0.0021417399399375255,8.094352558694255e-06,0.0021498342924962197,0.38526500000000014
funding_reversal_q5,480,2026-07-23 08:00:00+00:00,2026-07-23 08:15:00+00:00,2026-07-23 16:15:00+00:00,20,-0.00080574265384885,2.312389677076151e-05,-0.0007826187570780885,0.158725
funding_reversal_q5,480,2026-07-23 16:00:00+00:00,2026-07-23 16:15:00+00:00,2026-07-24 00:15:00+00:00,20,0.0015816949542593274,1.285563140757189e-05,0.0015945505856668992,-0.24231499999999992
funding_reversal_q5,480,2026-07-24 00:00:00+00:00,2026-07-24 00:15:00+00:00,2026-07-24 08:15:00+00:00,20,-0.0035828126076093095,2.971532489630876e-05,-0.003553097282713001,-0.24386999999999998
funding_reversal_q5,480,2026-07-24 08:00:00+00:00,2026-07-24 08:15:00+00:00,2026-07-24 16:15:00+00:00,20,0.0006236854876518934,5.406923165349631e-05,0.0006777547193053897,-0.13725500000000002
funding_reversal_q5,480,2026-07-24 16:00:00+00:00,2026-07-24 16:15:00+00:00,2026-07-25 00:15:00+00:00,20,0.005314190544323205,3.7981924280254093e-05,0.0053521724686034595,0.2086
funding_reversal_q5,480,2026-07-25 00:00:00+00:00,2026-07-25 00:15:00+00:00,2026-07-25 08:15:00+00:00,20,0.0040994757793678,1.899643623015838e-05,0.0041184722155979585,-0.13512499999999997
funding_reversal_q5,480,2026-07-25 08:00:00+00:00,2026-07-25 08:15:00+00:00,2026-07-25 16:15:00+00:00,20,0.008040317985146738,4.4695486719669944e-05,0.008085013471866409,-0.18930000000000002
funding_reversal_q5,480,2026-07-25 16:00:00+00:00,2026-07-25 16:15:00+00:00,2026-07-26 00:15:00+00:00,20,0.0004673038829868916,1.436600580715578e-05,0.00048166988879404737,0.026934999999999997
funding_reversal_q5,480,2026-07-26 00:00:00+00:00,2026-07-26 00:15:00+00:00,2026-07-26 08:15:00+00:00,20,-0.002836139190546238,4.8241096845723906e-05,-0.0027878980937005144,-0.045854999999999986
funding_reversal_q5,480,2026-07-26 08:00:00+00:00,2026-07-26 08:15:00+00:00,2026-07-26 16:15:00+00:00,20,-0.0060415233731797024,4.8763035161980594e-05,-0.005992760338017722,0.08358500000000002
funding_reversal_q5,480,2026-07-26 16:00:00+00:00,2026-07-26 16:15:00+00:00,2026-07-27 00:15:00+00:00,20,0.0044914694230016265,2.7151865480456953e-05,0.004518621288482083,0.26314
funding_reversal_q5,480,2026-07-27 00:00:00+00:00,2026-07-27 00:15:00+00:00,2026-07-27 08:15:00+00:00,20,-0.0014251078657454787,2.7483226834846582e-05,-0.0013976246389106322,0.32854
funding_reversal_q5,480,2026-07-27 08:00:00+00:00,2026-07-27 08:15:00+00:00,2026-07-27 16:15:00+00:00,20,0.001822226816049077,8.686671501265858e-05,0.0019090935310617355,0.403085
funding_reversal_q5,480,2026-07-27 16:00:00+00:00,2026-07-27 16:15:00+00:00,2026-07-28 00:15:00+00:00,20,0.0064522767652329,4.300226277147851e-05,0.006495279028004379,0.52101
funding_reversal_q5,480,2026-07-28 00:00:00+00:00,2026-07-28 00:15:00+00:00,2026-07-28 08:15:00+00:00,20,0.004517575850854494,4.2013160562780986e-05,0.004559589011417274,-0.11507499999999996
funding_reversal_q5,480,2026-07-28 08:00:00+00:00,2026-07-28 08:15:00+00:00,2026-07-28 16:15:00+00:00,20,-0.0015394291968523488,5.2664739567503114e-05,-0.0014867644572848456,-0.5442800000000001
funding_reversal_q5,480,2026-07-28 16:00:00+00:00,2026-07-28 16:15:00+00:00,2026-07-29 00:15:00+00:00,20,0.0016759876852153522,3.789881945765875e-05,0.001713886504673011,-0.5192249999999999
funding_reversal_q5,480,2026-07-29 00:00:00+00:00,2026-07-29 00:15:00+00:00,2026-07-29 08:15:00+00:00,20,0.0004540151538578786,1.544872005207343e-05,0.000469463873909952,0.11754500000000001
funding_reversal_q5,480,2026-07-29 08:00:00+00:00,2026-07-29 08:15:00+00:00,2026-07-29 16:15:00+00:00,20,-0.0019346368624993948,2.7106685416100065e-05,-0.0019075301770832948,0.467665
funding_reversal_q5,480,2026-07-29 16:00:00+00:00,2026-07-29 16:15:00+00:00,2026-07-30 00:15:00+00:00,20,0.00016860901848888546,2.543697021680131e-05,0.00019404598870568677,0.30208
funding_reversal_q5,480,2026-07-30 00:00:00+00:00,2026-07-30 00:15:00+00:00,2026-07-30 08:15:00+00:00,20,0.000762744123415704,3.4763816617664195e-05,0.0007975079400333681,0.17717000000000002
funding_reversal_q5,480,2026-07-30 08:00:00+00:00,2026-07-30 08:15:00+00:00,2026-07-30 16:15:00+00:00,20,-0.007381440582235645,1.0621251939778778e-05,-0.007370819330295866,0.06841
funding_reversal_q5,480,2026-07-30 16:00:00+00:00,2026-07-30 16:15:00+00:00,2026-07-31 00:15:00+00:00,20,-0.0007432502536773633,3.71920487590475e-05,-0.0007060582049183158,0.20580500000000002
funding_reversal_q5,480,2026-07-31 00:00:00+00:00,2026-07-31 00:15:00+00:00,2026-07-31 08:15:00+00:00,20,0.0022100380900618383,1.0061067330660186e-05,0.0022200991573924985,0.57385
funding_reversal_q5,480,2026-07-31 08:00:00+00:00,2026-07-31 08:15:00+00:00,2026-07-31 16:15:00+00:00,20,0.007056528250020222,6.080590135557149e-05,0.007117334151375793,0.518825
funding_reversal_q5,480,2026-07-31 16:00:00+00:00,2026-07-31 16:15:00+00:00,2026-08-01 00:15:00+00:00,20,0.002012637659416938,2.5544568561192323e-05,0.0020381822279781302,0.29591
funding_reversal_q5,480,2026-08-01 00:00:00+00:00,2026-08-01 00:15:00+00:00,2026-08-01 08:15:00+00:00,20,0.003788474819151022,1.0849658227720177e-06,0.0037895597849737944,-0.07141499999999999
funding_reversal_q5,480,2026-08-01 08:00:00+00:00,2026-08-01 08:15:00+00:00,2026-08-01 16:15:00+00:00,20,-0.0020034232705031354,4.729045407710651e-05,-0.001956132816426029,0.23781000000000005
funding_reversal_q5,480,2026-08-01 16:00:00+00:00,2026-08-01 16:15:00+00:00,2026-08-02 00:15:00+00:00,20,0.0010857031832324558,1.7447811142295744e-05,0.0011031509943747516,0.6770650000000001
funding_reversal_q5,480,2026-08-02 00:00:00+00:00,2026-08-02 00:15:00+00:00,2026-08-02 08:15:00+00:00,20,0.0017774484149877708,1.1178995305776857e-05,0.0017886274102935477,0.32220000000000004
funding_reversal_q5,480,2026-08-02 08:00:00+00:00,2026-08-02 08:15:00+00:00,2026-08-02 16:15:00+00:00,20,-0.002394979209393233,-2.626106246802679e-05,-0.00242124027186126,0.12812
funding_reversal_q5,480,2026-08-02 16:00:00+00:00,2026-08-02 16:15:00+00:00,2026-08-03 00:15:00+00:00,20,-0.002535440521280674,4.842300487722432e-05,-0.0024870175164034497,0.70146
funding_reversal_q5,480,2026-08-03 00:00:00+00:00,2026-08-03 00:15:00+00:00,2026-08-03 08:15:00+00:00,20,0.0024799665344528267,3.242044289742958e-05,0.0025123869773502564,0.61103
funding_reversal_q5,480,2026-08-03 08:00:00+00:00,2026-08-03 08:15:00+00:00,2026-08-03 16:15:00+00:00,20,-5.2764732481924356e-05,5.870255037349932e-06,-4.6894477444574424e-05,0.6592800000000001
funding_reversal_q5,480,2026-08-03 16:00:00+00:00,2026-08-03 16:15:00+00:00,2026-08-04 00:15:00+00:00,20,0.0006098423581291645,-1.78488498841535e-05,0.000591993508245011,0.4203550000000001
funding_reversal_q5,480,2026-08-04 00:00:00+00:00,2026-08-04 00:15:00+00:00,2026-08-04 08:15:00+00:00,20,-0.001232382846764335,1.1724623462670906e-05,-0.0012206582233016642,0.538105
funding_reversal_q5,480,2026-08-04 08:00:00+00:00,2026-08-04 08:15:00+00:00,2026-08-04 16:15:00+00:00,20,-0.004924168249901029,4.06081591516979e-05,-0.004883560090749331,0.69628
funding_reversal_q5,480,2026-08-04 16:00:00+00:00,2026-08-04 16:15:00+00:00,2026-08-05 00:15:00+00:00,20,-0.0038150488990998602,3.742308889718177e-05,-0.0037776258102026786,0.685985
funding_reversal_q5,480,2026-08-05 00:00:00+00:00,2026-08-05 00:15:00+00:00,2026-08-05 08:15:00+00:00,20,0.00441899572186859,3.193835018231732e-05,0.004450934072050908,0.53718
funding_reversal_q5,480,2026-08-05 08:00:00+00:00,2026-08-05 08:15:00+00:00,2026-08-05 16:15:00+00:00,20,0.0013299661204398071,2.864817349044992e-05,0.001358614293930257,0.42282
funding_reversal_q5,480,2026-08-05 16:00:00+00:00,2026-08-05 16:15:00+00:00,2026-08-06 00:15:00+00:00,20,-0.0027381404522039744,6.483040637889572e-05,-0.0026733100458250785,0.13193499999999997
funding_reversal_q5,480,2026-08-06 00:00:00+00:00,2026-08-06 00:15:00+00:00,2026-08-06 08:15:00+00:00,20,0.00017608945094808046,3.2580309189369735e-05,0.0002086697601374502,0.11210500000000001
funding_reversal_q5,480,2026-08-06 08:00:00+00:00,2026-08-06 08:15:00+00:00,2026-08-06 16:15:00+00:00,20,-0.0028560856987590254,2.0192529330576213e-05,-0.002835893169428449,0.22179500000000005
funding_reversal_q5,480,2026-08-06 16:00:00+00:00,2026-08-06 16:15:00+00:00,2026-08-07 00:15:00+00:00,20,0.001865759775992071,4.544315301258461e-05,0.0019112029290046556,0.053069999999999985
funding_reversal_q5,480,2026-08-07 00:00:00+00:00,2026-08-07 00:15:00+00:00,2026-08-07 08:15:00+00:00,20,-0.001277220579502325,2.4451843755800373e-05,-0.0012527687357465245,-0.23017
funding_reversal_q5,480,2026-08-07 08:00:00+00:00,2026-08-07 08:15:00+00:00,2026-08-07 16:15:00+00:00,20,0.002089292252174435,-1.4761517291227705e-06,0.0020878161004453124,-0.016940000000000024
funding_reversal_q5,480,2026-08-07 16:00:00+00:00,2026-08-07 16:15:00+00:00,2026-08-08 00:15:00+00:00,20,0.0022951565378197423,-2.157219845716924e-05,0.002273584339362573,0.30296
funding_reversal_q5,480,2026-08-08 00:00:00+00:00,2026-08-08 00:15:00+00:00,2026-08-08 08:15:00+00:00,20,-0.00010509345572753438,2.6060582672774844e-05,-7.903287305475953e-05,0.27736500000000003
funding_reversal_q5,480,2026-08-08 08:00:00+00:00,2026-08-08 08:15:00+00:00,2026-08-08 16:15:00+00:00,20,0.004332534483780992,-7.758182391995292e-06,0.004324776301388996,0.018575000000000008
funding_reversal_q5,480,2026-08-08 16:00:00+00:00,2026-08-08 16:15:00+00:00,2026-08-09 00:15:00+00:00,20,0.0025819494378255484,3.599743751596745e-05,0.0026179468753415158,0.637925
funding_reversal_q5,480,2026-08-09 00:00:00+00:00,2026-08-09 00:15:00+00:00,2026-08-09 08:15:00+00:00,20,-0.0017481533389435478,2.503757592477651e-05,-0.0017231157630187713,0.6458
funding_reversal_q5,480,2026-08-09 08:00:00+00:00,2026-08-09 08:15:00+00:00,2026-08-09 16:15:00+00:00,20,-0.003497131329416436,2.702951445205666e-05,-0.0034701018149643796,0.558525
funding_reversal_q5,480,2026-08-09 16:00:00+00:00,2026-08-09 16:15:00+00:00,2026-08-10 00:15:00+00:00,20,0.00293860327362534,5.1274331747619255e-05,0.0029898776053729594,0.6466850000000001
funding_reversal_q5,480,2026-08-10 00:00:00+00:00,2026-08-10 00:15:00+00:00,2026-08-10 08:15:00+00:00,20,0.0004723681069541798,3.868279685806987e-05,0.0005110509038122496,0.7509550000000002
funding_reversal_q5,480,2026-08-10 08:00:00+00:00,2026-08-10 08:15:00+00:00,2026-08-10 16:15:00+00:00,20,0.0017027755735895432,2.0827176439541396e-05,0.0017236027500290845,0.5697350000000001
funding_reversal_q5,480,2026-08-10 16:00:00+00:00,2026-08-10 16:15:00+00:00,2026-08-11 00:15:00+00:00,20,0.0003448210333128477,3.965240835563543e-05,0.0003844734416684831,0.594255
funding_reversal_q5,480,2026-08-11 00:00:00+00:00,2026-08-11 00:15:00+00:00,2026-08-11 08:15:00+00:00,20,-0.0026376879729328563,3.4897058073181594e-05,-0.002602790914859675,0.6147750000000001
funding_reversal_q5,480,2026-08-11 08:00:00+00:00,2026-08-11 08:15:00+00:00,2026-08-11 16:15:00+00:00,20,0.00668072918211784,8.685440929746093e-06,0.006689414623047586,0.4906250000000001
funding_reversal_q5,480,2026-08-11 16:00:00+00:00,2026-08-11 16:15:00+00:00,2026-08-12 00:15:00+00:00,20,0.0009938755762646028,-3.956721124459079e-05,0.000954308365020012,0.43526500000000007
funding_reversal_q5,480,2026-08-12 00:00:00+00:00,2026-08-12 00:15:00+00:00,2026-08-12 08:15:00+00:00,20,-0.0068033176203183615,4.943927385366793e-05,-0.006753878346464693,0.30265000000000003
funding_reversal_q5,480,2026-08-12 08:00:00+00:00,2026-08-12 08:15:00+00:00,2026-08-12 16:15:00+00:00,20,0.0037780062121713035,2.3110626659626602e-05,0.0038011168388309303,0.5130750000000001
funding_reversal_q5,480,2026-08-12 16:00:00+00:00,2026-08-12 16:15:00+00:00,2026-08-13 00:15:00+00:00,20,0.003199859523255599,-3.2181729156244226e-06,0.003196641350339975,0.6372100000000003
funding_reversal_q5,480,2026-08-13 00:00:00+00:00,2026-08-13 00:15:00+00:00,2026-08-13 08:15:00+00:00,20,0.0014703537248548005,1.884126656857893e-05,0.0014891949914233795,0.027840000000000007
funding_reversal_q5,480,2026-08-13 08:00:00+00:00,2026-08-13 08:15:00+00:00,2026-08-13 16:15:00+00:00,20,0.0018297980814507842,5.5430745848603076e-05,0.0018852288272993873,-0.029055000000000004
funding_reversal_q5,480,2026-08-13 16:00:00+00:00,2026-08-13 16:15:00+00:00,2026-08-14 00:15:00+00:00,20,-0.0015590700008304092,8.095092287810047e-05,-0.0014781190779523086,0.40362
funding_reversal_q5,480,2026-08-14 00:00:00+00:00,2026-08-14 00:15:00+00:00,2026-08-14 08:15:00+00:00,20,0.0029807054628300357,8.903380923427737e-05,0.003069739272064313,0.13818499999999997
funding_reversal_q5,480,2026-08-14 08:00:00+00:00,2026-08-14 08:15:00+00:00,2026-08-14 16:15:00+00:00,20,-0.007546873411216426,5.925432224321323e-05,-0.007487619088973213,-0.010339999999999995
funding_reversal_q5,480,2026-08-14 16:00:00+00:00,2026-08-14 16:15:00+00:00,2026-08-15 00:15:00+00:00,20,0.00030282314405101225,1.7180117221731506e-05,0.00032000326127274375,-0.186595
funding_reversal_q5,480,2026-08-15 00:00:00+00:00,2026-08-15 00:15:00+00:00,2026-08-15 08:15:00+00:00,20,-0.004313807912165357,2.8624633743416488e-05,-0.004285183278421941,-0.18053000000000002
funding_reversal_q5,480,2026-08-15 08:00:00+00:00,2026-08-15 08:15:00+00:00,2026-08-15 16:15:00+00:00,20,0.00013637111372699628,3.0210792187302502e-05,0.00016658190591429877,0.092865
funding_reversal_q5,480,2026-08-15 16:00:00+00:00,2026-08-15 16:15:00+00:00,2026-08-16 00:15:00+00:00,20,0.004395155858157862,1.4848731858669783e-05,0.004410004590016532,0.38722
funding_reversal_q5,480,2026-08-16 00:00:00+00:00,2026-08-16 00:15:00+00:00,2026-08-16 08:15:00+00:00,20,-0.0003502781790101439,-9.834920832643525e-06,-0.0003601130998427874,0.28443000000000007
funding_reversal_q5,480,2026-08-16 08:00:00+00:00,2026-08-16 08:15:00+00:00,2026-08-16 16:15:00+00:00,20,-0.0016467280152449469,4.4799859092098684e-05,-0.001601928156152848,0.022314999999999998
funding_reversal_q5,480,2026-08-16 16:00:00+00:00,2026-08-16 16:15:00+00:00,2026-08-17 00:15:00+00:00,20,-0.0012196615103770231,4.5662485748100743e-05,-0.0011739990246289224,0.133725
funding_reversal_q5,480,2026-08-17 00:00:00+00:00,2026-08-17 00:15:00+00:00,2026-08-17 08:15:00+00:00,20,-0.00044206321923192463,2.4087655761850184e-05,-0.00041797556347007443,0.35066500000000006
funding_reversal_q5,480,2026-08-17 08:00:00+00:00,2026-08-17 08:15:00+00:00,2026-08-17 16:15:00+00:00,20,-0.0053997969930261736,4.137718558647759e-05,-0.005358419807439696,-0.18348
funding_reversal_q5,480,2026-08-17 16:00:00+00:00,2026-08-17 16:15:00+00:00,2026-08-18 00:15:00+00:00,20,9.419878555646513e-05,-2.3470546964031038e-06,9.185173086006203e-05,0.5168250000000001
funding_reversal_q5,480,2026-08-18 00:00:00+00:00,2026-08-18 00:15:00+00:00,2026-08-18 08:15:00+00:00,20,-0.004704755824139373,3.805784739633183e-05,-0.004666697976743041,0.07806500000000001
funding_reversal_q5,480,2026-08-18 08:00:00+00:00,2026-08-18 08:15:00+00:00,2026-08-18 16:15:00+00:00,20,-0.0024464989455795227,1.0492980751107345e-05,-0.0024360059648284153,0.21908500000000003
funding_reversal_q5,480,2026-08-18 16:00:00+00:00,2026-08-18 16:15:00+00:00,2026-08-19 00:15:00+00:00,20,-0.00019490304292498753,3.111606551347256e-06,-0.00019179143637364026,-0.35696000000000006
funding_reversal_q5,480,2026-08-19 00:00:00+00:00,2026-08-19 00:15:00+00:00,2026-08-19 08:15:00+00:00,20,0.0022354156339188247,4.476671629175783e-06,0.0022398923055480004,0.25341
funding_reversal_q5,480,2026-08-19 08:00:00+00:00,2026-08-19 08:15:00+00:00,2026-08-19 16:15:00+00:00,20,-0.006270788374545023,9.800067463128563e-06,-0.006260988307081894,0.08173000000000001
funding_reversal_q5,480,2026-08-19 16:00:00+00:00,2026-08-19 16:15:00+00:00,2026-08-20 00:15:00+00:00,20,0.0009724853454312621,-2.0878651601642962e-06,0.0009703974802710978,0.500385
funding_reversal_q5,480,2026-08-20 00:00:00+00:00,2026-08-20 00:15:00+00:00,2026-08-20 08:15:00+00:00,20,-0.002074226427799985,2.1516887600189723e-05,-0.0020527095401997953,0.602675
funding_reversal_q5,480,2026-08-20 08:00:00+00:00,2026-08-20 08:15:00+00:00,2026-08-20 16:15:00+00:00,20,0.01342064249757805,-1.8666323780843195e-05,0.013401976173797207,1.0479649999999998
funding_reversal_q5,480,2026-08-20 16:00:00+00:00,2026-08-20 16:15:00+00:00,2026-08-21 00:15:00+00:00,20,-0.005169674925399591,5.909066198835165e-07,-0.005169084018779708,0.8554200000000001
funding_reversal_q5,480,2026-08-21 00:00:00+00:00,2026-08-21 00:15:00+00:00,2026-08-21 08:15:00+00:00,20,0.004072869277899269,1.1343099094417726e-05,0.004084212376993687,0.80584
funding_reversal_q5,480,2026-08-21 08:00:00+00:00,2026-08-21 08:15:00+00:00,2026-08-21 16:15:00+00:00,20,-0.009537978449105367,1.2306551012955573e-05,-0.00952567189809241,0.9479200000000001
funding_reversal_q5,480,2026-08-21 16:00:00+00:00,2026-08-21 16:15:00+00:00,2026-08-22 00:15:00+00:00,20,-0.012735132333182998,-1.1935221375461216e-05,-0.012747067554558459,0.8790850000000002
funding_reversal_q5,480,2026-08-22 00:00:00+00:00,2026-08-22 00:15:00+00:00,2026-08-22 08:15:00+00:00,20,0.002076109643635693,3.5324461714206936e-05,0.0021114341053499,1.1467849999999997
funding_reversal_q5,480,2026-08-22 08:00:00+00:00,2026-08-22 08:15:00+00:00,2026-08-22 16:15:00+00:00,20,-0.0014219579558527162,1.6834954229516226e-07,-0.001421789606310421,1.1077599999999996
funding_reversal_q5,480,2026-08-22 16:00:00+00:00,2026-08-22 16:15:00+00:00,2026-08-23 00:15:00+00:00,20,-0.0018136586539098218,1.1190890199846955e-05,-0.001802467763709975,1.0873899999999999
funding_reversal_q5,480,2026-08-23 00:00:00+00:00,2026-08-23 00:15:00+00:00,2026-08-23 08:15:00+00:00,20,-0.001461747806220359,6.957498768078286e-06,-0.0014547903074522807,1.1016799999999998
funding_reversal_q5,480,2026-08-23 08:00:00+00:00,2026-08-23 08:15:00+00:00,2026-08-23 16:15:00+00:00,20,-0.002749095057744677,-1.0971271210682276e-05,-0.0027600663289553593,1.05402
funding_reversal_q5,480,2026-08-23 16:00:00+00:00,2026-08-23 16:15:00+00:00,2026-08-24 00:15:00+00:00,20,-0.009354992622918435,1.6697413892199884e-05,-0.009338295209026235,1.0345499999999999
funding_reversal_q5,480,2026-08-24 00:00:00+00:00,2026-08-24 00:15:00+00:00,2026-08-24 08:15:00+00:00,20,0.001954447237560797,9.658301314272044e-06,0.0019641055388750694,0.9548600000000002
funding_reversal_q5,480,2026-08-24 08:00:00+00:00,2026-08-24 08:15:00+00:00,2026-08-24 16:15:00+00:00,20,0.00044977560872629975,3.1237266292651774e-05,0.0004810128750189515,0.9170800000000001
funding_reversal_q5,480,2026-08-24 16:00:00+00:00,2026-08-24 16:15:00+00:00,2026-08-25 00:15:00+00:00,20,-0.0009731414776850693,1.3311378382484486e-05,-0.0009598300993025848,0.95067
funding_reversal_q5,480,2026-08-25 00:00:00+00:00,2026-08-25 00:15:00+00:00,2026-08-25 08:15:00+00:00,20,0.0035000743133947964,-1.0641929266265373e-05,0.003489432384128531,0.8431700000000001
funding_reversal_q5,480,2026-08-25 08:00:00+00:00,2026-08-25 08:15:00+00:00,2026-08-25 16:15:00+00:00,20,0.004013397838875121,-3.497733190892199e-06,0.004009900105684229,0.9256000000000002
funding_reversal_q5,480,2026-08-25 16:00:00+00:00,2026-08-25 16:15:00+00:00,2026-08-26 00:15:00+00:00,20,0.006724044616969427,3.901471356554498e-05,0.006763059330534972,0.9153350000000001
funding_reversal_q5,480,2026-08-26 00:00:00+00:00,2026-08-26 00:15:00+00:00,2026-08-26 08:15:00+00:00,20,0.0009440603141698369,2.216244088528205e-05,0.0009662227550551189,0.7837800000000001
funding_reversal_q5,480,2026-08-26 08:00:00+00:00,2026-08-26 08:15:00+00:00,2026-08-26 16:15:00+00:00,20,0.00423289594146864,5.514947176661512e-05,0.004288045413235255,0.5935950000000001
funding_reversal_q5,480,2026-08-26 16:00:00+00:00,2026-08-26 16:15:00+00:00,2026-08-27 00:15:00+00:00,20,-0.0017205166374995914,1.6536857117188407e-05,-0.001703979780382403,0.7253000000000002
funding_reversal_q5,480,2026-08-27 00:00:00+00:00,2026-08-27 00:15:00+00:00,2026-08-27 08:15:00+00:00,20,-3.1775551469059166e-05,2.156147264694609e-05,-1.0214078822113076e-05,0.517215
funding_reversal_q5,480,2026-08-27 08:00:00+00:00,2026-08-27 08:15:00+00:00,2026-08-27 16:15:00+00:00,20,-0.0029081091865024835,1.182477443009853e-05,-0.0028962844120723847,0.8331750000000001
funding_reversal_q5,480,2026-08-27 16:00:00+00:00,2026-08-27 16:15:00+00:00,2026-08-28 00:15:00+00:00,20,-0.005899295105346324,8.718936015903715e-06,-0.00589057616933042,0.5188200000000002
funding_reversal_q5,480,2026-08-28 00:00:00+00:00,2026-08-28 00:15:00+00:00,2026-08-28 08:15:00+00:00,20,0.0031276601681555667,6.0788656785809415e-06,0.0031337390338341477,0.56985
funding_reversal_q5,480,2026-08-28 08:00:00+00:00,2026-08-28 08:15:00+00:00,2026-08-28 16:15:00+00:00,20,0.00441229479107761,2.1976851526130025e-05,0.00443427164260374,0.527165
funding_reversal_q5,480,2026-08-28 16:00:00+00:00,2026-08-28 16:15:00+00:00,2026-08-29 00:15:00+00:00,20,0.0007337441091171738,2.9442851763662034e-05,0.0007631869608808358,0.32987500000000003
funding_reversal_q5,480,2026-08-29 00:00:00+00:00,2026-08-29 00:15:00+00:00,2026-08-29 08:15:00+00:00,20,-0.0002731743774637141,3.542957330583702e-05,-0.00023774480415787708,0.12248
funding_reversal_q5,480,2026-08-29 08:00:00+00:00,2026-08-29 08:15:00+00:00,2026-08-29 16:15:00+00:00,20,0.0004213696338914441,1.741761157914586e-05,0.00043878724547059,0.3777400000000001
funding_reversal_q5,480,2026-08-29 16:00:00+00:00,2026-08-29 16:15:00+00:00,2026-08-30 00:15:00+00:00,20,-0.003236454100921693,1.7363938831551545e-05,-0.0032190901620901416,0.38638
funding_reversal_q5,480,2026-08-30 00:00:00+00:00,2026-08-30 00:15:00+00:00,2026-08-30 08:15:00+00:00,20,-0.0012848578546636013,1.897627655181436e-05,-0.001265881578111787,0.414795
funding_reversal_q5,480,2026-08-30 08:00:00+00:00,2026-08-30 08:15:00+00:00,2026-08-30 16:15:00+00:00,20,-0.000927557421585656,2.83759777272835e-05,-0.0008991814438583725,0.3622850000000001
funding_reversal_q5,480,2026-08-30 16:00:00+00:00,2026-08-30 16:15:00+00:00,2026-08-31 00:15:00+00:00,20,-0.008007544496798634,3.811493028958147e-05,-0.007969429566509052,0.392705
funding_reversal_q5,480,2026-08-31 00:00:00+00:00,2026-08-31 00:15:00+00:00,2026-08-31 08:15:00+00:00,20,0.002235213179299111,1.855707527695087e-05,0.0022537702545760616,0.36589499999999997
funding_reversal_q5,480,2026-08-31 08:00:00+00:00,2026-08-31 08:15:00+00:00,2026-08-31 16:15:00+00:00,20,-0.002015797078323856,7.656983860448116e-05,-0.0019392272397193747,-0.09927500000000002
