target,side,signal_time,entry_time,exit_time,entry_price,exit_price,notional,gross_price_pnl,fee,net_pnl,funding_cashflow,net_pnl_including_funding,reason,entry_z,entry_pct
AAVEUSDT,-1,2026-04-27 03:34:00+00:00,2026-04-27 03:35:00+00:00,2026-04-27 05:00:00+00:00,99.98,98.66,30000.0,396.0792158431714,0.0,396.0792158431714,0.0,396.0792158431714,repair50,2.3051311790259046,0.022648472664648978
ETHUSDT,1,2026-04-27 05:19:00+00:00,2026-04-27 05:20:00+00:00,2026-04-27 09:25:00+00:00,2344.1,2314.63,30118.82376475295,-378.65352858123197,0.0,-378.65352858123197,2.3388521722101343,-376.31467640902184,timeout,-3.3927513609372006,0.01890984457922884
DOGEUSDT,1,2026-04-27 05:19:00+00:00,2026-04-27 05:20:00+00:00,2026-04-27 09:25:00+00:00,0.09871,0.09795,30118.82376475295,-231.8944996577114,0.0,-231.8944996577114,0.75892912719312,-231.1355705305183,timeout,-3.0337373677604216,0.015041059093151121
FILUSDT,1,2026-04-27 05:19:00+00:00,2026-04-27 05:20:00+00:00,2026-04-27 09:25:00+00:00,0.934,0.923,30118.82376475295,-354.7184811694666,0.0,-354.7184811694666,1.683967944509673,-353.0345132249569,timeout,-2.6998679535832126,0.018371566710423393
AAVEUSDT,-1,2026-04-27 14:34:00+00:00,2026-04-27 14:35:00+00:00,2026-04-27 15:15:00+00:00,98.46,97.13,29830.678336703604,402.95350586853357,0.0,402.95350586853357,0.0,402.95350586853357,repair50,2.323512998245041,0.022968846923748565
ETHUSDT,1,2026-04-27 15:24:00+00:00,2026-04-27 15:25:00+00:00,2026-04-27 17:35:00+00:00,2267.57,2289.76,29951.56438846416,293.10019703031156,0.0,293.10019703031156,2.280660255132007,295.3808572854436,repair50,-3.3793049846880603,0.01914680557848225
XRPUSDT,1,2026-04-27 15:24:00+00:00,2026-04-27 15:25:00+00:00,2026-04-27 18:25:00+00:00,1.3844,1.395,29951.56438846416,229.33153894663448,0.0,229.33153894663448,1.7579224067998864,231.08946135343436,repair50,-3.336678610675124,0.015027228793278447
FILUSDT,1,2026-04-27 15:24:00+00:00,2026-04-27 15:25:00+00:00,2026-04-27 18:50:00+00:00,0.899,0.91,29951.56438846416,366.4818779456121,0.0,366.4818779456121,0.8168944321709375,367.29877237778305,repair50,-3.652190474186065,0.024750233149071654
FILUSDT,-1,2026-04-29 03:54:00+00:00,2026-04-29 03:55:00+00:00,2026-04-29 08:00:00+00:00,0.936,0.939,30219.69511576916,-96.85799716592645,0.0,-96.85799716592645,0.0,-96.85799716592645,timeout,2.237740884750071,0.015284013516510653
DOGEUSDT,-1,2026-04-29 04:44:00+00:00,2026-04-29 04:45:00+00:00,2026-04-29 08:20:00+00:00,0.10226,0.10579,30161.580317469605,-1041.1732693200406,0.0,-1041.1732693200406,3.094614714364279,-1038.0786546056763,stop,3.510225494658101,0.017619038717353597
FILUSDT,-1,2026-04-29 09:54:00+00:00,2026-04-29 09:55:00+00:00,2026-04-29 11:30:00+00:00,0.955,0.984,29879.21412023768,-907.3269209286855,0.0,-907.3269209286855,0.0,-907.3269209286855,stop,2.337976348198583,0.015988904182274943
LTCUSDT,-1,2026-04-29 09:54:00+00:00,2026-04-29 09:55:00+00:00,2026-04-29 13:35:00+00:00,56.83,56.11,29879.21412023768,378.55066279378855,0.0,378.55066279378855,0.0,378.55066279378855,repair50,4.293750183529099,0.015472764412533424
FILUSDT,1,2026-04-29 13:34:00+00:00,2026-04-29 13:35:00+00:00,2026-04-29 15:15:00+00:00,0.95,0.916,29540.850783586968,-1057.2515017283745,0.0,-1057.2515017283745,0.0,-1057.2515017283745,stop,-2.206683523797035,0.015130671513923555
DOGEUSDT,1,2026-04-29 12:14:00+00:00,2026-04-29 12:15:00+00:00,2026-04-29 15:40:00+00:00,0.10702,0.10334,29654.3348768083,-1019.6968075747965,0.0,-1019.6968075747965,0.0,-1019.6968075747965,stop,-3.886716683061941,0.020631286058731324
AAVEUSDT,1,2026-04-29 12:14:00+00:00,2026-04-29 12:15:00+00:00,2026-04-29 16:20:00+00:00,95.49,93.83,29654.3348768083,-515.5115289088025,0.0,-515.5115289088025,2.420113566705873,-513.0914153420966,timeout,-2.0431662033023223,0.019662863477130643
DOTUSDT,1,2026-04-29 15:39:00+00:00,2026-04-29 15:40:00+00:00,2026-04-29 18:00:00+00:00,1.206,1.217,28858.06338326609,263.21616684571103,0.0,263.21616684571103,1.4817861791920262,264.69795302490303,repair50,-2.260674166330735,0.015380440416532304
LINKUSDT,1,2026-04-29 18:09:00+00:00,2026-04-29 18:10:00+00:00,2026-04-29 19:00:00+00:00,8.926,9.032,28916.263327141034,343.3927753391129,0.0,343.3927753391129,0.0,343.3927753391129,repair50,-3.577730306613082,0.019972089021513262
LTCUSDT,1,2026-04-29 15:39:00+00:00,2026-04-29 15:40:00+00:00,2026-04-29 19:45:00+00:00,55.24,54.63,28858.06338326609,-318.6715905827723,0.0,-318.6715905827723,-0.4774856003255116,-319.1490761830978,timeout,-4.999041703961278,0.018270135272503762
DOGEUSDT,1,2026-04-29 18:09:00+00:00,2026-04-29 18:10:00+00:00,2026-04-29 20:50:00+00:00,0.10108,0.10219,28916.263327141034,317.54107927509347,0.0,317.54107927509347,0.0,317.54107927509347,repair50,-3.8027799463001917,0.021121947966947996
FILUSDT,-1,2026-04-29 20:54:00+00:00,2026-04-29 20:55:00+00:00,2026-04-30 01:00:00+00:00,0.908,0.927,29125.514144840443,-609.454591136529,0.0,-609.454591136529,2.935005004683811,-606.5195861318451,timeout,2.0735467966121885,0.015103444683776335
DOGEUSDT,-1,2026-04-30 00:24:00+00:00,2026-04-30 00:25:00+00:00,2026-04-30 04:30:00+00:00,0.10518,0.10585,29049.410908514074,-185.04568652504537,0.0,-185.04568652504537,0.0,-185.04568652504537,timeout,2.7263975143012185,0.015566284105753558
FILUSDT,1,2026-04-30 04:39:00+00:00,2026-04-30 04:40:00+00:00,2026-04-30 07:10:00+00:00,0.912,0.92,28888.04456304337,253.40389967581984,0.0,253.40389967581984,0.0,253.40389967581984,repair50,-2.1411451316605783,0.015302356590138011
DOGEUSDT,-1,2026-05-01 01:09:00+00:00,2026-05-01 01:10:00+00:00,2026-05-01 05:15:00+00:00,0.10866,0.10908,28964.065732946117,-111.95387086174146,0.0,-111.95387086174146,0.0,-111.95387086174146,timeout,3.302226183949635,0.01924930304638761
DOTUSDT,-1,2026-05-01 14:29:00+00:00,2026-05-01 14:30:00+00:00,2026-05-01 14:40:00+00:00,1.226,1.212,28893.688111123505,329.9442361792246,0.0,329.9442361792246,0.0,329.9442361792246,repair50,2.1949312075503,0.015094549283212633
BCHUSDT,-1,2026-05-01 13:54:00+00:00,2026-05-01 13:55:00+00:00,2026-05-01 18:00:00+00:00,452.93,452.62,28930.479571687592,19.800959678589066,0.0,19.800959678589066,1.8148699952866476,21.615829673875716,timeout,4.872729048203413,0.01888832821610187
TRXUSDT,-1,2026-05-03 05:29:00+00:00,2026-05-03 05:30:00+00:00,2026-05-03 09:35:00+00:00,0.337,0.33935,29035.947591443524,-202.4761924032364,0.0,-202.4761924032364,1.3778184614993179,-201.0983739417371,timeout,10.96866086579389,0.021685468248231254
FILUSDT,-1,2026-05-04 01:49:00+00:00,2026-05-04 01:50:00+00:00,2026-05-04 02:45:00+00:00,0.939,0.969,29012.859144982292,-926.9284071879318,0.0,-926.9284071879318,0.0,-926.9284071879318,stop,2.1913234529825307,0.015720659797015646
UNIUSDT,-1,2026-05-04 02:04:00+00:00,2026-05-04 02:05:00+00:00,2026-05-04 04:40:00+00:00,3.297,3.401,28876.718394255327,-910.8822302100529,0.0,-910.8822302100529,0.0,-910.8822302100529,stop,3.001737454950303,0.01816939178560495
DOGEUSDT,-1,2026-05-04 01:34:00+00:00,2026-05-04 01:35:00+00:00,2026-05-04 05:40:00+00:00,0.11204,0.11286,28975.618079261003,-212.06717980180042,0.0,-212.06717980180042,0.0,-212.06717980180042,timeout,5.22752694011222,0.030681199406776383
BNBUSDT,-1,2026-05-04 04:39:00+00:00,2026-05-04 04:40:00+00:00,2026-05-04 06:25:00+00:00,635.99,631.05,28312.835946160056,219.91762382117903,0.0,219.91762382117903,0.0,219.91762382117903,repair50,4.664707688772524,0.015416739042366956
BTCUSDT,-1,2026-05-04 02:44:00+00:00,2026-05-04 02:45:00+00:00,2026-05-04 06:50:00+00:00,80129.3,79807.6,28582.020281477297,114.74998439461137,0.0,114.74998439461137,0.0,114.74998439461137,timeout,4.147901361560995,0.016351658965260363
LINKUSDT,-1,2026-05-04 09:29:00+00:00,2026-05-04 09:30:00+00:00,2026-05-04 10:05:00+00:00,9.489,9.395,28461.055016565802,281.9411077623809,0.0,281.9411077623809,0.0,281.9411077623809,repair50,2.9862264021407467,0.016247994274675603
DOGEUSDT,1,2026-05-04 10:04:00+00:00,2026-05-04 10:05:00+00:00,2026-05-04 14:10:00+00:00,0.1101,0.11024,28545.637348894514,36.297813159354604,0.0,36.297813159354604,0.0,36.297813159354604,timeout,-3.0277097728265034,0.01781630671067269
UNIUSDT,1,2026-05-04 10:09:00+00:00,2026-05-04 10:10:00+00:00,2026-05-04 14:15:00+00:00,3.306,3.278,28495.07968056541,-241.33763794792262,0.0,-241.33763794792262,0.0,-241.33763794792262,timeout,-3.5432513520933537,0.02169431905876118
FILUSDT,1,2026-05-04 10:09:00+00:00,2026-05-04 10:10:00+00:00,2026-05-04 14:15:00+00:00,0.93,0.934,28495.07968056541,122.55948249705794,0.0,122.55948249705794,0.0,122.55948249705794,timeout,-3.2475066673346578,0.023375159263399947
BTCUSDT,-1,2026-05-04 14:54:00+00:00,2026-05-04 14:55:00+00:00,2026-05-04 15:20:00+00:00,80415.5,79452.1,28520.893246207066,341.68821375724514,0.0,341.68821375724514,0.0,341.68821375724514,repair50,4.675387326302827,0.01873747376985757
NEARUSDT,-1,2026-05-04 14:54:00+00:00,2026-05-04 14:55:00+00:00,2026-05-04 15:20:00+00:00,1.28,1.267,28520.893246207066,289.66532203179304,0.0,289.66532203179304,0.0,289.66532203179304,repair50,3.179424246426912,0.02050256132214412
UNIUSDT,-1,2026-05-04 14:54:00+00:00,2026-05-04 14:55:00+00:00,2026-05-04 15:20:00+00:00,3.345,3.29,28520.893246207066,468.9534016566208,0.0,468.9534016566208,0.0,468.9534016566208,repair50,2.9699755408535795,0.018836116149266946
ADAUSDT,-1,2026-05-05 07:39:00+00:00,2026-05-05 07:40:00+00:00,2026-05-05 11:45:00+00:00,0.2576,0.2589,28850.98532744076,-145.59891663693017,0.0,-145.59891663693017,2.873898616079697,-142.72501802085048,timeout,3.0635105498570785,0.017322732318924894
BCHUSDT,-1,2026-05-05 08:34:00+00:00,2026-05-05 08:35:00+00:00,2026-05-05 12:40:00+00:00,454.35,459.51,28875.367322020782,-327.9341815376371,0.0,-327.9341815376371,0.0,-327.9341815376371,timeout,5.095918963577442,0.019564901337666862
SUIUSDT,-1,2026-05-05 12:34:00+00:00,2026-05-05 12:35:00+00:00,2026-05-05 14:40:00+00:00,0.9693,0.9603,28716.460646848693,266.63380359191007,0.0,266.63380359191007,0.0,266.63380359191007,repair50,2.8287589467419254,0.017586696782899702
DOTUSDT,-1,2026-05-05 13:49:00+00:00,2026-05-05 13:50:00+00:00,2026-05-05 14:40:00+00:00,1.287,1.269,28646.68423405646,400.6529263504392,0.0,400.6529263504392,0.0,400.6529263504392,repair50,2.396473018460852,0.01659048870526325
FILUSDT,1,2026-05-05 16:44:00+00:00,2026-05-05 16:45:00+00:00,2026-05-05 18:00:00+00:00,0.941,0.95,28909.973586555916,276.5034668214687,0.0,276.5034668214687,0.0,276.5034668214687,repair50,-2.1780692249284446,0.015406145753831924
FILUSDT,-1,2026-05-05 20:14:00+00:00,2026-05-05 20:15:00+00:00,2026-05-06 00:20:00+00:00,0.969,0.979,28992.924626602355,-299.20458850982953,0.0,-299.20458850982953,2.9142526920857272,-296.2903358177438,timeout,2.5010720819060692,0.0179684230824948
NEARUSDT,-1,2026-05-05 20:14:00+00:00,2026-05-05 20:15:00+00:00,2026-05-06 00:20:00+00:00,1.293,1.294,28992.924626602355,-22.422988883684926,0.0,-22.422988883684926,2.2940786402381272,-20.1289102434468,timeout,2.360299350246488,0.015148339944796918
ADAUSDT,-1,2026-05-05 21:24:00+00:00,2026-05-05 21:25:00+00:00,2026-05-06 00:25:00+00:00,0.264,0.2611,28620.50863228221,314.39195088491823,0.0,314.39195088491823,2.8392655776153806,317.2312164625336,repair50,3.4309627851060363,0.019441904941843724
FILUSDT,-1,2026-05-06 01:19:00+00:00,2026-05-06 01:20:00+00:00,2026-05-06 01:55:00+00:00,0.992,1.029,28993.168217722756,-1081.3984113465092,0.0,-1081.3984113465092,0.0,-1081.3984113465092,stop,2.4669208170644135,0.017441840267889974
SUIUSDT,-1,2026-05-06 01:49:00+00:00,2026-05-06 01:50:00+00:00,2026-05-06 02:30:00+00:00,0.985,0.9764,28852.878694088613,251.91345864889485,0.0,251.91345864889485,0.0,251.91345864889485,repair50,2.799872277347931,0.01604277280174804
NEARUSDT,-1,2026-05-06 07:34:00+00:00,2026-05-06 07:35:00+00:00,2026-05-06 08:15:00+00:00,1.339,1.381,28730.705993883672,-901.1871932360834,0.0,-901.1871932360834,2.913838591463333,-898.2733546446201,stop,2.7650029945652683,0.01710810400579854
FILUSDT,1,2026-05-06 06:19:00+00:00,2026-05-06 06:20:00+00:00,2026-05-06 08:30:00+00:00,1.091,1.102,28735.96365462388,289.7301560044599,0.0,289.7301560044599,1.209045521352905,290.9392015258128,repair50,-2.2050670287780854,0.017657243083647023
BCHUSDT,-1,2026-05-06 04:39:00+00:00,2026-05-06 04:40:00+00:00,2026-05-06 08:45:00+00:00,474.54,471.6,28744.32273191347,178.0846900826597,0.0,178.0846900826597,0.6475878030333361,178.73227788569304,timeout,7.515138293709895,0.02967003424283554
SUIUSDT,-1,2026-05-06 08:34:00+00:00,2026-05-06 08:35:00+00:00,2026-05-06 12:40:00+00:00,1.0057,1.0304,28637.366738853576,-703.3339549067138,0.0,-703.3339549067138,0.0,-703.3339549067138,timeout,2.7695469807741926,0.015895822976573548
ADAUSDT,-1,2026-05-06 08:44:00+00:00,2026-05-06 08:45:00+00:00,2026-05-06 12:50:00+00:00,0.2689,0.2719,28593.531623399114,-319.00555920490245,0.0,-319.00555920490245,0.0,-319.00555920490245,timeout,3.2660769628673436,0.017127619698058094
LINKUSDT,-1,2026-05-06 08:54:00+00:00,2026-05-06 08:55:00+00:00,2026-05-06 13:00:00+00:00,10.038,10.166,28451.700360214614,-362.80311278217215,0.0,-362.80311278217215,0.0,-362.80311278217215,timeout,3.031762309958803,0.015219826236670508
BNBUSDT,-1,2026-05-06 12:39:00+00:00,2026-05-06 12:40:00+00:00,2026-05-06 13:10:00+00:00,659.74,654.49,28201.900020866568,224.42170417065796,0.0,224.42170417065796,0.0,224.42170417065796,repair50,4.796008586577928,0.015562095627933425
FILUSDT,1,2026-05-06 12:59:00+00:00,2026-05-06 13:00:00+00:00,2026-05-06 14:05:00+00:00,1.089,1.054,28227.258226749687,-907.2121560479685,0.0,-907.2121560479685,0.0,-907.2121560479685,stop,-2.132457744933626,0.017369835832192426
SUIUSDT,1,2026-05-06 13:09:00+00:00,2026-05-06 13:10:00+00:00,2026-05-06 17:15:00+00:00,1.0094,0.9933,28197.540954774326,-449.75273367532156,0.0,-449.75273367532156,-2.7690656215145086,-452.5217992968361,timeout,-2.8910617968170444,0.01663919492329413
UNIUSDT,1,2026-05-06 13:19:00+00:00,2026-05-06 13:20:00+00:00,2026-05-06 17:25:00+00:00,3.466,3.464,28206.38877458719,-16.276046609689466,0.0,-16.276046609689466,-2.0309737565143005,-18.307020366203766,timeout,-2.569909227650588,0.015524473170658526
DOGEUSDT,1,2026-05-06 14:04:00+00:00,2026-05-06 14:05:00+00:00,2026-05-06 18:10:00+00:00,0.11219,0.11297,27666.84099251239,192.35347155860424,0.0,192.35347155860424,2.471735909260499,194.82520746786474,timeout,-5.023888273396051,0.029494576610198386
NEARUSDT,-1,2026-05-06 17:29:00+00:00,2026-05-06 17:30:00+00:00,2026-05-06 18:35:00+00:00,1.518,1.502,27930.316867120597,294.39069161655374,0.0,294.39069161655374,0.0,294.39069161655374,repair50,2.552950505755869,0.017547939408680158
NEARUSDT,-1,2026-05-06 21:39:00+00:00,2026-05-06 21:40:00+00:00,2026-05-06 22:05:00+00:00,1.542,1.515,27985.479169702023,490.01811775742976,0.0,490.01811775742976,0.0,490.01811775742976,repair50,3.373290185311466,0.02327979812396408
FILUSDT,-1,2026-05-06 21:34:00+00:00,2026-05-06 21:35:00+00:00,2026-05-06 22:10:00+00:00,1.091,1.074,28000.878369538616,436.3106620368056,0.0,436.3106620368056,0.0,436.3106620368056,repair50,2.4499322031809214,0.02061894058579905
FILUSDT,-1,2026-05-06 23:54:00+00:00,2026-05-06 23:55:00+00:00,2026-05-07 00:45:00+00:00,1.103,1.083,28318.71340677702,513.4852838944167,0.0,513.4852838944167,-4.508396171225415,508.97688772319134,repair50,2.1250649007063034,0.017889529724832487
NEARUSDT,1,2026-05-06 22:39:00+00:00,2026-05-06 22:40:00+00:00,2026-05-07 02:45:00+00:00,1.487,1.476,28278.777003476887,-209.19068395309444,0.0,-209.19068395309444,-2.04904328804222,-211.23972724113665,timeout,-2.356329524269994,0.01598423996674614
FILUSDT,1,2026-05-07 01:04:00+00:00,2026-05-07 01:05:00+00:00,2026-05-07 03:15:00+00:00,1.071,1.089,28425.15015633598,477.73361607287194,0.0,477.73361607287194,0.0,477.73361607287194,repair50,-2.025314347705513,0.0167808920066147
SUIUSDT,1,2026-05-07 02:14:00+00:00,2026-05-07 02:15:00+00:00,2026-05-07 04:50:00+00:00,0.9679,0.9768,28145.030528826766,258.79819372513543,0.0,258.79819372513543,0.0,258.79819372513543,repair50,-2.791747661136081,0.016319273728026995
FILUSDT,-1,2026-05-07 04:24:00+00:00,2026-05-07 04:25:00+00:00,2026-05-07 06:10:00+00:00,1.095,1.075,28566.37650454904,521.7603014529504,0.0,521.7603014529504,0.0,521.7603014529504,repair50,2.913240321286287,0.024922900339741316
NEARUSDT,-1,2026-05-07 06:49:00+00:00,2026-05-07 06:50:00+00:00,2026-05-07 07:40:00+00:00,1.523,1.502,28732.440857199075,396.1794208806167,0.0,396.1794208806167,0.0,396.1794208806167,repair50,2.541452972056831,0.01765197399633589
SOLUSDT,-1,2026-05-07 07:39:00+00:00,2026-05-07 07:40:00+00:00,2026-05-07 09:05:00+00:00,90.2,89.34,28777.99425335492,274.3799895552683,0.0,274.3799895552683,2.3669033743091825,276.7468929295775,repair50,3.522022231697621,0.016795906470007615
DOTUSDT,-1,2026-05-07 05:04:00+00:00,2026-05-07 05:05:00+00:00,2026-05-07 09:10:00+00:00,1.32,1.319,28643.84252621346,21.699880701679387,0.0,21.699880701679387,-0.19896620615367513,21.500914495525713,timeout,2.5054508004129468,0.016586513666424718
SUIUSDT,-1,2026-05-07 06:44:00+00:00,2026-05-07 06:45:00+00:00,2026-05-07 10:25:00+00:00,0.9965,0.9868,28693.50607131276,279.30457490389716,0.0,279.30457490389716,-0.035822247863719285,279.2687526560334,repair50,3.062838586500712,0.018351066517422687
NEARUSDT,1,2026-05-07 09:04:00+00:00,2026-05-07 09:05:00+00:00,2026-05-07 12:25:00+00:00,1.474,1.491,28978.55357125036,334.2166965476637,0.0,334.2166965476637,0.0,334.2166965476637,repair50,-2.7988692330630984,0.019161042595133737
DOGEUSDT,1,2026-05-07 13:49:00+00:00,2026-05-07 13:50:00+00:00,2026-05-07 17:55:00+00:00,0.10931,0.10765,29137.959588249607,-442.4939430655437,0.0,-442.4939430655437,-0.4790222179095265,-442.9729652834532,timeout,-2.799488122354745,0.016624030244943078
FILUSDT,1,2026-05-07 13:59:00+00:00,2026-05-07 14:00:00+00:00,2026-05-07 18:05:00+00:00,1.081,1.063,29143.557403192004,-485.2766265101362,0.0,-485.2766265101362,-2.8626471972206633,-488.1392737073569,timeout,-2.1669269282066375,0.018308904494749756
ADAUSDT,1,2026-05-07 14:34:00+00:00,2026-05-07 14:35:00+00:00,2026-05-07 18:40:00+00:00,0.2636,0.2641,28935.5987630237,54.88543012712978,0.0,54.88543012712978,-2.8727034128540603,52.01272671427572,timeout,-2.9952316133416135,0.01570900487458393
FILUSDT,-1,2026-05-07 23:49:00+00:00,2026-05-07 23:50:00+00:00,2026-05-08 00:05:00+00:00,1.103,1.089,28874.229734566645,366.49067659468267,0.0,366.49067659468267,0.4113171983651952,366.90199379304784,repair50,2.577797742008245,0.022361178492706912
NEARUSDT,-1,2026-05-08 07:34:00+00:00,2026-05-08 07:35:00+00:00,2026-05-08 09:25:00+00:00,1.509,1.562,28984.300332704555,-1018.0039215595405,0.0,-1018.0039215595405,0.8149579704748476,-1017.1889635890656,stop,2.31131596514319,0.016024846856638852
FILUSDT,1,2026-05-08 13:09:00+00:00,2026-05-08 13:10:00+00:00,2026-05-08 14:10:00+00:00,1.076,1.093,28679.143643627835,453.10914678593593,0.0,453.10914678593593,0.0,453.10914678593593,repair50,-2.4060615898968254,0.020455827142136118
NEARUSDT,1,2026-05-08 13:09:00+00:00,2026-05-08 13:10:00+00:00,2026-05-08 14:10:00+00:00,1.533,1.544,28679.143643627835,205.7864188388216,0.0,205.7864188388216,0.0,205.7864188388216,repair50,-2.2895356252238668,0.015960607776748015
UNIUSDT,-1,2026-05-08 14:39:00+00:00,2026-05-08 14:40:00+00:00,2026-05-08 15:25:00+00:00,3.571,3.522,28792.409416738577,395.0792667096606,0.0,395.0792667096606,0.0,395.0792667096606,repair50,3.3664730416338635,0.020860405441744057
FILUSDT,-1,2026-05-08 14:39:00+00:00,2026-05-08 14:40:00+00:00,2026-05-08 15:40:00+00:00,1.114,1.166,28792.409416738577,-1343.9903857005388,0.0,-1343.9903857005388,0.0,-1343.9903857005388,stop,2.0136773597404733,0.017506059633196847
NEARUSDT,-1,2026-05-08 15:34:00+00:00,2026-05-08 15:35:00+00:00,2026-05-08 17:10:00+00:00,1.574,1.561,28749.283348895882,237.44643172531624,0.0,237.44643172531624,-1.4639593645569402,235.98247236075932,repair50,2.385580343056901,0.01697495813626171
SUIUSDT,-1,2026-05-08 14:24:00+00:00,2026-05-08 14:25:00+00:00,2026-05-08 17:35:00+00:00,0.9956,1.0275,28876.812313315262,-925.2413748440742,0.0,-925.2413748440742,2.046799652478466,-923.1945751915957,stop,2.61198828366961,0.015666007709912
DOTUSDT,-1,2026-05-08 15:44:00+00:00,2026-05-08 15:45:00+00:00,2026-05-08 19:50:00+00:00,1.344,1.371,28450.071616466546,-571.5416172950833,0.0,-571.5416172950833,2.686353559147953,-568.8552637359353,timeout,2.6901184651528274,0.017430990581813965
FILUSDT,-1,2026-05-08 20:24:00+00:00,2026-05-08 20:25:00+00:00,2026-05-08 20:45:00+00:00,1.229,1.211,28064.735612977227,411.03762492562396,0.0,411.03762492562396,0.0,411.03762492562396,repair50,2.357622624898725,0.02252343104302512
SOLUSDT,-1,2026-05-08 17:34:00+00:00,2026-05-08 17:35:00+00:00,2026-05-08 21:40:00+00:00,91.58,92.24,28228.019692476748,-203.43407946096056,0.0,-203.43407946096056,0.0,-203.43407946096056,timeout,5.3634415988605575,0.025304408504066345
LINKUSDT,-1,2026-05-08 17:34:00+00:00,2026-05-08 17:35:00+00:00,2026-05-08 21:40:00+00:00,10.249,10.343,28228.019692476748,-258.8968534581698,0.0,-258.8968534581698,0.0,-258.8968534581698,timeout,3.900894150283254,0.019590523731674025
NEARUSDT,-1,2026-05-08 21:24:00+00:00,2026-05-08 21:25:00+00:00,2026-05-08 21:55:00+00:00,1.593,1.576,28239.77048296656,301.36603779687795,0.0,301.36603779687795,0.0,301.36603779687795,repair50,2.149117483820453,0.015346512181233063
ADAUSDT,-1,2026-05-08 21:44:00+00:00,2026-05-08 21:45:00+00:00,2026-05-08 23:10:00+00:00,0.277,0.2741,28237.158344624826,295.623679420261,0.0,295.623679420261,0.0,295.623679420261,repair50,3.5634312654216855,0.018957082202880393
SUIUSDT,-1,2026-05-09 00:24:00+00:00,2026-05-09 00:25:00+00:00,2026-05-09 00:50:00+00:00,1.041,1.0759,28379.02769041506,-951.4198524452362,0.0,-951.4198524452362,0.0,-951.4198524452362,stop,2.8818238556760267,0.017557348725310007
UNIUSDT,-1,2026-05-09 00:39:00+00:00,2026-05-09 00:40:00+00:00,2026-05-09 03:40:00+00:00,3.768,3.733,28250.62690230569,262.41293566366505,0.0,262.41293566366505,0.0,262.41293566366505,repair50,2.6958277871871017,0.017105159084213062
HBARUSDT,-1,2026-05-09 01:29:00+00:00,2026-05-09 01:30:00+00:00,2026-05-09 04:55:00+00:00,0.09441,0.09351,28149.833078037987,268.349219047073,0.0,268.349219047073,0.0,268.349219047073,repair50,3.516364858404393,0.01612508773620802
AAVEUSDT,-1,2026-05-09 01:34:00+00:00,2026-05-09 01:35:00+00:00,2026-05-09 04:55:00+00:00,98.15,97.16,28084.274563225845,283.27490389805183,0.0,283.27490389805183,0.0,283.27490389805183,repair50,2.179786694506888,0.019743445213905142
FILUSDT,1,2026-05-09 04:39:00+00:00,2026-05-09 04:40:00+00:00,2026-05-09 05:40:00+00:00,1.25,1.269,28269.060253563086,429.6897158541555,0.0,429.6897158541555,0.0,429.6897158541555,repair50,-2.761086053016962,0.026486319172685735
SUIUSDT,1,2026-05-09 05:04:00+00:00,2026-05-09 05:05:00+00:00,2026-05-09 05:45:00+00:00,1.0699,1.079,28364.95115010755,241.25717867649158,0.0,241.25717867649158,0.0,241.25717867649158,repair50,-2.4117511484251226,0.015497404295862438
UNIUSDT,1,2026-05-09 07:09:00+00:00,2026-05-09 07:10:00+00:00,2026-05-09 11:15:00+00:00,3.666,3.654,28539.09692062332,-93.41766586128882,0.0,-93.41766586128882,-0.46931104820728087,-93.8869769094961,timeout,-2.392302763840145,0.015051321651687322
SUIUSDT,1,2026-05-09 09:14:00+00:00,2026-05-09 09:15:00+00:00,2026-05-09 13:20:00+00:00,1.0545,1.0554,28510.930827550474,24.333653622376357,0.0,24.333653622376357,0.0,24.333653622376357,timeout,-2.64247272927081,0.016999620606025334
FILUSDT,1,2026-05-09 09:19:00+00:00,2026-05-09 09:20:00+00:00,2026-05-09 13:25:00+00:00,1.224,1.224,28451.271778082995,0.0,0.0,0.0,0.0,0.0,timeout,-3.592090976831003,0.03442841520204609
SUIUSDT,-1,2026-05-09 17:34:00+00:00,2026-05-09 17:35:00+00:00,2026-05-09 21:40:00+00:00,1.067,1.0711,28518.230923637188,-109.5827055172582,0.0,-109.5827055172582,0.0,-109.5827055172582,timeout,2.283714929826977,0.015067664699176975
UNIUSDT,-1,2026-05-09 18:04:00+00:00,2026-05-09 18:05:00+00:00,2026-05-09 22:10:00+00:00,3.709,3.722,28535.069241802034,-100.01507148649834,0.0,-100.01507148649834,0.0,-100.01507148649834,timeout,2.5867677711442174,0.016632239536713778
SUIUSDT,-1,2026-05-10 00:19:00+00:00,2026-05-10 00:20:00+00:00,2026-05-10 00:50:00+00:00,1.0906,1.0788,28505.609150115644,308.4230588404241,0.0,308.4230588404241,0.0,308.4230588404241,repair50,2.7694022877815487,0.018228289394792485
FILUSDT,1,2026-05-10 00:09:00+00:00,2026-05-10 00:10:00+00:00,2026-05-10 02:25:00+00:00,1.189,1.203,28455.35159053606,335.05039719722913,0.0,335.05039719722913,0.0,335.05039719722913,repair50,-2.195009719471918,0.021338876796930473
UNIUSDT,1,2026-05-10 02:04:00+00:00,2026-05-10 02:05:00+00:00,2026-05-10 04:20:00+00:00,3.701,3.732,28555.058159556695,239.18043851560475,0.0,239.18043851560475,0.0,239.18043851560475,repair50,-2.5075803890964776,0.01587555305931221
UNIUSDT,-1,2026-05-10 05:19:00+00:00,2026-05-10 05:20:00+00:00,2026-05-10 05:50:00+00:00,3.823,3.97,28720.147758902036,-1104.3321267482606,0.0,-1104.3321267482606,0.0,-1104.3321267482606,stop,4.246257593293682,0.02738657516955656
SUIUSDT,-1,2026-05-10 08:04:00+00:00,2026-05-10 08:05:00+00:00,2026-05-10 08:50:00+00:00,1.0965,1.1344,28388.84812087756,-981.2470075524478,0.0,-981.2470075524478,0.0,-981.2470075524478,stop,2.388385570567567,0.015582813635846682
UNIUSDT,1,2026-05-10 10:04:00+00:00,2026-05-10 10:05:00+00:00,2026-05-10 12:40:00+00:00,3.948,3.983,28094.474018611825,249.064485980604,0.0,249.064485980604,0.0,249.064485980604,repair50,-2.427577072432008,0.016354094315370937
UNIUSDT,-1,2026-05-10 12:54:00+00:00,2026-05-10 12:55:00+00:00,2026-05-10 13:50:00+00:00,3.999,4.128,28169.19336440601,-908.6836569163221,0.0,-908.6836569163221,0.0,-908.6836569163221,stop,2.520733118354649,0.017477110849679622
SUIUSDT,-1,2026-05-10 15:09:00+00:00,2026-05-10 15:10:00+00:00,2026-05-10 15:45:00+00:00,1.1586,1.1958,27931.153396341702,-896.805546645876,0.0,-896.805546645876,0.0,-896.805546645876,stop,2.9899700909201226,0.020159440025314446
XLMUSDT,-1,2026-05-10 15:54:00+00:00,2026-05-10 15:55:00+00:00,2026-05-10 17:15:00+00:00,0.1672,0.17229,27657.04419015826,-841.9518835401055,0.0,-841.9518835401055,2.771927253958612,-839.1799562861469,stop,3.0745909639723967,0.015743332896080098
AAVEUSDT,-1,2026-05-10 13:54:00+00:00,2026-05-10 13:55:00+00:00,2026-05-10 18:00:00+00:00,99.27,99.64,27896.58826733111,-103.97640434081592,0.0,-103.97640434081592,2.7831954286254392,-101.19320891219049,timeout,2.94022120222213,0.026198221932700383
ADAUSDT,-1,2026-05-10 15:49:00+00:00,2026-05-10 15:50:00+00:00,2026-05-10 19:55:00+00:00,0.2806,0.2868,27641.878486097838,-610.7613920663067,0.0,-610.7613920663067,2.7730482232304308,-607.9883438430763,timeout,4.295844279389077,0.02245143429012586
NEARUSDT,-1,2026-05-10 19:54:00+00:00,2026-05-10 19:55:00+00:00,2026-05-10 20:20:00+00:00,1.623,1.6,27187.832716007546,385.28660041168826,0.0,385.28660041168826,0.0,385.28660041168826,repair50,2.437073721306439,0.016934767154449082
SOLUSDT,-1,2026-05-10 17:59:00+00:00,2026-05-10 18:00:00+00:00,2026-05-10 20:35:00+00:00,96.46,95.34,27059.03046700226,314.18322748333395,0.0,314.18322748333395,0.0,314.18322748333395,repair50,3.81448924715946,0.018157596129246834
XRPUSDT,-1,2026-05-10 17:14:00+00:00,2026-05-10 17:15:00+00:00,2026-05-10 20:45:00+00:00,1.4851,1.462,27241.94196613845,423.73500735155903,0.0,423.73500735155903,0.0,423.73500735155903,repair50,6.488843981323875,0.026369241839789836
FILUSDT,1,2026-05-10 20:34:00+00:00,2026-05-10 20:35:00+00:00,2026-05-10 20:50:00+00:00,1.145,1.11,27474.135256594313,-839.8207283675107,0.0,-839.8207283675107,0.0,-839.8207283675107,stop,-3.5465130144948063,0.033989746799305
XRPUSDT,1,2026-05-10 20:49:00+00:00,2026-05-10 20:50:00+00:00,2026-05-10 22:30:00+00:00,1.4417,1.4664,26946.091326272355,461.65530676210454,0.0,461.65530676210454,0.0,461.65530676210454,repair50,-7.364425117805422,0.030321913751478635
AVAXUSDT,1,2026-05-10 20:44:00+00:00,2026-05-10 20:45:00+00:00,2026-05-10 22:35:00+00:00,10.168,10.282,27405.858247919627,307.26473645385937,0.0,307.26473645385937,0.0,307.26473645385937,repair50,-3.993113911298056,0.021170155611575536
HBARUSDT,1,2026-05-10 20:39:00+00:00,2026-05-10 20:40:00+00:00,2026-05-10 22:50:00+00:00,0.09687,0.09769,27449.238035210175,232.35651067278002,0.0,232.35651067278002,0.0,232.35651067278002,repair50,-3.286300511279313,0.015206449130092281
AAVEUSDT,-1,2026-05-10 23:44:00+00:00,2026-05-10 23:45:00+00:00,2026-05-11 00:10:00+00:00,102.81,101.57,27363.584876103352,330.03448347795324,0.0,330.03448347795324,0.8079012599088126,330.84238473786206,repair50,2.0199506569389514,0.018110995435639543
SUIUSDT,1,2026-05-11 00:09:00+00:00,2026-05-11 00:10:00+00:00,2026-05-11 00:35:00+00:00,1.3144,1.3299,27571.347040147266,325.13380943569956,0.0,325.13380943569956,0.0,325.13380943569956,repair50,-2.5251050353554607,0.021079183752119035
DOGEUSDT,-1,2026-05-10 22:49:00+00:00,2026-05-10 22:50:00+00:00,2026-05-11 00:55:00+00:00,0.11125,0.11001,27548.43634885525,307.05672874229936,0.0,307.05672874229936,2.7250774070254105,309.7818061493248,repair50,2.9365301006322118,0.01794923882146282
LTCUSDT,-1,2026-05-10 23:14:00+00:00,2026-05-10 23:15:00+00:00,2026-05-11 00:55:00+00:00,59.99,59.35,27503.863597908792,293.4234489525182,0.0,293.4234489525182,1.2398352006919144,294.6632841532101,repair50,3.961484313799559,0.015202886257207338
UNIUSDT,1,2026-05-11 00:54:00+00:00,2026-05-11 00:55:00+00:00,2026-05-11 01:15:00+00:00,3.916,3.973,27926.56273419808,406.489804864475,0.0,406.489804864475,0.0,406.489804864475,repair50,-2.155237106854826,0.015362061812543737
SUIUSDT,1,2026-05-11 01:09:00+00:00,2026-05-11 01:10:00+00:00,2026-05-11 01:15:00+00:00,1.3089,1.3308,27982.18765486375,468.18695824089997,0.0,468.18695824089997,0.0,468.18695824089997,repair50,-2.179594947337925,0.018260496017943217
SUIUSDT,1,2026-05-11 02:34:00+00:00,2026-05-11 02:35:00+00:00,2026-05-11 02:50:00+00:00,1.2907,1.3144,28188.96576312969,517.6094278966242,0.0,517.6094278966242,0.0,517.6094278966242,repair50,-3.347544243189201,0.027940259130762368
DOGEUSDT,1,2026-05-11 03:29:00+00:00,2026-05-11 03:30:00+00:00,2026-05-11 04:35:00+00:00,0.10866,0.10991,28315.809506563575,325.7386516032016,0.0,325.7386516032016,0.0,325.7386516032016,repair50,-2.485543511716778,0.015189103575576457
DOTUSDT,1,2026-05-11 03:14:00+00:00,2026-05-11 03:15:00+00:00,2026-05-11 05:25:00+00:00,1.342,1.353,28316.61235055443,232.10337992257442,0.0,232.10337992257442,0.0,232.10337992257442,repair50,-2.5321950677445146,0.01641416802694806
NEARUSDT,1,2026-05-11 02:34:00+00:00,2026-05-11 02:35:00+00:00,2026-05-11 05:35:00+00:00,1.53,1.542,28188.96576312969,221.08992755395758,0.0,221.08992755395758,0.0,221.08992755395758,repair50,-2.3398727651320668,0.016273708525668895
SUIUSDT,1,2026-05-11 07:09:00+00:00,2026-05-11 07:10:00+00:00,2026-05-11 07:45:00+00:00,1.2662,1.2818,28577.928179222592,352.0894642204036,0.0,352.0894642204036,0.0,352.0894642204036,repair50,-2.103887398130403,0.017796356565388805
UNIUSDT,1,2026-05-11 14:29:00+00:00,2026-05-11 14:30:00+00:00,2026-05-11 15:25:00+00:00,3.828,3.867,28683.555018488714,292.2305762071773,0.0,292.2305762071773,0.0,292.2305762071773,repair50,-2.315213312369592,0.016559954038953606
XRPUSDT,-1,2026-05-11 15:29:00+00:00,2026-05-11 15:30:00+00:00,2026-05-11 16:45:00+00:00,1.4861,1.4729,28771.22419135087,255.55491509711732,0.0,255.55491509711732,-0.5399565011662091,255.0149585959511,repair50,3.6164251641125014,0.015579977431108505
SOLUSDT,-1,2026-05-11 15:59:00+00:00,2026-05-11 16:00:00+00:00,2026-05-11 20:05:00+00:00,96.77,98.24,28781.67871060484,-437.2126454953904,0.0,-437.2126454953904,1.8701492538855453,-435.3424962415049,timeout,3.2402372428228072,0.015686151858653297
AAVEUSDT,-1,2026-05-11 16:04:00+00:00,2026-05-11 16:05:00+00:00,2026-05-11 20:10:00+00:00,101.85,102.54,28826.682408827186,-195.29122103182465,0.0,-195.29122103182465,0.0,-195.29122103182465,timeout,2.0040126169730645,0.017527876977803114
SUIUSDT,-1,2026-05-11 17:19:00+00:00,2026-05-11 17:20:00+00:00,2026-05-11 21:20:00+00:00,1.3044,1.2856,28831.09173505161,415.5355141206429,0.0,415.5355141206429,0.0,415.5355141206429,repair50,2.320178724105145,0.020160003421151318
NEARUSDT,1,2026-05-12 01:39:00+00:00,2026-05-12 01:40:00+00:00,2026-05-12 03:00:00+00:00,1.51,1.527,28783.19921798385,324.0492627190232,0.0,324.0492627190232,0.0,324.0492627190232,repair50,-2.752454572760837,0.01912258284061874
UNIUSDT,1,2026-05-12 01:39:00+00:00,2026-05-12 01:40:00+00:00,2026-05-12 05:45:00+00:00,3.819,3.83,28783.19921798385,82.90526090542456,0.0,82.90526090542456,0.0,82.90526090542456,timeout,-2.190879328901728,0.015435466178377877
NEARUSDT,-1,2026-05-12 07:24:00+00:00,2026-05-12 07:25:00+00:00,2026-05-12 08:15:00+00:00,1.568,1.553,28905.285575071182,276.5174002717282,0.0,276.5174002717282,-3.0677924334354447,273.44960783829276,repair50,2.1726562767334636,0.015432275579975174
NEARUSDT,-1,2026-05-12 09:39:00+00:00,2026-05-12 09:40:00+00:00,2026-05-12 10:30:00+00:00,1.59,1.575,28987.32045742267,273.46528733417927,0.0,273.46528733417927,0.0,273.46528733417927,repair50,2.3357573409926227,0.016622257515492178
SUIUSDT,1,2026-05-12 10:34:00+00:00,2026-05-12 10:35:00+00:00,2026-05-12 12:40:00+00:00,1.2491,1.2708,29069.360043622924,505.00769589833885,0.0,505.00769589833885,0.0,505.00769589833885,repair50,-2.113915277125471,0.01808798619047236
NEARUSDT,1,2026-05-12 11:24:00+00:00,2026-05-12 11:25:00+00:00,2026-05-12 12:50:00+00:00,1.538,1.559,28950.67159896479,395.2952559026415,0.0,395.2952559026415,0.0,395.2952559026415,repair50,-3.0826906738385036,0.02154967628758553
SUIUSDT,-1,2026-05-12 13:04:00+00:00,2026-05-12 13:05:00+00:00,2026-05-12 13:45:00+00:00,1.2749,1.2619,29339.45092916322,299.17080718418663,0.0,299.17080718418663,0.0,299.17080718418663,repair50,2.0676603271088907,0.018101719491558255
NEARUSDT,-1,2026-05-12 15:09:00+00:00,2026-05-12 15:10:00+00:00,2026-05-12 15:30:00+00:00,1.568,1.548,29409.618820038253,375.12268903109975,0.0,375.12268903109975,0.0,375.12268903109975,repair50,2.1127051187973604,0.01508545214567003
SUIUSDT,1,2026-05-12 14:49:00+00:00,2026-05-12 14:50:00+00:00,2026-05-12 17:05:00+00:00,1.2313,1.2487,29423.66574114411,415.7977616307186,0.0,415.7977616307186,-2.1191057408812783,413.67865588983733,repair50,-2.0559507613219146,0.017708687860260253
SUIUSDT,-1,2026-05-12 17:19:00+00:00,2026-05-12 17:20:00+00:00,2026-05-12 17:50:00+00:00,1.2589,1.2376,29695.67159942772,502.43689337342533,0.0,502.43689337342533,0.0,502.43689337342533,repair50,2.4385002582490127,0.021531171357511925
AAVEUSDT,1,2026-05-12 14:34:00+00:00,2026-05-12 14:35:00+00:00,2026-05-12 18:40:00+00:00,95.68,95.97,29429.202171318477,89.19804169817961,0.0,89.19804169817961,1.004656787760228,90.20269848593983,timeout,-2.2383940714765753,0.01864086207980442
NEARUSDT,-1,2026-05-12 17:19:00+00:00,2026-05-12 17:20:00+00:00,2026-05-12 19:00:00+00:00,1.571,1.619,29695.67159942772,-907.3152366470587,0.0,-907.3152366470587,0.0,-907.3152366470587,stop,2.161135281762041,0.015416853249694551
NEARUSDT,-1,2026-05-13 01:04:00+00:00,2026-05-13 01:05:00+00:00,2026-05-13 05:10:00+00:00,1.645,1.658,29571.439881358445,-233.69526957912436,0.0,-233.69526957912436,0.0,-233.69526957912436,timeout,3.0316006583321133,0.022147667117165426
BNBUSDT,-1,2026-05-13 01:24:00+00:00,2026-05-13 01:25:00+00:00,2026-05-13 05:30:00+00:00,677.96,680.28,29501.331300484708,-100.95446430043417,0.0,-100.95446430043417,0.0,-100.95446430043417,timeout,4.824289173522205,0.01614675766186635
DOTUSDT,-1,2026-05-13 02:24:00+00:00,2026-05-13 02:25:00+00:00,2026-05-13 06:30:00+00:00,1.368,1.396,29466.736990519687,-603.1203477591724,0.0,-603.1203477591724,0.0,-603.1203477591724,timeout,2.6981624201969527,0.01677140578585634
NEARUSDT,1,2026-05-13 05:19:00+00:00,2026-05-13 05:20:00+00:00,2026-05-13 09:25:00+00:00,1.643,1.612,29319.67734418545,-553.2014593242536,0.0,-553.2014593242536,0.783534560353504,-552.4179247639001,timeout,-2.100627345622135,0.015340734253145305
DOTUSDT,-1,2026-05-13 09:34:00+00:00,2026-05-13 09:35:00+00:00,2026-05-13 10:40:00+00:00,1.419,1.406,29080.358194288845,266.41624843252833,0.0,266.41624843252833,0.0,266.41624843252833,repair50,2.965777120134211,0.018739782249862058
LINKUSDT,-1,2026-05-13 09:14:00+00:00,2026-05-13 09:15:00+00:00,2026-05-13 10:45:00+00:00,10.711,10.622,29108.322791908886,241.8673072990296,0.0,241.8673072990296,0.0,241.8673072990296,repair50,3.013231862761967,0.0150702216530747
DOGEUSDT,-1,2026-05-13 09:39:00+00:00,2026-05-13 09:40:00+00:00,2026-05-13 11:15:00+00:00,0.11435,0.11327,29045.23413411309,274.32315579223604,0.0,274.32315579223604,0.0,274.32315579223604,repair50,3.046952268888447,0.018604540026458283
DOTUSDT,1,2026-05-13 11:54:00+00:00,2026-05-13 11:55:00+00:00,2026-05-13 13:50:00+00:00,1.385,1.342,29359.165492894797,-911.5119972523294,0.0,-911.5119972523294,0.0,-911.5119972523294,stop,-2.602218053112568,0.016279295842566044
LINKUSDT,1,2026-05-13 11:54:00+00:00,2026-05-13 11:55:00+00:00,2026-05-13 15:15:00+00:00,10.482,10.145,29359.165492894797,-943.9075339730542,0.0,-943.9075339730542,0.0,-943.9075339730542,stop,-3.251975643080509,0.016135555609669172
NEARUSDT,1,2026-05-13 11:54:00+00:00,2026-05-13 11:55:00+00:00,2026-05-13 16:00:00+00:00,1.585,1.553,29359.165492894797,-592.7402496988213,0.0,-592.7402496988213,0.0,-592.7402496988213,timeout,-2.655972431083583,0.019446974133478956
SUIUSDT,1,2026-05-13 15:19:00+00:00,2026-05-13 15:20:00+00:00,2026-05-13 16:35:00+00:00,1.193,1.2072,28575.159845340477,340.12344493196827,0.0,340.12344493196827,-0.8005304528636543,339.3229144791046,repair50,-2.084400250282634,0.018167024505397422
LTCUSDT,1,2026-05-13 15:59:00+00:00,2026-05-13 16:00:00+00:00,2026-05-13 16:35:00+00:00,56.3,56.84,28393.68574426595,272.33730554003074,0.0,272.33730554003074,1.2234839187204198,273.5607894587512,repair50,-4.109681537603303,0.0160098251392653
NEARUSDT,-1,2026-05-13 17:09:00+00:00,2026-05-13 17:10:00+00:00,2026-05-13 17:50:00+00:00,1.602,1.587,28679.372394973077,268.53344939113435,0.0,268.53344939113435,0.0,268.53344939113435,repair50,2.4204801409284813,0.018112962586262382
SOLUSDT,1,2026-05-13 13:49:00+00:00,2026-05-13 13:50:00+00:00,2026-05-13 17:55:00+00:00,92.23,90.82,28803.649219015362,-440.34636667908495,0.0,-440.34636667908495,3.3994028387087365,-436.9469638403762,timeout,-3.71852257044815,0.017632652629231194
SUIUSDT,-1,2026-05-13 18:04:00+00:00,2026-05-13 18:05:00+00:00,2026-05-13 18:50:00+00:00,1.2255,1.2132,28758.058615464124,288.6365736191003,0.0,288.6365736191003,0.0,288.6365736191003,repair50,2.016599080712275,0.017993789937748916
DOGEUSDT,-1,2026-05-13 18:04:00+00:00,2026-05-13 18:05:00+00:00,2026-05-13 22:10:00+00:00,0.11333,0.11258,28758.058615464124,190.3162795517339,0.0,190.3162795517339,0.0,190.3162795517339,timeout,2.560441919585544,0.01579810925719416
NEARUSDT,1,2026-05-13 21:29:00+00:00,2026-05-13 21:30:00+00:00,2026-05-13 23:10:00+00:00,1.563,1.576,28900.22194117896,240.37292721390074,0.0,240.37292721390074,0.0,240.37292721390074,repair50,-2.1080749247633954,0.015577415537113892
DOGEUSDT,-1,2026-05-14 00:29:00+00:00,2026-05-14 00:30:00+00:00,2026-05-14 02:40:00+00:00,0.11499,0.11385,28973.856349579542,287.24407547195796,0.0,287.24407547195796,0.0,287.24407547195796,repair50,2.624891550570328,0.016244127939027964
NEARUSDT,-1,2026-05-14 02:04:00+00:00,2026-05-14 02:05:00+00:00,2026-05-14 02:40:00+00:00,1.609,1.587,29020.72248820918,396.8029178002495,0.0,396.8029178002495,0.0,396.8029178002495,repair50,2.1060482131749168,0.015849607646424735
UNIUSDT,1,2026-05-14 03:49:00+00:00,2026-05-14 03:50:00+00:00,2026-05-14 05:05:00+00:00,3.57,3.606,29089.461018163704,293.3391027041708,0.0,293.3391027041708,0.0,293.3391027041708,repair50,-2.0898239567693486,0.015026085159797975
NEARUSDT,1,2026-05-14 02:59:00+00:00,2026-05-14 03:00:00+00:00,2026-05-14 06:25:00+00:00,1.563,1.578,29179.070447561204,280.02946686719133,0.0,280.02946686719133,0.0,280.02946686719133,repair50,-2.2494316749158525,0.016677305626910832
NEARUSDT,-1,2026-05-14 06:29:00+00:00,2026-05-14 06:30:00+00:00,2026-05-14 07:15:00+00:00,1.58,1.565,29395.327185785478,279.0695618903699,0.0,279.0695618903699,0.0,279.0695618903699,repair50,2.038055175217811,0.015478771066026464
DOGEUSDT,-1,2026-05-14 05:59:00+00:00,2026-05-14 06:00:00+00:00,2026-05-14 07:50:00+00:00,0.11505,0.114,29255.870999697767,267.00273402592217,0.0,267.00273402592217,0.0,267.00273402592217,repair50,2.6150425542778573,0.01617410213012027
DOGEUSDT,-1,2026-05-14 12:49:00+00:00,2026-05-14 12:50:00+00:00,2026-05-14 14:35:00+00:00,0.11516,0.11417,29514.902707207497,253.73179645828006,0.0,253.73179645828006,0.0,253.73179645828006,repair50,2.4901266930958785,0.015435753431550125
UNIUSDT,-1,2026-05-14 14:24:00+00:00,2026-05-14 14:25:00+00:00,2026-05-14 16:15:00+00:00,3.677,3.791,29487.61011071662,-914.2201666091089,0.0,-914.2201666091089,-0.5182216917048008,-914.7383883008137,stop,2.2383805085159114,0.016279173865920482
DOTUSDT,-1,2026-05-14 14:39:00+00:00,2026-05-14 14:40:00+00:00,2026-05-14 17:10:00+00:00,1.356,1.403,29507.36317065229,-1022.7478385108084,0.0,-1022.7478385108084,2.3557451458042578,-1020.3920933650041,stop,2.3989204867307556,0.015048058417711507
LINKUSDT,-1,2026-05-14 16:14:00+00:00,2026-05-14 16:15:00+00:00,2026-05-14 17:20:00+00:00,10.756,10.581,29048.783918617326,472.62339027129667,0.0,472.62339027129667,0.0,472.62339027129667,repair50,6.013125796874202,0.03181120319427544
XRPUSDT,-1,2026-05-14 17:14:00+00:00,2026-05-14 17:15:00+00:00,2026-05-14 17:25:00+00:00,1.4909,1.4766,28962.74798141111,277.7968315340912,0.0,277.7968315340912,0.0,277.7968315340912,repair50,3.550914549029076,0.015484732722234495
HBARUSDT,-1,2026-05-14 13:49:00+00:00,2026-05-14 13:50:00+00:00,2026-05-14 17:55:00+00:00,0.09495,0.09607,29545.658076475167,-348.5111853149234,0.0,-348.5111853149234,0.580608214769933,-347.93057710015347,timeout,3.6943707967221098,0.017741542866064997
DOGEUSDT,-1,2026-05-14 18:14:00+00:00,2026-05-14 18:15:00+00:00,2026-05-14 19:50:00+00:00,0.11712,0.11603,29131.229995056805,271.1154430892439,0.0,271.1154430892439,0.0,271.1154430892439,repair50,2.7839937897556344,0.017209437749645007
XLMUSDT,-1,2026-05-14 18:29:00+00:00,2026-05-14 18:30:00+00:00,2026-05-14 20:05:00+00:00,0.16711,0.16544,29013.71019213258,289.9461194474389,0.0,289.9461194474389,0.0,289.9461194474389,repair50,3.6371445784096923,0.01974615657773704
ADAUSDT,-1,2026-05-14 18:24:00+00:00,2026-05-14 18:25:00+00:00,2026-05-14 20:10:00+00:00,0.2755,0.2727,29118.5447770774,295.94165290677927,0.0,295.94165290677927,0.0,295.94165290677927,repair50,2.8388382792295754,0.015235698625430949
NEARUSDT,1,2026-05-14 20:09:00+00:00,2026-05-14 20:10:00+00:00,2026-05-14 21:05:00+00:00,1.567,1.58,29388.330959689847,243.80874440074828,0.0,243.80874440074828,0.0,243.80874440074828,repair50,-2.0103904046079246,0.01504265463879384
DOTUSDT,1,2026-05-14 20:39:00+00:00,2026-05-14 20:40:00+00:00,2026-05-14 21:40:00+00:00,1.385,1.396,29393.957315329862,233.45381261272493,0.0,233.45381261272493,0.0,233.45381261272493,repair50,-2.4478417271186363,0.015135875959729761
DOGEUSDT,1,2026-05-15 05:34:00+00:00,2026-05-15 05:35:00+00:00,2026-05-15 06:45:00+00:00,0.11321,0.11438,29531.50972679389,305.20154032637316,0.0,305.20154032637316,0.0,305.20154032637316,repair50,-3.1667139431963784,0.01924193098042648
XRPUSDT,1,2026-05-15 05:34:00+00:00,2026-05-15 05:35:00+00:00,2026-05-15 06:55:00+00:00,1.4593,1.4715,29531.50972679389,246.888520980531,0.0,246.888520980531,0.0,246.888520980531,repair50,-3.4382071856876064,0.015306328690399273
DOTUSDT,1,2026-05-15 05:34:00+00:00,2026-05-15 05:35:00+00:00,2026-05-15 07:25:00+00:00,1.332,1.346,29531.50972679389,310.3912433747118,0.0,310.3912433747118,0.0,310.3912433747118,repair50,-2.643501329009714,0.01635577759270468
NEARUSDT,-1,2026-05-15 07:29:00+00:00,2026-05-15 07:30:00+00:00,2026-05-15 08:20:00+00:00,1.591,1.568,29790.25411819838,430.65735054591937,0.0,430.65735054591937,2.1007358378452565,432.75808638376463,repair50,2.438028973761759,0.018550597215071463
BNBUSDT,1,2026-05-15 13:39:00+00:00,2026-05-15 13:40:00+00:00,2026-05-15 17:45:00+00:00,675.0,675.88,29920.08154411351,39.0069211241807,0.0,39.0069211241807,0.0,39.0069211241807,timeout,-4.551016542071812,0.015476276999455196
SOLUSDT,1,2026-05-15 13:39:00+00:00,2026-05-15 13:40:00+00:00,2026-05-15 17:45:00+00:00,89.25,89.65,29920.08154411351,134.09560355905165,0.0,134.09560355905165,-0.6125386598874833,133.48306489916416,timeout,-3.934183942243191,0.018175029737085735
LTCUSDT,1,2026-05-15 13:39:00+00:00,2026-05-15 13:40:00+00:00,2026-05-15 17:45:00+00:00,57.06,57.31,29920.08154411351,131.09043789043915,0.0,131.09043789043915,1.2194556716658453,132.309893562105,timeout,-3.9216047795413975,0.015341576761428666
NEARUSDT,-1,2026-05-15 17:44:00+00:00,2026-05-15 17:45:00+00:00,2026-05-15 19:05:00+00:00,1.571,1.551,30011.521507989142,382.0690198343634,0.0,382.0690198343634,0.0,382.0690198343634,repair50,2.563561750262915,0.01948096825858303
NEARUSDT,1,2026-05-15 20:24:00+00:00,2026-05-15 20:25:00+00:00,2026-05-16 00:30:00+00:00,1.535,1.542,30126.142213939453,137.38305895607843,0.0,137.38305895607843,-2.2755835798127073,135.1074753762657,timeout,-2.039252326841494,0.01528513299381673
AAVEUSDT,1,2026-05-16 06:24:00+00:00,2026-05-16 06:25:00+00:00,2026-05-16 10:30:00+00:00,89.94,88.32,30166.674456552333,-543.3623818058152,0.0,-543.3623818058152,3.0674627635374674,-540.2949190422777,timeout,-2.1671583656648163,0.016940358897842844
NEARUSDT,1,2026-05-16 06:24:00+00:00,2026-05-16 06:25:00+00:00,2026-05-16 10:30:00+00:00,1.51,1.499,30166.674456552333,-219.7572311404459,0.0,-219.7572311404459,-0.18454213374669595,-219.9417732741926,timeout,-2.002763221728681,0.015038291951596006
DOTUSDT,1,2026-05-16 06:49:00+00:00,2026-05-16 06:50:00+00:00,2026-05-16 10:55:00+00:00,1.273,1.251,30103.458101741944,-520.2482939814007,0.0,-520.2482939814007,2.4026264884518227,-517.8456674929489,timeout,-2.8257062895321057,0.0174293763193758
SUIUSDT,1,2026-05-16 10:29:00+00:00,2026-05-16 10:30:00+00:00,2026-05-16 11:10:00+00:00,1.0396,1.0521,29790.34404352743,358.19478697969606,0.0,358.19478697969606,0.0,358.19478697969606,repair50,-2.425449918553632,0.02114466747923316
UNIUSDT,1,2026-05-16 10:29:00+00:00,2026-05-16 10:30:00+00:00,2026-05-16 11:20:00+00:00,3.465,3.492,29790.34404352743,232.13255098852883,0.0,232.13255098852883,0.0,232.13255098852883,repair50,-2.0927775477547716,0.015034342538908674
SUIUSDT,-1,2026-05-17 04:24:00+00:00,2026-05-17 04:25:00+00:00,2026-05-17 05:15:00+00:00,1.075,1.0623,29960.34794999997,353.95015717674096,0.0,353.95015717674096,0.0,353.95015717674096,repair50,2.2720078868920446,0.020213689300108362
NEARUSDT,-1,2026-05-17 04:39:00+00:00,2026-05-17 04:40:00+00:00,2026-05-17 08:45:00+00:00,1.52,1.529,30007.16970307532,-177.6740311366299,0.0,-177.6740311366299,2.069299160698238,-175.60473197593166,timeout,2.1861297410847325,0.016664075763179298
BCHUSDT,1,2026-05-17 23:14:00+00:00,2026-05-17 23:15:00+00:00,2026-05-18 01:45:00+00:00,404.34,387.24,30013.851577560214,-1269.3200325871248,0.0,-1269.3200325871248,2.8414831211460325,-1266.4785494659789,stop,-4.995989592698334,0.019180618370855718
DOGEUSDT,1,2026-05-18 01:44:00+00:00,2026-05-18 01:45:00+00:00,2026-05-18 02:15:00+00:00,0.10609,0.10709,29256.803983933343,275.773437495835,0.0,275.773437495835,0.0,275.773437495835,repair50,-2.6500181360257526,0.016328620337255573
LTCUSDT,1,2026-05-17 23:19:00+00:00,2026-05-17 23:20:00+00:00,2026-05-18 03:25:00+00:00,54.98,54.19,30021.868335660765,-431.38006520865736,0.0,-431.38006520865736,1.6485342604836206,-429.7315309481737,timeout,-4.522125198709282,0.01779808383515913
UNIUSDT,1,2026-05-17 23:39:00+00:00,2026-05-17 23:40:00+00:00,2026-05-18 03:45:00+00:00,3.496,3.436,29996.179909212755,-514.8085796775645,0.0,-514.8085796775645,-0.45480180521890795,-515.2633814827834,timeout,-2.2623280166150392,0.016134402878582033
DOGEUSDT,1,2026-05-18 06:09:00+00:00,2026-05-18 06:10:00+00:00,2026-05-18 10:15:00+00:00,0.10474,0.104,29433.141570239884,-207.94848923026083,0.0,-207.94848923026083,-0.20066308289839493,-208.14915231315922,timeout,-2.6853861993453103,0.01655807499589146
SUIUSDT,-1,2026-05-18 12:24:00+00:00,2026-05-18 12:25:00+00:00,2026-05-18 13:30:00+00:00,1.0546,1.0442,29265.66254451114,288.60505448787785,0.0,288.60505448787785,0.0,288.60505448787785,repair50,2.0208631698403257,0.018028426051212465
NEARUSDT,-1,2026-05-18 10:39:00+00:00,2026-05-18 10:40:00+00:00,2026-05-18 14:35:00+00:00,1.51,1.493,29370.69682454594,330.6634741836295,0.0,330.6634741836295,0.0,330.6634741836295,repair50,2.098871247794166,0.015987236607269972
BCHUSDT,-1,2026-05-18 12:24:00+00:00,2026-05-18 12:25:00+00:00,2026-05-18 14:45:00+00:00,375.15,367.28,29265.66254451114,613.9431273498678,0.0,613.9431273498678,0.0,613.9431273498678,repair50,9.044684780911098,0.04279037531460306
BCHUSDT,1,2026-05-18 14:54:00+00:00,2026-05-18 14:55:00+00:00,2026-05-18 15:25:00+00:00,366.4,373.47,29726.04706702252,573.5893907310304,0.0,573.5893907310304,0.0,573.5893907310304,repair50,-3.1594794057415605,0.01564400226514906
NEARUSDT,1,2026-05-18 14:49:00+00:00,2026-05-18 14:50:00+00:00,2026-05-18 15:35:00+00:00,1.491,1.502,29740.66032135235,219.41466367194926,0.0,219.41466367194926,0.0,219.41466367194926,repair50,-2.059310089562616,0.015530616558169008
DOGEUSDT,1,2026-05-18 15:29:00+00:00,2026-05-18 15:30:00+00:00,2026-05-18 16:15:00+00:00,0.10308,0.10409,29914.253993306633,293.1062915525758,0.0,293.1062915525758,0.7994060270837391,293.90569757965955,repair50,-2.923191186824378,0.01829335018217726
UNIUSDT,1,2026-05-18 14:49:00+00:00,2026-05-18 14:50:00+00:00,2026-05-18 17:25:00+00:00,3.373,3.403,29740.66032135235,264.518176590738,0.0,264.518176590738,-1.8019598043621776,262.7162167863758,repair50,-2.306509936879571,0.016670105915935984
NEARUSDT,-1,2026-05-18 17:14:00+00:00,2026-05-18 17:15:00+00:00,2026-05-18 18:40:00+00:00,1.535,1.52,30113.805930792165,294.27171919340554,0.0,294.27171919340554,0.0,294.27171919340554,repair50,2.341023689732348,0.017995671952363068
NEARUSDT,-1,2026-05-18 19:34:00+00:00,2026-05-18 19:35:00+00:00,2026-05-18 23:00:00+00:00,1.568,1.615,30233.829627741074,-906.2436176682546,0.0,-906.2436176682546,0.0,-906.2436176682546,stop,2.7010163464479784,0.0208879813699836
BCHUSDT,-1,2026-05-18 22:59:00+00:00,2026-05-18 23:00:00+00:00,2026-05-18 23:50:00+00:00,382.24,378.48,29800.624880131825,293.1413498045615,0.0,293.1413498045615,0.0,293.1413498045615,repair50,3.698569911483707,0.018877368978307718
UNIUSDT,-1,2026-05-18 21:14:00+00:00,2026-05-18 21:15:00+00:00,2026-05-19 00:35:00+00:00,3.471,3.579,30106.56988568553,-936.7644908251314,0.0,-936.7644908251314,2.338942464263993,-934.4255483608674,stop,2.1281947285797207,0.015689348558843852
SUIUSDT,-1,2026-05-19 06:44:00+00:00,2026-05-19 06:45:00+00:00,2026-05-19 07:05:00+00:00,1.0856,1.0717,29769.5712828737,381.16897644799025,0.0,381.16897644799025,0.0,381.16897644799025,repair50,2.0192787775188257,0.01817031374664091
NEARUSDT,-1,2026-05-19 06:54:00+00:00,2026-05-19 06:55:00+00:00,2026-05-19 10:20:00+00:00,1.633,1.619,29818.931294212292,255.64301170788156,0.0,255.64301170788156,1.5562140038633825,257.19922571174493,repair50,2.0326826475967303,0.015958943521710012
LINKUSDT,1,2026-05-19 09:29:00+00:00,2026-05-19 09:30:00+00:00,2026-05-19 13:35:00+00:00,9.607,9.575,29922.735291765446,-99.66977509487741,0.0,-99.66977509487741,0.0,-99.66977509487741,timeout,-2.8814611989791357,0.01517208240008372
NEARUSDT,1,2026-05-19 10:24:00+00:00,2026-05-19 10:25:00+00:00,2026-05-19 13:35:00+00:00,1.616,1.63,29937.721639983767,259.36144985134143,0.0,259.36144985134143,0.0,259.36144985134143,repair50,-2.0273916128931453,0.01578082162591976
BCHUSDT,-1,2026-05-19 11:49:00+00:00,2026-05-19 11:50:00+00:00,2026-05-19 14:45:00+00:00,382.32,366.38,29751.269433402984,1240.4144035583888,0.0,1240.4144035583888,0.0,1240.4144035583888,repair50,3.1242924438685824,0.016146163479182407
BCHUSDT,1,2026-05-19 14:49:00+00:00,2026-05-19 14:50:00+00:00,2026-05-19 18:55:00+00:00,365.38,368.45,30381.11356701608,255.26853864672105,0.0,255.26853864672105,3.1514625447388824,258.42000119145996,timeout,-8.336684631041457,0.0424819305416102
NEARUSDT,-1,2026-05-19 16:44:00+00:00,2026-05-19 16:45:00+00:00,2026-05-19 19:50:00+00:00,1.646,1.628,30425.21352420219,332.71800937766864,0.0,332.71800937766864,0.0,332.71800937766864,repair50,2.1334309491533787,0.01693139827576573
NEARUSDT,1,2026-05-19 19:54:00+00:00,2026-05-19 19:55:00+00:00,2026-05-20 00:00:00+00:00,1.625,1.603,30558.45497018682,-413.71446728868193,0.0,-413.71446728868193,0.0,-413.71446728868193,timeout,-2.435330925002602,0.01913888002987274
LTCUSDT,1,2026-05-20 01:34:00+00:00,2026-05-20 01:35:00+00:00,2026-05-20 03:20:00+00:00,53.31,53.77,30429.046678209146,262.5653999620356,0.0,262.5653999620356,0.0,262.5653999620356,repair50,-3.6857541144629318,0.015204424707883524
SUIUSDT,1,2026-05-20 00:24:00+00:00,2026-05-20 00:25:00+00:00,2026-05-20 04:30:00+00:00,1.0348,1.0358,30434.340630000217,29.410843283726532,0.0,29.410843283726532,0.0,29.410843283726532,timeout,-2.113852334194694,0.018713130775954046
NEARUSDT,-1,2026-05-20 05:19:00+00:00,2026-05-20 05:20:00+00:00,2026-05-20 09:25:00+00:00,1.623,1.643,30521.933502973945,-376.11748001200203,0.0,-376.11748001200203,3.1012076262696304,-373.0162723857324,timeout,2.3857409957039644,0.019196867161099362
UNIUSDT,-1,2026-05-20 06:44:00+00:00,2026-05-20 06:45:00+00:00,2026-05-20 10:50:00+00:00,3.555,3.621,30369.60592356909,-563.8239074417875,0.0,-563.8239074417875,1.856388441145994,-561.9675190006415,timeout,2.773891683065647,0.020544530460641308
SUIUSDT,-1,2026-05-20 15:19:00+00:00,2026-05-20 15:20:00+00:00,2026-05-20 16:35:00+00:00,1.0759,1.0651,30089.870297377427,302.04535664251256,0.0,302.04535664251256,1.6654967785914498,303.710853421104,repair50,2.006893901153883,0.0181660912214463
NEARUSDT,-1,2026-05-20 14:29:00+00:00,2026-05-20 14:30:00+00:00,2026-05-20 18:35:00+00:00,1.676,1.666,30241.43836555803,180.4381764054762,0.0,180.4381764054762,1.5535451985790494,181.99172160405527,timeout,2.260669340371795,0.01844927885241554
NEARUSDT,-1,2026-05-20 21:44:00+00:00,2026-05-20 21:45:00+00:00,2026-05-20 22:20:00+00:00,1.719,1.695,30387.149138065575,424.2533911073721,0.0,424.2533911073721,0.0,424.2533911073721,repair50,2.478368694636263,0.020407325044254243
NEARUSDT,-1,2026-05-21 01:09:00+00:00,2026-05-21 01:10:00+00:00,2026-05-21 01:50:00+00:00,1.73,1.714,30342.473712468673,280.62403433497025,0.0,280.62403433497025,0.0,280.62403433497025,repair50,2.2260110511837055,0.018350084371348663
SUIUSDT,-1,2026-05-21 00:39:00+00:00,2026-05-21 00:40:00+00:00,2026-05-21 02:15:00+00:00,1.0967,1.1302,30514.425155397785,-932.0992456513451,0.0,-932.0992456513451,0.0,-932.0992456513451,stop,2.3358925719703847,0.021187061955358466
SUIUSDT,-1,2026-05-21 03:59:00+00:00,2026-05-21 04:00:00+00:00,2026-05-21 04:15:00+00:00,1.1413,1.1279,30318.98259200287,355.9750869472009,0.0,355.9750869472009,0.0,355.9750869472009,repair50,2.3118482672141867,0.02123191160295712
DOTUSDT,-1,2026-05-21 05:04:00+00:00,2026-05-21 05:05:00+00:00,2026-05-21 05:20:00+00:00,1.29,1.279,30425.775118087033,259.44459403020267,0.0,259.44459403020267,0.0,259.44459403020267,repair50,2.411994617937869,0.015082310917585273
NEARUSDT,1,2026-05-21 06:49:00+00:00,2026-05-21 06:50:00+00:00,2026-05-21 07:55:00+00:00,1.704,1.729,30503.60849629609,447.52946737523826,0.0,447.52946737523826,0.0,447.52946737523826,repair50,-3.0485671693070953,0.024725660560169227
SUIUSDT,-1,2026-05-21 08:29:00+00:00,2026-05-21 08:30:00+00:00,2026-05-21 08:50:00+00:00,1.1319,1.1207,30637.86733650866,303.157623614181,0.0,303.157623614181,0.0,303.157623614181,repair50,2.1374790396105507,0.01970177311421195
NEARUSDT,-1,2026-05-21 08:29:00+00:00,2026-05-21 08:30:00+00:00,2026-05-21 10:30:00+00:00,1.764,1.738,30637.86733650866,451.57854350863045,0.0,451.57854350863045,0.0,451.57854350863045,repair50,2.367897359552423,0.019727566528864315
XLMUSDT,1,2026-05-21 10:39:00+00:00,2026-05-21 10:40:00+00:00,2026-05-21 12:40:00+00:00,0.14312,0.14452,30867.226615497137,301.9432452605938,0.0,301.9432452605938,0.0,301.9432452605938,repair50,-3.13932145235413,0.015418593881565634
DOTUSDT,1,2026-05-21 10:29:00+00:00,2026-05-21 10:30:00+00:00,2026-05-21 14:35:00+00:00,1.252,1.254,30864.288186645506,49.30397473904926,0.0,49.30397473904926,0.0,49.30397473904926,timeout,-2.616635949347089,0.016111041656831526
UNIUSDT,1,2026-05-21 10:29:00+00:00,2026-05-21 10:30:00+00:00,2026-05-21 14:35:00+00:00,3.584,3.567,30864.288186645506,-146.39868838531385,0.0,-146.39868838531385,0.0,-146.39868838531385,timeout,-2.167133101524882,0.015849236186634696
SUIUSDT,-1,2026-05-21 15:19:00+00:00,2026-05-21 15:20:00+00:00,2026-05-21 15:55:00+00:00,1.1152,1.1036,30925.742746129807,321.68096830623097,0.0,321.68096830623097,0.0,321.68096830623097,repair50,2.0931175105672937,0.019408742581847882
NEARUSDT,-1,2026-05-21 15:19:00+00:00,2026-05-21 15:20:00+00:00,2026-05-21 17:55:00+00:00,1.785,1.862,30925.742746129807,-1334.0516478722684,0.0,-1334.0516478722684,2.385929897577829,-1331.6657179746906,stop,2.6026353791243277,0.021820126323675026
LINKUSDT,-1,2026-05-21 17:54:00+00:00,2026-05-21 17:55:00+00:00,2026-05-21 18:50:00+00:00,9.838,9.742,30489.576535701708,297.51975477000485,0.0,297.51975477000485,0.0,297.51975477000485,repair50,3.350720064130581,0.0180449314241371
XLMUSDT,-1,2026-05-21 17:19:00+00:00,2026-05-21 17:20:00+00:00,2026-05-21 21:25:00+00:00,0.14718,0.14768,30877.429908550333,-104.89682670386392,0.0,-104.89682670386392,0.0,-104.89682670386392,timeout,3.249936091453603,0.016214909629272967
DOTUSDT,-1,2026-05-21 17:24:00+00:00,2026-05-21 17:25:00+00:00,2026-05-21 21:30:00+00:00,1.275,1.303,30795.426983976075,-676.2917298441808,0.0,-676.2917298441808,0.0,-676.2917298441808,timeout,2.5393366532310684,0.0159688241654401
NEARUSDT,-1,2026-05-22 00:59:00+00:00,2026-05-22 01:00:00+00:00,2026-05-22 01:35:00+00:00,1.978,2.04,30477.646680695856,-955.3155177973414,0.0,-955.3155177973414,0.0,-955.3155177973414,stop,2.3265955187918377,0.020345972170552562
DOTUSDT,-1,2026-05-22 03:34:00+00:00,2026-05-22 03:35:00+00:00,2026-05-22 07:40:00+00:00,1.317,1.322,30191.052025356657,-114.62054679331094,0.0,-114.62054679331094,0.0,-114.62054679331094,timeout,2.3914517558036508,0.01512060836486473
NEARUSDT,-1,2026-05-22 07:29:00+00:00,2026-05-22 07:30:00+00:00,2026-05-22 09:25:00+00:00,2.226,2.3,30177.29755974146,-1003.198571168405,0.0,-1003.198571168405,2.191342224988754,-1001.0072289434163,stop,2.269800056438727,0.020946673156179152
NEARUSDT,1,2026-05-22 10:14:00+00:00,2026-05-22 10:15:00+00:00,2026-05-22 10:25:00+00:00,2.208,2.248,29856.363692635634,540.8761538520972,0.0,540.8761538520972,0.0,540.8761538520972,repair50,-2.1576713452879015,0.019710436686407262
NEARUSDT,1,2026-05-22 11:39:00+00:00,2026-05-22 11:40:00+00:00,2026-05-22 11:45:00+00:00,2.204,2.23,30018.626538791264,354.121728679026,0.0,354.121728679026,0.0,354.121728679026,repair50,-2.3677030628528293,0.021626828686676314
XLMUSDT,-1,2026-05-22 12:49:00+00:00,2026-05-22 12:50:00+00:00,2026-05-22 13:35:00+00:00,0.15035,0.14916,30124.86305739497,238.43423371001526,0.0,238.43423371001526,0.0,238.43423371001526,repair50,3.002351932271999,0.015210987149367083
UNIUSDT,-1,2026-05-22 12:54:00+00:00,2026-05-22 12:55:00+00:00,2026-05-22 14:10:00+00:00,3.666,3.634,30124.86305739497,262.955705901974,0.0,262.955705901974,0.0,262.955705901974,repair50,2.0962167447338573,0.01561745472481224
NEARUSDT,-1,2026-05-22 12:54:00+00:00,2026-05-22 12:55:00+00:00,2026-05-22 14:20:00+00:00,2.296,2.255,30124.86305739497,537.9439831677654,0.0,537.9439831677654,0.0,537.9439831677654,repair50,2.587087375786516,0.024202579929793577
DOTUSDT,1,2026-05-22 15:14:00+00:00,2026-05-22 15:15:00+00:00,2026-05-22 15:35:00+00:00,1.307,1.319,30429.141129814023,279.3800256754176,0.0,279.3800256754176,0.0,279.3800256754176,repair50,-2.418433494467266,0.015163296388471359
UNIUSDT,-1,2026-05-22 17:34:00+00:00,2026-05-22 17:35:00+00:00,2026-05-22 17:50:00+00:00,3.67,3.626,30383.703589069613,364.27328553653143,0.0,364.27328553653143,0.0,364.27328553653143,repair50,2.6375599985137614,0.0197848439799857
NEARUSDT,1,2026-05-22 15:14:00+00:00,2026-05-22 15:15:00+00:00,2026-05-22 18:50:00+00:00,2.224,2.152,30429.141129814023,-985.1160797421812,0.0,-985.1160797421812,-3.007187633272284,-988.1232673754536,stop,-2.4601978344994575,0.022630252274056684
SUIUSDT,1,2026-05-22 14:59:00+00:00,2026-05-22 15:00:00+00:00,2026-05-22 19:05:00+00:00,1.0925,1.0696,30436.66323422889,-637.9858929646132,0.0,-637.9858929646132,-0.8363843731527024,-638.8222773377659,timeout,-2.180307183678858,0.0202026929009127
AAVEUSDT,1,2026-05-22 18:49:00+00:00,2026-05-22 18:50:00+00:00,2026-05-22 22:55:00+00:00,85.78,86.59,30110.751357139616,284.328615053426,0.0,284.328615053426,0.0,284.328615053426,timeout,-4.072694435256858,0.023801700108945667
SOLUSDT,1,2026-05-22 18:49:00+00:00,2026-05-22 18:50:00+00:00,2026-05-22 22:55:00+00:00,85.05,84.92,30110.751357139616,-46.02466403795513,0.0,-46.02466403795513,0.0,-46.02466403795513,timeout,-4.005144488736492,0.01859240198716028
LINKUSDT,1,2026-05-22 19:04:00+00:00,2026-05-22 19:05:00+00:00,2026-05-22 23:10:00+00:00,9.552,9.539,30144.95227394348,-41.02642164585926,0.0,-41.02642164585926,0.0,-41.02642164585926,timeout,-4.004125681200392,0.02141159833357542
LTCUSDT,1,2026-05-22 23:49:00+00:00,2026-05-22 23:50:00+00:00,2026-05-23 02:40:00+00:00,52.46,52.88,29999.950293652822,240.182598614838,0.0,240.182598614838,-1.0896509351393135,239.0929476796987,repair50,-3.753455890606783,0.01573859830825497
UNIUSDT,1,2026-05-22 23:29:00+00:00,2026-05-22 23:30:00+00:00,2026-05-23 03:35:00+00:00,3.405,3.38,30200.8588229894,-221.7390515637972,0.0,-221.7390515637972,-0.4864245226344742,-222.22547608643168,timeout,-3.965743845515733,0.029474304367408055
BCHUSDT,1,2026-05-22 23:29:00+00:00,2026-05-22 23:30:00+00:00,2026-05-23 03:35:00+00:00,365.78,363.9,30200.8588229894,-155.22339818256978,0.0,-155.22339818256978,3.9830813753007845,-151.24031680726898,timeout,-3.9538435598944783,0.021064544970843757
SOLUSDT,1,2026-05-23 07:49:00+00:00,2026-05-23 07:50:00+00:00,2026-05-23 11:55:00+00:00,82.4,82.24,30160.5469694252,-58.564168872672944,0.0,-58.564168872672944,3.811219505168634,-54.75294936750431,timeout,-4.619104459378011,0.021775604300365514
AVAXUSDT,1,2026-05-23 07:49:00+00:00,2026-05-23 07:50:00+00:00,2026-05-23 11:55:00+00:00,8.983,8.897,30160.5469694252,-288.7461916253549,0.0,-288.7461916253549,1.5701552656929132,-287.176036359662,timeout,-2.9714381047509826,0.015295214220829467
DOTUSDT,1,2026-05-23 07:49:00+00:00,2026-05-23 07:50:00+00:00,2026-05-23 11:55:00+00:00,1.221,1.216,30160.5469694252,-123.50756334736224,0.0,-123.50756334736224,2.5320646899348835,-120.97549865742735,timeout,-2.9257895175436333,0.018741376451189673
NEARUSDT,-1,2026-05-23 13:04:00+00:00,2026-05-23 13:05:00+00:00,2026-05-23 13:25:00+00:00,2.121,2.096,30021.67562410982,353.8622775119026,0.0,353.8622775119026,0.0,353.8622775119026,repair50,2.239140075330664,0.021763929177518238
UNIUSDT,-1,2026-05-23 13:59:00+00:00,2026-05-23 14:00:00+00:00,2026-05-23 18:05:00+00:00,3.373,3.401,30127.83430736339,-250.0976461921635,0.0,-250.0976461921635,0.5046724522924025,-249.5929737398711,timeout,2.447599121799822,0.019210248553900966
SUIUSDT,-1,2026-05-23 14:59:00+00:00,2026-05-23 15:00:00+00:00,2026-05-23 19:05:00+00:00,1.0383,1.0489,30076.9215722457,-307.05515618395947,0.0,-307.05515618395947,-1.405851440533773,-308.4610076244932,timeout,2.479255143493922,0.023996256974946117
AAVEUSDT,-1,2026-05-23 15:04:00+00:00,2026-05-23 15:05:00+00:00,2026-05-23 19:10:00+00:00,85.24,86.27,30062.654460029902,-363.2629527666695,0.0,-363.2629527666695,0.6275416884591172,-362.6354110782104,timeout,2.6443840378717933,0.016095218990046956
DOTUSDT,-1,2026-05-23 18:19:00+00:00,2026-05-23 18:20:00+00:00,2026-05-23 20:40:00+00:00,1.266,1.306,29825.85872262456,-942.3652045063039,0.0,-942.3652045063039,0.0,-942.3652045063039,stop,2.6010813705626865,0.017186631517716933
ETHUSDT,-1,2026-05-23 20:39:00+00:00,2026-05-23 20:40:00+00:00,2026-05-24 00:45:00+00:00,2118.43,2115.71,29568.91792827873,37.96559563682015,0.0,37.96559563682015,2.369535594903543,40.33513123172369,timeout,4.8961164473769765,0.021574379286099843
LINKUSDT,-1,2026-05-23 20:39:00+00:00,2026-05-23 20:40:00+00:00,2026-05-24 00:45:00+00:00,9.612,9.574,29568.91792827873,116.8975115766317,0.0,116.8975115766317,1.866869540902796,118.7643811175345,timeout,4.409868048849321,0.02504314439857991
AVAXUSDT,-1,2026-05-23 20:39:00+00:00,2026-05-23 20:40:00+00:00,2026-05-24 00:45:00+00:00,9.459,9.393,29568.91792827873,206.31658560803174,0.0,206.31658560803174,2.9339052086248594,209.2504908166566,timeout,4.1763907186831295,0.022630918310008186
NEARUSDT,-1,2026-05-24 07:09:00+00:00,2026-05-24 07:10:00+00:00,2026-05-24 07:25:00+00:00,2.424,2.387,29679.422929228505,453.02749520687007,0.0,453.02749520687007,0.0,453.02749520687007,repair50,2.396730287734301,0.025206729330733868
ETHUSDT,1,2026-05-24 14:19:00+00:00,2026-05-24 14:20:00+00:00,2026-05-24 16:15:00+00:00,2085.01,2102.29,29772.453991600127,246.7460611579048,0.0,246.7460611579048,-1.2549985168463313,245.49106264105845,repair50,-3.572754154633007,0.01575696083817002
SOLUSDT,1,2026-05-24 14:19:00+00:00,2026-05-24 14:20:00+00:00,2026-05-24 16:20:00+00:00,84.84,85.66,29772.453991600127,287.75827761800775,0.0,287.75827761800775,-0.2866320899783388,287.4716455280294,repair50,-3.34582521475598,0.016554259680920058
AAVEUSDT,1,2026-05-24 14:14:00+00:00,2026-05-24 14:15:00+00:00,2026-05-24 18:20:00+00:00,85.53,85.82,29815.331177790566,101.09255280672316,0.0,101.09255280672316,0.626507800597474,101.71906060732064,timeout,-2.9551373069186506,0.017890584271563092
NEARUSDT,-1,2026-05-24 21:04:00+00:00,2026-05-24 21:05:00+00:00,2026-05-24 21:20:00+00:00,2.499,2.462,30005.735708423486,444.2625935220744,0.0,444.2625935220744,0.0,444.2625935220744,repair50,2.46450619108558,0.026138968600460055
SUIUSDT,1,2026-05-24 21:34:00+00:00,2026-05-24 21:35:00+00:00,2026-05-24 22:10:00+00:00,1.0148,1.0296,30139.014486480108,439.5520441465446,0.0,439.5520441465446,0.0,439.5520441465446,repair50,-2.0722677952315633,0.019933627355368633
DOTUSDT,1,2026-05-24 21:39:00+00:00,2026-05-24 21:40:00+00:00,2026-05-24 22:10:00+00:00,1.233,1.248,30109.6120186622,366.2969831954001,0.0,366.2969831954001,0.0,366.2969831954001,repair50,-2.4636929816042192,0.01653594087103627
BCHUSDT,1,2026-05-24 21:44:00+00:00,2026-05-24 21:45:00+00:00,2026-05-24 22:25:00+00:00,341.4,345.26,30066.052518034245,339.93837937789147,0.0,339.93837937789147,0.0,339.93837937789147,repair50,-3.374378073137166,0.019555036557748373
SUIUSDT,-1,2026-05-25 05:49:00+00:00,2026-05-25 05:50:00+00:00,2026-05-25 06:20:00+00:00,1.0494,1.0374,30482.75070849606,348.5734786563293,0.0,348.5734786563293,0.0,348.5734786563293,repair50,2.1473691598538034,0.021105064549961527
UNIUSDT,1,2026-05-25 07:29:00+00:00,2026-05-25 07:30:00+00:00,2026-05-25 10:20:00+00:00,3.349,3.385,30591.575210072395,328.8434480628829,0.0,328.8434480628829,-3.032448856155572,325.81099920672733,repair50,-2.0598392710692135,0.015970587439515183
XLMUSDT,-1,2026-05-25 07:04:00+00:00,2026-05-25 07:05:00+00:00,2026-05-25 11:10:00+00:00,0.15105,0.15239,30587.322752092958,-271.34731868788685,0.0,-271.34731868788685,2.5725664123470326,-268.7747522755398,timeout,3.187766718557588,0.016797718181110977
NEARUSDT,-1,2026-05-25 10:49:00+00:00,2026-05-25 10:50:00+00:00,2026-05-25 12:20:00+00:00,2.456,2.55,30582.563842278065,-1170.5052936376755,0.0,-1170.5052936376755,0.0,-1170.5052936376755,stop,2.0851769417087147,0.02218150175531175
NEARUSDT,1,2026-05-26 01:04:00+00:00,2026-05-26 01:05:00+00:00,2026-05-26 02:45:00+00:00,2.695,2.727,30253.282038081008,359.2226438658951,0.0,359.2226438658951,0.0,359.2226438658951,repair50,-2.122112786636426,0.022934589370475655
DOTUSDT,1,2026-05-26 01:34:00+00:00,2026-05-26 01:35:00+00:00,2026-05-26 04:30:00+00:00,1.236,1.249,30192.66321692864,317.5603736408406,0.0,317.5603736408406,0.0,317.5603736408406,repair50,-2.2380464437739986,0.015053757487448083
NEARUSDT,-1,2026-05-26 04:29:00+00:00,2026-05-26 04:30:00+00:00,2026-05-26 06:00:00+00:00,2.779,2.743,30456.31694333303,394.54026986685494,0.0,394.54026986685494,0.0,394.54026986685494,repair50,2.1165506664351845,0.023515352376282772
NEARUSDT,-1,2026-05-26 10:29:00+00:00,2026-05-26 10:30:00+00:00,2026-05-26 10:50:00+00:00,2.799,2.885,30531.548599337188,-938.0897390292944,0.0,-938.0897390292944,0.0,-938.0897390292944,stop,2.5230807148014947,0.02818887862554509
AAVEUSDT,-1,2026-05-26 10:29:00+00:00,2026-05-26 10:30:00+00:00,2026-05-26 12:10:00+00:00,87.97,86.91,30531.548599337188,367.89179851423836,0.0,367.89179851423836,0.0,367.89179851423836,repair50,2.9885875504905646,0.017830732015028827
AVAXUSDT,-1,2026-05-26 10:49:00+00:00,2026-05-26 10:50:00+00:00,2026-05-26 12:10:00+00:00,9.448,9.343,30176.996396303737,335.3709379352144,0.0,335.3709379352144,0.0,335.3709379352144,repair50,2.923378353451541,0.015915297221154034
NEARUSDT,1,2026-05-26 13:04:00+00:00,2026-05-26 13:05:00+00:00,2026-05-26 13:45:00+00:00,2.748,2.824,30482.665711041183,843.0431564916739,0.0,843.0431564916739,0.0,843.0431564916739,repair50,-2.920204689467848,0.03239909932516094
DOTUSDT,-1,2026-05-26 10:19:00+00:00,2026-05-26 10:20:00+00:00,2026-05-26 14:25:00+00:00,1.276,1.301,30574.679024293087,-599.0336799430419,0.0,-599.0336799430419,0.0,-599.0336799430419,timeout,2.4757957255069676,0.016988550887653053
NEARUSDT,-1,2026-05-26 14:29:00+00:00,2026-05-26 14:30:00+00:00,2026-05-26 14:35:00+00:00,2.896,2.856,30515.51963607652,421.4850778463614,0.0,421.4850778463614,0.0,421.4850778463614,repair50,2.2430288410243806,0.025724756503158197
FILUSDT,-1,2026-05-26 14:09:00+00:00,2026-05-26 14:10:00+00:00,2026-05-26 14:40:00+00:00,1.042,1.022,30721.201849670055,589.6583848305186,0.0,589.6583848305186,0.0,589.6583848305186,repair50,2.497386034207035,0.025911988247007134
NEARUSDT,1,2026-05-26 16:14:00+00:00,2026-05-26 16:15:00+00:00,2026-05-26 18:30:00+00:00,2.743,2.642,30849.183535946584,-1135.897753237552,0.0,-1135.897753237552,0.0,-1135.897753237552,stop,-2.075811363184251,0.023258113344758025
ETHUSDT,1,2026-05-26 15:54:00+00:00,2026-05-26 15:55:00+00:00,2026-05-26 20:00:00+00:00,2079.41,2073.65,30880.776805286787,-85.54026113101457,0.0,-85.54026113101457,-1.0558998936409476,-86.59616102465552,timeout,-3.9014672358627327,0.01672468337544486
UNIUSDT,1,2026-05-26 15:54:00+00:00,2026-05-26 15:55:00+00:00,2026-05-26 20:00:00+00:00,3.274,3.258,30880.776805286787,-150.9139978266935,0.0,-150.9139978266935,-3.1062191748250485,-154.02021700151855,timeout,-2.395864459056245,0.018620626551099084
NEARUSDT,1,2026-05-26 23:54:00+00:00,2026-05-26 23:55:00+00:00,2026-05-27 00:30:00+00:00,2.533,2.589,30467.82256590767,673.5878656497529,0.0,673.5878656497529,-3.067239240354098,670.5206264093988,repair50,-3.028366792825226,0.03426122606781479
FILUSDT,-1,2026-05-27 01:04:00+00:00,2026-05-27 01:05:00+00:00,2026-05-27 02:00:00+00:00,1.031,1.018,30668.978753830488,386.7087524731272,0.0,386.7087524731272,0.0,386.7087524731272,repair50,2.042916853998484,0.02129556911484687
FILUSDT,1,2026-05-27 04:19:00+00:00,2026-05-27 04:20:00+00:00,2026-05-27 05:00:00+00:00,0.993,1.006,30784.991379572428,403.02607042743136,0.0,403.02607042743136,0.0,403.02607042743136,repair50,-2.478774347229929,0.02530838054713802
AAVEUSDT,1,2026-05-27 04:29:00+00:00,2026-05-27 04:30:00+00:00,2026-05-27 06:05:00+00:00,84.23,85.03,30747.788973071434,292.03646181238366,0.0,292.03646181238366,0.0,292.03646181238366,repair50,-2.881645423402529,0.01702928905507617
FILUSDT,-1,2026-05-27 05:59:00+00:00,2026-05-27 06:00:00+00:00,2026-05-27 10:05:00+00:00,1.031,1.036,30984.749045390003,-150.26551428414186,0.0,-150.26551428414186,-3.2514016210811136,-153.51691590522296,timeout,2.131232598197565,0.02233061231718403
FILUSDT,-1,2026-05-27 12:29:00+00:00,2026-05-27 12:30:00+00:00,2026-05-27 13:30:00+00:00,1.077,1.057,30901.511938725092,573.844232845406,0.0,573.844232845406,0.0,573.844232845406,repair50,2.39418359956024,0.025211352551595345
FILUSDT,-1,2026-05-27 14:04:00+00:00,2026-05-27 14:05:00+00:00,2026-05-27 14:15:00+00:00,1.086,1.062,30886.788440334643,682.5809600073972,0.0,682.5809600073972,0.0,682.5809600073972,repair50,2.3710549468418174,0.024985781447679933
XLMUSDT,-1,2026-05-27 12:24:00+00:00,2026-05-27 12:25:00+00:00,2026-05-27 14:20:00+00:00,0.14954,0.15579,30947.455064472808,-1293.443855509934,0.0,-1293.443855509934,0.0,-1293.443855509934,stop,2.9786235396079594,0.01594734574377421
NEARUSDT,-1,2026-05-27 15:39:00+00:00,2026-05-27 15:40:00+00:00,2026-05-27 15:55:00+00:00,2.616,2.574,30926.706410543215,496.52969007753086,0.0,496.52969007753086,0.0,496.52969007753086,repair50,2.5108436134050254,0.029723529300866858
AAVEUSDT,-1,2026-05-27 15:19:00+00:00,2026-05-27 15:20:00+00:00,2026-05-27 16:20:00+00:00,86.62,85.87,30936.34946567567,267.86264256819067,0.0,267.86264256819067,2.8012496576473525,270.663892225838,repair50,2.542407297856919,0.015034284746189286
FILUSDT,-1,2026-05-27 16:09:00+00:00,2026-05-27 16:10:00+00:00,2026-05-27 16:20:00+00:00,1.093,1.076,31109.720660142222,483.86573762343517,0.0,483.86573762343517,0.0,483.86573762343517,repair50,2.610814263132427,0.027339042776411526
FILUSDT,1,2026-05-27 17:49:00+00:00,2026-05-27 17:50:00+00:00,2026-05-27 18:55:00+00:00,1.041,1.056,31311.667261653707,451.1767616952993,0.0,451.1767616952993,0.0,451.1767616952993,repair50,-2.300578672880161,0.023294768312935865
AAVEUSDT,1,2026-05-27 18:04:00+00:00,2026-05-27 18:05:00+00:00,2026-05-27 19:00:00+00:00,84.37,85.12,31246.57418266403,277.7637861443392,0.0,277.7637861443392,0.0,277.7637861443392,repair50,-2.6752852112787484,0.015624909675137855
NEARUSDT,-1,2026-05-27 18:59:00+00:00,2026-05-27 19:00:00+00:00,2026-05-27 19:40:00+00:00,2.619,2.722,31531.876051716077,-1240.0852360926883,0.0,-1240.0852360926883,0.0,-1240.0852360926883,stop,2.3600487414956364,0.027904392068392125
SUIUSDT,1,2026-05-27 17:59:00+00:00,2026-05-27 18:00:00+00:00,2026-05-27 20:50:00+00:00,0.9737,0.9872,31293.620191185895,433.8747792759685,0.0,433.8747792759685,0.0,433.8747792759685,repair50,-2.3484669564563765,0.02273913850580289
XLMUSDT,-1,2026-05-27 18:54:00+00:00,2026-05-27 18:55:00+00:00,2026-05-27 22:00:00+00:00,0.16468,0.16108,31567.906626036518,690.0926879629068,0.0,690.0926879629068,0.0,690.0926879629068,repair50,3.2623100351487095,0.0197392917351924
NEARUSDT,1,2026-05-27 21:34:00+00:00,2026-05-27 21:35:00+00:00,2026-05-28 00:10:00+00:00,2.551,2.474,31218.90194292432,-942.318874796224,0.0,-942.318874796224,-3.0447913772636497,-945.3636661734877,stop,-2.69951538667765,0.031312325035089295
DOTUSDT,1,2026-05-27 21:44:00+00:00,2026-05-27 21:45:00+00:00,2026-05-28 01:50:00+00:00,1.236,1.227,31271.591712006204,-227.7057648932455,0.0,-227.7057648932455,3.69229718220942,-224.01346771103607,timeout,-2.4094249166645225,0.016472105964014272
ETHUSDT,1,2026-05-27 21:59:00+00:00,2026-05-27 22:00:00+00:00,2026-05-28 02:05:00+00:00,2020.09,2016.37,31519.97646260483,-58.04410320376351,0.0,-58.04410320376351,-0.7644782257127214,-58.808581429476234,timeout,-4.06878429778602,0.01712574064684602
XLMUSDT,-1,2026-05-28 01:49:00+00:00,2026-05-28 01:50:00+00:00,2026-05-28 04:00:00+00:00,0.1736,0.17033,31151.071787967776,586.7742208908676,0.0,586.7742208908676,0.0,586.7742208908676,repair50,5.356718751041999,0.03615688459485056
FILUSDT,1,2026-05-28 03:09:00+00:00,2026-05-28 03:10:00+00:00,2026-05-28 04:00:00+00:00,1.017,0.984,31006.251419230957,-1006.1025534263703,0.0,-1006.1025534263703,0.0,-1006.1025534263703,stop,-2.11214185618248,0.02147561067279735
UNIUSDT,1,2026-05-28 00:09:00+00:00,2026-05-28 00:10:00+00:00,2026-05-28 04:15:00+00:00,3.089,3.036,31193.041377260965,-535.1994797652396,0.0,-535.1994797652396,0.0,-535.1994797652396,timeout,-4.445106518412738,0.03457773219479521
HBARUSDT,1,2026-05-28 03:59:00+00:00,2026-05-28 04:00:00+00:00,2026-05-28 08:05:00+00:00,0.08282,0.08362,30843.72946808257,297.9350830049031,0.0,297.9350830049031,-0.3079244795799701,297.6271585253231,timeout,-5.998131814619886,0.02787087276911604
LINKUSDT,1,2026-05-28 03:59:00+00:00,2026-05-28 04:00:00+00:00,2026-05-28 08:05:00+00:00,8.885,8.866,30843.72946808257,-65.95732806905652,0.0,-65.95732806905652,2.4845005016229216,-63.4728275674336,timeout,-3.7565927378266277,0.02140382770455096
XLMUSDT,1,2026-05-28 08:04:00+00:00,2026-05-28 08:05:00+00:00,2026-05-28 08:15:00+00:00,0.16549,0.16823,30941.724070477307,512.2987730564251,0.0,512.2987730564251,0.0,512.2987730564251,repair50,-3.13897054820521,0.021466232559571252
AVAXUSDT,1,2026-05-28 04:14:00+00:00,2026-05-28 04:15:00+00:00,2026-05-28 08:20:00+00:00,8.789,8.831,30760.580984335815,146.995608299252,0.0,146.995608299252,4.595374883538107,151.59098318279013,timeout,-4.289357908435442,0.023007574124753294
XLMUSDT,-1,2026-05-28 09:19:00+00:00,2026-05-28 09:20:00+00:00,2026-05-28 10:50:00+00:00,0.17117,0.17648,31110.113263224157,-965.0914379138933,0.0,-965.0914379138933,0.0,-965.0914379138933,stop,2.336659901356955,0.016306931815773806
BCHUSDT,1,2026-05-28 10:59:00+00:00,2026-05-28 11:00:00+00:00,2026-05-28 11:20:00+00:00,318.82,304.7,30774.377101445723,-1362.945250211449,0.0,-1362.945250211449,0.0,-1362.945250211449,stop,-2.6607418885023,0.015984824667296116
HBARUSDT,-1,2026-05-28 12:54:00+00:00,2026-05-28 12:55:00+00:00,2026-05-28 13:45:00+00:00,0.0849,0.08766,30356.779880077484,-986.8635155360868,0.0,-986.8635155360868,0.0,-986.8635155360868,stop,3.4668461936835526,0.01697423815368926
AAVEUSDT,1,2026-05-28 14:04:00+00:00,2026-05-28 14:05:00+00:00,2026-05-28 14:20:00+00:00,79.04,80.03,30040.124934150757,376.2616862956645,0.0,376.2616862956645,0.0,376.2616862956645,repair50,-2.7184935395116483,0.016144584740601764
TRXUSDT,1,2026-05-28 10:34:00+00:00,2026-05-28 10:35:00+00:00,2026-05-28 14:40:00+00:00,0.35132,0.34932,30922.002220240942,-176.03325868291552,0.0,-176.03325868291552,0.0,-176.03325868291552,timeout,-6.929262316446615,0.016975040014218568
NEARUSDT,1,2026-05-28 14:44:00+00:00,2026-05-28 14:45:00+00:00,2026-05-28 15:15:00+00:00,2.28,2.314,30175.711730409555,449.9886836990946,0.0,449.9886836990946,0.0,449.9886836990946,repair50,-2.389593064914634,0.02837944413011384
XLMUSDT,-1,2026-05-28 15:34:00+00:00,2026-05-28 15:35:00+00:00,2026-05-28 16:00:00+00:00,0.19904,0.19625,30310.70833551928,424.8737754024227,0.0,424.8737754024227,0.0,424.8737754024227,repair50,2.3432530591385152,0.01933444874413892
XLMUSDT,-1,2026-05-28 16:24:00+00:00,2026-05-28 16:25:00+00:00,2026-05-28 17:15:00+00:00,0.20293,0.21197,30438.170468140008,-1355.9407728378526,0.0,-1355.9407728378526,0.0,-1355.9407728378526,stop,3.2393008138788377,0.026861862188040764
XRPUSDT,-1,2026-05-28 16:49:00+00:00,2026-05-28 16:50:00+00:00,2026-05-28 20:05:00+00:00,1.3256,1.3132,30202.859133244892,282.52523630977487,0.0,282.52523630977487,0.0,282.52523630977487,repair50,3.5731751506622547,0.01640928675278075
HBARUSDT,1,2026-05-28 20:04:00+00:00,2026-05-28 20:05:00+00:00,2026-05-28 20:40:00+00:00,0.08835,0.08945,30273.452493279023,376.9190463226626,0.0,376.9190463226626,0.0,376.9190463226626,repair50,-4.00581535665638,0.02145493377364005
FILUSDT,-1,2026-05-28 16:44:00+00:00,2026-05-28 16:45:00+00:00,2026-05-28 20:50:00+00:00,0.967,0.962,30413.42154916675,157.25657471130708,0.0,157.25657471130708,0.0,157.25657471130708,timeout,2.3694043694901943,0.02537406722953972
BCHUSDT,-1,2026-05-28 17:14:00+00:00,2026-05-28 17:15:00+00:00,2026-05-28 21:20:00+00:00,301.24,302.52,30021.537330373754,-127.56462549089707,0.0,-127.56462549089707,0.0,-127.56462549089707,timeout,2.2447836545624633,0.01504819912593125
XLMUSDT,-1,2026-05-28 21:49:00+00:00,2026-05-28 21:50:00+00:00,2026-05-28 22:40:00+00:00,0.21096,0.20717,30199.16587781165,542.5428454536732,0.0,542.5428454536732,0.0,542.5428454536732,repair50,3.1223789256069985,0.026956722004933376
BCHUSDT,1,2026-05-28 22:44:00+00:00,2026-05-28 22:45:00+00:00,2026-05-28 23:30:00+00:00,295.97,298.85,30407.88535938394,295.8904951009424,0.0,295.8904951009424,0.0,295.8904951009424,repair50,-2.6189768696688502,0.017416075354866
XLMUSDT,1,2026-05-28 23:34:00+00:00,2026-05-28 23:35:00+00:00,2026-05-29 00:05:00+00:00,0.20298,0.20679,30418.726051848505,570.9692888833526,0.0,570.9692888833526,-2.5871415667075404,568.3821473166452,repair50,-2.6547192497358947,0.02244727994435558
HBARUSDT,-1,2026-05-28 21:44:00+00:00,2026-05-28 21:45:00+00:00,2026-05-29 01:15:00+00:00,0.0908,0.08988,30238.129105844506,306.37751957463564,0.0,306.37751957463564,3.0294742343157206,309.40699380895137,repair50,2.767634608176885,0.015195877655691747
FILUSDT,-1,2026-05-29 01:04:00+00:00,2026-05-29 01:05:00+00:00,2026-05-29 02:30:00+00:00,0.981,0.97,30684.66247788294,344.06859047575256,0.0,344.06859047575256,0.0,344.06859047575256,repair50,2.338831756911571,0.025261945522303986
HBARUSDT,1,2026-05-29 01:19:00+00:00,2026-05-29 01:20:00+00:00,2026-05-29 02:40:00+00:00,0.08976,0.0905,30715.064091868313,253.22133943830303,0.0,253.22133943830303,0.0,253.22133943830303,repair50,-2.952109579856841,0.01615680725491009
NEARUSDT,-1,2026-05-29 00:49:00+00:00,2026-05-29 00:50:00+00:00,2026-05-29 02:55:00+00:00,2.505,2.468,30655.088251701898,452.78972667184274,0.0,452.78972667184274,0.0,452.78972667184274,repair50,2.1651274587706855,0.02663761146630783
HBARUSDT,-1,2026-05-29 03:34:00+00:00,2026-05-29 03:35:00+00:00,2026-05-29 04:10:00+00:00,0.09191,0.09024,30817.06099228875,559.9444223384013,0.0,559.9444223384013,0.0,559.9444223384013,repair50,3.0977361899932756,0.017362231501991676
XLMUSDT,-1,2026-05-29 03:19:00+00:00,2026-05-29 03:20:00+00:00,2026-05-29 05:50:00+00:00,0.20278,0.21081,31068.01974732434,-1230.2800994724062,0.0,-1230.2800994724062,0.0,-1230.2800994724062,stop,2.1020573131626983,0.018473198249097322
HBARUSDT,-1,2026-05-29 04:49:00+00:00,2026-05-29 04:50:00+00:00,2026-05-29 06:10:00+00:00,0.09211,0.09498,31162.002415489726,-970.9580602807038,0.0,-970.9580602807038,0.0,-970.9580602807038,stop,2.9039298630414456,0.016313694113279764
NEARUSDT,-1,2026-05-29 07:19:00+00:00,2026-05-29 07:20:00+00:00,2026-05-29 07:35:00+00:00,2.552,2.519,30575.631626099927,395.37454688922145,0.0,395.37454688922145,0.0,395.37454688922145,repair50,2.036903560613949,0.02523429808338462
XLMUSDT,-1,2026-05-29 07:19:00+00:00,2026-05-29 07:20:00+00:00,2026-05-29 07:40:00+00:00,0.21324,0.20696,30575.631626099927,900.4641090410222,0.0,900.4641090410222,0.0,900.4641090410222,repair50,3.80713644447018,0.03424582252966335
HBARUSDT,1,2026-05-29 07:39:00+00:00,2026-05-29 07:40:00+00:00,2026-05-29 08:05:00+00:00,0.09125,0.09224,30964.383222878994,335.94234948657856,0.0,335.94234948657856,0.7165522045651623,336.65890169114374,repair50,-3.046621099463789,0.017180433907780568
XLMUSDT,-1,2026-05-29 08:14:00+00:00,2026-05-29 08:15:00+00:00,2026-05-29 08:55:00+00:00,0.21234,0.22065,31065.38089338634,-1215.754522106248,0.0,-1215.754522106248,0.0,-1215.754522106248,stop,2.25901753352057,0.020221034386329606
BCHUSDT,1,2026-05-29 08:59:00+00:00,2026-05-29 09:00:00+00:00,2026-05-29 09:10:00+00:00,301.43,303.92,30640.491594671606,253.1095911844612,0.0,253.1095911844612,0.0,253.1095911844612,repair50,-2.2945076619094285,0.015384820171220559
TRXUSDT,1,2026-05-29 08:24:00+00:00,2026-05-29 08:25:00+00:00,2026-05-29 12:30:00+00:00,0.34386,0.34162,30794.57925434679,-200.6044830155809,0.0,-200.6044830155809,0.0,-200.6044830155809,timeout,-6.323430012541645,0.016509407544002652
UNIUSDT,1,2026-05-29 08:34:00+00:00,2026-05-29 08:35:00+00:00,2026-05-29 12:40:00+00:00,3.004,2.98,30767.93502720743,-245.81572591643746,0.0,-245.81572591643746,0.0,-245.81572591643746,timeout,-2.1700419245632556,0.017269653754433456
XLMUSDT,1,2026-05-29 11:04:00+00:00,2026-05-29 11:05:00+00:00,2026-05-29 14:45:00+00:00,0.20856,0.20116,30728.008218018364,-1090.2726352768295,0.0,-1090.2726352768295,0.0,-1090.2726352768295,stop,-2.811126903926322,0.024934959200465734
AVAXUSDT,1,2026-05-29 14:44:00+00:00,2026-05-29 14:45:00+00:00,2026-05-29 15:05:00+00:00,8.663,8.771,30169.19673822792,376.1137305469938,0.0,376.1137305469938,0.0,376.1137305469938,repair50,-3.190053688143823,0.017540325996550532
HBARUSDT,1,2026-05-29 12:29:00+00:00,2026-05-29 12:30:00+00:00,2026-05-29 15:15:00+00:00,0.09004,0.09084,30509.97534406218,271.0793011467107,0.0,271.0793011467107,0.0,271.0793011467107,repair50,-2.6846482796620195,0.015384984503594934
NEARUSDT,-1,2026-05-29 15:09:00+00:00,2026-05-29 15:10:00+00:00,2026-05-29 15:40:00+00:00,2.513,2.593,30454.843911873046,-969.5135347989826,0.0,-969.5135347989826,0.0,-969.5135347989826,stop,2.3623199906104597,0.029471000868361408
XLMUSDT,-1,2026-05-29 15:14:00+00:00,2026-05-29 15:15:00+00:00,2026-05-29 18:05:00+00:00,0.20986,0.21657,30520.644497621746,-975.8578317880588,0.0,-975.8578317880588,-2.2746176610709883,-978.1324494491298,stop,2.655013017540453,0.024488346447436804
ETHUSDT,-1,2026-05-29 15:39:00+00:00,2026-05-29 15:40:00+00:00,2026-05-29 18:50:00+00:00,2041.14,2017.2,29844.092405369804,350.03359504225836,0.0,350.03359504225836,1.9582762309025508,351.9918712731609,repair50,4.723568590851818,0.020748233410134542
FILUSDT,-1,2026-05-29 15:09:00+00:00,2026-05-29 15:10:00+00:00,2026-05-29 19:15:00+00:00,0.961,0.959,30454.843911873046,63.38156901534393,0.0,63.38156901534393,2.220914043993669,65.6024830593376,timeout,2.201085430250017,0.023882101367663333
AVAXUSDT,1,2026-05-29 19:19:00+00:00,2026-05-29 19:20:00+00:00,2026-05-29 19:40:00+00:00,8.777,8.863,29922.662864610225,293.1923215627779,0.0,293.1923215627779,0.0,293.1923215627779,repair50,-2.7894097567940253,0.015515001170132825
DOTUSDT,1,2026-05-29 18:54:00+00:00,2026-05-29 18:55:00+00:00,2026-05-29 23:00:00+00:00,1.201,1.191,30022.200275323667,-249.97668838737428,0.0,-249.97668838737428,0.0,-249.97668838737428,timeout,-2.215027827768829,0.015756012568560296
HBARUSDT,-1,2026-05-29 20:24:00+00:00,2026-05-29 20:25:00+00:00,2026-05-29 23:10:00+00:00,0.0933,0.09616,30155.82206708955,-924.3906871583704,0.0,-924.3906871583704,0.0,-924.3906871583704,stop,2.6100457603939784,0.015581890466513482
SUIUSDT,1,2026-05-29 19:14:00+00:00,2026-05-29 19:15:00+00:00,2026-05-29 23:20:00+00:00,0.8988,0.9021,30013.225478122466,110.19542064731012,0.0,110.19542064731012,0.0,110.19542064731012,timeout,-2.0923640482730557,0.020857879249327582
NEARUSDT,1,2026-05-29 23:24:00+00:00,2026-05-29 23:25:00+00:00,2026-05-30 03:30:00+00:00,2.378,2.385,29819.428091379876,87.77796326310157,0.0,87.77796326310157,-2.9823405812483688,84.7956226818532,timeout,-2.0372004297712065,0.02549205808873123
LINKUSDT,-1,2026-05-30 01:34:00+00:00,2026-05-30 01:35:00+00:00,2026-05-30 04:35:00+00:00,9.18,9.089,29681.37931840912,294.2271806073214,0.0,294.2271806073214,0.0,294.2271806073214,repair50,2.548371705199142,0.015317157671174142
HBARUSDT,1,2026-05-30 03:29:00+00:00,2026-05-30 03:30:00+00:00,2026-05-30 04:35:00+00:00,0.10205,0.09898,29689.45922927449,-893.1566862701887,0.0,-893.1566862701887,0.0,-893.1566862701887,stop,-4.36359216904165,0.03212020177409436
XRPUSDT,-1,2026-05-30 00:59:00+00:00,2026-05-30 01:00:00+00:00,2026-05-30 05:05:00+00:00,1.3479,1.3449,29750.818960402536,66.21593358647598,0.0,66.21593358647598,0.0,66.21593358647598,timeout,3.663185516548414,0.01728967216614996
NEARUSDT,1,2026-05-30 04:34:00+00:00,2026-05-30 04:35:00+00:00,2026-05-30 05:15:00+00:00,2.274,2.327,29734.052497415505,693.0100186292954,0.0,693.0100186292954,0.0,693.0100186292954,repair50,-3.3785942251683876,0.04203173977545127
XLMUSDT,1,2026-05-30 05:04:00+00:00,2026-05-30 05:05:00+00:00,2026-05-30 05:15:00+00:00,0.26339,0.27361,29937.02878456361,1161.6099099367493,0.0,1161.6099099367493,0.0,1161.6099099367493,repair50,-6.135862469562197,0.0650922464662782
BCHUSDT,1,2026-05-30 04:34:00+00:00,2026-05-30 04:35:00+00:00,2026-05-30 05:35:00+00:00,296.86,300.78,29734.052497415505,392.6345273525128,0.0,392.6345273525128,0.0,392.6345273525128,repair50,-3.4221056070899007,0.023073978976116516
XLMUSDT,-1,2026-05-30 11:39:00+00:00,2026-05-30 11:40:00+00:00,2026-05-30 12:40:00+00:00,0.25133,0.24754,30359.229043337076,457.81036117553634,0.0,457.81036117553634,0.0,457.81036117553634,repair50,2.007104491129338,0.023635199140272567
HBARUSDT,-1,2026-05-30 11:39:00+00:00,2026-05-30 11:40:00+00:00,2026-05-30 15:25:00+00:00,0.0992,0.09834,30359.229043337076,263.19492920634957,0.0,263.19492920634957,0.0,263.19492920634957,repair50,2.1514533556679982,0.017098157259532565
BNBUSDT,-1,2026-05-30 14:34:00+00:00,2026-05-30 14:35:00+00:00,2026-05-30 16:35:00+00:00,685.79,706.74,30442.402962771685,-929.9761473192465,0.0,-929.9761473192465,3.662544813895118,-926.3136025053514,stop,4.411106578261064,0.016812256282821014
HBARUSDT,1,2026-05-30 15:29:00+00:00,2026-05-30 15:30:00+00:00,2026-05-30 19:35:00+00:00,0.09828,0.09757,30510.410105004514,-220.41505061612983,0.0,-220.41505061612983,-0.05462257486747602,-220.4696731909973,timeout,-2.1335763926154567,0.016798669719919168
NEARUSDT,1,2026-05-30 15:44:00+00:00,2026-05-30 15:45:00+00:00,2026-05-30 19:50:00+00:00,2.335,2.306,30493.92977424595,-378.7254661469513,0.0,-378.7254661469513,-3.057186324769473,-381.7826524717208,timeout,-2.041781997731762,0.025761142816350446
XLMUSDT,1,2026-05-30 20:39:00+00:00,2026-05-30 20:40:00+00:00,2026-05-30 22:05:00+00:00,0.24166,0.23426,30116.960852001223,-922.2275523661725,0.0,-922.2275523661725,0.0,-922.2275523661725,stop,-2.1424581830526197,0.024794133996217882
NEARUSDT,1,2026-05-30 23:44:00+00:00,2026-05-30 23:45:00+00:00,2026-05-31 01:20:00+00:00,2.231,2.263,29840.292586291373,428.0095754196879,0.0,428.0095754196879,-3.006767267323309,425.0028081523646,repair50,-2.0110611075353995,0.0255287638345012
HBARUSDT,-1,2026-05-31 02:09:00+00:00,2026-05-31 02:10:00+00:00,2026-05-31 02:30:00+00:00,0.09629,0.09494,29698.55953613355,416.3781843782369,0.0,416.3781843782369,0.0,416.3781843782369,repair50,2.0345887802273475,0.016477986488063534
XLMUSDT,-1,2026-05-31 01:49:00+00:00,2026-05-31 01:50:00+00:00,2026-05-31 02:45:00+00:00,0.23408,0.24161,29967.79342873708,-964.0186454134871,0.0,-964.0186454134871,0.0,-964.0186454134871,stop,2.187143449631743,0.026571959328212102
BNBUSDT,-1,2026-05-31 02:19:00+00:00,2026-05-31 02:20:00+00:00,2026-05-31 06:25:00+00:00,738.54,735.49,29850.513137705922,123.2757400682448,0.0,123.2757400682448,0.0,123.2757400682448,timeout,4.818293810649335,0.020136432272826577
XLMUSDT,1,2026-05-31 06:34:00+00:00,2026-05-31 06:35:00+00:00,2026-05-31 08:40:00+00:00,0.23363,0.23752,29840.48401244698,496.8517861936349,0.0,496.8517861936349,-2.953905208046318,493.8978809855886,repair50,-2.201214064432115,0.026436132125408296
XLMUSDT,-1,2026-05-31 09:09:00+00:00,2026-05-31 09:10:00+00:00,2026-05-31 10:10:00+00:00,0.24193,0.25035,30015.113458676202,-1044.6296669369376,0.0,-1044.6296669369376,0.0,-1044.6296669369376,stop,2.6738080887745856,0.03329310174932765
HBARUSDT,-1,2026-05-31 08:39:00+00:00,2026-05-31 08:40:00+00:00,2026-05-31 10:15:00+00:00,0.09795,0.09706,29970.664313269688,272.3215032037799,0.0,272.3215032037799,0.0,272.3215032037799,repair50,2.08771332075074,0.016953830673031467
BNBUSDT,1,2026-05-31 07:24:00+00:00,2026-05-31 07:25:00+00:00,2026-05-31 11:30:00+00:00,724.61,723.87,29760.40018983942,-30.39248166666335,0.0,-30.39248166666335,0.0,-30.39248166666335,timeout,-3.6980169499999467,0.015438045689079694
HBARUSDT,-1,2026-05-31 11:29:00+00:00,2026-05-31 11:30:00+00:00,2026-05-31 12:10:00+00:00,0.09885,0.09782,29747.843183122714,309.9674100011741,0.0,309.9674100011741,0.0,309.9674100011741,repair50,2.1367372752427127,0.01739436648118553
SUIUSDT,1,2026-05-31 14:19:00+00:00,2026-05-31 14:20:00+00:00,2026-05-31 18:25:00+00:00,0.8757,0.8744,29840.833406123063,-44.29951287879839,0.0,-44.29951287879839,0.12339349884691474,-44.17611937995147,timeout,-2.9410459391608206,0.029377667972038335
HBARUSDT,1,2026-05-31 14:19:00+00:00,2026-05-31 14:20:00+00:00,2026-05-31 18:25:00+00:00,0.09611,0.09501,29840.833406123063,-341.5348740686229,0.0,-341.5348740686229,0.0911783233851037,-341.4436957452378,timeout,-2.5623444180550883,0.020533280029338852
DOTUSDT,1,2026-05-31 14:19:00+00:00,2026-05-31 14:20:00+00:00,2026-05-31 18:25:00+00:00,1.169,1.162,29840.833406123063,-178.68762518636706,0.0,-178.68762518636706,3.242521039795599,-175.44510414657145,timeout,-2.523272918977726,0.018082158979368046
NEARUSDT,-1,2026-05-31 21:44:00+00:00,2026-05-31 21:45:00+00:00,2026-06-01 01:25:00+00:00,2.325,2.28,29672.513930341534,574.3067212324215,0.0,574.3067212324215,2.296450932737424,576.603172165159,repair50,2.55302741854884,0.03378653728188996
XLMUSDT,-1,2026-05-31 21:59:00+00:00,2026-05-31 22:00:00+00:00,2026-06-01 01:35:00+00:00,0.25433,0.26354,29695.48619919083,-1075.356536368292,0.0,-1075.356536368292,-9.445021912718941,-1084.8015582810108,stop,2.288106143933291,0.029559729903760656
BNBUSDT,1,2026-06-01 01:44:00+00:00,2026-06-01 01:45:00+00:00,2026-06-01 02:20:00+00:00,696.39,703.64,29577.46162379385,307.9260138320583,0.0,307.9260138320583,0.0,307.9260138320583,repair50,-4.579621688376408,0.019705033055278043
HBARUSDT,1,2026-06-01 01:09:00+00:00,2026-06-01 01:10:00+00:00,2026-06-01 02:55:00+00:00,0.09456,0.09573,29663.52847095563,367.0296987205764,0.0,367.0296987205764,0.0,367.0296987205764,repair50,-2.384716939850275,0.019364273180545344
HBARUSDT,-1,2026-06-01 03:24:00+00:00,2026-06-01 03:25:00+00:00,2026-06-01 04:05:00+00:00,0.09709,0.09614,29711.3438545114,290.7176502398359,0.0,290.7176502398359,0.0,290.7176502398359,repair50,2.1415700956545325,0.017724354615072713
NEARUSDT,-1,2026-06-01 03:04:00+00:00,2026-06-01 03:05:00+00:00,2026-06-01 04:20:00+00:00,2.389,2.348,29722.541128272573,510.0980268979374,0.0,510.0980268979374,0.0,510.0980268979374,repair50,2.3116842145245786,0.030733664821601003
XLMUSDT,1,2026-06-01 04:49:00+00:00,2026-06-01 04:50:00+00:00,2026-06-01 05:20:00+00:00,0.25958,0.26379,29962.785831413905,485.95164631425257,0.0,485.95164631425257,0.0,485.95164631425257,repair50,-2.1052210451052766,0.026807265021410176
XLMUSDT,-1,2026-06-01 06:39:00+00:00,2026-06-01 06:40:00+00:00,2026-06-01 07:05:00+00:00,0.2714,0.26704,30034.720829436566,482.5032528236664,0.0,482.5032528236664,0.0,482.5032528236664,repair50,2.224389036482114,0.029189987637787906
DOTUSDT,1,2026-06-01 06:09:00+00:00,2026-06-01 06:10:00+00:00,2026-06-01 10:15:00+00:00,1.173,1.167,30108.571325308178,-154.00803746960636,0.0,-154.00803746960636,-2.9873833814677377,-156.9954208510741,timeout,-2.1819133655156944,0.015630668502035427
BCHUSDT,1,2026-06-01 06:14:00+00:00,2026-06-01 06:15:00+00:00,2026-06-01 10:20:00+00:00,293.9,288.19,30123.97212905514,-585.2598872300238,0.0,-585.2598872300238,9.712380797263858,-575.5475064327599,timeout,-2.7228053670578856,0.01861161331446093
BNBUSDT,-1,2026-06-01 10:14:00+00:00,2026-06-01 10:15:00+00:00,2026-06-01 10:30:00+00:00,706.59,699.84,30059.264249766842,287.1538426611278,0.0,287.1538426611278,0.0,287.1538426611278,repair50,3.9189009387860683,0.017554346786368136
XLMUSDT,1,2026-06-01 07:59:00+00:00,2026-06-01 08:00:00+00:00,2026-06-01 10:35:00+00:00,0.25496,0.26016,30018.882347782066,612.2457962365334,0.0,612.2457962365334,10.466343393730126,622.7121396302634,repair50,-2.741612582292674,0.03490477354992316
NEARUSDT,-1,2026-06-01 12:29:00+00:00,2026-06-01 12:30:00+00:00,2026-06-01 13:05:00+00:00,2.394,2.349,30344.083204778988,570.3775038492265,0.0,570.3775038492265,0.0,570.3775038492265,repair50,2.1712058302319255,0.02887751649914838
XLMUSDT,-1,2026-06-01 10:54:00+00:00,2026-06-01 10:55:00+00:00,2026-06-01 13:55:00+00:00,0.26253,0.25813,30306.51921765754,507.9369388553398,0.0,507.9369388553398,0.0,507.9369388553398,repair50,2.087623892907498,0.027649874083936155
XLMUSDT,1,2026-06-01 14:14:00+00:00,2026-06-01 14:15:00+00:00,2026-06-01 14:45:00+00:00,0.25589,0.24516,30514.14020102399,-1279.5213738598156,0.0,-1279.5213738598156,0.0,-1279.5213738598156,stop,-2.004855171752162,0.025985797944365507
BNBUSDT,1,2026-06-01 12:09:00+00:00,2026-06-01 12:10:00+00:00,2026-06-01 16:15:00+00:00,691.36,677.49,30310.328744698956,-608.0829953844226,0.0,-608.0829953844226,0.0,-608.0829953844226,timeout,-3.605657279629436,0.015905405590466493
DOTUSDT,1,2026-06-01 14:14:00+00:00,2026-06-01 14:15:00+00:00,2026-06-01 17:05:00+00:00,1.138,1.149,30514.14020102399,294.9521460555951,0.0,294.9521460555951,-0.8321784654923631,294.11996759010276,repair50,-2.1158742476369548,0.01517427651779335
XLMUSDT,-1,2026-06-01 16:54:00+00:00,2026-06-01 16:55:00+00:00,2026-06-01 17:25:00+00:00,0.2581,0.25395,30103.703333345395,484.0386239185701,0.0,484.0386239185701,0.0,484.0386239185701,repair50,2.067897127680819,0.02792115700873188
NEARUSDT,-1,2026-06-01 17:04:00+00:00,2026-06-01 17:05:00+00:00,2026-06-01 17:55:00+00:00,2.463,2.551,30268.137499713128,-1081.4438083535322,0.0,-1081.4438083535322,0.0,-1081.4438083535322,stop,2.0948926389128224,0.027906074499116196
FILUSDT,-1,2026-06-01 17:04:00+00:00,2026-06-01 17:05:00+00:00,2026-06-01 19:30:00+00:00,0.93,0.958,30268.137499713128,-911.2987634322211,0.0,-911.2987634322211,0.0,-911.2987634322211,stop,2.1828918796074293,0.02414082827375208
BCHUSDT,-1,2026-06-01 17:29:00+00:00,2026-06-01 17:30:00+00:00,2026-06-01 21:35:00+00:00,290.8,290.4,30109.560416262044,41.41617663860191,0.0,41.41617663860191,0.0,41.41617663860191,timeout,2.5196201223318933,0.01790745193037213
AVAXUSDT,-1,2026-06-01 17:54:00+00:00,2026-06-01 17:55:00+00:00,2026-06-01 22:00:00+00:00,8.927,8.875,29833.256268204248,173.7794696926866,0.0,173.7794696926866,0.0,173.7794696926866,timeout,2.7416092758459505,0.015566055222380193
XLMUSDT,1,2026-06-01 19:39:00+00:00,2026-06-01 19:40:00+00:00,2026-06-01 23:45:00+00:00,0.24831,0.24501,29648.80660403588,-394.02787561241405,0.0,-394.02787561241405,0.0,-394.02787561241405,timeout,-2.031934751029332,0.02677214779598569
AVAXUSDT,1,2026-06-02 02:09:00+00:00,2026-06-02 02:10:00+00:00,2026-06-02 02:30:00+00:00,8.692,8.797,29570.998835901468,357.2198432776873,0.0,357.2198432776873,0.0,357.2198432776873,repair50,-3.747352750752208,0.020966365040723134
AAVEUSDT,1,2026-06-02 01:59:00+00:00,2026-06-02 02:00:00+00:00,2026-06-02 03:00:00+00:00,78.57,79.24,29645.707376828177,252.80162838837808,0.0,252.80162838837808,0.0,252.80162838837808,repair50,-2.4740944953492896,0.015106162957187141
ADAUSDT,1,2026-06-02 02:09:00+00:00,2026-06-02 02:10:00+00:00,2026-06-02 03:00:00+00:00,0.225,0.228,29570.998835901468,394.2799844786888,0.0,394.2799844786888,0.0,394.2799844786888,repair50,-3.6876274474987745,0.02011351125650429
NEARUSDT,-1,2026-06-02 03:24:00+00:00,2026-06-02 03:25:00+00:00,2026-06-02 05:00:00+00:00,2.699,2.652,29946.99781367161,521.4927370294761,0.0,521.4927370294761,0.0,521.4927370294761,repair50,2.32186997296636,0.031697165619298806
NEARUSDT,1,2026-06-02 05:09:00+00:00,2026-06-02 05:10:00+00:00,2026-06-02 08:35:00+00:00,2.603,2.644,30103.44563478045,474.1610722343465,0.0,474.1610722343465,-3.006875092217794,471.1541971421287,repair50,-2.159736186199148,0.028780400124025385
FILUSDT,1,2026-06-02 06:19:00+00:00,2026-06-02 06:20:00+00:00,2026-06-02 10:15:00+00:00,0.925,0.936,30006.300439493414,356.8316809020869,0.0,356.8316809020869,-2.7166731240605784,354.11500777802627,repair50,-2.068642609929613,0.022635292599009982
AVAXUSDT,1,2026-06-02 06:19:00+00:00,2026-06-02 06:20:00+00:00,2026-06-02 10:25:00+00:00,8.669,8.705,30006.300439493414,124.60800736206701,0.0,124.60800736206701,0.35406195361195675,124.96206931567897,timeout,-2.967414714328005,0.016698859009698364
BTCUSDT,1,2026-06-02 14:24:00+00:00,2026-06-02 14:25:00+00:00,2026-06-02 18:30:00+00:00,67982.5,67281.9,30388.5150170512,-313.17167831348064,0.0,-313.17167831348064,-2.5095690989021184,-315.68124741238273,timeout,-5.067539231427989,0.0160179870330579
ETHUSDT,1,2026-06-02 14:24:00+00:00,2026-06-02 14:25:00+00:00,2026-06-02 18:30:00+00:00,1941.27,1912.87,30388.5150170512,-444.57176306451663,0.0,-444.57176306451663,-1.7077860198906882,-446.27954908440734,timeout,-4.060932104659234,0.017293349575731476
DOGEUSDT,1,2026-06-02 14:24:00+00:00,2026-06-02 14:25:00+00:00,2026-06-02 18:30:00+00:00,0.09655,0.09471,30388.5150170512,-579.1286134787591,0.0,-579.1286134787591,0.4043941159646317,-578.7242193627945,timeout,-3.7612673660125897,0.021024282247186887
BCHUSDT,1,2026-06-02 18:54:00+00:00,2026-06-02 18:55:00+00:00,2026-06-02 19:55:00+00:00,278.62,281.46,29986.309512293323,305.65328768542497,0.0,305.65328768542497,0.0,305.65328768542497,repair50,-2.692991600693329,0.018823139254043775
NEARUSDT,-1,2026-06-02 20:04:00+00:00,2026-06-02 20:05:00+00:00,2026-06-02 20:20:00+00:00,2.659,2.598,30164.69485806411,692.0069147581464,0.0,692.0069147581464,0.0,692.0069147581464,repair50,2.072005060594437,0.029382917865868663
SOLUSDT,1,2026-06-02 20:24:00+00:00,2026-06-02 20:25:00+00:00,2026-06-02 21:10:00+00:00,74.94,75.63,30184.514104081285,277.9198656500655,0.0,277.9198656500655,0.0,277.9198656500655,repair50,-2.8565377761062893,0.015111804908010673
FILUSDT,1,2026-06-02 18:54:00+00:00,2026-06-02 18:55:00+00:00,2026-06-02 21:30:00+00:00,0.867,0.883,29986.309512293323,553.3805677009144,0.0,553.3805677009144,0.0,553.3805677009144,repair50,-2.635907980309933,0.029168950837986762
NEARUSDT,-1,2026-06-02 21:09:00+00:00,2026-06-02 21:10:00+00:00,2026-06-02 21:55:00+00:00,2.746,2.657,30509.87175838182,988.8487205010871,0.0,988.8487205010871,0.0,988.8487205010871,repair50,3.8258499928637164,0.05507272349445591
BCHUSDT,1,2026-06-02 22:49:00+00:00,2026-06-02 22:50:00+00:00,2026-06-02 23:20:00+00:00,276.51,268.17,30697.213964035844,-925.8788631877969,0.0,-925.8788631877969,0.0,-925.8788631877969,stop,-2.4400709007335473,0.017135028689809984
AAVEUSDT,1,2026-06-02 19:24:00+00:00,2026-06-02 19:25:00+00:00,2026-06-02 23:30:00+00:00,75.06,72.52,30032.56826568825,-1016.2899466406661,0.0,-1016.2899466406661,0.0,-1016.2899466406661,stop,-2.4809264046790633,0.015514595236840734
SOLUSDT,1,2026-06-02 23:29:00+00:00,2026-06-02 23:30:00+00:00,2026-06-02 23:50:00+00:00,73.02,74.07,30047.617790792912,432.0733864740112,0.0,432.0733864740112,0.0,432.0733864740112,repair50,-4.961021353688098,0.026309393008518533
XLMUSDT,-1,2026-06-03 00:14:00+00:00,2026-06-03 00:15:00+00:00,2026-06-03 01:40:00+00:00,0.22701,0.22283,30381.379861997622,559.421029131534,0.0,559.421029131534,0.0,559.421029131534,repair50,2.1203138946947653,0.029550683048345183
LTCUSDT,1,2026-06-02 22:49:00+00:00,2026-06-02 22:50:00+00:00,2026-06-03 02:40:00+00:00,47.29,47.7,30697.213964035844,266.14205382226584,0.0,266.14205382226584,-0.003042458064060816,266.1390113642018,repair50,-3.7248139759157697,0.01668160527335738
ETHUSDT,1,2026-06-02 23:19:00+00:00,2026-06-02 23:20:00+00:00,2026-06-03 03:25:00+00:00,1857.61,1849.17,30190.38813492581,-137.16919905619142,0.0,-137.16919905619142,-0.6106535702554178,-137.77985262644683,timeout,-4.51386476213468,0.019817216640566793
ADAUSDT,1,2026-06-03 03:39:00+00:00,2026-06-03 03:40:00+00:00,2026-06-03 04:05:00+00:00,0.2088,0.2109,30536.43526217643,307.11932016556506,0.0,307.11932016556506,0.0,307.11932016556506,repair50,-3.410496229019754,0.01886874607249478
SOLUSDT,1,2026-06-03 03:39:00+00:00,2026-06-03 03:40:00+00:00,2026-06-03 04:50:00+00:00,73.1,73.87,30536.43526217643,321.6560212294941,0.0,321.6560212294941,0.0,321.6560212294941,repair50,-3.5276745002980836,0.0188639282644687
BNBUSDT,1,2026-06-03 03:29:00+00:00,2026-06-03 03:30:00+00:00,2026-06-03 05:30:00+00:00,639.15,644.54,30584.957748536464,257.92524800846394,0.0,257.92524800846394,0.0,257.92524800846394,repair50,-3.355292993052389,0.01583616249452202
NEARUSDT,-1,2026-06-03 04:24:00+00:00,2026-06-03 04:25:00+00:00,2026-06-03 08:05:00+00:00,2.787,2.873,30692.76419575295,-947.103595563242,0.0,-947.103595563242,0.6568256238079941,-946.446769939434,stop,2.013043505578243,0.028916983258438167
SUIUSDT,-1,2026-06-03 05:04:00+00:00,2026-06-03 05:05:00+00:00,2026-06-03 09:10:00+00:00,0.8321,0.8328,30548.920472793176,-25.699127906447803,0.0,-25.699127906447803,-0.22697959847508234,-25.926107504922886,timeout,2.793935472041035,0.02927527748601566
HBARUSDT,-1,2026-06-03 05:29:00+00:00,2026-06-03 05:30:00+00:00,2026-06-03 09:35:00+00:00,0.08837,0.08744,30692.383137263212,323.0045979139388,0.0,323.0045979139388,1.351693491120356,324.35629140505915,timeout,2.746048169875147,0.023187901987105297
BCHUSDT,1,2026-06-03 09:14:00+00:00,2026-06-03 09:15:00+00:00,2026-06-03 09:35:00+00:00,248.48,251.0,30630.51419164945,310.6443003982498,0.0,310.6443003982498,0.0,310.6443003982498,repair50,-2.0684000588196563,0.015515955258418979
FILUSDT,-1,2026-06-03 10:49:00+00:00,2026-06-03 10:50:00+00:00,2026-06-03 11:05:00+00:00,0.921,0.957,30749.756239665214,-1201.9448693028753,0.0,-1201.9448693028753,0.0,-1201.9448693028753,stop,2.0990743870046455,0.02219205936582669
NEARUSDT,-1,2026-06-03 10:49:00+00:00,2026-06-03 10:50:00+00:00,2026-06-03 11:30:00+00:00,2.945,2.899,30749.756239665214,480.3017952545321,0.0,480.3017952545321,0.0,480.3017952545321,repair50,2.0580515244047852,0.029372973708844174
UNIUSDT,-1,2026-06-03 11:19:00+00:00,2026-06-03 11:20:00+00:00,2026-06-03 11:55:00+00:00,2.935,2.902,30501.939287325415,342.9519579154131,0.0,342.9519579154131,0.0,342.9519579154131,repair50,2.335147511333621,0.019088105896004404
NEARUSDT,-1,2026-06-03 13:19:00+00:00,2026-06-03 13:20:00+00:00,2026-06-03 14:35:00+00:00,3.018,2.967,30636.148904825335,517.7082816918776,0.0,517.7082816918776,0.0,517.7082816918776,repair50,2.211043843219697,0.03152432757985135
BCHUSDT,1,2026-06-03 14:24:00+00:00,2026-06-03 14:25:00+00:00,2026-06-03 15:30:00+00:00,244.87,247.26,30697.055761494965,299.6118890430567,0.0,299.6118890430567,0.0,299.6118890430567,repair50,-2.282401470438963,0.017125276052971983
FILUSDT,-1,2026-06-03 14:39:00+00:00,2026-06-03 14:40:00+00:00,2026-06-03 16:10:00+00:00,0.979,0.967,30816.282792692953,377.72767468061005,0.0,377.72767468061005,3.1131055854926792,380.84078026610274,repair50,2.045394342807336,0.021975641480600938
NEARUSDT,1,2026-06-03 16:04:00+00:00,2026-06-03 16:05:00+00:00,2026-06-03 16:45:00+00:00,2.914,2.82,30957.824422657584,-998.639497505086,0.0,-998.639497505086,0.0,-998.639497505086,stop,-2.065324848349544,0.028626669463248433
SOLUSDT,1,2026-06-03 16:09:00+00:00,2026-06-03 16:10:00+00:00,2026-06-03 17:35:00+00:00,73.08,74.01,30861.7370021622,392.73967449385776,0.0,392.73967449385776,0.0,392.73967449385776,repair50,-2.8267631260484807,0.015229035914045452
AVAXUSDT,1,2026-06-03 16:09:00+00:00,2026-06-03 16:10:00+00:00,2026-06-03 20:15:00+00:00,8.125,8.085,30861.7370021622,-151.93470524141037,0.0,-151.93470524141037,0.0,-151.93470524141037,timeout,-2.7017059488590047,0.015755349201943103
ADAUSDT,1,2026-06-03 16:44:00+00:00,2026-06-03 16:45:00+00:00,2026-06-03 20:45:00+00:00,0.2093,0.2026,30613.040790082538,-979.9683387174065,0.0,-979.9683387174065,0.0,-979.9683387174065,stop,-3.0579207447029693,0.01694845421264024
FILUSDT,1,2026-06-03 17:49:00+00:00,2026-06-03 17:50:00+00:00,2026-06-03 20:50:00+00:00,0.945,0.914,30833.02879491788,-1011.4538546480973,0.0,-1011.4538546480973,0.0,-1011.4538546480973,stop,-2.1213226548827033,0.022459122072111204
BCHUSDT,1,2026-06-03 20:19:00+00:00,2026-06-03 20:20:00+00:00,2026-06-03 21:35:00+00:00,243.05,245.45,30358.147808934064,299.77187715054845,0.0,299.77187715054845,0.0,299.77187715054845,repair50,-2.082243125557545,0.015739032631183036
ETHUSDT,1,2026-06-03 20:49:00+00:00,2026-06-03 20:50:00+00:00,2026-06-03 21:35:00+00:00,1787.58,1814.45,30152.483856495463,453.23691315859065,0.0,453.23691315859065,0.0,453.23691315859065,repair50,-3.769763936173891,0.01696863274158844
XLMUSDT,1,2026-06-03 20:44:00+00:00,2026-06-03 20:45:00+00:00,2026-06-03 21:50:00+00:00,0.21031,0.21429,30155.21918139612,570.6707828536804,0.0,570.6707828536804,0.0,570.6707828536804,repair50,-2.182505552938274,0.029963052331930196
ETHUSDT,-1,2026-06-03 21:49:00+00:00,2026-06-03 21:50:00+00:00,2026-06-03 22:50:00+00:00,1843.7,1826.33,30567.924045589058,287.98874039805185,0.0,287.98874039805185,0.0,287.98874039805185,repair50,4.125966312186914,0.018994212959527745
LINKUSDT,-1,2026-06-03 21:49:00+00:00,2026-06-03 21:50:00+00:00,2026-06-03 23:05:00+00:00,8.437,8.343,30567.924045589058,340.56949867077896,0.0,340.56949867077896,0.0,340.56949867077896,repair50,3.324755982438063,0.02084187908566304
SUIUSDT,-1,2026-06-03 21:49:00+00:00,2026-06-03 21:50:00+00:00,2026-06-03 23:05:00+00:00,0.8419,0.8277,30567.924045589058,515.5772911834721,0.0,515.5772911834721,0.0,515.5772911834721,repair50,2.759108157882083,0.02874235579354134
BTCUSDT,1,2026-06-03 23:54:00+00:00,2026-06-03 23:55:00+00:00,2026-06-04 02:00:00+00:00,64071.7,62140.4,30911.164704664752,-931.74884378156,0.0,-931.74884378156,-0.836746008370846,-932.5855897899309,stop,-4.46653079138732,0.015135658879141256
ETHUSDT,1,2026-06-04 00:29:00+00:00,2026-06-04 00:30:00+00:00,2026-06-04 02:05:00+00:00,1782.79,1720.58,30800.698787597656,-1074.7824878849724,0.0,-1074.7824878849724,0.0,-1074.7824878849724,stop,-5.088117278580942,0.023149188718254332
ADAUSDT,1,2026-06-04 00:29:00+00:00,2026-06-04 00:30:00+00:00,2026-06-04 02:05:00+00:00,0.197,0.188,30800.698787597656,-1407.1385232912642,0.0,-1407.1385232912642,0.0,-1407.1385232912642,stop,-4.812954474423165,0.02711724404614635
AAVEUSDT,1,2026-06-04 02:04:00+00:00,2026-06-04 02:05:00+00:00,2026-06-04 02:25:00+00:00,68.33,71.54,29626.009849218284,1391.7677684178375,0.0,1391.7677684178375,0.0,1391.7677684178375,repair50,-11.49923824748972,0.07223937965442495
SOLUSDT,1,2026-06-04 02:04:00+00:00,2026-06-04 02:05:00+00:00,2026-06-04 02:25:00+00:00,66.81,69.53,29626.009849218284,1206.1479836831847,0.0,1206.1479836831847,0.0,1206.1479836831847,repair50,-10.316892253405413,0.05627117371750101
LTCUSDT,1,2026-06-04 01:59:00+00:00,2026-06-04 02:00:00+00:00,2026-06-04 03:05:00+00:00,45.3,46.28,30293.257037422438,655.3508144961152,0.0,655.3508144961152,0.0,655.3508144961152,repair50,-6.948474221116301,0.03248432978142213
DOTUSDT,1,2026-06-04 02:24:00+00:00,2026-06-04 02:25:00+00:00,2026-06-04 03:10:00+00:00,1.057,1.072,30696.280089446358,435.6141923762504,0.0,435.6141923762504,0.0,435.6141923762504,repair50,-3.5160604136536486,0.026572546546037135
FILUSDT,1,2026-06-04 02:24:00+00:00,2026-06-04 02:25:00+00:00,2026-06-04 03:20:00+00:00,0.87,0.892,30696.280089446358,776.2277723768083,0.0,776.2277723768083,0.0,776.2277723768083,repair50,-3.893068485076168,0.04155606596625894
XLMUSDT,-1,2026-06-04 03:09:00+00:00,2026-06-04 03:10:00+00:00,2026-06-04 04:35:00+00:00,0.21738,0.21192,31177.586678663887,783.0969880646996,0.0,783.0969880646996,0.0,783.0969880646996,repair50,3.5608037590513018,0.05139345591269873
BCHUSDT,-1,2026-06-04 03:04:00+00:00,2026-06-04 03:05:00+00:00,2026-06-04 05:05:00+00:00,246.66,242.7,31091.26482766586,499.15433681001144,0.0,499.15433681001144,0.0,499.15433681001144,repair50,4.106182798035,0.032191670980408205
HBARUSDT,-1,2026-06-04 04:34:00+00:00,2026-06-04 04:35:00+00:00,2026-06-04 05:10:00+00:00,0.08641,0.08552,31426.13749852036,323.6808514487116,0.0,323.6808514487116,0.0,323.6808514487116,repair50,2.3420986830696133,0.020067524507453083
NEARUSDT,1,2026-06-04 05:04:00+00:00,2026-06-04 05:05:00+00:00,2026-06-04 05:30:00+00:00,2.612,2.533,31630.71800063723,-956.6717925154467,0.0,-956.6717925154467,0.0,-956.6717925154467,stop,-3.166256025086022,0.044430280770984765
FILUSDT,1,2026-06-04 05:09:00+00:00,2026-06-04 05:10:00+00:00,2026-06-04 06:15:00+00:00,0.86,0.875,31647.514189460664,551.9915265603614,0.0,551.9915265603614,0.0,551.9915265603614,repair50,-2.0798271552865844,0.02245042172505851
BNBUSDT,1,2026-06-04 05:29:00+00:00,2026-06-04 05:30:00+00:00,2026-06-04 06:20:00+00:00,602.93,610.05,31411.950703797025,370.94370658457285,0.0,370.94370658457285,0.0,370.94370658457285,repair50,-3.691665943018873,0.018383959262213367
BTCUSDT,-1,2026-06-04 03:19:00+00:00,2026-06-04 03:20:00+00:00,2026-06-04 07:20:00+00:00,64049.9,63496.5,31110.508963707667,268.7991028950218,0.0,268.7991028950218,0.0,268.7991028950218,repair50,4.30496707748788,0.015694115277325116
XRPUSDT,1,2026-06-04 07:24:00+00:00,2026-06-04 07:25:00+00:00,2026-06-04 11:30:00+00:00,1.1738,1.1532,31778.643699734333,-557.7100530026618,0.0,-557.7100530026618,0.5350500188823796,-557.1750029837793,timeout,-3.113856039187094,0.016284355098871495
SOLUSDT,1,2026-06-04 07:59:00+00:00,2026-06-04 08:00:00+00:00,2026-06-04 12:05:00+00:00,69.11,69.01,31725.038558717573,-45.90513465304056,0.0,-45.90513465304056,5.776398593516503,-40.12873605952406,timeout,-2.8996851055024595,0.01657187661309112
NEARUSDT,-1,2026-06-04 11:59:00+00:00,2026-06-04 12:00:00+00:00,2026-06-04 12:15:00+00:00,2.445,2.397,31443.085262059954,617.2875634269438,0.0,617.2875634269438,0.0,617.2875634269438,repair50,2.3951315439045584,0.03642401981548282
AVAXUSDT,1,2026-06-04 08:14:00+00:00,2026-06-04 08:15:00+00:00,2026-06-04 12:20:00+00:00,7.743,7.633,31590.062188388576,-448.7804262847418,0.0,-448.7804262847418,0.0,-448.7804262847418,timeout,-3.247579180223119,0.01975569161786983
DOGEUSDT,-1,2026-06-04 12:24:00+00:00,2026-06-04 12:25:00+00:00,2026-06-04 13:25:00+00:00,0.08885,0.08813,31650.004719164,256.47724702079813,0.0,256.47724702079813,0.0,256.47724702079813,repair50,2.6071088890183414,0.01583956116708185
BCHUSDT,-1,2026-06-04 12:24:00+00:00,2026-06-04 12:25:00+00:00,2026-06-04 16:05:00+00:00,247.74,244.78,31650.004719164,378.1545732167838,0.0,378.1545732167838,-0.9645437926743752,377.1900294241094,repair50,2.61270302207646,0.020788573859210846
LTCUSDT,-1,2026-06-04 13:34:00+00:00,2026-06-04 13:35:00+00:00,2026-06-04 16:10:00+00:00,46.49,46.14,31611.996470034723,237.99093922374965,0.0,237.99093922374965,-0.7762388630822392,237.21470036066742,repair50,2.995071189066416,0.015172632775737771
DOTUSDT,-1,2026-06-04 12:24:00+00:00,2026-06-04 12:25:00+00:00,2026-06-04 16:30:00+00:00,1.04,1.058,31650.004719164,-547.7885432162981,0.0,-547.7885432162981,-4.088024167235866,-551.8765673835339,timeout,2.4913367895245337,0.019586587875255246
NEARUSDT,-1,2026-06-04 16:39:00+00:00,2026-06-04 16:40:00+00:00,2026-06-04 17:05:00+00:00,2.47,2.425,31745.706341990608,578.3630710079298,0.0,578.3630710079298,0.0,578.3630710079298,repair50,2.125081571977102,0.032353787454993066
BCHUSDT,-1,2026-06-04 18:29:00+00:00,2026-06-04 18:30:00+00:00,2026-06-04 20:25:00+00:00,250.33,248.03,31919.215263292986,293.2696644652023,0.0,293.2696644652023,0.0,293.2696644652023,repair50,2.0795038997638535,0.016635341507932777
NEARUSDT,1,2026-06-04 21:24:00+00:00,2026-06-04 21:25:00+00:00,2026-06-04 23:20:00+00:00,2.266,2.175,31893.092671523926,-1280.7905706569668,0.0,-1280.7905706569668,0.0,-1280.7905706569668,stop,-2.2426403778328554,0.03320049361788602
ADAUSDT,1,2026-06-04 20:04:00+00:00,2026-06-04 20:05:00+00:00,2026-06-05 00:05:00+00:00,0.1849,0.1788,31966.265918157187,-1054.5928723675468,0.0,-1054.5928723675468,-1.5821357195699275,-1056.1750080871168,stop,-2.6123693044895715,0.01582917210934498
FILUSDT,1,2026-06-05 01:04:00+00:00,2026-06-05 01:05:00+00:00,2026-06-05 01:15:00+00:00,0.841,0.852,31217.07578472807,408.30895794531375,0.0,408.30895794531375,0.0,408.30895794531375,repair50,-2.047822356576406,0.022509694215482434
BCHUSDT,1,2026-06-04 21:29:00+00:00,2026-06-04 21:30:00+00:00,2026-06-05 01:35:00+00:00,243.74,243.78,31860.643558567885,5.228627809726632,0.0,5.228627809726632,2.5699278359912725,7.798555645717904,timeout,-2.760749674562136,0.021751393418308895
AVAXUSDT,1,2026-06-05 02:44:00+00:00,2026-06-05 02:45:00+00:00,2026-06-05 06:05:00+00:00,7.465,7.214,31398.768155798196,-1055.7388890964935,0.0,-1055.7388890964935,0.0,-1055.7388890964935,stop,-3.7520680307806153,0.023379422689871254
AAVEUSDT,1,2026-06-05 02:44:00+00:00,2026-06-05 02:45:00+00:00,2026-06-05 06:05:00+00:00,69.52,67.1,31398.768155798196,-1092.9950940309523,0.0,-1092.9950940309523,0.0,-1092.9950940309523,stop,-2.6646289447161164,0.0180132510340153
XRPUSDT,1,2026-06-05 02:29:00+00:00,2026-06-05 02:30:00+00:00,2026-06-05 06:20:00+00:00,1.1431,1.1047,31430.938743086634,-1055.855172543545,0.0,-1055.855172543545,0.0,-1055.855172543545,stop,-2.821980525909661,0.015287322843225981
BNBUSDT,1,2026-06-05 06:04:00+00:00,2026-06-05 06:05:00+00:00,2026-06-05 07:35:00+00:00,582.28,590.77,30582.571495321634,445.91267430666045,0.0,445.91267430666045,0.0,445.91267430666045,repair50,-4.448520080283447,0.02269125108688963
LTCUSDT,1,2026-06-05 06:19:00+00:00,2026-06-05 06:20:00+00:00,2026-06-05 09:15:00+00:00,43.47,44.49,30286.372671876645,710.6533270143639,0.0,710.6533270143639,0.09935741936909365,710.752684433733,repair50,-6.39038814803641,0.032253754265163415
BCHUSDT,1,2026-06-05 07:34:00+00:00,2026-06-05 07:35:00+00:00,2026-06-05 09:50:00+00:00,223.29,227.5,30586.319582874305,576.6868442111191,0.0,576.6868442111191,1.1453586309434025,577.8322028420625,repair50,-4.335803360754656,0.03559175417094029
ETHUSDT,1,2026-06-05 06:04:00+00:00,2026-06-05 06:05:00+00:00,2026-06-05 10:10:00+00:00,1675.61,1672.97,30582.571495321634,-48.18423663480335,0.0,-48.18423663480335,0.9585762911293084,-47.225660343674036,timeout,-5.936830417219047,0.02897783435141199
AAVEUSDT,-1,2026-06-05 09:14:00+00:00,2026-06-05 09:15:00+00:00,2026-06-05 10:10:00+00:00,68.79,67.67,30963.420323967468,504.1289542497979,0.0,504.1289542497979,0.0,504.1289542497979,repair50,2.823911787314682,0.02014505145160972
ADAUSDT,-1,2026-06-05 10:44:00+00:00,2026-06-05 10:45:00+00:00,2026-06-05 10:55:00+00:00,0.166,0.1642,31145.670270508712,337.7241354633475,0.0,337.7241354633475,0.0,337.7241354633475,repair50,2.932991734504418,0.020743460129237112
BCHUSDT,-1,2026-06-05 10:09:00+00:00,2026-06-05 10:10:00+00:00,2026-06-05 11:00:00+00:00,229.39,226.66,31141.65037890425,370.6208009695632,0.0,370.6208009695632,0.0,370.6208009695632,repair50,2.5450978944389613,0.021676707030334086
LTCUSDT,-1,2026-06-05 09:54:00+00:00,2026-06-05 09:55:00+00:00,2026-06-05 11:10:00+00:00,44.48,44.03,31068.487561980426,314.3169829786643,0.0,314.3169829786643,0.0,314.3169829786643,repair50,2.8058108853455215,0.015045337308940532
HBARUSDT,1,2026-06-05 11:44:00+00:00,2026-06-05 11:45:00+00:00,2026-06-05 12:20:00+00:00,0.08022,0.08112,31402.73744213229,352.311938393406,0.0,352.311938393406,0.0,352.311938393406,repair50,-2.04331259880464,0.01762969395298264
AVAXUSDT,1,2026-06-05 11:54:00+00:00,2026-06-05 11:55:00+00:00,2026-06-05 13:05:00+00:00,7.066,7.131,31408.063316790624,288.92217882697145,0.0,288.92217882697145,0.0,288.92217882697145,repair50,-2.370303464927901,0.015371258920935493
XRPUSDT,1,2026-06-05 12:34:00+00:00,2026-06-05 12:35:00+00:00,2026-06-05 13:05:00+00:00,1.1104,1.1251,31230.42221804158,413.443089521983,0.0,413.443089521983,0.0,413.443089521983,repair50,-2.903133784979807,0.016142256676654254
AAVEUSDT,1,2026-06-05 11:09:00+00:00,2026-06-05 11:10:00+00:00,2026-06-05 13:40:00+00:00,66.83,64.52,31433.780828855386,-1086.5185353083343,0.0,-1086.5185353083343,0.0,-1086.5185353083343,stop,-2.1845111797401615,0.0153523431046092
ADAUSDT,1,2026-06-05 13:49:00+00:00,2026-06-05 13:50:00+00:00,2026-06-05 14:10:00+00:00,0.1601,0.1617,31424.22843028559,314.0460055493897,0.0,314.0460055493897,0.0,314.0460055493897,repair50,-2.3136111782715982,0.01610230284833991
ETHUSDT,1,2026-06-05 13:49:00+00:00,2026-06-05 13:50:00+00:00,2026-06-05 15:15:00+00:00,1638.13,1583.32,31424.22843028559,-1051.4195822455824,0.0,-1051.4195822455824,0.0,-1051.4195822455824,stop,-3.118286780887584,0.01611558020954018
DOTUSDT,1,2026-06-05 13:54:00+00:00,2026-06-05 13:55:00+00:00,2026-06-05 16:05:00+00:00,0.975,0.944,31429.70906153122,-999.3035701615067,0.0,-999.3035701615067,3.4222665833335513,-995.8813035781732,stop,-2.1252335457374913,0.017173727878178613
LINKUSDT,1,2026-06-05 15:14:00+00:00,2026-06-05 15:15:00+00:00,2026-06-05 16:50:00+00:00,7.324,7.429,30989.555604183603,444.2795382904517,0.0,444.2795382904517,-2.2683006657211378,442.01123762473054,repair50,-3.438225430033759,0.02320044911893182
SOLUSDT,-1,2026-06-05 16:54:00+00:00,2026-06-05 16:55:00+00:00,2026-06-05 17:20:00+00:00,65.81,64.92,31193.490434937987,421.8539201807444,0.0,421.8539201807444,0.0,421.8539201807444,repair50,2.6436290685314976,0.016521021473952624
BTCUSDT,1,2026-06-05 14:14:00+00:00,2026-06-05 14:15:00+00:00,2026-06-05 18:20:00+00:00,60834.2,60427.7,31384.00785077221,-209.71097164652178,0.0,-209.71097164652178,0.26898428266858887,-209.4419873638532,timeout,-4.36961639196824,0.017426548624025373
AAVEUSDT,-1,2026-06-05 17:34:00+00:00,2026-06-05 17:35:00+00:00,2026-06-05 18:20:00+00:00,63.11,62.42,31292.7445487356,342.13268481425297,0.0,342.13268481425297,0.0,342.13268481425297,repair50,2.1818781240418965,0.016493046288132307
SOLUSDT,1,2026-06-05 18:44:00+00:00,2026-06-05 18:45:00+00:00,2026-06-05 19:15:00+00:00,63.8,61.86,31188.796358184387,-948.3740585404021,0.0,-948.3740585404021,0.0,-948.3740585404021,stop,-2.6007922531432643,0.015821135646441054
FILUSDT,1,2026-06-05 16:04:00+00:00,2026-06-05 16:05:00+00:00,2026-06-05 19:20:00+00:00,0.726,0.703,30702.27596265807,-972.6616351806289,0.0,-972.6616351806289,0.0,-972.6616351806289,stop,-5.868200229760666,0.06392915738121074
AAVEUSDT,1,2026-06-05 19:19:00+00:00,2026-06-05 19:20:00+00:00,2026-06-05 19:50:00+00:00,59.36,60.95,30423.569384083476,814.9170370736684,0.0,814.9170370736684,0.0,814.9170370736684,repair50,-6.257202781024817,0.0461311493227613
ETHUSDT,1,2026-06-05 18:29:00+00:00,2026-06-05 18:30:00+00:00,2026-06-05 20:10:00+00:00,1564.23,1585.68,31203.21872278005,427.88403342452,0.0,427.88403342452,0.0,427.88403342452,repair50,-2.9753672834498186,0.01602275666344455
DOTUSDT,1,2026-06-05 20:04:00+00:00,2026-06-05 20:05:00+00:00,2026-06-05 20:10:00+00:00,0.927,0.94,30830.84951026251,432.36358536505816,0.0,432.36358536505816,0.0,432.36358536505816,repair50,-2.361431102824564,0.019289985756586137
AVAXUSDT,1,2026-06-05 19:14:00+00:00,2026-06-05 19:15:00+00:00,2026-06-05 20:15:00+00:00,6.662,6.823,30604.406598922586,739.6141492684694,0.0,739.6141492684694,0.0,739.6141492684694,repair50,-6.513771608880768,0.042137474715981615
ETHUSDT,-1,2026-06-05 20:39:00+00:00,2026-06-05 20:40:00+00:00,2026-06-05 23:20:00+00:00,1598.38,1582.1,31313.738847620105,318.9402197470313,0.0,318.9402197470313,0.0,318.9402197470313,repair50,2.978313119464976,0.016480884711361776
NEARUSDT,-1,2026-06-05 20:14:00+00:00,2026-06-05 20:15:00+00:00,2026-06-05 23:30:00+00:00,2.001,1.956,31351.341656203254,705.0526609341055,0.0,705.0526609341055,0.0,705.0526609341055,repair50,2.072919317372261,0.032864232779378
BTCUSDT,-1,2026-06-05 20:39:00+00:00,2026-06-05 20:40:00+00:00,2026-06-05 23:35:00+00:00,61196.1,60537.6,31313.738847620105,336.95116242959693,0.0,336.95116242959693,0.0,336.95116242959693,repair50,3.921688539195296,0.016477680653571358
AVAXUSDT,1,2026-06-05 23:34:00+00:00,2026-06-05 23:35:00+00:00,2026-06-06 00:05:00+00:00,6.643,6.804,31547.268082815543,764.5807859902654,0.0,764.5807859902654,2.24085751325993,766.8216435035254,repair50,-4.858045049800045,0.03253639241684314
ADAUSDT,1,2026-06-05 23:19:00+00:00,2026-06-05 23:20:00+00:00,2026-06-06 00:30:00+00:00,0.1573,0.1595,31547.260197872256,441.2204223478628,0.0,441.2204223478628,3.777313537398088,444.99773588526085,repair50,-3.4500354511849682,0.024222989724286714
BCHUSDT,1,2026-06-05 23:29:00+00:00,2026-06-05 23:30:00+00:00,2026-06-06 00:55:00+00:00,210.23,214.36,31660.63347419392,621.9779110898626,0.0,621.9779110898626,5.303367717086416,627.281278806949,repair50,-4.0996050052078,0.03505923401994637
ADAUSDT,-1,2026-06-06 01:04:00+00:00,2026-06-06 01:05:00+00:00,2026-06-06 01:20:00+00:00,0.1623,0.1599,32316.691376267634,477.8808336601523,0.0,477.8808336601523,0.0,477.8808336601523,repair50,2.793654264438012,0.020231771433039114
AVAXUSDT,-1,2026-06-06 01:04:00+00:00,2026-06-06 01:05:00+00:00,2026-06-06 01:20:00+00:00,6.929,6.847,32316.691376267634,382.44605179014786,0.0,382.44605179014786,0.0,382.44605179014786,repair50,2.576983012360377,0.0177977511290488
SUIUSDT,-1,2026-06-06 00:54:00+00:00,2026-06-06 00:55:00+00:00,2026-06-06 01:25:00+00:00,0.7266,0.7184,32311.3550665952,364.6478276164068,0.0,364.6478276164068,0.0,364.6478276164068,repair50,2.0298206168643214,0.0225282536025726
ADAUSDT,1,2026-06-06 02:19:00+00:00,2026-06-06 02:20:00+00:00,2026-06-06 02:35:00+00:00,0.1559,0.1574,32484.04142687531,312.5469027601895,0.0,312.5469027601895,0.0,312.5469027601895,repair50,-2.502125470801729,0.0177810559249465
AAVEUSDT,1,2026-06-06 01:24:00+00:00,2026-06-06 01:25:00+00:00,2026-06-06 03:25:00+00:00,61.9,60.0,32678.847480515215,-1003.0664008558787,0.0,-1003.0664008558787,0.0,-1003.0664008558787,stop,-2.0370523396068623,0.015633216511109604
AVAXUSDT,1,2026-06-06 02:19:00+00:00,2026-06-06 02:20:00+00:00,2026-06-06 04:10:00+00:00,6.669,6.358,32484.04142687531,-1514.8503349465004,0.0,-1514.8503349465004,0.0,-1514.8503349465004,stop,-2.6810932338005613,0.018176087855511613
SUIUSDT,1,2026-06-06 02:59:00+00:00,2026-06-06 03:00:00+00:00,2026-06-06 04:30:00+00:00,0.6967,0.6735,32529.32958339548,-1083.2215391628747,0.0,-1083.2215391628747,0.0,-1083.2215391628747,stop,-2.1767664987018915,0.02318989773010749
SOLUSDT,1,2026-06-06 03:34:00+00:00,2026-06-06 03:35:00+00:00,2026-06-06 04:35:00+00:00,62.63,60.49,32253.88578459771,-1102.0807213641867,0.0,-1102.0807213641867,0.0,-1102.0807213641867,stop,-3.172153892230416,0.01981975640922684
LTCUSDT,1,2026-06-06 04:09:00+00:00,2026-06-06 04:10:00+00:00,2026-06-06 05:05:00+00:00,42.08,40.71,31681.01814247942,-1031.4399918060053,0.0,-1031.4399918060053,0.0,-1031.4399918060053,stop,-5.118271380377666,0.02771149911834825
XRPUSDT,1,2026-06-06 04:29:00+00:00,2026-06-06 04:30:00+00:00,2026-06-06 05:25:00+00:00,1.0616,1.0862,31298.020590467106,725.2555637956785,0.0,725.2555637956785,0.0,725.2555637956785,repair50,-4.894557261690238,0.027863127575241342
ETHUSDT,1,2026-06-06 04:34:00+00:00,2026-06-06 04:35:00+00:00,2026-06-06 05:25:00+00:00,1515.08,1555.76,31024.860852908732,833.019602592821,0.0,833.019602592821,0.0,833.019602592821,repair50,-6.064110630285247,0.03359540015450324
FILUSDT,1,2026-06-06 05:04:00+00:00,2026-06-06 05:05:00+00:00,2026-06-06 05:25:00+00:00,0.676,0.702,30953.801788926816,1190.5308380356425,0.0,1190.5308380356425,0.0,1190.5308380356425,repair50,-4.844460297521492,0.05174082329832308
ETHUSDT,-1,2026-06-06 06:04:00+00:00,2026-06-06 06:05:00+00:00,2026-06-06 07:05:00+00:00,1572.01,1557.55,31725.01776394895,291.8198719261986,0.0,291.8198719261986,0.0,291.8198719261986,repair50,2.830415429921226,0.016298938493776616
AVAXUSDT,-1,2026-06-06 05:59:00+00:00,2026-06-06 06:00:00+00:00,2026-06-06 09:30:00+00:00,6.578,6.808,31816.978220988323,-1112.4817559786138,0.0,-1112.4817559786138,-0.527074943792815,-1113.0088309224066,stop,2.740624395046301,0.01987683885588054
AAVEUSDT,-1,2026-06-06 05:49:00+00:00,2026-06-06 05:50:00+00:00,2026-06-06 09:55:00+00:00,60.69,61.31,31876.85565622988,-325.6492092084772,0.0,-325.6492092084772,-4.832513933386225,-330.4817231418634,timeout,2.5176707749107012,0.020020868632491196
BCHUSDT,-1,2026-06-06 07:04:00+00:00,2026-06-06 07:05:00+00:00,2026-06-06 11:10:00+00:00,221.77,217.53,32105.039954727465,613.8132723454257,0.0,613.8132723454257,-4.738044337584565,609.0752280078411,timeout,6.633867539082852,0.061725478304007764
BCHUSDT,1,2026-06-06 11:14:00+00:00,2026-06-06 11:15:00+00:00,2026-06-06 11:50:00+00:00,216.82,219.44,31653.463968697473,382.4927386679602,0.0,382.4927386679602,0.0,382.4927386679602,repair50,-2.493230982357116,0.023223207554505243
ADAUSDT,1,2026-06-06 10:04:00+00:00,2026-06-06 10:05:00+00:00,2026-06-06 12:50:00+00:00,0.1553,0.1576,31643.72012132103,468.6449213073956,0.0,468.6449213073956,0.0,468.6449213073956,repair50,-2.2519878605249364,0.016733081257460092
LINKUSDT,1,2026-06-06 10:09:00+00:00,2026-06-06 10:10:00+00:00,2026-06-06 12:50:00+00:00,7.282,7.381,31584.926702268684,429.40232676800144,0.0,429.40232676800144,0.0,429.40232676800144,repair50,-2.2120943113717377,0.015622911678667029
AAVEUSDT,-1,2026-06-06 12:49:00+00:00,2026-06-06 12:50:00+00:00,2026-06-06 13:35:00+00:00,61.92,60.98,32098.239016013817,487.27946826636287,0.0,487.27946826636287,0.0,487.27946826636287,repair50,2.0214510976359787,0.01637952884055527
AVAXUSDT,-1,2026-06-06 12:49:00+00:00,2026-06-06 12:50:00+00:00,2026-06-06 15:05:00+00:00,6.783,6.703,32098.239016013817,378.57277329811535,0.0,378.57277329811535,0.0,378.57277329811535,repair50,2.5783147495888175,0.019191276707172245
ADAUSDT,-1,2026-06-06 12:54:00+00:00,2026-06-06 12:55:00+00:00,2026-06-06 15:20:00+00:00,0.1592,0.1572,32030.560879019922,402.39398089221004,0.0,402.39398089221004,0.0,402.39398089221004,repair50,3.2280466344921104,0.0246205560911259
SUIUSDT,-1,2026-06-06 13:39:00+00:00,2026-06-06 13:40:00+00:00,2026-06-06 15:20:00+00:00,0.7194,0.7096,32312.585204798943,440.1770016778293,0.0,440.1770016778293,0.0,440.1770016778293,repair50,2.0383730703102696,0.022709492689561683
LTCUSDT,1,2026-06-06 15:19:00+00:00,2026-06-06 15:20:00+00:00,2026-06-06 15:45:00+00:00,42.03,42.39,32563.751278093907,278.9186404975945,0.0,278.9186404975945,0.0,278.9186404975945,repair50,-2.717566206565906,0.015890262565373847
AVAXUSDT,1,2026-06-06 15:14:00+00:00,2026-06-06 15:15:00+00:00,2026-06-06 16:05:00+00:00,6.641,6.703,32523.40176764306,303.63663749343135,0.0,303.63663749343135,0.19022471647651507,303.82686220990786,repair50,-2.395877727911652,0.017591294774453314
AAVEUSDT,1,2026-06-06 15:19:00+00:00,2026-06-06 15:20:00+00:00,2026-06-06 16:05:00+00:00,59.74,60.67,32563.751278093907,506.9348625481623,0.0,506.9348625481623,2.348343208806743,509.28320575696904,repair50,-3.1559832012808138,0.025103181791433116
XLMUSDT,-1,2026-06-06 15:54:00+00:00,2026-06-06 15:55:00+00:00,2026-06-06 19:20:00+00:00,0.20846,0.20516,32829.76106307212,519.7074331197244,0.0,519.7074331197244,-5.635877118551315,514.0715560011731,repair50,2.111714562023957,0.03193910661734822
BCHUSDT,1,2026-06-06 16:34:00+00:00,2026-06-06 16:35:00+00:00,2026-06-06 20:40:00+00:00,213.61,214.04,32724.54870768454,65.87498686533502,0.0,65.87498686533502,0.0,65.87498686533502,timeout,-2.0978768339606106,0.01962420273974541
LTCUSDT,1,2026-06-06 19:24:00+00:00,2026-06-06 19:25:00+00:00,2026-06-06 21:35:00+00:00,41.25,41.83,33122.46960314908,465.72199684427954,0.0,465.72199684427954,0.0,465.72199684427954,repair50,-3.2352140878871483,0.018951297969896252
XLMUSDT,-1,2026-06-06 21:34:00+00:00,2026-06-06 21:35:00+00:00,2026-06-07 01:00:00+00:00,0.21162,0.20815,33252.07515770676,545.2447821436667,0.0,545.2447821436667,-4.657441080634084,540.5873410630327,repair50,2.0378755927942693,0.031069629341017313
ADAUSDT,-1,2026-06-07 01:09:00+00:00,2026-06-07 01:10:00+00:00,2026-06-07 05:15:00+00:00,0.1605,0.1611,33414.25136002567,-124.91308919635915,0.0,-124.91308919635915,0.0,-124.91308919635915,timeout,2.998819679090178,0.0231166760446182
SUIUSDT,-1,2026-06-07 01:09:00+00:00,2026-06-07 01:10:00+00:00,2026-06-07 05:15:00+00:00,0.7382,0.7507,33414.25136002567,-565.806206990411,0.0,-565.806206990411,0.0,-565.806206990411,timeout,2.73093812738656,0.030602355816868432
SOLUSDT,-1,2026-06-07 01:14:00+00:00,2026-06-07 01:15:00+00:00,2026-06-07 05:20:00+00:00,63.09,64.34,33390.078426732325,-661.5564754068059,0.0,-661.5564754068059,0.0,-661.5564754068059,timeout,2.479823060036742,0.01649032628258662
NEARUSDT,-1,2026-06-07 06:39:00+00:00,2026-06-07 06:40:00+00:00,2026-06-07 07:55:00+00:00,1.941,1.907,33008.5686285476,578.2026447040782,0.0,578.2026447040782,0.0,578.2026447040782,repair50,2.0018752725630047,0.032527689997128295
AAVEUSDT,-1,2026-06-07 08:49:00+00:00,2026-06-07 08:50:00+00:00,2026-06-07 10:05:00+00:00,64.02,63.22,33182.029421958825,414.645790964809,0.0,414.645790964809,0.0,414.645790964809,repair50,2.094750903108149,0.017203415730118188
XRPUSDT,-1,2026-06-07 08:49:00+00:00,2026-06-07 08:50:00+00:00,2026-06-07 10:40:00+00:00,1.1459,1.1347,33182.029421958825,324.320385309307,0.0,324.320385309307,0.0,324.320385309307,repair50,2.5534437575843607,0.015641486115295367
ADAUSDT,-1,2026-06-07 08:49:00+00:00,2026-06-07 08:50:00+00:00,2026-06-07 12:15:00+00:00,0.1645,0.1617,33182.029421958825,564.8005007992999,0.0,564.8005007992999,0.0,564.8005007992999,repair50,2.296069103723417,0.01782192764458168
AVAXUSDT,1,2026-06-07 12:14:00+00:00,2026-06-07 12:15:00+00:00,2026-06-07 14:25:00+00:00,6.612,6.713,33573.15942508085,512.8386421556498,0.0,512.8386421556498,0.0,512.8386421556498,repair50,-2.6884105321970924,0.019900927964322412
AAVEUSDT,1,2026-06-07 12:14:00+00:00,2026-06-07 12:15:00+00:00,2026-06-07 14:25:00+00:00,62.11,63.05,33573.15942508085,508.11092995614047,0.0,508.11092995614047,0.0,508.11092995614047,repair50,-2.381089538687569,0.019237902614079982
XRPUSDT,1,2026-06-07 12:14:00+00:00,2026-06-07 12:15:00+00:00,2026-06-07 14:30:00+00:00,1.1226,1.1326,33573.15942508085,299.06609144023867,0.0,299.06609144023867,0.0,299.06609144023867,repair50,-2.7264491897126795,0.01659119924979857
NEARUSDT,-1,2026-06-07 14:29:00+00:00,2026-06-07 14:30:00+00:00,2026-06-07 15:25:00+00:00,1.968,2.034,33969.16412414645,-1139.2097724561283,0.0,-1139.2097724561283,0.0,-1139.2097724561283,stop,2.0617608759277144,0.03360996194371246
AAVEUSDT,1,2026-06-07 19:09:00+00:00,2026-06-07 19:10:00+00:00,2026-06-07 20:35:00+00:00,61.5,62.19,33627.40119240962,377.2830377684985,0.0,377.2830377684985,0.0,377.2830377684985,repair50,-2.622105381416699,0.021064926826039665
SOLUSDT,1,2026-06-07 19:09:00+00:00,2026-06-07 19:10:00+00:00,2026-06-07 21:15:00+00:00,64.11,64.81,33627.40119240962,367.16862946009684,0.0,367.16862946009684,0.0,367.16862946009684,repair50,-2.5639905085958956,0.016955857715311162
ADAUSDT,1,2026-06-07 19:09:00+00:00,2026-06-07 19:10:00+00:00,2026-06-07 22:10:00+00:00,0.1596,0.1613,33627.40119240962,358.18660417980124,0.0,358.18660417980124,0.0,358.18660417980124,repair50,-2.559328365024969,0.019318100652682912
SOLUSDT,-1,2026-06-07 22:14:00+00:00,2026-06-07 22:15:00+00:00,2026-06-07 23:00:00+00:00,67.31,65.77,33958.192673832134,776.9368105437795,0.0,776.9368105437795,0.0,776.9368105437795,repair50,6.788186265125294,0.04635338783259635
LTCUSDT,-1,2026-06-07 22:59:00+00:00,2026-06-07 23:00:00+00:00,2026-06-08 01:25:00+00:00,42.72,42.17,34502.06796116859,444.1979723465035,0.0,444.1979723465035,1.1647713883870143,445.3627437348905,repair50,3.495992866330179,0.021472618744492467
ETHUSDT,-1,2026-06-07 22:14:00+00:00,2026-06-07 22:15:00+00:00,2026-06-08 02:20:00+00:00,1702.54,1679.26,33958.192673832134,464.3337163572137,0.0,464.3337163572137,-2.7752300824521847,461.5584862747615,timeout,8.232923575067717,0.049809574814326574
BTCUSDT,-1,2026-06-07 22:14:00+00:00,2026-06-07 22:15:00+00:00,2026-06-08 02:20:00+00:00,63625.4,62941.1,33958.192673832134,365.2250712247537,0.0,365.2250712247537,1.1936587986715415,366.41873002342527,timeout,7.119699170530688,0.03234349026707717
AVAXUSDT,1,2026-06-08 01:24:00+00:00,2026-06-08 01:25:00+00:00,2026-06-08 05:30:00+00:00,6.664,6.596,34611.35124944108,-353.1770535657219,0.0,-353.1770535657219,0.0,-353.1770535657219,timeout,-2.4030913180005373,0.01786853399104782
SUIUSDT,1,2026-06-08 05:39:00+00:00,2026-06-08 05:40:00+00:00,2026-06-08 06:05:00+00:00,0.7313,0.7409,34403.95568928103,451.63130673745707,0.0,451.63130673745707,0.0,451.63130673745707,repair50,-2.0396918800805843,0.01969462169324898
ETHUSDT,1,2026-06-08 05:14:00+00:00,2026-06-08 05:15:00+00:00,2026-06-08 06:10:00+00:00,1648.02,1662.64,34336.14358696154,304.6045674454094,0.0,304.6045674454094,0.0,304.6045674454094,repair50,-2.5858775291663454,0.015540861586086585
BCHUSDT,1,2026-06-08 02:19:00+00:00,2026-06-08 02:20:00+00:00,2026-06-08 06:25:00+00:00,222.16,222.86,34609.11278838172,109.04923907034308,0.0,109.04923907034308,0.0,109.04923907034308,timeout,-2.4225707226794353,0.023322789360650575
BCHUSDT,1,2026-06-08 07:39:00+00:00,2026-06-08 07:40:00+00:00,2026-06-08 08:25:00+00:00,216.89,204.06,34520.99798533558,-2042.069270837085,0.0,-2042.069270837085,5.067171479633996,-2037.002099357451,stop,-2.211809513689195,0.02139719162691678
SUIUSDT,-1,2026-06-08 07:39:00+00:00,2026-06-08 07:40:00+00:00,2026-06-08 08:40:00+00:00,0.7605,0.7493,34520.99798533558,508.3960255565535,0.0,508.3960255565535,-0.07490218608601124,508.3211233704675,repair50,2.6356406542271698,0.026023150485675384
NEARUSDT,-1,2026-06-08 06:29:00+00:00,2026-06-08 06:30:00+00:00,2026-06-08 10:35:00+00:00,2.125,2.157,34726.90812291144,-522.9463811450203,0.0,-522.9463811450203,-2.847354471291324,-525.7937356163116,timeout,2.001818363265446,0.03308768770860815
AAVEUSDT,-1,2026-06-08 11:24:00+00:00,2026-06-08 11:25:00+00:00,2026-06-08 12:05:00+00:00,64.08,63.43,34085.99627434562,345.7537075269121,0.0,345.7537075269121,0.0,345.7537075269121,repair50,2.007408380542529,0.01649165992581625
AVAXUSDT,-1,2026-06-08 11:29:00+00:00,2026-06-08 11:30:00+00:00,2026-06-08 12:05:00+00:00,6.804,6.714,34054.321334095504,450.4539859007351,0.0,450.4539859007351,0.0,450.4539859007351,repair50,2.3179756659543473,0.01759757002566409
ADAUSDT,-1,2026-06-08 11:19:00+00:00,2026-06-08 11:20:00+00:00,2026-06-08 12:15:00+00:00,0.1666,0.1649,34110.56570943044,348.0669970350049,0.0,348.0669970350049,0.0,348.0669970350049,repair50,2.16595438722468,0.01688904977421979
XRPUSDT,-1,2026-06-08 15:14:00+00:00,2026-06-08 15:15:00+00:00,2026-06-08 15:35:00+00:00,1.1826,1.1699,34380.75804395895,369.2166642637257,0.0,369.2166642637257,0.0,369.2166642637257,repair50,2.8047112489600337,0.017185796803051767
BCHUSDT,-1,2026-06-08 15:14:00+00:00,2026-06-08 15:15:00+00:00,2026-06-08 15:40:00+00:00,212.42,209.52,34380.75804395895,469.37293252744576,0.0,469.37293252744576,0.0,469.37293252744576,repair50,2.4954917443560833,0.025839527391268158
ADAUSDT,-1,2026-06-08 15:09:00+00:00,2026-06-08 15:10:00+00:00,2026-06-08 16:55:00+00:00,0.1697,0.168,34453.848116569236,345.1475651041064,0.0,345.1475651041064,-2.630520240419202,342.51704486368715,repair50,2.314856848714368,0.018136182791403277
NEARUSDT,-1,2026-06-08 16:19:00+00:00,2026-06-08 16:20:00+00:00,2026-06-08 17:00:00+00:00,2.25,2.2,34595.00073061904,768.7777940137537,0.0,768.7777940137537,0.0,768.7777940137537,repair50,2.269067477724855,0.037864772295433946
ETHUSDT,-1,2026-06-08 21:09:00+00:00,2026-06-08 21:10:00+00:00,2026-06-08 22:05:00+00:00,1713.35,1697.34,35038.81344726982,327.4120309865426,0.0,327.4120309865426,0.0,327.4120309865426,repair50,2.741083726191967,0.016862643610131567
UNIUSDT,1,2026-06-08 23:34:00+00:00,2026-06-08 23:35:00+00:00,2026-06-09 03:40:00+00:00,2.519,2.485,35137.03705656579,-474.25933303820864,0.0,-474.25933303820864,-2.9596795323229133,-477.21901257053156,timeout,-2.2173047567735855,0.01812831216845978
SOLUSDT,1,2026-06-09 00:24:00+00:00,2026-06-09 00:25:00+00:00,2026-06-09 04:30:00+00:00,65.97,65.92,34964.57886457757,-26.50036294116694,0.0,-26.50036294116694,0.0,-26.50036294116694,timeout,-2.5057842650382725,0.016760334426861978
ADAUSDT,1,2026-06-09 00:24:00+00:00,2026-06-09 00:25:00+00:00,2026-06-09 04:30:00+00:00,0.168,0.1656,34964.57886457757,-499.4939837796816,0.0,-499.4939837796816,0.0,-499.4939837796816,timeout,-2.505445687404577,0.0194542176596727
LINKUSDT,-1,2026-06-09 04:39:00+00:00,2026-06-09 04:40:00+00:00,2026-06-09 07:30:00+00:00,7.978,7.906,34836.07304877837,314.3892278154964,0.0,314.3892278154964,0.0,314.3892278154964,repair50,2.1028523298588575,0.01564975720919959
SOLUSDT,-1,2026-06-09 04:39:00+00:00,2026-06-09 04:40:00+00:00,2026-06-09 08:45:00+00:00,67.06,66.66,34836.07304877837,207.79047449316445,0.0,207.79047449316445,-0.8175400286510331,206.97293446451343,timeout,2.599523291266437,0.017770987167566643
AVAXUSDT,-1,2026-06-09 04:39:00+00:00,2026-06-09 04:40:00+00:00,2026-06-09 08:45:00+00:00,6.755,6.724,34836.07304877837,159.86946920978886,0.0,159.86946920978886,1.5997392585813954,161.46920846837025,timeout,2.0813188149339665,0.015948298206222233
ADAUSDT,1,2026-06-09 09:39:00+00:00,2026-06-09 09:40:00+00:00,2026-06-09 10:05:00+00:00,0.1667,0.1681,35040.92246000289,294.28489168568655,0.0,294.28489168568655,0.0,294.28489168568655,repair50,-2.005817183644078,0.01579781261086488
AVAXUSDT,1,2026-06-09 14:19:00+00:00,2026-06-09 14:20:00+00:00,2026-06-09 18:20:00+00:00,6.592,6.664,35129.20792750859,383.6928050334655,0.0,383.6928050334655,5.243402188614293,388.9362072220798,repair50,-2.0769063831273145,0.015730595704863792
AAVEUSDT,1,2026-06-09 14:29:00+00:00,2026-06-09 14:30:00+00:00,2026-06-09 18:20:00+00:00,60.8,61.81,35078.04888683747,582.7110094688486,0.0,582.7110094688486,-0.0895718563220705,582.6214376125265,repair50,-2.832962542172899,0.023007266914508828
ETHUSDT,1,2026-06-09 14:29:00+00:00,2026-06-09 14:30:00+00:00,2026-06-09 18:35:00+00:00,1638.47,1650.5,35078.04888683747,257.5505978801289,0.0,257.5505978801289,1.815006962542768,259.3656048426717,timeout,-3.104920917227017,0.019013642047039037
LTCUSDT,-1,2026-06-09 18:19:00+00:00,2026-06-09 18:20:00+00:00,2026-06-09 22:25:00+00:00,43.19,43.09,35519.03756857678,82.239031184475,0.0,82.239031184475,0.0,82.239031184475,timeout,3.0885547807051172,0.01931156922022592
ADAUSDT,-1,2026-06-09 18:19:00+00:00,2026-06-09 18:20:00+00:00,2026-06-09 22:25:00+00:00,0.1668,0.1656,35519.03756857678,255.53264437825257,0.0,255.53264437825257,0.0,255.53264437825257,timeout,2.3214213872586718,0.0187530435702139
NEARUSDT,-1,2026-06-09 19:34:00+00:00,2026-06-09 19:35:00+00:00,2026-06-09 22:55:00+00:00,2.211,2.163,35364.63940003977,767.7533655368204,0.0,767.7533655368204,0.0,767.7533655368204,repair50,2.4419675348156415,0.04131932508070979
ADAUSDT,1,2026-06-10 02:49:00+00:00,2026-06-10 02:50:00+00:00,2026-06-10 06:55:00+00:00,0.1621,0.1607,35830.14241474164,-309.45218618530504,0.0,-309.45218618530504,0.0,-309.45218618530504,timeout,-2.2210138170026594,0.01775920739248571
NEARUSDT,1,2026-06-10 05:39:00+00:00,2026-06-10 05:40:00+00:00,2026-06-10 07:35:00+00:00,2.055,2.093,35724.04452233525,660.5906043059488,0.0,660.5906043059488,0.0,660.5906043059488,repair50,-2.074914508841119,0.03390116715068425
BCHUSDT,1,2026-06-10 09:19:00+00:00,2026-06-10 09:20:00+00:00,2026-06-10 09:40:00+00:00,194.79,197.03,35935.48394017784,413.2423842394303,0.0,413.2423842394303,0.0,413.2423842394303,repair50,-2.045374325059545,0.020985608982654003
AVAXUSDT,-1,2026-06-10 12:34:00+00:00,2026-06-10 12:35:00+00:00,2026-06-10 15:15:00+00:00,6.567,6.513,36059.45665544967,296.5144905427582,0.0,296.5144905427582,0.0,296.5144905427582,repair50,2.0720686557706185,0.016034810098817465
ADAUSDT,-1,2026-06-10 12:34:00+00:00,2026-06-10 12:35:00+00:00,2026-06-10 16:40:00+00:00,0.1625,0.1635,36059.45665544967,-221.90434864892185,0.0,-221.90434864892185,0.3718090389343762,-221.53253960998748,timeout,2.1991688110981475,0.017935271782248075
AAVEUSDT,-1,2026-06-10 12:49:00+00:00,2026-06-10 12:50:00+00:00,2026-06-10 16:55:00+00:00,62.01,62.57,36049.50491953973,-325.5559225115705,0.0,-325.5559225115705,-6.340632028821897,-331.8965545403924,timeout,2.098825490156749,0.017503094244261108
ADAUSDT,1,2026-06-10 16:49:00+00:00,2026-06-10 16:50:00+00:00,2026-06-10 17:05:00+00:00,0.1608,0.1625,36041.679960253416,381.0376612713346,0.0,381.0376612713346,0.0,381.0376612713346,repair50,-2.670686281402364,0.02143878900369256
SUIUSDT,1,2026-06-10 16:49:00+00:00,2026-06-10 16:50:00+00:00,2026-06-10 20:55:00+00:00,0.7379,0.7308,36041.679960253416,-346.78943992112636,0.0,-346.78943992112636,0.0,-346.78943992112636,timeout,-2.059054873127727,0.019748086018049005
LTCUSDT,1,2026-06-10 17:34:00+00:00,2026-06-10 17:35:00+00:00,2026-06-10 21:40:00+00:00,41.87,41.55,36123.06910761602,-276.07791054304,0.0,-276.07791054304,0.0,-276.07791054304,timeout,-2.529717091274882,0.015600739710047717
SOLUSDT,1,2026-06-10 17:39:00+00:00,2026-06-10 17:40:00+00:00,2026-06-10 21:45:00+00:00,63.78,63.04,36105.82780227843,-418.91364963446347,0.0,-418.91364963446347,0.0,-418.91364963446347,timeout,-2.474945901194234,0.016887944675984867
AAVEUSDT,1,2026-06-10 21:54:00+00:00,2026-06-10 21:55:00+00:00,2026-06-10 23:20:00+00:00,60.26,60.91,35772.33772290131,385.86159176710834,0.0,385.86159176710834,0.0,385.86159176710834,repair50,-2.412264875707744,0.019936948071780147
DOTUSDT,1,2026-06-10 21:09:00+00:00,2026-06-10 21:10:00+00:00,2026-06-10 23:30:00+00:00,0.907,0.916,35740.48561606193,354.6464945364452,0.0,354.6464945364452,0.0,354.6464945364452,repair50,-2.134648965074067,0.018060656037927947
AVAXUSDT,1,2026-06-10 21:54:00+00:00,2026-06-10 21:55:00+00:00,2026-06-10 23:45:00+00:00,6.326,6.387,35772.33772290131,344.94350317688463,0.0,344.94350317688463,0.0,344.94350317688463,repair50,-2.4657465091144397,0.018779598690088162
XRPUSDT,-1,2026-06-11 01:44:00+00:00,2026-06-11 01:45:00+00:00,2026-06-11 02:35:00+00:00,1.1166,1.1061,35871.15132180135,337.31603875955034,0.0,337.31603875955034,0.0,337.31603875955034,repair50,2.4791052427271616,0.01557954944278106
AAVEUSDT,-1,2026-06-11 00:19:00+00:00,2026-06-11 00:20:00+00:00,2026-06-11 04:25:00+00:00,61.91,63.27,36109.79474956332,-793.2372938040154,0.0,-793.2372938040154,0.0,-793.2372938040154,timeout,2.120376718591907,0.017899727493707163
SOLUSDT,-1,2026-06-11 01:14:00+00:00,2026-06-11 01:15:00+00:00,2026-06-11 05:20:00+00:00,64.11,65.09,36088.797291786155,-551.6615402581554,0.0,-551.6615402581554,0.0,-551.6615402581554,timeout,2.235193573468889,0.015635855009055843
ADAUSDT,-1,2026-06-11 03:59:00+00:00,2026-06-11 04:00:00+00:00,2026-06-11 06:50:00+00:00,0.1665,0.1646,35703.38701872044,407.4260380514656,0.0,407.4260380514656,0.0,407.4260380514656,repair50,2.7864098175559664,0.023051832889020796
UNIUSDT,-1,2026-06-11 04:24:00+00:00,2026-06-11 04:25:00+00:00,2026-06-11 08:30:00+00:00,2.48,2.532,35815.64171349573,-750.9731327023308,0.0,-750.9731327023308,0.18529857679281608,-750.787834125538,timeout,2.0114909235856158,0.01704827358386707
UNIUSDT,-1,2026-06-11 15:44:00+00:00,2026-06-11 15:45:00+00:00,2026-06-11 16:25:00+00:00,2.558,2.528,35704.511372150315,418.7393827851849,0.0,418.7393827851849,3.159362321184553,421.89874510636946,repair50,2.511063315884364,0.02129046785582367
TRXUSDT,1,2026-06-11 16:44:00+00:00,2026-06-11 16:45:00+00:00,2026-06-11 20:50:00+00:00,0.31564,0.31225,35831.08099568223,-384.8288067905231,0.0,-384.8288067905231,0.0,-384.8288067905231,timeout,-5.163734975913703,0.015230010494145518
ETHUSDT,-1,2026-06-11 17:34:00+00:00,2026-06-11 17:35:00+00:00,2026-06-11 21:40:00+00:00,1671.38,1679.33,35839.254350870695,-170.47115083907997,0.0,-170.47115083907997,0.0,-170.47115083907997,timeout,2.66964975177205,0.016835628678219416
XRPUSDT,-1,2026-06-11 17:34:00+00:00,2026-06-11 17:35:00+00:00,2026-06-11 21:40:00+00:00,1.1276,1.1402,35839.254350870695,-400.4741085677335,0.0,-400.4741085677335,0.0,-400.4741085677335,timeout,2.404305280879887,0.015027762370251274
XLMUSDT,-1,2026-06-12 03:19:00+00:00,2026-06-12 03:20:00+00:00,2026-06-12 04:05:00+00:00,0.1987,0.19479,35544.348775823026,699.4383679590721,0.0,699.4383679590721,0.0,699.4383679590721,repair50,2.204381719272725,0.03449168538229097
DOGEUSDT,1,2026-06-12 06:44:00+00:00,2026-06-12 06:45:00+00:00,2026-06-12 08:05:00+00:00,0.08529,0.0861,35739.98522192599,339.42300421807585,0.0,339.42300421807585,-0.46476005415995886,338.9582441639159,repair50,-2.37801548698078,0.015618144346997709
AVAXUSDT,1,2026-06-12 06:34:00+00:00,2026-06-12 06:35:00+00:00,2026-06-12 08:10:00+00:00,6.534,6.584,35754.18028621074,273.6010122911755,0.0,273.6010122911755,0.9884732006909629,274.58948549186647,repair50,-2.025009259918808,0.015468971712254809
ADAUSDT,1,2026-06-12 06:34:00+00:00,2026-06-12 06:35:00+00:00,2026-06-12 08:25:00+00:00,0.1683,0.1698,35754.18028621074,318.66470843325476,0.0,318.66470843325476,1.4809942324435335,320.1457026656983,repair50,-2.044442562165159,0.01668131016620067
AAVEUSDT,-1,2026-06-12 09:24:00+00:00,2026-06-12 09:25:00+00:00,2026-06-12 13:30:00+00:00,64.84,64.46,36034.288315907186,211.18182541710573,0.0,211.18182541710573,0.0,211.18182541710573,timeout,2.0054209241002305,0.01699198833506843
DOGEUSDT,-1,2026-06-12 14:19:00+00:00,2026-06-12 14:20:00+00:00,2026-06-12 14:40:00+00:00,0.08846,0.09114,36097.64286353232,-1093.62065198131,0.0,-1093.62065198131,0.0,-1093.62065198131,stop,2.6551718924555194,0.017723233156395457
XRPUSDT,-1,2026-06-12 15:14:00+00:00,2026-06-12 15:15:00+00:00,2026-06-12 15:35:00+00:00,1.1564,1.1431,35635.18370166916,409.8477544380858,0.0,409.8477544380858,0.0,409.8477544380858,repair50,2.844202089140786,0.017475696043303568
ADAUSDT,-1,2026-06-12 15:14:00+00:00,2026-06-12 15:15:00+00:00,2026-06-12 15:40:00+00:00,0.1741,0.1721,35635.18370166916,409.364545682588,0.0,409.364545682588,0.0,409.364545682588,repair50,2.5702360571843546,0.02136593383790686
SOLUSDT,-1,2026-06-12 14:59:00+00:00,2026-06-12 15:00:00+00:00,2026-06-12 15:50:00+00:00,67.88,67.37,35769.556667937926,268.745932537538,0.0,268.745932537538,0.0,268.745932537538,repair50,2.1347269449140724,0.015018976615614132
DOGEUSDT,1,2026-06-12 23:19:00+00:00,2026-06-12 23:20:00+00:00,2026-06-13 01:30:00+00:00,0.08565,0.08635,36095.94413773539,295.0047973895443,0.0,295.0047973895443,-2.1559557460239924,292.8488416435203,repair50,-2.3103735900265185,0.015392427986679835
ADAUSDT,-1,2026-06-13 01:49:00+00:00,2026-06-13 01:50:00+00:00,2026-06-13 03:15:00+00:00,0.1731,0.1712,36183.798790228444,397.16474697535887,0.0,397.16474697535887,0.0,397.16474697535887,repair50,2.2074429661834647,0.018358259219243056
DOTUSDT,-1,2026-06-13 07:49:00+00:00,2026-06-13 07:50:00+00:00,2026-06-13 10:55:00+00:00,0.988,0.978,36302.948214321055,367.4387471085142,0.0,367.4387471085142,-2.15889591552681,365.2798511929874,repair50,2.1124303905488135,0.01803344668342932
ADAUSDT,-1,2026-06-13 07:29:00+00:00,2026-06-13 07:30:00+00:00,2026-06-13 11:35:00+00:00,0.1735,0.1732,36302.948214321055,62.77166838210841,0.0,62.77166838210841,1.1190963927217668,63.890764774830174,timeout,2.199124653145135,0.01832116519520577
NEARUSDT,-1,2026-06-13 15:49:00+00:00,2026-06-13 15:50:00+00:00,2026-06-13 16:25:00+00:00,2.149,2.094,36431.6993991114,932.4073834114171,0.0,932.4073834114171,2.269989119001364,934.6773725304184,repair50,2.2013421980591974,0.03792296106655968
AAVEUSDT,1,2026-06-13 16:49:00+00:00,2026-06-13 16:50:00+00:00,2026-06-13 17:20:00+00:00,65.78,66.4,36712.10261087053,346.0246825591329,0.0,346.0246825591329,0.0,346.0246825591329,repair50,-2.015749231471748,0.016702117769046954
SOLUSDT,-1,2026-06-13 21:44:00+00:00,2026-06-13 21:45:00+00:00,2026-06-14 00:20:00+00:00,69.22,68.65,36815.91001563827,303.16481810045474,0.0,303.16481810045474,-4.446399035877367,298.71841906457735,repair50,2.185493736955927,0.015397473610260448
BCHUSDT,1,2026-06-14 05:49:00+00:00,2026-06-14 05:50:00+00:00,2026-06-14 09:55:00+00:00,203.06,204.33,36905.52554135764,230.8185631711078,0.0,230.8185631711078,3.034633262209639,233.85319643331744,timeout,-2.017128225444053,0.02122910580823878
AVAXUSDT,1,2026-06-14 18:24:00+00:00,2026-06-14 18:25:00+00:00,2026-06-14 19:35:00+00:00,6.397,6.457,36975.68150028764,346.80958105631333,0.0,346.80958105631333,0.0,346.80958105631333,repair50,-2.2764457363079735,0.017276412217074766
AVAXUSDT,-1,2026-06-14 21:19:00+00:00,2026-06-14 21:20:00+00:00,2026-06-14 23:50:00+00:00,6.571,6.78,37079.72437460453,-1179.3733669597234,0.0,-1179.3733669597234,0.0,-1179.3733669597234,stop,2.7928656109516665,0.02166315912729888
SOLUSDT,-1,2026-06-14 21:19:00+00:00,2026-06-14 21:20:00+00:00,2026-06-14 23:50:00+00:00,68.89,70.97,37079.72437460453,-1119.5503948204002,0.0,-1119.5503948204002,0.0,-1119.5503948204002,stop,2.763138286128326,0.019557697345648606
XRPUSDT,-1,2026-06-14 21:19:00+00:00,2026-06-14 21:20:00+00:00,2026-06-15 00:15:00+00:00,1.152,1.1876,37079.72437460453,-1145.86648240966,0.0,-1145.86648240966,-1.2067338477756502,-1147.0732162574357,stop,2.5834592554640583,0.015858678621123
SUIUSDT,-1,2026-06-14 23:49:00+00:00,2026-06-14 23:50:00+00:00,2026-06-15 01:35:00+00:00,0.7975,0.7864,36061.737186503684,501.92511946105446,0.0,501.92511946105446,1.199611661854539,503.124731122909,repair50,2.658390539537992,0.026170437059735985
ADAUSDT,-1,2026-06-14 23:49:00+00:00,2026-06-14 23:50:00+00:00,2026-06-15 03:55:00+00:00,0.1829,0.1814,36061.737186503684,295.74962154049035,0.0,295.74962154049035,3.6061737186503686,299.35579525914073,timeout,6.188381627624476,0.054290403442202706
HBARUSDT,-1,2026-06-15 00:14:00+00:00,2026-06-15 00:15:00+00:00,2026-06-15 04:20:00+00:00,0.08148,0.08113,35762.90891185208,153.62074274850494,0.0,153.62074274850494,0.0,153.62074274850494,timeout,2.135125583034488,0.019412894494195587
NEARUSDT,-1,2026-06-15 04:09:00+00:00,2026-06-15 04:10:00+00:00,2026-06-15 08:15:00+00:00,2.344,2.389,36339.339408050226,-697.6409016050591,0.0,-697.6409016050591,-0.7997603365315168,-698.4406619415906,timeout,2.0598152392608204,0.03574109926120883
AAVEUSDT,-1,2026-06-15 07:14:00+00:00,2026-06-15 07:15:00+00:00,2026-06-15 09:05:00+00:00,70.47,72.67,36137.41620948302,-1128.172494123208,0.0,-1128.172494123208,-3.1719300420366845,-1131.3444241652446,stop,2.1291206671885603,0.018183806981496575
LTCUSDT,-1,2026-06-15 10:34:00+00:00,2026-06-15 10:35:00+00:00,2026-06-15 11:05:00+00:00,46.0,45.5,35783.820136100374,388.9545666967449,0.0,388.9545666967449,0.0,388.9545666967449,repair50,3.300903536671689,0.020569679330489476
BCHUSDT,-1,2026-06-15 10:54:00+00:00,2026-06-15 10:55:00+00:00,2026-06-15 12:10:00+00:00,222.03,228.77,35856.16568550597,-1088.4590222956804,0.0,-1088.4590222956804,0.0,-1088.4590222956804,stop,3.3817019978518372,0.03647729465876215
XLMUSDT,-1,2026-06-15 12:09:00+00:00,2026-06-15 12:10:00+00:00,2026-06-15 13:20:00+00:00,0.20161,0.20787,35434.88753651302,-1100.2549277246724,0.0,-1100.2549277246724,0.0,-1100.2549277246724,stop,3.0161507240620034,0.048021570392338564
LINKUSDT,-1,2026-06-15 10:59:00+00:00,2026-06-15 11:00:00+00:00,2026-06-15 15:05:00+00:00,8.335,8.452,35857.264480843034,-503.33532624577975,0.0,-503.33532624577975,0.0,-503.33532624577975,timeout,2.075478226023165,0.015341459752094666
XRPUSDT,-1,2026-06-15 11:09:00+00:00,2026-06-15 11:10:00+00:00,2026-06-15 15:15:00+00:00,1.2104,1.2467,35868.058551189766,-1075.6861578058397,0.0,-1075.6861578058397,0.0,-1075.6861578058397,stop,3.5400238497351557,0.022201835904975598
AAVEUSDT,-1,2026-06-15 15:04:00+00:00,2026-06-15 15:05:00+00:00,2026-06-15 15:25:00+00:00,76.28,75.45,34765.28401252924,378.2798339066493,0.0,378.2798339066493,0.0,378.2798339066493,repair50,2.2837216812941272,0.019989840625476596
ETHUSDT,-1,2026-06-15 13:19:00+00:00,2026-06-15 13:20:00+00:00,2026-06-15 17:25:00+00:00,1810.18,1829.14,34760.204183373324,-364.08173293084394,0.0,-364.08173293084394,2.4320940367711046,-361.64963889407284,timeout,4.877488543099814,0.03155077149485086
XLMUSDT,1,2026-06-15 18:39:00+00:00,2026-06-15 18:40:00+00:00,2026-06-15 19:15:00+00:00,0.21948,0.22325,34699.701775701615,596.0355189283554,0.0,596.0355189283554,0.0,596.0355189283554,repair50,-2.0376090654105226,0.0322338623157421
SOLUSDT,-1,2026-06-15 15:49:00+00:00,2026-06-15 15:50:00+00:00,2026-06-15 19:55:00+00:00,74.94,75.12,34693.85189726121,-83.33191008149808,0.0,-83.33191008149808,-1.58146538874304,-84.91337547024112,timeout,2.37941082593442,0.01728143908909474
ADAUSDT,1,2026-06-15 20:44:00+00:00,2026-06-15 20:45:00+00:00,2026-06-15 22:30:00+00:00,0.1832,0.1777,35027.43139946603,-1051.587733062571,0.0,-1051.587733062571,0.0,-1051.587733062571,stop,-2.0894551059991806,0.018208571849062327
AAVEUSDT,1,2026-06-15 19:19:00+00:00,2026-06-15 19:20:00+00:00,2026-06-15 23:25:00+00:00,74.08,73.29,34996.56597066223,-373.20851939555814,0.0,-373.20851939555814,0.0,-373.20851939555814,timeout,-2.739319810541808,0.023532514979130892
SUIUSDT,1,2026-06-15 19:19:00+00:00,2026-06-15 19:20:00+00:00,2026-06-15 23:25:00+00:00,0.7966,0.7894,34996.56597066223,-316.3134257955924,0.0,-316.3134257955924,0.0,-316.3134257955924,timeout,-2.226911119008559,0.02140398676896127
UNIUSDT,-1,2026-06-15 23:44:00+00:00,2026-06-15 23:45:00+00:00,2026-06-16 00:35:00+00:00,2.813,2.902,34366.29258029503,-1087.3089369520974,0.0,-1087.3089369520974,-0.35789931835602407,-1087.6668362704534,stop,2.652857555851182,0.022359892735185127
XRPUSDT,1,2026-06-15 22:29:00+00:00,2026-06-15 22:30:00+00:00,2026-06-16 02:35:00+00:00,1.242,1.216,34401.75577991645,-720.1655799338381,0.0,-720.1655799338381,-2.6060918168624196,-722.7716717507005,timeout,-2.5440621282069515,0.016383471465378885
SOLUSDT,1,2026-06-16 02:29:00+00:00,2026-06-16 02:30:00+00:00,2026-06-16 03:30:00+00:00,72.78,73.45,33746.09789364215,310.6606978392433,0.0,310.6606978392433,0.0,310.6606978392433,repair50,-2.174307682917662,0.015649153491839374
AAVEUSDT,1,2026-06-16 02:34:00+00:00,2026-06-16 02:35:00+00:00,2026-06-16 03:30:00+00:00,72.34,73.37,33755.43208294474,480.62061163164697,0.0,480.62061163164697,0.0,480.62061163164697,repair50,-2.007314451074403,0.01734096985573219
UNIUSDT,1,2026-06-16 02:24:00+00:00,2026-06-16 02:25:00+00:00,2026-06-16 04:00:00+00:00,2.846,2.88,33907.91897691166,405.0840636735722,0.0,405.0840636735722,0.0,405.0840636735722,repair50,-2.139851351225069,0.018353225914990112
UNIUSDT,-1,2026-06-16 05:14:00+00:00,2026-06-16 05:15:00+00:00,2026-06-16 07:35:00+00:00,2.89,2.981,34221.95673348988,-1077.5771843417203,0.0,-1077.5771843417203,0.0,-1077.5771843417203,stop,2.0210849375606137,0.017905352289488086
AAVEUSDT,-1,2026-06-16 07:54:00+00:00,2026-06-16 07:55:00+00:00,2026-06-16 08:50:00+00:00,75.85,75.14,33898.68357818737,317.3113426567288,0.0,317.3113426567288,0.10996737421937822,317.4213100309482,repair50,2.0084666778128586,0.017733247289223097
LINKUSDT,-1,2026-06-16 08:54:00+00:00,2026-06-16 08:55:00+00:00,2026-06-16 09:40:00+00:00,8.425,8.346,33887.43476791579,317.75754856562315,0.0,317.75754856562315,0.0,317.75754856562315,repair50,2.5605150674231636,0.019060345649027033
ETHUSDT,-1,2026-06-16 08:54:00+00:00,2026-06-16 08:55:00+00:00,2026-06-16 09:50:00+00:00,1807.29,1787.57,33887.43476791579,369.75815371263076,0.0,369.75815371263076,0.0,369.75815371263076,repair50,3.004813943083171,0.01968545989110937
UNIUSDT,-1,2026-06-16 10:34:00+00:00,2026-06-16 10:35:00+00:00,2026-06-16 11:30:00+00:00,3.036,2.999,34194.3304241661,416.72932335116803,0.0,416.72932335116803,0.0,416.72932335116803,repair50,2.353389733828303,0.021141324523445304
AVAXUSDT,-1,2026-06-16 08:29:00+00:00,2026-06-16 08:30:00+00:00,2026-06-16 12:35:00+00:00,6.974,6.993,33906.761081312055,-92.37574713865192,0.0,-92.37574713865192,0.0,-92.37574713865192,timeout,2.0446548312185886,0.0163095657565675
XLMUSDT,-1,2026-06-16 12:19:00+00:00,2026-06-16 12:20:00+00:00,2026-06-16 12:45:00+00:00,0.23213,0.22696,34375.87187613183,765.6195132020946,0.0,765.6195132020946,0.0,765.6195132020946,repair50,2.433794233434412,0.0403639375711875
ETHUSDT,-1,2026-06-16 12:34:00+00:00,2026-06-16 12:35:00+00:00,2026-06-16 12:50:00+00:00,1834.06,1812.54,34532.75777226962,405.19118636208157,0.0,405.19118636208157,0.0,405.19118636208157,repair50,3.1785880405559133,0.02087981463168953
BCHUSDT,1,2026-06-16 11:24:00+00:00,2026-06-16 11:25:00+00:00,2026-06-16 15:30:00+00:00,218.58,216.15,34300.900926081085,-381.33035616423126,0.0,-381.33035616423126,0.0,-381.33035616423126,timeout,-2.591085908848697,0.027180111600586532
UNIUSDT,-1,2026-06-16 16:14:00+00:00,2026-06-16 16:15:00+00:00,2026-06-16 17:20:00+00:00,3.064,3.158,34456.39043011567,-1057.0824740309642,0.0,-1057.0824740309642,0.0,-1057.0824740309642,stop,2.052369934345513,0.018557455554003566
HBARUSDT,1,2026-06-16 13:54:00+00:00,2026-06-16 13:55:00+00:00,2026-06-16 18:00:00+00:00,0.08175,0.08146,34611.051707214196,-122.77926599500843,0.0,-122.77926599500843,-0.6565951482971041,-123.43586114330553,timeout,-2.138762054998576,0.01925891688299952
LINKUSDT,1,2026-06-16 14:19:00+00:00,2026-06-16 14:20:00+00:00,2026-06-16 18:05:00+00:00,8.171,8.304,34375.073410118464,559.5257329024332,0.0,559.5257329024332,-0.4563581111944535,559.0693747912387,repair50,-2.610497601823747,0.019049924236117066
FILUSDT,-1,2026-06-16 20:39:00+00:00,2026-06-16 20:40:00+00:00,2026-06-16 21:40:00+00:00,0.815,0.805,34267.75925781411,420.46330377685786,0.0,420.46330377685786,0.0,420.46330377685786,repair50,2.1551878276590446,0.02454937354150033
AAVEUSDT,-1,2026-06-16 18:04:00+00:00,2026-06-16 18:05:00+00:00,2026-06-16 22:10:00+00:00,75.88,76.5,34347.88016964896,-280.6495216813733,0.0,-280.6495216813733,0.0,-280.6495216813733,timeout,2.1529624236706004,0.01912665901794952
UNIUSDT,-1,2026-06-17 00:19:00+00:00,2026-06-17 00:20:00+00:00,2026-06-17 01:45:00+00:00,3.342,3.453,34392.739620547494,-1142.3082279714995,0.0,-1142.3082279714995,0.0,-1142.3082279714995,stop,2.128010438856882,0.01985754791311667
BCHUSDT,1,2026-06-16 23:59:00+00:00,2026-06-17 00:00:00+00:00,2026-06-17 02:30:00+00:00,213.87,217.2,34389.8243042776,535.4566556003375,0.0,535.4566556003375,4.893787065400429,540.3504426657379,repair50,-2.7951733881409506,0.029067140563064475
XLMUSDT,-1,2026-06-17 02:29:00+00:00,2026-06-17 02:30:00+00:00,2026-06-17 03:15:00+00:00,0.22926,0.22394,34209.23696868587,793.8285818433603,0.0,793.8285818433603,0.0,793.8285818433603,repair50,2.2419455994633095,0.037364435614018365
UNIUSDT,-1,2026-06-17 06:19:00+00:00,2026-06-17 06:20:00+00:00,2026-06-17 06:30:00+00:00,3.637,3.578,34447.38554323888,558.8110385073142,0.0,558.8110385073142,0.0,558.8110385073142,repair50,3.1490933362677134,0.030376353334646833
UNIUSDT,1,2026-06-17 08:39:00+00:00,2026-06-17 08:40:00+00:00,2026-06-17 09:20:00+00:00,3.524,3.568,34615.028854791075,432.196728039392,0.0,432.196728039392,0.0,432.196728039392,repair50,-2.224727025207579,0.020980806765573123
UNIUSDT,1,2026-06-17 11:04:00+00:00,2026-06-17 11:05:00+00:00,2026-06-17 12:05:00+00:00,3.321,3.219,34688.809387097564,-1065.4196198385914,0.0,-1065.4196198385914,0.0,-1065.4196198385914,stop,-7.9424953045218505,0.07307237022139379
LINKUSDT,1,2026-06-17 08:39:00+00:00,2026-06-17 08:40:00+00:00,2026-06-17 12:45:00+00:00,8.177,8.142,34615.028854791075,-148.16265255200037,0.0,-148.16265255200037,0.0,-148.16265255200037,timeout,-2.093461162572402,0.015396916904342639
UNIUSDT,1,2026-06-17 14:34:00+00:00,2026-06-17 14:35:00+00:00,2026-06-17 15:20:00+00:00,3.217,3.268,34380.61319148572,545.0454686868986,0.0,545.0454686868986,0.0,545.0454686868986,repair50,-2.3306678927538202,0.02333229986097074
DOTUSDT,-1,2026-06-17 15:54:00+00:00,2026-06-17 15:55:00+00:00,2026-06-17 17:10:00+00:00,1.033,1.024,34553.97380729844,301.05107866958457,0.0,301.05107866958457,2.2040611781773722,303.25513984776194,repair50,2.1100233615769515,0.018434001832731584
SOLUSDT,-1,2026-06-17 15:49:00+00:00,2026-06-17 15:50:00+00:00,2026-06-17 18:05:00+00:00,73.67,72.83,34544.12683209179,393.8790082660146,0.0,393.8790082660146,-1.2042802196827045,392.6747280463319,repair50,2.195489467721595,0.01625806232836391
AAVEUSDT,-1,2026-06-17 16:04:00+00:00,2026-06-17 16:05:00+00:00,2026-06-17 18:05:00+00:00,76.64,75.51,34463.30395023731,508.13587504916484,0.0,508.13587504916484,0.0,508.13587504916484,repair50,2.052807499051892,0.018359729268869973
BTCUSDT,1,2026-06-17 19:19:00+00:00,2026-06-17 19:20:00+00:00,2026-06-17 23:25:00+00:00,64735.4,64449.3,34905.34655497476,-154.26520341850508,0.0,-154.26520341850508,0.0,-154.26520341850508,timeout,-3.184266328092257,0.01514775499626242
AAVEUSDT,1,2026-06-17 19:19:00+00:00,2026-06-17 19:20:00+00:00,2026-06-17 23:25:00+00:00,74.81,73.86,34905.34655497476,-443.25730821048256,0.0,-443.25730821048256,0.0,-443.25730821048256,timeout,-2.5296127085700144,0.022285212161384904
SOLUSDT,1,2026-06-17 19:19:00+00:00,2026-06-17 19:20:00+00:00,2026-06-17 23:25:00+00:00,72.5,72.01,34905.34655497476,-235.911997406032,0.0,-235.911997406032,0.0,-235.911997406032,timeout,-2.136626279465542,0.015615649172468382
UNIUSDT,-1,2026-06-18 02:34:00+00:00,2026-06-18 02:35:00+00:00,2026-06-18 03:05:00+00:00,3.301,3.246,34667.543893955735,577.6173626681532,0.0,577.6173626681532,0.0,577.6173626681532,repair50,2.2223952381016887,0.02298364927902674
AAVEUSDT,-1,2026-06-18 02:39:00+00:00,2026-06-18 02:40:00+00:00,2026-06-18 03:25:00+00:00,75.59,74.55,34558.1468264007,475.46597035926817,0.0,475.46597035926817,0.0,475.46597035926817,repair50,2.1076521726170374,0.01912938785408347
XLMUSDT,-1,2026-06-18 01:14:00+00:00,2026-06-18 01:15:00+00:00,2026-06-18 03:40:00+00:00,0.23807,0.23307,34655.31620226426,727.8387911594127,0.0,727.8387911594127,0.0,727.8387911594127,repair50,2.5595314648008025,0.04312144101686899
UNIUSDT,1,2026-06-18 03:29:00+00:00,2026-06-18 03:30:00+00:00,2026-06-18 06:20:00+00:00,3.166,3.069,35111.422953349786,-1075.7447967387657,0.0,-1075.7447967387657,0.0,-1075.7447967387657,stop,-2.1557002603028863,0.021834311569665088
DOTUSDT,1,2026-06-18 03:44:00+00:00,2026-06-18 03:45:00+00:00,2026-06-18 07:50:00+00:00,0.984,0.984,35069.819192048366,0.0,0.0,0.0,0.0,0.0,timeout,-2.0741182714523947,0.017942227593852222
DOGEUSDT,1,2026-06-18 04:14:00+00:00,2026-06-18 04:15:00+00:00,2026-06-18 08:20:00+00:00,0.08462,0.08499,34949.59082853236,152.81669353057117,0.0,152.81669353057117,1.0773008581012602,153.89399438867244,timeout,-2.3325885777223676,0.01534895115840551
AAVEUSDT,-1,2026-06-18 07:29:00+00:00,2026-06-18 07:30:00+00:00,2026-06-18 10:15:00+00:00,74.71,74.0,34924.186010475605,331.8989702508016,0.0,331.8989702508016,-1.7742120327544617,330.12475821804713,repair50,2.022884354597975,0.018436867054732797
XLMUSDT,-1,2026-06-18 08:39:00+00:00,2026-06-18 08:40:00+00:00,2026-06-18 11:15:00+00:00,0.24211,0.23698,34897.07904503887,739.424292681218,0.0,739.424292681218,0.0,739.424292681218,repair50,2.0416958650362376,0.034652525649640165
XLMUSDT,-1,2026-06-18 13:29:00+00:00,2026-06-18 13:30:00+00:00,2026-06-18 13:40:00+00:00,0.24905,0.24452,35233.902314085055,640.8736297241745,0.0,640.8736297241745,0.0,640.8736297241745,repair50,2.114959627260015,0.03604237992931503
SUIUSDT,1,2026-06-18 13:44:00+00:00,2026-06-18 13:45:00+00:00,2026-06-18 14:20:00+00:00,0.7321,0.7408,35426.16440300231,420.991162827647,0.0,420.991162827647,0.0,420.991162827647,repair50,-2.1538554562414944,0.020560544007364068
AVAXUSDT,1,2026-06-18 15:19:00+00:00,2026-06-18 15:20:00+00:00,2026-06-18 19:25:00+00:00,6.395,6.318,35552.461751850606,-428.07498903713827,0.0,-428.07498903713827,2.9571666524789566,-425.1178223846593,timeout,-4.366350509200594,0.03467482368372099
SOLUSDT,1,2026-06-18 15:24:00+00:00,2026-06-18 15:25:00+00:00,2026-06-18 19:30:00+00:00,70.05,68.81,35479.07746801567,-628.037916635819,0.0,-628.037916635819,0.9253084379476514,-627.1126081978713,timeout,-2.0742757525166673,0.01536052395381804
DOGEUSDT,1,2026-06-18 15:29:00+00:00,2026-06-18 15:30:00+00:00,2026-06-18 19:35:00+00:00,0.08283,0.08251,35431.5651560591,-136.8839894958216,0.0,-136.8839894958216,-1.0600672577527546,-137.94405675357436,timeout,-2.435603948697731,0.016085714405142504
AAVEUSDT,-1,2026-06-18 19:54:00+00:00,2026-06-18 19:55:00+00:00,2026-06-19 00:00:00+00:00,73.34,74.82,35195.40940564977,-710.242785933476,0.0,-710.242785933476,0.0,-710.242785933476,timeout,2.0263077246708714,0.01862296028000121
ETHUSDT,-1,2026-06-18 20:04:00+00:00,2026-06-18 20:05:00+00:00,2026-06-19 00:10:00+00:00,1713.38,1709.31,35100.39043834246,83.37822846307171,0.0,83.37822846307171,2.295133221314427,85.67336168438614,timeout,2.394381927016256,0.01622284359276316
FILUSDT,-1,2026-06-18 20:04:00+00:00,2026-06-18 20:05:00+00:00,2026-06-19 00:10:00+00:00,0.79,0.798,35100.39043834246,-355.44699178068504,0.0,-355.44699178068504,3.550026830409573,-351.89696495027545,timeout,2.254884959930211,0.026109463949640865
UNIUSDT,-1,2026-06-18 23:59:00+00:00,2026-06-19 00:00:00+00:00,2026-06-19 00:40:00+00:00,3.205,3.126,34895.36908150618,860.1354625394677,0.0,860.1354625394677,-0.2914080359392191,859.8440545035285,repair50,3.9494377932761497,0.04297329803498995
AAVEUSDT,1,2026-06-19 03:19:00+00:00,2026-06-19 03:20:00+00:00,2026-06-19 07:25:00+00:00,72.86,72.68,35160.42270524103,-86.8635202709729,0.0,-86.8635202709729,0.0,-86.8635202709729,timeout,-3.1374319241202837,0.028492820061789992
AVAXUSDT,1,2026-06-19 03:19:00+00:00,2026-06-19 03:20:00+00:00,2026-06-19 07:25:00+00:00,6.141,6.022,35160.42270524103,-681.3369649769882,0.0,-681.3369649769882,0.0,-681.3369649769882,timeout,-2.8811313922638218,0.023600263486543094
NEARUSDT,1,2026-06-19 03:19:00+00:00,2026-06-19 03:20:00+00:00,2026-06-19 07:25:00+00:00,2.124,2.142,35160.42270524103,297.96968394271977,0.0,297.96968394271977,0.0,297.96968394271977,timeout,-2.588662417222208,0.04304085712999661
AVAXUSDT,-1,2026-06-19 13:49:00+00:00,2026-06-19 13:50:00+00:00,2026-06-19 14:25:00+00:00,6.18,6.122,35019.35346484945,328.66059886104466,0.0,328.66059886104466,0.0,328.66059886104466,repair50,2.2579172218441967,0.019097124658867592
FILUSDT,-1,2026-06-19 13:49:00+00:00,2026-06-19 13:50:00+00:00,2026-06-19 17:55:00+00:00,0.789,0.8,35019.35346484945,-488.2292625010726,0.0,-488.2292625010726,3.5755225924634586,-484.6537399086091,timeout,2.033661955539533,0.02363436189472523
AVAXUSDT,1,2026-06-19 17:59:00+00:00,2026-06-19 18:00:00+00:00,2026-06-19 18:45:00+00:00,5.987,5.786,34972.555522535185,-1174.1245465223951,0.0,-1174.1245465223951,0.0,-1174.1245465223951,stop,-2.418006146872936,0.02007757169750224
AVAXUSDT,-1,2026-06-19 22:19:00+00:00,2026-06-19 22:20:00+00:00,2026-06-19 23:10:00+00:00,5.969,5.907,34620.31815857847,359.6012273130967,0.0,359.6012273130967,0.0,359.6012273130967,repair50,2.089883082557247,0.018084029472745122
AAVEUSDT,-1,2026-06-20 00:24:00+00:00,2026-06-20 00:25:00+00:00,2026-06-20 02:10:00+00:00,74.45,73.61,34728.198526772394,391.82923791120044,0.0,391.82923791120044,0.0,391.82923791120044,repair50,2.365966582411474,0.02212056658645789
AAVEUSDT,-1,2026-06-20 05:14:00+00:00,2026-06-20 05:15:00+00:00,2026-06-20 07:05:00+00:00,75.21,74.26,34746.3272638965,438.89124984312167,0.0,438.89124984312167,0.0,438.89124984312167,repair50,2.5321155005671385,0.02379952304600974
SOLUSDT,-1,2026-06-20 05:09:00+00:00,2026-06-20 05:10:00+00:00,2026-06-20 09:15:00+00:00,71.5,71.32,34845.747298145754,87.72355963169944,0.0,87.72355963169944,-1.1635097274367694,86.56004990426267,timeout,2.777473817411705,0.021201864791309033
AVAXUSDT,-1,2026-06-20 07:29:00+00:00,2026-06-20 07:30:00+00:00,2026-06-20 11:35:00+00:00,6.208,6.16,34920.39435933809,270.0030491701389,0.0,270.0030491701389,-4.675468650512597,265.32758051962634,timeout,4.006791568791598,0.035061149362153765
AVAXUSDT,1,2026-06-20 13:29:00+00:00,2026-06-20 13:30:00+00:00,2026-06-20 13:40:00+00:00,6.046,6.115,35082.980962225854,400.3846652983117,0.0,400.3846652983117,0.0,400.3846652983117,repair50,-2.3080631913599894,0.019686705467490184
SUIUSDT,1,2026-06-20 14:14:00+00:00,2026-06-20 14:15:00+00:00,2026-06-20 14:50:00+00:00,0.7005,0.7138,35203.09636181535,668.3814155776503,0.0,668.3814155776503,0.0,668.3814155776503,repair50,-2.1912308526566666,0.02040873733811277
AAVEUSDT,1,2026-06-20 17:39:00+00:00,2026-06-20 17:40:00+00:00,2026-06-20 20:20:00+00:00,73.38,74.27,35403.610786488636,429.3978413733318,0.0,429.3978413733318,0.0,429.3978413733318,repair50,-2.586317405567971,0.0237048759744638
SOLUSDT,-1,2026-06-20 22:14:00+00:00,2026-06-20 22:15:00+00:00,2026-06-21 02:20:00+00:00,73.34,73.2,35532.430138900636,67.82847313125254,0.0,67.82847313125254,1.5734889894071933,69.40196212065973,timeout,2.510052999376631,0.018997542369509235
AAVEUSDT,-1,2026-06-20 22:29:00+00:00,2026-06-20 22:30:00+00:00,2026-06-21 02:35:00+00:00,76.06,75.78,35448.129036580365,130.4953474920134,0.0,130.4953474920134,3.1763083012868343,133.67165579330023,timeout,2.077891279402964,0.019491416251576466
FILUSDT,-1,2026-06-21 13:29:00+00:00,2026-06-21 13:30:00+00:00,2026-06-21 13:50:00+00:00,0.824,0.811,35741.65785854265,563.8853788362248,0.0,563.8853788362248,0.0,563.8853788362248,repair50,2.009162460045128,0.022963372948497263
NEARUSDT,1,2026-06-21 12:24:00+00:00,2026-06-21 12:25:00+00:00,2026-06-21 15:40:00+00:00,2.16,2.21,35593.35222427483,823.9201903767319,0.0,823.9201903767319,0.0,823.9201903767319,repair50,-2.577886115940391,0.04115505607206327
UNIUSDT,-1,2026-06-21 15:39:00+00:00,2026-06-21 15:40:00+00:00,2026-06-21 16:15:00+00:00,3.107,3.071,36009.69389503872,417.2349469653655,0.0,417.2349469653655,2.4126183142451683,419.64756527961066,repair50,2.148503992562205,0.02283013559308511
LTCUSDT,-1,2026-06-21 15:49:00+00:00,2026-06-21 15:50:00+00:00,2026-06-21 16:15:00+00:00,46.02,45.54,35936.677779319776,374.8284514140299,0.0,374.8284514140299,2.3254682372032476,377.1539196512332,repair50,2.664828484197045,0.016838172561674414
XRPUSDT,1,2026-06-21 21:09:00+00:00,2026-06-21 21:10:00+00:00,2026-06-21 21:35:00+00:00,1.1222,1.133,36248.73434051797,348.85611377436067,0.0,348.85611377436067,0.0,348.85611377436067,repair50,-2.724872438451162,0.018100597584964406
SUIUSDT,1,2026-06-21 21:09:00+00:00,2026-06-21 21:10:00+00:00,2026-06-21 21:40:00+00:00,0.6935,0.7024,36248.73434051797,465.1964464752843,0.0,465.1964464752843,0.0,465.1964464752843,repair50,-2.5134740805489826,0.02301499081760483
SOLUSDT,1,2026-06-21 21:09:00+00:00,2026-06-21 21:10:00+00:00,2026-06-22 00:40:00+00:00,72.57,73.37,36248.73434051797,399.60021320676026,0.0,399.60021320676026,-1.5692198474574994,398.0309933593028,repair50,-2.738407775623012,0.020476387704827292
AAVEUSDT,-1,2026-06-22 00:39:00+00:00,2026-06-22 00:40:00+00:00,2026-06-22 04:00:00+00:00,75.74,74.85,36612.35940660066,430.22180976860994,0.0,430.22180976860994,0.0,430.22180976860994,repair50,2.332075347478822,0.021992362316159086
AVAXUSDT,-1,2026-06-22 01:24:00+00:00,2026-06-22 01:25:00+00:00,2026-06-22 05:30:00+00:00,6.263,6.295,36580.45531733692,-186.9031726257022,0.0,-186.9031726257022,0.0,-186.9031726257022,timeout,2.1963568956027744,0.019023921908604136
FILUSDT,-1,2026-06-22 01:24:00+00:00,2026-06-22 01:25:00+00:00,2026-06-22 05:30:00+00:00,0.808,0.806,36580.45531733692,90.54568147855682,0.0,90.54568147855682,0.0,90.54568147855682,timeout,2.1274045046501993,0.024341808171157497
AAVEUSDT,1,2026-06-22 14:34:00+00:00,2026-06-22 14:35:00+00:00,2026-06-22 15:15:00+00:00,75.0,76.08,36698.88219090688,528.4639035490579,0.0,528.4639035490579,0.0,528.4639035490579,repair50,-2.1497054476535897,0.01997615658393026
SUIUSDT,-1,2026-06-22 11:34:00+00:00,2026-06-22 11:35:00+00:00,2026-06-22 15:40:00+00:00,0.7269,0.7266,36712.5187021871,15.151679200238863,0.0,15.151679200238863,0.0,15.151679200238863,timeout,2.2293262931936084,0.020874652921862857
SOLUSDT,1,2026-06-22 16:09:00+00:00,2026-06-22 16:10:00+00:00,2026-06-22 18:05:00+00:00,72.72,73.42,36875.60337701189,354.9631788216201,0.0,354.9631788216201,0.0,354.9631788216201,repair50,-2.0913350641258517,0.015797086665084392
SUIUSDT,1,2026-06-23 05:44:00+00:00,2026-06-23 05:45:00+00:00,2026-06-23 06:25:00+00:00,0.7059,0.6805,36982.09233065837,-1330.705688055988,0.0,-1330.705688055988,0.0,-1330.705688055988,stop,-2.4597310674066657,0.022799437245183518
AAVEUSDT,1,2026-06-23 05:49:00+00:00,2026-06-23 05:50:00+00:00,2026-06-23 06:25:00+00:00,73.85,71.61,36978.94893139525,-1121.6363656916087,0.0,-1121.6363656916087,0.0,-1121.6363656916087,stop,-2.036834102026798,0.018991407973383057
UNIUSDT,1,2026-06-23 06:19:00+00:00,2026-06-23 06:20:00+00:00,2026-06-23 08:25:00+00:00,2.907,2.813,36594.225975808135,-1183.3014247423332,0.0,-1183.3014247423332,-1.9034312999070802,-1185.2048560422402,stop,-2.1559703865603113,0.022591057726514374
DOGEUSDT,1,2026-06-23 06:24:00+00:00,2026-06-23 06:25:00+00:00,2026-06-23 10:30:00+00:00,0.07993,0.07911,36144.42437899779,-370.80480408830647,0.0,-370.80480408830647,2.830101012779445,-367.97470307552703,timeout,-3.363118104723271,0.021766207142557947
BTCUSDT,1,2026-06-23 06:24:00+00:00,2026-06-23 06:25:00+00:00,2026-06-23 10:30:00+00:00,62633.5,62332.8,36144.42437899779,-173.5274000457329,0.0,-173.5274000457329,-0.6002502972540639,-174.12765034298695,timeout,-3.341963806716105,0.01646585795891109
ETHUSDT,1,2026-06-23 08:24:00+00:00,2026-06-23 08:25:00+00:00,2026-06-23 12:30:00+00:00,1643.01,1657.66,35634.8649132481,317.7404708304164,0.0,317.7404708304164,0.0,317.7404708304164,timeout,-4.569850319143267,0.030209488639045712
SUIUSDT,-1,2026-06-23 10:59:00+00:00,2026-06-23 11:00:00+00:00,2026-06-23 15:05:00+00:00,0.7016,0.7049,35785.065504905244,-168.31630012283927,0.0,-168.31630012283927,0.0,-168.31630012283927,timeout,2.376284971787324,0.02289750316963368
FILUSDT,-1,2026-06-23 14:09:00+00:00,2026-06-23 14:10:00+00:00,2026-06-23 15:10:00+00:00,0.776,0.765,35691.92694921259,505.94226345533525,0.0,505.94226345533525,0.0,505.94226345533525,repair50,2.0548333075924425,0.023791354693778244
AVAXUSDT,-1,2026-06-23 14:14:00+00:00,2026-06-23 14:15:00+00:00,2026-06-23 15:10:00+00:00,6.375,6.312,35618.39856127006,351.99358578196234,0.0,351.99358578196234,0.0,351.99358578196234,repair50,2.2234030253890906,0.019488552962882766
LTCUSDT,1,2026-06-23 15:04:00+00:00,2026-06-23 15:05:00+00:00,2026-06-23 19:10:00+00:00,42.39,42.0,35948.78244320336,-330.73897506131755,0.0,-330.73897506131755,1.231752677360213,-329.50722238395736,timeout,-3.1920225978884615,0.020060554446916234
FILUSDT,-1,2026-06-23 20:19:00+00:00,2026-06-23 20:20:00+00:00,2026-06-23 23:10:00+00:00,0.797,0.784,35921.50885049144,585.9217252903234,0.0,585.9217252903234,0.0,585.9217252903234,repair50,2.8678703659584,0.03332242085391357
AVAXUSDT,-1,2026-06-23 20:09:00+00:00,2026-06-23 20:10:00+00:00,2026-06-24 00:15:00+00:00,6.439,6.532,35931.553390964145,-518.967924422991,0.0,-518.967924422991,1.4478602418973203,-517.5200641810937,timeout,2.3672923355454625,0.02076290353293153
AAVEUSDT,-1,2026-06-24 10:44:00+00:00,2026-06-24 10:45:00+00:00,2026-06-24 11:40:00+00:00,73.8,76.68,35944.76160308214,-1402.7224040227188,0.0,-1402.7224040227188,0.0,-1402.7224040227188,stop,2.7115528563334244,0.02613704504670311
ADAUSDT,1,2026-06-24 10:14:00+00:00,2026-06-24 10:15:00+00:00,2026-06-24 11:50:00+00:00,0.1475,0.1494,35952.07388929691,463.11146026891004,0.0,463.11146026891004,0.0,463.11146026891004,repair50,-2.174562794557879,0.019854693430388926
DOGEUSDT,1,2026-06-24 13:44:00+00:00,2026-06-24 13:45:00+00:00,2026-06-24 15:50:00+00:00,0.07719,0.07469,35670.19060617076,-1155.2723994743694,0.0,-1155.2723994743694,0.0,-1155.2723994743694,stop,-2.5039073091277104,0.016340686450242226
BTCUSDT,1,2026-06-24 13:44:00+00:00,2026-06-24 13:45:00+00:00,2026-06-24 17:20:00+00:00,61464.2,59562.2,35670.19060617076,-1103.8084369915623,0.0,-1103.8084369915623,-0.009441683137177479,-1103.8178786746994,stop,-3.3529648893305457,0.01658691419333458
SUIUSDT,1,2026-06-24 13:49:00+00:00,2026-06-24 13:50:00+00:00,2026-06-24 17:20:00+00:00,0.6816,0.6607,35639.99830758582,-1092.8344551475118,0.0,-1092.8344551475118,1.5385430419352624,-1091.2959121055765,stop,-2.3011254298501225,0.02173132213925455
LTCUSDT,1,2026-06-24 15:49:00+00:00,2026-06-24 15:50:00+00:00,2026-06-24 17:45:00+00:00,40.76,39.54,35024.68743588858,-1048.3346092194315,0.0,-1048.3346092194315,0.4860070655434657,-1047.8486021538881,stop,-3.2116999846372463,0.0205127850969703
FILUSDT,1,2026-06-24 17:19:00+00:00,2026-06-24 17:20:00+00:00,2026-06-24 20:05:00+00:00,0.711,0.728,34528.59333575019,825.5781810235657,0.0,825.5781810235657,0.0,825.5781810235657,repair50,-4.151614448965261,0.04608546297370053
SOLUSDT,1,2026-06-24 17:44:00+00:00,2026-06-24 17:45:00+00:00,2026-06-24 20:05:00+00:00,65.25,66.7,34159.259932836496,759.0946651741492,0.0,759.0946651741492,0.0,759.0946651741492,repair50,-4.213153509737001,0.0323026872553378
ETHUSDT,1,2026-06-24 17:19:00+00:00,2026-06-24 17:20:00+00:00,2026-06-24 20:10:00+00:00,1577.82,1607.6,34528.59333575019,651.6976014619127,0.0,651.6976014619127,0.0,651.6976014619127,repair50,-4.634204743074032,0.03099887946702007
DOTUSDT,-1,2026-06-24 20:04:00+00:00,2026-06-24 20:05:00+00:00,2026-06-25 00:10:00+00:00,0.872,0.888,34948.69281699484,-641.2604186604597,0.0,-641.2604186604597,3.5587685578499806,-637.7016501026097,timeout,2.045589834081156,0.017567216210855552
BTCUSDT,-1,2026-06-24 20:09:00+00:00,2026-06-24 20:10:00+00:00,2026-06-25 00:15:00+00:00,60678.7,61067.3,34925.44223994703,-223.67036298476557,0.0,-223.67036298476557,-0.5000400052497272,-224.1704029900153,timeout,3.355527609831395,0.01732799873716573
SOLUSDT,-1,2026-06-24 20:09:00+00:00,2026-06-24 20:10:00+00:00,2026-06-25 00:15:00+00:00,67.23,68.15,34925.44223994703,-477.9325726721915,0.0,-477.9325726721915,-4.191789604447484,-482.124362276639,timeout,2.766305987719544,0.021937915315592527
AAVEUSDT,-1,2026-06-25 02:04:00+00:00,2026-06-25 02:05:00+00:00,2026-06-25 05:00:00+00:00,81.5,83.98,34618.432378135316,-1053.419782794791,0.0,-1053.419782794791,0.0,-1053.419782794791,stop,2.2330758188606534,0.022578320588041656
AVAXUSDT,-1,2026-06-25 05:09:00+00:00,2026-06-25 05:10:00+00:00,2026-06-25 08:35:00+00:00,6.565,6.485,34302.40644329688,418.00342962128786,0.0,418.00342962128786,1.5537716253361715,419.55720124662406,repair50,2.6102183357707696,0.02360828985149732
SOLUSDT,-1,2026-06-25 05:09:00+00:00,2026-06-25 05:10:00+00:00,2026-06-25 09:15:00+00:00,69.09,69.1,34302.40644329688,-4.964887312672996,0.0,-4.964887312672996,-1.3879282980315344,-6.35281561070453,timeout,2.4945138149128963,0.019831533289437653
ETHUSDT,-1,2026-06-25 05:09:00+00:00,2026-06-25 05:10:00+00:00,2026-06-25 09:15:00+00:00,1645.77,1652.85,34302.40644329688,-147.56681530137575,0.0,-147.56681530137575,1.4783998479697982,-146.08841545340596,timeout,2.2776080040568827,0.01588812157124253
LTCUSDT,1,2026-06-25 12:29:00+00:00,2026-06-25 12:30:00+00:00,2026-06-25 12:35:00+00:00,40.89,41.26,34382.54123435163,311.11617159965544,0.0,311.11617159965544,0.0,311.11617159965544,repair50,-2.306236183183561,0.01517523190720882
AAVEUSDT,-1,2026-06-25 13:04:00+00:00,2026-06-25 13:05:00+00:00,2026-06-25 13:40:00+00:00,83.67,81.51,34475.87608583153,890.0190312584668,0.0,890.0190312584668,0.0,890.0190312584668,repair50,2.041670722677565,0.02087010157528768
BTCUSDT,1,2026-06-25 13:44:00+00:00,2026-06-25 13:45:00+00:00,2026-06-25 14:00:00+00:00,60054.2,58248.4,34742.88179520906,-1044.701218995314,0.0,-1044.701218995314,0.0,-1044.701218995314,stop,-3.709565749619983,0.018989475665956213
ETHUSDT,1,2026-06-25 13:44:00+00:00,2026-06-25 13:45:00+00:00,2026-06-25 14:00:00+00:00,1591.82,1537.0,34742.88179520906,-1196.4950685462923,0.0,-1196.4950685462923,0.0,-1196.4950685462923,stop,-3.601691337653621,0.024762726539270252
SOLUSDT,1,2026-06-25 13:44:00+00:00,2026-06-25 13:45:00+00:00,2026-06-25 14:00:00+00:00,66.49,64.19,34742.88179520906,-1201.8142296432652,0.0,-1201.8142296432652,0.0,-1201.8142296432652,stop,-3.1302505664556146,0.024511156783605936
DOGEUSDT,1,2026-06-25 13:59:00+00:00,2026-06-25 14:00:00+00:00,2026-06-25 14:35:00+00:00,0.0717,0.07403,33709.9786400536,1095.4567675219644,0.0,1095.4567675219644,0.0,1095.4567675219644,repair50,-8.021899888537202,0.05304371739991742
XRPUSDT,1,2026-06-25 13:59:00+00:00,2026-06-25 14:00:00+00:00,2026-06-25 14:35:00+00:00,1.0146,1.0428,33709.9786400536,936.942043809884,0.0,936.942043809884,0.0,936.942043809884,repair50,-7.571049949450726,0.05037186396739124
DOTUSDT,1,2026-06-25 13:59:00+00:00,2026-06-25 14:00:00+00:00,2026-06-25 14:35:00+00:00,0.823,0.854,33709.9786400536,1269.7561820676328,0.0,1269.7561820676328,0.0,1269.7561820676328,repair50,-7.136798169504803,0.058797463631800606
LTCUSDT,1,2026-06-25 14:44:00+00:00,2026-06-25 14:45:00+00:00,2026-06-25 16:10:00+00:00,40.22,40.71,34547.04475966673,420.8864229795286,0.0,420.8864229795286,-1.0871248927418773,419.79929808678673,repair50,-2.603229520559293,0.017284157843622916
AAVEUSDT,-1,2026-06-25 17:19:00+00:00,2026-06-25 17:20:00+00:00,2026-06-25 17:35:00+00:00,84.35,82.23,34928.77588835092,877.8779476384552,0.0,877.8779476384552,0.0,877.8779476384552,repair50,3.6270675795965075,0.037601670162991985
AVAXUSDT,1,2026-06-25 14:34:00+00:00,2026-06-25 14:35:00+00:00,2026-06-25 18:00:00+00:00,6.175,6.254,34700.62513807345,443.94322038992567,0.0,443.94322038992567,3.7890492045401527,447.73226959446583,repair50,-2.1516309748497906,0.0194168218314148
DOGEUSDT,-1,2026-06-25 17:34:00+00:00,2026-06-25 17:35:00+00:00,2026-06-25 18:25:00+00:00,0.07471,0.07394,35207.77525278111,362.869588336785,0.0,362.869588336785,0.0,362.869588336785,repair50,2.448805555186203,0.017101089629179
LINKUSDT,1,2026-06-25 14:39:00+00:00,2026-06-25 14:40:00+00:00,2026-06-25 18:45:00+00:00,7.204,7.185,34611.27454055193,-91.28459415192755,0.0,-91.28459415192755,1.8884938100786728,-89.39610034184888,timeout,-2.6455872125864426,0.020150104852722506
AAVEUSDT,1,2026-06-25 18:59:00+00:00,2026-06-25 19:00:00+00:00,2026-06-25 20:25:00+00:00,80.56,82.27,35306.29003906784,749.4259678103991,0.0,749.4259678103991,0.0,749.4259678103991,repair50,-2.215608638773933,0.02238604644483655
SOLUSDT,-1,2026-06-25 23:29:00+00:00,2026-06-25 23:30:00+00:00,2026-06-26 01:05:00+00:00,68.31,67.5,35504.06729226288,420.99684536280245,0.0,420.99684536280245,1.0946971232765181,422.091542486079,repair50,2.6524255366295093,0.021579114956152612
DOGEUSDT,-1,2026-06-25 21:59:00+00:00,2026-06-25 22:00:00+00:00,2026-06-26 01:25:00+00:00,0.07487,0.07418,35531.117829410956,327.45387073986865,0.0,327.45387073986865,1.4034791542617326,328.8573498941304,repair50,2.246908667469771,0.01572056698620905
DOGEUSDT,1,2026-06-26 02:14:00+00:00,2026-06-26 02:15:00+00:00,2026-06-26 03:40:00+00:00,0.07254,0.07371,35548.61710731122,573.3647920534063,0.0,573.3647920534063,0.0,573.3647920534063,repair50,-4.011109045449654,0.027575545414984748
ETHUSDT,1,2026-06-26 02:14:00+00:00,2026-06-26 02:15:00+00:00,2026-06-26 03:50:00+00:00,1521.48,1550.5,35548.61710731122,678.0377451259116,0.0,678.0377451259116,0.0,678.0377451259116,repair50,-4.041937271174094,0.02846744835389592
DOTUSDT,1,2026-06-26 01:29:00+00:00,2026-06-26 01:30:00+00:00,2026-06-26 05:35:00+00:00,0.826,0.834,35756.402497125026,346.3089830230063,0.0,346.3089830230063,0.0,346.3089830230063,timeout,-2.5336493505848994,0.021528092451036596
SOLUSDT,-1,2026-06-26 03:54:00+00:00,2026-06-26 03:55:00+00:00,2026-06-26 07:05:00+00:00,68.1,70.3,36183.769605732276,-1168.9323514333491,0.0,-1168.9323514333491,0.0,-1168.9323514333491,stop,2.0469228471243417,0.016697433553923613
BTCUSDT,-1,2026-06-26 03:59:00+00:00,2026-06-26 04:00:00+00:00,2026-06-26 08:05:00+00:00,60015.0,60344.5,36198.58478883168,-198.74087624627268,0.0,-198.74087624627268,2.154504485023358,-196.58637176124932,timeout,2.7947797915094554,0.015064353278071652
AVAXUSDT,-1,2026-06-26 08:04:00+00:00,2026-06-26 08:05:00+00:00,2026-06-26 08:35:00+00:00,6.306,6.237,35731.704383568474,390.97488145674487,0.0,390.97488145674487,0.0,390.97488145674487,repair50,2.0482698703903064,0.019245859699906998
AAVEUSDT,-1,2026-06-26 07:04:00+00:00,2026-06-26 07:05:00+00:00,2026-06-26 09:15:00+00:00,86.32,85.08,35790.802791858034,514.140355212044,0.0,514.140355212044,0.3714224559329203,514.511777667977,repair50,2.584559892590775,0.0270648071343238
BCHUSDT,-1,2026-06-26 05:34:00+00:00,2026-06-26 05:35:00+00:00,2026-06-26 09:40:00+00:00,193.93,195.21,36185.4153510269,-238.83530990209974,0.0,-238.83530990209974,0.0328674704442463,-238.8024424316555,timeout,2.087313173030673,0.022563041644296344
AAVEUSDT,1,2026-06-26 10:14:00+00:00,2026-06-26 10:15:00+00:00,2026-06-26 10:35:00+00:00,83.6,84.78,36035.68109917154,508.6376040313735,0.0,508.6376040313735,0.0,508.6376040313735,repair50,-2.557838047999912,0.026234956224562844
AAVEUSDT,-1,2026-06-26 12:09:00+00:00,2026-06-26 12:10:00+00:00,2026-06-26 12:50:00+00:00,87.08,86.07,36223.52920614728,420.1396933648267,0.0,420.1396933648267,0.0,420.1396933648267,repair50,2.191478855586939,0.023071316017904575
SUIUSDT,1,2026-06-26 09:59:00+00:00,2026-06-26 10:00:00+00:00,2026-06-26 13:55:00+00:00,0.6744,0.6852,36026.06560123526,576.9298761763656,0.0,576.9298761763656,0.0,576.9298761763656,repair50,-2.5180545074901413,0.024159655043995643
LTCUSDT,1,2026-06-26 12:44:00+00:00,2026-06-26 12:45:00+00:00,2026-06-26 13:55:00+00:00,40.44,40.9,36250.15746392042,412.341059184063,0.0,412.341059184063,0.0,412.341059184063,repair50,-2.465554025871001,0.016642407484156685
SOLUSDT,-1,2026-06-26 13:54:00+00:00,2026-06-26 13:55:00+00:00,2026-06-26 16:05:00+00:00,70.32,72.72,36601.48007106225,-1249.1972720499084,0.0,-1249.1972720499084,2.2858011555532713,-1246.911470894355,stop,2.580515201170529,0.021473570470510017
DOTUSDT,-1,2026-06-26 13:59:00+00:00,2026-06-26 14:00:00+00:00,2026-06-26 18:05:00+00:00,0.85,0.861,36543.70469722994,-472.91853137591687,0.0,-472.91853137591687,2.7114986179901504,-470.2070327579267,timeout,2.7498905340196984,0.024177130301414884
ETHUSDT,-1,2026-06-26 13:59:00+00:00,2026-06-26 14:00:00+00:00,2026-06-26 18:05:00+00:00,1568.81,1582.94,36543.70469722994,-329.1428199538907,0.0,-329.1428199538907,0.19205798011971745,-328.95076197377097,timeout,2.291762900313014,0.016733782901469096
HBARUSDT,1,2026-06-26 19:04:00+00:00,2026-06-26 19:05:00+00:00,2026-06-26 19:10:00+00:00,0.07167,0.07236,36096.67356571483,347.5192515744786,0.0,347.5192515744786,0.0,347.5192515744786,repair50,-2.169217929557799,0.018630457070686446
AVAXUSDT,-1,2026-06-26 16:04:00+00:00,2026-06-26 16:05:00+00:00,2026-06-26 20:10:00+00:00,6.443,6.4,36019.434337187464,240.3904511095802,0.0,240.3904511095802,0.0,240.3904511095802,timeout,3.7464996463231643,0.03570058741977422
AAVEUSDT,1,2026-06-26 20:39:00+00:00,2026-06-26 20:40:00+00:00,2026-06-26 22:45:00+00:00,93.67,95.42,36164.03220217965,675.6384792763388,0.0,675.6384792763388,0.0,675.6384792763388,repair50,-2.0207480616639777,0.02168270325433186
AAVEUSDT,-1,2026-06-26 22:49:00+00:00,2026-06-26 22:50:00+00:00,2026-06-26 23:30:00+00:00,96.02,94.68,36324.8650465779,506.92896440755914,0.0,506.92896440755914,0.0,506.92896440755914,repair50,2.0536135411915937,0.022610308084936026
AVAXUSDT,-1,2026-06-26 22:39:00+00:00,2026-06-26 22:40:00+00:00,2026-06-27 02:45:00+00:00,6.5,6.639,36277.53946669808,-775.7812285955417,0.0,-775.7812285955417,3.6997509096114083,-772.0814776859303,timeout,2.077537620569062,0.019770507041265706
AAVEUSDT,-1,2026-06-27 02:14:00+00:00,2026-06-27 02:15:00+00:00,2026-06-27 03:10:00+00:00,97.13,95.61,36402.70800228068,569.6707110415567,0.0,569.6707110415567,0.0,569.6707110415567,repair50,2.0556121976744084,0.022671222780705547
AAVEUSDT,1,2026-06-27 03:39:00+00:00,2026-06-27 03:40:00+00:00,2026-06-27 04:25:00+00:00,93.07,94.25,36521.43028155438,463.04166468501546,0.0,463.04166468501546,0.0,463.04166468501546,repair50,-2.229864656834875,0.024069764058618937
XRPUSDT,-1,2026-06-27 02:24:00+00:00,2026-06-27 02:25:00+00:00,2026-06-27 05:05:00+00:00,1.066,1.0565,36307.65983667526,323.5673249985162,0.0,323.5673249985162,0.0,323.5673249985162,repair50,2.287814696435612,0.01603008507460779
UNIUSDT,-1,2026-06-27 15:34:00+00:00,2026-06-27 15:35:00+00:00,2026-06-27 18:25:00+00:00,3.015,2.976,36688.258940377564,474.57449375613123,0.0,474.57449375613123,1.7538050090251884,476.32829876515643,repair50,2.2243365825796637,0.02465073782611027
NEARUSDT,-1,2026-06-27 15:14:00+00:00,2026-06-27 15:15:00+00:00,2026-06-27 19:20:00+00:00,1.897,1.872,36694.06190219657,483.5801515840336,0.0,483.5801515840336,-0.7425864545006864,482.83756512953295,timeout,2.0737016764696588,0.0316687819155832
SUIUSDT,1,2026-06-27 19:34:00+00:00,2026-06-27 19:35:00+00:00,2026-06-27 23:40:00+00:00,0.6876,0.6866,36981.81166136497,-53.783902939739114,0.0,-53.783902939739114,0.0,-53.783902939739114,timeout,-2.298820142627362,0.022038080423528728
NEARUSDT,-1,2026-06-28 00:09:00+00:00,2026-06-28 00:10:00+00:00,2026-06-28 01:00:00+00:00,1.939,1.902,37049.23238564593,706.9734905976832,0.0,706.9734905976832,0.0,706.9734905976832,repair50,2.2436051177138734,0.034331048866071745
DOTUSDT,1,2026-06-27 22:19:00+00:00,2026-06-27 22:20:00+00:00,2026-06-28 02:25:00+00:00,0.811,0.808,36878.546567720674,-136.41879124927476,0.0,-136.41879124927476,5.682068044403748,-130.73672320487103,timeout,-2.220593859971909,0.01901265955573872
SOLUSDT,-1,2026-06-28 08:39:00+00:00,2026-06-28 08:40:00+00:00,2026-06-28 10:25:00+00:00,71.92,71.27,37239.22358043086,336.56139220356215,0.0,336.56139220356215,0.0,336.56139220356215,repair50,2.048448447946658,0.01737422685915213
AAVEUSDT,1,2026-06-28 07:29:00+00:00,2026-06-28 07:30:00+00:00,2026-06-28 11:35:00+00:00,90.96,89.03,37138.54752070089,-788.0100782206715,0.0,-788.0100782206715,0.784656367090862,-787.2254218535807,timeout,-2.857179579192871,0.031089758601858697
AVAXUSDT,-1,2026-06-28 20:24:00+00:00,2026-06-28 20:25:00+00:00,2026-06-28 21:25:00+00:00,6.459,6.371,37003.34831180589,504.14842103094844,0.0,504.14842103094844,0.0,504.14842103094844,repair50,2.1630170334577614,0.02085183213062969
SOLUSDT,-1,2026-06-29 03:09:00+00:00,2026-06-29 03:10:00+00:00,2026-06-29 04:35:00+00:00,73.05,72.2,37154.59283811517,432.3258578014758,0.0,432.3258578014758,0.0,432.3258578014758,repair50,2.7126256396976602,0.023150924755054758
AVAXUSDT,-1,2026-06-29 03:24:00+00:00,2026-06-29 03:25:00+00:00,2026-06-29 04:40:00+00:00,6.612,6.538,37085.8531975113,415.05643324498305,0.0,415.05643324498305,0.0,415.05643324498305,repair50,2.059628967478758,0.019899077758728456
AAVEUSDT,-1,2026-06-29 03:09:00+00:00,2026-06-29 03:10:00+00:00,2026-06-29 05:05:00+00:00,93.81,92.34,37154.59283811517,582.2114004053851,0.0,582.2114004053851,0.0,582.2114004053851,repair50,2.4533165741514824,0.02773138136873654
AAVEUSDT,1,2026-06-29 14:04:00+00:00,2026-06-29 14:05:00+00:00,2026-06-29 16:10:00+00:00,89.96,91.93,37583.470945550725,823.0262090121773,0.0,823.0262090121773,-2.606227714506302,820.419981297671,repair50,-2.3280778850379615,0.02579928851777924
AVAXUSDT,-1,2026-06-29 17:04:00+00:00,2026-06-29 17:05:00+00:00,2026-06-29 21:10:00+00:00,6.725,6.664,37829.59693994003,343.1383514254796,0.0,343.1383514254796,0.0,343.1383514254796,timeout,2.0942844173455586,0.020334904131300124
ETHUSDT,-1,2026-06-29 17:14:00+00:00,2026-06-29 17:15:00+00:00,2026-06-29 21:20:00+00:00,1615.88,1616.56,37719.905171861385,-15.873416043800294,0.0,-15.873416043800294,0.0,-15.873416043800294,timeout,3.4923301847803043,0.025777721303703593
BNBUSDT,-1,2026-06-29 17:14:00+00:00,2026-06-29 17:15:00+00:00,2026-06-29 21:20:00+00:00,560.41,560.22,37719.905171861385,12.788461987924126,0.0,12.788461987924126,0.0,12.788461987924126,timeout,2.8610516199956435,0.01546811448523533
XLMUSDT,-1,2026-06-30 02:04:00+00:00,2026-06-30 02:05:00+00:00,2026-06-30 04:35:00+00:00,0.17957,0.18677,37931.6129591509,-1520.897774159858,0.0,-1520.897774159858,0.0,-1520.897774159858,stop,2.2711916061781756,0.028050852881853716
BCHUSDT,1,2026-06-30 12:49:00+00:00,2026-06-30 12:50:00+00:00,2026-06-30 14:05:00+00:00,195.46,198.61,37182.50653655742,599.226929244636,0.0,599.226929244636,0.0,599.226929244636,repair50,-2.113908034704661,0.022335499691784944
DOGEUSDT,1,2026-06-30 12:04:00+00:00,2026-06-30 12:05:00+00:00,2026-06-30 16:10:00+00:00,0.07101,0.0712,37475.34362690295,100.27200801452429,0.0,100.27200801452429,0.23652445685211038,100.5085324713764,timeout,-2.5834289836908173,0.017990056156570233
AVAXUSDT,1,2026-06-30 12:14:00+00:00,2026-06-30 12:15:00+00:00,2026-06-30 16:20:00+00:00,6.467,6.491,37385.09881968987,138.74166872932756,0.0,138.74166872932756,0.3818526248957194,139.12352135422327,timeout,-2.0063043156124474,0.0190825151597106
XLMUSDT,-1,2026-06-30 15:49:00+00:00,2026-06-30 15:50:00+00:00,2026-06-30 19:55:00+00:00,0.18281,0.18496,37726.143854941394,-443.6913149615687,0.0,-443.6913149615687,0.9248424734289028,-442.7664724881398,timeout,2.352326464304326,0.029157686773775504
DOGEUSDT,-1,2026-06-30 18:19:00+00:00,2026-06-30 18:20:00+00:00,2026-06-30 22:25:00+00:00,0.07246,0.07206,37557.64423461329,207.32897728188183,0.0,207.32897728188183,0.0,207.32897728188183,timeout,2.7545887816824837,0.0195484485058266
XLMUSDT,-1,2026-06-30 23:59:00+00:00,2026-07-01 00:00:00+00:00,2026-07-01 00:40:00+00:00,0.18903,0.19488,37656.37007326214,-1165.3693325323147,0.0,-1165.3693325323147,-1.2454223749531539,-1166.614754907268,stop,2.025995461500243,0.0250716972042222
BCHUSDT,-1,2026-07-01 02:14:00+00:00,2026-07-01 02:15:00+00:00,2026-07-01 06:20:00+00:00,203.98,204.27,37306.38564678995,-53.0387873201781,0.0,-53.0387873201781,0.0,-53.0387873201781,timeout,2.049828881268342,0.021846643972014856
SOLUSDT,-1,2026-07-01 02:44:00+00:00,2026-07-01 02:45:00+00:00,2026-07-01 06:40:00+00:00,74.98,74.1,37272.91634306722,437.45220568017584,0.0,437.45220568017584,0.0,437.45220568017584,repair50,2.004578747542232,0.0169995285331892
LTCUSDT,-1,2026-07-01 03:09:00+00:00,2026-07-01 03:10:00+00:00,2026-07-01 06:40:00+00:00,42.72,42.34,37316.31917584914,331.93355072150223,0.0,331.93355072150223,0.0,331.93355072150223,repair50,2.239482092333954,0.01532553295940664
HBARUSDT,1,2026-07-01 07:09:00+00:00,2026-07-01 07:10:00+00:00,2026-07-01 10:10:00+00:00,0.06875,0.06942,37521.2897375144,365.6620236237751,0.0,365.6620236237751,-0.7448176241780045,364.9172059995971,repair50,-2.9664958685174443,0.01887567106976007
LTCUSDT,1,2026-07-01 12:49:00+00:00,2026-07-01 12:50:00+00:00,2026-07-01 13:45:00+00:00,41.22,41.56,37630.76489931429,310.3944703000266,0.0,310.3944703000266,0.0,310.3944703000266,repair50,-2.293578812223501,0.015484633491148259
ADAUSDT,-1,2026-07-01 14:14:00+00:00,2026-07-01 14:15:00+00:00,2026-07-01 14:35:00+00:00,0.1566,0.154,37610.95403755925,624.4475127564099,0.0,624.4475127564099,0.0,624.4475127564099,repair50,3.278679856030749,0.032137654938527715
ETHUSDT,-1,2026-07-01 13:59:00+00:00,2026-07-01 14:00:00+00:00,2026-07-01 18:05:00+00:00,1596.42,1623.69,37723.88324040429,-644.3982761214583,0.0,-644.3982761214583,0.7948267598937423,-643.6034493615645,timeout,2.077082085070832,0.015156682913804342
BTCUSDT,-1,2026-07-01 14:14:00+00:00,2026-07-01 14:15:00+00:00,2026-07-01 18:20:00+00:00,59948.8,60165.3,37610.95403755925,-135.82876636615694,0.0,-135.82876636615694,2.6678503982916415,-133.1609159678653,timeout,3.8744776250686273,0.021056013277921393
BCHUSDT,-1,2026-07-01 14:34:00+00:00,2026-07-01 14:35:00+00:00,2026-07-01 18:40:00+00:00,212.39,211.99,37949.54045443162,71.47142606418151,0.0,71.47142606418151,-0.27435423635770384,71.1970718278238,timeout,3.2654736138729215,0.03435319773056755
LTCUSDT,-1,2026-07-01 21:34:00+00:00,2026-07-01 21:35:00+00:00,2026-07-01 23:05:00+00:00,43.26,42.87,37699.547306180735,339.8710922193823,0.0,339.8710922193823,0.0,339.8710922193823,repair50,2.5562860365526214,0.017666678006981185
ADAUSDT,-1,2026-07-01 21:34:00+00:00,2026-07-01 21:35:00+00:00,2026-07-01 23:05:00+00:00,0.1575,0.1553,37699.547306180735,526.596851260937,0.0,526.596851260937,0.0,526.596851260937,repair50,2.3946571533881342,0.023319888135321376
BCHUSDT,1,2026-07-01 23:29:00+00:00,2026-07-01 23:30:00+00:00,2026-07-02 00:45:00+00:00,209.74,212.34,37977.204539630286,470.77682751520183,0.0,470.77682751520183,6.485824886736212,477.26265240193806,repair50,-2.3068241059248993,0.02379242428047279
AAVEUSDT,1,2026-07-01 23:04:00+00:00,2026-07-01 23:05:00+00:00,2026-07-02 02:05:00+00:00,83.56,84.63,37959.487689224836,486.07769061117983,0.0,486.07769061117983,0.3849555415467233,486.46264615272656,repair50,-2.144640381500566,0.023778544628919596
XLMUSDT,1,2026-07-02 00:19:00+00:00,2026-07-02 00:20:00+00:00,2026-07-02 02:05:00+00:00,0.19461,0.19727,37892.185695079475,517.9241249109073,0.0,517.9241249109073,0.0,517.9241249109073,repair50,-2.0896862378759566,0.025514504019170214
XLMUSDT,-1,2026-07-02 02:44:00+00:00,2026-07-02 02:45:00+00:00,2026-07-02 05:20:00+00:00,0.20112,0.19844,38440.735481198826,512.2373264201084,0.0,512.2373264201084,0.0,512.2373264201084,repair50,2.181608193242232,0.027261620477605497
NEARUSDT,-1,2026-07-02 01:34:00+00:00,2026-07-02 01:35:00+00:00,2026-07-02 05:40:00+00:00,1.898,1.909,38254.062178336964,-221.70425920005772,0.0,-221.70425920005772,0.0,-221.70425920005772,timeout,2.7546064803447763,0.038106649591655106
HBARUSDT,-1,2026-07-02 02:04:00+00:00,2026-07-02 02:05:00+00:00,2026-07-02 05:40:00+00:00,0.0734,0.07274,38434.21491524633,345.5937580934986,0.0,345.5937580934986,0.0,345.5937580934986,repair50,2.711904396438847,0.017856242473967665
SOLUSDT,-1,2026-07-02 09:39:00+00:00,2026-07-02 09:40:00+00:00,2026-07-02 11:00:00+00:00,79.6,82.07,38594.82056385857,-1197.6031004111921,0.0,-1197.6031004111921,0.0,-1197.6031004111921,stop,2.259460791722198,0.01868576170939118
UNIUSDT,-1,2026-07-02 11:14:00+00:00,2026-07-02 11:15:00+00:00,2026-07-02 12:00:00+00:00,2.955,3.045,38204.70341874981,-1163.5950279822225,0.0,-1163.5950279822225,0.0,-1163.5950279822225,stop,2.780240570638365,0.03032780987065342
ETHUSDT,-1,2026-07-02 09:39:00+00:00,2026-07-02 09:40:00+00:00,2026-07-02 13:35:00+00:00,1649.3,1706.28,38594.82056385857,-1333.3734770682513,0.0,-1333.3734770682513,0.0,-1333.3734770682513,stop,2.477665056996412,0.01774859865713574
XRPUSDT,-1,2026-07-02 09:39:00+00:00,2026-07-02 09:40:00+00:00,2026-07-02 13:45:00+00:00,1.0802,1.1108,38594.82056385857,-1093.317449781584,0.0,-1093.317449781584,0.0,-1093.317449781584,timeout,2.7837294488131006,0.018646415419727447
DOTUSDT,-1,2026-07-02 13:34:00+00:00,2026-07-02 13:35:00+00:00,2026-07-02 14:25:00+00:00,0.864,0.855,37186.3227234565,387.35752836933716,0.0,387.35752836933716,0.0,387.35752836933716,repair50,2.074358388220952,0.01685186677454542
DOGEUSDT,-1,2026-07-02 13:44:00+00:00,2026-07-02 13:45:00+00:00,2026-07-02 14:25:00+00:00,0.07539,0.07459,37152.96837067979,394.24823844732356,0.0,394.24823844732356,0.0,394.24823844732356,repair50,2.219100842013562,0.015249897386680145
LINKUSDT,-1,2026-07-02 13:34:00+00:00,2026-07-02 13:35:00+00:00,2026-07-02 14:55:00+00:00,7.883,7.778,37186.3227234565,495.3144597187541,0.0,495.3144597187541,0.0,495.3144597187541,repair50,3.543542091269286,0.026563376878467215
UNIUSDT,-1,2026-07-02 17:19:00+00:00,2026-07-02 17:20:00+00:00,2026-07-02 19:10:00+00:00,3.266,3.228,37541.529915246225,436.79673508247015,0.0,436.79673508247015,0.0,436.79673508247015,repair50,2.0315189404641165,0.02299287750537049
HBARUSDT,1,2026-07-02 20:29:00+00:00,2026-07-02 20:30:00+00:00,2026-07-03 00:35:00+00:00,0.07187,0.07047,37672.56893577096,-733.847175595927,0.0,-733.847175595927,3.690496562144164,-730.1566790337828,timeout,-2.5920447582121375,0.016174367889109642
HBARUSDT,-1,2026-07-03 01:54:00+00:00,2026-07-03 01:55:00+00:00,2026-07-03 02:30:00+00:00,0.072,0.07138,37567.743290022954,323.5000116640829,0.0,323.5000116640829,0.0,323.5000116640829,repair50,2.3922497981563815,0.015265042629958536
BCHUSDT,-1,2026-07-03 01:24:00+00:00,2026-07-03 01:25:00+00:00,2026-07-03 02:35:00+00:00,224.9,222.38,37453.52193206083,419.66596384523837,0.0,419.66596384523837,0.0,419.66596384523837,repair50,2.0644793999479227,0.021395196035857156
ADAUSDT,-1,2026-07-03 01:34:00+00:00,2026-07-03 01:35:00+00:00,2026-07-03 05:30:00+00:00,0.1654,0.1635,37528.46228274748,431.1008363798063,0.0,431.1008363798063,0.0,431.1008363798063,repair50,2.615801252067813,0.024601019817493075
NEARUSDT,-1,2026-07-03 13:44:00+00:00,2026-07-03 13:45:00+00:00,2026-07-03 15:25:00+00:00,2.075,2.047,37805.80197562757,510.1505808759381,0.0,510.1505808759381,0.0,510.1505808759381,repair50,2.015002909835238,0.025209013858167317
AAVEUSDT,-1,2026-07-03 14:19:00+00:00,2026-07-03 14:20:00+00:00,2026-07-03 16:15:00+00:00,89.88,88.25,37734.745287576996,684.3306054600619,0.0,684.3306054600619,3.6397681361480085,687.9703735962099,repair50,2.7185032663011737,0.029663256870289256
ADAUSDT,-1,2026-07-03 16:04:00+00:00,2026-07-03 16:05:00+00:00,2026-07-03 16:15:00+00:00,0.1744,0.1723,38056.92090233198,458.2542081129412,0.0,458.2542081129412,0.0,458.2542081129412,repair50,2.4089897382320355,0.02155530929973848
XRPUSDT,-1,2026-07-03 19:19:00+00:00,2026-07-03 19:20:00+00:00,2026-07-03 19:55:00+00:00,1.1416,1.1306,38302.7145244031,369.0696038616229,0.0,369.0696038616229,0.0,369.0696038616229,repair50,2.8396443235307838,0.018406352916273017
HBARUSDT,-1,2026-07-03 19:19:00+00:00,2026-07-03 19:20:00+00:00,2026-07-03 23:25:00+00:00,0.07319,0.07304,38302.7145244031,78.49989313650603,0.0,78.49989313650603,0.0,78.49989313650603,timeout,2.5094756657409794,0.015601865180315366
SUIUSDT,-1,2026-07-03 19:24:00+00:00,2026-07-03 19:25:00+00:00,2026-07-03 23:30:00+00:00,0.7707,0.769,38308.677380686575,84.50078052052498,0.0,84.50078052052498,0.0,84.50078052052498,timeout,2.0445204101455023,0.0175705036174989
LTCUSDT,-1,2026-07-03 20:39:00+00:00,2026-07-03 20:40:00+00:00,2026-07-04 00:45:00+00:00,44.92,44.62,38225.04797103853,255.28749758040226,0.0,255.28749758040226,2.638869420322281,257.92636700072455,timeout,2.5407918469223523,0.016121778775021633
XLMUSDT,-1,2026-07-04 02:29:00+00:00,2026-07-04 02:30:00+00:00,2026-07-04 02:55:00+00:00,0.20995,0.20734,38539.713517758915,479.10765554346784,0.0,479.10765554346784,0.0,479.10765554346784,repair50,2.071478507510834,0.02448608908000449
SOLUSDT,-1,2026-07-04 04:39:00+00:00,2026-07-04 04:40:00+00:00,2026-07-04 05:25:00+00:00,83.75,82.89,38683.44581442195,397.22702567645024,0.0,397.22702567645024,0.0,397.22702567645024,repair50,2.212529435749666,0.017338913649604937
HBARUSDT,-1,2026-07-04 10:04:00+00:00,2026-07-04 10:05:00+00:00,2026-07-04 14:10:00+00:00,0.07384,0.07371,38802.61392212489,68.31446113050363,0.0,68.31446113050363,0.0,68.31446113050363,timeout,3.449129388628948,0.020766785805016674
ADAUSDT,-1,2026-07-04 14:14:00+00:00,2026-07-04 14:15:00+00:00,2026-07-04 15:15:00+00:00,0.181,0.1872,38823.10826046404,-1329.852327154023,0.0,-1329.852327154023,0.0,-1329.852327154023,stop,2.282626431189655,0.01964689285399479
ETHUSDT,-1,2026-07-04 15:24:00+00:00,2026-07-04 15:25:00+00:00,2026-07-04 17:15:00+00:00,1795.48,1779.75,38371.75449387731,336.17066087547016,0.0,336.17066087547016,1.9770920647342705,338.14775294020444,repair50,2.4248166340308472,0.015702051528817762
XRPUSDT,-1,2026-07-04 14:14:00+00:00,2026-07-04 14:15:00+00:00,2026-07-04 18:20:00+00:00,1.1656,1.1797,38823.10826046404,-469.6343741185205,0.0,-469.6343741185205,-0.8029076765047235,-470.4372817950252,timeout,2.6360714689248135,0.016419283337604673
BCHUSDT,-1,2026-07-04 15:09:00+00:00,2026-07-04 15:10:00+00:00,2026-07-04 19:15:00+00:00,231.36,233.08,38378.02604239883,-285.3138173968091,0.0,-285.3138173968091,1.642355841852241,-283.67146155495686,timeout,2.0883148312154214,0.018927624459275316
ADAUSDT,1,2026-07-04 20:24:00+00:00,2026-07-04 20:25:00+00:00,2026-07-04 21:20:00+00:00,0.1915,0.1938,38299.3642651949,459.99236454280714,0.0,459.99236454280714,0.0,459.99236454280714,repair50,-2.267877622230924,0.020260923779964246
HBARUSDT,-1,2026-07-04 21:39:00+00:00,2026-07-04 21:40:00+00:00,2026-07-04 22:15:00+00:00,0.07622,0.07553,38437.36197455774,347.9635235167246,0.0,347.9635235167246,0.0,347.9635235167246,repair50,2.75579272573649,0.016615763153763563
BCHUSDT,-1,2026-07-05 01:04:00+00:00,2026-07-05 01:05:00+00:00,2026-07-05 01:20:00+00:00,239.96,237.4,38541.75103161275,411.1805410940503,0.0,411.1805410940503,0.0,411.1805410940503,repair50,2.1637788119680836,0.01964012952562566
SUIUSDT,1,2026-07-05 01:19:00+00:00,2026-07-05 01:20:00+00:00,2026-07-05 05:25:00+00:00,0.7473,0.743,38665.105193940966,-222.4808675685064,0.0,-222.4808675685064,0.0,-222.4808675685064,timeout,-2.2994902859565562,0.018163399934566282
HBARUSDT,1,2026-07-05 02:14:00+00:00,2026-07-05 02:15:00+00:00,2026-07-05 06:20:00+00:00,0.07484,0.07475,38520.75132870465,-46.323725542270424,0.0,-46.323725542270424,0.0,-46.323725542270424,timeout,-3.01569762840829,0.01798834947255379
DOGEUSDT,1,2026-07-05 02:54:00+00:00,2026-07-05 02:55:00+00:00,2026-07-05 07:00:00+00:00,0.07569,0.07586,38639.858656708704,86.78525527336303,0.0,86.78525527336303,0.0,86.78525527336303,timeout,-2.6003124550649575,0.015921292603713333
ADAUSDT,-1,2026-07-05 07:34:00+00:00,2026-07-05 07:35:00+00:00,2026-07-05 07:50:00+00:00,0.1936,0.1917,38610.49939258974,378.9253556090907,0.0,378.9253556090907,0.0,378.9253556090907,repair50,2.1251024703248573,0.01933206901787976
ADAUSDT,1,2026-07-05 09:59:00+00:00,2026-07-05 10:00:00+00:00,2026-07-05 14:05:00+00:00,0.1876,0.1888,38724.17699927247,247.70262472882374,0.0,247.70262472882374,0.0,247.70262472882374,timeout,-2.2469850346488442,0.020014899580222734
LTCUSDT,-1,2026-07-05 16:14:00+00:00,2026-07-05 16:15:00+00:00,2026-07-05 16:25:00+00:00,45.74,45.3,38781.67494364723,373.0637729603189,0.0,373.0637729603189,0.0,373.0637729603189,repair50,2.6649045530091002,0.015508900544991322
BNBUSDT,-1,2026-07-05 12:34:00+00:00,2026-07-05 12:35:00+00:00,2026-07-05 16:40:00+00:00,585.51,586.0,38668.44390870848,-32.360741089421936,0.0,-32.360741089421936,2.7348624446972427,-29.625878644724693,timeout,3.5073731736691407,0.015441869898347838
BCHUSDT,-1,2026-07-05 19:19:00+00:00,2026-07-05 19:20:00+00:00,2026-07-05 23:25:00+00:00,244.86,242.22,38901.5191549858,419.42338711575286,0.0,419.42338711575286,0.0,419.42338711575286,timeout,2.249121721914194,0.020367846507684417
XRPUSDT,-1,2026-07-05 22:24:00+00:00,2026-07-05 22:25:00+00:00,2026-07-06 02:30:00+00:00,1.156,1.1483,38909.6216522369,259.17308539984214,0.0,259.17308539984214,-0.35471153267571337,258.81837386716643,timeout,2.565946562613319,0.015560704826636629
SUIUSDT,1,2026-07-06 05:29:00+00:00,2026-07-06 05:30:00+00:00,2026-07-06 08:05:00+00:00,0.7356,0.7424,39104.99168328068,361.4925821727924,0.0,361.4925821727924,-3.5791534378148655,357.9134287349776,repair50,-2.277406552693319,0.017355464551257027
ADAUSDT,1,2026-07-06 05:34:00+00:00,2026-07-06 05:35:00+00:00,2026-07-06 09:40:00+00:00,0.1841,0.1829,39077.87973961772,-254.71730411483918,0.0,-254.71730411483918,-3.9085379041579698,-258.62584201899716,timeout,-2.1965890285837957,0.019371772010641886
AAVEUSDT,-1,2026-07-06 10:54:00+00:00,2026-07-06 10:55:00+00:00,2026-07-06 12:00:00+00:00,92.49,91.56,39134.77795929547,393.5057141544434,0.0,393.5057141544434,0.0,393.5057141544434,repair50,2.0155924863879977,0.020372702553925315
NEARUSDT,-1,2026-07-06 11:19:00+00:00,2026-07-06 11:20:00+00:00,2026-07-06 12:00:00+00:00,2.034,1.994,39105.58237405175,769.0380014562733,0.0,769.0380014562733,0.0,769.0380014562733,repair50,2.0813959355603076,0.02338809554625021
DOTUSDT,1,2026-07-06 12:04:00+00:00,2026-07-06 12:05:00+00:00,2026-07-06 12:20:00+00:00,0.849,0.859,39483.54107397869,465.05937660752613,0.0,465.05937660752613,0.0,465.05937660752613,repair50,-2.778913551033038,0.019184935562593375
FILUSDT,1,2026-07-06 12:04:00+00:00,2026-07-06 12:05:00+00:00,2026-07-06 12:30:00+00:00,0.761,0.77,39483.54107397869,466.95383661735804,0.0,466.95383661735804,0.0,466.95383661735804,repair50,-3.028264636856352,0.025431418501886127
HBARUSDT,1,2026-07-06 12:44:00+00:00,2026-07-06 12:45:00+00:00,2026-07-06 14:40:00+00:00,0.07301,0.07372,39772.55334797172,386.77596051307506,0.0,386.77596051307506,0.0,386.77596051307506,repair50,-2.994591181367317,0.017762072313877497
XRPUSDT,1,2026-07-06 12:44:00+00:00,2026-07-06 12:45:00+00:00,2026-07-06 15:15:00+00:00,1.1189,1.1284,39772.55334797172,337.6881372828111,0.0,337.6881372828111,0.0,337.6881372828111,repair50,-2.6887504369184256,0.015921402339739155
DOGEUSDT,1,2026-07-06 12:04:00+00:00,2026-07-06 12:05:00+00:00,2026-07-06 15:45:00+00:00,0.07554,0.07633,39483.54107397869,412.9202733444941,0.0,412.9202733444941,0.0,412.9202733444941,repair50,-3.060692198798065,0.018316732091141485
NEARUSDT,-1,2026-07-06 15:14:00+00:00,2026-07-06 15:15:00+00:00,2026-07-06 16:10:00+00:00,2.04,2.103,39948.872522681944,-1233.715180847535,0.0,-1233.715180847535,4.065385262602339,-1229.6497955849327,stop,2.0975907455314817,0.02359249216550552
AAVEUSDT,-1,2026-07-06 15:04:00+00:00,2026-07-06 15:05:00+00:00,2026-07-06 16:20:00+00:00,94.34,97.26,39961.28665125967,-1236.8767969225994,0.0,-1236.8767969225994,0.4361058150771433,-1236.4406911075223,stop,2.3408717649946653,0.023812100015500492
BTCUSDT,-1,2026-07-06 15:44:00+00:00,2026-07-06 15:45:00+00:00,2026-07-06 19:50:00+00:00,62883.8,63809.8,39793.580548283535,-585.9832832575391,0.0,-585.9832832575391,4.01981368258068,-581.9634695749585,timeout,3.355667257779316,0.015526495090293135
FILUSDT,-1,2026-07-06 16:09:00+00:00,2026-07-06 16:10:00+00:00,2026-07-06 20:15:00+00:00,0.8,0.792,39341.78918068212,393.41789180682156,0.0,393.41789180682156,0.0,393.41789180682156,timeout,3.6623100373538042,0.03189026993749766
ETHUSDT,-1,2026-07-06 16:19:00+00:00,2026-07-06 16:20:00+00:00,2026-07-06 20:25:00+00:00,1803.97,1788.01,39134.650070154625,346.2302671993832,0.0,346.2302671993832,0.0,346.2302671993832,timeout,4.244207338733128,0.026757583781910066
SUIUSDT,-1,2026-07-06 21:09:00+00:00,2026-07-06 21:10:00+00:00,2026-07-06 21:40:00+00:00,0.7613,0.7538,39411.838610109924,388.2684744198371,0.0,388.2684744198371,0.0,388.2684744198371,repair50,2.4362008851355985,0.018948828927933814
SOLUSDT,-1,2026-07-06 21:09:00+00:00,2026-07-06 21:10:00+00:00,2026-07-06 21:40:00+00:00,83.26,82.52,39411.838610109924,350.28537799041214,0.0,350.28537799041214,0.0,350.28537799041214,repair50,2.249349112932999,0.016886131403127447
ETHUSDT,-1,2026-07-06 21:09:00+00:00,2026-07-06 21:10:00+00:00,2026-07-06 22:35:00+00:00,1823.35,1806.6,39411.838610109924,362.052429165736,0.0,362.052429165736,0.0,362.052429165736,repair50,2.742718559439638,0.017294876823328975
BCHUSDT,1,2026-07-06 23:34:00+00:00,2026-07-06 23:35:00+00:00,2026-07-07 03:40:00+00:00,241.8,238.05,39742.02049458272,-616.3464716901767,0.0,-616.3464716901767,-2.79513502937332,-619.14160671955,timeout,-2.1245488149886316,0.01737670754881937
AVAXUSDT,1,2026-07-07 01:34:00+00:00,2026-07-07 01:35:00+00:00,2026-07-07 05:40:00+00:00,6.827,6.749,39728.855024640114,-453.9110431993447,0.0,-453.9110431993447,0.0,-453.9110431993447,timeout,-2.032627196093863,0.016377736591395076
SUIUSDT,1,2026-07-07 02:24:00+00:00,2026-07-07 02:25:00+00:00,2026-07-07 06:30:00+00:00,0.736,0.7375,39620.243794117596,80.74777947171127,0.0,80.74777947171127,0.0,80.74777947171127,timeout,-2.166026407606842,0.01645814443041338
DOTUSDT,1,2026-07-07 03:39:00+00:00,2026-07-07 03:40:00+00:00,2026-07-07 06:55:00+00:00,0.861,0.869,39490.85316059783,366.93011066757265,0.0,366.93011066757265,0.0,366.93011066757265,repair50,-2.495026836170392,0.017404613521639578
AAVEUSDT,-1,2026-07-07 07:19:00+00:00,2026-07-07 07:20:00+00:00,2026-07-07 10:50:00+00:00,94.23,92.96,39554.40806664885,533.1009046444295,0.0,533.1009046444295,2.190673940112933,535.2915785845424,repair50,2.4027185468797865,0.024632579681778122
AAVEUSDT,1,2026-07-07 14:39:00+00:00,2026-07-07 14:40:00+00:00,2026-07-07 15:40:00+00:00,90.74,91.72,39714.99554022422,428.92545326669836,0.0,428.92545326669836,0.0,428.92545326669836,repair50,-2.0813370984328237,0.02088272975594574
NEARUSDT,-1,2026-07-07 15:54:00+00:00,2026-07-07 15:55:00+00:00,2026-07-07 18:50:00+00:00,2.062,2.038,39843.67317620423,463.7478934184778,0.0,463.7478934184778,3.9882318833989117,467.7361253018767,repair50,2.0433235803518195,0.02246681611944945
HBARUSDT,-1,2026-07-07 15:59:00+00:00,2026-07-07 16:00:00+00:00,2026-07-07 19:00:00+00:00,0.07252,0.07194,39802.611122744616,318.33307296182954,0.0,318.33307296182954,-3.7072402487237848,314.62583271310575,repair50,2.5676449322211363,0.015642791775427378
UNIUSDT,-1,2026-07-07 15:54:00+00:00,2026-07-07 15:55:00+00:00,2026-07-07 20:00:00+00:00,3.245,3.27,39843.67317620423,-306.9620429599694,0.0,-306.9620429599694,3.9941901029951423,-302.9678528569742,timeout,2.1505442545343385,0.0230919932369944
FILUSDT,1,2026-07-07 19:04:00+00:00,2026-07-07 19:05:00+00:00,2026-07-07 23:10:00+00:00,0.782,0.776,40109.04837676379,-307.7420591567563,0.0,-307.7420591567563,0.0,-307.7420591567563,timeout,-2.120176128845284,0.01790818936650629
SUIUSDT,1,2026-07-07 19:04:00+00:00,2026-07-07 19:05:00+00:00,2026-07-07 23:10:00+00:00,0.7333,0.729,40109.04837676379,-235.19556528035238,0.0,-235.19556528035238,0.0,-235.19556528035238,timeout,-2.0576808473987853,0.015463361230572015
SOLUSDT,1,2026-07-08 01:39:00+00:00,2026-07-08 01:40:00+00:00,2026-07-08 05:45:00+00:00,78.98,78.39,39824.61012042051,-297.49961979042996,0.0,-297.49961979042996,0.0,-297.49961979042996,timeout,-2.7688509834485613,0.02010777246718698
DOGEUSDT,1,2026-07-08 01:39:00+00:00,2026-07-08 01:40:00+00:00,2026-07-08 05:45:00+00:00,0.07312,0.07247,39824.61012042051,-354.0207409501245,0.0,-354.0207409501245,0.0,-354.0207409501245,timeout,-2.585298970956534,0.01566257107200375
NEARUSDT,1,2026-07-08 01:39:00+00:00,2026-07-08 01:40:00+00:00,2026-07-08 05:45:00+00:00,1.937,1.918,39824.61012042051,-390.6389221930786,0.0,-390.6389221930786,0.0,-390.6389221930786,timeout,-2.2643893444241985,0.023983550572833634
UNIUSDT,-1,2026-07-08 05:44:00+00:00,2026-07-08 05:45:00+00:00,2026-07-08 06:35:00+00:00,3.349,3.296,39511.96233554041,625.3012850951503,0.0,625.3012850951503,0.0,625.3012850951503,repair50,2.8827701645189974,0.03145025056368511
UNIUSDT,1,2026-07-08 08:19:00+00:00,2026-07-08 08:20:00+00:00,2026-07-08 09:40:00+00:00,3.234,3.28,39699.55272106896,564.6813312211383,0.0,564.6813312211383,0.0,564.6813312211383,repair50,-2.476296271525026,0.02632023875499312
SUIUSDT,1,2026-07-08 08:39:00+00:00,2026-07-08 08:40:00+00:00,2026-07-08 11:45:00+00:00,0.7017,0.7086,39306.1866631577,386.50803473818866,0.0,386.50803473818866,0.0,386.50803473818866,repair50,-2.26894160058038,0.01712202187081069
FILUSDT,1,2026-07-08 08:24:00+00:00,2026-07-08 08:25:00+00:00,2026-07-08 12:30:00+00:00,0.7492,0.7535,39651.67756472629,227.57903567581712,0.0,227.57903567581712,0.0,227.57903567581712,timeout,-2.2043593453981525,0.01867666102222376
UNIUSDT,-1,2026-07-08 17:04:00+00:00,2026-07-08 17:05:00+00:00,2026-07-08 17:30:00+00:00,3.376,3.326,40053.183241559505,593.2047281036635,0.0,593.2047281036635,0.0,593.2047281036635,repair50,2.1593893251822207,0.02368619210745493
UNIUSDT,1,2026-07-08 21:09:00+00:00,2026-07-08 21:10:00+00:00,2026-07-08 23:05:00+00:00,3.238,3.279,40231.1446599906,509.4122702469435,0.0,509.4122702469435,0.0,509.4122702469435,repair50,-2.097550786088131,0.022409371632730157
UNIUSDT,-1,2026-07-09 01:09:00+00:00,2026-07-09 01:10:00+00:00,2026-07-09 01:50:00+00:00,3.359,3.311,40383.96834106468,577.0855851060145,0.0,577.0855851060145,0.0,577.0855851060145,repair50,2.4832255076516496,0.02722723254116599
HBARUSDT,-1,2026-07-09 01:19:00+00:00,2026-07-09 01:20:00+00:00,2026-07-09 01:55:00+00:00,0.07037,0.06975,40297.405503298774,355.04322029337953,0.0,355.04322029337953,0.0,355.04322029337953,repair50,2.6197833866266738,0.015975902545293685
SUIUSDT,-1,2026-07-09 05:09:00+00:00,2026-07-09 05:10:00+00:00,2026-07-09 05:25:00+00:00,0.7294,0.7225,40663.606982684505,384.67080913150994,0.0,384.67080913150994,0.0,384.67080913150994,repair50,2.179910451871287,0.016410154531557364
HBARUSDT,-1,2026-07-09 05:29:00+00:00,2026-07-09 05:30:00+00:00,2026-07-09 07:30:00+00:00,0.07098,0.07005,40779.00822542396,534.2980790313362,0.0,534.2980790313362,0.0,534.2980790313362,repair50,2.961797808076149,0.018096030415132525
UNIUSDT,-1,2026-07-09 06:39:00+00:00,2026-07-09 06:40:00+00:00,2026-07-09 08:40:00+00:00,3.393,3.351,40598.73588916339,502.54845486143455,0.0,502.54845486143455,4.031419450952797,506.57987431238735,repair50,2.0980987536034035,0.022994575940254336
AVAXUSDT,-1,2026-07-09 05:54:00+00:00,2026-07-09 05:55:00+00:00,2026-07-09 10:00:00+00:00,6.605,6.725,40782.455309804805,-740.9378708821404,0.0,-740.9378708821404,4.1628882295964305,-736.7749826525439,timeout,2.1628970706653785,0.017629253584466875
FILUSDT,-1,2026-07-09 15:19:00+00:00,2026-07-09 15:20:00+00:00,2026-07-09 17:15:00+00:00,0.7898,0.7822,40839.35142222773,392.9843894769912,0.0,392.9843894769912,4.059251327343473,397.0436408043347,repair50,2.010421210849236,0.01713261199914351
AAVEUSDT,-1,2026-07-09 13:24:00+00:00,2026-07-09 13:25:00+00:00,2026-07-09 17:30:00+00:00,91.3,91.36,40870.23911663132,-26.85886469877278,0.0,-26.85886469877278,4.131788686161085,-22.727076012611697,timeout,2.043092353686212,0.020698012858562542
UNIUSDT,-1,2026-07-09 18:14:00+00:00,2026-07-09 18:15:00+00:00,2026-07-09 18:55:00+00:00,3.427,3.385,40982.53408606884,502.2662479179736,0.0,502.2662479179736,0.0,502.2662479179736,repair50,2.018639679784771,0.022169089930159425
UNIUSDT,-1,2026-07-10 01:49:00+00:00,2026-07-10 01:50:00+00:00,2026-07-10 02:30:00+00:00,3.515,3.46,41133.21396044423,643.620702083765,0.0,643.620702083765,0.0,643.620702083765,repair50,2.7013844998013306,0.029829761913215957
LINKUSDT,-1,2026-07-10 01:49:00+00:00,2026-07-10 01:50:00+00:00,2026-07-10 05:55:00+00:00,7.883,7.911,41133.21396044423,-146.10300531427632,0.0,-146.10300531427632,0.0,-146.10300531427632,timeout,2.9196505501900982,0.01835664091096212
DOTUSDT,-1,2026-07-10 01:49:00+00:00,2026-07-10 01:50:00+00:00,2026-07-10 05:55:00+00:00,0.838,0.849,41133.21396044423,-539.9347894569095,0.0,-539.9347894569095,0.0,-539.9347894569095,timeout,2.366537667477917,0.016282475108323702
DOTUSDT,-1,2026-07-10 08:19:00+00:00,2026-07-10 08:20:00+00:00,2026-07-10 09:50:00+00:00,0.859,0.888,41120.488832638,-1388.2353622194482,0.0,-1388.2353622194482,0.0,-1388.2353622194482,stop,2.173813796627411,0.015035534024961938
FILUSDT,-1,2026-07-10 11:59:00+00:00,2026-07-10 12:00:00+00:00,2026-07-10 12:05:00+00:00,0.8131,0.8048,40803.997589778504,416.5209445273197,0.0,416.5209445273197,0.0,416.5209445273197,repair50,2.3105172445978392,0.019619606512403465
AAVEUSDT,-1,2026-07-10 09:49:00+00:00,2026-07-10 09:50:00+00:00,2026-07-10 13:15:00+00:00,96.77,95.59,40704.01822397217,496.3391702416741,0.0,496.3391702416741,0.0,496.3391702416741,repair50,2.3906980907402224,0.024267054839240965
UNIUSDT,-1,2026-07-10 12:44:00+00:00,2026-07-10 12:45:00+00:00,2026-07-10 13:35:00+00:00,3.683,3.639,40967.6264589043,489.43132342975764,0.0,489.43132342975764,0.0,489.43132342975764,repair50,2.0544128384511473,0.022708876493825914
BCHUSDT,-1,2026-07-10 13:39:00+00:00,2026-07-10 13:40:00+00:00,2026-07-10 14:15:00+00:00,253.28,250.8,41048.96464682349,401.9323765165909,0.0,401.9323765165909,0.0,401.9323765165909,repair50,2.3159882448180196,0.018868291601100484
SUIUSDT,-1,2026-07-10 10:24:00+00:00,2026-07-10 10:25:00+00:00,2026-07-10 14:30:00+00:00,0.7405,0.7382,40642.186140899685,126.23501434716161,0.0,126.23501434716161,0.0,126.23501434716161,timeout,2.438440259419239,0.018237537825285033
SOLUSDT,1,2026-07-10 14:24:00+00:00,2026-07-10 14:25:00+00:00,2026-07-10 18:30:00+00:00,77.71,77.64,41297.9747656795,-37.200594950423614,0.0,-37.200594950423614,-4.1515863964674855,-41.3521813468911,timeout,-2.31573519423508,0.01649137748967766
UNIUSDT,1,2026-07-10 14:34:00+00:00,2026-07-10 14:35:00+00:00,2026-07-10 18:40:00+00:00,3.55,3.531,41257.64689329634,-220.81557492186562,0.0,-220.81557492186562,-4.131575625511789,-224.94715054737742,timeout,-2.125628340891525,0.022993973439795923
AAVEUSDT,1,2026-07-11 00:19:00+00:00,2026-07-11 00:20:00+00:00,2026-07-11 04:25:00+00:00,94.53,94.72,41203.26607312264,82.81625466934597,0.0,82.81625466934597,0.0,82.81625466934597,timeout,-2.000894951492148,0.019996014930443784
HBARUSDT,1,2026-07-11 08:49:00+00:00,2026-07-11 08:50:00+00:00,2026-07-11 11:00:00+00:00,0.06913,0.06704,41228.11094952344,-1246.4451306886106,0.0,-1246.4451306886106,0.0,-1246.4451306886106,stop,-2.8463324437983526,0.016839284411001576
UNIUSDT,-1,2026-07-11 12:09:00+00:00,2026-07-11 12:10:00+00:00,2026-07-11 13:05:00+00:00,3.657,3.612,40854.17741031686,502.7175235067697,0.0,502.7175235067697,0.0,502.7175235067697,repair50,2.178415157772131,0.02430453056604276
HBARUSDT,-1,2026-07-11 15:34:00+00:00,2026-07-11 15:35:00+00:00,2026-07-11 16:10:00+00:00,0.06996,0.06937,40767.59534139991,343.80905162129517,0.0,343.80905162129517,-4.72404056090108,339.0850110603941,repair50,2.524402886252806,0.015487504884339476
ADAUSDT,-1,2026-07-11 15:14:00+00:00,2026-07-11 15:15:00+00:00,2026-07-11 19:20:00+00:00,0.171,0.1714,41004.99266736888,-95.91811150261454,0.0,-95.91811150261454,0.5818152913454527,-95.33629621126909,timeout,2.056267727708594,0.017556223345378763
DOTUSDT,1,2026-07-11 23:09:00+00:00,2026-07-11 23:10:00+00:00,2026-07-12 03:15:00+00:00,0.861,0.855,41078.11728182363,-286.2586570161948,0.0,-286.2586570161948,-1.3098256196392395,-287.568482635834,timeout,-2.2447011117171667,0.015470343872534209
DOGEUSDT,1,2026-07-11 23:24:00+00:00,2026-07-11 23:25:00+00:00,2026-07-12 03:30:00+00:00,0.07367,0.07329,40977.92675186796,-211.3697864220192,0.0,-211.3697864220192,-2.1180611103696205,-213.4878475323888,timeout,-3.032716706952987,0.017500054066357795
SUIUSDT,1,2026-07-11 23:24:00+00:00,2026-07-11 23:25:00+00:00,2026-07-12 03:30:00+00:00,0.7312,0.7299,40977.92675186796,-72.85462907197194,0.0,-72.85462907197194,-0.27361236152422563,-73.12824143349617,timeout,-2.3513044152167013,0.017329764101441048
SUIUSDT,-1,2026-07-12 08:09:00+00:00,2026-07-12 08:10:00+00:00,2026-07-12 09:25:00+00:00,0.744,0.7374,40949.111488517025,363.2582470755512,0.0,363.2582470755512,0.0,363.2582470755512,repair50,2.157704034376202,0.01626987889493381
AVAXUSDT,1,2026-07-12 06:19:00+00:00,2026-07-12 06:20:00+00:00,2026-07-12 10:25:00+00:00,6.371,6.406,40905.8619103431,224.72220481274107,0.0,224.72220481274107,9.331937692097952,234.05414250483904,timeout,-2.011791593790548,0.016442061565195454
AAVEUSDT,-1,2026-07-12 13:14:00+00:00,2026-07-12 13:15:00+00:00,2026-07-12 14:10:00+00:00,100.34,98.68,41085.05562721722,679.7009402150724,0.0,679.7009402150724,0.0,679.7009402150724,repair50,2.511915213876767,0.025872971824022484
BCHUSDT,1,2026-07-12 22:04:00+00:00,2026-07-12 22:05:00+00:00,2026-07-13 00:15:00+00:00,240.86,244.2,41288.96590928173,572.5531268662252,0.0,572.5531268662252,3.602661864102854,576.155788730328,repair50,-2.6195332194946075,0.02052067204969732
DOGEUSDT,-1,2026-07-13 00:14:00+00:00,2026-07-13 00:15:00+00:00,2026-07-13 00:35:00+00:00,0.0739,0.0733,41461.812645900834,336.6317670844402,0.0,336.6317670844402,0.0,336.6317670844402,repair50,2.604130489144901,0.015361172381790578
ETHUSDT,-1,2026-07-13 00:14:00+00:00,2026-07-13 00:15:00+00:00,2026-07-13 00:40:00+00:00,1839.53,1812.24,41461.812645900834,615.0988932535137,0.0,615.0988932535137,0.0,615.0988932535137,repair50,3.028115905806488,0.018384334754173004
AVAXUSDT,-1,2026-07-13 00:14:00+00:00,2026-07-13 00:15:00+00:00,2026-07-13 00:40:00+00:00,6.519,6.437,41461.812645900834,521.532234539633,0.0,521.532234539633,0.0,521.532234539633,repair50,2.1703306022381468,0.01768440551587047
ADAUSDT,1,2026-07-13 03:09:00+00:00,2026-07-13 03:10:00+00:00,2026-07-13 05:40:00+00:00,0.1582,0.1599,41888.64556562398,450.1308309833091,0.0,450.1308309833091,0.0,450.1308309833091,repair50,-2.404283443065879,0.01941169062124415
DOTUSDT,1,2026-07-13 02:04:00+00:00,2026-07-13 02:05:00+00:00,2026-07-13 06:10:00+00:00,0.83,0.832,41903.79151436411,100.97299160088049,0.0,100.97299160088049,0.0,100.97299160088049,timeout,-2.34076826077292,0.015970457805946636
BCHUSDT,1,2026-07-13 03:09:00+00:00,2026-07-13 03:10:00+00:00,2026-07-13 07:15:00+00:00,237.14,236.83,41888.64556562398,-54.758708464799156,0.0,-54.758708464799156,0.0,-54.758708464799156,timeout,-2.2772707061464312,0.01775656529720193
AVAXUSDT,-1,2026-07-13 09:34:00+00:00,2026-07-13 09:35:00+00:00,2026-07-13 12:40:00+00:00,6.636,6.562,42052.69504859993,468.9420484623845,0.0,468.9420484623845,0.0,468.9420484623845,repair50,2.2885531723801646,0.018702174559406703
NEARUSDT,-1,2026-07-13 14:34:00+00:00,2026-07-13 14:35:00+00:00,2026-07-13 17:40:00+00:00,1.948,1.925,42193.37766313865,498.1764303142616,0.0,498.1764303142616,4.195511937037966,502.3719422512996,repair50,2.1376493705926496,0.020626910133205056
LINKUSDT,1,2026-07-13 17:59:00+00:00,2026-07-13 18:00:00+00:00,2026-07-13 19:20:00+00:00,7.796,7.857,42219.04957981596,330.3440257014878,0.0,330.3440257014878,0.0,330.3440257014878,repair50,-2.4808458722017273,0.015073138012183018
NEARUSDT,1,2026-07-13 19:19:00+00:00,2026-07-13 19:20:00+00:00,2026-07-13 19:45:00+00:00,1.887,1.909,42390.516071079386,494.21905329292446,0.0,494.21905329292446,0.0,494.21905329292446,repair50,-2.0404711289776944,0.01937469705073369
SUIUSDT,1,2026-07-13 17:59:00+00:00,2026-07-13 18:00:00+00:00,2026-07-13 19:55:00+00:00,0.7144,0.7202,42219.04957981596,342.7638403736454,0.0,342.7638403736454,0.0,342.7638403736454,repair50,-2.228315464336662,0.015930985797530384
AVAXUSDT,1,2026-07-13 16:24:00+00:00,2026-07-13 16:25:00+00:00,2026-07-13 20:30:00+00:00,6.497,6.46,42311.599478619624,-240.961856350459,0.0,-240.961856350459,0.0,-240.961856350459,timeout,-2.0564446759279136,0.016493887884812986
FILUSDT,1,2026-07-13 21:39:00+00:00,2026-07-13 21:40:00+00:00,2026-07-13 23:20:00+00:00,0.7373,0.745,42621.99876471932,445.12327477056726,0.0,445.12327477056726,0.0,445.12327477056726,repair50,-2.3242356153086314,0.01885603264411495
UNIUSDT,-1,2026-07-14 01:24:00+00:00,2026-07-14 01:25:00+00:00,2026-07-14 02:20:00+00:00,3.643,3.585,42762.12704248664,680.8134417963818,0.0,680.8134417963818,0.0,680.8134417963818,repair50,2.3988343943561947,0.026645737496602262
NEARUSDT,-1,2026-07-14 00:59:00+00:00,2026-07-14 01:00:00+00:00,2026-07-14 05:05:00+00:00,1.946,1.968,42755.53574715049,-483.3616579842279,0.0,-483.3616579842279,0.0,-483.3616579842279,timeout,2.040925537081399,0.019682793886182104
BCHUSDT,1,2026-07-14 02:29:00+00:00,2026-07-14 02:30:00+00:00,2026-07-14 05:10:00+00:00,232.58,236.59,42959.7797796894,740.6858582705037,0.0,740.6858582705037,0.0,740.6858582705037,repair50,-2.02859482936007,0.015284069531676492
ETHUSDT,-1,2026-07-14 12:34:00+00:00,2026-07-14 12:35:00+00:00,2026-07-14 13:25:00+00:00,1822.0,1877.76,43036.97703977528,-1317.0921184071724,0.0,-1317.0921184071724,0.0,-1317.0921184071724,stop,2.6932387198917067,0.015769156984948962
XLMUSDT,-1,2026-07-14 12:34:00+00:00,2026-07-14 12:35:00+00:00,2026-07-14 16:40:00+00:00,0.18373,0.18523,43036.97703977528,-351.36050486944833,0.0,-351.36050486944833,-5.799491725921976,-357.15999659537033,timeout,2.45143485289464,0.023584549059076476
NEARUSDT,-1,2026-07-14 12:34:00+00:00,2026-07-14 12:35:00+00:00,2026-07-14 16:40:00+00:00,2.027,2.037,43036.97703977528,-212.31858431067442,0.0,-212.31858431067442,-4.739780118204743,-217.05836442887917,timeout,2.175532445433584,0.02082236052093256
LINKUSDT,-1,2026-07-14 13:24:00+00:00,2026-07-14 13:25:00+00:00,2026-07-14 17:30:00+00:00,8.307,8.246,42490.1067345912,312.01354409655215,0.0,312.01354409655215,4.242872702099843,316.25641679865197,timeout,5.899120660078838,0.03675956774299882
LTCUSDT,-1,2026-07-15 09:34:00+00:00,2026-07-15 09:35:00+00:00,2026-07-15 10:55:00+00:00,45.97,45.51,42564.460820985456,425.9223836774734,0.0,425.9223836774734,0.0,425.9223836774734,repair50,3.2606135466089095,0.01789276795195205
NEARUSDT,-1,2026-07-15 11:34:00+00:00,2026-07-15 11:35:00+00:00,2026-07-15 15:40:00+00:00,2.077,2.075,42692.237536088694,41.10952097841569,0.0,41.10952097841569,0.0,41.10952097841569,timeout,2.1103499283227305,0.01989470570301899
XLMUSDT,-1,2026-07-15 12:29:00+00:00,2026-07-15 12:30:00+00:00,2026-07-15 15:50:00+00:00,0.18869,0.18658,42661.40539535488,477.0553043839019,0.0,477.0553043839019,0.0,477.0553043839019,repair50,2.166694681373443,0.020372368060387558
ETHUSDT,-1,2026-07-15 12:54:00+00:00,2026-07-15 12:55:00+00:00,2026-07-15 17:00:00+00:00,1929.21,1918.83,42502.80933407237,228.68384514266066,0.0,228.68384514266066,3.7165098152296894,232.40035495789036,timeout,4.18250640832551,0.025170966277587192
DOTUSDT,1,2026-07-15 16:34:00+00:00,2026-07-15 16:35:00+00:00,2026-07-15 17:40:00+00:00,0.844,0.851,42954.61778521808,356.25867831342254,0.0,356.25867831342254,0.0,356.25867831342254,repair50,-2.2745757477114257,0.015174384694512155
SUIUSDT,1,2026-07-15 16:34:00+00:00,2026-07-15 16:35:00+00:00,2026-07-15 17:55:00+00:00,0.7461,0.7529,42954.61778521808,391.4909542145578,0.0,391.4909542145578,0.0,391.4909542145578,repair50,-2.423477709361833,0.017259919815562963
BCHUSDT,1,2026-07-15 17:04:00+00:00,2026-07-15 17:05:00+00:00,2026-07-15 21:10:00+00:00,230.03,228.08,43044.112313497135,-364.8916185337506,0.0,-364.8916185337506,0.0,-364.8916185337506,timeout,-2.135963725202402,0.015730539371429986
UNIUSDT,-1,2026-07-16 01:59:00+00:00,2026-07-16 02:00:00+00:00,2026-07-16 03:50:00+00:00,3.739,3.685,42975.414104514464,620.6665850879317,0.0,620.6665850879317,0.0,620.6665850879317,repair50,3.0851438008465175,0.02984495482187488
BCHUSDT,1,2026-07-16 00:09:00+00:00,2026-07-16 00:10:00+00:00,2026-07-16 04:15:00+00:00,222.54,221.98,43032.26449438302,-108.28645689249156,0.0,-108.28645689249156,0.0,-108.28645689249156,timeout,-2.0524638840563085,0.015150548341660852
DOGEUSDT,1,2026-07-16 08:14:00+00:00,2026-07-16 08:15:00+00:00,2026-07-16 10:30:00+00:00,0.07268,0.07333,43091.788011216035,385.3833545306924,0.0,385.3833545306924,0.0,385.3833545306924,repair50,-2.9952325473189187,0.017273836499538175
SUIUSDT,1,2026-07-16 07:54:00+00:00,2026-07-16 07:55:00+00:00,2026-07-16 12:00:00+00:00,0.7407,0.7422,43185.97853284165,87.45641663191303,0.0,87.45641663191303,0.8746944562066925,88.33111108811973,timeout,-2.5810148284744208,0.01796510024720288
ETHUSDT,1,2026-07-16 08:14:00+00:00,2026-07-16 08:15:00+00:00,2026-07-16 12:20:00+00:00,1884.56,1881.25,43091.788011216035,-75.68547476181537,0.0,-75.68547476181537,0.0,-75.68547476181537,timeout,-3.0340202554693354,0.017858306509436095
UNIUSDT,1,2026-07-16 15:14:00+00:00,2026-07-16 15:15:00+00:00,2026-07-16 15:30:00+00:00,3.622,3.661,43399.52937625112,467.3058105118141,0.0,467.3058105118141,0.0,467.3058105118141,repair50,-2.0725732357168356,0.01925000455429171
DOTUSDT,-1,2026-07-16 15:34:00+00:00,2026-07-16 15:35:00+00:00,2026-07-16 16:05:00+00:00,0.858,0.85,43357.71297017672,404.26772000164846,0.0,404.26772000164846,0.33860985998838633,404.6063298616368,repair50,2.4293926522725156,0.016085091357077363
NEARUSDT,-1,2026-07-16 13:34:00+00:00,2026-07-16 13:35:00+00:00,2026-07-16 17:40:00+00:00,2.07,2.079,43305.38723009874,-188.28429230478568,0.0,-188.28429230478568,1.7898108174009038,-186.49448148738477,timeout,2.1215661255628415,0.019383412008002532
XRPUSDT,1,2026-07-16 18:39:00+00:00,2026-07-16 18:40:00+00:00,2026-07-16 19:35:00+00:00,1.088,1.0978,43511.012527764564,391.91904666552745,0.0,391.91904666552745,0.0,391.91904666552745,repair50,-3.010062472408839,0.01525261243891951
DOTUSDT,-1,2026-07-16 21:39:00+00:00,2026-07-16 21:40:00+00:00,2026-07-16 22:35:00+00:00,0.87,0.86,43628.58824176423,501.4780257674043,0.0,501.4780257674043,0.0,501.4780257674043,repair50,2.616299832863486,0.017137935061994236
NEARUSDT,1,2026-07-16 22:49:00+00:00,2026-07-16 22:50:00+00:00,2026-07-17 02:55:00+00:00,1.994,1.963,43779.03164949445,-680.6168410904337,0.0,-680.6168410904337,-2.1379079540387766,-682.7547490444724,timeout,-2.059341509358817,0.018311562234161305
UNIUSDT,1,2026-07-16 23:09:00+00:00,2026-07-16 23:10:00+00:00,2026-07-17 03:15:00+00:00,3.58,3.542,43667.059201444084,-463.5050976689627,0.0,-463.5050976689627,-0.07724210950647674,-463.5823397784692,timeout,-2.0862950532677678,0.01889837512110737
XLMUSDT,1,2026-07-16 23:09:00+00:00,2026-07-16 23:10:00+00:00,2026-07-17 03:15:00+00:00,0.18674,0.18413,43667.059201444084,-610.3192916127704,0.0,-610.3192916127704,-0.9768171939471025,-611.2961088067175,timeout,-2.0681283829423913,0.017478083384351306
DOTUSDT,1,2026-07-17 05:59:00+00:00,2026-07-17 06:00:00+00:00,2026-07-17 07:05:00+00:00,0.845,0.852,43251.74169020555,358.29845187152324,0.0,358.29845187152324,0.0,358.29845187152324,repair50,-2.336149735540745,0.01506761091606068
NEARUSDT,1,2026-07-17 06:09:00+00:00,2026-07-17 06:10:00+00:00,2026-07-17 08:40:00+00:00,1.947,1.889,43236.3860422682,-1287.9868466623293,0.0,-1287.9868466623293,-4.306129755446633,-1292.292976417776,stop,-2.178512450017408,0.01918891953799584
LINKUSDT,1,2026-07-17 13:14:00+00:00,2026-07-17 13:15:00+00:00,2026-07-17 14:05:00+00:00,8.058,8.127,42830.29270104599,366.75232022489485,0.0,366.75232022489485,0.0,366.75232022489485,repair50,-2.536948559810764,0.015008186640066312
DOTUSDT,1,2026-07-17 13:09:00+00:00,2026-07-17 13:10:00+00:00,2026-07-17 14:10:00+00:00,0.84,0.848,42888.581384736724,408.462679854634,0.0,408.462679854634,0.0,408.462679854634,repair50,-2.3831061804893903,0.015412695875943294
XLMUSDT,-1,2026-07-17 14:14:00+00:00,2026-07-17 14:15:00+00:00,2026-07-17 14:55:00+00:00,0.18719,0.18535,43167.0397283931,424.31408248434167,0.0,424.31408248434167,0.0,424.31408248434167,repair50,2.3566510707273673,0.019903764076178332
BCHUSDT,1,2026-07-17 11:39:00+00:00,2026-07-17 11:40:00+00:00,2026-07-17 15:45:00+00:00,219.1,215.78,42971.54333284167,-651.1434224784776,0.0,-651.1434224784776,0.0,-651.1434224784776,timeout,-2.1946911845758854,0.015420829201256758
DOTUSDT,-1,2026-07-17 16:34:00+00:00,2026-07-17 16:35:00+00:00,2026-07-17 17:45:00+00:00,0.859,0.85,42993.17700667117,450.45237841681234,0.0,450.45237841681234,0.0,450.45237841681234,repair50,2.618385522459561,0.017232032700488897
ADAUSDT,-1,2026-07-17 14:59:00+00:00,2026-07-17 15:00:00+00:00,2026-07-17 19:05:00+00:00,0.1628,0.1661,43222.55127463626,-876.1327961074876,0.0,-876.1327961074876,1.6172020716220317,-874.5155940358655,timeout,2.096068459515405,0.016635345926554468
AVAXUSDT,-1,2026-07-17 16:44:00+00:00,2026-07-17 16:45:00+00:00,2026-07-17 20:50:00+00:00,6.569,6.544,42884.413020021675,163.2075392754708,0.0,163.2075392754708,0.0,163.2075392754708,timeout,2.0316785755328364,0.015637507487717084
UNIUSDT,-1,2026-07-17 23:34:00+00:00,2026-07-17 23:35:00+00:00,2026-07-18 01:05:00+00:00,3.645,3.593,43057.80232796419,614.2676875320002,0.0,614.2676875320002,2.5017762685426255,616.7694638005428,repair50,2.3816858539451378,0.021807628350501096
LTCUSDT,-1,2026-07-18 14:54:00+00:00,2026-07-18 14:55:00+00:00,2026-07-18 16:25:00+00:00,46.47,46.07,43242.833167104356,372.2215034827138,0.0,372.2215034827138,3.02920801465273,375.2507114973665,repair50,3.015865784101584,0.01644419112783102
LTCUSDT,-1,2026-07-18 16:54:00+00:00,2026-07-18 16:55:00+00:00,2026-07-18 21:00:00+00:00,46.97,47.01,43355.40838055357,-36.92178699642283,0.0,-36.92178699642283,0.0,-36.92178699642283,timeout,2.9527123754649,0.016167907323900055
XLMUSDT,-1,2026-07-19 12:39:00+00:00,2026-07-19 12:40:00+00:00,2026-07-19 13:15:00+00:00,0.19109,0.1894,43344.331844454646,383.3372799054269,0.0,383.3372799054269,0.0,383.3372799054269,repair50,2.126237053305444,0.017613591303510256
AVAXUSDT,-1,2026-07-20 02:49:00+00:00,2026-07-20 02:50:00+00:00,2026-07-20 04:10:00+00:00,6.624,6.572,43459.33302842627,341.16626169657974,0.0,341.16626169657974,0.0,341.16626169657974,repair50,2.097337778121662,0.015267742464965206
ADAUSDT,1,2026-07-20 06:34:00+00:00,2026-07-20 06:35:00+00:00,2026-07-20 07:55:00+00:00,0.1612,0.1626,43561.682906935246,378.3272709038956,0.0,378.3272709038956,0.0,378.3272709038956,repair50,-2.032666930914452,0.015923424429797883
ADAUSDT,-1,2026-07-20 11:49:00+00:00,2026-07-20 11:50:00+00:00,2026-07-20 12:20:00+00:00,0.1656,0.1641,43693.80854673137,395.7772513290903,0.0,395.7772513290903,0.0,395.7772513290903,repair50,2.116916104504605,0.01686866308202406
NEARUSDT,-1,2026-07-20 13:04:00+00:00,2026-07-20 13:05:00+00:00,2026-07-20 13:30:00+00:00,1.982,1.964,43864.69860600001,398.36759581634556,0.0,398.36759581634556,0.0,398.36759581634556,repair50,2.042061957771811,0.01748862133224116
UNIUSDT,-1,2026-07-20 11:44:00+00:00,2026-07-20 11:45:00+00:00,2026-07-20 14:00:00+00:00,3.517,3.48,43675.18108820641,459.4773102825233,0.0,459.4773102825233,0.0,459.4773102825233,repair50,2.2214724367943828,0.020043521759786964
AAVEUSDT,1,2026-07-20 14:54:00+00:00,2026-07-20 14:55:00+00:00,2026-07-20 15:20:00+00:00,88.35,89.29,44051.267735434805,468.6835503260852,0.0,468.6835503260852,0.0,468.6835503260852,repair50,-2.062739444317943,0.018931793327858437
LINKUSDT,-1,2026-07-20 15:54:00+00:00,2026-07-20 15:55:00+00:00,2026-07-20 20:00:00+00:00,8.551,8.555,44191.872800532634,-20.67214258005945,0.0,-20.67214258005945,2.724324920853113,-17.947817659206336,timeout,2.5256423325543365,0.01503402150881672
FILUSDT,-1,2026-07-20 15:54:00+00:00,2026-07-20 15:55:00+00:00,2026-07-20 20:00:00+00:00,0.7305,0.7311,44191.872800532634,-36.29722611953159,0.0,-36.29722611953159,-3.4309081051837094,-39.7281342247153,timeout,2.2960270050024825,0.01734940109377847
ADAUSDT,-1,2026-07-20 15:54:00+00:00,2026-07-20 15:55:00+00:00,2026-07-20 20:00:00+00:00,0.1661,0.1677,44191.872800532634,-425.689322581885,0.0,-425.689322581885,2.9983577121724156,-422.69096486971256,timeout,2.023345428815633,0.016116314678040755
ADAUSDT,-1,2026-07-20 21:34:00+00:00,2026-07-20 21:35:00+00:00,2026-07-20 22:00:00+00:00,0.1714,0.1698,44047.76272550654,411.1809822684389,0.0,411.1809822684389,0.0,411.1809822684389,repair50,2.137981426511432,0.01712410181523305
UNIUSDT,-1,2026-07-21 00:39:00+00:00,2026-07-21 00:40:00+00:00,2026-07-21 01:05:00+00:00,3.706,3.66,44171.11702018707,548.2653488744171,0.0,548.2653488744171,0.0,548.2653488744171,repair50,2.6758501770107297,0.024240718228460967
ADAUSDT,-1,2026-07-21 05:04:00+00:00,2026-07-21 05:05:00+00:00,2026-07-21 09:10:00+00:00,0.1741,0.1745,44335.59662484939,-101.86237018919468,0.0,-101.86237018919468,4.490059408701859,-97.37231078049282,timeout,2.111675013842065,0.016935608806648128
FILUSDT,-1,2026-07-21 08:54:00+00:00,2026-07-21 08:55:00+00:00,2026-07-21 09:30:00+00:00,0.7569,0.7495,44145.84845951553,431.6016364122231,0.0,431.6016364122231,0.0,431.6016364122231,repair50,2.3456448007368964,0.017334777629731457
DOTUSDT,-1,2026-07-21 06:04:00+00:00,2026-07-21 06:05:00+00:00,2026-07-21 10:10:00+00:00,0.85,0.8647,44175.163391801405,-763.9704727758632,0.0,-763.9704727758632,4.334947761722818,-759.6355250141404,timeout,2.413604735727509,0.015624949418965084
XLMUSDT,-1,2026-07-21 13:14:00+00:00,2026-07-21 13:15:00+00:00,2026-07-21 13:35:00+00:00,0.19569,0.19376,44207.974765034676,436.0028171931016,0.0,436.0028171931016,0.0,436.0028171931016,repair50,2.156920571336868,0.017393199417957472
AAVEUSDT,-1,2026-07-21 16:04:00+00:00,2026-07-21 16:05:00+00:00,2026-07-21 17:40:00+00:00,96.5,95.55,44338.77561019261,436.4957184423113,0.0,436.4957184423113,0.0,436.4957184423113,repair50,2.171852449600433,0.02009835659996906
HBARUSDT,-1,2026-07-21 19:54:00+00:00,2026-07-21 19:55:00+00:00,2026-07-21 20:25:00+00:00,0.07018,0.06948,44360.59915615478,442.4682161485957,0.0,442.4682161485957,0.0,442.4682161485957,repair50,3.1029445729063085,0.01720084859278881
NEARUSDT,1,2026-07-21 16:24:00+00:00,2026-07-21 16:25:00+00:00,2026-07-21 20:30:00+00:00,1.935,1.93,44428.37209976761,-114.80199508984226,0.0,-114.80199508984226,0.0,-114.80199508984226,timeout,-2.0041967118442674,0.0167198955884984
FILUSDT,-1,2026-07-21 18:39:00+00:00,2026-07-21 18:40:00+00:00,2026-07-21 22:45:00+00:00,0.7699,0.771,44490.38868484148,-63.565953439832185,0.0,-63.565953439832185,0.0,-63.565953439832185,timeout,2.570635416285153,0.018776403347692927
NEARUSDT,1,2026-07-22 07:09:00+00:00,2026-07-22 07:10:00+00:00,2026-07-22 11:15:00+00:00,1.878,1.886,44548.954406010984,189.7719037529746,0.0,189.7719037529746,-1.6460689207646855,188.1258348322099,timeout,-2.069379364962493,0.017266092973074132
HBARUSDT,-1,2026-07-22 08:54:00+00:00,2026-07-22 08:55:00+00:00,2026-07-22 13:00:00+00:00,0.07118,0.07092,44569.80992450696,162.80065440252224,0.0,162.80065440252224,0.0,162.80065440252224,timeout,2.9535624212379625,0.016460180343080166
ADAUSDT,-1,2026-07-22 14:04:00+00:00,2026-07-22 14:05:00+00:00,2026-07-22 14:25:00+00:00,0.1758,0.174,44586.83748566937,456.5205203310925,0.0,456.5205203310925,0.0,456.5205203310925,repair50,2.05266213730144,0.01630604161229532
UNIUSDT,-1,2026-07-22 10:29:00+00:00,2026-07-22 10:30:00+00:00,2026-07-22 14:30:00+00:00,3.779,3.74,44681.6145291877,461.12277497706,0.0,461.12277497706,0.0,461.12277497706,repair50,2.0787449224230965,0.01853716728552346
UNIUSDT,-1,2026-07-22 16:14:00+00:00,2026-07-22 16:15:00+00:00,2026-07-22 17:30:00+00:00,3.854,3.817,44842.60628328131,430.50763686595633,0.0,430.50763686595633,0.0,430.50763686595633,repair50,2.161745136806983,0.019197628267862532
HBARUSDT,-1,2026-07-22 15:04:00+00:00,2026-07-22 15:05:00+00:00,2026-07-22 18:10:00+00:00,0.07265,0.07179,44929.52534137385,531.8567349426204,0.0,531.8567349426204,1.600123674618746,533.4568586172392,repair50,3.5597949382631655,0.01986095081211925
AVAXUSDT,-1,2026-07-22 15:14:00+00:00,2026-07-22 15:15:00+00:00,2026-07-22 19:15:00+00:00,6.634,6.572,44870.15528724072,419.34724567514695,0.0,419.34724567514695,-0.2728927903158979,419.07435288483106,repair50,2.1574429299918774,0.015304784150077966
HBARUSDT,1,2026-07-22 18:14:00+00:00,2026-07-22 18:15:00+00:00,2026-07-22 21:30:00+00:00,0.07156,0.07222,45275.44761030543,417.5767946171291,0.0,417.5767946171291,0.0,417.5767946171291,repair50,-3.0479316723609124,0.016793351663099254
ADAUSDT,1,2026-07-22 18:39:00+00:00,2026-07-22 18:40:00+00:00,2026-07-22 22:45:00+00:00,0.1754,0.1744,45315.24346240231,-258.3537255553152,0.0,-258.3537255553152,0.0,-258.3537255553152,timeout,-2.057106158172255,0.016046859929232715
UNIUSDT,-1,2026-07-23 06:09:00+00:00,2026-07-23 06:10:00+00:00,2026-07-23 07:10:00+00:00,3.874,3.836,45297.167226078156,444.3191416084094,0.0,444.3191416084094,0.0,444.3191416084094,repair50,2.0616941636568122,0.01796867578201211
FILUSDT,1,2026-07-23 03:09:00+00:00,2026-07-23 03:10:00+00:00,2026-07-23 07:15:00+00:00,0.7451,0.7327,45392.20391660279,-755.4198477598594,0.0,-755.4198477598594,0.0,-755.4198477598594,timeout,-2.68097100979346,0.017322528714103336
DOGEUSDT,1,2026-07-23 13:04:00+00:00,2026-07-23 13:05:00+00:00,2026-07-23 15:15:00+00:00,0.07109,0.06889,45329.02688653281,-1402.7832205707136,0.0,-1402.7832205707136,0.0,-1402.7832205707136,stop,-2.9419690809868997,0.015546395464153151
HBARUSDT,1,2026-07-23 12:44:00+00:00,2026-07-23 12:45:00+00:00,2026-07-23 16:50:00+00:00,0.07211,0.07215,45298.87370475735,25.12765147955474,0.0,25.12765147955474,-2.422640617041896,22.705010862512843,timeout,-2.8639366903186327,0.015856809137815064
AVAXUSDT,1,2026-07-23 13:19:00+00:00,2026-07-23 13:20:00+00:00,2026-07-23 17:25:00+00:00,6.448,6.432,45209.76079866279,-112.18302927707995,0.0,-112.18302927707995,6.456345775160828,-105.72668350191913,timeout,-2.650203893478521,0.017457891899783196
SUIUSDT,1,2026-07-23 15:14:00+00:00,2026-07-23 15:15:00+00:00,2026-07-23 19:20:00+00:00,0.7424,0.7444,44611.31666005259,120.18134876091514,0.0,120.18134876091514,3.480004175193856,123.661352936109,timeout,-3.2631660157315006,0.019202541624227853
UNIUSDT,-1,2026-07-24 05:19:00+00:00,2026-07-24 05:20:00+00:00,2026-07-24 09:25:00+00:00,3.833,3.833,44890.23064267515,-0.0,0.0,-0.0,3.2529870260139657,3.2529870260139657,timeout,2.0203690185978513,0.01724200128318709
AAVEUSDT,1,2026-07-24 13:09:00+00:00,2026-07-24 13:10:00+00:00,2026-07-24 15:00:00+00:00,93.75,94.68,44891.20653878296,445.32076886473374,0.0,445.32076886473374,0.0,445.32076886473374,repair50,-2.3460733396504625,0.018668484889326376
FILUSDT,1,2026-07-24 13:09:00+00:00,2026-07-24 13:10:00+00:00,2026-07-24 15:35:00+00:00,0.7161,0.7233,44891.20653878296,451.3569153459588,0.0,451.3569153459588,0.0,451.3569153459588,repair50,-2.9705666679013336,0.017667339780346625
NEARUSDT,1,2026-07-24 13:09:00+00:00,2026-07-24 13:10:00+00:00,2026-07-24 17:15:00+00:00,1.835,1.803,44891.20653878296,-782.8439287417208,0.0,-782.8439287417208,-3.9729637102857343,-786.8168924520065,timeout,-3.093028089037166,0.024277424889177834
XLMUSDT,1,2026-07-24 15:09:00+00:00,2026-07-24 15:10:00+00:00,2026-07-24 19:15:00+00:00,0.1773,0.17701,44789.3531109726,-73.25951721479106,0.0,-73.25951721479106,9.178379945910056,-64.08113726888101,timeout,-2.0375586274188477,0.015491702619736536
HBARUSDT,-1,2026-07-24 19:44:00+00:00,2026-07-24 19:45:00+00:00,2026-07-24 22:25:00+00:00,0.0719,0.07126,44904.9404351299,399.7101791165948,0.0,399.7101791165948,0.0,399.7101791165948,repair50,2.975477598317862,0.016334053874076826
UNIUSDT,1,2026-07-24 21:59:00+00:00,2026-07-24 22:00:00+00:00,2026-07-25 00:15:00+00:00,3.755,3.82,44989.25430103731,778.7753740525807,0.0,778.7753740525807,-2.412968786140895,776.3624052664397,repair50,-2.11650332857247,0.01743509819074951
HBARUSDT,1,2026-07-24 23:29:00+00:00,2026-07-24 23:30:00+00:00,2026-07-25 03:35:00+00:00,0.07056,0.07056,45100.33479434998,0.0,0.0,0.0,2.7366909998648947,2.7366909998648947,timeout,-2.762700066888633,0.015012972821761172
UNIUSDT,1,2026-07-25 05:14:00+00:00,2026-07-25 05:15:00+00:00,2026-07-25 09:20:00+00:00,3.676,3.614,45258.583217744774,-763.3384547062527,0.0,-763.3384547062527,-0.4047218024470427,-763.7431765086998,timeout,-2.2347584307521124,0.018449894439806158
AVAXUSDT,-1,2026-07-25 13:44:00+00:00,2026-07-25 13:45:00+00:00,2026-07-25 16:05:00+00:00,6.415,6.637,45029.460264792164,-1558.3071206210166,0.0,-1558.3071206210166,4.619150132626362,-1553.6879704883902,stop,3.2490709043832906,0.01931935989480449
DOGEUSDT,-1,2026-07-25 15:44:00+00:00,2026-07-25 15:45:00+00:00,2026-07-25 18:05:00+00:00,0.07125,0.07352,44730.43376326759,-1425.0959248086713,0.0,-1425.0959248086713,2.1108393395766956,-1422.9850854690947,stop,3.118697597393689,0.015744281766649548
UNIUSDT,-1,2026-07-26 11:04:00+00:00,2026-07-26 11:05:00+00:00,2026-07-26 12:30:00+00:00,3.771,3.897,43958.96214122225,-1468.795871067093,0.0,-1468.795871067093,0.0,-1468.795871067093,stop,3.1084570346084788,0.02601853497106732
AAVEUSDT,-1,2026-07-26 10:19:00+00:00,2026-07-26 10:20:00+00:00,2026-07-26 14:25:00+00:00,94.74,96.2,44136.45834800492,-680.1691913456594,0.0,-680.1691913456594,0.0,-680.1691913456594,timeout,2.2198990881281047,0.015738415380925463
LINKUSDT,-1,2026-07-26 16:29:00+00:00,2026-07-26 16:30:00+00:00,2026-07-26 17:25:00+00:00,8.648,8.568,43469.84100983349,402.1261888051195,0.0,402.1261888051195,0.0,402.1261888051195,repair50,3.351493498848121,0.01720342215990045
UNIUSDT,-1,2026-07-26 15:44:00+00:00,2026-07-26 15:45:00+00:00,2026-07-26 17:40:00+00:00,3.93,3.894,43491.76882928109,398.39788240562706,0.0,398.39788240562706,4.373523420186231,402.7714058258133,repair50,2.1154186752012336,0.017998883504304564
LTCUSDT,-1,2026-07-26 16:29:00+00:00,2026-07-26 16:30:00+00:00,2026-07-26 20:35:00+00:00,47.87,47.75,43469.84100983349,108.96972887361301,0.0,108.96972887361301,0.0,108.96972887361301,timeout,3.226102256484253,0.015057917927675968
BCHUSDT,-1,2026-07-26 18:54:00+00:00,2026-07-26 18:55:00+00:00,2026-07-26 20:50:00+00:00,217.16,215.09,43705.99567545197,416.6117657403985,0.0,416.6117657403985,0.0,416.6117657403985,repair50,2.5275399147918214,0.015571012336471401
AAVEUSDT,-1,2026-07-26 22:04:00+00:00,2026-07-26 22:05:00+00:00,2026-07-26 23:55:00+00:00,98.44,101.47,43890.91255605459,-1350.9697790008636,0.0,-1350.9697790008636,0.0,-1350.9697790008636,stop,2.4637267028305474,0.017558536809670233
XLMUSDT,-1,2026-07-26 22:49:00+00:00,2026-07-26 22:50:00+00:00,2026-07-27 01:30:00+00:00,0.18275,0.18117,43535.263556490834,376.3924291067326,0.0,376.3924291067326,2.3083052662682486,378.70073437300084,repair50,2.0833822445490946,0.015838277094772035
LINKUSDT,-1,2026-07-26 22:34:00+00:00,2026-07-26 22:35:00+00:00,2026-07-27 02:40:00+00:00,8.763,8.756,43583.26597271775,34.81488780201129,0.0,34.81488780201129,4.388167929673499,39.20305573168479,timeout,3.4494747649189232,0.01776269119156515
AAVEUSDT,-1,2026-07-27 07:19:00+00:00,2026-07-27 07:20:00+00:00,2026-07-27 08:15:00+00:00,102.39,101.34,43610.99275938572,447.22670570714695,0.0,447.22670570714695,4.337777103039256,451.5644828101862,repair50,2.3950290981716025,0.017185149312240355
BCHUSDT,-1,2026-07-27 10:39:00+00:00,2026-07-27 10:40:00+00:00,2026-07-27 14:15:00+00:00,219.3,217.06,43746.462104228776,446.84028779513204,0.0,446.84028779513204,0.0,446.84028779513204,repair50,2.501175617507279,0.015393513186839236
NEARUSDT,1,2026-07-27 14:29:00+00:00,2026-07-27 14:30:00+00:00,2026-07-27 18:35:00+00:00,1.794,1.749,43880.514190567315,-1100.6817940777748,0.0,-1100.6817940777748,-4.333092542608772,-1105.0148866203835,timeout,-2.2045758641832163,0.01659262725902133
FILUSDT,1,2026-07-27 14:34:00+00:00,2026-07-27 14:35:00+00:00,2026-07-27 18:40:00+00:00,0.7264,0.72,43799.79752566828,-385.9012997856266,0.0,-385.9012997856266,-1.4226664193510443,-387.32396620497764,timeout,-3.877560247282918,0.022486701999327896
SUIUSDT,1,2026-07-27 14:34:00+00:00,2026-07-27 14:35:00+00:00,2026-07-27 18:40:00+00:00,0.7004,0.6997,43799.79752566828,-43.774783363746685,0.0,-43.774783363746685,1.8680926499947452,-41.90669071375194,timeout,-3.4705566118390347,0.018964013484196518
DOTUSDT,1,2026-07-27 22:44:00+00:00,2026-07-27 22:45:00+00:00,2026-07-27 23:05:00+00:00,0.7774,0.7532,43420.24052750559,-1351.6462834649271,0.0,-1351.6462834649271,0.0,-1351.6462834649271,stop,-2.939122606605999,0.015849049637935986
SUIUSDT,1,2026-07-27 22:44:00+00:00,2026-07-27 22:45:00+00:00,2026-07-28 02:50:00+00:00,0.6894,0.6818,43420.24052750559,-478.6681578315106,0.0,-478.6681578315106,2.8622221183789733,-475.80593571313165,timeout,-2.976297569234728,0.016306599072033134
XRPUSDT,1,2026-07-27 22:49:00+00:00,2026-07-27 22:50:00+00:00,2026-07-28 02:55:00+00:00,1.0694,1.0563,43180.66696219888,-528.9571135260882,0.0,-528.9571135260882,3.717534963957374,-525.2395785621308,timeout,-3.7914940730692734,0.016462873888091867
ETHUSDT,1,2026-07-27 23:04:00+00:00,2026-07-27 23:05:00+00:00,2026-07-28 03:10:00+00:00,1886.35,1872.46,42704.66921389648,-314.4527025106773,0.0,-314.4527025106773,-0.6234727551555677,-315.07617526583283,timeout,-5.589266117650856,0.02632467073036182
UNIUSDT,-1,2026-07-28 10:24:00+00:00,2026-07-28 10:25:00+00:00,2026-07-28 13:10:00+00:00,3.793,3.913,42619.91013560379,-1348.3757490831679,0.0,-1348.3757490831679,0.0,-1348.3757490831679,stop,2.347629489463007,0.020005923645235457
BCHUSDT,1,2026-07-28 14:19:00+00:00,2026-07-28 14:20:00+00:00,2026-07-28 14:45:00+00:00,209.09,211.14,42269.885631261655,414.4304631693768,0.0,414.4304631693768,0.0,414.4304631693768,repair50,-2.681362648446226,0.016006961127414288
NEARUSDT,1,2026-07-28 13:49:00+00:00,2026-07-28 13:50:00+00:00,2026-07-28 14:50:00+00:00,1.627,1.648,42215.39741087884,544.8822038281811,0.0,544.8822038281811,0.0,544.8822038281811,repair50,-2.9379022690073726,0.021851933670952284
SOLUSDT,-1,2026-07-28 15:24:00+00:00,2026-07-28 15:25:00+00:00,2026-07-28 17:35:00+00:00,74.43,73.75,42339.55220682105,386.8184267182417,0.0,386.8184267182417,-1.9919557610233267,384.82647095721836,repair50,3.7744191150605078,0.01869827225720022
ETHUSDT,-1,2026-07-28 15:24:00+00:00,2026-07-28 15:25:00+00:00,2026-07-28 17:40:00+00:00,1919.0,1895.3,42339.55220682105,522.9011919237421,0.0,522.9011919237421,1.192568240044176,524.0937601637862,repair50,4.097654590288574,0.01999231357432829
AAVEUSDT,-1,2026-07-28 14:49:00+00:00,2026-07-28 14:50:00+00:00,2026-07-28 18:55:00+00:00,98.96,101.11,42503.19121097811,-923.4222019361702,0.0,-923.4222019361702,2.380204477736689,-921.0419974584335,timeout,2.1715028871757287,0.015052877446598112
ADAUSDT,-1,2026-07-28 22:14:00+00:00,2026-07-28 22:15:00+00:00,2026-07-28 23:05:00+00:00,0.1621,0.1608,42499.55468107688,340.8354169364583,0.0,340.8354169364583,0.0,340.8354169364583,repair50,2.1253952928889834,0.016005394805447715
ADAUSDT,-1,2026-07-29 02:39:00+00:00,2026-07-29 02:40:00+00:00,2026-07-29 03:30:00+00:00,0.1656,0.1638,42601.80530615782,463.06310115388663,0.0,463.06310115388663,0.0,463.06310115388663,repair50,2.5253600076395193,0.01909366305427196
FILUSDT,1,2026-07-29 03:44:00+00:00,2026-07-29 03:45:00+00:00,2026-07-29 05:30:00+00:00,0.6872,0.6931,42696.2955501193,366.57180405370417,0.0,366.57180405370417,0.0,366.57180405370417,repair50,-2.708080290479643,0.015745922309544635
AAVEUSDT,1,2026-07-29 03:34:00+00:00,2026-07-29 03:35:00+00:00,2026-07-29 07:40:00+00:00,98.84,97.99,42740.724236503986,-367.55985027346196,0.0,-367.55985027346196,0.0,-367.55985027346196,timeout,-2.4315961814862463,0.016735836319370923
NEARUSDT,1,2026-07-29 03:34:00+00:00,2026-07-29 03:35:00+00:00,2026-07-29 07:40:00+00:00,1.614,1.603,42740.724236503986,-291.29365960443107,0.0,-291.29365960443107,0.0,-291.29365960443107,timeout,-2.1098751906816418,0.015761377103819862
UNIUSDT,-1,2026-07-29 09:14:00+00:00,2026-07-29 09:15:00+00:00,2026-07-29 10:45:00+00:00,3.904,4.022,42653.03972475672,-1289.2056064347628,0.0,-1289.2056064347628,0.0,-1289.2056064347628,stop,2.0040602475856195,0.017134629077736996
UNIUSDT,1,2026-07-29 15:44:00+00:00,2026-07-29 15:45:00+00:00,2026-07-29 18:05:00+00:00,3.949,3.996,42266.2780428263,503.0425596385996,0.0,503.0425596385996,-2.0747700188126426,500.96778961978697,repair50,-2.203310129533091,0.018746972543446372
AAVEUSDT,-1,2026-07-29 18:04:00+00:00,2026-07-29 18:05:00+00:00,2026-07-29 18:25:00+00:00,100.33,99.38,42531.257633529975,402.71797819050505,0.0,402.71797819050505,0.0,402.71797819050505,repair50,2.4353781537067345,0.017050116786718972
FILUSDT,1,2026-07-29 16:39:00+00:00,2026-07-29 16:40:00+00:00,2026-07-29 18:45:00+00:00,0.6745,0.6829,42272.07743173094,526.4424765404613,0.0,526.4424765404613,0.0,526.4424765404613,repair50,-3.790161520974033,0.021597589288747332
LINKUSDT,-1,2026-07-29 18:54:00+00:00,2026-07-29 18:55:00+00:00,2026-07-29 19:10:00+00:00,8.435,8.35,42422.68283778698,427.49591478505283,0.0,427.49591478505283,0.0,427.49591478505283,repair50,3.0057830675167847,0.015548765344681525
ADAUSDT,-1,2026-07-29 18:44:00+00:00,2026-07-29 18:45:00+00:00,2026-07-29 19:30:00+00:00,0.1667,0.1653,42648.0011491721,358.17157533797257,0.0,358.17157533797257,0.0,358.17157533797257,repair50,2.2536017019524666,0.016627162666139395
NEARUSDT,-1,2026-07-29 18:04:00+00:00,2026-07-29 18:05:00+00:00,2026-07-29 19:50:00+00:00,1.618,1.6,42531.257633529975,473.1536695942761,0.0,473.1536695942761,0.0,473.1536695942761,repair50,2.8045990474976445,0.02092715140458301
FILUSDT,1,2026-07-29 19:59:00+00:00,2026-07-29 20:00:00+00:00,2026-07-29 22:05:00+00:00,0.6654,0.6712,42918.04691985729,374.09779401138496,0.0,374.09779401138496,0.0,374.09779401138496,repair50,-2.82158230778643,0.016313519217807104
BCHUSDT,1,2026-07-29 19:49:00+00:00,2026-07-29 19:50:00+00:00,2026-07-29 22:45:00+00:00,207.18,209.31,43072.962864046705,442.82947630282064,0.0,442.82947630282064,0.0,442.82947630282064,repair50,-2.8484533127844167,0.01575258081580333
AAVEUSDT,1,2026-07-29 19:54:00+00:00,2026-07-29 19:55:00+00:00,2026-07-30 00:00:00+00:00,97.54,96.02,42998.74214900441,-670.0644665417974,0.0,-670.0644665417974,0.0,-670.0644665417974,timeout,-2.3137780703811464,0.01595609197560155
BCHUSDT,-1,2026-07-29 23:04:00+00:00,2026-07-29 23:05:00+00:00,2026-07-30 01:15:00+00:00,210.08,208.33,43115.05984586178,359.15534429863897,0.0,359.15534429863897,-0.571095847781508,358.58424845085744,repair50,2.811086676285107,0.01595469186642462
AAVEUSDT,1,2026-07-30 00:44:00+00:00,2026-07-30 00:45:00+00:00,2026-07-30 01:35:00+00:00,94.27,95.48,43237.29353121177,554.9710954998026,0.0,554.9710954998026,0.0,554.9710954998026,repair50,-2.6101613055159905,0.018127500303255495
UNIUSDT,-1,2026-07-29 22:14:00+00:00,2026-07-29 22:15:00+00:00,2026-07-30 02:20:00+00:00,3.984,4.006,43056.695638261495,-237.76287752052326,0.0,-237.76287752052326,4.31043239736643,-233.45244512315682,timeout,2.1228294366469687,0.018518655355546754
AVAXUSDT,-1,2026-07-30 01:54:00+00:00,2026-07-30 01:55:00+00:00,2026-07-30 04:10:00+00:00,6.516,6.456,43239.99704839922,398.15835219520363,0.0,398.15835219520363,0.0,398.15835219520363,repair50,2.5323583916117975,0.015030854248201608
AAVEUSDT,-1,2026-07-30 08:44:00+00:00,2026-07-30 08:45:00+00:00,2026-07-30 12:50:00+00:00,97.81,98.48,43440.50008048523,-297.5680917485461,0.0,-297.5680917485461,0.0,-297.5680917485461,timeout,2.439675546521667,0.017254813924439283
NEARUSDT,-1,2026-07-30 09:44:00+00:00,2026-07-30 09:45:00+00:00,2026-07-30 13:50:00+00:00,1.656,1.662,43480.47191370518,-157.53794171632381,0.0,-157.53794171632381,0.0,-157.53794171632381,timeout,2.100850241412948,0.01527523467109737
UNIUSDT,-1,2026-07-30 12:49:00+00:00,2026-07-30 12:50:00+00:00,2026-07-30 14:00:00+00:00,4.155,4.287,43509.462662323065,-1382.2500773590002,0.0,-1382.2500773590002,0.0,-1382.2500773590002,stop,2.1219857526334627,0.017950002195162407
FILUSDT,-1,2026-07-30 10:09:00+00:00,2026-07-30 10:10:00+00:00,2026-07-30 14:15:00+00:00,0.6952,0.6939,43422.90378433949,81.19933101214933,0.0,81.19933101214933,0.0,81.19933101214933,timeout,2.5657561577446293,0.015160544145457866
ADAUSDT,-1,2026-07-30 13:59:00+00:00,2026-07-30 14:00:00+00:00,2026-07-30 15:05:00+00:00,0.168,0.1737,42562.759443455005,-1444.0936239743612,0.0,-1444.0936239743612,0.0,-1444.0936239743612,stop,2.2027304672367625,0.01620226945765979
BCHUSDT,-1,2026-07-30 13:49:00+00:00,2026-07-30 13:50:00+00:00,2026-07-30 16:15:00+00:00,214.37,221.21,42937.24270801823,-1370.0179135272926,0.0,-1370.0179135272926,4.403112939701446,-1365.6148005875912,stop,2.7300102853558843,0.015221509247221876
FILUSDT,-1,2026-07-30 15:49:00+00:00,2026-07-30 15:50:00+00:00,2026-07-30 19:55:00+00:00,0.7056,0.7201,42198.00898594686,-867.1643003064472,0.0,-867.1643003064472,3.5851386549587483,-863.5791616514884,timeout,2.835855802681829,0.01666135148910919
AAVEUSDT,-1,2026-07-31 01:34:00+00:00,2026-07-31 01:35:00+00:00,2026-07-31 01:50:00+00:00,101.46,100.15,41706.491792481356,538.4930440385383,0.0,538.4930440385383,0.0,538.4930440385383,repair50,2.593939252859903,0.018247777667307785
UNIUSDT,-1,2026-07-31 01:24:00+00:00,2026-07-31 01:25:00+00:00,2026-07-31 01:55:00+00:00,4.532,4.48,41811.666770677686,479.74551457970296,0.0,479.74551457970296,0.0,479.74551457970296,repair50,2.666375276079117,0.022177144279662775
UNIUSDT,1,2026-07-31 03:09:00+00:00,2026-07-31 03:10:00+00:00,2026-07-31 04:15:00+00:00,4.382,4.439,42040.56172310268,546.8534957135703,0.0,546.8534957135703,0.0,546.8534957135703,repair50,-2.3723512597772323,0.0193503332873044
NEARUSDT,1,2026-07-31 02:24:00+00:00,2026-07-31 02:25:00+00:00,2026-07-31 06:30:00+00:00,1.65,1.665,42117.138338263154,382.88307580239945,0.0,382.88307580239945,0.0,382.88307580239945,timeout,-2.121473379895208,0.015133036088780694
UNIUSDT,-1,2026-07-31 05:19:00+00:00,2026-07-31 05:20:00+00:00,2026-07-31 07:05:00+00:00,4.533,4.457,42273.53672546117,708.7555241859857,0.0,708.7555241859857,0.0,708.7555241859857,repair50,2.63989705227352,0.022072351886259556
AAVEUSDT,1,2026-07-31 07:24:00+00:00,2026-07-31 07:25:00+00:00,2026-07-31 08:30:00+00:00,98.0,98.81,42571.056013334426,351.86280990612863,0.0,351.86280990612863,-1.536728989015508,350.32608091711313,repair50,-2.2280797130706387,0.015444896804890584
UNIUSDT,1,2026-07-31 07:19:00+00:00,2026-07-31 07:20:00+00:00,2026-07-31 09:55:00+00:00,4.416,4.275,42608.68596697374,-1360.4675546520132,0.0,-1360.4675546520132,-3.341233473747322,-1363.8087881257604,stop,-2.058713758210019,0.0169478412224221
BCHUSDT,1,2026-07-31 09:19:00+00:00,2026-07-31 09:20:00+00:00,2026-07-31 13:25:00+00:00,205.77,207.83,42492.7909230077,425.40287360351624,0.0,425.40287360351624,0.0,425.40287360351624,timeout,-6.442885439348628,0.035798031894472726
DOTUSDT,1,2026-07-31 14:09:00+00:00,2026-07-31 14:10:00+00:00,2026-07-31 15:00:00+00:00,0.7476,0.7543,42375.62973441785,379.770892483413,0.0,379.770892483413,0.0,379.770892483413,repair50,-2.7981145762622486,0.015194849122122989
LINKUSDT,1,2026-07-31 14:04:00+00:00,2026-07-31 14:05:00+00:00,2026-07-31 17:25:00+00:00,8.092,8.171,42432.2620168922,414.2546588401406,0.0,414.2546588401406,-2.003221306214171,412.25143753392643,repair50,-3.671401923468756,0.018207475394229844
UNIUSDT,1,2026-07-31 15:09:00+00:00,2026-07-31 15:10:00+00:00,2026-07-31 17:25:00+00:00,4.255,4.304,42569.09051278721,490.2198437430262,0.0,490.2198437430262,-3.397745502872624,486.8220982401536,repair50,-2.1160483398348098,0.017598988356654188
NEARUSDT,-1,2026-07-31 17:24:00+00:00,2026-07-31 17:25:00+00:00,2026-07-31 17:45:00+00:00,1.704,1.687,42875.45212308224,427.748055218539,0.0,427.748055218539,0.0,427.748055218539,repair50,2.549739523337275,0.018057425668611682
BTCUSDT,1,2026-07-31 14:09:00+00:00,2026-07-31 14:10:00+00:00,2026-07-31 17:55:00+00:00,62637.8,63225.0,42375.62973441785,397.2516560295908,0.0,397.2516560295908,-2.402413315158516,394.84924271443225,repair50,-4.852185507609735,0.01648350887580119
ADAUSDT,-1,2026-07-31 18:04:00+00:00,2026-07-31 18:05:00+00:00,2026-07-31 19:20:00+00:00,0.1721,0.1706,43062.694534749324,375.32854039583816,0.0,375.32854039583816,0.0,375.32854039583816,repair50,2.1687442297538504,0.015933501432773278
AAVEUSDT,1,2026-07-31 21:04:00+00:00,2026-07-31 21:05:00+00:00,2026-08-01 01:10:00+00:00,94.39,92.19,43175.293096868074,-1006.3104652305299,0.0,-1006.3104652305299,5.262140437452163,-1001.0483247930777,timeout,-2.9780785296086094,0.020310185048362683
HBARUSDT,-1,2026-08-01 01:09:00+00:00,2026-08-01 01:10:00+00:00,2026-08-01 05:15:00+00:00,0.0699,0.06976,42874.97859943016,85.87263238798901,0.0,85.87263238798901,0.0,85.87263238798901,timeout,3.2444238706385238,0.01633338016559538
UNIUSDT,1,2026-08-01 05:19:00+00:00,2026-08-01 05:20:00+00:00,2026-08-01 09:25:00+00:00,4.189,4.1,42900.74038914656,-911.4743123977246,0.0,-911.4743123977246,-4.195854222352195,-915.6701666200768,timeout,-2.641298849821363,0.022021805634018565
FILUSDT,1,2026-08-01 10:04:00+00:00,2026-08-01 10:05:00+00:00,2026-08-01 14:10:00+00:00,0.7088,0.7112,42626.03933916053,144.33196164501567,0.0,144.33196164501567,0.0,144.33196164501567,timeout,-3.42269302287564,0.01988340909303321
ADAUSDT,-1,2026-08-01 13:39:00+00:00,2026-08-01 13:40:00+00:00,2026-08-01 14:10:00+00:00,0.1762,0.1746,42685.57627333911,387.61022722668883,0.0,387.61022722668883,0.0,387.61022722668883,repair50,2.3009694234831324,0.016657354531059543
SOLUSDT,1,2026-08-01 18:34:00+00:00,2026-08-01 18:35:00+00:00,2026-08-01 21:50:00+00:00,71.18,71.79,42772.70326020864,366.55449548647806,0.0,366.55449548647806,0.0,366.55449548647806,repair50,-3.8560870458285055,0.01661883352945548
SUIUSDT,1,2026-08-01 18:34:00+00:00,2026-08-01 18:35:00+00:00,2026-08-01 21:50:00+00:00,0.6707,0.6764,42772.70326020864,363.5073931462507,0.0,363.5073931462507,0.0,363.5073931462507,repair50,-3.0219338771399276,0.01575294087723189
FILUSDT,1,2026-08-01 18:24:00+00:00,2026-08-01 18:25:00+00:00,2026-08-01 22:30:00+00:00,0.6955,0.7014,42785.621995822046,362.9549529480194,0.0,362.9549529480194,0.0,362.9549529480194,timeout,-2.977251366493826,0.017375772648656862
ADAUSDT,-1,2026-08-02 02:09:00+00:00,2026-08-02 02:10:00+00:00,2026-08-02 04:20:00+00:00,0.1772,0.1831,43044.97196995092,-1433.2129493381,0.0,-1433.2129493381,0.0,-1433.2129493381,stop,2.484865378295546,0.016228281871994543
NEARUSDT,-1,2026-08-02 01:04:00+00:00,2026-08-02 01:05:00+00:00,2026-08-02 05:10:00+00:00,1.698,1.713,43113.52704829627,-380.861546363044,0.0,-380.861546363044,0.0,-380.861546363044,timeout,2.193501063505972,0.015298450559033228
LINKUSDT,-1,2026-08-02 02:09:00+00:00,2026-08-02 02:10:00+00:00,2026-08-02 06:15:00+00:00,8.227,8.355,43044.97196995092,-669.7163500855422,0.0,-669.7163500855422,0.0,-669.7163500855422,timeout,3.3595607845934605,0.017002729792933158
UNIUSDT,-1,2026-08-02 07:24:00+00:00,2026-08-02 07:25:00+00:00,2026-08-02 08:00:00+00:00,4.261,4.217,42218.72159018946,435.95957520966067,0.0,435.95957520966067,0.0,435.95957520966067,repair50,2.3094809719905958,0.02003074591425258
AVAXUSDT,-1,2026-08-02 04:54:00+00:00,2026-08-02 04:55:00+00:00,2026-08-02 09:00:00+00:00,6.532,6.572,42321.762378795494,-259.1657218542248,0.0,-259.1657218542248,4.281417725031853,-254.88430412919294,timeout,5.638930509854134,0.034230528843949504
ADAUSDT,-1,2026-08-02 13:34:00+00:00,2026-08-02 13:35:00+00:00,2026-08-02 13:40:00+00:00,0.1916,0.1895,42422.7123758844,464.96709806553514,0.0,464.96709806553514,0.0,464.96709806553514,repair50,2.3513534519537487,0.01558712344784241
UNIUSDT,1,2026-08-03 00:09:00+00:00,2026-08-03 00:10:00+00:00,2026-08-03 04:15:00+00:00,4.133,4.107,42562.20250530406,-267.75157637016406,0.0,-267.75157637016406,0.0,-267.75157637016406,timeout,-2.028486017277223,0.017256479080352993
ADAUSDT,1,2026-08-03 01:24:00+00:00,2026-08-03 01:25:00+00:00,2026-08-03 05:30:00+00:00,0.1853,0.1849,42534.397533911775,-91.81737190266395,0.0,-91.81737190266395,0.0,-91.81737190266395,timeout,-3.129621057369994,0.02031377495597908
UNIUSDT,1,2026-08-03 07:44:00+00:00,2026-08-03 07:45:00+00:00,2026-08-03 11:50:00+00:00,4.052,4.073,42454.33182082222,220.024918123721,0.0,220.024918123721,-4.25381508372503,215.77110303999598,timeout,-2.1175282059029583,0.01802941943426062
ADAUSDT,-1,2026-08-03 09:44:00+00:00,2026-08-03 09:45:00+00:00,2026-08-03 13:50:00+00:00,0.1868,0.1913,42506.49029927,-1023.9786206997621,0.0,-1023.9786206997621,0.0,-1023.9786206997621,timeout,2.574349191380106,0.017021219190938686
FILUSDT,-1,2026-08-03 13:54:00+00:00,2026-08-03 13:55:00+00:00,2026-08-03 14:15:00+00:00,0.7301,0.7228,42106.83797319051,421.0107070323093,0.0,421.0107070323093,0.0,421.0107070323093,repair50,3.3465996182591358,0.019643537242566067
DOTUSDT,-1,2026-08-03 13:19:00+00:00,2026-08-03 13:20:00+00:00,2026-08-03 17:25:00+00:00,0.8204,0.8279,42239.17566207629,-386.14556005066777,0.0,-386.14556005066777,4.249204951783481,-381.89635509888427,timeout,3.209129450198049,0.017576348382812856
NEARUSDT,-1,2026-08-03 14:14:00+00:00,2026-08-03 14:15:00+00:00,2026-08-03 18:20:00+00:00,1.739,1.75,42298.013639388715,-267.55500289434815,0.0,-267.55500289434815,3.2349335925504086,-264.32006930179773,timeout,2.307101854870928,0.015855169647991163
BTCUSDT,-1,2026-08-03 14:59:00+00:00,2026-08-03 15:00:00+00:00,2026-08-03 19:05:00+00:00,63928.0,63853.0,42247.627626104935,49.56469891061741,0.0,49.56469891061741,1.0409046421259904,50.605603552743396,timeout,4.378594942164075,0.01503395050822931
ADAUSDT,-1,2026-08-04 03:44:00+00:00,2026-08-04 03:45:00+00:00,2026-08-04 05:25:00+00:00,0.197,0.1945,41846.429312420405,531.0460572642176,0.0,531.0460572642176,0.0,531.0460572642176,repair50,3.184149733604453,0.021183686541582425
AVAXUSDT,-1,2026-08-04 01:34:00+00:00,2026-08-04 01:35:00+00:00,2026-08-04 05:40:00+00:00,6.769,6.856,42159.48953137961,-541.8637301270503,0.0,-541.8637301270503,0.0,-541.8637301270503,timeout,4.571156630696067,0.028282859283650374
DOTUSDT,-1,2026-08-04 01:44:00+00:00,2026-08-04 01:45:00+00:00,2026-08-04 05:50:00+00:00,0.8363,0.8346,41952.086517434414,85.27866445012359,0.0,85.27866445012359,0.0,85.27866445012359,timeout,2.886963458938407,0.015577350653317668
UNIUSDT,1,2026-08-04 14:19:00+00:00,2026-08-04 14:20:00+00:00,2026-08-04 14:30:00+00:00,3.785,3.84,42107.28235726169,611.8627555216342,0.0,611.8627555216342,0.0,611.8627555216342,repair50,-2.066886259674417,0.017805254147407967
DOTUSDT,-1,2026-08-04 16:24:00+00:00,2026-08-04 16:25:00+00:00,2026-08-04 17:35:00+00:00,0.8451,0.8372,42414.54882527269,396.4914634003651,0.0,396.4914634003651,0.0,396.4914634003651,repair50,3.4131247095904516,0.018337235330365242
HBARUSDT,1,2026-08-04 13:54:00+00:00,2026-08-04 13:55:00+00:00,2026-08-04 18:00:00+00:00,0.0696,0.06983,42181.82782885579,139.3939712735182,0.0,139.3939712735182,-4.219879752970648,135.17409152054753,timeout,-3.3277283095467443,0.01547550657098884
AAVEUSDT,1,2026-08-04 15:24:00+00:00,2026-08-04 15:25:00+00:00,2026-08-04 19:20:00+00:00,90.01,90.77,42372.65938444829,357.77381548917197,0.0,357.77381548917197,1.8075637008152283,359.5813791899872,repair50,-2.3417034141776227,0.015280346376695286
XLMUSDT,1,2026-08-05 00:49:00+00:00,2026-08-05 00:50:00+00:00,2026-08-05 02:05:00+00:00,0.16565,0.16762,42550.69460988464,506.03603007227593,0.0,506.03603007227593,0.0,506.03603007227593,repair50,-3.8297327199590816,0.020525380895042855
DOTUSDT,-1,2026-08-04 22:14:00+00:00,2026-08-04 22:15:00+00:00,2026-08-05 02:20:00+00:00,0.8594,0.8577,42632.76073574556,84.33289882565582,0.0,84.33289882565582,4.248737379462539,88.58163620511836,timeout,3.164710549751387,0.016936443513731803
NEARUSDT,1,2026-08-05 03:29:00+00:00,2026-08-05 03:30:00+00:00,2026-08-05 05:15:00+00:00,1.694,1.713,42882.65825818471,480.974325209863,0.0,480.974325209863,0.0,480.974325209863,repair50,-2.847004058732978,0.017848919002619423
DOTUSDT,1,2026-08-05 03:19:00+00:00,2026-08-05 03:20:00+00:00,2026-08-05 06:45:00+00:00,0.8447,0.8534,42834.04552790459,441.1698781730424,0.0,441.1698781730424,0.0,441.1698781730424,repair50,-3.30230650788707,0.01740135098792417
UNIUSDT,-1,2026-08-05 03:04:00+00:00,2026-08-05 03:05:00+00:00,2026-08-05 07:10:00+00:00,3.926,3.962,42811.14603562879,-392.56272472813157,0.0,-392.56272472813157,0.0,-392.56272472813157,timeout,2.1468926450792996,0.018665938687360883
ADAUSDT,-1,2026-08-05 09:29:00+00:00,2026-08-05 09:30:00+00:00,2026-08-05 10:20:00+00:00,0.196,0.1943,42970.02047922522,372.6991572177718,0.0,372.6991572177718,0.0,372.6991572177718,repair50,2.4538965360896348,0.016124080512993855
BCHUSDT,-1,2026-08-05 10:44:00+00:00,2026-08-05 10:45:00+00:00,2026-08-05 10:50:00+00:00,214.43,212.7,43081.83022639055,347.57993886889096,0.0,347.57993886889096,0.0,347.57993886889096,repair50,3.026750876487247,0.015804080252859398
UNIUSDT,-1,2026-08-05 14:09:00+00:00,2026-08-05 14:10:00+00:00,2026-08-05 15:50:00+00:00,4.071,4.029,43295.09122182549,446.670064189799,0.0,446.670064189799,0.0,446.670064189799,repair50,2.186311410240624,0.01853942276666265
ADAUSDT,1,2026-08-05 13:34:00+00:00,2026-08-05 13:35:00+00:00,2026-08-05 17:40:00+00:00,0.1902,0.1914,43186.10420805122,272.4675344356527,0.0,272.4675344356527,-4.291363667361557,268.1761707682911,timeout,-3.360735715197834,0.021720876923983168
UNIUSDT,-1,2026-08-05 17:29:00+00:00,2026-08-05 17:30:00+00:00,2026-08-05 17:50:00+00:00,4.173,4.131,43359.68794837331,436.4023229886561,0.0,436.4023229886561,0.0,436.4023229886561,repair50,2.40224257234117,0.020477270639434275
ETHUSDT,-1,2026-08-05 17:54:00+00:00,2026-08-05 17:55:00+00:00,2026-08-05 22:00:00+00:00,1914.94,1907.76,43531.47877543525,163.21974453906012,0.0,163.21974453906012,0.0,163.21974453906012,timeout,3.4852637260903685,0.015383571005639363
FILUSDT,1,2026-08-06 02:19:00+00:00,2026-08-06 02:20:00+00:00,2026-08-06 04:20:00+00:00,0.7077,0.7134,43493.82886851827,350.3106182712342,0.0,350.3106182712342,0.0,350.3106182712342,repair50,-2.8955395007822586,0.015524332572362631
XRPUSDT,1,2026-08-06 02:19:00+00:00,2026-08-06 02:20:00+00:00,2026-08-06 06:00:00+00:00,1.0432,1.0517,43493.82886851827,354.3879844539989,0.0,354.3879844539989,0.0,354.3879844539989,repair50,-4.239906103337581,0.015664346336011437
XLMUSDT,1,2026-08-06 02:04:00+00:00,2026-08-06 02:05:00+00:00,2026-08-06 06:10:00+00:00,0.16151,0.16247,43580.44469879697,259.03799709519905,0.0,259.03799709519905,0.0,259.03799709519905,timeout,-3.2987837583444795,0.01761248333689658
NEARUSDT,1,2026-08-06 09:14:00+00:00,2026-08-06 09:15:00+00:00,2026-08-06 12:45:00+00:00,1.679,1.697,43869.5656787431,470.31100787216735,0.0,470.31100787216735,0.0,470.31100787216735,repair50,-3.178591110896307,0.019782084412544365
AVAXUSDT,1,2026-08-06 09:59:00+00:00,2026-08-06 10:00:00+00:00,2026-08-06 14:05:00+00:00,6.52,6.413,43924.435296328185,-720.8457939734774,0.0,-720.8457939734774,0.0,-720.8457939734774,timeout,-3.462966067519334,0.020259696375845904
FILUSDT,1,2026-08-06 10:04:00+00:00,2026-08-06 10:05:00+00:00,2026-08-06 14:10:00+00:00,0.6889,0.6895,43644.73621846171,38.01254424601049,0.0,38.01254424601049,0.0,38.01254424601049,timeout,-5.552991394353247,0.02963264960883205
ADAUSDT,-1,2026-08-06 14:04:00+00:00,2026-08-06 14:05:00+00:00,2026-08-06 14:45:00+00:00,0.1944,0.2021,43807.70963339881,-1735.1819144916255,0.0,-1735.1819144916255,0.0,-1735.1819144916255,stop,2.4707023385896054,0.016400519006573466
UNIUSDT,-1,2026-08-06 14:54:00+00:00,2026-08-06 14:55:00+00:00,2026-08-06 16:30:00+00:00,4.102,4.062,43285.25443183902,422.0892679847764,0.0,422.0892679847764,4.293567471845586,426.382835456622,repair50,2.3268923714601417,0.019567807310434615
FILUSDT,-1,2026-08-06 15:59:00+00:00,2026-08-06 16:00:00+00:00,2026-08-06 16:45:00+00:00,0.7087,0.7312,43392.887195175135,-1377.649163103488,0.0,-1377.649163103488,-1.5538992904592215,-1379.2030623939472,stop,4.501266781011499,0.025225563175865995
ADAUSDT,1,2026-08-06 19:19:00+00:00,2026-08-06 19:20:00+00:00,2026-08-06 21:35:00+00:00,0.2025,0.2042,43015.9371796152,361.12144792763075,0.0,361.12144792763075,0.0,361.12144792763075,repair50,-2.3582996477262026,0.01652449975406367
FILUSDT,1,2026-08-06 18:39:00+00:00,2026-08-06 18:40:00+00:00,2026-08-06 22:45:00+00:00,0.7024,0.7026,42999.40836375783,12.24356730175276,0.0,12.24356730175276,0.0,12.24356730175276,timeout,-2.918888353217569,0.016566879088374176
ADAUSDT,1,2026-08-06 23:24:00+00:00,2026-08-06 23:25:00+00:00,2026-08-07 00:15:00+00:00,0.1997,0.2013,43111.417868326644,345.40945713231577,0.0,345.40945713231577,-0.34036302496360854,345.06909410735216,repair50,-2.2423214003091516,0.01578734931624648
UNIUSDT,-1,2026-08-07 00:54:00+00:00,2026-08-07 00:55:00+00:00,2026-08-07 01:40:00+00:00,4.085,4.044,43214.938596558844,433.73622581613853,0.0,433.73622581613853,0.0,433.73622581613853,repair50,2.06510309803047,0.017370928261953855
AAVEUSDT,-1,2026-08-07 01:04:00+00:00,2026-08-07 01:05:00+00:00,2026-08-07 03:25:00+00:00,90.9,90.14,43233.98067476541,361.472225663606,0.0,361.472225663606,0.0,361.472225663606,repair50,2.477675913785319,0.015985611789181675
ADAUSDT,-1,2026-08-07 06:19:00+00:00,2026-08-07 06:20:00+00:00,2026-08-07 06:55:00+00:00,0.2034,0.2011,43453.50113200276,491.3621071957029,0.0,491.3621071957029,0.0,491.3621071957029,repair50,2.366998378506343,0.016959238840527968
ADAUSDT,1,2026-08-07 14:39:00+00:00,2026-08-07 14:40:00+00:00,2026-08-07 15:45:00+00:00,0.1971,0.1992,43699.70336634614,465.5980571756794,0.0,465.5980571756794,0.0,465.5980571756794,repair50,-2.4709171663838476,0.017424499491453527
UNIUSDT,1,2026-08-07 14:14:00+00:00,2026-08-07 14:15:00+00:00,2026-08-07 15:50:00+00:00,3.972,4.008,43600.90976416148,395.17440873862523,0.0,395.17440873862523,0.0,395.17440873862523,repair50,-2.1035006086300245,0.017210089093107284
FILUSDT,1,2026-08-07 17:14:00+00:00,2026-08-07 17:15:00+00:00,2026-08-07 19:20:00+00:00,0.6748,0.6841,43859.14150393577,604.4606046037459,0.0,604.4606046037459,0.0,604.4606046037459,repair50,-4.509533632751326,0.025670551481452697
UNIUSDT,1,2026-08-07 22:34:00+00:00,2026-08-07 22:35:00+00:00,2026-08-07 23:05:00+00:00,3.942,3.98,44040.47968531689,424.5403927047314,0.0,424.5403927047314,0.0,424.5403927047314,repair50,-2.0836578789169193,0.016985104548727703
AVAXUSDT,-1,2026-08-08 01:44:00+00:00,2026-08-08 01:45:00+00:00,2026-08-08 05:50:00+00:00,6.571,6.537,44167.841803128314,228.53547729513684,0.0,228.53547729513684,0.0,228.53547729513684,timeout,3.52245915532261,0.02153743559798893
FILUSDT,-1,2026-08-08 10:04:00+00:00,2026-08-08 10:05:00+00:00,2026-08-08 14:10:00+00:00,0.7182,0.7128,44236.40244631685,332.6045296715528,0.0,332.6045296715528,0.0,332.6045296715528,timeout,3.365440511574586,0.01990270175957698
SUIUSDT,-1,2026-08-08 14:49:00+00:00,2026-08-08 14:50:00+00:00,2026-08-08 16:25:00+00:00,0.705,0.6983,44247.831522799774,420.5113066705766,0.0,420.5113066705766,4.3971674843792234,424.9084741549558,repair50,3.765801233599991,0.017814623978130717
BNBUSDT,-1,2026-08-08 14:24:00+00:00,2026-08-08 14:25:00+00:00,2026-08-08 18:30:00+00:00,606.69,604.49,44336.18380521832,160.77338405360854,0.0,160.77338405360854,3.8272242958129956,164.60060834942152,timeout,5.654742271253162,0.016476320080999862
UNIUSDT,-1,2026-08-09 15:19:00+00:00,2026-08-09 15:20:00+00:00,2026-08-09 15:45:00+00:00,4.084,4.045,44513.03652996964,425.07552024211674,0.0,425.07552024211674,0.0,425.07552024211674,repair50,2.2465307653671482,0.017949956580625148
NEARUSDT,1,2026-08-09 23:24:00+00:00,2026-08-09 23:25:00+00:00,2026-08-10 00:55:00+00:00,1.604,1.618,44643.909740897376,389.66006008264844,0.0,389.66006008264844,-4.450453473896395,385.20960660875204,repair50,-2.583976073183351,0.015951479815389247
UNIUSDT,1,2026-08-09 23:19:00+00:00,2026-08-09 23:20:00+00:00,2026-08-10 01:15:00+00:00,3.997,4.037,44640.55918604228,446.7406473459326,0.0,446.7406473459326,-4.452514664361466,442.28813268157114,repair50,-2.10497846128897,0.01649052339300927
SUIUSDT,1,2026-08-09 23:29:00+00:00,2026-08-09 23:30:00+00:00,2026-08-10 01:50:00+00:00,0.6863,0.694,44593.757532900534,500.3233760794556,0.0,500.3233760794556,-4.279215282517859,496.0441607969378,repair50,-3.860724849657864,0.017715744238491204
NEARUSDT,-1,2026-08-10 05:29:00+00:00,2026-08-10 05:30:00+00:00,2026-08-10 09:35:00+00:00,1.645,1.651,45037.62175606846,-164.27096081241228,0.0,-164.27096081241228,4.5241850532958745,-159.74677575911642,timeout,2.432178386586131,0.015256468659853528
UNIUSDT,1,2026-08-10 15:29:00+00:00,2026-08-10 15:30:00+00:00,2026-08-10 19:35:00+00:00,3.924,3.951,44989.69772334073,309.56214029821666,0.0,309.56214029821666,-2.0469683274254464,307.51517197079124,timeout,-2.339650609419104,0.01817056820392693
NEARUSDT,1,2026-08-10 15:49:00+00:00,2026-08-10 15:50:00+00:00,2026-08-10 19:55:00+00:00,1.624,1.605,45030.972675380486,-526.8401975567926,0.0,-526.8401975567926,-4.486460208667834,-531.3266577654605,timeout,-2.4948717846161244,0.015251367043031983
LINKUSDT,-1,2026-08-11 09:24:00+00:00,2026-08-11 09:25:00+00:00,2026-08-11 13:30:00+00:00,8.681,8.648,44922.55427760233,170.76883897717371,0.0,170.76883897717371,0.0,170.76883897717371,timeout,5.548275072952908,0.026226674681720796
UNIUSDT,1,2026-08-11 12:59:00+00:00,2026-08-11 13:00:00+00:00,2026-08-11 15:35:00+00:00,3.84,3.72,44956.70804539776,-1404.897126418675,0.0,-1404.897126418675,0.0,-1404.897126418675,stop,-2.1257060278080147,0.016407820920938065
NEARUSDT,1,2026-08-11 14:44:00+00:00,2026-08-11 14:45:00+00:00,2026-08-11 18:50:00+00:00,1.56,1.564,44900.0278301585,115.12827648758548,0.0,115.12827648758548,-4.466184699791269,110.66209178779421,timeout,-3.139739355747818,0.018591605407238365
SUIUSDT,1,2026-08-11 14:54:00+00:00,2026-08-11 14:55:00+00:00,2026-08-11 19:00:00+00:00,0.6765,0.6796,44545.43300627589,204.1254136281697,0.0,204.1254136281697,-1.5622421870829002,202.5631714410868,timeout,-3.6382103951308298,0.01594853948003616
AVAXUSDT,1,2026-08-11 15:34:00+00:00,2026-08-11 15:35:00+00:00,2026-08-11 19:40:00+00:00,6.227,6.255,44440.06572179448,199.82685726838002,0.0,199.82685726838002,3.5903660193604336,203.41722328774046,timeout,-4.449510929239763,0.02544585299935842
DOGEUSDT,-1,2026-08-11 20:29:00+00:00,2026-08-11 20:30:00+00:00,2026-08-12 00:35:00+00:00,0.07203,0.07213,44707.30853732487,-62.06762257021571,0.0,-62.06762257021571,4.460800034121253,-57.606822536094455,timeout,3.8101045362643355,0.01553986966013099
LINKUSDT,-1,2026-08-11 21:09:00+00:00,2026-08-11 21:10:00+00:00,2026-08-12 01:15:00+00:00,8.756,8.799,44781.78968440912,-219.9197072212862,0.0,-219.9197072212862,4.488919233212185,-215.430787988074,timeout,3.684407665565369,0.01690032808045916
NEARUSDT,-1,2026-08-11 23:44:00+00:00,2026-08-11 23:45:00+00:00,2026-08-12 03:50:00+00:00,1.618,1.665,44672.3468010719,-1297.65160670604,0.0,-1297.65160670604,4.472560849712503,-1293.1790458563275,timeout,2.4643815138419245,0.015107841809266276
UNIUSDT,1,2026-08-12 06:44:00+00:00,2026-08-12 06:45:00+00:00,2026-08-12 07:20:00+00:00,3.711,3.593,44237.44354041071,-1406.6338824490574,0.0,-1406.6338824490574,0.0,-1406.6338824490574,stop,-2.1046844197910985,0.01641843634111495
AVAXUSDT,-1,2026-08-12 12:29:00+00:00,2026-08-12 12:30:00+00:00,2026-08-12 14:05:00+00:00,6.425,6.346,43815.45337567599,538.7425395608401,0.0,538.7425395608401,0.0,538.7425395608401,repair50,4.021664641258037,0.023877852720000536
NEARUSDT,1,2026-08-12 14:39:00+00:00,2026-08-12 14:40:00+00:00,2026-08-12 15:10:00+00:00,1.614,1.631,43952.727671198925,462.94694573134007,0.0,462.94694573134007,0.0,462.94694573134007,repair50,-3.2305807544865766,0.01957546283022571
XLMUSDT,1,2026-08-12 14:54:00+00:00,2026-08-12 14:55:00+00:00,2026-08-12 15:25:00+00:00,0.15855,0.15985,43999.71213454509,360.7671130552382,0.0,360.7671130552382,0.0,360.7671130552382,repair50,-3.310997407822745,0.015703356925592882
DOGEUSDT,1,2026-08-12 14:04:00+00:00,2026-08-12 14:05:00+00:00,2026-08-12 18:10:00+00:00,0.07044,0.07075,43977.076137544245,193.53909146278593,0.0,193.53909146278593,-0.5799355612827954,192.95915590150312,timeout,-3.9371013211871104,0.01597695572633251
DOGEUSDT,1,2026-08-12 21:59:00+00:00,2026-08-12 22:00:00+00:00,2026-08-13 00:20:00+00:00,0.06933,0.06986,44378.08260732076,339.2526147682116,0.0,339.2526147682116,1.5797994434690883,340.83241421168066,repair50,-3.789997700382885,0.015443639632806594
FILUSDT,1,2026-08-12 21:24:00+00:00,2026-08-12 21:25:00+00:00,2026-08-13 01:30:00+00:00,0.6642,0.6697,44282.078101950676,366.6838746773984,0.0,366.6838746773984,11.087877242070034,377.77175191946844,timeout,-7.034929747040956,0.03930871520980472
AVAXUSDT,-1,2026-08-13 03:54:00+00:00,2026-08-13 03:55:00+00:00,2026-08-13 08:00:00+00:00,6.51,6.516,44497.659351790026,-41.01166760533724,0.0,-41.01166760533724,0.0,-41.01166760533724,timeout,2.6258168265616693,0.015736486977577346
UNIUSDT,1,2026-08-13 11:34:00+00:00,2026-08-13 11:35:00+00:00,2026-08-13 15:40:00+00:00,3.53,3.487,44485.35585150842,-541.8896038568957,0.0,-541.8896038568957,0.0,-541.8896038568957,timeout,-2.146021471643057,0.017241387905830963
BCHUSDT,1,2026-08-13 15:34:00+00:00,2026-08-13 15:35:00+00:00,2026-08-13 19:40:00+00:00,208.46,206.07,44307.666469778604,-507.9886926161907,0.0,-507.9886926161907,11.975982976897011,-496.0127096392937,timeout,-5.509035778633302,0.024028707827121187
UNIUSDT,1,2026-08-14 03:49:00+00:00,2026-08-14 03:50:00+00:00,2026-08-14 04:20:00+00:00,3.437,3.467,44173.98515745957,385.5744994832144,0.0,385.5744994832144,0.0,385.5744994832144,repair50,-2.0612799025383133,0.016389627476847135
UNIUSDT,1,2026-08-14 11:14:00+00:00,2026-08-14 11:15:00+00:00,2026-08-14 11:45:00+00:00,3.329,3.228,44289.65750730453,-1343.7234629731915,0.0,-1343.7234629731915,0.0,-1343.7234629731915,stop,-3.753704669254704,0.029727320491073517
BCHUSDT,1,2026-08-14 14:29:00+00:00,2026-08-14 14:30:00+00:00,2026-08-14 16:20:00+00:00,200.34,201.93,43886.540468412575,348.3058767334319,0.0,348.3058767334319,24.310854341736018,372.6167310751679,repair50,-3.402196263585103,0.015381821665358397
NEARUSDT,-1,2026-08-14 20:44:00+00:00,2026-08-14 20:45:00+00:00,2026-08-14 21:35:00+00:00,1.627,1.612,43998.325487735136,405.6391409440832,0.0,405.6391409440832,0.0,405.6391409440832,repair50,2.6803572093978767,0.015828975038564508
LINKUSDT,-1,2026-08-15 01:14:00+00:00,2026-08-15 01:15:00+00:00,2026-08-15 02:15:00+00:00,9.153,9.477,44083.3791038221,-1560.473596595475,0.0,-1560.473596595475,0.0,-1560.473596595475,stop,3.9599826411768633,0.018026069090385732
FILUSDT,-1,2026-08-15 00:04:00+00:00,2026-08-15 00:05:00+00:00,2026-08-15 04:10:00+00:00,0.6864,0.6952,44120.017230018355,-565.6412465386949,0.0,-565.6412465386949,0.0,-565.6412465386949,timeout,3.1200537782277005,0.018310675801708642
AVAXUSDT,-1,2026-08-15 02:54:00+00:00,2026-08-15 02:55:00+00:00,2026-08-15 06:15:00+00:00,6.799,6.624,43437.83136115631,1118.0497849981466,0.0,1118.0497849981466,0.0,1118.0497849981466,repair50,7.399541941443508,0.04449857974835281
AVAXUSDT,1,2026-08-15 22:59:00+00:00,2026-08-15 23:00:00+00:00,2026-08-16 03:05:00+00:00,6.372,6.356,43817.597712577546,-110.0253552104909,0.0,-110.0253552104909,2.2540784496617823,-107.77127676082912,timeout,-2.820080397303047,0.017060369155588173
FILUSDT,1,2026-08-15 23:19:00+00:00,2026-08-15 23:20:00+00:00,2026-08-16 03:25:00+00:00,0.676,0.6764,43737.14167157988,25.8799654861411,0.0,25.8799654861411,1.5130706940492729,27.39303618019037,timeout,-2.6212952178395845,0.015315594913607677
ADAUSDT,-1,2026-08-16 19:34:00+00:00,2026-08-16 19:35:00+00:00,2026-08-16 20:40:00+00:00,0.1789,0.1776,43793.484240403355,318.2310201929804,0.0,318.2310201929804,0.0,318.2310201929804,repair50,2.2329298516855625,0.015131399170845494
FILUSDT,1,2026-08-16 21:39:00+00:00,2026-08-16 21:40:00+00:00,2026-08-17 01:05:00+00:00,0.6618,0.6727,43888.95354646125,722.8612778126643,0.0,722.8612778126643,3.272090118388164,726.1333679310525,repair50,-4.251797738266653,0.02465282402356317
LINKUSDT,-1,2026-08-17 01:34:00+00:00,2026-08-17 01:35:00+00:00,2026-08-17 02:15:00+00:00,9.548,9.456,44106.79355684056,424.99214570898073,0.0,424.99214570898073,0.0,424.99214570898073,repair50,3.062994958012046,0.01607503853146297
FILUSDT,1,2026-08-18 02:44:00+00:00,2026-08-18 02:45:00+00:00,2026-08-18 03:30:00+00:00,0.6391,0.6183,44195.2243837563,-1438.3674967644092,0.0,-1438.3674967644092,0.0,-1438.3674967644092,stop,-7.527320130493046,0.04294638425249808
DOTUSDT,1,2026-08-18 02:04:00+00:00,2026-08-18 02:05:00+00:00,2026-08-18 06:10:00+00:00,0.7473,0.7374,44234.29120055326,-586.002251954335,0.0,-586.002251954335,0.0,-586.002251954335,timeout,-3.3667032365327665,0.015654596599043558
XLMUSDT,1,2026-08-18 02:54:00+00:00,2026-08-18 02:55:00+00:00,2026-08-18 07:00:00+00:00,0.15455,0.15464,43921.918988437414,25.57730643131193,0.0,25.57730643131193,0.0,25.57730643131193,timeout,-3.5299992653640477,0.015225406598603608
SUIUSDT,1,2026-08-18 03:29:00+00:00,2026-08-18 03:30:00+00:00,2026-08-18 07:35:00+00:00,0.6505,0.6477,43477.52837457041,-187.1438577229705,0.0,-187.1438577229705,0.0,-187.1438577229705,timeout,-6.527962795554065,0.026799913428998123
NEARUSDT,1,2026-08-18 08:04:00+00:00,2026-08-18 08:05:00+00:00,2026-08-18 12:10:00+00:00,1.619,1.623,43578.51031055014,107.6677215825838,0.0,107.6677215825838,0.0,107.6677215825838,timeout,-2.7766081804528406,0.016153017258711766
NEARUSDT,-1,2026-08-18 15:34:00+00:00,2026-08-18 15:35:00+00:00,2026-08-18 15:55:00+00:00,1.646,1.633,43610.81062702492,344.4353208695745,0.0,344.4353208695745,0.0,344.4353208695745,repair50,2.548631572226299,0.015089282337971799
NEARUSDT,1,2026-08-18 17:29:00+00:00,2026-08-18 17:30:00+00:00,2026-08-18 18:05:00+00:00,1.6,1.614,43714.14122328579,382.49873570375223,0.0,382.49873570375223,0.0,382.49873570375223,repair50,-2.813339019713442,0.01634672234605139
NEARUSDT,1,2026-08-19 00:19:00+00:00,2026-08-19 00:20:00+00:00,2026-08-19 01:10:00+00:00,1.564,1.581,43864.912412185586,476.79252621941066,0.0,476.79252621941066,0.0,476.79252621941066,repair50,-2.8175536989720658,0.016418368623229984
AAVEUSDT,1,2026-08-18 22:49:00+00:00,2026-08-18 22:50:00+00:00,2026-08-19 02:55:00+00:00,86.86,87.09,43828.89084399692,116.05623870734297,0.0,116.05623870734297,-1.03026816716448,115.02597054017849,timeout,-3.147337280851431,0.01757571865170182
LINKUSDT,-1,2026-08-19 03:54:00+00:00,2026-08-19 03:55:00+00:00,2026-08-19 04:20:00+00:00,9.687,9.605,44006.43639302479,372.5124170773212,0.0,372.5124170773212,0.0,372.5124170773212,repair50,2.9638568508355463,0.015427911224685342
LINKUSDT,-1,2026-08-19 08:39:00+00:00,2026-08-19 08:40:00+00:00,2026-08-19 10:00:00+00:00,9.822,9.734,44118.190118147984,395.2759855830761,0.0,395.2759855830761,0.0,395.2759855830761,repair50,3.3477914880830406,0.01744678292657209
DOTUSDT,-1,2026-08-19 10:54:00+00:00,2026-08-19 10:55:00+00:00,2026-08-19 13:55:00+00:00,0.7764,0.7695,44236.77291382291,393.1397901923986,0.0,393.1397901923986,0.0,393.1397901923986,repair50,3.419727233563201,0.016497821826117365
SOLUSDT,-1,2026-08-19 12:49:00+00:00,2026-08-19 12:50:00+00:00,2026-08-19 15:05:00+00:00,78.59,81.03,44132.14541458719,-1370.1798550908861,0.0,-1370.1798550908861,0.0,-1370.1798550908861,stop,4.1544185904088256,0.015232774116490155
UNIUSDT,-1,2026-08-19 11:24:00+00:00,2026-08-19 11:25:00+00:00,2026-08-19 15:30:00+00:00,3.366,3.509,44235.06361038729,-1879.2674082844208,0.0,-1879.2674082844208,0.0,-1879.2674082844208,stop,2.2258725452852226,0.01816975608050697
XRPUSDT,-1,2026-08-19 14:54:00+00:00,2026-08-19 14:55:00+00:00,2026-08-19 15:30:00+00:00,1.0289,1.0622,43866.718129508125,-1419.7314741108253,0.0,-1419.7314741108253,0.0,-1419.7314741108253,stop,4.561334736378402,0.015175407577140865
ETHUSDT,-1,2026-08-19 15:04:00+00:00,2026-08-19 15:05:00+00:00,2026-08-19 15:30:00+00:00,1985.39,2074.51,43622.79869296978,-1958.1360939248614,0.0,-1958.1360939248614,0.0,-1958.1360939248614,stop,7.329642816016552,0.026384913276432664
SUIUSDT,-1,2026-08-19 15:29:00+00:00,2026-08-19 15:30:00+00:00,2026-08-19 16:00:00+00:00,0.7001,0.6797,42366.52040145733,1234.5050938290633,0.0,1234.5050938290633,0.0,1234.5050938290633,repair50,12.970967836078954,0.05837371751575682
BTCUSDT,-1,2026-08-19 15:29:00+00:00,2026-08-19 15:30:00+00:00,2026-08-19 19:35:00+00:00,68298.9,68210.9,42366.52040145733,54.58731832179222,0.0,54.58731832179222,4.251874139536636,58.83919246132886,timeout,16.436133369518313,0.04589182901900646
XLMUSDT,-1,2026-08-19 15:34:00+00:00,2026-08-19 15:35:00+00:00,2026-08-19 19:40:00+00:00,0.16693,0.16507,42409.652932246485,472.5451054572469,0.0,472.5451054572469,4.028728188360789,476.5738336456077,timeout,10.748116603157378,0.04869680801859744
DOGEUSDT,-1,2026-08-19 15:59:00+00:00,2026-08-19 16:00:00+00:00,2026-08-19 20:05:00+00:00,0.07248,0.07313,42925.21339036679,-384.952934654223,0.0,-384.952934654223,4.2931135743207625,-380.6598210799022,timeout,4.405138093799811,0.017872938571640518
LINKUSDT,-1,2026-08-19 19:44:00+00:00,2026-08-19 19:45:00+00:00,2026-08-19 20:55:00+00:00,10.133,10.616,42815.27859645467,-2040.8348526682723,0.0,-2040.8348526682723,0.0,-2040.8348526682723,stop,2.958838566162348,0.01568400016449578
ETHUSDT,-1,2026-08-19 20:29:00+00:00,2026-08-19 20:30:00+00:00,2026-08-19 20:55:00+00:00,2125.01,2204.17,42607.10159016951,-1587.1822541436563,0.0,-1587.1822541436563,0.0,-1587.1822541436563,stop,3.379905507419295,0.015306547170254925
XRPUSDT,-1,2026-08-19 20:39:00+00:00,2026-08-19 20:40:00+00:00,2026-08-19 21:30:00+00:00,1.0852,1.1217,42493.962349074754,-1429.2569348887107,0.0,-1429.2569348887107,0.0,-1429.2569348887107,stop,4.746409345386404,0.017746252163107767
SOLUSDT,-1,2026-08-19 20:54:00+00:00,2026-08-19 20:55:00+00:00,2026-08-19 21:30:00+00:00,84.14,86.99,41481.091584700924,-1405.052424725431,0.0,-1405.052424725431,0.0,-1405.052424725431,stop,6.042819578426023,0.024378955442049266
XLMUSDT,-1,2026-08-19 21:29:00+00:00,2026-08-19 21:30:00+00:00,2026-08-19 22:55:00+00:00,0.17229,0.16917,40611.02733557392,735.4251859480582,0.0,735.4251859480582,0.0,735.4251859480582,repair50,7.285985447664076,0.034707247339680336
ADAUSDT,-1,2026-08-19 21:29:00+00:00,2026-08-19 21:30:00+00:00,2026-08-19 23:10:00+00:00,0.1913,0.1867,40611.02733557392,976.5328057691571,0.0,976.5328057691571,0.0,976.5328057691571,repair50,7.404266744843436,0.05003986059467347
FILUSDT,1,2026-08-19 23:29:00+00:00,2026-08-19 23:30:00+00:00,2026-08-20 00:25:00+00:00,0.6712,0.6773,41402.09197569631,376.27050216291144,0.0,376.27050216291144,-4.155791237584775,372.1147109253267,repair50,-2.290630291960882,0.015258114921519073
SUIUSDT,-1,2026-08-19 20:54:00+00:00,2026-08-19 20:55:00+00:00,2026-08-20 01:00:00+00:00,0.7086,0.7076,41481.091584700924,58.53950265975163,0.0,58.53950265975163,4.132888887778557,62.67239154753019,timeout,5.709989437117378,0.026840632355875194
BCHUSDT,1,2026-08-20 03:09:00+00:00,2026-08-20 03:10:00+00:00,2026-08-20 03:55:00+00:00,208.88,210.71,41488.62347944336,363.4822911115565,0.0,363.4822911115565,0.0,363.4822911115565,repair50,-3.6432031224263057,0.016539011028610662
XRPUSDT,1,2026-08-20 03:09:00+00:00,2026-08-20 03:10:00+00:00,2026-08-20 05:05:00+00:00,1.0918,1.1009,41488.62347944336,345.80186266983867,0.0,345.80186266983867,0.0,345.80186266983867,repair50,-3.730526360809369,0.015189505425193373
XLMUSDT,1,2026-08-20 03:54:00+00:00,2026-08-20 03:55:00+00:00,2026-08-20 06:50:00+00:00,0.16705,0.16875,41614.810596635405,423.49702492834444,0.0,423.49702492834444,0.0,423.49702492834444,repair50,-4.122433794298396,0.019734203099786907
ADAUSDT,1,2026-08-20 03:09:00+00:00,2026-08-20 03:10:00+00:00,2026-08-20 07:15:00+00:00,0.1831,0.1839,41488.62347944336,181.27197587959395,0.0,181.27197587959395,0.0,181.27197587959395,timeout,-2.644425081026985,0.01770599418513641
XLMUSDT,-1,2026-08-20 08:09:00+00:00,2026-08-20 08:10:00+00:00,2026-08-20 09:20:00+00:00,0.17114,0.17644,41882.83942582015,-1297.0611718876276,0.0,-1297.0611718876276,0.0,-1297.0611718876276,stop,3.259926825906671,0.01602034356529991
XRPUSDT,-1,2026-08-20 09:19:00+00:00,2026-08-20 09:20:00+00:00,2026-08-20 11:50:00+00:00,1.1581,1.1932,41165.46770025391,-1247.6538436049684,0.0,-1247.6538436049684,0.0,-1247.6538436049684,stop,7.032539823634352,0.030880248239955943
ADAUSDT,-1,2026-08-20 11:49:00+00:00,2026-08-20 11:50:00+00:00,2026-08-20 12:05:00+00:00,0.1947,0.192,40710.50022303748,564.5523913826459,0.0,564.5523913826459,0.0,564.5523913826459,repair50,3.216881694046463,0.02246262670385457
BTCUSDT,-1,2026-08-20 08:09:00+00:00,2026-08-20 08:10:00+00:00,2026-08-20 12:15:00+00:00,70700.0,71770.0,41882.83942582015,-633.870412809444,0.0,-633.870412809444,0.0,-633.870412809444,timeout,4.65319794357723,0.015501921818392495
SOLUSDT,-1,2026-08-20 08:09:00+00:00,2026-08-20 08:10:00+00:00,2026-08-20 12:15:00+00:00,86.79,86.82,41882.83942582015,-14.477303638364997,0.0,-14.477303638364997,0.0,-14.477303638364997,timeout,3.5842660372512207,0.01582512047672857
ADAUSDT,-1,2026-08-20 13:59:00+00:00,2026-08-20 14:00:00+00:00,2026-08-20 14:30:00+00:00,0.1952,0.1935,40984.404458836245,356.93385030749016,0.0,356.93385030749016,0.0,356.93385030749016,repair50,2.3960296723292442,0.01668455152244408
DOTUSDT,-1,2026-08-20 12:04:00+00:00,2026-08-20 12:05:00+00:00,2026-08-20 16:10:00+00:00,0.8214,0.8381,41044.32664362447,-834.4780313471189,0.0,-834.4780313471189,-1.3459459143955554,-835.8239772615144,timeout,3.7619543332019836,0.01904252857640021
NEARUSDT,1,2026-08-20 12:14:00+00:00,2026-08-20 12:15:00+00:00,2026-08-20 16:20:00+00:00,1.729,1.73,41100.28257297987,23.77112930768154,0.0,23.77112930768154,-0.9297740846586248,22.841355223022916,timeout,-2.5703991018970984,0.015726118577070403
DOGEUSDT,-1,2026-08-20 15:04:00+00:00,2026-08-20 15:05:00+00:00,2026-08-20 16:45:00+00:00,0.07894,0.08158,40994.90302069426,-1370.9975167802543,0.0,-1370.9975167802543,4.165707404860948,-1366.8318093753933,stop,4.516763390596049,0.01976329574820679
FILUSDT,-1,2026-08-20 16:19:00+00:00,2026-08-20 16:20:00+00:00,2026-08-20 16:50:00+00:00,0.7196,0.7431,40818.56894083713,-1333.0132992074336,0.0,-1333.0132992074336,0.0,-1333.0132992074336,stop,2.662566379685872,0.018400192255608072
SUIUSDT,-1,2026-08-20 16:44:00+00:00,2026-08-20 16:45:00+00:00,2026-08-20 18:05:00+00:00,0.7483,0.7375,40155.13096281357,579.5475269255417,0.0,579.5475269255417,0.0,579.5475269255417,repair50,4.36197877501512,0.02210727115240596
XRPUSDT,1,2026-08-20 18:19:00+00:00,2026-08-20 18:20:00+00:00,2026-08-20 18:25:00+00:00,1.2617,1.2785,40248.66865322622,535.9258408292001,0.0,535.9258408292001,0.0,535.9258408292001,repair50,-3.499649117046991,0.018139800578864773
BCHUSDT,-1,2026-08-20 16:09:00+00:00,2026-08-20 16:10:00+00:00,2026-08-20 18:40:00+00:00,223.13,220.95,40776.441052692164,398.3894657592857,0.0,398.3894657592857,0.0,398.3894657592857,repair50,3.7384323237512227,0.017742501252679954
HBARUSDT,1,2026-08-20 18:29:00+00:00,2026-08-20 18:30:00+00:00,2026-08-20 20:35:00+00:00,0.07223,0.07295,40537.436880286295,404.08354636308854,0.0,404.08354636308854,0.0,404.08354636308854,repair50,-4.636617241661491,0.018230996928899845
AVAXUSDT,-1,2026-08-20 16:49:00+00:00,2026-08-20 16:50:00+00:00,2026-08-20 20:55:00+00:00,7.191,7.166,40101.969444581875,139.41722098658533,0.0,139.41722098658533,0.0,139.41722098658533,timeout,3.7448616298296953,0.024735258007005045
SUIUSDT,1,2026-08-20 18:39:00+00:00,2026-08-20 18:40:00+00:00,2026-08-20 21:35:00+00:00,0.7267,0.7361,40512.59134020314,524.03792293644,0.0,524.03792293644,0.0,524.03792293644,repair50,-3.9431484820483056,0.019792917740566573
FILUSDT,1,2026-08-20 20:34:00+00:00,2026-08-20 20:35:00+00:00,2026-08-21 00:15:00+00:00,0.7331,0.7394,40773.08082396814,350.38931822534323,0.0,350.38931822534323,-4.089385001083704,346.2999332242595,repair50,-2.345693135280801,0.016857515785402954
XRPUSDT,-1,2026-08-20 21:29:00+00:00,2026-08-20 21:30:00+00:00,2026-08-21 01:35:00+00:00,1.2593,1.2906,40808.2506466105,-1014.2922617636059,0.0,-1014.2922617636059,4.108045687660456,-1010.1842160759454,timeout,2.7190653575007766,0.015273324391490206
NEARUSDT,-1,2026-08-20 22:24:00+00:00,2026-08-20 22:25:00+00:00,2026-08-21 02:30:00+00:00,1.77,1.785,40842.45589959986,-346.1225076237267,0.0,-346.1225076237267,2.703365386471252,-343.4191422372554,timeout,3.2550459892770474,0.02070175234098426
ADAUSDT,-1,2026-08-21 02:29:00+00:00,2026-08-21 02:30:00+00:00,2026-08-21 02:50:00+00:00,0.2085,0.2056,40495.07329826475,563.2408276497248,0.0,563.2408276497248,0.0,563.2408276497248,repair50,3.658810107741706,0.026593205777315054
BCHUSDT,-1,2026-08-21 00:14:00+00:00,2026-08-21 00:15:00+00:00,2026-08-21 04:20:00+00:00,226.16,228.43,40877.337532673155,-410.29163512189814,0.0,-410.29163512189814,0.0,-410.29163512189814,timeout,3.760655299401457,0.01812324423908307
AAVEUSDT,-1,2026-08-21 03:24:00+00:00,2026-08-21 03:25:00+00:00,2026-08-21 05:30:00+00:00,101.23,100.36,40815.66626500205,350.78168181914555,0.0,350.78168181914555,0.0,350.78168181914555,repair50,2.597767485429409,0.015833309840004306
BTCUSDT,-1,2026-08-21 01:34:00+00:00,2026-08-21 01:35:00+00:00,2026-08-21 05:40:00+00:00,74740.7,75300.0,40728.591075411554,-304.7804073079022,0.0,-304.7804073079022,0.0,-304.7804073079022,timeout,5.282813886765506,0.01889963906589265
SOLUSDT,-1,2026-08-21 06:04:00+00:00,2026-08-21 06:05:00+00:00,2026-08-21 06:25:00+00:00,90.89,90.11,40423.91286562804,346.9100234920228,0.0,346.9100234920228,0.0,346.9100234920228,repair50,3.570523101267469,0.016181458753152356
BNBUSDT,-1,2026-08-21 06:39:00+00:00,2026-08-21 06:40:00+00:00,2026-08-21 06:55:00+00:00,673.31,666.73,40534.41404534623,396.1272584966432,0.0,396.1272584966432,0.0,396.1272584966432,repair50,5.017183111759478,0.01569522914816046
LINKUSDT,-1,2026-08-21 07:19:00+00:00,2026-08-21 07:20:00+00:00,2026-08-21 07:35:00+00:00,11.295,11.644,40606.64797103348,-1254.6896982638955,0.0,-1254.6896982638955,0.0,-1254.6896982638955,stop,5.337086506038516,0.03210975870438659
DOGEUSDT,-1,2026-08-21 07:39:00+00:00,2026-08-21 07:40:00+00:00,2026-08-21 07:55:00+00:00,0.08441,0.08341,40170.477442141215,475.8971382791279,0.0,475.8971382791279,0.0,475.8971382791279,repair50,3.5359973926973702,0.0174861265508246
SUIUSDT,-1,2026-08-21 05:09:00+00:00,2026-08-21 05:10:00+00:00,2026-08-21 08:20:00+00:00,0.7584,0.7876,40626.05127809484,-1564.1886831755949,0.0,-1564.1886831755949,4.166527252650603,-1560.0221559229442,stop,2.953739927535898,0.015406630520957476
AAVEUSDT,-1,2026-08-21 07:54:00+00:00,2026-08-21 07:55:00+00:00,2026-08-21 08:20:00+00:00,104.17,107.32,40390.82753428687,-1221.3795404915365,0.0,-1221.3795404915365,4.103059776978244,-1217.2764807145584,stop,5.122551272582469,0.03159659713916696
XRPUSDT,-1,2026-08-21 08:19:00+00:00,2026-08-21 08:20:00+00:00,2026-08-21 08:55:00+00:00,1.3522,1.3943,39732.39250498959,-1237.0460911551997,0.0,-1237.0460911551997,0.0,-1237.0460911551997,stop,5.3289426307071315,0.030944646602795167
DOTUSDT,-1,2026-08-21 08:54:00+00:00,2026-08-21 08:55:00+00:00,2026-08-21 09:15:00+00:00,0.8924,0.8756,38967.486356239315,733.5878202429594,0.0,733.5878202429594,0.0,733.5878202429594,repair50,6.837881244972232,0.03636953412520061
AVAXUSDT,-1,2026-08-21 07:19:00+00:00,2026-08-21 07:20:00+00:00,2026-08-21 11:25:00+00:00,7.472,7.611,40606.64797103348,-755.3966900392961,0.0,-755.3966900392961,4.061714918061691,-751.3349751212344,timeout,2.5033586773059318,0.016588492328919013
FILUSDT,-1,2026-08-21 09:44:00+00:00,2026-08-21 09:45:00+00:00,2026-08-21 11:35:00+00:00,0.7778,0.7652,39483.10924074891,639.6080951831311,0.0,639.6080951831311,0.0,639.6080951831311,repair50,2.3008154942033565,0.01710563333199766
LTCUSDT,-1,2026-08-21 08:19:00+00:00,2026-08-21 08:20:00+00:00,2026-08-21 12:25:00+00:00,50.52,50.37,39732.39250498959,117.97028653500732,0.0,117.97028653500732,0.0,117.97028653500732,timeout,8.795793076504324,0.030453631627265887
XLMUSDT,1,2026-08-21 11:34:00+00:00,2026-08-21 11:35:00+00:00,2026-08-21 12:30:00+00:00,0.18762,0.18979,39721.7431815596,459.418946295614,0.0,459.418946295614,0.0,459.418946295614,repair50,-3.423945589616479,0.019277611592998456
BTCUSDT,1,2026-08-21 11:34:00+00:00,2026-08-21 11:35:00+00:00,2026-08-21 12:40:00+00:00,76485.8,77224.3,39721.7431815596,383.5288032495188,0.0,383.5288032495188,0.0,383.5288032495188,repair50,-4.698842281293692,0.01758636186213014
ADAUSDT,-1,2026-08-21 12:44:00+00:00,2026-08-21 12:45:00+00:00,2026-08-21 12:55:00+00:00,0.2172,0.2155,39939.23642046264,312.59991673474474,0.0,312.59991673474474,0.0,312.59991673474474,repair50,2.0916516963868204,0.01529735206427385
AAVEUSDT,1,2026-08-21 13:34:00+00:00,2026-08-21 13:35:00+00:00,2026-08-21 13:45:00+00:00,108.75,110.21,40174.40421442023,539.35292094762,0.0,539.35292094762,0.0,539.35292094762,repair50,-2.6121934187561164,0.0175215355167746
HBARUSDT,-1,2026-08-21 12:59:00+00:00,2026-08-21 13:00:00+00:00,2026-08-21 14:40:00+00:00,0.07766,0.0768,40033.016395483064,443.3220976064397,0.0,443.3220976064397,0.0,443.3220976064397,repair50,4.039265840792358,0.01691847925106149
XRPUSDT,-1,2026-08-21 13:44:00+00:00,2026-08-21 13:45:00+00:00,2026-08-21 14:40:00+00:00,1.4116,1.3907,40102.29015961188,593.7502581013656,0.0,593.7502581013656,0.0,593.7502581013656,repair50,4.218783212224172,0.026072346322190798
BCHUSDT,-1,2026-08-21 13:09:00+00:00,2026-08-21 13:10:00+00:00,2026-08-21 14:50:00+00:00,267.03,276.78,40091.782347956476,-1463.8612811016537,0.0,-1463.8612811016537,0.0,-1463.8612811016537,stop,2.4053436002211663,0.015823112609383738
FILUSDT,-1,2026-08-21 15:04:00+00:00,2026-08-21 15:05:00+00:00,2026-08-21 15:25:00+00:00,0.7951,0.7846,39978.69524419691,527.9540939052557,0.0,527.9540939052557,0.0,527.9540939052557,repair50,2.7677308457059815,0.02060230806246577
AAVEUSDT,-1,2026-08-21 14:54:00+00:00,2026-08-21 14:55:00+00:00,2026-08-21 15:45:00+00:00,111.89,110.49,40066.785594149194,501.3271948503829,0.0,501.3271948503829,0.0,501.3271948503829,repair50,2.2984878679859455,0.01567614996500266
UNIUSDT,-1,2026-08-21 15:24:00+00:00,2026-08-21 15:25:00+00:00,2026-08-21 15:55:00+00:00,4.005,3.96,40061.29253425906,450.1268824074063,0.0,450.1268824074063,0.0,450.1268824074063,repair50,2.320661367552873,0.020410615223541706
SUIUSDT,-1,2026-08-21 15:49:00+00:00,2026-08-21 15:50:00+00:00,2026-08-21 16:15:00+00:00,0.818,0.8064,40412.2554290157,573.0833288222225,0.0,573.0833288222225,4.87405946754316,577.9573882897656,repair50,3.861658065236922,0.021107861039954434
LTCUSDT,-1,2026-08-21 14:59:00+00:00,2026-08-21 15:00:00+00:00,2026-08-21 19:05:00+00:00,51.49,51.29,40053.894323424465,155.57931374412345,0.0,155.57931374412345,4.031060019110227,159.61037376323367,timeout,4.389825772264219,0.015946167206823958
HBARUSDT,1,2026-08-21 19:04:00+00:00,2026-08-21 19:05:00+00:00,2026-08-21 19:15:00+00:00,0.07614,0.07687,40573.26771383995,389.00033400450684,0.0,389.00033400450684,0.0,389.00033400450684,repair50,-3.667692467569955,0.015372428391894899
AVAXUSDT,1,2026-08-21 18:44:00+00:00,2026-08-21 18:45:00+00:00,2026-08-21 19:30:00+00:00,7.508,7.575,40647.86554469218,362.7340159156061,0.0,362.7340159156061,0.0,362.7340159156061,repair50,-2.5652818466783103,0.016939500242142413
SUIUSDT,1,2026-08-21 18:49:00+00:00,2026-08-21 18:50:00+00:00,2026-08-21 20:05:00+00:00,0.798,0.8056,40666.92824208154,387.30407849601335,0.0,387.30407849601335,0.0,387.30407849601335,repair50,-3.248487482621348,0.017478353049579565
AAVEUSDT,1,2026-08-21 19:19:00+00:00,2026-08-21 19:20:00+00:00,2026-08-21 20:05:00+00:00,109.32,110.73,40895.107655346925,527.4615970914695,0.0,527.4615970914695,0.0,527.4615970914695,repair50,-2.2744155061209868,0.015371938178314393
DOGEUSDT,-1,2026-08-21 20:34:00+00:00,2026-08-21 20:35:00+00:00,2026-08-21 21:45:00+00:00,0.08672,0.09087,41239.992385650105,-1973.5466835845054,0.0,-1973.5466835845054,0.0,-1973.5466835845054,stop,4.82769635711993,0.024163602818982444
BCHUSDT,1,2026-08-21 19:44:00+00:00,2026-08-21 19:45:00+00:00,2026-08-21 21:55:00+00:00,286.89,291.46,41021.968920738,653.4574156219194,0.0,653.4574156219194,0.0,653.4574156219194,repair50,-3.7305820237749483,0.026678249379178176
LINKUSDT,-1,2026-08-21 20:29:00+00:00,2026-08-21 20:30:00+00:00,2026-08-21 22:05:00+00:00,11.813,12.237,41236.11803657342,-1480.0739903078927,0.0,-1480.0739903078927,0.0,-1480.0739903078927,stop,2.5580747538484614,0.016244276187139528
AAVEUSDT,-1,2026-08-21 21:44:00+00:00,2026-08-21 21:45:00+00:00,2026-08-21 23:55:00+00:00,118.91,122.95,40482.27373170321,-1375.396399597018,0.0,-1375.396399597018,0.0,-1375.396399597018,stop,8.059872996931645,0.0587773018775275
XLMUSDT,-1,2026-08-21 23:54:00+00:00,2026-08-21 23:55:00+00:00,2026-08-22 00:10:00+00:00,0.20233,0.19955,40068.58201944266,550.5395048388824,0.0,550.5395048388824,3.9983789033907824,554.5378837422732,repair50,2.8652105984803447,0.01700292758272748
LINKUSDT,1,2026-08-22 00:09:00+00:00,2026-08-22 00:10:00+00:00,2026-08-22 00:45:00+00:00,11.919,12.031,40401.518375823514,379.6434313358695,0.0,379.6434313358695,0.0,379.6434313358695,repair50,-2.6776201841634975,0.017219605369357183
DOGEUSDT,1,2026-08-22 00:44:00+00:00,2026-08-22 00:45:00+00:00,2026-08-22 01:00:00+00:00,0.09105,0.09181,40432.749372797676,337.4946680211578,0.0,337.4946680211578,0.0,337.4946680211578,repair50,-2.787162101617627,0.016200536591619685
SUIUSDT,-1,2026-08-21 21:54:00+00:00,2026-08-21 21:55:00+00:00,2026-08-22 02:00:00+00:00,0.846,0.8563,40316.08794448337,-490.84598797657014,0.0,-490.84598797657014,4.024432912033821,-486.8215550645363,timeout,7.4670895360536145,0.04228591456850439
ETHUSDT,-1,2026-08-21 22:04:00+00:00,2026-08-21 22:05:00+00:00,2026-08-22 02:10:00+00:00,2528.51,2509.79,39920.55913285585,295.5546416534148,0.0,295.5546416534148,3.972492528253173,299.527134181668,timeout,6.255578157152215,0.035532450329482046
DOTUSDT,-1,2026-08-22 00:59:00+00:00,2026-08-22 01:00:00+00:00,2026-08-22 02:30:00+00:00,0.9663,0.9982,40335.319726271664,-1331.5706294815905,0.0,-1331.5706294815905,0.0,-1331.5706294815905,stop,4.386616781477053,0.024719359873879077
NEARUSDT,-1,2026-08-22 01:59:00+00:00,2026-08-22 02:00:00+00:00,2026-08-22 02:30:00+00:00,2.01,2.074,40212.15321379728,-1280.3869680015068,0.0,-1280.3869680015068,0.0,-1280.3869680015068,stop,2.4889236289117274,0.016931700552409
XRPUSDT,-1,2026-08-22 02:09:00+00:00,2026-08-22 02:10:00+00:00,2026-08-22 03:10:00+00:00,1.5077,1.553,40152.906209522356,-1206.4247869545397,0.0,-1206.4247869545397,0.0,-1206.4247869545397,stop,4.471968620330829,0.029471275777011252
XLMUSDT,-1,2026-08-22 02:29:00+00:00,2026-08-22 02:30:00+00:00,2026-08-22 03:25:00+00:00,0.20819,0.2162,39448.98156069628,-1517.7786747739008,0.0,-1517.7786747739008,0.0,-1517.7786747739008,stop,3.679186001474716,0.02208758210499906
ADAUSDT,-1,2026-08-22 03:24:00+00:00,2026-08-22 03:25:00+00:00,2026-08-22 04:35:00+00:00,0.2456,0.253,38505.509784232905,-1160.182298059131,0.0,-1160.182298059131,0.0,-1160.182298059131,stop,6.784254252426956,0.05317354395701668
UNIUSDT,-1,2026-08-22 02:29:00+00:00,2026-08-22 02:30:00+00:00,2026-08-22 05:10:00+00:00,4.336,4.184,39448.98156069628,1382.897877588987,0.0,1382.897877588987,0.0,1382.897877588987,repair50,3.4193648470131404,0.030802574007511074
SOLUSDT,-1,2026-08-22 04:34:00+00:00,2026-08-22 04:35:00+00:00,2026-08-22 05:10:00+00:00,99.87,95.44,38083.59539362363,1689.2993651121737,0.0,1689.2993651121737,0.0,1689.2993651121737,repair50,8.952872157694669,0.04365972025903009
BNBUSDT,-1,2026-08-22 03:09:00+00:00,2026-08-22 03:10:00+00:00,2026-08-22 05:15:00+00:00,712.72,697.4,38933.806784832486,836.8867436632015,0.0,836.8867436632015,0.0,836.8867436632015,repair50,8.28569408937732,0.0280566022245774
DOGEUSDT,1,2026-08-22 05:09:00+00:00,2026-08-22 05:10:00+00:00,2026-08-22 06:25:00+00:00,0.09076,0.09301,39361.793826219066,975.8047169346964,0.0,975.8047169346964,0.0,975.8047169346964,repair50,-7.859575506931389,0.047353312649389245
NEARUSDT,1,2026-08-22 05:14:00+00:00,2026-08-22 05:15:00+00:00,2026-08-22 07:05:00+00:00,1.893,2.001,39270.98318231717,2240.499832905573,0.0,2240.499832905573,0.0,2240.499832905573,repair50,-14.393751290471537,0.09737712841303714
LTCUSDT,1,2026-08-22 05:09:00+00:00,2026-08-22 05:10:00+00:00,2026-08-22 08:35:00+00:00,52.83,51.21,39361.793826219066,-1207.0056028482813,0.0,-1207.0056028482813,-3.8698685809839453,-1210.8754714292652,stop,-7.813928448610068,0.030067381005791316
XRPUSDT,1,2026-08-22 08:34:00+00:00,2026-08-22 08:35:00+00:00,2026-08-22 08:55:00+00:00,1.4976,1.5288,39677.82977328628,826.6214536101279,0.0,826.6214536101279,0.0,826.6214536101279,repair50,-5.293271443701739,0.03792967559178062
HBARUSDT,1,2026-08-22 06:24:00+00:00,2026-08-22 06:25:00+00:00,2026-08-22 10:10:00+00:00,0.07908,0.07668,40027.29750467033,-1214.7889986242878,0.0,-1214.7889986242878,-0.17076795115744395,-1214.9597665754452,stop,-6.673791055603177,0.03336675018222934
AVAXUSDT,1,2026-08-22 07:04:00+00:00,2026-08-22 07:05:00+00:00,2026-08-22 10:10:00+00:00,7.681,7.439,40337.27139155921,-1270.878749740573,0.0,-1270.878749740573,-3.9964227673849675,-1274.875172507958,stop,-3.176125009907341,0.02271292926423696
XLMUSDT,1,2026-08-22 08:54:00+00:00,2026-08-22 08:55:00+00:00,2026-08-22 10:10:00+00:00,0.20322,0.19711,39999.35042753377,-1202.6180056698706,0.0,-1202.6180056698706,0.0,-1202.6180056698706,stop,-3.672772469073458,0.023771491736568895
DOGEUSDT,1,2026-08-22 10:09:00+00:00,2026-08-22 10:10:00+00:00,2026-08-22 12:15:00+00:00,0.0895,0.091,39270.176417979426,658.1593813069148,0.0,658.1593813069148,0.0,658.1593813069148,repair50,-4.184234636593709,0.02689987898410351
ADAUSDT,1,2026-08-22 10:09:00+00:00,2026-08-22 10:10:00+00:00,2026-08-22 12:15:00+00:00,0.2215,0.2268,39270.176417979426,939.6475621457796,0.0,939.6475621457796,0.0,939.6475621457796,repair50,-4.07817818911772,0.033818316890511735
SUIUSDT,1,2026-08-22 10:09:00+00:00,2026-08-22 10:10:00+00:00,2026-08-22 12:20:00+00:00,0.8243,0.8402,39270.176417979426,757.486115547578,0.0,757.486115547578,0.0,757.486115547578,repair50,-5.1882525011043805,0.03692837383115344
XRPUSDT,-1,2026-08-22 12:14:00+00:00,2026-08-22 12:15:00+00:00,2026-08-22 13:00:00+00:00,1.5164,1.502,39943.892296702914,379.3141974891327,0.0,379.3141974891327,0.0,379.3141974891327,repair50,2.325722761927731,0.01774991941290649
AAVEUSDT,-1,2026-08-22 12:14:00+00:00,2026-08-22 12:15:00+00:00,2026-08-22 14:20:00+00:00,125.3,123.23,39943.892296702914,659.8871273278114,0.0,659.8871273278114,0.0,659.8871273278114,repair50,2.992080003665976,0.023944011412326827
LINKUSDT,-1,2026-08-22 12:19:00+00:00,2026-08-22 12:20:00+00:00,2026-08-22 14:40:00+00:00,11.851,11.722,39841.688017155975,433.6830439805247,0.0,433.6830439805247,0.0,433.6830439805247,repair50,3.07241536123467,0.021492366156798726
UNIUSDT,-1,2026-08-22 12:59:00+00:00,2026-08-22 13:00:00+00:00,2026-08-22 15:30:00+00:00,4.254,4.194,40036.01060401835,564.6828011850208,0.0,564.6828011850208,0.0,564.6828011850208,repair50,2.8863005000742685,0.02739245987997263
XLMUSDT,1,2026-08-22 14:49:00+00:00,2026-08-22 14:50:00+00:00,2026-08-22 16:20:00+00:00,0.19692,0.19956,40357.86956615169,541.0561428734454,0.0,541.0561428734454,-7.736717217621282,533.3194256558241,repair50,-2.59763505304892,0.01748767250153682
AAVEUSDT,1,2026-08-22 15:29:00+00:00,2026-08-22 15:30:00+00:00,2026-08-22 16:25:00+00:00,122.03,123.71,40446.72670951764,556.8343921329947,0.0,556.8343921329947,-4.0429859151715455,552.7914062178231,repair50,-2.237444824765693,0.017750366775099446
XRPUSDT,1,2026-08-22 14:39:00+00:00,2026-08-22 14:40:00+00:00,2026-08-22 16:45:00+00:00,1.4607,1.4839,40424.276474330596,642.0505334459298,0.0,642.0505334459298,-3.984864496158597,638.0656689497712,repair50,-3.384463288579634,0.025370681960165897
XRPUSDT,-1,2026-08-22 16:49:00+00:00,2026-08-22 16:50:00+00:00,2026-08-22 17:10:00+00:00,1.4858,1.4698,41079.52272720694,442.3693388311445,0.0,442.3693388311445,0.0,442.3693388311445,repair50,2.1252585817076484,0.016552505782795546
SUIUSDT,-1,2026-08-22 16:39:00+00:00,2026-08-22 16:40:00+00:00,2026-08-22 17:30:00+00:00,0.8358,0.8285,41001.50771707549,358.11319255162687,0.0,358.11319255162687,0.0,358.11319255162687,repair50,2.017898747279015,0.015037248770442435
AVAXUSDT,-1,2026-08-22 16:44:00+00:00,2026-08-22 16:45:00+00:00,2026-08-22 18:50:00+00:00,7.617,7.547,41052.30630706433,377.2694553622815,0.0,377.2694553622815,0.0,377.2694553622815,repair50,2.3407824666158743,0.016923364899669613
NEARUSDT,-1,2026-08-22 19:34:00+00:00,2026-08-22 19:35:00+00:00,2026-08-22 20:30:00+00:00,1.967,1.935,41239.25931618085,670.8979654894689,0.0,670.8979654894689,0.0,670.8979654894689,repair50,3.0394411103990038,0.024580371579756788
UNIUSDT,-1,2026-08-22 20:44:00+00:00,2026-08-22 20:45:00+00:00,2026-08-22 21:05:00+00:00,4.372,4.323,41220.759113933476,461.98929473529694,0.0,461.98929473529694,0.0,461.98929473529694,repair50,2.0088015074717287,0.01917479673753708
AAVEUSDT,-1,2026-08-22 17:14:00+00:00,2026-08-22 17:15:00+00:00,2026-08-22 21:20:00+00:00,125.14,126.17,41326.51051325798,-340.149479212524,0.0,-340.149479212524,0.0,-340.149479212524,timeout,2.1230742144298502,0.017185499149168892
DOGEUSDT,-1,2026-08-22 17:34:00+00:00,2026-08-22 17:35:00+00:00,2026-08-22 21:40:00+00:00,0.09268,0.09266,41299.55768023914,8.91229125598036,0.0,8.91229125598036,0.0,8.91229125598036,timeout,2.952376612427067,0.01964614613251081
DOTUSDT,1,2026-08-22 21:39:00+00:00,2026-08-22 21:40:00+00:00,2026-08-22 23:55:00+00:00,0.9134,0.9238,41646.56395451047,474.1890356108061,0.0,474.1890356108061,0.0,474.1890356108061,repair50,-2.9027444544821166,0.018579856122790006
XRPUSDT,1,2026-08-22 21:39:00+00:00,2026-08-22 21:40:00+00:00,2026-08-23 00:20:00+00:00,1.4607,1.482,41646.56395451047,607.2922655104212,0.0,607.2922655104212,-4.167792646587486,603.1244728638337,repair50,-2.9249298692816814,0.022474142137481445
NEARUSDT,1,2026-08-22 21:14:00+00:00,2026-08-22 21:15:00+00:00,2026-08-23 01:20:00+00:00,1.906,1.906,41728.77284117049,0.0,0.0,0.0,-4.109848030717716,-4.109848030717716,timeout,-2.322927033096627,0.018438310277916425
DOGEUSDT,-1,2026-08-23 00:49:00+00:00,2026-08-23 00:50:00+00:00,2026-08-23 02:00:00+00:00,0.09421,0.09296,42097.35013091353,558.5573470294229,0.0,558.5573470294229,0.0,558.5573470294229,repair50,3.1810910796292897,0.021389688005199803
SOLUSDT,-1,2026-08-23 00:39:00+00:00,2026-08-23 00:40:00+00:00,2026-08-23 02:15:00+00:00,96.44,94.42,42053.90921533019,880.8471237553603,0.0,880.8471237553603,0.0,880.8471237553603,repair50,5.404866775360704,0.02869911858207619
AAVEUSDT,1,2026-08-23 02:14:00+00:00,2026-08-23 02:15:00+00:00,2026-08-23 02:35:00+00:00,123.49,125.72,42452.89049399387,766.6203401215197,0.0,766.6203401215197,0.0,766.6203401215197,repair50,-2.8440993994420607,0.022730330570262636
UNIUSDT,1,2026-08-23 02:14:00+00:00,2026-08-23 02:15:00+00:00,2026-08-23 04:50:00+00:00,4.197,4.042,42452.89049399387,-1567.8336970619614,0.0,-1567.8336970619614,0.0,-1567.8336970619614,stop,-2.663086000195385,0.024935762106433668
DOTUSDT,1,2026-08-23 02:59:00+00:00,2026-08-23 03:00:00+00:00,2026-08-23 04:50:00+00:00,0.9084,0.8779,42778.07831205578,-1436.2961124149067,0.0,-1436.2961124149067,0.0,-1436.2961124149067,stop,-2.348004313422099,0.015190693326796234
LTCUSDT,1,2026-08-23 02:14:00+00:00,2026-08-23 02:15:00+00:00,2026-08-23 06:20:00+00:00,51.59,51.14,42452.89049399387,-370.30045982355614,0.0,-370.30045982355614,0.0,-370.30045982355614,timeout,-3.676648722328452,0.016398575744230315
BNBUSDT,1,2026-08-23 04:49:00+00:00,2026-08-23 04:50:00+00:00,2026-08-23 07:10:00+00:00,681.86,687.87,41586.612744346865,366.54964742546014,0.0,366.54964742546014,0.0,366.54964742546014,repair50,-4.015272387665011,0.015396239977157111
SOLUSDT,1,2026-08-23 04:49:00+00:00,2026-08-23 04:50:00+00:00,2026-08-23 08:55:00+00:00,92.31,93.28,41586.612744346865,436.99506404523976,0.0,436.99506404523976,-4.16562212916495,432.8294419160748,timeout,-4.177855635774002,0.022165566371164735
NEARUSDT,-1,2026-08-23 08:09:00+00:00,2026-08-23 08:10:00+00:00,2026-08-23 10:15:00+00:00,1.869,1.929,41859.00305925797,-1343.7882202008973,0.0,-1343.7882202008973,0.0,-1343.7882202008973,stop,2.0516748937502776,0.016958438788672314
HBARUSDT,-1,2026-08-23 08:34:00+00:00,2026-08-23 08:35:00+00:00,2026-08-23 12:40:00+00:00,0.07788,0.07913,41859.11920284364,-671.8528377446643,0.0,-671.8528377446643,0.0,-671.8528377446643,timeout,3.230147078251315,0.01742395217473769
AAVEUSDT,-1,2026-08-23 10:14:00+00:00,2026-08-23 10:15:00+00:00,2026-08-23 12:40:00+00:00,126.88,132.81,41478.74922506125,-1938.5953885924794,0.0,-1938.5953885924794,0.0,-1938.5953885924794,stop,3.3291443960192315,0.02753326839427306
SUIUSDT,-1,2026-08-23 09:04:00+00:00,2026-08-23 09:05:00+00:00,2026-08-23 13:10:00+00:00,0.8053,0.8159,41780.28392907837,-549.945373957812,0.0,-549.945373957812,0.0,-549.945373957812,timeout,2.0856700914691326,0.015943376509199414
UNIUSDT,-1,2026-08-23 12:44:00+00:00,2026-08-23 12:45:00+00:00,2026-08-23 13:25:00+00:00,4.374,4.53,40537.31640749181,-1445.775345123173,0.0,-1445.775345123173,0.0,-1445.775345123173,stop,2.5084389722640066,0.02437330445764574
ETHUSDT,-1,2026-08-23 13:19:00+00:00,2026-08-23 13:20:00+00:00,2026-08-23 14:45:00+00:00,2469.47,2419.44,40151.99207726512,813.4555850549183,0.0,813.4555850549183,0.0,813.4555850549183,repair50,3.1346314541373266,0.018817929631951946
XLMUSDT,-1,2026-08-23 13:24:00+00:00,2026-08-23 13:25:00+00:00,2026-08-23 14:45:00+00:00,0.19926,0.19757,40058.626292417845,339.7524763333657,0.0,339.7524763333657,0.0,339.7524763333657,repair50,2.185254614860917,0.015562589922070824
HBARUSDT,1,2026-08-23 14:44:00+00:00,2026-08-23 14:45:00+00:00,2026-08-23 15:05:00+00:00,0.07843,0.0792,40554.19994145716,398.14782551221003,0.0,398.14782551221003,0.0,398.14782551221003,repair50,-2.8242173158344386,0.015258760863475107
LTCUSDT,1,2026-08-23 15:19:00+00:00,2026-08-23 15:20:00+00:00,2026-08-23 15:40:00+00:00,51.71,52.28,40615.771416887284,447.7081745818182,0.0,447.7081745818182,0.0,447.7081745818182,repair50,-3.5529561339827227,0.016302028921728273
DOTUSDT,-1,2026-08-23 12:44:00+00:00,2026-08-23 12:45:00+00:00,2026-08-23 16:50:00+00:00,0.9246,0.9239,40537.31640749181,30.690159512481927,0.0,30.690159512481927,4.062293669136144,34.75245318161807,timeout,2.29090290748892,0.01548016519943518
SUIUSDT,-1,2026-08-23 18:59:00+00:00,2026-08-23 19:00:00+00:00,2026-08-23 19:10:00+00:00,0.8459,0.836,40735.51904675615,476.74859742627575,0.0,476.74859742627575,0.0,476.74859742627575,repair50,2.9514363753325674,0.022864189800207324
NEARUSDT,-1,2026-08-23 21:04:00+00:00,2026-08-23 21:05:00+00:00,2026-08-23 22:05:00+00:00,2.02,1.993,40878.54362598403,546.3963751987969,0.0,546.3963751987969,0.0,546.3963751987969,repair50,3.0376363629280676,0.02580349709087404
ADAUSDT,-1,2026-08-23 21:19:00+00:00,2026-08-23 21:20:00+00:00,2026-08-23 22:05:00+00:00,0.2288,0.2262,40752.72306884444,463.09912578232274,0.0,463.09912578232274,0.0,463.09912578232274,repair50,2.029163818251716,0.018054911154333997
AAVEUSDT,-1,2026-08-23 21:09:00+00:00,2026-08-23 21:10:00+00:00,2026-08-23 22:45:00+00:00,143.13,140.83,40836.04613013523,656.206987349333,0.0,656.206987349333,0.0,656.206987349333,repair50,2.6273147060127426,0.02325849134355651
SUIUSDT,-1,2026-08-23 22:54:00+00:00,2026-08-23 22:55:00+00:00,2026-08-23 23:15:00+00:00,0.8547,0.8439,41378.25437248317,522.8561451068435,0.0,522.8561451068435,0.0,522.8561451068435,repair50,2.123979448339047,0.016437064543951108
SUIUSDT,1,2026-08-24 00:29:00+00:00,2026-08-24 00:30:00+00:00,2026-08-24 01:00:00+00:00,0.8323,0.8451,41547.44294437182,638.9610353093262,0.0,638.9610353093262,0.0,638.9610353093262,repair50,-2.0607615607964207,0.015700525888100003
UNIUSDT,1,2026-08-24 00:04:00+00:00,2026-08-24 00:05:00+00:00,2026-08-24 04:10:00+00:00,4.494,4.437,41535.11121601522,-526.8138271724198,0.0,-526.8138271724198,0.0,-526.8138271724198,timeout,-2.2474755745087607,0.021885554345638214
HBARUSDT,1,2026-08-24 00:24:00+00:00,2026-08-24 00:25:00+00:00,2026-08-24 04:15:00+00:00,0.07883,0.07951,41540.6566247223,358.3362489510466,0.0,358.3362489510466,0.0,358.3362489510466,repair50,-2.9722671416129365,0.01623459668380134
XRPUSDT,1,2026-08-24 01:09:00+00:00,2026-08-24 01:10:00+00:00,2026-08-24 05:15:00+00:00,1.4873,1.4851,41676.452660361065,-61.647411990043985,0.0,-61.647411990043985,0.0,-61.647411990043985,timeout,-2.0822825905337825,0.016535993443959285
HBARUSDT,-1,2026-08-24 06:24:00+00:00,2026-08-24 06:25:00+00:00,2026-08-24 06:35:00+00:00,0.08064,0.07995,41591.34162412861,355.8782951469406,0.0,355.8782951469406,0.0,355.8782951469406,repair50,2.813895038892641,0.015807907968905077
NEARUSDT,1,2026-08-24 06:39:00+00:00,2026-08-24 06:40:00+00:00,2026-08-24 07:15:00+00:00,1.966,1.99,41830.945923504645,510.65244260636155,0.0,510.65244260636155,0.0,510.65244260636155,repair50,-2.189183359194942,0.018393360904264577
AAVEUSDT,-1,2026-08-24 04:24:00+00:00,2026-08-24 04:25:00+00:00,2026-08-24 07:40:00+00:00,142.79,140.7,41597.23547959072,608.8537163130827,0.0,608.8537163130827,0.0,608.8537163130827,repair50,2.9580762325444554,0.02614645655404635
SUIUSDT,1,2026-08-24 08:24:00+00:00,2026-08-24 08:25:00+00:00,2026-08-24 09:05:00+00:00,0.8072,0.8146,41948.281303696705,384.56055704578006,0.0,384.56055704578006,0.0,384.56055704578006,repair50,-2.2627392332640954,0.01736584724643131
AAVEUSDT,1,2026-08-24 07:44:00+00:00,2026-08-24 07:45:00+00:00,2026-08-24 09:20:00+00:00,139.5,141.11,42100.377365764514,485.8896599202935,0.0,485.8896599202935,-4.221716012766239,481.6679439075273,repair50,-2.5259196387674114,0.021908853055801703
LTCUSDT,-1,2026-08-24 09:29:00+00:00,2026-08-24 09:30:00+00:00,2026-08-24 11:00:00+00:00,53.33,52.56,42353.18145341642,611.5122767509931,0.0,611.5122767509931,0.0,611.5122767509931,repair50,4.970446406146493,0.02316902778082386
UNIUSDT,1,2026-08-24 07:44:00+00:00,2026-08-24 07:45:00+00:00,2026-08-24 11:50:00+00:00,4.36,4.362,42100.377365764514,19.31209970906571,0.0,19.31209970906571,-4.23610907118369,15.075990637882018,timeout,-2.1311025694474397,0.0208937187916729
BCHUSDT,-1,2026-08-24 11:39:00+00:00,2026-08-24 11:40:00+00:00,2026-08-24 12:55:00+00:00,274.92,285.04,42673.73597066507,-1570.850458399282,0.0,-1570.850458399282,0.0,-1570.850458399282,stop,2.3859915568325816,0.019273827513868858
HBARUSDT,-1,2026-08-24 12:54:00+00:00,2026-08-24 12:55:00+00:00,2026-08-24 13:30:00+00:00,0.08088,0.08028,42134.24253515507,312.56856480084804,0.0,312.56856480084804,0.0,312.56856480084804,repair50,2.6949814377947816,0.01519503231501007
XLMUSDT,-1,2026-08-24 11:59:00+00:00,2026-08-24 12:00:00+00:00,2026-08-24 13:35:00+00:00,0.19901,0.19699,42595.00274623885,432.3496585468198,0.0,432.3496585468198,0.0,432.3496585468198,repair50,2.269598421788041,0.016381363120267167
XLMUSDT,1,2026-08-24 13:44:00+00:00,2026-08-24 13:45:00+00:00,2026-08-24 14:10:00+00:00,0.19467,0.19677,42111.133771112334,454.2732877142655,0.0,454.2732877142655,0.0,454.2732877142655,repair50,-2.302088414585211,0.016383890502610243
AAVEUSDT,1,2026-08-24 10:19:00+00:00,2026-08-24 10:20:00+00:00,2026-08-24 14:25:00+00:00,136.99,134.94,42168.18487161394,-631.0298487977883,0.0,-631.0298487977883,0.0,-631.0298487977883,timeout,-2.0353647412530993,0.01782179690571306
LTCUSDT,1,2026-08-24 13:49:00+00:00,2026-08-24 13:50:00+00:00,2026-08-24 14:35:00+00:00,52.15,52.65,42153.36376732977,404.15497379989864,0.0,404.15497379989864,0.0,404.15497379989864,repair50,-3.2200363855761394,0.015007275432333711
SOLUSDT,-1,2026-08-24 15:24:00+00:00,2026-08-24 15:25:00+00:00,2026-08-24 15:45:00+00:00,97.44,96.46,42368.66224956658,426.1216030847226,0.0,426.1216030847226,0.0,426.1216030847226,repair50,3.095156722520232,0.016977421443228558
NEARUSDT,-1,2026-08-24 15:24:00+00:00,2026-08-24 15:25:00+00:00,2026-08-24 15:45:00+00:00,2.031,1.999,42368.66224956658,667.5515470143441,0.0,667.5515470143441,0.0,667.5515470143441,repair50,2.3771956945628623,0.02041017874558504
SUIUSDT,1,2026-08-24 17:19:00+00:00,2026-08-24 17:20:00+00:00,2026-08-24 21:25:00+00:00,0.8141,0.8078,42696.764194596304,-330.4134804396988,0.0,-330.4134804396988,0.0,-330.4134804396988,timeout,-2.1795850640893697,0.016758037553729288
NEARUSDT,1,2026-08-24 17:19:00+00:00,2026-08-24 17:20:00+00:00,2026-08-24 21:25:00+00:00,1.963,1.947,42696.764194596304,-348.01234188158145,0.0,-348.01234188158145,0.0,-348.01234188158145,timeout,-2.081993147556609,0.017528675692162654
XRPUSDT,1,2026-08-24 17:19:00+00:00,2026-08-24 17:20:00+00:00,2026-08-24 21:25:00+00:00,1.4848,1.4846,42696.764194596304,-5.751180521902749,0.0,-5.751180521902749,0.0,-5.751180521902749,timeout,-2.0084954828778514,0.0161304414476946
SUIUSDT,1,2026-08-24 23:14:00+00:00,2026-08-24 23:15:00+00:00,2026-08-24 23:25:00+00:00,0.7909,0.7979,42579.454442082184,376.8569744526178,0.0,376.8569744526178,0.0,376.8569744526178,repair50,-2.1272290365942546,0.016442054837396913
SOLUSDT,-1,2026-08-24 22:34:00+00:00,2026-08-24 22:35:00+00:00,2026-08-25 00:45:00+00:00,98.15,101.9,42500.213087065036,-1623.7982585480772,0.0,-1623.7982585480772,4.285095351091142,-1619.5131631969862,stop,2.7399349240610604,0.015090474609085414
AAVEUSDT,1,2026-08-24 22:24:00+00:00,2026-08-24 22:25:00+00:00,2026-08-25 00:55:00+00:00,131.84,133.48,42491.51109374335,528.5655202801804,0.0,528.5655202801804,-4.2636544315771445,524.3018658486033,repair50,-2.093651896516357,0.01841340561659688
XRPUSDT,-1,2026-08-25 00:44:00+00:00,2026-08-25 00:45:00+00:00,2026-08-25 04:50:00+00:00,1.5087,1.5119,42203.488185860566,-89.51492158464953,0.0,-89.51492158464953,0.0,-89.51492158464953,timeout,2.280651816614131,0.018651929421928504
DOGEUSDT,-1,2026-08-25 00:49:00+00:00,2026-08-25 00:50:00+00:00,2026-08-25 04:55:00+00:00,0.09135,0.092,42255.554842002035,-300.6689726031903,0.0,-300.6689726031903,0.0,-300.6689726031903,timeout,2.2152120109101237,0.015403231297941078
XLMUSDT,-1,2026-08-25 00:54:00+00:00,2026-08-25 00:55:00+00:00,2026-08-25 05:00:00+00:00,0.19722,0.19836,42203.131227399965,-243.94873541849913,0.0,-243.94873541849913,0.0,-243.94873541849913,timeout,2.5294592957124196,0.01811359015887981
AAVEUSDT,1,2026-08-25 04:49:00+00:00,2026-08-25 04:50:00+00:00,2026-08-25 05:25:00+00:00,129.75,131.26,42089.53246482303,489.82808494706927,0.0,489.82808494706927,0.0,489.82808494706927,repair50,-2.0759641389462034,0.018576104075172295
NEARUSDT,1,2026-08-25 06:49:00+00:00,2026-08-25 06:50:00+00:00,2026-08-25 10:55:00+00:00,1.953,1.92,42232.713433476834,-713.6095971862493,0.0,-713.6095971862493,-0.09590115929674589,-713.7054983455461,timeout,-2.0344709118406406,0.017123141305516065
FILUSDT,1,2026-08-25 06:59:00+00:00,2026-08-25 07:00:00+00:00,2026-08-25 11:05:00+00:00,0.7488,0.742,42135.40303386053,-382.6398779784376,0.0,-382.6398779784376,-4.170219729600725,-386.8100977080383,timeout,-2.31508615447851,0.019095918496266573
BCHUSDT,1,2026-08-25 06:59:00+00:00,2026-08-25 07:00:00+00:00,2026-08-25 11:05:00+00:00,272.42,270.29,42135.40303386053,-329.4486765366825,0.0,-329.4486765366825,-4.152633162700329,-333.60130969938285,timeout,-2.116563356963185,0.01717749222219822
XRPUSDT,1,2026-08-25 13:24:00+00:00,2026-08-25 13:25:00+00:00,2026-08-25 13:40:00+00:00,1.4526,1.4666,41772.445790912876,402.5982659182009,0.0,402.5982659182009,0.0,402.5982659182009,repair50,-2.0270686007525325,0.01647134830486674
XLMUSDT,1,2026-08-25 13:24:00+00:00,2026-08-25 13:25:00+00:00,2026-08-25 14:10:00+00:00,0.18965,0.19132,41772.445790912876,367.8354045390106,0.0,367.8354045390106,0.0,367.8354045390106,repair50,-2.2831803832660302,0.016309210253348194
DOGEUSDT,1,2026-08-25 13:49:00+00:00,2026-08-25 13:50:00+00:00,2026-08-25 14:35:00+00:00,0.08846,0.08924,41854.38541553396,369.0529123232747,0.0,369.0529123232747,0.0,369.0529123232747,repair50,-2.4527633188310745,0.016983881510576837
DOTUSDT,1,2026-08-25 13:19:00+00:00,2026-08-25 13:20:00+00:00,2026-08-25 17:25:00+00:00,0.8769,0.8689,41802.47836175094,-381.36597889611795,0.0,-381.36597889611795,-4.176178613509524,-385.5421575096275,timeout,-2.377849603092623,0.015743482007022136
SUIUSDT,1,2026-08-25 17:29:00+00:00,2026-08-25 17:30:00+00:00,2026-08-25 17:50:00+00:00,0.7759,0.7822,42028.6616893322,341.25604928830063,0.0,341.25604928830063,0.0,341.25604928830063,repair50,-2.0690602664810487,0.016183923165696834
XLMUSDT,1,2026-08-25 20:14:00+00:00,2026-08-25 20:15:00+00:00,2026-08-26 00:20:00+00:00,0.18644,0.18189,42131.03850411869,-1028.1925831030885,0.0,-1028.1925831030885,-4.120905482520428,-1032.3134885856089,timeout,-2.4639201914695885,0.017623261936802526
HBARUSDT,1,2026-08-25 20:39:00+00:00,2026-08-25 20:40:00+00:00,2026-08-26 00:45:00+00:00,0.07829,0.07764,42107.988912145825,-349.6001123118504,0.0,-349.6001123118504,-4.1806794969231,-353.78079180877353,timeout,-2.743671421616427,0.015774009583526816
DOGEUSDT,1,2026-08-25 20:44:00+00:00,2026-08-25 20:45:00+00:00,2026-08-26 00:50:00+00:00,0.08635,0.08609,42067.448072022606,-126.66515922091088,0.0,-126.66515922091088,-4.174104170018411,-130.8392633909293,timeout,-3.247397275582788,0.02244932867979832
XRPUSDT,1,2026-08-26 13:19:00+00:00,2026-08-26 13:20:00+00:00,2026-08-26 17:25:00+00:00,1.3853,1.3842,41675.95844098308,-33.09287106408346,0.0,-33.09287106408346,-4.1288284481795765,-37.22169951226304,timeout,-2.6513994669320384,0.021675150751338523
AAVEUSDT,1,2026-08-26 13:24:00+00:00,2026-08-26 13:25:00+00:00,2026-08-26 17:30:00+00:00,123.65,124.35,41689.496433691114,236.0100889897568,0.0,236.0100889897568,-4.155800509839683,231.85428847991713,timeout,-2.2709325772161395,0.020224107785263623
XLMUSDT,1,2026-08-26 13:29:00+00:00,2026-08-26 13:30:00+00:00,2026-08-26 17:35:00+00:00,0.18021,0.18042,41641.27333361078,48.5248732038042,0.0,48.5248732038042,-1.5379598091460331,46.98691339465817,timeout,-2.524219467754229,0.01825634213614724
SOLUSDT,-1,2026-08-26 22:14:00+00:00,2026-08-26 22:15:00+00:00,2026-08-26 23:55:00+00:00,98.94,101.99,41684.21316622408,-1284.9893890942287,0.0,-1284.9893890942287,0.0,-1284.9893890942287,stop,3.3560539820431385,0.01910387891331311
UNIUSDT,-1,2026-08-26 21:19:00+00:00,2026-08-26 21:20:00+00:00,2026-08-27 01:25:00+00:00,4.347,4.352,41748.44429169176,-48.01983470403818,0.0,-48.01983470403818,4.206537520073841,-43.81329718396434,timeout,2.1324616209580305,0.02105603704166792
NEARUSDT,-1,2026-08-26 21:29:00+00:00,2026-08-26 21:30:00+00:00,2026-08-27 01:35:00+00:00,1.87,1.884,41725.39477103382,-312.38263464944487,0.0,-312.38263464944487,4.2411016417041045,-308.14153300774075,timeout,2.2653978127031666,0.019423551395572947
DOTUSDT,-1,2026-08-26 23:54:00+00:00,2026-08-26 23:55:00+00:00,2026-08-27 04:00:00+00:00,0.8744,0.8695,41080.43862145982,230.20831340936746,0.0,230.20831340936746,2.879330667892849,233.0876440772603,timeout,3.7153860282509825,0.025590523819797983
AAVEUSDT,-1,2026-08-27 07:14:00+00:00,2026-08-27 07:15:00+00:00,2026-08-27 10:40:00+00:00,127.17,125.48,41327.287319129166,549.2106280516499,0.0,549.2106280516499,2.6336442878388495,551.8442723394887,repair50,2.098125922655937,0.01895107577282329
SUIUSDT,-1,2026-08-27 08:04:00+00:00,2026-08-27 08:05:00+00:00,2026-08-27 10:40:00+00:00,0.7636,0.7548,41263.732025223675,475.5380327684189,0.0,475.5380327684189,0.0,475.5380327684189,repair50,2.0843594178599,0.01694369216088365
SOLUSDT,-1,2026-08-27 08:09:00+00:00,2026-08-27 08:10:00+00:00,2026-08-27 12:15:00+00:00,104.01,104.21,41094.59079496969,-79.02046109982939,0.0,-79.02046109982939,0.0,-79.02046109982939,timeout,4.531555585662873,0.026555119909110303
AAVEUSDT,1,2026-08-27 10:44:00+00:00,2026-08-27 10:45:00+00:00,2026-08-27 13:25:00+00:00,125.89,127.27,41658.594089965125,456.659463373994,0.0,456.659463373994,0.0,456.659463373994,repair50,-2.253598670290804,0.020068427507112463
DOTUSDT,1,2026-08-27 10:39:00+00:00,2026-08-27 10:40:00+00:00,2026-08-27 14:25:00+00:00,0.87,0.878,41710.17634640089,383.5418514611553,0.0,383.5418514611553,0.0,383.5418514611553,repair50,-2.2251749159505025,0.015249296831748471
SOLUSDT,-1,2026-08-27 13:59:00+00:00,2026-08-27 14:00:00+00:00,2026-08-27 16:55:00+00:00,105.99,109.23,41813.51639877786,-1278.1941044630703,0.0,-1278.1941044630703,4.226127855959507,-1273.9679766071108,stop,2.6690191020202003,0.01586027188640715
XRPUSDT,-1,2026-08-27 14:24:00+00:00,2026-08-27 14:25:00+00:00,2026-08-27 18:15:00+00:00,1.4601,1.4425,41868.59031902089,504.68268585355094,0.0,504.68268585355094,-0.033609572865637975,504.6490762806853,repair50,2.629537231761892,0.02232231550835717
XLMUSDT,-1,2026-08-27 14:39:00+00:00,2026-08-27 14:40:00+00:00,2026-08-27 18:15:00+00:00,0.18851,0.18652,41776.265692129724,441.0098600994039,0.0,441.0098600994039,4.169852163734507,445.1797122631384,repair50,2.250027389734504,0.016840767421499203
SUIUSDT,1,2026-08-27 18:19:00+00:00,2026-08-27 18:20:00+00:00,2026-08-27 19:10:00+00:00,0.7728,0.7805,41766.61451036316,416.152861969193,0.0,416.152861969193,0.0,416.152861969193,repair50,-2.1037348665953934,0.017066867150117515
NEARUSDT,-1,2026-08-27 22:19:00+00:00,2026-08-27 22:20:00+00:00,2026-08-27 23:05:00+00:00,1.958,1.939,41898.56663873661,406.574446443304,0.0,406.574446443304,0.0,406.574446443304,repair50,2.0033686008732285,0.017457292589964313
FILUSDT,1,2026-08-27 21:29:00+00:00,2026-08-27 21:30:00+00:00,2026-08-28 01:25:00+00:00,0.7074,0.7145,41891.460368953914,420.45429547578414,0.0,420.45429547578414,-4.127568906412261,416.3267265693719,repair50,-2.294387163249641,0.01884661100117746
UNIUSDT,-1,2026-08-28 01:24:00+00:00,2026-08-28 01:25:00+00:00,2026-08-28 01:50:00+00:00,4.818,4.751,42138.330720857724,585.9834284552597,0.0,585.9834284552597,0.0,585.9834284552597,repair50,2.7582080834092864,0.026889985418321327
AAVEUSDT,-1,2026-08-28 01:24:00+00:00,2026-08-28 01:25:00+00:00,2026-08-28 01:50:00+00:00,131.01,129.26,42138.330720857724,562.8736643118918,0.0,562.8736643118918,0.0,562.8736643118918,repair50,2.0127485399580918,0.01835307388004037
SUIUSDT,-1,2026-08-28 01:34:00+00:00,2026-08-28 01:35:00+00:00,2026-08-28 01:50:00+00:00,0.7954,0.7864,42154.07355923413,476.9759391917391,0.0,476.9759391917391,0.0,476.9759391917391,repair50,2.15905249975899,0.017859371796379087
SOLUSDT,1,2026-08-28 02:14:00+00:00,2026-08-28 02:15:00+00:00,2026-08-28 06:20:00+00:00,107.37,107.3,42626.08063044538,-27.790124281749094,0.0,-27.790124281749094,0.0,-27.790124281749094,timeout,-2.6022503884713704,0.015523895325662784
LINKUSDT,1,2026-08-28 02:24:00+00:00,2026-08-28 02:25:00+00:00,2026-08-28 06:20:00+00:00,11.745,11.838,42577.2494120646,337.1378625220955,0.0,337.1378625220955,0.0,337.1378625220955,repair50,-2.168304724414001,0.015444486153958992
AAVEUSDT,1,2026-08-28 02:24:00+00:00,2026-08-28 02:25:00+00:00,2026-08-28 06:30:00+00:00,126.5,126.32,42577.2494120646,-60.58422841242454,0.0,-60.58422841242454,0.0,-60.58422841242454,timeout,-2.140797544415975,0.019162353243185826
SOLUSDT,1,2026-08-28 10:09:00+00:00,2026-08-28 10:10:00+00:00,2026-08-28 10:35:00+00:00,104.72,105.76,42700.70968339376,424.07121916281756,0.0,424.07121916281756,0.0,424.07121916281756,repair50,-2.5177401835591056,0.01515983319938552
DOGEUSDT,1,2026-08-28 10:09:00+00:00,2026-08-28 10:10:00+00:00,2026-08-28 10:40:00+00:00,0.08579,0.08658,42700.70968339376,393.21087131228194,0.0,393.21087131228194,0.0,393.21087131228194,repair50,-2.350347313408385,0.01686778876704631
XLMUSDT,1,2026-08-28 14:14:00+00:00,2026-08-28 14:15:00+00:00,2026-08-28 14:30:00+00:00,0.18015,0.18181,42638.37393539131,392.8931486691637,0.0,392.8931486691637,0.0,392.8931486691637,repair50,-2.231015347883004,0.01657143196412114
UNIUSDT,1,2026-08-28 14:04:00+00:00,2026-08-28 14:05:00+00:00,2026-08-28 14:35:00+00:00,4.519,4.59,42854.96652127945,673.3132602369641,0.0,673.3132602369641,0.0,673.3132602369641,repair50,-2.0498471064581976,0.01934702582436454
SOLUSDT,-1,2026-08-28 15:19:00+00:00,2026-08-28 15:20:00+00:00,2026-08-28 15:45:00+00:00,106.93,105.6,43050.9268410079,535.4693042040674,0.0,535.4693042040674,0.0,535.4693042040674,repair50,2.9237017556004488,0.017971826704887617
BCHUSDT,1,2026-08-28 13:29:00+00:00,2026-08-28 13:30:00+00:00,2026-08-28 16:00:00+00:00,257.88,249.29,42945.894310536285,-1430.530603875861,0.0,-1430.530603875861,0.0,-1430.530603875861,stop,-2.951746467197655,0.02362822739676307
UNIUSDT,1,2026-08-28 15:59:00+00:00,2026-08-28 16:00:00+00:00,2026-08-28 18:50:00+00:00,4.481,4.346,42997.23784330658,-1295.386545156524,0.0,-1295.386545156524,-1.9869156984228842,-1297.373460854947,stop,-2.0931970952323136,0.019735641652388503
SOLUSDT,1,2026-08-28 18:49:00+00:00,2026-08-28 18:50:00+00:00,2026-08-28 19:40:00+00:00,102.57,103.7,42414.21397441853,467.27173433843706,0.0,467.27173433843706,0.0,467.27173433843706,repair50,-3.070839409014163,0.018650505761406033
HBARUSDT,1,2026-08-28 15:59:00+00:00,2026-08-28 16:00:00+00:00,2026-08-28 20:05:00+00:00,0.07574,0.07642,42997.23784330658,386.03276648334617,0.0,386.03276648334617,-4.298588393841001,381.7341780895052,timeout,-3.3161912506085893,0.019558773654981265
XLMUSDT,1,2026-08-28 16:04:00+00:00,2026-08-28 16:05:00+00:00,2026-08-28 20:10:00+00:00,0.17809,0.17784,42589.67268531939,-59.78672677483299,0.0,-59.78672677483299,0.0,-59.78672677483299,timeout,-3.132530305085249,0.02316985452922271
UNIUSDT,-1,2026-08-29 14:49:00+00:00,2026-08-29 14:50:00+00:00,2026-08-29 18:25:00+00:00,4.508,4.652,42844.79156074603,-1368.6002628099884,0.0,-1368.6002628099884,4.243619524512645,-1364.3566432854757,stop,2.5318367732369063,0.024251616508160767
NEARUSDT,-1,2026-08-29 14:49:00+00:00,2026-08-29 14:50:00+00:00,2026-08-29 18:55:00+00:00,1.842,1.852,42844.79156074603,-232.59930271849103,0.0,-232.59930271849103,-1.0475600382455976,-233.64686275673662,timeout,2.3242679054399966,0.02043508311570874
UNIUSDT,-1,2026-08-30 02:39:00+00:00,2026-08-30 02:40:00+00:00,2026-08-30 06:45:00+00:00,4.779,4.924,42365.390508933364,-1285.411513662978,0.0,-1285.411513662978,0.0,-1285.411513662978,stop,2.3079075024567293,0.02231118484267136
UNIUSDT,-1,2026-08-30 10:59:00+00:00,2026-08-30 11:00:00+00:00,2026-08-30 12:00:00+00:00,4.952,5.105,41979.76705483447,-1297.0323827523644,0.0,-1297.0323827523644,0.0,-1297.0323827523644,stop,2.1423656520861094,0.02102037992468042
AAVEUSDT,-1,2026-08-30 12:19:00+00:00,2026-08-30 12:20:00+00:00,2026-08-30 12:35:00+00:00,127.45,126.08,41590.65734000876,447.07101259954686,0.0,447.07101259954686,0.0,447.07101259954686,repair50,2.348166154913022,0.021413041110334596
DOTUSDT,-1,2026-08-30 13:49:00+00:00,2026-08-30 13:50:00+00:00,2026-08-30 14:15:00+00:00,0.8682,0.8609,41669.47554201987,350.3653207287997,0.0,350.3653207287997,0.0,350.3653207287997,repair50,2.149762246034933,0.015201088738719726
SOLUSDT,-1,2026-08-30 13:49:00+00:00,2026-08-30 13:50:00+00:00,2026-08-30 15:15:00+00:00,107.26,106.08,41669.47554201987,458.4186196120048,0.0,458.4186196120048,0.0,458.4186196120048,repair50,2.6731694884788357,0.01645116066891017
BCHUSDT,-1,2026-08-30 12:54:00+00:00,2026-08-30 12:55:00+00:00,2026-08-30 17:00:00+00:00,251.24,254.73,41724.778643788624,-579.603078597447,0.0,-579.603078597447,2.433272970599576,-577.1698056268475,timeout,2.2513280207907806,0.01888422582161997
AAVEUSDT,-1,2026-08-30 16:59:00+00:00,2026-08-30 17:00:00+00:00,2026-08-30 19:45:00+00:00,128.73,127.51,41695.609162707726,395.1576414083959,0.0,395.1576414083959,0.0,395.1576414083959,repair50,2.0383701143857293,0.018553687999233848
ETHUSDT,-1,2026-08-30 16:19:00+00:00,2026-08-30 16:20:00+00:00,2026-08-30 20:25:00+00:00,2516.49,2507.0,41832.6262971415,157.75609025263847,0.0,157.75609025263847,0.0,157.75609025263847,timeout,2.8116442746184784,0.016625390810272478
UNIUSDT,-1,2026-08-30 16:34:00+00:00,2026-08-30 16:35:00+00:00,2026-08-30 20:40:00+00:00,5.362,5.288,41851.857159916595,577.5899719943712,0.0,577.5899719943712,0.0,577.5899719943712,timeout,3.099858287740452,0.03164914373986294
SUIUSDT,1,2026-08-30 20:44:00+00:00,2026-08-30 20:45:00+00:00,2026-08-30 23:25:00+00:00,0.743,0.7185,42133.41399529942,-1389.3252259553622,0.0,-1389.3252259553622,0.0,-1389.3252259553622,stop,-2.1034035516150804,0.017426694291984957
ADAUSDT,1,2026-08-30 20:44:00+00:00,2026-08-30 20:45:00+00:00,2026-08-30 23:30:00+00:00,0.2004,0.1927,42133.41399529942,-1618.8986415359543,0.0,-1618.8986415359543,0.0,-1618.8986415359543,stop,-2.047087736608918,0.017805877190797736
UNIUSDT,1,2026-08-30 20:44:00+00:00,2026-08-30 20:45:00+00:00,2026-08-30 23:40:00+00:00,5.262,5.089,42133.41399529942,-1385.230068640585,0.0,-1385.230068640585,0.0,-1385.230068640585,stop,-2.4027665933279763,0.024135904309789957
LTCUSDT,1,2026-08-30 23:24:00+00:00,2026-08-30 23:25:00+00:00,2026-08-31 03:30:00+00:00,48.21,48.3,41142.4059362858,76.80598494639116,0.0,76.80598494639116,-0.4292377392583592,76.37674720713281,timeout,-3.5152934423079985,0.016984357608732625
DOGEUSDT,1,2026-08-30 23:29:00+00:00,2026-08-30 23:30:00+00:00,2026-08-31 03:35:00+00:00,0.08174,0.08207,40820.21321719277,164.79900124386785,0.0,164.79900124386785,-0.40707730008467413,164.39192394378318,timeout,-4.1590651101900455,0.029900725481067147
DOTUSDT,1,2026-08-30 23:39:00+00:00,2026-08-30 23:40:00+00:00,2026-08-31 03:45:00+00:00,0.8137,0.8212,40708.60837474184,375.21760207762776,0.0,375.21760207762776,-0.615125333132317,374.60247674449545,timeout,-5.3467654375280675,0.03713595087267174
DOTUSDT,-1,2026-08-31 05:24:00+00:00,2026-08-31 05:25:00+00:00,2026-08-31 09:30:00+00:00,0.8322,0.8322,40999.98915882848,-0.0,0.0,-0.0,3.6937646530753563,3.6937646530753563,timeout,2.180011561915273,0.015757331407058706
UNIUSDT,-1,2026-08-31 05:29:00+00:00,2026-08-31 05:30:00+00:00,2026-08-31 09:35:00+00:00,5.156,5.163,40994.07712001683,-55.655263739355895,0.0,-55.655263739355895,1.8844085177701515,-53.77085522158574,timeout,2.3057939372059386,0.023971990036709245
UNIUSDT,-1,2026-08-31 14:49:00+00:00,2026-08-31 14:50:00+00:00,2026-08-31 15:15:00+00:00,5.225,5.159,40984.96603165793,517.7048340841009,0.0,517.7048340841009,0.0,517.7048340841009,repair50,2.2718590967951804,0.02363719799944164
NEARUSDT,-1,2026-08-31 14:59:00+00:00,2026-08-31 15:00:00+00:00,2026-08-31 15:40:00+00:00,1.886,1.864,41057.91534918796,478.9364462789635,0.0,478.9364462789635,0.0,478.9364462789635,repair50,2.0735021818487165,0.018516722395715668
SOLUSDT,-1,2026-08-31 18:44:00+00:00,2026-08-31 18:45:00+00:00,2026-08-31 19:35:00+00:00,104.92,103.96,41257.428203289746,377.4983899652906,0.0,377.4983899652906,0.0,377.4983899652906,repair50,2.7481392138921796,0.017281606868341015
ADAUSDT,-1,2026-08-31 18:44:00+00:00,2026-08-31 18:45:00+00:00,2026-08-31 20:55:00+00:00,0.2004,0.1984,41257.428203289746,411.7507804719553,0.0,411.7507804719553,0.0,411.7507804719553,repair50,2.149894391057073,0.019095417292091188
DOTUSDT,-1,2026-08-31 17:54:00+00:00,2026-08-31 17:55:00+00:00,2026-08-31 21:00:00+00:00,0.8403,0.8331,41283.95841576686,353.7361663614471,0.0,353.7361663614471,0.0,353.7361663614471,repair50,2.24368835193074,0.01613154203052236
NEARUSDT,-1,2026-08-31 23:19:00+00:00,2026-08-31 23:20:00+00:00,2026-08-31 23:55:00+00:00,1.924,1.92,41626.85401680647,86.54231604325902,0.0,86.54231604325902,0.0,86.54231604325902,end_of_sample,2.2054176747855956,0.019734382924584848
