model,signal,entry_time,exit_time,gross,turnover,price_pnl,fee,slippage,funding,net_pnl,reason
B0,DOTUSDT,2026-03-02 00:41:00+00:00,2026-03-02 02:16:00+00:00,20000.0,40051.44694533762,-51.44694533761867,0.0,0.0,,-51.44694533761867,mean
B0,TRXUSDT,2026-03-02 01:26:00+00:00,2026-03-02 02:31:00+00:00,20000.0,39968.736677561465,31.263322438539035,0.0,0.0,,31.263322438539035,mean
B0,NEARUSDT,2026-03-02 03:26:00+00:00,2026-03-02 04:56:00+00:00,20000.0,39816.053511705686,183.9464882943139,0.0,0.0,,183.9464882943139,mean
B0,NEARUSDT,2026-03-02 05:51:00+00:00,2026-03-02 06:06:00+00:00,20000.0,39606.23461853979,393.7653814602163,0.0,0.0,,393.7653814602163,mean
B0,BTCUSDT,2026-03-02 07:21:00+00:00,2026-03-02 08:16:00+00:00,20000.0,40131.59219846252,131.59219846252017,0.0,0.0,,131.59219846252017,mean
B0,BCHUSDT,2026-03-02 08:26:00+00:00,2026-03-02 09:21:00+00:00,20000.0,40300.99263528659,300.9926352865841,0.0,0.0,,300.9926352865841,mean
B0,DOTUSDT,2026-03-02 06:21:00+00:00,2026-03-02 10:11:00+00:00,20000.0,39842.20907297831,-157.7909270216951,0.0,0.0,,-157.7909270216951,mean
B0,NEARUSDT,2026-03-02 14:36:00+00:00,2026-03-02 15:11:00+00:00,20000.0,40822.78481012658,-822.7848101265845,0.0,0.0,,-822.7848101265845,stop
B0,HBARUSDT,2026-03-02 15:21:00+00:00,2026-03-02 17:16:00+00:00,20000.0,39694.74611094805,305.25388905194995,0.0,0.0,,305.25388905194995,mean
B0,BNBUSDT,2026-03-02 15:06:00+00:00,2026-03-02 17:46:00+00:00,20000.0,40069.69185574098,-69.69185574098447,0.0,0.0,,-69.69185574098447,mean
B0,BTCUSDT,2026-03-02 15:26:00+00:00,2026-03-02 19:01:00+00:00,20000.0,40089.0415853077,-89.04158530770292,0.0,0.0,,-89.04158530770292,mean
B0,NEARUSDT,2026-03-02 21:21:00+00:00,2026-03-02 22:41:00+00:00,20000.0,40630.961115187085,-630.9611151870849,0.0,0.0,,-630.9611151870849,stop
B0,NEARUSDT,2026-03-02 22:41:00+00:00,2026-03-02 23:06:00+00:00,20000.0,39402.56045519204,597.4395448079631,0.0,0.0,,597.4395448079631,mean
B0,NEARUSDT,2026-03-03 05:26:00+00:00,2026-03-03 05:41:00+00:00,20000.0,39475.50034506557,524.4996549344396,0.0,0.0,,524.4996549344396,mean
B0,TRXUSDT,2026-03-03 05:51:00+00:00,2026-03-03 08:06:00+00:00,20000.0,40039.07498845512,39.07498845511873,0.0,0.0,,39.07498845511873,mean
B0,NEARUSDT,2026-03-03 06:26:00+00:00,2026-03-03 08:16:00+00:00,20000.0,40118.25572801183,118.25572801182716,0.0,0.0,,118.25572801182716,mean
B0,BNBUSDT,2026-03-03 08:51:00+00:00,2026-03-03 10:46:00+00:00,20000.0,40064.51612903226,64.51612903226123,0.0,0.0,,64.51612903226123,mean
B0,BTCUSDT,2026-03-03 09:46:00+00:00,2026-03-03 10:51:00+00:00,20000.0,40097.84900631973,97.84900631972778,0.0,0.0,,97.84900631972778,mean
B0,TRXUSDT,2026-03-03 08:46:00+00:00,2026-03-03 11:41:00+00:00,20000.0,39972.9931416794,-27.006858320601168,0.0,0.0,,-27.006858320601168,mean
B0,AAVEUSDT,2026-03-03 11:01:00+00:00,2026-03-03 14:36:00+00:00,20000.0,39383.743580662296,-616.2564193377002,0.0,0.0,,-616.2564193377002,stop
B0,TRXUSDT,2026-03-03 14:46:00+00:00,2026-03-03 15:36:00+00:00,20000.0,40029.27525883613,29.27525883612907,0.0,0.0,,29.27525883612907,mean
B0,NEARUSDT,2026-03-03 15:41:00+00:00,2026-03-03 16:36:00+00:00,20000.0,39568.655643422,431.3443565779999,0.0,0.0,,431.3443565779999,mean
B0,LTCUSDT,2026-03-03 16:51:00+00:00,2026-03-03 17:36:00+00:00,20000.0,39842.922374429225,157.07762557077513,0.0,0.0,,157.07762557077513,mean
B0,AVAXUSDT,2026-03-03 16:01:00+00:00,2026-03-03 19:11:00+00:00,20000.0,40050.2677303027,-50.2677303026976,0.0,0.0,,-50.2677303026976,mean
B0,DOTUSDT,2026-03-03 18:36:00+00:00,2026-03-03 19:11:00+00:00,20000.0,39703.41715022567,296.5828497743387,0.0,0.0,,296.5828497743387,mean
B0,TRXUSDT,2026-03-04 00:11:00+00:00,2026-03-04 02:36:00+00:00,20000.0,39982.82524688708,-17.174753112925828,0.0,0.0,,-17.174753112925828,mean
B0,TRXUSDT,2026-03-04 02:56:00+00:00,2026-03-04 03:36:00+00:00,20000.0,39948.6484558876,51.351544112400006,0.0,0.0,,51.351544112400006,mean
B0,TRXUSDT,2026-03-04 06:16:00+00:00,2026-03-04 10:16:00+00:00,20000.0,40218.6064727454,-218.60647274539951,0.0,0.0,,-218.60647274539951,timeout
B0,BCHUSDT,2026-03-04 07:51:00+00:00,2026-03-04 10:51:00+00:00,20000.0,40134.52420333003,-134.52420333002738,0.0,0.0,,-134.52420333002738,mean
B0,LINKUSDT,2026-03-04 08:51:00+00:00,2026-03-04 11:41:00+00:00,20000.0,39958.32876411887,41.67123588112736,0.0,0.0,,41.67123588112736,mean
B0,BTCUSDT,2026-03-04 10:16:00+00:00,2026-03-04 11:41:00+00:00,20000.0,39841.21130852609,158.7886914739065,0.0,0.0,,158.7886914739065,mean
B0,TRXUSDT,2026-03-04 12:06:00+00:00,2026-03-04 13:56:00+00:00,20000.0,39950.15620063884,49.84379936115511,0.0,0.0,,49.84379936115511,mean
B0,DOGEUSDT,2026-03-04 14:31:00+00:00,2026-03-04 15:56:00+00:00,20000.0,40744.63609591922,-744.636095919228,0.0,0.0,,-744.636095919228,stop
B0,DOGEUSDT,2026-03-04 15:56:00+00:00,2026-03-04 17:16:00+00:00,20000.0,40592.17197323058,-592.1719732305828,0.0,0.0,,-592.1719732305828,stop
B0,BCHUSDT,2026-03-04 14:51:00+00:00,2026-03-04 17:21:00+00:00,20000.0,40007.73694390716,-7.736943907155364,0.0,0.0,,-7.736943907155364,mean
B0,DOGEUSDT,2026-03-04 17:16:00+00:00,2026-03-04 21:01:00+00:00,20000.0,40137.87669883789,-137.87669883789204,0.0,0.0,,-137.87669883789204,mean
B0,XLMUSDT,2026-03-04 19:01:00+00:00,2026-03-04 21:16:00+00:00,20000.0,40038.11397307432,-38.11397307432344,0.0,0.0,,-38.11397307432344,mean
B0,NEARUSDT,2026-03-05 01:46:00+00:00,2026-03-05 02:26:00+00:00,20000.0,40336.269015212165,336.2690152121686,0.0,0.0,,336.2690152121686,mean
B0,DOGEUSDT,2026-03-04 22:56:00+00:00,2026-03-05 02:36:00+00:00,20000.0,39383.002318782135,-616.9976812178647,0.0,0.0,,-616.9976812178647,stop
B0,BCHUSDT,2026-03-05 00:31:00+00:00,2026-03-05 03:51:00+00:00,20000.0,40023.971931048014,23.971931048010447,0.0,0.0,,23.971931048010447,mean
B0,TRXUSDT,2026-03-05 03:51:00+00:00,2026-03-05 07:51:00+00:00,20000.0,39945.90227280712,-54.09772719288958,0.0,0.0,,-54.09772719288958,timeout
B0,FILUSDT,2026-03-05 09:01:00+00:00,2026-03-05 09:41:00+00:00,20000.0,39846.00577478345,153.99422521655288,0.0,0.0,,153.99422521655288,mean
B0,BNBUSDT,2026-03-05 10:36:00+00:00,2026-03-05 11:41:00+00:00,20000.0,39838.13220206396,161.86779793603637,0.0,0.0,,161.86779793603637,mean
B0,TRXUSDT,2026-03-05 14:06:00+00:00,2026-03-05 15:01:00+00:00,20000.0,40036.09341825902,36.09341825902084,0.0,0.0,,36.09341825902084,mean
B0,FILUSDT,2026-03-05 15:31:00+00:00,2026-03-05 18:36:00+00:00,20000.0,39901.28331688055,-98.71668311944812,0.0,0.0,,-98.71668311944812,mean
B0,DOTUSDT,2026-03-05 20:26:00+00:00,2026-03-05 22:16:00+00:00,20000.0,39921.976592977895,78.02340702210859,0.0,0.0,,78.02340702210859,mean
B0,TRXUSDT,2026-03-05 21:26:00+00:00,2026-03-06 01:26:00+00:00,20000.0,40037.24133085058,-37.24133085057838,0.0,0.0,,-37.24133085057838,timeout
B0,UNIUSDT,2026-03-06 12:11:00+00:00,2026-03-06 13:21:00+00:00,20000.0,40138.92462052997,138.92462052997143,0.0,0.0,,138.92462052997143,mean
B0,BCHUSDT,2026-03-06 14:01:00+00:00,2026-03-06 16:46:00+00:00,20000.0,40101.68728908886,101.6872890888626,0.0,0.0,,101.6872890888626,mean
B0,AVAXUSDT,2026-03-06 14:06:00+00:00,2026-03-06 18:06:00+00:00,20000.0,39724.33564891388,-275.6643510861177,0.0,0.0,,-275.6643510861177,timeout
B0,SUIUSDT,2026-03-06 14:11:00+00:00,2026-03-06 18:11:00+00:00,20000.0,39762.219286657855,-237.7807133421411,0.0,0.0,,-237.7807133421411,timeout
B0,FILUSDT,2026-03-06 17:41:00+00:00,2026-03-06 18:16:00+00:00,20000.0,40186.72199170125,186.72199170124804,0.0,0.0,,186.72199170124804,mean
B0,ADAUSDT,2026-03-07 14:06:00+00:00,2026-03-07 14:41:00+00:00,20000.0,40285.60095200317,285.600952003173,0.0,0.0,,285.600952003173,mean
B0,FILUSDT,2026-03-07 15:41:00+00:00,2026-03-07 16:46:00+00:00,20000.0,40146.75052410901,146.7505241090148,0.0,0.0,,146.7505241090148,mean
B0,DOTUSDT,2026-03-07 19:16:00+00:00,2026-03-07 22:06:00+00:00,20000.0,39958.41995841995,-41.58004158004405,0.0,0.0,,-41.58004158004405,mean
B0,FILUSDT,2026-03-08 02:56:00+00:00,2026-03-08 05:16:00+00:00,20000.0,40000.0,0.0,0.0,0.0,,0.0,mean
B0,DOTUSDT,2026-03-08 10:26:00+00:00,2026-03-08 11:11:00+00:00,20000.0,39809.91174473862,190.08825526137295,0.0,0.0,,190.08825526137295,mean
B0,FILUSDT,2026-03-08 10:31:00+00:00,2026-03-08 11:11:00+00:00,20000.0,39894.40337909187,105.59662090813072,0.0,0.0,,105.59662090813072,mean
B0,NEARUSDT,2026-03-08 10:36:00+00:00,2026-03-08 11:36:00+00:00,20000.0,39759.80784627702,240.19215372297916,0.0,0.0,,240.19215372297916,mean
B0,TRXUSDT,2026-03-08 15:11:00+00:00,2026-03-08 19:11:00+00:00,20000.0,40099.9306037474,-99.93060374739798,0.0,0.0,,-99.93060374739798,timeout
B0,DOTUSDT,2026-03-08 19:21:00+00:00,2026-03-08 20:06:00+00:00,20000.0,39810.42654028436,189.57345971564064,0.0,0.0,,189.57345971564064,mean
B0,FILUSDT,2026-03-08 19:26:00+00:00,2026-03-08 21:11:00+00:00,20000.0,39915.5227032735,84.47729672650166,0.0,0.0,,84.47729672650166,mean
B0,FILUSDT,2026-03-08 22:21:00+00:00,2026-03-08 22:41:00+00:00,20000.0,40346.32034632034,346.32034632034265,0.0,0.0,,346.32034632034265,mean
B0,AVAXUSDT,2026-03-08 22:06:00+00:00,2026-03-08 22:51:00+00:00,20000.0,40252.14899713468,252.1489971346709,0.0,0.0,,252.1489971346709,mean
B0,BTCUSDT,2026-03-08 22:11:00+00:00,2026-03-08 23:26:00+00:00,20000.0,40158.98010018174,158.9801001817359,0.0,0.0,,158.9801001817359,mean
B0,TRXUSDT,2026-03-09 03:31:00+00:00,2026-03-09 04:11:00+00:00,20000.0,39932.599724896834,67.40027510316213,0.0,0.0,,67.40027510316213,mean
B0,UNIUSDT,2026-03-09 03:11:00+00:00,2026-03-09 05:01:00+00:00,20000.0,39877.78958554729,122.21041445270748,0.0,0.0,,122.21041445270748,mean
B0,BNBUSDT,2026-03-09 03:21:00+00:00,2026-03-09 05:16:00+00:00,20000.0,39938.85554221689,61.14445778311347,0.0,0.0,,61.14445778311347,mean
B0,FILUSDT,2026-03-09 05:46:00+00:00,2026-03-09 06:46:00+00:00,20000.0,39772.49224405378,227.5077559462261,0.0,0.0,,227.5077559462261,mean
B0,DOTUSDT,2026-03-09 04:41:00+00:00,2026-03-09 07:06:00+00:00,20000.0,39932.88590604027,67.11409395973169,0.0,0.0,,67.11409395973169,mean
B0,AVAXUSDT,2026-03-09 05:51:00+00:00,2026-03-09 07:06:00+00:00,20000.0,39614.34297475897,385.6570252410347,0.0,0.0,,385.6570252410347,mean
B0,TRXUSDT,2026-03-09 10:26:00+00:00,2026-03-09 14:26:00+00:00,20000.0,39953.07301698477,-46.92698301523342,0.0,0.0,,-46.92698301523342,timeout
B0,AVAXUSDT,2026-03-09 13:51:00+00:00,2026-03-09 15:11:00+00:00,20000.0,39937.425828028914,62.57417197108589,0.0,0.0,,62.57417197108589,mean
B0,UNIUSDT,2026-03-09 13:31:00+00:00,2026-03-09 16:36:00+00:00,20000.0,40056.45368231973,-56.45368231973407,0.0,0.0,,-56.45368231973407,mean
B0,SUIUSDT,2026-03-09 19:26:00+00:00,2026-03-09 21:26:00+00:00,20000.0,39724.39325380501,275.6067461949824,0.0,0.0,,275.6067461949824,mean
B0,NEARUSDT,2026-03-09 22:26:00+00:00,2026-03-09 23:51:00+00:00,20000.0,40114.37908496733,114.37908496732416,0.0,0.0,,114.37908496732416,mean
B0,FILUSDT,2026-03-09 22:56:00+00:00,2026-03-10 00:26:00+00:00,20000.0,40171.673819742486,171.67381974248565,0.0,0.0,,171.67381974248565,mean
B0,BTCUSDT,2026-03-10 02:36:00+00:00,2026-03-10 03:51:00+00:00,20000.0,39824.04658614142,175.95341385858046,0.0,0.0,,175.95341385858046,mean
B0,AAVEUSDT,2026-03-10 03:11:00+00:00,2026-03-10 04:06:00+00:00,20000.0,39696.85902118335,303.14097881665293,0.0,0.0,,303.14097881665293,mean
B0,NEARUSDT,2026-03-10 04:26:00+00:00,2026-03-10 06:21:00+00:00,20000.0,39811.17230527144,188.82769472856307,0.0,0.0,,188.82769472856307,mean
B0,FILUSDT,2026-03-10 06:21:00+00:00,2026-03-10 07:16:00+00:00,20000.0,40259.740259740254,259.7402597402579,0.0,0.0,,259.7402597402579,mean
B0,AAVEUSDT,2026-03-10 08:11:00+00:00,2026-03-10 10:41:00+00:00,20000.0,40012.53245009399,-12.532450093993248,0.0,0.0,,-12.532450093993248,mean
B0,NEARUSDT,2026-03-10 07:26:00+00:00,2026-03-10 11:26:00+00:00,20000.0,40233.10023310024,-233.10023310023465,0.0,0.0,,-233.10023310023465,timeout
B0,XLMUSDT,2026-03-10 08:16:00+00:00,2026-03-10 12:06:00+00:00,20000.0,40381.194409148666,-381.1944091486621,0.0,0.0,,-381.1944091486621,mean
B0,TRXUSDT,2026-03-10 11:36:00+00:00,2026-03-10 12:36:00+00:00,20000.0,40042.94413742124,42.94413742124016,0.0,0.0,,42.94413742124016,mean
B0,DOGEUSDT,2026-03-10 13:11:00+00:00,2026-03-10 13:41:00+00:00,20000.0,39740.25974025974,259.74025974026154,0.0,0.0,,259.74025974026154,mean
B0,UNIUSDT,2026-03-10 13:41:00+00:00,2026-03-10 14:41:00+00:00,20000.0,40201.44628099173,201.44628099173497,0.0,0.0,,201.44628099173497,mean
B0,LINKUSDT,2026-03-10 14:21:00+00:00,2026-03-10 14:41:00+00:00,20000.0,40321.74597817527,321.7459781752732,0.0,0.0,,321.7459781752732,mean
B0,XLMUSDT,2026-03-10 14:41:00+00:00,2026-03-10 17:31:00+00:00,20000.0,40053.8061754815,-53.80617548150258,0.0,0.0,,-53.80617548150258,mean
B0,XRPUSDT,2026-03-10 14:51:00+00:00,2026-03-10 17:31:00+00:00,20000.0,39913.05567241621,86.94432758379116,0.0,0.0,,86.94432758379116,mean
B0,DOGEUSDT,2026-03-10 14:46:00+00:00,2026-03-10 17:41:00+00:00,20000.0,40034.66911389823,-34.669113898231444,0.0,0.0,,-34.669113898231444,mean
B0,AVAXUSDT,2026-03-10 17:31:00+00:00,2026-03-10 18:16:00+00:00,20000.0,39727.437916414296,272.5620835857044,0.0,0.0,,272.5620835857044,mean
B0,FILUSDT,2026-03-10 18:16:00+00:00,2026-03-10 18:41:00+00:00,20000.0,39380.53097345133,-619.4690265486752,0.0,0.0,,-619.4690265486752,stop
B0,FILUSDT,2026-03-10 18:41:00+00:00,2026-03-10 22:41:00+00:00,20000.0,39680.36529680365,-319.6347031963487,0.0,0.0,,-319.6347031963487,timeout
B0,FILUSDT,2026-03-10 22:46:00+00:00,2026-03-11 00:51:00+00:00,20000.0,40210.0350058343,210.0350058343065,0.0,0.0,,210.0350058343065,mean
B0,FILUSDT,2026-03-11 04:11:00+00:00,2026-03-11 04:31:00+00:00,20000.0,40212.01413427562,212.01413427561783,0.0,0.0,,212.01413427561783,mean
B0,FILUSDT,2026-03-11 07:21:00+00:00,2026-03-11 08:11:00+00:00,20000.0,39885.71428571429,114.28571428571377,0.0,0.0,,114.28571428571377,mean
B0,FILUSDT,2026-03-11 09:46:00+00:00,2026-03-11 12:11:00+00:00,20000.0,40113.50737797957,-113.50737797956754,0.0,0.0,,-113.50737797956754,mean
B0,FILUSDT,2026-03-11 12:26:00+00:00,2026-03-11 13:46:00+00:00,20000.0,39691.62995594714,308.3700440528628,0.0,0.0,,308.3700440528628,mean
B0,DOTUSDT,2026-03-11 12:21:00+00:00,2026-03-11 13:56:00+00:00,20000.0,39921.41453831041,78.58546168958856,0.0,0.0,,78.58546168958856,mean
B0,BCHUSDT,2026-03-11 13:26:00+00:00,2026-03-11 15:11:00+00:00,20000.0,39760.43209338793,239.567906612072,0.0,0.0,,239.567906612072,mean
B0,LTCUSDT,2026-03-11 14:06:00+00:00,2026-03-11 15:11:00+00:00,20000.0,39912.42474001095,87.57525998905476,0.0,0.0,,87.57525998905476,mean
B0,BNBUSDT,2026-03-11 13:46:00+00:00,2026-03-11 15:16:00+00:00,20000.0,39905.32726852209,94.67273147790912,0.0,0.0,,94.67273147790912,mean
B0,FILUSDT,2026-03-11 15:46:00+00:00,2026-03-11 17:06:00+00:00,20000.0,40182.64840182648,182.64840182648183,0.0,0.0,,182.64840182648183,mean
B0,TRXUSDT,2026-03-11 17:06:00+00:00,2026-03-11 18:01:00+00:00,20000.0,39951.23626373627,48.763736263736064,0.0,0.0,,48.763736263736064,mean
B0,SOLUSDT,2026-03-11 17:36:00+00:00,2026-03-11 19:31:00+00:00,20000.0,39951.91757298226,48.08242701774361,0.0,0.0,,48.08242701774361,mean
B0,BNBUSDT,2026-03-11 17:26:00+00:00,2026-03-11 20:06:00+00:00,20000.0,39934.60357235626,65.39642764374003,0.0,0.0,,65.39642764374003,mean
B0,BNBUSDT,2026-03-12 02:26:00+00:00,2026-03-12 05:11:00+00:00,20000.0,39964.0505152243,-35.94948477570142,0.0,0.0,,-35.94948477570142,mean
B0,SOLUSDT,2026-03-12 03:51:00+00:00,2026-03-12 05:46:00+00:00,20000.0,40094.428706326726,94.42870632672566,0.0,0.0,,94.42870632672566,mean
B0,NEARUSDT,2026-03-12 07:36:00+00:00,2026-03-12 11:31:00+00:00,20000.0,40106.06060606061,-106.0606060606042,0.0,0.0,,-106.0606060606042,mean
B0,LINKUSDT,2026-03-12 10:41:00+00:00,2026-03-12 11:56:00+00:00,20000.0,39835.1104759811,164.88952401890492,0.0,0.0,,164.88952401890492,mean
B0,DOGEUSDT,2026-03-12 10:51:00+00:00,2026-03-12 13:21:00+00:00,20000.0,40036.02839885557,-36.0283988555675,0.0,0.0,,-36.0283988555675,mean
B0,BNBUSDT,2026-03-12 12:51:00+00:00,2026-03-12 13:26:00+00:00,20000.0,39884.85088494227,115.1491150577276,0.0,0.0,,115.1491150577276,mean
B0,AAVEUSDT,2026-03-12 14:31:00+00:00,2026-03-12 15:31:00+00:00,20000.0,40237.47680890538,237.4768089053796,0.0,0.0,,237.4768089053796,mean
B0,BCHUSDT,2026-03-12 15:01:00+00:00,2026-03-12 15:31:00+00:00,20000.0,40103.34776079851,103.34776079851508,0.0,0.0,,103.34776079851508,mean
B0,SOLUSDT,2026-03-12 15:11:00+00:00,2026-03-12 15:31:00+00:00,20000.0,40250.87924970692,250.87924970691893,0.0,0.0,,250.87924970691893,mean
B0,NEARUSDT,2026-03-12 18:06:00+00:00,2026-03-12 18:51:00+00:00,20000.0,39806.54761904762,193.45238095238165,0.0,0.0,,193.45238095238165,mean
B0,AAVEUSDT,2026-03-12 19:36:00+00:00,2026-03-12 20:46:00+00:00,20000.0,39913.60691144709,86.39308855291529,0.0,0.0,,86.39308855291529,mean
B0,NEARUSDT,2026-03-12 23:06:00+00:00,2026-03-12 23:26:00+00:00,20000.0,39853.04922850845,146.95077149154895,0.0,0.0,,146.95077149154895,mean
B0,XRPUSDT,2026-03-13 00:16:00+00:00,2026-03-13 02:41:00+00:00,20000.0,40012.84888286101,-12.848882861017046,0.0,0.0,,-12.848882861017046,mean
B0,NEARUSDT,2026-03-13 00:21:00+00:00,2026-03-13 02:41:00+00:00,20000.0,40014.44043321299,-14.44043321299614,0.0,0.0,,-14.44043321299614,mean
B0,SOLUSDT,2026-03-13 00:26:00+00:00,2026-03-13 02:46:00+00:00,20000.0,39859.781882929004,140.21811707099914,0.0,0.0,,140.21811707099914,mean
B0,BCHUSDT,2026-03-13 03:26:00+00:00,2026-03-13 05:06:00+00:00,20000.0,39967.88146117939,32.11853882060677,0.0,0.0,,32.11853882060677,mean
B0,UNIUSDT,2026-03-13 03:56:00+00:00,2026-03-13 05:06:00+00:00,20000.0,39753.20829220138,246.79170779862037,0.0,0.0,,246.79170779862037,mean
B0,SUIUSDT,2026-03-13 04:11:00+00:00,2026-03-13 06:31:00+00:00,20000.0,39936.26882966396,63.73117033603921,0.0,0.0,,63.73117033603921,mean
B0,ADAUSDT,2026-03-13 05:41:00+00:00,2026-03-13 06:46:00+00:00,20000.0,39781.89749182116,218.10250817884295,0.0,0.0,,218.10250817884295,mean
B0,DOTUSDT,2026-03-13 07:01:00+00:00,2026-03-13 08:36:00+00:00,20000.0,40053.22687957418,53.22687957418384,0.0,0.0,,53.22687957418384,mean
B0,NEARUSDT,2026-03-13 07:06:00+00:00,2026-03-13 10:06:00+00:00,20000.0,39896.52623798965,-103.47376201034784,0.0,0.0,,-103.47376201034784,mean
B0,XRPUSDT,2026-03-13 09:21:00+00:00,2026-03-13 11:11:00+00:00,20000.0,39916.341327384274,83.6586726157293,0.0,0.0,,83.6586726157293,mean
B0,DOGEUSDT,2026-03-13 09:46:00+00:00,2026-03-13 12:51:00+00:00,20000.0,40602.6174292381,-602.6174292381038,0.0,0.0,,-602.6174292381038,stop
B0,UNIUSDT,2026-03-13 10:06:00+00:00,2026-03-13 14:06:00+00:00,20000.0,40331.30328867235,-331.3032886723486,0.0,0.0,,-331.3032886723486,timeout
B0,DOGEUSDT,2026-03-13 12:51:00+00:00,2026-03-13 14:06:00+00:00,20000.0,39720.307268071694,279.6927319283059,0.0,0.0,,279.6927319283059,mean
B0,HBARUSDT,2026-03-13 12:56:00+00:00,2026-03-13 14:41:00+00:00,20000.0,39927.58724730967,72.41275269033576,0.0,0.0,,72.41275269033576,mean
B0,ETHUSDT,2026-03-13 14:06:00+00:00,2026-03-13 14:56:00+00:00,20000.0,39694.37026740315,305.62973259684804,0.0,0.0,,305.62973259684804,mean
B0,DOGEUSDT,2026-03-13 14:51:00+00:00,2026-03-13 18:51:00+00:00,20000.0,39557.413828268414,-442.5861717315893,0.0,0.0,,-442.5861717315893,timeout
B0,XRPUSDT,2026-03-13 15:41:00+00:00,2026-03-13 19:41:00+00:00,20000.0,39785.08306822198,-214.91693177801423,0.0,0.0,,-214.91693177801423,timeout
B0,BNBUSDT,2026-03-13 15:46:00+00:00,2026-03-13 19:46:00+00:00,20000.0,39803.29251577727,-196.7074842227339,0.0,0.0,,-196.7074842227339,timeout
B0,HBARUSDT,2026-03-13 18:51:00+00:00,2026-03-13 21:26:00+00:00,20000.0,39943.408090547055,-56.5919094529454,0.0,0.0,,-56.5919094529454,mean
B0,DOTUSDT,2026-03-13 22:21:00+00:00,2026-03-13 23:11:00+00:00,20000.0,40179.43409247757,179.4340924775679,0.0,0.0,,179.4340924775679,mean
B0,LINKUSDT,2026-03-13 22:36:00+00:00,2026-03-13 23:36:00+00:00,20000.0,40108.44306738962,108.4430673896204,0.0,0.0,,108.4430673896204,mean
B0,TRXUSDT,2026-03-13 20:06:00+00:00,2026-03-14 00:06:00+00:00,20000.0,40104.127419078606,-104.12741907860982,0.0,0.0,,-104.12741907860982,timeout
B0,TRXUSDT,2026-03-14 00:16:00+00:00,2026-03-14 00:36:00+00:00,20000.0,39942.15129138735,57.84870861265517,0.0,0.0,,57.84870861265517,mean
B0,XLMUSDT,2026-03-14 00:31:00+00:00,2026-03-14 00:46:00+00:00,20000.0,39820.76266089258,179.23733910742158,0.0,0.0,,179.23733910742158,mean
B0,LTCUSDT,2026-03-14 06:26:00+00:00,2026-03-14 10:26:00+00:00,20000.0,39875.844440387074,-124.15555961292556,0.0,0.0,,-124.15555961292556,timeout
B0,HBARUSDT,2026-03-14 07:36:00+00:00,2026-03-14 11:11:00+00:00,20000.0,39972.01894102454,-27.981058975463384,0.0,0.0,,-27.981058975463384,mean
B0,TRXUSDT,2026-03-14 12:06:00+00:00,2026-03-14 16:06:00+00:00,20000.0,40185.47349895079,-185.4734989507888,0.0,0.0,,-185.4734989507888,timeout
B0,TRXUSDT,2026-03-14 16:06:00+00:00,2026-03-14 17:21:00+00:00,20000.0,39949.69818913481,50.30181086519224,0.0,0.0,,50.30181086519224,mean
B0,FILUSDT,2026-03-14 18:36:00+00:00,2026-03-14 19:21:00+00:00,20000.0,39909.39977349944,90.60022650056636,0.0,0.0,,90.60022650056636,mean
B0,HBARUSDT,2026-03-14 23:11:00+00:00,2026-03-15 00:36:00+00:00,20000.0,39933.57617313049,66.42382686951169,0.0,0.0,,66.42382686951169,mean
B0,NEARUSDT,2026-03-15 01:41:00+00:00,2026-03-15 04:26:00+00:00,20000.0,40149.25373134328,-149.25373134328402,0.0,0.0,,-149.25373134328402,mean
B0,HBARUSDT,2026-03-15 02:11:00+00:00,2026-03-15 04:31:00+00:00,20000.0,40042.34596654668,-42.345966546683485,0.0,0.0,,-42.345966546683485,mean
B0,BNBUSDT,2026-03-15 09:11:00+00:00,2026-03-15 09:51:00+00:00,20000.0,39901.55914704602,98.440852953976,0.0,0.0,,98.440852953976,mean
B0,HBARUSDT,2026-03-15 10:16:00+00:00,2026-03-15 11:16:00+00:00,20000.0,39909.128459314335,90.87154068566817,0.0,0.0,,90.87154068566817,mean
B0,AAVEUSDT,2026-03-15 09:26:00+00:00,2026-03-15 11:21:00+00:00,20000.0,40007.06090026478,-7.060900264783413,0.0,0.0,,-7.060900264783413,mean
B0,BCHUSDT,2026-03-15 13:21:00+00:00,2026-03-15 15:01:00+00:00,20000.0,40081.88375972099,81.88375972098947,0.0,0.0,,81.88375972098947,mean
B0,SOLUSDT,2026-03-15 21:36:00+00:00,2026-03-15 22:56:00+00:00,20000.0,40647.68285873814,-647.6828587381387,0.0,0.0,,-647.6828587381387,stop
B0,ETHUSDT,2026-03-15 20:41:00+00:00,2026-03-15 23:16:00+00:00,20000.0,40617.69757031448,-617.6975703144781,0.0,0.0,,-617.6975703144781,stop
B0,BNBUSDT,2026-03-15 21:46:00+00:00,2026-03-16 00:46:00+00:00,20000.0,40095.98995245357,-95.9899524535722,0.0,0.0,,-95.9899524535722,mean
B0,SOLUSDT,2026-03-15 22:56:00+00:00,2026-03-16 01:16:00+00:00,20000.0,39803.1368307193,196.8631692806921,0.0,0.0,,196.8631692806921,mean
B0,NEARUSDT,2026-03-16 03:26:00+00:00,2026-03-16 06:31:00+00:00,20000.0,40231.884057971016,-231.88405797101584,0.0,0.0,,-231.88405797101584,mean
B0,DOGEUSDT,2026-03-16 03:31:00+00:00,2026-03-16 07:31:00+00:00,20000.0,40381.04738154613,-381.0473815461337,0.0,0.0,,-381.0473815461337,timeout
B0,AVAXUSDT,2026-03-16 03:36:00+00:00,2026-03-16 07:36:00+00:00,20000.0,40204.06180157419,-204.0618015741929,0.0,0.0,,-204.0618015741929,timeout
B0,DOTUSDT,2026-03-16 06:31:00+00:00,2026-03-16 08:21:00+00:00,20000.0,40729.36660268714,-729.3666026871433,0.0,0.0,,-729.3666026871433,stop
B0,DOTUSDT,2026-03-16 08:21:00+00:00,2026-03-16 10:26:00+00:00,20000.0,39580.246913580246,419.7530864197543,0.0,0.0,,419.7530864197543,mean
B0,DOTUSDT,2026-03-16 11:11:00+00:00,2026-03-16 11:26:00+00:00,20000.0,39714.81711097335,285.1828890266552,0.0,0.0,,285.1828890266552,mean
B0,ETHUSDT,2026-03-16 12:31:00+00:00,2026-03-16 12:56:00+00:00,20000.0,39828.399791049975,171.60020895002526,0.0,0.0,,171.60020895002526,mean
B0,AAVEUSDT,2026-03-16 13:26:00+00:00,2026-03-16 13:56:00+00:00,20000.0,39830.25708635464,169.74291364535384,0.0,0.0,,169.74291364535384,mean
B0,NEARUSDT,2026-03-16 13:36:00+00:00,2026-03-16 14:41:00+00:00,20000.0,39831.69705469845,168.30294530154424,0.0,0.0,,168.30294530154424,mean
B0,BNBUSDT,2026-03-16 14:36:00+00:00,2026-03-16 15:21:00+00:00,20000.0,40079.01263905185,79.01263905184896,0.0,0.0,,79.01263905184896,mean
B0,XRPUSDT,2026-03-16 15:01:00+00:00,2026-03-16 16:01:00+00:00,20000.0,39766.98000794387,233.0199920561317,0.0,0.0,,233.0199920561317,mean
B0,NEARUSDT,2026-03-16 16:21:00+00:00,2026-03-16 18:16:00+00:00,20000.0,39916.492693110646,83.50730688935437,0.0,0.0,,83.50730688935437,mean
B0,FILUSDT,2026-03-16 16:26:00+00:00,2026-03-16 19:11:00+00:00,20000.0,40754.71698113208,-754.7169811320782,0.0,0.0,,-754.7169811320782,stop
B0,TRXUSDT,2026-03-16 17:41:00+00:00,2026-03-16 19:11:00+00:00,20000.0,40036.41267700607,36.412677006072045,0.0,0.0,,36.412677006072045,mean
B0,ETHUSDT,2026-03-16 18:16:00+00:00,2026-03-16 20:06:00+00:00,20000.0,39931.91708289567,68.08291710432968,0.0,0.0,,68.08291710432968,mean
B0,FILUSDT,2026-03-16 19:11:00+00:00,2026-03-16 23:06:00+00:00,20000.0,39959.59595959596,40.40404040404246,0.0,0.0,,40.40404040404246,mean
B0,TRXUSDT,2026-03-16 20:01:00+00:00,2026-03-16 23:26:00+00:00,20000.0,39981.74380472633,-18.256195273672347,0.0,0.0,,-18.256195273672347,mean
B0,AAVEUSDT,2026-03-16 23:11:00+00:00,2026-03-16 23:36:00+00:00,20000.0,40208.574739281576,208.5747392815756,0.0,0.0,,208.5747392815756,mean
B0,NEARUSDT,2026-03-16 21:26:00+00:00,2026-03-17 00:46:00+00:00,20000.0,40054.09060175794,-54.09060175794366,0.0,0.0,,-54.09060175794366,mean
B0,BTCUSDT,2026-03-17 00:16:00+00:00,2026-03-17 02:11:00+00:00,20000.0,39944.64190981433,55.3580901856767,0.0,0.0,,55.3580901856767,mean
B0,XRPUSDT,2026-03-17 01:11:00+00:00,2026-03-17 03:26:00+00:00,20000.0,39991.090180105646,8.90981989435386,0.0,0.0,,8.90981989435386,mean
B0,LTCUSDT,2026-03-17 03:26:00+00:00,2026-03-17 06:31:00+00:00,20000.0,39859.13073355093,-140.8692664490627,0.0,0.0,,-140.8692664490627,mean
B0,XRPUSDT,2026-03-17 03:56:00+00:00,2026-03-17 07:16:00+00:00,20000.0,39833.67983367984,-166.3201663201653,0.0,0.0,,-166.3201663201653,mean
B0,UNIUSDT,2026-03-17 03:36:00+00:00,2026-03-17 07:21:00+00:00,20000.0,39877.029021151015,-122.97097884898903,0.0,0.0,,-122.97097884898903,mean
B0,TRXUSDT,2026-03-17 07:16:00+00:00,2026-03-17 11:16:00+00:00,20000.0,40300.12085403518,-300.1208540351836,0.0,0.0,,-300.1208540351836,timeout
B0,FILUSDT,2026-03-17 11:41:00+00:00,2026-03-17 12:01:00+00:00,20000.0,39837.563451776645,162.43654822335156,0.0,0.0,,162.43654822335156,mean
B0,TRXUSDT,2026-03-17 11:16:00+00:00,2026-03-17 15:16:00+00:00,20000.0,40076.73226393253,-76.73226393252844,0.0,0.0,,-76.73226393252844,timeout
B0,XRPUSDT,2026-03-17 16:26:00+00:00,2026-03-17 16:36:00+00:00,20000.0,39883.15609820139,116.84390179861292,0.0,0.0,,116.84390179861292,mean
B0,TRXUSDT,2026-03-17 16:06:00+00:00,2026-03-17 16:41:00+00:00,20000.0,39954.01090598515,45.98909401485071,0.0,0.0,,45.98909401485071,mean
B0,TRXUSDT,2026-03-17 18:01:00+00:00,2026-03-17 18:31:00+00:00,20000.0,39910.951055819285,89.0489441807149,0.0,0.0,,89.0489441807149,mean
B0,TRXUSDT,2026-03-17 20:01:00+00:00,2026-03-17 20:36:00+00:00,20000.0,39961.41899623998,38.58100376001676,0.0,0.0,,38.58100376001676,mean
B0,TRXUSDT,2026-03-17 22:11:00+00:00,2026-03-17 22:41:00+00:00,20000.0,39917.94203842397,82.05796157603254,0.0,0.0,,82.05796157603254,mean
B0,TRXUSDT,2026-03-17 23:11:00+00:00,2026-03-18 02:51:00+00:00,20000.0,40059.260224016674,-59.26022401667433,0.0,0.0,,-59.26022401667433,mean
B0,XLMUSDT,2026-03-18 03:31:00+00:00,2026-03-18 04:31:00+00:00,20000.0,39788.760237221126,211.23976277887775,0.0,0.0,,211.23976277887775,mean
B0,TRXUSDT,2026-03-18 03:56:00+00:00,2026-03-18 07:56:00+00:00,20000.0,39801.07966628497,-198.92033371503203,0.0,0.0,,-198.92033371503203,timeout
B0,TRXUSDT,2026-03-18 08:01:00+00:00,2026-03-18 08:51:00+00:00,20000.0,40076.2574185206,76.2574185206031,0.0,0.0,,76.2574185206031,mean
B0,AVAXUSDT,2026-03-18 12:06:00+00:00,2026-03-18 15:01:00+00:00,20000.0,39305.59773256403,-694.4022674359767,0.0,0.0,,-694.4022674359767,stop
B0,LTCUSDT,2026-03-18 11:36:00+00:00,2026-03-18 15:36:00+00:00,20000.0,39615.18093556928,-384.8190644307142,0.0,0.0,,-384.8190644307142,timeout
B0,ADAUSDT,2026-03-18 12:01:00+00:00,2026-03-18 16:01:00+00:00,20000.0,39390.46253137325,-609.5374686267496,0.0,0.0,,-609.5374686267496,timeout
B0,BCHUSDT,2026-03-18 15:56:00+00:00,2026-03-18 17:46:00+00:00,20000.0,40166.08625770158,166.0862577015796,0.0,0.0,,166.0862577015796,mean
B0,UNIUSDT,2026-03-18 15:01:00+00:00,2026-03-18 18:06:00+00:00,20000.0,40169.67706622879,169.67706622879268,0.0,0.0,,169.67706622879268,mean
B0,XLMUSDT,2026-03-18 18:11:00+00:00,2026-03-18 18:56:00+00:00,20000.0,39767.22313660946,232.77686339054344,0.0,0.0,,232.77686339054344,mean
B0,BTCUSDT,2026-03-18 20:11:00+00:00,2026-03-18 20:36:00+00:00,20000.0,40171.0571815672,171.05718156720468,0.0,0.0,,171.05718156720468,mean
B0,AAVEUSDT,2026-03-19 03:16:00+00:00,2026-03-19 04:16:00+00:00,20000.0,39853.71661847253,146.28338152747165,0.0,0.0,,146.28338152747165,mean
B0,BTCUSDT,2026-03-19 07:16:00+00:00,2026-03-19 09:26:00+00:00,20000.0,40081.912317757975,81.91231775797132,0.0,0.0,,81.91231775797132,mean
B0,UNIUSDT,2026-03-19 08:36:00+00:00,2026-03-19 09:26:00+00:00,20000.0,40139.54786491767,139.54786491766572,0.0,0.0,,139.54786491766572,mean
B0,TRXUSDT,2026-03-19 08:46:00+00:00,2026-03-19 10:06:00+00:00,20000.0,40078.31685139709,78.31685139709225,0.0,0.0,,78.31685139709225,mean
B0,HBARUSDT,2026-03-19 13:01:00+00:00,2026-03-19 13:46:00+00:00,20000.0,40165.289256198346,165.2892561983463,0.0,0.0,,165.2892561983463,mean
B0,FILUSDT,2026-03-19 13:11:00+00:00,2026-03-19 14:56:00+00:00,20000.0,40067.34006734007,67.34006734006834,0.0,0.0,,67.34006734006834,mean
B0,ETHUSDT,2026-03-19 12:56:00+00:00,2026-03-19 16:56:00+00:00,20000.0,39827.17532041058,-172.82467958942289,0.0,0.0,,-172.82467958942289,timeout
B0,XLMUSDT,2026-03-19 15:26:00+00:00,2026-03-19 17:21:00+00:00,20000.0,40032.95496155255,32.954961552542954,0.0,0.0,,32.954961552542954,mean
B0,XRPUSDT,2026-03-19 15:36:00+00:00,2026-03-19 17:26:00+00:00,20000.0,40072.85464098074,72.85464098073862,0.0,0.0,,72.85464098073862,mean
B0,TRXUSDT,2026-03-19 16:56:00+00:00,2026-03-19 17:31:00+00:00,20000.0,40063.44542024242,63.445420242427645,0.0,0.0,,63.445420242427645,mean
B0,BTCUSDT,2026-03-19 19:16:00+00:00,2026-03-19 21:51:00+00:00,20000.0,40016.01590780754,-16.015907807537587,0.0,0.0,,-16.015907807537587,mean
B0,TRXUSDT,2026-03-19 22:06:00+00:00,2026-03-19 23:36:00+00:00,20000.0,39995.38502109704,4.614978902951407,0.0,0.0,,4.614978902951407,mean
B0,BCHUSDT,2026-03-20 02:01:00+00:00,2026-03-20 05:26:00+00:00,20000.0,40085.87786259542,-85.8778625954219,0.0,0.0,,-85.8778625954219,mean
B0,BCHUSDT,2026-03-20 08:11:00+00:00,2026-03-20 09:26:00+00:00,20000.0,39867.28118465412,132.718815345881,0.0,0.0,,132.718815345881,mean
B0,BCHUSDT,2026-03-20 09:31:00+00:00,2026-03-20 10:46:00+00:00,20000.0,40091.87830458525,91.87830458524697,0.0,0.0,,91.87830458524697,mean
B0,TRXUSDT,2026-03-20 10:21:00+00:00,2026-03-20 11:36:00+00:00,20000.0,39987.59629194412,12.403708055880998,0.0,0.0,,12.403708055880998,mean
B0,AAVEUSDT,2026-03-20 14:56:00+00:00,2026-03-20 15:51:00+00:00,20000.0,40106.081390032006,106.08139003200996,0.0,0.0,,106.08139003200996,mean
B0,TRXUSDT,2026-03-20 18:06:00+00:00,2026-03-20 21:26:00+00:00,20000.0,40015.52493692994,-15.52493692994176,0.0,0.0,,-15.52493692994176,mean
B0,BCHUSDT,2026-03-20 22:06:00+00:00,2026-03-21 00:46:00+00:00,20000.0,39954.84279383836,45.157206161638896,0.0,0.0,,45.157206161638896,mean
B0,TRXUSDT,2026-03-21 06:26:00+00:00,2026-03-21 07:46:00+00:00,20000.0,39967.80943183648,32.19056816352895,0.0,0.0,,32.19056816352895,mean
B0,FILUSDT,2026-03-21 14:16:00+00:00,2026-03-21 15:56:00+00:00,20000.0,40606.71722643553,-606.7172264355358,0.0,0.0,,-606.7172264355358,stop
B0,FILUSDT,2026-03-21 15:56:00+00:00,2026-03-21 17:31:00+00:00,20000.0,39936.90851735015,63.09148264984469,0.0,0.0,,63.09148264984469,mean
B0,TRXUSDT,2026-03-21 17:36:00+00:00,2026-03-21 19:26:00+00:00,20000.0,39972.98340409109,27.016595908913587,0.0,0.0,,27.016595908913587,mean
B0,FILUSDT,2026-03-21 19:26:00+00:00,2026-03-21 23:26:00+00:00,20000.0,39505.907626208376,-494.0923737916237,0.0,0.0,,-494.0923737916237,timeout
B0,FILUSDT,2026-03-21 23:31:00+00:00,2026-03-22 00:01:00+00:00,20000.0,39338.47850055127,-661.5214994487324,0.0,0.0,,-661.5214994487324,stop
B0,FILUSDT,2026-03-22 00:01:00+00:00,2026-03-22 02:31:00+00:00,20000.0,40228.05017103763,228.0501710376302,0.0,0.0,,228.0501710376302,mean
B0,BCHUSDT,2026-03-22 01:06:00+00:00,2026-03-22 02:31:00+00:00,20000.0,40111.77574990176,111.77574990176072,0.0,0.0,,111.77574990176072,mean
B0,LTCUSDT,2026-03-22 01:41:00+00:00,2026-03-22 02:56:00+00:00,20000.0,40110.13215859031,110.1321585903097,0.0,0.0,,110.1321585903097,mean
B0,TRXUSDT,2026-03-22 02:36:00+00:00,2026-03-22 05:16:00+00:00,20000.0,40003.88890689309,3.888906893087551,0.0,0.0,,3.888906893087551,mean
B0,BCHUSDT,2026-03-22 04:21:00+00:00,2026-03-22 06:06:00+00:00,20000.0,39975.12864493996,24.87135506003324,0.0,0.0,,24.87135506003324,mean
B0,XLMUSDT,2026-03-22 08:21:00+00:00,2026-03-22 11:41:00+00:00,20000.0,39957.28374897921,-42.7162510207927,0.0,0.0,,-42.7162510207927,mean
B0,TRXUSDT,2026-03-22 12:26:00+00:00,2026-03-22 16:26:00+00:00,20000.0,40260.02305623159,-260.02305623158827,0.0,0.0,,-260.02305623158827,timeout
B0,TRXUSDT,2026-03-22 16:26:00+00:00,2026-03-22 20:26:00+00:00,20000.0,40108.74375671746,-108.74375671745656,0.0,0.0,,-108.74375671745656,timeout
B0,BTCUSDT,2026-03-22 21:21:00+00:00,2026-03-22 22:11:00+00:00,20000.0,40183.61091576983,183.61091576983017,0.0,0.0,,183.61091576983017,mean
B0,SUIUSDT,2026-03-22 21:16:00+00:00,2026-03-22 22:26:00+00:00,20000.0,40177.935943060496,177.93594306049636,0.0,0.0,,177.93594306049636,mean
B0,TRXUSDT,2026-03-22 21:26:00+00:00,2026-03-23 01:21:00+00:00,20000.0,39809.91131313774,-190.0886868622656,0.0,0.0,,-190.0886868622656,mean
B0,XLMUSDT,2026-03-23 04:41:00+00:00,2026-03-23 06:11:00+00:00,20000.0,39940.794860490016,59.20513950998429,0.0,0.0,,59.20513950998429,mean
B0,BNBUSDT,2026-03-23 06:46:00+00:00,2026-03-23 07:46:00+00:00,20000.0,40097.07957632159,97.0795763215865,0.0,0.0,,97.0795763215865,mean
B0,SUIUSDT,2026-03-23 07:26:00+00:00,2026-03-23 08:11:00+00:00,20000.0,40219.70631095169,219.7063109516857,0.0,0.0,,219.7063109516857,mean
B0,BNBUSDT,2026-03-23 11:11:00+00:00,2026-03-23 15:11:00+00:00,20000.0,39997.83234756759,2.167652432417526,0.0,0.0,,2.167652432417526,timeout
B0,ETHUSDT,2026-03-23 11:16:00+00:00,2026-03-23 15:16:00+00:00,20000.0,39959.767218072666,40.23278192732687,0.0,0.0,,40.23278192732687,timeout
B0,SUIUSDT,2026-03-23 11:46:00+00:00,2026-03-23 15:46:00+00:00,20000.0,40225.76221120372,-225.76221120371704,0.0,0.0,,-225.76221120371704,timeout
B0,XRPUSDT,2026-03-23 15:11:00+00:00,2026-03-23 15:56:00+00:00,20000.0,39655.00718735026,344.9928126497398,0.0,0.0,,344.9928126497398,mean
B0,BNBUSDT,2026-03-23 16:41:00+00:00,2026-03-23 17:51:00+00:00,20000.0,40069.30116079445,69.30116079444633,0.0,0.0,,69.30116079444633,mean
B0,DOTUSDT,2026-03-23 16:01:00+00:00,2026-03-23 18:36:00+00:00,20000.0,40069.83240223464,69.83240223463872,0.0,0.0,,69.83240223463872,mean
B0,TRXUSDT,2026-03-23 15:21:00+00:00,2026-03-23 19:21:00+00:00,20000.0,40010.49317943337,10.493179433367914,0.0,0.0,,10.493179433367914,timeout
B0,FILUSDT,2026-03-23 18:36:00+00:00,2026-03-23 20:06:00+00:00,20000.0,39806.03448275862,193.96551724138044,0.0,0.0,,193.96551724138044,mean
B0,DOTUSDT,2026-03-23 20:31:00+00:00,2026-03-23 20:46:00+00:00,20000.0,40255.68181818182,255.68181818181984,0.0,0.0,,255.68181818181984,mean
B0,FILUSDT,2026-03-23 20:46:00+00:00,2026-03-23 22:06:00+00:00,20000.0,39787.00745473908,212.9925452609132,0.0,0.0,,212.9925452609132,mean
B0,TRXUSDT,2026-03-24 00:01:00+00:00,2026-03-24 04:01:00+00:00,20000.0,40175.0732183534,-175.07321835339826,0.0,0.0,,-175.07321835339826,timeout
B0,ADAUSDT,2026-03-24 08:01:00+00:00,2026-03-24 09:26:00+00:00,20000.0,39894.81592787378,105.18407212621968,0.0,0.0,,105.18407212621968,mean
B0,BCHUSDT,2026-03-24 10:11:00+00:00,2026-03-24 11:26:00+00:00,20000.0,40100.728903245006,100.72890324500258,0.0,0.0,,100.72890324500258,mean
B0,DOTUSDT,2026-03-24 11:21:00+00:00,2026-03-24 13:26:00+00:00,20000.0,40144.30014430014,144.3001443001449,0.0,0.0,,144.3001443001449,mean
B0,SOLUSDT,2026-03-24 13:46:00+00:00,2026-03-24 15:26:00+00:00,20000.0,40026.65186007773,26.65186007773445,0.0,0.0,,26.65186007773445,mean
B0,DOTUSDT,2026-03-24 16:31:00+00:00,2026-03-24 18:36:00+00:00,20000.0,40029.15451895044,29.15451895043589,0.0,0.0,,29.15451895043589,mean
B0,BTCUSDT,2026-03-24 16:41:00+00:00,2026-03-24 18:36:00+00:00,20000.0,40050.688314440544,50.68831444054376,0.0,0.0,,50.68831444054376,mean
B0,XLMUSDT,2026-03-24 20:26:00+00:00,2026-03-24 23:31:00+00:00,20000.0,40602.94985250737,-602.9498525073723,0.0,0.0,,-602.9498525073723,stop
B0,TRXUSDT,2026-03-24 21:26:00+00:00,2026-03-25 01:06:00+00:00,20000.0,39946.60241591509,-53.39758408491252,0.0,0.0,,-53.39758408491252,mean
B0,XLMUSDT,2026-03-24 23:31:00+00:00,2026-03-25 01:46:00+00:00,20000.0,40555.52373861749,-555.5237386174922,0.0,0.0,,-555.5237386174922,stop
B0,XLMUSDT,2026-03-25 01:46:00+00:00,2026-03-25 02:36:00+00:00,20000.0,39605.48311601472,394.5168839852886,0.0,0.0,,394.5168839852886,mean
B0,NEARUSDT,2026-03-25 06:11:00+00:00,2026-03-25 07:16:00+00:00,20000.0,40157.3564122738,157.35641227379892,0.0,0.0,,157.35641227379892,mean
B0,DOGEUSDT,2026-03-25 05:11:00+00:00,2026-03-25 08:01:00+00:00,20000.0,40091.26737191454,-91.26737191453869,0.0,0.0,,-91.26737191453869,mean
B0,UNIUSDT,2026-03-25 08:36:00+00:00,2026-03-25 11:51:00+00:00,20000.0,39972.93640054127,27.06359945872828,0.0,0.0,,27.06359945872828,mean
B0,AAVEUSDT,2026-03-25 11:36:00+00:00,2026-03-25 12:41:00+00:00,20000.0,39882.30203375162,117.69796624837907,0.0,0.0,,117.69796624837907,mean
B0,DOGEUSDT,2026-03-25 15:16:00+00:00,2026-03-25 16:31:00+00:00,20000.0,40206.572769953054,206.57276995305077,0.0,0.0,,206.57276995305077,mean
B0,XLMUSDT,2026-03-25 15:21:00+00:00,2026-03-25 16:31:00+00:00,20000.0,40146.25228519196,146.25228519195662,0.0,0.0,,146.25228519195662,mean
B0,LTCUSDT,2026-03-25 15:36:00+00:00,2026-03-25 16:31:00+00:00,20000.0,40178.95490336436,178.9549033643525,0.0,0.0,,178.9549033643525,mean
B0,NEARUSDT,2026-03-25 17:41:00+00:00,2026-03-25 19:46:00+00:00,20000.0,40094.117647058825,94.11764705882524,0.0,0.0,,94.11764705882524,mean
B0,AAVEUSDT,2026-03-25 18:11:00+00:00,2026-03-25 21:41:00+00:00,20000.0,39975.15307480699,-24.846925193007337,0.0,0.0,,-24.846925193007337,mean
B0,TRXUSDT,2026-03-25 17:56:00+00:00,2026-03-25 21:46:00+00:00,20000.0,40000.63665881455,-0.6366588145428977,0.0,0.0,,-0.6366588145428977,mean
B0,DOTUSDT,2026-03-25 20:26:00+00:00,2026-03-25 22:36:00+00:00,20000.0,40059.259259259255,59.259259259259125,0.0,0.0,,59.259259259259125,mean
B0,NEARUSDT,2026-03-26 02:36:00+00:00,2026-03-26 06:36:00+00:00,20000.0,39633.75796178344,-366.2420382165583,0.0,0.0,,-366.2420382165583,timeout
B0,AAVEUSDT,2026-03-26 05:51:00+00:00,2026-03-26 09:51:00+00:00,20000.0,39622.1894581644,-377.8105418356063,0.0,0.0,,-377.8105418356063,timeout
B0,DOGEUSDT,2026-03-26 06:06:00+00:00,2026-03-26 10:06:00+00:00,20000.0,39768.84856340462,-231.1514365953772,0.0,0.0,,-231.1514365953772,timeout
B0,TRXUSDT,2026-03-26 10:06:00+00:00,2026-03-26 12:01:00+00:00,20000.0,40046.93326475505,46.93326475504364,0.0,0.0,,46.93326475504364,mean
B0,ETHUSDT,2026-03-26 09:36:00+00:00,2026-03-26 13:11:00+00:00,20000.0,39925.36596611211,-74.6340338878872,0.0,0.0,,-74.6340338878872,mean
B0,UNIUSDT,2026-03-26 11:31:00+00:00,2026-03-26 13:11:00+00:00,20000.0,40005.657708628,5.657708628004912,0.0,0.0,,5.657708628004912,mean
B0,XRPUSDT,2026-03-26 15:21:00+00:00,2026-03-26 16:11:00+00:00,20000.0,40085.4071565307,85.4071565307022,0.0,0.0,,85.4071565307022,mean
B0,SUIUSDT,2026-03-26 15:16:00+00:00,2026-03-26 17:36:00+00:00,20000.0,40030.624521491845,30.62452149184901,0.0,0.0,,30.62452149184901,mean
B0,XRPUSDT,2026-03-26 18:06:00+00:00,2026-03-26 19:46:00+00:00,20000.0,40090.80759211016,90.80759211015902,0.0,0.0,,90.80759211015902,mean
B0,DOTUSDT,2026-03-26 19:36:00+00:00,2026-03-26 20:21:00+00:00,20000.0,40168.58237547893,168.58237547892713,0.0,0.0,,168.58237547892713,mean
B0,AVAXUSDT,2026-03-26 17:51:00+00:00,2026-03-26 20:51:00+00:00,20000.0,40094.92273730684,94.92273730684246,0.0,0.0,,94.92273730684246,mean
B0,NEARUSDT,2026-03-26 20:26:00+00:00,2026-03-26 22:01:00+00:00,20000.0,39967.34693877551,32.65306122448965,0.0,0.0,,32.65306122448965,mean
B0,BCHUSDT,2026-03-27 05:56:00+00:00,2026-03-27 06:46:00+00:00,20000.0,39794.396890465374,205.60310953462977,0.0,0.0,,205.60310953462977,mean
B0,TRXUSDT,2026-03-27 04:46:00+00:00,2026-03-27 08:46:00+00:00,20000.0,40148.06777930242,-148.06777930242606,0.0,0.0,,-148.06777930242606,timeout
B0,BCHUSDT,2026-03-27 07:46:00+00:00,2026-03-27 08:56:00+00:00,20000.0,40173.53202750483,173.53202750482887,0.0,0.0,,173.53202750482887,mean
B0,BNBUSDT,2026-03-27 08:41:00+00:00,2026-03-27 12:41:00+00:00,20000.0,39742.768394486506,-257.2316055134943,0.0,0.0,,-257.2316055134943,timeout
B0,DOTUSDT,2026-03-27 09:36:00+00:00,2026-03-27 13:06:00+00:00,20000.0,39784.44957659738,-215.55042340261932,0.0,0.0,,-215.55042340261932,mean
B0,UNIUSDT,2026-03-27 10:56:00+00:00,2026-03-27 13:21:00+00:00,20000.0,40165.48463356974,165.48463356974025,0.0,0.0,,165.48463356974025,mean
B0,NEARUSDT,2026-03-27 12:41:00+00:00,2026-03-27 15:01:00+00:00,20000.0,40101.60880609653,101.60880609653032,0.0,0.0,,101.60880609653032,mean
B0,AAVEUSDT,2026-03-27 13:56:00+00:00,2026-03-27 15:26:00+00:00,20000.0,40165.63560167631,165.6356016763093,0.0,0.0,,165.6356016763093,mean
B0,LTCUSDT,2026-03-27 15:41:00+00:00,2026-03-27 16:06:00+00:00,20000.0,39889.82739625413,110.1726037458684,0.0,0.0,,110.1726037458684,mean
B0,TRXUSDT,2026-03-27 14:06:00+00:00,2026-03-27 17:11:00+00:00,20000.0,39989.0099233927,-10.990076607296942,0.0,0.0,,-10.990076607296942,mean
B0,BCHUSDT,2026-03-27 15:26:00+00:00,2026-03-27 17:31:00+00:00,20000.0,39979.4428146213,20.557185378700524,0.0,0.0,,20.557185378700524,mean
B0,AAVEUSDT,2026-03-27 19:01:00+00:00,2026-03-27 20:06:00+00:00,20000.0,40148.55514855515,148.55514855514775,0.0,0.0,,148.55514855514775,mean
B0,BCHUSDT,2026-03-27 21:16:00+00:00,2026-03-27 23:11:00+00:00,20000.0,39983.43773224334,16.56226775666073,0.0,0.0,,16.56226775666073,mean
B0,LTCUSDT,2026-03-28 13:46:00+00:00,2026-03-28 15:06:00+00:00,20000.0,39879.25356750823,120.74643249176734,0.0,0.0,,120.74643249176734,mean
B0,TRXUSDT,2026-03-28 12:01:00+00:00,2026-03-28 15:31:00+00:00,20000.0,40083.3943406436,-83.39434064360103,0.0,0.0,,-83.39434064360103,mean
B0,DOGEUSDT,2026-03-28 13:56:00+00:00,2026-03-28 16:41:00+00:00,20000.0,40138.22894168466,-138.2289416846652,0.0,0.0,,-138.2289416846652,mean
B0,XLMUSDT,2026-03-28 16:36:00+00:00,2026-03-28 17:51:00+00:00,20000.0,39903.13357063664,96.86642936336648,0.0,0.0,,96.86642936336648,mean
B0,LTCUSDT,2026-03-28 18:11:00+00:00,2026-03-28 19:06:00+00:00,20000.0,40103.87683175663,103.87683175663189,0.0,0.0,,103.87683175663189,mean
B0,FILUSDT,2026-03-28 21:56:00+00:00,2026-03-29 01:11:00+00:00,20000.0,40024.93765586035,24.93765586034715,0.0,0.0,,24.93765586034715,mean
B0,SUIUSDT,2026-03-28 23:11:00+00:00,2026-03-29 01:31:00+00:00,20000.0,40044.15524052986,44.15524052986075,0.0,0.0,,44.15524052986075,mean
B0,TRXUSDT,2026-03-29 08:51:00+00:00,2026-03-29 10:26:00+00:00,20000.0,39974.94205349872,25.057946501285187,0.0,0.0,,25.057946501285187,mean
B0,BCHUSDT,2026-03-29 14:06:00+00:00,2026-03-29 14:36:00+00:00,20000.0,39315.23815521549,-684.7618447845161,0.0,0.0,,-684.7618447845161,stop
B0,SUIUSDT,2026-03-29 13:11:00+00:00,2026-03-29 16:21:00+00:00,20000.0,40011.7994100295,11.799410029499995,0.0,0.0,,11.799410029499995,mean
B0,BCHUSDT,2026-03-29 14:36:00+00:00,2026-03-29 18:36:00+00:00,20000.0,39632.22188410207,-367.7781158979269,0.0,0.0,,-367.7781158979269,timeout
B0,BCHUSDT,2026-03-29 18:36:00+00:00,2026-03-29 19:36:00+00:00,20000.0,40111.160318866256,111.16031886625206,0.0,0.0,,111.16031886625206,mean
B0,UNIUSDT,2026-03-29 21:06:00+00:00,2026-03-29 21:11:00+00:00,20000.0,39713.61776738749,286.38223261250823,0.0,0.0,,286.38223261250823,mean
B0,TRXUSDT,2026-03-29 20:06:00+00:00,2026-03-29 22:46:00+00:00,20000.0,39983.23710188117,16.76289811882816,0.0,0.0,,16.76289811882816,mean
B0,UNIUSDT,2026-03-29 22:51:00+00:00,2026-03-29 23:16:00+00:00,20000.0,40432.66301035954,432.663010359538,0.0,0.0,,432.663010359538,mean
B0,LTCUSDT,2026-03-29 22:56:00+00:00,2026-03-29 23:46:00+00:00,20000.0,40143.50453172205,143.5045317220538,0.0,0.0,,143.5045317220538,mean
B0,BNBUSDT,2026-03-29 22:46:00+00:00,2026-03-29 23:56:00+00:00,20000.0,40265.124287457584,265.12428745758007,0.0,0.0,,265.12428745758007,mean
B0,DOTUSDT,2026-03-30 00:26:00+00:00,2026-03-30 01:11:00+00:00,20000.0,39843.26018808778,156.7398119122263,0.0,0.0,,156.7398119122263,mean
B0,XRPUSDT,2026-03-30 00:21:00+00:00,2026-03-30 04:21:00+00:00,20000.0,40163.58093538553,-163.58093538553294,0.0,0.0,,-163.58093538553294,timeout
B0,ADAUSDT,2026-03-30 02:16:00+00:00,2026-03-30 05:51:00+00:00,20000.0,40106.07915136679,-106.0791513667864,0.0,0.0,,-106.0791513667864,mean
B0,UNIUSDT,2026-03-30 04:21:00+00:00,2026-03-30 06:21:00+00:00,20000.0,39988.46929950995,11.530700490053276,0.0,0.0,,11.530700490053276,mean
B0,NEARUSDT,2026-03-30 02:46:00+00:00,2026-03-30 06:41:00+00:00,20000.0,40100.84033613445,-100.84033613445354,0.0,0.0,,-100.84033613445354,mean
B0,LTCUSDT,2026-03-30 06:36:00+00:00,2026-03-30 07:31:00+00:00,20000.0,40085.91707134852,85.9170713485255,0.0,0.0,,85.9170713485255,mean
B0,FILUSDT,2026-03-30 06:01:00+00:00,2026-03-30 09:26:00+00:00,20000.0,40118.76484560571,-118.76484560570316,0.0,0.0,,-118.76484560570316,mean
B0,UNIUSDT,2026-03-30 08:01:00+00:00,2026-03-30 09:26:00+00:00,20000.0,39903.87333898785,96.12666101215656,0.0,0.0,,96.12666101215656,mean
B0,NEARUSDT,2026-03-30 09:01:00+00:00,2026-03-30 09:26:00+00:00,20000.0,39786.53530377668,213.4646962233164,0.0,0.0,,213.4646962233164,mean
B0,LINKUSDT,2026-03-30 12:21:00+00:00,2026-03-30 13:51:00+00:00,20000.0,39943.78864530636,56.2113546936489,0.0,0.0,,56.2113546936489,mean
B0,TRXUSDT,2026-03-30 12:51:00+00:00,2026-03-30 16:21:00+00:00,20000.0,39942.39018128307,-57.60981871693002,0.0,0.0,,-57.60981871693002,mean
B0,BCHUSDT,2026-03-30 16:36:00+00:00,2026-03-30 17:56:00+00:00,20000.0,39906.048906048905,93.95109395109466,0.0,0.0,,93.95109395109466,mean
B0,FILUSDT,2026-03-30 14:31:00+00:00,2026-03-30 18:31:00+00:00,20000.0,39733.656174334144,-266.3438256658592,0.0,0.0,,-266.3438256658592,timeout
B0,NEARUSDT,2026-03-30 15:21:00+00:00,2026-03-30 19:21:00+00:00,20000.0,39575.19116397621,-424.8088360237925,0.0,0.0,,-424.8088360237925,timeout
B0,LINKUSDT,2026-03-30 19:26:00+00:00,2026-03-30 20:56:00+00:00,20000.0,40128.10061721206,128.10061721206148,0.0,0.0,,128.10061721206148,mean
B0,HBARUSDT,2026-03-30 18:31:00+00:00,2026-03-30 21:11:00+00:00,20000.0,39990.88007295941,-9.119927040588664,0.0,0.0,,-9.119927040588664,mean
B0,DOTUSDT,2026-03-30 17:56:00+00:00,2026-03-30 21:21:00+00:00,20000.0,39903.69181380417,-96.30818619582716,0.0,0.0,,-96.30818619582716,mean
B0,NEARUSDT,2026-03-31 01:21:00+00:00,2026-03-31 03:06:00+00:00,20000.0,40000.0,0.0,0.0,0.0,,0.0,mean
B0,BTCUSDT,2026-03-31 01:26:00+00:00,2026-03-31 03:41:00+00:00,20000.0,39974.457894651365,25.542105348635232,0.0,0.0,,25.542105348635232,mean
B0,ETHUSDT,2026-03-31 01:36:00+00:00,2026-03-31 03:41:00+00:00,20000.0,39812.53723312258,187.4627668774156,0.0,0.0,,187.4627668774156,mean
B0,HBARUSDT,2026-03-31 05:11:00+00:00,2026-03-31 09:11:00+00:00,20000.0,39722.093561834175,-277.9064381658209,0.0,0.0,,-277.9064381658209,timeout
B0,BTCUSDT,2026-03-31 09:16:00+00:00,2026-03-31 11:16:00+00:00,20000.0,39977.71352126364,-22.28647873636146,0.0,0.0,,-22.28647873636146,mean
B0,AVAXUSDT,2026-03-31 09:21:00+00:00,2026-03-31 11:41:00+00:00,20000.0,39961.25356125356,-38.74643874644244,0.0,0.0,,-38.74643874644244,mean
B0,SOLUSDT,2026-03-31 09:56:00+00:00,2026-03-31 12:41:00+00:00,20000.0,40081.83508989461,81.83508989460461,0.0,0.0,,81.83508989460461,mean
B0,DOTUSDT,2026-03-31 13:26:00+00:00,2026-03-31 14:56:00+00:00,20000.0,39968.12749003984,31.87250996016155,0.0,0.0,,31.87250996016155,mean
B0,TRXUSDT,2026-03-31 11:16:00+00:00,2026-03-31 15:16:00+00:00,20000.0,39728.515377800286,-271.4846221997177,0.0,0.0,,-271.4846221997177,timeout
B0,ADAUSDT,2026-03-31 16:36:00+00:00,2026-03-31 17:01:00+00:00,20000.0,40330.929147221046,330.9291472210461,0.0,0.0,,330.9291472210461,mean
B0,TRXUSDT,2026-03-31 15:16:00+00:00,2026-03-31 17:16:00+00:00,20000.0,40042.983159583,42.98315958299645,0.0,0.0,,42.98315958299645,mean
B0,BTCUSDT,2026-03-31 17:16:00+00:00,2026-03-31 18:01:00+00:00,20000.0,39758.73573309921,241.26426690078733,0.0,0.0,,241.26426690078733,mean
B0,HBARUSDT,2026-03-31 15:36:00+00:00,2026-03-31 19:36:00+00:00,20000.0,40765.196662693685,765.1966626936846,0.0,0.0,,765.1966626936846,timeout
B0,ETHUSDT,2026-03-31 17:01:00+00:00,2026-03-31 19:41:00+00:00,20000.0,40033.47072268072,-33.47072268071861,0.0,0.0,,-33.47072268071861,mean
B0,HBARUSDT,2026-03-31 19:56:00+00:00,2026-03-31 21:51:00+00:00,20000.0,40013.72526592703,-13.725265927027069,0.0,0.0,,-13.725265927027069,mean
B0,BCHUSDT,2026-03-31 21:36:00+00:00,2026-03-31 22:46:00+00:00,20000.0,40114.41598382691,114.41598382691154,0.0,0.0,,114.41598382691154,mean
B0,ADAUSDT,2026-04-01 00:56:00+00:00,2026-04-01 02:01:00+00:00,20000.0,39877.20016373311,122.79983626688409,0.0,0.0,,122.79983626688409,mean
B0,HBARUSDT,2026-04-01 01:11:00+00:00,2026-04-01 02:31:00+00:00,20000.0,39905.30943523842,94.6905647615822,0.0,0.0,,94.6905647615822,mean
B0,ADAUSDT,2026-04-01 03:51:00+00:00,2026-04-01 05:01:00+00:00,20000.0,39910.42345276873,89.57654723127052,0.0,0.0,,89.57654723127052,mean
B0,AVAXUSDT,2026-04-01 05:31:00+00:00,2026-04-01 06:36:00+00:00,20000.0,40598.72331058773,-598.7233105877167,0.0,0.0,,-598.7233105877167,stop
B0,HBARUSDT,2026-04-01 04:06:00+00:00,2026-04-01 07:41:00+00:00,20000.0,40199.26116646144,-199.2611664614342,0.0,0.0,,-199.2611664614342,mean
B0,DOTUSDT,2026-04-01 05:41:00+00:00,2026-04-01 08:11:00+00:00,20000.0,40093.97024275646,-93.97024275646254,0.0,0.0,,-93.97024275646254,mean
B0,AVAXUSDT,2026-04-01 06:36:00+00:00,2026-04-01 08:56:00+00:00,20000.0,39754.22098739047,245.7790126095315,0.0,0.0,,245.7790126095315,mean
B0,FILUSDT,2026-04-01 12:46:00+00:00,2026-04-01 13:06:00+00:00,20000.0,39882.35294117648,117.64705882352791,0.0,0.0,,117.64705882352791,mean
B0,BNBUSDT,2026-04-01 13:51:00+00:00,2026-04-01 14:31:00+00:00,20000.0,40091.60205450322,91.60205450321882,0.0,0.0,,91.60205450321882,mean
B0,SOLUSDT,2026-04-01 16:31:00+00:00,2026-04-01 18:01:00+00:00,20000.0,40000.0,0.0,0.0,0.0,,0.0,mean
B0,SOLUSDT,2026-04-01 20:16:00+00:00,2026-04-02 00:16:00+00:00,20000.0,39565.74185765983,-434.2581423401716,0.0,0.0,,-434.2581423401716,timeout
B0,HBARUSDT,2026-04-01 23:16:00+00:00,2026-04-02 00:16:00+00:00,20000.0,40097.39524348811,97.39524348810664,0.0,0.0,,97.39524348810664,mean
B0,SOLUSDT,2026-04-02 01:21:00+00:00,2026-04-02 05:21:00+00:00,20000.0,39610.87553005737,-389.1244699426316,0.0,0.0,,-389.1244699426316,timeout
B0,LINKUSDT,2026-04-02 01:26:00+00:00,2026-04-02 05:26:00+00:00,20000.0,39415.85852823731,-584.141471762694,0.0,0.0,,-584.141471762694,timeout
B0,LTCUSDT,2026-04-02 01:31:00+00:00,2026-04-02 05:31:00+00:00,20000.0,39664.277631082616,-335.72236891738794,0.0,0.0,,-335.72236891738794,timeout
B0,UNIUSDT,2026-04-02 05:21:00+00:00,2026-04-02 07:51:00+00:00,20000.0,40236.43528341922,236.4352834192177,0.0,0.0,,236.4352834192177,mean
B0,BNBUSDT,2026-04-02 09:21:00+00:00,2026-04-02 13:21:00+00:00,20000.0,39577.59945364522,-422.400546354791,0.0,0.0,,-422.400546354791,timeout
B0,BNBUSDT,2026-04-02 13:21:00+00:00,2026-04-02 14:41:00+00:00,20000.0,40125.930964714906,125.93096471490936,0.0,0.0,,125.93096471490936,mean
B0,XRPUSDT,2026-04-02 12:21:00+00:00,2026-04-02 15:11:00+00:00,20000.0,40064.97524752475,64.97524752475147,0.0,0.0,,64.97524752475147,mean
B0,ADAUSDT,2026-04-02 14:46:00+00:00,2026-04-02 15:56:00+00:00,20000.0,39809.68142325197,190.3185767480354,0.0,0.0,,190.3185767480354,mean
B0,UNIUSDT,2026-04-02 13:51:00+00:00,2026-04-02 16:41:00+00:00,20000.0,40094.01441554372,94.01441554371922,0.0,0.0,,94.01441554371922,mean
B0,HBARUSDT,2026-04-02 16:41:00+00:00,2026-04-02 17:41:00+00:00,20000.0,39865.17367458866,134.82632541133717,0.0,0.0,,134.82632541133717,mean
B0,XLMUSDT,2026-04-02 16:56:00+00:00,2026-04-02 17:51:00+00:00,20000.0,39879.86165887992,120.13834112008044,0.0,0.0,,120.13834112008044,mean
B0,UNIUSDT,2026-04-02 17:51:00+00:00,2026-04-02 20:36:00+00:00,20000.0,40000.0,0.0,0.0,0.0,,0.0,mean
B0,XRPUSDT,2026-04-02 20:31:00+00:00,2026-04-02 22:31:00+00:00,20000.0,39990.876606097474,9.123393902529642,0.0,0.0,,9.123393902529642,mean
B0,LTCUSDT,2026-04-03 05:36:00+00:00,2026-04-03 07:06:00+00:00,20000.0,39898.228420655854,101.77157934414208,0.0,0.0,,101.77157934414208,mean
B0,FILUSDT,2026-04-03 03:56:00+00:00,2026-04-03 07:26:00+00:00,20000.0,40071.85628742515,-71.85628742514746,0.0,0.0,,-71.85628742514746,mean
B0,NEARUSDT,2026-04-03 06:41:00+00:00,2026-04-03 10:41:00+00:00,20000.0,40316.66666666667,-316.6666666666679,0.0,0.0,,-316.6666666666679,timeout
B0,ADAUSDT,2026-04-03 15:06:00+00:00,2026-04-03 15:36:00+00:00,20000.0,39649.40239043825,350.5976095617516,0.0,0.0,,350.5976095617516,mean
B0,NEARUSDT,2026-04-04 13:31:00+00:00,2026-04-04 14:01:00+00:00,20000.0,39840.51036682616,159.48963317384187,0.0,0.0,,159.48963317384187,mean
B0,NEARUSDT,2026-04-04 15:11:00+00:00,2026-04-04 17:01:00+00:00,20000.0,39873.01587301587,126.98412698412722,0.0,0.0,,126.98412698412722,mean
B0,NEARUSDT,2026-04-04 17:31:00+00:00,2026-04-04 19:31:00+00:00,20000.0,39984.32601880877,15.673981191222992,0.0,0.0,,15.673981191222992,mean
B0,DOGEUSDT,2026-04-04 19:16:00+00:00,2026-04-04 19:41:00+00:00,20000.0,39898.608564340415,101.39143565958511,0.0,0.0,,101.39143565958511,mean
B0,BCHUSDT,2026-04-05 05:01:00+00:00,2026-04-05 08:31:00+00:00,20000.0,39977.975589611815,-22.024410388181423,0.0,0.0,,-22.024410388181423,mean
B0,LTCUSDT,2026-04-05 06:06:00+00:00,2026-04-05 09:01:00+00:00,20000.0,40018.96813353566,18.968133535661764,0.0,0.0,,18.968133535661764,mean
B0,DOGEUSDT,2026-04-05 06:16:00+00:00,2026-04-05 09:01:00+00:00,20000.0,40044.444444444445,44.44444444444525,0.0,0.0,,44.44444444444525,mean
B0,XRPUSDT,2026-04-05 12:51:00+00:00,2026-04-05 13:51:00+00:00,20000.0,40167.21362712924,167.21362712923656,0.0,0.0,,167.21362712923656,mean
B0,BCHUSDT,2026-04-05 12:31:00+00:00,2026-04-05 16:31:00+00:00,20000.0,39779.538569098106,-220.4614309018907,0.0,0.0,,-220.4614309018907,timeout
B0,BTCUSDT,2026-04-05 15:31:00+00:00,2026-04-05 16:51:00+00:00,20000.0,39854.56833560063,145.4316643993734,0.0,0.0,,145.4316643993734,mean
B0,FILUSDT,2026-04-05 22:56:00+00:00,2026-04-06 02:01:00+00:00,20000.0,40167.66467065868,-167.66467065868346,0.0,0.0,,-167.66467065868346,mean
B0,BTCUSDT,2026-04-05 22:51:00+00:00,2026-04-06 02:51:00+00:00,20000.0,40316.96934926055,-316.9693492605511,0.0,0.0,,-316.9693492605511,timeout
B0,AVAXUSDT,2026-04-06 02:01:00+00:00,2026-04-06 04:01:00+00:00,20000.0,40038.099269764,-38.09926976399584,0.0,0.0,,-38.09926976399584,mean
B0,ADAUSDT,2026-04-06 00:06:00+00:00,2026-04-06 04:06:00+00:00,20000.0,40212.09740769835,-212.09740769834752,0.0,0.0,,-212.09740769834752,timeout
B0,AAVEUSDT,2026-04-06 03:11:00+00:00,2026-04-06 04:21:00+00:00,20000.0,39800.5816368924,199.4183631076048,0.0,0.0,,199.4183631076048,mean
B0,SUIUSDT,2026-04-06 04:41:00+00:00,2026-04-06 05:51:00+00:00,20000.0,39808.078553894215,191.9214461057818,0.0,0.0,,191.9214461057818,mean
B0,FILUSDT,2026-04-06 09:21:00+00:00,2026-04-06 11:51:00+00:00,20000.0,40574.05281285878,-574.052812858783,0.0,0.0,,-574.052812858783,stop
B0,SUIUSDT,2026-04-06 10:31:00+00:00,2026-04-06 12:36:00+00:00,20000.0,39718.86237332462,281.1376266753832,0.0,0.0,,281.1376266753832,mean
B0,DOTUSDT,2026-04-06 11:01:00+00:00,2026-04-06 12:46:00+00:00,20000.0,40030.88803088803,-30.88803088803252,0.0,0.0,,-30.88803088803252,mean
B0,FILUSDT,2026-04-06 11:51:00+00:00,2026-04-06 13:41:00+00:00,20000.0,39888.392857142855,111.6071428571413,0.0,0.0,,111.6071428571413,mean
B0,FILUSDT,2026-04-06 14:41:00+00:00,2026-04-06 14:56:00+00:00,20000.0,40091.22006841505,91.22006841505208,0.0,0.0,,91.22006841505208,mean
B0,AAVEUSDT,2026-04-06 16:26:00+00:00,2026-04-06 20:26:00+00:00,20000.0,39905.99540421976,-94.00459578023585,0.0,0.0,,-94.00459578023585,timeout
B0,XLMUSDT,2026-04-06 17:21:00+00:00,2026-04-06 21:21:00+00:00,20000.0,39786.45438463482,-213.54561536517576,0.0,0.0,,-213.54561536517576,timeout
B0,DOGEUSDT,2026-04-06 22:36:00+00:00,2026-04-07 00:51:00+00:00,20000.0,39960.35242290749,-39.64757709250989,0.0,0.0,,-39.64757709250989,mean
B0,NEARUSDT,2026-04-06 21:41:00+00:00,2026-04-07 01:41:00+00:00,20000.0,39618.74503574266,-381.2549642573431,0.0,0.0,,-381.2549642573431,timeout
B0,XRPUSDT,2026-04-06 22:56:00+00:00,2026-04-07 02:56:00+00:00,20000.0,39889.57797610044,-110.4220238995622,0.0,0.0,,-110.4220238995622,timeout
B0,AVAXUSDT,2026-04-07 00:51:00+00:00,2026-04-07 04:46:00+00:00,20000.0,39727.7985709425,-272.20142905750254,0.0,0.0,,-272.20142905750254,mean
B0,AVAXUSDT,2026-04-07 05:51:00+00:00,2026-04-07 07:11:00+00:00,20000.0,40140.56460114794,140.56460114794027,0.0,0.0,,140.56460114794027,mean
B0,NEARUSDT,2026-04-07 09:11:00+00:00,2026-04-07 10:16:00+00:00,20000.0,39888.35725677831,111.64274322168784,0.0,0.0,,111.64274322168784,mean
B0,FILUSDT,2026-04-07 09:46:00+00:00,2026-04-07 10:16:00+00:00,20000.0,39816.51376146789,183.4862385321103,0.0,0.0,,183.4862385321103,mean
B0,AAVEUSDT,2026-04-07 10:16:00+00:00,2026-04-07 11:06:00+00:00,20000.0,39394.53985028622,-605.460149713781,0.0,0.0,,-605.460149713781,stop
B0,AAVEUSDT,2026-04-07 11:06:00+00:00,2026-04-07 13:36:00+00:00,20000.0,39970.48473152457,-29.51526847542482,0.0,0.0,,-29.51526847542482,mean
B0,DOTUSDT,2026-04-07 14:11:00+00:00,2026-04-07 15:21:00+00:00,20000.0,40165.15276630884,165.15276630883818,0.0,0.0,,165.15276630883818,mean
B0,FILUSDT,2026-04-07 15:06:00+00:00,2026-04-07 16:16:00+00:00,20000.0,40237.5296912114,237.52969121140268,0.0,0.0,,237.52969121140268,mean
B0,AAVEUSDT,2026-04-07 15:51:00+00:00,2026-04-07 17:01:00+00:00,20000.0,40148.42300556586,148.4230055658627,0.0,0.0,,148.4230055658627,mean
B0,DOGEUSDT,2026-04-07 17:41:00+00:00,2026-04-07 18:51:00+00:00,20000.0,39912.59696274446,87.40303725554259,0.0,0.0,,87.40303725554259,mean
B0,SOLUSDT,2026-04-07 19:21:00+00:00,2026-04-07 22:16:00+00:00,20000.0,40617.74153694094,-617.7415369409428,0.0,0.0,,-617.7415369409428,stop
B0,SUIUSDT,2026-04-07 21:11:00+00:00,2026-04-07 22:41:00+00:00,20000.0,40640.6716005744,-640.6716005743947,0.0,0.0,,-640.6716005743947,stop
B0,NEARUSDT,2026-04-07 21:31:00+00:00,2026-04-07 23:01:00+00:00,20000.0,40667.18386346005,-667.1838634600499,0.0,0.0,,-667.1838634600499,stop
B0,DOTUSDT,2026-04-07 22:16:00+00:00,2026-04-07 23:01:00+00:00,20000.0,40515.625,-515.625,0.0,0.0,,-515.625,stop
B0,SUIUSDT,2026-04-07 23:01:00+00:00,2026-04-08 03:01:00+00:00,20000.0,40257.9968536969,-257.9968536969027,0.0,0.0,,-257.9968536969027,timeout
B0,HBARUSDT,2026-04-07 23:11:00+00:00,2026-04-08 03:11:00+00:00,20000.0,40183.42684505826,-183.426845058264,0.0,0.0,,-183.426845058264,timeout
B0,ETHUSDT,2026-04-07 23:56:00+00:00,2026-04-08 03:21:00+00:00,20000.0,39915.71492916041,84.28507083959266,0.0,0.0,,84.28507083959266,mean
B0,HBARUSDT,2026-04-08 03:16:00+00:00,2026-04-08 04:16:00+00:00,20000.0,39807.959031260005,192.0409687399988,0.0,0.0,,192.0409687399988,mean
B0,TRXUSDT,2026-04-08 04:06:00+00:00,2026-04-08 06:06:00+00:00,20000.0,39981.65601872352,18.343981276488197,0.0,0.0,,18.343981276488197,mean
B0,HBARUSDT,2026-04-08 06:01:00+00:00,2026-04-08 06:41:00+00:00,20000.0,39799.57805907173,200.42194092826685,0.0,0.0,,200.42194092826685,mean
B0,NEARUSDT,2026-04-08 05:31:00+00:00,2026-04-08 08:36:00+00:00,20000.0,40620.7418622256,-620.74186222559,0.0,0.0,,-620.74186222559,stop
B0,HBARUSDT,2026-04-08 07:36:00+00:00,2026-04-08 10:36:00+00:00,20000.0,39965.26647129057,-34.733528709431994,0.0,0.0,,-34.733528709431994,mean
B0,NEARUSDT,2026-04-08 08:36:00+00:00,2026-04-08 11:01:00+00:00,20000.0,39867.84140969162,132.15859030837237,0.0,0.0,,132.15859030837237,mean
B0,BTCUSDT,2026-04-08 13:11:00+00:00,2026-04-08 13:41:00+00:00,20000.0,39830.0471922282,169.9528077717987,0.0,0.0,,169.9528077717987,mean
B0,TRXUSDT,2026-04-08 11:06:00+00:00,2026-04-08 14:01:00+00:00,20000.0,40029.646450310654,-29.646450310654476,0.0,0.0,,-29.646450310654476,mean
B0,BNBUSDT,2026-04-08 13:56:00+00:00,2026-04-08 16:16:00+00:00,20000.0,39983.19327731093,-16.806722689074377,0.0,0.0,,-16.806722689074377,mean
B0,DOGEUSDT,2026-04-08 15:11:00+00:00,2026-04-08 16:41:00+00:00,20000.0,40146.56751805151,146.56751805151362,0.0,0.0,,146.56751805151362,mean
B0,XRPUSDT,2026-04-08 14:36:00+00:00,2026-04-08 17:06:00+00:00,20000.0,40069.47524020694,69.47524020694618,0.0,0.0,,69.47524020694618,mean
B0,LTCUSDT,2026-04-08 19:06:00+00:00,2026-04-08 20:01:00+00:00,20000.0,40140.84507042254,140.84507042253608,0.0,0.0,,140.84507042253608,mean
B0,DOGEUSDT,2026-04-09 01:16:00+00:00,2026-04-09 02:21:00+00:00,20000.0,40048.097944906,48.097944905992335,0.0,0.0,,48.097944905992335,mean
B0,LINKUSDT,2026-04-09 00:31:00+00:00,2026-04-09 02:56:00+00:00,20000.0,39974.9373433584,-25.062656641606736,0.0,0.0,,-25.062656641606736,mean
B0,BCHUSDT,2026-04-09 07:11:00+00:00,2026-04-09 08:11:00+00:00,20000.0,39888.996247444,111.00375255600738,0.0,0.0,,111.00375255600738,mean
B0,TRXUSDT,2026-04-09 12:46:00+00:00,2026-04-09 15:26:00+00:00,20000.0,39992.46302170021,7.536978299784096,0.0,0.0,,7.536978299784096,mean
B0,NEARUSDT,2026-04-09 15:16:00+00:00,2026-04-09 16:36:00+00:00,20000.0,39955.94713656388,44.052863436125335,0.0,0.0,,44.052863436125335,mean
B0,LTCUSDT,2026-04-09 15:26:00+00:00,2026-04-09 17:36:00+00:00,20000.0,40040.46349089571,-40.46349089571231,0.0,0.0,,-40.46349089571231,mean
B0,BCHUSDT,2026-04-09 13:51:00+00:00,2026-04-09 17:51:00+00:00,20000.0,40372.21470041536,372.2147004153594,0.0,0.0,,372.2147004153594,timeout
B0,DOTUSDT,2026-04-09 16:36:00+00:00,2026-04-09 18:06:00+00:00,20000.0,39921.93598750976,78.06401249024202,0.0,0.0,,78.06401249024202,mean
B0,SOLUSDT,2026-04-09 17:41:00+00:00,2026-04-09 18:46:00+00:00,20000.0,39827.03471152707,172.96528847292575,0.0,0.0,,172.96528847292575,mean
B0,DOGEUSDT,2026-04-09 17:51:00+00:00,2026-04-09 19:26:00+00:00,20000.0,39957.1459181487,42.85408185129927,0.0,0.0,,42.85408185129927,mean
B0,TRXUSDT,2026-04-09 20:06:00+00:00,2026-04-09 21:36:00+00:00,20000.0,39956.90328222104,43.09671777895346,0.0,0.0,,43.09671777895346,mean
B0,DOGEUSDT,2026-04-09 20:31:00+00:00,2026-04-09 22:01:00+00:00,20000.0,39932.02336696761,67.9766330323946,0.0,0.0,,67.9766330323946,mean
B0,DOTUSDT,2026-04-09 19:11:00+00:00,2026-04-09 22:21:00+00:00,20000.0,40646.65127020785,-646.6512702078508,0.0,0.0,,-646.6512702078508,stop
B0,DOTUSDT,2026-04-09 22:21:00+00:00,2026-04-09 23:16:00+00:00,20000.0,39582.40119313945,417.5988068605511,0.0,0.0,,417.5988068605511,mean
B0,UNIUSDT,2026-04-09 23:36:00+00:00,2026-04-10 01:36:00+00:00,20000.0,40109.57138253303,109.57138253303128,0.0,0.0,,109.57138253303128,mean
B0,DOGEUSDT,2026-04-09 23:41:00+00:00,2026-04-10 01:41:00+00:00,20000.0,40004.321054337255,4.321054337258829,0.0,0.0,,4.321054337258829,mean
B0,BCHUSDT,2026-04-10 07:56:00+00:00,2026-04-10 09:21:00+00:00,20000.0,40021.95389681669,21.9538968166853,0.0,0.0,,21.9538968166853,mean
B0,NEARUSDT,2026-04-10 09:41:00+00:00,2026-04-10 10:46:00+00:00,20000.0,39869.47063089196,130.52936910804783,0.0,0.0,,130.52936910804783,mean
B0,LTCUSDT,2026-04-10 14:21:00+00:00,2026-04-10 15:36:00+00:00,20000.0,39909.518639160335,90.48136083966529,0.0,0.0,,90.48136083966529,mean
B0,DOGEUSDT,2026-04-10 14:26:00+00:00,2026-04-10 15:46:00+00:00,20000.0,39950.94379865629,49.05620134371566,0.0,0.0,,49.05620134371566,mean
B0,TRXUSDT,2026-04-10 12:41:00+00:00,2026-04-10 16:41:00+00:00,20000.0,39971.70434181155,-28.295658188450037,0.0,0.0,,-28.295658188450037,timeout
B0,XLMUSDT,2026-04-10 19:06:00+00:00,2026-04-10 20:41:00+00:00,20000.0,39897.776641962686,102.2233580373104,0.0,0.0,,102.2233580373104,mean
B0,DOGEUSDT,2026-04-10 19:11:00+00:00,2026-04-10 20:41:00+00:00,20000.0,39883.91726466864,116.08273533136526,0.0,0.0,,116.08273533136526,mean
B0,AAVEUSDT,2026-04-10 20:06:00+00:00,2026-04-10 21:21:00+00:00,20000.0,39818.75658587988,181.24341412012652,0.0,0.0,,181.24341412012652,mean
B0,TRXUSDT,2026-04-10 23:06:00+00:00,2026-04-11 00:11:00+00:00,20000.0,39970.535686299096,29.464313700904317,0.0,0.0,,29.464313700904317,mean
B0,TRXUSDT,2026-04-11 11:41:00+00:00,2026-04-11 12:46:00+00:00,20000.0,40040.97456425127,40.97456425126802,0.0,0.0,,40.97456425126802,mean
B0,NEARUSDT,2026-04-11 16:06:00+00:00,2026-04-11 18:36:00+00:00,20000.0,40610.90909090909,-610.9090909090919,0.0,0.0,,-610.9090909090919,stop
B0,NEARUSDT,2026-04-11 18:36:00+00:00,2026-04-11 20:06:00+00:00,20000.0,39745.94213126323,254.05786873677064,0.0,0.0,,254.05786873677064,mean
B0,TRXUSDT,2026-04-11 18:16:00+00:00,2026-04-11 20:36:00+00:00,20000.0,39989.98936369893,10.01063630106728,0.0,0.0,,10.01063630106728,mean
B0,LTCUSDT,2026-04-11 18:41:00+00:00,2026-04-11 20:36:00+00:00,20000.0,39938.66137470683,61.3386252931632,0.0,0.0,,61.3386252931632,mean
B0,DOGEUSDT,2026-04-11 20:11:00+00:00,2026-04-11 20:36:00+00:00,20000.0,39765.72393414943,234.2760658505722,0.0,0.0,,234.2760658505722,mean
B0,BNBUSDT,2026-04-12 01:36:00+00:00,2026-04-12 05:36:00+00:00,20000.0,39785.63238446583,-214.3676155341709,0.0,0.0,,-214.3676155341709,timeout
B0,FILUSDT,2026-04-12 02:41:00+00:00,2026-04-12 05:56:00+00:00,20000.0,40000.0,0.0,0.0,0.0,,0.0,mean
B0,BCHUSDT,2026-04-12 02:11:00+00:00,2026-04-12 06:11:00+00:00,20000.0,40004.23509481907,4.235094819068763,0.0,0.0,,4.235094819068763,timeout
B0,TRXUSDT,2026-04-12 10:01:00+00:00,2026-04-12 11:06:00+00:00,20000.0,39985.07184176152,14.928158238479227,0.0,0.0,,14.928158238479227,mean
B0,TRXUSDT,2026-04-13 00:01:00+00:00,2026-04-13 00:11:00+00:00,20000.0,40044.22849311655,44.22849311655227,0.0,0.0,,44.22849311655227,mean
B0,NEARUSDT,2026-04-13 01:46:00+00:00,2026-04-13 02:41:00+00:00,20000.0,39826.33863965268,173.66136034731971,0.0,0.0,,173.66136034731971,mean
B0,AAVEUSDT,2026-04-13 03:21:00+00:00,2026-04-13 05:01:00+00:00,20000.0,40637.79863481229,-637.7986348122868,0.0,0.0,,-637.7986348122868,stop
B0,DOTUSDT,2026-04-13 04:56:00+00:00,2026-04-13 05:36:00+00:00,20000.0,39161.07382550335,-838.9261744966461,0.0,0.0,,-838.9261744966461,stop
B0,TRXUSDT,2026-04-13 02:16:00+00:00,2026-04-13 05:51:00+00:00,20000.0,39981.288592278426,-18.711407721573774,0.0,0.0,,-18.711407721573774,mean
B0,NEARUSDT,2026-04-13 06:51:00+00:00,2026-04-13 07:26:00+00:00,20000.0,39827.08933717579,172.91066282420798,0.0,0.0,,172.91066282420798,mean
B0,AAVEUSDT,2026-04-13 06:16:00+00:00,2026-04-13 07:31:00+00:00,20000.0,39758.12237368044,241.87762631956505,0.0,0.0,,241.87762631956505,mean
B0,DOTUSDT,2026-04-13 05:36:00+00:00,2026-04-13 07:46:00+00:00,20000.0,40770.57793345008,770.5779334500876,0.0,0.0,,770.5779334500876,mean
B0,TRXUSDT,2026-04-13 07:56:00+00:00,2026-04-13 10:26:00+00:00,20000.0,40009.32719810969,-9.32719810969138,0.0,0.0,,-9.32719810969138,mean
B0,DOTUSDT,2026-04-13 10:26:00+00:00,2026-04-13 11:56:00+00:00,20000.0,40068.90611541775,68.90611541774342,0.0,0.0,,68.90611541774342,mean
B0,LTCUSDT,2026-04-13 08:16:00+00:00,2026-04-13 12:16:00+00:00,20000.0,39886.984366170655,-113.01563382934546,0.0,0.0,,-113.01563382934546,timeout
B0,XLMUSDT,2026-04-13 12:56:00+00:00,2026-04-13 13:41:00+00:00,20000.0,39887.53759644305,112.46240355695043,0.0,0.0,,112.46240355695043,mean
B0,SOLUSDT,2026-04-13 13:51:00+00:00,2026-04-13 15:21:00+00:00,20000.0,39937.59750390015,62.40249609984676,0.0,0.0,,62.40249609984676,mean
B0,TRXUSDT,2026-04-13 13:11:00+00:00,2026-04-13 15:36:00+00:00,20000.0,39998.75101480048,-1.248985199523304,0.0,0.0,,-1.248985199523304,mean
B0,BTCUSDT,2026-04-13 14:46:00+00:00,2026-04-13 18:01:00+00:00,20000.0,40041.79940457402,-41.79940457401608,0.0,0.0,,-41.79940457401608,mean
B0,BNBUSDT,2026-04-13 16:16:00+00:00,2026-04-13 18:01:00+00:00,20000.0,39992.071357779976,7.928642220020265,0.0,0.0,,7.928642220020265,mean
B0,TRXUSDT,2026-04-13 16:06:00+00:00,2026-04-13 19:16:00+00:00,20000.0,40021.30526051948,21.30526051947527,0.0,0.0,,21.30526051947527,mean
B0,FILUSDT,2026-04-13 19:36:00+00:00,2026-04-13 22:21:00+00:00,20000.0,40650.95398428732,-650.95398428732,0.0,0.0,,-650.95398428732,stop
B0,BTCUSDT,2026-04-13 19:31:00+00:00,2026-04-13 23:31:00+00:00,20000.0,40507.896714593706,-507.8967145937022,0.0,0.0,,-507.8967145937022,timeout
B0,ETHUSDT,2026-04-13 22:16:00+00:00,2026-04-13 23:31:00+00:00,20000.0,40750.49809895856,-750.4980989585638,0.0,0.0,,-750.4980989585638,stop
B0,BCHUSDT,2026-04-13 22:26:00+00:00,2026-04-14 00:31:00+00:00,20000.0,39888.81517238224,111.1848276177625,0.0,0.0,,111.1848276177625,mean
B0,AAVEUSDT,2026-04-14 00:06:00+00:00,2026-04-14 00:56:00+00:00,20000.0,39373.73542730513,626.2645726948649,0.0,0.0,,626.2645726948649,mean
B0,ETHUSDT,2026-04-13 23:31:00+00:00,2026-04-14 03:26:00+00:00,20000.0,39815.42976939204,184.57023060796564,0.0,0.0,,184.57023060796564,mean
B0,DOGEUSDT,2026-04-14 08:41:00+00:00,2026-04-14 10:21:00+00:00,20000.0,39915.20932697404,84.79067302596377,0.0,0.0,,84.79067302596377,mean
B0,DOGEUSDT,2026-04-14 11:16:00+00:00,2026-04-14 11:31:00+00:00,20000.0,39781.12175102599,218.87824897400787,0.0,0.0,,218.87824897400787,mean
B0,LTCUSDT,2026-04-14 13:51:00+00:00,2026-04-14 14:46:00+00:00,20000.0,39916.30276564774,83.69723435225751,0.0,0.0,,83.69723435225751,mean
B0,DOGEUSDT,2026-04-14 13:46:00+00:00,2026-04-14 15:16:00+00:00,20000.0,39976.98263234986,23.017367650136293,0.0,0.0,,23.017367650136293,mean
B0,ETHUSDT,2026-04-14 15:11:00+00:00,2026-04-14 15:46:00+00:00,20000.0,40220.27523719976,220.27523719976307,0.0,0.0,,220.27523719976307,mean
B0,BNBUSDT,2026-04-14 15:41:00+00:00,2026-04-14 16:51:00+00:00,20000.0,39890.73314534735,109.26685465265108,0.0,0.0,,109.26685465265108,mean
B0,DOGEUSDT,2026-04-14 18:26:00+00:00,2026-04-14 21:31:00+00:00,20000.0,39819.09119931893,-180.90880068107072,0.0,0.0,,-180.90880068107072,mean
B0,TRXUSDT,2026-04-14 18:36:00+00:00,2026-04-14 22:21:00+00:00,20000.0,39989.47759346373,10.522406536270864,0.0,0.0,,10.522406536270864,mean
B0,TRXUSDT,2026-04-15 01:21:00+00:00,2026-04-15 02:11:00+00:00,20000.0,39969.80992575706,30.190074242938863,0.0,0.0,,30.190074242938863,mean
B0,XLMUSDT,2026-04-15 02:11:00+00:00,2026-04-15 02:41:00+00:00,20000.0,39836.86994201237,163.13005798763334,0.0,0.0,,163.13005798763334,mean
B0,BCHUSDT,2026-04-15 07:51:00+00:00,2026-04-15 08:51:00+00:00,20000.0,40083.99244068034,83.99244068034022,0.0,0.0,,83.99244068034022,mean
B0,TRXUSDT,2026-04-15 09:11:00+00:00,2026-04-15 10:36:00+00:00,20000.0,40047.87515155284,47.87515155283472,0.0,0.0,,47.87515155283472,mean
B0,NEARUSDT,2026-04-15 11:41:00+00:00,2026-04-15 13:46:00+00:00,20000.0,40174.545454545456,-174.54545454545587,0.0,0.0,,-174.54545454545587,mean
B0,TRXUSDT,2026-04-15 12:16:00+00:00,2026-04-15 16:16:00+00:00,20000.0,40024.513559062354,-24.513559062357672,0.0,0.0,,-24.513559062357672,timeout
B0,AAVEUSDT,2026-04-15 14:06:00+00:00,2026-04-15 17:06:00+00:00,20000.0,40155.28832496922,-155.2883249692277,0.0,0.0,,-155.2883249692277,mean
B0,ADAUSDT,2026-04-15 16:36:00+00:00,2026-04-15 18:31:00+00:00,20000.0,39951.15995115995,48.84004884004753,0.0,0.0,,48.84004884004753,mean
B0,TRXUSDT,2026-04-15 19:06:00+00:00,2026-04-15 19:41:00+00:00,20000.0,39951.87914966194,48.12085033806216,0.0,0.0,,48.12085033806216,mean
B0,XRPUSDT,2026-04-15 19:41:00+00:00,2026-04-15 20:26:00+00:00,20000.0,39771.59172019985,228.40827980014365,0.0,0.0,,228.40827980014365,mean
B0,DOGEUSDT,2026-04-15 18:16:00+00:00,2026-04-15 20:41:00+00:00,20000.0,39985.30646515533,14.693534844667738,0.0,0.0,,14.693534844667738,mean
B0,BCHUSDT,2026-04-15 18:06:00+00:00,2026-04-15 21:01:00+00:00,20000.0,40041.45691442109,-41.45691442108728,0.0,0.0,,-41.45691442108728,mean
B0,XRPUSDT,2026-04-15 22:11:00+00:00,2026-04-15 23:06:00+00:00,20000.0,39887.10253662022,112.89746337978067,0.0,0.0,,112.89746337978067,mean
B0,FILUSDT,2026-04-16 02:36:00+00:00,2026-04-16 04:41:00+00:00,20000.0,40837.808807733614,-837.8088077336179,0.0,0.0,,-837.8088077336179,stop
B0,XLMUSDT,2026-04-16 03:31:00+00:00,2026-04-16 05:06:00+00:00,20000.0,39879.23306772909,120.76693227091528,0.0,0.0,,120.76693227091528,mean
B0,DOGEUSDT,2026-04-16 04:16:00+00:00,2026-04-16 05:11:00+00:00,20000.0,39770.609318996416,229.39068100358415,0.0,0.0,,229.39068100358415,mean
B0,DOTUSDT,2026-04-16 06:11:00+00:00,2026-04-16 08:21:00+00:00,20000.0,40582.99595141701,-582.9959514170005,0.0,0.0,,-582.9959514170005,stop
B0,FILUSDT,2026-04-16 04:41:00+00:00,2026-04-16 08:41:00+00:00,20000.0,40061.85567010309,-61.85567010309387,0.0,0.0,,-61.85567010309387,timeout
B0,DOTUSDT,2026-04-16 08:21:00+00:00,2026-04-16 09:01:00+00:00,20000.0,39606.6089693155,393.3910306844991,0.0,0.0,,393.3910306844991,mean
B0,DOTUSDT,2026-04-16 09:26:00+00:00,2026-04-16 10:06:00+00:00,20000.0,39748.03149606299,251.9685039370088,0.0,0.0,,251.9685039370088,mean
B0,AVAXUSDT,2026-04-16 10:21:00+00:00,2026-04-16 11:31:00+00:00,20000.0,40173.31764202418,173.3176420241798,0.0,0.0,,173.3176420241798,mean
B0,NEARUSDT,2026-04-16 09:51:00+00:00,2026-04-16 12:06:00+00:00,20000.0,40042.73504273505,42.73504273504659,0.0,0.0,,42.73504273504659,mean
B0,UNIUSDT,2026-04-16 13:06:00+00:00,2026-04-16 14:01:00+00:00,20000.0,39921.378893256726,78.62110674327414,0.0,0.0,,78.62110674327414,mean
B0,FILUSDT,2026-04-16 12:01:00+00:00,2026-04-16 14:06:00+00:00,20000.0,39858.44287158747,141.55712841253626,0.0,0.0,,141.55712841253626,mean
B0,AVAXUSDT,2026-04-16 14:31:00+00:00,2026-04-16 15:06:00+00:00,20000.0,40225.22522522522,225.2252252252256,0.0,0.0,,225.2252252252256,mean
B0,BTCUSDT,2026-04-16 13:56:00+00:00,2026-04-16 15:11:00+00:00,20000.0,40184.36696330855,184.3669633085556,0.0,0.0,,184.3669633085556,mean
B0,LTCUSDT,2026-04-16 14:16:00+00:00,2026-04-16 15:11:00+00:00,20000.0,40149.49863263446,149.49863263445877,0.0,0.0,,149.49863263445877,mean
B0,SOLUSDT,2026-04-16 15:16:00+00:00,2026-04-16 16:56:00+00:00,20000.0,39918.71806781236,81.281932187645,0.0,0.0,,81.281932187645,mean
B0,UNIUSDT,2026-04-16 15:36:00+00:00,2026-04-16 17:11:00+00:00,20000.0,40000.0,0.0,0.0,0.0,,0.0,mean
B0,XLMUSDT,2026-04-16 16:06:00+00:00,2026-04-16 17:16:00+00:00,20000.0,39675.81952340632,324.1804765936868,0.0,0.0,,324.1804765936868,mean
B0,AAVEUSDT,2026-04-16 17:41:00+00:00,2026-04-16 19:21:00+00:00,20000.0,40628.73984102885,-628.7398410288479,0.0,0.0,,-628.7398410288479,stop
B0,SOLUSDT,2026-04-16 18:21:00+00:00,2026-04-16 20:06:00+00:00,20000.0,40639.853747714806,-639.8537477148056,0.0,0.0,,-639.8537477148056,stop
B0,XRPUSDT,2026-04-16 19:36:00+00:00,2026-04-16 20:46:00+00:00,20000.0,39812.22587719298,187.774122807019,0.0,0.0,,187.774122807019,mean
B0,AAVEUSDT,2026-04-16 20:46:00+00:00,2026-04-16 21:21:00+00:00,20000.0,39588.477366255145,411.52263374485847,0.0,0.0,,411.52263374485847,mean
B0,XLMUSDT,2026-04-16 17:46:00+00:00,2026-04-16 21:26:00+00:00,20000.0,40257.39088204942,-257.390882049418,0.0,0.0,,-257.390882049418,mean
B0,SOLUSDT,2026-04-16 20:06:00+00:00,2026-04-16 21:31:00+00:00,20000.0,39670.06200177148,329.93799822851724,0.0,0.0,,329.93799822851724,mean
B0,SUIUSDT,2026-04-16 22:11:00+00:00,2026-04-16 23:56:00+00:00,20000.0,39902.5069637883,97.49303621170112,0.0,0.0,,97.49303621170112,mean
B0,XLMUSDT,2026-04-16 22:06:00+00:00,2026-04-17 00:16:00+00:00,20000.0,39977.45208568208,22.5479143179291,0.0,0.0,,22.5479143179291,mean
B0,BCHUSDT,2026-04-16 22:41:00+00:00,2026-04-17 01:16:00+00:00,20000.0,40141.46222113481,-141.46222113481053,0.0,0.0,,-141.46222113481053,mean
B0,XRPUSDT,2026-04-17 01:26:00+00:00,2026-04-17 03:36:00+00:00,20000.0,40032.1049692909,32.104969290900044,0.0,0.0,,32.104969290900044,mean
B0,SUIUSDT,2026-04-17 05:11:00+00:00,2026-04-17 06:36:00+00:00,20000.0,40042.94917680744,42.94917680744402,0.0,0.0,,42.94917680744402,mean
B0,FILUSDT,2026-04-17 08:06:00+00:00,2026-04-17 08:26:00+00:00,20000.0,39721.1155378486,278.8844621513963,0.0,0.0,,278.8844621513963,mean
B0,UNIUSDT,2026-04-17 08:56:00+00:00,2026-04-17 10:31:00+00:00,20000.0,39877.871474265776,122.12852573422424,0.0,0.0,,122.12852573422424,mean
B0,BTCUSDT,2026-04-17 09:01:00+00:00,2026-04-17 10:36:00+00:00,20000.0,39912.38262934072,87.61737065928901,0.0,0.0,,87.61737065928901,mean
B0,HBARUSDT,2026-04-17 07:36:00+00:00,2026-04-17 10:56:00+00:00,20000.0,39966.86547382373,33.13452617627627,0.0,0.0,,33.13452617627627,mean
B0,TRXUSDT,2026-04-17 10:31:00+00:00,2026-04-17 11:26:00+00:00,20000.0,40030.30209331808,30.30209331808146,0.0,0.0,,30.30209331808146,mean
B0,NEARUSDT,2026-04-17 10:41:00+00:00,2026-04-17 12:51:00+00:00,20000.0,40274.76500361533,274.76500361532817,0.0,0.0,,274.76500361532817,mean
B0,HBARUSDT,2026-04-17 13:06:00+00:00,2026-04-17 15:06:00+00:00,20000.0,39993.49240780911,6.507592190890136,0.0,0.0,,6.507592190890136,mean
B0,DOGEUSDT,2026-04-17 12:51:00+00:00,2026-04-17 15:41:00+00:00,20000.0,40087.92965627498,-87.92965627497688,0.0,0.0,,-87.92965627497688,mean
B0,XRPUSDT,2026-04-17 13:16:00+00:00,2026-04-17 15:46:00+00:00,20000.0,40093.62279511533,-93.62279511533416,0.0,0.0,,-93.62279511533416,mean
B0,BTCUSDT,2026-04-17 15:06:00+00:00,2026-04-17 17:11:00+00:00,20000.0,39952.85904726331,47.14095273668863,0.0,0.0,,47.14095273668863,mean
B0,UNIUSDT,2026-04-17 17:01:00+00:00,2026-04-17 17:26:00+00:00,20000.0,39708.52017937219,291.47982062780284,0.0,0.0,,291.47982062780284,mean
B0,XLMUSDT,2026-04-17 16:01:00+00:00,2026-04-17 17:46:00+00:00,20000.0,39974.80964103738,25.1903589626163,0.0,0.0,,25.1903589626163,mean
B0,HBARUSDT,2026-04-17 18:06:00+00:00,2026-04-17 19:51:00+00:00,20000.0,40086.064217146646,86.06421714664248,0.0,0.0,,86.06421714664248,mean
B0,SUIUSDT,2026-04-17 23:21:00+00:00,2026-04-18 01:16:00+00:00,20000.0,40010.00800640513,10.008006405125345,0.0,0.0,,10.008006405125345,mean
B0,FILUSDT,2026-04-18 00:11:00+00:00,2026-04-18 01:16:00+00:00,20000.0,40061.287027579165,61.28702757916472,0.0,0.0,,61.28702757916472,mean
B0,XLMUSDT,2026-04-18 04:11:00+00:00,2026-04-18 04:21:00+00:00,20000.0,39949.66826813086,50.331731869137,0.0,0.0,,50.331731869137,mean
B0,BNBUSDT,2026-04-18 05:16:00+00:00,2026-04-18 05:51:00+00:00,20000.0,39905.38416494591,94.61583505408998,0.0,0.0,,94.61583505408998,mean
B0,BNBUSDT,2026-04-18 08:26:00+00:00,2026-04-18 12:06:00+00:00,20000.0,39864.8310387985,-135.1689612015034,0.0,0.0,,-135.1689612015034,mean
B0,DOGEUSDT,2026-04-18 08:56:00+00:00,2026-04-18 12:56:00+00:00,20000.0,39779.54053775626,-220.45946224373984,0.0,0.0,,-220.45946224373984,timeout
B0,XLMUSDT,2026-04-18 09:21:00+00:00,2026-04-18 13:01:00+00:00,20000.0,39886.47668090585,-113.52331909415444,0.0,0.0,,-113.52331909415444,mean
B0,SUIUSDT,2026-04-18 12:06:00+00:00,2026-04-18 13:31:00+00:00,20000.0,40110.30176899064,110.30176899063736,0.0,0.0,,110.30176899063736,mean
B0,TRXUSDT,2026-04-18 15:01:00+00:00,2026-04-18 15:56:00+00:00,20000.0,39969.0440060698,30.95599393019802,0.0,0.0,,30.95599393019802,mean
B0,AAVEUSDT,2026-04-18 18:36:00+00:00,2026-04-18 18:46:00+00:00,20000.0,39135.674606910834,-864.3253930891624,0.0,0.0,,-864.3253930891624,stop
B0,AAVEUSDT,2026-04-18 18:46:00+00:00,2026-04-18 21:46:00+00:00,20000.0,41033.26116906121,1033.2611690612066,0.0,0.0,,1033.2611690612066,mean
B0,AAVEUSDT,2026-04-18 23:41:00+00:00,2026-04-19 00:16:00+00:00,20000.0,39371.942868323225,-628.0571316767746,0.0,0.0,,-628.0571316767746,stop
B0,AAVEUSDT,2026-04-19 00:16:00+00:00,2026-04-19 02:46:00+00:00,20000.0,39353.60064639936,-646.3993536006456,0.0,0.0,,-646.3993536006456,stop
B0,TRXUSDT,2026-04-19 01:51:00+00:00,2026-04-19 03:51:00+00:00,20000.0,40025.6637438514,25.66374385139716,0.0,0.0,,25.66374385139716,mean
B0,AAVEUSDT,2026-04-19 02:46:00+00:00,2026-04-19 06:06:00+00:00,20000.0,39327.83634276172,-672.1636572382849,0.0,0.0,,-672.1636572382849,stop
B0,AAVEUSDT,2026-04-19 06:06:00+00:00,2026-04-19 08:21:00+00:00,20000.0,40012.96036289016,12.960362890160468,0.0,0.0,,12.960362890160468,mean
B0,XLMUSDT,2026-04-19 07:21:00+00:00,2026-04-19 10:16:00+00:00,20000.0,39986.895401477246,-13.104598522753804,0.0,0.0,,-13.104598522753804,mean
B0,TRXUSDT,2026-04-19 06:51:00+00:00,2026-04-19 10:51:00+00:00,20000.0,40138.3621082016,-138.36210820159613,0.0,0.0,,-138.36210820159613,timeout
B0,AAVEUSDT,2026-04-19 12:06:00+00:00,2026-04-19 12:56:00+00:00,20000.0,40355.20035520035,355.2003552003516,0.0,0.0,,355.2003552003516,mean
B0,TRXUSDT,2026-04-19 11:21:00+00:00,2026-04-19 13:11:00+00:00,20000.0,40074.84938842573,74.84938842572956,0.0,0.0,,74.84938842572956,mean
B0,NEARUSDT,2026-04-19 11:11:00+00:00,2026-04-19 15:06:00+00:00,20000.0,40206.947524020696,-206.9475240206957,0.0,0.0,,-206.9475240206957,mean
B0,SOLUSDT,2026-04-19 13:11:00+00:00,2026-04-19 15:31:00+00:00,20000.0,40013.91143055877,-13.911430558771826,0.0,0.0,,-13.911430558771826,mean
B0,TRXUSDT,2026-04-19 14:41:00+00:00,2026-04-19 17:11:00+00:00,20000.0,40152.713225086016,-152.71322508601224,0.0,0.0,,-152.71322508601224,mean
B0,LTCUSDT,2026-04-19 17:36:00+00:00,2026-04-19 19:21:00+00:00,20000.0,39996.35236184571,-3.647638154292508,0.0,0.0,,-3.647638154292508,mean
B0,BTCUSDT,2026-04-19 18:26:00+00:00,2026-04-19 19:21:00+00:00,20000.0,40085.44375845398,85.44375845397735,0.0,0.0,,85.44375845397735,mean
B0,XLMUSDT,2026-04-19 22:16:00+00:00,2026-04-20 00:06:00+00:00,20000.0,40068.39042534045,68.39042534045075,0.0,0.0,,68.39042534045075,mean
B0,TRXUSDT,2026-04-19 20:26:00+00:00,2026-04-20 00:21:00+00:00,20000.0,39890.13310796535,-109.86689203464994,0.0,0.0,,-109.86689203464994,mean
B0,BTCUSDT,2026-04-19 22:06:00+00:00,2026-04-20 00:21:00+00:00,20000.0,40055.00707891297,55.00707891296042,0.0,0.0,,55.00707891296042,mean
B0,AAVEUSDT,2026-04-20 03:26:00+00:00,2026-04-20 04:41:00+00:00,20000.0,39653.81756398003,346.1824360199644,0.0,0.0,,346.1824360199644,mean
B0,XRPUSDT,2026-04-20 07:26:00+00:00,2026-04-20 07:56:00+00:00,20000.0,39778.64948164752,221.3505183524794,0.0,0.0,,221.3505183524794,mean
B0,AVAXUSDT,2026-04-20 07:31:00+00:00,2026-04-20 08:31:00+00:00,20000.0,39799.37439326933,200.625606730664,0.0,0.0,,200.625606730664,mean
B0,TRXUSDT,2026-04-20 08:56:00+00:00,2026-04-20 09:56:00+00:00,20000.0,40037.04378453878,37.04378453877507,0.0,0.0,,37.04378453877507,mean
B0,UNIUSDT,2026-04-20 15:11:00+00:00,2026-04-20 15:26:00+00:00,20000.0,40312.69543464665,312.6954346466555,0.0,0.0,,312.6954346466555,mean
B0,AAVEUSDT,2026-04-20 15:56:00+00:00,2026-04-20 16:46:00+00:00,20000.0,40338.55366190696,338.5536619069572,0.0,0.0,,338.5536619069572,mean
B0,XLMUSDT,2026-04-20 15:31:00+00:00,2026-04-20 16:51:00+00:00,20000.0,39934.272300469485,65.7276995305183,0.0,0.0,,65.7276995305183,mean
B0,HBARUSDT,2026-04-20 16:21:00+00:00,2026-04-20 17:01:00+00:00,20000.0,39827.24252491695,172.75747508305722,0.0,0.0,,172.75747508305722,mean
B0,XLMUSDT,2026-04-20 18:01:00+00:00,2026-04-20 20:16:00+00:00,20000.0,40016.20839363242,-16.20839363241612,0.0,0.0,,-16.20839363241612,mean
B0,AAVEUSDT,2026-04-20 20:16:00+00:00,2026-04-20 21:11:00+00:00,20000.0,39738.29350059479,261.7064994052125,0.0,0.0,,261.7064994052125,mean
B0,AAVEUSDT,2026-04-21 03:56:00+00:00,2026-04-21 04:36:00+00:00,20000.0,39524.86537852392,475.1346214760852,0.0,0.0,,475.1346214760852,mean
B0,XLMUSDT,2026-04-21 07:16:00+00:00,2026-04-21 10:56:00+00:00,20000.0,40670.34700315457,-670.347003154573,0.0,0.0,,-670.347003154573,stop
B0,BNBUSDT,2026-04-21 10:51:00+00:00,2026-04-21 11:06:00+00:00,20000.0,39876.63767391746,123.36232608254068,0.0,0.0,,123.36232608254068,mean
B0,XLMUSDT,2026-04-21 10:56:00+00:00,2026-04-21 11:21:00+00:00,20000.0,39757.998582874585,242.0014171254152,0.0,0.0,,242.0014171254152,mean
B0,ETHUSDT,2026-04-21 12:46:00+00:00,2026-04-21 13:46:00+00:00,20000.0,40085.83055863855,85.83055863854679,0.0,0.0,,85.83055863854679,mean
B0,NEARUSDT,2026-04-21 12:51:00+00:00,2026-04-21 14:21:00+00:00,20000.0,40087.78346744696,87.78346744696319,0.0,0.0,,87.78346744696319,mean
B0,TRXUSDT,2026-04-21 15:11:00+00:00,2026-04-21 15:56:00+00:00,20000.0,39916.1716370654,83.82836293459695,0.0,0.0,,83.82836293459695,mean
B0,XLMUSDT,2026-04-21 15:06:00+00:00,2026-04-21 16:26:00+00:00,20000.0,40140.47012177853,140.4701217785332,0.0,0.0,,140.4701217785332,mean
B0,BTCUSDT,2026-04-21 17:21:00+00:00,2026-04-21 17:46:00+00:00,20000.0,40126.400872096885,126.400872096885,0.0,0.0,,126.400872096885,mean
B0,HBARUSDT,2026-04-21 17:26:00+00:00,2026-04-21 17:46:00+00:00,20000.0,40186.5797459818,186.57974598179496,0.0,0.0,,186.57974598179496,mean
B0,SUIUSDT,2026-04-21 17:31:00+00:00,2026-04-21 17:46:00+00:00,20000.0,40216.970998925884,216.9709989258845,0.0,0.0,,216.9709989258845,mean
B0,TRXUSDT,2026-04-21 18:36:00+00:00,2026-04-21 19:36:00+00:00,20000.0,39934.51683638221,65.48316361779143,0.0,0.0,,65.48316361779143,mean
B0,BTCUSDT,2026-04-21 19:46:00+00:00,2026-04-21 20:16:00+00:00,20000.0,40140.07786257096,140.07786257096086,0.0,0.0,,140.07786257096086,mean
B0,BCHUSDT,2026-04-21 19:51:00+00:00,2026-04-21 20:16:00+00:00,20000.0,40116.16299119702,116.16299119702308,0.0,0.0,,116.16299119702308,mean
B0,TRXUSDT,2026-04-21 20:31:00+00:00,2026-04-21 22:16:00+00:00,20000.0,39982.03323850875,17.966761491243233,0.0,0.0,,17.966761491243233,mean
B0,TRXUSDT,2026-04-22 00:41:00+00:00,2026-04-22 01:06:00+00:00,20000.0,40030.09872381411,30.09872381410969,0.0,0.0,,30.09872381410969,mean
B0,BTCUSDT,2026-04-21 23:51:00+00:00,2026-04-22 01:31:00+00:00,20000.0,39956.35608714628,43.64391285372403,0.0,0.0,,43.64391285372403,mean
B0,BTCUSDT,2026-04-22 02:16:00+00:00,2026-04-22 06:16:00+00:00,20000.0,40308.32356389215,-308.3235638921433,0.0,0.0,,-308.3235638921433,timeout
B0,AVAXUSDT,2026-04-22 02:36:00+00:00,2026-04-22 06:21:00+00:00,20000.0,40031.3315926893,-31.33159268929376,0.0,0.0,,-31.33159268929376,mean
B0,ETHUSDT,2026-04-22 02:46:00+00:00,2026-04-22 06:46:00+00:00,20000.0,40239.29684324617,-239.2968432461712,0.0,0.0,,-239.2968432461712,timeout
B0,BCHUSDT,2026-04-22 06:16:00+00:00,2026-04-22 10:06:00+00:00,20000.0,40156.48174021451,-156.48174021451632,0.0,0.0,,-156.48174021451632,mean
B0,TRXUSDT,2026-04-22 11:46:00+00:00,2026-04-22 12:16:00+00:00,20000.0,39908.07342187733,91.92657812267134,0.0,0.0,,91.92657812267134,mean
B0,BNBUSDT,2026-04-22 13:46:00+00:00,2026-04-22 16:21:00+00:00,20000.0,39915.92642027585,84.07357972415048,0.0,0.0,,84.07357972415048,mean
B0,HBARUSDT,2026-04-22 15:41:00+00:00,2026-04-22 16:56:00+00:00,20000.0,39853.49563718625,146.5043628137464,0.0,0.0,,146.5043628137464,mean
B0,TRXUSDT,2026-04-22 14:11:00+00:00,2026-04-22 18:11:00+00:00,20000.0,39852.93227622102,-147.06772377897505,0.0,0.0,,-147.06772377897505,timeout
B0,AVAXUSDT,2026-04-23 00:16:00+00:00,2026-04-23 01:51:00+00:00,20000.0,40205.80589254767,205.80589254766164,0.0,0.0,,205.80589254766164,mean
B0,LINKUSDT,2026-04-23 00:11:00+00:00,2026-04-23 04:11:00+00:00,20000.0,39820.67624500378,-179.32375499621776,0.0,0.0,,-179.32375499621776,timeout
B0,LTCUSDT,2026-04-23 02:41:00+00:00,2026-04-23 04:36:00+00:00,20000.0,40010.879419764286,10.87941976428192,0.0,0.0,,10.87941976428192,mean
B0,ETHUSDT,2026-04-23 03:26:00+00:00,2026-04-23 04:36:00+00:00,20000.0,40078.39076426716,78.39076426716201,0.0,0.0,,78.39076426716201,mean
B0,TRXUSDT,2026-04-23 06:16:00+00:00,2026-04-23 07:46:00+00:00,20000.0,40071.69556958147,71.69556958147223,0.0,0.0,,71.69556958147223,mean
B0,ETHUSDT,2026-04-23 10:11:00+00:00,2026-04-23 11:26:00+00:00,20000.0,40088.18090077916,88.1809007791635,0.0,0.0,,88.1809007791635,mean
B0,DOGEUSDT,2026-04-23 15:21:00+00:00,2026-04-23 16:26:00+00:00,20000.0,39871.06017191977,128.93982808023063,0.0,0.0,,128.93982808023063,mean
B0,TRXUSDT,2026-04-23 16:46:00+00:00,2026-04-23 17:01:00+00:00,20000.0,39926.09867643941,73.90132356058893,0.0,0.0,,73.90132356058893,mean
B0,SOLUSDT,2026-04-23 17:21:00+00:00,2026-04-23 18:11:00+00:00,20000.0,40164.93873704053,164.93873704052749,0.0,0.0,,164.93873704052749,mean
B0,FILUSDT,2026-04-23 17:51:00+00:00,2026-04-23 18:41:00+00:00,20000.0,40198.23788546256,198.23788546255676,0.0,0.0,,198.23788546255676,mean
B0,DOTUSDT,2026-04-23 17:26:00+00:00,2026-04-23 19:51:00+00:00,20000.0,39967.3735725938,-32.62642740619776,0.0,0.0,,-32.62642740619776,mean
B0,UNIUSDT,2026-04-24 03:26:00+00:00,2026-04-24 05:16:00+00:00,20000.0,40043.34365325078,43.34365325077306,0.0,0.0,,43.34365325077306,mean
B0,HBARUSDT,2026-04-24 11:11:00+00:00,2026-04-24 12:36:00+00:00,20000.0,39927.87673478309,72.12326521691284,0.0,0.0,,72.12326521691284,mean
B0,SOLUSDT,2026-04-24 12:16:00+00:00,2026-04-24 12:56:00+00:00,20000.0,39868.512110726646,131.48788927335772,0.0,0.0,,131.48788927335772,mean
B0,DOTUSDT,2026-04-24 11:31:00+00:00,2026-04-24 13:06:00+00:00,20000.0,39984.06374501992,15.936254980078957,0.0,0.0,,15.936254980078957,mean
B0,XRPUSDT,2026-04-24 16:01:00+00:00,2026-04-24 16:46:00+00:00,20000.0,39896.38021552915,103.6197844708513,0.0,0.0,,103.6197844708513,mean
B0,LTCUSDT,2026-04-24 15:51:00+00:00,2026-04-24 17:41:00+00:00,20000.0,39943.50282485876,56.49717514124495,0.0,0.0,,56.49717514124495,mean
B0,TRXUSDT,2026-04-24 16:06:00+00:00,2026-04-24 19:01:00+00:00,20000.0,40203.916188575706,203.91618857570572,0.0,0.0,,203.91618857570572,mean
B0,HBARUSDT,2026-04-24 20:41:00+00:00,2026-04-24 21:51:00+00:00,20000.0,39908.61618798955,91.38381201044469,0.0,0.0,,91.38381201044469,mean
B0,DOTUSDT,2026-04-25 01:51:00+00:00,2026-04-25 02:16:00+00:00,20000.0,39873.91646966116,126.0835303388485,0.0,0.0,,126.0835303388485,mean
B0,BNBUSDT,2026-04-25 15:06:00+00:00,2026-04-25 18:36:00+00:00,20000.0,39960.97468113459,-39.025318865409645,0.0,0.0,,-39.025318865409645,mean
B0,FILUSDT,2026-04-25 17:31:00+00:00,2026-04-25 18:36:00+00:00,20000.0,40064.44683136413,64.44683136412277,0.0,0.0,,64.44683136412277,mean
B0,HBARUSDT,2026-04-25 16:41:00+00:00,2026-04-25 19:56:00+00:00,20000.0,39986.76081200353,-13.23918799647072,0.0,0.0,,-13.23918799647072,mean
B0,HBARUSDT,2026-04-26 04:51:00+00:00,2026-04-26 07:31:00+00:00,20000.0,40013.06335728282,-13.063357282822835,0.0,0.0,,-13.063357282822835,mean
B0,FILUSDT,2026-04-26 05:21:00+00:00,2026-04-26 08:11:00+00:00,20000.0,40000.0,0.0,0.0,0.0,,0.0,mean
B0,FILUSDT,2026-04-26 14:01:00+00:00,2026-04-26 14:36:00+00:00,20000.0,40106.609808102345,106.60980810234469,0.0,0.0,,106.60980810234469,mean
B0,AAVEUSDT,2026-04-26 18:21:00+00:00,2026-04-26 20:01:00+00:00,20000.0,39921.70598537139,78.29401462861642,0.0,0.0,,78.29401462861642,mean
B0,BTCUSDT,2026-04-26 22:21:00+00:00,2026-04-26 22:41:00+00:00,20000.0,39858.29573616318,141.7042638368148,0.0,0.0,,141.7042638368148,mean
B0,BTCUSDT,2026-04-27 00:56:00+00:00,2026-04-27 04:01:00+00:00,20000.0,39964.67243085998,35.32756914001948,0.0,0.0,,35.32756914001948,mean
B0,XRPUSDT,2026-04-27 01:46:00+00:00,2026-04-27 04:11:00+00:00,20000.0,39987.51647132256,12.483528677439608,0.0,0.0,,12.483528677439608,mean
B0,SUIUSDT,2026-04-27 01:41:00+00:00,2026-04-27 04:41:00+00:00,20000.0,39995.82027168234,4.179728317656554,0.0,0.0,,4.179728317656554,mean
B0,UNIUSDT,2026-04-27 04:11:00+00:00,2026-04-27 05:06:00+00:00,20000.0,39826.96897374702,173.03102625298197,0.0,0.0,,173.03102625298197,mean
B0,NEARUSDT,2026-04-27 05:11:00+00:00,2026-04-27 09:11:00+00:00,20000.0,39812.40981240981,-187.59018759018727,0.0,0.0,,-187.59018759018727,timeout
B0,LTCUSDT,2026-04-27 05:31:00+00:00,2026-04-27 09:16:00+00:00,20000.0,39960.36036036036,-39.639639639641246,0.0,0.0,,-39.639639639641246,mean
B0,ETHUSDT,2026-04-27 05:21:00+00:00,2026-04-27 09:21:00+00:00,20000.0,39793.82411847853,-206.17588152146345,0.0,0.0,,-206.17588152146345,timeout
B0,XRPUSDT,2026-04-27 13:51:00+00:00,2026-04-27 14:41:00+00:00,20000.0,40132.97111810122,132.97111810122806,0.0,0.0,,132.97111810122806,mean
B0,AAVEUSDT,2026-04-27 14:36:00+00:00,2026-04-27 15:16:00+00:00,20000.0,39612.92937481002,387.07062518998646,0.0,0.0,,387.07062518998646,mean
B0,BCHUSDT,2026-04-27 14:11:00+00:00,2026-04-27 15:21:00+00:00,20000.0,39954.520366486366,45.47963351363069,0.0,0.0,,45.47963351363069,mean
B0,XRPUSDT,2026-04-27 15:06:00+00:00,2026-04-27 17:31:00+00:00,20000.0,39927.101200686106,-72.89879931389441,0.0,0.0,,-72.89879931389441,mean
B0,FILUSDT,2026-04-27 15:26:00+00:00,2026-04-27 17:46:00+00:00,20000.0,40200.0,200.0,0.0,0.0,,200.0,mean
B0,HBARUSDT,2026-04-27 15:36:00+00:00,2026-04-27 18:11:00+00:00,20000.0,40022.3538616296,22.353861629599123,0.0,0.0,,22.353861629599123,mean
B0,NEARUSDT,2026-04-27 19:31:00+00:00,2026-04-27 20:36:00+00:00,20000.0,40134.32835820895,134.32835820895343,0.0,0.0,,134.32835820895343,mean
B0,AAVEUSDT,2026-04-27 23:01:00+00:00,2026-04-28 00:26:00+00:00,20000.0,40063.93730019594,-63.93730019593932,0.0,0.0,,-63.93730019593932,mean
B0,LINKUSDT,2026-04-27 23:56:00+00:00,2026-04-28 01:36:00+00:00,20000.0,39959.262435677534,40.73756432246955,0.0,0.0,,40.73756432246955,mean
B0,DOGEUSDT,2026-04-28 04:16:00+00:00,2026-04-28 06:41:00+00:00,20000.0,39878.49815755403,121.5018424459704,0.0,0.0,,121.5018424459704,mean
B0,SUIUSDT,2026-04-28 07:21:00+00:00,2026-04-28 07:56:00+00:00,20000.0,40095.54831704669,95.54831704668686,0.0,0.0,,95.54831704668686,mean
B0,XLMUSDT,2026-04-28 11:41:00+00:00,2026-04-28 13:46:00+00:00,20000.0,40087.65973208223,87.65973208222931,0.0,0.0,,87.65973208222931,mean
B0,XRPUSDT,2026-04-28 14:26:00+00:00,2026-04-28 15:56:00+00:00,20000.0,40049.6060694485,49.6060694484986,0.0,0.0,,49.6060694484986,mean
B0,NEARUSDT,2026-04-28 15:41:00+00:00,2026-04-28 17:36:00+00:00,20000.0,40134.73053892216,134.73053892215466,0.0,0.0,,134.73053892215466,mean
B0,BCHUSDT,2026-04-28 20:11:00+00:00,2026-04-28 21:31:00+00:00,20000.0,39900.60959448715,99.39040551285508,0.0,0.0,,99.39040551285508,mean
B0,FILUSDT,2026-04-29 03:56:00+00:00,2026-04-29 06:46:00+00:00,20000.0,40042.68943436499,-42.68943436499103,0.0,0.0,,-42.68943436499103,mean
B0,ETHUSDT,2026-04-29 04:41:00+00:00,2026-04-29 06:56:00+00:00,20000.0,39863.326715048606,136.6732849513901,0.0,0.0,,136.6732849513901,mean
B0,DOGEUSDT,2026-04-29 03:41:00+00:00,2026-04-29 07:36:00+00:00,20000.0,40704.71464019851,-704.7146401985119,0.0,0.0,,-704.7146401985119,stop
B0,DOGEUSDT,2026-04-29 07:36:00+00:00,2026-04-29 09:46:00+00:00,20000.0,40659.63566634708,-659.635666347076,0.0,0.0,,-659.635666347076,stop
B0,DOGEUSDT,2026-04-29 09:46:00+00:00,2026-04-29 09:51:00+00:00,20000.0,40187.48839799517,-187.48839799517373,0.0,0.0,,-187.48839799517373,stop
B0,LTCUSDT,2026-04-29 10:06:00+00:00,2026-04-29 11:31:00+00:00,20000.0,39656.30966846034,343.690331539663,0.0,0.0,,343.690331539663,mean
B0,DOGEUSDT,2026-04-29 09:51:00+00:00,2026-04-29 12:11:00+00:00,20000.0,39840.0,160.0,0.0,0.0,,160.0,mean
B0,FILUSDT,2026-04-29 11:11:00+00:00,2026-04-29 12:46:00+00:00,20000.0,39590.16393442622,409.8360655737743,0.0,0.0,,409.8360655737743,mean
B0,XLMUSDT,2026-04-29 12:06:00+00:00,2026-04-29 16:06:00+00:00,20000.0,39777.96965585297,-222.03034414703507,0.0,0.0,,-222.03034414703507,timeout
B0,AAVEUSDT,2026-04-29 12:16:00+00:00,2026-04-29 16:16:00+00:00,20000.0,39642.59588253737,-357.40411746263635,0.0,0.0,,-357.40411746263635,timeout
B0,XRPUSDT,2026-04-29 12:46:00+00:00,2026-04-29 16:46:00+00:00,20000.0,39761.09462100919,-238.905378990803,0.0,0.0,,-238.905378990803,timeout
B0,DOGEUSDT,2026-04-29 17:31:00+00:00,2026-04-29 17:46:00+00:00,20000.0,40212.84905291935,212.84905291935505,0.0,0.0,,212.84905291935505,mean
B0,FILUSDT,2026-04-29 16:06:00+00:00,2026-04-29 18:36:00+00:00,20000.0,39448.732083792725,-551.2679162072782,0.0,0.0,,-551.2679162072782,stop
B0,LINKUSDT,2026-04-29 18:11:00+00:00,2026-04-29 20:06:00+00:00,20000.0,40127.04781009696,127.0478100969558,0.0,0.0,,127.0478100969558,mean
B0,ADAUSDT,2026-04-29 18:16:00+00:00,2026-04-29 20:06:00+00:00,20000.0,40225.65816966151,225.65816966151036,0.0,0.0,,225.65816966151036,mean
B0,ETHUSDT,2026-04-29 18:36:00+00:00,2026-04-29 20:46:00+00:00,20000.0,40193.01077928327,193.0107792832714,0.0,0.0,,193.0107792832714,mean
B0,XRPUSDT,2026-04-29 21:51:00+00:00,2026-04-29 23:21:00+00:00,20000.0,39956.207576089335,43.79242391066509,0.0,0.0,,43.79242391066509,mean
B0,DOGEUSDT,2026-04-30 00:26:00+00:00,2026-04-30 02:36:00+00:00,20000.0,40039.882252397685,-39.88225239768508,0.0,0.0,,-39.88225239768508,mean
B0,FILUSDT,2026-04-30 02:16:00+00:00,2026-04-30 02:36:00+00:00,20000.0,39743.58974358975,256.4102564102541,0.0,0.0,,256.4102564102541,mean
B0,AAVEUSDT,2026-04-30 02:41:00+00:00,2026-04-30 03:41:00+00:00,20000.0,40117.50625612012,117.50625612011936,0.0,0.0,,117.50625612011936,mean
B0,SOLUSDT,2026-04-30 04:36:00+00:00,2026-04-30 05:41:00+00:00,20000.0,40055.76433507092,55.764335070918605,0.0,0.0,,55.764335070918605,mean
B0,XRPUSDT,2026-04-30 04:41:00+00:00,2026-04-30 05:41:00+00:00,20000.0,40076.41440117561,76.41440117560705,0.0,0.0,,76.41440117560705,mean
B0,BCHUSDT,2026-04-30 04:46:00+00:00,2026-04-30 06:36:00+00:00,20000.0,39988.74026032518,-11.259739674820594,0.0,0.0,,-11.259739674820594,mean
B0,TRXUSDT,2026-04-30 09:51:00+00:00,2026-04-30 11:41:00+00:00,20000.0,39988.33067190763,11.66932809237187,0.0,0.0,,11.66932809237187,mean
B0,BCHUSDT,2026-04-30 13:16:00+00:00,2026-04-30 13:46:00+00:00,20000.0,40104.22567123598,104.22567123597764,0.0,0.0,,104.22567123597764,mean
B0,DOGEUSDT,2026-05-01 01:11:00+00:00,2026-05-01 03:06:00+00:00,20000.0,40014.82030381623,-14.82030381622826,0.0,0.0,,-14.82030381622826,mean
B0,NEARUSDT,2026-05-01 03:41:00+00:00,2026-05-01 04:31:00+00:00,20000.0,39878.04878048781,121.95121951219336,0.0,0.0,,121.95121951219336,mean
B0,XLMUSDT,2026-05-01 04:11:00+00:00,2026-05-01 04:51:00+00:00,20000.0,39902.6399550646,97.36004493540533,0.0,0.0,,97.36004493540533,mean
B0,BTCUSDT,2026-05-01 03:21:00+00:00,2026-05-01 06:41:00+00:00,20000.0,39947.97657909736,52.02342090263846,0.0,0.0,,52.02342090263846,mean
B0,ETHUSDT,2026-05-01 12:31:00+00:00,2026-05-01 14:41:00+00:00,20000.0,40003.21148496461,-3.2114849646095536,0.0,0.0,,-3.2114849646095536,mean
B0,XLMUSDT,2026-05-01 13:11:00+00:00,2026-05-01 15:06:00+00:00,20000.0,39908.461157842656,91.53884215734796,0.0,0.0,,91.53884215734796,mean
B0,BCHUSDT,2026-05-01 14:41:00+00:00,2026-05-01 15:56:00+00:00,20000.0,39851.58761615361,148.4123838463929,0.0,0.0,,148.4123838463929,mean
B0,BTCUSDT,2026-05-01 12:36:00+00:00,2026-05-01 16:16:00+00:00,20000.0,40100.14368553394,-100.14368553394524,0.0,0.0,,-100.14368553394524,mean
B0,XLMUSDT,2026-05-01 15:41:00+00:00,2026-05-01 16:26:00+00:00,20000.0,39859.57997166965,140.4200283303544,0.0,0.0,,140.4200283303544,mean
B0,AAVEUSDT,2026-05-01 17:11:00+00:00,2026-05-01 17:41:00+00:00,20000.0,40121.51459260063,121.51459260062984,0.0,0.0,,121.51459260062984,mean
B0,NEARUSDT,2026-05-01 16:26:00+00:00,2026-05-01 18:31:00+00:00,20000.0,40031.08003108003,31.080031080033223,0.0,0.0,,31.080031080033223,mean
B0,LINKUSDT,2026-05-01 20:51:00+00:00,2026-05-01 22:21:00+00:00,20000.0,40039.54305799648,39.54305799648864,0.0,0.0,,39.54305799648864,mean
B0,BNBUSDT,2026-05-01 23:31:00+00:00,2026-05-02 00:51:00+00:00,20000.0,40044.24274955675,44.24274955675719,0.0,0.0,,44.24274955675719,mean
B0,TRXUSDT,2026-05-02 04:46:00+00:00,2026-05-02 07:36:00+00:00,20000.0,40036.60880441746,-36.608804417461215,0.0,0.0,,-36.608804417461215,mean
B0,TRXUSDT,2026-05-02 08:06:00+00:00,2026-05-02 11:26:00+00:00,20000.0,40052.23042118369,-52.23042118368903,0.0,0.0,,-52.23042118368903,mean
B0,BCHUSDT,2026-05-02 11:36:00+00:00,2026-05-02 13:16:00+00:00,20000.0,40056.66869054848,56.66869054847484,0.0,0.0,,56.66869054847484,mean
B0,TRXUSDT,2026-05-02 13:26:00+00:00,2026-05-02 17:26:00+00:00,20000.0,39955.91388108826,44.0861189117386,0.0,0.0,,44.0861189117386,timeout
B0,TRXUSDT,2026-05-02 17:31:00+00:00,2026-05-02 17:46:00+00:00,20000.0,40044.779280505885,44.779280505881616,0.0,0.0,,44.779280505881616,mean
B0,DOTUSDT,2026-05-02 20:56:00+00:00,2026-05-02 22:26:00+00:00,20000.0,39983.72660699756,16.27339300244421,0.0,0.0,,16.27339300244421,mean
B0,TRXUSDT,2026-05-02 22:06:00+00:00,2026-05-02 23:56:00+00:00,20000.0,40014.54942256979,14.549422569794842,0.0,0.0,,14.549422569794842,mean
B0,TRXUSDT,2026-05-03 02:41:00+00:00,2026-05-03 03:06:00+00:00,20000.0,40040.09355162045,40.093551620448125,0.0,0.0,,40.093551620448125,mean
B0,NEARUSDT,2026-05-03 02:26:00+00:00,2026-05-03 04:31:00+00:00,20000.0,40062.5488663018,62.54886630179681,0.0,0.0,,62.54886630179681,mean
B0,DOTUSDT,2026-05-03 01:41:00+00:00,2026-05-03 04:36:00+00:00,20000.0,39950.413223140495,-49.586776859505335,0.0,0.0,,-49.586776859505335,mean
B0,TRXUSDT,2026-05-03 05:21:00+00:00,2026-05-03 05:46:00+00:00,20000.0,40432.520227388944,-432.5202273889408,0.0,0.0,,-432.5202273889408,stop
B0,TRXUSDT,2026-05-03 05:46:00+00:00,2026-05-03 09:46:00+00:00,20000.0,40003.53294470941,-3.53294470941546,0.0,0.0,,-3.53294470941546,timeout
B0,TRXUSDT,2026-05-03 09:46:00+00:00,2026-05-03 10:21:00+00:00,20000.0,39899.3288590604,100.67114093960116,0.0,0.0,,100.67114093960116,mean
B0,BNBUSDT,2026-05-04 00:11:00+00:00,2026-05-04 01:31:00+00:00,20000.0,40077.80587434352,77.80587434351764,0.0,0.0,,77.80587434351764,mean
B0,AVAXUSDT,2026-05-04 00:21:00+00:00,2026-05-04 01:46:00+00:00,20000.0,40188.616442915794,188.61644291579069,0.0,0.0,,188.61644291579069,mean
B0,SOLUSDT,2026-05-04 00:31:00+00:00,2026-05-04 01:46:00+00:00,20000.0,40151.07913669065,151.0791366906451,0.0,0.0,,151.0791366906451,mean
B0,FILUSDT,2026-05-04 02:26:00+00:00,2026-05-04 05:11:00+00:00,20000.0,40041.928721174,-41.92872117400475,0.0,0.0,,-41.92872117400475,mean
B0,DOGEUSDT,2026-05-04 01:36:00+00:00,2026-05-04 05:21:00+00:00,20000.0,40123.34644261709,-123.34644261709036,0.0,0.0,,-123.34644261709036,mean
B0,BTCUSDT,2026-05-04 02:01:00+00:00,2026-05-04 05:21:00+00:00,20000.0,40055.05118431492,-55.05118431492156,0.0,0.0,,-55.05118431492156,mean
B0,UNIUSDT,2026-05-04 05:11:00+00:00,2026-05-04 06:26:00+00:00,20000.0,39754.45776088863,245.5422391113716,0.0,0.0,,245.5422391113716,mean
B0,NEARUSDT,2026-05-04 09:01:00+00:00,2026-05-04 09:46:00+00:00,20000.0,40141.3982717989,141.398271798902,0.0,0.0,,141.398271798902,mean
B0,LINKUSDT,2026-05-04 08:51:00+00:00,2026-05-04 10:06:00+00:00,20000.0,39946.76887043543,53.23112956457044,0.0,0.0,,53.23112956457044,mean
B0,BCHUSDT,2026-05-04 10:06:00+00:00,2026-05-04 10:51:00+00:00,20000.0,40094.687960131385,94.68796013138854,0.0,0.0,,94.68796013138854,mean
B0,TRXUSDT,2026-05-04 12:21:00+00:00,2026-05-04 14:06:00+00:00,20000.0,40024.27256312346,24.272563123460717,0.0,0.0,,24.272563123460717,mean
B0,NEARUSDT,2026-05-04 10:26:00+00:00,2026-05-04 14:16:00+00:00,20000.0,40160.642570281125,160.64257028112115,0.0,0.0,,160.64257028112115,mean
B0,UNIUSDT,2026-05-04 10:31:00+00:00,2026-05-04 14:21:00+00:00,20000.0,40091.60305343512,91.60305343511573,0.0,0.0,,91.60305343511573,mean
B0,XLMUSDT,2026-05-04 14:06:00+00:00,2026-05-04 14:21:00+00:00,20000.0,40135.28173058517,135.2817305851604,0.0,0.0,,135.2817305851604,mean
B0,BCHUSDT,2026-05-04 15:26:00+00:00,2026-05-04 16:21:00+00:00,20000.0,40090.16560567273,90.16560567272973,0.0,0.0,,90.16560567272973,mean
B0,BTCUSDT,2026-05-04 14:51:00+00:00,2026-05-04 18:46:00+00:00,20000.0,39982.7385146891,17.261485310897115,0.0,0.0,,17.261485310897115,mean
B0,DOTUSDT,2026-05-04 18:06:00+00:00,2026-05-04 19:06:00+00:00,20000.0,39871.17552334943,128.82447665056316,0.0,0.0,,128.82447665056316,mean
B0,SUIUSDT,2026-05-04 18:11:00+00:00,2026-05-04 19:21:00+00:00,20000.0,39917.09183673469,82.90816326530694,0.0,0.0,,82.90816326530694,mean
B0,LINKUSDT,2026-05-04 20:36:00+00:00,2026-05-04 21:11:00+00:00,20000.0,40115.84253995495,115.84253995495236,0.0,0.0,,115.84253995495236,mean
B0,NEARUSDT,2026-05-04 22:36:00+00:00,2026-05-05 00:06:00+00:00,20000.0,40095.38950715421,95.3895071542138,0.0,0.0,,95.3895071542138,mean
B0,XLMUSDT,2026-05-05 01:06:00+00:00,2026-05-05 01:36:00+00:00,20000.0,39874.15051598288,125.84948401711516,0.0,0.0,,125.84948401711516,mean
B0,XRPUSDT,2026-05-05 03:46:00+00:00,2026-05-05 04:31:00+00:00,20000.0,39910.53677932405,89.46322067594883,0.0,0.0,,89.46322067594883,mean
B0,LINKUSDT,2026-05-05 02:26:00+00:00,2026-05-05 06:11:00+00:00,20000.0,40075.90132827325,-75.90132827324487,0.0,0.0,,-75.90132827324487,mean
B0,ADAUSDT,2026-05-05 07:01:00+00:00,2026-05-05 11:01:00+00:00,20000.0,40298.156139662606,-298.15613966260935,0.0,0.0,,-298.15613966260935,timeout
B0,BCHUSDT,2026-05-05 08:31:00+00:00,2026-05-05 12:31:00+00:00,20000.0,40240.89487823138,-240.89487823138188,0.0,0.0,,-240.89487823138188,timeout
B0,LINKUSDT,2026-05-05 12:11:00+00:00,2026-05-05 13:31:00+00:00,20000.0,39909.94678673762,90.05321326238118,0.0,0.0,,90.05321326238118,mean
B0,SUIUSDT,2026-05-05 12:36:00+00:00,2026-05-05 14:16:00+00:00,20000.0,39855.550969872056,144.4490301279402,0.0,0.0,,144.4490301279402,mean
B0,HBARUSDT,2026-05-05 13:56:00+00:00,2026-05-05 14:41:00+00:00,20000.0,39845.559845559845,154.4401544401553,0.0,0.0,,154.4401544401553,mean
B0,DOTUSDT,2026-05-05 14:06:00+00:00,2026-05-05 14:41:00+00:00,20000.0,39720.27972027972,279.7202797202772,0.0,0.0,,279.7202797202772,mean
B0,TRXUSDT,2026-05-05 15:31:00+00:00,2026-05-05 19:31:00+00:00,20000.0,40143.683196075,-143.68319607499507,0.0,0.0,,-143.68319607499507,timeout
B0,SOLUSDT,2026-05-05 19:31:00+00:00,2026-05-05 21:36:00+00:00,20000.0,40011.59823706797,-11.598237067966693,0.0,0.0,,-11.598237067966693,mean
B0,NEARUSDT,2026-05-05 20:11:00+00:00,2026-05-05 22:36:00+00:00,20000.0,40108.275328692966,-108.27532869296556,0.0,0.0,,-108.27532869296556,mean
B0,FILUSDT,2026-05-05 20:31:00+00:00,2026-05-05 22:36:00+00:00,20000.0,40144.32989690722,-144.3298969072166,0.0,0.0,,-144.3298969072166,mean
B0,ADAUSDT,2026-05-05 21:36:00+00:00,2026-05-05 23:31:00+00:00,20000.0,39848.48484848485,151.51515151514832,0.0,0.0,,151.51515151514832,mean
B0,BCHUSDT,2026-05-05 22:51:00+00:00,2026-05-06 02:31:00+00:00,20000.0,40035.1845014443,-35.18450144430244,0.0,0.0,,-35.18450144430244,mean
B0,XLMUSDT,2026-05-06 01:21:00+00:00,2026-05-06 02:31:00+00:00,20000.0,39874.914855409006,125.08514459099388,0.0,0.0,,125.08514459099388,mean
B0,SUIUSDT,2026-05-06 01:41:00+00:00,2026-05-06 02:36:00+00:00,20000.0,39902.12071778141,97.87928221859691,0.0,0.0,,97.87928221859691,mean
B0,FILUSDT,2026-05-06 02:31:00+00:00,2026-05-06 03:06:00+00:00,20000.0,40913.604766633565,-913.6047666335652,0.0,0.0,,-913.6047666335652,stop
B0,FILUSDT,2026-05-06 03:06:00+00:00,2026-05-06 03:36:00+00:00,20000.0,40664.767331434,-664.7673314339991,0.0,0.0,,-664.7673314339991,stop
B0,FILUSDT,2026-05-06 03:36:00+00:00,2026-05-06 04:11:00+00:00,20000.0,40588.23529411765,-588.2352941176468,0.0,0.0,,-588.2352941176468,stop
B0,FILUSDT,2026-05-06 04:11:00+00:00,2026-05-06 04:56:00+00:00,20000.0,40642.85714285714,-642.8571428571377,0.0,0.0,,-642.8571428571377,stop
B0,BCHUSDT,2026-05-06 04:41:00+00:00,2026-05-06 07:56:00+00:00,20000.0,40011.8510994011,-11.8510994010976,0.0,0.0,,-11.8510994010976,mean
B0,NEARUSDT,2026-05-06 07:21:00+00:00,2026-05-06 08:11:00+00:00,20000.0,40677.200902934535,-677.200902934539,0.0,0.0,,-677.200902934539,stop
B0,NEARUSDT,2026-05-06 08:11:00+00:00,2026-05-06 08:41:00+00:00,20000.0,40655.02183406113,-655.0218340611355,0.0,0.0,,-655.0218340611355,stop
B0,SUIUSDT,2026-05-06 07:11:00+00:00,2026-05-06 09:46:00+00:00,20000.0,40591.72788567978,-591.727885679782,0.0,0.0,,-591.727885679782,stop
B0,NEARUSDT,2026-05-06 08:41:00+00:00,2026-05-06 11:36:00+00:00,20000.0,40690.62720225511,-690.6272022551093,0.0,0.0,,-690.6272022551093,stop
B0,UNIUSDT,2026-05-06 09:41:00+00:00,2026-05-06 13:01:00+00:00,20000.0,39937.39328400683,62.60671599316629,0.0,0.0,,62.60671599316629,mean
B0,SUIUSDT,2026-05-06 09:46:00+00:00,2026-05-06 13:01:00+00:00,20000.0,39878.79972632196,121.20027367803776,0.0,0.0,,121.20027367803776,mean
B0,NEARUSDT,2026-05-06 11:36:00+00:00,2026-05-06 13:41:00+00:00,20000.0,39877.38419618529,122.6158038147114,0.0,0.0,,122.6158038147114,mean
B0,XRPUSDT,2026-05-06 13:21:00+00:00,2026-05-06 15:36:00+00:00,20000.0,39924.60732984293,-75.39267015706719,0.0,0.0,,-75.39267015706719,mean
B0,SUIUSDT,2026-05-06 13:26:00+00:00,2026-05-06 16:11:00+00:00,20000.0,39983.94058014655,-16.059419853456347,0.0,0.0,,-16.059419853456347,mean
B0,AAVEUSDT,2026-05-06 13:51:00+00:00,2026-05-06 16:11:00+00:00,20000.0,40234.88848184463,234.8884818446313,0.0,0.0,,234.8884818446313,mean
B0,XLMUSDT,2026-05-06 16:26:00+00:00,2026-05-06 18:16:00+00:00,20000.0,40021.153487214586,21.153487214582128,0.0,0.0,,21.153487214582128,mean
B0,NEARUSDT,2026-05-06 15:36:00+00:00,2026-05-06 18:36:00+00:00,20000.0,40201.74848688635,-201.74848688634663,0.0,0.0,,-201.74848688634663,mean
B0,NEARUSDT,2026-05-06 21:41:00+00:00,2026-05-06 22:06:00+00:00,20000.0,39688.31168831169,311.68831168831457,0.0,0.0,,311.68831168831457,mean
B0,DOTUSDT,2026-05-06 21:56:00+00:00,2026-05-06 22:16:00+00:00,20000.0,39833.7112622827,166.2887377173065,0.0,0.0,,166.2887377173065,mean
B0,LTCUSDT,2026-05-06 23:06:00+00:00,2026-05-06 23:56:00+00:00,20000.0,40074.375774747656,74.37577474765567,0.0,0.0,,74.37577474765567,mean
B0,FILUSDT,2026-05-07 00:01:00+00:00,2026-05-07 00:46:00+00:00,20000.0,39411.23996431757,588.760035682426,0.0,0.0,,588.760035682426,mean
B0,ETHUSDT,2026-05-07 01:21:00+00:00,2026-05-07 03:51:00+00:00,20000.0,40012.39829523441,12.39829523440494,0.0,0.0,,12.39829523440494,mean
B0,SOLUSDT,2026-05-07 00:46:00+00:00,2026-05-07 04:21:00+00:00,20000.0,39945.65832672931,-54.34167327069008,0.0,0.0,,-54.34167327069008,mean
B0,HBARUSDT,2026-05-07 01:06:00+00:00,2026-05-07 04:21:00+00:00,20000.0,39995.56393478984,-4.43606521016045,0.0,0.0,,-4.43606521016045,mean
B0,FILUSDT,2026-05-07 04:31:00+00:00,2026-05-07 05:26:00+00:00,20000.0,39745.91651542649,254.0834845735044,0.0,0.0,,254.0834845735044,mean
B0,LINKUSDT,2026-05-07 05:16:00+00:00,2026-05-07 06:11:00+00:00,20000.0,39876.16099071207,123.83900928792356,0.0,0.0,,123.83900928792356,mean
B0,DOTUSDT,2026-05-07 05:01:00+00:00,2026-05-07 06:16:00+00:00,20000.0,39954.407294832825,45.592705167175154,0.0,0.0,,45.592705167175154,mean
B0,DOTUSDT,2026-05-07 06:41:00+00:00,2026-05-07 08:31:00+00:00,20000.0,39954.6827794562,45.31722054380589,0.0,0.0,,45.31722054380589,mean
B0,SUIUSDT,2026-05-07 06:46:00+00:00,2026-05-07 08:56:00+00:00,20000.0,40040.249547192594,-40.24954719259404,0.0,0.0,,-40.24954719259404,mean
B0,SOLUSDT,2026-05-07 07:36:00+00:00,2026-05-07 09:06:00+00:00,20000.0,39842.25727616085,157.7427238391465,0.0,0.0,,157.7427238391465,mean
B0,BTCUSDT,2026-05-07 10:31:00+00:00,2026-05-07 11:06:00+00:00,20000.0,40082.37881857566,82.37881857565299,0.0,0.0,,82.37881857565299,mean
B0,DOTUSDT,2026-05-07 14:36:00+00:00,2026-05-07 16:31:00+00:00,20000.0,40092.16589861751,92.1658986175098,0.0,0.0,,92.1658986175098,mean
B0,DOGEUSDT,2026-05-07 13:51:00+00:00,2026-05-07 17:51:00+00:00,20000.0,39688.92955169259,-311.0704483074114,0.0,0.0,,-311.0704483074114,timeout
B0,BCHUSDT,2026-05-07 14:26:00+00:00,2026-05-07 17:56:00+00:00,20000.0,39945.18731351531,-54.81268648469268,0.0,0.0,,-54.81268648469268,mean
B0,ADAUSDT,2026-05-07 17:31:00+00:00,2026-05-07 18:01:00+00:00,20000.0,40161.04294478528,161.04294478528027,0.0,0.0,,161.04294478528027,mean
B0,SOLUSDT,2026-05-07 21:11:00+00:00,2026-05-07 22:26:00+00:00,20000.0,40088.89901983132,88.89901983131858,0.0,0.0,,88.89901983131858,mean
B0,BNBUSDT,2026-05-07 22:06:00+00:00,2026-05-08 00:11:00+00:00,20000.0,40027.93164592716,27.93164592715766,0.0,0.0,,27.93164592715766,mean
B0,HBARUSDT,2026-05-08 00:11:00+00:00,2026-05-08 00:41:00+00:00,20000.0,39913.85023194169,86.14976805831611,0.0,0.0,,86.14976805831611,mean
B0,DOGEUSDT,2026-05-08 01:16:00+00:00,2026-05-08 03:36:00+00:00,20000.0,40056.51313930489,56.51313930488686,0.0,0.0,,56.51313930488686,mean
B0,UNIUSDT,2026-05-08 05:41:00+00:00,2026-05-08 06:06:00+00:00,20000.0,39781.16901813994,218.830981860061,0.0,0.0,,218.830981860061,mean
B0,TRXUSDT,2026-05-08 07:21:00+00:00,2026-05-08 08:56:00+00:00,20000.0,39963.511972633976,36.488027366020106,0.0,0.0,,36.488027366020106,mean
B0,NEARUSDT,2026-05-08 07:41:00+00:00,2026-05-08 11:36:00+00:00,20000.0,40260.75619295958,-260.75619295958313,0.0,0.0,,-260.75619295958313,mean
B0,HBARUSDT,2026-05-08 11:06:00+00:00,2026-05-08 11:46:00+00:00,20000.0,39940.71797123723,59.28202876276555,0.0,0.0,,59.28202876276555,mean
B0,UNIUSDT,2026-05-08 10:46:00+00:00,2026-05-08 12:26:00+00:00,20000.0,39880.20536223617,119.79463776383272,0.0,0.0,,119.79463776383272,mean
B0,FILUSDT,2026-05-08 13:16:00+00:00,2026-05-08 14:11:00+00:00,20000.0,40390.69767441861,390.6976744186068,0.0,0.0,,390.6976744186068,mean
B0,SOLUSDT,2026-05-08 14:21:00+00:00,2026-05-08 15:21:00+00:00,20000.0,39867.742658596726,132.25734140327404,0.0,0.0,,132.25734140327404,mean
B0,FILUSDT,2026-05-08 15:36:00+00:00,2026-05-08 15:46:00+00:00,20000.0,40826.73702726473,-826.7370272647313,0.0,0.0,,-826.7370272647313,stop
B0,FILUSDT,2026-05-08 15:46:00+00:00,2026-05-08 15:56:00+00:00,20000.0,41097.97297297297,-1097.972972972977,0.0,0.0,,-1097.972972972977,stop
B0,SUIUSDT,2026-05-08 14:26:00+00:00,2026-05-08 17:36:00+00:00,20000.0,40592.1316740265,-592.1316740264992,0.0,0.0,,-592.1316740264992,stop
B0,FILUSDT,2026-05-08 15:56:00+00:00,2026-05-08 18:46:00+00:00,20000.0,39039.23138510808,960.7686148919164,0.0,0.0,,960.7686148919164,mean
B0,UNIUSDT,2026-05-08 16:31:00+00:00,2026-05-08 20:31:00+00:00,20000.0,40213.87441732931,-213.87441732931256,0.0,0.0,,-213.87441732931256,timeout
B0,FILUSDT,2026-05-08 20:26:00+00:00,2026-05-08 20:56:00+00:00,20000.0,39674.2671009772,325.7328990228016,0.0,0.0,,325.7328990228016,mean
B0,SOLUSDT,2026-05-08 17:36:00+00:00,2026-05-08 21:11:00+00:00,20000.0,40002.179361447095,-2.179361447095289,0.0,0.0,,-2.179361447095289,mean
B0,ADAUSDT,2026-05-08 21:36:00+00:00,2026-05-08 23:11:00+00:00,20000.0,39949.09090909091,50.9090909090919,0.0,0.0,,50.9090909090919,mean
B0,FILUSDT,2026-05-08 22:21:00+00:00,2026-05-08 23:26:00+00:00,20000.0,40837.94466403162,-837.9446640316237,0.0,0.0,,-837.9446640316237,stop
B0,FILUSDT,2026-05-08 23:26:00+00:00,2026-05-09 00:31:00+00:00,20000.0,39362.67071320182,637.32928679818,0.0,0.0,,637.32928679818,mean
B0,SUIUSDT,2026-05-09 00:26:00+00:00,2026-05-09 00:51:00+00:00,20000.0,40677.60821575967,-677.6082157596684,0.0,0.0,,-677.6082157596684,stop
B0,XLMUSDT,2026-05-09 02:56:00+00:00,2026-05-09 03:46:00+00:00,20000.0,39884.12376060207,115.87623939792684,0.0,0.0,,115.87623939792684,mean
B0,AAVEUSDT,2026-05-09 01:41:00+00:00,2026-05-09 04:26:00+00:00,20000.0,39827.95263637284,172.04736362716358,0.0,0.0,,172.04736362716358,mean
B0,SUIUSDT,2026-05-09 00:51:00+00:00,2026-05-09 04:46:00+00:00,20000.0,40061.26995915336,-61.269959153360105,0.0,0.0,,-61.269959153360105,mean
B0,TRXUSDT,2026-05-09 05:21:00+00:00,2026-05-09 07:11:00+00:00,20000.0,39942.79565020389,57.20434979610582,0.0,0.0,,57.20434979610582,mean
B0,UNIUSDT,2026-05-09 07:11:00+00:00,2026-05-09 11:06:00+00:00,20000.0,39918.18925552223,-81.81074447777428,0.0,0.0,,-81.81074447777428,mean
B0,SUIUSDT,2026-05-09 09:16:00+00:00,2026-05-09 12:01:00+00:00,20000.0,40037.99753016055,37.99753016054092,0.0,0.0,,37.99753016054092,mean
B0,FILUSDT,2026-05-09 09:41:00+00:00,2026-05-09 12:06:00+00:00,20000.0,40114.28571428571,114.28571428571377,0.0,0.0,,114.28571428571377,mean
B0,AAVEUSDT,2026-05-09 13:41:00+00:00,2026-05-09 16:11:00+00:00,20000.0,40118.80768006789,118.80768006789005,0.0,0.0,,118.80768006789005,mean
B0,LTCUSDT,2026-05-09 14:31:00+00:00,2026-05-09 16:11:00+00:00,20000.0,40041.60166406656,41.60166406656208,0.0,0.0,,41.60166406656208,mean
B0,XLMUSDT,2026-05-09 15:16:00+00:00,2026-05-09 16:21:00+00:00,20000.0,40090.29066171924,90.29066171923114,0.0,0.0,,90.29066171923114,mean
B0,UNIUSDT,2026-05-09 18:21:00+00:00,2026-05-09 21:46:00+00:00,20000.0,39978.529253891575,21.470746108425374,0.0,0.0,,21.470746108425374,mean
B0,UNIUSDT,2026-05-09 22:46:00+00:00,2026-05-10 00:51:00+00:00,20000.0,39978.80233174351,21.19766825649276,0.0,0.0,,21.19766825649276,mean
B0,SUIUSDT,2026-05-10 00:21:00+00:00,2026-05-10 00:51:00+00:00,20000.0,39800.18331805683,199.8166819431717,0.0,0.0,,199.8166819431717,mean
B0,BCHUSDT,2026-05-10 04:41:00+00:00,2026-05-10 05:41:00+00:00,20000.0,39869.76703258025,130.2329674197572,0.0,0.0,,130.2329674197572,mean
B0,UNIUSDT,2026-05-10 05:21:00+00:00,2026-05-10 05:46:00+00:00,20000.0,40776.29163388408,-776.2916338840805,0.0,0.0,,-776.2916338840805,stop
B0,UNIUSDT,2026-05-10 05:46:00+00:00,2026-05-10 09:46:00+00:00,20000.0,40181.77227972735,-181.7722797273418,0.0,0.0,,-181.7722797273418,timeout
B0,SOLUSDT,2026-05-10 09:11:00+00:00,2026-05-10 10:06:00+00:00,20000.0,39921.63507359949,78.36492640051074,0.0,0.0,,78.36492640051074,mean
B0,SUIUSDT,2026-05-10 08:11:00+00:00,2026-05-10 11:16:00+00:00,20000.0,40620.726880172726,-620.7268801727259,0.0,0.0,,-620.7268801727259,stop
B0,SUIUSDT,2026-05-10 11:16:00+00:00,2026-05-10 12:21:00+00:00,20000.0,39780.12389843819,219.8761015618184,0.0,0.0,,219.8761015618184,mean
B0,HBARUSDT,2026-05-10 12:16:00+00:00,2026-05-10 13:41:00+00:00,20000.0,39918.37588949352,81.62411050648734,0.0,0.0,,81.62411050648734,mean
B0,UNIUSDT,2026-05-10 13:06:00+00:00,2026-05-10 14:51:00+00:00,20000.0,40014.82579688658,-14.825796886583705,0.0,0.0,,-14.825796886583705,mean
B0,SUIUSDT,2026-05-10 15:16:00+00:00,2026-05-10 15:56:00+00:00,20000.0,40744.735490498206,-744.7354904982058,0.0,0.0,,-744.7354904982058,stop
B0,SUIUSDT,2026-05-10 15:56:00+00:00,2026-05-10 16:26:00+00:00,20000.0,40612.36279607164,-612.3627960716367,0.0,0.0,,-612.3627960716367,stop
B0,XLMUSDT,2026-05-10 15:11:00+00:00,2026-05-10 17:06:00+00:00,20000.0,40719.667289494304,-719.667289494304,0.0,0.0,,-719.667289494304,stop
B0,SUIUSDT,2026-05-10 16:26:00+00:00,2026-05-10 17:06:00+00:00,20000.0,40709.48110185779,-709.4811018577857,0.0,0.0,,-709.4811018577857,stop
B0,AAVEUSDT,2026-05-10 13:56:00+00:00,2026-05-10 17:11:00+00:00,20000.0,40010.10101010101,-10.101010101010615,0.0,0.0,,-10.101010101010615,mean
B0,SUIUSDT,2026-05-10 17:06:00+00:00,2026-05-10 17:36:00+00:00,20000.0,40668.16178176475,-668.161781764753,0.0,0.0,,-668.161781764753,stop
B0,SUIUSDT,2026-05-10 17:36:00+00:00,2026-05-10 19:01:00+00:00,20000.0,40535.80782758363,-535.8078275836269,0.0,0.0,,-535.8078275836269,stop
B0,XRPUSDT,2026-05-10 17:51:00+00:00,2026-05-10 19:06:00+00:00,20000.0,39734.0994120791,265.9005879208962,0.0,0.0,,265.9005879208962,mean
B0,SUIUSDT,2026-05-10 19:01:00+00:00,2026-05-10 20:36:00+00:00,20000.0,39594.78172144888,405.2182785511286,0.0,0.0,,405.2182785511286,mean
B0,AAVEUSDT,2026-05-10 19:46:00+00:00,2026-05-10 20:41:00+00:00,20000.0,39617.88381340317,382.1161865968352,0.0,0.0,,382.1161865968352,mean
B0,HBARUSDT,2026-05-10 20:46:00+00:00,2026-05-10 22:06:00+00:00,20000.0,40149.5482396926,149.5482396925945,0.0,0.0,,149.5482396925945,mean
B0,AVAXUSDT,2026-05-10 20:51:00+00:00,2026-05-10 22:11:00+00:00,20000.0,40366.64341934841,366.6434193484092,0.0,0.0,,366.6434193484092,mean
B0,FILUSDT,2026-05-10 20:36:00+00:00,2026-05-10 22:36:00+00:00,20000.0,39912.35758106924,-87.64241893076542,0.0,0.0,,-87.64241893076542,mean
B0,BNBUSDT,2026-05-10 22:26:00+00:00,2026-05-11 00:16:00+00:00,20000.0,39959.55266454368,40.44733545631607,0.0,0.0,,40.44733545631607,mean
B0,BTCUSDT,2026-05-10 22:36:00+00:00,2026-05-11 00:21:00+00:00,20000.0,39880.90864821918,119.09135178081851,0.0,0.0,,119.09135178081851,mean
B0,DOGEUSDT,2026-05-10 23:01:00+00:00,2026-05-11 00:21:00+00:00,20000.0,39835.273052820055,164.72694717994457,0.0,0.0,,164.72694717994457,mean
B0,AAVEUSDT,2026-05-11 00:56:00+00:00,2026-05-11 01:16:00+00:00,20000.0,40169.84713757618,169.8471375761801,0.0,0.0,,169.8471375761801,mean
B0,AVAXUSDT,2026-05-11 02:26:00+00:00,2026-05-11 04:56:00+00:00,20000.0,39990.0408325864,-9.959167413606338,0.0,0.0,,-9.959167413606338,mean
B0,LTCUSDT,2026-05-11 02:46:00+00:00,2026-05-11 05:21:00+00:00,20000.0,39945.72591587517,-54.27408412483055,0.0,0.0,,-54.27408412483055,mean
B0,BTCUSDT,2026-05-11 03:16:00+00:00,2026-05-11 05:21:00+00:00,20000.0,40066.03280795769,66.03280795768296,0.0,0.0,,66.03280795768296,mean
B0,AAVEUSDT,2026-05-11 10:21:00+00:00,2026-05-11 10:46:00+00:00,20000.0,39730.791904106896,269.20809589310375,0.0,0.0,,269.20809589310375,mean
B0,TRXUSDT,2026-05-11 12:16:00+00:00,2026-05-11 13:36:00+00:00,20000.0,39979.56461272104,20.435387278968847,0.0,0.0,,20.435387278968847,mean
B0,ETHUSDT,2026-05-11 14:36:00+00:00,2026-05-11 15:16:00+00:00,20000.0,40122.328927932496,122.32892793249266,0.0,0.0,,122.32892793249266,mean
B0,HBARUSDT,2026-05-11 14:51:00+00:00,2026-05-11 15:16:00+00:00,20000.0,40187.05338377469,187.05338377469525,0.0,0.0,,187.05338377469525,mean
B0,XRPUSDT,2026-05-11 15:26:00+00:00,2026-05-11 16:46:00+00:00,20000.0,39917.56199743226,82.43800256774193,0.0,0.0,,82.43800256774193,mean
B0,SOLUSDT,2026-05-11 16:01:00+00:00,2026-05-11 19:06:00+00:00,20000.0,40132.546339442895,-132.54633944289162,0.0,0.0,,-132.54633944289162,mean
B0,BTCUSDT,2026-05-11 18:11:00+00:00,2026-05-11 19:06:00+00:00,20000.0,39954.18551208302,45.81448791697767,0.0,0.0,,45.81448791697767,mean
B0,AAVEUSDT,2026-05-11 16:06:00+00:00,2026-05-11 19:51:00+00:00,20000.0,40039.28501276764,-39.285012767632,0.0,0.0,,-39.285012767632,mean
B0,BNBUSDT,2026-05-11 22:56:00+00:00,2026-05-12 01:06:00+00:00,20000.0,39951.59410762841,48.40589237158929,0.0,0.0,,48.40589237158929,mean
B0,BCHUSDT,2026-05-12 01:51:00+00:00,2026-05-12 03:11:00+00:00,20000.0,40081.13773129888,81.13773129888068,0.0,0.0,,81.13773129888068,mean
B0,ETHUSDT,2026-05-12 01:36:00+00:00,2026-05-12 04:41:00+00:00,20000.0,39992.045857361474,-7.954142638525809,0.0,0.0,,-7.954142638525809,mean
B0,TRXUSDT,2026-05-12 03:01:00+00:00,2026-05-12 05:21:00+00:00,20000.0,39989.68363136176,-10.31636863823951,0.0,0.0,,-10.31636863823951,mean
B0,NEARUSDT,2026-05-12 07:56:00+00:00,2026-05-12 08:16:00+00:00,20000.0,39582.27848101266,417.7215189873423,0.0,0.0,,417.7215189873423,mean
B0,ETHUSDT,2026-05-12 08:16:00+00:00,2026-05-12 09:36:00+00:00,20000.0,40078.043567756,78.04356775600536,0.0,0.0,,78.04356775600536,mean
B0,NEARUSDT,2026-05-12 10:11:00+00:00,2026-05-12 10:31:00+00:00,20000.0,39638.17841547099,361.8215845290069,0.0,0.0,,361.8215845290069,mean
B0,LINKUSDT,2026-05-12 09:21:00+00:00,2026-05-12 12:21:00+00:00,20000.0,40007.76171533909,7.761715339089278,0.0,0.0,,7.761715339089278,mean
B0,AVAXUSDT,2026-05-12 10:36:00+00:00,2026-05-12 12:21:00+00:00,20000.0,40036.55564581641,36.55564581640647,0.0,0.0,,36.55564581640647,mean
B0,BCHUSDT,2026-05-12 10:46:00+00:00,2026-05-12 14:11:00+00:00,20000.0,39952.79914675381,-47.20085324619504,0.0,0.0,,-47.20085324619504,mean
B0,XRPUSDT,2026-05-12 14:01:00+00:00,2026-05-12 17:16:00+00:00,20000.0,39942.84519411724,-57.15480588276478,0.0,0.0,,-57.15480588276478,mean
B0,AAVEUSDT,2026-05-12 14:36:00+00:00,2026-05-12 17:16:00+00:00,20000.0,40176.6375775418,176.6375775417946,0.0,0.0,,176.6375775417946,mean
B0,BNBUSDT,2026-05-12 14:31:00+00:00,2026-05-12 17:21:00+00:00,20000.0,40019.55392606172,19.55392606171881,0.0,0.0,,19.55392606171881,mean
B0,NEARUSDT,2026-05-12 17:36:00+00:00,2026-05-12 19:41:00+00:00,20000.0,39899.18084436042,100.81915563957229,0.0,0.0,,100.81915563957229,mean
B0,NEARUSDT,2026-05-12 20:46:00+00:00,2026-05-12 21:36:00+00:00,20000.0,39926.15384615384,73.84615384615245,0.0,0.0,,73.84615384615245,mean
B0,BNBUSDT,2026-05-12 19:41:00+00:00,2026-05-12 23:11:00+00:00,20000.0,40077.79754545729,-77.79754545728792,0.0,0.0,,-77.79754545728792,mean
B0,BNBUSDT,2026-05-13 01:16:00+00:00,2026-05-13 04:11:00+00:00,20000.0,40098.0566417822,-98.05664178220104,0.0,0.0,,-98.05664178220104,mean
B0,DOGEUSDT,2026-05-13 04:51:00+00:00,2026-05-13 05:41:00+00:00,20000.0,39895.12043373923,104.87956626077356,0.0,0.0,,104.87956626077356,mean
B0,DOTUSDT,2026-05-13 02:56:00+00:00,2026-05-13 05:46:00+00:00,20000.0,40174.672489082965,-174.67248908296824,0.0,0.0,,-174.67248908296824,mean
B0,BCHUSDT,2026-05-13 07:21:00+00:00,2026-05-13 09:06:00+00:00,20000.0,40078.53343378307,78.53343378307545,0.0,0.0,,78.53343378307545,mean
B0,DOTUSDT,2026-05-13 09:51:00+00:00,2026-05-13 10:41:00+00:00,20000.0,39678.09657102869,321.9034289713127,0.0,0.0,,321.9034289713127,mean
B0,LINKUSDT,2026-05-13 09:01:00+00:00,2026-05-13 10:46:00+00:00,20000.0,39943.67783722894,56.322162771055446,0.0,0.0,,56.322162771055446,mean
B0,DOGEUSDT,2026-05-13 09:46:00+00:00,2026-05-13 11:16:00+00:00,20000.0,39859.62449552553,140.37550447446847,0.0,0.0,,140.37550447446847,mean
B0,BTCUSDT,2026-05-13 11:16:00+00:00,2026-05-13 15:16:00+00:00,20000.0,39724.94103041589,-275.05896958411176,0.0,0.0,,-275.05896958411176,timeout
B0,HBARUSDT,2026-05-13 11:56:00+00:00,2026-05-13 15:56:00+00:00,20000.0,39667.77408637873,-332.2259136212633,0.0,0.0,,-332.2259136212633,timeout
B0,LINKUSDT,2026-05-13 12:31:00+00:00,2026-05-13 16:01:00+00:00,20000.0,39485.49956643222,-514.5004335677804,0.0,0.0,,-514.5004335677804,stop
B0,BTCUSDT,2026-05-13 15:56:00+00:00,2026-05-13 17:36:00+00:00,20000.0,40064.32381550047,64.32381550046921,0.0,0.0,,64.32381550046921,mean
B0,SOLUSDT,2026-05-13 15:16:00+00:00,2026-05-13 18:21:00+00:00,20000.0,40024.151937644085,24.15193764408832,0.0,0.0,,24.15193764408832,mean
B0,DOGEUSDT,2026-05-13 17:51:00+00:00,2026-05-13 19:06:00+00:00,20000.0,39952.25042001945,47.749579980543785,0.0,0.0,,47.749579980543785,mean
B0,DOGEUSDT,2026-05-14 00:21:00+00:00,2026-05-14 02:21:00+00:00,20000.0,40112.61657575224,-112.61657575224308,0.0,0.0,,-112.61657575224308,mean
B0,DOGEUSDT,2026-05-14 04:06:00+00:00,2026-05-14 04:51:00+00:00,20000.0,40110.48739196293,110.48739196293536,0.0,0.0,,110.48739196293536,mean
B0,NEARUSDT,2026-05-14 03:26:00+00:00,2026-05-14 05:26:00+00:00,20000.0,40155.13897866839,155.13897866839034,0.0,0.0,,155.13897866839034,mean
B0,BNBUSDT,2026-05-14 03:51:00+00:00,2026-05-14 05:26:00+00:00,20000.0,40080.151296829965,80.15129682996849,0.0,0.0,,80.15129682996849,mean
B0,DOGEUSDT,2026-05-14 05:56:00+00:00,2026-05-14 07:16:00+00:00,20000.0,39886.85813751088,113.141862489123,0.0,0.0,,113.141862489123,mean
B0,TRXUSDT,2026-05-14 09:06:00+00:00,2026-05-14 12:21:00+00:00,20000.0,40081.73458962425,-81.73458962424775,0.0,0.0,,-81.73458962424775,mean
B0,TRXUSDT,2026-05-14 12:46:00+00:00,2026-05-14 13:41:00+00:00,20000.0,39969.574893652985,30.425106347014665,0.0,0.0,,30.425106347014665,mean
B0,DOGEUSDT,2026-05-14 12:51:00+00:00,2026-05-14 14:01:00+00:00,20000.0,39873.3408519129,126.65914808709567,0.0,0.0,,126.65914808709567,mean
B0,HBARUSDT,2026-05-14 13:31:00+00:00,2026-05-14 16:56:00+00:00,20000.0,40246.31064868882,-246.31064868882092,0.0,0.0,,-246.31064868882092,mean
B0,XRPUSDT,2026-05-14 17:16:00+00:00,2026-05-14 18:31:00+00:00,20000.0,40566.92701319687,-566.9270131968733,0.0,0.0,,-566.9270131968733,stop
B0,BTCUSDT,2026-05-14 14:51:00+00:00,2026-05-14 18:51:00+00:00,20000.0,40170.18516363672,-170.18516363672097,0.0,0.0,,-170.18516363672097,timeout
B0,LINKUSDT,2026-05-14 15:51:00+00:00,2026-05-14 19:26:00+00:00,20000.0,40016.91570341133,-16.915703411334107,0.0,0.0,,-16.915703411334107,mean
B0,XRPUSDT,2026-05-14 18:31:00+00:00,2026-05-14 20:11:00+00:00,20000.0,39794.40843318274,205.59156681726017,0.0,0.0,,205.59156681726017,mean
B0,DOTUSDT,2026-05-14 23:11:00+00:00,2026-05-15 00:36:00+00:00,20000.0,40102.33918128655,102.3391812865484,0.0,0.0,,102.3391812865484,mean
B0,ETHUSDT,2026-05-15 02:16:00+00:00,2026-05-15 06:16:00+00:00,20000.0,39821.25062831242,-178.7493716875833,0.0,0.0,,-178.7493716875833,timeout
B0,DOGEUSDT,2026-05-15 05:01:00+00:00,2026-05-15 06:46:00+00:00,20000.0,40000.0,0.0,0.0,0.0,,0.0,mean
B0,AAVEUSDT,2026-05-15 06:01:00+00:00,2026-05-15 06:51:00+00:00,20000.0,40181.51470895056,181.51470895055536,0.0,0.0,,181.51470895055536,mean
B0,BNBUSDT,2026-05-15 07:26:00+00:00,2026-05-15 09:16:00+00:00,20000.0,39905.26698147475,94.73301852524672,0.0,0.0,,94.73301852524672,mean
B0,TRXUSDT,2026-05-15 07:56:00+00:00,2026-05-15 09:16:00+00:00,20000.0,40018.19577516845,18.19577516845311,0.0,0.0,,18.19577516845311,mean
B0,BCHUSDT,2026-05-15 08:31:00+00:00,2026-05-15 10:46:00+00:00,20000.0,40083.228716231926,83.22871623192623,0.0,0.0,,83.22871623192623,mean
B0,BNBUSDT,2026-05-15 10:56:00+00:00,2026-05-15 12:01:00+00:00,20000.0,39925.75513696147,74.24486303852973,0.0,0.0,,74.24486303852973,mean
B0,ETHUSDT,2026-05-15 14:36:00+00:00,2026-05-15 16:11:00+00:00,20000.0,40074.426670761335,74.42667076133512,0.0,0.0,,74.42667076133512,mean
B0,XLMUSDT,2026-05-15 14:41:00+00:00,2026-05-15 16:31:00+00:00,20000.0,40160.63216529568,160.63216529567944,0.0,0.0,,160.63216529567944,mean
B0,BTCUSDT,2026-05-15 13:36:00+00:00,2026-05-15 17:01:00+00:00,20000.0,39900.52763058574,-99.4723694142558,0.0,0.0,,-99.4723694142558,mean
B0,NEARUSDT,2026-05-15 17:06:00+00:00,2026-05-15 18:31:00+00:00,20000.0,39974.39180537772,25.60819462228028,0.0,0.0,,25.60819462228028,mean
B0,BNBUSDT,2026-05-16 04:06:00+00:00,2026-05-16 05:46:00+00:00,20000.0,40052.470485352,52.47048535199065,0.0,0.0,,52.47048535199065,mean
B0,FILUSDT,2026-05-16 06:46:00+00:00,2026-05-16 09:21:00+00:00,20000.0,39432.04868154158,-567.9513184584175,0.0,0.0,,-567.9513184584175,stop
B0,AAVEUSDT,2026-05-16 06:11:00+00:00,2026-05-16 10:11:00+00:00,20000.0,39506.41876936698,-493.5812306330226,0.0,0.0,,-493.5812306330226,timeout
B0,LTCUSDT,2026-05-16 06:56:00+00:00,2026-05-16 10:56:00+00:00,20000.0,39829.30298719772,-170.69701280227673,0.0,0.0,,-170.69701280227673,timeout
B0,ETHUSDT,2026-05-16 09:21:00+00:00,2026-05-16 11:41:00+00:00,20000.0,40066.60525103639,66.60525103638793,0.0,0.0,,66.60525103638793,mean
B0,TRXUSDT,2026-05-16 11:31:00+00:00,2026-05-16 11:41:00+00:00,20000.0,39942.21454267342,57.78545732657585,0.0,0.0,,57.78545732657585,mean
B0,BCHUSDT,2026-05-16 10:11:00+00:00,2026-05-16 12:36:00+00:00,20000.0,40082.94930875576,82.94930875576028,0.0,0.0,,82.94930875576028,mean
B0,TRXUSDT,2026-05-16 16:11:00+00:00,2026-05-16 20:11:00+00:00,20000.0,40091.18196749165,-91.1819674916478,0.0,0.0,,-91.1819674916478,timeout
B0,NEARUSDT,2026-05-17 05:11:00+00:00,2026-05-17 06:46:00+00:00,20000.0,39882.27599738391,117.72400261608708,0.0,0.0,,117.72400261608708,mean
B0,DOGEUSDT,2026-05-17 12:41:00+00:00,2026-05-17 13:11:00+00:00,20000.0,39863.17192358952,136.82807641048566,0.0,0.0,,136.82807641048566,mean
B0,TRXUSDT,2026-05-17 11:41:00+00:00,2026-05-17 13:21:00+00:00,20000.0,39994.94524010109,5.054759898906923,0.0,0.0,,5.054759898906923,mean
B0,BCHUSDT,2026-05-17 17:41:00+00:00,2026-05-17 18:01:00+00:00,20000.0,40131.29210042866,131.29210042865816,0.0,0.0,,131.29210042865816,mean
B0,BCHUSDT,2026-05-17 23:11:00+00:00,2026-05-18 01:36:00+00:00,20000.0,39408.51095213511,-591.4890478648849,0.0,0.0,,-591.4890478648849,stop
B0,ETHUSDT,2026-05-17 23:46:00+00:00,2026-05-18 03:46:00+00:00,20000.0,40033.45714366724,33.457143667241326,0.0,0.0,,33.457143667241326,timeout
B0,LTCUSDT,2026-05-18 01:26:00+00:00,2026-05-18 04:16:00+00:00,20000.0,40103.85756676558,103.85756676557868,0.0,0.0,,103.85756676557868,mean
B0,BCHUSDT,2026-05-18 01:36:00+00:00,2026-05-18 05:21:00+00:00,20000.0,39372.245022039824,-627.7549779601759,0.0,0.0,,-627.7549779601759,stop
B0,BCHUSDT,2026-05-18 05:21:00+00:00,2026-05-18 06:26:00+00:00,20000.0,39216.94782267556,-783.0521773244436,0.0,0.0,,-783.0521773244436,stop
B0,BCHUSDT,2026-05-18 06:26:00+00:00,2026-05-18 10:26:00+00:00,20000.0,39522.02079590615,-477.9792040938519,0.0,0.0,,-477.9792040938519,timeout
B0,DOGEUSDT,2026-05-18 07:11:00+00:00,2026-05-18 10:41:00+00:00,20000.0,39961.69683041272,-38.303169587281445,0.0,0.0,,-38.303169587281445,mean
B0,ETHUSDT,2026-05-18 11:46:00+00:00,2026-05-18 13:36:00+00:00,20000.0,40030.84365361359,-30.84365361358141,0.0,0.0,,-30.84365361358141,mean
B0,BCHUSDT,2026-05-18 10:26:00+00:00,2026-05-18 14:26:00+00:00,20000.0,40790.85331846068,790.8533184606786,0.0,0.0,,790.8533184606786,timeout
B0,BTCUSDT,2026-05-18 14:36:00+00:00,2026-05-18 16:16:00+00:00,20000.0,40053.91386624277,53.91386624276856,0.0,0.0,,53.91386624276856,mean
B0,TRXUSDT,2026-05-18 15:16:00+00:00,2026-05-18 16:26:00+00:00,20000.0,40067.75641568561,67.75641568560968,0.0,0.0,,67.75641568560968,mean
B0,ETHUSDT,2026-05-18 15:06:00+00:00,2026-05-18 17:21:00+00:00,20000.0,40079.968318041065,79.96831804106478,0.0,0.0,,79.96831804106478,mean
B0,NEARUSDT,2026-05-18 17:26:00+00:00,2026-05-18 18:16:00+00:00,20000.0,39806.07627666451,193.923723335487,0.0,0.0,,193.923723335487,mean
B0,ETHUSDT,2026-05-18 18:51:00+00:00,2026-05-18 19:11:00+00:00,20000.0,40169.25815226517,169.25815226517443,0.0,0.0,,169.25815226517443,mean
B0,NEARUSDT,2026-05-18 19:31:00+00:00,2026-05-18 21:46:00+00:00,20000.0,40615.38461538462,-615.3846153846171,0.0,0.0,,-615.3846153846171,stop
B0,BCHUSDT,2026-05-18 23:01:00+00:00,2026-05-18 23:56:00+00:00,20000.0,39815.97986788298,184.02013211701703,0.0,0.0,,184.02013211701703,mean
B0,UNIUSDT,2026-05-18 21:21:00+00:00,2026-05-19 01:21:00+00:00,20000.0,40263.0826422648,-263.0826422647988,0.0,0.0,,-263.0826422647988,timeout
B0,NEARUSDT,2026-05-18 21:51:00+00:00,2026-05-19 01:31:00+00:00,20000.0,40111.87072715972,-111.8707271597268,0.0,0.0,,-111.8707271597268,mean
B0,TRXUSDT,2026-05-19 02:31:00+00:00,2026-05-19 03:06:00+00:00,20000.0,39945.67043799709,54.32956200291301,0.0,0.0,,54.32956200291301,mean
B0,SUIUSDT,2026-05-19 06:41:00+00:00,2026-05-19 07:06:00+00:00,20000.0,39773.25099087473,226.74900912526573,0.0,0.0,,226.74900912526573,mean
B0,SUIUSDT,2026-05-19 07:51:00+00:00,2026-05-19 08:11:00+00:00,20000.0,39625.844132140905,374.1558678590991,0.0,0.0,,374.1558678590991,mean
B0,NEARUSDT,2026-05-19 07:01:00+00:00,2026-05-19 09:01:00+00:00,20000.0,40073.30482590104,-73.3048259010393,0.0,0.0,,-73.3048259010393,mean
B0,TRXUSDT,2026-05-19 08:56:00+00:00,2026-05-19 10:41:00+00:00,20000.0,40003.94188534745,3.941885347448988,0.0,0.0,,3.941885347448988,mean
B0,NEARUSDT,2026-05-19 11:51:00+00:00,2026-05-19 12:16:00+00:00,20000.0,40201.13136392206,201.1313639220607,0.0,0.0,,201.1313639220607,mean
B0,AVAXUSDT,2026-05-19 11:46:00+00:00,2026-05-19 12:36:00+00:00,20000.0,40096.74582233949,96.74582233949332,0.0,0.0,,96.74582233949332,mean
B0,BCHUSDT,2026-05-19 12:16:00+00:00,2026-05-19 13:31:00+00:00,20000.0,39824.57053617908,175.4294638209285,0.0,0.0,,175.4294638209285,mean
B0,BTCUSDT,2026-05-19 14:36:00+00:00,2026-05-19 15:16:00+00:00,20000.0,40087.01942734926,87.01942734925979,0.0,0.0,,87.01942734925979,mean
B0,BCHUSDT,2026-05-19 14:46:00+00:00,2026-05-19 18:11:00+00:00,20000.0,40356.017469180166,356.0174691801658,0.0,0.0,,356.0174691801658,mean
B0,NEARUSDT,2026-05-19 17:01:00+00:00,2026-05-19 18:51:00+00:00,20000.0,39891.63154726068,108.36845273931613,0.0,0.0,,108.36845273931613,mean
B0,SUIUSDT,2026-05-20 00:16:00+00:00,2026-05-20 01:56:00+00:00,20000.0,40032.71747498076,32.71747498075638,0.0,0.0,,32.71747498075638,mean
B0,LTCUSDT,2026-05-20 01:31:00+00:00,2026-05-20 03:11:00+00:00,20000.0,40116.170133033535,116.17013303353816,0.0,0.0,,116.17013303353816,mean
B0,FILUSDT,2026-05-20 05:41:00+00:00,2026-05-20 07:46:00+00:00,20000.0,39958.202716823405,41.79728317659101,0.0,0.0,,41.79728317659101,mean
B0,NEARUSDT,2026-05-20 06:01:00+00:00,2026-05-20 09:11:00+00:00,20000.0,39795.18072289157,204.8192771084323,0.0,0.0,,204.8192771084323,mean
B0,UNIUSDT,2026-05-20 06:46:00+00:00,2026-05-20 10:46:00+00:00,20000.0,40388.40416549395,-388.4041654939465,0.0,0.0,,-388.4041654939465,timeout
B0,TRXUSDT,2026-05-20 12:11:00+00:00,2026-05-20 13:21:00+00:00,20000.0,39957.61412119016,42.38587880984778,0.0,0.0,,42.38587880984778,mean
B0,NEARUSDT,2026-05-20 14:36:00+00:00,2026-05-20 16:06:00+00:00,20000.0,39952.43757431629,47.5624256837109,0.0,0.0,,47.5624256837109,mean
B0,SOLUSDT,2026-05-20 14:56:00+00:00,2026-05-20 16:31:00+00:00,20000.0,39923.23796231682,76.7620376831801,0.0,0.0,,76.7620376831801,mean
B0,SOLUSDT,2026-05-20 16:51:00+00:00,2026-05-20 18:26:00+00:00,20000.0,39879.990768520656,120.00923147934373,0.0,0.0,,120.00923147934373,mean
B0,NEARUSDT,2026-05-20 21:46:00+00:00,2026-05-20 22:21:00+00:00,20000.0,39755.81395348837,244.18604651162605,0.0,0.0,,244.18604651162605,mean
B0,SUIUSDT,2026-05-21 00:31:00+00:00,2026-05-21 02:16:00+00:00,20000.0,40777.767586902686,-777.7675869026862,0.0,0.0,,-777.7675869026862,stop
B0,SUIUSDT,2026-05-21 02:16:00+00:00,2026-05-21 04:51:00+00:00,20000.0,39795.17965922133,204.82034077867135,0.0,0.0,,204.82034077867135,mean
B0,FILUSDT,2026-05-21 03:26:00+00:00,2026-05-21 05:16:00+00:00,20000.0,39939.51612903226,60.483870967742405,0.0,0.0,,60.483870967742405,mean
B0,NEARUSDT,2026-05-21 03:31:00+00:00,2026-05-21 05:41:00+00:00,20000.0,39920.09132420091,79.90867579908445,0.0,0.0,,79.90867579908445,mean
B0,NEARUSDT,2026-05-21 06:51:00+00:00,2026-05-21 07:41:00+00:00,20000.0,40211.2676056338,211.2676056338023,0.0,0.0,,211.2676056338023,mean
B0,AVAXUSDT,2026-05-21 08:11:00+00:00,2026-05-21 08:51:00+00:00,20000.0,39812.29568701888,187.70431298112453,0.0,0.0,,187.70431298112453,mean
B0,SUIUSDT,2026-05-21 08:31:00+00:00,2026-05-21 08:56:00+00:00,20000.0,39814.38925225384,185.61074774615557,0.0,0.0,,185.61074774615557,mean
B0,NEARUSDT,2026-05-21 08:56:00+00:00,2026-05-21 09:36:00+00:00,20000.0,39830.699774266366,169.3002257336375,0.0,0.0,,169.3002257336375,mean
B0,TRXUSDT,2026-05-21 09:46:00+00:00,2026-05-21 11:21:00+00:00,20000.0,39996.6788442378,3.32115576220167,0.0,0.0,,3.32115576220167,mean
B0,FILUSDT,2026-05-21 10:31:00+00:00,2026-05-21 12:36:00+00:00,20000.0,40247.93388429752,247.9338842975194,0.0,0.0,,247.9338842975194,mean
B0,XLMUSDT,2026-05-21 10:41:00+00:00,2026-05-21 12:36:00+00:00,20000.0,40120.00279076258,120.00279076257355,0.0,0.0,,120.00279076257355,mean
B0,LTCUSDT,2026-05-21 11:21:00+00:00,2026-05-21 12:36:00+00:00,20000.0,40097.25079483823,97.25079483822628,0.0,0.0,,97.25079483822628,mean
B0,TRXUSDT,2026-05-21 12:36:00+00:00,2026-05-21 13:51:00+00:00,20000.0,39941.12144390029,58.878556099709385,0.0,0.0,,58.878556099709385,mean
B0,BTCUSDT,2026-05-21 13:46:00+00:00,2026-05-21 14:06:00+00:00,20000.0,40067.88507673173,67.88507673173808,0.0,0.0,,67.88507673173808,mean
B0,NEARUSDT,2026-05-21 15:21:00+00:00,2026-05-21 16:41:00+00:00,20000.0,39396.59901261656,603.4009873834366,0.0,0.0,,603.4009873834366,mean
B0,XLMUSDT,2026-05-21 17:16:00+00:00,2026-05-21 18:56:00+00:00,20000.0,40000.0,0.0,0.0,0.0,,0.0,mean
B0,TRXUSDT,2026-05-21 16:16:00+00:00,2026-05-21 19:36:00+00:00,20000.0,40012.6380570361,-12.63805703609978,0.0,0.0,,-12.63805703609978,mean
B0,NEARUSDT,2026-05-21 19:36:00+00:00,2026-05-21 20:06:00+00:00,20000.0,40618.3368869936,-618.3368869936021,0.0,0.0,,-618.3368869936021,stop
B0,SUIUSDT,2026-05-21 17:21:00+00:00,2026-05-21 20:21:00+00:00,20000.0,39917.76747441169,82.23252558831155,0.0,0.0,,82.23252558831155,mean
B0,HBARUSDT,2026-05-21 19:11:00+00:00,2026-05-21 21:46:00+00:00,20000.0,39922.566371681416,77.4336283185803,0.0,0.0,,77.4336283185803,mean
B0,NEARUSDT,2026-05-21 20:06:00+00:00,2026-05-21 23:16:00+00:00,20000.0,39927.611168562566,72.38883143743442,0.0,0.0,,72.38883143743442,mean
B0,NEARUSDT,2026-05-22 00:41:00+00:00,2026-05-22 01:36:00+00:00,20000.0,40589.131538852205,-589.1315388522089,0.0,0.0,,-589.1315388522089,stop
B0,SUIUSDT,2026-05-22 00:21:00+00:00,2026-05-22 02:21:00+00:00,20000.0,40032.64417845485,32.64417845484422,0.0,0.0,,32.64417845484422,mean
B0,NEARUSDT,2026-05-22 01:36:00+00:00,2026-05-22 02:46:00+00:00,20000.0,40730.143068574245,-730.1430685742453,0.0,0.0,,-730.1430685742453,stop
B0,NEARUSDT,2026-05-22 02:46:00+00:00,2026-05-22 04:31:00+00:00,20000.0,40552.11803902903,-552.1180390290319,0.0,0.0,,-552.1180390290319,stop
B0,NEARUSDT,2026-05-22 04:31:00+00:00,2026-05-22 07:31:00+00:00,20000.0,40694.76609541454,-694.7660954145431,0.0,0.0,,-694.7660954145431,stop
B0,XRPUSDT,2026-05-22 07:06:00+00:00,2026-05-22 07:31:00+00:00,20000.0,40138.57153386895,138.57153386894788,0.0,0.0,,138.57153386894788,mean
B0,NEARUSDT,2026-05-22 07:31:00+00:00,2026-05-22 10:11:00+00:00,20000.0,39785.1387645479,214.86123545210648,0.0,0.0,,214.86123545210648,mean
B0,HBARUSDT,2026-05-22 11:56:00+00:00,2026-05-22 13:36:00+00:00,20000.0,39942.70603790216,57.29396209783954,0.0,0.0,,57.29396209783954,mean
B0,XLMUSDT,2026-05-22 12:46:00+00:00,2026-05-22 13:46:00+00:00,20000.0,39855.96158975727,144.03841024273424,0.0,0.0,,144.03841024273424,mean
B0,LINKUSDT,2026-05-22 13:11:00+00:00,2026-05-22 14:11:00+00:00,20000.0,39794.24690371554,205.7530962844576,0.0,0.0,,205.7530962844576,mean
B0,TRXUSDT,2026-05-22 13:56:00+00:00,2026-05-22 15:36:00+00:00,20000.0,39982.89702353039,-17.102976469614077,0.0,0.0,,-17.102976469614077,mean
B0,HBARUSDT,2026-05-22 15:01:00+00:00,2026-05-22 16:56:00+00:00,20000.0,40062.829574778414,62.8295747784141,0.0,0.0,,62.8295747784141,mean
B0,ADAUSDT,2026-05-22 15:26:00+00:00,2026-05-22 17:06:00+00:00,20000.0,40088.60249697947,88.60249697946347,0.0,0.0,,88.60249697946347,mean
B0,UNIUSDT,2026-05-22 17:36:00+00:00,2026-05-22 17:56:00+00:00,20000.0,39797.20471362017,202.7952863798309,0.0,0.0,,202.7952863798309,mean
B0,NEARUSDT,2026-05-22 15:46:00+00:00,2026-05-22 18:26:00+00:00,20000.0,39990.87591240875,-9.12408759124446,0.0,0.0,,-9.12408759124446,mean
B0,FILUSDT,2026-05-22 18:06:00+00:00,2026-05-22 19:36:00+00:00,20000.0,39284.294234592446,-715.7057654075543,0.0,0.0,,-715.7057654075543,stop
B0,ADAUSDT,2026-05-22 18:51:00+00:00,2026-05-22 21:16:00+00:00,20000.0,40073.52941176471,73.52941176470631,0.0,0.0,,73.52941176470631,mean
B0,LINKUSDT,2026-05-22 18:46:00+00:00,2026-05-22 21:36:00+00:00,20000.0,40084.03361344538,84.0336134453828,0.0,0.0,,84.0336134453828,mean
B0,FILUSDT,2026-05-22 19:36:00+00:00,2026-05-22 21:36:00+00:00,20000.0,40329.89690721649,329.8969072164946,0.0,0.0,,329.8969072164946,mean
B0,BTCUSDT,2026-05-22 22:46:00+00:00,2026-05-23 02:21:00+00:00,20000.0,39954.35848684898,-45.64151315102208,0.0,0.0,,-45.64151315102208,mean
B0,BCHUSDT,2026-05-22 23:46:00+00:00,2026-05-23 02:56:00+00:00,20000.0,40111.58297943209,111.58297943209254,0.0,0.0,,111.58297943209254,mean
B0,UNIUSDT,2026-05-22 23:31:00+00:00,2026-05-23 03:06:00+00:00,20000.0,39777.387229056825,-222.61277094317848,0.0,0.0,,-222.61277094317848,mean
B0,HBARUSDT,2026-05-23 05:31:00+00:00,2026-05-23 09:31:00+00:00,20000.0,39581.85764880612,-418.1423511938774,0.0,0.0,,-418.1423511938774,timeout
B0,BNBUSDT,2026-05-23 07:46:00+00:00,2026-05-23 11:11:00+00:00,20000.0,39870.75177832536,-129.24822167464663,0.0,0.0,,-129.24822167464663,mean
B0,SOLUSDT,2026-05-23 07:51:00+00:00,2026-05-23 11:21:00+00:00,20000.0,40206.21087516878,206.21087516877375,0.0,0.0,,206.21087516877375,mean
B0,BCHUSDT,2026-05-23 09:31:00+00:00,2026-05-23 13:06:00+00:00,20000.0,39998.26222955948,-1.7377704405225811,0.0,0.0,,-1.7377704405225811,mean
B0,TRXUSDT,2026-05-23 11:11:00+00:00,2026-05-23 13:06:00+00:00,20000.0,40012.82015551406,12.820155514062208,0.0,0.0,,12.820155514062208,mean
B0,HBARUSDT,2026-05-23 13:16:00+00:00,2026-05-23 17:16:00+00:00,20000.0,40204.786010124255,-204.78601012425133,0.0,0.0,,-204.78601012425133,timeout
B0,XLMUSDT,2026-05-23 13:21:00+00:00,2026-05-23 17:21:00+00:00,20000.0,40196.693869010254,-196.69386901025064,0.0,0.0,,-196.69386901025064,timeout
B0,UNIUSDT,2026-05-23 14:01:00+00:00,2026-05-23 17:51:00+00:00,20000.0,40076.83215130023,-76.83215130023382,0.0,0.0,,-76.83215130023382,mean
B0,FILUSDT,2026-05-23 18:16:00+00:00,2026-05-23 20:26:00+00:00,20000.0,39959.058341862845,40.94165813715517,0.0,0.0,,40.94165813715517,mean
B0,DOTUSDT,2026-05-23 18:21:00+00:00,2026-05-23 20:46:00+00:00,20000.0,40786.782061369,-786.7820613690019,0.0,0.0,,-786.7820613690019,stop
B0,NEARUSDT,2026-05-23 17:16:00+00:00,2026-05-23 21:16:00+00:00,20000.0,40066.08839322594,-66.08839322593849,0.0,0.0,,-66.08839322593849,timeout
B0,BTCUSDT,2026-05-23 20:36:00+00:00,2026-05-23 22:41:00+00:00,20000.0,40041.940206372026,-41.940206372026296,0.0,0.0,,-41.940206372026296,mean
B0,DOTUSDT,2026-05-23 20:46:00+00:00,2026-05-23 22:41:00+00:00,20000.0,39621.49886449659,378.50113550340393,0.0,0.0,,378.50113550340393,mean
B0,HBARUSDT,2026-05-23 21:21:00+00:00,2026-05-23 23:11:00+00:00,20000.0,39836.71668137687,163.28331862312552,0.0,0.0,,163.28331862312552,mean
B0,TRXUSDT,2026-05-24 12:41:00+00:00,2026-05-24 13:51:00+00:00,20000.0,39979.20372143932,20.79627856067964,0.0,0.0,,20.79627856067964,mean
B0,NEARUSDT,2026-05-24 14:56:00+00:00,2026-05-24 15:26:00+00:00,20000.0,39462.06342834203,537.9365716579705,0.0,0.0,,537.9365716579705,mean
B0,AAVEUSDT,2026-05-24 14:16:00+00:00,2026-05-24 16:11:00+00:00,20000.0,40128.63992515495,128.63992515495192,0.0,0.0,,128.63992515495192,mean
B0,TRXUSDT,2026-05-24 18:46:00+00:00,2026-05-24 20:06:00+00:00,20000.0,39949.4221617947,50.57783820530312,0.0,0.0,,50.57783820530312,mean
B0,ADAUSDT,2026-05-24 21:36:00+00:00,2026-05-24 22:11:00+00:00,20000.0,40192.38812212464,192.3881221246338,0.0,0.0,,192.3881221246338,mean
B0,AAVEUSDT,2026-05-24 21:41:00+00:00,2026-05-24 22:11:00+00:00,20000.0,40237.445090822745,237.44509082274817,0.0,0.0,,237.44509082274817,mean
B0,TRXUSDT,2026-05-24 21:01:00+00:00,2026-05-24 22:36:00+00:00,20000.0,40017.541936191206,17.541936191206332,0.0,0.0,,17.541936191206332,mean
B0,TRXUSDT,2026-05-25 06:01:00+00:00,2026-05-25 08:11:00+00:00,20000.0,39988.5468081045,11.45319189550355,0.0,0.0,,11.45319189550355,mean
B0,XLMUSDT,2026-05-25 06:56:00+00:00,2026-05-25 10:01:00+00:00,20000.0,40211.436170212764,-211.4361702127644,0.0,0.0,,-211.4361702127644,mean
B0,BNBUSDT,2026-05-25 12:21:00+00:00,2026-05-25 15:21:00+00:00,20000.0,40027.80061280921,-27.80061280920927,0.0,0.0,,-27.80061280920927,mean
B0,TRXUSDT,2026-05-25 12:46:00+00:00,2026-05-25 15:56:00+00:00,20000.0,40057.41212154038,-57.4121215403793,0.0,0.0,,-57.4121215403793,mean
B0,NEARUSDT,2026-05-25 13:56:00+00:00,2026-05-25 16:01:00+00:00,20000.0,40586.66666666667,-586.6666666666679,0.0,0.0,,-586.6666666666679,stop
B0,NEARUSDT,2026-05-25 16:01:00+00:00,2026-05-25 16:51:00+00:00,20000.0,40740.19245003701,-740.1924500370114,0.0,0.0,,-740.1924500370114,stop
B0,TRXUSDT,2026-05-25 16:31:00+00:00,2026-05-25 18:11:00+00:00,20000.0,39988.19235723486,11.807642765135824,0.0,0.0,,11.807642765135824,mean
B0,NEARUSDT,2026-05-25 16:51:00+00:00,2026-05-25 18:26:00+00:00,20000.0,39507.49464668094,492.5053533190585,0.0,0.0,,492.5053533190585,mean
B0,BNBUSDT,2026-05-25 17:31:00+00:00,2026-05-25 20:11:00+00:00,20000.0,39999.09528189508,-0.904718104917265,0.0,0.0,,-0.904718104917265,mean
B0,ADAUSDT,2026-05-25 22:36:00+00:00,2026-05-25 23:36:00+00:00,20000.0,40082.47422680412,82.47422680412274,0.0,0.0,,82.47422680412274,mean
B0,HBARUSDT,2026-05-26 00:46:00+00:00,2026-05-26 03:36:00+00:00,20000.0,39935.91944158371,-64.08055841629175,0.0,0.0,,-64.08055841629175,mean
B0,XRPUSDT,2026-05-26 00:56:00+00:00,2026-05-26 03:36:00+00:00,20000.0,39967.181323189376,-32.81867681062067,0.0,0.0,,-32.81867681062067,mean
B0,BTCUSDT,2026-05-26 01:01:00+00:00,2026-05-26 04:16:00+00:00,20000.0,39984.61239536755,-15.387604632451255,0.0,0.0,,-15.387604632451255,mean
B0,TRXUSDT,2026-05-26 04:41:00+00:00,2026-05-26 06:11:00+00:00,20000.0,39956.30744638338,43.69255361662727,0.0,0.0,,43.69255361662727,mean
B0,FILUSDT,2026-05-26 05:36:00+00:00,2026-05-26 06:31:00+00:00,20000.0,39779.55911823647,220.4408817635267,0.0,0.0,,220.4408817635267,mean
B0,NEARUSDT,2026-05-26 11:01:00+00:00,2026-05-26 12:06:00+00:00,20000.0,39599.170697995854,400.8293020041492,0.0,0.0,,400.8293020041492,mean
B0,ETHUSDT,2026-05-26 10:41:00+00:00,2026-05-26 12:11:00+00:00,20000.0,39798.8847757837,201.1152242163007,0.0,0.0,,201.1152242163007,mean
B0,AAVEUSDT,2026-05-26 10:21:00+00:00,2026-05-26 12:16:00+00:00,20000.0,39956.56646473883,43.43353526117062,0.0,0.0,,43.43353526117062,mean
B0,TRXUSDT,2026-05-26 12:06:00+00:00,2026-05-26 13:56:00+00:00,20000.0,39963.31250830786,36.68749169214061,0.0,0.0,,36.68749169214061,mean
B0,FILUSDT,2026-05-26 13:51:00+00:00,2026-05-26 14:41:00+00:00,20000.0,39941.74757281553,58.2524271844668,0.0,0.0,,58.2524271844668,mean
B0,FILUSDT,2026-05-26 15:16:00+00:00,2026-05-26 15:36:00+00:00,20000.0,39806.57640232108,193.42359767891685,0.0,0.0,,193.42359767891685,mean
B0,ETHUSDT,2026-05-26 15:31:00+00:00,2026-05-26 19:31:00+00:00,20000.0,39772.12410501193,-227.87589498806847,0.0,0.0,,-227.87589498806847,timeout
B0,BTCUSDT,2026-05-26 15:36:00+00:00,2026-05-26 19:36:00+00:00,20000.0,39857.64956873421,-142.35043126578967,0.0,0.0,,-142.35043126578967,timeout
B0,LTCUSDT,2026-05-26 17:51:00+00:00,2026-05-26 19:56:00+00:00,20000.0,40034.74232773596,34.74232773595941,0.0,0.0,,34.74232773595941,mean
B0,NEARUSDT,2026-05-26 23:56:00+00:00,2026-05-27 00:36:00+00:00,20000.0,40401.5748031496,401.57480314960776,0.0,0.0,,401.57480314960776,mean
B0,FILUSDT,2026-05-27 01:01:00+00:00,2026-05-27 02:01:00+00:00,20000.0,39844.2064264849,155.79357351509316,0.0,0.0,,155.79357351509316,mean
B0,NEARUSDT,2026-05-27 02:31:00+00:00,2026-05-27 03:21:00+00:00,20000.0,40348.4602917342,348.4602917341981,0.0,0.0,,348.4602917341981,mean
B0,FILUSDT,2026-05-27 04:21:00+00:00,2026-05-27 05:01:00+00:00,20000.0,40302.72452068618,302.7245206861772,0.0,0.0,,302.7245206861772,mean
B0,AAVEUSDT,2026-05-27 04:46:00+00:00,2026-05-27 06:01:00+00:00,20000.0,40235.91087811272,235.91087811271063,0.0,0.0,,235.91087811271063,mean
B0,FILUSDT,2026-05-27 06:01:00+00:00,2026-05-27 07:51:00+00:00,20000.0,39980.563654033045,19.43634596695847,0.0,0.0,,19.43634596695847,mean
B0,FILUSDT,2026-05-27 08:11:00+00:00,2026-05-27 08:51:00+00:00,20000.0,39789.87583572111,210.1241642788882,0.0,0.0,,210.1241642788882,mean
B0,FILUSDT,2026-05-27 09:41:00+00:00,2026-05-27 10:01:00+00:00,20000.0,39696.969696969696,303.0303030303003,0.0,0.0,,303.0303030303003,mean
B0,XLMUSDT,2026-05-27 12:26:00+00:00,2026-05-27 13:46:00+00:00,20000.0,39925.18869814975,74.81130185024449,0.0,0.0,,74.81130185024449,mean
B0,XLMUSDT,2026-05-27 14:01:00+00:00,2026-05-27 14:31:00+00:00,20000.0,40616.032644464925,-616.0326444649218,0.0,0.0,,-616.0326444649218,stop
B0,XLMUSDT,2026-05-27 14:31:00+00:00,2026-05-27 15:21:00+00:00,20000.0,40694.67500957732,-694.6750095773205,0.0,0.0,,-694.6750095773205,stop
B0,BTCUSDT,2026-05-27 13:31:00+00:00,2026-05-27 15:26:00+00:00,20000.0,40027.43546219582,27.435462195819127,0.0,0.0,,27.435462195819127,mean
B0,XLMUSDT,2026-05-27 15:21:00+00:00,2026-05-27 18:06:00+00:00,20000.0,39701.34518079723,298.6548192027658,0.0,0.0,,298.6548192027658,mean
B0,FILUSDT,2026-05-27 17:51:00+00:00,2026-05-27 18:51:00+00:00,20000.0,40211.94605009633,211.946050096336,0.0,0.0,,211.946050096336,mean
B0,SUIUSDT,2026-05-27 18:21:00+00:00,2026-05-27 19:06:00+00:00,20000.0,40236.99124162803,236.99124162802764,0.0,0.0,,236.99124162802764,mean
B0,XLMUSDT,2026-05-27 18:46:00+00:00,2026-05-27 19:11:00+00:00,20000.0,40637.0987503063,-637.0987503063006,0.0,0.0,,-637.0987503063006,stop
B0,NEARUSDT,2026-05-27 19:31:00+00:00,2026-05-27 20:21:00+00:00,20000.0,39641.52352501867,358.4764749813294,0.0,0.0,,358.4764749813294,mean
B0,XLMUSDT,2026-05-27 19:11:00+00:00,2026-05-27 21:46:00+00:00,20000.0,39470.43457611019,529.5654238898132,0.0,0.0,,529.5654238898132,mean
B0,ETHUSDT,2026-05-27 21:46:00+00:00,2026-05-28 01:01:00+00:00,20000.0,39954.72730583181,-45.27269416819036,0.0,0.0,,-45.27269416819036,mean
B0,BCHUSDT,2026-05-27 23:26:00+00:00,2026-05-28 02:11:00+00:00,20000.0,40130.34598750601,130.34598750600708,0.0,0.0,,130.34598750600708,mean
B0,XLMUSDT,2026-05-28 01:01:00+00:00,2026-05-28 02:11:00+00:00,20000.0,40660.01623941538,-660.0162394153813,0.0,0.0,,-660.0162394153813,stop
B0,XRPUSDT,2026-05-27 22:36:00+00:00,2026-05-28 02:36:00+00:00,20000.0,39791.50814183534,-208.49185816466343,0.0,0.0,,-208.49185816466343,timeout
B0,XLMUSDT,2026-05-28 02:11:00+00:00,2026-05-28 03:21:00+00:00,20000.0,39412.722474875074,587.2775251249222,0.0,0.0,,587.2775251249222,mean
B0,FILUSDT,2026-05-28 03:11:00+00:00,2026-05-28 04:01:00+00:00,20000.0,39351.6699410609,-648.3300589390965,0.0,0.0,,-648.3300589390965,stop
B0,XRPUSDT,2026-05-28 03:36:00+00:00,2026-05-28 06:51:00+00:00,20000.0,40052.934765685815,52.934765685819,0.0,0.0,,52.934765685819,mean
B0,HBARUSDT,2026-05-28 04:01:00+00:00,2026-05-28 06:51:00+00:00,20000.0,40157.65219500364,157.6521950036367,0.0,0.0,,157.6521950036367,mean
B0,ETHUSDT,2026-05-28 03:21:00+00:00,2026-05-28 07:01:00+00:00,20000.0,39939.30502240891,-60.69497759109436,0.0,0.0,,-60.69497759109436,mean
B0,TRXUSDT,2026-05-28 06:51:00+00:00,2026-05-28 10:51:00+00:00,20000.0,39428.20697687316,-571.7930231268365,0.0,0.0,,-571.7930231268365,timeout
B0,XLMUSDT,2026-05-28 12:41:00+00:00,2026-05-28 13:11:00+00:00,20000.0,40726.02298356783,-726.0229835678256,0.0,0.0,,-726.0229835678256,stop
B0,XLMUSDT,2026-05-28 13:11:00+00:00,2026-05-28 13:41:00+00:00,20000.0,40848.79262099699,-848.7926209969919,0.0,0.0,,-848.7926209969919,stop
B0,BCHUSDT,2026-05-28 11:21:00+00:00,2026-05-28 14:41:00+00:00,20000.0,39364.683490302894,-635.3165096971097,0.0,0.0,,-635.3165096971097,stop
B0,TRXUSDT,2026-05-28 10:51:00+00:00,2026-05-28 14:51:00+00:00,20000.0,39940.05309582941,-59.94690417059246,0.0,0.0,,-59.94690417059246,timeout
B0,BCHUSDT,2026-05-28 15:01:00+00:00,2026-05-28 16:26:00+00:00,20000.0,40095.04870403452,95.04870403451424,0.0,0.0,,95.04870403451424,mean
B0,XLMUSDT,2026-05-28 13:41:00+00:00,2026-05-28 16:51:00+00:00,20000.0,40595.516230054185,-595.5162300541851,0.0,0.0,,-595.5162300541851,stop
B0,HBARUSDT,2026-05-28 14:41:00+00:00,2026-05-28 18:06:00+00:00,20000.0,40530.73563990595,-530.7356399059463,0.0,0.0,,-530.7356399059463,stop
B0,XLMUSDT,2026-05-28 16:51:00+00:00,2026-05-28 18:11:00+00:00,20000.0,40727.93975670979,-727.9397567097876,0.0,0.0,,-727.9397567097876,stop
B0,HBARUSDT,2026-05-28 18:06:00+00:00,2026-05-28 18:51:00+00:00,20000.0,39644.41535776614,355.5846422338582,0.0,0.0,,355.5846422338582,mean
B0,XLMUSDT,2026-05-28 18:26:00+00:00,2026-05-28 18:56:00+00:00,20000.0,38917.32101616628,1082.6789838337208,0.0,0.0,,1082.6789838337208,mean
B0,XRPUSDT,2026-05-28 18:51:00+00:00,2026-05-28 19:36:00+00:00,20000.0,39796.3157106485,203.68428935150223,0.0,0.0,,203.68428935150223,mean
B0,LTCUSDT,2026-05-28 16:26:00+00:00,2026-05-28 19:46:00+00:00,20000.0,40030.91787439614,-30.91787439613472,0.0,0.0,,-30.91787439613472,mean
B0,HBARUSDT,2026-05-28 21:51:00+00:00,2026-05-28 22:36:00+00:00,20000.0,39809.27326537323,190.72673462676903,0.0,0.0,,190.72673462676903,mean
B0,BCHUSDT,2026-05-28 22:46:00+00:00,2026-05-28 23:31:00+00:00,20000.0,40174.793318710974,174.79331871098475,0.0,0.0,,174.79331871098475,mean
B0,HBARUSDT,2026-05-28 22:56:00+00:00,2026-05-29 00:01:00+00:00,20000.0,39877.82262463183,122.17737536817005,0.0,0.0,,122.17737536817005,mean
B0,HBARUSDT,2026-05-29 00:16:00+00:00,2026-05-29 00:41:00+00:00,20000.0,39725.16771261631,274.83228738368416,0.0,0.0,,274.83228738368416,mean
B0,FILUSDT,2026-05-29 01:11:00+00:00,2026-05-29 01:31:00+00:00,20000.0,39736.30831643002,263.6916835699776,0.0,0.0,,263.6916835699776,mean
B0,XLMUSDT,2026-05-29 00:56:00+00:00,2026-05-29 02:26:00+00:00,20000.0,40269.73584140344,269.7358414034388,0.0,0.0,,269.7358414034388,mean
B0,XLMUSDT,2026-05-29 03:36:00+00:00,2026-05-29 04:11:00+00:00,20000.0,39596.31078275146,403.6892172485386,0.0,0.0,,403.6892172485386,mean
B0,HBARUSDT,2026-05-29 03:51:00+00:00,2026-05-29 04:36:00+00:00,20000.0,39678.57530676512,321.42469323487967,0.0,0.0,,321.42469323487967,mean
B0,HBARUSDT,2026-05-29 04:51:00+00:00,2026-05-29 06:11:00+00:00,20000.0,40652.528548123984,-652.5285481239807,0.0,0.0,,-652.5285481239807,stop
B0,XLMUSDT,2026-05-29 05:51:00+00:00,2026-05-29 06:56:00+00:00,20000.0,39747.58581126302,252.4141887369733,0.0,0.0,,252.4141887369733,mean
B0,HBARUSDT,2026-05-29 06:11:00+00:00,2026-05-29 07:06:00+00:00,20000.0,39452.34333859926,547.6566614007388,0.0,0.0,,547.6566614007388,mean
B0,XLMUSDT,2026-05-29 07:21:00+00:00,2026-05-29 07:41:00+00:00,20000.0,39285.61449261864,714.3855073813647,0.0,0.0,,714.3855073813647,mean
B0,TRXUSDT,2026-05-29 07:51:00+00:00,2026-05-29 11:51:00+00:00,20000.0,39688.71371443368,-311.2862855663297,0.0,0.0,,-311.2862855663297,timeout
B0,XRPUSDT,2026-05-29 13:36:00+00:00,2026-05-29 14:06:00+00:00,20000.0,40067.69230769231,67.69230769230853,0.0,0.0,,67.69230769230853,mean
B0,HBARUSDT,2026-05-29 11:51:00+00:00,2026-05-29 14:56:00+00:00,20000.0,39884.35449794284,-115.64550205715568,0.0,0.0,,-115.64550205715568,mean
B0,BTCUSDT,2026-05-29 14:21:00+00:00,2026-05-29 15:01:00+00:00,20000.0,40055.730208631045,55.730208631037385,0.0,0.0,,55.730208631037385,mean
B0,TRXUSDT,2026-05-29 13:51:00+00:00,2026-05-29 16:16:00+00:00,20000.0,39981.53757392182,18.4624260781784,0.0,0.0,,18.4624260781784,mean
B0,DOGEUSDT,2026-05-29 15:21:00+00:00,2026-05-29 17:56:00+00:00,20000.0,40096.27920970816,-96.27920970815468,0.0,0.0,,-96.27920970815468,mean
B0,HBARUSDT,2026-05-29 16:16:00+00:00,2026-05-29 18:06:00+00:00,20000.0,39915.44715447155,84.55284552845478,0.0,0.0,,84.55284552845478,mean
B0,BTCUSDT,2026-05-29 15:11:00+00:00,2026-05-29 18:21:00+00:00,20000.0,40047.462275229605,-47.46227522960544,0.0,0.0,,-47.46227522960544,mean
B0,XLMUSDT,2026-05-29 18:36:00+00:00,2026-05-29 19:36:00+00:00,20000.0,40935.84353865838,-935.8435386583806,0.0,0.0,,-935.8435386583806,stop
B0,ADAUSDT,2026-05-29 18:51:00+00:00,2026-05-29 19:41:00+00:00,20000.0,40120.7416990082,120.7416990081947,0.0,0.0,,120.7416990081947,mean
B0,XLMUSDT,2026-05-29 19:36:00+00:00,2026-05-29 19:56:00+00:00,20000.0,40940.282870612886,-940.2828706128856,0.0,0.0,,-940.2828706128856,stop
B0,SUIUSDT,2026-05-29 19:16:00+00:00,2026-05-29 20:26:00+00:00,20000.0,40162.3665480427,162.36654804270438,0.0,0.0,,162.36654804270438,mean
B0,XLMUSDT,2026-05-29 19:56:00+00:00,2026-05-29 22:51:00+00:00,20000.0,40705.440900562855,-705.440900562855,0.0,0.0,,-705.440900562855,stop
B0,XLMUSDT,2026-05-29 22:51:00+00:00,2026-05-29 23:06:00+00:00,20000.0,40775.64334903952,-775.6433490395102,0.0,0.0,,-775.6433490395102,stop
B0,HBARUSDT,2026-05-29 23:31:00+00:00,2026-05-30 00:11:00+00:00,20000.0,40795.24492723918,-795.2449272391859,0.0,0.0,,-795.2449272391859,stop
B0,XLMUSDT,2026-05-29 23:06:00+00:00,2026-05-30 00:21:00+00:00,20000.0,40515.62378847794,-515.6237884779403,0.0,0.0,,-515.6237884779403,stop
B0,HBARUSDT,2026-05-30 00:11:00+00:00,2026-05-30 00:31:00+00:00,20000.0,40626.84801892372,-626.8480189237162,0.0,0.0,,-626.8480189237162,stop
B0,HBARUSDT,2026-05-30 00:31:00+00:00,2026-05-30 01:01:00+00:00,20000.0,40705.275229357794,-705.2752293577978,0.0,0.0,,-705.2752293577978,stop
B0,NEARUSDT,2026-05-29 21:56:00+00:00,2026-05-30 01:46:00+00:00,20000.0,40084.31703204048,84.31703204047517,0.0,0.0,,84.31703204047517,mean
B0,HBARUSDT,2026-05-30 01:01:00+00:00,2026-05-30 02:51:00+00:00,20000.0,38964.2758238715,1035.7241761284968,0.0,0.0,,1035.7241761284968,mean
B0,XLMUSDT,2026-05-30 02:21:00+00:00,2026-05-30 03:36:00+00:00,20000.0,40919.25288382558,-919.2528838255784,0.0,0.0,,-919.2528838255784,stop
B0,XLMUSDT,2026-05-30 03:36:00+00:00,2026-05-30 04:26:00+00:00,20000.0,39117.7273968861,882.2726031139027,0.0,0.0,,882.2726031139027,mean
B0,BCHUSDT,2026-05-30 04:31:00+00:00,2026-05-30 05:36:00+00:00,20000.0,40216.36149840416,216.36149840416687,0.0,0.0,,216.36149840416687,mean
B0,BNBUSDT,2026-05-30 02:06:00+00:00,2026-05-30 06:06:00+00:00,20000.0,40308.3056882856,-308.3056882855999,0.0,0.0,,-308.3056882855999,timeout
B0,HBARUSDT,2026-05-30 04:11:00+00:00,2026-05-30 06:26:00+00:00,20000.0,39347.389558232935,-652.6104417670649,0.0,0.0,,-652.6104417670649,stop
B0,BNBUSDT,2026-05-30 06:06:00+00:00,2026-05-30 10:06:00+00:00,20000.0,40232.88923524211,-232.88923524210625,0.0,0.0,,-232.88923524210625,timeout
B0,XLMUSDT,2026-05-30 09:46:00+00:00,2026-05-30 10:31:00+00:00,20000.0,40353.69113715814,353.69113715813364,0.0,0.0,,353.69113715813364,mean
B0,HBARUSDT,2026-05-30 13:06:00+00:00,2026-05-30 13:36:00+00:00,20000.0,39691.42518049649,308.5748195035121,0.0,0.0,,308.5748195035121,mean
B0,BNBUSDT,2026-05-30 14:21:00+00:00,2026-05-30 16:16:00+00:00,20000.0,40674.0120464228,-674.0120464227984,0.0,0.0,,-674.0120464227984,stop
B0,BNBUSDT,2026-05-30 16:16:00+00:00,2026-05-30 20:16:00+00:00,20000.0,40467.85287931329,-467.8528793132864,0.0,0.0,,-467.8528793132864,timeout
B0,BNBUSDT,2026-05-30 20:16:00+00:00,2026-05-30 22:06:00+00:00,20000.0,39821.13595333981,178.86404666018643,0.0,0.0,,178.86404666018643,mean
B0,XLMUSDT,2026-05-30 22:41:00+00:00,2026-05-31 01:31:00+00:00,20000.0,40114.54553403576,114.5455340357621,0.0,0.0,,114.5455340357621,mean
B0,BNBUSDT,2026-05-31 00:21:00+00:00,2026-05-31 04:21:00+00:00,20000.0,40455.13439007581,-455.13439007580746,0.0,0.0,,-455.13439007580746,timeout
B0,BNBUSDT,2026-05-31 07:21:00+00:00,2026-05-31 09:21:00+00:00,20000.0,39932.87482806052,-67.1251719394786,0.0,0.0,,-67.1251719394786,mean
B0,XLMUSDT,2026-05-31 09:41:00+00:00,2026-05-31 10:26:00+00:00,20000.0,39539.203860072375,460.7961399276246,0.0,0.0,,460.7961399276246,mean
B0,XLMUSDT,2026-05-31 11:26:00+00:00,2026-05-31 14:01:00+00:00,20000.0,40055.87025684799,-55.87025684798573,0.0,0.0,,-55.87025684798573,mean
B0,BNBUSDT,2026-05-31 16:31:00+00:00,2026-05-31 17:41:00+00:00,20000.0,40140.26901291656,140.26901291655668,0.0,0.0,,140.26901291655668,mean
B0,SUIUSDT,2026-05-31 14:16:00+00:00,2026-05-31 18:01:00+00:00,20000.0,39612.36836208828,-387.6316379117161,0.0,0.0,,-387.6316379117161,mean
B0,LTCUSDT,2026-05-31 17:06:00+00:00,2026-05-31 19:46:00+00:00,20000.0,40034.958244319285,34.95824431928486,0.0,0.0,,34.95824431928486,mean
B0,SUIUSDT,2026-05-31 21:51:00+00:00,2026-05-31 23:36:00+00:00,20000.0,39984.32601880877,15.673981191222992,0.0,0.0,,15.673981191222992,mean
B0,AVAXUSDT,2026-05-31 23:06:00+00:00,2026-05-31 23:36:00+00:00,20000.0,39864.338930279104,135.6610697208962,0.0,0.0,,135.6610697208962,mean
B0,AVAXUSDT,2026-06-01 00:31:00+00:00,2026-06-01 01:11:00+00:00,20000.0,39900.45348965823,99.54651034177368,0.0,0.0,,99.54651034177368,mean
B0,BNBUSDT,2026-06-01 01:46:00+00:00,2026-06-01 02:31:00+00:00,20000.0,40205.92832661724,205.9283266172388,0.0,0.0,,205.9283266172388,mean
B0,NEARUSDT,2026-06-01 03:11:00+00:00,2026-06-01 04:16:00+00:00,20000.0,39633.63863447128,366.3613655287263,0.0,0.0,,366.3613655287263,mean
B0,BNBUSDT,2026-06-01 07:36:00+00:00,2026-06-01 09:06:00+00:00,20000.0,40075.836820083685,75.83682008368123,0.0,0.0,,75.83682008368123,mean
B0,LTCUSDT,2026-06-01 06:11:00+00:00,2026-06-01 09:21:00+00:00,20000.0,39929.9201868795,-70.07981312050106,0.0,0.0,,-70.07981312050106,mean
B0,BNBUSDT,2026-06-01 09:36:00+00:00,2026-06-01 09:51:00+00:00,20000.0,40572.44520352974,-572.4452035297472,0.0,0.0,,-572.4452035297472,stop
B0,BCHUSDT,2026-06-01 06:16:00+00:00,2026-06-01 10:16:00+00:00,20000.0,39593.42118704668,-406.5788129533176,0.0,0.0,,-406.5788129533176,timeout
B0,BNBUSDT,2026-06-01 09:51:00+00:00,2026-06-01 10:31:00+00:00,20000.0,39414.97972907529,585.0202709247133,0.0,0.0,,585.0202709247133,mean
B0,BCHUSDT,2026-06-01 10:36:00+00:00,2026-06-01 13:36:00+00:00,20000.0,40019.70998169787,19.709981697873445,0.0,0.0,,19.709981697873445,mean
B0,BTCUSDT,2026-06-01 12:06:00+00:00,2026-06-01 16:06:00+00:00,20000.0,39668.084918030974,-331.9150819690294,0.0,0.0,,-331.9150819690294,timeout
B0,SOLUSDT,2026-06-01 14:06:00+00:00,2026-06-01 16:36:00+00:00,20000.0,39984.96429018919,-15.035709810803382,0.0,0.0,,-15.035709810803382,mean
B0,BNBUSDT,2026-06-01 14:31:00+00:00,2026-06-01 16:36:00+00:00,20000.0,40173.846312775786,173.84631277578592,0.0,0.0,,173.84631277578592,mean
B0,BTCUSDT,2026-06-01 16:06:00+00:00,2026-06-01 16:56:00+00:00,20000.0,40093.76081287503,93.7608128750253,0.0,0.0,,93.7608128750253,mean
B0,NEARUSDT,2026-06-01 17:26:00+00:00,2026-06-01 18:31:00+00:00,20000.0,40702.746365105006,-702.7463651050093,0.0,0.0,,-702.7463651050093,stop
B0,ADAUSDT,2026-06-01 17:06:00+00:00,2026-06-01 19:01:00+00:00,20000.0,39948.006932409015,51.993067590989085,0.0,0.0,,51.993067590989085,mean
B0,AVAXUSDT,2026-06-01 17:01:00+00:00,2026-06-01 19:06:00+00:00,20000.0,40042.86520022561,-42.86520022560944,0.0,0.0,,-42.86520022560944,mean
B0,NEARUSDT,2026-06-01 18:31:00+00:00,2026-06-01 19:41:00+00:00,20000.0,40600.85836909872,-600.8583690987107,0.0,0.0,,-600.8583690987107,stop
B0,BNBUSDT,2026-06-01 20:26:00+00:00,2026-06-01 21:06:00+00:00,20000.0,39805.182765948346,194.81723405165397,0.0,0.0,,194.81723405165397,mean
B0,FILUSDT,2026-06-01 19:56:00+00:00,2026-06-01 21:11:00+00:00,20000.0,39710.74380165289,289.2561983471096,0.0,0.0,,289.2561983471096,mean
B0,NEARUSDT,2026-06-01 19:41:00+00:00,2026-06-01 22:01:00+00:00,20000.0,39886.36363636363,113.63636363636397,0.0,0.0,,113.63636363636397,mean
B0,BTCUSDT,2026-06-01 22:06:00+00:00,2026-06-01 22:31:00+00:00,20000.0,40102.77932905745,102.77932905744456,0.0,0.0,,102.77932905744456,mean
B0,AAVEUSDT,2026-06-02 01:41:00+00:00,2026-06-02 03:01:00+00:00,20000.0,40096.39776763064,96.3977676306422,0.0,0.0,,96.3977676306422,mean
B0,BTCUSDT,2026-06-02 02:01:00+00:00,2026-06-02 03:06:00+00:00,20000.0,40107.71972472256,107.71972472255584,0.0,0.0,,107.71972472255584,mean
B0,LTCUSDT,2026-06-02 02:46:00+00:00,2026-06-02 03:56:00+00:00,20000.0,40071.985602879424,71.98560287942382,0.0,0.0,,71.98560287942382,mean
B0,NEARUSDT,2026-06-02 03:36:00+00:00,2026-06-02 04:51:00+00:00,20000.0,39663.6197440585,336.38025594149804,0.0,0.0,,336.38025594149804,mean
B0,LTCUSDT,2026-06-02 05:01:00+00:00,2026-06-02 07:21:00+00:00,20000.0,39915.62876657292,-84.37123342707855,0.0,0.0,,-84.37123342707855,mean
B0,AAVEUSDT,2026-06-02 07:36:00+00:00,2026-06-02 10:16:00+00:00,20000.0,40028.32131822863,28.32131822862721,0.0,0.0,,28.32131822862721,mean
B0,BTCUSDT,2026-06-02 06:56:00+00:00,2026-06-02 10:56:00+00:00,20000.0,39895.70176992667,-104.2982300733238,0.0,0.0,,-104.2982300733238,timeout
B0,BTCUSDT,2026-06-02 12:41:00+00:00,2026-06-02 16:41:00+00:00,20000.0,39565.929186901805,-434.0708130981948,0.0,0.0,,-434.0708130981948,timeout
B0,AVAXUSDT,2026-06-02 15:01:00+00:00,2026-06-02 17:26:00+00:00,20000.0,40037.91020021324,37.91020021324584,0.0,0.0,,37.91020021324584,mean
B0,DOGEUSDT,2026-06-02 14:31:00+00:00,2026-06-02 18:31:00+00:00,20000.0,39747.60116812683,-252.39883187317537,0.0,0.0,,-252.39883187317537,timeout
B0,AAVEUSDT,2026-06-02 18:11:00+00:00,2026-06-02 18:31:00+00:00,20000.0,39780.049165480654,219.95083451934624,0.0,0.0,,219.95083451934624,mean
B0,BTCUSDT,2026-06-02 16:41:00+00:00,2026-06-02 20:11:00+00:00,20000.0,39927.858354017386,-72.14164598261414,0.0,0.0,,-72.14164598261414,mean
B0,DOGEUSDT,2026-06-02 18:31:00+00:00,2026-06-02 21:06:00+00:00,20000.0,39966.19837329671,-33.801626703287184,0.0,0.0,,-33.801626703287184,mean
B0,SOLUSDT,2026-06-02 19:36:00+00:00,2026-06-02 21:21:00+00:00,20000.0,40216.17293835068,216.17293835068267,0.0,0.0,,216.17293835068267,mean
B0,NEARUSDT,2026-06-02 20:51:00+00:00,2026-06-02 21:56:00+00:00,20000.0,39637.17141799333,362.8285820066631,0.0,0.0,,362.8285820066631,mean
B0,ETHUSDT,2026-06-02 22:16:00+00:00,2026-06-02 22:26:00+00:00,20000.0,40206.38763369374,206.38763369373555,0.0,0.0,,206.38763369373555,mean
B0,AAVEUSDT,2026-06-02 22:21:00+00:00,2026-06-03 00:21:00+00:00,20000.0,40073.03218826075,73.03218826074954,0.0,0.0,,73.03218826074954,mean
B0,LTCUSDT,2026-06-02 22:36:00+00:00,2026-06-03 00:36:00+00:00,20000.0,39890.80218395632,-109.19781604368109,0.0,0.0,,-109.19781604368109,mean
B0,NEARUSDT,2026-06-03 00:46:00+00:00,2026-06-03 01:21:00+00:00,20000.0,39628.41530054645,371.5846994535532,0.0,0.0,,371.5846994535532,mean
B0,ETHUSDT,2026-06-02 23:36:00+00:00,2026-06-03 03:36:00+00:00,20000.0,39862.11446121901,-137.88553878098537,0.0,0.0,,-137.88553878098537,timeout
B0,BCHUSDT,2026-06-03 01:21:00+00:00,2026-06-03 03:36:00+00:00,20000.0,39237.61783630106,-762.3821636989378,0.0,0.0,,-762.3821636989378,stop
B0,BTCUSDT,2026-06-03 03:31:00+00:00,2026-06-03 04:06:00+00:00,20000.0,40093.47390180254,93.47390180253932,0.0,0.0,,93.47390180253932,mean
B0,BCHUSDT,2026-06-03 03:41:00+00:00,2026-06-03 05:21:00+00:00,20000.0,40669.462882273896,669.462882273896,0.0,0.0,,669.462882273896,mean
B0,BTCUSDT,2026-06-03 05:56:00+00:00,2026-06-03 06:56:00+00:00,20000.0,39919.63502890346,80.36497109654374,0.0,0.0,,80.36497109654374,mean
B0,SUIUSDT,2026-06-03 05:06:00+00:00,2026-06-03 08:26:00+00:00,20000.0,39992.79452383812,7.205476161881961,0.0,0.0,,7.205476161881961,mean
B0,LINKUSDT,2026-06-03 06:06:00+00:00,2026-06-03 08:26:00+00:00,20000.0,40037.660350712016,-37.66035071201623,0.0,0.0,,-37.66035071201623,mean
B0,XRPUSDT,2026-06-03 07:16:00+00:00,2026-06-03 08:26:00+00:00,20000.0,39935.64475907007,64.35524092993364,0.0,0.0,,64.35524092993364,mean
B0,FILUSDT,2026-06-03 10:51:00+00:00,2026-06-03 11:06:00+00:00,20000.0,40714.28571428571,-714.2857142857101,0.0,0.0,,-714.2857142857101,stop
B0,FILUSDT,2026-06-03 11:06:00+00:00,2026-06-03 14:21:00+00:00,20000.0,39916.40543364681,83.59456635318566,0.0,0.0,,83.59456635318566,mean
B0,NEARUSDT,2026-06-03 13:56:00+00:00,2026-06-03 14:31:00+00:00,20000.0,39586.34274458306,413.6572554169397,0.0,0.0,,413.6572554169397,mean
B0,BCHUSDT,2026-06-03 14:31:00+00:00,2026-06-03 15:31:00+00:00,20000.0,40350.53073315231,350.5307331523072,0.0,0.0,,350.5307331523072,mean
B0,FILUSDT,2026-06-03 14:41:00+00:00,2026-06-03 16:06:00+00:00,20000.0,39836.90112130479,163.09887869520753,0.0,0.0,,163.09887869520753,mean
B0,SOLUSDT,2026-06-03 14:21:00+00:00,2026-06-03 17:31:00+00:00,20000.0,39824.41923284711,-175.5807671528928,0.0,0.0,,-175.5807671528928,mean
B0,ETHUSDT,2026-06-03 15:51:00+00:00,2026-06-03 17:36:00+00:00,20000.0,39945.66811913895,-54.331880861049285,0.0,0.0,,-54.331880861049285,mean
B0,NEARUSDT,2026-06-03 17:56:00+00:00,2026-06-03 18:51:00+00:00,20000.0,40525.557955363576,525.5579553635725,0.0,0.0,,525.5579553635725,mean
B0,ADAUSDT,2026-06-03 16:46:00+00:00,2026-06-03 20:46:00+00:00,20000.0,39340.65934065934,-659.3406593406617,0.0,0.0,,-659.3406593406617,timeout
B0,ETHUSDT,2026-06-03 20:56:00+00:00,2026-06-03 21:36:00+00:00,20000.0,40449.67614756407,449.6761475640669,0.0,0.0,,449.6761475640669,mean
B0,ADAUSDT,2026-06-03 20:46:00+00:00,2026-06-03 22:01:00+00:00,20000.0,40316.20553359684,316.2055335968398,0.0,0.0,,316.2055335968398,mean
B0,ETHUSDT,2026-06-03 22:01:00+00:00,2026-06-03 22:51:00+00:00,20000.0,39786.231766349374,213.76823365062955,0.0,0.0,,213.76823365062955,mean
B0,SUIUSDT,2026-06-03 21:51:00+00:00,2026-06-03 23:06:00+00:00,20000.0,39750.0,250.0,0.0,0.0,,250.0,mean
B0,BTCUSDT,2026-06-03 22:41:00+00:00,2026-06-04 00:41:00+00:00,20000.0,39422.58694082032,-577.4130591796893,0.0,0.0,,-577.4130591796893,stop
B0,UNIUSDT,2026-06-04 01:26:00+00:00,2026-06-04 02:06:00+00:00,20000.0,39501.48809523809,-498.5119047619046,0.0,0.0,,-498.5119047619046,stop
B0,LTCUSDT,2026-06-04 01:41:00+00:00,2026-06-04 02:06:00+00:00,20000.0,39485.39031836022,-514.609681639773,0.0,0.0,,-514.609681639773,stop
B0,BTCUSDT,2026-06-04 00:41:00+00:00,2026-06-04 02:41:00+00:00,20000.0,40028.95830794866,28.958307948661968,0.0,0.0,,28.958307948661968,mean
B0,LTCUSDT,2026-06-04 02:06:00+00:00,2026-06-04 03:06:00+00:00,20000.0,40711.727842435095,711.7278424350952,0.0,0.0,,711.7278424350952,mean
B0,AAVEUSDT,2026-06-04 02:11:00+00:00,2026-06-04 03:11:00+00:00,20000.0,40698.24009157247,698.240091572472,0.0,0.0,,698.240091572472,mean
B0,DOTUSDT,2026-06-04 02:41:00+00:00,2026-06-04 03:11:00+00:00,20000.0,40303.030303030304,303.0303030303039,0.0,0.0,,303.0303030303039,mean
B0,BCHUSDT,2026-06-04 03:06:00+00:00,2026-06-04 05:01:00+00:00,20000.0,39817.53757178348,182.4624282165132,0.0,0.0,,182.4624282165132,mean
B0,XRPUSDT,2026-06-04 03:21:00+00:00,2026-06-04 05:06:00+00:00,20000.0,39875.166444740345,124.83355525965452,0.0,0.0,,124.83355525965452,mean
B0,BTCUSDT,2026-06-04 03:36:00+00:00,2026-06-04 05:06:00+00:00,20000.0,39887.18476838809,112.81523161190852,0.0,0.0,,112.81523161190852,mean
B0,NEARUSDT,2026-06-04 05:01:00+00:00,2026-06-04 05:21:00+00:00,20000.0,39374.28462418924,-625.7153758107561,0.0,0.0,,-625.7153758107561,stop
B0,NEARUSDT,2026-06-04 05:21:00+00:00,2026-06-04 07:06:00+00:00,20000.0,39291.05947223316,-708.9405277668411,0.0,0.0,,-708.9405277668411,stop
B0,NEARUSDT,2026-06-04 07:06:00+00:00,2026-06-04 08:16:00+00:00,20000.0,39232.33973050225,-767.6602694977519,0.0,0.0,,-767.6602694977519,stop
B0,NEARUSDT,2026-06-04 08:21:00+00:00,2026-06-04 09:06:00+00:00,20000.0,39476.79324894515,-523.206751054855,0.0,0.0,,-523.206751054855,stop
B0,NEARUSDT,2026-06-04 09:06:00+00:00,2026-06-04 10:36:00+00:00,20000.0,40597.92027729636,597.9202772963581,0.0,0.0,,597.9202772963581,mean
B0,SOLUSDT,2026-06-04 08:16:00+00:00,2026-06-04 11:51:00+00:00,20000.0,40035.11852502194,35.11852502194597,0.0,0.0,,35.11852502194597,mean
B0,XRPUSDT,2026-06-04 09:16:00+00:00,2026-06-04 12:01:00+00:00,20000.0,40065.91500433652,65.91500433651527,0.0,0.0,,65.91500433651527,mean
B0,ADAUSDT,2026-06-04 10:36:00+00:00,2026-06-04 12:01:00+00:00,20000.0,40116.27906976744,116.27906976743908,0.0,0.0,,116.27906976743908,mean
B0,BTCUSDT,2026-06-04 12:51:00+00:00,2026-06-04 13:21:00+00:00,20000.0,39756.30814662804,243.69185337195813,0.0,0.0,,243.69185337195813,mean
B0,LTCUSDT,2026-06-04 12:36:00+00:00,2026-06-04 13:26:00+00:00,20000.0,39862.009486847775,137.99051315222096,0.0,0.0,,137.99051315222096,mean
B0,SOLUSDT,2026-06-04 12:41:00+00:00,2026-06-04 13:26:00+00:00,20000.0,39731.50528420451,268.4947157954848,0.0,0.0,,268.4947157954848,mean
B0,ADAUSDT,2026-06-04 13:26:00+00:00,2026-06-04 13:41:00+00:00,20000.0,40320.51282051282,320.5128205128203,0.0,0.0,,320.5128205128203,mean
B0,BTCUSDT,2026-06-04 13:41:00+00:00,2026-06-04 15:41:00+00:00,20000.0,39939.2949159102,60.705084089804586,0.0,0.0,,60.705084089804586,mean
B0,SUIUSDT,2026-06-04 15:11:00+00:00,2026-06-04 15:51:00+00:00,20000.0,39728.72075659532,271.2792434046787,0.0,0.0,,271.2792434046787,mean
B0,LTCUSDT,2026-06-04 22:01:00+00:00,2026-06-04 23:01:00+00:00,20000.0,40234.82498892336,234.82498892335207,0.0,0.0,,234.82498892335207,mean
B0,AAVEUSDT,2026-06-04 22:26:00+00:00,2026-06-04 23:01:00+00:00,20000.0,40202.1927951018,202.19279510180425,0.0,0.0,,202.19279510180425,mean
B0,ADAUSDT,2026-06-04 20:06:00+00:00,2026-06-04 23:06:00+00:00,20000.0,39772.72727272727,-227.27272727272796,0.0,0.0,,-227.27272727272796,mean
B0,NEARUSDT,2026-06-04 23:21:00+00:00,2026-06-05 00:26:00+00:00,20000.0,40328.76712328767,328.7671232876746,0.0,0.0,,328.7671232876746,mean
B0,ADAUSDT,2026-06-04 23:26:00+00:00,2026-06-05 01:01:00+00:00,20000.0,39356.9844789357,-643.0155210643024,0.0,0.0,,-643.0155210643024,stop
B0,ADAUSDT,2026-06-05 01:01:00+00:00,2026-06-05 02:26:00+00:00,20000.0,39335.62428407789,-664.3757159221095,0.0,0.0,,-664.3757159221095,stop
B0,ADAUSDT,2026-06-05 02:26:00+00:00,2026-06-05 03:01:00+00:00,20000.0,39431.27962085308,-568.7203791469183,0.0,0.0,,-568.7203791469183,stop
B0,ADAUSDT,2026-06-05 03:01:00+00:00,2026-06-05 03:56:00+00:00,20000.0,39341.46341463414,-658.536585365855,0.0,0.0,,-658.536585365855,stop
B0,TRXUSDT,2026-06-05 00:51:00+00:00,2026-06-05 04:06:00+00:00,20000.0,39933.02891933029,-66.97108066971123,0.0,0.0,,-66.97108066971123,mean
B0,ADAUSDT,2026-06-05 03:56:00+00:00,2026-06-05 04:31:00+00:00,20000.0,40870.11349306432,870.1134930643166,0.0,0.0,,870.1134930643166,mean
B0,ETHUSDT,2026-06-05 04:21:00+00:00,2026-06-05 04:31:00+00:00,20000.0,40110.50366406886,110.50366406886316,0.0,0.0,,110.50366406886316,mean
B0,ETHUSDT,2026-06-05 05:41:00+00:00,2026-06-05 06:26:00+00:00,20000.0,39116.17828293743,-883.8217170625721,0.0,0.0,,-883.8217170625721,stop
B0,AAVEUSDT,2026-06-05 06:21:00+00:00,2026-06-05 07:36:00+00:00,20000.0,41025.87800369685,1025.8780036968565,0.0,0.0,,1025.8780036968565,mean
B0,AAVEUSDT,2026-06-05 08:01:00+00:00,2026-06-05 08:06:00+00:00,20000.0,39715.61230412072,284.3876958792789,0.0,0.0,,284.3876958792789,mean
B0,NEARUSDT,2026-06-05 08:16:00+00:00,2026-06-05 09:01:00+00:00,20000.0,40523.198420533074,523.1984205330737,0.0,0.0,,523.1984205330737,mean
B0,ETHUSDT,2026-06-05 06:31:00+00:00,2026-06-05 09:11:00+00:00,20000.0,40321.012855094654,321.0128550946501,0.0,0.0,,321.0128550946501,mean
B0,BCHUSDT,2026-06-05 06:46:00+00:00,2026-06-05 09:21:00+00:00,20000.0,40259.86827366817,259.86827366817306,0.0,0.0,,259.86827366817306,mean
B0,AVAXUSDT,2026-06-05 11:11:00+00:00,2026-06-05 13:06:00+00:00,20000.0,40056.26670417781,56.26670417780042,0.0,0.0,,56.26670417780042,mean
B0,AAVEUSDT,2026-06-05 11:51:00+00:00,2026-06-05 13:41:00+00:00,20000.0,39356.77787796814,-643.2221220318606,0.0,0.0,,-643.2221220318606,stop
B0,AAVEUSDT,2026-06-05 13:41:00+00:00,2026-06-05 14:01:00+00:00,20000.0,39496.894409937886,-503.10559006211406,0.0,0.0,,-503.10559006211406,stop
B0,AAVEUSDT,2026-06-05 14:01:00+00:00,2026-06-05 15:41:00+00:00,20000.0,39321.439949028354,-678.560050971646,0.0,0.0,,-678.560050971646,stop
B0,ETHUSDT,2026-06-05 14:21:00+00:00,2026-06-05 16:11:00+00:00,20000.0,39249.81877435704,-750.1812256429621,0.0,0.0,,-750.1812256429621,stop
B0,AAVEUSDT,2026-06-05 15:41:00+00:00,2026-06-05 16:26:00+00:00,20000.0,40715.58120362737,715.581203627371,0.0,0.0,,715.581203627371,mean
B0,TRXUSDT,2026-06-05 15:51:00+00:00,2026-06-05 16:51:00+00:00,20000.0,40153.28307316921,153.28307316920836,0.0,0.0,,153.28307316920836,mean
B0,ETHUSDT,2026-06-05 16:11:00+00:00,2026-06-05 16:56:00+00:00,20000.0,40648.48371709785,648.4837170978499,0.0,0.0,,648.4837170978499,mean
B0,SUIUSDT,2026-06-05 17:01:00+00:00,2026-06-05 17:21:00+00:00,20000.0,39683.20133388913,316.7986661108771,0.0,0.0,,316.7986661108771,mean
B0,FILUSDT,2026-06-05 16:26:00+00:00,2026-06-05 18:11:00+00:00,20000.0,40054.34782608696,54.34782608695605,0.0,0.0,,54.34782608695605,mean
B0,ETHUSDT,2026-06-05 18:26:00+00:00,2026-06-05 19:51:00+00:00,20000.0,39998.47644198418,-1.5235580158187076,0.0,0.0,,-1.5235580158187076,mean
B0,BTCUSDT,2026-06-05 18:51:00+00:00,2026-06-05 19:51:00+00:00,20000.0,40177.61353156691,177.6135315669053,0.0,0.0,,177.6135315669053,mean
B0,AVAXUSDT,2026-06-05 19:06:00+00:00,2026-06-05 20:16:00+00:00,20000.0,41028.192371475954,1028.192371475954,0.0,0.0,,1028.192371475954,mean
B0,LINKUSDT,2026-06-05 21:31:00+00:00,2026-06-05 22:11:00+00:00,20000.0,39794.557097118464,205.4429028815393,0.0,0.0,,205.4429028815393,mean
B0,BTCUSDT,2026-06-05 20:41:00+00:00,2026-06-05 23:11:00+00:00,20000.0,40057.38571468254,-57.3857146825394,0.0,0.0,,-57.3857146825394,mean
B0,XLMUSDT,2026-06-05 21:36:00+00:00,2026-06-05 23:16:00+00:00,20000.0,39728.59513814312,271.40486185687405,0.0,0.0,,271.40486185687405,mean
B0,AVAXUSDT,2026-06-05 23:21:00+00:00,2026-06-06 00:06:00+00:00,20000.0,40118.76484560571,118.76484560570316,0.0,0.0,,118.76484560570316,mean
B0,BCHUSDT,2026-06-05 23:26:00+00:00,2026-06-06 00:51:00+00:00,20000.0,40400.09548818333,400.09548818333496,0.0,0.0,,400.09548818333496,mean
B0,SUIUSDT,2026-06-06 00:11:00+00:00,2026-06-06 01:41:00+00:00,20000.0,39871.77700348432,128.22299651568028,0.0,0.0,,128.22299651568028,mean
B0,AVAXUSDT,2026-06-06 03:06:00+00:00,2026-06-06 04:11:00+00:00,20000.0,39345.454545454544,-654.5454545454522,0.0,0.0,,-654.5454545454522,stop
B0,AAVEUSDT,2026-06-06 02:06:00+00:00,2026-06-06 04:16:00+00:00,20000.0,39436.065573770495,-563.9344262295053,0.0,0.0,,-563.9344262295053,stop
B0,AVAXUSDT,2026-06-06 04:11:00+00:00,2026-06-06 05:26:00+00:00,20000.0,40429.197994987466,429.1979949874658,0.0,0.0,,429.1979949874658,mean
B0,LTCUSDT,2026-06-06 04:26:00+00:00,2026-06-06 05:51:00+00:00,20000.0,40158.34932821497,158.34932821497205,0.0,0.0,,158.34932821497205,mean
B0,AVAXUSDT,2026-06-06 06:11:00+00:00,2026-06-06 06:51:00+00:00,20000.0,39861.09014041975,138.9098595802534,0.0,0.0,,138.9098595802534,mean
B0,BCHUSDT,2026-06-06 06:41:00+00:00,2026-06-06 09:56:00+00:00,20000.0,40209.78068383054,-209.7806838305405,0.0,0.0,,-209.7806838305405,mean
B0,AVAXUSDT,2026-06-06 09:31:00+00:00,2026-06-06 09:56:00+00:00,20000.0,39709.12296165712,290.87703834288186,0.0,0.0,,290.87703834288186,mean
B0,ETHUSDT,2026-06-06 10:51:00+00:00,2026-06-06 11:21:00+00:00,20000.0,40216.88673909227,216.88673909227143,0.0,0.0,,216.88673909227143,mean
B0,SOLUSDT,2026-06-06 10:36:00+00:00,2026-06-06 11:31:00+00:00,20000.0,40260.71370376406,260.71370376405685,0.0,0.0,,260.71370376405685,mean
B0,SUIUSDT,2026-06-06 12:56:00+00:00,2026-06-06 15:06:00+00:00,20000.0,39745.22292993631,254.77707006369383,0.0,0.0,,254.77707006369383,mean
B0,ADAUSDT,2026-06-06 14:16:00+00:00,2026-06-06 15:06:00+00:00,20000.0,39614.66749533872,385.3325046612808,0.0,0.0,,385.3325046612808,mean
B0,AAVEUSDT,2026-06-06 15:21:00+00:00,2026-06-06 16:06:00+00:00,20000.0,40237.49790934939,237.49790934938935,0.0,0.0,,237.49790934938935,mean
B0,XLMUSDT,2026-06-06 16:01:00+00:00,2026-06-06 17:26:00+00:00,20000.0,40044.02545819974,-44.0254581997433,0.0,0.0,,-44.0254581997433,mean
B0,LTCUSDT,2026-06-06 19:26:00+00:00,2026-06-06 21:16:00+00:00,20000.0,40140.7083939835,140.7083939835029,0.0,0.0,,140.7083939835029,mean
B0,XRPUSDT,2026-06-07 01:36:00+00:00,2026-06-07 04:11:00+00:00,20000.0,39887.41958541816,112.5804145818438,0.0,0.0,,112.5804145818438,mean
B0,SUIUSDT,2026-06-07 01:11:00+00:00,2026-06-07 04:21:00+00:00,20000.0,40197.83197831978,-197.831978319784,0.0,0.0,,-197.831978319784,mean
B0,XRPUSDT,2026-06-07 08:51:00+00:00,2026-06-07 10:06:00+00:00,20000.0,39902.3369375654,97.66306243460348,0.0,0.0,,97.66306243460348,mean
B0,TRXUSDT,2026-06-07 07:11:00+00:00,2026-06-07 10:51:00+00:00,20000.0,40066.00660066007,-66.00660066006822,0.0,0.0,,-66.00660066006822,mean
B0,SUIUSDT,2026-06-07 12:26:00+00:00,2026-06-07 13:16:00+00:00,20000.0,40191.07410945817,191.0741094581681,0.0,0.0,,191.0741094581681,mean
B0,NEARUSDT,2026-06-07 15:26:00+00:00,2026-06-07 16:31:00+00:00,20000.0,40542.941757156965,-542.9417571569611,0.0,0.0,,-542.9417571569611,stop
B0,NEARUSDT,2026-06-07 16:31:00+00:00,2026-06-07 17:31:00+00:00,20000.0,39481.01874098991,518.9812590100919,0.0,0.0,,518.9812590100919,mean
B0,AAVEUSDT,2026-06-07 19:21:00+00:00,2026-06-07 20:26:00+00:00,20000.0,40274.82414526419,274.8241452641887,0.0,0.0,,274.8241452641887,mean
B0,AVAXUSDT,2026-06-07 19:46:00+00:00,2026-06-07 20:36:00+00:00,20000.0,40217.82481975763,217.8248197576322,0.0,0.0,,217.8248197576322,mean
B0,LTCUSDT,2026-06-07 23:01:00+00:00,2026-06-08 01:11:00+00:00,20000.0,39948.52597098736,51.47402901263558,0.0,0.0,,51.47402901263558,mean
B0,ETHUSDT,2026-06-07 22:16:00+00:00,2026-06-08 01:21:00+00:00,20000.0,39826.97285222961,173.02714777038636,0.0,0.0,,173.02714777038636,mean
B0,NEARUSDT,2026-06-08 07:26:00+00:00,2026-06-08 08:06:00+00:00,20000.0,39497.25776965265,502.7422303473504,0.0,0.0,,502.7422303473504,mean
B0,BCHUSDT,2026-06-08 08:06:00+00:00,2026-06-08 08:26:00+00:00,20000.0,39252.09057596543,-747.9094240345767,0.0,0.0,,-747.9094240345767,stop
B0,BCHUSDT,2026-06-08 08:26:00+00:00,2026-06-08 11:36:00+00:00,20000.0,40272.3279648609,272.3279648609059,0.0,0.0,,272.3279648609059,mean
B0,XRPUSDT,2026-06-08 15:16:00+00:00,2026-06-08 16:16:00+00:00,20000.0,39874.555009323616,125.4449906763839,0.0,0.0,,125.4449906763839,mean
B0,ADAUSDT,2026-06-08 15:21:00+00:00,2026-06-08 16:51:00+00:00,20000.0,39847.05882352941,152.94117647059102,0.0,0.0,,152.94117647059102,mean
B0,SUIUSDT,2026-06-09 00:51:00+00:00,2026-06-09 01:36:00+00:00,20000.0,40366.67122725407,366.67122725406807,0.0,0.0,,366.67122725406807,mean
B0,UNIUSDT,2026-06-09 00:26:00+00:00,2026-06-09 02:56:00+00:00,20000.0,40080.80808080808,80.80808080807765,0.0,0.0,,80.80808080807765,mean
B0,DOTUSDT,2026-06-09 00:46:00+00:00,2026-06-09 03:01:00+00:00,20000.0,40104.82180293501,104.82180293501006,0.0,0.0,,104.82180293501006,mean
B0,TRXUSDT,2026-06-09 10:06:00+00:00,2026-06-09 11:01:00+00:00,20000.0,40082.34046534839,82.34046534838853,0.0,0.0,,82.34046534838853,mean
B0,BTCUSDT,2026-06-09 14:31:00+00:00,2026-06-09 17:01:00+00:00,20000.0,39984.936329149336,-15.063670850660856,0.0,0.0,,-15.063670850660856,mean
B0,BNBUSDT,2026-06-09 14:36:00+00:00,2026-06-09 17:01:00+00:00,20000.0,40075.31352235552,75.31352235551094,0.0,0.0,,75.31352235551094,mean
B0,DOTUSDT,2026-06-09 16:41:00+00:00,2026-06-09 17:16:00+00:00,20000.0,40278.67095391211,278.6709539121075,0.0,0.0,,278.6709539121075,mean
B0,NEARUSDT,2026-06-09 20:06:00+00:00,2026-06-09 21:31:00+00:00,20000.0,39703.23741007194,296.76258992806106,0.0,0.0,,296.76258992806106,mean
B0,XLMUSDT,2026-06-10 12:51:00+00:00,2026-06-10 14:31:00+00:00,20000.0,39836.85927797074,163.14072202926036,0.0,0.0,,163.14072202926036,mean
B0,ETHUSDT,2026-06-10 13:41:00+00:00,2026-06-10 14:41:00+00:00,20000.0,39823.62124984176,176.37875015823738,0.0,0.0,,176.37875015823738,mean
B0,XRPUSDT,2026-06-10 13:46:00+00:00,2026-06-10 14:41:00+00:00,20000.0,39809.52380952382,190.4761904761872,0.0,0.0,,190.4761904761872,mean
B0,BTCUSDT,2026-06-10 15:56:00+00:00,2026-06-10 16:26:00+00:00,20000.0,39838.70916248168,161.29083751831786,0.0,0.0,,161.29083751831786,mean
B0,UNIUSDT,2026-06-10 18:41:00+00:00,2026-06-10 22:41:00+00:00,20000.0,39800.5816368924,-199.4183631076012,0.0,0.0,,-199.4183631076012,timeout
B0,NEARUSDT,2026-06-10 21:16:00+00:00,2026-06-10 22:41:00+00:00,20000.0,40297.58850692663,297.58850692662963,0.0,0.0,,297.58850692662963,mean
B0,SOLUSDT,2026-06-11 01:46:00+00:00,2026-06-11 03:21:00+00:00,20000.0,39851.82898595462,148.17101404537607,0.0,0.0,,148.17101404537607,mean
B0,UNIUSDT,2026-06-11 04:01:00+00:00,2026-06-11 06:06:00+00:00,20000.0,39895.41432019308,104.58567980692168,0.0,0.0,,104.58567980692168,mean
B0,UNIUSDT,2026-06-11 15:46:00+00:00,2026-06-11 16:26:00+00:00,20000.0,39772.905246671886,227.09475332811053,0.0,0.0,,227.09475332811053,mean
B0,XRPUSDT,2026-06-11 17:51:00+00:00,2026-06-11 20:31:00+00:00,20000.0,39906.91956445381,93.08043554619144,0.0,0.0,,93.08043554619144,mean
B0,TRXUSDT,2026-06-11 16:36:00+00:00,2026-06-11 20:36:00+00:00,20000.0,39791.14584981488,-208.8541501851214,0.0,0.0,,-208.8541501851214,timeout
B0,TRXUSDT,2026-06-11 23:01:00+00:00,2026-06-12 01:16:00+00:00,20000.0,40009.51052498098,-9.510524980978516,0.0,0.0,,-9.510524980978516,mean
B0,XLMUSDT,2026-06-12 03:11:00+00:00,2026-06-12 04:06:00+00:00,20000.0,39787.94642857144,212.05357142856883,0.0,0.0,,212.05357142856883,mean
B0,TRXUSDT,2026-06-12 06:01:00+00:00,2026-06-12 07:46:00+00:00,20000.0,40060.79221859602,60.79221859601967,0.0,0.0,,60.79221859601967,mean
B0,HBARUSDT,2026-06-12 06:36:00+00:00,2026-06-12 08:16:00+00:00,20000.0,40073.64144235653,73.64144235652566,0.0,0.0,,73.64144235652566,mean
B0,DOGEUSDT,2026-06-12 14:21:00+00:00,2026-06-12 15:46:00+00:00,20000.0,40006.77659814773,-6.77659814773142,0.0,0.0,,-6.77659814773142,mean
B0,HBARUSDT,2026-06-12 16:01:00+00:00,2026-06-12 17:46:00+00:00,20000.0,39992.32245681382,-7.677543186182447,0.0,0.0,,-7.677543186182447,mean
B0,DOGEUSDT,2026-06-12 23:21:00+00:00,2026-06-13 01:06:00+00:00,20000.0,40123.84624372007,123.84624372006148,0.0,0.0,,123.84624372006148,mean
B0,DOTUSDT,2026-06-13 06:56:00+00:00,2026-06-13 09:01:00+00:00,20000.0,40040.774719673806,-40.77471967380552,0.0,0.0,,-40.77471967380552,mean
B0,FILUSDT,2026-06-13 07:31:00+00:00,2026-06-13 10:01:00+00:00,20000.0,39948.65211810013,51.34788189987012,0.0,0.0,,51.34788189987012,mean
B0,XLMUSDT,2026-06-13 07:41:00+00:00,2026-06-13 10:01:00+00:00,20000.0,40018.94637124362,-18.94637124361907,0.0,0.0,,-18.94637124361907,mean
B0,NEARUSDT,2026-06-13 15:26:00+00:00,2026-06-13 16:26:00+00:00,20000.0,39653.23336457357,346.7666354264293,0.0,0.0,,346.7666354264293,mean
B0,SOLUSDT,2026-06-13 21:46:00+00:00,2026-06-13 23:11:00+00:00,20000.0,39861.67146974064,138.32853025936492,0.0,0.0,,138.32853025936492,mean
B0,BCHUSDT,2026-06-14 05:51:00+00:00,2026-06-14 08:11:00+00:00,20000.0,40002.950287653046,2.9502876530459616,0.0,0.0,,2.9502876530459616,mean
B0,UNIUSDT,2026-06-14 14:56:00+00:00,2026-06-14 16:16:00+00:00,20000.0,40104.838709677424,104.8387096774204,0.0,0.0,,104.8387096774204,mean
B0,HBARUSDT,2026-06-14 14:36:00+00:00,2026-06-14 16:46:00+00:00,20000.0,40080.16550297388,80.16550297387948,0.0,0.0,,80.16550297387948,mean
B0,AVAXUSDT,2026-06-14 18:26:00+00:00,2026-06-14 19:31:00+00:00,20000.0,40197.121401752185,197.12140175218883,0.0,0.0,,197.12140175218883,mean
B0,FILUSDT,2026-06-14 21:21:00+00:00,2026-06-15 01:06:00+00:00,20000.0,40179.71758664955,-179.7175866495527,0.0,0.0,,-179.7175866495527,mean
B0,ETHUSDT,2026-06-14 21:31:00+00:00,2026-06-15 01:06:00+00:00,20000.0,40154.75616496349,-154.75616496348812,0.0,0.0,,-154.75616496348812,mean
B0,XRPUSDT,2026-06-14 21:26:00+00:00,2026-06-15 01:26:00+00:00,20000.0,40291.00301334481,-291.003013344809,0.0,0.0,,-291.003013344809,timeout
B0,HBARUSDT,2026-06-15 01:06:00+00:00,2026-06-15 03:21:00+00:00,20000.0,39943.50282485876,56.49717514124495,0.0,0.0,,56.49717514124495,mean
B0,NEARUSDT,2026-06-15 03:46:00+00:00,2026-06-15 04:26:00+00:00,20000.0,40625.271385149805,-625.2713851498047,0.0,0.0,,-625.2713851498047,stop
B0,FILUSDT,2026-06-15 03:36:00+00:00,2026-06-15 05:06:00+00:00,20000.0,39900.62111801242,99.3788819875772,0.0,0.0,,99.3788819875772,mean
B0,NEARUSDT,2026-06-15 04:26:00+00:00,2026-06-15 08:26:00+00:00,20000.0,40016.84210526315,-16.842105263152916,0.0,0.0,,-16.842105263152916,timeout
B0,AAVEUSDT,2026-06-15 07:16:00+00:00,2026-06-15 09:11:00+00:00,20000.0,40595.06942476623,-595.069424766225,0.0,0.0,,-595.069424766225,stop
B0,AAVEUSDT,2026-06-15 09:11:00+00:00,2026-06-15 13:11:00+00:00,20000.0,40399.00935608145,-399.00935608144937,0.0,0.0,,-399.00935608144937,timeout
B0,XLMUSDT,2026-06-15 13:11:00+00:00,2026-06-15 13:51:00+00:00,20000.0,40670.95767505364,-670.9576750536362,0.0,0.0,,-670.9576750536362,stop
B0,LTCUSDT,2026-06-15 10:36:00+00:00,2026-06-15 14:26:00+00:00,20000.0,39969.54535566674,30.45464433325833,0.0,0.0,,30.45464433325833,mean
B0,BCHUSDT,2026-06-15 10:56:00+00:00,2026-06-15 14:31:00+00:00,20000.0,40711.01535146782,-711.0153514678168,0.0,0.0,,-711.0153514678168,stop
B0,XLMUSDT,2026-06-15 13:51:00+00:00,2026-06-15 15:16:00+00:00,20000.0,40747.31081336101,-747.3108133610112,0.0,0.0,,-747.3108133610112,stop
B0,XLMUSDT,2026-06-15 15:16:00+00:00,2026-06-15 15:51:00+00:00,20000.0,40530.2892486811,-530.2892486810997,0.0,0.0,,-530.2892486810997,stop
B0,XLMUSDT,2026-06-15 15:51:00+00:00,2026-06-15 17:21:00+00:00,20000.0,40482.03446900891,-482.03446900890776,0.0,0.0,,-482.03446900890776,stop
B0,XLMUSDT,2026-06-15 17:21:00+00:00,2026-06-15 18:21:00+00:00,20000.0,39139.087172831496,860.912827168504,0.0,0.0,,860.912827168504,mean
B0,XRPUSDT,2026-06-15 16:36:00+00:00,2026-06-15 19:21:00+00:00,20000.0,39843.15552449724,156.8444755027558,0.0,0.0,,156.8444755027558,mean
B0,SOLUSDT,2026-06-15 16:16:00+00:00,2026-06-15 19:26:00+00:00,20000.0,39799.28694044633,200.71305955367643,0.0,0.0,,200.71305955367643,mean
B0,SUIUSDT,2026-06-15 19:21:00+00:00,2026-06-15 20:36:00+00:00,20000.0,40099.95002498751,99.95002498750546,0.0,0.0,,99.95002498750546,mean
B0,UNIUSDT,2026-06-15 21:51:00+00:00,2026-06-15 22:31:00+00:00,20000.0,39704.39798125451,295.6020187454924,0.0,0.0,,295.6020187454924,mean
B0,FILUSDT,2026-06-15 22:51:00+00:00,2026-06-16 00:01:00+00:00,20000.0,40177.89072426938,177.89072426937855,0.0,0.0,,177.89072426937855,mean
B0,UNIUSDT,2026-06-15 22:41:00+00:00,2026-06-16 00:11:00+00:00,20000.0,40720.9805335256,-720.9805335255951,0.0,0.0,,-720.9805335255951,stop
B0,ADAUSDT,2026-06-15 20:51:00+00:00,2026-06-16 00:51:00+00:00,20000.0,39701.16214720531,-298.83785279468793,0.0,0.0,,-298.83785279468793,timeout
B0,UNIUSDT,2026-06-16 00:11:00+00:00,2026-06-16 00:56:00+00:00,20000.0,40514.96172581767,-514.9617258176731,0.0,0.0,,-514.9617258176731,stop
B0,XLMUSDT,2026-06-16 02:16:00+00:00,2026-06-16 03:31:00+00:00,20000.0,40105.55344237352,105.5534423735262,0.0,0.0,,105.5534423735262,mean
B0,LINKUSDT,2026-06-16 02:31:00+00:00,2026-06-16 03:31:00+00:00,20000.0,40191.12962509189,191.1296250918895,0.0,0.0,,191.1296250918895,mean
B0,UNIUSDT,2026-06-16 00:56:00+00:00,2026-06-16 03:46:00+00:00,20000.0,39301.22116689281,698.7788331071897,0.0,0.0,,698.7788331071897,mean
B0,UNIUSDT,2026-06-16 06:06:00+00:00,2026-06-16 08:41:00+00:00,20000.0,40225.3328781154,-225.3328781154014,0.0,0.0,,-225.3328781154014,mean
B0,XLMUSDT,2026-06-16 09:11:00+00:00,2026-06-16 09:51:00+00:00,20000.0,39594.46840677664,405.53159322335705,0.0,0.0,,405.53159322335705,mean
B0,AVAXUSDT,2026-06-16 08:36:00+00:00,2026-06-16 10:06:00+00:00,20000.0,39951.1915015791,48.80849842090174,0.0,0.0,,48.80849842090174,mean
B0,HBARUSDT,2026-06-16 08:51:00+00:00,2026-06-16 11:26:00+00:00,20000.0,39988.07251908397,11.927480916030618,0.0,0.0,,11.927480916030618,mean
B0,UNIUSDT,2026-06-16 10:36:00+00:00,2026-06-16 11:36:00+00:00,20000.0,39710.71663379356,289.2833662064404,0.0,0.0,,289.2833662064404,mean
B0,BCHUSDT,2026-06-16 11:26:00+00:00,2026-06-16 12:41:00+00:00,20000.0,40155.84891822516,155.84891822515783,0.0,0.0,,155.84891822515783,mean
B0,XLMUSDT,2026-06-16 12:16:00+00:00,2026-06-16 13:11:00+00:00,20000.0,39352.53676790532,647.4632320946839,0.0,0.0,,647.4632320946839,mean
B0,ETHUSDT,2026-06-16 12:31:00+00:00,2026-06-16 13:11:00+00:00,20000.0,39789.346512905,210.6534870950054,0.0,0.0,,210.6534870950054,mean
B0,UNIUSDT,2026-06-16 13:01:00+00:00,2026-06-16 13:31:00+00:00,20000.0,39726.91807542263,273.0819245773746,0.0,0.0,,273.0819245773746,mean
B0,BNBUSDT,2026-06-16 13:31:00+00:00,2026-06-16 16:06:00+00:00,20000.0,40089.20311880534,89.203118805337,0.0,0.0,,89.203118805337,mean
B0,HBARUSDT,2026-06-16 13:51:00+00:00,2026-06-16 16:56:00+00:00,20000.0,39868.19624115207,-131.80375884793466,0.0,0.0,,-131.80375884793466,mean
B0,UNIUSDT,2026-06-16 16:21:00+00:00,2026-06-16 18:06:00+00:00,20000.0,40674.59042724061,-674.5904272406042,0.0,0.0,,-674.5904272406042,stop
B0,UNIUSDT,2026-06-16 18:06:00+00:00,2026-06-16 20:41:00+00:00,20000.0,40615.2889993785,-615.2889993784993,0.0,0.0,,-615.2889993784993,stop
B0,UNIUSDT,2026-06-16 20:41:00+00:00,2026-06-16 21:41:00+00:00,20000.0,39523.66596321978,476.33403678022296,0.0,0.0,,476.33403678022296,mean
B0,BCHUSDT,2026-06-16 21:21:00+00:00,2026-06-16 22:06:00+00:00,20000.0,39746.994437466354,253.0055625336463,0.0,0.0,,253.0055625336463,mean
B0,FILUSDT,2026-06-16 20:46:00+00:00,2026-06-16 22:46:00+00:00,20000.0,39731.05134474328,268.9486552567214,0.0,0.0,,268.9486552567214,mean
B0,UNIUSDT,2026-06-16 22:11:00+00:00,2026-06-16 23:21:00+00:00,20000.0,39780.88861838101,219.11138161899,0.0,0.0,,219.11138161899,mean
B0,UNIUSDT,2026-06-17 00:31:00+00:00,2026-06-17 01:46:00+00:00,20000.0,40632.45823389022,-632.4582338902183,0.0,0.0,,-632.4582338902183,stop
B0,BCHUSDT,2026-06-17 00:01:00+00:00,2026-06-17 01:51:00+00:00,20000.0,40124.18300653595,124.18300653594996,0.0,0.0,,124.18300653594996,mean
B0,UNIUSDT,2026-06-17 01:46:00+00:00,2026-06-17 02:26:00+00:00,20000.0,40532.0994794679,-532.0994794678991,0.0,0.0,,-532.0994794678991,stop
B0,UNIUSDT,2026-06-17 02:26:00+00:00,2026-06-17 05:31:00+00:00,20000.0,39690.140845070426,309.8591549295743,0.0,0.0,,309.8591549295743,mean
B0,UNIUSDT,2026-06-17 06:16:00+00:00,2026-06-17 08:11:00+00:00,20000.0,39822.76377734699,177.23622265300585,0.0,0.0,,177.23622265300585,mean
B0,UNIUSDT,2026-06-17 09:06:00+00:00,2026-06-17 09:16:00+00:00,20000.0,40344.13535990823,344.13535990822857,0.0,0.0,,344.13535990822857,mean
B0,UNIUSDT,2026-06-17 11:06:00+00:00,2026-06-17 12:01:00+00:00,20000.0,39569.24917738559,-430.7508226144164,0.0,0.0,,-430.7508226144164,stop
B0,BTCUSDT,2026-06-17 08:41:00+00:00,2026-06-17 12:11:00+00:00,20000.0,39962.96450226046,-37.035497739540006,0.0,0.0,,-37.035497739540006,mean
B0,BNBUSDT,2026-06-17 13:01:00+00:00,2026-06-17 14:06:00+00:00,20000.0,39836.49176736048,163.50823263951315,0.0,0.0,,163.50823263951315,mean
B0,UNIUSDT,2026-06-17 12:01:00+00:00,2026-06-17 15:26:00+00:00,20000.0,40232.34484867013,232.3448486701309,0.0,0.0,,232.3448486701309,mean
B0,XLMUSDT,2026-06-17 15:41:00+00:00,2026-06-17 16:16:00+00:00,20000.0,39735.99930753917,264.0006924608315,0.0,0.0,,264.0006924608315,mean
B0,NEARUSDT,2026-06-17 15:46:00+00:00,2026-06-17 16:51:00+00:00,20000.0,39872.98899237934,127.01100762065836,0.0,0.0,,127.01100762065836,mean
B0,HBARUSDT,2026-06-17 15:51:00+00:00,2026-06-17 16:56:00+00:00,20000.0,39808.01944106926,191.98055893074343,0.0,0.0,,191.98055893074343,mean
B0,DOTUSDT,2026-06-17 16:16:00+00:00,2026-06-17 17:11:00+00:00,20000.0,39787.43961352657,212.5603864734294,0.0,0.0,,212.5603864734294,mean
B0,BTCUSDT,2026-06-17 16:51:00+00:00,2026-06-17 18:41:00+00:00,20000.0,39902.37183648952,97.62816351048605,0.0,0.0,,97.62816351048605,mean
B0,BTCUSDT,2026-06-17 19:21:00+00:00,2026-06-17 22:51:00+00:00,20000.0,39925.954129945545,-74.04587005445137,0.0,0.0,,-74.04587005445137,mean
B0,SUIUSDT,2026-06-17 22:06:00+00:00,2026-06-17 23:21:00+00:00,20000.0,40304.461942257214,304.4619422572141,0.0,0.0,,304.4619422572141,mean
B0,HBARUSDT,2026-06-17 22:46:00+00:00,2026-06-18 00:26:00+00:00,20000.0,39862.57668711656,137.42331288343848,0.0,0.0,,137.42331288343848,mean
B0,NEARUSDT,2026-06-17 23:16:00+00:00,2026-06-18 01:06:00+00:00,20000.0,40118.28935395814,118.28935395814187,0.0,0.0,,118.28935395814187,mean
B0,XLMUSDT,2026-06-18 01:11:00+00:00,2026-06-18 01:26:00+00:00,20000.0,40884.2841306387,-884.2841306386945,0.0,0.0,,-884.2841306386945,stop
B0,XLMUSDT,2026-06-18 01:26:00+00:00,2026-06-18 03:06:00+00:00,20000.0,39270.75252133437,729.2474786656312,0.0,0.0,,729.2474786656312,mean
B0,AAVEUSDT,2026-06-18 02:41:00+00:00,2026-06-18 03:26:00+00:00,20000.0,39693.60802958267,306.39197041732405,0.0,0.0,,306.39197041732405,mean
B0,DOTUSDT,2026-06-18 03:46:00+00:00,2026-06-18 06:46:00+00:00,20000.0,39857.72357723577,-142.2764227642292,0.0,0.0,,-142.2764227642292,mean
B0,UNIUSDT,2026-06-18 03:36:00+00:00,2026-06-18 07:26:00+00:00,20000.0,39885.20408163265,-114.79591836734836,0.0,0.0,,-114.79591836734836,mean
B0,BNBUSDT,2026-06-18 03:31:00+00:00,2026-06-18 07:31:00+00:00,20000.0,39756.032261303175,-243.96773869682875,0.0,0.0,,-243.96773869682875,timeout
B0,XLMUSDT,2026-06-18 08:41:00+00:00,2026-06-18 10:01:00+00:00,20000.0,39827.793186240015,172.20681375998538,0.0,0.0,,172.20681375998538,mean
B0,XLMUSDT,2026-06-18 12:41:00+00:00,2026-06-18 13:46:00+00:00,20000.0,39713.91417425228,286.08582574772663,0.0,0.0,,286.08582574772663,mean
B0,SUIUSDT,2026-06-18 13:41:00+00:00,2026-06-18 14:26:00+00:00,20000.0,40193.11845505236,193.1184550523576,0.0,0.0,,193.1184550523576,mean
B0,XLMUSDT,2026-06-18 14:41:00+00:00,2026-06-18 14:56:00+00:00,20000.0,39731.29673317606,268.7032668239408,0.0,0.0,,268.7032668239408,mean
B0,AVAXUSDT,2026-06-18 15:21:00+00:00,2026-06-18 19:21:00+00:00,20000.0,39703.58814352575,-296.41185647425664,0.0,0.0,,-296.41185647425664,timeout
B0,BCHUSDT,2026-06-18 16:16:00+00:00,2026-06-18 19:31:00+00:00,20000.0,40136.97229888583,136.97229888582297,0.0,0.0,,136.97229888582297,mean
B0,BNBUSDT,2026-06-18 16:41:00+00:00,2026-06-18 19:36:00+00:00,20000.0,40062.86686811851,62.86686811850814,0.0,0.0,,62.86686811850814,mean
B0,AAVEUSDT,2026-06-18 20:26:00+00:00,2026-06-18 22:06:00+00:00,20000.0,39817.15514923367,182.84485076633428,0.0,0.0,,182.84485076633428,mean
B0,FILUSDT,2026-06-18 19:51:00+00:00,2026-06-18 23:16:00+00:00,20000.0,40178.11704834606,-178.11704834605916,0.0,0.0,,-178.11704834605916,mean
B0,UNIUSDT,2026-06-18 23:31:00+00:00,2026-06-19 00:56:00+00:00,20000.0,39866.32718014004,133.67281985996306,0.0,0.0,,133.67281985996306,mean
B0,AAVEUSDT,2026-06-19 00:36:00+00:00,2026-06-19 01:36:00+00:00,20000.0,39801.797040169135,198.20295983086544,0.0,0.0,,198.20295983086544,mean
B0,NEARUSDT,2026-06-19 03:21:00+00:00,2026-06-19 06:06:00+00:00,20000.0,40179.41454202078,179.41454202077512,0.0,0.0,,179.41454202077512,mean
B0,XLMUSDT,2026-06-19 04:16:00+00:00,2026-06-19 06:56:00+00:00,20000.0,39822.138803235466,-177.86119676453382,0.0,0.0,,-177.86119676453382,mean
B0,AVAXUSDT,2026-06-19 03:51:00+00:00,2026-06-19 07:51:00+00:00,20000.0,39454.279681663145,-545.720318336851,0.0,0.0,,-545.720318336851,timeout
B0,TRXUSDT,2026-06-19 09:36:00+00:00,2026-06-19 10:56:00+00:00,20000.0,39992.53568873822,7.464311261781404,0.0,0.0,,7.464311261781404,mean
B0,TRXUSDT,2026-06-19 12:26:00+00:00,2026-06-19 13:26:00+00:00,20000.0,39951.65638848431,48.34361151569465,0.0,0.0,,48.34361151569465,mean
B0,TRXUSDT,2026-06-19 13:31:00+00:00,2026-06-19 15:36:00+00:00,20000.0,40021.22678320586,21.226783205864194,0.0,0.0,,21.226783205864194,mean
B0,LTCUSDT,2026-06-19 15:36:00+00:00,2026-06-19 17:06:00+00:00,20000.0,39945.81169564236,54.18830435764176,0.0,0.0,,54.18830435764176,mean
B0,FILUSDT,2026-06-19 14:31:00+00:00,2026-06-19 18:11:00+00:00,20000.0,40075.66204287516,-75.66204287515575,0.0,0.0,,-75.66204287515575,mean
B0,AVAXUSDT,2026-06-19 18:01:00+00:00,2026-06-19 18:41:00+00:00,20000.0,39373.22887147858,-626.7711285214209,0.0,0.0,,-626.7711285214209,stop
B0,AVAXUSDT,2026-06-19 18:41:00+00:00,2026-06-19 20:51:00+00:00,20000.0,40309.75735673722,309.75735673722374,0.0,0.0,,309.75735673722374,mean
B0,AAVEUSDT,2026-06-20 00:26:00+00:00,2026-06-20 02:01:00+00:00,20000.0,39836.35144198524,163.64855801475278,0.0,0.0,,163.64855801475278,mean
B0,SOLUSDT,2026-06-20 04:51:00+00:00,2026-06-20 07:51:00+00:00,20000.0,40152.02702702703,-152.02702702702663,0.0,0.0,,-152.02702702702663,mean
B0,BNBUSDT,2026-06-20 06:46:00+00:00,2026-06-20 08:11:00+00:00,20000.0,39954.752670613045,45.247329386951606,0.0,0.0,,45.247329386951606,mean
B0,AVAXUSDT,2026-06-20 07:26:00+00:00,2026-06-20 11:11:00+00:00,20000.0,40230.07395234182,-230.0739523418233,0.0,0.0,,-230.0739523418233,mean
B0,TRXUSDT,2026-06-20 12:06:00+00:00,2026-06-20 14:11:00+00:00,20000.0,39993.83762132183,6.162378678167443,0.0,0.0,,6.162378678167443,mean
B0,SUIUSDT,2026-06-20 14:16:00+00:00,2026-06-20 14:51:00+00:00,20000.0,40313.792611610326,313.7926116103263,0.0,0.0,,313.7926116103263,mean
B0,DOGEUSDT,2026-06-20 14:11:00+00:00,2026-06-20 14:56:00+00:00,20000.0,40232.13638012333,232.13638012332007,0.0,0.0,,232.13638012332007,mean
B0,BTCUSDT,2026-06-20 15:21:00+00:00,2026-06-20 16:36:00+00:00,20000.0,39890.962968496606,109.0370315033906,0.0,0.0,,109.0370315033906,mean
B0,AAVEUSDT,2026-06-20 17:41:00+00:00,2026-06-20 19:41:00+00:00,20000.0,40166.62114176454,166.6211417645427,0.0,0.0,,166.6211417645427,mean
B0,AAVEUSDT,2026-06-20 22:46:00+00:00,2026-06-21 00:01:00+00:00,20000.0,39807.191245440335,192.80875455966816,0.0,0.0,,192.80875455966816,mean
B0,SOLUSDT,2026-06-20 22:16:00+00:00,2026-06-21 00:11:00+00:00,20000.0,39956.2960939634,43.70390603660053,0.0,0.0,,43.70390603660053,mean
B0,TRXUSDT,2026-06-20 22:21:00+00:00,2026-06-21 00:16:00+00:00,20000.0,39983.47562654916,16.524373450843996,0.0,0.0,,16.524373450843996,mean
B0,LTCUSDT,2026-06-21 10:26:00+00:00,2026-06-21 11:21:00+00:00,20000.0,39876.24309392265,123.7569060773494,0.0,0.0,,123.7569060773494,mean
B0,FILUSDT,2026-06-21 13:31:00+00:00,2026-06-21 14:21:00+00:00,20000.0,39682.53968253969,317.4603174603144,0.0,0.0,,317.4603174603144,mean
B0,NEARUSDT,2026-06-21 12:26:00+00:00,2026-06-21 15:01:00+00:00,20000.0,40027.56086357373,27.56086357372624,0.0,0.0,,27.56086357372624,mean
B0,LTCUSDT,2026-06-21 15:31:00+00:00,2026-06-21 16:31:00+00:00,20000.0,39886.313948404015,113.68605159598155,0.0,0.0,,113.68605159598155,mean
B0,FILUSDT,2026-06-21 21:11:00+00:00,2026-06-21 22:56:00+00:00,20000.0,40230.17902813299,230.17902813299224,0.0,0.0,,230.17902813299224,mean
B0,SOLUSDT,2026-06-21 21:16:00+00:00,2026-06-21 23:26:00+00:00,20000.0,40065.9884520209,65.98845202089797,0.0,0.0,,65.98845202089797,mean
B0,LTCUSDT,2026-06-21 23:36:00+00:00,2026-06-22 00:31:00+00:00,20000.0,40112.53657438667,112.53657438667506,0.0,0.0,,112.53657438667506,mean
B0,ADAUSDT,2026-06-22 00:01:00+00:00,2026-06-22 00:31:00+00:00,20000.0,40191.32653061225,191.3265306122448,0.0,0.0,,191.3265306122448,mean
B0,AAVEUSDT,2026-06-22 00:41:00+00:00,2026-06-22 02:36:00+00:00,20000.0,39939.25788987192,60.74211012808519,0.0,0.0,,60.74211012808519,mean
B0,BTCUSDT,2026-06-22 01:51:00+00:00,2026-06-22 02:56:00+00:00,20000.0,39904.07621867649,95.92378132351224,0.0,0.0,,95.92378132351224,mean
B0,FILUSDT,2026-06-22 01:26:00+00:00,2026-06-22 03:11:00+00:00,20000.0,39876.54320987655,123.45679012345865,0.0,0.0,,123.45679012345865,mean
B0,TRXUSDT,2026-06-22 07:36:00+00:00,2026-06-22 11:36:00+00:00,20000.0,40069.04906117504,-69.04906117504652,0.0,0.0,,-69.04906117504652,timeout
B0,SUIUSDT,2026-06-22 11:11:00+00:00,2026-06-22 14:21:00+00:00,20000.0,40164.857810138754,-164.8578101387575,0.0,0.0,,-164.8578101387575,mean
B0,LTCUSDT,2026-06-22 13:36:00+00:00,2026-06-22 14:26:00+00:00,20000.0,39846.69294787561,153.30705212439716,0.0,0.0,,153.30705212439716,mean
B0,BTCUSDT,2026-06-22 12:41:00+00:00,2026-06-22 14:31:00+00:00,20000.0,39913.79389741842,86.20610258157467,0.0,0.0,,86.20610258157467,mean
B0,AAVEUSDT,2026-06-22 14:41:00+00:00,2026-06-22 15:16:00+00:00,20000.0,40269.69292389853,269.69292389852853,0.0,0.0,,269.69292389852853,mean
B0,TRXUSDT,2026-06-22 15:56:00+00:00,2026-06-22 16:21:00+00:00,20000.0,40098.23540112789,98.2354011278876,0.0,0.0,,98.2354011278876,mean
B0,TRXUSDT,2026-06-22 16:51:00+00:00,2026-06-22 17:26:00+00:00,20000.0,39942.29902329076,57.70097670924224,0.0,0.0,,57.70097670924224,mean
B0,SOLUSDT,2026-06-22 16:11:00+00:00,2026-06-22 17:51:00+00:00,20000.0,40071.42857142857,71.42857142857247,0.0,0.0,,71.42857142857247,mean
B0,FILUSDT,2026-06-22 19:01:00+00:00,2026-06-22 20:36:00+00:00,20000.0,40075.85335018963,75.85335018963087,0.0,0.0,,75.85335018963087,mean
B0,DOTUSDT,2026-06-22 19:06:00+00:00,2026-06-22 20:36:00+00:00,20000.0,40084.835630965004,84.83563096500438,0.0,0.0,,84.83563096500438,mean
B0,TRXUSDT,2026-06-22 21:01:00+00:00,2026-06-23 00:11:00+00:00,20000.0,39991.00557654255,8.994423457454104,0.0,0.0,,8.994423457454104,mean
B0,DOTUSDT,2026-06-22 22:31:00+00:00,2026-06-23 01:11:00+00:00,20000.0,40000.0,0.0,0.0,0.0,,0.0,mean
B0,NEARUSDT,2026-06-22 22:46:00+00:00,2026-06-23 02:46:00+00:00,20000.0,39815.53398058252,-184.46601941747576,0.0,0.0,,-184.46601941747576,timeout
B0,SUIUSDT,2026-06-23 05:46:00+00:00,2026-06-23 06:26:00+00:00,20000.0,39333.805811481216,-666.1941885187807,0.0,0.0,,-666.1941885187807,stop
B0,TRXUSDT,2026-06-23 05:36:00+00:00,2026-06-23 07:26:00+00:00,20000.0,40013.86377335744,13.86377335744328,0.0,0.0,,13.86377335744328,mean
B0,BNBUSDT,2026-06-23 05:26:00+00:00,2026-06-23 09:26:00+00:00,20000.0,39607.30031785093,-392.6996821490793,0.0,0.0,,-392.6996821490793,timeout
B0,SUIUSDT,2026-06-23 06:26:00+00:00,2026-06-23 10:06:00+00:00,20000.0,40219.9413489736,219.9413489736071,0.0,0.0,,219.9413489736071,mean
B0,DOGEUSDT,2026-06-23 07:46:00+00:00,2026-06-23 11:26:00+00:00,20000.0,39802.79580629057,-197.20419370943276,0.0,0.0,,-197.20419370943276,mean
B0,ETHUSDT,2026-06-23 09:26:00+00:00,2026-06-23 11:26:00+00:00,20000.0,40068.86493879008,68.86493879008412,0.0,0.0,,68.86493879008412,mean
B0,TRXUSDT,2026-06-23 10:06:00+00:00,2026-06-23 11:56:00+00:00,20000.0,40006.67475728155,6.674757281554776,0.0,0.0,,6.674757281554776,mean
B0,SUIUSDT,2026-06-23 11:56:00+00:00,2026-06-23 12:36:00+00:00,20000.0,39827.43988684582,172.56011315417345,0.0,0.0,,172.56011315417345,mean
B0,ADAUSDT,2026-06-23 12:51:00+00:00,2026-06-23 13:36:00+00:00,20000.0,40079.36507936509,79.36507936507769,0.0,0.0,,79.36507936507769,mean
B0,FILUSDT,2026-06-23 13:56:00+00:00,2026-06-23 15:06:00+00:00,20000.0,39844.55958549223,155.4404145077715,0.0,0.0,,155.4404145077715,mean
B0,LTCUSDT,2026-06-23 15:01:00+00:00,2026-06-23 19:01:00+00:00,20000.0,39792.40386883699,-207.59613116300895,0.0,0.0,,-207.59613116300895,timeout
B0,TRXUSDT,2026-06-23 19:46:00+00:00,2026-06-23 21:06:00+00:00,20000.0,40015.22811719559,15.22811719559104,0.0,0.0,,15.22811719559104,mean
B0,FILUSDT,2026-06-23 20:16:00+00:00,2026-06-23 22:41:00+00:00,20000.0,39974.6835443038,25.31645569620377,0.0,0.0,,25.31645569620377,mean
B0,AVAXUSDT,2026-06-23 20:11:00+00:00,2026-06-23 23:41:00+00:00,20000.0,40096.40802363552,-96.40802363551484,0.0,0.0,,-96.40802363551484,mean
B0,ADAUSDT,2026-06-24 01:36:00+00:00,2026-06-24 02:06:00+00:00,20000.0,39818.18181818182,181.81818181818016,0.0,0.0,,181.81818181818016,mean
B0,LTCUSDT,2026-06-24 04:26:00+00:00,2026-06-24 05:06:00+00:00,20000.0,40120.4238921002,120.42389210019246,0.0,0.0,,120.42389210019246,mean
B0,AAVEUSDT,2026-06-24 10:46:00+00:00,2026-06-24 11:41:00+00:00,20000.0,40769.64623278422,-769.6462327842273,0.0,0.0,,-769.6462327842273,stop
B0,ADAUSDT,2026-06-24 10:16:00+00:00,2026-06-24 11:56:00+00:00,20000.0,40245.733788395904,245.7337883959044,0.0,0.0,,245.7337883959044,mean
B0,TRXUSDT,2026-06-24 08:41:00+00:00,2026-06-24 12:41:00+00:00,20000.0,40038.72802638347,-38.72802638346548,0.0,0.0,,-38.72802638346548,timeout
B0,AAVEUSDT,2026-06-24 11:41:00+00:00,2026-06-24 13:16:00+00:00,20000.0,39583.92926797556,416.0707320244437,0.0,0.0,,416.0707320244437,mean
B0,DOGEUSDT,2026-06-24 13:16:00+00:00,2026-06-24 15:41:00+00:00,20000.0,39356.49935649936,-643.5006435006435,0.0,0.0,,-643.5006435006435,stop
B0,BTCUSDT,2026-06-24 13:26:00+00:00,2026-06-24 16:56:00+00:00,20000.0,39343.53813542194,-656.4618645780611,0.0,0.0,,-656.4618645780611,stop
B0,TRXUSDT,2026-06-24 13:41:00+00:00,2026-06-24 17:41:00+00:00,20000.0,39775.17849005013,-224.82150994987023,0.0,0.0,,-224.82150994987023,timeout
B0,DOGEUSDT,2026-06-24 15:41:00+00:00,2026-06-24 19:41:00+00:00,20000.0,39654.255319148935,-345.7446808510649,0.0,0.0,,-345.7446808510649,timeout
B0,BCHUSDT,2026-06-24 16:56:00+00:00,2026-06-24 19:56:00+00:00,20000.0,40228.0451704857,228.04517048569323,0.0,0.0,,228.04517048569323,mean
B0,LTCUSDT,2026-06-24 17:41:00+00:00,2026-06-24 20:01:00+00:00,20000.0,40120.693990445056,120.69399044505552,0.0,0.0,,120.69399044505552,mean
B0,HBARUSDT,2026-06-24 20:11:00+00:00,2026-06-24 23:11:00+00:00,20000.0,40029.18933262571,-29.189332625712268,0.0,0.0,,-29.189332625712268,mean
B0,BTCUSDT,2026-06-24 20:51:00+00:00,2026-06-24 23:21:00+00:00,20000.0,39906.12616708561,93.87383291438891,0.0,0.0,,93.87383291438891,mean
B0,AVAXUSDT,2026-06-24 20:46:00+00:00,2026-06-25 00:41:00+00:00,20000.0,40233.80726698262,-233.8072669826215,0.0,0.0,,-233.8072669826215,mean
B0,AAVEUSDT,2026-06-24 23:11:00+00:00,2026-06-25 01:01:00+00:00,20000.0,39814.39678956609,185.6032104339065,0.0,0.0,,185.6032104339065,mean
B0,ADAUSDT,2026-06-25 00:06:00+00:00,2026-06-25 01:11:00+00:00,20000.0,39811.95433176628,188.04566823371715,0.0,0.0,,188.04566823371715,mean
B0,AAVEUSDT,2026-06-25 01:51:00+00:00,2026-06-25 03:56:00+00:00,20000.0,40662.79213552615,-662.7921355261533,0.0,0.0,,-662.7921355261533,stop
B0,AAVEUSDT,2026-06-25 03:56:00+00:00,2026-06-25 05:56:00+00:00,20000.0,39863.55475763016,136.4452423698349,0.0,0.0,,136.4452423698349,mean
B0,UNIUSDT,2026-06-25 05:16:00+00:00,2026-06-25 06:46:00+00:00,20000.0,39786.879786879785,213.1202131202153,0.0,0.0,,213.1202131202153,mean
B0,TRXUSDT,2026-06-25 05:56:00+00:00,2026-06-25 07:01:00+00:00,20000.0,39934.55140441778,65.44859558222015,0.0,0.0,,65.44859558222015,mean
B0,AVAXUSDT,2026-06-25 05:21:00+00:00,2026-06-25 07:11:00+00:00,20000.0,39796.69245941435,203.30754058564708,0.0,0.0,,203.30754058564708,mean
B0,XLMUSDT,2026-06-25 11:06:00+00:00,2026-06-25 12:36:00+00:00,20000.0,40135.08319147768,135.0831914776791,0.0,0.0,,135.0831914776791,mean
B0,BNBUSDT,2026-06-25 11:11:00+00:00,2026-06-25 12:36:00+00:00,20000.0,40115.08381878752,115.0838187875197,0.0,0.0,,115.0838187875197,mean
B0,NEARUSDT,2026-06-25 11:51:00+00:00,2026-06-25 13:06:00+00:00,20000.0,40178.47769028871,178.47769028871335,0.0,0.0,,178.47769028871335,mean
B0,AAVEUSDT,2026-06-25 13:16:00+00:00,2026-06-25 13:36:00+00:00,20000.0,39744.93444576877,255.065554231227,0.0,0.0,,255.065554231227,mean
B0,ETHUSDT,2026-06-25 13:41:00+00:00,2026-06-25 13:56:00+00:00,20000.0,39272.79972107387,-727.2002789261351,0.0,0.0,,-727.2002789261351,stop
B0,BTCUSDT,2026-06-25 13:46:00+00:00,2026-06-25 16:11:00+00:00,20000.0,40065.65169502715,65.65169502715071,0.0,0.0,,65.65169502715071,mean
B0,XRPUSDT,2026-06-25 13:56:00+00:00,2026-06-25 16:11:00+00:00,20000.0,40511.10674267741,511.1067426774134,0.0,0.0,,511.1067426774134,mean
B0,TRXUSDT,2026-06-25 12:36:00+00:00,2026-06-25 16:36:00+00:00,20000.0,39757.7685343773,-242.23146562270267,0.0,0.0,,-242.23146562270267,timeout
B0,XRPUSDT,2026-06-25 16:41:00+00:00,2026-06-25 17:16:00+00:00,20000.0,40217.391304347824,217.39130434782783,0.0,0.0,,217.39130434782783,mean
B0,NEARUSDT,2026-06-25 17:01:00+00:00,2026-06-25 17:26:00+00:00,20000.0,40326.619488296135,326.6194882961354,0.0,0.0,,326.6194882961354,mean
B0,DOGEUSDT,2026-06-25 17:26:00+00:00,2026-06-25 18:16:00+00:00,20000.0,39765.52091660006,234.47908339994683,0.0,0.0,,234.47908339994683,mean
B0,HBARUSDT,2026-06-25 17:56:00+00:00,2026-06-25 18:16:00+00:00,20000.0,39912.93701537206,87.06298462794075,0.0,0.0,,87.06298462794075,mean
B0,AAVEUSDT,2026-06-25 17:21:00+00:00,2026-06-25 18:36:00+00:00,20000.0,39615.88929977335,384.1107002266508,0.0,0.0,,384.1107002266508,mean
B0,AAVEUSDT,2026-06-25 19:06:00+00:00,2026-06-25 20:06:00+00:00,20000.0,40250.53238131029,250.5323813102841,0.0,0.0,,250.5323813102841,mean
B0,DOTUSDT,2026-06-25 19:51:00+00:00,2026-06-25 20:21:00+00:00,20000.0,40190.7032181168,190.70321811680333,0.0,0.0,,190.70321811680333,mean
B0,NEARUSDT,2026-06-25 22:41:00+00:00,2026-06-25 23:21:00+00:00,20000.0,40312.5,312.5,0.0,0.0,,312.5,mean
B0,SOLUSDT,2026-06-25 23:31:00+00:00,2026-06-26 01:06:00+00:00,20000.0,39656.327362749376,343.67263725062367,0.0,0.0,,343.67263725062367,mean
B0,DOTUSDT,2026-06-26 01:31:00+00:00,2026-06-26 03:46:00+00:00,20000.0,40048.42615012107,48.42615012106762,0.0,0.0,,48.42615012106762,mean
B0,XRPUSDT,2026-06-26 02:21:00+00:00,2026-06-26 03:46:00+00:00,20000.0,40242.22134698701,242.2213469870003,0.0,0.0,,242.2213469870003,mean
B0,HBARUSDT,2026-06-26 03:06:00+00:00,2026-06-26 03:46:00+00:00,20000.0,40243.01675977654,243.0167597765394,0.0,0.0,,243.0167597765394,mean
B0,BTCUSDT,2026-06-26 04:01:00+00:00,2026-06-26 05:26:00+00:00,20000.0,39982.39333686358,17.606663136426505,0.0,0.0,,17.606663136426505,mean
B0,LTCUSDT,2026-06-26 04:11:00+00:00,2026-06-26 06:06:00+00:00,20000.0,39937.04600484262,62.95399515738245,0.0,0.0,,62.95399515738245,mean
B0,SOLUSDT,2026-06-26 03:56:00+00:00,2026-06-26 06:11:00+00:00,20000.0,39970.64435637751,29.35564362248624,0.0,0.0,,29.35564362248624,mean
B0,AAVEUSDT,2026-06-26 06:56:00+00:00,2026-06-26 08:11:00+00:00,20000.0,39759.06405652728,240.93594347271937,0.0,0.0,,240.93594347271937,mean
B0,BCHUSDT,2026-06-26 05:36:00+00:00,2026-06-26 08:36:00+00:00,20000.0,40036.11412062116,-36.11412062116506,0.0,0.0,,-36.11412062116506,mean
B0,SOLUSDT,2026-06-26 06:26:00+00:00,2026-06-26 09:06:00+00:00,20000.0,40170.7917209437,-170.79172094369642,0.0,0.0,,-170.79172094369642,mean
B0,SUIUSDT,2026-06-26 10:01:00+00:00,2026-06-26 11:06:00+00:00,20000.0,40243.82991376747,243.8299137674694,0.0,0.0,,243.8299137674694,mean
B0,AAVEUSDT,2026-06-26 12:16:00+00:00,2026-06-26 12:51:00+00:00,20000.0,39639.76288189695,360.23711810305394,0.0,0.0,,360.23711810305394,mean
B0,BNBUSDT,2026-06-26 11:56:00+00:00,2026-06-26 13:46:00+00:00,20000.0,39959.980704982765,-40.01929501723862,0.0,0.0,,-40.01929501723862,mean
B0,LTCUSDT,2026-06-26 12:51:00+00:00,2026-06-26 13:46:00+00:00,20000.0,40069.050554870526,69.0505548705296,0.0,0.0,,69.0505548705296,mean
B0,TRXUSDT,2026-06-26 13:06:00+00:00,2026-06-26 15:26:00+00:00,20000.0,40003.12891113892,3.1289111389232858,0.0,0.0,,3.1289111389232858,mean
B0,SOLUSDT,2026-06-26 13:56:00+00:00,2026-06-26 16:06:00+00:00,20000.0,40577.821838266536,-577.8218382665327,0.0,0.0,,-577.8218382665327,stop
B0,AAVEUSDT,2026-06-26 15:26:00+00:00,2026-06-26 16:36:00+00:00,20000.0,40845.5001089562,-845.5001089561993,0.0,0.0,,-845.5001089561993,stop
B0,DOTUSDT,2026-06-26 14:01:00+00:00,2026-06-26 18:01:00+00:00,20000.0,40211.76470588235,-211.7647058823532,0.0,0.0,,-211.7647058823532,timeout
B0,AAVEUSDT,2026-06-26 16:36:00+00:00,2026-06-26 19:06:00+00:00,20000.0,39822.287267405394,177.71273259460577,0.0,0.0,,177.71273259460577,mean
B0,SOLUSDT,2026-06-26 19:36:00+00:00,2026-06-26 20:16:00+00:00,20000.0,39769.27252985885,230.7274701411552,0.0,0.0,,230.7274701411552,mean
B0,HBARUSDT,2026-06-26 18:31:00+00:00,2026-06-26 22:31:00+00:00,20000.0,39606.974813174646,-393.02518682535447,0.0,0.0,,-393.02518682535447,timeout
B0,HBARUSDT,2026-06-26 22:31:00+00:00,2026-06-27 00:06:00+00:00,20000.0,40115.75381140599,115.7538114059862,0.0,0.0,,115.7538114059862,mean
B0,AVAXUSDT,2026-06-26 22:41:00+00:00,2026-06-27 00:36:00+00:00,20000.0,40095.35527529991,-95.3552752999094,0.0,0.0,,-95.3552752999094,mean
B0,BCHUSDT,2026-06-27 00:41:00+00:00,2026-06-27 02:01:00+00:00,20000.0,40161.51432539478,161.51432539478265,0.0,0.0,,161.51432539478265,mean
B0,XRPUSDT,2026-06-27 02:26:00+00:00,2026-06-27 03:56:00+00:00,20000.0,39904.13533834586,95.86466165413732,0.0,0.0,,95.86466165413732,mean
B0,HBARUSDT,2026-06-27 01:56:00+00:00,2026-06-27 04:51:00+00:00,20000.0,40016.60210293304,-16.602102933036804,0.0,0.0,,-16.602102933036804,mean
B0,NEARUSDT,2026-06-27 14:06:00+00:00,2026-06-27 16:31:00+00:00,20000.0,40712.35833783055,-712.3583378305448,0.0,0.0,,-712.3583378305448,stop
B0,NEARUSDT,2026-06-27 16:31:00+00:00,2026-06-27 17:31:00+00:00,20000.0,39614.38249088067,385.6175091193327,0.0,0.0,,385.6175091193327,mean
B0,HBARUSDT,2026-06-27 17:06:00+00:00,2026-06-27 17:31:00+00:00,20000.0,40057.94701986756,57.94701986755172,0.0,0.0,,57.94701986755172,mean
B0,UNIUSDT,2026-06-27 16:56:00+00:00,2026-06-27 17:56:00+00:00,20000.0,39691.0943148209,308.90568517909924,0.0,0.0,,308.90568517909924,mean
B0,NEARUSDT,2026-06-27 17:51:00+00:00,2026-06-27 18:06:00+00:00,20000.0,39646.20187304891,353.79812695109285,0.0,0.0,,353.79812695109285,mean
B0,SUIUSDT,2026-06-27 19:36:00+00:00,2026-06-27 22:56:00+00:00,20000.0,39907.2866869477,-92.71331305229614,0.0,0.0,,-92.71331305229614,mean
B0,DOTUSDT,2026-06-27 22:21:00+00:00,2026-06-28 00:11:00+00:00,20000.0,40172.83950617284,172.839506172837,0.0,0.0,,172.839506172837,mean
B0,NEARUSDT,2026-06-28 00:11:00+00:00,2026-06-28 01:06:00+00:00,20000.0,39718.89640812077,281.10359187923314,0.0,0.0,,281.10359187923314,mean
B0,NEARUSDT,2026-06-28 06:16:00+00:00,2026-06-28 07:36:00+00:00,20000.0,40172.59978425027,172.5997842502693,0.0,0.0,,172.5997842502693,mean
B0,AAVEUSDT,2026-06-28 07:31:00+00:00,2026-06-28 11:31:00+00:00,20000.0,39683.13345802619,-316.8665419738136,0.0,0.0,,-316.8665419738136,timeout
B0,TRXUSDT,2026-06-28 12:36:00+00:00,2026-06-28 14:01:00+00:00,20000.0,39958.067400487154,41.93259951284199,0.0,0.0,,41.93259951284199,mean
B0,NEARUSDT,2026-06-28 17:31:00+00:00,2026-06-28 19:01:00+00:00,20000.0,40087.67123287671,87.67123287670984,0.0,0.0,,87.67123287670984,mean
B0,AVAXUSDT,2026-06-28 20:26:00+00:00,2026-06-28 21:21:00+00:00,20000.0,39792.60176443275,207.3982355672488,0.0,0.0,,207.3982355672488,mean
B0,SOLUSDT,2026-06-29 03:11:00+00:00,2026-06-29 04:21:00+00:00,20000.0,39726.85058727124,273.1494127287624,0.0,0.0,,273.1494127287624,mean
B0,AVAXUSDT,2026-06-29 03:31:00+00:00,2026-06-29 04:36:00+00:00,20000.0,39702.12125771024,297.8787422897549,0.0,0.0,,297.8787422897549,mean
B0,BCHUSDT,2026-06-29 06:26:00+00:00,2026-06-29 08:26:00+00:00,20000.0,39901.527841226336,98.47215877366398,0.0,0.0,,98.47215877366398,mean
B0,BTCUSDT,2026-06-29 12:21:00+00:00,2026-06-29 12:46:00+00:00,20000.0,39784.61112265392,215.3888773460785,0.0,0.0,,215.3888773460785,mean
B0,BTCUSDT,2026-06-29 14:11:00+00:00,2026-06-29 15:36:00+00:00,20000.0,40163.60097849739,163.60097849738304,0.0,0.0,,163.60097849738304,mean
B0,TRXUSDT,2026-06-29 17:06:00+00:00,2026-06-29 17:31:00+00:00,20000.0,40061.66879496683,61.66879496683032,0.0,0.0,,61.66879496683032,mean
B0,AVAXUSDT,2026-06-29 17:11:00+00:00,2026-06-29 18:56:00+00:00,20000.0,39890.48394257807,109.51605742193352,0.0,0.0,,109.51605742193352,mean
B0,XRPUSDT,2026-06-29 19:46:00+00:00,2026-06-29 20:31:00+00:00,20000.0,39847.47023809524,152.5297619047633,0.0,0.0,,152.5297619047633,mean
B0,BNBUSDT,2026-06-29 16:51:00+00:00,2026-06-29 20:46:00+00:00,20000.0,40114.08685669184,-114.08685669183978,0.0,0.0,,-114.08685669183978,mean
B0,ETHUSDT,2026-06-29 17:31:00+00:00,2026-06-29 20:51:00+00:00,20000.0,39864.30913492477,135.6908650752339,0.0,0.0,,135.6908650752339,mean
B0,UNIUSDT,2026-06-29 23:26:00+00:00,2026-06-30 02:11:00+00:00,20000.0,39923.822714681446,-76.17728531855755,0.0,0.0,,-76.17728531855755,mean
B0,TRXUSDT,2026-06-30 00:46:00+00:00,2026-06-30 02:41:00+00:00,20000.0,39998.74890529213,-1.2510947078699246,0.0,0.0,,-1.2510947078699246,mean
B0,XLMUSDT,2026-06-30 02:06:00+00:00,2026-06-30 04:36:00+00:00,20000.0,40785.97272474256,-785.9727247425544,0.0,0.0,,-785.9727247425544,stop
B0,XLMUSDT,2026-06-30 04:36:00+00:00,2026-06-30 06:56:00+00:00,20000.0,39726.84912431043,273.15087568957097,0.0,0.0,,273.15087568957097,mean
B0,XLMUSDT,2026-06-30 08:51:00+00:00,2026-06-30 10:56:00+00:00,20000.0,40043.50978970268,43.50978970267897,0.0,0.0,,43.50978970267897,mean
B0,FILUSDT,2026-06-30 10:26:00+00:00,2026-06-30 11:16:00+00:00,20000.0,39756.75675675676,243.2432432432433,0.0,0.0,,243.2432432432433,mean
B0,TRXUSDT,2026-06-30 11:06:00+00:00,2026-06-30 13:16:00+00:00,20000.0,40036.61962938409,36.61962938409488,0.0,0.0,,36.61962938409488,mean
B0,UNIUSDT,2026-06-30 11:31:00+00:00,2026-06-30 14:01:00+00:00,20000.0,39964.08045977012,-35.91954022988284,0.0,0.0,,-35.91954022988284,mean
B0,DOGEUSDT,2026-06-30 12:06:00+00:00,2026-06-30 14:06:00+00:00,20000.0,39988.73873873873,-11.261261261264735,0.0,0.0,,-11.261261261264735,mean
B0,NEARUSDT,2026-06-30 13:16:00+00:00,2026-06-30 14:16:00+00:00,20000.0,40384.397964951946,384.3979649519497,0.0,0.0,,384.3979649519497,mean
B0,XLMUSDT,2026-06-30 15:51:00+00:00,2026-06-30 18:01:00+00:00,20000.0,39866.841301025976,133.15869897402445,0.0,0.0,,133.15869897402445,mean
B0,HBARUSDT,2026-06-30 18:01:00+00:00,2026-06-30 19:01:00+00:00,20000.0,40261.43790849674,261.4379084967368,0.0,0.0,,261.4379084967368,mean
B0,TRXUSDT,2026-06-30 16:51:00+00:00,2026-06-30 19:11:00+00:00,20000.0,40027.34760072503,27.347600725028315,0.0,0.0,,27.347600725028315,mean
B0,XLMUSDT,2026-06-30 18:16:00+00:00,2026-06-30 19:26:00+00:00,20000.0,39962.09044137557,37.90955862442934,0.0,0.0,,37.90955862442934,mean
B0,XLMUSDT,2026-06-30 23:41:00+00:00,2026-07-01 00:36:00+00:00,20000.0,40641.10085871247,-641.100858712467,0.0,0.0,,-641.100858712467,stop
B0,NEARUSDT,2026-07-01 01:16:00+00:00,2026-07-01 01:41:00+00:00,20000.0,40366.132723112125,366.1327231121286,0.0,0.0,,366.1327231121286,mean
B0,XLMUSDT,2026-07-01 00:36:00+00:00,2026-07-01 02:01:00+00:00,20000.0,40714.21188630491,-714.2118863049109,0.0,0.0,,-714.2118863049109,stop
B0,XLMUSDT,2026-07-01 02:01:00+00:00,2026-07-01 02:56:00+00:00,20000.0,40638.6906840976,-638.6906840975971,0.0,0.0,,-638.6906840975971,stop
B0,XLMUSDT,2026-07-01 02:56:00+00:00,2026-07-01 04:36:00+00:00,20000.0,39432.32919104492,567.6708089550775,0.0,0.0,,567.6708089550775,mean
B0,BCHUSDT,2026-07-01 03:46:00+00:00,2026-07-01 05:16:00+00:00,20000.0,39654.84271918921,345.1572808107885,0.0,0.0,,345.1572808107885,mean
B0,ADAUSDT,2026-07-01 03:41:00+00:00,2026-07-01 06:36:00+00:00,20000.0,40161.72506738544,-161.7250673854469,0.0,0.0,,-161.7250673854469,mean
B0,HBARUSDT,2026-07-01 07:11:00+00:00,2026-07-01 08:46:00+00:00,20000.0,40104.77299185099,104.77299185099037,0.0,0.0,,104.77299185099037,mean
B0,UNIUSDT,2026-07-01 08:31:00+00:00,2026-07-01 11:06:00+00:00,20000.0,40087.49544294568,87.4954429456775,0.0,0.0,,87.4954429456775,mean
B0,BNBUSDT,2026-07-01 11:06:00+00:00,2026-07-01 12:21:00+00:00,20000.0,40107.02910895489,107.02910895489184,0.0,0.0,,107.02910895489184,mean
B0,LTCUSDT,2026-07-01 12:36:00+00:00,2026-07-01 13:46:00+00:00,20000.0,40086.91453404153,86.91453404152344,0.0,0.0,,86.91453404152344,mean
B0,BNBUSDT,2026-07-01 13:51:00+00:00,2026-07-01 16:51:00+00:00,20000.0,40101.57273918742,-101.57273918741704,0.0,0.0,,-101.57273918741704,mean
B0,ADAUSDT,2026-07-01 14:06:00+00:00,2026-07-01 16:51:00+00:00,20000.0,40090.673575129535,-90.67357512953096,0.0,0.0,,-90.67357512953096,mean
B0,BTCUSDT,2026-07-01 13:56:00+00:00,2026-07-01 17:06:00+00:00,20000.0,40139.06992566546,-139.06992566545887,0.0,0.0,,-139.06992566545887,mean
B0,HBARUSDT,2026-07-01 17:26:00+00:00,2026-07-01 18:56:00+00:00,20000.0,39833.8410412628,166.15895873719637,0.0,0.0,,166.15895873719637,mean
B0,HBARUSDT,2026-07-01 19:06:00+00:00,2026-07-01 19:31:00+00:00,20000.0,39851.137146795314,148.86285320468596,0.0,0.0,,148.86285320468596,mean
B0,LTCUSDT,2026-07-01 21:31:00+00:00,2026-07-01 22:56:00+00:00,20000.0,39893.49386432045,106.50613567955224,0.0,0.0,,106.50613567955224,mean
B0,SUIUSDT,2026-07-01 21:21:00+00:00,2026-07-01 23:06:00+00:00,20000.0,39930.776685587705,69.22331441229471,0.0,0.0,,69.22331441229471,mean
B0,BCHUSDT,2026-07-01 23:31:00+00:00,2026-07-02 00:41:00+00:00,20000.0,40228.77841856919,228.77841856918167,0.0,0.0,,228.77841856918167,mean
B0,DOTUSDT,2026-07-02 00:06:00+00:00,2026-07-02 01:01:00+00:00,20000.0,40072.6392251816,72.63922518159961,0.0,0.0,,72.63922518159961,mean
B0,XLMUSDT,2026-07-02 00:21:00+00:00,2026-07-02 01:51:00+00:00,20000.0,40112.98854707,112.98854707000282,0.0,0.0,,112.98854707000282,mean
B0,XLMUSDT,2026-07-02 02:51:00+00:00,2026-07-02 04:06:00+00:00,20000.0,39739.500792393024,260.49920760697205,0.0,0.0,,260.49920760697205,mean
B0,NEARUSDT,2026-07-02 01:21:00+00:00,2026-07-02 04:16:00+00:00,20000.0,40589.18050348152,-589.1805034815225,0.0,0.0,,-589.1805034815225,stop
B0,HBARUSDT,2026-07-02 02:01:00+00:00,2026-07-02 04:31:00+00:00,20000.0,39969.95766762256,30.04233237743756,0.0,0.0,,30.04233237743756,mean
B0,BTCUSDT,2026-07-02 04:06:00+00:00,2026-07-02 05:06:00+00:00,20000.0,39921.13580198293,78.86419801707234,0.0,0.0,,78.86419801707234,mean
B0,NEARUSDT,2026-07-02 04:16:00+00:00,2026-07-02 05:46:00+00:00,20000.0,39833.50676378772,166.49323621227813,0.0,0.0,,166.49323621227813,mean
B0,TRXUSDT,2026-07-02 08:11:00+00:00,2026-07-02 09:36:00+00:00,20000.0,39962.19996219996,37.80003780003972,0.0,0.0,,37.80003780003972,mean
B0,UNIUSDT,2026-07-02 09:51:00+00:00,2026-07-02 11:26:00+00:00,20000.0,40589.05058905059,-589.0505890505883,0.0,0.0,,-589.0505890505883,stop
B0,BTCUSDT,2026-07-02 09:56:00+00:00,2026-07-02 12:21:00+00:00,20000.0,39942.41776934847,57.58223065153652,0.0,0.0,,57.58223065153652,mean
B0,SOLUSDT,2026-07-02 11:26:00+00:00,2026-07-02 12:46:00+00:00,20000.0,39677.92710981959,322.07289018041047,0.0,0.0,,322.07289018041047,mean
B0,UNIUSDT,2026-07-02 12:21:00+00:00,2026-07-02 12:56:00+00:00,20000.0,40577.54704737184,-577.5470473718378,0.0,0.0,,-577.5470473718378,stop
B0,XRPUSDT,2026-07-02 09:36:00+00:00,2026-07-02 13:36:00+00:00,20000.0,40553.69751021925,-553.6975102192482,0.0,0.0,,-553.6975102192482,timeout
B0,ETHUSDT,2026-07-02 13:51:00+00:00,2026-07-02 16:31:00+00:00,20000.0,39770.61133250238,229.38866749761652,0.0,0.0,,229.38866749761652,mean
B0,UNIUSDT,2026-07-02 12:56:00+00:00,2026-07-02 16:56:00+00:00,20000.0,40454.11542100284,-454.1154210028399,0.0,0.0,,-454.1154210028399,timeout
B0,BCHUSDT,2026-07-02 17:51:00+00:00,2026-07-02 19:01:00+00:00,20000.0,39760.04313831222,239.9568616877841,0.0,0.0,,239.9568616877841,mean
B0,UNIUSDT,2026-07-02 16:56:00+00:00,2026-07-02 19:06:00+00:00,20000.0,39981.49861239593,18.50138760406844,0.0,0.0,,18.50138760406844,mean
B0,HBARUSDT,2026-07-02 18:51:00+00:00,2026-07-02 22:51:00+00:00,20000.0,39396.76446394296,-603.2355360570364,0.0,0.0,,-603.2355360570364,timeout
B0,HBARUSDT,2026-07-02 22:51:00+00:00,2026-07-03 00:56:00+00:00,20000.0,40081.99038733389,81.99038733389534,0.0,0.0,,81.99038733389534,mean
B0,BCHUSDT,2026-07-03 01:26:00+00:00,2026-07-03 02:36:00+00:00,20000.0,39777.20345780233,222.796542197666,0.0,0.0,,222.796542197666,mean
B0,ADAUSDT,2026-07-03 01:31:00+00:00,2026-07-03 04:11:00+00:00,20000.0,40060.71645415908,-60.71645415907551,0.0,0.0,,-60.71645415907551,mean
B0,XLMUSDT,2026-07-03 09:21:00+00:00,2026-07-03 09:41:00+00:00,20000.0,39694.12343250553,305.8765674944698,0.0,0.0,,305.8765674944698,mean
B0,TRXUSDT,2026-07-03 06:21:00+00:00,2026-07-03 10:21:00+00:00,20000.0,40084.10745669094,-84.1074566909374,0.0,0.0,,-84.1074566909374,timeout
B0,ADAUSDT,2026-07-03 09:16:00+00:00,2026-07-03 12:21:00+00:00,20000.0,40059.66587112172,-59.66587112172056,0.0,0.0,,-59.66587112172056,mean
B0,ETHUSDT,2026-07-03 10:46:00+00:00,2026-07-03 12:21:00+00:00,20000.0,39897.02674779015,102.9732522098493,0.0,0.0,,102.9732522098493,mean
B0,NEARUSDT,2026-07-03 11:06:00+00:00,2026-07-03 13:36:00+00:00,20000.0,40628.11565304088,-628.1156530408771,0.0,0.0,,-628.1156530408771,stop
B0,NEARUSDT,2026-07-03 13:36:00+00:00,2026-07-03 15:16:00+00:00,20000.0,39884.00193330112,115.99806669888858,0.0,0.0,,115.99806669888858,mean
B0,FILUSDT,2026-07-03 15:16:00+00:00,2026-07-03 15:41:00+00:00,20000.0,39900.24937655861,99.75062344139587,0.0,0.0,,99.75062344139587,mean
B0,DOGEUSDT,2026-07-03 15:11:00+00:00,2026-07-03 15:46:00+00:00,20000.0,39769.51961672925,230.48038327074755,0.0,0.0,,230.48038327074755,mean
B0,AAVEUSDT,2026-07-03 14:26:00+00:00,2026-07-03 15:51:00+00:00,20000.0,39577.18564192909,422.8143580709075,0.0,0.0,,422.8143580709075,mean
B0,ADAUSDT,2026-07-03 15:56:00+00:00,2026-07-03 18:36:00+00:00,20000.0,40821.759259259255,-821.7592592592591,0.0,0.0,,-821.7592592592591,stop
B0,ADAUSDT,2026-07-03 18:36:00+00:00,2026-07-03 21:21:00+00:00,20000.0,39933.29627570872,66.70372429127383,0.0,0.0,,66.70372429127383,mean
B0,HBARUSDT,2026-07-03 20:26:00+00:00,2026-07-03 21:36:00+00:00,20000.0,39676.41903734663,323.58096265336644,0.0,0.0,,323.58096265336644,mean
B0,LTCUSDT,2026-07-03 20:41:00+00:00,2026-07-03 22:41:00+00:00,20000.0,39928.8256227758,71.17437722420073,0.0,0.0,,71.17437722420073,mean
B0,TRXUSDT,2026-07-03 21:31:00+00:00,2026-07-04 01:31:00+00:00,20000.0,40052.03171456888,-52.03171456888231,0.0,0.0,,-52.03171456888231,timeout
B0,DOTUSDT,2026-07-04 01:11:00+00:00,2026-07-04 02:31:00+00:00,20000.0,40045.87155963303,45.87155963302576,0.0,0.0,,45.87155963302576,mean
B0,XLMUSDT,2026-07-04 02:31:00+00:00,2026-07-04 03:06:00+00:00,20000.0,39713.9451728248,286.05482717520863,0.0,0.0,,286.05482717520863,mean
B0,LTCUSDT,2026-07-04 01:31:00+00:00,2026-07-04 03:36:00+00:00,20000.0,40076.97532261716,76.97532261716333,0.0,0.0,,76.97532261716333,mean
B0,SOLUSDT,2026-07-04 04:41:00+00:00,2026-07-04 05:26:00+00:00,20000.0,39830.305927342255,169.69407265774498,0.0,0.0,,169.69407265774498,mean
B0,BNBUSDT,2026-07-04 08:51:00+00:00,2026-07-04 09:41:00+00:00,20000.0,39872.67333946259,127.32666053741195,0.0,0.0,,127.32666053741195,mean
B0,HBARUSDT,2026-07-04 10:01:00+00:00,2026-07-04 11:26:00+00:00,20000.0,39978.168917997,21.83108200300194,0.0,0.0,,21.83108200300194,mean
B0,TRXUSDT,2026-07-04 10:26:00+00:00,2026-07-04 12:21:00+00:00,20000.0,39990.77434036533,9.225659634666954,0.0,0.0,,9.225659634666954,mean
B0,XRPUSDT,2026-07-04 12:31:00+00:00,2026-07-04 12:51:00+00:00,20000.0,39880.07299904406,119.9270009559441,0.0,0.0,,119.9270009559441,mean
B0,ADAUSDT,2026-07-04 15:01:00+00:00,2026-07-04 16:01:00+00:00,20000.0,40648.2982171799,-648.2982171799013,0.0,0.0,,-648.2982171799013,stop
B0,ADAUSDT,2026-07-04 16:01:00+00:00,2026-07-04 16:31:00+00:00,20000.0,40732.60073260073,-732.6007326007311,0.0,0.0,,-732.6007326007311,stop
B0,XRPUSDT,2026-07-04 13:21:00+00:00,2026-07-04 17:21:00+00:00,20000.0,40205.08401551056,-205.0840155105543,0.0,0.0,,-205.0840155105543,timeout
B0,HBARUSDT,2026-07-04 18:26:00+00:00,2026-07-04 19:16:00+00:00,20000.0,39728.05280528053,271.94719471947246,0.0,0.0,,271.94719471947246,mean
B0,ADAUSDT,2026-07-04 16:31:00+00:00,2026-07-04 19:31:00+00:00,20000.0,39535.58808682484,464.4119131751613,0.0,0.0,,464.4119131751613,mean
B0,HBARUSDT,2026-07-04 21:26:00+00:00,2026-07-04 22:21:00+00:00,20000.0,39884.04269337199,115.9573066280136,0.0,0.0,,115.9573066280136,mean
B0,BCHUSDT,2026-07-04 22:11:00+00:00,2026-07-04 22:51:00+00:00,20000.0,39785.72033539426,214.27966460573955,0.0,0.0,,214.27966460573955,mean
B0,HBARUSDT,2026-07-04 22:51:00+00:00,2026-07-05 00:26:00+00:00,20000.0,39958.07677191144,41.92322808855897,0.0,0.0,,41.92322808855897,mean
B0,BCHUSDT,2026-07-05 01:06:00+00:00,2026-07-05 02:16:00+00:00,20000.0,39726.16505464137,273.8349453586234,0.0,0.0,,273.8349453586234,mean
B0,SUIUSDT,2026-07-05 00:11:00+00:00,2026-07-05 04:11:00+00:00,20000.0,39554.79452054795,-445.2054794520554,0.0,0.0,,-445.2054794520554,timeout
B0,DOGEUSDT,2026-07-05 02:51:00+00:00,2026-07-05 04:36:00+00:00,20000.0,40057.88712011578,57.88712011577445,0.0,0.0,,57.88712011577445,mean
B0,BCHUSDT,2026-07-05 04:26:00+00:00,2026-07-05 05:51:00+00:00,20000.0,39842.32918995578,157.6708100442156,0.0,0.0,,157.6708100442156,mean
B0,AVAXUSDT,2026-07-05 03:46:00+00:00,2026-07-05 06:36:00+00:00,20000.0,39961.75908221797,-38.24091778203001,0.0,0.0,,-38.24091778203001,mean
B0,BNBUSDT,2026-07-05 08:36:00+00:00,2026-07-05 09:31:00+00:00,20000.0,39901.857451403885,98.14254859611538,0.0,0.0,,98.14254859611538,mean
B0,ADAUSDT,2026-07-05 10:06:00+00:00,2026-07-05 12:31:00+00:00,20000.0,40075.2688172043,75.26881720430174,0.0,0.0,,75.26881720430174,mean
B0,TRXUSDT,2026-07-05 12:06:00+00:00,2026-07-05 16:06:00+00:00,20000.0,40207.15861730816,-207.15861730816323,0.0,0.0,,-207.15861730816323,timeout
B0,BNBUSDT,2026-07-05 12:26:00+00:00,2026-07-05 16:16:00+00:00,20000.0,40132.1752265861,-132.17522658610324,0.0,0.0,,-132.17522658610324,mean
B0,LTCUSDT,2026-07-05 15:31:00+00:00,2026-07-05 16:31:00+00:00,20000.0,39876.54320987655,123.456790123455,0.0,0.0,,123.456790123455,mean
B0,DOGEUSDT,2026-07-05 17:26:00+00:00,2026-07-05 17:46:00+00:00,20000.0,39873.72761242108,126.27238757891972,0.0,0.0,,126.27238757891972,mean
B0,LTCUSDT,2026-07-05 18:26:00+00:00,2026-07-05 19:46:00+00:00,20000.0,39934.44055944056,65.55944055944201,0.0,0.0,,65.55944055944201,mean
B0,BNBUSDT,2026-07-05 18:51:00+00:00,2026-07-05 20:21:00+00:00,20000.0,39931.63318836411,68.3668116358931,0.0,0.0,,68.3668116358931,mean
B0,BCHUSDT,2026-07-05 19:16:00+00:00,2026-07-05 21:06:00+00:00,20000.0,39910.87125393516,89.12874606484547,0.0,0.0,,89.12874606484547,mean
B0,NEARUSDT,2026-07-05 21:21:00+00:00,2026-07-05 23:11:00+00:00,20000.0,39891.89189189189,108.10810810810652,0.0,0.0,,108.10810810810652,mean
B0,XRPUSDT,2026-07-05 22:21:00+00:00,2026-07-06 00:21:00+00:00,20000.0,39948.05194805194,51.94805194805667,0.0,0.0,,51.94805194805667,mean
B0,BTCUSDT,2026-07-05 22:31:00+00:00,2026-07-06 00:26:00+00:00,20000.0,39879.79883936141,120.20116063858586,0.0,0.0,,120.20116063858586,mean
B0,LTCUSDT,2026-07-06 02:11:00+00:00,2026-07-06 06:11:00+00:00,20000.0,39801.14891736633,-198.85108263367147,0.0,0.0,,-198.85108263367147,timeout
B0,SUIUSDT,2026-07-06 05:31:00+00:00,2026-07-06 07:31:00+00:00,20000.0,40087.03930368557,87.03930368557121,0.0,0.0,,87.03930368557121,mean
B0,AAVEUSDT,2026-07-06 06:06:00+00:00,2026-07-06 08:41:00+00:00,20000.0,39948.87752833963,51.12247166036832,0.0,0.0,,51.12247166036832,mean
B0,BNBUSDT,2026-07-06 09:41:00+00:00,2026-07-06 10:26:00+00:00,20000.0,40089.71250432976,89.71250432975285,0.0,0.0,,89.71250432975285,mean
B0,XLMUSDT,2026-07-06 10:26:00+00:00,2026-07-06 11:11:00+00:00,20000.0,39790.55064909994,209.44935090005677,0.0,0.0,,209.44935090005677,mean
B0,TRXUSDT,2026-07-06 08:16:00+00:00,2026-07-06 11:26:00+00:00,20000.0,39998.16737935247,-1.832620647528529,0.0,0.0,,-1.832620647528529,mean
B0,AAVEUSDT,2026-07-06 10:06:00+00:00,2026-07-06 12:01:00+00:00,20000.0,39917.00338538823,82.99661461177311,0.0,0.0,,82.99661461177311,mean
B0,FILUSDT,2026-07-06 12:06:00+00:00,2026-07-06 13:51:00+00:00,20000.0,40315.37450722733,315.3745072273341,0.0,0.0,,315.3745072273341,mean
B0,BTCUSDT,2026-07-06 12:11:00+00:00,2026-07-06 14:31:00+00:00,20000.0,40057.37620179882,57.37620179882288,0.0,0.0,,57.37620179882288,mean
B0,XRPUSDT,2026-07-06 12:51:00+00:00,2026-07-06 14:41:00+00:00,20000.0,40141.704035874434,141.70403587444162,0.0,0.0,,141.70403587444162,mean
B0,AAVEUSDT,2026-07-06 13:51:00+00:00,2026-07-06 16:21:00+00:00,20000.0,40721.96784155042,-721.9678415504204,0.0,0.0,,-721.9678415504204,stop
B0,NEARUSDT,2026-07-06 15:21:00+00:00,2026-07-06 18:16:00+00:00,20000.0,40165.8536585366,-165.85365853659096,0.0,0.0,,-165.85365853659096,mean
B0,BTCUSDT,2026-07-06 15:56:00+00:00,2026-07-06 19:56:00+00:00,20000.0,40119.97275066862,-119.97275066861766,0.0,0.0,,-119.97275066861766,timeout
B0,DOTUSDT,2026-07-06 16:41:00+00:00,2026-07-06 20:06:00+00:00,20000.0,39932.584269662926,67.41573033707755,0.0,0.0,,67.41573033707755,mean
B0,BCHUSDT,2026-07-06 18:41:00+00:00,2026-07-06 22:11:00+00:00,20000.0,40045.57848044602,-45.57848044601997,0.0,0.0,,-45.57848044601997,mean
B0,ETHUSDT,2026-07-06 21:11:00+00:00,2026-07-06 22:56:00+00:00,20000.0,39770.71682487169,229.2831751283084,0.0,0.0,,229.2831751283084,mean
B0,SUIUSDT,2026-07-06 21:56:00+00:00,2026-07-06 23:06:00+00:00,20000.0,39855.548260013136,144.45173998686732,0.0,0.0,,144.45173998686732,mean
B0,BCHUSDT,2026-07-06 23:41:00+00:00,2026-07-07 03:41:00+00:00,20000.0,39721.6930340429,-278.3069659570974,0.0,0.0,,-278.3069659570974,timeout
B0,AVAXUSDT,2026-07-07 01:06:00+00:00,2026-07-07 05:06:00+00:00,20000.0,39659.38864628821,-340.611353711789,0.0,0.0,,-340.611353711789,timeout
B0,AAVEUSDT,2026-07-07 02:16:00+00:00,2026-07-07 05:36:00+00:00,20000.0,39997.826795610126,-2.173204389873717,0.0,0.0,,-2.173204389873717,mean
B0,DOTUSDT,2026-07-07 03:41:00+00:00,2026-07-07 05:41:00+00:00,20000.0,40046.51162790698,46.51162790697708,0.0,0.0,,46.51162790697708,mean
B0,AVAXUSDT,2026-07-07 05:16:00+00:00,2026-07-07 06:36:00+00:00,20000.0,40184.93661446682,184.9366144668165,0.0,0.0,,184.9366144668165,mean
B0,AAVEUSDT,2026-07-07 07:21:00+00:00,2026-07-07 08:31:00+00:00,20000.0,39838.3666524883,161.63334751169896,0.0,0.0,,161.63334751169896,mean
B0,AAVEUSDT,2026-07-07 14:41:00+00:00,2026-07-07 15:41:00+00:00,20000.0,40200.44052863436,200.4405286343608,0.0,0.0,,200.4405286343608,mean
B0,FILUSDT,2026-07-07 15:56:00+00:00,2026-07-07 18:06:00+00:00,20000.0,40000.0,0.0,0.0,0.0,,0.0,mean
B0,BNBUSDT,2026-07-07 15:51:00+00:00,2026-07-07 18:16:00+00:00,20000.0,39992.14346712212,7.856532877882273,0.0,0.0,,7.856532877882273,mean
B0,NEARUSDT,2026-07-07 15:31:00+00:00,2026-07-07 18:31:00+00:00,20000.0,40058.53658536586,-58.53658536585863,0.0,0.0,,-58.53658536585863,mean
B0,UNIUSDT,2026-07-07 18:46:00+00:00,2026-07-07 19:01:00+00:00,20000.0,39642.42424242424,357.57575757575614,0.0,0.0,,357.57575757575614,mean
B0,DOTUSDT,2026-07-07 19:11:00+00:00,2026-07-07 20:01:00+00:00,20000.0,40187.134502923975,187.13450292397465,0.0,0.0,,187.13450292397465,mean
B0,FILUSDT,2026-07-07 19:06:00+00:00,2026-07-07 23:06:00+00:00,20000.0,39846.547314578005,-153.45268542199483,0.0,0.0,,-153.45268542199483,timeout
B0,SUIUSDT,2026-07-07 21:26:00+00:00,2026-07-07 23:06:00+00:00,20000.0,40046.74182018147,46.74182018146894,0.0,0.0,,46.74182018146894,mean
B0,NEARUSDT,2026-07-07 19:16:00+00:00,2026-07-07 23:16:00+00:00,20000.0,39840.31936127745,-159.68063872255516,0.0,0.0,,-159.68063872255516,timeout
B0,AVAXUSDT,2026-07-08 01:46:00+00:00,2026-07-08 02:26:00+00:00,20000.0,39382.32161874334,-617.6783812566573,0.0,0.0,,-617.6783812566573,stop
B0,AAVEUSDT,2026-07-08 00:21:00+00:00,2026-07-08 04:21:00+00:00,20000.0,39740.143369175625,-259.8566308243717,0.0,0.0,,-259.8566308243717,timeout
B0,AVAXUSDT,2026-07-08 02:26:00+00:00,2026-07-08 05:21:00+00:00,20000.0,40226.059654631084,226.0596546310844,0.0,0.0,,226.0596546310844,mean
B0,SOLUSDT,2026-07-08 01:41:00+00:00,2026-07-08 05:41:00+00:00,20000.0,39870.83702671901,-129.16297328099245,0.0,0.0,,-129.16297328099245,timeout
B0,UNIUSDT,2026-07-08 05:11:00+00:00,2026-07-08 06:36:00+00:00,20000.0,39718.73129862358,281.26870137642254,0.0,0.0,,281.26870137642254,mean
B0,UNIUSDT,2026-07-08 08:31:00+00:00,2026-07-08 09:31:00+00:00,20000.0,40447.3850031506,447.3850031505972,0.0,0.0,,447.3850031505972,mean
B0,FILUSDT,2026-07-08 08:21:00+00:00,2026-07-08 10:31:00+00:00,20000.0,39922.974767596286,-77.02523240371738,0.0,0.0,,-77.02523240371738,mean
B0,TRXUSDT,2026-07-08 08:56:00+00:00,2026-07-08 11:56:00+00:00,20000.0,39982.91641244662,-17.08358755338486,0.0,0.0,,-17.08358755338486,mean
B0,ETHUSDT,2026-07-08 15:16:00+00:00,2026-07-08 16:11:00+00:00,20000.0,40118.59549383723,118.5954938372306,0.0,0.0,,118.5954938372306,mean
B0,UNIUSDT,2026-07-08 17:06:00+00:00,2026-07-08 17:56:00+00:00,20000.0,39838.27493261456,161.72506738544325,0.0,0.0,,161.72506738544325,mean
B0,UNIUSDT,2026-07-08 21:16:00+00:00,2026-07-08 22:36:00+00:00,20000.0,40154.65511908444,154.65511908444023,0.0,0.0,,154.65511908444023,mean
B0,SOLUSDT,2026-07-09 01:11:00+00:00,2026-07-09 01:41:00+00:00,20000.0,39795.840244991705,204.1597550082988,0.0,0.0,,204.1597550082988,mean
B0,UNIUSDT,2026-07-09 01:16:00+00:00,2026-07-09 01:51:00+00:00,20000.0,39631.281593815045,368.7184061849512,0.0,0.0,,368.7184061849512,mean
B0,SUIUSDT,2026-07-09 05:01:00+00:00,2026-07-09 07:26:00+00:00,20000.0,39922.92870905588,77.07129094412448,0.0,0.0,,77.07129094412448,mean
B0,HBARUSDT,2026-07-09 05:31:00+00:00,2026-07-09 07:46:00+00:00,20000.0,39864.48334274422,135.51665725578275,0.0,0.0,,135.51665725578275,mean
B0,TRXUSDT,2026-07-09 04:26:00+00:00,2026-07-09 08:26:00+00:00,20000.0,40084.24242424242,-84.24242424242402,0.0,0.0,,-84.24242424242402,timeout
B0,AVAXUSDT,2026-07-09 07:26:00+00:00,2026-07-09 09:36:00+00:00,20000.0,39843.38061465721,156.61938534279034,0.0,0.0,,156.61938534279034,mean
B0,AAVEUSDT,2026-07-09 12:31:00+00:00,2026-07-09 16:31:00+00:00,20000.0,40243.33591416878,-243.33591416878696,0.0,0.0,,-243.33591416878696,timeout
B0,FILUSDT,2026-07-09 15:21:00+00:00,2026-07-09 17:11:00+00:00,20000.0,39883.455789207,116.544210793003,0.0,0.0,,116.544210793003,mean
B0,UNIUSDT,2026-07-09 18:16:00+00:00,2026-07-09 19:01:00+00:00,20000.0,39661.31386861314,338.68613138686123,0.0,0.0,,338.68613138686123,mean
B0,XLMUSDT,2026-07-09 18:31:00+00:00,2026-07-09 20:51:00+00:00,20000.0,40052.92148180149,-52.92148180149161,0.0,0.0,,-52.92148180149161,mean
B0,UNIUSDT,2026-07-09 21:06:00+00:00,2026-07-09 22:36:00+00:00,20000.0,39900.7299270073,99.27007299269826,0.0,0.0,,99.27007299269826,mean
B0,UNIUSDT,2026-07-10 01:31:00+00:00,2026-07-10 03:26:00+00:00,20000.0,39988.44598497978,11.554015020221414,0.0,0.0,,11.554015020221414,mean
B0,LINKUSDT,2026-07-10 02:06:00+00:00,2026-07-10 05:06:00+00:00,20000.0,40027.92941475181,-27.92941475180851,0.0,0.0,,-27.92941475180851,mean
B0,DOTUSDT,2026-07-10 03:06:00+00:00,2026-07-10 06:21:00+00:00,20000.0,40023.75296912114,-23.752969121142087,0.0,0.0,,-23.752969121142087,mean
B0,TRXUSDT,2026-07-10 05:56:00+00:00,2026-07-10 06:26:00+00:00,20000.0,39944.13072209541,55.86927790459959,0.0,0.0,,55.86927790459959,mean
B0,UNIUSDT,2026-07-10 05:46:00+00:00,2026-07-10 06:31:00+00:00,20000.0,39756.993500988974,243.00649901102224,0.0,0.0,,243.00649901102224,mean
B0,DOTUSDT,2026-07-10 08:21:00+00:00,2026-07-10 09:51:00+00:00,20000.0,40675.99067599067,-675.9906759906771,0.0,0.0,,-675.9906759906771,stop
B0,AAVEUSDT,2026-07-10 07:31:00+00:00,2026-07-10 10:06:00+00:00,20000.0,40581.787521079255,-581.787521079259,0.0,0.0,,-581.787521079259,stop
B0,TRXUSDT,2026-07-10 07:36:00+00:00,2026-07-10 11:36:00+00:00,20000.0,39927.98789712557,-72.01210287443246,0.0,0.0,,-72.01210287443246,timeout
B0,AAVEUSDT,2026-07-10 10:06:00+00:00,2026-07-10 11:46:00+00:00,20000.0,39731.66734944694,268.3326505530531,0.0,0.0,,268.3326505530531,mean
B0,FILUSDT,2026-07-10 12:01:00+00:00,2026-07-10 12:21:00+00:00,20000.0,39760.37549407115,239.62450592885216,0.0,0.0,,239.62450592885216,mean
B0,DOTUSDT,2026-07-10 09:51:00+00:00,2026-07-10 13:01:00+00:00,20000.0,39729.425028184894,270.5749718151055,0.0,0.0,,270.5749718151055,mean
B0,UNIUSDT,2026-07-10 12:36:00+00:00,2026-07-10 14:01:00+00:00,20000.0,39912.28070175438,87.71929824561448,0.0,0.0,,87.71929824561448,mean
B0,BCHUSDT,2026-07-10 13:41:00+00:00,2026-07-10 14:21:00+00:00,20000.0,39712.25296442688,287.74703557312023,0.0,0.0,,287.74703557312023,mean
B0,UNIUSDT,2026-07-10 14:56:00+00:00,2026-07-10 16:21:00+00:00,20000.0,40107.19322990127,107.1932299012733,0.0,0.0,,107.1932299012733,mean
B0,SOLUSDT,2026-07-10 14:16:00+00:00,2026-07-10 17:01:00+00:00,20000.0,39974.43109179239,-25.568908207616914,0.0,0.0,,-25.568908207616914,mean
B0,NEARUSDT,2026-07-10 18:56:00+00:00,2026-07-10 21:11:00+00:00,20000.0,40128.89366272825,128.89366272824918,0.0,0.0,,128.89366272824918,mean
B0,AAVEUSDT,2026-07-11 00:21:00+00:00,2026-07-11 02:31:00+00:00,20000.0,40078.15800591466,78.15800591465813,0.0,0.0,,78.15800591465813,mean
B0,SUIUSDT,2026-07-11 05:41:00+00:00,2026-07-11 07:06:00+00:00,20000.0,39898.585535094746,101.41446490525414,0.0,0.0,,101.41446490525414,mean
B0,HBARUSDT,2026-07-11 08:51:00+00:00,2026-07-11 11:01:00+00:00,20000.0,39310.24531024532,-689.754689754689,0.0,0.0,,-689.754689754689,stop
B0,HBARUSDT,2026-07-11 11:01:00+00:00,2026-07-11 12:01:00+00:00,20000.0,40535.0470781647,535.0470781646982,0.0,0.0,,535.0470781646982,mean
B0,UNIUSDT,2026-07-11 10:26:00+00:00,2026-07-11 13:11:00+00:00,20000.0,40229.43480693901,-229.4348069390071,0.0,0.0,,-229.4348069390071,mean
B0,TRXUSDT,2026-07-11 11:51:00+00:00,2026-07-11 13:56:00+00:00,20000.0,40007.86092214663,-7.860922146635858,0.0,0.0,,-7.860922146635858,mean
B0,AAVEUSDT,2026-07-11 13:26:00+00:00,2026-07-11 14:46:00+00:00,20000.0,39906.929691451696,93.07030854830371,0.0,0.0,,93.07030854830371,mean
B0,ETHUSDT,2026-07-11 15:26:00+00:00,2026-07-11 15:46:00+00:00,20000.0,39854.58649747416,145.41350252583652,0.0,0.0,,145.41350252583652,mean
B0,HBARUSDT,2026-07-11 15:16:00+00:00,2026-07-11 16:11:00+00:00,20000.0,39885.3539696188,114.64603038119822,0.0,0.0,,114.64603038119822,mean
B0,UNIUSDT,2026-07-11 13:41:00+00:00,2026-07-11 16:36:00+00:00,20000.0,40201.19630233823,-201.1963023382268,0.0,0.0,,-201.1963023382268,mean
B0,AAVEUSDT,2026-07-11 15:56:00+00:00,2026-07-11 16:51:00+00:00,20000.0,39818.50817710411,181.49182289589223,0.0,0.0,,181.49182289589223,mean
B0,ADAUSDT,2026-07-11 18:36:00+00:00,2026-07-11 18:56:00+00:00,20000.0,39814.70758540822,185.29241459177865,0.0,0.0,,185.29241459177865,mean
B0,UNIUSDT,2026-07-11 20:46:00+00:00,2026-07-11 22:01:00+00:00,20000.0,39800.99502487562,199.0049751243787,0.0,0.0,,199.0049751243787,mean
B0,FILUSDT,2026-07-11 22:26:00+00:00,2026-07-12 01:26:00+00:00,20000.0,39915.61181434599,-84.38818565400652,0.0,0.0,,-84.38818565400652,mean
B0,DOTUSDT,2026-07-11 23:01:00+00:00,2026-07-12 01:41:00+00:00,20000.0,39814.81481481482,-185.1851851851825,0.0,0.0,,-185.1851851851825,mean
B0,ADAUSDT,2026-07-11 23:11:00+00:00,2026-07-12 02:26:00+00:00,20000.0,39690.1072705602,-309.8927294398054,0.0,0.0,,-309.8927294398054,mean
B0,HBARUSDT,2026-07-12 02:41:00+00:00,2026-07-12 03:21:00+00:00,20000.0,40183.92168495996,183.92168495995796,0.0,0.0,,183.92168495995796,mean
B0,AVAXUSDT,2026-07-12 04:56:00+00:00,2026-07-12 08:11:00+00:00,20000.0,39853.832996423575,-146.1670035764255,0.0,0.0,,-146.1670035764255,mean
B0,SUIUSDT,2026-07-12 08:11:00+00:00,2026-07-12 09:26:00+00:00,20000.0,39913.64188368641,86.35811631358956,0.0,0.0,,86.35811631358956,mean
B0,TRXUSDT,2026-07-12 11:36:00+00:00,2026-07-12 13:46:00+00:00,20000.0,39974.666747089694,25.333252910306328,0.0,0.0,,25.333252910306328,mean
B0,AAVEUSDT,2026-07-12 13:16:00+00:00,2026-07-12 14:11:00+00:00,20000.0,39637.45019920319,362.5498007968162,0.0,0.0,,362.5498007968162,mean
B0,BNBUSDT,2026-07-12 11:46:00+00:00,2026-07-12 14:21:00+00:00,20000.0,40006.205719604906,-6.205719604899059,0.0,0.0,,-6.205719604899059,mean
B0,ETHUSDT,2026-07-12 15:31:00+00:00,2026-07-12 17:16:00+00:00,20000.0,39950.7591750791,49.2408249209002,0.0,0.0,,49.2408249209002,mean
B0,XLMUSDT,2026-07-12 16:11:00+00:00,2026-07-12 17:16:00+00:00,20000.0,39821.82161199036,178.1783880096409,0.0,0.0,,178.1783880096409,mean
B0,BCHUSDT,2026-07-12 22:06:00+00:00,2026-07-13 00:11:00+00:00,20000.0,40216.95760598504,216.9576059850369,0.0,0.0,,216.9576059850369,mean
B0,XRPUSDT,2026-07-12 22:21:00+00:00,2026-07-13 00:11:00+00:00,20000.0,40288.32825062379,288.3282506237847,0.0,0.0,,288.3282506237847,mean
B0,ETHUSDT,2026-07-13 00:16:00+00:00,2026-07-13 00:41:00+00:00,20000.0,39701.7800682423,298.21993175769967,0.0,0.0,,298.21993175769967,mean
B0,ADAUSDT,2026-07-13 02:06:00+00:00,2026-07-13 05:06:00+00:00,20000.0,39987.47651847213,-12.52348152786726,0.0,0.0,,-12.52348152786726,mean
B0,XLMUSDT,2026-07-13 02:01:00+00:00,2026-07-13 05:11:00+00:00,20000.0,39970.68085568465,-29.3191443153446,0.0,0.0,,-29.3191443153446,mean
B0,BCHUSDT,2026-07-13 03:01:00+00:00,2026-07-13 06:21:00+00:00,20000.0,39843.84182688272,-156.1581731172846,0.0,0.0,,-156.1581731172846,mean
B0,NEARUSDT,2026-07-13 07:31:00+00:00,2026-07-13 09:51:00+00:00,20000.0,39906.25,93.74999999999636,0.0,0.0,,93.74999999999636,mean
B0,AVAXUSDT,2026-07-13 09:26:00+00:00,2026-07-13 12:11:00+00:00,20000.0,40030.24345985181,-30.24345985180844,0.0,0.0,,-30.24345985180844,mean
B0,SOLUSDT,2026-07-13 13:51:00+00:00,2026-07-13 14:16:00+00:00,20000.0,40135.54817275748,135.548172757477,0.0,0.0,,135.548172757477,mean
B0,BTCUSDT,2026-07-13 13:56:00+00:00,2026-07-13 14:31:00+00:00,20000.0,40099.64284738836,99.6428473883534,0.0,0.0,,99.6428473883534,mean
B0,TRXUSDT,2026-07-13 10:46:00+00:00,2026-07-13 14:46:00+00:00,20000.0,39958.97498698834,-41.02501301166194,0.0,0.0,,-41.02501301166194,timeout
B0,NEARUSDT,2026-07-13 14:31:00+00:00,2026-07-13 15:56:00+00:00,20000.0,39886.94758478931,113.0524152106882,0.0,0.0,,113.0524152106882,mean
B0,AAVEUSDT,2026-07-13 17:46:00+00:00,2026-07-13 18:26:00+00:00,20000.0,40153.82971904711,153.8297190471094,0.0,0.0,,153.8297190471094,mean
B0,AVAXUSDT,2026-07-13 16:26:00+00:00,2026-07-13 19:36:00+00:00,20000.0,39910.74176669744,-89.25823330255662,0.0,0.0,,-89.25823330255662,mean
B0,XRPUSDT,2026-07-13 17:51:00+00:00,2026-07-13 19:36:00+00:00,20000.0,40071.569827667394,71.5698276673902,0.0,0.0,,71.5698276673902,mean
B0,NEARUSDT,2026-07-13 19:01:00+00:00,2026-07-13 19:46:00+00:00,20000.0,40116.09498680739,116.0949868073876,0.0,0.0,,116.0949868073876,mean
B0,FILUSDT,2026-07-13 21:41:00+00:00,2026-07-13 23:21:00+00:00,20000.0,40222.46337493218,222.4633749321765,0.0,0.0,,222.4633749321765,mean
B0,TRXUSDT,2026-07-13 22:16:00+00:00,2026-07-14 00:56:00+00:00,20000.0,40010.49577082176,10.495770821758924,0.0,0.0,,10.495770821758924,mean
B0,LTCUSDT,2026-07-14 00:31:00+00:00,2026-07-14 02:16:00+00:00,20000.0,39926.80695333943,73.19304666056632,0.0,0.0,,73.19304666056632,mean
B0,UNIUSDT,2026-07-14 01:21:00+00:00,2026-07-14 02:21:00+00:00,20000.0,39850.49833887043,149.50166112956867,0.0,0.0,,149.50166112956867,mean
B0,NEARUSDT,2026-07-14 00:26:00+00:00,2026-07-14 03:21:00+00:00,20000.0,40031.03983445422,-31.03983445421545,0.0,0.0,,-31.03983445421545,mean
B0,BCHUSDT,2026-07-14 02:26:00+00:00,2026-07-14 04:01:00+00:00,20000.0,40067.04198719326,67.04198719326087,0.0,0.0,,67.04198719326087,mean
B0,BCHUSDT,2026-07-14 05:11:00+00:00,2026-07-14 06:41:00+00:00,20000.0,39950.02329422727,49.97670577273311,0.0,0.0,,49.97670577273311,mean
B0,DOTUSDT,2026-07-14 05:46:00+00:00,2026-07-14 06:41:00+00:00,20000.0,39811.09799291617,188.9020070838269,0.0,0.0,,188.9020070838269,mean
B0,NEARUSDT,2026-07-14 06:01:00+00:00,2026-07-14 07:51:00+00:00,20000.0,40000.0,0.0,0.0,0.0,,0.0,mean
B0,ETHUSDT,2026-07-14 12:36:00+00:00,2026-07-14 15:31:00+00:00,20000.0,40603.5110782461,-603.5110782461015,0.0,0.0,,-603.5110782461015,stop
B0,XLMUSDT,2026-07-14 12:26:00+00:00,2026-07-14 16:26:00+00:00,20000.0,40328.77013579636,-328.7701357963597,0.0,0.0,,-328.7701357963597,timeout
B0,LINKUSDT,2026-07-14 13:51:00+00:00,2026-07-14 16:51:00+00:00,20000.0,39973.45559845559,26.544401544404536,0.0,0.0,,26.544401544404536,mean
B0,ADAUSDT,2026-07-14 15:31:00+00:00,2026-07-14 17:11:00+00:00,20000.0,39795.55021046301,204.44978953698228,0.0,0.0,,204.44978953698228,mean
B0,BTCUSDT,2026-07-14 16:26:00+00:00,2026-07-14 17:36:00+00:00,20000.0,39884.988855210286,115.01114478971432,0.0,0.0,,115.01114478971432,mean
B0,XRPUSDT,2026-07-14 19:01:00+00:00,2026-07-14 20:36:00+00:00,20000.0,39973.031283710894,26.96871628910594,0.0,0.0,,26.96871628910594,mean
B0,LTCUSDT,2026-07-14 23:21:00+00:00,2026-07-15 00:36:00+00:00,20000.0,39903.14769975787,96.8523002421316,0.0,0.0,,96.8523002421316,mean
B0,LTCUSDT,2026-07-15 03:06:00+00:00,2026-07-15 03:31:00+00:00,20000.0,40138.73349742672,138.7334974267178,0.0,0.0,,138.7334974267178,mean
B0,BCHUSDT,2026-07-15 02:11:00+00:00,2026-07-15 03:36:00+00:00,20000.0,40012.01355815849,12.01355815849456,0.0,0.0,,12.01355815849456,mean
B0,TRXUSDT,2026-07-15 03:36:00+00:00,2026-07-15 04:51:00+00:00,20000.0,39974.91050393171,25.089496068292647,0.0,0.0,,25.089496068292647,mean
B0,BCHUSDT,2026-07-15 06:16:00+00:00,2026-07-15 07:01:00+00:00,20000.0,39946.67795175624,53.32204824376095,0.0,0.0,,53.32204824376095,mean
B0,TRXUSDT,2026-07-15 07:21:00+00:00,2026-07-15 08:36:00+00:00,20000.0,39969.492662985445,30.507337014551013,0.0,0.0,,30.507337014551013,mean
B0,UNIUSDT,2026-07-15 07:36:00+00:00,2026-07-15 09:26:00+00:00,20000.0,40133.593097689954,133.5930976899508,0.0,0.0,,133.5930976899508,mean
B0,LTCUSDT,2026-07-15 09:11:00+00:00,2026-07-15 10:56:00+00:00,20000.0,40030.82342580361,-30.823425803610007,0.0,0.0,,-30.823425803610007,mean
B0,NEARUSDT,2026-07-15 11:31:00+00:00,2026-07-15 13:56:00+00:00,20000.0,40077.332044465926,-77.33204446592572,0.0,0.0,,-77.33204446592572,mean
B0,XLMUSDT,2026-07-15 11:16:00+00:00,2026-07-15 14:01:00+00:00,20000.0,40238.68401247177,-238.68401247177465,0.0,0.0,,-238.68401247177465,mean
B0,ETHUSDT,2026-07-15 12:51:00+00:00,2026-07-15 16:06:00+00:00,20000.0,40138.95942740758,-138.95942740757528,0.0,0.0,,-138.95942740757528,mean
B0,LINKUSDT,2026-07-15 15:11:00+00:00,2026-07-15 16:06:00+00:00,20000.0,39772.14601255522,227.85398744478152,0.0,0.0,,227.85398744478152,mean
B0,XRPUSDT,2026-07-15 14:11:00+00:00,2026-07-15 16:11:00+00:00,20000.0,39874.14694673402,125.85305326597882,0.0,0.0,,125.85305326597882,mean
B0,BCHUSDT,2026-07-15 17:11:00+00:00,2026-07-15 18:26:00+00:00,20000.0,40218.45937883839,218.45937883839,0.0,0.0,,218.45937883839,mean
B0,FILUSDT,2026-07-15 18:16:00+00:00,2026-07-15 18:56:00+00:00,20000.0,39845.13550643187,154.86449356812955,0.0,0.0,,154.86449356812955,mean
B0,DOTUSDT,2026-07-15 19:51:00+00:00,2026-07-15 20:21:00+00:00,20000.0,40166.86531585221,166.8653158522029,0.0,0.0,,166.8653158522029,mean
B0,TRXUSDT,2026-07-15 16:26:00+00:00,2026-07-15 20:26:00+00:00,20000.0,39901.86156346796,-98.1384365320373,0.0,0.0,,-98.1384365320373,timeout
B0,NEARUSDT,2026-07-15 19:01:00+00:00,2026-07-15 20:26:00+00:00,20000.0,40078.50834151129,78.50834151128583,0.0,0.0,,78.50834151128583,mean
B0,BCHUSDT,2026-07-15 23:21:00+00:00,2026-07-16 01:41:00+00:00,20000.0,39882.30049041462,-117.69950958537812,0.0,0.0,,-117.69950958537812,mean
B0,UNIUSDT,2026-07-16 02:01:00+00:00,2026-07-16 03:46:00+00:00,20000.0,39759.03614457831,240.9638554216872,0.0,0.0,,240.9638554216872,mean
B0,TRXUSDT,2026-07-16 03:51:00+00:00,2026-07-16 04:16:00+00:00,20000.0,40039.61989661683,39.61989661683037,0.0,0.0,,39.61989661683037,mean
B0,BNBUSDT,2026-07-16 05:26:00+00:00,2026-07-16 06:26:00+00:00,20000.0,39952.78984639595,47.21015360404999,0.0,0.0,,47.21015360404999,mean
B0,BCHUSDT,2026-07-16 05:41:00+00:00,2026-07-16 06:36:00+00:00,20000.0,39941.1581152766,58.84188472340247,0.0,0.0,,58.84188472340247,mean
B0,SOLUSDT,2026-07-16 07:41:00+00:00,2026-07-16 10:21:00+00:00,20000.0,39986.89040377557,-13.109596224432607,0.0,0.0,,-13.109596224432607,mean
B0,SUIUSDT,2026-07-16 07:46:00+00:00,2026-07-16 10:21:00+00:00,20000.0,39930.1732241171,-69.82677588290608,0.0,0.0,,-69.82677588290608,mean
B0,ETHUSDT,2026-07-16 08:51:00+00:00,2026-07-16 10:36:00+00:00,20000.0,40047.84359070922,47.843590709220734,0.0,0.0,,47.843590709220734,mean
B0,BCHUSDT,2026-07-16 10:26:00+00:00,2026-07-16 11:26:00+00:00,20000.0,40140.33169309277,140.33169309276855,0.0,0.0,,140.33169309276855,mean
B0,XLMUSDT,2026-07-16 12:01:00+00:00,2026-07-16 12:41:00+00:00,20000.0,39802.71398747391,197.28601252609587,0.0,0.0,,197.28601252609587,mean
B0,BTCUSDT,2026-07-16 14:31:00+00:00,2026-07-16 15:11:00+00:00,20000.0,39919.21196887203,80.78803112797323,0.0,0.0,,80.78803112797323,mean
B0,NEARUSDT,2026-07-16 13:31:00+00:00,2026-07-16 15:16:00+00:00,20000.0,39912.87512100678,87.1248789932215,0.0,0.0,,87.1248789932215,mean
B0,LTCUSDT,2026-07-16 15:31:00+00:00,2026-07-16 17:16:00+00:00,20000.0,39942.4396723489,57.56032765109558,0.0,0.0,,57.56032765109558,mean
B0,AAVEUSDT,2026-07-16 15:06:00+00:00,2026-07-16 17:36:00+00:00,20000.0,39941.73500215796,-58.26499784204134,0.0,0.0,,-58.26499784204134,mean
B0,UNIUSDT,2026-07-16 15:16:00+00:00,2026-07-16 18:11:00+00:00,20000.0,40000.0,0.0,0.0,0.0,,0.0,mean
B0,XRPUSDT,2026-07-16 18:01:00+00:00,2026-07-16 19:36:00+00:00,20000.0,40065.83760058522,65.83760058522239,0.0,0.0,,65.83760058522239,mean
B0,NEARUSDT,2026-07-16 19:26:00+00:00,2026-07-16 20:31:00+00:00,20000.0,40079.20792079208,79.20792079207968,0.0,0.0,,79.20792079207968,mean
B0,DOTUSDT,2026-07-16 21:21:00+00:00,2026-07-16 22:36:00+00:00,20000.0,39953.59628770301,46.40371229698576,0.0,0.0,,46.40371229698576,mean
B0,NEARUSDT,2026-07-16 22:46:00+00:00,2026-07-17 01:11:00+00:00,20000.0,39909.86479719579,-90.13520280420926,0.0,0.0,,-90.13520280420926,mean
B0,XLMUSDT,2026-07-16 23:36:00+00:00,2026-07-17 03:11:00+00:00,20000.0,39887.731419010095,-112.26858098990488,0.0,0.0,,-112.26858098990488,mean
B0,LTCUSDT,2026-07-17 03:11:00+00:00,2026-07-17 04:21:00+00:00,20000.0,39877.08516242317,122.91483757682364,0.0,0.0,,122.91483757682364,mean
B0,TRXUSDT,2026-07-17 02:16:00+00:00,2026-07-17 04:51:00+00:00,20000.0,40007.46245452567,7.462454525666544,0.0,0.0,,7.462454525666544,mean
B0,BTCUSDT,2026-07-17 05:41:00+00:00,2026-07-17 09:01:00+00:00,20000.0,39955.88099931124,-44.11900068876639,0.0,0.0,,-44.11900068876639,mean
B0,LTCUSDT,2026-07-17 07:26:00+00:00,2026-07-17 09:41:00+00:00,20000.0,39924.039320822165,-75.96067917783512,0.0,0.0,,-75.96067917783512,mean
B0,BNBUSDT,2026-07-17 08:01:00+00:00,2026-07-17 10:16:00+00:00,20000.0,39986.57196367363,-13.428036326371512,0.0,0.0,,-13.428036326371512,mean
B0,NEARUSDT,2026-07-17 09:01:00+00:00,2026-07-17 11:01:00+00:00,20000.0,40221.28556375132,221.2855637513203,0.0,0.0,,221.2855637513203,mean
B0,LTCUSDT,2026-07-17 11:11:00+00:00,2026-07-17 12:46:00+00:00,20000.0,40049.69505308336,49.69505308335283,0.0,0.0,,49.69505308335283,mean
B0,BNBUSDT,2026-07-17 13:06:00+00:00,2026-07-17 14:06:00+00:00,20000.0,40135.808220159815,135.8082201598154,0.0,0.0,,135.8082201598154,mean
B0,DOTUSDT,2026-07-17 13:16:00+00:00,2026-07-17 14:06:00+00:00,20000.0,40190.9307875895,190.93078758949923,0.0,0.0,,190.93078758949923,mean
B0,BCHUSDT,2026-07-17 11:41:00+00:00,2026-07-17 14:11:00+00:00,20000.0,39968.95260706785,-31.047392932152437,0.0,0.0,,-31.047392932152437,mean
B0,XLMUSDT,2026-07-17 14:11:00+00:00,2026-07-17 15:06:00+00:00,20000.0,39836.988578476055,163.0114215239446,0.0,0.0,,163.0114215239446,mean
B0,BCHUSDT,2026-07-17 15:11:00+00:00,2026-07-17 15:56:00+00:00,20000.0,40188.46028872488,188.4602887248766,0.0,0.0,,188.4602887248766,mean
B0,DOTUSDT,2026-07-17 16:36:00+00:00,2026-07-17 17:41:00+00:00,20000.0,39790.94076655053,209.05923344947587,0.0,0.0,,209.05923344947587,mean
B0,ADAUSDT,2026-07-17 15:01:00+00:00,2026-07-17 19:01:00+00:00,20000.0,40469.135802469136,-469.13580246913625,0.0,0.0,,-469.13580246913625,timeout
B0,BTCUSDT,2026-07-17 17:16:00+00:00,2026-07-17 20:11:00+00:00,20000.0,40029.4855060896,-29.48550608960068,0.0,0.0,,-29.48550608960068,mean
B0,UNIUSDT,2026-07-17 23:31:00+00:00,2026-07-18 01:06:00+00:00,20000.0,39872.85793255943,127.14206744057446,0.0,0.0,,127.14206744057446,mean
B0,AAVEUSDT,2026-07-18 06:06:00+00:00,2026-07-18 07:46:00+00:00,20000.0,40066.014113362166,66.01411336216916,0.0,0.0,,66.01411336216916,mean
B0,TRXUSDT,2026-07-18 08:36:00+00:00,2026-07-18 10:51:00+00:00,20000.0,39985.763362322425,14.236637677571707,0.0,0.0,,14.236637677571707,mean
B0,FILUSDT,2026-07-18 12:26:00+00:00,2026-07-18 16:01:00+00:00,20000.0,39893.13384985306,-106.86615014693962,0.0,0.0,,-106.86615014693962,mean
B0,LTCUSDT,2026-07-18 14:46:00+00:00,2026-07-18 16:26:00+00:00,20000.0,39974.00346620451,25.99653379548909,0.0,0.0,,25.99653379548909,mean
B0,LTCUSDT,2026-07-18 16:46:00+00:00,2026-07-18 19:21:00+00:00,20000.0,40136.89839572192,-136.89839572192432,0.0,0.0,,-136.89839572192432,mean
B0,TRXUSDT,2026-07-18 17:56:00+00:00,2026-07-18 21:36:00+00:00,20000.0,40056.697377746284,-56.69737774628084,0.0,0.0,,-56.69737774628084,mean
B0,SOLUSDT,2026-07-19 02:36:00+00:00,2026-07-19 03:21:00+00:00,20000.0,39861.29285527349,138.7071447265116,0.0,0.0,,138.7071447265116,mean
B0,HBARUSDT,2026-07-19 07:06:00+00:00,2026-07-19 07:21:00+00:00,20000.0,39889.979185251264,110.02081474873556,0.0,0.0,,110.02081474873556,mean
B0,FILUSDT,2026-07-19 09:21:00+00:00,2026-07-19 13:21:00+00:00,20000.0,39698.41054204592,-301.5894579540836,0.0,0.0,,-301.5894579540836,timeout
B0,AVAXUSDT,2026-07-19 12:21:00+00:00,2026-07-19 14:06:00+00:00,20000.0,40012.42621932277,12.426219322769612,0.0,0.0,,12.426219322769612,mean
B0,DOTUSDT,2026-07-19 12:11:00+00:00,2026-07-19 14:11:00+00:00,20000.0,40048.54368932039,48.54368932038778,0.0,0.0,,48.54368932038778,mean
B0,XLMUSDT,2026-07-19 13:51:00+00:00,2026-07-19 15:36:00+00:00,20000.0,39893.1769387862,106.82306121380316,0.0,0.0,,106.82306121380316,mean
B0,FILUSDT,2026-07-19 15:01:00+00:00,2026-07-19 15:56:00+00:00,20000.0,40083.27550312283,83.27550312283347,0.0,0.0,,83.27550312283347,mean
B0,FILUSDT,2026-07-19 16:56:00+00:00,2026-07-19 18:36:00+00:00,20000.0,39997.21254355401,-2.787456445992575,0.0,0.0,,-2.787456445992575,mean
B0,DOTUSDT,2026-07-19 18:11:00+00:00,2026-07-19 20:01:00+00:00,20000.0,40073.80073800738,73.80073800737955,0.0,0.0,,73.80073800737955,mean
B0,XLMUSDT,2026-07-19 22:41:00+00:00,2026-07-20 00:11:00+00:00,20000.0,40136.24268227781,136.2426822778034,0.0,0.0,,136.2426822778034,mean
B0,LINKUSDT,2026-07-20 00:16:00+00:00,2026-07-20 01:21:00+00:00,20000.0,39884.201819685695,115.7981803143084,0.0,0.0,,115.7981803143084,mean
B0,AVAXUSDT,2026-07-20 01:26:00+00:00,2026-07-20 01:56:00+00:00,20000.0,39789.56999085087,210.43000914913137,0.0,0.0,,210.43000914913137,mean
B0,SOLUSDT,2026-07-20 00:41:00+00:00,2026-07-20 02:01:00+00:00,20000.0,39888.19552782111,111.80447217889014,0.0,0.0,,111.80447217889014,mean
B0,BCHUSDT,2026-07-20 01:46:00+00:00,2026-07-20 02:36:00+00:00,20000.0,40141.429379596455,141.42937959645496,0.0,0.0,,141.42937959645496,mean
B0,HBARUSDT,2026-07-20 02:21:00+00:00,2026-07-20 02:56:00+00:00,20000.0,40097.23488301429,97.2348830142837,0.0,0.0,,97.2348830142837,mean
B0,AVAXUSDT,2026-07-20 02:06:00+00:00,2026-07-20 04:11:00+00:00,20000.0,39975.68758547334,24.312414526666544,0.0,0.0,,24.312414526666544,mean
B0,BCHUSDT,2026-07-20 04:56:00+00:00,2026-07-20 06:21:00+00:00,20000.0,40123.36306699563,123.36306699563649,0.0,0.0,,123.36306699563649,mean
B0,BNBUSDT,2026-07-20 05:11:00+00:00,2026-07-20 07:31:00+00:00,20000.0,40006.71567934398,6.715679343982629,0.0,0.0,,6.715679343982629,mean
B0,DOGEUSDT,2026-07-20 06:41:00+00:00,2026-07-20 07:36:00+00:00,20000.0,40109.41225978397,109.4122597839778,0.0,0.0,,109.4122597839778,mean
B0,ADAUSDT,2026-07-20 05:21:00+00:00,2026-07-20 07:56:00+00:00,20000.0,39926.42550582465,-73.57449417535099,0.0,0.0,,-73.57449417535099,mean
B0,AAVEUSDT,2026-07-20 09:56:00+00:00,2026-07-20 11:01:00+00:00,20000.0,39861.67526622022,138.32473377978022,0.0,0.0,,138.32473377978022,mean
B0,XRPUSDT,2026-07-20 11:36:00+00:00,2026-07-20 12:46:00+00:00,20000.0,39947.37797133006,52.62202866993539,0.0,0.0,,52.62202866993539,mean
B0,HBARUSDT,2026-07-20 12:01:00+00:00,2026-07-20 13:16:00+00:00,20000.0,39915.9032887821,84.0967112178987,0.0,0.0,,84.0967112178987,mean
B0,UNIUSDT,2026-07-20 11:46:00+00:00,2026-07-20 13:31:00+00:00,20000.0,39891.83034443496,108.16965556504148,0.0,0.0,,108.16965556504148,mean
B0,NEARUSDT,2026-07-20 12:51:00+00:00,2026-07-20 14:01:00+00:00,20000.0,39908.86075949367,91.13924050633068,0.0,0.0,,91.13924050633068,mean
B0,AAVEUSDT,2026-07-20 14:06:00+00:00,2026-07-20 15:46:00+00:00,20000.0,40022.36135957067,22.361359570666536,0.0,0.0,,22.361359570666536,mean
B0,LINKUSDT,2026-07-20 14:21:00+00:00,2026-07-20 18:21:00+00:00,20000.0,40679.7165846043,679.716584604299,0.0,0.0,,679.716584604299,timeout
B0,BTCUSDT,2026-07-20 15:46:00+00:00,2026-07-20 18:46:00+00:00,20000.0,40002.66662579884,-2.6666257988363213,0.0,0.0,,-2.6666257988363213,mean
B0,XRPUSDT,2026-07-20 15:11:00+00:00,2026-07-20 19:11:00+00:00,20000.0,40193.840579710144,-193.84057971014045,0.0,0.0,,-193.84057971014045,timeout
B0,ADAUSDT,2026-07-20 18:21:00+00:00,2026-07-20 20:01:00+00:00,20000.0,39822.695035460994,177.3049645390056,0.0,0.0,,177.3049645390056,mean
B0,HBARUSDT,2026-07-20 19:21:00+00:00,2026-07-20 20:56:00+00:00,20000.0,40075.734625870944,75.73462587094764,0.0,0.0,,75.73462587094764,mean
B0,DOGEUSDT,2026-07-20 19:16:00+00:00,2026-07-20 21:26:00+00:00,20000.0,40022.16987668006,22.16987668006186,0.0,0.0,,22.16987668006186,mean
B0,ADAUSDT,2026-07-20 21:06:00+00:00,2026-07-20 22:26:00+00:00,20000.0,39859.15492957746,140.84507042253608,0.0,0.0,,140.84507042253608,mean
B0,BCHUSDT,2026-07-20 20:36:00+00:00,2026-07-20 22:41:00+00:00,20000.0,39986.3617766059,13.63822339410035,0.0,0.0,,13.63822339410035,mean
B0,UNIUSDT,2026-07-21 00:41:00+00:00,2026-07-21 02:01:00+00:00,20000.0,39794.59459459459,205.4054054054068,0.0,0.0,,205.4054054054068,mean
B0,AAVEUSDT,2026-07-21 01:06:00+00:00,2026-07-21 02:06:00+00:00,20000.0,39905.45294635005,94.54705364995245,0.0,0.0,,94.54705364995245,mean
B0,UNIUSDT,2026-07-21 03:06:00+00:00,2026-07-21 04:26:00+00:00,20000.0,39892.328398384925,107.6716016150749,0.0,0.0,,107.6716016150749,mean
B0,NEARUSDT,2026-07-21 03:16:00+00:00,2026-07-21 07:01:00+00:00,20000.0,40168.31683168317,-168.31683168316886,0.0,0.0,,-168.31683168316886,mean
B0,AAVEUSDT,2026-07-21 03:11:00+00:00,2026-07-21 07:11:00+00:00,20000.0,40458.36516424752,-458.3651642475197,0.0,0.0,,-458.3651642475197,timeout
B0,XRPUSDT,2026-07-21 05:06:00+00:00,2026-07-21 08:31:00+00:00,20000.0,39989.4142554693,10.585744530697411,0.0,0.0,,10.585744530697411,mean
B0,DOTUSDT,2026-07-21 07:01:00+00:00,2026-07-21 10:41:00+00:00,20000.0,40049.036777583184,-49.03677758318736,0.0,0.0,,-49.03677758318736,mean
B0,AAVEUSDT,2026-07-21 07:21:00+00:00,2026-07-21 10:41:00+00:00,20000.0,40142.44711385139,-142.44711385138726,0.0,0.0,,-142.44711385138726,mean
B0,FILUSDT,2026-07-21 08:56:00+00:00,2026-07-21 10:56:00+00:00,20000.0,39777.92465300727,222.07534699272944,0.0,0.0,,222.07534699272944,mean
B0,HBARUSDT,2026-07-21 10:41:00+00:00,2026-07-21 13:36:00+00:00,20000.0,40026.39296187683,-26.392961876834303,0.0,0.0,,-26.392961876834303,mean
B0,XLMUSDT,2026-07-21 13:16:00+00:00,2026-07-21 13:46:00+00:00,20000.0,39666.5136912957,333.4863087042977,0.0,0.0,,333.4863087042977,mean
B0,BTCUSDT,2026-07-21 14:16:00+00:00,2026-07-21 15:06:00+00:00,20000.0,39928.24736720157,71.75263279843057,0.0,0.0,,71.75263279843057,mean
B0,TRXUSDT,2026-07-21 11:26:00+00:00,2026-07-21 15:26:00+00:00,20000.0,40047.00711211501,-47.00711211501402,0.0,0.0,,-47.00711211501402,timeout
B0,AAVEUSDT,2026-07-21 16:01:00+00:00,2026-07-21 17:36:00+00:00,20000.0,39895.909232851045,104.09076714895129,0.0,0.0,,104.09076714895129,mean
B0,XRPUSDT,2026-07-21 14:36:00+00:00,2026-07-21 18:36:00+00:00,20000.0,40163.89155261093,-163.891552610934,0.0,0.0,,-163.891552610934,timeout
B0,NEARUSDT,2026-07-21 15:46:00+00:00,2026-07-21 19:21:00+00:00,20000.0,39958.91114535183,-41.08885464817649,0.0,0.0,,-41.08885464817649,mean
B0,HBARUSDT,2026-07-21 18:21:00+00:00,2026-07-21 20:31:00+00:00,20000.0,40089.80301274623,-89.8030127462298,0.0,0.0,,-89.8030127462298,mean
B0,FILUSDT,2026-07-21 18:36:00+00:00,2026-07-21 22:11:00+00:00,20000.0,40177.429876060014,-177.42987606001407,0.0,0.0,,-177.42987606001407,mean
B0,HBARUSDT,2026-07-21 20:56:00+00:00,2026-07-21 22:16:00+00:00,20000.0,39917.03618938635,82.96381061364809,0.0,0.0,,82.96381061364809,mean
B0,XRPUSDT,2026-07-21 22:06:00+00:00,2026-07-21 23:56:00+00:00,20000.0,40017.5146685349,17.5146685348991,0.0,0.0,,17.5146685348991,mean
B0,AAVEUSDT,2026-07-22 01:56:00+00:00,2026-07-22 03:16:00+00:00,20000.0,39862.15409937249,137.8459006275043,0.0,0.0,,137.8459006275043,mean
B0,HBARUSDT,2026-07-22 02:36:00+00:00,2026-07-22 04:11:00+00:00,20000.0,39889.204545454544,110.79545454545588,0.0,0.0,,110.79545454545588,mean
B0,AAVEUSDT,2026-07-22 05:06:00+00:00,2026-07-22 05:26:00+00:00,20000.0,39784.79196556672,215.20803443328623,0.0,0.0,,215.20803443328623,mean
B0,AVAXUSDT,2026-07-22 05:26:00+00:00,2026-07-22 08:06:00+00:00,20000.0,40043.05043050431,43.05043050430686,0.0,0.0,,43.05043050430686,mean
B0,SUIUSDT,2026-07-22 06:46:00+00:00,2026-07-22 08:16:00+00:00,20000.0,40055.65125215317,55.65125215317312,0.0,0.0,,55.65125215317312,mean
B0,DOGEUSDT,2026-07-22 05:41:00+00:00,2026-07-22 08:36:00+00:00,20000.0,39997.24175975727,-2.758240242728789,0.0,0.0,,-2.758240242728789,mean
B0,HBARUSDT,2026-07-22 08:06:00+00:00,2026-07-22 10:06:00+00:00,20000.0,40048.28173814257,-48.28173814257752,0.0,0.0,,-48.28173814257752,mean
B0,HBARUSDT,2026-07-22 10:56:00+00:00,2026-07-22 11:41:00+00:00,20000.0,39893.48283111423,106.51716888577356,0.0,0.0,,106.51716888577356,mean
B0,TRXUSDT,2026-07-22 10:26:00+00:00,2026-07-22 11:46:00+00:00,20000.0,39981.82864411399,18.171355886002857,0.0,0.0,,18.171355886002857,mean
B0,UNIUSDT,2026-07-22 10:31:00+00:00,2026-07-22 12:46:00+00:00,20000.0,39957.67195767196,42.32804232804483,0.0,0.0,,42.32804232804483,mean
B0,AAVEUSDT,2026-07-22 13:41:00+00:00,2026-07-22 14:36:00+00:00,20000.0,39825.69465805394,174.30534194606662,0.0,0.0,,174.30534194606662,mean
B0,TRXUSDT,2026-07-22 14:36:00+00:00,2026-07-22 16:41:00+00:00,20000.0,40036.60992128867,36.60992128866928,0.0,0.0,,36.60992128866928,mean
B0,HBARUSDT,2026-07-22 14:16:00+00:00,2026-07-22 17:01:00+00:00,20000.0,40621.68943406746,-621.6894340674626,0.0,0.0,,-621.6894340674626,stop
B0,HBARUSDT,2026-07-22 17:01:00+00:00,2026-07-22 17:21:00+00:00,20000.0,39607.94916858186,392.0508314181425,0.0,0.0,,392.0508314181425,mean
B0,ADAUSDT,2026-07-22 14:11:00+00:00,2026-07-22 18:01:00+00:00,20000.0,40192.96254256526,-192.96254256526663,0.0,0.0,,-192.96254256526663,mean
B0,SOLUSDT,2026-07-22 18:41:00+00:00,2026-07-22 20:16:00+00:00,20000.0,40098.14049586777,98.14049586776672,0.0,0.0,,98.14049586776672,mean
B0,DOGEUSDT,2026-07-22 19:16:00+00:00,2026-07-22 20:21:00+00:00,20000.0,40080.15478164732,80.15478164732485,0.0,0.0,,80.15478164732485,mean
B0,HBARUSDT,2026-07-22 18:11:00+00:00,2026-07-22 20:56:00+00:00,20000.0,39922.24382116079,-77.75617883921223,0.0,0.0,,-77.75617883921223,mean
B0,HBARUSDT,2026-07-22 21:41:00+00:00,2026-07-22 23:16:00+00:00,20000.0,39955.99559955996,44.004400440044265,0.0,0.0,,44.004400440044265,mean
B0,DOTUSDT,2026-07-22 23:16:00+00:00,2026-07-23 00:01:00+00:00,20000.0,40110.80332409972,110.80332409972108,0.0,0.0,,110.80332409972108,mean
B0,HBARUSDT,2026-07-23 00:16:00+00:00,2026-07-23 02:11:00+00:00,20000.0,39997.26327312534,2.736726874660235,0.0,0.0,,2.736726874660235,mean
B0,FILUSDT,2026-07-23 03:11:00+00:00,2026-07-23 06:51:00+00:00,20000.0,39965.08192318023,-34.91807681976934,0.0,0.0,,-34.91807681976934,mean
B0,UNIUSDT,2026-07-23 06:11:00+00:00,2026-07-23 07:11:00+00:00,20000.0,39762.886597938144,237.1134020618556,0.0,0.0,,237.1134020618556,mean
B0,HBARUSDT,2026-07-23 07:01:00+00:00,2026-07-23 07:26:00+00:00,20000.0,39896.97709095838,103.02290904161782,0.0,0.0,,103.02290904161782,mean
B0,FILUSDT,2026-07-23 07:16:00+00:00,2026-07-23 08:41:00+00:00,20000.0,40142.07650273224,142.07650273224135,0.0,0.0,,142.07650273224135,mean
B0,HBARUSDT,2026-07-23 08:56:00+00:00,2026-07-23 09:41:00+00:00,20000.0,39892.29940764674,107.70059235325972,0.0,0.0,,107.70059235325972,mean
B0,TRXUSDT,2026-07-23 08:21:00+00:00,2026-07-23 10:41:00+00:00,20000.0,40009.76860614201,9.768606142009958,0.0,0.0,,9.768606142009958,mean
B0,TRXUSDT,2026-07-23 11:41:00+00:00,2026-07-23 15:06:00+00:00,20000.0,39973.69226063016,-26.30773936984042,0.0,0.0,,-26.30773936984042,mean
B0,HBARUSDT,2026-07-23 11:26:00+00:00,2026-07-23 15:26:00+00:00,20000.0,39665.15712913407,-334.84287086592667,0.0,0.0,,-334.84287086592667,timeout
B0,DOGEUSDT,2026-07-23 12:46:00+00:00,2026-07-23 16:46:00+00:00,20000.0,39619.5575595322,-380.44244046780295,0.0,0.0,,-380.44244046780295,timeout
B0,SOLUSDT,2026-07-23 16:36:00+00:00,2026-07-23 20:06:00+00:00,20000.0,39986.83344305464,-13.166556945358025,0.0,0.0,,-13.166556945358025,mean
B0,DOGEUSDT,2026-07-23 17:06:00+00:00,2026-07-23 20:06:00+00:00,20000.0,39979.84741615086,-20.15258384914341,0.0,0.0,,-20.15258384914341,mean
B0,BCHUSDT,2026-07-23 16:26:00+00:00,2026-07-23 20:11:00+00:00,20000.0,39868.011690393134,-131.98830960686246,0.0,0.0,,-131.98830960686246,mean
B0,LTCUSDT,2026-07-23 20:21:00+00:00,2026-07-23 21:51:00+00:00,20000.0,39966.13756613757,33.862433862432226,0.0,0.0,,33.862433862432226,mean
B0,TRXUSDT,2026-07-23 21:06:00+00:00,2026-07-24 01:01:00+00:00,20000.0,40017.66515396096,-17.66515396095565,0.0,0.0,,-17.66515396095565,mean
B0,DOGEUSDT,2026-07-24 00:11:00+00:00,2026-07-24 01:01:00+00:00,20000.0,40087.14596949892,87.14596949891347,0.0,0.0,,87.14596949891347,mean
B0,HBARUSDT,2026-07-24 00:36:00+00:00,2026-07-24 01:31:00+00:00,20000.0,40113.04224954077,113.04224954076562,0.0,0.0,,113.04224954076562,mean
B0,TRXUSDT,2026-07-24 04:11:00+00:00,2026-07-24 08:11:00+00:00,20000.0,40118.96091284293,-118.9609128429256,0.0,0.0,,-118.9609128429256,timeout
B0,UNIUSDT,2026-07-24 05:21:00+00:00,2026-07-24 08:26:00+00:00,20000.0,39968.7255668491,31.274433150898403,0.0,0.0,,31.274433150898403,mean
B0,ETHUSDT,2026-07-24 07:16:00+00:00,2026-07-24 08:26:00+00:00,20000.0,39811.75580778503,188.2441922149701,0.0,0.0,,188.2441922149701,mean
B0,TRXUSDT,2026-07-24 08:11:00+00:00,2026-07-24 09:51:00+00:00,20000.0,39964.402075540005,35.59792445999483,0.0,0.0,,35.59792445999483,mean
B0,LTCUSDT,2026-07-24 10:36:00+00:00,2026-07-24 12:16:00+00:00,20000.0,40064.921012767794,64.92101276779795,0.0,0.0,,64.92101276779795,mean
B0,SUIUSDT,2026-07-24 09:16:00+00:00,2026-07-24 13:16:00+00:00,20000.0,39694.57322061631,-305.42677938369525,0.0,0.0,,-305.42677938369525,timeout
B0,NEARUSDT,2026-07-24 12:46:00+00:00,2026-07-24 14:46:00+00:00,20000.0,39345.14224369297,-654.8577563070285,0.0,0.0,,-654.8577563070285,stop
B0,BNBUSDT,2026-07-24 13:06:00+00:00,2026-07-24 15:16:00+00:00,20000.0,39980.450700220375,-19.54929977962456,0.0,0.0,,-19.54929977962456,mean
B0,XLMUSDT,2026-07-24 14:31:00+00:00,2026-07-24 17:36:00+00:00,20000.0,40134.7144393502,134.71443935020216,0.0,0.0,,134.71443935020216,mean
B0,NEARUSDT,2026-07-24 14:46:00+00:00,2026-07-24 17:36:00+00:00,20000.0,40155.382907880135,155.38290788013546,0.0,0.0,,155.38290788013546,mean
B0,SUIUSDT,2026-07-24 18:36:00+00:00,2026-07-24 20:06:00+00:00,20000.0,40079.14075749011,79.14075749010954,0.0,0.0,,79.14075749010954,mean
B0,TRXUSDT,2026-07-24 20:06:00+00:00,2026-07-24 20:11:00+00:00,20000.0,39936.13111198144,63.86888801855821,0.0,0.0,,63.86888801855821,mean
B0,BNBUSDT,2026-07-24 19:06:00+00:00,2026-07-24 21:11:00+00:00,20000.0,39985.13931888545,14.860681114550973,0.0,0.0,,14.860681114550973,mean
B0,HBARUSDT,2026-07-24 19:46:00+00:00,2026-07-24 21:31:00+00:00,20000.0,39966.57381615599,33.426183844014304,0.0,0.0,,33.426183844014304,mean
B0,UNIUSDT,2026-07-24 21:46:00+00:00,2026-07-24 23:46:00+00:00,20000.0,40031.76283748014,31.76283748014612,0.0,0.0,,31.76283748014612,mean
B0,AVAXUSDT,2026-07-24 23:06:00+00:00,2026-07-25 00:41:00+00:00,20000.0,39920.71043450682,79.28956549318173,0.0,0.0,,79.28956549318173,mean
B0,HBARUSDT,2026-07-24 22:51:00+00:00,2026-07-25 01:56:00+00:00,20000.0,39887.32394366198,-112.67605633803032,0.0,0.0,,-112.67605633803032,mean
B0,AAVEUSDT,2026-07-25 00:11:00+00:00,2026-07-25 03:21:00+00:00,20000.0,39867.69330875177,-132.30669124823544,0.0,0.0,,-132.30669124823544,mean
B0,DOTUSDT,2026-07-25 04:16:00+00:00,2026-07-25 05:01:00+00:00,20000.0,39897.13445995592,102.8655400440839,0.0,0.0,,102.8655400440839,mean
B0,TRXUSDT,2026-07-25 03:11:00+00:00,2026-07-25 07:11:00+00:00,20000.0,39984.22186485421,-15.778135145796114,0.0,0.0,,-15.778135145796114,timeout
B0,UNIUSDT,2026-07-25 03:51:00+00:00,2026-07-25 07:51:00+00:00,20000.0,39753.152669707546,-246.84733029245763,0.0,0.0,,-246.84733029245763,timeout
B0,BCHUSDT,2026-07-25 07:06:00+00:00,2026-07-25 08:01:00+00:00,20000.0,39890.76698526296,109.23301473704124,0.0,0.0,,109.23301473704124,mean
B0,UNIUSDT,2026-07-25 09:11:00+00:00,2026-07-25 10:06:00+00:00,20000.0,40154.44015444016,154.4401544401553,0.0,0.0,,154.4401544401553,mean
B0,AVAXUSDT,2026-07-25 13:46:00+00:00,2026-07-25 16:06:00+00:00,20000.0,40669.99065129324,-669.9906512932394,0.0,0.0,,-669.9906512932394,stop
B0,DOGEUSDT,2026-07-25 15:46:00+00:00,2026-07-25 18:06:00+00:00,20000.0,40603.17015009117,-603.1701500911768,0.0,0.0,,-603.1701500911768,stop
B0,TRXUSDT,2026-07-25 17:16:00+00:00,2026-07-25 18:26:00+00:00,20000.0,39905.11650252221,94.88349747778192,0.0,0.0,,94.88349747778192,mean
B0,AVAXUSDT,2026-07-25 16:06:00+00:00,2026-07-25 20:06:00+00:00,20000.0,40183.92884064525,-183.92884064525788,0.0,0.0,,-183.92884064525788,timeout
B0,DOGEUSDT,2026-07-25 18:06:00+00:00,2026-07-25 20:21:00+00:00,20000.0,39738.56209150326,261.43790849673314,0.0,0.0,,261.43790849673314,mean
B0,FILUSDT,2026-07-25 22:06:00+00:00,2026-07-25 23:11:00+00:00,20000.0,39910.66594477531,89.3340552246882,0.0,0.0,,89.3340552246882,mean
B0,AVAXUSDT,2026-07-25 21:11:00+00:00,2026-07-25 23:26:00+00:00,20000.0,39923.09967465248,76.90032534752754,0.0,0.0,,76.90032534752754,mean
B0,BCHUSDT,2026-07-26 03:36:00+00:00,2026-07-26 05:26:00+00:00,20000.0,39962.10506371086,37.89493628913988,0.0,0.0,,37.89493628913988,mean
B0,FILUSDT,2026-07-26 04:51:00+00:00,2026-07-26 06:11:00+00:00,20000.0,39916.70025527341,83.29974472658796,0.0,0.0,,83.29974472658796,mean
B0,DOGEUSDT,2026-07-26 02:31:00+00:00,2026-07-26 06:16:00+00:00,20000.0,40115.6069364162,-115.60693641618492,0.0,0.0,,-115.60693641618492,mean
B0,AAVEUSDT,2026-07-26 06:36:00+00:00,2026-07-26 08:06:00+00:00,20000.0,39920.72844134976,79.27155865023815,0.0,0.0,,79.27155865023815,mean
B0,UNIUSDT,2026-07-26 11:06:00+00:00,2026-07-26 12:31:00+00:00,20000.0,40642.25053078556,-642.2505307855608,0.0,0.0,,-642.2505307855608,stop
B0,AAVEUSDT,2026-07-26 10:16:00+00:00,2026-07-26 13:06:00+00:00,20000.0,40192.47038917089,-192.47038917089597,0.0,0.0,,-192.47038917089597,mean
B0,LTCUSDT,2026-07-26 14:21:00+00:00,2026-07-26 15:01:00+00:00,20000.0,40106.88328345447,106.88328345446644,0.0,0.0,,106.88328345446644,mean
B0,UNIUSDT,2026-07-26 12:31:00+00:00,2026-07-26 16:31:00+00:00,20000.0,40246.85008999743,-246.85008999742783,0.0,0.0,,-246.85008999742783,timeout
B0,AAVEUSDT,2026-07-26 13:51:00+00:00,2026-07-26 17:01:00+00:00,20000.0,40041.40358140979,-41.40358140979152,0.0,0.0,,-41.40358140979152,mean
B0,ETHUSDT,2026-07-26 15:31:00+00:00,2026-07-26 18:01:00+00:00,20000.0,40053.518303784585,-53.5183037845818,0.0,0.0,,-53.5183037845818,mean
B0,LINKUSDT,2026-07-26 16:31:00+00:00,2026-07-26 18:11:00+00:00,20000.0,39840.27777777778,159.72222222222263,0.0,0.0,,159.72222222222263,mean
B0,LTCUSDT,2026-07-26 17:01:00+00:00,2026-07-26 18:21:00+00:00,20000.0,39895.61586638831,104.38413361168932,0.0,0.0,,104.38413361168932,mean
B0,BCHUSDT,2026-07-26 18:36:00+00:00,2026-07-26 20:36:00+00:00,20000.0,40065.10416666667,-65.10416666666788,0.0,0.0,,-65.10416666666788,mean
B0,ETHUSDT,2026-07-26 22:11:00+00:00,2026-07-27 00:41:00+00:00,20000.0,40035.00240060712,-35.00240060712167,0.0,0.0,,-35.00240060712167,mean
B0,LINKUSDT,2026-07-26 22:06:00+00:00,2026-07-27 01:46:00+00:00,20000.0,40154.04069433268,-154.04069433268523,0.0,0.0,,-154.04069433268523,mean
B0,NEARUSDT,2026-07-27 00:51:00+00:00,2026-07-27 01:46:00+00:00,20000.0,39869.918699186994,130.08130081300624,0.0,0.0,,130.08130081300624,mean
B0,AAVEUSDT,2026-07-26 22:21:00+00:00,2026-07-27 02:21:00+00:00,20000.0,40260.02822011692,-260.0282201169139,0.0,0.0,,-260.0282201169139,timeout
B0,LTCUSDT,2026-07-27 01:46:00+00:00,2026-07-27 03:36:00+00:00,20000.0,40038.11136989202,38.111369892019866,0.0,0.0,,38.111369892019866,mean
B0,FILUSDT,2026-07-27 02:41:00+00:00,2026-07-27 04:31:00+00:00,20000.0,39933.50179545152,66.4982045484794,0.0,0.0,,66.4982045484794,mean
B0,LINKUSDT,2026-07-27 06:01:00+00:00,2026-07-27 07:31:00+00:00,20000.0,39936.70170679326,63.29829320673525,0.0,0.0,,63.29829320673525,mean
B0,ETHUSDT,2026-07-27 06:11:00+00:00,2026-07-27 07:41:00+00:00,20000.0,39933.176938935096,66.82306106490432,0.0,0.0,,66.82306106490432,mean
B0,AAVEUSDT,2026-07-27 07:06:00+00:00,2026-07-27 08:16:00+00:00,20000.0,39913.598429062346,86.40157093765447,0.0,0.0,,86.40157093765447,mean
B0,DOTUSDT,2026-07-27 08:16:00+00:00,2026-07-27 10:16:00+00:00,20000.0,40049.42542938342,49.425429383416486,0.0,0.0,,49.425429383416486,mean
B0,BNBUSDT,2026-07-27 09:16:00+00:00,2026-07-27 10:36:00+00:00,20000.0,40046.47505896741,46.475058967411314,0.0,0.0,,46.475058967411314,mean
B0,LTCUSDT,2026-07-27 08:31:00+00:00,2026-07-27 10:46:00+00:00,20000.0,40042.58943781942,42.58943781942071,0.0,0.0,,42.58943781942071,mean
B0,TRXUSDT,2026-07-27 11:06:00+00:00,2026-07-27 11:46:00+00:00,20000.0,40045.4435288415,45.44352884149339,0.0,0.0,,45.44352884149339,mean
B0,BCHUSDT,2026-07-27 10:36:00+00:00,2026-07-27 12:31:00+00:00,20000.0,39950.65789473684,49.34210526315656,0.0,0.0,,49.34210526315656,mean
B0,ADAUSDT,2026-07-27 12:36:00+00:00,2026-07-27 13:41:00+00:00,20000.0,40258.14382298709,258.14382298709097,0.0,0.0,,258.14382298709097,mean
B0,BTCUSDT,2026-07-27 13:46:00+00:00,2026-07-27 14:01:00+00:00,20000.0,39891.18424762442,108.8157523755799,0.0,0.0,,108.8157523755799,mean
B0,BNBUSDT,2026-07-27 13:51:00+00:00,2026-07-27 14:21:00+00:00,20000.0,39833.53563377839,166.46436622160763,0.0,0.0,,166.46436622160763,mean
B0,SUIUSDT,2026-07-27 14:31:00+00:00,2026-07-27 16:36:00+00:00,20000.0,40180.3349076857,180.3349076857012,0.0,0.0,,180.3349076857012,mean
B0,NEARUSDT,2026-07-27 14:26:00+00:00,2026-07-27 18:26:00+00:00,20000.0,39510.56729699666,-489.4327030033383,0.0,0.0,,-489.4327030033383,timeout
B0,ADAUSDT,2026-07-27 14:36:00+00:00,2026-07-27 18:36:00+00:00,20000.0,39787.76529338327,-212.23470661673127,0.0,0.0,,-212.23470661673127,timeout
B0,FILUSDT,2026-07-27 19:51:00+00:00,2026-07-27 20:31:00+00:00,20000.0,40117.58118701007,117.58118701007696,0.0,0.0,,117.58118701007696,mean
B0,TRXUSDT,2026-07-27 16:36:00+00:00,2026-07-27 20:36:00+00:00,20000.0,39969.55489252877,-30.445107471226947,0.0,0.0,,-30.445107471226947,timeout
B0,NEARUSDT,2026-07-27 18:26:00+00:00,2026-07-27 22:26:00+00:00,20000.0,39612.31470923603,-387.68529076396953,0.0,0.0,,-387.68529076396953,timeout
B0,DOTUSDT,2026-07-27 22:06:00+00:00,2026-07-27 22:56:00+00:00,20000.0,39414.62167689161,-585.3783231083871,0.0,0.0,,-585.3783231083871,stop
B0,XRPUSDT,2026-07-27 22:36:00+00:00,2026-07-28 02:36:00+00:00,20000.0,39625.54453610159,-374.45546389841184,0.0,0.0,,-374.45546389841184,timeout
B0,DOTUSDT,2026-07-27 22:56:00+00:00,2026-07-28 02:56:00+00:00,20000.0,40039.49967083608,39.49967083607771,0.0,0.0,,39.49967083607771,timeout
B0,TRXUSDT,2026-07-28 00:06:00+00:00,2026-07-28 03:06:00+00:00,20000.0,39992.60423407599,-7.395765924011357,0.0,0.0,,-7.395765924011357,mean
B0,BTCUSDT,2026-07-28 02:36:00+00:00,2026-07-28 04:16:00+00:00,20000.0,40038.075946161945,38.07594616194183,0.0,0.0,,38.07594616194183,mean
B0,NEARUSDT,2026-07-28 06:01:00+00:00,2026-07-28 06:31:00+00:00,20000.0,40132.77006638504,132.77006638503372,0.0,0.0,,132.77006638503372,mean
B0,UNIUSDT,2026-07-28 10:26:00+00:00,2026-07-28 13:01:00+00:00,20000.0,40613.43204653623,-613.4320465362216,0.0,0.0,,-613.4320465362216,stop
B0,UNIUSDT,2026-07-28 13:01:00+00:00,2026-07-28 13:51:00+00:00,20000.0,39769.11236531555,230.88763468445177,0.0,0.0,,230.88763468445177,mean
B0,BTCUSDT,2026-07-28 13:46:00+00:00,2026-07-28 14:46:00+00:00,20000.0,40117.36701265517,117.36701265516967,0.0,0.0,,117.36701265516967,mean
B0,DOTUSDT,2026-07-28 13:41:00+00:00,2026-07-28 14:51:00+00:00,20000.0,40100.916212986325,100.91621298632164,0.0,0.0,,100.91621298632164,mean
B0,NEARUSDT,2026-07-28 13:51:00+00:00,2026-07-28 14:56:00+00:00,20000.0,40208.58895705522,208.5889570552172,0.0,0.0,,208.5889570552172,mean
B0,BNBUSDT,2026-07-28 15:21:00+00:00,2026-07-28 17:11:00+00:00,20000.0,39950.38174607335,49.61825392665196,0.0,0.0,,49.61825392665196,mean
B0,ETHUSDT,2026-07-28 15:51:00+00:00,2026-07-28 17:21:00+00:00,20000.0,39971.04766682867,28.952333171324423,0.0,0.0,,28.952333171324423,mean
B0,AAVEUSDT,2026-07-28 14:51:00+00:00,2026-07-28 17:46:00+00:00,20000.0,40222.4019409624,-222.4019409623943,0.0,0.0,,-222.4019409623943,mean
B0,ADAUSDT,2026-07-28 22:11:00+00:00,2026-07-28 23:06:00+00:00,20000.0,39851.76034589253,148.2396541074704,0.0,0.0,,148.2396541074704,mean
B0,SOLUSDT,2026-07-28 23:11:00+00:00,2026-07-28 23:51:00+00:00,20000.0,40125.52872151726,125.52872151725752,0.0,0.0,,125.52872151725752,mean
B0,LTCUSDT,2026-07-28 22:51:00+00:00,2026-07-29 00:01:00+00:00,20000.0,40100.02174385736,100.02174385735998,0.0,0.0,,100.02174385735998,mean
B0,LINKUSDT,2026-07-29 00:06:00+00:00,2026-07-29 01:16:00+00:00,20000.0,39872.95612280908,127.04387719091756,0.0,0.0,,127.04387719091756,mean
B0,ADAUSDT,2026-07-29 00:11:00+00:00,2026-07-29 01:21:00+00:00,20000.0,39926.33517495396,73.6648250460421,0.0,0.0,,73.6648250460421,mean
B0,XRPUSDT,2026-07-29 00:21:00+00:00,2026-07-29 02:01:00+00:00,20000.0,39916.232315711095,83.76768428890136,0.0,0.0,,83.76768428890136,mean
B0,NEARUSDT,2026-07-29 01:56:00+00:00,2026-07-29 02:41:00+00:00,20000.0,40147.42014742015,147.42014742014726,0.0,0.0,,147.42014742014726,mean
B0,ADAUSDT,2026-07-29 02:31:00+00:00,2026-07-29 03:36:00+00:00,20000.0,39926.91839220462,73.08160779537502,0.0,0.0,,73.08160779537502,mean
B0,FILUSDT,2026-07-29 02:06:00+00:00,2026-07-29 05:06:00+00:00,20000.0,39879.20621225194,-120.7937877480581,0.0,0.0,,-120.7937877480581,mean
B0,LTCUSDT,2026-07-29 03:51:00+00:00,2026-07-29 06:26:00+00:00,20000.0,39982.40598196613,-17.59401803386936,0.0,0.0,,-17.59401803386936,mean
B0,BCHUSDT,2026-07-29 06:56:00+00:00,2026-07-29 07:16:00+00:00,20000.0,39957.099557006295,42.90044299370129,0.0,0.0,,42.90044299370129,mean
B0,XRPUSDT,2026-07-29 05:31:00+00:00,2026-07-29 08:16:00+00:00,20000.0,40001.84111203167,-1.841112031666853,0.0,0.0,,-1.841112031666853,mean
B0,BTCUSDT,2026-07-29 06:31:00+00:00,2026-07-29 08:26:00+00:00,20000.0,39968.74800986023,31.25199013977908,0.0,0.0,,31.25199013977908,mean
B0,NEARUSDT,2026-07-29 08:31:00+00:00,2026-07-29 09:31:00+00:00,20000.0,40240.81115335868,240.8111533586816,0.0,0.0,,240.8111533586816,mean
B0,UNIUSDT,2026-07-29 08:51:00+00:00,2026-07-29 10:31:00+00:00,20000.0,40595.17701385326,-595.1770138532593,0.0,0.0,,-595.1770138532593,stop
B0,UNIUSDT,2026-07-29 10:31:00+00:00,2026-07-29 14:16:00+00:00,20000.0,40054.8081714001,-54.808171400101855,0.0,0.0,,-54.808171400101855,mean
B0,BCHUSDT,2026-07-29 15:21:00+00:00,2026-07-29 15:31:00+00:00,20000.0,40095.47450830629,95.4745083062844,0.0,0.0,,95.4745083062844,mean
B0,LTCUSDT,2026-07-29 15:06:00+00:00,2026-07-29 16:16:00+00:00,20000.0,40053.440213760856,53.44021376085948,0.0,0.0,,53.44021376085948,mean
B0,XRPUSDT,2026-07-29 12:31:00+00:00,2026-07-29 16:31:00+00:00,20000.0,39890.30398810077,-109.69601189922832,0.0,0.0,,-109.69601189922832,timeout
B0,FILUSDT,2026-07-29 16:06:00+00:00,2026-07-29 18:06:00+00:00,20000.0,39912.20368744513,-87.79631255487402,0.0,0.0,,-87.79631255487402,mean
B0,ETHUSDT,2026-07-29 18:01:00+00:00,2026-07-29 18:36:00+00:00,20000.0,39767.532568843126,232.46743115687423,0.0,0.0,,232.46743115687423,mean
B0,XRPUSDT,2026-07-29 18:11:00+00:00,2026-07-29 19:26:00+00:00,20000.0,39832.53588516747,167.46411483253178,0.0,0.0,,167.46411483253178,mean
B0,ADAUSDT,2026-07-29 18:51:00+00:00,2026-07-29 19:31:00+00:00,20000.0,39760.90854751943,239.09145248057396,0.0,0.0,,239.09145248057396,mean
B0,NEARUSDT,2026-07-29 18:06:00+00:00,2026-07-29 19:36:00+00:00,20000.0,39863.86138613861,136.13861386138888,0.0,0.0,,136.13861386138888,mean
B0,FILUSDT,2026-07-29 19:31:00+00:00,2026-07-29 22:01:00+00:00,20000.0,39916.80285247363,-83.19714752637083,0.0,0.0,,-83.19714752637083,mean
B0,BCHUSDT,2026-07-29 19:51:00+00:00,2026-07-29 22:01:00+00:00,20000.0,40087.06166868199,87.06166868198488,0.0,0.0,,87.06166868198488,mean
B0,AAVEUSDT,2026-07-29 20:36:00+00:00,2026-07-29 22:26:00+00:00,20000.0,40116.910229645095,116.91022964509466,0.0,0.0,,116.91022964509466,mean
B0,UNIUSDT,2026-07-29 22:21:00+00:00,2026-07-30 00:36:00+00:00,20000.0,39894.86858573217,105.13141426783476,0.0,0.0,,105.13141426783476,mean
B0,BCHUSDT,2026-07-29 23:06:00+00:00,2026-07-30 00:36:00+00:00,20000.0,39982.87345385348,17.12654614652638,0.0,0.0,,17.12654614652638,mean
B0,LTCUSDT,2026-07-30 00:06:00+00:00,2026-07-30 00:41:00+00:00,20000.0,39872.443369254455,127.55663074554468,0.0,0.0,,127.55663074554468,mean
B0,AAVEUSDT,2026-07-30 00:46:00+00:00,2026-07-30 01:36:00+00:00,20000.0,40333.43952426463,333.4395242646242,0.0,0.0,,333.4395242646242,mean
B0,BNBUSDT,2026-07-30 01:46:00+00:00,2026-07-30 03:06:00+00:00,20000.0,39966.63422772139,33.36577227860835,0.0,0.0,,33.36577227860835,mean
B0,TRXUSDT,2026-07-30 07:36:00+00:00,2026-07-30 10:51:00+00:00,20000.0,40036.04264027612,-36.042640276122256,0.0,0.0,,-36.042640276122256,mean
B0,BNBUSDT,2026-07-30 08:36:00+00:00,2026-07-30 12:36:00+00:00,20000.0,40377.84813411533,-377.8481341153274,0.0,0.0,,-377.8481341153274,timeout
B0,BNBUSDT,2026-07-30 12:36:00+00:00,2026-07-30 13:31:00+00:00,20000.0,39910.34588151393,89.65411848606891,0.0,0.0,,89.65411848606891,mean
B0,BTCUSDT,2026-07-30 09:36:00+00:00,2026-07-30 13:36:00+00:00,20000.0,40044.83512942387,-44.83512942386733,0.0,0.0,,-44.83512942386733,timeout
B0,AAVEUSDT,2026-07-30 12:11:00+00:00,2026-07-30 13:36:00+00:00,20000.0,39844.820636839984,155.17936316001578,0.0,0.0,,155.17936316001578,mean
B0,UNIUSDT,2026-07-30 13:31:00+00:00,2026-07-30 16:06:00+00:00,20000.0,40729.33933222828,-729.3393322282755,0.0,0.0,,-729.3393322282755,stop
B0,ADAUSDT,2026-07-30 14:51:00+00:00,2026-07-30 16:46:00+00:00,20000.0,39768.25028968714,231.7497103128626,0.0,0.0,,231.7497103128626,mean
B0,BCHUSDT,2026-07-30 13:56:00+00:00,2026-07-30 17:16:00+00:00,20000.0,39798.76722262509,201.23277737490932,0.0,0.0,,201.23277737490932,mean
B0,UNIUSDT,2026-07-30 16:11:00+00:00,2026-07-30 18:51:00+00:00,20000.0,40045.66210045661,-45.66210045662229,0.0,0.0,,-45.66210045662229,mean
B0,FILUSDT,2026-07-30 17:26:00+00:00,2026-07-30 21:11:00+00:00,20000.0,40041.75946547884,-41.75946547884087,0.0,0.0,,-41.75946547884087,mean
B0,BTCUSDT,2026-07-31 01:11:00+00:00,2026-07-31 01:41:00+00:00,20000.0,39860.53536424693,139.46463575307644,0.0,0.0,,139.46463575307644,mean
B0,UNIUSDT,2026-07-31 01:26:00+00:00,2026-07-31 02:01:00+00:00,20000.0,39634.52223690004,365.47776309995606,0.0,0.0,,365.47776309995606,mean
B0,UNIUSDT,2026-07-31 03:21:00+00:00,2026-07-31 04:11:00+00:00,20000.0,40269.9611072981,269.9611072980988,0.0,0.0,,269.9611072980988,mean
B0,BTCUSDT,2026-07-31 02:21:00+00:00,2026-07-31 05:06:00+00:00,20000.0,40000.71450650123,0.7145065012337,0.0,0.0,,0.7145065012337,mean
B0,NEARUSDT,2026-07-31 02:26:00+00:00,2026-07-31 05:11:00+00:00,20000.0,39987.8640776699,-12.135922330096946,0.0,0.0,,-12.135922330096946,mean
B0,UNIUSDT,2026-07-31 05:21:00+00:00,2026-07-31 06:26:00+00:00,20000.0,39832.34061328039,167.6593867196134,0.0,0.0,,167.6593867196134,mean
B0,LINKUSDT,2026-07-31 07:16:00+00:00,2026-07-31 08:16:00+00:00,20000.0,40123.337363966144,123.33736396614404,0.0,0.0,,123.33736396614404,mean
B0,TRXUSDT,2026-07-31 10:11:00+00:00,2026-07-31 12:56:00+00:00,20000.0,40044.775661667736,44.77566166773613,0.0,0.0,,44.77566166773613,mean
B0,BCHUSDT,2026-07-31 09:21:00+00:00,2026-07-31 13:16:00+00:00,20000.0,40126.01172878398,126.01172878398576,0.0,0.0,,126.01172878398576,mean
B0,LINKUSDT,2026-07-31 13:51:00+00:00,2026-07-31 16:46:00+00:00,20000.0,39970.51959218769,-29.48040781230884,0.0,0.0,,-29.48040781230884,mean
B0,BTCUSDT,2026-07-31 14:11:00+00:00,2026-07-31 17:16:00+00:00,20000.0,40091.05858400546,91.05858400546276,0.0,0.0,,91.05858400546276,mean
B0,XLMUSDT,2026-07-31 15:21:00+00:00,2026-07-31 18:11:00+00:00,20000.0,39912.12348962248,87.87651037752221,0.0,0.0,,87.87651037752221,mean
B0,NEARUSDT,2026-07-31 17:01:00+00:00,2026-07-31 18:41:00+00:00,20000.0,39976.34535777646,23.65464222353694,0.0,0.0,,23.65464222353694,mean
B0,AAVEUSDT,2026-07-31 21:06:00+00:00,2026-08-01 00:21:00+00:00,20000.0,39913.08034767861,-86.91965232139046,0.0,0.0,,-86.91965232139046,mean
B0,LTCUSDT,2026-07-31 22:56:00+00:00,2026-08-01 00:51:00+00:00,20000.0,40000.0,0.0,0.0,0.0,,0.0,mean
B0,AAVEUSDT,2026-08-01 01:01:00+00:00,2026-08-01 02:06:00+00:00,20000.0,40307.05574912892,307.05574912891825,0.0,0.0,,307.05574912891825,mean
B0,HBARUSDT,2026-08-01 00:51:00+00:00,2026-08-01 04:21:00+00:00,20000.0,40138.48817080207,-138.488170802073,0.0,0.0,,-138.488170802073,mean
B0,UNIUSDT,2026-08-01 05:21:00+00:00,2026-08-01 08:21:00+00:00,20000.0,39808.61244019138,-191.3875598086124,0.0,0.0,,-191.3875598086124,mean
B0,BNBUSDT,2026-08-01 08:36:00+00:00,2026-08-01 12:36:00+00:00,20000.0,39766.11377235301,-233.8862276469881,0.0,0.0,,-233.8862276469881,timeout
B0,FILUSDT,2026-08-01 10:06:00+00:00,2026-08-01 13:11:00+00:00,20000.0,40053.54375088065,53.54375088065353,0.0,0.0,,53.54375088065353,mean
B0,BNBUSDT,2026-08-01 13:06:00+00:00,2026-08-01 14:06:00+00:00,20000.0,40070.89868405126,70.8986840512589,0.0,0.0,,70.8986840512589,mean
B0,ADAUSDT,2026-08-01 13:11:00+00:00,2026-08-01 14:21:00+00:00,20000.0,39851.51342090234,148.48657909765825,0.0,0.0,,148.48657909765825,mean
B0,DOTUSDT,2026-08-01 14:56:00+00:00,2026-08-01 17:16:00+00:00,20000.0,39907.68047185536,92.31952814463511,0.0,0.0,,92.31952814463511,mean
B0,FILUSDT,2026-08-01 18:11:00+00:00,2026-08-01 20:21:00+00:00,20000.0,39994.27672056088,-5.723279439120233,0.0,0.0,,-5.723279439120233,mean
B0,SOLUSDT,2026-08-01 17:31:00+00:00,2026-08-01 20:51:00+00:00,20000.0,39869.3173919088,-130.6826080912033,0.0,0.0,,-130.6826080912033,mean
B0,AVAXUSDT,2026-08-01 18:46:00+00:00,2026-08-01 21:16:00+00:00,20000.0,40222.84122562675,222.84122562674384,0.0,0.0,,222.84122562674384,mean
B0,DOTUSDT,2026-08-02 01:06:00+00:00,2026-08-02 03:21:00+00:00,20000.0,40045.6447318372,-45.64473183720111,0.0,0.0,,-45.64473183720111,mean
B0,NEARUSDT,2026-08-02 01:11:00+00:00,2026-08-02 05:11:00+00:00,20000.0,40082.15962441315,-82.15962441314696,0.0,0.0,,-82.15962441314696,timeout
B0,SUIUSDT,2026-08-02 01:21:00+00:00,2026-08-02 05:21:00+00:00,20000.0,40234.46658851113,-234.4665885111353,0.0,0.0,,-234.4665885111353,timeout
B0,ADAUSDT,2026-08-02 03:21:00+00:00,2026-08-02 05:41:00+00:00,20000.0,40600.66740823137,-600.6674082313693,0.0,0.0,,-600.6674082313693,stop
B0,HBARUSDT,2026-08-02 08:11:00+00:00,2026-08-02 08:36:00+00:00,20000.0,39883.83623742739,116.1637625725998,0.0,0.0,,116.1637625725998,mean
B0,AVAXUSDT,2026-08-02 05:11:00+00:00,2026-08-02 08:41:00+00:00,20000.0,40215.31836358044,-215.318363580438,0.0,0.0,,-215.318363580438,mean
B0,ADAUSDT,2026-08-02 06:41:00+00:00,2026-08-02 08:41:00+00:00,20000.0,39850.1872659176,149.8127340823994,0.0,0.0,,149.8127340823994,mean
B0,ADAUSDT,2026-08-02 09:36:00+00:00,2026-08-02 10:56:00+00:00,20000.0,39872.54381306426,127.45618693574217,0.0,0.0,,127.45618693574217,mean
B0,TRXUSDT,2026-08-02 09:56:00+00:00,2026-08-02 12:31:00+00:00,20000.0,40017.78050275904,17.780502759043884,0.0,0.0,,17.780502759043884,mean
B0,ADAUSDT,2026-08-02 13:36:00+00:00,2026-08-02 13:46:00+00:00,20000.0,39800.31529164477,199.68470835522749,0.0,0.0,,199.68470835522749,mean
B0,TRXUSDT,2026-08-02 13:51:00+00:00,2026-08-02 15:21:00+00:00,20000.0,39962.76628212171,37.23371787829092,0.0,0.0,,37.23371787829092,mean
B0,DOGEUSDT,2026-08-02 18:41:00+00:00,2026-08-02 19:31:00+00:00,20000.0,39859.37280270005,140.6271972999566,0.0,0.0,,140.6271972999566,mean
B0,TRXUSDT,2026-08-03 00:21:00+00:00,2026-08-03 01:26:00+00:00,20000.0,40050.9890649957,50.98906499570148,0.0,0.0,,50.98906499570148,mean
B0,ADAUSDT,2026-08-03 01:26:00+00:00,2026-08-03 02:26:00+00:00,20000.0,40150.943396226416,150.94339622641564,0.0,0.0,,150.94339622641564,mean
B0,UNIUSDT,2026-08-03 00:16:00+00:00,2026-08-03 02:36:00+00:00,20000.0,40097.37098344693,97.37098344693368,0.0,0.0,,97.37098344693368,mean
B0,AVAXUSDT,2026-08-03 03:21:00+00:00,2026-08-03 06:01:00+00:00,20000.0,39984.445481412346,-15.55451858765082,0.0,0.0,,-15.55451858765082,mean
B0,DOGEUSDT,2026-08-03 07:06:00+00:00,2026-08-03 08:51:00+00:00,20000.0,40026.02660497397,26.026604973973008,0.0,0.0,,26.026604973973008,mean
B0,ETHUSDT,2026-08-03 08:31:00+00:00,2026-08-03 09:26:00+00:00,20000.0,40103.54488310241,103.54488310241504,0.0,0.0,,103.54488310241504,mean
B0,HBARUSDT,2026-08-03 09:06:00+00:00,2026-08-03 09:56:00+00:00,20000.0,40093.47159339857,93.47159339856807,0.0,0.0,,93.47159339856807,mean
B0,DOTUSDT,2026-08-03 10:01:00+00:00,2026-08-03 11:11:00+00:00,20000.0,39905.4491166957,94.55088330430226,0.0,0.0,,94.55088330430226,mean
B0,ADAUSDT,2026-08-03 10:41:00+00:00,2026-08-03 11:11:00+00:00,20000.0,39787.12080894093,212.8791910590735,0.0,0.0,,212.8791910590735,mean
B0,TRXUSDT,2026-08-03 09:26:00+00:00,2026-08-03 12:06:00+00:00,20000.0,40017.72832864654,-17.728328646535374,0.0,0.0,,-17.728328646535374,mean
B0,ADAUSDT,2026-08-03 14:01:00+00:00,2026-08-03 14:41:00+00:00,20000.0,39577.53735188048,422.4626481195228,0.0,0.0,,422.4626481195228,mean
B0,DOTUSDT,2026-08-03 12:21:00+00:00,2026-08-03 15:11:00+00:00,20000.0,40197.77503090235,-197.7750309023468,0.0,0.0,,-197.7750309023468,mean
B0,TRXUSDT,2026-08-03 15:21:00+00:00,2026-08-03 17:51:00+00:00,20000.0,39959.317505616615,40.68249438338535,0.0,0.0,,40.68249438338535,mean
B0,BTCUSDT,2026-08-03 14:16:00+00:00,2026-08-03 18:16:00+00:00,20000.0,40200.03821983989,-200.03821983988743,0.0,0.0,,-200.03821983988743,timeout
B0,BCHUSDT,2026-08-03 18:16:00+00:00,2026-08-03 19:01:00+00:00,20000.0,39812.197843064336,187.80215693566424,0.0,0.0,,187.80215693566424,mean
B0,HBARUSDT,2026-08-03 15:31:00+00:00,2026-08-03 19:31:00+00:00,20000.0,40252.076768834144,-252.07676883414752,0.0,0.0,,-252.07676883414752,timeout
B0,HBARUSDT,2026-08-04 01:01:00+00:00,2026-08-04 01:36:00+00:00,20000.0,40071.36739937197,71.36739937196762,0.0,0.0,,71.36739937196762,mean
B0,DOTUSDT,2026-08-04 02:26:00+00:00,2026-08-04 04:31:00+00:00,20000.0,39945.17282479141,54.82717520858205,0.0,0.0,,54.82717520858205,mean
B0,ADAUSDT,2026-08-04 03:46:00+00:00,2026-08-04 04:31:00+00:00,20000.0,39796.95431472082,203.04568527918676,0.0,0.0,,203.04568527918676,mean
B0,HBARUSDT,2026-08-04 04:56:00+00:00,2026-08-04 05:11:00+00:00,20000.0,39874.07303763817,125.9269623618311,0.0,0.0,,125.9269623618311,mean
B0,AVAXUSDT,2026-08-04 01:36:00+00:00,2026-08-04 05:36:00+00:00,20000.0,40294.81132075472,-294.81132075472124,0.0,0.0,,-294.81132075472124,timeout
B0,TRXUSDT,2026-08-04 09:01:00+00:00,2026-08-04 09:51:00+00:00,20000.0,39967.88462703751,32.115372962492984,0.0,0.0,,32.115372962492984,mean
B0,HBARUSDT,2026-08-04 10:06:00+00:00,2026-08-04 10:41:00+00:00,20000.0,39896.37305699482,103.62694300517978,0.0,0.0,,103.62694300517978,mean
B0,HBARUSDT,2026-08-04 13:31:00+00:00,2026-08-04 16:26:00+00:00,20000.0,39982.82524688708,-17.174753112925828,0.0,0.0,,-17.174753112925828,mean
B0,AAVEUSDT,2026-08-04 15:26:00+00:00,2026-08-04 17:06:00+00:00,20000.0,40064.39435994226,64.39435994226733,0.0,0.0,,64.39435994226733,mean
B0,TRXUSDT,2026-08-04 15:56:00+00:00,2026-08-04 17:16:00+00:00,20000.0,40093.79663184822,93.7966318482213,0.0,0.0,,93.7966318482213,mean
B0,DOTUSDT,2026-08-04 16:26:00+00:00,2026-08-04 17:36:00+00:00,20000.0,39874.37781464802,125.62218535197826,0.0,0.0,,125.62218535197826,mean
B0,DOTUSDT,2026-08-04 21:51:00+00:00,2026-08-04 23:56:00+00:00,20000.0,40014.02524544179,-14.025245441793231,0.0,0.0,,-14.025245441793231,mean
B0,TRXUSDT,2026-08-04 20:36:00+00:00,2026-08-05 00:36:00+00:00,20000.0,39912.1977988476,-87.80220115240445,0.0,0.0,,-87.80220115240445,timeout
B0,DOTUSDT,2026-08-05 00:16:00+00:00,2026-08-05 01:21:00+00:00,20000.0,39836.33010603965,163.66989396035206,0.0,0.0,,163.66989396035206,mean
B0,XLMUSDT,2026-08-05 00:06:00+00:00,2026-08-05 02:06:00+00:00,20000.0,39941.68402261232,-58.31597738768323,0.0,0.0,,-58.31597738768323,mean
B0,BNBUSDT,2026-08-05 00:41:00+00:00,2026-08-05 03:16:00+00:00,20000.0,40025.69707487193,-25.697074871932276,0.0,0.0,,-25.697074871932276,mean
B0,NEARUSDT,2026-08-05 03:31:00+00:00,2026-08-05 05:11:00+00:00,20000.0,40165.09433962264,165.09433962264302,0.0,0.0,,165.09433962264302,mean
B0,DOTUSDT,2026-08-05 03:21:00+00:00,2026-08-05 05:51:00+00:00,20000.0,40056.80473372781,56.80473372781125,0.0,0.0,,56.80473372781125,mean
B0,ADAUSDT,2026-08-05 09:31:00+00:00,2026-08-05 10:21:00+00:00,20000.0,39786.04177279674,213.95822720326032,0.0,0.0,,213.95822720326032,mean
B0,TRXUSDT,2026-08-05 08:56:00+00:00,2026-08-05 11:56:00+00:00,20000.0,40012.19437839156,-12.194378391563076,0.0,0.0,,-12.194378391563076,mean
B0,BCHUSDT,2026-08-05 10:41:00+00:00,2026-08-05 12:56:00+00:00,20000.0,39900.98085007006,99.01914992993989,0.0,0.0,,99.01914992993989,mean
B0,XLMUSDT,2026-08-05 12:26:00+00:00,2026-08-05 13:16:00+00:00,20000.0,39890.50877714966,109.49122285034171,0.0,0.0,,109.49122285034171,mean
B0,SUIUSDT,2026-08-05 13:36:00+00:00,2026-08-05 14:11:00+00:00,20000.0,40172.53984500658,172.53984500658044,0.0,0.0,,172.53984500658044,mean
B0,UNIUSDT,2026-08-05 14:11:00+00:00,2026-08-05 15:46:00+00:00,20000.0,39774.399215301615,225.6007846983812,0.0,0.0,,225.6007846983812,mean
B0,HBARUSDT,2026-08-05 16:01:00+00:00,2026-08-05 16:31:00+00:00,20000.0,40110.48117458933,110.48117458932757,0.0,0.0,,110.48117458932757,mean
B0,UNIUSDT,2026-08-05 17:31:00+00:00,2026-08-05 18:41:00+00:00,20000.0,39713.26164874552,286.7383512544802,0.0,0.0,,286.7383512544802,mean
B0,ETHUSDT,2026-08-05 16:31:00+00:00,2026-08-05 20:31:00+00:00,20000.0,40277.2936143242,-277.2936143241968,0.0,0.0,,-277.2936143241968,timeout
B0,DOTUSDT,2026-08-05 21:51:00+00:00,2026-08-05 23:11:00+00:00,20000.0,40069.01475487863,69.0147548786299,0.0,0.0,,69.0147548786299,mean
B0,BNBUSDT,2026-08-05 23:01:00+00:00,2026-08-06 00:06:00+00:00,20000.0,40066.47545132444,66.4754513244443,0.0,0.0,,66.4754513244443,mean
B0,TRXUSDT,2026-08-06 01:21:00+00:00,2026-08-06 02:31:00+00:00,20000.0,39971.988795518206,28.011204481794262,0.0,0.0,,28.011204481794262,mean
B0,XLMUSDT,2026-08-05 23:06:00+00:00,2026-08-06 03:06:00+00:00,20000.0,39643.398629389296,-356.6013706107078,0.0,0.0,,-356.6013706107078,timeout
B0,AAVEUSDT,2026-08-06 01:36:00+00:00,2026-08-06 04:21:00+00:00,20000.0,40018.02816901408,18.028169014083687,0.0,0.0,,18.028169014083687,mean
B0,XRPUSDT,2026-08-06 02:31:00+00:00,2026-08-06 05:06:00+00:00,20000.0,40088.05513016845,88.05513016845362,0.0,0.0,,88.05513016845362,mean
B0,NEARUSDT,2026-08-06 04:26:00+00:00,2026-08-06 06:16:00+00:00,20000.0,39907.35379270411,92.64620729588933,0.0,0.0,,92.64620729588933,mean
B0,TRXUSDT,2026-08-06 04:46:00+00:00,2026-08-06 06:46:00+00:00,20000.0,40020.2094433217,20.20944332169529,0.0,0.0,,20.20944332169529,mean
B0,XLMUSDT,2026-08-06 09:26:00+00:00,2026-08-06 11:16:00+00:00,20000.0,40100.05628165843,100.05628165843154,0.0,0.0,,100.05628165843154,mean
B0,NEARUSDT,2026-08-06 09:11:00+00:00,2026-08-06 11:31:00+00:00,20000.0,39976.35933806146,-23.64066193853432,0.0,0.0,,-23.64066193853432,mean
B0,SUIUSDT,2026-08-06 09:46:00+00:00,2026-08-06 12:26:00+00:00,20000.0,40029.60769800148,29.607698001480458,0.0,0.0,,29.607698001480458,mean
B0,LTCUSDT,2026-08-06 12:36:00+00:00,2026-08-06 13:11:00+00:00,20000.0,39920.45956694653,79.54043305346931,0.0,0.0,,79.54043305346931,mean
B0,FILUSDT,2026-08-06 11:16:00+00:00,2026-08-06 13:46:00+00:00,20000.0,39988.40075395099,-11.59924604900516,0.0,0.0,,-11.59924604900516,mean
B0,DOGEUSDT,2026-08-06 13:06:00+00:00,2026-08-06 14:26:00+00:00,20000.0,40075.76861430862,75.7686143086139,0.0,0.0,,75.7686143086139,mean
B0,ADAUSDT,2026-08-06 14:21:00+00:00,2026-08-06 14:46:00+00:00,20000.0,40706.24360286592,-706.2436028659176,0.0,0.0,,-706.2436028659176,stop
B0,ADAUSDT,2026-08-06 14:46:00+00:00,2026-08-06 15:51:00+00:00,20000.0,40840.33613445378,-840.3361344537807,0.0,0.0,,-840.3361344537807,stop
B0,LTCUSDT,2026-08-06 13:41:00+00:00,2026-08-06 17:41:00+00:00,20000.0,40110.05943209333,-110.05943209333054,0.0,0.0,,-110.05943209333054,timeout
B0,ADAUSDT,2026-08-06 15:51:00+00:00,2026-08-06 17:46:00+00:00,20000.0,39354.838709677424,645.1612903225796,0.0,0.0,,645.1612903225796,mean
B0,FILUSDT,2026-08-06 16:36:00+00:00,2026-08-06 18:16:00+00:00,20000.0,39692.6059263362,307.3940736638069,0.0,0.0,,307.3940736638069,mean
B0,LINKUSDT,2026-08-06 17:51:00+00:00,2026-08-06 18:36:00+00:00,20000.0,39872.381411028175,127.61858897182536,0.0,0.0,,127.61858897182536,mean
B0,ADAUSDT,2026-08-06 18:21:00+00:00,2026-08-06 19:06:00+00:00,20000.0,39739.38223938224,260.61776061776254,0.0,0.0,,260.61776061776254,mean
B0,XRPUSDT,2026-08-06 18:06:00+00:00,2026-08-06 21:26:00+00:00,20000.0,39957.61487332627,-42.38512667373288,0.0,0.0,,-42.38512667373288,mean
B0,AAVEUSDT,2026-08-07 01:06:00+00:00,2026-08-07 03:16:00+00:00,20000.0,39874.71150675898,125.28849324101613,0.0,0.0,,125.28849324101613,mean
B0,NEARUSDT,2026-08-07 04:36:00+00:00,2026-08-07 05:06:00+00:00,20000.0,40171.77914110429,171.77914110429265,0.0,0.0,,171.77914110429265,mean
B0,XLMUSDT,2026-08-07 04:31:00+00:00,2026-08-07 05:56:00+00:00,20000.0,40140.39486054529,140.39486054528606,0.0,0.0,,140.39486054528606,mean
B0,XRPUSDT,2026-08-07 02:41:00+00:00,2026-08-07 06:11:00+00:00,20000.0,39926.0124610592,-73.98753894080437,0.0,0.0,,-73.98753894080437,mean
B0,BNBUSDT,2026-08-07 05:06:00+00:00,2026-08-07 07:26:00+00:00,20000.0,40008.50238917135,8.502389171357208,0.0,0.0,,8.502389171357208,mean
B0,BCHUSDT,2026-08-07 06:26:00+00:00,2026-08-07 08:56:00+00:00,20000.0,39995.354455077584,4.645544922419504,0.0,0.0,,4.645544922419504,mean
B0,XRPUSDT,2026-08-07 09:26:00+00:00,2026-08-07 11:16:00+00:00,20000.0,39978.748068006185,21.25193199381829,0.0,0.0,,21.25193199381829,mean
B0,TRXUSDT,2026-08-07 11:46:00+00:00,2026-08-07 12:56:00+00:00,20000.0,39971.33622004025,28.66377995975199,0.0,0.0,,28.66377995975199,mean
B0,SOLUSDT,2026-08-07 09:21:00+00:00,2026-08-07 13:21:00+00:00,20000.0,40130.71895424837,-130.71895424836475,0.0,0.0,,-130.71895424836475,timeout
B0,BTCUSDT,2026-08-07 09:31:00+00:00,2026-08-07 13:31:00+00:00,20000.0,40096.04286128719,-96.04286128719468,0.0,0.0,,-96.04286128719468,timeout
B0,ETHUSDT,2026-08-07 12:56:00+00:00,2026-08-07 14:01:00+00:00,20000.0,39880.009723350006,119.99027664999448,0.0,0.0,,119.99027664999448,mean
B0,SOLUSDT,2026-08-07 13:51:00+00:00,2026-08-07 14:06:00+00:00,20000.0,39878.82051972533,121.17948027467357,0.0,0.0,,121.17948027467357,mean
B0,SUIUSDT,2026-08-07 14:46:00+00:00,2026-08-07 15:16:00+00:00,20000.0,40068.728522336765,68.72852233676895,0.0,0.0,,68.72852233676895,mean
B0,XRPUSDT,2026-08-07 14:16:00+00:00,2026-08-07 16:16:00+00:00,20000.0,40033.10291110895,33.10291110894468,0.0,0.0,,33.10291110894468,mean
B0,LTCUSDT,2026-08-07 15:51:00+00:00,2026-08-07 16:31:00+00:00,20000.0,39939.11719939117,60.88280060882971,0.0,0.0,,60.88280060882971,mean
B0,XRPUSDT,2026-08-07 16:51:00+00:00,2026-08-07 19:11:00+00:00,20000.0,39992.169146436965,-7.830853563038545,0.0,0.0,,-7.830853563038545,mean
B0,FILUSDT,2026-08-07 17:16:00+00:00,2026-08-07 19:16:00+00:00,20000.0,40275.59638464957,275.59638464957607,0.0,0.0,,275.59638464957607,mean
B0,NEARUSDT,2026-08-07 15:21:00+00:00,2026-08-07 19:21:00+00:00,20000.0,39715.69839307787,-284.30160692212667,0.0,0.0,,-284.30160692212667,timeout
B0,LTCUSDT,2026-08-07 19:36:00+00:00,2026-08-07 20:31:00+00:00,20000.0,40083.9222614841,83.92226148409827,0.0,0.0,,83.92226148409827,mean
B0,NEARUSDT,2026-08-07 20:36:00+00:00,2026-08-07 20:46:00+00:00,20000.0,40189.87341772152,189.8734177215192,0.0,0.0,,189.8734177215192,mean
B0,UNIUSDT,2026-08-07 22:36:00+00:00,2026-08-07 23:11:00+00:00,20000.0,40182.50950570342,182.5095057034232,0.0,0.0,,182.5095057034232,mean
B0,SUIUSDT,2026-08-08 01:36:00+00:00,2026-08-08 03:01:00+00:00,20000.0,39929.27655812583,70.72344187417184,0.0,0.0,,70.72344187417184,mean
B0,AVAXUSDT,2026-08-08 01:56:00+00:00,2026-08-08 03:26:00+00:00,20000.0,39905.32905787143,94.67094212857046,0.0,0.0,,94.67094212857046,mean
B0,XRPUSDT,2026-08-08 03:31:00+00:00,2026-08-08 05:21:00+00:00,20000.0,39951.77469135802,48.22530864197688,0.0,0.0,,48.22530864197688,mean
B0,XLMUSDT,2026-08-08 03:36:00+00:00,2026-08-08 05:41:00+00:00,20000.0,39872.02925045704,127.97074954296112,0.0,0.0,,127.97074954296112,mean
B0,SOLUSDT,2026-08-08 03:56:00+00:00,2026-08-08 05:56:00+00:00,20000.0,39954.508964409964,45.49103559004652,0.0,0.0,,45.49103559004652,mean
B0,SUIUSDT,2026-08-08 08:46:00+00:00,2026-08-08 11:11:00+00:00,20000.0,40049.33255948927,-49.33255948926308,0.0,0.0,,-49.33255948926308,mean
B0,FILUSDT,2026-08-08 07:46:00+00:00,2026-08-08 11:46:00+00:00,20000.0,40326.89027856737,-326.8902785673672,0.0,0.0,,-326.8902785673672,timeout
B0,TRXUSDT,2026-08-08 10:21:00+00:00,2026-08-08 12:41:00+00:00,20000.0,39986.01398601399,13.98601398601386,0.0,0.0,,13.98601398601386,mean
B0,SOLUSDT,2026-08-08 11:16:00+00:00,2026-08-08 15:16:00+00:00,20000.0,40329.04338596258,-329.04338596258094,0.0,0.0,,-329.04338596258094,timeout
B0,SUIUSDT,2026-08-08 15:21:00+00:00,2026-08-08 16:26:00+00:00,20000.0,39798.66723380122,201.3327661987787,0.0,0.0,,201.3327661987787,mean
B0,BNBUSDT,2026-08-08 14:06:00+00:00,2026-08-08 17:51:00+00:00,20000.0,40169.04789690412,-169.04789690412144,0.0,0.0,,-169.04789690412144,mean
B0,HBARUSDT,2026-08-08 16:26:00+00:00,2026-08-08 17:51:00+00:00,20000.0,39888.41201716737,111.58798283261784,0.0,0.0,,111.58798283261784,mean
B0,SOLUSDT,2026-08-08 15:16:00+00:00,2026-08-08 18:06:00+00:00,20000.0,39913.84936692338,86.15063307662058,0.0,0.0,,86.15063307662058,mean
B0,SUIUSDT,2026-08-08 23:01:00+00:00,2026-08-08 23:51:00+00:00,20000.0,40095.70765661253,95.7076566125288,0.0,0.0,,95.7076566125288,mean
B0,DOGEUSDT,2026-08-09 01:31:00+00:00,2026-08-09 04:16:00+00:00,20000.0,40017.135513351415,17.135513351418922,0.0,0.0,,17.135513351418922,mean
B0,HBARUSDT,2026-08-09 05:01:00+00:00,2026-08-09 05:26:00+00:00,20000.0,39802.71622587563,197.2837741243748,0.0,0.0,,197.2837741243748,mean
B0,BNBUSDT,2026-08-09 14:11:00+00:00,2026-08-09 16:21:00+00:00,20000.0,39920.11393586197,79.88606413803791,0.0,0.0,,79.88606413803791,mean
B0,UNIUSDT,2026-08-09 15:21:00+00:00,2026-08-09 16:36:00+00:00,20000.0,39818.62745098039,181.3725490196084,0.0,0.0,,181.3725490196084,mean
B0,SUIUSDT,2026-08-09 15:06:00+00:00,2026-08-09 17:36:00+00:00,20000.0,40002.85632676378,-2.856326763780089,0.0,0.0,,-2.856326763780089,mean
B0,DOGEUSDT,2026-08-09 23:21:00+00:00,2026-08-10 01:21:00+00:00,20000.0,40028.71500358937,28.71500358937556,0.0,0.0,,28.71500358937556,mean
B0,LTCUSDT,2026-08-09 22:41:00+00:00,2026-08-10 01:26:00+00:00,20000.0,39943.13210848645,-56.86789151355697,0.0,0.0,,-56.86789151355697,mean
B0,LINKUSDT,2026-08-10 01:36:00+00:00,2026-08-10 01:51:00+00:00,20000.0,40159.06032056772,159.06032056772165,0.0,0.0,,159.06032056772165,mean
B0,SUIUSDT,2026-08-09 23:31:00+00:00,2026-08-10 02:06:00+00:00,20000.0,40216.089940137244,216.08994013724805,0.0,0.0,,216.08994013724805,mean
B0,AAVEUSDT,2026-08-10 01:56:00+00:00,2026-08-10 02:26:00+00:00,20000.0,39882.54486133768,117.45513866231704,0.0,0.0,,117.45513866231704,mean
B0,LTCUSDT,2026-08-10 02:31:00+00:00,2026-08-10 05:26:00+00:00,20000.0,40017.6444640494,17.644464049404633,0.0,0.0,,17.644464049404633,mean
B0,AAVEUSDT,2026-08-10 07:01:00+00:00,2026-08-10 07:56:00+00:00,20000.0,39905.00863557859,94.99136442141388,0.0,0.0,,94.99136442141388,mean
B0,XLMUSDT,2026-08-10 07:11:00+00:00,2026-08-10 08:31:00+00:00,20000.0,39928.58439750651,71.41560249348913,0.0,0.0,,71.41560249348913,mean
B0,NEARUSDT,2026-08-10 05:11:00+00:00,2026-08-10 08:46:00+00:00,20000.0,40134.31013431014,-134.31013431013707,0.0,0.0,,-134.31013431013707,mean
B0,AAVEUSDT,2026-08-10 10:01:00+00:00,2026-08-10 11:36:00+00:00,20000.0,40054.8726953468,54.87269534679581,0.0,0.0,,54.87269534679581,mean
B0,LINKUSDT,2026-08-10 11:21:00+00:00,2026-08-10 12:56:00+00:00,20000.0,39944.58498976028,55.41501023972887,0.0,0.0,,55.41501023972887,mean
B0,TRXUSDT,2026-08-10 10:21:00+00:00,2026-08-10 13:36:00+00:00,20000.0,40003.01786576533,-3.017865765330498,0.0,0.0,,-3.017865765330498,mean
B0,DOTUSDT,2026-08-10 13:21:00+00:00,2026-08-10 14:41:00+00:00,20000.0,39924.21464368659,75.7853563134122,0.0,0.0,,75.7853563134122,mean
B0,ETHUSDT,2026-08-10 13:01:00+00:00,2026-08-10 17:01:00+00:00,20000.0,39632.32863775872,-367.6713622412863,0.0,0.0,,-367.6713622412863,timeout
B0,BTCUSDT,2026-08-10 16:21:00+00:00,2026-08-10 19:31:00+00:00,20000.0,39993.50715227757,-6.492847722431179,0.0,0.0,,-6.492847722431179,mean
B0,NEARUSDT,2026-08-10 18:21:00+00:00,2026-08-10 19:31:00+00:00,20000.0,40162.39850093691,162.39850093691348,0.0,0.0,,162.39850093691348,mean
B0,XRPUSDT,2026-08-10 22:06:00+00:00,2026-08-11 01:01:00+00:00,20000.0,40071.37900267671,71.37900267671284,0.0,0.0,,71.37900267671284,mean
B0,LINKUSDT,2026-08-11 01:26:00+00:00,2026-08-11 03:46:00+00:00,20000.0,40081.28137700215,-81.28137700215302,0.0,0.0,,-81.28137700215302,mean
B0,DOGEUSDT,2026-08-11 02:41:00+00:00,2026-08-11 03:46:00+00:00,20000.0,39934.57545157161,65.4245484283856,0.0,0.0,,65.4245484283856,mean
B0,BCHUSDT,2026-08-11 02:26:00+00:00,2026-08-11 04:11:00+00:00,20000.0,39963.80510440836,36.194895591648674,0.0,0.0,,36.194895591648674,mean
B0,XRPUSDT,2026-08-11 06:46:00+00:00,2026-08-11 08:56:00+00:00,20000.0,40013.93312101912,13.93312101911215,0.0,0.0,,13.93312101911215,mean
B0,UNIUSDT,2026-08-11 07:26:00+00:00,2026-08-11 08:56:00+00:00,20000.0,40061.08424535506,61.08424535505401,0.0,0.0,,61.08424535505401,mean
B0,LINKUSDT,2026-08-11 08:06:00+00:00,2026-08-11 12:06:00+00:00,20000.0,40393.12617702448,-393.1261770244819,0.0,0.0,,-393.1261770244819,timeout
B0,BNBUSDT,2026-08-11 09:11:00+00:00,2026-08-11 13:11:00+00:00,20000.0,40252.76774076457,-252.7677407645715,0.0,0.0,,-252.7677407645715,timeout
B0,TRXUSDT,2026-08-11 09:51:00+00:00,2026-08-11 13:26:00+00:00,20000.0,40080.15792307232,-80.15792307231823,0.0,0.0,,-80.15792307231823,mean
B0,HBARUSDT,2026-08-11 12:56:00+00:00,2026-08-11 13:51:00+00:00,20000.0,40102.19416892095,102.19416892094888,0.0,0.0,,102.19416892094888,mean
B0,BNBUSDT,2026-08-11 13:11:00+00:00,2026-08-11 14:11:00+00:00,20000.0,39912.01629327902,87.98370672098099,0.0,0.0,,87.98370672098099,mean
B0,DOGEUSDT,2026-08-11 14:11:00+00:00,2026-08-11 14:36:00+00:00,20000.0,39938.08920782328,61.91079217672814,0.0,0.0,,61.91079217672814,mean
B0,UNIUSDT,2026-08-11 13:26:00+00:00,2026-08-11 15:56:00+00:00,20000.0,39331.41812483677,-668.5818751632287,0.0,0.0,,-668.5818751632287,stop
B0,LTCUSDT,2026-08-11 14:01:00+00:00,2026-08-11 16:06:00+00:00,20000.0,40053.30964015993,53.30964015992868,0.0,0.0,,53.30964015992868,mean
B0,SUIUSDT,2026-08-11 14:36:00+00:00,2026-08-11 17:26:00+00:00,20000.0,39932.531534174246,-67.46846582575381,0.0,0.0,,-67.46846582575381,mean
B0,AAVEUSDT,2026-08-11 15:56:00+00:00,2026-08-11 18:06:00+00:00,20000.0,40201.66898470097,201.6689847009729,0.0,0.0,,201.6689847009729,mean
B0,XRPUSDT,2026-08-11 17:31:00+00:00,2026-08-11 18:41:00+00:00,20000.0,39919.10023677979,80.89976322020448,0.0,0.0,,80.89976322020448,mean
B0,LTCUSDT,2026-08-11 18:21:00+00:00,2026-08-11 18:41:00+00:00,20000.0,39916.28111918925,83.7188808107494,0.0,0.0,,83.7188808107494,mean
B0,UNIUSDT,2026-08-11 16:06:00+00:00,2026-08-11 19:21:00+00:00,20000.0,40140.502566873816,140.50256687381625,0.0,0.0,,140.50256687381625,mean
B0,BTCUSDT,2026-08-11 18:41:00+00:00,2026-08-11 19:56:00+00:00,20000.0,40066.05732029895,66.0573202989508,0.0,0.0,,66.0573202989508,mean
B0,AAVEUSDT,2026-08-11 19:56:00+00:00,2026-08-11 21:36:00+00:00,20000.0,39941.08983799706,58.91016200294325,0.0,0.0,,58.91016200294325,mean
B0,ETHUSDT,2026-08-11 20:01:00+00:00,2026-08-11 22:46:00+00:00,20000.0,39971.83936750157,28.16063249843137,0.0,0.0,,28.16063249843137,mean
B0,DOGEUSDT,2026-08-11 20:11:00+00:00,2026-08-11 23:16:00+00:00,20000.0,40092.050209205016,-92.0502092050192,0.0,0.0,,-92.0502092050192,mean
B0,BNBUSDT,2026-08-11 23:31:00+00:00,2026-08-12 02:26:00+00:00,20000.0,40028.23483594587,-28.234835945866507,0.0,0.0,,-28.234835945866507,mean
B0,NEARUSDT,2026-08-11 23:26:00+00:00,2026-08-12 02:51:00+00:00,20000.0,40621.11801242236,-621.1180124223574,0.0,0.0,,-621.1180124223574,stop
B0,SUIUSDT,2026-08-12 02:01:00+00:00,2026-08-12 03:01:00+00:00,20000.0,39902.63459335624,97.36540664375934,0.0,0.0,,97.36540664375934,mean
B0,TRXUSDT,2026-08-12 03:16:00+00:00,2026-08-12 03:46:00+00:00,20000.0,40055.787168951145,55.78716895114485,0.0,0.0,,55.78716895114485,mean
B0,NEARUSDT,2026-08-12 02:51:00+00:00,2026-08-12 04:26:00+00:00,20000.0,39867.46987951808,132.53012048192613,0.0,0.0,,132.53012048192613,mean
B0,AAVEUSDT,2026-08-12 02:31:00+00:00,2026-08-12 04:36:00+00:00,20000.0,40029.00490852298,-29.00490852298026,0.0,0.0,,-29.00490852298026,mean
B0,NEARUSDT,2026-08-12 05:31:00+00:00,2026-08-12 06:31:00+00:00,20000.0,39844.86873508354,155.13126491646472,0.0,0.0,,155.13126491646472,mean
B0,XLMUSDT,2026-08-12 06:36:00+00:00,2026-08-12 07:16:00+00:00,20000.0,40123.82739212008,123.827392120078,0.0,0.0,,123.827392120078,mean
B0,BNBUSDT,2026-08-12 06:06:00+00:00,2026-08-12 07:36:00+00:00,20000.0,40034.68132443397,34.68132443397553,0.0,0.0,,34.68132443397553,mean
B0,UNIUSDT,2026-08-12 07:16:00+00:00,2026-08-12 07:56:00+00:00,20000.0,39385.21185267239,-614.7881473276138,0.0,0.0,,-614.7881473276138,stop
B0,DOGEUSDT,2026-08-12 06:21:00+00:00,2026-08-12 08:06:00+00:00,20000.0,40019.5530726257,19.553072625698405,0.0,0.0,,19.553072625698405,mean
B0,UNIUSDT,2026-08-12 07:56:00+00:00,2026-08-12 11:56:00+00:00,20000.0,40177.142857142855,177.1428571428587,0.0,0.0,,177.1428571428587,timeout
B0,TRXUSDT,2026-08-12 10:31:00+00:00,2026-08-12 12:11:00+00:00,20000.0,39963.22984313377,36.770156866230536,0.0,0.0,,36.770156866230536,mean
B0,ETHUSDT,2026-08-12 09:31:00+00:00,2026-08-12 12:41:00+00:00,20000.0,40061.44925709424,-61.44925709423478,0.0,0.0,,-61.44925709423478,mean
B0,AVAXUSDT,2026-08-12 12:31:00+00:00,2026-08-12 13:56:00+00:00,20000.0,39840.724547158025,159.2754528419755,0.0,0.0,,159.2754528419755,mean
B0,XLMUSDT,2026-08-12 14:46:00+00:00,2026-08-12 16:06:00+00:00,20000.0,40181.497353163606,181.4973531636024,0.0,0.0,,181.4973531636024,mean
B0,DOGEUSDT,2026-08-12 13:26:00+00:00,2026-08-12 16:11:00+00:00,20000.0,39901.63012928612,-98.36987071388648,0.0,0.0,,-98.36987071388648,mean
B0,XLMUSDT,2026-08-12 16:51:00+00:00,2026-08-12 17:46:00+00:00,20000.0,40078.15947053261,78.15947053261698,0.0,0.0,,78.15947053261698,mean
B0,BTCUSDT,2026-08-12 15:01:00+00:00,2026-08-12 18:36:00+00:00,20000.0,40048.54813593478,48.5481359347832,0.0,0.0,,48.5481359347832,mean
B0,LTCUSDT,2026-08-12 19:26:00+00:00,2026-08-12 21:56:00+00:00,20000.0,40085.030208100245,85.03020810024827,0.0,0.0,,85.03020810024827,mean
B0,DOGEUSDT,2026-08-12 21:36:00+00:00,2026-08-13 00:06:00+00:00,20000.0,40086.442875666326,86.4428756663292,0.0,0.0,,86.4428756663292,mean
B0,FILUSDT,2026-08-12 21:26:00+00:00,2026-08-13 00:21:00+00:00,20000.0,40210.39975954313,210.39975954313195,0.0,0.0,,210.39975954313195,mean
B0,BCHUSDT,2026-08-13 03:06:00+00:00,2026-08-13 04:11:00+00:00,20000.0,39917.447361098224,82.5526389017723,0.0,0.0,,82.5526389017723,mean
B0,XLMUSDT,2026-08-13 03:01:00+00:00,2026-08-13 04:56:00+00:00,20000.0,40006.20308913839,-6.2030891383910784,0.0,0.0,,-6.2030891383910784,mean
B0,ETHUSDT,2026-08-13 05:11:00+00:00,2026-08-13 06:36:00+00:00,20000.0,39953.08035384794,46.919646152058704,0.0,0.0,,46.919646152058704,mean
B0,BTCUSDT,2026-08-13 05:21:00+00:00,2026-08-13 06:36:00+00:00,20000.0,39960.152565902434,39.84743409756993,0.0,0.0,,39.84743409756993,mean
B0,AVAXUSDT,2026-08-13 04:21:00+00:00,2026-08-13 07:41:00+00:00,20000.0,40067.71314250538,-67.71314250538126,0.0,0.0,,-67.71314250538126,mean
B0,TRXUSDT,2026-08-13 06:36:00+00:00,2026-08-13 07:41:00+00:00,20000.0,39942.58486489685,57.41513510314326,0.0,0.0,,57.41513510314326,mean
B0,AAVEUSDT,2026-08-13 07:06:00+00:00,2026-08-13 08:11:00+00:00,20000.0,39921.70022371365,78.29977628635606,0.0,0.0,,78.29977628635606,mean
B0,BCHUSDT,2026-08-13 11:16:00+00:00,2026-08-13 12:36:00+00:00,20000.0,40040.37558685446,40.37558685446129,0.0,0.0,,40.37558685446129,mean
B0,XLMUSDT,2026-08-13 11:46:00+00:00,2026-08-13 12:36:00+00:00,20000.0,40133.12401883831,133.12401883830535,0.0,0.0,,133.12401883830535,mean
B0,TRXUSDT,2026-08-13 08:56:00+00:00,2026-08-13 12:41:00+00:00,20000.0,39915.40065534704,-84.59934465296101,0.0,0.0,,-84.59934465296101,mean
B0,UNIUSDT,2026-08-13 12:36:00+00:00,2026-08-13 14:36:00+00:00,20000.0,40011.41878389951,11.418783899513071,0.0,0.0,,11.418783899513071,mean
B0,AAVEUSDT,2026-08-13 14:01:00+00:00,2026-08-13 15:11:00+00:00,20000.0,40175.61865663131,175.6186566313154,0.0,0.0,,175.6186566313154,mean
B0,HBARUSDT,2026-08-13 15:26:00+00:00,2026-08-13 15:56:00+00:00,20000.0,39910.21996109532,89.78003890468244,0.0,0.0,,89.78003890468244,mean
B0,BCHUSDT,2026-08-13 15:36:00+00:00,2026-08-13 19:36:00+00:00,20000.0,39835.35528596187,-164.64471403812786,0.0,0.0,,-164.64471403812786,timeout
B0,HBARUSDT,2026-08-13 18:31:00+00:00,2026-08-13 22:16:00+00:00,20000.0,39981.724032896745,-18.27596710325452,0.0,0.0,,-18.27596710325452,mean
B0,DOTUSDT,2026-08-14 03:46:00+00:00,2026-08-14 07:46:00+00:00,20000.0,39895.013123359575,-104.98687664042154,0.0,0.0,,-104.98687664042154,timeout
B0,LTCUSDT,2026-08-14 08:11:00+00:00,2026-08-14 09:06:00+00:00,20000.0,40049.42709503482,49.42709503482183,0.0,0.0,,49.42709503482183,mean
B0,BTCUSDT,2026-08-14 06:56:00+00:00,2026-08-14 10:21:00+00:00,20000.0,39945.93093819659,-54.069061803413206,0.0,0.0,,-54.069061803413206,mean
B0,LINKUSDT,2026-08-14 10:06:00+00:00,2026-08-14 10:26:00+00:00,20000.0,39803.94366197183,196.056338028171,0.0,0.0,,196.056338028171,mean
B0,UNIUSDT,2026-08-14 11:16:00+00:00,2026-08-14 11:51:00+00:00,20000.0,39314.28571428571,-685.7142857142899,0.0,0.0,,-685.7142857142899,stop
B0,ADAUSDT,2026-08-14 10:41:00+00:00,2026-08-14 14:41:00+00:00,20000.0,39988.83928571429,-11.160714285713766,0.0,0.0,,-11.160714285713766,timeout
B0,UNIUSDT,2026-08-14 11:51:00+00:00,2026-08-14 15:41:00+00:00,20000.0,40249.14356898163,249.14356898162805,0.0,0.0,,249.14356898162805,mean
B0,BCHUSDT,2026-08-14 13:11:00+00:00,2026-08-14 16:16:00+00:00,20000.0,39963.37721468871,-36.62278531129414,0.0,0.0,,-36.62278531129414,mean
B0,LTCUSDT,2026-08-14 15:06:00+00:00,2026-08-14 17:01:00+00:00,20000.0,40160.07317630917,160.07317630916805,0.0,0.0,,160.07317630916805,mean
B0,BTCUSDT,2026-08-14 16:31:00+00:00,2026-08-14 18:01:00+00:00,20000.0,39961.14566414451,38.85433585548526,0.0,0.0,,38.85433585548526,mean
B0,LINKUSDT,2026-08-14 17:26:00+00:00,2026-08-14 18:16:00+00:00,20000.0,39948.37840870834,51.62159129165957,0.0,0.0,,51.62159129165957,mean
B0,FILUSDT,2026-08-14 17:21:00+00:00,2026-08-14 19:01:00+00:00,20000.0,39858.46970367094,141.53029632905964,0.0,0.0,,141.53029632905964,mean
B0,DOTUSDT,2026-08-14 18:51:00+00:00,2026-08-14 19:51:00+00:00,20000.0,40074.064277212005,74.06427721200816,0.0,0.0,,74.06427721200816,mean
B0,LINKUSDT,2026-08-14 18:41:00+00:00,2026-08-14 20:31:00+00:00,20000.0,39970.98538109586,29.014618904137023,0.0,0.0,,29.014618904137023,mean
B0,NEARUSDT,2026-08-14 20:11:00+00:00,2026-08-14 21:36:00+00:00,20000.0,39925.78849721707,74.21150278293135,0.0,0.0,,74.21150278293135,mean
B0,LTCUSDT,2026-08-14 19:01:00+00:00,2026-08-14 22:06:00+00:00,20000.0,39995.41809851088,-4.581901489116717,0.0,0.0,,-4.581901489116717,mean
B0,XRPUSDT,2026-08-14 22:46:00+00:00,2026-08-14 23:21:00+00:00,20000.0,40064.54215409439,64.54215409439348,0.0,0.0,,64.54215409439348,mean
B0,XLMUSDT,2026-08-14 22:16:00+00:00,2026-08-14 23:31:00+00:00,20000.0,40096.83378989616,96.83378989616176,0.0,0.0,,96.83378989616176,mean
B0,LINKUSDT,2026-08-15 01:01:00+00:00,2026-08-15 02:06:00+00:00,20000.0,40713.18511996479,-713.185119964779,0.0,0.0,,-713.185119964779,stop
B0,LINKUSDT,2026-08-15 02:06:00+00:00,2026-08-15 02:56:00+00:00,20000.0,40601.48777895856,-601.4877789585553,0.0,0.0,,-601.4877789585553,stop
B0,HBARUSDT,2026-08-14 23:56:00+00:00,2026-08-15 03:26:00+00:00,20000.0,40057.759537923695,-57.75953792369546,0.0,0.0,,-57.75953792369546,mean
B0,FILUSDT,2026-08-15 00:06:00+00:00,2026-08-15 03:41:00+00:00,20000.0,40163.28910919959,-163.28910919959162,0.0,0.0,,-163.28910919959162,mean
B0,LINKUSDT,2026-08-15 02:56:00+00:00,2026-08-15 04:41:00+00:00,20000.0,39556.38089342824,443.619106571754,0.0,0.0,,443.619106571754,mean
B0,AVAXUSDT,2026-08-15 03:31:00+00:00,2026-08-15 05:26:00+00:00,20000.0,39816.51376146789,183.4862385321103,0.0,0.0,,183.4862385321103,mean
B0,LINKUSDT,2026-08-15 08:41:00+00:00,2026-08-15 10:01:00+00:00,20000.0,40103.52636687156,103.52636687156335,0.0,0.0,,103.52636687156335,mean
B0,DOTUSDT,2026-08-15 09:36:00+00:00,2026-08-15 11:21:00+00:00,20000.0,39956.27009646302,43.72990353697605,0.0,0.0,,43.72990353697605,mean
B0,TRXUSDT,2026-08-15 11:16:00+00:00,2026-08-15 13:06:00+00:00,20000.0,40020.55312074958,20.553120749584195,0.0,0.0,,20.553120749584195,mean
B0,LINKUSDT,2026-08-15 17:01:00+00:00,2026-08-15 18:01:00+00:00,20000.0,39918.69071197749,81.30928802251583,0.0,0.0,,81.30928802251583,mean
B0,XLMUSDT,2026-08-15 17:21:00+00:00,2026-08-15 18:16:00+00:00,20000.0,39937.29228067976,62.707719320245815,0.0,0.0,,62.707719320245815,mean
B0,BCHUSDT,2026-08-15 19:01:00+00:00,2026-08-15 21:01:00+00:00,20000.0,40090.71636345708,90.71636345708248,0.0,0.0,,90.71636345708248,mean
B0,AVAXUSDT,2026-08-15 22:51:00+00:00,2026-08-16 01:46:00+00:00,20000.0,39828.01751094434,-171.98248905565924,0.0,0.0,,-171.98248905565924,mean
B0,FILUSDT,2026-08-15 23:51:00+00:00,2026-08-16 02:56:00+00:00,20000.0,39985.20710059171,-14.792899408286758,0.0,0.0,,-14.792899408286758,mean
B0,XLMUSDT,2026-08-16 01:36:00+00:00,2026-08-16 03:06:00+00:00,20000.0,40060.03704413362,60.03704413361993,0.0,0.0,,60.03704413361993,mean
B0,LTCUSDT,2026-08-16 15:26:00+00:00,2026-08-16 16:46:00+00:00,20000.0,39950.76096687556,49.23903312444236,0.0,0.0,,49.23903312444236,mean
B0,XLMUSDT,2026-08-16 16:21:00+00:00,2026-08-16 17:21:00+00:00,20000.0,39940.80977268434,59.190227315659286,0.0,0.0,,59.190227315659286,mean
B0,ADAUSDT,2026-08-16 19:26:00+00:00,2026-08-16 20:41:00+00:00,20000.0,39876.750700280114,123.24929971988604,0.0,0.0,,123.24929971988604,mean
B0,HBARUSDT,2026-08-16 21:16:00+00:00,2026-08-16 21:56:00+00:00,20000.0,40083.41056533827,83.41056533827214,0.0,0.0,,83.41056533827214,mean
B0,LTCUSDT,2026-08-16 21:36:00+00:00,2026-08-16 23:36:00+00:00,20000.0,39977.39602169982,-22.60397830018337,0.0,0.0,,-22.60397830018337,mean
B0,SOLUSDT,2026-08-16 21:56:00+00:00,2026-08-16 23:51:00+00:00,20000.0,40064.54215409439,64.54215409439348,0.0,0.0,,64.54215409439348,mean
B0,FILUSDT,2026-08-16 21:41:00+00:00,2026-08-17 00:46:00+00:00,20000.0,40114.544084400906,114.54408440090629,0.0,0.0,,114.54408440090629,mean
B0,ADAUSDT,2026-08-17 00:21:00+00:00,2026-08-17 00:46:00+00:00,20000.0,40184.01380103508,184.0138010350784,0.0,0.0,,184.0138010350784,mean
B0,HBARUSDT,2026-08-17 00:11:00+00:00,2026-08-17 01:01:00+00:00,20000.0,40087.01056556868,87.01056556867479,0.0,0.0,,87.01056556867479,mean
B0,FILUSDT,2026-08-17 02:26:00+00:00,2026-08-17 02:46:00+00:00,20000.0,40093.4156998644,93.41569986439572,0.0,0.0,,93.41569986439572,mean
B0,ETHUSDT,2026-08-17 01:06:00+00:00,2026-08-17 05:06:00+00:00,20000.0,40125.32349656789,-125.32349656789302,0.0,0.0,,-125.32349656789302,timeout
B0,SUIUSDT,2026-08-17 03:16:00+00:00,2026-08-17 05:31:00+00:00,20000.0,39932.313125367866,67.68687463213428,0.0,0.0,,67.68687463213428,mean
B0,XLMUSDT,2026-08-17 02:36:00+00:00,2026-08-17 05:41:00+00:00,20000.0,40049.41087039148,-49.41087039148624,0.0,0.0,,-49.41087039148624,mean
B0,NEARUSDT,2026-08-17 05:06:00+00:00,2026-08-17 06:16:00+00:00,20000.0,39878.12309567337,121.8769043266293,0.0,0.0,,121.8769043266293,mean
B0,SOLUSDT,2026-08-17 06:51:00+00:00,2026-08-17 08:06:00+00:00,20000.0,39926.18953473045,73.81046526954015,0.0,0.0,,73.81046526954015,mean
B0,HBARUSDT,2026-08-17 07:26:00+00:00,2026-08-17 08:51:00+00:00,20000.0,39957.19963313971,42.800366860286886,0.0,0.0,,42.800366860286886,mean
B0,LTCUSDT,2026-08-17 08:21:00+00:00,2026-08-17 09:36:00+00:00,20000.0,40050.13673655424,50.13673655423918,0.0,0.0,,50.13673655423918,mean
B0,ADAUSDT,2026-08-17 10:21:00+00:00,2026-08-17 11:01:00+00:00,20000.0,40149.94232987313,149.94232987312353,0.0,0.0,,149.94232987312353,mean
B0,HBARUSDT,2026-08-17 10:01:00+00:00,2026-08-17 12:11:00+00:00,20000.0,40000.0,0.0,0.0,0.0,,0.0,mean
B0,ADAUSDT,2026-08-17 13:06:00+00:00,2026-08-17 13:36:00+00:00,20000.0,40196.53179190752,196.5317919075169,0.0,0.0,,196.5317919075169,mean
B0,TRXUSDT,2026-08-17 15:56:00+00:00,2026-08-17 16:51:00+00:00,20000.0,40069.155873699536,69.15587369953573,0.0,0.0,,69.15587369953573,mean
B0,AAVEUSDT,2026-08-17 14:56:00+00:00,2026-08-17 16:56:00+00:00,20000.0,39961.28003644232,38.71996355768351,0.0,0.0,,38.71996355768351,mean
B0,BTCUSDT,2026-08-17 15:31:00+00:00,2026-08-17 17:16:00+00:00,20000.0,39979.85442086145,20.145579138548783,0.0,0.0,,20.145579138548783,mean
B0,NEARUSDT,2026-08-17 17:16:00+00:00,2026-08-17 19:11:00+00:00,20000.0,40024.76780185758,24.767801857582526,0.0,0.0,,24.767801857582526,mean
B0,BTCUSDT,2026-08-17 17:21:00+00:00,2026-08-17 19:56:00+00:00,20000.0,39998.568775026986,1.431224973010103,0.0,0.0,,1.431224973010103,mean
B0,AAVEUSDT,2026-08-17 22:01:00+00:00,2026-08-18 01:21:00+00:00,20000.0,40006.74536256324,-6.745362563240633,0.0,0.0,,-6.745362563240633,mean
B0,FILUSDT,2026-08-18 01:56:00+00:00,2026-08-18 02:46:00+00:00,20000.0,39224.50211225105,-775.4978877489448,0.0,0.0,,-775.4978877489448,stop
B0,FILUSDT,2026-08-18 02:46:00+00:00,2026-08-18 03:51:00+00:00,20000.0,39315.64903468843,-684.3509653115689,0.0,0.0,,-684.3509653115689,stop
B0,XLMUSDT,2026-08-18 01:51:00+00:00,2026-08-18 05:51:00+00:00,20000.0,39783.85982862259,-216.14017137741396,0.0,0.0,,-216.14017137741396,timeout
B0,DOTUSDT,2026-08-18 02:01:00+00:00,2026-08-18 05:51:00+00:00,20000.0,39679.058571810645,-320.94142818935507,0.0,0.0,,-320.94142818935507,mean
B0,FILUSDT,2026-08-18 03:51:00+00:00,2026-08-18 06:21:00+00:00,20000.0,40390.05363237445,390.0536323744527,0.0,0.0,,390.0536323744527,mean
B0,SUIUSDT,2026-08-18 05:51:00+00:00,2026-08-18 06:31:00+00:00,20000.0,40186.33540372671,186.33540372670905,0.0,0.0,,186.33540372670905,mean
B0,NEARUSDT,2026-08-18 06:26:00+00:00,2026-08-18 06:56:00+00:00,20000.0,39843.56197352587,156.43802647412667,0.0,0.0,,156.43802647412667,mean
B0,TRXUSDT,2026-08-18 07:06:00+00:00,2026-08-18 08:41:00+00:00,20000.0,39986.18743056181,13.812569438188802,0.0,0.0,,13.812569438188802,mean
B0,XLMUSDT,2026-08-18 07:56:00+00:00,2026-08-18 08:41:00+00:00,20000.0,40062.47152990174,62.471529901737085,0.0,0.0,,62.471529901737085,mean
B0,XLMUSDT,2026-08-18 09:21:00+00:00,2026-08-18 10:06:00+00:00,20000.0,40100.68649885584,100.68649885583363,0.0,0.0,,100.68649885583363,mean
B0,NEARUSDT,2026-08-18 08:11:00+00:00,2026-08-18 10:41:00+00:00,20000.0,40074.53416149068,74.53416149068289,0.0,0.0,,74.53416149068289,mean
B0,XRPUSDT,2026-08-18 11:26:00+00:00,2026-08-18 12:11:00+00:00,20000.0,39938.04336964125,61.95663035874532,0.0,0.0,,61.95663035874532,mean
B0,LTCUSDT,2026-08-18 15:11:00+00:00,2026-08-18 16:36:00+00:00,20000.0,40027.10639259092,27.106392590918404,0.0,0.0,,27.106392590918404,mean
B0,SOLUSDT,2026-08-18 15:16:00+00:00,2026-08-18 17:36:00+00:00,20000.0,39987.00285937094,12.997140629060596,0.0,0.0,,12.997140629060596,mean
B0,BTCUSDT,2026-08-18 14:26:00+00:00,2026-08-18 17:46:00+00:00,20000.0,39986.56134052946,13.438659470546554,0.0,0.0,,13.438659470546554,mean
B0,NEARUSDT,2026-08-18 17:36:00+00:00,2026-08-18 18:06:00+00:00,20000.0,40124.68827930174,124.68827930174666,0.0,0.0,,124.68827930174666,mean
B0,TRXUSDT,2026-08-18 16:36:00+00:00,2026-08-18 18:46:00+00:00,20000.0,39955.71381549418,44.2861845058178,0.0,0.0,,44.2861845058178,mean
B0,AAVEUSDT,2026-08-18 20:26:00+00:00,2026-08-19 00:26:00+00:00,20000.0,39717.13057252772,-282.8694274722802,0.0,0.0,,-282.8694274722802,timeout
B0,NEARUSDT,2026-08-19 00:16:00+00:00,2026-08-19 01:11:00+00:00,20000.0,40140.30612244898,140.3061224489793,0.0,0.0,,140.3061224489793,mean
B0,HBARUSDT,2026-08-18 21:26:00+00:00,2026-08-19 01:26:00+00:00,20000.0,40173.93912130754,-173.93912130754325,0.0,0.0,,-173.93912130754325,timeout
B0,HBARUSDT,2026-08-19 01:41:00+00:00,2026-08-19 01:51:00+00:00,20000.0,39902.23670567323,97.7632943267672,0.0,0.0,,97.7632943267672,mean
B0,HBARUSDT,2026-08-19 02:16:00+00:00,2026-08-19 02:56:00+00:00,20000.0,39928.97306895531,71.02693104468563,0.0,0.0,,71.02693104468563,mean
B0,LINKUSDT,2026-08-19 03:21:00+00:00,2026-08-19 04:56:00+00:00,20000.0,39846.71154842051,153.28845157949036,0.0,0.0,,153.28845157949036,mean
B0,XLMUSDT,2026-08-19 04:56:00+00:00,2026-08-19 07:31:00+00:00,20000.0,40021.75303902751,-21.753039027513296,0.0,0.0,,-21.753039027513296,mean
B0,DOTUSDT,2026-08-19 06:56:00+00:00,2026-08-19 07:46:00+00:00,20000.0,39864.15882967608,135.84117032392896,0.0,0.0,,135.84117032392896,mean
B0,NEARUSDT,2026-08-19 07:01:00+00:00,2026-08-19 08:11:00+00:00,20000.0,39851.94324491055,148.05675508945205,0.0,0.0,,148.05675508945205,mean
B0,LINKUSDT,2026-08-19 08:41:00+00:00,2026-08-19 10:01:00+00:00,20000.0,39841.01100693029,158.98899306970998,0.0,0.0,,158.98899306970998,mean
B0,LTCUSDT,2026-08-19 08:51:00+00:00,2026-08-19 10:41:00+00:00,20000.0,39937.66696349065,62.33303650934977,0.0,0.0,,62.33303650934977,mean
B0,DOTUSDT,2026-08-19 10:41:00+00:00,2026-08-19 13:41:00+00:00,20000.0,40080.44634747632,-80.4463474763179,0.0,0.0,,-80.4463474763179,mean
B0,UNIUSDT,2026-08-19 11:51:00+00:00,2026-08-19 13:56:00+00:00,20000.0,40023.73183031741,-23.73183031741428,0.0,0.0,,-23.73183031741428,mean
B0,SOLUSDT,2026-08-19 13:56:00+00:00,2026-08-19 15:01:00+00:00,20000.0,40616.87484068315,-616.874840683151,0.0,0.0,,-616.874840683151,stop
B0,AAVEUSDT,2026-08-19 11:31:00+00:00,2026-08-19 15:06:00+00:00,20000.0,40732.584269662926,-732.5842696629225,0.0,0.0,,-732.5842696629225,stop
B0,XRPUSDT,2026-08-19 13:41:00+00:00,2026-08-19 15:31:00+00:00,20000.0,40766.20825147348,-766.2082514734757,0.0,0.0,,-766.2082514734757,stop
B0,ETHUSDT,2026-08-19 15:11:00+00:00,2026-08-19 15:31:00+00:00,20000.0,40485.50303066466,-485.5030306646586,0.0,0.0,,-485.5030306646586,stop
B0,SOLUSDT,2026-08-19 15:01:00+00:00,2026-08-19 19:01:00+00:00,20000.0,40328.88229475767,-328.8822947576664,0.0,0.0,,-328.8822947576664,timeout
B0,ETHUSDT,2026-08-19 15:31:00+00:00,2026-08-19 19:31:00+00:00,20000.0,40315.933065686695,-315.9330656866987,0.0,0.0,,-315.9330656866987,timeout
B0,BTCUSDT,2026-08-19 16:51:00+00:00,2026-08-19 20:51:00+00:00,20000.0,40141.98138770563,-141.9813877056331,0.0,0.0,,-141.9813877056331,timeout
B0,XRPUSDT,2026-08-19 19:01:00+00:00,2026-08-19 20:56:00+00:00,20000.0,40612.41689296751,-612.4168929675034,0.0,0.0,,-612.4168929675034,stop
B0,SOLUSDT,2026-08-19 19:31:00+00:00,2026-08-19 21:06:00+00:00,20000.0,40710.89470480828,-710.8947048082737,0.0,0.0,,-710.8947048082737,stop
B0,ETHUSDT,2026-08-19 20:56:00+00:00,2026-08-19 21:11:00+00:00,20000.0,40661.72431482752,-661.724314827512,0.0,0.0,,-661.724314827512,stop
B0,ADAUSDT,2026-08-19 21:26:00+00:00,2026-08-19 23:11:00+00:00,20000.0,39497.645211930925,502.35478806907486,0.0,0.0,,502.35478806907486,mean
B0,SOLUSDT,2026-08-19 21:31:00+00:00,2026-08-20 00:56:00+00:00,20000.0,39542.94901240239,457.0509875976095,0.0,0.0,,457.0509875976095,mean
B0,ETHUSDT,2026-08-19 21:11:00+00:00,2026-08-20 01:11:00+00:00,20000.0,39794.60452362224,205.3954763777656,0.0,0.0,,205.3954763777656,timeout
B0,BCHUSDT,2026-08-19 23:11:00+00:00,2026-08-20 01:11:00+00:00,20000.0,39913.51351351352,86.48648648648305,0.0,0.0,,86.48648648648305,mean
B0,XLMUSDT,2026-08-20 01:46:00+00:00,2026-08-20 02:26:00+00:00,20000.0,39857.25890681212,142.74109318788032,0.0,0.0,,142.74109318788032,mean
B0,LTCUSDT,2026-08-20 00:56:00+00:00,2026-08-20 02:41:00+00:00,20000.0,39944.751381215465,55.24861878453157,0.0,0.0,,55.24861878453157,mean
B0,DOGEUSDT,2026-08-20 02:06:00+00:00,2026-08-20 02:56:00+00:00,20000.0,39923.310855480624,76.68914451937235,0.0,0.0,,76.68914451937235,mean
B0,BCHUSDT,2026-08-20 03:11:00+00:00,2026-08-20 04:06:00+00:00,20000.0,40187.47907599599,187.4790759959833,0.0,0.0,,187.4790759959833,mean
B0,ADAUSDT,2026-08-20 03:06:00+00:00,2026-08-20 05:06:00+00:00,20000.0,39956.545355784896,-43.454644215100416,0.0,0.0,,-43.454644215100416,mean
B0,XLMUSDT,2026-08-20 03:31:00+00:00,2026-08-20 05:26:00+00:00,20000.0,40102.82776349614,102.82776349614142,0.0,0.0,,102.82776349614142,mean
B0,TRXUSDT,2026-08-20 04:26:00+00:00,2026-08-20 05:26:00+00:00,20000.0,40030.71456532867,30.714565328675235,0.0,0.0,,30.714565328675235,mean
B0,HBARUSDT,2026-08-20 05:56:00+00:00,2026-08-20 07:16:00+00:00,20000.0,39930.1578432742,69.8421567257974,0.0,0.0,,69.8421567257974,mean
B0,BNBUSDT,2026-08-20 07:11:00+00:00,2026-08-20 07:41:00+00:00,20000.0,39876.97465171809,123.02534828191348,0.0,0.0,,123.02534828191348,mean
B0,BCHUSDT,2026-08-20 07:01:00+00:00,2026-08-20 11:01:00+00:00,20000.0,40303.85190725505,-303.851907255048,0.0,0.0,,-303.851907255048,timeout
B0,XRPUSDT,2026-08-20 08:36:00+00:00,2026-08-20 11:36:00+00:00,20000.0,40760.26977314531,-760.2697731453118,0.0,0.0,,-760.2697731453118,stop
B0,BNBUSDT,2026-08-20 08:06:00+00:00,2026-08-20 12:06:00+00:00,20000.0,40385.46743464776,-385.4674346477623,0.0,0.0,,-385.4674346477623,timeout
B0,XRPUSDT,2026-08-20 11:41:00+00:00,2026-08-20 14:16:00+00:00,20000.0,40709.85064608156,-709.8506460815552,0.0,0.0,,-709.8506460815552,stop
B0,TRXUSDT,2026-08-20 11:01:00+00:00,2026-08-20 15:01:00+00:00,20000.0,40084.90173959508,-84.9017395950832,0.0,0.0,,-84.9017395950832,timeout
B0,DOTUSDT,2026-08-20 12:11:00+00:00,2026-08-20 16:11:00+00:00,20000.0,40347.55134281201,-347.55134281201026,0.0,0.0,,-347.55134281201026,timeout
B0,XRPUSDT,2026-08-20 14:16:00+00:00,2026-08-20 16:36:00+00:00,20000.0,40730.89700996678,-730.8970099667749,0.0,0.0,,-730.8970099667749,stop
B0,FILUSDT,2026-08-20 15:26:00+00:00,2026-08-20 16:51:00+00:00,20000.0,40674.09470752089,-674.0947075208896,0.0,0.0,,-674.0947075208896,stop
B0,DOGEUSDT,2026-08-20 16:11:00+00:00,2026-08-20 16:56:00+00:00,20000.0,40558.812523387794,-558.8125233877981,0.0,0.0,,-558.8125233877981,stop
B0,XRPUSDT,2026-08-20 17:36:00+00:00,2026-08-20 18:11:00+00:00,20000.0,39180.68653338363,819.3134666163678,0.0,0.0,,819.3134666163678,mean
B0,DOGEUSDT,2026-08-20 16:56:00+00:00,2026-08-20 18:31:00+00:00,20000.0,39577.72115034584,422.2788496541653,0.0,0.0,,422.2788496541653,mean
B0,FILUSDT,2026-08-20 18:01:00+00:00,2026-08-20 19:11:00+00:00,20000.0,39405.63086548488,594.3691345151201,0.0,0.0,,594.3691345151201,mean
B0,HBARUSDT,2026-08-20 18:16:00+00:00,2026-08-20 20:16:00+00:00,20000.0,39994.48808047402,-5.511919525972189,0.0,0.0,,-5.511919525972189,mean
B0,XLMUSDT,2026-08-20 19:06:00+00:00,2026-08-20 20:36:00+00:00,20000.0,40165.68709767703,165.68709767702603,0.0,0.0,,165.68709767702603,mean
B0,DOGEUSDT,2026-08-20 22:21:00+00:00,2026-08-20 23:16:00+00:00,20000.0,40060.45340050378,60.45340050377854,0.0,0.0,,60.45340050377854,mean
B0,NEARUSDT,2026-08-20 22:26:00+00:00,2026-08-21 00:46:00+00:00,20000.0,39954.751131221725,45.24886877827885,0.0,0.0,,45.24886877827885,mean
B0,AAVEUSDT,2026-08-20 23:31:00+00:00,2026-08-21 01:26:00+00:00,20000.0,39907.41672536983,92.58327463017122,0.0,0.0,,92.58327463017122,mean
B0,ADAUSDT,2026-08-21 00:46:00+00:00,2026-08-21 02:11:00+00:00,20000.0,40602.17176702863,-602.1717670286271,0.0,0.0,,-602.1717670286271,stop
B0,TRXUSDT,2026-08-20 23:41:00+00:00,2026-08-21 03:01:00+00:00,20000.0,39995.85994795364,-4.14005204636851,0.0,0.0,,-4.14005204636851,mean
B0,ADAUSDT,2026-08-21 02:11:00+00:00,2026-08-21 05:06:00+00:00,20000.0,39875.41926209871,124.58073790129129,0.0,0.0,,124.58073790129129,mean
B0,BTCUSDT,2026-08-21 01:26:00+00:00,2026-08-21 05:26:00+00:00,20000.0,40182.07730233582,-182.07730233581609,0.0,0.0,,-182.07730233581609,timeout
B0,AAVEUSDT,2026-08-21 03:16:00+00:00,2026-08-21 05:26:00+00:00,20000.0,40033.86791513099,-33.867915130991605,0.0,0.0,,-33.867915130991605,mean
B0,BCHUSDT,2026-08-21 05:06:00+00:00,2026-08-21 05:56:00+00:00,20000.0,40902.66024389185,-902.6602438918526,0.0,0.0,,-902.6602438918526,stop
B0,BCHUSDT,2026-08-21 05:56:00+00:00,2026-08-21 06:21:00+00:00,20000.0,40754.88934102894,-754.8893410289384,0.0,0.0,,-754.8893410289384,stop
B0,BCHUSDT,2026-08-21 06:21:00+00:00,2026-08-21 07:26:00+00:00,20000.0,40699.423815621005,-699.4238156210013,0.0,0.0,,-699.4238156210013,stop
B0,NEARUSDT,2026-08-21 05:31:00+00:00,2026-08-21 07:46:00+00:00,20000.0,40713.50164654226,-713.5016465422596,0.0,0.0,,-713.5016465422596,stop
B0,SUIUSDT,2026-08-21 05:26:00+00:00,2026-08-21 08:11:00+00:00,20000.0,40578.14149947201,-578.1414994720144,0.0,0.0,,-578.1414994720144,stop
B0,BCHUSDT,2026-08-21 07:26:00+00:00,2026-08-21 08:41:00+00:00,20000.0,40654.14057063326,-654.1405706332625,0.0,0.0,,-654.1405706332625,stop
B0,AAVEUSDT,2026-08-21 08:21:00+00:00,2026-08-21 10:31:00+00:00,20000.0,40600.52219321149,-600.5221932114873,0.0,0.0,,-600.5221932114873,stop
B0,BTCUSDT,2026-08-21 09:16:00+00:00,2026-08-21 11:16:00+00:00,20000.0,39975.4847939988,24.515206001200568,0.0,0.0,,24.515206001200568,mean
B0,LTCUSDT,2026-08-21 08:11:00+00:00,2026-08-21 11:36:00+00:00,20000.0,39992.06349206349,7.93650793650886,0.0,0.0,,7.93650793650886,mean
B0,AAVEUSDT,2026-08-21 10:31:00+00:00,2026-08-21 12:01:00+00:00,20000.0,39739.2721347094,260.7278652906025,0.0,0.0,,260.7278652906025,mean
B0,HBARUSDT,2026-08-21 12:06:00+00:00,2026-08-21 12:16:00+00:00,20000.0,40113.84696849351,113.8469684935153,0.0,0.0,,113.8469684935153,mean
B0,ADAUSDT,2026-08-21 12:46:00+00:00,2026-08-21 13:16:00+00:00,20000.0,39769.37269372694,230.62730627306155,0.0,0.0,,230.62730627306155,mean
B0,DOTUSDT,2026-08-21 12:51:00+00:00,2026-08-21 13:36:00+00:00,20000.0,39756.99476089623,243.00523910377888,0.0,0.0,,243.00523910377888,mean
B0,HBARUSDT,2026-08-21 12:56:00+00:00,2026-08-21 14:46:00+00:00,20000.0,40049.40839942791,-49.40839942790262,0.0,0.0,,-49.40839942790262,mean
B0,BCHUSDT,2026-08-21 14:21:00+00:00,2026-08-21 15:06:00+00:00,20000.0,40644.87468996409,-644.8746899640901,0.0,0.0,,-644.8746899640901,stop
B0,BCHUSDT,2026-08-21 15:06:00+00:00,2026-08-21 16:01:00+00:00,20000.0,40688.56692009755,-688.5669200975499,0.0,0.0,,-688.5669200975499,stop
B0,LTCUSDT,2026-08-21 14:56:00+00:00,2026-08-21 16:16:00+00:00,20000.0,39941.6569428238,58.34305717619645,0.0,0.0,,58.34305717619645,mean
B0,BCHUSDT,2026-08-21 16:01:00+00:00,2026-08-21 17:01:00+00:00,20000.0,40733.60144224102,-733.601442241019,0.0,0.0,,-733.601442241019,stop
B0,BCHUSDT,2026-08-21 17:01:00+00:00,2026-08-21 18:51:00+00:00,20000.0,39410.07290482242,589.9270951775798,0.0,0.0,,589.9270951775798,mean
B0,HBARUSDT,2026-08-21 19:06:00+00:00,2026-08-21 19:26:00+00:00,20000.0,40217.61929732564,217.61929732564025,0.0,0.0,,217.61929732564025,mean
B0,AVAXUSDT,2026-08-21 18:46:00+00:00,2026-08-21 19:31:00+00:00,20000.0,40183.95094641429,183.95094641429023,0.0,0.0,,183.95094641429023,mean
B0,LTCUSDT,2026-08-21 19:31:00+00:00,2026-08-21 19:46:00+00:00,20000.0,39854.21062727796,145.78937272204348,0.0,0.0,,145.78937272204348,mean
B0,AAVEUSDT,2026-08-21 18:51:00+00:00,2026-08-21 19:56:00+00:00,20000.0,40251.67631119683,251.6763111968357,0.0,0.0,,251.6763111968357,mean
B0,HBARUSDT,2026-08-21 19:46:00+00:00,2026-08-21 20:21:00+00:00,20000.0,40197.160883280754,197.16088328075784,0.0,0.0,,197.16088328075784,mean
B0,BCHUSDT,2026-08-21 20:06:00+00:00,2026-08-21 20:21:00+00:00,20000.0,40436.58822276648,436.588222766477,0.0,0.0,,436.588222766477,mean
B0,DOGEUSDT,2026-08-21 20:36:00+00:00,2026-08-21 21:46:00+00:00,20000.0,41004.95562982598,-1004.9556298259776,0.0,0.0,,-1004.9556298259776,stop
B0,AAVEUSDT,2026-08-21 21:01:00+00:00,2026-08-21 21:56:00+00:00,20000.0,40559.48827292111,-559.4882729211095,0.0,0.0,,-559.4882729211095,stop
B0,DOGEUSDT,2026-08-21 21:46:00+00:00,2026-08-21 22:41:00+00:00,20000.0,40629.86941731592,-629.8694173159238,0.0,0.0,,-629.8694173159238,stop
B0,DOGEUSDT,2026-08-21 22:41:00+00:00,2026-08-22 00:11:00+00:00,20000.0,39348.936170212764,651.0638297872356,0.0,0.0,,651.0638297872356,mean
B0,HBARUSDT,2026-08-21 23:31:00+00:00,2026-08-22 00:11:00+00:00,20000.0,39740.32459425718,259.6754057428225,0.0,0.0,,259.6754057428225,mean
B0,DOTUSDT,2026-08-22 00:51:00+00:00,2026-08-22 02:06:00+00:00,20000.0,40715.48821548822,-715.488215488218,0.0,0.0,,-715.488215488218,stop
B0,AAVEUSDT,2026-08-21 23:51:00+00:00,2026-08-22 02:56:00+00:00,20000.0,40626.07838304166,-626.0783830416585,0.0,0.0,,-626.0783830416585,stop
B0,UNIUSDT,2026-08-22 00:41:00+00:00,2026-08-22 03:06:00+00:00,20000.0,40746.16292798111,-746.1629279811095,0.0,0.0,,-746.1629279811095,stop
B0,DOTUSDT,2026-08-22 02:06:00+00:00,2026-08-22 04:16:00+00:00,20000.0,40432.75091426249,-432.7509142624949,0.0,0.0,,-432.7509142624949,stop
B0,HBARUSDT,2026-08-22 04:21:00+00:00,2026-08-22 05:06:00+00:00,20000.0,40570.610003581234,-570.6100035812342,0.0,0.0,,-570.6100035812342,stop
B0,BNBUSDT,2026-08-22 02:56:00+00:00,2026-08-22 06:56:00+00:00,20000.0,39624.76863536934,375.2313646306575,0.0,0.0,,375.2313646306575,timeout
B0,SUIUSDT,2026-08-22 04:06:00+00:00,2026-08-22 07:01:00+00:00,20000.0,38686.33573812857,1313.6642618714322,0.0,0.0,,1313.6642618714322,mean
B0,HBARUSDT,2026-08-22 05:06:00+00:00,2026-08-22 09:06:00+00:00,20000.0,38026.92664809657,1973.073351903433,0.0,0.0,,1973.073351903433,timeout
B0,LTCUSDT,2026-08-22 07:01:00+00:00,2026-08-22 09:31:00+00:00,20000.0,39919.33935087382,-80.6606491261773,0.0,0.0,,-80.6606491261773,mean
B0,AVAXUSDT,2026-08-22 07:11:00+00:00,2026-08-22 10:16:00+00:00,20000.0,39431.93717277487,-568.0628272251306,0.0,0.0,,-568.0628272251306,stop
B0,DOTUSDT,2026-08-22 09:06:00+00:00,2026-08-22 11:46:00+00:00,20000.0,39984.863228457136,-15.136771542867791,0.0,0.0,,-15.136771542867791,mean
B0,TRXUSDT,2026-08-22 09:31:00+00:00,2026-08-22 12:11:00+00:00,20000.0,39980.79664814222,-19.203351857777307,0.0,0.0,,-19.203351857777307,mean
B0,XLMUSDT,2026-08-22 10:16:00+00:00,2026-08-22 12:11:00+00:00,20000.0,40437.33115857077,437.3311585707743,0.0,0.0,,437.3311585707743,mean
B0,AAVEUSDT,2026-08-22 12:16:00+00:00,2026-08-22 13:36:00+00:00,20000.0,39682.36321766061,317.6367823393957,0.0,0.0,,317.6367823393957,mean
B0,UNIUSDT,2026-08-22 12:41:00+00:00,2026-08-22 14:46:00+00:00,20000.0,40014.117647058825,-14.11764705882524,0.0,0.0,,-14.11764705882524,mean
B0,XLMUSDT,2026-08-22 15:16:00+00:00,2026-08-22 16:06:00+00:00,20000.0,40367.472979927945,367.4729799279448,0.0,0.0,,367.4729799279448,mean
B0,XRPUSDT,2026-08-22 14:51:00+00:00,2026-08-22 16:21:00+00:00,20000.0,40173.98508699254,173.9850869925467,0.0,0.0,,173.9850869925467,mean
B0,DOGEUSDT,2026-08-22 17:21:00+00:00,2026-08-22 18:56:00+00:00,20000.0,39890.192701044245,109.80729895575496,0.0,0.0,,109.80729895575496,mean
B0,NEARUSDT,2026-08-22 19:36:00+00:00,2026-08-22 20:31:00+00:00,20000.0,39704.383282364935,295.61671763506456,0.0,0.0,,295.61671763506456,mean
B0,LTCUSDT,2026-08-22 19:56:00+00:00,2026-08-22 20:51:00+00:00,20000.0,39764.30976430976,235.6902356902356,0.0,0.0,,235.6902356902356,mean
B0,DOGEUSDT,2026-08-22 20:16:00+00:00,2026-08-22 21:06:00+00:00,20000.0,39801.87585625461,198.1241437453864,0.0,0.0,,198.1241437453864,mean
B0,LTCUSDT,2026-08-22 22:01:00+00:00,2026-08-22 22:26:00+00:00,20000.0,40188.17204301075,188.17204301075253,0.0,0.0,,188.17204301075253,mean
B0,DOTUSDT,2026-08-22 21:56:00+00:00,2026-08-22 22:31:00+00:00,20000.0,40248.67957746479,248.67957746478717,0.0,0.0,,248.67957746478717,mean
B0,SOLUSDT,2026-08-23 00:41:00+00:00,2026-08-23 02:36:00+00:00,20000.0,39776.87415285163,223.12584714836703,0.0,0.0,,223.12584714836703,mean
B0,UNIUSDT,2026-08-23 02:16:00+00:00,2026-08-23 04:46:00+00:00,20000.0,39306.907192024686,-693.0928079753139,0.0,0.0,,-693.0928079753139,stop
B0,NEARUSDT,2026-08-23 03:11:00+00:00,2026-08-23 05:26:00+00:00,20000.0,40043.454644215104,43.454644215100416,0.0,0.0,,43.454644215100416,mean
B0,LTCUSDT,2026-08-23 02:26:00+00:00,2026-08-23 06:21:00+00:00,20000.0,39856.33857503397,-143.66142496602697,0.0,0.0,,-143.66142496602697,mean
B0,UNIUSDT,2026-08-23 04:46:00+00:00,2026-08-23 06:31:00+00:00,20000.0,40216.37570690927,216.37570690926805,0.0,0.0,,216.37570690926805,mean
B0,LINKUSDT,2026-08-23 05:41:00+00:00,2026-08-23 06:36:00+00:00,20000.0,40160.71428571429,160.71428571428623,0.0,0.0,,160.71428571428623,mean
B0,AAVEUSDT,2026-08-23 10:21:00+00:00,2026-08-23 12:36:00+00:00,20000.0,40730.91798879154,-730.9179887915379,0.0,0.0,,-730.9179887915379,stop
B0,NEARUSDT,2026-08-23 10:11:00+00:00,2026-08-23 12:56:00+00:00,20000.0,40082.64462809917,-82.64462809917313,0.0,0.0,,-82.64462809917313,mean
B0,AAVEUSDT,2026-08-23 12:36:00+00:00,2026-08-23 13:06:00+00:00,20000.0,40639.65884861408,-639.6588486140754,0.0,0.0,,-639.6588486140754,stop
B0,UNIUSDT,2026-08-23 11:21:00+00:00,2026-08-23 13:21:00+00:00,20000.0,40828.32022211939,-828.3202221193897,0.0,0.0,,-828.3202221193897,stop
B0,AAVEUSDT,2026-08-23 13:06:00+00:00,2026-08-23 13:26:00+00:00,20000.0,40712.80991735537,-712.809917355371,0.0,0.0,,-712.809917355371,stop
B0,UNIUSDT,2026-08-23 13:46:00+00:00,2026-08-23 14:46:00+00:00,20000.0,39315.27627302276,684.7237269772486,0.0,0.0,,684.7237269772486,mean
B0,AAVEUSDT,2026-08-23 13:26:00+00:00,2026-08-23 17:26:00+00:00,20000.0,39894.54934093339,105.4506590666133,0.0,0.0,,105.4506590666133,timeout
B0,UNIUSDT,2026-08-23 15:41:00+00:00,2026-08-23 17:56:00+00:00,20000.0,39925.73176059414,74.26823940585746,0.0,0.0,,74.26823940585746,mean
B0,NEARUSDT,2026-08-23 21:06:00+00:00,2026-08-23 22:06:00+00:00,20000.0,39742.44675581972,257.55324418028977,0.0,0.0,,257.55324418028977,mean
B0,AAVEUSDT,2026-08-23 21:16:00+00:00,2026-08-23 22:21:00+00:00,20000.0,39775.60975609756,224.39024390243867,0.0,0.0,,224.39024390243867,mean
B0,NEARUSDT,2026-08-24 00:41:00+00:00,2026-08-24 01:56:00+00:00,20000.0,39573.02280446385,426.9771955361466,0.0,0.0,,426.9771955361466,mean
B0,UNIUSDT,2026-08-24 01:26:00+00:00,2026-08-24 02:21:00+00:00,20000.0,40148.61517676199,148.6151767619922,0.0,0.0,,148.6151767619922,mean
B0,HBARUSDT,2026-08-24 02:01:00+00:00,2026-08-24 02:21:00+00:00,20000.0,40218.76206408442,218.76206408441797,0.0,0.0,,218.76206408441797,mean
B0,NEARUSDT,2026-08-24 02:06:00+00:00,2026-08-24 02:26:00+00:00,20000.0,40303.33670374115,303.3367037411517,0.0,0.0,,303.3367037411517,mean
B0,LTCUSDT,2026-08-24 09:31:00+00:00,2026-08-24 10:56:00+00:00,20000.0,39708.13844714686,291.8615528531336,0.0,0.0,,291.8615528531336,mean
B0,SOLUSDT,2026-08-24 11:46:00+00:00,2026-08-24 12:16:00+00:00,20000.0,39854.27292599146,145.72707400853324,0.0,0.0,,145.72707400853324,mean
B0,BTCUSDT,2026-08-24 12:51:00+00:00,2026-08-24 13:46:00+00:00,20000.0,39743.85061791199,256.14938208801686,0.0,0.0,,256.14938208801686,mean
B0,BCHUSDT,2026-08-24 12:56:00+00:00,2026-08-24 13:46:00+00:00,20000.0,39293.81116665493,706.1888333450697,0.0,0.0,,706.1888333450697,mean
B0,LTCUSDT,2026-08-24 13:56:00+00:00,2026-08-24 14:36:00+00:00,20000.0,40250.09619084264,250.09619084263613,0.0,0.0,,250.09619084263613,mean
B0,BTCUSDT,2026-08-24 14:36:00+00:00,2026-08-24 15:56:00+00:00,20000.0,39872.55275032621,127.44724967378716,0.0,0.0,,127.44724967378716,mean
B0,BNBUSDT,2026-08-24 15:26:00+00:00,2026-08-24 15:56:00+00:00,20000.0,39772.749534724266,227.25046527573795,0.0,0.0,,227.25046527573795,mean
B0,BCHUSDT,2026-08-24 17:36:00+00:00,2026-08-24 19:26:00+00:00,20000.0,40363.51295297711,363.5129529771111,0.0,0.0,,363.5129529771111,mean
B0,DOGEUSDT,2026-08-24 17:26:00+00:00,2026-08-24 20:36:00+00:00,20000.0,40038.1850853549,38.185085354900366,0.0,0.0,,38.185085354900366,mean
B0,SOLUSDT,2026-08-24 22:41:00+00:00,2026-08-25 00:46:00+00:00,20000.0,40809.84840777292,-809.8484077729154,0.0,0.0,,-809.8484077729154,stop
B0,SOLUSDT,2026-08-25 00:46:00+00:00,2026-08-25 02:56:00+00:00,20000.0,39741.859782927546,258.1402170724541,0.0,0.0,,258.1402170724541,mean
B0,BTCUSDT,2026-08-25 02:21:00+00:00,2026-08-25 04:06:00+00:00,20000.0,39874.1242837296,125.8757162703987,0.0,0.0,,125.8757162703987,mean
B0,HBARUSDT,2026-08-25 03:11:00+00:00,2026-08-25 04:36:00+00:00,20000.0,39903.11251059707,96.88748940292862,0.0,0.0,,96.88748940292862,mean
B0,AAVEUSDT,2026-08-25 03:51:00+00:00,2026-08-25 05:21:00+00:00,20000.0,40551.84340853707,551.8434085370682,0.0,0.0,,551.8434085370682,mean
B0,HBARUSDT,2026-08-25 07:51:00+00:00,2026-08-25 10:26:00+00:00,20000.0,40099.987501562304,99.9875015623038,0.0,0.0,,99.9875015623038,mean
B0,TRXUSDT,2026-08-25 09:56:00+00:00,2026-08-25 10:56:00+00:00,20000.0,40047.95882559364,47.95882559363599,0.0,0.0,,47.95882559363599,mean
B0,SOLUSDT,2026-08-25 13:31:00+00:00,2026-08-25 14:31:00+00:00,20000.0,40152.35742227713,152.357422277124,0.0,0.0,,152.357422277124,mean
B0,FILUSDT,2026-08-25 21:11:00+00:00,2026-08-25 22:11:00+00:00,20000.0,40353.07517084283,353.0751708428252,0.0,0.0,,353.0751708428252,mean
B0,TRXUSDT,2026-08-25 19:06:00+00:00,2026-08-25 23:06:00+00:00,20000.0,39835.032109821484,-164.96789017851552,0.0,0.0,,-164.96789017851552,timeout
B0,TRXUSDT,2026-08-25 23:16:00+00:00,2026-08-26 01:41:00+00:00,20000.0,40006.54761904762,6.547619047618355,0.0,0.0,,6.547619047618355,mean
B0,BNBUSDT,2026-08-26 10:56:00+00:00,2026-08-26 11:51:00+00:00,20000.0,39865.64462295639,134.3553770436156,0.0,0.0,,134.3553770436156,mean
B0,SUIUSDT,2026-08-26 15:06:00+00:00,2026-08-26 17:11:00+00:00,20000.0,40112.11375444353,112.11375444353324,0.0,0.0,,112.11375444353324,mean
B0,SOLUSDT,2026-08-26 22:16:00+00:00,2026-08-27 02:16:00+00:00,20000.0,40489.72188633616,-489.7218863361559,0.0,0.0,,-489.7218863361559,timeout
B0,DOTUSDT,2026-08-27 00:16:00+00:00,2026-08-27 02:31:00+00:00,20000.0,39931.42073379815,68.57926620185026,0.0,0.0,,68.57926620185026,mean
B0,BTCUSDT,2026-08-27 09:41:00+00:00,2026-08-27 10:26:00+00:00,20000.0,39852.91772959184,147.08227040816564,0.0,0.0,,147.08227040816564,mean
B0,SOLUSDT,2026-08-27 08:11:00+00:00,2026-08-27 10:36:00+00:00,20000.0,40019.28826309191,-19.288263091908448,0.0,0.0,,-19.288263091908448,mean
B0,TRXUSDT,2026-08-27 12:16:00+00:00,2026-08-27 13:36:00+00:00,20000.0,39973.94213970567,26.057860294335114,0.0,0.0,,26.057860294335114,mean
B0,SOLUSDT,2026-08-27 14:06:00+00:00,2026-08-27 17:46:00+00:00,20000.0,40284.395894152,-284.39589415199225,0.0,0.0,,-284.39589415199225,mean
B0,BTCUSDT,2026-08-27 15:16:00+00:00,2026-08-27 18:01:00+00:00,20000.0,39942.49543028533,57.50456971467065,0.0,0.0,,57.50456971467065,mean
B0,UNIUSDT,2026-08-28 01:26:00+00:00,2026-08-28 02:01:00+00:00,20000.0,39511.48830469882,488.5116953011821,0.0,0.0,,488.5116953011821,mean
B0,TRXUSDT,2026-08-28 01:36:00+00:00,2026-08-28 02:16:00+00:00,20000.0,39942.85040947388,57.14959052612903,0.0,0.0,,57.14959052612903,mean
B0,SOLUSDT,2026-08-28 02:56:00+00:00,2026-08-28 04:16:00+00:00,20000.0,40182.4337032161,182.4337032160984,0.0,0.0,,182.4337032160984,mean
B0,TRXUSDT,2026-08-28 11:06:00+00:00,2026-08-28 13:26:00+00:00,20000.0,39983.58156444236,16.418435557643534,0.0,0.0,,16.418435557643534,mean
B0,SOLUSDT,2026-08-28 15:26:00+00:00,2026-08-28 15:46:00+00:00,20000.0,39648.60091103468,351.3990889653214,0.0,0.0,,351.3990889653214,mean
B0,BCHUSDT,2026-08-28 13:36:00+00:00,2026-08-28 16:06:00+00:00,20000.0,39422.05086263972,-577.9491373602796,0.0,0.0,,-577.9491373602796,stop
B0,HBARUSDT,2026-08-28 16:06:00+00:00,2026-08-28 17:21:00+00:00,20000.0,40310.1189680524,310.11896805239667,0.0,0.0,,310.11896805239667,mean
B0,BCHUSDT,2026-08-28 17:46:00+00:00,2026-08-28 19:26:00+00:00,20000.0,40103.88767145524,103.88767145523887,0.0,0.0,,103.88767145523887,mean
B0,ETHUSDT,2026-08-28 16:36:00+00:00,2026-08-28 19:41:00+00:00,20000.0,40029.66249666194,29.66249666193835,0.0,0.0,,29.66249666193835,mean
B0,BTCUSDT,2026-08-28 16:01:00+00:00,2026-08-28 20:01:00+00:00,20000.0,39799.603648071134,-200.39635192886635,0.0,0.0,,-200.39635192886635,timeout
B0,TRXUSDT,2026-08-29 06:06:00+00:00,2026-08-29 07:46:00+00:00,20000.0,39995.27786795738,-4.722132042617886,0.0,0.0,,-4.722132042617886,mean
B0,NEARUSDT,2026-08-29 15:21:00+00:00,2026-08-29 17:26:00+00:00,20000.0,39902.650081124935,97.34991887506476,0.0,0.0,,97.34991887506476,mean
B0,UNIUSDT,2026-08-29 14:51:00+00:00,2026-08-29 18:26:00+00:00,20000.0,40661.63410301953,-661.6341030195363,0.0,0.0,,-661.6341030195363,stop
B0,UNIUSDT,2026-08-29 18:31:00+00:00,2026-08-29 21:06:00+00:00,20000.0,40012.9004515158,-12.900451515804887,0.0,0.0,,-12.900451515804887,mean
B0,UNIUSDT,2026-08-30 02:46:00+00:00,2026-08-30 06:16:00+00:00,20000.0,40203.23517212775,-203.23517212775187,0.0,0.0,,-203.23517212775187,mean
B0,UNIUSDT,2026-08-30 11:06:00+00:00,2026-08-30 12:06:00+00:00,20000.0,40784.39259855189,-784.3925985518908,0.0,0.0,,-784.3925985518908,stop
B0,DOTUSDT,2026-08-30 13:51:00+00:00,2026-08-30 14:21:00+00:00,20000.0,39734.96197280479,265.038027195209,0.0,0.0,,265.038027195209,mean
B0,UNIUSDT,2026-08-30 12:06:00+00:00,2026-08-30 14:31:00+00:00,20000.0,39992.258563963616,7.741436036383675,0.0,0.0,,7.741436036383675,mean
B0,ETHUSDT,2026-08-30 16:16:00+00:00,2026-08-30 17:31:00+00:00,20000.0,39845.37250987301,154.62749012698623,0.0,0.0,,154.62749012698623,mean
B0,AAVEUSDT,2026-08-30 17:11:00+00:00,2026-08-30 19:06:00+00:00,20000.0,39828.45220616645,171.5477938335498,0.0,0.0,,171.5477938335498,mean
B0,XRPUSDT,2026-08-30 18:36:00+00:00,2026-08-30 19:11:00+00:00,20000.0,39855.873504512696,144.12649548730406,0.0,0.0,,144.12649548730406,mean
B0,UNIUSDT,2026-08-30 17:21:00+00:00,2026-08-30 19:41:00+00:00,20000.0,39966.40537513998,33.594624860019394,0.0,0.0,,33.594624860019394,mean
B0,ADAUSDT,2026-08-30 21:06:00+00:00,2026-08-30 23:31:00+00:00,20000.0,39388.777555110224,-611.2224448897796,0.0,0.0,,-611.2224448897796,stop
B0,LTCUSDT,2026-08-30 20:46:00+00:00,2026-08-30 23:51:00+00:00,20000.0,39379.05844155844,-620.9415584415619,0.0,0.0,,-620.9415584415619,stop
B0,SUIUSDT,2026-08-30 23:31:00+00:00,2026-08-31 02:16:00+00:00,20000.0,40089.76157082749,89.76157082748978,0.0,0.0,,89.76157082748978,mean
B0,DOGEUSDT,2026-08-30 22:41:00+00:00,2026-08-31 02:41:00+00:00,20000.0,39584.477611940296,-415.52238805970046,0.0,0.0,,-415.52238805970046,timeout
B0,AVAXUSDT,2026-08-30 23:51:00+00:00,2026-08-31 03:26:00+00:00,20000.0,40169.63528413911,169.63528413910535,0.0,0.0,,169.63528413910535,mean
B0,NEARUSDT,2026-08-31 03:01:00+00:00,2026-08-31 04:56:00+00:00,20000.0,40154.61071231364,154.61071231363894,0.0,0.0,,154.61071231363894,mean
B0,UNIUSDT,2026-08-31 02:41:00+00:00,2026-08-31 05:06:00+00:00,20000.0,39996.03881956823,-3.961180431768298,0.0,0.0,,-3.961180431768298,mean
B0,TRXUSDT,2026-08-31 09:56:00+00:00,2026-08-31 10:31:00+00:00,20000.0,40075.9592093065,75.95920930650027,0.0,0.0,,75.95920930650027,mean
B0,NEARUSDT,2026-08-31 15:01:00+00:00,2026-08-31 15:41:00+00:00,20000.0,39724.576271186445,275.4237288135555,0.0,0.0,,275.4237288135555,mean
B0,TRXUSDT,2026-08-31 13:46:00+00:00,2026-08-31 16:31:00+00:00,20000.0,40001.802776275465,1.8027762754609284,0.0,0.0,,1.8027762754609284,mean
B0,DOTUSDT,2026-08-31 17:56:00+00:00,2026-08-31 19:36:00+00:00,20000.0,39940.440738534846,59.55926146515776,0.0,0.0,,59.55926146515776,mean
B0,ADAUSDT,2026-08-31 18:46:00+00:00,2026-08-31 20:11:00+00:00,20000.0,39879.93996998499,120.0600300150072,0.0,0.0,,120.0600300150072,mean
B0,NEARUSDT,2026-08-31 23:01:00+00:00,2026-08-31 23:55:00+00:00,20000.0,40210.52631578947,-210.5263157894733,0.0,0.0,,-210.5263157894733,end_of_sample
