id,model,frequency_min,target,signal_time,entry_time,exit_time,gross_target,actual_gross,entry_turnover,exit_turnover,price_pnl,fee,funding_cashflow,net_pnl,net_pnl_including_funding,hold_minutes,z_entry,reason
3,PCA3,15,XRPUSDT,2026-04-02 14:14:00+00:00,2026-04-02 14:16:00+00:00,2026-04-02 15:46:00+00:00,10000.0,9995.70630082338,9995.70630082338,10102.30058246229,21.420198975703126,4.019601376657134,0.0,17.40059759904599,17.40059759904599,90.0,-2.9817804905158565,mean
2,PCA3,15,ADAUSDT,2026-04-02 14:14:00+00:00,2026-04-02 14:16:00+00:00,2026-04-02 16:01:00+00:00,10000.0,9993.151694660657,9993.151694660657,10055.327036577775,11.404460398192429,4.0096957462476865,0.08050330823059432,7.394764651944743,7.475267960175337,105.0,3.24454239762713,mean
4,PCA3,15,BNBUSDT,2026-04-02 15:59:00+00:00,2026-04-02 16:01:00+00:00,2026-04-02 16:16:00+00:00,10006.879515753695,10001.85298611711,10001.85298611711,10021.081184525125,23.99563017781774,4.004586834128448,0.0,19.99104334368929,19.99104334368929,15.0,-2.1161794781338963,mean
1,PCA3,15,UNIUSDT,2026-04-02 14:14:00+00:00,2026-04-02 14:16:00+00:00,2026-04-02 18:31:00+00:00,10000.0,10006.351559949226,10006.351559949226,10045.767306857264,-17.91102630743924,4.010423773361298,1.1711054427806473,-21.92145008080054,-20.750344638019893,255.0,-8.694739853789393,timeout
5,PCA3,15,DOGEUSDT,2026-04-02 16:59:00+00:00,2026-04-02 17:01:00+00:00,2026-04-02 18:46:00+00:00,10010.279816364296,9999.209966058377,9999.209966058377,9982.966863477162,12.479547591011354,3.9964353659071077,0.0,8.483112225104247,8.483112225104247,105.0,-2.4227425689923865,mean
6,PCA3,15,XLMUSDT,2026-04-02 17:14:00+00:00,2026-04-02 17:16:00+00:00,2026-04-02 19:16:00+00:00,10008.171828330484,10013.862884135462,10013.862884135462,9950.30490181088,12.02975533435874,3.992833557189268,0.0,8.036921777169471,8.036921777169471,120.0,2.6657839137052655,mean
7,PCA3,15,BNBUSDT,2026-04-02 18:44:00+00:00,2026-04-02 18:46:00+00:00,2026-04-02 22:16:00+00:00,10002.98148504929,10004.619492236003,10004.619492236003,10048.051446971818,-4.11042440439335,4.010534187841564,0.0,-8.120958592234913,-8.120958592234913,210.0,2.8171725095986204,mean
8,PCA3,15,XRPUSDT,2026-04-02 20:29:00+00:00,2026-04-02 20:31:00+00:00,2026-04-03 00:31:00+00:00,10003.89990805625,10001.258760326089,10001.258760326089,10004.718699737696,-10.524829157238806,4.001195492012757,-0.23947966665760995,-14.526024649251562,-14.765504315909173,240.0,2.4402585860832255,mean
9,PCA3,15,AAVEUSDT,2026-04-02 21:14:00+00:00,2026-04-02 21:16:00+00:00,2026-04-03 00:46:00+00:00,10002.554793220146,9999.5242462468,9999.5242462468,10015.269651776576,-14.531768415721189,4.0029587796046755,-0.1208634664269518,-18.534727195325864,-18.655590661752814,210.0,-2.1031649987150858,mean
11,PCA3,15,LTCUSDT,2026-04-03 00:44:00+00:00,2026-04-03 00:46:00+00:00,2026-04-03 01:31:00+00:00,9999.227678314706,9995.930721482277,9995.930721482277,10011.144036695383,19.029814326968992,4.001414951635532,0.0,15.02839937533346,15.02839937533346,45.0,2.0589953609388085,mean
10,PCA3,15,XLMUSDT,2026-04-02 23:14:00+00:00,2026-04-02 23:16:00+00:00,2026-04-03 01:46:00+00:00,9999.89707202637,10004.47840576555,10004.47840576555,10000.480212747843,3.965454080728946,4.000991723702679,-0.0264324696053101,-0.035537642973733075,-0.061970112579043175,150.0,-2.2841469038949067,mean
13,PCA3,15,XRPUSDT,2026-04-03 02:29:00+00:00,2026-04-03 02:31:00+00:00,2026-04-03 03:31:00+00:00,10000.904111751228,9996.399544900389,9996.399544900389,10055.735052351536,21.88092933485592,4.010426919450385,0.0,17.870502415405536,17.870502415405536,60.0,-2.4503966678385103,mean
14,PCA3,15,DOTUSDT,2026-04-03 03:29:00+00:00,2026-04-03 03:31:00+00:00,2026-04-03 05:46:00+00:00,10002.75374528113,10004.880700977237,10004.880700977237,10101.882115234415,-1.5694499859094777,4.021352563242331,0.0,-5.5908025491518085,-5.5908025491518085,135.0,-2.018750666290893,mean
15,PCA3,15,FILUSDT,2026-04-03 03:44:00+00:00,2026-04-03 03:46:00+00:00,2026-04-03 05:46:00+00:00,10002.240375603657,10020.721981378663,10020.721981378663,10089.9213383763,16.20587224573402,4.022128663950993,0.0,12.183743581783029,12.183743581783029,120.0,2.2512743669554314,mean
12,PCA3,15,BTCUSDT,2026-04-03 02:14:00+00:00,2026-04-03 02:16:00+00:00,2026-04-03 06:31:00+00:00,10001.406097396004,10007.616278030486,10007.616278030486,10045.226540985432,-18.92546702560938,4.010568563803184,0.0,-22.936035589412565,-22.936035589412565,255.0,-2.0146067049103222,timeout
16,PCA3,15,NEARUSDT,2026-04-03 06:44:00+00:00,2026-04-03 06:46:00+00:00,2026-04-03 11:01:00+00:00,10001.558838181867,10004.522810749606,10004.522810749606,10064.130820841006,-99.20210674038789,4.013730726318123,0.08654622956121168,-103.21583746670602,-103.12929123714481,255.0,2.5743078769720213,timeout
18,PCA3,15,SUIUSDT,2026-04-03 14:59:00+00:00,2026-04-03 15:01:00+00:00,2026-04-03 15:46:00+00:00,9990.557199672648,9985.91717381617,9985.91717381617,9986.445011856424,27.70986865091541,3.994472437134519,0.0,23.715396213780892,23.715396213780892,45.0,-2.663353383033105,mean
19,PCA3,15,ADAUSDT,2026-04-03 14:59:00+00:00,2026-04-03 15:01:00+00:00,2026-04-03 16:01:00+00:00,9990.557199672648,9990.699104606605,9990.699104606605,9944.937559971157,27.20845020458979,3.987127332915552,0.3126799855648634,23.22132287167424,23.534002857239102,60.0,2.2727355533396336,mean
17,PCA3,15,HBARUSDT,2026-04-03 14:44:00+00:00,2026-04-03 14:46:00+00:00,2026-04-03 16:16:00+00:00,9991.245909058154,9993.270116532416,9993.270116532416,10016.510901933048,14.442384625615347,4.0019562036930925,-0.08541870800980224,10.440428421922254,10.355009713912452,90.0,-2.0502981178328996,mean
20,PCA3,15,AVAXUSDT,2026-04-03 16:59:00+00:00,2026-04-03 17:01:00+00:00,2026-04-03 17:46:00+00:00,9997.006349936644,9987.983934917638,9987.983934917638,9932.723262883748,26.602670983856548,3.984141439560277,0.0,22.61852954429627,22.61852954429627,45.0,2.1248957225394443,mean
22,PCA3,15,DOGEUSDT,2026-04-03 17:29:00+00:00,2026-04-03 17:31:00+00:00,2026-04-03 19:01:00+00:00,9995.260640351766,10000.83650995105,10000.83650995105,9961.780346630998,16.014589007081945,3.99252337131641,0.0,12.022065635765536,12.022065635765536,90.0,2.2812581004242434,mean
21,PCA3,15,AAVEUSDT,2026-04-03 17:14:00+00:00,2026-04-03 17:16:00+00:00,2026-04-03 20:01:00+00:00,9994.806058342852,9985.76861156835,9985.76861156835,9957.886595357908,-3.440660594368053,3.9887310413852513,0.0,-7.429391635753304,-7.429391635753304,165.0,-2.005372275904964,mean
23,PCA3,15,NEARUSDT,2026-04-03 20:59:00+00:00,2026-04-03 21:01:00+00:00,2026-04-03 21:46:00+00:00,9999.727470291076,10011.725992916488,10011.725992916488,9993.741160921147,31.893461988025628,4.001093430767527,0.0,27.8923685572581,27.8923685572581,45.0,2.3881010883922804,mean
24,PCA3,15,SUIUSDT,2026-04-04 03:44:00+00:00,2026-04-04 03:46:00+00:00,2026-04-04 04:16:00+00:00,10002.516707146802,10002.259958251843,10002.259958251843,10024.867372965353,23.94775627925948,4.005425466243439,0.0,19.94233081301604,19.94233081301604,30.0,-2.2542190129755224,mean
25,PCA3,15,NEARUSDT,2026-04-04 03:44:00+00:00,2026-04-04 03:46:00+00:00,2026-04-04 06:01:00+00:00,10002.516707146802,9999.512690812784,9999.512690812784,9975.929095949467,4.3810518872690505,3.99508835735245,0.0,0.38596352991660066,0.38596352991660066,135.0,2.021937576166564,mean
26,PCA3,15,NEARUSDT,2026-04-04 12:59:00+00:00,2026-04-04 13:01:00+00:00,2026-04-04 17:01:00+00:00,10004.549536581095,10004.39437536891,10004.39437536891,10021.017368045266,-25.28685694927609,4.005082348682835,0.4017732118290952,-29.291939297958923,-28.890166086129828,240.0,2.4485434895648637,mean
28,PCA3,15,SOLUSDT,2026-04-04 15:14:00+00:00,2026-04-04 15:16:00+00:00,2026-04-04 17:31:00+00:00,10001.477945516248,9996.870329657724,9996.870329657724,10001.226445508259,11.129706336418243,3.999619355033197,-0.07383351612570048,7.130086981385045,7.056253465259344,135.0,2.119144900527707,mean
27,PCA3,15,SUIUSDT,2026-04-04 14:44:00+00:00,2026-04-04 14:46:00+00:00,2026-04-04 18:46:00+00:00,10003.984158863312,10011.455411247363,10011.455411247363,10069.128468433842,-1.4967294810917293,4.016116775936242,-0.018658280929061546,-5.51284625702797,-5.531504537957032,240.0,-2.1889337850237642,mean
29,PCA3,15,DOGEUSDT,2026-04-04 17:29:00+00:00,2026-04-04 17:31:00+00:00,2026-04-04 19:31:00+00:00,10001.241710414208,9999.998809519557,9999.998809519557,10007.170034932815,1.6472566394589856,4.001433768890474,0.0,-2.3541771294314886,-2.3541771294314886,120.0,2.3425559032947976,mean
30,PCA3,15,NEARUSDT,2026-04-04 17:59:00+00:00,2026-04-04 18:01:00+00:00,2026-04-04 19:31:00+00:00,10002.011423780423,10005.590837012054,10005.590837012054,9992.566807899799,14.511511815490714,3.9996315289823707,0.0,10.511880286508344,10.511880286508344,90.0,2.0756356586354032,mean
31,PCA3,15,SUIUSDT,2026-04-04 22:14:00+00:00,2026-04-04 22:16:00+00:00,2026-04-04 23:16:00+00:00,10002.628765180922,10003.054320692981,10003.054320692981,9966.434501331349,23.47140306834374,3.993897764404866,0.0,19.477505303938873,19.477505303938873,60.0,2.623725066654228,mean
32,PCA3,15,NEARUSDT,2026-04-04 22:14:00+00:00,2026-04-04 22:16:00+00:00,2026-04-05 00:31:00+00:00,10002.628765180922,10001.490378143542,10001.490378143542,9982.483978724713,-3.8776143116451935,3.996794871373651,-0.0037230792675715316,-7.8744091830188445,-7.878132262286416,135.0,-2.2274354286502733,mean
33,PCA3,15,NEARUSDT,2026-04-05 04:44:00+00:00,2026-04-05 04:46:00+00:00,2026-04-05 06:01:00+00:00,10003.788702485086,10003.984023430863,10003.984023430863,9890.96115358654,28.592686366647353,3.9789890354034805,0.0,24.613697331243873,24.613697331243873,75.0,2.0231934777054748,mean
34,PCA3,15,BCHUSDT,2026-04-05 04:59:00+00:00,2026-04-05 05:01:00+00:00,2026-04-05 06:31:00+00:00,10004.885053235681,10010.043155601983,10010.043155601983,9966.055678677818,41.46012049780853,3.9952197668559597,0.0,37.46490073095257,37.46490073095257,90.0,-2.258439554721425,mean
37,PCA3,15,XRPUSDT,2026-04-05 12:59:00+00:00,2026-04-05 13:01:00+00:00,2026-04-05 15:16:00+00:00,10007.667030798639,10008.619409519433,10008.619409519433,10030.981759963675,14.053817229168445,4.0079202338966216,0.0,10.045896995271823,10.045896995271823,135.0,-2.69825830864596,mean
35,PCA3,15,AAVEUSDT,2026-04-05 11:29:00+00:00,2026-04-05 11:31:00+00:00,2026-04-05 15:31:00+00:00,10009.996562291308,10009.350963830922,10009.350963830922,10078.92262428602,-9.909814620166422,4.0176547176233885,0.0,-13.927469337789809,-13.927469337789809,240.0,-2.5203296611125805,mean
36,PCA3,15,BCHUSDT,2026-04-05 12:29:00+00:00,2026-04-05 12:31:00+00:00,2026-04-05 16:46:00+00:00,10009.693821140894,10008.2935589129,10008.2935589129,9983.184901770259,-68.85171297568402,3.9982956921366317,0.33409630178442545,-72.85000866782066,-72.51591236603623,255.0,-2.509462134946305,timeout
38,PCA3,15,LTCUSDT,2026-04-05 18:14:00+00:00,2026-04-05 18:16:00+00:00,2026-04-05 22:31:00+00:00,10002.35681382045,10003.083725164603,10003.083725164603,9998.135067873718,-6.822108651407528,4.000243758607664,0.0,-10.822352410015192,-10.822352410015192,255.0,2.3318898999562596,timeout
39,PCA3,15,NEARUSDT,2026-04-05 18:29:00+00:00,2026-04-05 18:31:00+00:00,2026-04-05 22:31:00+00:00,10002.262849156468,10007.913619345756,10007.913619345756,9996.972942597064,-14.869848957048898,4.000977312388564,0.0,-18.87082626943746,-18.87082626943746,240.0,-2.662069548753381,mean
40,PCA3,15,BTCUSDT,2026-04-05 22:44:00+00:00,2026-04-05 22:46:00+00:00,2026-04-06 00:16:00+00:00,9999.387495952506,10018.086698100316,10018.086698100316,10210.012883957965,11.433695595043162,4.045619916411656,0.2456090892338218,7.388075678631505,7.6336847678653275,90.0,2.1659282113526626,mean
41,PCA3,15,FILUSDT,2026-04-05 22:59:00+00:00,2026-04-05 23:01:00+00:00,2026-04-06 03:16:00+00:00,9998.879160629296,10004.001045893705,10004.001045893705,10222.939203063343,31.346871641205208,4.045388049791409,0.37466910761346117,27.3014835914138,27.67615269902726,255.0,2.145971264790276,timeout
42,PCA3,15,LTCUSDT,2026-04-05 23:29:00+00:00,2026-04-05 23:31:00+00:00,2026-04-06 03:31:00+00:00,9999.86362096967,10012.310322905514,10012.310322905514,10113.13418925393,-30.336977534307582,4.0250889024318885,0.03962264542613926,-34.362066436739475,-34.32244379131333,240.0,-2.340207211117433,mean
43,PCA3,15,AVAXUSDT,2026-04-06 00:29:00+00:00,2026-04-06 00:31:00+00:00,2026-04-06 04:01:00+00:00,10002.035429477484,10021.453999478943,10021.453999478943,10123.034247772383,-86.31405374375136,4.028897649450265,0.0,-90.34295139320162,-90.34295139320162,210.0,4.051514567137201,mean
44,PCA3,15,DOGEUSDT,2026-04-06 03:29:00+00:00,2026-04-06 03:31:00+00:00,2026-04-06 04:46:00+00:00,9986.109583450034,9983.70646981765,9983.70646981765,9992.8356549094,7.174405023571642,3.99530842494541,0.0,3.1790965986262316,3.1790965986262316,75.0,-2.099451425981993,mean
46,PCA3,15,SUIUSDT,2026-04-06 04:14:00+00:00,2026-04-06 04:16:00+00:00,2026-04-06 05:46:00+00:00,9989.887589349371,9984.973556645551,9984.973556645551,10004.648755087997,4.278795524944809,3.9979244623467096,0.0,0.28087106259809946,0.28087106259809946,90.0,2.1174780125395514,mean
45,PCA3,15,XLMUSDT,2026-04-06 03:44:00+00:00,2026-04-06 03:46:00+00:00,2026-04-06 07:31:00+00:00,9987.989221147629,9982.150498631785,9982.150498631785,9952.193926577318,-13.637739795367306,3.9868688850418206,0.0,-17.62460868040913,-17.62460868040913,225.0,-2.367847806791229,mean
47,PCA3,15,DOTUSDT,2026-04-06 06:14:00+00:00,2026-04-06 06:16:00+00:00,2026-04-06 09:01:00+00:00,9988.464378177785,9972.946123630854,9972.946123630854,9982.322544798913,-5.98332409280667,3.9910537336859537,0.18763405222351526,-9.974377826492624,-9.786743774269109,165.0,2.097409325683691,mean
50,PCA3,15,LINKUSDT,2026-04-06 09:29:00+00:00,2026-04-06 09:31:00+00:00,2026-04-06 10:31:00+00:00,9987.165547630444,9997.550427326049,9997.550427326049,10000.203250479886,18.97818022250418,3.9995507355611872,0.0,14.97862948694299,14.97862948694299,60.0,2.0936890158396886,mean
51,PCA3,15,SUIUSDT,2026-04-06 10:44:00+00:00,2026-04-06 10:46:00+00:00,2026-04-06 11:46:00+00:00,9986.304470116382,9990.314606586522,9990.314606586522,9921.538832293816,49.33931451095663,3.9823706877760676,0.0,45.356943823180565,45.356943823180565,60.0,4.862037910699743,mean
52,PCA3,15,DOTUSDT,2026-04-06 11:59:00+00:00,2026-04-06 12:01:00+00:00,2026-04-06 12:46:00+00:00,9980.054087358949,9980.852698934174,9980.852698934174,9949.738798139531,11.082034763598594,3.9861182994147413,0.0,7.095916464183853,7.095916464183853,45.0,2.59628594489645,mean
48,PCA3,15,FILUSDT,2026-04-06 08:59:00+00:00,2026-04-06 09:01:00+00:00,2026-04-06 13:16:00+00:00,9988.057580169112,9993.992892968578,9993.992892968578,10200.701972333594,-138.05358918208043,4.038938973060434,0.0,-142.09252815514088,-142.09252815514088,255.0,3.0726808031056603,timeout
49,PCA3,15,ADAUSDT,2026-04-06 08:59:00+00:00,2026-04-06 09:01:00+00:00,2026-04-06 13:16:00+00:00,9988.057580169112,9991.113895384025,9991.113895384025,10019.730660422487,-34.553578190682096,4.002168911161302,0.0,-38.5557471018434,-38.5557471018434,255.0,-2.019967745694648,timeout
53,PCA3,15,FILUSDT,2026-04-06 13:29:00+00:00,2026-04-06 13:31:00+00:00,2026-04-06 16:01:00+00:00,9976.735123153128,9962.110843466367,9962.110843466367,9909.752128598935,30.66077636676332,3.974372594413061,0.1283681707608868,26.686403772350257,26.814771943111143,150.0,3.4619320538441007,mean
54,PCA3,15,AAVEUSDT,2026-04-06 14:14:00+00:00,2026-04-06 14:16:00+00:00,2026-04-06 16:16:00+00:00,9981.115277960831,9993.145529386482,9993.145529386482,9982.111621810564,14.549520763075355,3.995051430239409,0.2555925640662272,10.554469332835946,10.810061896902173,120.0,2.0734791627304023,mean
55,PCA3,15,DOTUSDT,2026-04-06 14:59:00+00:00,2026-04-06 15:01:00+00:00,2026-04-06 16:31:00+00:00,9978.445054776095,9974.673697123946,9974.673697123946,9957.800221085186,14.929685032141169,3.9864947836418265,-0.15901283573962502,10.943190248499343,10.784177412759718,90.0,-2.456649114296009,mean
58,PCA3,15,DOTUSDT,2026-04-06 17:29:00+00:00,2026-04-06 17:31:00+00:00,2026-04-06 18:31:00+00:00,9979.134669750078,9976.204914241036,9976.204914241036,9956.345745626244,27.323847311090166,3.9865101319734557,0.0,23.337337179116712,23.337337179116712,60.0,2.253677997026435,mean
56,PCA3,15,BTCUSDT,2026-04-06 16:14:00+00:00,2026-04-06 16:16:00+00:00,2026-04-06 20:01:00+00:00,9980.943472719002,9973.11818037518,9973.11818037518,9911.511680416934,-11.912461017343858,3.976925972158423,0.0,-15.889386989502283,-15.889386989502283,225.0,2.7218594073793905,mean
57,PCA3,15,AAVEUSDT,2026-04-06 16:29:00+00:00,2026-04-06 16:31:00+00:00,2026-04-06 20:16:00+00:00,9981.72022272696,9993.589209563124,9993.589209563124,9919.911104870018,-26.77934795765451,3.9827000628866283,0.0,-30.76204802054114,-30.76204802054114,225.0,-3.3902075481199314,mean
59,PCA3,15,XLMUSDT,2026-04-06 18:44:00+00:00,2026-04-06 18:46:00+00:00,2026-04-06 22:16:00+00:00,9979.1018419645,9980.08357794958,9980.08357794958,9914.523594419055,-9.03750627481956,3.978921434473727,0.0,-13.016427709293286,-13.016427709293286,210.0,-2.380048041143184,mean
60,PCA3,15,NEARUSDT,2026-04-06 21:44:00+00:00,2026-04-06 21:46:00+00:00,2026-04-06 22:46:00+00:00,9976.022364660508,9978.362070370538,9978.362070370538,9938.93075581058,19.485628159256002,3.9834585652362233,0.0,15.50216959401978,15.50216959401978,60.0,-2.0782354211698992,mean
63,PCA3,15,XLMUSDT,2026-04-06 23:14:00+00:00,2026-04-06 23:16:00+00:00,2026-04-07 03:16:00+00:00,9979.493188683782,9971.902293883744,9971.902293883744,9969.293598467768,-4.645376991922101,3.988239178470302,-0.8516954893619137,-8.633616170392402,-9.485311659754316,240.0,2.010485728249887,mean
61,PCA3,15,AVAXUSDT,2026-04-06 23:14:00+00:00,2026-04-06 23:16:00+00:00,2026-04-07 03:31:00+00:00,9979.493188683782,9959.99976665511,9959.99976665511,9866.170867338888,-106.84263301256824,3.965234126798799,-0.22638991689955026,-110.80786713936703,-111.03425705626658,255.0,-4.551865096451211,timeout
62,PCA3,15,LTCUSDT,2026-04-06 23:14:00+00:00,2026-04-06 23:16:00+00:00,2026-04-07 03:31:00+00:00,9979.493188683782,9972.149097536661,9972.149097536661,9989.377140895709,-18.29947595610713,3.992305247686474,-0.040232296903137725,-22.291781203793605,-22.332013500696743,255.0,2.127583044982594,timeout
65,PCA3,15,BNBUSDT,2026-04-07 09:44:00+00:00,2026-04-07 09:46:00+00:00,2026-04-07 10:46:00+00:00,9963.203880511606,9959.84688272707,9959.84688272707,9850.233503754547,12.511892663717825,3.9620160772963233,0.0,8.549876586421501,8.549876586421501,60.0,2.2266534599769336,mean
64,PCA3,15,AAVEUSDT,2026-04-07 07:14:00+00:00,2026-04-07 07:16:00+00:00,2026-04-07 11:31:00+00:00,9965.208030462112,9968.671091512359,9968.671091512359,9679.66106366862,-254.512139948739,3.9296664310361957,-0.2662657188872183,-258.4418063797752,-258.7080720986624,255.0,-2.142526038328129,timeout
68,PCA3,15,DOTUSDT,2026-04-07 11:44:00+00:00,2026-04-07 11:46:00+00:00,2026-04-07 12:16:00+00:00,9940.817370420875,9935.695460123578,9935.695460123578,9862.414796210986,33.220231380780625,3.959622051266913,0.0,29.260609329513713,29.260609329513713,30.0,2.928640659491278,mean
66,PCA3,15,DOGEUSDT,2026-04-07 11:14:00+00:00,2026-04-07 11:16:00+00:00,2026-04-07 13:16:00+00:00,9945.002859776265,9947.394684306559,9947.394684306559,9950.767810736283,13.519526914542132,3.9796324990085683,0.0,9.539894415533563,9.539894415533563,120.0,2.4827173715651245,mean
67,PCA3,15,AAVEUSDT,2026-04-07 11:44:00+00:00,2026-04-07 11:46:00+00:00,2026-04-07 14:01:00+00:00,9940.817370420875,9935.060455550323,9935.060455550323,9969.401282235987,50.46210155468791,3.980892347557262,0.0,46.48120920713065,46.48120920713065,135.0,-8.544873962541837,mean
71,PCA3,15,DOTUSDT,2026-04-07 14:14:00+00:00,2026-04-07 14:16:00+00:00,2026-04-07 15:16:00+00:00,9945.868122752108,9955.644040002639,9955.644040002639,9998.695883215085,37.63464564467181,3.9908679846435446,0.0,33.64377766002826,33.64377766002826,60.0,-3.129697448105485,mean
69,PCA3,15,LINKUSDT,2026-04-07 12:44:00+00:00,2026-04-07 12:46:00+00:00,2026-04-07 16:01:00+00:00,9945.652865394648,9942.594068808205,9942.594068808205,9930.033146731515,-11.840517047053094,3.974525443107944,-0.45777388678782616,-15.815042490161037,-16.272816376948864,195.0,-2.4813667690234484,mean
72,PCA3,15,SUIUSDT,2026-04-07 15:29:00+00:00,2026-04-07 15:31:00+00:00,2026-04-07 16:16:00+00:00,9951.165247200308,9945.004971482864,9945.004971482864,9914.17025704312,22.194955293672287,3.9718350457051965,0.37382513088684605,18.223120247967092,18.59694537885394,45.0,2.189925587788497,mean
74,PCA3,15,AAVEUSDT,2026-04-07 16:44:00+00:00,2026-04-07 16:46:00+00:00,2026-04-07 17:01:00+00:00,9948.496121846147,9945.79340748466,9945.79340748466,9973.574055946428,40.732113793979764,3.983873492686218,0.0,36.74824030129355,36.74824030129355,15.0,-2.0721174714409183,mean
70,PCA3,15,LTCUSDT,2026-04-07 13:29:00+00:00,2026-04-07 13:31:00+00:00,2026-04-07 17:31:00+00:00,9946.88410923264,9957.239235127847,9957.239235127847,9964.646228864864,-7.486338262585307,3.9843770927985425,0.34267553887766367,-11.47071535538385,-11.128039816506186,240.0,3.072175833393751,mean
73,PCA3,15,BNBUSDT,2026-04-07 16:14:00+00:00,2026-04-07 16:16:00+00:00,2026-04-07 19:46:00+00:00,9951.706475206885,9954.147486628932,9954.147486628932,10082.488509409051,1.9607190788099258,4.007327199207596,0.0,-2.0466081203976705,-2.0466081203976705,210.0,2.161407124320466,mean
76,PCA3,15,LINKUSDT,2026-04-07 18:59:00+00:00,2026-04-07 19:01:00+00:00,2026-04-07 21:16:00+00:00,9953.45603593487,9952.240138931169,9952.240138931169,10203.759995204146,16.737618036200956,4.0312000268270625,0.0,12.706418009373893,12.706418009373893,135.0,-2.0057716189038377,mean
77,PCA3,15,XLMUSDT,2026-04-07 19:59:00+00:00,2026-04-07 20:01:00+00:00,2026-04-07 22:16:00+00:00,9954.071911153682,9965.677819082754,9965.677819082754,10200.467569890581,29.590631487197786,4.033229077794667,0.0,25.557402409403117,25.557402409403117,135.0,-3.354641651864609,mean
78,PCA3,15,NEARUSDT,2026-04-07 21:29:00+00:00,2026-04-07 21:31:00+00:00,2026-04-07 22:46:00+00:00,9953.828953697925,9973.072878985857,9973.072878985857,10218.034483321186,59.81639528601231,4.038221472461409,0.0,55.7781738135509,55.7781738135509,75.0,3.0602544204331923,mean
75,PCA3,15,LTCUSDT,2026-04-07 18:44:00+00:00,2026-04-07 18:46:00+00:00,2026-04-07 23:01:00+00:00,9953.588602277578,9946.596897147925,9946.596897147925,10397.470135798578,-146.98956339849985,4.0688134065893005,0.0,-151.05837680508915,-151.05837680508915,255.0,-2.025354184586239,timeout
79,PCA3,15,DOTUSDT,2026-04-07 22:29:00+00:00,2026-04-07 22:31:00+00:00,2026-04-07 23:16:00+00:00,9954.927071623364,9950.746725178235,9950.746725178235,10173.904895236199,49.016413343325205,4.024930324082886,0.0,44.99148301924232,44.99148301924232,45.0,5.19376292451703,mean
80,PCA3,15,DOGEUSDT,2026-04-07 22:59:00+00:00,2026-04-07 23:01:00+00:00,2026-04-08 02:31:00+00:00,9949.373438646457,9964.263057062288,9964.263057062288,9927.169874585748,-24.98761920990121,3.9782865863296073,-0.035288169698030614,-28.96590579623082,-29.001193965928852,210.0,-4.581448328805257,mean
81,PCA3,15,SUIUSDT,2026-04-07 23:14:00+00:00,2026-04-07 23:16:00+00:00,2026-04-08 03:16:00+00:00,9953.221668767877,9950.804497091178,9950.804497091178,9934.546315578395,-35.52859345474588,3.977070162533914,0.03272613316758109,-39.505663617279794,-39.472937484112215,240.0,5.05839873219629,mean
82,PCA3,15,BNBUSDT,2026-04-07 23:29:00+00:00,2026-04-07 23:31:00+00:00,2026-04-08 03:46:00+00:00,9947.395334795603,9926.61881854836,9926.61881854836,9800.909333365678,-8.476373648285968,3.9455056303828075,-0.11235437501583405,-12.421879278668776,-12.534233653684609,255.0,-3.996667903937044,timeout
83,PCA3,15,HBARUSDT,2026-04-08 02:44:00+00:00,2026-04-08 02:46:00+00:00,2026-04-08 04:46:00+00:00,9942.37488397165,9942.314380424057,9942.314380424057,9970.884982899288,33.40930817361756,3.9826398726646692,0.0,29.426668300952894,29.426668300952894,120.0,3.5782761817867383,mean
84,PCA3,15,FILUSDT,2026-04-08 03:29:00+00:00,2026-04-08 03:31:00+00:00,2026-04-08 04:46:00+00:00,9946.166175438608,9948.88956180966,9948.88956180966,9999.709145601639,7.667093643266231,3.9897197414822596,0.0,3.6773739017839713,3.6773739017839713,75.0,-2.273088242103818,mean
85,PCA3,15,XRPUSDT,2026-04-08 05:14:00+00:00,2026-04-08 05:16:00+00:00,2026-04-08 08:46:00+00:00,9948.681609863292,9954.997824196476,9954.997824196476,9941.135361694924,-2.419933667060251,3.9792266371782796,0.20913348359079575,-6.3991603042385305,-6.190026820647735,210.0,2.254141602630997,mean
86,PCA3,15,SUIUSDT,2026-04-08 05:29:00+00:00,2026-04-08 05:31:00+00:00,2026-04-08 09:46:00+00:00,9947.787145123664,9949.6019539058,9949.6019539058,9855.823767092688,-49.32279927805031,3.9610851441996973,-0.06447416165551925,-53.283884422250004,-53.34835858390552,255.0,-2.8851195936245753,timeout
87,PCA3,15,NEARUSDT,2026-04-08 05:29:00+00:00,2026-04-08 05:31:00+00:00,2026-04-08 09:46:00+00:00,9947.787145123664,9947.976864673454,9947.976864673454,10074.293783077277,-212.59893591565393,4.004454129550147,-0.21471138733129072,-216.6033900452041,-216.81810143253537,255.0,2.2041787993517956,timeout
88,PCA3,15,HBARUSDT,2026-04-08 08:59:00+00:00,2026-04-08 09:01:00+00:00,2026-04-08 10:46:00+00:00,9927.275877839087,9931.269064628903,9931.269064628903,9958.786411335537,51.10026412520608,3.9780110951928878,0.0,47.12225303001319,47.12225303001319,105.0,-5.174611330278447,mean
89,PCA3,15,NEARUSDT,2026-04-08 09:59:00+00:00,2026-04-08 10:01:00+00:00,2026-04-08 11:16:00+00:00,9920.282429696961,9922.239278035173,9922.239278035173,9857.121662675778,48.496788590068256,3.95587218814219,0.0,44.54091640192606,44.54091640192606,75.0,3.5673996787129276,mean
90,PCA3,15,BCHUSDT,2026-04-08 09:59:00+00:00,2026-04-08 10:01:00+00:00,2026-04-08 11:16:00+00:00,9920.282429696961,9920.262968427482,9920.262968427482,9900.64219410837,19.223103361889343,3.9641810325071702,0.0,15.258922329382173,15.258922329382173,75.0,2.133154803336308,mean
93,PCA3,15,BTCUSDT,2026-04-08 12:59:00+00:00,2026-04-08 13:01:00+00:00,2026-04-08 13:46:00+00:00,9931.235813168318,9935.704590321067,9935.704590321067,9900.383341549148,13.084437374404283,3.9672175863740433,0.0,9.11721978803024,9.11721978803024,45.0,2.368861990739442,mean
92,PCA3,15,TRXUSDT,2026-04-08 11:44:00+00:00,2026-04-08 11:46:00+00:00,2026-04-08 14:01:00+00:00,9931.75102727782,9934.136652188578,9934.136652188578,9950.280297924652,8.004149228300635,3.9768833900226457,0.0,4.02726583827799,4.02726583827799,135.0,2.0478509275389665,mean
91,PCA3,15,DOTUSDT,2026-04-08 11:14:00+00:00,2026-04-08 11:16:00+00:00,2026-04-08 14:46:00+00:00,9931.95133404577,9934.824313539475,9934.824313539475,9793.181317590765,-2.7594383185633635,3.945601126226048,0.0,-6.705039444789412,-6.705039444789412,210.0,-2.4230262578419577,mean
94,PCA3,15,BNBUSDT,2026-04-08 13:59:00+00:00,2026-04-08 14:01:00+00:00,2026-04-08 15:31:00+00:00,9932.062112897844,9936.324353350743,9936.324353350743,9845.64964532273,33.95197484072,3.956394799734695,0.0,29.995580040985303,29.995580040985303,90.0,-2.1072534046559417,mean
96,PCA3,15,XLMUSDT,2026-04-08 15:44:00+00:00,2026-04-08 15:46:00+00:00,2026-04-08 16:46:00+00:00,9935.363103264293,9937.564370999959,9937.564370999959,9979.388398271572,27.110622744726804,3.9833905538543064,0.05790017983366745,23.127232190872498,23.185132370706164,60.0,-2.2138881418764647,mean
95,PCA3,15,XRPUSDT,2026-04-08 14:59:00+00:00,2026-04-08 15:01:00+00:00,2026-04-08 18:01:00+00:00,9935.329694100074,9928.690918186483,9928.690918186483,10017.346876892265,-5.869380563349908,3.9892075590157496,-0.10885181953904755,-9.858588122365658,-9.967439941904706,180.0,-2.1927733340985047,mean
97,PCA3,15,BTCUSDT,2026-04-08 17:14:00+00:00,2026-04-08 17:16:00+00:00,2026-04-08 18:31:00+00:00,9936.925723977272,9931.335937287473,9931.335937287473,9893.72756926579,6.601819838219294,3.965012701310653,0.0,2.636807136908641,2.636807136908641,75.0,2.285928586511447,mean
98,PCA3,15,LINKUSDT,2026-04-08 23:44:00+00:00,2026-04-08 23:46:00+00:00,2026-04-09 03:31:00+00:00,9936.967122934542,9932.847259102778,9932.847259102778,9863.799817672107,-28.74479610146414,3.959329415354977,0.42616499348119785,-32.70412551681912,-32.27796052333792,225.0,-2.3055648571986747,mean
99,PCA3,15,HBARUSDT,2026-04-09 03:59:00+00:00,2026-04-09 04:01:00+00:00,2026-04-09 06:01:00+00:00,9933.739326882207,9919.543342716932,9919.543342716932,9920.388530927574,26.20669513663009,3.9679863747289015,0.0,22.238708761901187,22.238708761901187,120.0,3.1289662005939465,mean
100,PCA3,15,BCHUSDT,2026-04-09 07:14:00+00:00,2026-04-09 07:16:00+00:00,2026-04-09 09:01:00+00:00,9935.963197758398,9933.999049017222,9933.999049017222,9900.361561251573,21.295582166893368,3.9668721220537595,0.24274755340820658,17.32871004483961,17.571457598247818,105.0,2.4153595014726412,mean
101,PCA3,15,XLMUSDT,2026-04-09 08:44:00+00:00,2026-04-09 08:46:00+00:00,2026-04-09 09:46:00+00:00,9937.10643858914,9939.67739202727,9939.67739202727,9940.11143617894,27.19937606816497,3.9759577656412417,0.0,23.22341830252373,23.22341830252373,60.0,-2.6952451001081807,mean
102,PCA3,15,TRXUSDT,2026-04-09 12:44:00+00:00,2026-04-09 12:46:00+00:00,2026-04-09 15:31:00+00:00,9940.042685348475,9941.069133464509,9941.069133464509,9950.477123442002,14.091093196294976,3.9783092513813023,0.0,10.112783944913673,10.112783944913673,165.0,2.122572852703549,mean
103,PCA3,15,BCHUSDT,2026-04-09 13:59:00+00:00,2026-04-09 14:01:00+00:00,2026-04-09 16:16:00+00:00,9938.284006945581,9935.341259860885,9935.341259860885,10108.79089771597,-24.54095872079534,4.008826431515371,-0.07176520186577862,-28.549785152310715,-28.621550354176495,135.0,-3.42294575795071,mean
104,PCA3,15,XLMUSDT,2026-04-09 14:44:00+00:00,2026-04-09 14:46:00+00:00,2026-04-09 16:16:00+00:00,9936.867794769367,9961.014281506308,9961.014281506308,10159.445317675201,6.768475785499992,4.024091919836302,1.2248765087417788,2.74438386566369,3.9692603744054686,90.0,-2.101228981250814,mean
105,PCA3,15,NEARUSDT,2026-04-09 15:44:00+00:00,2026-04-09 15:46:00+00:00,2026-04-09 16:31:00+00:00,9938.175298846461,9924.48164815396,9924.48164815396,9863.381727127513,51.29850034893833,3.9575726750562947,0.8011170564561562,47.340927673882035,48.14204473033819,45.0,2.40511148454998,mean
107,PCA3,15,SOLUSDT,2026-04-09 17:59:00+00:00,2026-04-09 18:01:00+00:00,2026-04-09 18:31:00+00:00,9943.853097365702,9934.075764918323,9934.075764918323,9886.424979303976,20.534584288560744,3.96410014884446,0.0,16.570484139716285,16.570484139716285,30.0,2.327679556301972,mean
108,PCA3,15,BTCUSDT,2026-04-09 18:29:00+00:00,2026-04-09 18:31:00+00:00,2026-04-09 20:31:00+00:00,9945.71633051974,9942.337994139703,9942.337994139703,9991.875078679739,7.0462525148718,3.986842614563888,0.0,3.0594099003079114,3.0594099003079114,120.0,-2.1741082667809257,mean
106,PCA3,15,DOTUSDT,2026-04-09 16:29:00+00:00,2026-04-09 16:31:00+00:00,2026-04-09 20:46:00+00:00,9942.709279660521,9933.945502486296,9933.945502486296,10041.195682269901,-45.137639437104646,3.9950282369512395,0.0,-49.13266767405589,-49.13266767405589,255.0,2.85175470871551,timeout
109,PCA3,15,DOGEUSDT,2026-04-09 20:29:00+00:00,2026-04-09 20:31:00+00:00,2026-04-09 21:46:00+00:00,9940.176428206905,9935.875364005155,9935.875364005155,9939.896536632281,12.827059744761678,3.975154380127487,0.0,8.85190536463419,8.85190536463419,75.0,2.0237623023710145,mean
110,PCA3,15,ETHUSDT,2026-04-09 20:59:00+00:00,2026-04-09 21:01:00+00:00,2026-04-09 23:46:00+00:00,9941.401118620175,9938.133240066529,9938.133240066529,9845.999293286386,-10.402134139862559,3.956826506670583,0.0,-14.358960646533141,-14.358960646533141,165.0,-2.033670104256718,mean
111,PCA3,15,DOTUSDT,2026-04-09 21:29:00+00:00,2026-04-09 21:31:00+00:00,2026-04-10 00:31:00+00:00,9941.003408830646,9936.434815432987,9936.434815432987,9875.377533707568,-6.014076792144217,3.9623624698281104,0.052087746479163526,-9.976439261972327,-9.924351515493164,180.0,2.203690472432934,mean
112,PCA3,15,AVAXUSDT,2026-04-09 22:29:00+00:00,2026-04-09 22:31:00+00:00,2026-04-10 00:46:00+00:00,9936.279182302895,9937.273993521283,9937.273993521283,9741.062669542589,41.51502130534382,3.9356673326127742,0.27526287646155834,37.57935397273105,37.85461684919261,135.0,2.2264540922649854,mean
113,PCA3,15,NEARUSDT,2026-04-10 01:14:00+00:00,2026-04-10 01:16:00+00:00,2026-04-10 02:16:00+00:00,9942.694982859803,9949.318478256842,9949.318478256842,9913.467280160792,41.36218691193616,3.972557151683527,0.0,37.38962976025264,37.38962976025264,60.0,2.075301377332848,mean
114,PCA3,15,XLMUSDT,2026-04-10 01:14:00+00:00,2026-04-10 01:16:00+00:00,2026-04-10 03:01:00+00:00,9942.694982859803,9952.353533034071,9952.353533034071,9909.520301372253,17.6803197105764,3.9723747668812646,0.0,13.707944943695134,13.707944943695134,105.0,2.023656970554314,mean
115,PCA3,15,BTCUSDT,2026-04-10 01:44:00+00:00,2026-04-10 01:46:00+00:00,2026-04-10 03:16:00+00:00,9946.399606332387,9945.560719378076,9945.560719378076,9897.030938243264,7.808516457356922,3.968518331524268,0.0,3.8399981258326545,3.8399981258326545,90.0,2.355369013305794,mean
117,PCA3,15,UNIUSDT,2026-04-10 05:29:00+00:00,2026-04-10 05:31:00+00:00,2026-04-10 06:16:00+00:00,9947.610272133687,9946.853404415157,9946.853404415157,9911.44349222139,24.61060072161739,3.971659379327309,0.0,20.63894134229008,20.63894134229008,45.0,2.2841288093623744,mean
116,PCA3,15,HBARUSDT,2026-04-10 04:44:00+00:00,2026-04-10 04:46:00+00:00,2026-04-10 06:46:00+00:00,9948.188740142783,9949.728923315422,9949.728923315422,9950.854200010199,16.531756286523606,3.980116624665124,0.0,12.55163966185848,12.55163966185848,120.0,-2.396873522377409,mean
118,PCA3,15,BCHUSDT,2026-04-10 05:59:00+00:00,2026-04-10 06:01:00+00:00,2026-04-10 09:31:00+00:00,9948.29208532046,9949.108900582158,9949.108900582158,9915.633358750121,-7.646174259908298,3.972948451866456,-0.12384488204017302,-11.619122711774754,-11.742967593814926,210.0,-2.1203161740348113,mean
119,PCA3,15,NEARUSDT,2026-04-10 09:44:00+00:00,2026-04-10 09:46:00+00:00,2026-04-10 11:16:00+00:00,9950.333501483818,9956.642601686935,9956.642601686935,9907.62243804834,51.60825751760722,3.972853007947055,0.0,47.63540450966016,47.63540450966016,90.0,2.1785161888318774,mean
121,PCA3,15,XLMUSDT,2026-04-10 11:14:00+00:00,2026-04-10 11:16:00+00:00,2026-04-10 14:31:00+00:00,9954.287268587226,9960.243419228163,9960.243419228163,10063.221774691256,-11.441715640566013,4.004693038783884,0.0,-15.446408679349897,-15.446408679349897,195.0,-2.0808350774101796,mean
120,PCA3,15,ETHUSDT,2026-04-10 11:14:00+00:00,2026-04-10 11:16:00+00:00,2026-04-10 14:46:00+00:00,9954.287268587226,9962.34012087045,9962.34012087045,10059.377433310152,-12.514873629360052,4.0043435108361205,0.0,-16.519217140196172,-16.519217140196172,210.0,2.279979894997687,mean
122,PCA3,15,TRXUSDT,2026-04-10 12:44:00+00:00,2026-04-10 12:46:00+00:00,2026-04-10 17:01:00+00:00,9951.710877139218,9949.938351442355,9949.938351442355,9979.070232413054,-47.27481272634362,3.985801716771082,0.6662764822777841,-51.2606144431147,-50.59433796083691,255.0,-2.9434784210660054,timeout
123,PCA3,15,XLMUSDT,2026-04-10 15:59:00+00:00,2026-04-10 16:01:00+00:00,2026-04-10 18:31:00+00:00,9949.407735371833,9955.309792584272,9955.309792584272,10018.582433559099,13.82441707747757,3.994778445228674,0.0,9.829638632248894,9.829638632248894,150.0,-2.4240636979160857,mean
124,PCA3,15,AAVEUSDT,2026-04-10 16:14:00+00:00,2026-04-10 16:16:00+00:00,2026-04-10 20:31:00+00:00,9949.257201960543,9949.11783219961,9949.11783219961,10138.302898724844,-109.7011991053085,4.0174841461848905,0.0,-113.7186832514934,-113.7186832514934,255.0,2.4522751865695462,timeout
126,PCA3,15,DOGEUSDT,2026-04-10 19:14:00+00:00,2026-04-10 19:16:00+00:00,2026-04-10 20:31:00+00:00,9943.17205194294,9933.804008132554,9933.804008132554,9924.235165071785,24.046497896756524,3.971607834640868,0.0,20.074890062115657,20.074890062115657,75.0,2.116428261911634,mean
125,PCA3,15,TRXUSDT,2026-04-10 19:14:00+00:00,2026-04-10 19:16:00+00:00,2026-04-10 20:46:00+00:00,9943.17205194294,9939.10671490073,9939.10671490073,9933.207100577827,25.668599688269897,3.974462763095711,0.0,21.694136925174185,21.694136925174185,90.0,-2.3061756697770424,mean
127,PCA3,15,TRXUSDT,2026-04-10 22:44:00+00:00,2026-04-10 22:46:00+00:00,2026-04-11 00:46:00+00:00,9940.62904379355,9941.199180608775,9941.199180608775,9921.306573079253,-18.64496033231331,3.9725011507376053,-0.4842303985417118,-22.617461483050917,-23.10169188159263,120.0,2.230485924532142,mean
128,PCA3,15,ADAUSDT,2026-04-11 15:29:00+00:00,2026-04-11 15:31:00+00:00,2026-04-11 18:31:00+00:00,9938.318874605391,9945.564522791668,9945.564522791668,10042.917288945526,0.3646802139407712,3.9976963623474386,0.31810626144017234,-3.633016148406668,-3.3149098869664955,180.0,-2.0619402642361453,mean
129,PCA3,15,NEARUSDT,2026-04-11 16:14:00+00:00,2026-04-11 16:16:00+00:00,2026-04-11 19:01:00+00:00,9937.748634437747,9945.647389204227,9945.647389204227,10067.429200845007,18.143108924317122,4.0026153180098465,0.0,14.140493606307277,14.140493606307277,165.0,2.4212458400800267,mean
132,PCA3,15,BTCUSDT,2026-04-11 19:29:00+00:00,2026-04-11 19:31:00+00:00,2026-04-11 21:16:00+00:00,9936.295079184561,9944.95484010012,9944.95484010012,9891.916887266882,17.270706400901357,3.9673743454734005,0.0,13.303332055427957,13.303332055427957,105.0,-2.1440884792083037,mean
130,PCA3,15,ETHUSDT,2026-04-11 18:44:00+00:00,2026-04-11 18:46:00+00:00,2026-04-11 21:46:00+00:00,9935.460433563107,9936.71093264107,9936.71093264107,9943.632417869308,-6.161149706593483,3.9760686701020753,0.0,-10.137218376695559,-10.137218376695559,180.0,3.262023494203255,mean
131,PCA3,15,AAVEUSDT,2026-04-11 19:29:00+00:00,2026-04-11 19:31:00+00:00,2026-04-11 23:16:00+00:00,9936.295079184561,9949.683313476078,9949.683313476078,9777.591529150792,16.27264031307091,3.9454549685253744,0.0,12.327185344545533,12.327185344545533,225.0,2.2962350693221,mean
135,PCA3,15,FILUSDT,2026-04-12 01:44:00+00:00,2026-04-12 01:46:00+00:00,2026-04-12 04:16:00+00:00,9940.950762879653,9925.962438974819,9925.962438974819,9871.04518195353,2.19201839912956,3.9594015241856697,0.0,-1.7673831250561098,-1.7673831250561098,150.0,-2.6147303848903376,mean
133,PCA3,15,XRPUSDT,2026-04-12 01:44:00+00:00,2026-04-12 01:46:00+00:00,2026-04-12 05:01:00+00:00,9940.950762879653,9927.386089464397,9927.386089464397,9893.894172313245,-5.888526665109971,3.9642560523555286,0.0,-9.8527827174655,-9.8527827174655,195.0,2.9458108230884315,mean
134,PCA3,15,XLMUSDT,2026-04-12 01:44:00+00:00,2026-04-12 01:46:00+00:00,2026-04-12 06:01:00+00:00,9940.950762879653,9930.61345764325,9930.61345764325,9915.519263778184,-18.501751326752228,3.969226544284287,0.0,-22.470977871036514,-22.470977871036514,255.0,2.6748457355241313,timeout
136,PCA3,15,DOTUSDT,2026-04-12 04:29:00+00:00,2026-04-12 04:31:00+00:00,2026-04-12 07:16:00+00:00,9938.877367701583,9931.268691569814,9931.268691569814,9919.656392103927,-2.81971971184882,3.9701850167347486,0.0,-6.7899047285835685,-6.7899047285835685,165.0,-2.274220510059292,mean
137,PCA3,15,ADAUSDT,2026-04-12 08:14:00+00:00,2026-04-12 08:16:00+00:00,2026-04-12 11:01:00+00:00,9936.86265803544,9940.22640469142,9940.22640469142,9903.359101734386,3.6713624929051956,3.9687171012851614,0.0,-0.29735460837996586,-0.29735460837996586,165.0,-2.325931596790594,mean
138,PCA3,15,TRXUSDT,2026-04-12 10:14:00+00:00,2026-04-12 10:16:00+00:00,2026-04-12 12:31:00+00:00,9935.300968810696,9935.959977463877,9935.959977463877,9921.38956666073,12.27424848088261,3.9714699088249215,0.0,8.302778572057688,8.302778572057688,135.0,2.605030414731502,mean
139,PCA3,15,BTCUSDT,2026-04-12 13:14:00+00:00,2026-04-12 13:16:00+00:00,2026-04-12 14:16:00+00:00,9937.663200431807,9942.503065028963,9942.503065028963,9934.593048462322,11.802498761633753,3.9754192226982568,0.0,7.827079538935497,7.827079538935497,60.0,-2.1071716522326156,mean
140,PCA3,15,AAVEUSDT,2026-04-12 19:14:00+00:00,2026-04-12 19:16:00+00:00,2026-04-12 20:01:00+00:00,9938.4459083857,9938.53536992675,9938.53536992675,9878.818542445442,50.08223582507246,3.9634707824744386,0.0,46.11876504259802,46.11876504259802,45.0,2.5197289911310103,mean
142,PCA3,15,NEARUSDT,2026-04-13 01:44:00+00:00,2026-04-13 01:46:00+00:00,2026-04-13 02:46:00+00:00,9943.169680210138,9934.978045779044,9934.978045779044,9851.684649716131,57.543270611619434,3.957332539099035,0.0,53.58593807252039,53.58593807252039,60.0,2.589271944552312,mean
143,PCA3,15,AAVEUSDT,2026-04-13 01:59:00+00:00,2026-04-13 02:01:00+00:00,2026-04-13 05:31:00+00:00,9942.824879713487,9947.153505727107,9947.153505727107,10213.25189186785,-348.05529628629097,4.032081079518992,0.0,-352.08737736580997,-352.08737736580997,210.0,2.368499694577493,stop
141,PCA3,15,XRPUSDT,2026-04-13 01:29:00+00:00,2026-04-13 01:31:00+00:00,2026-04-13 05:46:00+00:00,9943.057784889961,9935.455124809485,9935.455124809485,9926.286468809769,-1.3150621045524904,3.9723483187238506,0.0,-5.2874104232763415,-5.2874104232763415,255.0,-2.0302971096016056,timeout
144,PCA3,15,TRXUSDT,2026-04-13 02:59:00+00:00,2026-04-13 03:01:00+00:00,2026-04-13 06:01:00+00:00,9942.088135045378,9939.595339670414,9939.595339670414,9947.736193587114,-5.657349730088304,3.9774663066515052,0.0,-9.63481603673981,-9.63481603673981,180.0,-2.2872023725612056,mean
146,PCA3,15,AAVEUSDT,2026-04-13 05:59:00+00:00,2026-04-13 06:01:00+00:00,2026-04-13 07:46:00+00:00,9913.096737754207,9921.079722395822,9921.079722395822,9916.157600613678,-12.132395801708961,3.9674474646019,0.0,-16.09984326631086,-16.09984326631086,105.0,2.4415870954133667,mean
147,PCA3,15,LINKUSDT,2026-04-13 06:14:00+00:00,2026-04-13 06:16:00+00:00,2026-04-13 08:16:00+00:00,9910.461603883168,9905.927280298465,9905.927280298465,9847.355562297853,2.809140358356136,3.950656568519264,-0.5602110090588736,-1.141516210163128,-1.7017272192220014,120.0,-2.596378558311575,mean
145,PCA3,15,DOTUSDT,2026-04-13 05:44:00+00:00,2026-04-13 05:46:00+00:00,2026-04-13 09:16:00+00:00,9913.431985532214,9893.456379237794,9893.456379237794,9949.934745572666,45.02421805199357,3.968678224962092,7.1123187748509995,41.05553982703148,48.16785860188248,210.0,-7.688716099002556,mean
149,PCA3,15,TRXUSDT,2026-04-13 08:29:00+00:00,2026-04-13 08:31:00+00:00,2026-04-13 10:46:00+00:00,9920.628159698983,9917.277870062493,9917.277870062493,9903.954737939,0.5436836554236986,3.964246521600299,0.0,-3.4205628661766,-3.4205628661766,135.0,2.4755571588903567,mean
151,PCA3,15,XLMUSDT,2026-04-13 10:59:00+00:00,2026-04-13 11:01:00+00:00,2026-04-13 12:01:00+00:00,9910.15174329588,9914.475998932687,9914.475998932687,9887.003149215976,45.52050785590072,3.960295829629733,0.0,41.56021202627098,41.56021202627098,60.0,3.108518684439253,mean
148,PCA3,15,LTCUSDT,2026-04-13 07:59:00+00:00,2026-04-13 08:01:00+00:00,2026-04-13 12:16:00+00:00,9915.988813897038,9909.437568712763,9909.437568712763,9876.420356629882,-28.561190412151237,3.957171585068529,0.0,-32.51836199721976,-32.51836199721976,255.0,-3.2814230359739107,timeout
150,PCA3,15,AAVEUSDT,2026-04-13 09:44:00+00:00,2026-04-13 09:46:00+00:00,2026-04-13 12:16:00+00:00,9913.091814754167,9914.729679104956,9914.729679104956,9890.715150298973,-14.872705836287686,3.9610889658807857,0.0,-18.83379480216847,-18.83379480216847,150.0,-2.053416028991753,mean
152,PCA3,15,ADAUSDT,2026-04-13 12:59:00+00:00,2026-04-13 13:01:00+00:00,2026-04-13 13:31:00+00:00,9913.430796362341,9917.944475951017,9917.944475951017,9891.059034889304,24.322954767887524,3.9618007021680643,0.0,20.36115406571946,20.36115406571946,30.0,2.3344448228680164,mean
154,PCA3,15,SOLUSDT,2026-04-13 13:44:00+00:00,2026-04-13 13:46:00+00:00,2026-04-13 15:01:00+00:00,9916.01314751691,9913.891150411593,9913.891150411593,10041.257082112828,-1.9959922776607715,3.9910296465048845,0.0,-5.987021924165656,-5.987021924165656,75.0,2.102663893794,mean
153,PCA3,15,TRXUSDT,2026-04-13 12:59:00+00:00,2026-04-13 13:01:00+00:00,2026-04-13 17:16:00+00:00,9913.430796362341,9915.822215108083,9915.822215108083,9923.674829036096,-53.317136034068035,3.9678994088288357,-0.05720177113462504,-57.28503544289687,-57.34223721403149,255.0,-2.327109309552907,timeout
155,PCA3,15,UNIUSDT,2026-04-13 13:59:00+00:00,2026-04-13 14:01:00+00:00,2026-04-13 17:46:00+00:00,9909.662822769978,9917.931194427305,9917.931194427305,9968.475694068904,-23.528378136662653,3.977281377699242,0.6598302851901474,-27.505659514361895,-26.84582922917175,225.0,2.2369193307297777,mean
156,PCA3,15,BTCUSDT,2026-04-13 15:14:00+00:00,2026-04-13 15:16:00+00:00,2026-04-13 19:31:00+00:00,9910.580635103352,9905.43082398836,9905.43082398836,10004.61782721307,-47.70146335079205,3.9820097302402857,-0.34285905870840777,-51.68347308103233,-52.02633213974074,255.0,2.0847422625084637,timeout
158,PCA3,15,XLMUSDT,2026-04-13 18:44:00+00:00,2026-04-13 18:46:00+00:00,2026-04-13 21:16:00+00:00,9901.196936166321,9909.495160752062,9909.495160752062,9992.484683552573,-3.1253227203578646,3.980395968860927,0.0,-7.105718689218792,-7.105718689218792,150.0,-2.339393812696312,mean
157,PCA3,15,ADAUSDT,2026-04-13 17:29:00+00:00,2026-04-13 17:31:00+00:00,2026-04-13 21:31:00+00:00,9902.862692683739,9915.71759631147,9915.71759631147,9943.334297906125,-13.799143161182299,3.9718103788435193,0.0,-17.77095354002582,-17.77095354002582,240.0,-2.961469476690489,mean
159,PCA3,15,BTCUSDT,2026-04-13 19:44:00+00:00,2026-04-13 19:46:00+00:00,2026-04-13 22:01:00+00:00,9897.686180782968,9910.768515075226,9910.768515075226,9930.985849901675,1.7738131281940626,3.96835087299538,0.0,-2.1945377448013175,-2.1945377448013175,135.0,2.6969367769912704,mean
160,PCA3,15,FILUSDT,2026-04-13 21:29:00+00:00,2026-04-13 21:31:00+00:00,2026-04-13 23:31:00+00:00,9898.907908122828,9905.891951670788,9905.891951670788,10205.106578837009,2.104631736180389,4.022199706101559,0.0,-1.9175679699211703,-1.9175679699211703,120.0,2.6297328663514534,mean
162,PCA3,15,BCHUSDT,2026-04-13 22:29:00+00:00,2026-04-13 22:31:00+00:00,2026-04-14 00:16:00+00:00,9894.14018078562,9918.973612940743,9918.973612940743,9915.756788674144,24.167570304860497,3.9669460803229777,0.12246572098258873,20.20062422453752,20.32308994552011,105.0,2.8626615087970837,mean
163,PCA3,15,DOGEUSDT,2026-04-13 23:44:00+00:00,2026-04-13 23:46:00+00:00,2026-04-14 02:01:00+00:00,9892.050382864643,9890.84318409317,9890.84318409317,9823.9684385527,15.329656120830325,3.942962324529174,-0.4456679806128583,11.386693796301152,10.941025815688294,135.0,-4.057405170009756,mean
164,PCA3,15,XRPUSDT,2026-04-14 00:29:00+00:00,2026-04-14 00:31:00+00:00,2026-04-14 02:01:00+00:00,9891.119520740342,9892.407453872349,9892.407453872349,9890.445908661934,7.763213673342404,3.9565706725068566,0.0,3.8066430008355474,3.8066430008355474,90.0,-3.8179573133973523,mean
161,PCA3,15,ETHUSDT,2026-04-13 22:14:00+00:00,2026-04-13 22:16:00+00:00,2026-04-14 02:31:00+00:00,9895.81179555443,9912.116627539606,9912.116627539606,10081.724350343407,-106.85483980214536,3.9987681955766026,-0.18838894160988146,-110.85360799772197,-111.04199693933185,255.0,2.283045527331984,timeout
165,PCA3,15,AVAXUSDT,2026-04-14 02:29:00+00:00,2026-04-14 02:31:00+00:00,2026-04-14 05:01:00+00:00,9891.106843256286,9873.695795205429,9873.695795205429,9854.466650408207,14.945711242365443,3.945632489122727,0.0,11.000078753242716,11.000078753242716,150.0,-2.0808485246666972,mean
166,PCA3,15,BNBUSDT,2026-04-14 03:59:00+00:00,2026-04-14 04:01:00+00:00,2026-04-14 05:16:00+00:00,9891.517457083362,9890.197001877339,9890.197001877339,9852.766110775285,13.915350079591118,3.9485926225305246,0.0,9.966757457060591,9.966757457060591,75.0,2.0257865233281684,mean
167,PCA3,15,BCHUSDT,2026-04-14 05:29:00+00:00,2026-04-14 05:31:00+00:00,2026-04-14 06:31:00+00:00,9892.847451727104,9887.256993325103,9887.256993325103,9861.417580475432,28.190214923066456,3.949734914760107,0.0,24.24048000830635,24.24048000830635,60.0,2.1172749750277813,mean
168,PCA3,15,XRPUSDT,2026-04-14 06:29:00+00:00,2026-04-14 06:31:00+00:00,2026-04-14 08:01:00+00:00,9895.476453888932,9895.386881766328,9895.386881766328,9906.833015180297,12.893475296941453,3.960443979389325,0.22333134033031937,8.933031317552128,9.156362657882447,90.0,2.1025256373342747,mean
169,PCA3,15,ADAUSDT,2026-04-14 08:14:00+00:00,2026-04-14 08:16:00+00:00,2026-04-14 08:46:00+00:00,9896.187135993723,9904.171047581873,9904.171047581873,9947.30349146369,18.592783304969746,3.9702949078091123,0.0,14.622488397160634,14.622488397160634,30.0,-2.0288514574420224,mean
170,PCA3,15,DOGEUSDT,2026-04-14 08:44:00+00:00,2026-04-14 08:46:00+00:00,2026-04-14 10:31:00+00:00,9897.910044579769,9892.746581076897,9892.746581076897,9883.102854179077,4.7259854893644135,3.955169887051195,0.0,0.7708156023132187,0.7708156023132187,105.0,2.1250169759832347,mean
172,PCA3,15,AVAXUSDT,2026-04-14 09:29:00+00:00,2026-04-14 09:31:00+00:00,2026-04-14 10:31:00+00:00,9895.713886116906,9897.35215851247,9897.35215851247,9906.95549818321,22.377690011876254,3.9608615313391367,0.0,18.416828480537117,18.416828480537117,60.0,-2.055932967697638,mean
171,PCA3,15,LTCUSDT,2026-04-14 08:59:00+00:00,2026-04-14 09:01:00+00:00,2026-04-14 10:46:00+00:00,9897.280940804676,9902.943177249377,9902.943177249377,9863.140551071854,10.896946881851665,3.953216745664246,0.0,6.943730136187419,6.943730136187419,105.0,2.0734324378498377,mean
174,PCA3,15,LINKUSDT,2026-04-14 10:44:00+00:00,2026-04-14 10:46:00+00:00,2026-04-14 11:46:00+00:00,9900.450716474224,9899.895229676353,9899.895229676353,9901.78432083316,8.65086398465214,3.9603359101019024,0.0,4.6905280745502385,4.6905280745502385,60.0,-2.1099997071519248,mean
175,PCA3,15,DOGEUSDT,2026-04-14 11:14:00+00:00,2026-04-14 11:16:00+00:00,2026-04-14 12:16:00+00:00,9900.266201551582,9890.661221412136,9890.661221412136,9837.572500735952,38.89702793561231,3.9456467444296175,0.0,34.95138119118269,34.95138119118269,60.0,3.9437999133228656,mean
173,PCA3,15,BTCUSDT,2026-04-14 10:44:00+00:00,2026-04-14 10:46:00+00:00,2026-04-14 12:31:00+00:00,9900.450716474224,9899.189638919026,9899.189638919026,9887.488740027795,15.845740543734317,3.9573356757893645,0.0,11.888404867944953,11.888404867944953,105.0,-2.3220166997780916,mean
176,PCA3,15,BCHUSDT,2026-04-14 12:14:00+00:00,2026-04-14 12:16:00+00:00,2026-04-14 14:16:00+00:00,9904.699963601926,9910.33498037837,9910.33498037837,9977.162462270162,20.849263337777195,3.9774994885297064,0.0,16.87176384924749,16.87176384924749,120.0,2.1053260429631653,mean
178,PCA3,15,LTCUSDT,2026-04-14 13:44:00+00:00,2026-04-14 13:46:00+00:00,2026-04-14 14:46:00+00:00,9906.811699688049,9923.777974996114,9923.777974996114,9858.420116231364,11.996944773765046,3.9564396182454953,0.0,8.04050515551955,8.04050515551955,60.0,2.4265660597267056,mean
177,PCA3,15,LINKUSDT,2026-04-14 12:59:00+00:00,2026-04-14 13:01:00+00:00,2026-04-14 17:16:00+00:00,9905.47385598984,9909.300077082838,9909.300077082838,9898.008616298092,-18.462253001687586,3.9614617386761863,-0.19843461203767881,-22.423714740363774,-22.622149352401454,255.0,-2.091725133849699,timeout
179,PCA3,15,BTCUSDT,2026-04-14 14:29:00+00:00,2026-04-14 14:31:00+00:00,2026-04-14 17:16:00+00:00,9908.395687066426,9927.186120815575,9927.186120815575,9788.375043230693,9.423853567787091,3.943112232809254,-0.5345667878362776,5.4807413349778376,4.94617454714156,165.0,3.772111840054965,mean
180,PCA3,15,ETHUSDT,2026-04-14 14:59:00+00:00,2026-04-14 15:01:00+00:00,2026-04-14 18:16:00+00:00,9907.2882722733,9897.134528898452,9897.134528898452,9845.614078715415,-4.370319291445615,3.9485497215227734,0.15285088616861509,-8.318869012968388,-8.166018126799774,195.0,-3.8235655209518,mean
181,PCA3,15,LTCUSDT,2026-04-14 18:14:00+00:00,2026-04-14 18:16:00+00:00,2026-04-14 20:31:00+00:00,9905.756631158174,9899.485841218493,9899.485841218493,9823.794019112305,-5.207511101778337,3.9446559720661596,0.0,-9.152167073844497,-9.152167073844497,135.0,2.3737899068088875,mean
182,PCA3,15,DOGEUSDT,2026-04-14 18:29:00+00:00,2026-04-14 18:31:00+00:00,2026-04-14 21:46:00+00:00,9905.58981813112,9915.099592162678,9915.099592162678,9843.056237509658,-21.91198807880726,3.951631165934467,0.0,-25.863619244741727,-25.863619244741727,195.0,-2.1189790053860724,mean
183,PCA3,15,TRXUSDT,2026-04-14 18:44:00+00:00,2026-04-14 18:46:00+00:00,2026-04-14 22:01:00+00:00,9905.769894655006,9908.702693663237,9908.702693663237,9909.057803003616,-7.3099967437610225,3.963552099333371,0.0,-11.273548843094394,-11.273548843094394,195.0,2.4650022534131804,mean
185,PCA3,15,XRPUSDT,2026-04-14 22:29:00+00:00,2026-04-14 22:31:00+00:00,2026-04-14 23:01:00+00:00,9899.031310138225,9892.953433558594,9892.953433558594,9888.362225073286,13.59484256947346,3.9562631317263763,0.0,9.638579437747083,9.638579437747083,30.0,2.11318369547355,mean
184,PCA3,15,SOLUSDT,2026-04-14 20:59:00+00:00,2026-04-14 21:01:00+00:00,2026-04-14 23:16:00+00:00,9897.924035842061,9897.87321258777,9897.87321258777,9898.898414344525,-2.670440968338432,3.9593543253864594,0.0,-6.629795293724891,-6.629795293724891,135.0,-2.0362501525440435,mean
187,PCA3,15,BNBUSDT,2026-04-15 01:59:00+00:00,2026-04-15 02:01:00+00:00,2026-04-15 03:01:00+00:00,9901.845099999822,9902.630047848948,9902.630047848948,9859.138699925372,10.153071713289792,3.952353749554864,0.0,6.200717963734928,6.200717963734928,60.0,2.1674458419792795,mean
186,PCA3,15,SOLUSDT,2026-04-15 01:14:00+00:00,2026-04-15 01:16:00+00:00,2026-04-15 04:01:00+00:00,9900.994526174218,9895.624093911103,9895.624093911103,9864.581617999738,-1.3193545320899727,3.952041142382168,0.0,-5.27139567447214,-5.27139567447214,165.0,-2.1707472766903537,mean
188,PCA3,15,LTCUSDT,2026-04-15 01:59:00+00:00,2026-04-15 02:01:00+00:00,2026-04-15 05:46:00+00:00,9901.845099999822,9905.570814425026,9905.570814425026,9838.081735393987,-1.8056012267863006,3.948730509963803,0.0,-5.754331736750103,-5.754331736750103,225.0,-2.0850516728348163,mean
189,PCA3,15,AVAXUSDT,2026-04-15 04:14:00+00:00,2026-04-15 04:16:00+00:00,2026-04-15 06:01:00+00:00,9900.02595951686,9906.188539545641,9906.188539545641,9850.008307919885,27.84634363775272,3.9512393694931047,0.0,23.895104268259615,23.895104268259615,105.0,2.1104900138466074,mean
191,PCA3,15,LTCUSDT,2026-04-15 08:14:00+00:00,2026-04-15 08:16:00+00:00,2026-04-15 11:01:00+00:00,9903.781270949978,9902.82634184064,9902.82634184064,9940.566711620342,2.983841492289149,3.968678610692196,0.0,-0.9848371184030471,-0.9848371184030471,165.0,2.1828709446725765,mean
192,PCA3,15,XRPUSDT,2026-04-15 09:14:00+00:00,2026-04-15 09:16:00+00:00,2026-04-15 11:01:00+00:00,9907.12497272108,9905.897955535116,9905.897955535116,9924.11990020822,11.810744708157586,3.9660035711486668,0.0,7.84474113700892,7.84474113700892,105.0,-2.25176987344677,mean
190,PCA3,15,BCHUSDT,2026-04-15 07:59:00+00:00,2026-04-15 08:01:00+00:00,2026-04-15 12:16:00+00:00,9902.901535656296,9888.69966928888,9888.69966928888,10024.653580169748,30.019088712998908,3.982670649891726,0.0,26.03641806310718,26.03641806310718,255.0,-2.4065820288480375,timeout
193,PCA3,15,NEARUSDT,2026-04-15 11:44:00+00:00,2026-04-15 11:46:00+00:00,2026-04-15 14:01:00+00:00,9906.851071728783,9915.20962323113,9915.20962323113,9926.783976343546,1.9314445312002153,3.9683987199149353,0.0,-2.03695418871472,-2.03695418871472,135.0,2.0546935293969564,mean
194,PCA3,15,TRXUSDT,2026-04-15 12:14:00+00:00,2026-04-15 12:16:00+00:00,2026-04-15 16:16:00+00:00,9905.791855083757,9902.990322792499,9902.990322792499,9962.102475058298,46.961533614981185,3.9730185595701597,-0.03151117456518028,42.98851505541103,42.957003880845846,240.0,5.616078320517928,mean
195,PCA3,15,LTCUSDT,2026-04-15 13:29:00+00:00,2026-04-15 13:31:00+00:00,2026-04-15 16:16:00+00:00,9905.65391382477,9901.91432983801,9901.91432983801,9943.643957567001,20.117291917009076,3.969111657481002,0.3370712574283847,16.148180259528075,16.48525151695646,165.0,3.2008747065091465,mean
196,PCA3,15,AAVEUSDT,2026-04-15 14:14:00+00:00,2026-04-15 14:16:00+00:00,2026-04-15 17:16:00+00:00,9909.089879211986,9910.015583330902,9910.015583330902,9964.155925296318,3.4264768971434663,3.9748343017254437,0.38823882312285496,-0.5483574045819775,-0.1601185814591225,180.0,4.609340424925711,mean
198,PCA3,15,SUIUSDT,2026-04-15 16:29:00+00:00,2026-04-15 16:31:00+00:00,2026-04-15 18:16:00+00:00,9901.501183532499,9895.759479919008,9895.759479919008,9949.466907883581,9.019103353284773,3.969045277560518,0.0,5.050058075724255,5.050058075724255,105.0,-2.506663928859427,mean
199,PCA3,15,SOLUSDT,2026-04-15 17:29:00+00:00,2026-04-15 17:31:00+00:00,2026-04-15 18:16:00+00:00,9911.21047347194,9912.098354206202,9912.098354206202,9928.339328561296,15.952850310996261,3.9680875365534996,0.0,11.984762774442762,11.984762774442762,45.0,2.6742295696146883,mean
197,PCA3,15,BTCUSDT,2026-04-15 16:29:00+00:00,2026-04-15 16:31:00+00:00,2026-04-15 20:16:00+00:00,9901.501183532499,9897.363054171408,9897.363054171408,9972.50407537756,5.848708057247717,3.9739734259097936,0.0,1.874734631337923,1.874734631337923,225.0,-2.673766714616388,mean
200,PCA3,15,XRPUSDT,2026-04-15 19:44:00+00:00,2026-04-15 19:46:00+00:00,2026-04-15 20:31:00+00:00,9913.715548750732,9899.955934035415,9899.955934035415,9849.17229178016,16.430386943385557,3.949825645163115,0.0,12.48056129822244,12.48056129822244,45.0,2.413152547028037,mean
202,PCA3,15,SOLUSDT,2026-04-15 20:29:00+00:00,2026-04-15 20:31:00+00:00,2026-04-15 22:31:00+00:00,9914.15794401225,9934.238288069493,9934.238288069493,9947.839594844665,8.245625225902563,3.9764155765828315,0.0,4.269209649319731,4.269209649319731,120.0,-2.126047662284767,mean
201,PCA3,15,SUIUSDT,2026-04-15 19:44:00+00:00,2026-04-15 19:46:00+00:00,2026-04-15 22:46:00+00:00,9913.715548750732,9898.426567609578,9898.426567609578,9883.184432290069,-6.524829398762209,3.956322199979929,0.0,-10.481151598742137,-10.481151598742137,180.0,2.172084107752585,mean
203,PCA3,15,AAVEUSDT,2026-04-15 21:14:00+00:00,2026-04-15 21:16:00+00:00,2026-04-15 23:16:00+00:00,9911.65287521754,9907.000273072523,9907.000273072523,9910.560715999065,20.005852283714372,3.9635121978143175,0.0,16.042340085900054,16.042340085900054,120.0,-2.3032232292781942,mean
204,PCA3,15,SUIUSDT,2026-04-15 23:59:00+00:00,2026-04-16 00:01:00+00:00,2026-04-16 02:01:00+00:00,9916.03773761885,9922.111034294065,9922.111034294065,9913.425087841762,4.60636487932696,3.9671072244271657,0.0,0.6392576548997939,0.6392576548997939,120.0,-2.1909743931696943,mean
206,PCA3,15,ADAUSDT,2026-04-16 00:44:00+00:00,2026-04-16 00:46:00+00:00,2026-04-16 02:16:00+00:00,9916.030174943458,9918.430584884285,9918.430584884285,9946.53532279439,7.865820409610132,3.972993181535735,0.0,3.8928272280743967,3.8928272280743967,90.0,-2.1363101966811553,mean
205,PCA3,15,XRPUSDT,2026-04-16 00:44:00+00:00,2026-04-16 00:46:00+00:00,2026-04-16 03:46:00+00:00,9916.030174943458,9914.495965726033,9914.495965726033,9996.85814041759,-0.022834640450618338,3.9822708212287248,0.0,-4.005105461679343,-4.005105461679343,180.0,3.2252307193810243,mean
208,PCA3,15,LINKUSDT,2026-04-16 02:59:00+00:00,2026-04-16 03:01:00+00:00,2026-04-16 05:16:00+00:00,9915.048700754513,9917.587669484254,9917.587669484254,9926.176171287667,8.371828625631252,3.968752768154384,0.0,4.403075857476869,4.403075857476869,135.0,-2.0637195526572425,mean
209,PCA3,15,DOGEUSDT,2026-04-16 03:59:00+00:00,2026-04-16 04:01:00+00:00,2026-04-16 05:16:00+00:00,9910.113241387431,9914.0045542395,9914.0045542395,9865.595881334932,37.077602935550175,3.9559200871148863,0.0,33.12168284843529,33.12168284843529,75.0,3.415706469136111,mean
210,PCA3,15,SUIUSDT,2026-04-16 05:29:00+00:00,2026-04-16 05:31:00+00:00,2026-04-16 06:16:00+00:00,9904.272759830128,9903.413514071366,9903.413514071366,9957.878753021632,45.590829572171295,3.9722584534186,0.0,41.6185711187527,41.6185711187527,45.0,-4.33271461807911,mean
207,PCA3,15,FILUSDT,2026-04-16 02:44:00+00:00,2026-04-16 02:46:00+00:00,2026-04-16 07:01:00+00:00,9915.921396770224,9907.607910509836,9907.607910509836,10134.935578987292,-137.42157592423638,4.008508697899425,0.0,-141.4300846221358,-141.4300846221358,255.0,2.802584959527106,timeout
212,PCA3,15,LINKUSDT,2026-04-16 06:44:00+00:00,2026-04-16 06:46:00+00:00,2026-04-16 07:46:00+00:00,9904.772985159469,9904.756370231218,9904.756370231218,9931.33456462978,15.793074449069405,3.9672181869722,0.0,11.825856262097204,11.825856262097204,60.0,-2.0000014860660595,mean
213,PCA3,15,FILUSDT,2026-04-16 07:29:00+00:00,2026-04-16 07:31:00+00:00,2026-04-16 08:31:00+00:00,9896.13279433018,9913.07351212824,9913.07351212824,9825.149222538997,44.86325471568564,3.9476445469334474,0.15570724127936644,40.915610168752195,41.07131741003156,60.0,3.1881443065796162,mean
214,PCA3,15,SUIUSDT,2026-04-16 07:59:00+00:00,2026-04-16 08:01:00+00:00,2026-04-16 08:46:00+00:00,9897.200267554881,9883.258371894794,9883.258371894794,9906.827992370969,30.59010518926659,3.9580172728531524,0.0,26.632087916413436,26.632087916413436,45.0,-2.285072894222639,mean
211,PCA3,15,DOTUSDT,2026-04-16 05:29:00+00:00,2026-04-16 05:31:00+00:00,2026-04-16 09:46:00+00:00,9904.272759830128,9908.557989105699,9908.557989105699,10081.24587306441,-188.021338818397,3.9979607724340216,0.16665194883728474,-192.01929959083103,-191.85264764199374,255.0,2.5669886477685577,timeout
215,PCA3,15,XLMUSDT,2026-04-16 08:44:00+00:00,2026-04-16 08:46:00+00:00,2026-04-16 10:46:00+00:00,9905.243387855082,9912.19607188922,9912.19607188922,9848.204332332605,28.073591819279955,3.9520800808443655,0.0,24.12151173843559,24.12151173843559,120.0,2.371445796940046,mean
216,PCA3,15,HBARUSDT,2026-04-16 08:59:00+00:00,2026-04-16 09:01:00+00:00,2026-04-16 10:46:00+00:00,9907.292682403722,9896.284650785503,9896.284650785503,9869.000941999684,20.466430692661106,3.9530571185570373,0.0,16.51337357410407,16.51337357410407,105.0,2.411866736531261,mean
217,PCA3,15,XRPUSDT,2026-04-16 09:59:00+00:00,2026-04-16 10:01:00+00:00,2026-04-16 11:16:00+00:00,9900.78108363166,9902.614023034139,9902.614023034139,9833.407774810841,32.13592720565861,3.947204359568996,0.0,28.188722846089615,28.188722846089615,75.0,4.537704665081884,mean
220,PCA3,15,BNBUSDT,2026-04-16 12:14:00+00:00,2026-04-16 12:16:00+00:00,2026-04-16 14:01:00+00:00,9904.506298736369,9900.742842562151,9900.742842562151,9820.610526886741,17.182757612564583,3.9442706738897786,0.0,13.238486938674804,13.238486938674804,105.0,-2.0555121532265725,mean
218,PCA3,15,FILUSDT,2026-04-16 11:59:00+00:00,2026-04-16 12:01:00+00:00,2026-04-16 14:31:00+00:00,9905.511782291753,9914.614373703147,9914.614373703147,9827.978243598936,21.639794582325948,3.9485185234604163,0.0,17.69127605886553,17.69127605886553,150.0,3.1382442170689484,mean
219,PCA3,15,NEARUSDT,2026-04-16 12:14:00+00:00,2026-04-16 12:16:00+00:00,2026-04-16 15:46:00+00:00,9904.506298736369,9891.59395178057,9891.59395178057,9998.627365876957,-27.3149081036266,3.9780442635315048,0.0,-31.292952367158104,-31.292952367158104,210.0,-2.273190213319492,mean
222,PCA3,15,SOLUSDT,2026-04-16 14:44:00+00:00,2026-04-16 14:46:00+00:00,2026-04-16 16:16:00+00:00,9909.950103814985,9924.212278252802,9924.212278252802,10105.672776889809,-9.397897862610025,4.005977011028522,0.16158172326317669,-13.403874873638546,-13.24229315037537,90.0,2.3259659210536054,mean
221,PCA3,15,DOTUSDT,2026-04-16 14:29:00+00:00,2026-04-16 14:31:00+00:00,2026-04-16 16:31:00+00:00,9906.85047547829,9937.773255751701,9937.773255751701,10147.170407637175,24.007233284468512,4.016988732677776,0.2057622889678217,19.990244551790738,20.19600684075856,120.0,2.0284121957919754,mean
223,PCA3,15,UNIUSDT,2026-04-16 15:59:00+00:00,2026-04-16 16:01:00+00:00,2026-04-16 16:31:00+00:00,9900.642728620167,9916.900990093945,9916.900990093945,9842.010075683578,47.33924273309153,3.951782213155505,0.0,43.38746051993603,43.38746051993603,30.0,5.082953081493468,mean
224,PCA3,15,XLMUSDT,2026-04-16 16:29:00+00:00,2026-04-16 16:31:00+00:00,2026-04-16 19:01:00+00:00,9912.856590531059,9922.323717096486,9922.323717096486,10054.570716273463,12.367141420180184,3.99537888667399,0.0,8.371762533506194,8.371762533506194,150.0,3.0016781616277295,mean
226,PCA3,15,BNBUSDT,2026-04-16 16:44:00+00:00,2026-04-16 16:46:00+00:00,2026-04-16 19:31:00+00:00,9910.318969780434,9906.181911506563,9906.181911506563,10073.751398478034,28.406102348829137,3.9959866619969198,0.0,24.410115686832217,24.410115686832217,165.0,2.0702546188512536,mean
225,PCA3,15,ETHUSDT,2026-04-16 16:44:00+00:00,2026-04-16 16:46:00+00:00,2026-04-16 21:01:00+00:00,9910.318969780434,9904.828566930933,9904.828566930933,10069.153962128343,-34.524953596243655,3.9947965058118555,0.0,-38.51975010205551,-38.51975010205551,255.0,-2.178798372358473,timeout
228,PCA3,15,AAVEUSDT,2026-04-16 19:44:00+00:00,2026-04-16 19:46:00+00:00,2026-04-16 21:31:00+00:00,9907.525657643413,9896.83653536365,9896.83653536365,9731.863960636736,71.91826098950318,3.9257400992000773,0.0,67.9925208903031,67.9925208903031,105.0,3.2920356147778493,mean
227,PCA3,15,SOLUSDT,2026-04-16 19:14:00+00:00,2026-04-16 19:16:00+00:00,2026-04-16 21:46:00+00:00,9907.225174242549,9908.493637691556,9908.493637691556,9905.648506126994,-13.28608211589256,3.96282842876371,0.0,-17.24891054465627,-17.24891054465627,150.0,4.015243256953197,mean
229,PCA3,15,HBARUSDT,2026-04-16 21:14:00+00:00,2026-04-16 21:16:00+00:00,2026-04-16 22:01:00+00:00,9908.327773424551,9896.616021343847,9896.616021343847,9886.575130991014,20.23701020604363,3.956638230466972,0.0,16.28037197557666,16.28037197557666,45.0,2.8926121395547746,mean
230,PCA3,15,LTCUSDT,2026-04-16 21:44:00+00:00,2026-04-16 21:46:00+00:00,2026-04-16 23:01:00+00:00,9916.756818023154,9911.276974808707,9911.276974808707,9947.93391081487,13.006664584900996,3.9718421771247154,0.0,9.03482240777628,9.03482240777628,75.0,-2.1208147965867132,mean
231,PCA3,15,SUIUSDT,2026-04-16 21:59:00+00:00,2026-04-16 22:01:00+00:00,2026-04-17 00:31:00+00:00,9916.798397540273,9927.13598326153,9927.13598326153,9910.236555725876,1.8685068651614487,3.967474507797481,0.08022423776630701,-2.0989676426360324,-2.0187434048697255,150.0,2.4866439596997787,mean
232,PCA3,15,XLMUSDT,2026-04-16 22:14:00+00:00,2026-04-16 22:16:00+00:00,2026-04-17 00:31:00+00:00,9913.998640422627,9906.44591798173,9906.44591798173,9882.236793833756,19.066189350345375,3.9577365423630972,0.1196201716670329,15.108452807982278,15.228072979649312,135.0,2.856364094754256,mean
233,PCA3,15,BCHUSDT,2026-04-16 23:14:00+00:00,2026-04-16 23:16:00+00:00,2026-04-17 02:31:00+00:00,9916.077909909967,9914.561906105631,9914.561906105631,9852.391422327564,-52.93190187442212,3.953390665686639,0.14944339922622457,-56.88529254010876,-56.735849140882536,195.0,3.4397857461999117,mean
234,PCA3,15,XRPUSDT,2026-04-17 00:44:00+00:00,2026-04-17 00:46:00+00:00,2026-04-17 03:16:00+00:00,9912.532907399276,9908.952793799188,9908.952793799188,9824.212735902998,0.22310603079777058,3.946633105940437,0.0,-3.723527075142667,-3.723527075142667,150.0,-2.351981820286841,mean
235,PCA3,15,XRPUSDT,2026-04-17 05:14:00+00:00,2026-04-17 05:16:00+00:00,2026-04-17 06:31:00+00:00,9912.816669396429,9910.839286268441,9910.839286268441,9924.944779770594,14.105493502153813,3.9671568132078074,0.0,10.138336688946005,10.138336688946005,75.0,2.3466570766153354,mean
236,PCA3,15,BTCUSDT,2026-04-17 05:14:00+00:00,2026-04-17 05:16:00+00:00,2026-04-17 07:01:00+00:00,9912.816669396429,9910.101281228712,9910.101281228712,9960.937702866862,3.0888424762086606,3.974207796819115,0.0,-0.8853653206104544,-0.8853653206104544,105.0,2.0129059627238615,mean
237,PCA3,15,SUIUSDT,2026-04-17 06:44:00+00:00,2026-04-17 06:46:00+00:00,2026-04-17 07:46:00+00:00,9913.88547055007,9907.45084550368,9907.45084550368,9996.905472878978,27.741999325591223,3.9808712636765318,0.0,23.761128061914693,23.761128061914693,60.0,-2.1730805564937232,mean
238,PCA3,15,DOTUSDT,2026-04-17 06:44:00+00:00,2026-04-17 06:46:00+00:00,2026-04-17 08:31:00+00:00,9913.88547055007,9909.837490550091,9909.837490550091,9946.721550485814,48.195282177460605,3.971311808207181,0.21056528728869905,44.22397036925343,44.43453565654213,105.0,2.0395138953876457,mean
240,PCA3,15,BNBUSDT,2026-04-17 07:59:00+00:00,2026-04-17 08:01:00+00:00,2026-04-17 10:01:00+00:00,9916.06316500134,9912.798073119213,9912.798073119213,9983.564259828254,6.100293534181398,3.979272466589493,0.0,2.1210210675919052,2.1210210675919052,120.0,-2.579612302975781,mean
239,PCA3,15,HBARUSDT,2026-04-17 07:44:00+00:00,2026-04-17 07:46:00+00:00,2026-04-17 10:31:00+00:00,9916.740893424487,9914.172963804875,9914.172963804875,9871.893924534352,22.88729422812121,3.9572133776678453,0.19652615479413083,18.93008085045336,19.126607005247493,165.0,4.544009503050708,mean
241,PCA3,15,UNIUSDT,2026-04-17 08:44:00+00:00,2026-04-17 08:46:00+00:00,2026-04-17 12:31:00+00:00,9919.77246518598,9919.966710114506,9919.966710114506,9980.35606538077,-26.677108734779978,3.9800645550990557,0.0,-30.657173289879033,-30.657173289879033,225.0,2.429537703974317,mean
244,PCA3,15,DOGEUSDT,2026-04-17 13:14:00+00:00,2026-04-17 13:16:00+00:00,2026-04-17 13:46:00+00:00,9916.72038654945,9903.190233205862,9903.190233205862,9917.837558256435,32.37800043583341,3.964205558292459,0.0,28.413794877540948,28.413794877540948,30.0,2.4192198476060436,mean
243,PCA3,15,NEARUSDT,2026-04-17 10:44:00+00:00,2026-04-17 10:46:00+00:00,2026-04-17 14:01:00+00:00,9919.410608256565,9909.778477337804,9909.778477337804,10265.6048968029,2.7363288262932635,4.035076674828141,0.0,-1.2987478485348778,-1.2987478485348778,195.0,-3.69466100018769,mean
242,PCA3,15,SOLUSDT,2026-04-17 10:14:00+00:00,2026-04-17 10:16:00+00:00,2026-04-17 14:31:00+00:00,9920.065559564104,9922.339526138692,9922.339526138692,10130.480856445272,-26.625200729482508,4.010564076516793,0.0,-30.6357648059993,-30.6357648059993,255.0,-2.244585402153763,timeout
245,PCA3,15,SUIUSDT,2026-04-17 13:59:00+00:00,2026-04-17 14:01:00+00:00,2026-04-17 15:31:00+00:00,9920.207002834799,9933.345754102971,9933.345754102971,9854.676452318983,27.994144019517062,3.957604441284391,0.0,24.036539578232674,24.036539578232674,90.0,3.2062013265789493,mean
246,PCA3,15,XRPUSDT,2026-04-17 14:14:00+00:00,2026-04-17 14:16:00+00:00,2026-04-17 16:46:00+00:00,9918.44710094157,9922.154749593416,9922.154749593416,9962.171398086892,1.9816993039157702,3.976865229536062,0.14170618904538526,-1.9951659256202916,-1.8534597365749064,150.0,3.279783232459887,mean
247,PCA3,15,BTCUSDT,2026-04-17 14:44:00+00:00,2026-04-17 14:46:00+00:00,2026-04-17 17:31:00+00:00,9917.909053422141,9908.406102041143,9908.406102041143,9850.707828482182,4.069700633616266,3.951822786104665,-0.6628431258104174,0.11787784751160135,-0.544965278298816,165.0,2.975066291616073,mean
248,PCA3,15,XLMUSDT,2026-04-17 15:44:00+00:00,2026-04-17 15:46:00+00:00,2026-04-17 17:46:00+00:00,9920.448847956999,9932.976393532357,9932.976393532357,9952.296212213982,13.27223969604782,3.9770545211492676,0.33607847956276327,9.295185174898553,9.631263654461316,120.0,3.2700356694123864,mean
249,PCA3,15,UNIUSDT,2026-04-17 16:59:00+00:00,2026-04-17 17:01:00+00:00,2026-04-17 19:16:00+00:00,9921.365738771143,9904.971541309615,9904.971541309615,9770.007839107107,39.87435137583841,3.9349958760833443,0.0,35.93935549975507,35.93935549975507,135.0,3.7980144371440043,mean
252,PCA3,15,XRPUSDT,2026-04-17 19:44:00+00:00,2026-04-17 19:46:00+00:00,2026-04-17 20:31:00+00:00,9926.310223774351,9916.1422354411,9916.1422354411,9854.346977586021,20.152265973651076,3.9540978426054245,0.0,16.19816813104565,16.19816813104565,45.0,2.2288544597707376,mean
250,PCA3,15,HBARUSDT,2026-04-17 17:44:00+00:00,2026-04-17 17:46:00+00:00,2026-04-17 21:01:00+00:00,9923.695568846339,9934.354707788472,9934.354707788472,9858.993660051394,-12.875700270857239,3.958669673567973,0.0,-16.834369944425212,-16.834369944425212,195.0,-2.9210220873129185,mean
251,PCA3,15,TRXUSDT,2026-04-17 18:14:00+00:00,2026-04-17 18:16:00+00:00,2026-04-17 21:16:00+00:00,9924.224706684556,9928.661575112397,9928.661575112397,9951.839551169938,5.849723391555145,3.9761002252564674,0.0,1.873623166298677,1.873623166298677,180.0,2.1234884967774375,mean
253,PCA3,15,XLMUSDT,2026-04-17 22:14:00+00:00,2026-04-17 22:16:00+00:00,2026-04-18 01:46:00+00:00,9926.11312211275,9907.532837239616,9907.532837239616,9838.094303702894,13.785949487214898,3.949125428188502,0.24927668461589703,9.836824059026396,10.086100743642293,210.0,2.1960083813038125,mean
254,PCA3,15,BNBUSDT,2026-04-17 23:14:00+00:00,2026-04-17 23:16:00+00:00,2026-04-18 02:46:00+00:00,9925.942701597738,9922.119654734972,9922.119654734972,9924.890132595927,-11.620582141770594,3.9694019574661796,-0.19484851582903326,-15.589984099236773,-15.784832615065806,210.0,2.761106446284338,mean
255,PCA3,15,SUIUSDT,2026-04-17 23:29:00+00:00,2026-04-17 23:31:00+00:00,2026-04-18 03:01:00+00:00,9924.556471543881,9935.674165690176,9935.674165690176,9909.667565304799,-6.042346982844889,3.969068346198995,0.13756973103502673,-10.011415329043885,-9.873845598008858,210.0,-2.0840358102860614,mean
256,PCA3,15,XLMUSDT,2026-04-18 03:59:00+00:00,2026-04-18 04:01:00+00:00,2026-04-18 05:31:00+00:00,9924.555864365808,9918.542499935518,9918.542499935518,9929.145123811859,29.741951707330667,3.9695375247494757,0.0,25.772414182581194,25.772414182581194,90.0,2.593213675082326,mean
258,PCA3,15,BNBUSDT,2026-04-18 05:14:00+00:00,2026-04-18 05:16:00+00:00,2026-04-18 06:46:00+00:00,9927.03603083,9924.093233648722,9924.093233648722,9896.239943951892,35.23251495897821,3.964066635520123,0.0,31.268448323458085,31.268448323458085,90.0,3.583967993391655,mean
257,PCA3,15,HBARUSDT,2026-04-18 04:29:00+00:00,2026-04-18 04:31:00+00:00,2026-04-18 07:16:00+00:00,9927.304123249598,9924.227242277148,9924.227242277148,9992.496711646761,6.33301821535086,3.9833447907847814,0.0,2.3496734245660784,2.3496734245660784,165.0,-2.379069704677339,mean
259,PCA3,15,BNBUSDT,2026-04-18 08:29:00+00:00,2026-04-18 08:31:00+00:00,2026-04-18 10:31:00+00:00,9930.494917958868,9926.517422471143,9926.517422471143,9843.947464946767,16.9059508282458,3.954092977483582,0.0,12.951857850762218,12.951857850762218,120.0,-2.2266339854407367,mean
261,PCA3,15,XLMUSDT,2026-04-18 09:59:00+00:00,2026-04-18 10:01:00+00:00,2026-04-18 12:16:00+00:00,9929.011022724246,9915.19999134876,9915.19999134876,9861.389820077753,38.68214364732747,3.9553179622853025,0.0,34.726825685042165,34.726825685042165,135.0,-2.6805699996868975,mean
260,PCA3,15,LTCUSDT,2026-04-18 08:29:00+00:00,2026-04-18 08:31:00+00:00,2026-04-18 12:31:00+00:00,9930.494917958868,9933.574633379618,9933.574633379618,9814.388033778392,-36.182284974858106,3.9495925334316015,0.0,-40.131877508289705,-40.131877508289705,240.0,2.1006120097656114,mean
262,PCA3,15,SUIUSDT,2026-04-18 11:44:00+00:00,2026-04-18 11:46:00+00:00,2026-04-18 15:01:00+00:00,9928.780589203485,9917.23795053775,9917.23795053775,9998.724277336369,9.878369442230124,3.983192445574824,0.0,5.8951769966553,5.8951769966553,195.0,-2.584010520515356,mean
263,PCA3,15,HBARUSDT,2026-04-18 12:59:00+00:00,2026-04-18 13:01:00+00:00,2026-04-18 15:31:00+00:00,9932.474301449765,9930.88382924455,9930.88382924455,9957.020107570477,-8.445128448156257,3.977580787363006,0.0,-12.422709235519264,-12.422709235519264,150.0,2.23900571092683,mean
265,PCA3,15,AVAXUSDT,2026-04-18 18:44:00+00:00,2026-04-18 18:46:00+00:00,2026-04-18 21:31:00+00:00,9930.596845337735,9927.06734845983,9927.06734845983,9975.690282333424,2.8137946280835773,3.9805515261586506,0.0,-1.1667568980750733,-1.1667568980750733,165.0,2.573205469819961,mean
264,PCA3,15,AAVEUSDT,2026-04-18 18:44:00+00:00,2026-04-18 18:46:00+00:00,2026-04-18 21:46:00+00:00,9930.596845337735,9916.189176765987,9916.189176765987,10200.441918227894,227.53319588984593,4.023326218998776,0.0,223.50986967084714,223.50986967084714,180.0,-8.861982071288807,mean
266,PCA3,15,ADAUSDT,2026-04-18 18:44:00+00:00,2026-04-18 18:46:00+00:00,2026-04-18 22:16:00+00:00,9930.596845337735,9921.220466834287,9921.220466834287,9968.506127821991,-2.928904177450474,3.9779453189312557,0.0,-6.90684949638173,-6.90684949638173,210.0,2.3600518459867668,mean
269,PCA3,15,XRPUSDT,2026-04-19 01:14:00+00:00,2026-04-19 01:16:00+00:00,2026-04-19 02:01:00+00:00,9937.89653529457,9934.401426711365,9934.401426711365,9905.219637276565,13.523640081130809,3.967924212797586,0.0,9.555715868333223,9.555715868333223,45.0,2.0114479100287004,mean
267,PCA3,15,XLMUSDT,2026-04-18 23:14:00+00:00,2026-04-18 23:16:00+00:00,2026-04-19 03:01:00+00:00,9952.140471665374,9954.255667457608,9954.255667457608,9852.385003901458,-17.584878574014677,3.9613281342718136,0.4796270228248026,-21.54620670828649,-21.066579685461686,225.0,2.4244663943154867,mean
268,PCA3,15,AAVEUSDT,2026-04-18 23:59:00+00:00,2026-04-19 00:01:00+00:00,2026-04-19 04:16:00+00:00,9952.453500667098,9951.609734124006,9951.609734124006,9645.607248235116,-289.6285723664855,3.919443396471824,0.0,-293.54801576295733,-293.54801576295733,255.0,-2.5688917263170543,timeout
270,PCA3,15,UNIUSDT,2026-04-19 02:44:00+00:00,2026-04-19 02:46:00+00:00,2026-04-19 04:31:00+00:00,9925.019233387562,9925.57218217737,9925.57218217737,9933.11198714491,10.505684547712008,3.9717368338644556,0.0,6.533947713847552,6.533947713847552,105.0,-2.13591264701264,mean
272,PCA3,15,LINKUSDT,2026-04-19 04:29:00+00:00,2026-04-19 04:31:00+00:00,2026-04-19 05:31:00+00:00,9922.750109099848,9920.802040845552,9920.802040845552,9898.501594312058,25.8682433165038,3.9638607270315216,0.0,21.904382589472277,21.904382589472277,60.0,2.976347017281209,mean
271,PCA3,15,BNBUSDT,2026-04-19 03:14:00+00:00,2026-04-19 03:16:00+00:00,2026-04-19 06:01:00+00:00,9926.57432627662,9929.901035105799,9929.901035105799,9906.028213963808,7.533118764329952,3.967185849813921,0.0,3.565932914516031,3.565932914516031,165.0,-2.66387031671243,mean
273,PCA3,15,AAVEUSDT,2026-04-19 04:44:00+00:00,2026-04-19 04:46:00+00:00,2026-04-19 07:31:00+00:00,9924.226060812913,9933.540162626658,9933.540162626658,9843.188234896552,-10.022211468995586,3.955345679504642,0.0,-13.977557148500228,-13.977557148500228,165.0,-2.8129559389756844,mean
274,PCA3,15,HBARUSDT,2026-04-19 06:59:00+00:00,2026-04-19 07:01:00+00:00,2026-04-19 09:31:00+00:00,9917.376621071346,9915.80271701022,9915.80271701022,9857.896489106193,0.2517453554704203,3.9547398412232826,0.28353969121375344,-3.7029944857528623,-3.4194547945391087,150.0,2.9266766439210694,mean
275,PCA3,15,TRXUSDT,2026-04-19 07:29:00+00:00,2026-04-19 07:31:00+00:00,2026-04-19 11:01:00+00:00,9921.255281554071,9927.957467944725,9927.957467944725,9968.677780012662,-8.040180487483328,3.979327049591477,0.19831891261506487,-12.019507537074805,-11.82118862445974,210.0,2.1419344312484068,mean
276,PCA3,15,BCHUSDT,2026-04-19 09:29:00+00:00,2026-04-19 09:31:00+00:00,2026-04-19 12:01:00+00:00,9918.99049144509,9924.54506871601,9924.54506871601,9959.277763115897,-2.8787869773517265,3.9767645663663815,0.0,-6.855551543718108,-6.855551543718108,150.0,-2.186529248506652,mean
278,PCA3,15,AAVEUSDT,2026-04-19 12:14:00+00:00,2026-04-19 12:16:00+00:00,2026-04-19 13:16:00+00:00,9920.89675507141,9930.863693435374,9930.863693435374,10134.995988894665,177.69606024124835,4.013171936466009,0.0,173.68288830478232,173.68288830478232,60.0,-2.878946873307023,mean
277,PCA3,15,TRXUSDT,2026-04-19 11:29:00+00:00,2026-04-19 11:31:00+00:00,2026-04-19 14:01:00+00:00,9920.617812259843,9917.27366917872,9917.27366917872,9984.369111905353,-15.219777274750273,3.980328556216814,0.0,-19.200105830967086,-19.200105830967086,150.0,-3.440748336229249,mean
279,PCA3,15,SOLUSDT,2026-04-19 14:29:00+00:00,2026-04-19 14:31:00+00:00,2026-04-19 15:01:00+00:00,9936.675913065408,9915.847955654654,9915.847955654654,9902.647065825366,15.57002374224435,3.9636990042960036,0.0,11.606324737948347,11.606324737948347,30.0,3.0280614709790035,mean
280,PCA3,15,TRXUSDT,2026-04-19 15:14:00+00:00,2026-04-19 15:16:00+00:00,2026-04-19 18:01:00+00:00,9937.836545539203,9934.560094433045,9934.560094433045,9868.128632114385,-87.61706192031893,3.9605377453094865,0.4886675769360775,-91.57759966562843,-91.08893208869235,165.0,3.108154175550961,mean
281,PCA3,15,XLMUSDT,2026-04-19 19:44:00+00:00,2026-04-19 19:46:00+00:00,2026-04-19 20:16:00+00:00,9928.727652330335,9937.087289747424,9937.087289747424,9874.962022831298,31.462979912519703,3.9624098625157442,0.0,27.50057005000396,27.50057005000396,30.0,2.0554129537272847,mean
282,PCA3,15,TRXUSDT,2026-04-19 20:29:00+00:00,2026-04-19 20:31:00+00:00,2026-04-20 00:31:00+00:00,9931.477709335337,9933.445559576727,9933.445559576727,9881.70349588536,0.4623158715582547,3.963029811092418,0.2487846288000802,-3.5007139395341627,-3.2519293107340825,240.0,-2.2529858611717573,mean
283,PCA3,15,LINKUSDT,2026-04-19 22:29:00+00:00,2026-04-19 22:31:00+00:00,2026-04-20 01:01:00+00:00,9934.87133977899,9934.147678719584,9934.147678719584,10029.736358379429,-12.207754274867385,3.9927768074198027,0.04169879855684906,-16.20053108228719,-16.15883228373034,150.0,2.2462858366608898,mean
284,PCA3,15,TRXUSDT,2026-04-20 08:29:00+00:00,2026-04-20 08:31:00+00:00,2026-04-20 10:16:00+00:00,9929.536633175887,9929.63081914841,9929.63081914841,9962.44689143753,-15.636421717225073,3.9784155421171876,0.0,-19.61483725934226,-19.61483725934226,105.0,-2.0865645926984246,mean
285,PCA3,15,SUIUSDT,2026-04-20 09:59:00+00:00,2026-04-20 10:01:00+00:00,2026-04-20 10:46:00+00:00,9929.485167969431,9952.958600998953,9952.958600998953,9961.606930935688,10.014821581480673,3.9829131063869276,0.0,6.031908475093745,6.031908475093745,45.0,-2.212649160038196,mean
286,PCA3,15,HBARUSDT,2026-04-20 12:29:00+00:00,2026-04-20 12:31:00+00:00,2026-04-20 13:31:00+00:00,9928.178340297462,9935.72493870396,9935.72493870396,9956.789511991943,33.49151900548411,3.978502890139181,0.0,29.51301611534493,29.51301611534493,60.0,-2.5166047038020607,mean
287,PCA3,15,UNIUSDT,2026-04-20 15:14:00+00:00,2026-04-20 15:16:00+00:00,2026-04-20 17:31:00+00:00,9931.129641908998,9935.205922915784,9935.205922915784,10025.394007172099,11.939456467586117,3.9921199860175767,-0.062325378380891014,7.94733648156854,7.885011103187649,135.0,-2.587309403452385,mean
289,PCA3,15,HBARUSDT,2026-04-20 15:44:00+00:00,2026-04-20 15:46:00+00:00,2026-04-20 17:31:00+00:00,9931.847964727076,9933.139467213254,9933.139467213254,9932.255263461062,3.547730109188657,3.973078946134863,0.16219068652743796,-0.4253488369462064,-0.26315815041876844,105.0,2.588153372522431,mean
288,PCA3,15,XLMUSDT,2026-04-20 15:29:00+00:00,2026-04-20 15:31:00+00:00,2026-04-20 19:46:00+00:00,9933.132514047695,9900.533704109272,9900.533704109272,10002.957080177312,-48.68666792713404,3.9806981568573168,0.05637748685907577,-52.667366083991354,-52.61098859713228,255.0,2.5250315472680565,timeout
290,PCA3,15,AAVEUSDT,2026-04-20 20:14:00+00:00,2026-04-20 20:16:00+00:00,2026-04-20 22:31:00+00:00,9926.630728344562,9922.175249515487,9922.175249515487,9861.891087339365,63.06133039650229,3.95681326737097,0.0,59.104517129131324,59.104517129131324,135.0,2.7861944039814723,mean
291,PCA3,15,AVAXUSDT,2026-04-20 21:14:00+00:00,2026-04-20 21:16:00+00:00,2026-04-20 23:16:00+00:00,9933.655712821295,9942.04597482805,9942.04597482805,9875.752065426794,21.250636512403233,3.9635596080509687,0.0,17.287076904352265,17.287076904352265,120.0,2.437568891180716,mean
292,PCA3,15,XLMUSDT,2026-04-21 04:59:00+00:00,2026-04-21 05:01:00+00:00,2026-04-21 06:01:00+00:00,9934.26988774791,9938.198976036327,9938.198976036327,9938.54630370083,20.917746587214765,3.975349055947431,0.0,16.942397531267332,16.942397531267332,60.0,2.0239664904326204,mean
294,PCA3,15,SUIUSDT,2026-04-21 09:29:00+00:00,2026-04-21 09:31:00+00:00,2026-04-21 10:01:00+00:00,9928.97215427461,9929.285384501434,9929.285384501434,9942.442930438701,22.807862645879375,3.974345662988027,0.0,18.833516982891346,18.833516982891346,30.0,2.0735154170654897,mean
293,PCA3,15,XLMUSDT,2026-04-21 07:14:00+00:00,2026-04-21 07:16:00+00:00,2026-04-21 11:31:00+00:00,9935.964127501038,9935.046706965297,9935.046706965297,10078.82670881584,-57.7540988055566,4.002774683156227,0.30905283571445663,-61.756873488712834,-61.44782065299838,255.0,3.322257243808532,timeout
295,PCA3,15,BNBUSDT,2026-04-21 10:44:00+00:00,2026-04-21 10:46:00+00:00,2026-04-21 15:01:00+00:00,9929.393768176547,9931.482275968674,9931.482275968674,9823.075462665687,28.795601760782482,3.9509115477268724,0.0,24.84469021305561,24.84469021305561,255.0,2.076566081428556,timeout
296,PCA3,15,AVAXUSDT,2026-04-21 11:29:00+00:00,2026-04-21 11:31:00+00:00,2026-04-21 15:16:00+00:00,9936.077324860285,9942.08423816315,9942.08423816315,9865.141196838444,6.745838961536638,3.9614450870003184,0.0,2.7843938745363195,2.7843938745363195,225.0,2.158293936379745,mean
297,PCA3,15,LINKUSDT,2026-04-21 12:14:00+00:00,2026-04-21 12:16:00+00:00,2026-04-21 16:16:00+00:00,9937.244911657977,9925.142099409257,9925.142099409257,9903.780137573589,-10.831872917941183,3.965784447396569,0.23505428181671345,-14.797657365337752,-14.562603083521038,240.0,3.2140581516302977,mean
299,PCA3,15,XLMUSDT,2026-04-21 15:29:00+00:00,2026-04-21 15:31:00+00:00,2026-04-21 16:46:00+00:00,9934.601632738342,9931.185861617634,9931.185861617634,9971.381025204979,28.85772980709229,3.9805133773645225,-0.36144893292848074,24.877216429727767,24.515767496799285,75.0,-2.48437937866302,mean
298,PCA3,15,SOLUSDT,2026-04-21 15:14:00+00:00,2026-04-21 15:16:00+00:00,2026-04-21 17:01:00+00:00,9933.170734301657,9935.739740633144,9935.739740633144,9887.163691630632,17.435570828206718,3.9645806864527553,-0.11427609439545047,13.470990141753962,13.356714047358512,105.0,2.6573310060573974,mean
300,PCA3,15,ETHUSDT,2026-04-21 19:29:00+00:00,2026-04-21 19:31:00+00:00,2026-04-21 20:46:00+00:00,9936.796593388852,9930.161185922616,9930.161185922616,9904.616373978753,17.220806474474454,3.9669555119802737,0.0,13.25385096249418,13.25385096249418,75.0,2.105471981855288,mean
301,PCA3,15,TRXUSDT,2026-04-21 21:14:00+00:00,2026-04-21 21:16:00+00:00,2026-04-21 22:16:00+00:00,9938.121978485102,9930.699003062,9930.699003062,9917.66619018117,24.02428962522703,3.969673038648634,0.0,20.054616586578398,20.054616586578398,60.0,2.47620993703359,mean
302,PCA3,15,ADAUSDT,2026-04-21 21:29:00+00:00,2026-04-21 21:31:00+00:00,2026-04-21 23:31:00+00:00,9937.893769422168,9938.540854561828,9938.540854561828,9954.960751904953,11.52399320719946,3.9787003212933563,0.0,7.545292885906103,7.545292885906103,120.0,2.068528886480954,mean
303,PCA3,15,LINKUSDT,2026-04-21 22:44:00+00:00,2026-04-21 22:46:00+00:00,2026-04-22 01:31:00+00:00,9939.027279528367,9935.04546551145,9935.04546551145,10007.19544962308,13.291900947713183,3.9884481830269056,-0.2580867940158088,9.303452764686277,9.045365970670469,165.0,-2.2231520356530177,mean
306,PCA3,15,ADAUSDT,2026-04-22 03:14:00+00:00,2026-04-22 03:16:00+00:00,2026-04-22 04:31:00+00:00,9940.023843515508,9934.441591912593,9934.441591912593,9902.07735818011,20.73653096409803,3.96730379001854,0.0,16.76922717407949,16.76922717407949,75.0,2.581839796338169,mean
305,PCA3,15,BTCUSDT,2026-04-22 02:59:00+00:00,2026-04-22 03:01:00+00:00,2026-04-22 05:46:00+00:00,9941.432908608214,9932.062343683101,9932.062343683101,10025.070103293287,10.673689776651395,3.9914264893952778,0.0,6.6822632872561165,6.6822632872561165,165.0,2.509008997439106,mean
304,PCA3,15,LINKUSDT,2026-04-22 02:44:00+00:00,2026-04-22 02:46:00+00:00,2026-04-22 07:01:00+00:00,9941.786506029417,9937.54488791184,9937.54488791184,9988.04387983885,-44.222611557044814,3.9851177535501376,0.0,-48.20772931059495,-48.20772931059495,255.0,-2.249252817699227,timeout
307,PCA3,15,HBARUSDT,2026-04-22 04:59:00+00:00,2026-04-22 05:01:00+00:00,2026-04-22 07:31:00+00:00,9941.696704499434,9938.0639369717,9938.0639369717,9985.21943705087,1.8468314137634385,3.984656674804514,0.0,-2.1378252610410753,-2.1378252610410753,150.0,-2.083688755327329,mean
309,PCA3,15,LINKUSDT,2026-04-22 07:14:00+00:00,2026-04-22 07:16:00+00:00,2026-04-22 09:16:00+00:00,9935.186723711626,9930.793585925387,9930.793585925387,9946.14646440092,0.2914424205050351,3.975388010065261,-0.14273187203021054,-3.683945589560226,-3.8266774615904366,120.0,-2.1246008730386614,mean
308,PCA3,15,BCHUSDT,2026-04-22 05:59:00+00:00,2026-04-22 06:01:00+00:00,2026-04-22 09:46:00+00:00,9939.44547653053,9930.618176558492,9930.618176558492,9994.554342961883,-48.20379610017204,3.985034503904075,0.16672583523128104,-52.18883060407612,-52.022104768844834,225.0,6.7823650975036935,mean
310,PCA3,15,UNIUSDT,2026-04-22 07:59:00+00:00,2026-04-22 08:01:00+00:00,2026-04-22 10:16:00+00:00,9932.64904870632,9933.939117593933,9933.939117593933,9923.256424153758,6.892032095728004,3.9714391083495384,0.0,2.9205929873784657,2.9205929873784657,135.0,2.453828627071587,mean
311,PCA3,15,LTCUSDT,2026-04-22 10:14:00+00:00,2026-04-22 10:16:00+00:00,2026-04-22 11:01:00+00:00,9933.836444805624,9938.818202079274,9938.818202079274,9979.932821152832,21.22790837277695,3.9837502046464213,0.0,17.24415816813053,17.24415816813053,45.0,-3.177233872649961,mean
312,PCA3,15,BCHUSDT,2026-04-22 11:29:00+00:00,2026-04-22 11:31:00+00:00,2026-04-22 15:31:00+00:00,9935.52869651089,9938.534493310708,9938.534493310708,9938.935859067915,-46.418910110201104,3.9754940704757242,0.0,-50.39440418067683,-50.39440418067683,240.0,-2.204554273493347,mean
313,PCA3,15,UNIUSDT,2026-04-22 13:29:00+00:00,2026-04-22 13:31:00+00:00,2026-04-22 16:01:00+00:00,9932.427056844761,9933.306960666747,9933.306960666747,9939.122846981661,11.639648881225305,3.9744859615296813,-0.002255330002022554,7.665162919695623,7.6629075896936,150.0,2.17830458431524,mean
314,PCA3,15,BNBUSDT,2026-04-22 13:44:00+00:00,2026-04-22 13:46:00+00:00,2026-04-22 16:46:00+00:00,9930.73427599267,9942.395948402978,9942.395948402978,9875.439690070112,8.17911281449187,3.963567127694618,0.07460565451259828,4.215545686797252,4.2901513413098495,180.0,5.613577291962677,mean
316,PCA3,15,TRXUSDT,2026-04-22 16:14:00+00:00,2026-04-22 16:16:00+00:00,2026-04-22 18:01:00+00:00,9931.081452128868,9929.740131508952,9929.740131508952,9920.274509665627,8.256136829059718,3.970002928234916,0.0,4.286133900824802,4.286133900824802,105.0,-2.4247583218882443,mean
315,PCA3,15,HBARUSDT,2026-04-22 15:44:00+00:00,2026-04-22 15:46:00+00:00,2026-04-22 19:01:00+00:00,9930.581748817693,9932.66014963469,9932.66014963469,9845.62765769937,5.992609862962209,3.955657561466812,-0.370078751986172,2.0369523014953974,1.6668735495092255,195.0,4.048891476802018,mean
317,PCA3,15,ETHUSDT,2026-04-22 20:14:00+00:00,2026-04-22 20:16:00+00:00,2026-04-22 23:31:00+00:00,9932.279862730957,9929.83503728074,9929.83503728074,9867.982627677698,6.3716182460112805,3.9595635329916874,0.0,2.4120547130195926,2.4120547130195926,195.0,2.1523469313678967,mean
319,PCA3,15,AVAXUSDT,2026-04-23 00:14:00+00:00,2026-04-23 00:16:00+00:00,2026-04-23 01:31:00+00:00,9932.521068202259,9903.085877508158,9903.085877508158,9947.912769806411,15.12330076098022,3.970199729462914,0.0,11.153101031517306,11.153101031517306,75.0,-2.072921702398975,mean
320,PCA3,15,LTCUSDT,2026-04-23 01:44:00+00:00,2026-04-23 01:46:00+00:00,2026-04-23 02:16:00+00:00,9934.213347868807,9931.714885415018,9931.714885415018,9891.836735676576,15.341612460577492,3.964710324218319,0.0,11.376902136359174,11.376902136359174,30.0,2.171718070210558,mean
318,PCA3,15,DOGEUSDT,2026-04-23 00:14:00+00:00,2026-04-23 00:16:00+00:00,2026-04-23 03:31:00+00:00,9932.521068202259,9894.458694970946,9894.458694970946,9848.877370519212,11.386323924990622,3.948667213098032,0.0,7.43765671189259,7.43765671189259,195.0,4.587142550228518,mean
321,PCA3,15,LTCUSDT,2026-04-23 03:14:00+00:00,2026-04-23 03:16:00+00:00,2026-04-23 04:01:00+00:00,9935.462163343378,9938.349479292121,9938.349479292121,9940.661032791735,17.581071872932668,3.9758021024167713,0.0,13.605269770515896,13.605269770515896,45.0,-2.3043144072660655,mean
322,PCA3,15,UNIUSDT,2026-04-23 07:14:00+00:00,2026-04-23 07:16:00+00:00,2026-04-23 10:31:00+00:00,9936.878361167286,9932.362024136462,9932.362024136462,9845.75653847757,-14.13705993819446,3.955623712522806,0.003010194667472853,-18.092683650717266,-18.089673456049795,195.0,-2.1087141333479216,mean
323,PCA3,15,ETHUSDT,2026-04-23 09:29:00+00:00,2026-04-23 09:31:00+00:00,2026-04-23 13:46:00+00:00,9934.592807675803,9936.62317408875,9936.62317408875,9944.56613458288,-16.146990946852537,3.976237861734326,0.0,-20.123228808586862,-20.123228808586862,255.0,-2.0606286965458542,timeout
325,PCA3,15,DOGEUSDT,2026-04-23 12:14:00+00:00,2026-04-23 12:16:00+00:00,2026-04-23 14:01:00+00:00,9935.952307151312,9928.4884964888,9928.4884964888,9894.45935542777,19.602768324719072,3.964589570383314,0.0,15.638178754335758,15.638178754335758,105.0,2.2762237398136005,mean
324,PCA3,15,LTCUSDT,2026-04-23 11:14:00+00:00,2026-04-23 11:16:00+00:00,2026-04-23 14:16:00+00:00,9934.432241223127,9935.843653144775,9935.843653144775,9986.052382017215,8.875164916555612,3.984379207032398,0.0,4.890785709523214,4.890785709523214,180.0,2.3148175095538086,mean
326,PCA3,15,XRPUSDT,2026-04-23 17:14:00+00:00,2026-04-23 17:16:00+00:00,2026-04-23 20:01:00+00:00,9935.109967387209,9930.852941546449,9930.852941546449,9910.478362751674,0.7401622687298317,3.9682662608596244,0.0,-3.228103992129793,-3.228103992129793,165.0,3.879367139407245,mean
327,PCA3,15,DOTUSDT,2026-04-23 17:29:00+00:00,2026-04-23 17:31:00+00:00,2026-04-23 20:01:00+00:00,9934.795055834518,9935.02642486991,9935.02642486991,9928.25099634148,-4.03307897445174,3.972655484242278,0.0,-8.005734458694018,-8.005734458694018,150.0,-2.142712207730187,mean
328,PCA3,15,XLMUSDT,2026-04-23 20:29:00+00:00,2026-04-23 20:31:00+00:00,2026-04-23 22:16:00+00:00,9933.986583542126,9929.237013272896,9929.237013272896,10004.88910719118,10.67913171804144,3.986825224092815,0.0,6.6923064939486245,6.6923064939486245,105.0,-2.0209310387082993,mean
329,PCA3,15,LTCUSDT,2026-04-23 21:14:00+00:00,2026-04-23 21:16:00+00:00,2026-04-24 00:46:00+00:00,9934.250387689075,9939.416047871668,9939.416047871668,9997.978034176787,6.997056782480654,3.9874788164096913,0.17380730846400141,3.009577966070963,3.1833852745349644,210.0,2.341569703038464,mean
330,PCA3,15,ADAUSDT,2026-04-24 00:59:00+00:00,2026-04-24 01:01:00+00:00,2026-04-24 02:31:00+00:00,9934.974152718976,9929.013489537112,9929.013489537112,9896.313944693246,15.733056270251446,3.9650654868460715,0.0,11.767990783405374,11.767990783405374,90.0,2.577051933660196,mean
331,PCA3,15,UNIUSDT,2026-04-24 01:44:00+00:00,2026-04-24 01:46:00+00:00,2026-04-24 04:31:00+00:00,9935.544642104274,9932.074341710764,9932.074341710764,9887.400643617497,4.882545798948256,3.963894997065652,0.0,0.9186508018826041,0.9186508018826041,165.0,-3.7123223729463017,mean
332,PCA3,15,DOGEUSDT,2026-04-24 02:59:00+00:00,2026-04-24 03:01:00+00:00,2026-04-24 05:31:00+00:00,9936.021408539675,9937.042631522823,9937.042631522823,9886.96040797057,-0.2730024060643824,3.9648006078986784,0.0,-4.237803013963061,-4.237803013963061,150.0,2.1631333722306962,mean
335,PCA3,15,BNBUSDT,2026-04-24 07:29:00+00:00,2026-04-24 07:31:00+00:00,2026-04-24 08:01:00+00:00,9933.878153897376,9934.026644503965,9934.026644503965,9917.81006256195,14.977864495114536,3.9703673414131835,-0.02810231003607299,11.007497153701353,10.979394843665279,30.0,2.0940522319981465,mean
334,PCA3,15,DOGEUSDT,2026-04-24 07:14:00+00:00,2026-04-24 07:16:00+00:00,2026-04-24 08:16:00+00:00,9935.890742983385,9932.58070320252,9932.58070320252,9922.801807873653,11.90931860552034,3.971076502215235,0.3334664416831036,7.938242103305106,8.27170854498821,60.0,2.4448451082909197,mean
333,PCA3,15,DOTUSDT,2026-04-24 06:29:00+00:00,2026-04-24 06:31:00+00:00,2026-04-24 08:31:00+00:00,9935.81903657611,9933.350354358901,9933.350354358901,9949.259226608172,12.872898373969655,3.9765219161934144,1.2006882705846234,8.89637645777624,10.097064728360863,120.0,-2.124087464623458,mean
336,PCA3,15,SOLUSDT,2026-04-24 12:14:00+00:00,2026-04-24 12:16:00+00:00,2026-04-24 13:46:00+00:00,9938.753853387812,9939.172649587752,9939.172649587752,9894.40077353737,18.399588872586044,3.9667146846250247,0.0,14.432874187961021,14.432874187961021,90.0,2.4920784096513384,mean
337,PCA3,15,DOTUSDT,2026-04-24 12:44:00+00:00,2026-04-24 12:46:00+00:00,2026-04-24 15:01:00+00:00,9939.62108541657,9942.638130810352,9942.638130810352,9896.63376833055,12.865669585387243,3.9678543798281805,0.0,8.897815205559063,8.897815205559063,135.0,2.0433415912727244,mean
339,PCA3,15,XRPUSDT,2026-04-24 15:59:00+00:00,2026-04-24 16:01:00+00:00,2026-04-24 17:01:00+00:00,9941.893227476501,9941.709379066182,9941.709379066182,9910.107651891562,18.207724849767676,3.9703634061915487,0.0,14.237361443576127,14.237361443576127,60.0,2.5559991840771983,mean
338,PCA3,15,LTCUSDT,2026-04-24 15:44:00+00:00,2026-04-24 15:46:00+00:00,2026-04-24 18:01:00+00:00,9941.086922327164,9944.293092270198,9944.293092270198,9927.554404785344,6.118427830013456,3.9743694994111083,0.32619433020231825,2.1440583306023475,2.4702526608046655,135.0,2.208420190818105,mean
340,PCA3,15,TRXUSDT,2026-04-24 16:14:00+00:00,2026-04-24 16:16:00+00:00,2026-04-24 19:01:00+00:00,9942.371546763352,9934.586057399842,9934.586057399842,9951.77961618382,3.7073366678382023,3.9772731347167323,0.0,-0.26993646687853,-0.26993646687853,165.0,-3.4027162588719917,mean
341,PCA3,15,BTCUSDT,2026-04-24 17:14:00+00:00,2026-04-24 17:16:00+00:00,2026-04-24 20:16:00+00:00,9942.855542510682,9939.123840919627,9939.123840919627,9925.21686670402,-0.24348447151912733,3.9728681415247293,0.0,-4.216352613043856,-4.216352613043856,180.0,-2.1826459894056947,mean
342,PCA3,15,LINKUSDT,2026-04-24 18:14:00+00:00,2026-04-24 18:16:00+00:00,2026-04-24 21:01:00+00:00,9943.611457608378,9939.115284534775,9939.115284534775,9992.448353102242,-7.117641019105212,3.9863127275274026,0.0,-11.103953746632614,-11.103953746632614,165.0,2.1602238436409373,mean
343,PCA3,15,HBARUSDT,2026-04-24 20:44:00+00:00,2026-04-24 20:46:00+00:00,2026-04-24 22:01:00+00:00,9941.558703392691,9945.442687761693,9945.442687761693,9909.995114485786,17.683763871085276,3.9710875604494955,0.0,13.71267631063578,13.71267631063578,75.0,2.1900111099969566,mean
344,PCA3,15,DOGEUSDT,2026-04-24 21:14:00+00:00,2026-04-24 21:16:00+00:00,2026-04-24 22:16:00+00:00,9941.632562927989,9948.042368413377,9948.042368413377,9905.866482446085,29.713943527539314,3.970781770171892,0.0,25.74316175736742,25.74316175736742,60.0,3.2288624091178657,mean
345,PCA3,15,DOGEUSDT,2026-04-25 01:29:00+00:00,2026-04-25 01:31:00+00:00,2026-04-25 01:46:00+00:00,9945.14424326175,9941.308627418282,9941.308627418282,9944.3475578365,17.481405037778583,3.977131237050956,0.0,13.504273800727626,13.504273800727626,15.0,2.162087991785738,mean
346,PCA3,15,FILUSDT,2026-04-25 03:14:00+00:00,2026-04-25 03:16:00+00:00,2026-04-25 06:01:00+00:00,9946.494670641823,9934.829538207341,9934.829538207341,9962.705666090285,-6.537101536865017,3.9795070408595254,0.0,-10.516608577724543,-10.516608577724543,165.0,2.3092217852661445,mean
347,PCA3,15,SUIUSDT,2026-04-25 05:14:00+00:00,2026-04-25 05:16:00+00:00,2026-04-25 06:01:00+00:00,9946.408890226907,9941.005580795882,9941.005580795882,9986.459133539038,20.462697866493063,3.9854929428669843,0.0,16.47720492362608,16.47720492362608,45.0,-2.5511737726187493,mean
348,PCA3,15,ADAUSDT,2026-04-25 09:44:00+00:00,2026-04-25 09:46:00+00:00,2026-04-25 12:01:00+00:00,9947.090730276415,9950.617135278084,9950.617135278084,9881.31037634046,8.177235094230372,3.9663855023237087,0.0,4.210849591906664,4.210849591906664,135.0,2.1656920386779377,mean
350,PCA3,15,DOGEUSDT,2026-04-25 15:29:00+00:00,2026-04-25 15:31:00+00:00,2026-04-25 16:31:00+00:00,9944.913413536786,9945.264380850344,9945.264380850344,9895.587421954466,12.838572908823576,3.9681703605609617,0.1714063811054222,8.870402548262614,9.041808929368036,60.0,2.4707725313907525,mean
351,PCA3,15,ADAUSDT,2026-04-25 15:29:00+00:00,2026-04-25 15:31:00+00:00,2026-04-25 16:31:00+00:00,9944.913413536786,9945.313496642953,9945.313496642953,9917.751863156904,14.612304708692669,3.9726130719599713,-0.18542508250354395,10.639691636732698,10.454266554229154,60.0,-2.264789522664848,mean
349,PCA3,15,BNBUSDT,2026-04-25 12:59:00+00:00,2026-04-25 13:01:00+00:00,2026-04-25 17:01:00+00:00,9947.511815235606,9950.760538158811,9950.760538158811,9906.705826635303,-11.962646113635703,3.9714932729588233,-0.11074457662225227,-15.934139386594525,-16.044883963216776,240.0,-2.4081505268422703,mean
352,PCA3,15,LTCUSDT,2026-04-25 18:59:00+00:00,2026-04-25 19:01:00+00:00,2026-04-25 22:46:00+00:00,9947.856934387642,9949.437665411719,9949.437665411719,9972.349578990432,-14.02672517715662,3.98435744888043,0.0,-18.011082626037048,-18.011082626037048,225.0,-2.0541206875814013,mean
354,PCA3,15,FILUSDT,2026-04-26 04:29:00+00:00,2026-04-26 04:31:00+00:00,2026-04-26 06:01:00+00:00,9945.655125000898,9932.402601547574,9932.402601547574,10026.363981374572,7.629618518866635,3.99175331658443,0.0,3.6378652022822053,3.6378652022822053,90.0,2.2105122811803835,mean
353,PCA3,15,HBARUSDT,2026-04-26 04:14:00+00:00,2026-04-26 04:16:00+00:00,2026-04-26 06:46:00+00:00,9946.055826125039,9946.623371807116,9946.623371807116,10030.736486894573,6.537066427630346,3.9954719717403377,0.0,2.5415944558900083,2.5415944558900083,150.0,2.013586637186272,mean
355,PCA3,15,FILUSDT,2026-04-26 09:14:00+00:00,2026-04-26 09:16:00+00:00,2026-04-26 11:46:00+00:00,9946.673772090857,9954.15469833934,9954.15469833934,9991.555709358856,5.671018330413498,3.9891420815396392,0.0,1.6818762488738586,1.6818762488738586,150.0,-2.3110011254350162,mean
356,PCA3,15,ADAUSDT,2026-04-26 09:29:00+00:00,2026-04-26 09:31:00+00:00,2026-04-26 13:46:00+00:00,9945.73984999066,9940.5659391507,9940.5659391507,9926.717780882545,-6.040197751832559,3.973456744006649,0.0,-10.013654495839209,-10.013654495839209,255.0,2.3532074240794696,timeout
358,PCA3,15,XLMUSDT,2026-04-26 12:59:00+00:00,2026-04-26 13:01:00+00:00,2026-04-26 14:01:00+00:00,9944.87453445207,9944.621681841265,9944.621681841265,9903.192823239284,22.29548107575908,3.9695629010161095,0.0,18.32591817474297,18.32591817474297,60.0,2.1352506774207787,mean
359,PCA3,15,FILUSDT,2026-04-26 13:59:00+00:00,2026-04-26 14:01:00+00:00,2026-04-26 15:46:00+00:00,9948.15073014704,9946.037004261229,9946.037004261229,9992.15733556569,18.3129992885224,3.9876388679653836,0.0,14.325360420557017,14.325360420557017,105.0,-2.6715167676131313,mean
357,PCA3,15,NEARUSDT,2026-04-26 11:59:00+00:00,2026-04-26 12:01:00+00:00,2026-04-26 16:16:00+00:00,9945.694065957274,9953.878655152062,9953.878655152062,9887.596968976102,-26.31472828703976,3.968295124825633,-0.1669989706400635,-30.283023411865393,-30.450022382505455,255.0,-2.311947331793186,timeout
360,PCA3,15,ETHUSDT,2026-04-26 14:29:00+00:00,2026-04-26 14:31:00+00:00,2026-04-26 17:31:00+00:00,9946.550046850258,9945.965726899609,9945.965726899609,9927.158419745489,5.539138205895747,3.9746248293290196,-0.07977171368587758,1.5645133765667276,1.48474166288085,180.0,2.733524427357448,mean
361,PCA3,15,AVAXUSDT,2026-04-26 18:14:00+00:00,2026-04-26 18:16:00+00:00,2026-04-26 18:31:00+00:00,9946.209194053727,9948.852502414775,9948.852502414775,9986.273527831992,35.734927856658175,3.9870252060493536,0.0,31.74790265060882,31.74790265060882,15.0,-2.6001348344018425,mean
362,PCA3,15,NEARUSDT,2026-04-26 18:14:00+00:00,2026-04-26 18:16:00+00:00,2026-04-26 19:31:00+00:00,9946.209194053727,9957.186155420488,9957.186155420488,9964.17793816398,0.6040736402348195,3.9842728187168936,0.0,-3.380199178482074,-3.380199178482074,75.0,-2.13565868594261,mean
363,PCA3,15,ETHUSDT,2026-04-26 18:14:00+00:00,2026-04-26 18:16:00+00:00,2026-04-26 21:31:00+00:00,9946.209194053727,9952.651667035492,9952.651667035492,9954.427456066609,1.0593071959884601,3.98141582462042,0.0,-2.9221086286319604,-2.9221086286319604,195.0,2.0193846323962736,mean
364,PCA3,15,DOGEUSDT,2026-04-26 21:14:00+00:00,2026-04-26 21:16:00+00:00,2026-04-26 21:31:00+00:00,9948.700453166342,9971.846520327885,9971.846520327885,9966.209838124989,3.8738845381080687,3.987611271690575,0.0,-0.11372673358250629,-0.11372673358250629,15.0,-2.2796028784951248,mean
365,PCA3,15,BTCUSDT,2026-04-27 00:59:00+00:00,2026-04-27 01:01:00+00:00,2026-04-27 01:46:00+00:00,9948.742380864716,9969.802827650734,9969.802827650734,9942.866059163907,10.25967937206186,3.9825337773629284,0.0,6.277145594698933,6.277145594698933,45.0,2.9695010230281755,mean
366,PCA3,15,DOGEUSDT,2026-04-27 03:14:00+00:00,2026-04-27 03:16:00+00:00,2026-04-27 03:46:00+00:00,9949.370095424187,9942.15614695252,9942.15614695252,9939.460995010188,15.040385168424336,3.9763234283925417,0.0,11.064061740031795,11.064061740031795,30.0,2.3618884804338967,mean
368,PCA3,15,AAVEUSDT,2026-04-27 03:44:00+00:00,2026-04-27 03:46:00+00:00,2026-04-27 05:16:00+00:00,9950.652589655647,9941.715724179092,9941.715724179092,9716.040929144096,79.08946203983491,3.9315513306646377,0.0,75.15791070917027,75.15791070917027,90.0,2.5521039218318795,mean
367,PCA3,15,UNIUSDT,2026-04-27 03:44:00+00:00,2026-04-27 03:46:00+00:00,2026-04-27 05:31:00+00:00,9950.652589655647,9942.265913342555,9942.265913342555,9698.48830960521,31.970516297809485,3.9281508445895534,0.0,28.042365453219933,28.042365453219933,105.0,3.1417510150106813,mean
369,PCA3,15,ADAUSDT,2026-04-27 03:59:00+00:00,2026-04-27 04:01:00+00:00,2026-04-27 05:31:00+00:00,9951.218772784627,9947.180377093326,9947.180377093326,9751.612721738105,-2.6520482611959504,3.939758619766286,0.0,-6.5918068809622365,-6.5918068809622365,90.0,-2.396900202977701,mean
371,PCA3,15,ETHUSDT,2026-04-27 05:44:00+00:00,2026-04-27 05:46:00+00:00,2026-04-27 07:46:00+00:00,9960.3402241662,9950.039832316925,9950.039832316925,9923.05169691403,9.320242518317006,3.974618305846191,0.0,5.345624212470814,5.345624212470814,120.0,-3.2826903251766155,mean
370,PCA3,15,LTCUSDT,2026-04-27 05:29:00+00:00,2026-04-27 05:31:00+00:00,2026-04-27 08:46:00+00:00,9961.146953645757,9954.066769898327,9954.066769898327,9908.617451920722,13.171974113405206,3.97253684436381,-0.1022080293923189,9.199437269041395,9.097229239649076,195.0,-2.4821993191548994,mean
372,PCA3,15,LINKUSDT,2026-04-27 06:44:00+00:00,2026-04-27 06:46:00+00:00,2026-04-27 09:01:00+00:00,9961.244807632185,9961.37526537761,9961.37526537761,9973.916880033932,0.7847806558983769,3.9870584290823086,0.07989788029135386,-3.2022777731839316,-3.1223798928925777,135.0,2.062814432861745,mean
373,PCA3,15,FILUSDT,2026-04-27 08:44:00+00:00,2026-04-27 08:46:00+00:00,2026-04-27 09:46:00+00:00,9961.31606008693,9962.659804254583,9962.659804254583,10016.582521075696,15.592160873146014,3.9958484650660555,0.0,11.596312408079958,11.596312408079958,60.0,-2.0415062544618268,mean
376,PCA3,15,BCHUSDT,2026-04-27 13:59:00+00:00,2026-04-27 14:01:00+00:00,2026-04-27 16:31:00+00:00,9958.826140482322,9964.135452678302,9964.135452678302,9881.455205088121,-13.119692775024633,3.9691181315532846,0.1406082433312867,-17.08881090657792,-16.948202663246633,150.0,2.865994228765491,mean
374,PCA3,15,XRPUSDT,2026-04-27 13:14:00+00:00,2026-04-27 13:16:00+00:00,2026-04-27 17:01:00+00:00,9962.429027123064,9965.936906978519,9965.936906978519,9846.411410786066,-23.938465721520224,3.962469663552917,0.11695984560692511,-27.90093538507314,-27.783975539466216,225.0,-2.0450121414761138,mean
375,PCA3,15,LTCUSDT,2026-04-27 13:29:00+00:00,2026-04-27 13:31:00+00:00,2026-04-27 17:46:00+00:00,9961.30991891843,9960.746815697406,9960.746815697406,9898.214812652985,-14.184822060996163,3.9717923256700782,0.4851338698232539,-18.15661438666624,-17.671480516842987,255.0,2.807981778725238,timeout
377,PCA3,15,SUIUSDT,2026-04-27 16:44:00+00:00,2026-04-27 16:46:00+00:00,2026-04-27 19:16:00+00:00,9955.155042811723,9955.995748192083,9955.995748192083,9989.775394613087,-0.6638016224501582,3.9891542285610337,0.0,-4.652955851011192,-4.652955851011192,150.0,2.705757500627756,mean
378,PCA3,15,BTCUSDT,2026-04-27 17:14:00+00:00,2026-04-27 17:16:00+00:00,2026-04-27 19:46:00+00:00,9955.803227290266,9953.842216896432,9953.842216896432,9968.282088007143,2.4688027158710106,3.984424860980715,0.0,-1.5156221451097043,-1.5156221451097043,150.0,-2.148119325749825,mean
379,PCA3,15,NEARUSDT,2026-04-27 19:14:00+00:00,2026-04-27 19:16:00+00:00,2026-04-27 21:01:00+00:00,9955.551967640136,9952.283971737595,9952.283971737595,9949.685117558804,9.311825919470119,3.9803938178592793,0.0,5.331432101610838,5.331432101610838,105.0,-2.0828995901287533,mean
380,PCA3,15,XLMUSDT,2026-04-27 22:14:00+00:00,2026-04-27 22:16:00+00:00,2026-04-27 22:31:00+00:00,9956.104946661657,9908.162570351691,9908.162570351691,9937.292084639554,3.6889269121197583,3.9690909309982487,0.0,-0.28016401887849063,-0.28016401887849063,15.0,2.2286992422681084,mean
381,PCA3,15,AAVEUSDT,2026-04-27 22:59:00+00:00,2026-04-27 23:01:00+00:00,2026-04-28 00:01:00+00:00,9956.07693025977,9911.411928992695,9911.411928992695,9949.47591066643,-14.828948482937635,3.9721775679318254,-0.034189391214905746,-18.80112605086946,-18.835315442084365,60.0,2.220012935107243,mean
382,PCA3,15,DOGEUSDT,2026-04-28 01:14:00+00:00,2026-04-28 01:16:00+00:00,2026-04-28 05:31:00+00:00,9954.193398715559,9949.574287127274,9949.574287127274,9983.162237348633,-50.41996312210051,3.986547304895182,0.0,-54.406510426995695,-54.406510426995695,255.0,2.265652540484225,timeout
383,PCA3,15,FILUSDT,2026-04-28 04:29:00+00:00,2026-04-28 04:31:00+00:00,2026-04-28 06:31:00+00:00,9950.070432787943,9940.17405317869,9940.17405317869,9959.59643719384,-9.68962395482426,3.979954098074506,0.0,-13.669578052898766,-13.669578052898766,120.0,2.085636428279417,mean
384,PCA3,15,DOGEUSDT,2026-04-28 05:44:00+00:00,2026-04-28 05:46:00+00:00,2026-04-28 06:46:00+00:00,9946.908754984717,9948.92122816265,9948.92122816265,9893.921558868366,11.142537355162407,3.968568557406203,0.0,7.1739687977562046,7.1739687977562046,60.0,2.740320474708427,mean
385,PCA3,15,SUIUSDT,2026-04-28 07:29:00+00:00,2026-04-28 07:31:00+00:00,2026-04-28 09:01:00+00:00,9948.103186747348,9952.144273866561,9952.144273866561,9986.639514054463,15.516884328482268,3.9877567575842043,0.13718471772095178,11.529127570898064,11.666312288619016,90.0,-2.5706797812203677,mean
388,PCA3,15,AVAXUSDT,2026-04-28 10:59:00+00:00,2026-04-28 11:01:00+00:00,2026-04-28 11:16:00+00:00,9949.148227735528,9952.193599525785,9952.193599525785,9898.363532141766,23.725859058364083,3.97011142633351,0.0,19.755747632030573,19.755747632030573,15.0,2.458953042492994,mean
387,PCA3,15,UNIUSDT,2026-04-28 10:44:00+00:00,2026-04-28 10:46:00+00:00,2026-04-28 13:16:00+00:00,9949.26981797621,9948.397544165333,9948.397544165333,9861.560427440396,23.915422992795392,3.9619915943211454,0.0,19.953431398474248,19.953431398474248,150.0,2.177107005714462,mean
386,PCA3,15,XLMUSDT,2026-04-28 10:44:00+00:00,2026-04-28 10:46:00+00:00,2026-04-28 13:46:00+00:00,9949.26981797621,9946.654310988666,9946.654310988666,9941.244656049268,2.484485610611653,3.977579793407587,0.0,-1.4930941827959339,-1.4930941827959339,180.0,-2.4525265899402533,mean
390,PCA3,15,FILUSDT,2026-04-28 13:44:00+00:00,2026-04-28 13:46:00+00:00,2026-04-28 15:01:00+00:00,9952.356466858997,9965.931984510516,9965.931984510516,9953.417436033465,14.996464900810636,3.9838698841087967,0.0,11.01259501670184,11.01259501670184,75.0,-2.3023996420944903,mean
389,PCA3,15,AVAXUSDT,2026-04-28 11:59:00+00:00,2026-04-28 12:01:00+00:00,2026-04-28 15:16:00+00:00,9950.75564249425,9948.64727488981,9948.64727488981,9950.616242383396,2.7121434211930255,3.9798527034546414,0.0,-1.2677092822616158,-1.2677092822616158,195.0,2.026199753796865,mean
391,PCA3,15,DOTUSDT,2026-04-28 13:59:00+00:00,2026-04-28 14:01:00+00:00,2026-04-28 16:46:00+00:00,9951.38519041074,9939.894399275687,9939.894399275687,9924.0961902697,0.8513103530075403,3.9727981179090777,-0.2195732198198502,-3.1214877649015373,-3.3410609847213877,165.0,2.8186732240950696,mean
392,PCA3,15,XRPUSDT,2026-04-28 15:14:00+00:00,2026-04-28 15:16:00+00:00,2026-04-28 17:16:00+00:00,9954.220175394337,9947.742714092688,9947.742714092688,9974.189496391364,6.799245593491482,3.9843864420968105,-0.012752352126244064,2.8148591513946712,2.802106799268427,120.0,-2.7362366870839385,mean
394,PCA3,15,DOGEUSDT,2026-04-28 16:59:00+00:00,2026-04-28 17:01:00+00:00,2026-04-28 17:46:00+00:00,9954.641090904706,9955.168198768182,9955.168198768182,9948.345757464305,14.728484514525986,3.9807027912464976,0.0,10.747781723279488,10.747781723279488,45.0,2.6086326608212715,mean
393,PCA3,15,NEARUSDT,2026-04-28 15:44:00+00:00,2026-04-28 15:46:00+00:00,2026-04-28 18:31:00+00:00,9953.886949129737,9959.049898107587,9959.049898107587,10027.14139546244,32.029931445280134,3.997238258714005,-0.3972283228012101,28.032693186566128,27.635464863764916,165.0,-5.370037471627273,mean
395,PCA3,15,AVAXUSDT,2026-04-28 18:29:00+00:00,2026-04-28 18:31:00+00:00,2026-04-28 21:01:00+00:00,9958.642767005706,9959.695589114828,9959.695589114828,9972.409040507337,1.3944410604531439,3.986420925924433,0.0,-2.591979865471289,-2.591979865471289,150.0,-2.1879213306341065,mean
396,PCA3,15,UNIUSDT,2026-04-28 19:59:00+00:00,2026-04-28 20:01:00+00:00,2026-04-28 21:16:00+00:00,9957.686065017231,9961.324386579927,9961.324386579927,9935.470355416308,19.823427850220174,3.979358948399247,0.0,15.844068901820927,15.844068901820927,75.0,2.1879011749385286,mean
397,PCA3,15,BCHUSDT,2026-04-28 20:14:00+00:00,2026-04-28 20:16:00+00:00,2026-04-28 21:46:00+00:00,9957.333609809946,9960.641019266173,9960.641019266173,9912.677944278772,29.34132357133308,3.974663792708989,0.0,25.366659778624093,25.366659778624093,90.0,3.076045711555811,mean
398,PCA3,15,ADAUSDT,2026-04-28 21:44:00+00:00,2026-04-28 21:46:00+00:00,2026-04-28 22:16:00+00:00,9961.991948379653,9959.313457827686,9959.313457827686,9954.124756225903,17.625666761755436,3.982687642810718,0.0,13.64297911894472,13.64297911894472,30.0,2.123233571801897,mean
399,PCA3,15,LTCUSDT,2026-04-28 23:59:00+00:00,2026-04-29 00:01:00+00:00,2026-04-29 02:01:00+00:00,9963.076517067975,9959.724531169793,9959.724531169793,9970.259107066875,12.323600231268724,3.9859967276473336,0.0,8.33760350362139,8.33760350362139,120.0,2.2756321262080923,mean
402,PCA3,15,XLMUSDT,2026-04-29 03:44:00+00:00,2026-04-29 03:46:00+00:00,2026-04-29 04:46:00+00:00,9963.910277418338,9962.162723805575,9962.162723805575,10052.112190636753,32.19625275462397,4.002854982888466,0.0,28.193397771735505,28.193397771735505,60.0,-2.319275980823879,mean
401,PCA3,15,FILUSDT,2026-04-29 03:44:00+00:00,2026-04-29 03:46:00+00:00,2026-04-29 06:31:00+00:00,9963.910277418338,9969.239547180923,9969.239547180923,10021.239000252437,-3.925240835831173,3.9980957094866723,0.0,-7.923336545317845,-7.923336545317845,165.0,2.909556422781809,mean
403,PCA3,15,ADAUSDT,2026-04-29 04:59:00+00:00,2026-04-29 05:01:00+00:00,2026-04-29 07:01:00+00:00,9963.955198600852,9967.100330586702,9967.100330586702,9938.045747307007,6.211742955367309,3.981029215578742,0.0,2.230713739788567,2.230713739788567,120.0,-2.875469964226319,mean
400,PCA3,15,DOGEUSDT,2026-04-29 03:44:00+00:00,2026-04-29 03:46:00+00:00,2026-04-29 08:01:00+00:00,9963.910277418338,9955.827429816622,9955.827429816622,10134.793059075593,-159.1501984839062,4.018124097778443,-0.04590050922803097,-163.16832258168466,-163.2142230909127,255.0,3.971705911953743,timeout
404,PCA3,15,LINKUSDT,2026-04-29 07:44:00+00:00,2026-04-29 07:46:00+00:00,2026-04-29 12:01:00+00:00,9952.963033059346,9949.56474401922,9949.56474401922,9994.940139323084,-11.213128108978639,3.988900976668461,-0.22064791021811703,-15.2020290856471,-15.422676995865217,255.0,-2.607423758328257,timeout
405,PCA3,15,BNBUSDT,2026-04-29 07:59:00+00:00,2026-04-29 08:01:00+00:00,2026-04-29 12:16:00+00:00,9950.03324424466,9952.707684145042,9952.707684145042,9944.82293191418,-9.85627679482509,3.979506123211844,0.0,-13.835782918036934,-13.835782918036934,255.0,-2.2641953995403963,timeout
406,PCA3,15,DOGEUSDT,2026-04-29 08:14:00+00:00,2026-04-29 08:16:00+00:00,2026-04-29 12:31:00+00:00,9948.930340170613,9931.791007765607,9931.791007765607,9997.10230475064,-100.47817415066291,3.9857786625032494,0.0,-104.46395281316616,-104.46395281316616,255.0,10.939249397298372,timeout
409,PCA3,15,FILUSDT,2026-04-29 12:44:00+00:00,2026-04-29 12:46:00+00:00,2026-04-29 13:16:00+00:00,9936.09068676536,9922.361743391722,9922.361743391722,9906.723877082832,19.813295829939445,3.9658171240949107,0.0,15.847478705844534,15.847478705844534,30.0,2.584204203229162,mean
407,PCA3,15,BTCUSDT,2026-04-29 12:14:00+00:00,2026-04-29 12:16:00+00:00,2026-04-29 13:46:00+00:00,9937.675551036094,9949.672487195148,9949.672487195148,9846.86223112576,11.581868515509463,3.959306943664182,0.0,7.62256157184528,7.62256157184528,90.0,2.664620592970429,mean
408,PCA3,15,LTCUSDT,2026-04-29 12:29:00+00:00,2026-04-29 12:31:00+00:00,2026-04-29 16:46:00+00:00,9935.978384207761,9928.173254577447,9928.173254577447,9724.484469208948,24.80532217563705,3.930531544757279,0.2021315203846166,20.87479063087977,21.076922151264384,255.0,2.0933336048386346,timeout
410,PCA3,15,SUIUSDT,2026-04-29 13:44:00+00:00,2026-04-29 13:46:00+00:00,2026-04-29 17:46:00+00:00,9940.071706183273,9927.066674041087,9927.066674041087,9837.107159163486,-2.9320391350873463,3.9528347666409145,-0.3714633545140029,-6.884873901728261,-7.256337256242263,240.0,2.997179638109778,mean
411,PCA3,15,DOGEUSDT,2026-04-29 13:59:00+00:00,2026-04-29 14:01:00+00:00,2026-04-29 17:46:00+00:00,9939.637127487378,9933.250934458778,9933.250934458778,9769.223123699234,-67.96431564273408,3.940494811631602,-0.4704236078723926,-71.90481045436567,-72.37523406223806,225.0,-2.099478190999285,mean
412,PCA3,15,FILUSDT,2026-04-29 16:59:00+00:00,2026-04-29 17:01:00+00:00,2026-04-29 19:16:00+00:00,9929.51263591992,9949.832360732466,9949.832360732466,9896.713076422675,7.42846749289791,3.9693090874310286,0.0,3.459158405466882,3.459158405466882,135.0,-6.097998116004062,mean
413,PCA3,15,XLMUSDT,2026-04-29 18:14:00+00:00,2026-04-29 18:16:00+00:00,2026-04-29 19:46:00+00:00,9932.95286201159,9919.887141457926,9919.887141457926,9943.858237240034,22.231249975381438,3.972749075739592,0.0,18.258500899641845,18.258500899641845,90.0,2.527506017458296,mean
414,PCA3,15,XRPUSDT,2026-04-29 18:14:00+00:00,2026-04-29 18:16:00+00:00,2026-04-29 19:46:00+00:00,9932.95286201159,9925.093525684559,9925.093525684559,9946.792751546305,11.059257221694576,3.9743772554461727,0.0,7.084879966248403,7.084879966248403,90.0,2.3817358072857338,mean
416,PCA3,15,SUIUSDT,2026-04-29 19:59:00+00:00,2026-04-29 20:01:00+00:00,2026-04-29 20:46:00+00:00,9936.041225172985,9943.539758970222,9943.539758970222,9987.48596497386,7.551825340623591,3.9862051447888165,0.0,3.5656201958347746,3.5656201958347746,45.0,2.2295332116350637,mean
415,PCA3,15,ETHUSDT,2026-04-29 19:29:00+00:00,2026-04-29 19:31:00+00:00,2026-04-29 22:16:00+00:00,9934.79447673155,9921.135006365006,9921.135006365006,10019.10544082536,12.999947617775042,3.9880480894380734,0.0,9.011899528336969,9.011899528336969,165.0,-3.043401562221185,mean
417,PCA3,15,FILUSDT,2026-04-29 22:29:00+00:00,2026-04-29 22:31:00+00:00,2026-04-29 23:46:00+00:00,9937.096236343757,9943.098603432934,9943.098603432934,9941.058565255351,23.657619554706894,3.976831433737657,0.0,19.68078812096924,19.68078812096924,75.0,2.481251634289807,mean
419,PCA3,15,BTCUSDT,2026-04-29 23:29:00+00:00,2026-04-29 23:31:00+00:00,2026-04-30 01:31:00+00:00,9938.521222498453,9940.899273182542,9940.899273182542,10023.229317452573,-1.5710886380324067,3.992825718127023,0.15047264176385924,-5.5639143561594295,-5.41344171439557,120.0,-2.0373295821282524,mean
418,PCA3,15,AVAXUSDT,2026-04-29 22:29:00+00:00,2026-04-29 22:31:00+00:00,2026-04-30 02:01:00+00:00,9937.096236343757,9939.131703392912,9939.131703392912,10040.936880160736,1.964158094796364,3.9960137167107295,0.3917503958069004,-2.0318556219143655,-1.6401052261074651,210.0,-2.096313158319604,mean
420,PCA3,15,DOGEUSDT,2026-04-30 00:29:00+00:00,2026-04-30 00:31:00+00:00,2026-04-30 02:46:00+00:00,9937.64494278972,9969.400178736312,9969.400178736312,9901.050698837316,17.777676667585926,3.9740901755147253,0.0,13.8035864920712,13.8035864920712,135.0,3.418456540064218,mean
421,PCA3,15,AAVEUSDT,2026-04-30 01:44:00+00:00,2026-04-30 01:46:00+00:00,2026-04-30 04:01:00+00:00,9934.830437279736,9931.715755799338,9931.715755799338,9870.273894401664,-7.8461191198352225,3.9603979300402,0.0,-11.806517049875422,-11.806517049875422,135.0,-2.1011492486541723,mean
422,PCA3,15,FILUSDT,2026-04-30 02:14:00+00:00,2026-04-30 02:16:00+00:00,2026-04-30 04:01:00+00:00,9936.88487501121,9931.87242842891,9931.87242842891,9830.45637649892,31.835665669652837,3.952465760985566,0.0,27.88319990866727,27.88319990866727,105.0,2.579629782027911,mean
423,PCA3,15,ADAUSDT,2026-04-30 02:59:00+00:00,2026-04-30 03:01:00+00:00,2026-04-30 06:31:00+00:00,9939.434891667648,9939.870575457193,9939.870575457193,9904.75465757779,5.124823893034823,3.968925046606997,0.0,1.1558988464278264,1.1558988464278264,210.0,5.173898098886294,mean
424,PCA3,15,BCHUSDT,2026-04-30 05:59:00+00:00,2026-04-30 06:01:00+00:00,2026-04-30 07:46:00+00:00,9941.430508616811,9935.92624908041,9935.92624908041,10001.426389322667,4.38175945215649,3.9874705276806157,0.0,0.3942889244758745,0.3942889244758745,105.0,-2.2735942000727367,mean
425,PCA3,15,TRXUSDT,2026-04-30 10:14:00+00:00,2026-04-30 10:16:00+00:00,2026-04-30 12:01:00+00:00,9941.50200617398,9944.847467212669,9944.847467212669,9932.568498252527,2.051233894856647,3.975483193093039,0.0,-1.9242492982363923,-1.9242492982363923,105.0,2.693008437499457,mean
427,PCA3,15,UNIUSDT,2026-04-30 11:29:00+00:00,2026-04-30 11:31:00+00:00,2026-04-30 12:16:00+00:00,9941.727620004274,9935.620861898175,9935.620861898175,9925.27919401149,11.29093806296804,3.9721800111819325,0.0,7.318758051786107,7.318758051786107,45.0,2.2233562192564165,mean
426,PCA3,15,XLMUSDT,2026-04-30 11:14:00+00:00,2026-04-30 11:16:00+00:00,2026-04-30 12:46:00+00:00,9942.359423176596,9945.577165305807,9945.577165305807,9959.914477636388,21.799286164339566,3.9810983285884394,0.0,17.818187835751125,17.818187835751125,90.0,-2.3485247604149664,mean
429,PCA3,15,BCHUSDT,2026-04-30 13:14:00+00:00,2026-04-30 13:16:00+00:00,2026-04-30 15:31:00+00:00,9943.218956829045,9945.32624487885,9945.32624487885,9979.677146691136,20.408462853415635,3.9850006783139973,0.0,16.423462175101637,16.423462175101637,135.0,-3.331454026926951,mean
428,PCA3,15,BTCUSDT,2026-04-30 12:59:00+00:00,2026-04-30 13:01:00+00:00,2026-04-30 16:01:00+00:00,9943.823275832912,9947.312828560134,9947.312828560134,9955.500254007762,-1.7767758603049755,3.9805626165135797,-0.13742648442949038,-5.757338476818555,-5.894764961248046,180.0,2.188597317264478,mean
431,PCA3,15,ADAUSDT,2026-04-30 15:44:00+00:00,2026-04-30 15:46:00+00:00,2026-04-30 17:31:00+00:00,9942.94240768713,9935.713121487395,9935.713121487395,9917.539396408007,12.745607438651168,3.9706505035790807,-0.025828651985907718,8.774956935072087,8.74912828308618,105.0,3.394693476696053,mean
430,PCA3,15,NEARUSDT,2026-04-30 14:44:00+00:00,2026-04-30 14:46:00+00:00,2026-04-30 19:01:00+00:00,9944.1302148822,9952.984488818402,9952.984488818402,9913.917680544111,-30.76683308476571,3.9733804338725025,-0.2161053593551516,-34.74021351863821,-34.95631887799336,255.0,-2.113250049073781,timeout
432,PCA3,15,BNBUSDT,2026-04-30 18:14:00+00:00,2026-04-30 18:16:00+00:00,2026-04-30 20:31:00+00:00,9943.531360278577,9948.896910694684,9948.896910694684,9953.910121813007,2.6930309225995717,3.9805614065015384,0.0,-1.2875304839019668,-1.2875304839019668,135.0,2.2859987848880663,mean
433,PCA3,15,HBARUSDT,2026-04-30 20:14:00+00:00,2026-04-30 20:16:00+00:00,2026-04-30 22:31:00+00:00,9942.029631049842,9938.622760284159,9938.622760284159,9934.791905044607,6.841506707418836,3.9746829330657536,0.0,2.866823774353082,2.866823774353082,135.0,-2.150954624352899,mean
434,PCA3,15,ADAUSDT,2026-04-30 21:14:00+00:00,2026-04-30 21:16:00+00:00,2026-04-30 23:16:00+00:00,9941.912274416089,9931.664704112924,9931.664704112924,9892.688866346061,3.9538533006881638,3.964870714091797,0.0,-0.01101741340363338,-0.01101741340363338,120.0,2.1071762208937836,mean
435,PCA3,15,DOGEUSDT,2026-05-01 01:59:00+00:00,2026-05-01 02:01:00+00:00,2026-05-01 04:01:00+00:00,9942.412254082512,9943.311319631353,9943.311319631353,9971.266260458498,18.078477734089052,3.982915516017971,0.0,14.09556221807108,14.09556221807108,120.0,2.288281315219823,mean
436,PCA3,15,LINKUSDT,2026-05-01 03:29:00+00:00,2026-05-01 03:31:00+00:00,2026-05-01 04:31:00+00:00,9943.096642466528,9950.94853154273,9950.94853154273,9918.643169828276,5.197682754624433,3.9739183402742015,0.0,1.223764414350231,1.223764414350231,60.0,-2.1191426526939967,mean
437,PCA3,15,AVAXUSDT,2026-05-01 05:14:00+00:00,2026-05-01 05:16:00+00:00,2026-05-01 07:16:00+00:00,9943.944186745754,9945.150072890134,9945.150072890134,9892.527251678268,0.14854669257992859,3.96753546491368,0.0,-3.8189887723337517,-3.8189887723337517,120.0,-2.006014054944088,mean
439,PCA3,15,BTCUSDT,2026-05-01 12:44:00+00:00,2026-05-01 12:46:00+00:00,2026-05-01 14:31:00+00:00,9943.175172535895,9943.57383797161,9943.57383797161,9980.705311852538,7.8700858235736595,3.9848558299648293,0.0,3.8852299936088297,3.8852299936088297,105.0,2.0875522463362426,mean
438,PCA3,15,SUIUSDT,2026-05-01 12:29:00+00:00,2026-05-01 12:31:00+00:00,2026-05-01 15:01:00+00:00,9943.56228786852,9948.799735421186,9948.799735421186,9993.43200412388,2.9108654928290107,3.9884463479090133,0.0,-1.0775808550800026,-1.0775808550800026,150.0,-2.3305754445289373,mean
440,PCA3,15,SOLUSDT,2026-05-01 13:14:00+00:00,2026-05-01 13:16:00+00:00,2026-05-01 16:31:00+00:00,9942.900374417135,9950.941714583321,9950.941714583321,9928.617787794063,-14.21830651241736,3.975911900475477,-0.128375350193435,-18.194218412892837,-18.32259376308627,195.0,-2.192736573249807,mean
441,PCA3,15,BCHUSDT,2026-05-01 14:44:00+00:00,2026-05-01 14:46:00+00:00,2026-05-01 17:16:00+00:00,9940.852691755206,9932.361227429497,9932.361227429497,9916.311202382629,14.160674846592116,3.969734485962425,0.21182805067135252,10.19094036062969,10.402768411301043,150.0,6.099217328204135,mean
442,PCA3,15,NEARUSDT,2026-05-01 15:14:00+00:00,2026-05-01 15:16:00+00:00,2026-05-01 18:46:00+00:00,9942.749911457822,9943.352388566265,9943.352388566265,9910.579621492092,-23.42927182939289,3.9707864020116714,0.16238980900110705,-27.40005823140456,-27.237668422403456,210.0,-2.2868662057126867,mean
443,PCA3,15,SUIUSDT,2026-05-01 16:59:00+00:00,2026-05-01 17:01:00+00:00,2026-05-01 19:46:00+00:00,9939.910963453915,9940.756947754804,9940.756947754804,9934.039308561007,-1.593833476007199,3.9749592512631624,0.0,-5.5687927272703615,-5.5687927272703615,165.0,2.328984409021163,mean
444,PCA3,15,LTCUSDT,2026-05-01 18:44:00+00:00,2026-05-01 18:46:00+00:00,2026-05-01 19:46:00+00:00,9940.557513833837,9943.44051914349,9943.44051914349,9913.921799064443,16.724703674696656,3.971472463641587,0.0,12.75323121105507,12.75323121105507,60.0,2.038057389759858,mean
445,PCA3,15,LINKUSDT,2026-05-01 20:29:00+00:00,2026-05-01 20:31:00+00:00,2026-05-01 23:46:00+00:00,9941.045747253334,9937.495039824385,9937.495039824385,9887.168262867513,-12.72195495572155,3.9649326605383797,0.0,-16.68688761625993,-16.68688761625993,195.0,-2.0873075504634007,mean
446,PCA3,15,HBARUSDT,2026-05-01 22:14:00+00:00,2026-05-01 22:16:00+00:00,2026-05-02 01:16:00+00:00,9940.139803439051,9948.401294312172,9948.401294312172,9933.22991399873,3.9181744816153268,3.9763262416621803,-0.18121801858273287,-0.058151760046853296,-0.23936977862958617,180.0,2.9246247265195913,mean
447,PCA3,15,BNBUSDT,2026-05-01 22:59:00+00:00,2026-05-01 23:01:00+00:00,2026-05-02 01:16:00+00:00,9938.721406392498,9935.916410165823,9935.916410165823,9955.976332361997,-1.3910397072113687,3.978378548505564,-0.29737414506632065,-5.3694182557169325,-5.666792400783253,135.0,-2.1913516003609534,mean
448,PCA3,15,TRXUSDT,2026-05-02 04:44:00+00:00,2026-05-02 04:46:00+00:00,2026-05-02 09:01:00+00:00,9938.786442273766,9937.646768720184,9937.646768720184,9967.188782063216,-35.94446922456656,3.98096711015668,0.4775225127323228,-39.925436334723244,-39.44791382199092,255.0,2.255511296414654,timeout
449,PCA3,15,DOTUSDT,2026-05-02 09:14:00+00:00,2026-05-02 09:16:00+00:00,2026-05-02 11:16:00+00:00,9934.841650891569,9936.479484087458,9936.479484087458,9910.445858901032,4.618708497022851,3.969385068597698,0.0,0.649323428425153,0.649323428425153,120.0,2.468618881180418,mean
450,PCA3,15,TRXUSDT,2026-05-02 09:14:00+00:00,2026-05-02 09:16:00+00:00,2026-05-02 12:01:00+00:00,9934.841650891569,9936.295494489152,9936.295494489152,9922.52178501527,-10.460890928962371,3.9717634559008843,0.0,-14.432654384863255,-14.432654384863255,165.0,2.039589155617401,mean
451,PCA3,15,ADAUSDT,2026-05-02 10:14:00+00:00,2026-05-02 10:16:00+00:00,2026-05-02 12:16:00+00:00,9932.163727170093,9933.490130085427,9933.490130085427,9904.964883244429,3.6379272765572845,3.9676910026659713,0.0,-0.32976372610868676,-0.32976372610868676,120.0,2.111593549715315,mean
453,PCA3,15,UNIUSDT,2026-05-02 12:14:00+00:00,2026-05-02 12:16:00+00:00,2026-05-02 14:01:00+00:00,9934.052144501982,9934.530677582796,9934.530677582796,9954.459014414204,10.678753829077486,3.9777979383993998,0.0,6.700955890678086,6.700955890678086,105.0,3.0797501090438386,mean
452,PCA3,15,BCHUSDT,2026-05-02 11:29:00+00:00,2026-05-02 11:31:00+00:00,2026-05-02 14:46:00+00:00,9933.203528655911,9930.320481761237,9930.320481761237,9953.935653200664,-5.119245631722548,3.97685122699238,0.0,-9.096096858714928,-9.096096858714928,195.0,-2.3730848919487895,mean
456,PCA3,15,LINKUSDT,2026-05-02 15:14:00+00:00,2026-05-02 15:16:00+00:00,2026-05-02 15:46:00+00:00,9931.286913413733,9933.785201505583,9933.785201505583,9920.540130695272,19.316525627107985,3.970865066440171,0.0,15.345660560667813,15.345660560667813,30.0,2.1245822001308485,mean
454,PCA3,15,NEARUSDT,2026-05-02 12:29:00+00:00,2026-05-02 12:31:00+00:00,2026-05-02 16:16:00+00:00,9933.305717095418,9932.908277888871,9932.908277888871,9995.637686177355,-9.89533346994776,3.9857091928132453,0.5414574512599415,-13.881042662761006,-13.339585211501065,225.0,-2.0641627541248013,mean
455,PCA3,15,TRXUSDT,2026-05-02 14:29:00+00:00,2026-05-02 14:31:00+00:00,2026-05-02 18:01:00+00:00,9931.52966443495,9929.317219607734,9929.317219607734,9943.392248285663,-2.6885624004812034,3.9745418935786794,0.38793806836804673,-6.663104294059883,-6.275166225691836,210.0,2.015236114477034,mean
457,PCA3,15,TRXUSDT,2026-05-02 19:14:00+00:00,2026-05-02 19:16:00+00:00,2026-05-02 20:31:00+00:00,9932.76391823886,9934.582204740926,9934.582204740926,9939.232612357224,6.161744689476852,3.97476296341963,0.0,2.1869817260572217,2.1869817260572217,75.0,-2.1155838376895306,mean
458,PCA3,15,DOTUSDT,2026-05-02 19:59:00+00:00,2026-05-02 20:01:00+00:00,2026-05-02 23:01:00+00:00,9933.080961088863,9934.965081662038,9934.965081662038,9960.311780694916,-0.9538592525019207,3.979055372471391,0.0,-4.932914624973312,-4.932914624973312,180.0,2.003842461768962,mean
459,PCA3,15,ETHUSDT,2026-05-02 21:44:00+00:00,2026-05-02 21:46:00+00:00,2026-05-02 23:46:00+00:00,9929.969275920783,9940.362403296536,9940.362403296536,9897.034773711319,9.802351548185706,3.9674794354015708,0.0,5.8348721127841365,5.8348721127841365,120.0,2.274661930607787,mean
460,PCA3,15,TRXUSDT,2026-05-02 22:14:00+00:00,2026-05-02 22:16:00+00:00,2026-05-03 00:16:00+00:00,9931.078433575072,9929.545064492946,9929.545064492946,9900.378146451763,37.292345850471094,3.9659846421889418,0.3917597064718997,33.32636120828215,33.71812091475405,120.0,-2.3250602402346985,mean
461,PCA3,15,AVAXUSDT,2026-05-03 04:29:00+00:00,2026-05-03 04:31:00+00:00,2026-05-03 05:31:00+00:00,9936.444624251722,9938.240646707229,9938.240646707229,9949.500855674896,15.247203660206669,3.9775483004764256,0.0,11.269655359730244,11.269655359730244,60.0,-2.0930812988004894,mean
463,PCA3,15,ETHUSDT,2026-05-03 05:44:00+00:00,2026-05-03 05:46:00+00:00,2026-05-03 07:31:00+00:00,9927.679398278786,9926.49157814371,9926.49157814371,9951.827941443851,13.143458876387104,3.9756639039175123,0.0,9.167794972469594,9.167794972469594,105.0,-2.8045740070039273,mean
464,PCA3,15,BTCUSDT,2026-05-03 05:44:00+00:00,2026-05-03 05:46:00+00:00,2026-05-03 07:46:00+00:00,9927.679398278786,9926.058814786866,9926.058814786866,9947.671402163089,4.274453838240456,3.9747460433899904,0.0,0.2997077948504656,0.2997077948504656,120.0,-2.7614330248754895,mean
465,PCA3,15,DOTUSDT,2026-05-03 07:59:00+00:00,2026-05-03 08:01:00+00:00,2026-05-03 09:16:00+00:00,9939.23965685,9936.246571558217,9936.246571558217,9906.64141773322,9.865270458260149,3.968577597858287,0.0,5.896692860401861,5.896692860401861,75.0,2.0983915168893996,mean
462,PCA3,15,TRXUSDT,2026-05-03 05:29:00+00:00,2026-05-03 05:31:00+00:00,2026-05-03 09:46:00+00:00,9937.867718441725,9945.050830811768,9945.050830811768,9992.237725438306,-18.86700196202321,3.987457711250015,0.4979515573807647,-22.854459673273222,-22.356508115892456,255.0,13.837637784068306,timeout
466,PCA3,15,AVAXUSDT,2026-05-03 09:14:00+00:00,2026-05-03 09:16:00+00:00,2026-05-03 09:46:00+00:00,9937.53499510098,9932.770378030047,9932.770378030047,9976.726010677405,26.0992770686183,3.9818992777414906,0.0,22.11737779087681,22.11737779087681,30.0,-2.4213294500665152,mean
467,PCA3,15,BNBUSDT,2026-05-03 09:29:00+00:00,2026-05-03 09:31:00+00:00,2026-05-03 09:46:00+00:00,9937.238541245746,9937.399835011767,9937.399835011767,9936.781528895577,9.7866229831145,3.974836272781469,0.0,5.811786710333031,5.811786710333031,15.0,2.0027313283729535,mean
468,PCA3,15,TRXUSDT,2026-05-03 11:59:00+00:00,2026-05-03 12:01:00+00:00,2026-05-03 13:16:00+00:00,9939.665274988998,9945.09960218283,9945.09960218283,9967.41853224016,18.488906432972705,3.982503626884598,0.0,14.506402806088108,14.506402806088108,75.0,-2.32888459402147,mean
470,PCA3,15,SOLUSDT,2026-05-03 12:14:00+00:00,2026-05-03 12:16:00+00:00,2026-05-03 13:16:00+00:00,9938.434555915555,9935.059589385577,9935.059589385577,9932.80410754123,8.032274224283109,3.9735727393853617,0.0,4.058701484897747,4.058701484897747,60.0,-2.0459193230444117,mean
471,PCA3,15,SUIUSDT,2026-05-03 14:29:00+00:00,2026-05-03 14:31:00+00:00,2026-05-03 15:16:00+00:00,9941.316548646795,9942.549242359019,9942.549242359019,9953.01277406818,13.59231835262694,3.97911240328544,0.0,9.6132059493415,9.6132059493415,45.0,2.116661640867884,mean
472,PCA3,15,LINKUSDT,2026-05-03 14:44:00+00:00,2026-05-03 14:46:00+00:00,2026-05-03 15:16:00+00:00,9939.884733357323,9939.454659669487,9939.454659669487,9969.414555068248,20.10960720027856,3.981773842947547,0.0,16.127833357331014,16.127833357331014,30.0,-2.6592296299871143,mean
469,PCA3,15,DOTUSDT,2026-05-03 11:59:00+00:00,2026-05-03 12:01:00+00:00,2026-05-03 15:31:00+00:00,9939.665274988998,9947.437132896317,9947.437132896317,9959.989342413817,0.1436820541536563,3.9814852950620265,0.0,-3.8378032409083707,-3.8378032409083707,210.0,-2.0382118630770907,mean
473,PCA3,15,ADAUSDT,2026-05-03 21:44:00+00:00,2026-05-03 21:46:00+00:00,2026-05-03 23:16:00+00:00,9943.712109024676,9944.580787951325,9944.580787951325,10013.12051911651,10.389904528412742,3.991540261413567,0.0,6.398364266999175,6.398364266999175,90.0,-2.4581349162796613,mean
475,PCA3,15,AVAXUSDT,2026-05-04 01:14:00+00:00,2026-05-04 01:16:00+00:00,2026-05-04 02:46:00+00:00,9944.356123029087,9945.812878895025,9945.812878895025,10194.934316240115,24.61844415991868,4.028149439027027,0.0,20.590294720891652,20.590294720891652,90.0,-2.023953966729564,mean
476,PCA3,15,SOLUSDT,2026-05-04 01:29:00+00:00,2026-05-04 01:31:00+00:00,2026-05-04 02:46:00+00:00,9944.37145467491,9987.226314392747,9987.226314392747,10157.733209728181,16.500648122782273,4.028991904824186,0.0,12.471656217958087,12.471656217958087,75.0,-2.5419288122142163,mean
474,PCA3,15,LINKUSDT,2026-05-04 00:29:00+00:00,2026-05-04 00:31:00+00:00,2026-05-04 03:46:00+00:00,9944.351945451377,9940.629963068694,9940.629963068694,10165.283049576252,-8.033606272970081,4.021182602528989,0.0,-12.05478887549907,-12.05478887549907,195.0,2.5508319473890966,mean
477,PCA3,15,FILUSDT,2026-05-04 02:59:00+00:00,2026-05-04 03:01:00+00:00,2026-05-04 04:31:00+00:00,9947.229366204978,9966.716104948682,9966.716104948682,9989.628631209725,44.29995475920029,3.9912689472316814,0.0,40.30868581196861,40.30868581196861,90.0,3.5943600977520247,mean
478,PCA3,15,ADAUSDT,2026-05-04 02:59:00+00:00,2026-05-04 03:01:00+00:00,2026-05-04 06:31:00+00:00,9947.229366204978,9955.62524123368,9955.62524123368,9895.295164358531,-17.028043403826008,3.9701840811184423,0.0,-20.99822748494445,-20.99822748494445,210.0,-2.6201439612523703,mean
479,PCA3,15,DOTUSDT,2026-05-04 03:59:00+00:00,2026-05-04 04:01:00+00:00,2026-05-04 06:31:00+00:00,9946.191135905548,9950.472010468204,9950.472010468204,9869.311182045745,-1.016060103153638,3.96395663850279,0.0,-4.980016741656428,-4.980016741656428,150.0,2.5577009638853783,mean
480,PCA3,15,UNIUSDT,2026-05-04 04:44:00+00:00,2026-05-04 04:46:00+00:00,2026-05-04 06:46:00+00:00,9946.224010488466,9947.603285567218,9947.603285567218,9828.106256916733,40.13014397188392,3.95514190849679,0.0,36.175002063387126,36.175002063387126,120.0,10.075042601863858,mean
482,PCA3,15,SOLUSDT,2026-05-04 06:44:00+00:00,2026-05-04 06:46:00+00:00,2026-05-04 08:01:00+00:00,9952.626040514282,9961.683864064262,9961.683864064262,9955.200107404831,4.175455206487484,3.983376794293818,-0.08033744347825296,0.19207841219366606,0.1117409687154131,75.0,-2.25749607313793,mean
481,PCA3,15,HBARUSDT,2026-05-04 06:44:00+00:00,2026-05-04 06:46:00+00:00,2026-05-04 08:16:00+00:00,9952.626040514282,9960.370201244605,9960.370201244605,9930.336879528046,24.452832201608132,3.9781414161545303,0.05308326710462304,20.474690785453603,20.527774052558225,90.0,3.8601519080171727,mean
484,PCA3,15,BNBUSDT,2026-05-04 08:29:00+00:00,2026-05-04 08:31:00+00:00,2026-05-04 09:31:00+00:00,9951.601478033994,9949.67997314902,9949.67997314902,9961.759512388593,10.115111157272326,3.9822878971075224,0.0,6.132823260164804,6.132823260164804,60.0,-2.125353218834288,mean
485,PCA3,15,AVAXUSDT,2026-05-04 08:44:00+00:00,2026-05-04 08:46:00+00:00,2026-05-04 09:46:00+00:00,9950.935523108212,9953.606422399018,9953.606422399018,10032.279236953846,23.964304268212313,3.997177131870573,0.0,19.96712713634174,19.96712713634174,60.0,-2.3008792482365528,mean
487,PCA3,15,BCHUSDT,2026-05-04 10:14:00+00:00,2026-05-04 10:16:00+00:00,2026-05-04 10:46:00+00:00,9948.539995586854,9933.422931966365,9933.422931966365,10019.384383298044,39.765472444016645,3.990561463052882,0.0,35.77491098096376,35.77491098096376,30.0,-3.303369992432349,mean
486,PCA3,15,BTCUSDT,2026-05-04 09:44:00+00:00,2026-05-04 09:46:00+00:00,2026-05-04 11:31:00+00:00,9940.457515637234,9939.043792697803,9939.043792697803,9799.015716291728,10.718328816274575,3.9476119017979068,0.0,6.770716914476668,6.770716914476668,105.0,-2.405894761372238,mean
483,PCA3,15,LINKUSDT,2026-05-04 07:59:00+00:00,2026-05-04 08:01:00+00:00,2026-05-04 12:16:00+00:00,9953.839560555045,9953.467419277393,9953.467419277393,9947.07479153568,-114.3078054591969,3.9801084421626145,0.0,-118.28791390135952,-118.28791390135952,255.0,2.614435857923102,timeout
489,PCA3,15,NEARUSDT,2026-05-04 11:44:00+00:00,2026-05-04 11:46:00+00:00,2026-05-04 12:31:00+00:00,9949.329455961684,9957.88593147356,9957.88593147356,10009.015365250261,17.25066153379739,3.9933802593447645,0.0,13.257281274452627,13.257281274452627,45.0,-2.610599771280239,mean
488,PCA3,15,UNIUSDT,2026-05-04 10:59:00+00:00,2026-05-04 11:01:00+00:00,2026-05-04 14:31:00+00:00,9948.849189284694,9947.394303665504,9947.394303665504,9980.82631705426,2.8887016314493597,3.9856441241439526,0.0,-1.0969424926945928,-1.0969424926945928,210.0,-3.657680478297102,mean
490,PCA3,15,ADAUSDT,2026-05-04 13:14:00+00:00,2026-05-04 13:16:00+00:00,2026-05-04 15:01:00+00:00,9946.925615270025,9952.94238454631,9952.94238454631,10062.971771688579,7.9008116150914915,4.003182831246978,0.0,3.8976287838445147,3.8976287838445147,105.0,2.5664622217521504,mean
491,PCA3,15,XLMUSDT,2026-05-04 13:44:00+00:00,2026-05-04 13:46:00+00:00,2026-05-04 15:46:00+00:00,9948.055081275052,9950.314356816445,9950.314356816445,9976.008950552185,5.568419192833951,3.985264661473726,0.0,1.583154531360225,1.583154531360225,120.0,-2.42326539083211,mean
493,PCA3,15,NEARUSDT,2026-05-04 15:14:00+00:00,2026-05-04 15:16:00+00:00,2026-05-04 17:46:00+00:00,9946.851524209646,9967.149400208875,9967.149400208875,9913.470962759075,12.15030224121668,3.9761240725935894,-0.8433752999750317,8.17417816862309,7.330802868648059,150.0,3.1310843947259284,mean
492,PCA3,15,BTCUSDT,2026-05-04 14:44:00+00:00,2026-05-04 14:46:00+00:00,2026-05-04 18:46:00+00:00,9948.810970515822,9962.509771529967,9962.509771529967,9993.424340337437,-31.31865018392386,3.991186822373481,-0.16762740510416588,-35.30983700629734,-35.477464411401506,240.0,2.4566483281271387,mean
494,PCA3,15,AVAXUSDT,2026-05-04 16:29:00+00:00,2026-05-04 16:31:00+00:00,2026-05-04 20:46:00+00:00,9946.33401450962,9947.534579894253,9947.534579894253,9907.545381960083,5.5311144602004205,3.9710159923708668,0.0,1.5600984678295537,1.5600984678295537,255.0,2.378207344203862,timeout
495,PCA3,15,SUIUSDT,2026-05-04 18:44:00+00:00,2026-05-04 18:46:00+00:00,2026-05-04 20:46:00+00:00,9946.50570835398,9941.576501020452,9941.576501020452,9870.604104755444,10.354920739503012,3.9624361211551795,0.0,6.392484618347831,6.392484618347831,120.0,2.159552056547697,mean
497,PCA3,15,LTCUSDT,2026-05-04 22:29:00+00:00,2026-05-04 22:31:00+00:00,2026-05-04 23:01:00+00:00,9948.34762832781,9944.834600386015,9944.834600386015,9942.273064350444,17.05293826183285,3.9774215329472917,0.0,13.075516728885557,13.075516728885557,30.0,-2.0035971334281335,mean
498,PCA3,15,XLMUSDT,2026-05-05 00:14:00+00:00,2026-05-05 00:16:00+00:00,2026-05-05 01:46:00+00:00,9950.845922001925,9946.228500236804,9946.228500236804,9966.765036624,8.615042677824324,3.982598707372161,0.0,4.6324439704521625,4.6324439704521625,90.0,2.0832429348993093,mean
496,PCA3,15,NEARUSDT,2026-05-04 22:29:00+00:00,2026-05-04 22:31:00+00:00,2026-05-05 02:46:00+00:00,9948.34762832781,9937.79966321385,9937.79966321385,9984.530060266443,-7.877482535606116,3.984465944696059,-0.3611089325114237,-11.861948480302175,-12.2230574128136,255.0,-2.4810713309552868,timeout
499,PCA3,15,XRPUSDT,2026-05-05 05:14:00+00:00,2026-05-05 05:16:00+00:00,2026-05-05 06:16:00+00:00,9948.896118656461,9952.145036527805,9952.145036527805,9965.025241002964,9.039599161621874,3.9834340555061543,0.0,5.05616510611572,5.05616510611572,60.0,-2.1710658898920236,mean
500,PCA3,15,LINKUSDT,2026-05-05 05:29:00+00:00,2026-05-05 05:31:00+00:00,2026-05-05 06:16:00+00:00,9948.76033026038,9941.036345891087,9941.036345891087,9912.341994492237,27.355002574443937,3.970675668076665,0.0,23.38432690636727,23.38432690636727,45.0,2.5014548775135155,mean
501,PCA3,15,ADAUSDT,2026-05-05 06:59:00+00:00,2026-05-05 07:01:00+00:00,2026-05-05 11:16:00+00:00,9951.740167857708,9955.575740799546,9955.575740799546,10036.469714786263,-33.74504845826354,3.9984090911171615,0.2823809588117617,-37.7434575493807,-37.461076590568936,255.0,3.351360338489637,timeout
502,PCA3,15,BTCUSDT,2026-05-05 07:59:00+00:00,2026-05-05 08:01:00+00:00,2026-05-05 12:16:00+00:00,9948.927088299202,9950.966734101914,9950.966734101914,10003.389031443778,-20.154948624360372,3.990871153109138,0.0,-24.145819777469512,-24.145819777469512,255.0,-2.0069791118045677,timeout
503,PCA3,15,SOLUSDT,2026-05-05 08:14:00+00:00,2026-05-05 08:16:00+00:00,2026-05-05 12:31:00+00:00,9946.90635362486,9949.245447662362,9949.245447662362,10008.75086722709,-15.45069274184831,3.9915992629778905,0.0,-19.442292004826204,-19.442292004826204,255.0,-2.147313878675824,timeout
504,PCA3,15,BCHUSDT,2026-05-05 11:29:00+00:00,2026-05-05 11:31:00+00:00,2026-05-05 13:16:00+00:00,9942.939412634661,9941.873290607478,9941.873290607478,9987.177390423161,31.68748387768264,3.985810136206128,0.0,27.70167374147651,27.70167374147651,105.0,4.120331803927093,mean
506,PCA3,15,SUIUSDT,2026-05-05 12:44:00+00:00,2026-05-05 12:46:00+00:00,2026-05-05 14:01:00+00:00,9946.866421325958,9946.894040978836,9946.894040978836,9939.216329240893,25.07968306990105,3.9772220740439455,0.0,21.102460995857108,21.102460995857108,75.0,4.958862032075872,mean
507,PCA3,15,HBARUSDT,2026-05-05 13:29:00+00:00,2026-05-05 13:31:00+00:00,2026-05-05 15:16:00+00:00,9948.287546640451,9947.457693088654,9947.457693088654,9917.67235534495,14.938039083946633,3.9730260096867207,0.0,10.965013074259911,10.965013074259911,105.0,3.5619775209067837,mean
505,PCA3,15,LINKUSDT,2026-05-05 12:29:00+00:00,2026-05-05 12:31:00+00:00,2026-05-05 15:31:00+00:00,9945.372876306908,9950.611179407268,9950.611179407268,9915.675501393356,46.29248228262197,3.973257336160125,0.0,42.319224946461844,42.319224946461844,180.0,3.4962374996050154,mean
508,PCA3,15,DOTUSDT,2026-05-05 14:14:00+00:00,2026-05-05 14:16:00+00:00,2026-05-05 15:31:00+00:00,9954.337177307543,9947.36906401562,9947.36906401562,9901.150135270607,34.76902455886041,3.969703839857246,0.0,30.79932071900316,30.79932071900316,75.0,5.450366889365452,mean
510,PCA3,15,HBARUSDT,2026-05-05 15:44:00+00:00,2026-05-05 15:46:00+00:00,2026-05-05 17:31:00+00:00,9956.22467218671,9961.018674210236,9961.018674210236,9946.68471390481,25.143154734236123,3.9815406776230096,-0.1464368040588341,21.161614056613114,21.01517725255428,105.0,-2.6085512011131895,mean
511,PCA3,15,XLMUSDT,2026-05-05 15:44:00+00:00,2026-05-05 15:46:00+00:00,2026-05-05 18:31:00+00:00,9956.22467218671,9960.602064794106,9960.602064794106,9938.634705073851,3.4075075763846088,3.9798473539735912,0.04928431160762053,-0.5723397775889827,-0.5230554659813622,165.0,-2.019817951901301,mean
509,PCA3,15,TRXUSDT,2026-05-05 15:29:00+00:00,2026-05-05 15:31:00+00:00,2026-05-05 19:46:00+00:00,9957.78007505579,9960.481039374223,9960.481039374223,9997.376585414813,-27.961774969324328,3.9915715249578074,0.03695272796375662,-31.953346494282133,-31.916393766318375,255.0,2.5106835118974318,timeout
513,PCA3,15,HBARUSDT,2026-05-05 18:59:00+00:00,2026-05-05 19:01:00+00:00,2026-05-05 19:46:00+00:00,9954.886786118766,9958.616674139948,9958.616674139948,9970.013451224913,15.395150579910606,3.9857260250729722,0.0,11.409424554837633,11.409424554837633,45.0,2.1775400592156684,mean
512,PCA3,15,ETHUSDT,2026-05-05 17:44:00+00:00,2026-05-05 17:46:00+00:00,2026-05-05 20:16:00+00:00,9955.134027054894,9954.39324665219,9954.39324665219,10022.302940703537,18.91078483163127,3.9953392374711454,0.0,14.915445594160124,14.915445594160124,150.0,-3.0457785827604686,mean
514,PCA3,15,SOLUSDT,2026-05-05 19:59:00+00:00,2026-05-05 20:01:00+00:00,2026-05-05 21:46:00+00:00,9957.088713780026,9961.098383591168,9961.098383591168,9968.724787534686,20.31312509906848,3.9859646342251707,0.0,16.32716046484331,16.32716046484331,105.0,3.9081011749057595,mean
515,PCA3,15,NEARUSDT,2026-05-05 19:59:00+00:00,2026-05-05 20:01:00+00:00,2026-05-05 22:46:00+00:00,9957.088713780026,9960.941850009505,9960.941850009505,10000.188957132727,3.0617232996311152,3.992226161428446,0.0,-0.9305028617973312,-0.9305028617973312,165.0,2.956942769835138,mean
516,PCA3,15,LTCUSDT,2026-05-05 20:29:00+00:00,2026-05-05 20:31:00+00:00,2026-05-05 23:16:00+00:00,9959.789535086482,9961.300923371069,9961.300923371069,9985.94750718312,1.624310704628685,3.989449686110838,0.0,-2.3651389814821533,-2.3651389814821533,165.0,2.2736253399030883,mean
517,PCA3,15,ADAUSDT,2026-05-05 21:59:00+00:00,2026-05-05 22:01:00+00:00,2026-05-06 00:31:00+00:00,9958.740268525858,9969.85392954277,9969.85392954277,9880.138859244435,25.911976291936202,3.9699985577574415,0.1474398879803286,21.94197773417876,22.08941762215909,150.0,4.395255224337089,mean
519,PCA3,15,BTCUSDT,2026-05-05 23:29:00+00:00,2026-05-05 23:31:00+00:00,2026-05-06 01:46:00+00:00,9959.515309013177,9958.045201230952,9958.045201230952,10008.361574715325,12.07412762502162,3.993281355189256,0.8038540725592273,8.080846269832364,8.884700342391591,135.0,-3.5925259355693884,mean
518,PCA3,15,BCHUSDT,2026-05-05 22:59:00+00:00,2026-05-05 23:01:00+00:00,2026-05-06 02:31:00+00:00,9960.918421285432,9961.347490548096,9961.347490548096,9931.124649921987,24.94981469556668,3.9784944280940167,0.16194573971794998,20.971320267472663,21.133266007190613,210.0,5.147963649421965,mean
522,PCA3,15,SUIUSDT,2026-05-06 02:44:00+00:00,2026-05-06 02:46:00+00:00,2026-05-06 03:16:00+00:00,9966.694694634076,9969.53021695503,9969.53021695503,9984.49375036416,21.10747880583595,3.990804793463838,0.0,17.116674012372112,17.116674012372112,30.0,2.093912126222546,mean
521,PCA3,15,FILUSDT,2026-05-06 01:59:00+00:00,2026-05-06 02:01:00+00:00,2026-05-06 04:01:00+00:00,9964.897626719023,9958.889588001855,9958.889588001855,10343.514121567694,-330.26532136930086,4.06048074191391,0.0,-334.3258021112148,-334.3258021112148,120.0,7.682357924995844,stop
520,PCA3,15,ADAUSDT,2026-05-06 01:14:00+00:00,2026-05-06 01:16:00+00:00,2026-05-06 04:16:00+00:00,9965.309455843542,9971.643415095008,9971.643415095008,10062.246078483879,-12.533118909883717,4.006777898715777,0.0,-16.539896808599494,-16.539896808599494,180.0,-2.1421141827482293,mean
525,PCA3,15,NEARUSDT,2026-05-06 04:29:00+00:00,2026-05-06 04:31:00+00:00,2026-05-06 05:16:00+00:00,9924.074076886738,9907.484788590482,9907.484788590482,9907.163404076222,28.427177394337875,3.962929638533341,0.0,24.464247755804532,24.464247755804532,45.0,-2.922210982840829,mean
523,PCA3,15,AAVEUSDT,2026-05-06 03:29:00+00:00,2026-05-06 03:31:00+00:00,2026-05-06 06:31:00+00:00,9948.746132906748,9949.38984174814,9949.38984174814,9960.69107327715,-19.77365744590004,3.982016183005058,0.0,-23.755673628905097,-23.755673628905097,180.0,-2.4624356051256546,mean
524,PCA3,15,FILUSDT,2026-05-06 04:14:00+00:00,2026-05-06 04:16:00+00:00,2026-05-06 06:31:00+00:00,9929.682699042552,9929.39911170596,9929.39911170596,9866.181797163974,46.85689997997933,3.9591161817739864,0.0,42.897783798205346,42.897783798205346,135.0,9.499123769998807,mean
526,PCA3,15,BCHUSDT,2026-05-06 05:29:00+00:00,2026-05-06 05:31:00+00:00,2026-05-06 09:46:00+00:00,9926.044033731525,9917.08211878514,9917.08211878514,9960.068934483892,140.03554465933118,3.975430210653806,-0.06381198359846826,136.06011444867735,135.99630246507888,255.0,5.871970728144424,timeout
528,PCA3,15,NEARUSDT,2026-05-06 07:29:00+00:00,2026-05-06 07:31:00+00:00,2026-05-06 11:16:00+00:00,9939.339639544982,9944.572530183155,9944.572530183155,10465.584648759837,-299.22914045506786,4.082031435788599,0.223207433820896,-303.31117189085643,-303.0879644570355,225.0,3.783624444737232,stop
527,PCA3,15,SUIUSDT,2026-05-06 07:14:00+00:00,2026-05-06 07:16:00+00:00,2026-05-06 11:31:00+00:00,9937.86355520673,9941.654969576075,9941.654969576075,10191.765271926246,-41.59909592803001,4.0266840483004644,-0.08486110761052233,-45.62577997633047,-45.71064108394099,255.0,2.152323502556687,timeout
529,PCA3,15,DOTUSDT,2026-05-06 09:59:00+00:00,2026-05-06 10:01:00+00:00,2026-05-06 13:31:00+00:00,9927.238637736325,9931.838179242028,9931.838179242028,9794.684388943633,-22.659053438901054,3.945304513637132,0.0,-26.604357952538187,-26.604357952538187,210.0,-3.967603664787095,mean
530,PCA3,15,NEARUSDT,2026-05-06 11:29:00+00:00,2026-05-06 11:31:00+00:00,2026-05-06 14:31:00+00:00,9910.564537673738,9904.904839162713,9904.904839162713,9752.898106743678,-65.23821328008799,3.931560589181278,0.0,-69.16977386926926,-69.16977386926926,180.0,5.1792145179013955,mean
531,PCA3,15,BNBUSDT,2026-05-06 11:44:00+00:00,2026-05-06 11:46:00+00:00,2026-05-06 15:46:00+00:00,9905.391591353102,9910.449781405865,9910.449781405865,9822.478257425071,-58.28029325478752,3.9465856077661874,0.0,-62.22687886255371,-62.22687886255371,240.0,2.901799421111143,mean
532,PCA3,15,SUIUSDT,2026-05-06 13:44:00+00:00,2026-05-06 13:46:00+00:00,2026-05-06 17:16:00+00:00,9898.704020127108,9873.036602597165,9873.036602597165,9856.991071685974,-17.80471336174724,3.946005534856628,-0.3505538573598915,-21.750718896603868,-22.10127275396376,210.0,-4.450185532590034,mean
533,PCA3,15,SOLUSDT,2026-05-06 14:44:00+00:00,2026-05-06 14:46:00+00:00,2026-05-06 18:16:00+00:00,9896.456810567885,9911.47641502627,9911.47641502627,9893.761826819065,-15.457978325563865,3.9610476483690675,0.3938935231300221,-19.419025973932932,-19.02513245080291,210.0,2.2200143608329985,mean
534,PCA3,15,NEARUSDT,2026-05-06 15:59:00+00:00,2026-05-06 16:01:00+00:00,2026-05-06 18:46:00+00:00,9894.500755725958,9895.456257420956,9895.456257420956,9861.14376699195,-0.8262956433635895,3.9513200048825814,0.0,-4.7776156482461705,-4.7776156482461705,165.0,3.4789185692724427,mean
536,PCA3,15,FILUSDT,2026-05-06 23:59:00+00:00,2026-05-07 00:01:00+00:00,2026-05-07 00:46:00+00:00,9893.993045772953,9928.616233656574,9928.616233656574,9750.460457964513,94.63685009719407,3.9358153383242174,0.0,90.70103475886985,90.70103475886985,45.0,2.7269266258771294,mean
535,PCA3,15,LTCUSDT,2026-05-06 23:29:00+00:00,2026-05-06 23:31:00+00:00,2026-05-07 03:16:00+00:00,9894.242968284823,9896.841153272893,9896.841153272893,9836.584076993051,14.790424251671437,3.946685046053189,0.026659490711894964,10.843739205618249,10.870398696330144,225.0,-2.202855396143565,mean
537,PCA3,15,SUIUSDT,2026-05-07 02:14:00+00:00,2026-05-07 02:16:00+00:00,2026-05-07 04:16:00+00:00,9905.695004974588,9911.843839374911,9911.843839374911,9935.208023588202,3.0358795833213748,3.9694103725926224,0.0,-0.9335307892712479,-0.9335307892712479,120.0,-2.6000192048527904,mean
539,PCA3,15,DOTUSDT,2026-05-07 04:59:00+00:00,2026-05-07 05:01:00+00:00,2026-05-07 07:01:00+00:00,9903.437966869076,9910.939625895246,9910.939625895246,10025.8110994917,21.733776156309126,3.9873501450773894,0.0,17.746426011231737,17.746426011231737,120.0,2.639706987044402,mean
538,PCA3,15,XRPUSDT,2026-05-07 03:29:00+00:00,2026-05-07 03:31:00+00:00,2026-05-07 07:46:00+00:00,9903.780291999094,9895.12115053839,9895.12115053839,10027.740080058173,-22.704876651807762,3.9845722461193125,0.0,-26.689448897927075,-26.689448897927075,255.0,-2.905690595779946,timeout
540,PCA3,15,SUIUSDT,2026-05-07 06:44:00+00:00,2026-05-07 06:46:00+00:00,2026-05-07 09:16:00+00:00,9902.57247562646,9886.914417532575,9886.914417532575,9897.919037401189,-1.1291555786057965,3.956966690986752,-0.19278958572753824,-5.086122269592549,-5.278911855320087,150.0,3.7982588111444833,mean
541,PCA3,15,SOLUSDT,2026-05-07 07:29:00+00:00,2026-05-07 07:31:00+00:00,2026-05-07 10:16:00+00:00,9901.039365322533,9903.857479007507,9903.857479007507,9851.48007706505,1.3465881072895731,3.9510675112145117,0.30301986408026244,-2.6044794039249384,-2.301459539844676,165.0,2.6297507790701835,mean
542,PCA3,15,NEARUSDT,2026-05-07 08:44:00+00:00,2026-05-07 08:46:00+00:00,2026-05-07 12:16:00+00:00,9900.571550394518,9884.9288059476,9884.9288059476,9927.69268199823,3.443493833521941,3.962524297589166,0.0,-0.519030464067225,-0.519030464067225,210.0,-2.2192719693572793,mean
544,PCA3,15,DOGEUSDT,2026-05-07 13:59:00+00:00,2026-05-07 14:01:00+00:00,2026-05-07 15:16:00+00:00,9901.310560848222,9900.349127943375,9900.349127943375,9867.91863139565,29.906307569796844,3.953653551867805,0.0,25.95265401792904,25.95265401792904,75.0,-2.196765083479824,mean
543,PCA3,15,LTCUSDT,2026-05-07 11:14:00+00:00,2026-05-07 11:16:00+00:00,2026-05-07 15:31:00+00:00,9902.883570401442,9907.565497097243,9907.565497097243,9748.68168350775,0.6443405826206496,3.931249436120998,0.0,-3.286908853500349,-3.286908853500349,255.0,2.9602338904853345,timeout
545,PCA3,15,NEARUSDT,2026-05-07 13:59:00+00:00,2026-05-07 14:01:00+00:00,2026-05-07 16:16:00+00:00,9901.310560848222,9897.835038253872,9897.835038253872,9760.641358238026,7.525720031004994,3.9316952792983795,0.32595531140152895,3.5940247517066144,3.9199800631081434,135.0,2.0771350142674034,mean
547,PCA3,15,LTCUSDT,2026-05-07 15:44:00+00:00,2026-05-07 15:46:00+00:00,2026-05-07 17:31:00+00:00,9903.169546524676,9912.18110212421,9912.18110212421,9888.008944395944,20.654782645146273,3.9600380093040313,-0.17413240930661927,16.694744635842245,16.520612226535626,105.0,-2.0910579534679563,mean
548,PCA3,15,SOLUSDT,2026-05-07 16:29:00+00:00,2026-05-07 16:31:00+00:00,2026-05-07 18:46:00+00:00,9904.974065018858,9902.678553965781,9902.678553965781,9902.12665865815,2.5522276036180807,3.9609610425247856,0.0,-1.4087334389067052,-1.4087334389067052,135.0,2.3327392837432925,mean
546,PCA3,15,DOGEUSDT,2026-05-07 15:29:00+00:00,2026-05-07 15:31:00+00:00,2026-05-07 19:16:00+00:00,9906.15696172561,9917.998960822075,9917.998960822075,9941.677015632464,-4.811862222213626,3.9719351952909077,-0.13041070687627404,-8.783797417504534,-8.914208124380808,225.0,-2.306854409282534,mean
549,PCA3,15,AVAXUSDT,2026-05-07 17:44:00+00:00,2026-05-07 17:46:00+00:00,2026-05-07 20:01:00+00:00,9906.31781991478,9909.366135757216,9909.366135757216,9915.340835845225,-0.38124644842554867,3.9649413943204883,0.0,-4.346187842746037,-4.346187842746037,135.0,2.3260713309307475,mean
550,PCA3,15,XRPUSDT,2026-05-07 19:59:00+00:00,2026-05-07 20:01:00+00:00,2026-05-07 21:31:00+00:00,9905.748273954205,9905.84823450283,9905.84823450283,9898.890304576831,6.774127294787177,3.960947707815932,0.0,2.8131795869712453,2.8131795869712453,90.0,-2.382089980930512,mean
551,PCA3,15,BNBUSDT,2026-05-07 22:14:00+00:00,2026-05-07 22:16:00+00:00,2026-05-08 01:01:00+00:00,9905.727554840323,9902.810506169995,9902.810506169995,9945.278442547004,19.16298623962056,3.9696177897434,0.0029235915231687823,15.19336844987716,15.19629204140033,165.0,-5.434800168354159,mean
552,PCA3,15,HBARUSDT,2026-05-07 22:29:00+00:00,2026-05-07 22:31:00+00:00,2026-05-08 01:46:00+00:00,9906.353802426973,9909.681845718054,9909.681845718054,9919.756313046537,6.530433456913511,3.965887631752919,-0.3696812166999943,2.564545825160592,2.194864608460598,195.0,2.158797238677983,mean
554,PCA3,15,AAVEUSDT,2026-05-08 02:29:00+00:00,2026-05-08 02:31:00+00:00,2026-05-08 03:46:00+00:00,9907.628467397111,9903.077584056282,9903.077584056282,9931.513052746785,16.667418464678363,3.9669181273606133,0.0,12.700500337317749,12.700500337317749,75.0,2.1974421471303924,mean
555,PCA3,15,XLMUSDT,2026-05-08 03:29:00+00:00,2026-05-08 03:31:00+00:00,2026-05-08 04:31:00+00:00,9906.864833116299,9910.4623920987,9910.4623920987,9920.30498494697,16.198988872754978,3.966153475409134,0.0,12.232835397345843,12.232835397345843,60.0,2.140906661524733,mean
553,PCA3,15,DOGEUSDT,2026-05-08 01:14:00+00:00,2026-05-08 01:16:00+00:00,2026-05-08 05:01:00+00:00,9906.821211121947,9898.021923479602,9898.021923479602,9926.671694319639,-5.898499702291603,3.9649387235598486,0.0,-9.86343842585145,-9.86343842585145,225.0,-2.393840043375584,mean
557,PCA3,15,XRPUSDT,2026-05-08 06:29:00+00:00,2026-05-08 06:31:00+00:00,2026-05-08 07:01:00+00:00,9911.34941286474,9917.124659004494,9917.124659004494,9921.182048842202,8.870243450880608,3.9676613415693396,0.0,4.902582109311268,4.902582109311268,30.0,-2.1274682495579227,mean
556,PCA3,15,UNIUSDT,2026-05-08 05:44:00+00:00,2026-05-08 05:46:00+00:00,2026-05-08 08:31:00+00:00,9908.973660236192,9904.265962106461,9904.265962106461,9877.256457577723,41.46598290163126,3.9563044839368375,0.2771017557899835,37.50967841769442,37.7867801734844,165.0,3.2204595168738233,mean
558,PCA3,15,TRXUSDT,2026-05-08 07:29:00+00:00,2026-05-08 07:31:00+00:00,2026-05-08 09:01:00+00:00,9916.996185505588,9921.292326431887,9921.292326431887,9930.835587639118,47.40949158443632,3.970425582814201,0.2862852830753928,43.439066001622116,43.72535128469751,90.0,2.3755931805867956,mean
560,PCA3,15,AAVEUSDT,2026-05-08 08:59:00+00:00,2026-05-08 09:01:00+00:00,2026-05-08 11:01:00+00:00,9915.533493460634,9907.471636450216,9907.471636450216,9965.817720953293,17.836458299187782,3.9746578714807024,0.0,13.861800427707081,13.861800427707081,120.0,-2.3325725750055772,mean
559,PCA3,15,NEARUSDT,2026-05-08 07:44:00+00:00,2026-05-08 07:46:00+00:00,2026-05-08 11:31:00+00:00,9915.508280257121,9937.47908274401,9937.47908274401,10028.976985240266,-33.91221987622615,3.993291213596855,-0.192949565830113,-37.90551108982301,-38.09846065565312,225.0,3.059783933097516,mean
561,PCA3,15,DOTUSDT,2026-05-08 09:29:00+00:00,2026-05-08 09:31:00+00:00,2026-05-08 12:01:00+00:00,9910.1235342323,9914.62862693895,9914.62862693895,9905.779282295802,-2.859701114032509,3.9640815818469504,0.0,-6.8237826958794585,-6.8237826958794585,150.0,-2.5451510190318447,mean
562,PCA3,15,DOTUSDT,2026-05-08 12:29:00+00:00,2026-05-08 12:31:00+00:00,2026-05-08 13:31:00+00:00,9914.509087300561,9899.448771772719,9899.448771772719,9842.996320210457,18.18980255327398,3.9484890183966357,0.0,14.241313534877346,14.241313534877346,60.0,-2.5717110813292177,mean
563,PCA3,15,LTCUSDT,2026-05-08 12:59:00+00:00,2026-05-08 13:01:00+00:00,2026-05-08 17:16:00+00:00,9914.61666075523,9917.90499726522,9917.90499726522,10091.193749467755,-10.380046205949252,4.001819749346595,0.15571011718036573,-14.381865955295847,-14.226155838115481,255.0,2.156590693320137,timeout
565,PCA3,15,ETHUSDT,2026-05-08 14:14:00+00:00,2026-05-08 14:16:00+00:00,2026-05-08 17:16:00+00:00,9916.5115863742,9921.139066939073,9921.139066939073,10007.782801098803,7.113366876437474,3.9857843736075753,0.2432976016125228,3.1275825028298985,3.3708801044424215,180.0,-2.4669223921633066,mean
564,PCA3,15,BTCUSDT,2026-05-08 13:59:00+00:00,2026-05-08 14:01:00+00:00,2026-05-08 18:16:00+00:00,9916.439541244039,9917.78061438572,9917.78061438572,10087.232925591516,-74.18177869340069,4.001002707995447,0.18540760537506837,-78.18278140139614,-77.99737379602108,255.0,-2.1796223546446236,timeout
567,PCA3,15,FILUSDT,2026-05-08 17:29:00+00:00,2026-05-08 17:31:00+00:00,2026-05-08 18:31:00+00:00,9910.54449212235,9958.649240865838,9958.649240865838,9907.064362049563,131.94281814819226,3.9731427205830805,0.0,127.96967542760916,127.96967542760916,60.0,3.4449185888574783,mean
566,PCA3,15,LTCUSDT,2026-05-08 17:29:00+00:00,2026-05-08 17:31:00+00:00,2026-05-08 20:01:00+00:00,9910.54449212235,9934.965380923322,9934.965380923322,9975.768451911325,8.382212628787462,3.9821467665669292,0.0,4.400065862220533,4.400065862220533,150.0,4.4193915379840245,mean
569,PCA3,15,BTCUSDT,2026-05-08 18:44:00+00:00,2026-05-08 18:46:00+00:00,2026-05-08 20:31:00+00:00,9917.421311757773,9923.260870490773,9923.260870490773,9920.444551097524,17.495751024522626,3.968741084317659,0.0,13.527009940204966,13.527009940204966,105.0,-4.222023157012077,mean
568,PCA3,15,SOLUSDT,2026-05-08 18:29:00+00:00,2026-05-08 18:31:00+00:00,2026-05-08 21:16:00+00:00,9917.283562128101,9923.035134357284,9923.035134357284,9878.277951680442,-4.058975358190655,3.9602626172075457,0.0,-8.0192379753982,-8.0192379753982,165.0,5.656532880273915,mean
570,PCA3,15,HBARUSDT,2026-05-08 20:14:00+00:00,2026-05-08 20:16:00+00:00,2026-05-08 22:01:00+00:00,9919.436165460162,9925.975227908277,9925.975227908277,9978.631122395902,-2.5470878443234057,3.9809212700608363,0.0,-6.528009114384242,-6.528009114384242,105.0,-2.6962039616074445,mean
571,PCA3,15,LTCUSDT,2026-05-08 20:44:00+00:00,2026-05-08 20:46:00+00:00,2026-05-08 22:31:00+00:00,9919.41852006036,9917.232740782994,9917.232740782994,9961.705093483064,13.575879603206236,3.975787566853212,0.0,9.600092036353026,9.600092036353026,105.0,-2.508564812760161,mean
573,PCA3,15,ADAUSDT,2026-05-08 22:14:00+00:00,2026-05-08 22:16:00+00:00,2026-05-08 23:46:00+00:00,9919.777816018033,9917.964864381542,9917.964864381542,9814.426927276452,52.29951991547761,3.9464783583315985,0.0,48.353041557146014,48.353041557146014,90.0,3.9711144351699663,mean
572,PCA3,15,XLMUSDT,2026-05-08 21:29:00+00:00,2026-05-08 21:31:00+00:00,2026-05-09 01:01:00+00:00,9920.967541532278,9917.756514135805,9917.756514135805,10008.217991828915,-5.096931393981452,3.9851949011929437,-0.19194123474622907,-9.082126295174396,-9.274067529920625,210.0,-2.0608631094643473,mean
574,PCA3,15,DOTUSDT,2026-05-08 22:44:00+00:00,2026-05-08 22:46:00+00:00,2026-05-09 03:01:00+00:00,9921.750667531189,9930.965807663963,9930.965807663963,10009.828632868972,-76.96668665807054,3.988158888106587,-0.17908731451003163,-80.95484554617714,-81.13393286068717,255.0,-3.0085224308830845,timeout
575,PCA3,15,SUIUSDT,2026-05-09 00:29:00+00:00,2026-05-09 00:31:00+00:00,2026-05-09 04:31:00+00:00,9919.61717958242,9917.511012162486,9917.511012162486,10145.702926219488,-171.50648763640356,4.012642787676394,0.0,-175.51913042407998,-175.51913042407998,240.0,4.015183103054555,mean
576,PCA3,15,ETHUSDT,2026-05-09 01:14:00+00:00,2026-05-09 01:16:00+00:00,2026-05-09 04:31:00+00:00,9898.64329141083,9898.540882453095,9898.540882453095,9916.158536078865,-1.2368082483854592,3.962939883706392,0.0,-5.199748132091851,-5.199748132091851,195.0,-4.03262694066229,mean
577,PCA3,15,XLMUSDT,2026-05-09 03:14:00+00:00,2026-05-09 03:16:00+00:00,2026-05-09 05:16:00+00:00,9900.802037566084,9901.53153646677,9901.53153646677,9831.636345594006,9.743395846392342,3.9466335764121547,0.0,5.796762269980188,5.796762269980188,120.0,3.5056279312551064,mean
578,PCA3,15,XRPUSDT,2026-05-09 07:14:00+00:00,2026-05-09 07:16:00+00:00,2026-05-09 07:31:00+00:00,9899.445205806775,9902.237319052245,9902.237319052245,9895.436988464679,13.644746473158103,3.9595348615033847,0.0,9.685211611654717,9.685211611654717,15.0,2.1465089056773135,mean
579,PCA3,15,UNIUSDT,2026-05-09 07:14:00+00:00,2026-05-09 07:16:00+00:00,2026-05-09 10:01:00+00:00,9899.445205806775,9898.953390138235,9898.953390138235,9830.50736316994,-9.672044043510859,3.945892150661635,0.1500844694213263,-13.617936194172495,-13.467851724751169,165.0,-2.0203066666175085,mean
580,PCA3,15,SUIUSDT,2026-05-09 09:14:00+00:00,2026-05-09 09:16:00+00:00,2026-05-09 12:16:00+00:00,9898.558798894723,9887.738099616317,9887.738099616317,9879.658619524684,15.452146790053481,3.9534793438282003,0.0,11.498667446225282,11.498667446225282,180.0,-2.4607589137339048,mean
581,PCA3,15,AVAXUSDT,2026-05-09 13:29:00+00:00,2026-05-09 13:31:00+00:00,2026-05-09 14:01:00+00:00,9900.216808540086,9902.589048636835,9902.589048636835,9877.3454749418,27.388494455466347,3.9559869047157266,0.0,23.43250755075062,23.43250755075062,30.0,3.4477161129481453,mean
582,PCA3,15,LTCUSDT,2026-05-09 14:29:00+00:00,2026-05-09 14:31:00+00:00,2026-05-09 16:16:00+00:00,9902.56005929516,9901.257735580477,9901.257735580477,9914.698961106555,3.7209236234825376,3.9631913393374063,0.1556593742903123,-0.2422677158548685,-0.08660834156455621,105.0,-2.01131566272683,mean
583,PCA3,15,ETHUSDT,2026-05-09 15:44:00+00:00,2026-05-09 15:46:00+00:00,2026-05-09 18:16:00+00:00,9903.026884799698,9906.613641280477,9906.613641280477,9971.702790682353,-3.9891539850471593,3.975663286392566,0.2699855521453182,-7.964817271439725,-7.694831719294407,150.0,2.134362902055826,mean
584,PCA3,15,UNIUSDT,2026-05-09 18:14:00+00:00,2026-05-09 18:16:00+00:00,2026-05-09 21:46:00+00:00,9902.04642484145,9909.50585652067,9909.50585652067,9916.937774376627,-5.905967953366951,3.9652887261794594,0.0,-9.871256679546411,-9.871256679546411,210.0,2.7249285221980557,mean
585,PCA3,15,UNIUSDT,2026-05-09 22:44:00+00:00,2026-05-09 22:46:00+00:00,2026-05-10 01:01:00+00:00,9900.794789621119,9895.402662972932,9895.402662972932,9822.815733445083,6.032404428910463,3.9436436792836025,0.3704588478423204,2.0887607496268608,2.4592195974691813,135.0,2.732768938248604,mean
586,PCA3,15,SUIUSDT,2026-05-10 00:29:00+00:00,2026-05-10 00:31:00+00:00,2026-05-10 01:46:00+00:00,9896.08721975791,9895.464212414256,9895.464212414256,9743.156577673983,85.79711201228237,3.9277241580176474,0.0,81.86938785426472,81.86938785426472,75.0,4.33174034348236,mean
587,PCA3,15,UNIUSDT,2026-05-10 02:14:00+00:00,2026-05-10 02:16:00+00:00,2026-05-10 04:16:00+00:00,9909.227650366294,9913.470446716352,9913.470446716352,9973.751780364462,33.60685470132807,3.977444445416163,0.0,29.629410255911907,29.629410255911907,120.0,-2.7644311589316466,mean
588,PCA3,15,SUIUSDT,2026-05-10 03:14:00+00:00,2026-05-10 03:16:00+00:00,2026-05-10 04:16:00+00:00,9908.67122569059,9907.416491602782,9907.416491602782,9885.977124408677,22.946006834338398,3.9586787232022917,0.0,18.987328111136108,18.987328111136108,60.0,2.294069374979304,mean
589,PCA3,15,UNIUSDT,2026-05-10 05:14:00+00:00,2026-05-10 05:16:00+00:00,2026-05-10 07:31:00+00:00,9914.089324203,9933.046073892923,9933.046073892923,10288.587781174623,-317.31271132804693,4.044326771013509,0.0,-321.35703809906045,-321.35703809906045,135.0,2.775338422188254,stop
590,PCA3,15,ADAUSDT,2026-05-10 06:29:00+00:00,2026-05-10 06:31:00+00:00,2026-05-10 08:31:00+00:00,9894.539086242761,9896.992910855575,9896.992910855575,10020.509046823063,23.82295646751662,3.9835003915357277,0.10800407961512787,19.83945607598089,19.94746015559602,120.0,-2.005614433549213,mean
591,PCA3,15,XRPUSDT,2026-05-10 07:29:00+00:00,2026-05-10 07:31:00+00:00,2026-05-10 09:01:00+00:00,9883.222306741158,9881.29625466413,9881.29625466413,9931.425076805464,3.4680079010328675,3.9625442662939188,-0.11631170102749425,-0.49453636526105127,-0.6108480662885455,90.0,-2.547067593187198,mean
592,PCA3,15,UNIUSDT,2026-05-10 07:44:00+00:00,2026-05-10 07:46:00+00:00,2026-05-10 09:31:00+00:00,9882.136640460447,9871.917950404677,9871.917950404677,9880.869917007203,35.91216081013277,3.950557573482376,0.38930002339884234,31.961603236650394,32.350903260049236,105.0,5.67392777465607,mean
594,PCA3,15,ETHUSDT,2026-05-10 09:14:00+00:00,2026-05-10 09:16:00+00:00,2026-05-10 11:31:00+00:00,9888.237258944522,9887.540555961137,9887.540555961137,9855.879194706236,-3.2501984220132765,3.948683950133475,0.0,-7.198882372146752,-7.198882372146752,135.0,-2.458724340557412,mean
595,PCA3,15,AAVEUSDT,2026-05-10 09:59:00+00:00,2026-05-10 10:01:00+00:00,2026-05-10 12:01:00+00:00,9887.261713558099,9884.548345128418,9884.548345128418,9903.851644085955,18.618198233471944,3.9576799978428743,0.0,14.66051823562907,14.66051823562907,120.0,-2.104114732829789,mean
593,PCA3,15,SUIUSDT,2026-05-10 08:44:00+00:00,2026-05-10 08:46:00+00:00,2026-05-10 13:01:00+00:00,9887.43417850499,9889.99603024289,9889.99603024289,9898.700060000407,-4.275562321307035,3.9577392180486592,0.0,-8.233301539355693,-8.233301539355693,255.0,4.718855983782772,timeout
596,PCA3,15,HBARUSDT,2026-05-10 11:44:00+00:00,2026-05-10 11:46:00+00:00,2026-05-10 13:31:00+00:00,9877.68652380933,9877.125227777658,9877.125227777658,9914.99553069278,7.888395683902551,3.958424151694088,0.0,3.929971532208463,3.929971532208463,105.0,3.130557319812774,mean
597,PCA3,15,SOLUSDT,2026-05-10 12:59:00+00:00,2026-05-10 13:01:00+00:00,2026-05-10 14:46:00+00:00,9884.066420169996,9885.425715041994,9885.425715041994,9936.613398853142,10.558464446424212,3.9644078227790276,0.0,6.594056623645185,6.594056623645185,105.0,-2.358318974800757,mean
598,PCA3,15,UNIUSDT,2026-05-10 13:14:00+00:00,2026-05-10 13:16:00+00:00,2026-05-10 15:31:00+00:00,9885.332266792348,9892.812818676286,9892.812818676286,9874.309674783075,92.75824203104645,3.953424498691872,0.0,88.80481753235458,88.80481753235458,135.0,4.058591350119776,mean
600,PCA3,15,DOTUSDT,2026-05-10 14:59:00+00:00,2026-05-10 15:01:00+00:00,2026-05-10 16:16:00+00:00,9890.820134212803,9898.339723065093,9898.339723065093,10029.286026362333,11.719794981126979,3.9855251498854853,0.27690547150660283,7.734269831241495,8.011175302748097,75.0,-2.0519002530611243,mean
601,PCA3,15,SUIUSDT,2026-05-10 15:44:00+00:00,2026-05-10 15:46:00+00:00,2026-05-10 17:16:00+00:00,9900.371358430188,9926.538876523688,9926.538876523688,10323.312393576505,-294.4584070724214,4.049970254020038,-0.01721331646798186,-298.50837732644146,-298.52559064290944,90.0,5.031652813346426,stop
599,PCA3,15,AAVEUSDT,2026-05-10 13:59:00+00:00,2026-05-10 14:01:00+00:00,2026-05-10 18:16:00+00:00,9882.646291780264,9878.910711160172,9878.910711160172,10031.438255213614,110.70677385145137,3.982069793274757,0.231901494289379,106.72470405817661,106.95660555246599,255.0,5.0218210194372,timeout
602,PCA3,15,XRPUSDT,2026-05-10 16:29:00+00:00,2026-05-10 16:31:00+00:00,2026-05-10 19:01:00+00:00,9885.433496456033,9898.330022547045,9898.330022547045,9981.03044745371,26.28528387384222,3.9758720940001506,0.0,22.309411779842073,22.309411779842073,150.0,7.997424025041775,mean
605,PCA3,15,ETHUSDT,2026-05-10 19:14:00+00:00,2026-05-10 19:16:00+00:00,2026-05-10 20:31:00+00:00,9878.490766198609,9886.84340439006,9886.84340439006,9837.719147113596,7.285546597373941,3.944912510300731,0.0,3.3406340870732096,3.3406340870732096,75.0,-2.4990939663678744,mean
603,PCA3,15,SUIUSDT,2026-05-10 17:29:00+00:00,2026-05-10 17:31:00+00:00,2026-05-10 21:31:00+00:00,9873.544560132475,9896.069230387042,9896.069230387042,9840.663295983008,-102.65279307031777,3.9473465052740098,0.0,-106.60013957559178,-106.60013957559178,240.0,9.121004183356673,mean
604,PCA3,15,AAVEUSDT,2026-05-10 18:29:00+00:00,2026-05-10 18:31:00+00:00,2026-05-10 22:46:00+00:00,9877.397698040664,9882.014012417576,9882.014012417576,9969.559921821889,141.69943051806155,3.9703147868478927,0.0,137.72911573121365,137.72911573121365,255.0,-4.459545665606535,timeout
606,PCA3,15,XRPUSDT,2026-05-10 20:44:00+00:00,2026-05-10 20:46:00+00:00,2026-05-11 00:16:00+00:00,9882.885928280768,9856.436652943974,9856.436652943974,9918.084144834169,-5.945994856673883,3.9549041595556282,-0.04489328311431089,-9.900899016229511,-9.945792299343822,210.0,-3.216065617613376,mean
607,PCA3,15,LTCUSDT,2026-05-10 22:14:00+00:00,2026-05-10 22:16:00+00:00,2026-05-11 01:31:00+00:00,9883.041312302237,9881.756821596024,9881.756821596024,9917.771504171114,-17.42521637618848,3.9599056651534275,-0.16121614202198548,-21.385122041341905,-21.54633818336389,195.0,2.104026891674449,mean
608,PCA3,15,DOGEUSDT,2026-05-10 22:59:00+00:00,2026-05-10 23:01:00+00:00,2026-05-11 02:01:00+00:00,9880.985381960083,9874.98230399311,9874.98230399311,9793.292297775655,3.412003012931489,3.9336549203537534,0.04108538445140079,-0.5216519074222643,-0.4805665229708635,180.0,3.027030674804694,mean
609,PCA3,15,HBARUSDT,2026-05-11 01:29:00+00:00,2026-05-11 01:31:00+00:00,2026-05-11 02:31:00+00:00,9880.393192009877,9869.605159156286,9869.605159156286,9825.013629408679,22.266282069428396,3.9389237577129927,0.0,18.327358311715404,18.327358311715404,60.0,-2.039065998135877,mean
610,PCA3,15,LTCUSDT,2026-05-11 02:29:00+00:00,2026-05-11 02:31:00+00:00,2026-05-11 05:31:00+00:00,9882.947388070987,9886.784776554623,9886.784776554623,9870.938402943993,0.7757998233328891,3.9515446358997233,0.0,-3.175744812566834,-3.175744812566834,180.0,-2.2119180555504325,mean
612,PCA3,15,HBARUSDT,2026-05-11 07:14:00+00:00,2026-05-11 07:16:00+00:00,2026-05-11 08:31:00+00:00,9882.719797244199,9886.28445454333,9886.28445454333,9847.141833845113,18.22237905309266,3.9466852576776885,0.2947354080932959,14.27569379541497,14.570429203508265,75.0,2.000744496860812,mean
613,PCA3,15,DOTUSDT,2026-05-11 07:29:00+00:00,2026-05-11 07:31:00+00:00,2026-05-11 09:46:00+00:00,9883.129609794283,9886.88450748396,9886.88450748396,9908.532794590386,6.976731021467498,3.959083460414869,-0.3110446864320651,3.0176475610526294,2.706602874620564,135.0,2.300558858810382,mean
611,PCA3,15,AVAXUSDT,2026-05-11 06:44:00+00:00,2026-05-11 06:46:00+00:00,2026-05-11 10:31:00+00:00,9882.618102802087,9876.074890266855,9876.074890266855,9920.09067537527,-5.977699220830571,3.9592331131284246,-0.46921519300545145,-9.936932333958996,-10.406147526964448,225.0,2.113255084897383,mean
616,PCA3,15,HBARUSDT,2026-05-11 14:59:00+00:00,2026-05-11 15:01:00+00:00,2026-05-11 15:31:00+00:00,9877.773610336553,9873.470235780616,9873.470235780616,9992.044195227661,16.604233953991262,3.9731028862016555,0.0,12.631131067789605,12.631131067789605,30.0,-2.7550026566404933,mean
614,PCA3,15,XRPUSDT,2026-05-11 12:14:00+00:00,2026-05-11 12:16:00+00:00,2026-05-11 16:31:00+00:00,9883.305191257205,9885.837375571202,9885.837375571202,10017.292710375921,-21.17493608969145,3.980626017189424,-0.23207847037194634,-25.155562106880872,-25.387640577252817,255.0,2.280024924014841,timeout
615,PCA3,15,ETHUSDT,2026-05-11 14:14:00+00:00,2026-05-11 14:16:00+00:00,2026-05-11 17:46:00+00:00,9881.374962871705,9878.59063791716,9878.59063791716,9949.764311115377,-8.10611492835233,3.9656709898065072,-0.05602798273633124,-12.071785918158838,-12.12781390089517,210.0,-2.0708427246637204,mean
618,PCA3,15,HBARUSDT,2026-05-11 17:14:00+00:00,2026-05-11 17:16:00+00:00,2026-05-11 19:31:00+00:00,9876.680156262943,9878.819523733902,9878.819523733902,9913.976995241337,-6.37873389606809,3.958559303795048,0.0,-10.337293199863138,-10.337293199863138,135.0,-2.5174166271282052,mean
617,PCA3,15,SOLUSDT,2026-05-11 15:59:00+00:00,2026-05-11 16:01:00+00:00,2026-05-11 20:16:00+00:00,9878.719431775753,9867.196006649772,9867.196006649772,9936.526597950351,-60.265230691945725,3.9607445209200245,0.0,-64.22597521286575,-64.22597521286575,255.0,2.8387317179405733,timeout
619,PCA3,15,AVAXUSDT,2026-05-11 18:44:00+00:00,2026-05-11 18:46:00+00:00,2026-05-11 20:31:00+00:00,9874.766003866393,9874.631317413261,9874.631317413261,9878.994199198562,5.31965803915005,3.9507251033223643,0.0,1.3689329358276854,1.3689329358276854,105.0,-2.1072137115961795,mean
620,PCA3,15,HBARUSDT,2026-05-11 22:29:00+00:00,2026-05-11 22:31:00+00:00,2026-05-12 00:31:00+00:00,9873.497325368478,9881.711925093645,9881.711925093645,9870.542577376546,4.5580579929456935,3.9504509004940376,0.09669669041954193,0.6076070924516559,0.7043037828711978,120.0,2.1731063826416572,mean
621,PCA3,15,BNBUSDT,2026-05-11 22:59:00+00:00,2026-05-11 23:01:00+00:00,2026-05-12 01:31:00+00:00,9874.343248503283,9881.791917863226,9881.791917863226,9809.936470328055,13.103188568530845,3.9383456776382566,0.22937819726442854,9.164842890892588,9.394221088157018,150.0,4.565780997541264,mean
622,PCA3,15,TRXUSDT,2026-05-12 02:59:00+00:00,2026-05-12 03:01:00+00:00,2026-05-12 05:31:00+00:00,9874.50717785558,9881.982248427155,9881.982248427155,9877.456712349449,1.6934865243056771,3.9518877921553215,0.0,-2.2584012678496443,-2.2584012678496443,150.0,-2.1094775055435093,mean
623,PCA3,15,NEARUSDT,2026-05-12 07:44:00+00:00,2026-05-12 07:46:00+00:00,2026-05-12 08:31:00+00:00,9874.281337728797,9875.651330317542,9875.651330317542,9782.258140415983,72.04119473935621,3.9315818941467047,-0.69138301523005,68.10961284520951,67.41822982997947,45.0,2.108976948990246,mean
624,PCA3,15,XRPUSDT,2026-05-12 08:29:00+00:00,2026-05-12 08:31:00+00:00,2026-05-12 09:31:00+00:00,9880.874890718942,9882.050442348436,9882.050442348436,9843.865933577954,31.80953418719507,3.945183275185278,0.0,27.86435091200979,27.86435091200979,60.0,3.281418302893675,mean
625,PCA3,15,LINKUSDT,2026-05-12 09:29:00+00:00,2026-05-12 09:31:00+00:00,2026-05-12 11:31:00+00:00,9883.764676904873,9914.139625855518,9914.139625855518,9841.577437336047,0.41451151990090385,3.951143412638313,0.0,-3.536631892737409,-3.536631892737409,120.0,-2.1189628264512987,mean
627,PCA3,15,AVAXUSDT,2026-05-12 09:44:00+00:00,2026-05-12 09:46:00+00:00,2026-05-12 11:31:00+00:00,9883.681658801368,9888.62580453133,9888.62580453133,9800.305313320412,8.299650339288764,3.937786223570349,0.0,4.361864115718415,4.361864115718415,105.0,-2.1817882320015984,mean
626,PCA3,15,NEARUSDT,2026-05-12 09:29:00+00:00,2026-05-12 09:31:00+00:00,2026-05-12 12:01:00+00:00,9883.764676904873,9921.09816067295,9921.09816067295,9767.995805084514,54.910899581840965,3.9378187931514925,0.0,50.97308078868947,50.97308078868947,150.0,2.037357922680052,mean
628,PCA3,15,BNBUSDT,2026-05-12 11:44:00+00:00,2026-05-12 11:46:00+00:00,2026-05-12 13:01:00+00:00,9890.234527065268,9883.541491286738,9883.541491286738,9892.01673792715,21.290484761389187,3.955111645842778,0.0,17.33537311554641,17.33537311554641,75.0,2.7199118262630186,mean
630,PCA3,15,AAVEUSDT,2026-05-12 14:44:00+00:00,2026-05-12 14:46:00+00:00,2026-05-12 16:16:00+00:00,9889.71983537258,9880.012657952377,9880.012657952377,9845.199776669708,13.227967287701814,3.945042486924417,0.3371077780812581,9.282924800777396,9.620032578858654,90.0,-2.286503949990169,mean
631,PCA3,15,NEARUSDT,2026-05-12 15:14:00+00:00,2026-05-12 15:16:00+00:00,2026-05-12 16:31:00+00:00,9890.616848710099,9869.333324336949,9869.333324336949,9805.864105383293,59.573529885765865,3.9350394859440483,-0.46098930960122664,55.63849039982182,55.177501090220595,75.0,2.412539878572334,mean
629,PCA3,15,BNBUSDT,2026-05-12 14:29:00+00:00,2026-05-12 14:31:00+00:00,2026-05-12 17:01:00+00:00,9890.722964415716,9883.227214870876,9883.227214870876,9842.19557043942,12.494615147505915,3.945084557062059,-0.6539964002493764,8.549530590443855,7.895534190194478,150.0,-2.3521144841999524,mean
633,PCA3,15,NEARUSDT,2026-05-12 18:44:00+00:00,2026-05-12 18:46:00+00:00,2026-05-12 19:46:00+00:00,9897.679328282975,9907.570349800879,9907.570349800879,9876.470013446575,76.92740328239728,3.9568080726494905,0.0,72.9705952097478,72.9705952097478,60.0,2.200682487319818,mean
634,PCA3,15,AAVEUSDT,2026-05-12 19:14:00+00:00,2026-05-12 19:16:00+00:00,2026-05-12 19:46:00+00:00,9893.300219252491,9896.018672340117,9896.018672340117,9920.921455178861,38.668915067760246,3.9633880255037957,0.0,34.70552704225645,34.70552704225645,30.0,-2.007301585899511,mean
635,PCA3,15,NEARUSDT,2026-05-12 21:14:00+00:00,2026-05-12 21:16:00+00:00,2026-05-12 22:01:00+00:00,9905.677845904069,9897.971164747903,9897.971164747903,9839.747266797462,83.01122256786442,3.947543686309073,0.0,79.06367888155535,79.06367888155535,45.0,2.1831505956878936,mean
636,PCA3,15,LTCUSDT,2026-05-12 21:44:00+00:00,2026-05-12 21:46:00+00:00,2026-05-12 22:16:00+00:00,9910.728229598251,9908.445657100938,9908.445657100938,9888.123145641634,32.421278260447146,3.9593137605485147,0.0,28.461964499898635,28.461964499898635,30.0,3.127666783320041,mean
632,PCA3,15,BNBUSDT,2026-05-12 18:29:00+00:00,2026-05-12 18:31:00+00:00,2026-05-12 22:46:00+00:00,9897.992271201641,9902.864561989822,9902.864561989822,9977.644525515383,-29.97816544030577,3.976101817501041,0.0,-33.95426725780681,-33.95426725780681,255.0,2.0201245900429114,timeout
637,PCA3,15,BNBUSDT,2026-05-13 01:14:00+00:00,2026-05-13 01:16:00+00:00,2026-05-13 04:16:00+00:00,9916.117021039207,9915.313910361136,9915.313910361136,9959.709089256645,9.316810182391098,3.9750045999235564,0.0,5.341805582467542,5.341805582467542,180.0,2.9612910683529643,mean
638,PCA3,15,NEARUSDT,2026-05-13 01:29:00+00:00,2026-05-13 01:31:00+00:00,2026-05-13 04:16:00+00:00,9915.931053824026,9928.61352274879,9928.61352274879,9950.38653576154,21.80662863198662,3.9758000117020664,0.0,17.830828620284553,17.830828620284553,165.0,2.038254398067675,mean
639,PCA3,15,DOTUSDT,2026-05-13 02:29:00+00:00,2026-05-13 02:31:00+00:00,2026-05-13 06:46:00+00:00,9918.34981316619,9916.505765635866,9916.505765635866,9953.28975734401,-82.44142040066421,3.9739591045959752,0.0,-86.41537950526019,-86.41537950526019,255.0,2.396550535817588,timeout
641,PCA3,15,BCHUSDT,2026-05-13 07:29:00+00:00,2026-05-13 07:31:00+00:00,2026-05-13 10:31:00+00:00,9909.263402747474,9908.322684230025,9908.322684230025,9949.074848453432,-4.570463072340155,3.9714795065366912,1.159481235259484,-8.541942578876846,-7.382461343617361,180.0,-2.6203999430747915,mean
642,PCA3,15,NEARUSDT,2026-05-13 07:44:00+00:00,2026-05-13 07:46:00+00:00,2026-05-13 10:31:00+00:00,9908.284554735603,9911.718318072728,9911.718318072728,9942.267295004156,-17.995141901917325,3.9707971226153767,0.3638695371438715,-21.9659390245327,-21.60206948738883,165.0,-2.0219242261655466,mean
640,PCA3,15,LINKUSDT,2026-05-13 06:44:00+00:00,2026-05-13 06:46:00+00:00,2026-05-13 11:01:00+00:00,9908.593477595816,9906.846336247985,9906.846336247985,9961.150815433415,-39.79512846833359,3.9735994303362805,0.27691503106335486,-43.768727898669866,-43.49181286760651,255.0,3.2111976418855193,timeout
644,PCA3,15,AVAXUSDT,2026-05-13 10:44:00+00:00,2026-05-13 10:46:00+00:00,2026-05-13 12:01:00+00:00,9903.01464829723,9904.672105990225,9904.672105990225,9808.813837765234,17.300852764939094,3.942697188751092,0.0,13.358155576188002,13.358155576188002,75.0,2.2018887991988962,mean
645,PCA3,15,HBARUSDT,2026-05-13 11:59:00+00:00,2026-05-13 12:01:00+00:00,2026-05-13 13:46:00+00:00,9905.280152605967,9902.222933692028,9902.222933692028,9774.807509789925,20.937569026678187,3.9354060886963906,0.0,17.002162937981797,17.002162937981797,105.0,-2.114140239290469,mean
643,PCA3,15,DOGEUSDT,2026-05-13 10:44:00+00:00,2026-05-13 10:46:00+00:00,2026-05-13 14:01:00+00:00,9903.01464829723,9907.896161092056,9907.896161092056,9618.161253960347,20.4804394827946,3.9052114830104805,0.0,16.57522799978412,16.57522799978412,195.0,2.983281119890721,mean
646,PCA3,15,LINKUSDT,2026-05-13 12:29:00+00:00,2026-05-13 12:31:00+00:00,2026-05-13 15:46:00+00:00,9905.295465744864,9866.669769173757,9866.669769173757,9669.415820316675,-32.13017943458945,3.907217117898086,0.0,-36.037396552487536,-36.037396552487536,195.0,-2.4066416225071614,mean
648,PCA3,15,AAVEUSDT,2026-05-13 14:14:00+00:00,2026-05-13 14:16:00+00:00,2026-05-13 16:01:00+00:00,9904.676053306743,9912.624879489522,9912.624879489522,9770.328863076673,41.97005197030993,3.9365907485132388,-0.3942008919621486,38.03346122179669,37.63926032983454,105.0,2.317994598276666,mean
647,PCA3,15,DOTUSDT,2026-05-13 13:59:00+00:00,2026-05-13 14:01:00+00:00,2026-05-13 16:31:00+00:00,9904.439338848531,9860.838375290168,9860.838375290168,9879.03608026819,31.177585067389426,3.9479748911116714,0.26815493547824365,27.229610176277752,27.497765111755996,150.0,-3.715134611583238,mean
649,PCA3,15,HBARUSDT,2026-05-13 15:59:00+00:00,2026-05-13 16:01:00+00:00,2026-05-13 17:01:00+00:00,9908.052953750284,9944.741169206929,9944.741169206929,10002.302477577914,28.91726685154158,3.9894087293569687,0.0,24.927858122184613,24.927858122184613,60.0,3.208549006874873,mean
650,PCA3,15,SOLUSDT,2026-05-13 16:14:00+00:00,2026-05-13 16:16:00+00:00,2026-05-13 19:46:00+00:00,9908.176179379028,9902.744705893381,9902.744705893381,9955.173233520416,-13.991415192692719,3.9715835878827592,0.0,-17.96299878057548,-17.96299878057548,210.0,-2.0267158372767815,mean
651,PCA3,15,DOGEUSDT,2026-05-13 16:44:00+00:00,2026-05-13 16:46:00+00:00,2026-05-13 20:16:00+00:00,9910.452562367378,9908.996470634154,9908.996470634154,9975.065415931962,-45.11648556607886,3.976812377313223,0.0,-49.09329794339208,-49.09329794339208,210.0,2.274233655122386,mean
652,PCA3,15,DOTUSDT,2026-05-13 19:14:00+00:00,2026-05-13 19:16:00+00:00,2026-05-13 20:46:00+00:00,9905.227569973746,9909.731724133315,9909.731724133315,9964.15366618948,26.11102172661991,3.974777078064559,0.0,22.13624464855535,22.13624464855535,90.0,-2.646636350349826,mean
653,PCA3,15,HBARUSDT,2026-05-13 19:59:00+00:00,2026-05-13 20:01:00+00:00,2026-05-14 00:01:00+00:00,9905.478806804946,9912.100564181239,9912.100564181239,9939.699165764721,-7.156875883516643,3.970359945989192,0.264704072322333,-11.127235829505835,-10.862531757183502,240.0,2.2977754671650743,mean
654,PCA3,15,DOGEUSDT,2026-05-14 00:29:00+00:00,2026-05-14 00:31:00+00:00,2026-05-14 02:31:00+00:00,9907.063157108358,9909.067890099617,9909.067890099617,9881.065556904387,32.024096429336815,3.9580266894008007,0.0,28.06606973993601,28.06606973993601,120.0,3.116329159531162,mean
655,PCA3,15,DOGEUSDT,2026-05-14 05:59:00+00:00,2026-05-14 06:01:00+00:00,2026-05-14 06:16:00+00:00,9909.86976408235,9922.181527850511,9922.181527850511,9875.830882111857,46.07342087075908,3.9596024819924738,0.0,42.11381838876661,42.11381838876661,15.0,2.1780621678603826,mean
656,PCA3,15,LINKUSDT,2026-05-14 06:14:00+00:00,2026-05-14 06:16:00+00:00,2026-05-14 07:01:00+00:00,9914.249570577536,9904.488610178547,9904.488610178547,9878.474568465052,18.604528345387394,3.95659263572872,0.0,14.647935709658674,14.647935709658674,45.0,2.0410228828825763,mean
657,PCA3,15,HBARUSDT,2026-05-14 06:44:00+00:00,2026-05-14 06:46:00+00:00,2026-05-14 08:16:00+00:00,9914.11771091154,9916.03577380101,9916.03577380101,9902.676944650068,13.189737128700976,3.9637425436902154,-0.35756549002521504,9.225994585010762,8.868429094985547,90.0,-2.0580565430200664,mean
658,PCA3,15,AVAXUSDT,2026-05-14 08:44:00+00:00,2026-05-14 08:46:00+00:00,2026-05-14 10:16:00+00:00,9916.432782401693,9908.820260534214,9908.820260534214,9888.691216545423,9.111816501699533,3.959502295415927,0.0,5.152314206283606,5.152314206283606,90.0,-2.0903116328107805,mean
659,PCA3,15,TRXUSDT,2026-05-14 09:59:00+00:00,2026-05-14 10:01:00+00:00,2026-05-14 12:31:00+00:00,9916.713524520572,9921.7452287033,9921.7452287033,9936.850726237795,-8.769892625088442,3.9717191909882192,0.0,-12.74161181607666,-12.74161181607666,150.0,2.0502430646507106,mean
660,PCA3,15,XRPUSDT,2026-05-14 12:44:00+00:00,2026-05-14 12:46:00+00:00,2026-05-14 13:46:00+00:00,9915.673852640713,9916.954053283062,9916.954053283062,9931.186423731575,22.095988872806274,3.969628095402927,0.0,18.126360777403345,18.126360777403345,60.0,2.2355427793183815,mean
661,PCA3,15,DOGEUSDT,2026-05-14 12:59:00+00:00,2026-05-14 13:01:00+00:00,2026-05-14 13:46:00+00:00,9916.847456019823,9899.977850083376,9899.977850083376,9898.425141013768,28.3173918863233,3.9596805982194283,0.0,24.35771128810387,24.35771128810387,45.0,2.276078802054845,mean
662,PCA3,15,ETHUSDT,2026-05-14 12:59:00+00:00,2026-05-14 13:01:00+00:00,2026-05-14 15:31:00+00:00,9916.847456019823,9909.215822816146,9909.215822816146,10045.969526474824,-1.3529939964173263,3.9910370698581943,0.0,-5.34403106627552,-5.34403106627552,150.0,-2.0596179089341136,mean
663,PCA3,15,HBARUSDT,2026-05-14 13:59:00+00:00,2026-05-14 14:01:00+00:00,2026-05-14 16:16:00+00:00,9918.107557730875,9931.113159022529,9931.113159022529,10131.843408015282,27.540473409564623,4.012591313407562,0.02164940375339885,23.52788209615706,23.54953149991046,135.0,3.453418955164546,mean
664,PCA3,15,AVAXUSDT,2026-05-14 14:44:00+00:00,2026-05-14 14:46:00+00:00,2026-05-14 16:46:00+00:00,9917.433732099842,9926.159142197692,9926.159142197692,10011.013453595706,6.6087004357658525,3.987434519158679,0.42815890455826194,2.6212659166071735,3.0494248211654353,120.0,2.431583664564385,mean
665,PCA3,15,DOGEUSDT,2026-05-14 15:44:00+00:00,2026-05-14 15:46:00+00:00,2026-05-14 17:31:00+00:00,9916.493046459604,9916.347249853285,9916.347249853285,9968.258810577503,34.35534826705745,3.9769212120861575,0.49326875202342524,30.378427054971294,30.87169580699472,105.0,-4.173634487868191,mean
666,PCA3,15,LINKUSDT,2026-05-14 16:29:00+00:00,2026-05-14 16:31:00+00:00,2026-05-14 18:16:00+00:00,9922.526530930369,9927.901232646063,9927.901232646063,9927.323014334279,60.14510343298894,3.971044849396068,0.0,56.174058583592874,56.174058583592874,105.0,5.319098399389124,mean
667,PCA3,15,BTCUSDT,2026-05-14 16:59:00+00:00,2026-05-14 17:01:00+00:00,2026-05-14 18:16:00+00:00,9929.135289440263,9921.376584268934,9921.376584268934,9939.980893650958,24.531794776400822,3.9722714955839784,0.0,20.559523280816844,20.559523280816844,75.0,2.3240599111165365,mean
668,PCA3,15,DOTUSDT,2026-05-14 17:44:00+00:00,2026-05-14 17:46:00+00:00,2026-05-14 20:16:00+00:00,9930.551485274897,9939.651857562802,9939.651857562802,9916.776155730016,5.427984446282643,3.971285602658563,0.0,1.4566988436240804,1.4566988436240804,150.0,3.7483195524085873,mean
670,PCA3,15,AVAXUSDT,2026-05-14 18:29:00+00:00,2026-05-14 18:31:00+00:00,2026-05-14 20:31:00+00:00,9933.139464846052,9925.09441104668,9925.09441104668,9810.107959412608,8.642118304463441,3.9470404740918577,0.0,4.695077830371584,4.695077830371584,120.0,-4.558922096781942,mean
669,PCA3,15,XRPUSDT,2026-05-14 18:29:00+00:00,2026-05-14 18:31:00+00:00,2026-05-14 20:46:00+00:00,9933.139464846052,9909.197172875378,9909.197172875378,9769.90109069412,35.23968091301512,3.9358196527139,0.0,31.30386126030122,31.30386126030122,135.0,8.735227880945963,mean
671,PCA3,15,HBARUSDT,2026-05-14 21:14:00+00:00,2026-05-14 21:16:00+00:00,2026-05-14 23:01:00+00:00,9936.553843933316,9945.038078650734,9945.038078650734,9952.14024235919,17.263939034507402,3.9794356642019846,0.0,13.284503370305417,13.284503370305417,105.0,-2.1382431273585243,mean
673,PCA3,15,ADAUSDT,2026-05-14 22:44:00+00:00,2026-05-14 22:46:00+00:00,2026-05-14 23:16:00+00:00,9938.332188371724,9936.565250426707,9936.565250426707,9907.168216489415,18.83551786087656,3.968746693383225,0.0,14.866771167493336,14.866771167493336,30.0,-2.031029000439297,mean
672,PCA3,15,XRPUSDT,2026-05-14 21:59:00+00:00,2026-05-14 22:01:00+00:00,2026-05-15 00:31:00+00:00,9936.745797840798,9938.163415760951,9938.163415760951,9914.725071450277,2.7349983146616905,3.9705776974422458,-0.310598766764824,-1.2355793827805552,-1.5461781495453792,150.0,-2.0906386532423555,mean
674,PCA3,15,DOTUSDT,2026-05-14 23:14:00+00:00,2026-05-14 23:16:00+00:00,2026-05-15 02:01:00+00:00,9940.151511002905,9944.459691823113,9944.459691823113,9873.232897790142,-7.305725834388553,3.963538517922651,-0.24431307745081499,-11.269264352311204,-11.51357742976202,165.0,-2.728681676835844,mean
675,PCA3,15,BNBUSDT,2026-05-15 00:29:00+00:00,2026-05-15 00:31:00+00:00,2026-05-15 02:16:00+00:00,9938.412585877699,9930.221917315836,9930.221917315836,9863.726570306986,5.479023219877535,3.9587896975245647,0.0,1.5202335223529702,1.5202335223529702,105.0,2.2123566729905817,mean
676,PCA3,15,DOGEUSDT,2026-05-15 05:29:00+00:00,2026-05-15 05:31:00+00:00,2026-05-15 06:46:00+00:00,9938.2150191814,9923.025737862405,9923.025737862405,9949.968072766527,27.148095837633704,3.9745987621257868,0.0,23.173497075507917,23.173497075507917,75.0,-2.10357353879024,mean
677,PCA3,15,BNBUSDT,2026-05-15 06:44:00+00:00,2026-05-15 06:46:00+00:00,2026-05-15 09:46:00+00:00,9940.743418808524,9937.339107194644,9937.339107194644,9917.762108568808,-13.319925259681721,3.97102024315269,0.09351597709453878,-17.29094550283441,-17.19742952573987,180.0,2.449860587125936,mean
678,PCA3,15,LTCUSDT,2026-05-15 07:14:00+00:00,2026-05-15 07:16:00+00:00,2026-05-15 10:16:00+00:00,9940.36557050779,9935.513626530512,9935.513626530512,9907.105263436859,-13.010206443986545,3.9685237779934743,0.06163487454702372,-16.97873022198002,-16.917095347432994,180.0,2.3358589704877977,mean
679,PCA3,15,TRXUSDT,2026-05-15 07:59:00+00:00,2026-05-15 08:01:00+00:00,2026-05-15 11:01:00+00:00,9939.771046490769,9934.806646475257,9934.806646475257,9936.495183655285,9.906825390568192,3.9742603660261087,0.0,5.932565024542084,5.932565024542084,180.0,-2.6049339396714988,mean
680,PCA3,15,LTCUSDT,2026-05-15 13:59:00+00:00,2026-05-15 14:01:00+00:00,2026-05-15 15:16:00+00:00,9937.714172904087,9924.325404046307,9924.325404046307,9982.112526555244,9.050601131834043,3.98128758612031,0.0,5.069313545713733,5.069313545713733,75.0,-2.0997839693439544,mean
682,PCA3,15,ADAUSDT,2026-05-15 14:14:00+00:00,2026-05-15 14:16:00+00:00,2026-05-15 16:31:00+00:00,9937.411782496609,9943.880275281006,9943.880275281006,9995.772115684795,4.938704073139731,3.98793047819316,0.35482285848171496,0.9507735949465712,1.3055964534282862,135.0,-2.0571843682922486,mean
681,PCA3,15,HBARUSDT,2026-05-15 14:14:00+00:00,2026-05-15 14:16:00+00:00,2026-05-15 18:31:00+00:00,9937.411782496609,9953.501990429879,9953.501990429879,9992.566718293034,23.921289108080355,3.9892137417445825,0.3458899383531611,19.93207536633577,20.27796530468893,255.0,4.871259530564894,timeout
683,PCA3,15,NEARUSDT,2026-05-15 17:14:00+00:00,2026-05-15 17:16:00+00:00,2026-05-15 18:31:00+00:00,9941.260740271324,9935.079973785287,9935.079973785287,9917.291787843025,24.910209895306217,3.9704743523256623,0.0,20.939735542980554,20.939735542980554,75.0,2.056285077266994,mean
684,PCA3,15,BNBUSDT,2026-05-16 03:44:00+00:00,2026-05-16 03:46:00+00:00,2026-05-16 05:31:00+00:00,9942.473433988767,9945.898235810244,9945.898235810244,9910.141168141801,12.308542369717022,3.971207880790409,0.0,8.337334488926613,8.337334488926613,105.0,-2.275880104519807,mean
685,PCA3,15,BCHUSDT,2026-05-16 07:44:00+00:00,2026-05-16 07:46:00+00:00,2026-05-16 09:01:00+00:00,9943.30716743766,9945.932009515152,9945.932009515152,9946.0507569522,15.74923989666065,3.9783965532934706,0.1627999044344982,11.770843343367181,11.93364324780168,75.0,-2.0015363826403956,mean
688,PCA3,15,TRXUSDT,2026-05-16 11:29:00+00:00,2026-05-16 11:31:00+00:00,2026-05-16 12:01:00+00:00,9941.501462237155,9940.999195265174,9940.999195265174,9914.879130075602,14.42531292763108,3.971175665068155,0.0,10.454137262562924,10.454137262562924,30.0,2.535851872390742,mean
686,PCA3,15,SOLUSDT,2026-05-16 09:29:00+00:00,2026-05-16 09:31:00+00:00,2026-05-16 12:31:00+00:00,9944.50053176244,9942.924714409368,9942.924714409368,9962.21029886014,10.251633844580935,3.9810270026539016,0.0,6.270606841927034,6.270606841927034,180.0,-3.117900390653842,mean
687,PCA3,15,BCHUSDT,2026-05-16 09:59:00+00:00,2026-05-16 10:01:00+00:00,2026-05-16 12:46:00+00:00,9945.099437208792,9950.954419643984,9950.954419643984,9964.996145181402,-7.314921395910348,3.983190112965077,0.0,-11.298111508875426,-11.298111508875426,165.0,-3.663862260464016,mean
690,PCA3,15,ETHUSDT,2026-05-16 16:44:00+00:00,2026-05-16 16:46:00+00:00,2026-05-16 18:16:00+00:00,9943.400307130387,9948.405525161497,9948.405525161497,9964.69707580408,10.26709114901091,3.982620520193116,0.0,6.284470628817792,6.284470628817792,90.0,-2.0293730286384877,mean
689,PCA3,15,TRXUSDT,2026-05-16 16:14:00+00:00,2026-05-16 16:16:00+00:00,2026-05-16 20:31:00+00:00,9945.043195022003,9945.646503649104,9945.646503649104,9967.64675599611,-20.526410613129016,3.982658651929043,0.0,-24.50906926505806,-24.50906926505806,255.0,2.1281611177771174,timeout
691,PCA3,15,BCHUSDT,2026-05-17 17:44:00+00:00,2026-05-17 17:46:00+00:00,2026-05-17 18:01:00+00:00,9943.22073515838,9939.502382480714,9939.502382480714,9974.933636287318,29.5730295431499,3.9828872037536067,0.0,25.590142339396294,25.590142339396294,15.0,-2.4036596102523142,mean
694,PCA3,15,ETHUSDT,2026-05-17 23:44:00+00:00,2026-05-17 23:46:00+00:00,2026-05-18 02:46:00+00:00,9950.939617479951,9940.566887189842,9940.566887189842,9948.645488315211,5.342069318274638,3.9778424751010104,-0.28800827372272964,1.3642268431736277,1.076218569450898,180.0,-4.134516955195966,mean
693,PCA3,15,LTCUSDT,2026-05-17 23:14:00+00:00,2026-05-17 23:16:00+00:00,2026-05-18 03:16:00+00:00,9945.77974939232,9936.557713042586,9936.557713042586,9795.007709995458,-35.11963904829388,3.946313084607609,0.10246629216816937,-39.06595213290149,-38.96348584073332,240.0,-3.598161693504054,mean
692,PCA3,15,BCHUSDT,2026-05-17 23:14:00+00:00,2026-05-17 23:16:00+00:00,2026-05-18 03:31:00+00:00,9945.77974939232,9934.6382281926,9934.6382281926,9658.050185507442,-177.49425191030298,3.9185376827400082,0.33173983992493805,-181.412789593043,-181.08104975311804,255.0,-5.507876331307663,timeout
695,PCA3,15,AVAXUSDT,2026-05-18 02:59:00+00:00,2026-05-18 03:01:00+00:00,2026-05-18 06:16:00+00:00,9922.702035336362,9935.464747132275,9935.464747132275,9862.696710912995,-0.4291352208293482,3.9596322916090543,0.0,-4.3887675124384025,-4.3887675124384025,195.0,3.120017282214981,mean
696,PCA3,15,TRXUSDT,2026-05-18 03:29:00+00:00,2026-05-18 03:31:00+00:00,2026-05-18 06:31:00+00:00,9923.789452076482,9920.923800319633,9920.923800319633,9837.517965491617,-53.36072211148214,3.9516883531622504,0.0,-57.31241046464439,-57.31241046464439,180.0,3.085394672410139,mean
697,PCA3,15,BCHUSDT,2026-05-18 03:44:00+00:00,2026-05-18 03:46:00+00:00,2026-05-18 08:01:00+00:00,9923.351846683552,9922.38703657441,9922.38703657441,9621.59396999732,-238.95794255855006,3.908796201314346,2.918160257606519,-242.8667387598644,-239.94857850225787,255.0,-4.685386814513884,timeout
699,PCA3,15,AAVEUSDT,2026-05-18 06:44:00+00:00,2026-05-18 06:46:00+00:00,2026-05-18 09:31:00+00:00,9900.775889001714,9901.957502418358,9901.957502418358,9867.300738860296,2.181193072668794,3.9538516482557307,0.03665976630969066,-1.7726585755869366,-1.735998809277246,165.0,2.1496691286778384,mean
698,PCA3,15,ETHUSDT,2026-05-18 06:29:00+00:00,2026-05-18 06:31:00+00:00,2026-05-18 10:46:00+00:00,9895.930218521404,9886.372727260194,9886.372727260194,9886.43081096804,-23.021029752785154,3.954560707645647,0.13095563784552652,-26.9755904604308,-26.844634822585274,255.0,3.3040665707259733,timeout
702,PCA3,15,TRXUSDT,2026-05-18 10:59:00+00:00,2026-05-18 11:01:00+00:00,2026-05-18 12:16:00+00:00,9886.500218597408,9884.104875020184,9884.104875020184,9920.835001897132,66.92171973344854,3.960987975383463,0.0,62.96073175806508,62.96073175806508,75.0,2.5149606492151624,mean
700,PCA3,15,BCHUSDT,2026-05-18 08:14:00+00:00,2026-05-18 08:16:00+00:00,2026-05-18 12:31:00+00:00,9892.052149300509,9884.45586467656,9884.45586467656,10065.694193692281,117.51765552356913,3.9900300116737686,0.0,113.52762551189537,113.52762551189537,255.0,-4.5915136130922605,timeout
701,PCA3,15,NEARUSDT,2026-05-18 10:44:00+00:00,2026-05-18 10:46:00+00:00,2026-05-18 13:01:00+00:00,9884.916632977562,9894.181027448254,9894.181027448254,9981.42869582993,60.07635033188912,3.975121944655637,0.0,56.10122838723348,56.10122838723348,135.0,2.207261579522378,mean
704,PCA3,15,ADAUSDT,2026-05-18 12:59:00+00:00,2026-05-18 13:01:00+00:00,2026-05-18 14:46:00+00:00,9912.486890110122,9909.690555444762,9909.690555444762,9748.068899333846,2.2690583920030445,3.931551890955722,0.0,-1.6624934989526774,-1.6624934989526774,105.0,-2.034700498369257,mean
705,PCA3,15,TRXUSDT,2026-05-18 13:29:00+00:00,2026-05-18 13:31:00+00:00,2026-05-18 14:46:00+00:00,9907.584892529327,9902.519528597235,9902.519528597235,9824.724007727129,-43.21165849741414,3.9454487072648727,0.0,-47.157107204679015,-47.157107204679015,75.0,2.216888660653529,mean
703,PCA3,15,BCHUSDT,2026-05-18 12:44:00+00:00,2026-05-18 12:46:00+00:00,2026-05-18 15:01:00+00:00,9911.322148848749,9932.892114578164,9932.892114578164,9733.79847949538,31.86419377791431,3.933338118814709,0.0,27.9308556590996,27.9308556590996,135.0,4.330371745059231,mean
706,PCA3,15,TRXUSDT,2026-05-18 15:14:00+00:00,2026-05-18 15:16:00+00:00,2026-05-18 18:01:00+00:00,9912.029962740027,9906.48005329062,9906.48005329062,9961.675777260043,-20.240053343312816,3.973631166110132,-0.4137846150233336,-24.213684509422947,-24.627469124446282,165.0,-3.208719976523451,mean
707,PCA3,15,ETHUSDT,2026-05-18 16:29:00+00:00,2026-05-18 16:31:00+00:00,2026-05-18 19:16:00+00:00,9913.4703569595,9913.136190990623,9913.136190990623,9984.408354013936,1.5396235366257498,3.979508909000912,0.0,-2.439885372375162,-2.439885372375162,165.0,-2.078525571318783,mean
709,PCA3,15,LTCUSDT,2026-05-18 18:59:00+00:00,2026-05-18 19:01:00+00:00,2026-05-18 20:31:00+00:00,9907.321141498003,9914.278372423256,9914.278372423256,10073.064515588581,29.327028006681623,3.9974685776023673,0.0,25.329559429079257,25.329559429079257,90.0,2.0105525686896315,mean
708,PCA3,15,NEARUSDT,2026-05-18 17:14:00+00:00,2026-05-18 17:16:00+00:00,2026-05-18 21:31:00+00:00,9910.19238569213,9912.946390921266,9912.946390921266,10132.936516114942,-105.00946641942978,4.0091765814072415,0.0,-109.01864300083702,-109.01864300083702,255.0,2.022874051704889,timeout
712,PCA3,15,ETHUSDT,2026-05-18 21:44:00+00:00,2026-05-18 21:46:00+00:00,2026-05-18 23:01:00+00:00,9898.574821906122,9897.926602250764,9897.926602250764,9905.431659251846,10.913308269643704,3.960671652300522,0.0,6.952636617343183,6.952636617343183,75.0,2.1154643185394626,mean
710,PCA3,15,UNIUSDT,2026-05-18 21:14:00+00:00,2026-05-18 21:16:00+00:00,2026-05-19 01:16:00+00:00,9899.27482393471,9916.720167870631,9916.720167870631,10033.027599658519,-56.73808062364507,3.9899495535058302,0.3672203841314988,-60.7280301771509,-60.3608097930194,240.0,3.149812288588516,mean
711,PCA3,15,NEARUSDT,2026-05-18 21:44:00+00:00,2026-05-18 21:46:00+00:00,2026-05-19 01:31:00+00:00,9898.574821906122,9900.718724435283,9900.718724435283,9918.136915546374,-40.14212099931665,3.9637711279963312,-0.5459170017933107,-44.105892127312984,-44.6518091291063,225.0,2.2587398529906246,mean
713,PCA3,15,LINKUSDT,2026-05-19 02:29:00+00:00,2026-05-19 02:31:00+00:00,2026-05-19 06:46:00+00:00,9891.14832070269,9884.808907231833,9884.808907231833,9961.752422473937,-36.66549382225704,3.9693122659411535,0.0,-40.63480608819819,-40.63480608819819,255.0,2.3706151933296264,timeout
715,PCA3,15,SUIUSDT,2026-05-19 06:29:00+00:00,2026-05-19 06:31:00+00:00,2026-05-19 08:16:00+00:00,9887.928949741232,9889.149722986407,9889.149722986407,9867.030359377643,11.428856397933865,3.9512360164728095,-0.49012521262072356,7.4776203814610565,6.987495168840333,105.0,2.4046309018732623,mean
714,PCA3,15,UNIUSDT,2026-05-19 05:29:00+00:00,2026-05-19 05:31:00+00:00,2026-05-19 08:46:00+00:00,9888.200170927108,9885.439648038744,9885.439648038744,9932.935553080288,6.996999853114747,3.963675040223807,-0.10595180672532889,3.03332481289094,2.927373006165611,195.0,-2.0953796978852233,mean
716,PCA3,15,NEARUSDT,2026-05-19 06:59:00+00:00,2026-05-19 07:01:00+00:00,2026-05-19 09:31:00+00:00,9887.648619742136,9867.930589551042,9867.930589551042,9804.838864098549,3.1483121640044054,3.9345538907299185,0.1146316240166369,-0.7862417267255128,-0.6716101027088759,150.0,2.070051559625521,mean
717,PCA3,15,XLMUSDT,2026-05-19 08:44:00+00:00,2026-05-19 08:46:00+00:00,2026-05-19 09:46:00+00:00,9885.862304463493,9880.529957443685,9880.529957443685,9794.897126829259,19.276433902838917,3.935085416854589,0.0,15.341348485984328,15.341348485984328,60.0,2.698250904703832,mean
718,PCA3,15,TRXUSDT,2026-05-19 08:59:00+00:00,2026-05-19 09:01:00+00:00,2026-05-19 11:16:00+00:00,9886.601573667504,9887.047601114466,9887.047601114466,9846.96004417252,42.31451979219045,3.9468015290573972,0.0,38.36771826313306,38.36771826313306,135.0,-2.1230337124757614,mean
720,PCA3,15,BTCUSDT,2026-05-19 10:59:00+00:00,2026-05-19 11:01:00+00:00,2026-05-19 12:16:00+00:00,9892.158973038377,9891.159113921667,9891.159113921667,9879.265153263992,14.87708684759299,3.9540848534371316,0.0,10.923001994155857,10.923001994155857,75.0,2.395047800904023,mean
719,PCA3,15,LINKUSDT,2026-05-19 09:44:00+00:00,2026-05-19 09:46:00+00:00,2026-05-19 14:01:00+00:00,9890.776278761647,9890.09218308679,9890.09218308679,9843.61759082233,-27.5520077429031,3.946741954781824,0.0,-31.498749697684925,-31.498749697684925,255.0,-2.2445698099572944,timeout
721,PCA3,15,BCHUSDT,2026-05-19 12:14:00+00:00,2026-05-19 12:16:00+00:00,2026-05-19 14:16:00+00:00,9891.99990814188,9903.796588581316,9903.796588581316,9841.437981617191,39.26181291979118,3.9490469140397013,0.0,35.312766005751484,35.312766005751484,120.0,2.5566928995577958,mean
722,PCA3,15,AVAXUSDT,2026-05-19 13:59:00+00:00,2026-05-19 14:01:00+00:00,2026-05-19 14:31:00+00:00,9895.273503069007,9879.913247593728,9879.913247593728,9842.109292624902,11.533582552780638,3.9444045080437258,0.0,7.5891780447369115,7.5891780447369115,30.0,-2.013926926986634,mean
723,PCA3,15,BCHUSDT,2026-05-19 14:44:00+00:00,2026-05-19 14:46:00+00:00,2026-05-19 18:16:00+00:00,9895.612692210709,9827.504098967844,9827.504098967844,9939.515626713663,56.25088954851921,3.9534039451363014,0.4907312866400575,52.29748560338291,52.788216890022966,210.0,-4.167125200941461,mean
725,PCA3,15,NEARUSDT,2026-05-19 16:59:00+00:00,2026-05-19 17:01:00+00:00,2026-05-19 19:01:00+00:00,9899.80158748849,9907.603906873923,9907.603906873923,9848.51969907616,20.765624753130755,3.951224721190016,0.0,16.81440003194074,16.81440003194074,120.0,2.268801673996581,mean
724,PCA3,15,HBARUSDT,2026-05-19 15:59:00+00:00,2026-05-19 16:01:00+00:00,2026-05-19 19:46:00+00:00,9898.545432703022,9899.063491699488,9899.063491699488,9885.50727253074,-10.588113094467507,3.956914152846046,0.0,-14.545027247313552,-14.545027247313552,225.0,-2.1344645387340315,mean
726,PCA3,15,XLMUSDT,2026-05-19 20:14:00+00:00,2026-05-19 20:16:00+00:00,2026-05-19 22:31:00+00:00,9901.118451178176,9898.125489977605,9898.125489977605,9859.71679369572,-1.0327149604550478,3.951568456734665,0.0,-4.984283417189713,-4.984283417189713,135.0,-2.153759313916168,mean
728,PCA3,15,LTCUSDT,2026-05-19 23:59:00+00:00,2026-05-20 00:01:00+00:00,2026-05-20 00:31:00+00:00,9897.324732480713,9889.80426351839,9889.80426351839,9867.604696052156,25.043032688806317,3.9514817919141096,0.0,21.09155089689221,21.09155089689221,30.0,2.49548750302863,mean
727,PCA3,15,NEARUSDT,2026-05-19 21:14:00+00:00,2026-05-19 21:16:00+00:00,2026-05-20 01:01:00+00:00,9900.04789582255,9898.993695186125,9898.993695186125,9807.434956129615,-27.668344991678975,3.9412857302631483,-0.4996949325946654,-31.60963072194212,-32.10932565453679,225.0,-2.140478444872903,mean
729,PCA3,15,SUIUSDT,2026-05-20 00:14:00+00:00,2026-05-20 00:16:00+00:00,2026-05-20 03:16:00+00:00,9896.38962314004,9899.675217072303,9899.675217072303,9894.15499478003,-4.709133664191143,3.958766042370467,0.0,-8.66789970656161,-8.66789970656161,180.0,-2.0157169093929244,mean
730,PCA3,15,LTCUSDT,2026-05-20 00:59:00+00:00,2026-05-20 01:01:00+00:00,2026-05-20 04:16:00+00:00,9897.557714485447,9896.462414800872,9896.462414800872,9909.257569947285,-5.430900894564839,3.961143996949632,0.0,-9.392044891514471,-9.392044891514471,195.0,-2.6694718428960447,mean
731,PCA3,15,NEARUSDT,2026-05-20 05:59:00+00:00,2026-05-20 06:01:00+00:00,2026-05-20 08:46:00+00:00,9897.712250900882,9896.60674956874,9896.60674956874,9902.689133066657,33.91606961709699,3.9598591765270794,0.26626826620992083,29.956210440569908,30.222478706779828,165.0,3.7823022027814694,mean
733,PCA3,15,ADAUSDT,2026-05-20 06:59:00+00:00,2026-05-20 07:01:00+00:00,2026-05-20 09:16:00+00:00,9897.480212957324,9895.297608461009,9895.297608461009,9876.830925078959,3.015417739654526,3.954425706707993,-0.2217743769440836,-0.9390079670534675,-1.160782343997551,135.0,-2.083917602744455,mean
734,PCA3,15,AAVEUSDT,2026-05-20 08:59:00+00:00,2026-05-20 09:01:00+00:00,2026-05-20 10:31:00+00:00,9894.47155415318,9888.737140904817,9888.737140904817,9915.991413312626,17.93694054328308,3.9609457108434887,0.0,13.97599483243959,13.97599483243959,90.0,-2.162612719341711,mean
735,PCA3,15,XLMUSDT,2026-05-20 09:29:00+00:00,2026-05-20 09:31:00+00:00,2026-05-20 10:31:00+00:00,9892.338625986886,9895.488002731878,9895.488002731878,9920.29243253794,19.350526947411225,3.9631560870539637,0.0,15.387370860357262,15.387370860357262,60.0,-2.072996911181744,mean
732,PCA3,15,UNIUSDT,2026-05-20 06:44:00+00:00,2026-05-20 06:46:00+00:00,2026-05-20 11:01:00+00:00,9900.898585184821,9898.560810034744,9898.560810034744,9997.764926536835,-95.68625685962724,3.9792651473143152,0.07316402600137906,-99.66552200694154,-99.59235798094016,255.0,3.8013048311185536,timeout
736,PCA3,15,UNIUSDT,2026-05-20 14:29:00+00:00,2026-05-20 14:31:00+00:00,2026-05-20 15:46:00+00:00,9893.595521308347,9914.98117677379,9914.98117677379,9983.800122062623,40.135422694912535,3.9797562597672824,0.0,36.15566643514525,36.15566643514525,75.0,-2.0034870922916763,mean
737,PCA3,15,NEARUSDT,2026-05-20 14:44:00+00:00,2026-05-20 14:46:00+00:00,2026-05-20 16:16:00+00:00,9892.526022647238,9898.357985031063,9898.357985031063,9886.233768009602,34.83786306121083,3.9569183506081327,0.09353134667343906,30.8809447106027,30.974476057276142,90.0,2.1306408948744555,mean
740,PCA3,15,BTCUSDT,2026-05-20 16:29:00+00:00,2026-05-20 16:31:00+00:00,2026-05-20 17:46:00+00:00,9898.948778606216,9895.741044170221,9895.741044170221,9980.23814228013,0.4963482590467343,3.9751958372900704,0.0,-3.478847578243336,-3.478847578243336,75.0,-2.2740086799796,mean
738,PCA3,15,SOLUSDT,2026-05-20 14:59:00+00:00,2026-05-20 15:01:00+00:00,2026-05-20 18:31:00+00:00,9893.781388906928,9895.340123115195,9895.340123115195,9904.822489992597,-15.883346973658028,3.9600325226215585,-0.2560826545914099,-19.84337949627959,-20.099462150871,210.0,2.457542362556686,mean
739,PCA3,15,ADAUSDT,2026-05-20 16:14:00+00:00,2026-05-20 16:16:00+00:00,2026-05-20 18:31:00+00:00,9897.789812175206,9883.133616534828,9883.133616534828,9880.440403101004,7.873308940989301,3.952714803927166,0.0,3.9205941370621358,3.9205941370621358,135.0,-2.1802800593557183,mean
741,PCA3,15,NEARUSDT,2026-05-20 21:44:00+00:00,2026-05-20 21:46:00+00:00,2026-05-20 22:46:00+00:00,9898.342763998386,9897.334614980455,9897.334614980455,9806.771755647242,64.9594874324085,3.940821274125539,0.0,61.018666158282954,61.018666158282954,60.0,2.5180468140593018,mean
742,PCA3,15,SUIUSDT,2026-05-21 00:29:00+00:00,2026-05-21 00:31:00+00:00,2026-05-21 03:16:00+00:00,9904.444630614213,9904.462220127976,9904.462220127976,10018.269645647282,-49.620218400251574,3.9845463731550517,0.0,-53.60476477340662,-53.60476477340662,165.0,2.395997207208467,mean
744,PCA3,15,SUIUSDT,2026-05-21 03:59:00+00:00,2026-05-21 04:01:00+00:00,2026-05-21 04:46:00+00:00,9898.316282476742,9911.264808000124,9911.264808000124,9835.112081127356,64.73495698340028,3.949275377825496,0.0,60.78568160557479,60.78568160557479,45.0,3.609590053209599,mean
745,PCA3,15,UNIUSDT,2026-05-21 03:59:00+00:00,2026-05-21 04:01:00+00:00,2026-05-21 04:46:00+00:00,9898.316282476742,9910.033218160212,9910.033218160212,9920.546968470371,29.15791561313401,3.966116037326117,0.0,25.19179957580789,25.19179957580789,45.0,-2.076576233475371,mean
743,PCA3,15,XLMUSDT,2026-05-21 02:14:00+00:00,2026-05-21 02:16:00+00:00,2026-05-21 05:16:00+00:00,9890.706923797681,9892.514918626412,9892.514918626412,9920.264535206548,5.389314567029286,3.962555890766592,0.0,1.426758676262694,1.426758676262694,180.0,2.6249711396967395,mean
747,PCA3,15,NEARUSDT,2026-05-21 04:59:00+00:00,2026-05-21 05:01:00+00:00,2026-05-21 06:16:00+00:00,9906.945907077976,9914.632152352991,9914.632152352991,9792.130477451366,67.17456550684567,3.9413525259608715,0.0,63.233212980884794,63.233212980884794,75.0,2.5958506773475585,mean
746,PCA3,15,DOTUSDT,2026-05-21 04:59:00+00:00,2026-05-21 05:01:00+00:00,2026-05-21 07:31:00+00:00,9906.945907077976,9910.906719741848,9910.906719741848,9810.156051082655,24.630852615844294,3.9442125541649,0.0,20.686640061679395,20.686640061679395,150.0,3.5124763921562048,mean
748,PCA3,15,ADAUSDT,2026-05-21 05:44:00+00:00,2026-05-21 05:46:00+00:00,2026-05-21 09:01:00+00:00,9916.618848924962,9916.347140163818,9916.347140163818,9930.139422308279,-3.0684268784101323,3.9692973124944197,-0.29648388408885046,-7.037724190904552,-7.334208074993402,195.0,-2.5467576896408004,mean
749,PCA3,15,AVAXUSDT,2026-05-21 06:29:00+00:00,2026-05-21 06:31:00+00:00,2026-05-21 09:01:00+00:00,9915.60147687066,9918.586443996459,9918.586443996459,9944.104526445873,-3.95868842511903,3.9725381940884663,0.02466948821452892,-7.9312266192074965,-7.906557130992968,150.0,2.230286993130052,mean
750,PCA3,15,NEARUSDT,2026-05-21 09:14:00+00:00,2026-05-21 09:16:00+00:00,2026-05-21 11:46:00+00:00,9914.692486906297,9906.516569453343,9906.516569453343,9761.847727788843,10.424883535078264,3.9336728594484374,0.0,6.4912106756298265,6.4912106756298265,150.0,2.244227503195244,mean
752,PCA3,15,LTCUSDT,2026-05-21 10:59:00+00:00,2026-05-21 11:01:00+00:00,2026-05-21 12:31:00+00:00,9911.177325258652,9902.757619633529,9902.757619633529,9916.346640396376,21.688680469806606,3.9638208520059814,0.0,17.724859617800625,17.724859617800625,90.0,-2.7908870912759984,mean
751,PCA3,15,TRXUSDT,2026-05-21 10:14:00+00:00,2026-05-21 10:16:00+00:00,2026-05-21 14:01:00+00:00,9912.54413957791,9915.61347128519,9915.61347128519,9896.087124595853,-28.022499872449714,3.9623401191762087,0.0,-31.984839991625922,-31.984839991625922,225.0,2.160199651089946,mean
754,PCA3,15,FILUSDT,2026-05-21 13:59:00+00:00,2026-05-21 14:01:00+00:00,2026-05-21 14:46:00+00:00,9913.043657609913,9919.239145583935,9919.239145583935,9881.733012522029,19.76912914486766,3.960194431621193,0.0,15.808934713246465,15.808934713246465,45.0,2.0453193830737497,mean
755,PCA3,15,XRPUSDT,2026-05-21 14:29:00+00:00,2026-05-21 14:31:00+00:00,2026-05-21 16:31:00+00:00,9915.186894810759,9925.56976503446,9925.56976503446,9968.114452450474,5.736435135081248,3.9787368434969865,0.3358309685596289,1.757698291584261,2.0935292601438897,120.0,-2.188007255885999,mean
753,PCA3,15,BTCUSDT,2026-05-21 13:44:00+00:00,2026-05-21 13:46:00+00:00,2026-05-21 17:01:00+00:00,9909.716957316146,9926.17119415591,9926.17119415591,9993.614680176825,-17.875851661463464,3.9839571748665468,-0.2587940177351092,-21.85980883633001,-22.11860285406512,195.0,-2.156465377201737,mean
756,PCA3,15,UNIUSDT,2026-05-21 15:14:00+00:00,2026-05-21 15:16:00+00:00,2026-05-21 19:01:00+00:00,9913.34408291095,9916.51937762738,9916.51937762738,10019.092568770213,-1.1285979076333592,3.987122389279519,-0.2822113562143735,-5.115720296912878,-5.397931653127252,225.0,-2.024649066570247,mean
757,PCA3,15,XLMUSDT,2026-05-21 16:44:00+00:00,2026-05-21 16:46:00+00:00,2026-05-21 19:31:00+00:00,9910.556610039324,9912.295806288932,9912.295806288932,10041.10359623094,1.9068172401403753,3.9906798805039747,0.0,-2.0838626403635994,-2.0838626403635994,165.0,2.333450154122901,mean
759,PCA3,15,ETHUSDT,2026-05-21 19:14:00+00:00,2026-05-21 19:16:00+00:00,2026-05-21 21:01:00+00:00,9905.16461272274,9904.133129965056,9904.133129965056,9930.564346953046,6.741796949943879,3.9669394953836203,0.0,2.774857454560259,2.774857454560259,105.0,-2.4597055177462104,mean
758,PCA3,15,NEARUSDT,2026-05-21 17:14:00+00:00,2026-05-21 17:16:00+00:00,2026-05-21 21:31:00+00:00,9908.590295967215,9933.684078034794,9933.684078034794,10297.970334190106,-291.7767454326888,4.0463308824449795,0.0,-295.8230763151338,-295.8230763151338,255.0,2.032487304808762,stop
760,PCA3,15,DOTUSDT,2026-05-21 19:44:00+00:00,2026-05-21 19:46:00+00:00,2026-05-21 23:16:00+00:00,9899.11479195228,9895.168369057794,9895.168369057794,9885.955513334513,-24.93231443747976,3.9562247764784617,0.0,-28.888539213958225,-28.888539213958225,210.0,2.7386181697124727,mean
762,PCA3,15,NEARUSDT,2026-05-21 21:44:00+00:00,2026-05-21 21:46:00+00:00,2026-05-21 23:16:00+00:00,9874.773138105531,9881.560414572696,9881.560414572696,9838.213840462158,-4.993267187414789,3.943954851006971,0.0,-8.93722203842176,-8.93722203842176,90.0,2.3822845630980605,mean
761,PCA3,15,SUIUSDT,2026-05-21 21:14:00+00:00,2026-05-21 21:16:00+00:00,2026-05-22 00:01:00+00:00,9881.98052457571,9882.816379673684,9882.816379673684,9814.256184115919,-22.550877570632323,3.9394145127579208,-0.08826636293252442,-26.490292083390244,-26.57855844632277,165.0,-2.2824378785678485,mean
765,PCA3,15,DOTUSDT,2026-05-22 02:44:00+00:00,2026-05-22 02:46:00+00:00,2026-05-22 03:01:00+00:00,9848.177267387822,9863.140014917102,9863.140014917102,9837.745191203287,17.29369923272271,3.9401770412240773,0.0,13.353522191498632,13.353522191498632,15.0,2.5690105790462887,mean
763,PCA3,15,SUIUSDT,2026-05-22 00:14:00+00:00,2026-05-22 00:16:00+00:00,2026-05-22 03:31:00+00:00,9877.000562763134,9858.924652120515,9858.924652120515,9927.912264718472,0.7498315858198373,3.9573673833677976,0.0,-3.2075357975479606,-3.2075357975479606,195.0,-2.413746483848406,mean
764,PCA3,15,NEARUSDT,2026-05-22 00:59:00+00:00,2026-05-22 01:01:00+00:00,2026-05-22 04:16:00+00:00,9874.528778114998,9865.684532208143,9865.684532208143,10311.785558375064,-330.0701821804153,4.0354940181166405,0.0,-334.10567619853197,-334.10567619853197,195.0,2.7352775927954553,stop
766,PCA3,15,SOLUSDT,2026-05-22 03:14:00+00:00,2026-05-22 03:16:00+00:00,2026-05-22 06:46:00+00:00,9853.08735720939,9858.185710660668,9858.185710660668,9821.79678118062,-6.632708986450916,3.935996498368257,0.0,-10.568705484819173,-10.568705484819173,210.0,-2.0994682036733927,mean
767,PCA3,15,DOTUSDT,2026-05-22 03:44:00+00:00,2026-05-22 03:46:00+00:00,2026-05-22 06:46:00+00:00,9850.91900219837,9847.712176114546,9847.712176114546,9811.829652549295,-8.162567879481738,3.9319083657327685,0.0,-12.094476245214507,-12.094476245214507,180.0,4.102171612723358,mean
768,PCA3,15,NEARUSDT,2026-05-22 04:29:00+00:00,2026-05-22 04:31:00+00:00,2026-05-22 08:46:00+00:00,9839.885995911942,9819.261973278184,9819.261973278184,9983.687731316566,-206.06049756866352,3.9605899409189496,0.26161913227844397,-210.0210875095825,-209.75946837730405,255.0,4.588878706760282,timeout
771,PCA3,15,NEARUSDT,2026-05-22 08:59:00+00:00,2026-05-22 09:01:00+00:00,2026-05-22 10:31:00+00:00,9820.363060302985,9817.78439980512,9817.78439980512,9764.72491159997,52.68575125285223,3.9165018622810175,0.0,48.76924939057121,48.76924939057121,90.0,2.184122429728036,mean
769,PCA3,15,XRPUSDT,2026-05-22 06:59:00+00:00,2026-05-22 07:01:00+00:00,2026-05-22 11:16:00+00:00,9830.500610190129,9823.120307902347,9823.120307902347,9833.606626768818,-23.499189213833432,3.931345386934233,0.1527642374643471,-27.430534600767665,-27.27777036330332,255.0,-2.2752368513021493,timeout
770,PCA3,15,UNIUSDT,2026-05-22 08:29:00+00:00,2026-05-22 08:31:00+00:00,2026-05-22 11:16:00+00:00,9815.564893769078,9812.574671724324,9812.574671724324,9776.534654640642,9.581950710764339,3.9178218652729933,0.0,5.664128845491345,5.664128845491345,165.0,-2.510984730128011,mean
773,PCA3,15,HBARUSDT,2026-05-22 11:29:00+00:00,2026-05-22 11:31:00+00:00,2026-05-22 13:01:00+00:00,9822.983844719578,9830.409401839852,9830.409401839852,9893.736022876827,41.91542623796729,3.944829084943336,0.0,37.97059715302395,37.97059715302395,90.0,2.2855935464592587,mean
774,PCA3,15,XRPUSDT,2026-05-22 11:44:00+00:00,2026-05-22 11:46:00+00:00,2026-05-22 13:31:00+00:00,9822.501182201848,9823.691311255563,9823.691311255563,9888.913676774293,-0.019156608995556823,3.942520997605971,0.0,-3.961677606601528,-3.961677606601528,105.0,-2.3462014285986905,mean
772,PCA3,15,XLMUSDT,2026-05-22 11:14:00+00:00,2026-05-22 11:16:00+00:00,2026-05-22 13:46:00+00:00,9824.740031989626,9813.87480230151,9813.87480230151,9887.989559335845,4.766003294025878,3.940372872327471,0.0,0.825630421698407,0.825630421698407,150.0,2.444548819431036,mean
775,PCA3,15,LINKUSDT,2026-05-22 13:14:00+00:00,2026-05-22 13:16:00+00:00,2026-05-22 14:31:00+00:00,9825.02576093597,9830.265183650903,9830.265183650903,9669.870290787354,33.10006613918742,3.900027094887651,0.0,29.200039044299768,29.200039044299768,75.0,2.689338301536584,mean
777,PCA3,15,TRXUSDT,2026-05-22 13:59:00+00:00,2026-05-22 14:01:00+00:00,2026-05-22 16:01:00+00:00,9826.266858538855,9819.792149143446,9819.792149143446,9814.847627655086,69.6934648384807,3.926927955359706,-0.16998667355309374,65.76653688312098,65.59655020956788,120.0,-7.030890103690492,mean
779,PCA3,15,LINKUSDT,2026-05-22 16:29:00+00:00,2026-05-22 16:31:00+00:00,2026-05-22 17:46:00+00:00,9834.342822150482,9842.001316273052,9842.001316273052,9880.234250275633,19.113105983362153,3.944447113309737,0.0,15.168658870052415,15.168658870052415,75.0,-2.0565468265678595,mean
776,PCA3,15,BNBUSDT,2026-05-22 13:44:00+00:00,2026-05-22 13:46:00+00:00,2026-05-22 18:01:00+00:00,9827.703103187354,9833.927047049716,9833.927047049716,9744.413458671437,-38.10385917747639,3.915668101144231,-0.09930937035517658,-42.01952727862062,-42.1188366489758,255.0,3.2895806179494405,timeout
778,PCA3,15,HBARUSDT,2026-05-22 14:59:00+00:00,2026-05-22 15:01:00+00:00,2026-05-22 19:16:00+00:00,9834.638797616843,9827.126304212248,9827.126304212248,9719.752314620491,37.0833278470235,3.909375723766548,-0.03060601125443309,33.173952123256946,33.14334611200251,255.0,-2.0359835679027602,timeout
780,PCA3,15,FILUSDT,2026-05-22 18:14:00+00:00,2026-05-22 18:16:00+00:00,2026-05-22 21:01:00+00:00,9836.212395134153,9829.10058073664,9829.10058073664,9664.01504961681,-35.4652511746234,3.89862312607069,0.0,-39.363874300694086,-39.363874300694086,165.0,-2.3915952686774937,mean
782,PCA3,15,XRPUSDT,2026-05-22 19:29:00+00:00,2026-05-22 19:31:00+00:00,2026-05-22 21:16:00+00:00,9829.066950417799,9756.474540457877,9756.474540457877,9822.097484167674,28.28625262747146,3.9157144049251102,0.0,24.370538222546347,24.370538222546347,105.0,3.762949532141776,mean
781,PCA3,15,LINKUSDT,2026-05-22 18:44:00+00:00,2026-05-22 18:46:00+00:00,2026-05-22 21:31:00+00:00,9835.7253931797,9719.742666159967,9719.742666159967,9768.641269951702,-8.08646523082314,3.897676787222334,0.0,-11.984142018045475,-11.984142018045475,165.0,-2.2371796827838915,mean
783,PCA3,15,ETHUSDT,2026-05-22 21:14:00+00:00,2026-05-22 21:16:00+00:00,2026-05-22 23:01:00+00:00,9834.968141721249,9829.664644632412,9829.664644632412,9832.897979043646,8.016882541588487,3.9325125247352117,0.0,4.084370016853274,4.084370016853274,105.0,-2.3987486660392867,mean
784,PCA3,15,ADAUSDT,2026-05-22 21:44:00+00:00,2026-05-22 21:46:00+00:00,2026-05-22 23:16:00+00:00,9834.90829411123,9838.563461209931,9838.563461209931,9805.70370213469,9.627102094632066,3.928853432668924,0.0,5.6982486619631425,5.6982486619631425,90.0,2.2821065255239876,mean
785,PCA3,15,AAVEUSDT,2026-05-22 22:14:00+00:00,2026-05-22 22:16:00+00:00,2026-05-23 02:01:00+00:00,9835.926396629673,9826.810157536129,9826.810157536129,9749.014363723982,-14.161454427771112,3.9151649042520216,-0.2934233678245612,-18.076619332023135,-18.370042699847698,225.0,2.259603432649018,mean
787,PCA3,15,BCHUSDT,2026-05-22 23:44:00+00:00,2026-05-22 23:46:00+00:00,2026-05-23 03:01:00+00:00,9834.164409468596,9783.322788120697,9783.322788120697,9841.873060883046,30.215062051916366,3.9250391698007485,0.7202853849688508,26.290022882115615,27.010308267084465,195.0,-3.4528318128964166,mean
786,PCA3,15,UNIUSDT,2026-05-22 23:29:00+00:00,2026-05-22 23:31:00+00:00,2026-05-23 03:16:00+00:00,9835.142831494879,9852.656675203174,9852.656675203174,9787.27556486843,-38.61358010167667,3.927986448014321,-0.0183431273563454,-42.541566549690984,-42.55990967704733,225.0,-4.685506292403053,mean
788,PCA3,15,BNBUSDT,2026-05-23 07:59:00+00:00,2026-05-23 08:01:00+00:00,2026-05-23 09:16:00+00:00,9832.548869962007,9821.201759444068,9821.201759444068,9858.309051936623,24.638465517787306,3.935902162276138,0.0,20.702563355511167,20.702563355511167,75.0,-4.178225285496866,mean
789,PCA3,15,FILUSDT,2026-05-23 07:59:00+00:00,2026-05-23 08:01:00+00:00,2026-05-23 10:31:00+00:00,9832.548869962007,9817.575218987648,9817.575218987648,9900.314653246744,37.894198888996534,3.943577974446878,0.0,33.95062091454966,33.95062091454966,150.0,-2.742245060591056,mean
790,PCA3,15,SOLUSDT,2026-05-23 07:59:00+00:00,2026-05-23 08:01:00+00:00,2026-05-23 11:16:00+00:00,9832.548869962007,9823.011150799168,9823.011150799168,9853.452816683759,-12.496875393116762,3.9352927934965853,0.0,-16.432168186613346,-16.432168186613346,195.0,-2.60716153786094,mean
791,PCA3,15,AVAXUSDT,2026-05-23 09:29:00+00:00,2026-05-23 09:31:00+00:00,2026-05-23 12:01:00+00:00,9835.357477983887,9834.94050124099,9834.94050124099,9860.372905053055,13.518453018470545,3.9390626812588088,0.0,9.579390337211736,9.579390337211736,150.0,-4.023203763910527,mean
794,PCA3,15,ADAUSDT,2026-05-23 13:14:00+00:00,2026-05-23 13:16:00+00:00,2026-05-23 13:31:00+00:00,9836.187477551379,9864.727395905793,9864.727395905793,9893.207333627433,15.75032490639315,3.951586945906645,0.0,11.798737960486505,11.798737960486505,15.0,-2.278190884507492,mean
792,PCA3,15,XRPUSDT,2026-05-23 10:44:00+00:00,2026-05-23 10:46:00+00:00,2026-05-23 14:01:00+00:00,9837.467228166483,9839.206001389675,9839.206001389675,9917.137327553039,1.3027906947725647,3.9512686657885423,0.0,-2.6484779710159776,-2.6484779710159776,195.0,2.7335116684921545,mean
796,PCA3,15,SOLUSDT,2026-05-23 14:44:00+00:00,2026-05-23 14:46:00+00:00,2026-05-23 15:31:00+00:00,9837.166493014836,9844.716252020256,9844.716252020256,9852.574241025015,23.098504367553794,3.9394580986090544,0.0,19.15904626894474,19.15904626894474,45.0,2.9781942861258415,mean
793,PCA3,15,XLMUSDT,2026-05-23 12:44:00+00:00,2026-05-23 12:46:00+00:00,2026-05-23 16:31:00+00:00,9835.593599224892,9835.395820412174,9835.395820412174,10035.668064713715,-7.953748594722402,3.974212777025177,-0.6817098438710107,-11.92796137174758,-12.60967121561859,225.0,2.364325541841941,mean
797,PCA3,15,NEARUSDT,2026-05-23 15:44:00+00:00,2026-05-23 15:46:00+00:00,2026-05-23 17:01:00+00:00,9839.158975533494,9842.503403955556,9842.503403955556,10186.711652451657,-318.29874656178293,4.005843011281442,-0.2560476926176352,-322.3045895730644,-322.56063726568203,75.0,3.147207463646457,stop
795,PCA3,15,LINKUSDT,2026-05-23 14:44:00+00:00,2026-05-23 14:46:00+00:00,2026-05-23 19:01:00+00:00,9837.166493014836,9847.50184541114,9847.50184541114,9983.137981136548,-10.39408686983565,3.9661279653095374,-0.12146430397488887,-14.360214835145188,-14.481679139120077,255.0,-3.064575145211638,timeout
798,PCA3,15,XRPUSDT,2026-05-23 16:44:00+00:00,2026-05-23 16:46:00+00:00,2026-05-23 20:01:00+00:00,9822.19915777481,9825.039922763732,9825.039922763732,9903.875630716264,-15.637359338989365,3.9457831106959986,0.0,-19.583142449685365,-19.583142449685365,195.0,-2.287139382261947,mean
799,PCA3,15,NEARUSDT,2026-05-23 17:14:00+00:00,2026-05-23 17:16:00+00:00,2026-05-23 20:01:00+00:00,9805.306129573119,9826.85061572488,9826.85061572488,9814.645739885185,93.0940134389398,3.928299271122013,0.0,89.16571416781778,89.16571416781778,165.0,6.0366458873593185,mean
800,PCA3,15,DOTUSDT,2026-05-23 19:14:00+00:00,2026-05-23 19:16:00+00:00,2026-05-23 20:31:00+00:00,9813.251698378284,9831.122494965568,9831.122494965568,9829.404915744648,11.546464087853758,3.932105482142043,0.0,7.614358605711715,7.614358605711715,75.0,2.5247534125527427,mean
801,PCA3,15,DOTUSDT,2026-05-23 20:44:00+00:00,2026-05-23 20:46:00+00:00,2026-05-23 22:46:00+00:00,9812.914335500256,9823.461052832181,9823.461052832181,9695.620007309873,44.100569579928106,3.903816212028411,0.0,40.196753367899696,40.196753367899696,120.0,5.406219037162998,mean
803,PCA3,15,LINKUSDT,2026-05-23 20:44:00+00:00,2026-05-23 20:46:00+00:00,2026-05-23 23:01:00+00:00,9812.914335500256,9824.910269805903,9824.910269805903,9719.428042963607,14.025295355754624,3.9088676625539023,0.0,10.116427693200722,10.116427693200722,135.0,2.358525109190443,mean
802,PCA3,15,ETHUSDT,2026-05-23 20:44:00+00:00,2026-05-23 20:46:00+00:00,2026-05-24 01:01:00+00:00,9812.914335500256,9822.34429400411,9822.34429400411,9761.168852218809,-1.6954152713312607,3.9167026292445835,0.24933334080390265,-5.612117900575844,-5.362784559771941,255.0,3.9785057680165594,timeout
805,PCA3,15,AAVEUSDT,2026-05-23 23:29:00+00:00,2026-05-23 23:31:00+00:00,2026-05-24 02:16:00+00:00,9817.66674313085,9822.272237415427,9822.272237415427,9825.990183222486,-0.5614595413969623,3.9296524841275824,0.05148760745488387,-4.491112025524545,-4.439624418069662,165.0,-2.092992327574727,mean
804,PCA3,15,FILUSDT,2026-05-23 22:59:00+00:00,2026-05-23 23:01:00+00:00,2026-05-24 02:31:00+00:00,9818.1906534618,9803.547596607592,9803.547596607592,9772.246248291936,-15.341640649358057,3.9151587689799054,-0.20563622583445434,-19.256799418337962,-19.462435644172416,210.0,-2.441816058104147,mean
806,PCA3,15,XLMUSDT,2026-05-24 01:14:00+00:00,2026-05-24 01:16:00+00:00,2026-05-24 02:31:00+00:00,9815.091402865704,9817.801780673306,9817.801780673306,9759.707726026701,28.183061120652294,3.9155019013400016,0.0,24.267559219312293,24.267559219312293,75.0,2.965822975602256,mean
807,PCA3,15,DOTUSDT,2026-05-24 06:59:00+00:00,2026-05-24 07:01:00+00:00,2026-05-24 08:16:00+00:00,9817.445925066095,9821.15085510391,9821.15085510391,9796.483641677556,16.813839410327002,3.9235268993562933,0.2478413236055429,12.890312510970709,13.138153834576253,75.0,-2.123573205999104,mean
808,PCA3,15,HBARUSDT,2026-05-24 08:29:00+00:00,2026-05-24 08:31:00+00:00,2026-05-24 10:46:00+00:00,9818.759740449552,9821.366578904117,9821.366578904117,9834.635963402272,11.615505267675765,3.931200508461278,0.0,7.684304759214486,7.684304759214486,135.0,-2.061512631204846,mean
809,PCA3,15,BNBUSDT,2026-05-24 10:29:00+00:00,2026-05-24 10:31:00+00:00,2026-05-24 12:31:00+00:00,9819.52657157913,9807.723508505384,9807.723508505384,9786.257327851,0.2160516084497433,3.9187961672712768,0.0,-3.7027445588215335,-3.7027445588215335,120.0,2.074495659785127,mean
811,PCA3,15,FILUSDT,2026-05-24 11:14:00+00:00,2026-05-24 11:16:00+00:00,2026-05-24 12:31:00+00:00,9819.346587152433,9823.887934443152,9823.887934443152,9786.549765798882,0.02079993724863538,3.922087540048407,0.0,-3.901287602799772,-3.901287602799772,75.0,-2.0639956449947285,mean
810,PCA3,15,AAVEUSDT,2026-05-24 11:14:00+00:00,2026-05-24 11:16:00+00:00,2026-05-24 12:46:00+00:00,9819.346587152433,9819.78593920255,9819.78593920255,9778.591295521692,9.854823252005847,3.919675446944848,0.0,5.935147805060999,5.935147805060999,90.0,2.0913656606008066,mean
812,PCA3,15,TRXUSDT,2026-05-24 13:14:00+00:00,2026-05-24 13:16:00+00:00,2026-05-24 14:01:00+00:00,9819.36128248982,9821.295157525088,9821.295157525088,9787.893023740824,-9.79145033546693,3.921837636253182,0.0,-13.713287971720112,-13.713287971720112,45.0,2.089742807717149,mean
813,PCA3,15,NEARUSDT,2026-05-24 14:29:00+00:00,2026-05-24 14:31:00+00:00,2026-05-24 15:31:00+00:00,9817.989953692646,9832.375116954237,9832.375116954237,9791.716139318736,56.001785454588536,3.9248182512545946,0.0,52.076967203333936,52.076967203333936,60.0,2.1395112565343046,mean
814,PCA3,15,TRXUSDT,2026-05-24 20:59:00+00:00,2026-05-24 21:01:00+00:00,2026-05-24 23:46:00+00:00,9823.19765041298,9823.861273181054,9823.861273181054,9849.685666120606,-10.207654630640715,3.934709387860332,0.0,-14.142364018501047,-14.142364018501047,165.0,-2.6972451121268954,mean
816,PCA3,15,DOTUSDT,2026-05-24 22:44:00+00:00,2026-05-24 22:46:00+00:00,2026-05-25 00:31:00+00:00,9823.675654629407,9834.23621060097,9834.23621060097,9934.924615386604,27.055357772597823,3.9538321651975155,0.23585149646168033,23.101525607400305,23.337377103861986,105.0,-2.964124851004945,mean
815,PCA3,15,BTCUSDT,2026-05-24 22:14:00+00:00,2026-05-24 22:16:00+00:00,2026-05-25 00:46:00+00:00,9823.071227066755,9812.86557336845,9812.86557336845,9849.549681756065,9.68358510405161,3.932483051024903,0.5114594427619099,5.751102053026708,6.262561495788618,150.0,2.6933789401508457,mean
818,PCA3,15,BTCUSDT,2026-05-25 07:14:00+00:00,2026-05-25 07:16:00+00:00,2026-05-25 09:16:00+00:00,9822.258547627533,9827.603859449326,9827.603859449326,9828.67965358774,12.673893739729467,3.931256702607413,-0.07620514789463594,8.742637037122053,8.666431889227418,120.0,-2.4116042735394574,mean
817,PCA3,15,XLMUSDT,2026-05-25 06:59:00+00:00,2026-05-25 07:01:00+00:00,2026-05-25 10:31:00+00:00,9824.743407871096,9833.026107881136,9833.026107881136,9891.257211982538,-33.94980574488242,3.9448566639727347,0.27503229181167427,-37.89466240885515,-37.61963011704347,210.0,3.7815300389405864,mean
819,PCA3,15,UNIUSDT,2026-05-25 07:29:00+00:00,2026-05-25 07:31:00+00:00,2026-05-25 11:31:00+00:00,9822.901294921072,9826.067672776077,9826.067672776077,9873.584214953664,-3.318115607693686,3.939930377545948,-0.29697637169928637,-7.258045985239635,-7.555022356938921,240.0,-3.20435734441992,mean
820,PCA3,15,LINKUSDT,2026-05-25 11:14:00+00:00,2026-05-25 11:16:00+00:00,2026-05-25 11:31:00+00:00,9821.621554929117,9820.614305004046,9820.614305004046,9805.463402126465,17.386952167160743,3.925215541426102,0.0,13.461736625734641,13.461736625734641,15.0,2.166588327206402,mean
821,PCA3,15,LTCUSDT,2026-05-25 11:14:00+00:00,2026-05-25 11:16:00+00:00,2026-05-25 13:16:00+00:00,9821.621554929117,9819.181234781296,9819.181234781296,9820.685611678608,7.808748036245625,3.9279733692919807,0.0,3.8807746669536445,3.8807746669536445,120.0,-2.0806996786981276,mean
822,PCA3,15,XLMUSDT,2026-05-25 11:59:00+00:00,2026-05-25 12:01:00+00:00,2026-05-25 15:46:00+00:00,9822.853676219403,9819.48045683741,9819.48045683741,9846.685175254743,-33.67688218515048,3.9332331264184304,0.0,-37.61011531156891,-37.61011531156891,225.0,-2.179313572577086,mean
824,PCA3,15,TRXUSDT,2026-05-25 13:44:00+00:00,2026-05-25 13:46:00+00:00,2026-05-25 16:01:00+00:00,9815.717605873951,9813.864517427119,9813.864517427119,9851.94283097066,21.89520659583221,3.933161469679556,0.19561166826809076,17.962045126152656,18.157656794420745,135.0,3.4490950505706848,mean
823,PCA3,15,BNBUSDT,2026-05-25 12:14:00+00:00,2026-05-25 12:16:00+00:00,2026-05-25 16:31:00+00:00,9821.521954534224,9833.877919301753,9833.877919301753,9850.293345077858,23.492406243232978,3.9368342528759217,0.12107271635880472,19.555571990357056,19.67664470671586,255.0,4.64118388264288,timeout
827,PCA3,15,NEARUSDT,2026-05-25 16:44:00+00:00,2026-05-25 16:46:00+00:00,2026-05-25 18:31:00+00:00,9822.355779741289,9892.601696483005,9892.601696483005,9812.599465485831,69.38685558772629,3.9410402323937674,0.0,65.44581535533253,65.44581535533253,105.0,2.2180459064720375,mean
825,PCA3,15,FILUSDT,2026-05-25 15:59:00+00:00,2026-05-25 16:01:00+00:00,2026-05-25 19:46:00+00:00,9823.106643130986,9824.384668379726,9824.384668379726,9803.463055183973,-13.284082627325105,3.92556954471274,0.0,-17.209652172037845,-17.209652172037845,225.0,2.691752058857794,mean
826,PCA3,15,BNBUSDT,2026-05-25 16:44:00+00:00,2026-05-25 16:46:00+00:00,2026-05-25 20:01:00+00:00,9822.355779741289,9823.144188292474,9823.144188292474,9770.972333899228,-15.374684768670756,3.9188233044383405,0.0,-19.293508073109095,-19.293508073109095,195.0,-3.2422706669335746,mean
828,PCA3,15,AAVEUSDT,2026-05-25 19:59:00+00:00,2026-05-25 20:01:00+00:00,2026-05-25 21:16:00+00:00,9826.039752381188,9827.257068562227,9827.257068562227,9790.142398803106,12.66765995411586,3.9234798934730666,0.0,8.744180060642794,8.744180060642794,75.0,2.1331943843512255,mean
829,PCA3,15,TRXUSDT,2026-05-26 02:29:00+00:00,2026-05-26 02:31:00+00:00,2026-05-26 05:46:00+00:00,9826.617939077927,9821.592267758313,9821.592267758313,9883.99169596507,53.21812473991736,3.941116792744677,0.0,49.27700794717268,49.27700794717268,195.0,2.7466887066848464,mean
830,PCA3,15,FILUSDT,2026-05-26 05:44:00+00:00,2026-05-26 05:46:00+00:00,2026-05-26 07:16:00+00:00,9831.964483209646,9829.295572151304,9829.295572151304,9738.842281374255,31.223982336519082,3.913627570705112,0.0,27.31035476581397,27.31035476581397,90.0,2.30940764711227,mean
831,PCA3,15,DOGEUSDT,2026-05-26 10:29:00+00:00,2026-05-26 10:31:00+00:00,2026-05-26 11:31:00+00:00,9834.276675349227,9844.962625142482,9844.962625142482,9845.749097545691,14.250642200095989,3.9381423445376345,0.0,10.312499855558354,10.312499855558354,60.0,-2.072597655652736,mean
832,PCA3,15,ETHUSDT,2026-05-26 10:44:00+00:00,2026-05-26 10:46:00+00:00,2026-05-26 12:16:00+00:00,9833.753706478192,9825.313687091926,9825.313687091926,9780.75495925308,17.808932307700463,3.9212137292690015,0.0,13.88771857843146,13.88771857843146,90.0,3.0631864366174284,mean
833,PCA3,15,NEARUSDT,2026-05-26 10:59:00+00:00,2026-05-26 11:01:00+00:00,2026-05-26 12:16:00+00:00,9834.459591759969,9837.715864054506,9837.715864054506,9689.025790976084,113.0393827672986,3.905348331006118,0.0,109.13403443629248,109.13403443629248,75.0,2.2937185441314374,mean
835,PCA3,15,FILUSDT,2026-05-26 12:29:00+00:00,2026-05-26 12:31:00+00:00,2026-05-26 13:01:00+00:00,9846.33088487348,9839.91962237329,9839.91962237329,9842.945220655052,20.693138349343673,3.9365729686056685,0.0,16.756565380738003,16.756565380738003,30.0,2.80938149346704,mean
836,PCA3,15,DOGEUSDT,2026-05-26 12:29:00+00:00,2026-05-26 12:31:00+00:00,2026-05-26 14:01:00+00:00,9846.33088487348,9841.137973866977,9841.137973866977,9863.750047343176,10.625959600903693,3.940977604242031,0.0,6.684981996661662,6.684981996661662,90.0,2.258026481640593,mean
834,PCA3,15,TRXUSDT,2026-05-26 11:59:00+00:00,2026-05-26 12:01:00+00:00,2026-05-26 14:46:00+00:00,9840.963250898914,9844.457897413607,9844.457897413607,9817.613182519566,0.40033177422743793,3.932414215986635,0.0,-3.532082441759197,-3.532082441759197,165.0,2.176013538660294,mean
838,PCA3,15,BTCUSDT,2026-05-26 14:29:00+00:00,2026-05-26 14:31:00+00:00,2026-05-26 16:31:00+00:00,9848.878606018265,9837.22826614735,9837.22826614735,9667.136328569239,-6.48955487172118,3.9008729189433176,0.11839329246337671,-10.390427790664496,-10.27203449820112,120.0,2.930572067782887,mean
839,PCA3,15,DOTUSDT,2026-05-26 14:59:00+00:00,2026-05-26 15:01:00+00:00,2026-05-26 16:46:00+00:00,9846.178680737348,9850.627177886208,9850.627177886208,9696.51564935066,38.789709957181756,3.9094285654473735,0.24411842828242725,34.88028139173438,35.124399820016805,105.0,2.77623262322988,mean
837,PCA3,15,FILUSDT,2026-05-26 13:29:00+00:00,2026-05-26 13:31:00+00:00,2026-05-26 17:31:00+00:00,9848.009812833521,9837.103559179986,9837.103559179986,9672.045058087027,-1.230620613560638,3.9018297234534027,-0.8309726840312748,-5.13245033701404,-5.963423021045315,240.0,2.578045762638549,mean
840,PCA3,15,ETHUSDT,2026-05-26 16:44:00+00:00,2026-05-26 16:46:00+00:00,2026-05-26 18:01:00+00:00,9848.359219268325,9852.226192417547,9852.226192417547,9788.614983285559,15.206290778177934,3.928168235140621,0.0,11.278122543037313,11.278122543037313,75.0,-3.271172421836704,mean
842,PCA3,15,LINKUSDT,2026-05-26 17:44:00+00:00,2026-05-26 17:46:00+00:00,2026-05-26 19:16:00+00:00,9852.187495875009,9851.753708946153,9851.753708946153,9794.919321386784,26.807253778753854,3.929334606066587,0.0,22.877919172687267,22.877919172687267,90.0,3.2222111028533216,mean
843,PCA3,15,NEARUSDT,2026-05-26 18:29:00+00:00,2026-05-26 18:31:00+00:00,2026-05-26 20:16:00+00:00,9854.505768196614,9864.277058351563,9864.277058351563,9901.009700168632,40.44271079116755,3.9530573517040386,0.0,36.48965343946352,36.48965343946352,105.0,-2.1012574464742513,mean
841,PCA3,15,AAVEUSDT,2026-05-26 17:14:00+00:00,2026-05-26 17:16:00+00:00,2026-05-26 21:31:00+00:00,9844.389206048114,9839.324370732616,9839.324370732616,9808.796480006135,-11.331336389239599,3.9296241701477497,0.0,-15.26096055938735,-15.26096055938735,255.0,2.1124139398105686,timeout
844,PCA3,15,FILUSDT,2026-05-27 00:14:00+00:00,2026-05-27 00:16:00+00:00,2026-05-27 02:31:00+00:00,9857.028414819479,9840.19305016515,9840.19305016515,9799.564989366003,14.700039712666479,3.9279516079062304,0.0,10.772088104760249,10.772088104760249,135.0,3.0095587533563486,mean
845,PCA3,15,NEARUSDT,2026-05-27 02:29:00+00:00,2026-05-27 02:31:00+00:00,2026-05-27 04:31:00+00:00,9857.826254801425,9856.07141932151,9856.07141932151,9861.254731210413,95.59191829070886,3.943465230106385,0.0,91.64845306060248,91.64845306060248,120.0,-2.314947731861097,mean
847,PCA3,15,FILUSDT,2026-05-27 04:14:00+00:00,2026-05-27 04:16:00+00:00,2026-05-27 05:31:00+00:00,9860.693187665343,9819.782968810221,9819.782968810221,9918.641793122773,59.82194685172985,3.9476849523865987,0.0,55.87426189934325,55.87426189934325,75.0,-2.0360210451572334,mean
848,PCA3,15,LTCUSDT,2026-05-27 04:59:00+00:00,2026-05-27 05:01:00+00:00,2026-05-27 06:46:00+00:00,9868.056020223945,9872.356078367435,9872.356078367435,9910.616008738118,11.758341212208357,3.9565944174211105,0.0,7.801746794787246,7.801746794787246,105.0,2.178007190558615,mean
846,PCA3,15,AAVEUSDT,2026-05-27 04:14:00+00:00,2026-05-27 04:16:00+00:00,2026-05-27 07:16:00+00:00,9860.693187665343,9853.08863162524,9853.08863162524,9896.041116175267,-3.71886918169119,3.9498259495601014,0.0,-7.668695131251291,-7.668695131251291,180.0,-2.1774447501481204,mean
850,PCA3,15,BNBUSDT,2026-05-27 06:59:00+00:00,2026-05-27 07:01:00+00:00,2026-05-27 08:46:00+00:00,9861.169798941803,9862.107415447043,9862.107415447043,9873.56485272618,9.071257368816868,3.9471344536346447,-0.35000625401841634,5.124122915182223,4.774116661163807,105.0,-2.0920325022428465,mean
849,PCA3,15,FILUSDT,2026-05-27 05:59:00+00:00,2026-05-27 06:01:00+00:00,2026-05-27 09:01:00+00:00,9870.909300860898,9861.058264140494,9861.058264140494,9864.898530780716,-5.334887037733301,3.9451913589842427,-0.6282642942377796,-9.280078396717544,-9.908342690955322,180.0,3.5807070836328707,mean
851,PCA3,15,LINKUSDT,2026-05-27 08:14:00+00:00,2026-05-27 08:16:00+00:00,2026-05-27 11:46:00+00:00,9869.149718619046,9870.120371761506,9870.120371761506,9838.552926598835,-7.007191314565696,3.9417346596720684,0.0,-10.948925974237763,-10.948925974237763,210.0,-2.4269910830827457,mean
852,PCA3,15,FILUSDT,2026-05-27 09:29:00+00:00,2026-05-27 09:31:00+00:00,2026-05-27 11:46:00+00:00,9871.384768157375,9879.28447462101,9879.28447462101,9903.956283607267,-1.99140573966762,3.9566481516456555,0.0,-5.948053891313275,-5.948053891313275,135.0,2.1712707190449287,mean
855,PCA3,15,DOGEUSDT,2026-05-27 12:29:00+00:00,2026-05-27 12:31:00+00:00,2026-05-27 13:16:00+00:00,9870.668079702771,9868.943490857362,9868.943490857362,9826.646762966968,17.796555244752376,3.939118050764866,0.0,13.85743719398751,13.85743719398751,45.0,-2.11800658391439,mean
853,PCA3,15,XLMUSDT,2026-05-27 12:29:00+00:00,2026-05-27 12:31:00+00:00,2026-05-27 14:46:00+00:00,9870.668079702771,9867.67591060793,9867.67591060793,10132.30805997651,-347.99269336161467,3.999996794116888,0.0,-351.99269015573157,-351.99269015573157,135.0,4.40596349671659,stop
854,PCA3,15,FILUSDT,2026-05-27 12:29:00+00:00,2026-05-27 12:31:00+00:00,2026-05-27 16:01:00+00:00,9870.668079702771,9861.25633371206,9861.25633371206,9972.645682440245,-43.752369475898654,3.966780403230461,-1.5509471466267115,-47.71914987912911,-49.270097025755824,210.0,3.3011770913803726,mean
856,PCA3,15,BTCUSDT,2026-05-27 13:29:00+00:00,2026-05-27 13:31:00+00:00,2026-05-27 17:16:00+00:00,9873.854581225822,9876.718469679281,9876.718469679281,9854.38833737695,-22.686563388411525,3.9462213614112462,-0.32472763426959544,-26.63278474982277,-26.957512384092364,225.0,-4.242216398855053,mean
858,PCA3,15,ETHUSDT,2026-05-27 16:14:00+00:00,2026-05-27 16:16:00+00:00,2026-05-27 17:16:00+00:00,9825.589562033338,9822.181983964214,9822.181983964214,9728.956886867765,19.900476137121565,3.9102277741663958,0.0,15.990248362955171,15.990248362955171,60.0,-2.6395530959365896,mean
857,PCA3,15,XLMUSDT,2026-05-27 14:59:00+00:00,2026-05-27 15:01:00+00:00,2026-05-27 19:16:00+00:00,9838.942047298297,9862.172273995384,9862.172273995384,10132.579955527404,-262.64779908706146,3.9989504459045575,0.12944239621453177,-266.64674953296606,-266.5173071367515,255.0,11.354135373082224,timeout
861,PCA3,15,NEARUSDT,2026-05-27 19:29:00+00:00,2026-05-27 19:31:00+00:00,2026-05-27 20:31:00+00:00,9803.58065749866,9788.45872849624,9788.45872849624,9657.431938283318,128.49091925143176,3.8891781333559123,0.0,124.60174111807585,124.60174111807585,60.0,2.2706449467106093,mean
859,PCA3,15,LINKUSDT,2026-05-27 17:29:00+00:00,2026-05-27 17:31:00+00:00,2026-05-27 20:46:00+00:00,9829.998544785905,9825.0294206983,9825.0294206983,9874.476994462166,-4.950670471871318,3.939901283032093,0.0,-8.89057175490341,-8.89057175490341,195.0,-2.0003253980070856,mean
860,PCA3,15,SUIUSDT,2026-05-27 17:59:00+00:00,2026-05-27 18:01:00+00:00,2026-05-27 20:46:00+00:00,9829.864263420295,9816.503008480986,9816.503008480986,9927.231466376408,10.677333407999503,3.948746894971479,0.0,6.7285865130280245,6.7285865130280245,165.0,-2.3688508709014684,mean
862,PCA3,15,SOLUSDT,2026-05-27 20:59:00+00:00,2026-05-27 21:01:00+00:00,2026-05-27 22:16:00+00:00,9816.423063175853,9808.393889714162,9808.393889714162,9642.04333641955,5.334505627363695,3.890087445226743,0.0,1.4444181821369524,1.4444181821369524,75.0,-2.1497589807165043,mean
863,PCA3,15,XLMUSDT,2026-05-27 20:59:00+00:00,2026-05-27 21:01:00+00:00,2026-05-27 23:16:00+00:00,9816.423063175853,9823.044708719053,9823.044708719053,9627.029005512115,62.87681001436256,3.8900147428462333,0.0,58.98679527151633,58.98679527151633,135.0,2.130518619864603,mean
864,PCA3,15,HBARUSDT,2026-05-27 21:59:00+00:00,2026-05-27 22:01:00+00:00,2026-05-28 01:46:00+00:00,9826.321507729765,9812.163779689507,9812.163779689507,9829.957414424074,-1.4223913262611405,3.928424238822717,0.2282915973624633,-5.350815565083858,-5.122523967721395,225.0,2.5634048272087333,mean
865,PCA3,15,XRPUSDT,2026-05-27 23:14:00+00:00,2026-05-27 23:16:00+00:00,2026-05-28 03:31:00+00:00,9821.738638052944,9828.846106481118,9828.846106481118,9687.196952936394,-20.950555034548348,3.9032086118835023,-0.048890498703494135,-24.85376364643185,-24.902654145135344,255.0,-2.14742629617544,timeout
866,PCA3,15,UNIUSDT,2026-05-27 23:29:00+00:00,2026-05-27 23:31:00+00:00,2026-05-28 03:46:00+00:00,9820.857084378436,9819.333196742658,9819.333196742658,9728.497437311746,-20.017343453246987,3.909566126810881,-0.11489973485454331,-23.926909580057867,-24.04180931491241,255.0,-6.1666809299425145,timeout
867,PCA3,15,XLMUSDT,2026-05-28 01:59:00+00:00,2026-05-28 02:01:00+00:00,2026-05-28 04:01:00+00:00,9811.906072706302,9836.124529147502,9836.124529147502,9602.855022603213,28.180314393224954,3.8877959103501434,0.0,24.29251848287481,24.29251848287481,120.0,5.464177165684593,mean
869,PCA3,15,HBARUSDT,2026-05-28 03:59:00+00:00,2026-05-28 04:01:00+00:00,2026-05-28 06:16:00+00:00,9816.929291677689,9795.59652242267,9795.59652242267,9780.92138165205,42.63829407765321,3.9153035808149435,0.0,38.722990496838264,38.722990496838264,135.0,-5.168193383434294,mean
870,PCA3,15,UNIUSDT,2026-05-28 04:14:00+00:00,2026-05-28 04:16:00+00:00,2026-05-28 07:01:00+00:00,9818.24163199814,9817.129856979147,9817.129856979147,9823.87471943223,2.5078039566944397,3.928200915282275,0.0,-1.4203969585878358,-1.4203969585878358,165.0,2.704282604820989,mean
868,PCA3,15,FILUSDT,2026-05-28 03:44:00+00:00,2026-05-28 03:46:00+00:00,2026-05-28 08:01:00+00:00,9818.3486641768,9848.852908967716,9848.852908967716,9667.181681901111,-109.54304162162951,3.9032069181737654,0.4392242112320899,-113.44624853980328,-113.00702432857119,255.0,-2.404869081214316,timeout
872,PCA3,15,XRPUSDT,2026-05-28 07:14:00+00:00,2026-05-28 07:16:00+00:00,2026-05-28 08:46:00+00:00,9807.045951153967,9815.58742570822,9815.58742570822,9806.818131831873,5.838205492347506,3.9244811115080185,-0.21354090516472593,1.913724380839488,1.700183475674762,90.0,2.5498189680692898,mean
873,PCA3,15,HBARUSDT,2026-05-28 08:14:00+00:00,2026-05-28 08:16:00+00:00,2026-05-28 09:46:00+00:00,9805.547425959796,9804.070014583689,9804.070014583689,9788.423438960239,18.111310497258582,3.9184986907087858,0.0,14.192811806549797,14.192811806549797,90.0,2.2766231920840534,mean
871,PCA3,15,TRXUSDT,2026-05-28 06:29:00+00:00,2026-05-28 06:31:00+00:00,2026-05-28 10:46:00+00:00,9810.873131419552,9811.752584995653,9811.752584995653,9673.340029888077,-186.0636781578674,3.897018522976746,0.08723061195701948,-189.96069668084414,-189.87346606888713,255.0,-3.2100465466349917,timeout
874,PCA3,15,XLMUSDT,2026-05-28 10:14:00+00:00,2026-05-28 10:16:00+00:00,2026-05-28 12:46:00+00:00,9797.433922745373,9807.297256607431,9807.297256607431,10143.550217989772,-376.8270853874219,3.9901694949194404,0.0,-380.8172548823414,-380.8172548823414,150.0,2.1430057364900055,stop
875,PCA3,15,BCHUSDT,2026-05-28 10:29:00+00:00,2026-05-28 10:31:00+00:00,2026-05-28 12:46:00+00:00,9796.218023915666,9793.691198945051,9793.691198945051,9500.476599004101,-310.0894430039784,3.85883355958983,0.0,-313.9482765635682,-313.9482765635682,135.0,-2.0593657625071287,stop
878,PCA3,15,XLMUSDT,2026-05-28 12:59:00+00:00,2026-05-28 13:01:00+00:00,2026-05-28 13:46:00+00:00,9722.084161428806,9761.525903854881,9761.525903854881,9989.600215222797,-271.520644793433,3.9502252238155355,0.0,-275.47087001724856,-275.47087001724856,45.0,6.475853621065616,stop
876,PCA3,15,TRXUSDT,2026-05-28 10:59:00+00:00,2026-05-28 11:01:00+00:00,2026-05-28 14:31:00+00:00,9787.39609889778,9780.442223630214,9780.442223630214,9825.433832561237,-53.95109273011186,3.92117521123829,0.0,-57.87226794135015,-57.87226794135015,210.0,-6.233118617142665,mean
877,PCA3,15,BCHUSDT,2026-05-28 12:59:00+00:00,2026-05-28 13:01:00+00:00,2026-05-28 16:31:00+00:00,9722.084161428806,9735.820424088317,9735.820424088317,9741.617479582423,-72.53312138062087,3.8954875807341476,0.8423468720717125,-76.42860896135501,-75.5862620892833,210.0,-6.666514285935091,mean
879,PCA3,15,HBARUSDT,2026-05-28 13:59:00+00:00,2026-05-28 14:01:00+00:00,2026-05-28 18:16:00+00:00,9688.635910370116,9695.054615538833,9695.054615538833,9981.016800077718,-43.15749053482952,3.93521428312331,-0.2666278403308273,-47.09270481795283,-47.359332658283655,255.0,13.326061655415394,timeout
881,PCA3,15,AAVEUSDT,2026-05-28 16:44:00+00:00,2026-05-28 16:46:00+00:00,2026-05-28 18:46:00+00:00,9688.716536982887,9693.738063788518,9693.738063788518,9793.007092153675,26.305270552698865,3.8973490311884387,0.0,22.407921521510428,22.407921521510428,120.0,-2.7536115811721196,mean
882,PCA3,15,HBARUSDT,2026-05-28 18:29:00+00:00,2026-05-28 18:31:00+00:00,2026-05-28 18:46:00+00:00,9669.046406646716,9665.328329551203,9665.328329551203,9580.857529007788,74.63308195586234,3.849237171711798,0.0,70.78384478415055,70.78384478415055,15.0,3.596776302423607,mean
880,PCA3,15,XLMUSDT,2026-05-28 14:44:00+00:00,2026-05-28 14:46:00+00:00,2026-05-28 19:01:00+00:00,9678.768176047053,9672.08523463956,9672.08523463956,9796.13486765324,46.585084621718345,3.89364402045856,-1.206590781117188,42.691440601259785,41.4848498201426,255.0,5.508302975321017,timeout
884,PCA3,15,XRPUSDT,2026-05-28 18:59:00+00:00,2026-05-28 19:01:00+00:00,2026-05-28 19:16:00+00:00,9691.8757492479,9671.858559200327,9671.858559200327,9649.530227691606,16.845653136437925,3.864277757378387,0.0,12.98137537905954,12.98137537905954,15.0,2.180671646745332,mean
885,PCA3,15,AVAXUSDT,2026-05-28 19:14:00+00:00,2026-05-28 19:16:00+00:00,2026-05-28 20:16:00+00:00,9694.858008275236,9692.467636685327,9692.467636685327,9662.743507973348,21.645346419681232,3.871042228931735,0.0,17.774304190749497,17.774304190749497,60.0,-2.941845985211497,mean
883,PCA3,15,SOLUSDT,2026-05-28 18:59:00+00:00,2026-05-28 19:01:00+00:00,2026-05-28 20:46:00+00:00,9691.8757492479,9672.87867860576,9672.87867860576,9657.573208968885,11.446576343006482,3.8660903775149293,0.0,7.580485965491553,7.580485965491553,105.0,2.2761248595666963,mean
886,PCA3,15,HBARUSDT,2026-05-28 19:29:00+00:00,2026-05-28 19:31:00+00:00,2026-05-28 20:46:00+00:00,9693.880285345987,9677.653443658844,9677.653443658844,9716.650674369053,48.755035498611484,3.8788608236055793,0.0,44.876174675005906,44.876174675005906,75.0,-2.178316372305055,mean
887,PCA3,15,AAVEUSDT,2026-05-28 20:29:00+00:00,2026-05-28 20:31:00+00:00,2026-05-28 21:46:00+00:00,9695.083742173909,9692.3057560294,9692.3057560294,9716.136959666454,23.43239025589896,3.881688543139171,0.0,19.55070171275979,19.55070171275979,75.0,2.8599658815053632,mean
888,PCA3,15,XRPUSDT,2026-05-28 21:29:00+00:00,2026-05-28 21:31:00+00:00,2026-05-28 23:31:00+00:00,9702.883459775985,9704.789573514672,9704.789573514672,9673.474067490046,3.022250689160553,3.8756527282009436,0.0,-0.8534020390403902,-0.8534020390403902,120.0,-2.019326102128994,mean
890,PCA3,15,FILUSDT,2026-05-28 22:29:00+00:00,2026-05-28 22:31:00+00:00,2026-05-28 23:46:00+00:00,9705.028776689078,9704.228627208437,9704.228627208437,9737.110883084179,36.35318591936731,3.888267902058523,0.0,32.46491801730879,32.46491801730879,75.0,-2.045629368750722,mean
889,PCA3,15,HBARUSDT,2026-05-28 21:59:00+00:00,2026-05-28 22:01:00+00:00,2026-05-29 00:46:00+00:00,9702.522368404341,9712.157515304252,9712.157515304252,9658.466632097854,15.375829469348702,3.8741248294804214,0.2785272841105602,11.50170463986828,11.780231923978839,165.0,2.4481280286216656,mean
893,PCA3,15,HBARUSDT,2026-05-29 01:14:00+00:00,2026-05-29 01:16:00+00:00,2026-05-29 02:46:00+00:00,9700.630260720436,9694.231576137072,9694.231576137072,9701.45377752722,58.764199690518815,3.8791370707328587,0.0,54.885062619785955,54.885062619785955,90.0,-2.4151950452394892,mean
892,PCA3,15,XLMUSDT,2026-05-29 00:59:00+00:00,2026-05-29 01:01:00+00:00,2026-05-29 03:16:00+00:00,9705.742237936647,9742.549817163801,9742.549817163801,9760.109196723717,50.81662286494425,3.900531802777504,0.0,46.91609106216674,46.91609106216674,135.0,-2.8887437915831433,mean
891,PCA3,15,FILUSDT,2026-05-29 00:44:00+00:00,2026-05-29 00:46:00+00:00,2026-05-29 03:31:00+00:00,9707.087419113472,9692.557148829908,9692.557148829908,9629.265192366482,11.891596966430491,3.8643644682392777,0.0,8.027232498191214,8.027232498191214,165.0,2.215707180748892,mean
894,PCA3,15,SOLUSDT,2026-05-29 03:29:00+00:00,2026-05-29 03:31:00+00:00,2026-05-29 04:16:00+00:00,9717.587397402465,9711.302720078826,9711.302720078826,9679.473527337272,18.639611166471063,3.8781552494832194,0.0,14.761455916987842,14.761455916987842,45.0,-2.0930032667004093,mean
895,PCA3,15,HBARUSDT,2026-05-29 03:44:00+00:00,2026-05-29 03:46:00+00:00,2026-05-29 04:31:00+00:00,9718.554921529894,9713.764245501174,9713.764245501174,9652.871037797759,56.9187147881781,3.8733270566597864,0.0,53.04538773151831,53.04538773151831,45.0,2.233879785045994,mean
896,PCA3,15,XLMUSDT,2026-05-29 03:59:00+00:00,2026-05-29 04:01:00+00:00,2026-05-29 05:01:00+00:00,9719.045193547294,9730.826077202735,9730.826077202735,9588.759698794382,165.00080988683584,3.863917155199423,0.0,161.1368927316364,161.1368927316364,60.0,2.625104247483575,mean
899,PCA3,15,LINKUSDT,2026-05-29 05:59:00+00:00,2026-05-29 06:01:00+00:00,2026-05-29 07:01:00+00:00,9733.25986028832,9735.52934505935,9735.52934505935,9751.616912581936,18.450026150668855,3.8974292515282576,0.0,14.552596899140596,14.552596899140596,60.0,-2.028657589588514,mean
897,PCA3,15,HBARUSDT,2026-05-29 04:59:00+00:00,2026-05-29 05:01:00+00:00,2026-05-29 08:16:00+00:00,9741.869705206607,9729.994021697315,9729.994021697315,9763.226102424136,3.073300076233848,3.8986440248242906,-0.2770354472772947,-0.8253439485904428,-1.1023793958677375,195.0,2.774701902771267,mean
898,PCA3,15,SUIUSDT,2026-05-29 05:59:00+00:00,2026-05-29 06:01:00+00:00,2026-05-29 09:46:00+00:00,9733.25986028832,9735.331852742249,9735.331852742249,9744.677559300568,-13.773831089942549,3.8960018824085636,0.15394456643843,-17.669832972351113,-17.515888405912683,225.0,-2.088083738211453,mean
901,PCA3,15,UNIUSDT,2026-05-29 08:44:00+00:00,2026-05-29 08:46:00+00:00,2026-05-29 11:16:00+00:00,9733.674515524317,9732.026746337711,9732.026746337711,9740.562228234143,36.358112016997396,3.894517794914371,0.0,32.463594222083024,32.463594222083024,150.0,-3.651700887676801,mean
900,PCA3,15,TRXUSDT,2026-05-29 07:59:00+00:00,2026-05-29 08:01:00+00:00,2026-05-29 12:16:00+00:00,9741.793016083508,9749.806416952066,9749.806416952066,9631.068169302898,-5.561643032646694,3.8761749172509927,0.0,-9.437817949897688,-9.437817949897688,255.0,-2.9063490437512756,timeout
902,PCA3,15,BNBUSDT,2026-05-29 10:14:00+00:00,2026-05-29 10:16:00+00:00,2026-05-29 13:01:00+00:00,9738.419039462573,9739.26739331401,9739.26739331401,9635.172457195926,-20.277873519139625,3.8748879701019874,0.0,-24.152761489241612,-24.152761489241612,165.0,2.223814714470683,mean
903,PCA3,15,AAVEUSDT,2026-05-29 11:29:00+00:00,2026-05-29 11:31:00+00:00,2026-05-29 13:31:00+00:00,9739.810799632518,9719.723401561554,9719.723401561554,9622.141832086447,14.674595043075868,3.8683730467296003,0.0,10.806221996346268,10.806221996346268,120.0,2.1581010679372494,mean
904,PCA3,15,LTCUSDT,2026-05-29 12:44:00+00:00,2026-05-29 12:46:00+00:00,2026-05-29 15:01:00+00:00,9742.079582716939,9741.947626532792,9741.947626532792,9739.886104048499,1.719606792908257,3.896366746116258,0.0,-2.176759953208001,-2.176759953208001,135.0,2.473674066275102,mean
906,PCA3,15,BTCUSDT,2026-05-29 14:29:00+00:00,2026-05-29 14:31:00+00:00,2026-05-29 15:16:00+00:00,9738.193356617832,9736.6061067973,9736.6061067973,9876.173160216069,-9.457074674050006,3.922555853402674,0.0,-13.37963052745268,-13.37963052745268,45.0,-2.01787763185153,mean
905,PCA3,15,TRXUSDT,2026-05-29 13:44:00+00:00,2026-05-29 13:46:00+00:00,2026-05-29 16:16:00+00:00,9741.285716427345,9741.913049950263,9741.913049950263,9852.061163148897,96.90692892376663,3.918794842619832,-1.8499594778832498,92.9881340811468,91.13817460326355,150.0,2.1497500863807946,mean
907,PCA3,15,AVAXUSDT,2026-05-29 15:14:00+00:00,2026-05-29 15:16:00+00:00,2026-05-29 18:16:00+00:00,9744.15298171942,9752.909217673401,9752.909217673401,9838.454116580753,15.324523842337838,3.9182726668508305,0.2660851752709724,11.406251175487007,11.67233635075798,180.0,-4.3111375040079345,mean
908,PCA3,15,LTCUSDT,2026-05-29 15:29:00+00:00,2026-05-29 15:31:00+00:00,2026-05-29 19:16:00+00:00,9748.914083987836,9765.027355122393,9765.027355122393,9677.696535391815,12.28144264060394,3.8885447781028413,-0.1519863696353613,8.392897862501098,8.240911492865736,225.0,-2.469960891599866,mean
909,PCA3,15,ADAUSDT,2026-05-29 16:29:00+00:00,2026-05-29 16:31:00+00:00,2026-05-29 20:46:00+00:00,9751.938385855234,9765.944375069877,9765.944375069877,9769.235451212006,-36.88362589241547,3.9070359652563766,0.0,-40.79066185767185,-40.79066185767185,255.0,-3.0943813560028657,timeout
911,PCA3,15,DOTUSDT,2026-05-29 19:29:00+00:00,2026-05-29 19:31:00+00:00,2026-05-29 22:16:00+00:00,9747.558453906602,9761.775282934166,9761.775282934166,9713.73915893249,-19.486624580087476,3.8951028883733314,0.0,-23.381727468460806,-23.381727468460806,165.0,-2.831190052032515,mean
910,PCA3,15,SUIUSDT,2026-05-29 18:29:00+00:00,2026-05-29 18:31:00+00:00,2026-05-29 22:46:00+00:00,9748.085377313986,9748.211490199265,9748.211490199265,9709.998740614286,-36.92029738024004,3.89164204616271,0.0,-40.81193942640275,-40.81193942640275,255.0,-3.7406511541395866,timeout
912,PCA3,15,XLMUSDT,2026-05-29 20:59:00+00:00,2026-05-29 21:01:00+00:00,2026-05-29 23:16:00+00:00,9740.73300894381,9725.267599658677,9725.267599658677,10102.89805772955,-371.2154859803288,3.965633131477645,0.0,-375.1811191118064,-375.1811191118064,135.0,4.5595321639067246,stop
914,PCA3,15,HBARUSDT,2026-05-29 22:59:00+00:00,2026-05-29 23:01:00+00:00,2026-05-30 00:16:00+00:00,9714.75889924159,9702.037417051428,9702.037417051428,10090.22987963435,-334.5413361790191,3.9584534593371554,-0.5236926690692834,-338.4997896383563,-339.0234823074256,75.0,2.5718655432196083,stop
913,PCA3,15,NEARUSDT,2026-05-29 22:29:00+00:00,2026-05-29 22:31:00+00:00,2026-05-30 02:46:00+00:00,9734.683881576731,9748.28697941902,9748.28697941902,9850.283281907166,-141.67597069401324,3.9197140522652374,-0.12694619590511338,-145.5956847462785,-145.7226309421836,255.0,-2.911902186581115,timeout
916,PCA3,15,HBARUSDT,2026-05-30 00:29:00+00:00,2026-05-30 00:31:00+00:00,2026-05-30 02:46:00+00:00,9659.63460285712,9647.987541972228,9647.987541972228,9686.165868214523,133.70345282335694,3.8668306820373504,0.0,129.8366221413196,129.8366221413196,135.0,10.961677317868869,mean
915,PCA3,15,XLMUSDT,2026-05-29 23:29:00+00:00,2026-05-29 23:31:00+00:00,2026-05-30 03:01:00+00:00,9691.978899820193,9742.27727588968,9742.27727588968,10258.628665181797,-306.456820389499,4.000181188214295,-1.03925614956341,-310.4570015777133,-311.4962577272767,210.0,3.1976297970975254,stop
918,PCA3,15,SUIUSDT,2026-05-30 02:59:00+00:00,2026-05-30 03:01:00+00:00,2026-05-30 04:46:00+00:00,9634.624342786346,9641.667892960293,9641.667892960293,9470.582656013772,-25.08214936551758,3.822450109794813,0.0,-28.904599475312395,-28.904599475312395,105.0,-3.0357561268960276,mean
919,PCA3,15,LINKUSDT,2026-05-30 03:14:00+00:00,2026-05-30 03:16:00+00:00,2026-05-30 04:46:00+00:00,9635.150338221332,9634.771580624001,9634.771580624001,9476.562803540628,30.364008771107404,3.8222668768329253,0.0,26.54174189427448,26.54174189427448,90.0,4.045025640017065,mean
917,PCA3,15,BNBUSDT,2026-05-30 02:59:00+00:00,2026-05-30 03:01:00+00:00,2026-05-30 07:16:00+00:00,9634.624342786346,9642.628657313906,9642.628657313906,9655.08824664612,-137.6744372116119,3.8595433807920054,0.0,-141.53398059240388,-141.53398059240388,255.0,4.206899626577232,timeout
920,PCA3,15,HBARUSDT,2026-05-30 04:59:00+00:00,2026-05-30 05:01:00+00:00,2026-05-30 08:16:00+00:00,9629.119306445999,9626.901978590531,9626.901978590531,9621.613258241423,-2.9222929528984425,3.8497030473663907,0.5146042991455542,-6.771996000264833,-6.257391701119279,195.0,-4.457029987608249,mean
921,PCA3,15,DOGEUSDT,2026-05-30 04:59:00+00:00,2026-05-30 05:01:00+00:00,2026-05-30 08:16:00+00:00,9629.119306445999,9626.449557685099,9626.449557685099,9660.467929136055,-9.002912185860652,3.8573834973642307,0.17662642713453766,-12.860295683224882,-12.683669256090344,195.0,2.681705150263483,mean
923,PCA3,15,XLMUSDT,2026-05-30 09:44:00+00:00,2026-05-30 09:46:00+00:00,2026-05-30 10:31:00+00:00,9619.537452227674,9612.61221423412,9612.61221423412,9688.31104361898,73.60547845954663,3.86018465157062,0.0,69.74529380797601,69.74529380797601,45.0,-2.00416255413511,mean
922,PCA3,15,BNBUSDT,2026-05-30 07:29:00+00:00,2026-05-30 07:31:00+00:00,2026-05-30 11:46:00+00:00,9617.631928651332,9615.247288104158,9615.247288104158,9634.883954115754,-7.3912049628471115,3.850026248443982,0.47805349231096655,-11.241231211291094,-10.763177718980128,255.0,4.573682448877562,timeout
924,PCA3,15,BNBUSDT,2026-05-30 14:29:00+00:00,2026-05-30 14:31:00+00:00,2026-05-30 18:46:00+00:00,9626.44333571509,9623.79324935159,9623.79324935159,9840.105863831004,-199.52560491054385,3.892779822636519,0.5505076141605207,-203.41838473318037,-202.86787711901985,255.0,3.1374101606817764,timeout
925,PCA3,15,LTCUSDT,2026-05-30 14:29:00+00:00,2026-05-30 14:31:00+00:00,2026-05-30 18:46:00+00:00,9626.44333571509,9622.305759991206,9622.305759991206,9640.5003931593,-32.85512178140555,3.8525612306301014,-0.12399577348039076,-36.70768301203565,-36.83167878551604,255.0,-2.594359350723793,timeout
926,PCA3,15,TRXUSDT,2026-05-30 16:14:00+00:00,2026-05-30 16:16:00+00:00,2026-05-30 18:46:00+00:00,9609.417549977154,9601.06084323231,9601.06084323231,9611.432587024789,22.788437921832347,3.8424986860514196,0.0,18.94593923578093,18.94593923578093,150.0,2.194591645510454,mean
927,PCA3,15,BNBUSDT,2026-05-30 18:59:00+00:00,2026-05-30 19:01:00+00:00,2026-05-30 22:01:00+00:00,9604.367974048215,9597.324319614501,9597.324319614501,9610.493278199372,-33.43208509724613,3.8415635195627744,0.0,-37.2736486168089,-37.2736486168089,180.0,3.9458732607164317,mean
928,PCA3,15,BNBUSDT,2026-05-30 22:14:00+00:00,2026-05-30 22:16:00+00:00,2026-05-30 23:01:00+00:00,9600.640609186534,9605.01730919982,9605.01730919982,9645.957107189566,69.28787353664262,3.8501948832778776,0.0,65.43767865336474,65.43767865336474,45.0,-2.285804086997567,mean
929,PCA3,15,XLMUSDT,2026-05-30 22:44:00+00:00,2026-05-30 22:46:00+00:00,2026-05-31 01:46:00+00:00,9605.13923213655,9613.633247154405,9613.633247154405,9685.589155877997,18.614374945005977,3.8598444806064807,-0.26845668401562417,14.754530464399496,14.486073780383872,180.0,-2.2679450293737724,mean
930,PCA3,15,SUIUSDT,2026-05-31 00:14:00+00:00,2026-05-31 00:16:00+00:00,2026-05-31 02:01:00+00:00,9602.693941010288,9608.577803167324,9608.577803167324,9643.254432819736,-1.9876415245789911,3.8503664471974117,0.0,-5.838007971776403,-5.838007971776403,105.0,2.11544127805477,mean
932,PCA3,15,XRPUSDT,2026-05-31 02:14:00+00:00,2026-05-31 02:16:00+00:00,2026-05-31 04:01:00+00:00,9605.645347553625,9614.673597208164,9614.673597208164,9612.02303144002,1.9353278420433453,3.845339325729637,0.0,-1.9100114836862916,-1.9100114836862916,105.0,-2.0537239835899683,mean
931,PCA3,15,BNBUSDT,2026-05-31 01:59:00+00:00,2026-05-31 02:01:00+00:00,2026-05-31 04:46:00+00:00,9608.220314223248,9607.481614907238,9607.481614907238,9667.66710213919,-27.689749368882502,3.8550297434092853,0.0,-31.54477911229179,-31.54477911229179,165.0,2.0554553046284028,mean
933,PCA3,15,AVAXUSDT,2026-05-31 05:44:00+00:00,2026-05-31 05:46:00+00:00,2026-05-31 08:46:00+00:00,9604.703704573132,9603.446069173327,9603.446069173327,9554.456504456306,7.762706937186325,3.831580514725926,0.1483413643377696,3.931126422460399,4.079467786798169,180.0,2.3269028193997983,mean
935,PCA3,15,LINKUSDT,2026-05-31 08:29:00+00:00,2026-05-31 08:31:00+00:00,2026-05-31 10:01:00+00:00,9602.945428259276,9598.944715103582,9598.944715103582,9569.485195652565,5.625210272000359,3.8336859821512292,0.0,1.7915242898491301,1.7915242898491301,90.0,2.0730454342083244,mean
934,PCA3,15,BNBUSDT,2026-05-31 07:14:00+00:00,2026-05-31 07:16:00+00:00,2026-05-31 10:16:00+00:00,9604.930680323403,9599.49100866555,9599.49100866555,9566.177999700792,-18.34340672351251,3.8331338016732683,0.11696343164573876,-22.17654052518578,-22.05957709354004,180.0,-2.0121893192896394,mean
936,PCA3,15,XLMUSDT,2026-05-31 11:29:00+00:00,2026-05-31 11:31:00+00:00,2026-05-31 14:01:00+00:00,9603.084846071442,9615.217713478276,9615.217713478276,9620.665818232332,-16.256824245676526,3.847176706342121,0.0,-20.104000952018648,-20.104000952018648,150.0,2.4066850533863957,mean
938,PCA3,15,DOTUSDT,2026-05-31 14:14:00+00:00,2026-05-31 14:16:00+00:00,2026-05-31 15:01:00+00:00,9601.07444597624,9616.015382820153,9616.015382820153,9565.059882368772,5.261938884147811,3.836215053037785,0.0,1.4257238311100258,1.4257238311100258,45.0,-2.0303270393682857,mean
937,PCA3,15,SUIUSDT,2026-05-31 14:14:00+00:00,2026-05-31 14:16:00+00:00,2026-05-31 17:01:00+00:00,9601.07444597624,9624.126017745188,9624.126017745188,9461.71977914751,-54.356323481377885,3.8171691593785395,0.051244850521936246,-58.17349264075642,-58.12224779023448,165.0,-2.1840515322702627,mean
939,PCA3,15,BNBUSDT,2026-05-31 16:29:00+00:00,2026-05-31 16:31:00+00:00,2026-05-31 17:46:00+00:00,9595.464882223743,9591.62530225757,9591.62530225757,9632.15558571247,38.61952593853942,3.8447561775940082,0.0,34.77476976094541,34.77476976094541,75.0,-2.283201515888718,mean
941,PCA3,15,XRPUSDT,2026-05-31 17:14:00+00:00,2026-05-31 17:16:00+00:00,2026-05-31 18:46:00+00:00,9597.212571812766,9600.835382111989,9600.835382111989,9604.279067084652,15.009204378326016,3.841022889839328,0.0,11.168181488486688,11.168181488486688,90.0,2.0142973240155384,mean
940,PCA3,15,LTCUSDT,2026-05-31 17:14:00+00:00,2026-05-31 17:16:00+00:00,2026-05-31 19:01:00+00:00,9597.212571812766,9600.766127087996,9600.766127087996,9627.423034049387,8.805372086536687,3.845637832227477,0.0,4.959734254309211,4.959734254309211,105.0,-2.0761486762757126,mean
943,PCA3,15,BNBUSDT,2026-06-01 01:44:00+00:00,2026-06-01 01:46:00+00:00,2026-06-01 02:31:00+00:00,9600.300107047227,9608.422061960862,9608.422061960862,9663.141866529244,44.26515280858362,3.8543127856980215,0.0,40.4108400228856,40.4108400228856,45.0,-2.7957869008837806,mean
942,PCA3,15,AVAXUSDT,2026-06-01 00:14:00+00:00,2026-06-01 00:16:00+00:00,2026-06-01 03:16:00+00:00,9600.495062130702,9596.9553360041,9596.9553360041,9624.821125166303,-7.802307383235726,3.8443552922340807,0.0,-11.646662675469805,-11.646662675469805,180.0,2.170483623105014,mean
944,PCA3,15,DOGEUSDT,2026-06-01 01:44:00+00:00,2026-06-01 01:46:00+00:00,2026-06-01 03:31:00+00:00,9600.300107047227,9601.987791575279,9601.987791575279,9714.194610935996,-4.648075686647585,3.8632364805022545,0.0,-8.51131216714984,-8.51131216714984,105.0,2.151632152571824,mean
945,PCA3,15,DOGEUSDT,2026-06-01 06:44:00+00:00,2026-06-01 06:46:00+00:00,2026-06-01 09:46:00+00:00,9602.520348648728,9614.956228309491,9614.956228309491,9632.081044002383,6.5387539735971885,3.8494074544623746,0.10612877810276398,2.6893465191348143,2.7954752972375783,180.0,2.0828763156321877,mean
947,PCA3,15,AVAXUSDT,2026-06-01 08:59:00+00:00,2026-06-01 09:01:00+00:00,2026-06-01 09:46:00+00:00,9598.804934326616,9603.069935730398,9603.069935730398,9639.21734927884,17.050824532251372,3.8484574570018477,0.0,13.202367075249525,13.202367075249525,45.0,2.117450999425435,mean
949,PCA3,15,ADAUSDT,2026-06-01 10:14:00+00:00,2026-06-01 10:16:00+00:00,2026-06-01 11:31:00+00:00,9604.37769141629,9602.603417965225,9602.603417965225,9619.440609385634,10.799544540149594,3.844408805470172,0.0,6.955135734679422,6.955135734679422,75.0,-2.1155461643705715,mean
948,PCA3,15,BNBUSDT,2026-06-01 09:59:00+00:00,2026-06-01 10:01:00+00:00,2026-06-01 12:01:00+00:00,9600.931365005801,9615.20985604823,9615.20985604823,9469.368420825269,85.44943836862572,3.8169156553747,0.0,81.63252271325102,81.63252271325102,120.0,4.107504696577727,mean
946,PCA3,15,BCHUSDT,2026-06-01 07:59:00+00:00,2026-06-01 08:01:00+00:00,2026-06-01 12:16:00+00:00,9603.086420919006,9597.710973273533,9597.710973273533,9471.852893775655,-112.24046878725245,3.8139127734098377,0.0,-116.05438156066229,-116.05438156066229,255.0,-2.015667882472888,timeout
952,PCA3,15,DOTUSDT,2026-06-01 12:44:00+00:00,2026-06-01 12:46:00+00:00,2026-06-01 14:46:00+00:00,9599.30661413181,9599.942564252397,9599.942564252397,9440.12507964168,-24.739183261779566,3.8080135287788153,0.0,-28.54719679055838,-28.54719679055838,120.0,-2.2101378522326134,mean
950,PCA3,15,BTCUSDT,2026-06-01 12:14:00+00:00,2026-06-01 12:16:00+00:00,2026-06-01 16:31:00+00:00,9601.628628399852,9608.510554382472,9608.510554382472,9507.153059835835,-38.14154653352369,3.8231327228436616,-0.5711540967039198,-41.96467925636735,-42.53583335307127,255.0,-2.4494814780955596,timeout
951,PCA3,15,ETHUSDT,2026-06-01 12:44:00+00:00,2026-06-01 12:46:00+00:00,2026-06-01 16:31:00+00:00,9599.30661413181,9594.325202749113,9594.325202749113,9480.131986401413,-7.094124566024579,3.814891437830105,0.5163958694967861,-10.909016003854683,-10.392620134357896,225.0,2.301619635825921,mean
953,PCA3,15,BNBUSDT,2026-06-01 14:59:00+00:00,2026-06-01 15:01:00+00:00,2026-06-01 16:46:00+00:00,9598.198568480851,9601.130208477132,9601.130208477132,9661.308195417923,24.781839556065982,3.852487680779011,-0.017816805725366987,20.929351875286972,20.911535069561605,105.0,-2.2816027716358773,mean
955,PCA3,15,AVAXUSDT,2026-06-01 16:59:00+00:00,2026-06-01 17:01:00+00:00,2026-06-01 17:31:00+00:00,9594.343208511471,9591.564155521133,9591.564155521133,9633.66286416013,13.44252026544315,3.8450454039362527,0.0,9.597474861506896,9.597474861506896,30.0,2.656037825070679,mean
954,PCA3,15,AAVEUSDT,2026-06-01 16:44:00+00:00,2026-06-01 16:46:00+00:00,2026-06-01 18:46:00+00:00,9595.672869893298,9606.548355458764,9606.548355458764,9719.098198190371,17.23243435393512,3.8651293107298272,0.0,13.367305043205294,13.367305043205294,120.0,-2.681140960775585,mean
956,PCA3,15,LTCUSDT,2026-06-01 16:59:00+00:00,2026-06-01 17:01:00+00:00,2026-06-01 21:01:00+00:00,9594.343208511471,9596.363468063813,9596.363468063813,9661.341329259805,-19.516017759808115,3.8515409594647236,0.0,-23.367558719272836,-23.367558719272836,240.0,-2.128149988341996,mean
957,PCA3,15,BTCUSDT,2026-06-01 17:44:00+00:00,2026-06-01 17:46:00+00:00,2026-06-01 22:01:00+00:00,9595.79743951022,9583.931413853574,9583.931413853574,9511.075908550407,-17.822910717955804,3.819001464480796,0.0,-21.6419121824366,-21.6419121824366,255.0,-2.1327639545282797,timeout
958,PCA3,15,NEARUSDT,2026-06-01 18:59:00+00:00,2026-06-01 19:01:00+00:00,2026-06-01 22:46:00+00:00,9595.12568743423,9591.223999523729,9591.223999523729,9688.100740021253,-117.76008646130096,3.8558649479089966,0.0,-121.61595140920996,-121.61595140920996,225.0,2.1424508015642485,mean
959,PCA3,15,DOGEUSDT,2026-06-02 00:14:00+00:00,2026-06-02 00:16:00+00:00,2026-06-02 03:31:00+00:00,9580.95098481324,9576.679237807963,9576.679237807963,9552.648504192026,-15.487331370484013,3.8258655483999977,0.0,-19.31319691888401,-19.31319691888401,195.0,2.3003332549443956,mean
962,PCA3,15,NEARUSDT,2026-06-02 03:44:00+00:00,2026-06-02 03:46:00+00:00,2026-06-02 05:01:00+00:00,9575.918227912529,9584.738545720325,9584.738545720325,9414.771351039508,106.30182704061065,3.799901979351967,0.0,102.50192506125867,102.50192506125867,75.0,2.323244952600911,mean
960,PCA3,15,ADAUSDT,2026-06-02 02:29:00+00:00,2026-06-02 02:31:00+00:00,2026-06-02 06:01:00+00:00,9577.74549789923,9574.15772383706,9574.15772383706,9468.16803146363,-11.016560328859141,3.8084651510601377,0.0,-14.825025479919278,-14.825025479919278,210.0,-2.3248931018455,mean
961,PCA3,15,LTCUSDT,2026-06-02 02:59:00+00:00,2026-06-02 03:01:00+00:00,2026-06-02 07:01:00+00:00,9579.001292060097,9567.800471019991,9567.800471019991,9430.75155638851,1.3798358889584241,3.799710405481701,0.0,-2.4198745165232767,-2.4198745165232767,240.0,-3.163259965963195,mean
963,PCA3,15,ETHUSDT,2026-06-02 05:14:00+00:00,2026-06-02 05:16:00+00:00,2026-06-02 08:01:00+00:00,9585.282755415288,9581.258486533901,9581.258486533901,9487.98805280811,-8.529067798725695,3.8138493078684026,0.8183485343676367,-12.342917106594097,-11.52456857222646,165.0,2.008134987575272,mean
965,PCA3,15,DOTUSDT,2026-06-02 09:14:00+00:00,2026-06-02 09:16:00+00:00,2026-06-02 13:16:00+00:00,9586.392910770612,9593.443205095045,9593.443205095045,9604.513958646048,-21.10320725767014,3.839591432748219,0.0,-24.942798690418357,-24.942798690418357,240.0,2.1595848094675207,mean
964,PCA3,15,BTCUSDT,2026-06-02 09:14:00+00:00,2026-06-02 09:16:00+00:00,2026-06-02 13:31:00+00:00,9586.392910770612,9591.562390625999,9591.562390625999,9568.238338505278,-54.32334533582176,3.8319601458262555,0.0,-58.15530548164802,-58.15530548164802,255.0,-2.3749778427950132,timeout
966,PCA3,15,SOLUSDT,2026-06-02 11:14:00+00:00,2026-06-02 11:16:00+00:00,2026-06-02 13:31:00+00:00,9579.896234268415,9574.383110136996,9574.383110136996,9567.98856190851,10.08988433405693,3.8284743344091012,0.0,6.261409999647827,6.261409999647827,135.0,-2.631977507077551,mean
968,PCA3,15,LINKUSDT,2026-06-02 14:14:00+00:00,2026-06-02 14:16:00+00:00,2026-06-02 17:01:00+00:00,9578.258355096148,9560.981685857498,9560.981685857498,9360.31104283931,11.237837311010537,3.7842585457393616,-0.14483008150512655,7.453578765271176,7.308748683766049,165.0,2.2197298933896947,mean
967,PCA3,15,BTCUSDT,2026-06-02 13:44:00+00:00,2026-06-02 13:46:00+00:00,2026-06-02 18:01:00+00:00,9578.709241353368,9586.281312425263,9586.281312425263,9391.757888497577,2.731128918884228,3.7956078401845676,-0.7794506191892582,-1.0644789213003396,-1.8439295404895977,255.0,-2.7777704664352076,timeout
969,PCA3,15,SUIUSDT,2026-06-02 14:29:00+00:00,2026-06-02 14:31:00+00:00,2026-06-02 18:16:00+00:00,9582.726633037075,9600.002939864742,9600.002939864742,9594.561902807054,-11.592786222878091,3.83891296853436,-0.24962134070246392,-15.43169919141245,-15.681320532114915,225.0,2.79436300069589,mean
972,PCA3,15,LTCUSDT,2026-06-02 18:44:00+00:00,2026-06-02 18:46:00+00:00,2026-06-02 19:46:00+00:00,9581.233545707124,9570.948171322736,9570.948171322736,9494.926025720228,3.3748591267800405,3.8131748394085925,0.0,-0.4383157126285522,-0.4383157126285522,60.0,2.4908899704634737,mean
970,PCA3,15,SOLUSDT,2026-06-02 17:14:00+00:00,2026-06-02 17:16:00+00:00,2026-06-02 21:31:00+00:00,9578.476051240423,9570.26638124441,9570.26638124441,9502.052754667484,-36.605383664173765,3.8144638271823785,0.0,-40.41984749135614,-40.41984749135614,255.0,-2.2856659886570654,timeout
973,PCA3,15,LTCUSDT,2026-06-02 20:14:00+00:00,2026-06-02 20:16:00+00:00,2026-06-02 21:31:00+00:00,9583.511044294199,9569.266824713253,9569.266824713253,9592.972503408846,21.72151491830604,3.83244786562442,0.0,17.889067052681618,17.889067052681618,75.0,2.0226629707842627,mean
971,PCA3,15,AAVEUSDT,2026-06-02 18:14:00+00:00,2026-06-02 18:16:00+00:00,2026-06-02 22:31:00+00:00,9576.010662182305,9560.985417902497,9560.985417902497,9306.273971298551,119.69391080023907,3.77345187784021,0.0,115.92045892239886,115.92045892239886,255.0,6.731621955092862,timeout
974,PCA3,15,ETHUSDT,2026-06-02 21:44:00+00:00,2026-06-02 21:46:00+00:00,2026-06-02 22:31:00+00:00,9588.126134992348,9583.066670027063,9583.066670027063,9520.07173104405,30.06138285099319,3.8206276802142227,0.0,26.240755170778968,26.240755170778968,45.0,-2.0743414672281464,mean
976,PCA3,15,SOLUSDT,2026-06-02 22:59:00+00:00,2026-06-02 23:01:00+00:00,2026-06-02 23:46:00+00:00,9587.893010987389,9578.97009606847,9578.97009606847,9613.109958940568,10.156499676245307,3.838416011001807,0.0,6.3180836652435,6.3180836652435,45.0,-2.24279114811577,mean
975,PCA3,15,LTCUSDT,2026-06-02 22:44:00+00:00,2026-06-02 22:46:00+00:00,2026-06-03 03:01:00+00:00,9589.606803008674,9563.293840054632,9563.293840054632,9565.8424752281,55.998437939640304,3.8258272630565466,-0.5550604990504416,52.17261067658376,51.61755017753332,255.0,-3.0610375611167013,timeout
977,PCA3,15,BCHUSDT,2026-06-02 23:14:00+00:00,2026-06-02 23:16:00+00:00,2026-06-03 03:31:00+00:00,9586.852984728084,9592.061364866113,9592.061364866113,9429.602496812611,-139.7062976694966,3.8043327723357443,0.03363575760353492,-143.51063044183235,-143.4769946842288,255.0,-3.173268189174452,timeout
978,PCA3,15,ETHUSDT,2026-06-02 23:59:00+00:00,2026-06-03 00:01:00+00:00,2026-06-03 03:46:00+00:00,9587.03545874984,9606.548628570235,9606.548628570235,9431.598684413548,-7.883943934567006,3.807629462596757,0.0,-11.691573397163763,-11.691573397163763,225.0,-2.7198773337142352,mean
979,PCA3,15,LTCUSDT,2026-06-03 03:14:00+00:00,2026-06-03 03:16:00+00:00,2026-06-03 05:46:00+00:00,9578.879750456244,9590.914082667116,9590.914082667116,9659.921186414329,4.434920891807263,3.8501670538162887,0.0,0.584753837990974,0.584753837990974,150.0,2.083008374455025,mean
981,PCA3,15,SOLUSDT,2026-06-03 03:59:00+00:00,2026-06-03 04:01:00+00:00,2026-06-03 06:16:00+00:00,9581.817047914386,9606.718691371112,9606.718691371112,9860.252777990796,6.06508057867509,3.8933942938723813,0.0,2.1716862848027088,2.1716862848027088,135.0,-2.7124189124951985,mean
980,PCA3,15,BCHUSDT,2026-06-03 03:44:00+00:00,2026-06-03 03:46:00+00:00,2026-06-03 07:16:00+00:00,9576.73664901872,9557.11984569921,9557.11984569921,9841.337854624917,26.597786477623437,3.8796915400648255,0.0,22.71809493755861,22.71809493755861,210.0,-5.649223425272026,mean
983,PCA3,15,ADAUSDT,2026-06-03 07:14:00+00:00,2026-06-03 07:16:00+00:00,2026-06-03 09:16:00+00:00,9581.035462722319,9574.570550098739,9574.570550098739,9549.449522969177,0.9683246177405893,3.8248040146135835,-0.04092240390144471,-2.8564793968729942,-2.897401800774439,120.0,2.1488964328494764,mean
982,PCA3,15,XRPUSDT,2026-06-03 06:29:00+00:00,2026-06-03 06:31:00+00:00,2026-06-03 09:46:00+00:00,9584.621654032213,9582.12650581762,9582.12650581762,9556.806616412041,-5.21175069785566,3.827786624445932,-0.28260056816046447,-9.039537322301591,-9.322137890462056,195.0,2.366340067267473,mean
986,PCA3,15,ADAUSDT,2026-06-03 12:44:00+00:00,2026-06-03 12:46:00+00:00,2026-06-03 14:16:00+00:00,9570.967570963725,9569.005443829212,9569.005443829212,9560.897017179903,4.727642730151033,3.825980492201823,0.0,0.9016622379492107,0.9016622379492107,90.0,-2.3801573068481883,mean
984,PCA3,15,FILUSDT,2026-06-03 10:59:00+00:00,2026-06-03 11:01:00+00:00,2026-06-03 15:16:00+00:00,9581.209009121725,9602.830020030151,9602.830020030151,9731.690914832687,-246.7738996128153,3.866904186972567,0.0,-250.64080379978788,-250.64080379978788,255.0,5.307447789456568,timeout
985,PCA3,15,UNIUSDT,2026-06-03 11:29:00+00:00,2026-06-03 11:31:00+00:00,2026-06-03 15:46:00+00:00,9581.643901916925,9560.51663115452,9560.51663115452,9453.520105098047,-40.578802399547754,3.8028073472505133,0.0,-44.38160974679827,-44.38160974679827,255.0,2.049489270405497,timeout
988,PCA3,15,FILUSDT,2026-06-03 15:29:00+00:00,2026-06-03 15:31:00+00:00,2026-06-03 17:01:00+00:00,9551.161029883355,9573.852029607438,9573.852029607438,9307.458222648225,140.9158073894793,3.7762620504511326,0.09082196227351812,137.13954533902816,137.23036730130167,90.0,3.329039006629442,mean
987,PCA3,15,SOLUSDT,2026-06-03 14:29:00+00:00,2026-06-03 14:31:00+00:00,2026-06-03 17:16:00+00:00,9570.416351477701,9574.160421508395,9574.160421508395,9418.599325215813,-12.063260404690938,3.7985519493448416,0.5222886651622742,-15.86181235403578,-15.339523688873506,165.0,-2.694729757773758,mean
989,PCA3,15,ETHUSDT,2026-06-03 15:59:00+00:00,2026-06-03 16:01:00+00:00,2026-06-03 18:16:00+00:00,9545.423339284005,9548.806288431606,9548.806288431606,9477.480094642244,16.977743212323784,3.80525727661477,0.0,13.172485935709012,13.172485935709012,135.0,-3.37764835744071,mean
991,PCA3,15,NEARUSDT,2026-06-03 17:59:00+00:00,2026-06-03 18:01:00+00:00,2026-06-03 19:01:00+00:00,9563.645149022783,9568.924178693227,9568.924178693227,9691.134529522771,110.8307467504699,3.8520117416431994,0.0,106.9787350088267,106.9787350088267,60.0,-2.1630969524256476,mean
992,PCA3,15,FILUSDT,2026-06-03 18:44:00+00:00,2026-06-03 18:46:00+00:00,2026-06-03 20:01:00+00:00,9564.674026728198,9577.547968958226,9577.547968958226,9461.628493106236,20.16346963341907,3.8078352924128924,0.0,16.35563434100618,16.35563434100618,75.0,-2.262891838238758,mean
994,PCA3,15,XRPUSDT,2026-06-03 20:14:00+00:00,2026-06-03 20:16:00+00:00,2026-06-03 21:16:00+00:00,9571.768989697932,9525.843263442634,9525.843263442634,9544.283059978061,11.730012821615235,3.8140252646841386,0.0,7.915987556931096,7.915987556931096,60.0,-2.009671756233804,mean
990,PCA3,15,ADAUSDT,2026-06-03 17:14:00+00:00,2026-06-03 17:16:00+00:00,2026-06-03 21:31:00+00:00,9565.520461950324,9582.36071440042,9582.36071440042,9445.275585808235,-123.68504414736285,3.805527260041731,0.0,-127.49057140740457,-127.49057140740457,255.0,-2.6226747775804777,timeout
993,PCA3,15,SOLUSDT,2026-06-03 19:29:00+00:00,2026-06-03 19:31:00+00:00,2026-06-03 23:01:00+00:00,9570.826050817604,9572.683824216318,9572.683824216318,9588.083745937982,6.506338259307917,3.83215351403086,0.0,2.674184745277057,2.674184745277057,210.0,-2.5582828789903216,mean
995,PCA3,15,LINKUSDT,2026-06-03 21:29:00+00:00,2026-06-03 21:31:00+00:00,2026-06-04 01:46:00+00:00,9565.109736515746,9589.126537781905,9589.126537781905,9304.621813519143,-33.58816772725612,3.7787496702602095,-0.2310462920158011,-37.36691739751633,-37.597963689532136,255.0,4.123744684977214,timeout
996,PCA3,15,ADAUSDT,2026-06-03 21:44:00+00:00,2026-06-03 21:46:00+00:00,2026-06-04 02:01:00+00:00,9562.423058119162,9565.302318711216,9565.302318711216,9071.512346577885,-33.11808213041546,3.7273629330578197,-0.11412504865987239,-36.84544506347328,-36.95957011213315,255.0,-5.124969399623882,timeout
997,PCA3,15,BTCUSDT,2026-06-03 23:14:00+00:00,2026-06-03 23:16:00+00:00,2026-06-04 02:16:00+00:00,9560.672392400262,9560.459117185233,9560.459117185233,9160.46955100909,45.33180741051791,3.7441857336388646,-0.2330537869961088,41.587621676879046,41.35456788988294,180.0,-4.029419627105279,mean
999,PCA3,15,LINKUSDT,2026-06-04 02:14:00+00:00,2026-06-04 02:16:00+00:00,2026-06-04 03:01:00+00:00,9560.382895466368,9526.220578663366,9526.220578663366,9707.663601227625,15.154463217808097,3.846776835978198,0.0,11.3076863818299,11.3076863818299,45.0,2.982284515183279,mean
998,PCA3,15,LTCUSDT,2026-06-04 01:59:00+00:00,2026-06-04 02:01:00+00:00,2026-06-04 03:46:00+00:00,9557.877612953429,9545.76074386843,9545.76074386843,9874.725195139667,-4.0388105659775455,3.8840971878016193,0.0,-7.922907753779164,-7.922907753779164,105.0,-3.6194029559863576,mean
1001,PCA3,15,AAVEUSDT,2026-06-04 03:14:00+00:00,2026-06-04 03:16:00+00:00,2026-06-04 05:16:00+00:00,9562.500425505694,9573.528470773008,9573.528470773008,9466.80964803216,6.418893402855048,3.808067623761034,0.0,2.610825779094014,2.610825779094014,120.0,-3.1435685097297226,mean
1002,PCA3,15,XRPUSDT,2026-06-04 03:59:00+00:00,2026-06-04 04:01:00+00:00,2026-06-04 06:01:00+00:00,9564.426907738447,9571.031965858965,9571.031965858965,9393.7858133275,2.4232374103307155,3.792963555837293,0.0,-1.3697261455065772,-1.3697261455065772,120.0,3.065067750344063,mean
1000,PCA3,15,DOTUSDT,2026-06-04 02:29:00+00:00,2026-06-04 02:31:00+00:00,2026-06-04 06:16:00+00:00,9560.11315542414,9568.905405673711,9568.905405673711,9699.943614483322,-18.04420958733897,3.8537698040314066,0.0,-21.897979391370377,-21.897979391370377,225.0,-2.7776888666578925,mean
1003,PCA3,15,NEARUSDT,2026-06-04 05:29:00+00:00,2026-06-04 05:31:00+00:00,2026-06-04 08:31:00+00:00,9558.865550713203,9562.432675312373,9562.432675312373,9255.297521639772,-280.93152566363597,3.763546039390429,0.23520723452052242,-284.69507170302643,-284.4598644685059,180.0,-3.526532289652776,stop
1004,PCA3,15,XRPUSDT,2026-06-04 07:14:00+00:00,2026-06-04 07:16:00+00:00,2026-06-04 10:01:00+00:00,9541.268838149645,9530.85584658653,9530.85584658653,9364.190888772106,-2.907355659797398,3.779009347071727,-0.24216018694933933,-6.686365006869124,-6.928525193818464,165.0,-2.012645381914324,mean
1006,PCA3,15,NEARUSDT,2026-06-04 08:44:00+00:00,2026-06-04 08:46:00+00:00,2026-06-04 10:16:00+00:00,9530.47424639992,9569.988140558022,9569.988140558022,9513.335529259213,90.33698823081603,3.8166647339634467,0.0,86.52032349685258,86.52032349685258,90.0,-2.909522296732312,mean
1005,PCA3,15,SOLUSDT,2026-06-04 07:59:00+00:00,2026-06-04 08:01:00+00:00,2026-06-04 11:16:00+00:00,9538.2849115126,9537.762196575253,9537.762196575253,9317.47250619985,7.986671279274777,3.7710469405550207,0.0,4.215624338719755,4.215624338719755,195.0,-2.4907824275082544,mean
1007,PCA3,15,ADAUSDT,2026-06-04 10:14:00+00:00,2026-06-04 10:16:00+00:00,2026-06-04 11:31:00+00:00,9542.939050787267,9516.606649631027,9516.606649631027,9580.294766355431,41.37961812324434,3.819380283197292,0.0,37.56023784004705,37.56023784004705,75.0,-4.51399443965503,mean
1008,PCA3,15,TRXUSDT,2026-06-04 10:29:00+00:00,2026-06-04 10:31:00+00:00,2026-06-04 11:31:00+00:00,9542.799955848343,9555.92774907151,9555.92774907151,9577.702937005517,31.505469548718423,3.826726137215406,0.0,27.678743411503017,27.678743411503017,60.0,-2.1849424904331904,mean
1011,PCA3,15,SOLUSDT,2026-06-04 12:44:00+00:00,2026-06-04 12:46:00+00:00,2026-06-04 15:01:00+00:00,9548.49773819837,9560.806768358969,9560.806768358969,9548.267311564925,12.822456287317374,3.821814815984779,0.0,9.000641471332596,9.000641471332596,135.0,2.1037661109154184,mean
1010,PCA3,15,UNIUSDT,2026-06-04 12:29:00+00:00,2026-06-04 12:31:00+00:00,2026-06-04 15:16:00+00:00,9547.357811208469,9553.9583763736,9553.9583763736,9687.178388308886,13.001118897116818,3.8482273529364974,0.0,9.15289154418032,9.15289154418032,165.0,-2.3679716843970273,mean
1009,PCA3,15,ADAUSDT,2026-06-04 12:29:00+00:00,2026-06-04 12:31:00+00:00,2026-06-04 15:46:00+00:00,9547.357811208469,9552.150323735108,9552.150323735108,9582.938293067858,-39.94507793101515,3.8270177233605933,0.0,-43.77209565437574,-43.77209565437574,195.0,-2.981131461414425,mean
1014,PCA3,15,XRPUSDT,2026-06-04 15:59:00+00:00,2026-06-04 16:01:00+00:00,2026-06-04 17:01:00+00:00,9543.38008249845,9538.793778207699,9538.793778207699,9524.330732108956,20.999048209865183,3.812624902063331,0.0,17.186423307801853,17.186423307801853,60.0,-2.1204555493082906,mean
1013,PCA3,15,ADAUSDT,2026-06-04 15:59:00+00:00,2026-06-04 16:01:00+00:00,2026-06-04 17:46:00+00:00,9543.38008249845,9541.702052830622,9541.702052830622,9437.360852139735,9.486716629624869,3.7958125809940713,0.0,5.690904048630798,5.690904048630798,105.0,-2.2300053609767705,mean
1012,PCA3,15,DOTUSDT,2026-06-04 15:44:00+00:00,2026-06-04 15:46:00+00:00,2026-06-04 18:31:00+00:00,9545.117389998877,9543.419260525408,9543.419260525408,9595.390112376286,-10.205594564824512,3.827761874580339,-0.7192664422148142,-14.033356439404852,-14.752622881619665,165.0,2.575038076714251,mean
1015,PCA3,15,BTCUSDT,2026-06-04 17:29:00+00:00,2026-06-04 17:31:00+00:00,2026-06-04 18:31:00+00:00,9544.51417901682,9550.41701569958,9550.41701569958,9646.804146876446,8.685323336168308,3.839444232515205,0.0,4.845879103653102,4.845879103653102,60.0,-2.2225103740805965,mean
1017,PCA3,15,ADAUSDT,2026-06-04 19:14:00+00:00,2026-06-04 19:16:00+00:00,2026-06-04 19:31:00+00:00,9544.366688779557,9557.751835613983,9557.751835613983,9596.385181756319,16.663595415426688,3.8308274034740606,0.0,12.832768011952627,12.832768011952627,15.0,-2.248275189435939,mean
1016,PCA3,15,SUIUSDT,2026-06-04 18:29:00+00:00,2026-06-04 18:31:00+00:00,2026-06-04 20:16:00+00:00,9546.797173377712,9568.903522551966,9568.903522551966,9460.476466509677,-6.867742763015294,3.805875997812328,0.0,-10.673618760827623,-10.673618760827623,105.0,-2.114737470906414,mean
1019,PCA3,15,XRPUSDT,2026-06-04 20:44:00+00:00,2026-06-04 20:46:00+00:00,2026-06-04 22:16:00+00:00,9544.66286097498,9556.245879455008,9556.245879455008,9413.438234956211,-4.7264015096237175,3.7939368228822437,0.0,-8.520338332505961,-8.520338332505961,90.0,2.0099756631842314,mean
1018,PCA3,15,ADAUSDT,2026-06-04 19:44:00+00:00,2026-06-04 19:46:00+00:00,2026-06-05 00:01:00+00:00,9545.697332147905,9534.267549672046,9534.267549672046,9297.42819640377,-119.01073323702836,3.766339149215163,-0.26334395608344835,-122.77707238624352,-123.04041634232696,255.0,-2.024898189247805,timeout
1020,PCA3,15,ETHUSDT,2026-06-04 21:14:00+00:00,2026-06-04 21:16:00+00:00,2026-06-05 00:01:00+00:00,9542.183781191381,9540.065014260817,9540.065014260817,9462.960487463051,-13.497872191953928,3.8006051003447734,0.544321774981419,-17.2984772922987,-16.75415551731728,165.0,2.012666067175098,mean
1021,PCA3,15,BTCUSDT,2026-06-04 22:44:00+00:00,2026-06-04 22:46:00+00:00,2026-06-05 01:31:00+00:00,9536.88094939029,9545.737521840394,9545.737521840394,9559.25936808482,20.34367099512883,3.820999377985043,0.39822248850535946,16.522671617143786,16.920894105649147,165.0,2.362801884763991,mean
1022,PCA3,15,ADAUSDT,2026-06-05 00:14:00+00:00,2026-06-05 00:16:00+00:00,2026-06-05 03:46:00+00:00,9531.766393677042,9541.631580296375,9541.631580296375,9030.650516580035,-312.22933524868455,3.7144564193752823,0.0,-315.9437916680598,-315.9437916680598,210.0,-8.29787287014008,stop
1023,PCA3,15,SOLUSDT,2026-06-05 00:14:00+00:00,2026-06-05 00:16:00+00:00,2026-06-05 03:46:00+00:00,9531.766393677042,9534.653260448575,9534.653260448575,9320.283990613294,-21.994793646643615,3.770987450212374,0.0,-25.76578109685599,-25.76578109685599,210.0,2.2598485897928215,mean
1024,PCA3,15,DOTUSDT,2026-06-05 02:29:00+00:00,2026-06-05 02:31:00+00:00,2026-06-05 04:31:00+00:00,9515.709207339554,9527.541744393375,9527.541744393375,9484.374182127955,8.180757424088483,3.802383185304266,0.0,4.378374238784217,4.378374238784217,120.0,2.1605426349073222,mean
1025,PCA3,15,ADAUSDT,2026-06-05 03:59:00+00:00,2026-06-05 04:01:00+00:00,2026-06-05 05:31:00+00:00,9500.627103513916,9501.090074230522,9501.090074230522,9821.865826150646,211.6389419544541,3.864591180076234,0.0,207.77435077437787,207.77435077437787,90.0,-8.475251596054443,mean
1026,PCA3,15,AVAXUSDT,2026-06-05 03:59:00+00:00,2026-06-05 04:01:00+00:00,2026-06-05 08:16:00+00:00,9500.627103513916,9491.144502435938,9491.144502435938,9338.23410472928,34.311876011313736,3.765875721433044,-0.2545753544523214,30.546000289880688,30.291424935428367,255.0,-5.762757206958809,timeout
1028,PCA3,15,ETHUSDT,2026-06-05 05:44:00+00:00,2026-06-05 05:46:00+00:00,2026-06-05 08:46:00+00:00,9517.123765873692,9503.928695796703,9503.928695796703,9316.677789734607,20.28571212889199,3.7641212971062616,-0.49879082259303253,16.52159083178573,16.022800009192697,180.0,-3.8976719509318545,mean
1027,PCA3,15,BTCUSDT,2026-06-05 04:59:00+00:00,2026-06-05 05:01:00+00:00,2026-06-05 09:16:00+00:00,9524.403260501109,9509.674625416626,9509.674625416626,9354.81851082675,-96.80103416278672,3.7728986272486758,0.7496511140521656,-100.5739327900354,-99.82428167598323,255.0,2.434935422296441,timeout
1030,PCA3,15,UNIUSDT,2026-06-05 08:59:00+00:00,2026-06-05 09:01:00+00:00,2026-06-05 09:46:00+00:00,9515.639175217806,9523.720950670893,9523.720950670893,9626.033268571886,0.6904119438796799,3.8299508438485557,0.0,-3.1395388999688763,-3.1395388999688763,45.0,2.163379720999503,mean
1029,PCA3,15,XRPUSDT,2026-06-05 08:29:00+00:00,2026-06-05 08:31:00+00:00,2026-06-05 11:16:00+00:00,9512.33909072338,9512.803348992435,9512.803348992435,9482.271760412348,4.055667780294994,3.7990150218809564,0.0,0.256652758414037,0.256652758414037,165.0,2.8871695258887944,mean
1031,PCA3,15,AVAXUSDT,2026-06-05 09:29:00+00:00,2026-06-05 09:31:00+00:00,2026-06-05 12:46:00+00:00,9513.538772320831,9493.483817856391,9493.483817856391,9319.56991090852,-26.73805485254102,3.7626107457529825,0.0,-30.500665598294002,-30.500665598294002,195.0,-2.7134030660068658,mean
1033,PCA3,15,SOLUSDT,2026-06-05 11:29:00+00:00,2026-06-05 11:31:00+00:00,2026-06-05 13:46:00+00:00,9507.650164601706,9510.54823936381,9510.54823936381,9391.874229918054,14.05975555575458,3.780484493856373,0.0,10.279271061898207,10.279271061898207,135.0,3.2455278687553215,mean
1032,PCA3,15,AAVEUSDT,2026-06-05 10:14:00+00:00,2026-06-05 10:16:00+00:00,2026-06-05 14:31:00+00:00,9512.65054169663,9496.815580728338,9496.815580728338,9040.597893656977,-225.03413737101926,3.707482694877063,0.0,-228.74162006589634,-228.74162006589634,255.0,-2.7768347587490134,timeout
1036,PCA3,15,AAVEUSDT,2026-06-05 14:44:00+00:00,2026-06-05 14:46:00+00:00,2026-06-05 16:01:00+00:00,9479.527186167217,9520.549431688754,9520.549431688754,9315.24182466443,58.77858390993221,3.767158251270637,1.0651338064322782,55.01142565866157,56.07655946509385,75.0,-5.636411198648236,mean
1037,PCA3,15,TRXUSDT,2026-06-05 16:14:00+00:00,2026-06-05 16:16:00+00:00,2026-06-05 17:01:00+00:00,9485.446123564732,9520.008750631328,9520.008750631328,9633.70272528198,-18.373303277759774,3.830742295182662,0.0,-22.204045572942437,-22.204045572942437,45.0,-3.3868128943555034,mean
1034,PCA3,15,SUIUSDT,2026-06-05 12:59:00+00:00,2026-06-05 13:01:00+00:00,2026-06-05 17:16:00+00:00,9501.436487778954,9516.886864474514,9516.886864474514,9410.175880733113,-82.66181604813586,3.7854125490415256,-0.16166717208475634,-86.4472285971774,-86.60889576926216,255.0,2.3652713827717675,timeout
1035,PCA3,15,ETHUSDT,2026-06-05 13:59:00+00:00,2026-06-05 14:01:00+00:00,2026-06-05 18:16:00+00:00,9488.172270481942,9538.822848864229,9538.822848864229,9410.623863815836,-85.3736802817194,3.789889342536013,0.023830532769245114,-89.16356962425542,-89.13973909148618,255.0,-2.8761949781105973,timeout
1038,PCA3,15,FILUSDT,2026-06-05 17:14:00+00:00,2026-06-05 17:16:00+00:00,2026-06-05 19:01:00+00:00,9477.00321161785,9455.50682363971,9455.50682363971,9160.806396911,22.212342085371247,3.7232626441101417,0.0,18.489079441261108,18.489079441261108,105.0,-3.5495221146945433,mean
1039,PCA3,15,ETHUSDT,2026-06-05 18:29:00+00:00,2026-06-05 18:31:00+00:00,2026-06-05 19:31:00+00:00,9478.339194380354,9470.217839306628,9470.217839306628,9379.847349113024,47.96923644418216,3.7700130376839303,0.0,44.19922340649823,44.19922340649823,60.0,-2.1525787335333413,mean
1042,PCA3,15,ADAUSDT,2026-06-05 19:44:00+00:00,2026-06-05 19:46:00+00:00,2026-06-05 21:01:00+00:00,9478.982854756874,9520.60828720936,9520.60828720936,9704.274983644324,70.95587141536552,3.844976654170736,0.0,67.11089476119479,67.11089476119479,75.0,2.6594763562231205,mean
1040,PCA3,15,SOLUSDT,2026-06-05 19:14:00+00:00,2026-06-05 19:16:00+00:00,2026-06-05 21:31:00+00:00,9483.17903469735,9463.16689685305,9463.16689685305,9894.590620897123,37.14994674552887,3.8715515035500343,0.0,33.27839524197884,33.27839524197884,135.0,-4.894830613325977,mean
1044,PCA3,15,DOGEUSDT,2026-06-05 22:29:00+00:00,2026-06-05 22:31:00+00:00,2026-06-05 23:16:00+00:00,9483.12057657625,9479.335124308465,9479.335124308465,9428.395421299625,30.5244906919322,3.781546109121618,0.0,26.74294458281058,26.74294458281058,45.0,2.673465393418067,mean
1041,PCA3,15,AVAXUSDT,2026-06-05 19:14:00+00:00,2026-06-05 19:16:00+00:00,2026-06-05 23:31:00+00:00,9483.17903469735,9457.727529823309,9457.727529823309,9585.641136675866,-76.14204951356058,3.8086737332998353,0.0,-79.9507232468604,-79.9507232468604,255.0,-4.121653882896644,timeout
1043,PCA3,15,BTCUSDT,2026-06-05 21:14:00+00:00,2026-06-05 21:16:00+00:00,2026-06-06 00:16:00+00:00,9490.146510043847,9502.224677313761,9502.224677313761,9422.588139245805,-7.2818357845041275,3.7849625633119137,0.4892717887184061,-11.066798347816041,-10.577526559097635,180.0,3.3650109235904946,mean
1045,PCA3,15,AAVEUSDT,2026-06-05 23:29:00+00:00,2026-06-05 23:31:00+00:00,2026-06-06 00:16:00+00:00,9484.545129250626,9457.825294535083,9457.825294535083,9572.424094766491,43.094553049982636,3.806049877860315,-0.47397395035796097,39.28850317212232,38.81452922176436,45.0,2.839285016472777,mean
1046,PCA3,15,UNIUSDT,2026-06-05 23:44:00+00:00,2026-06-05 23:46:00+00:00,2026-06-06 00:46:00+00:00,9484.830747203376,9468.279785054761,9468.279785054761,9636.414102036608,30.04269093652103,3.820938777418274,0.3578504810967421,26.221752159102756,26.5796026401995,60.0,2.935993334061408,mean
1047,PCA3,15,SUIUSDT,2026-06-06 00:29:00+00:00,2026-06-06 00:31:00+00:00,2026-06-06 01:46:00+00:00,9491.038088835561,9493.112565063206,9493.112565063206,9410.496457335707,44.321425314876194,3.7807218044797826,0.0,40.54070351039641,40.54070351039641,75.0,2.954461976757117,mean
1049,PCA3,15,AAVEUSDT,2026-06-06 01:29:00+00:00,2026-06-06 01:31:00+00:00,2026-06-06 04:16:00+00:00,9493.189466995365,9477.323273566119,9477.323273566119,9100.926608332207,-35.83444022797531,3.715649976379665,0.0,-39.55009020435497,-39.55009020435497,165.0,-2.0625813773328305,mean
1050,PCA3,15,DOGEUSDT,2026-06-06 03:59:00+00:00,2026-06-06 04:01:00+00:00,2026-06-06 04:46:00+00:00,9503.380303876374,9506.187490560002,9506.187490560002,9166.145618014503,23.577961347574234,3.734466621714901,0.0,19.843494725859333,19.843494725859333,45.0,2.117710717721908,mean
1048,PCA3,15,AVAXUSDT,2026-06-06 01:14:00+00:00,2026-06-06 01:16:00+00:00,2026-06-06 05:31:00+00:00,9489.75087847318,9499.856322706722,9499.856322706722,9081.805612674088,113.32877349170109,3.7163323870761618,0.0,109.61244110462492,109.61244110462492,255.0,2.1583968635507707,timeout
1052,PCA3,15,BTCUSDT,2026-06-06 04:59:00+00:00,2026-06-06 05:01:00+00:00,2026-06-06 06:16:00+00:00,9507.440740704444,9487.143759465676,9487.143759465676,9759.704804897436,84.98707938956592,3.8493697128726225,0.0,81.1377096766933,81.1377096766933,75.0,2.8382671411756153,mean
1051,PCA3,15,LTCUSDT,2026-06-06 04:29:00+00:00,2026-06-06 04:31:00+00:00,2026-06-06 07:01:00+00:00,9511.929468175445,9476.829731671622,9476.829731671622,9724.89223676608,5.036730875374445,3.8403443936875408,0.0,1.1963864816869045,1.1963864816869045,150.0,-4.477685762982886,mean
1054,PCA3,15,AVAXUSDT,2026-06-06 06:29:00+00:00,2026-06-06 06:31:00+00:00,2026-06-06 07:01:00+00:00,9513.889746947976,9505.221481538412,9505.221481538412,9395.62877533909,40.16638196699356,3.7801700513755003,0.0,36.38621191561806,36.38621191561806,30.0,2.0778133052327714,mean
1053,PCA3,15,AAVEUSDT,2026-06-06 05:59:00+00:00,2026-06-06 06:01:00+00:00,2026-06-06 07:46:00+00:00,9509.921852930713,9539.31214670321,9539.31214670321,9604.254076413185,47.01411160917732,3.828713244623279,0.0,43.18539836455405,43.18539836455405,105.0,2.339356835953218,mean
1056,PCA3,15,DOGEUSDT,2026-06-06 07:14:00+00:00,2026-06-06 07:16:00+00:00,2026-06-06 08:31:00+00:00,9517.649072027134,9528.553493433219,9528.553493433219,9616.972857895538,17.12381154586929,3.8291052702657513,-0.5543514407895928,13.29470627560354,12.740354834813948,75.0,-2.231889785645907,mean
1055,PCA3,15,BCHUSDT,2026-06-06 07:14:00+00:00,2026-06-06 07:16:00+00:00,2026-06-06 10:16:00+00:00,9517.649072027134,9519.815913457938,9519.815913457938,9394.117937887917,31.844385106243692,3.782786770269171,0.7287027901483933,28.061598335974523,28.790301126122916,180.0,4.949814698472377,mean
1058,PCA3,15,LTCUSDT,2026-06-06 08:44:00+00:00,2026-06-06 08:46:00+00:00,2026-06-06 10:16:00+00:00,9522.52459847294,9513.150501241746,9513.150501241746,9353.647114706306,12.113276745727614,3.7733595231896104,0.0,8.339917222538004,8.339917222538004,90.0,2.548327978262478,mean
1057,PCA3,15,SOLUSDT,2026-06-06 07:59:00+00:00,2026-06-06 08:01:00+00:00,2026-06-06 11:16:00+00:00,9526.889511203904,9510.59835538207,9510.59835538207,9395.336107065645,-17.661756044628532,3.7811868924895427,0.0,-21.442942937118076,-21.442942937118076,195.0,-2.5336936558195275,mean
1060,PCA3,15,AVAXUSDT,2026-06-06 13:29:00+00:00,2026-06-06 13:31:00+00:00,2026-06-06 15:01:00+00:00,9523.917693986252,9494.831155411779,9494.831155411779,9509.422373066174,14.309156579155497,3.8008507056955905,0.0,10.508305873459905,10.508305873459905,90.0,2.5091009882622917,mean
1061,PCA3,15,XRPUSDT,2026-06-06 13:59:00+00:00,2026-06-06 14:01:00+00:00,2026-06-06 16:01:00+00:00,9522.574795023611,9524.130864987354,9524.130864987354,9504.722144529385,5.748851652414185,3.8057706019033475,0.06462641181401213,1.9430810505108378,2.00770746232485,120.0,2.0005049707254776,mean
1059,PCA3,15,SUIUSDT,2026-06-06 12:59:00+00:00,2026-06-06 13:01:00+00:00,2026-06-06 17:01:00+00:00,9524.037264530463,9515.357974178416,9515.357974178416,9476.98048733477,-12.723372423087383,3.798467692302637,-0.06496191386566524,-16.52184011539002,-16.586802029255686,240.0,2.476220534212992,mean
1062,PCA3,15,SOLUSDT,2026-06-06 15:14:00+00:00,2026-06-06 15:16:00+00:00,2026-06-06 17:01:00+00:00,9522.409389116403,9512.460091060551,9512.460091060551,9587.024925615433,19.955535558771512,3.819897003335197,0.662752814668884,16.135638555436312,16.798391370105197,105.0,-2.200410496442602,mean
1064,PCA3,15,LTCUSDT,2026-06-06 17:14:00+00:00,2026-06-06 17:16:00+00:00,2026-06-06 17:46:00+00:00,9519.715780271987,9527.72975748843,9527.72975748843,9529.686811386619,36.72247962586357,3.8114833137750095,0.0,32.910996312088564,32.910996312088564,30.0,-2.5835730482708357,mean
1063,PCA3,15,XLMUSDT,2026-06-06 16:14:00+00:00,2026-06-06 16:16:00+00:00,2026-06-06 18:16:00+00:00,9523.716282224928,9522.818227285927,9522.818227285927,9408.558199986108,26.21557189785776,3.7862752854544066,0.0,22.429296612403355,22.429296612403355,120.0,2.464778674461344,mean
1065,PCA3,15,XRPUSDT,2026-06-06 17:59:00+00:00,2026-06-06 18:01:00+00:00,2026-06-06 20:31:00+00:00,9528.21610139011,9528.138533599125,9528.138533599125,9495.560005345555,7.9214071039471134,3.804739707788936,0.0,4.116667396158178,4.116667396158178,150.0,-2.0702663621083977,mean
1066,PCA3,15,LTCUSDT,2026-06-06 19:29:00+00:00,2026-06-06 19:31:00+00:00,2026-06-06 21:46:00+00:00,9531.377796637755,9528.044048163563,9528.044048163563,9597.998185065664,34.0749683243604,3.8252084466458456,0.0,30.249759877714556,30.249759877714556,135.0,-4.470223353185013,mean
1069,PCA3,15,LINKUSDT,2026-06-06 22:44:00+00:00,2026-06-06 22:46:00+00:00,2026-06-06 23:31:00+00:00,9534.740719104155,9547.003965956772,9547.003965956772,9552.085195421583,12.835358641814508,3.819817832275671,0.0,9.015540809538837,9.015540809538837,45.0,2.0156887922158506,mean
1068,PCA3,15,LTCUSDT,2026-06-06 22:29:00+00:00,2026-06-06 22:31:00+00:00,2026-06-07 00:01:00+00:00,9534.209391483977,9528.860978858807,9528.860978858807,9631.671948626441,15.988121110862373,3.8321065854970495,-0.25312390361793596,12.156014525365322,11.902890621747385,90.0,-2.4987685278627434,mean
1067,PCA3,15,DOGEUSDT,2026-06-06 22:14:00+00:00,2026-06-06 22:16:00+00:00,2026-06-07 00:31:00+00:00,9534.280696817965,9538.502090079095,9538.502090079095,9621.436312287908,6.73500355724522,3.831987680473401,-0.020158829552846716,2.9030158767718186,2.882857047218972,135.0,2.5890104067708273,mean
1070,PCA3,15,SUIUSDT,2026-06-07 01:14:00+00:00,2026-06-07 01:16:00+00:00,2026-06-07 04:31:00+00:00,9536.660825665818,9531.13299835916,9531.13299835916,9563.442101045548,-30.60680891256308,3.818915019880942,0.0,-34.425723932444015,-34.425723932444015,195.0,2.5551007447965275,mean
1071,PCA3,15,XRPUSDT,2026-06-07 02:59:00+00:00,2026-06-07 03:01:00+00:00,2026-06-07 05:16:00+00:00,9531.57248228345,9521.244794534274,9521.244794534274,9556.604923844117,8.940355798505632,3.815569943675678,0.0,5.124785854829954,5.124785854829954,135.0,2.4181219112706787,mean
1073,PCA3,15,UNIUSDT,2026-06-07 05:29:00+00:00,2026-06-07 05:31:00+00:00,2026-06-07 06:31:00+00:00,9533.18782548498,9529.323493273108,9529.323493273108,9566.169701423916,16.068753080226752,3.819098638939405,0.0,12.249654441287348,12.249654441287348,60.0,2.102061054346996,mean
1072,PCA3,15,SOLUSDT,2026-06-07 03:29:00+00:00,2026-06-07 03:31:00+00:00,2026-06-07 07:46:00+00:00,9532.745367014762,9523.298665203045,9523.298665203045,9631.176329128082,-15.137789871068616,3.8308949988662255,0.0,-18.968684869934844,-18.968684869934844,255.0,2.0830425659627765,timeout
1076,PCA3,15,SUIUSDT,2026-06-07 08:59:00+00:00,2026-06-07 09:01:00+00:00,2026-06-07 09:46:00+00:00,9533.736726201378,9525.226486875963,9525.226486875963,9526.580039874478,45.184309347185454,3.810361305350088,0.0,41.37394804183536,41.37394804183536,45.0,-2.473171852371982,mean
1075,PCA3,15,XRPUSDT,2026-06-07 08:29:00+00:00,2026-06-07 08:31:00+00:00,2026-06-07 10:31:00+00:00,9533.678576415361,9527.660763139784,9527.660763139784,9565.49140791785,5.993068022309587,3.818630434211527,0.0,2.17443758809806,2.17443758809806,120.0,2.376568906160708,mean
1074,PCA3,15,TRXUSDT,2026-06-07 07:29:00+00:00,2026-06-07 07:31:00+00:00,2026-06-07 11:01:00+00:00,9532.700987551263,9534.83000190174,9534.83000190174,9539.244711256993,-20.002027432496543,3.814814942631747,-0.1140555113296074,-23.81684237512829,-23.930897886457895,210.0,2.4605682188298594,mean
1077,PCA3,15,AVAXUSDT,2026-06-07 09:59:00+00:00,2026-06-07 10:01:00+00:00,2026-06-07 13:01:00+00:00,9535.130496490812,9528.809524472465,9528.809524472465,9375.043528931257,-22.153575362658252,3.7807706106807446,0.0,-25.934345973338996,-25.934345973338996,180.0,-2.304408416993958,mean
1079,PCA3,15,LINKUSDT,2026-06-07 12:59:00+00:00,2026-06-07 13:01:00+00:00,2026-06-07 14:46:00+00:00,9531.67740265589,9517.961551218965,9517.961551218965,9586.292143833436,8.875881053617757,3.8208507390104804,0.0,5.055030314607277,5.055030314607277,105.0,2.320922552082375,mean
1078,PCA3,15,UNIUSDT,2026-06-07 11:29:00+00:00,2026-06-07 11:31:00+00:00,2026-06-07 15:46:00+00:00,9532.888680598879,9527.13457497993,9527.13457497993,9450.454287324092,-41.924328289227745,3.795517772460804,0.0,-45.71984606168855,-45.71984606168855,255.0,-2.1291158802248273,timeout
1080,PCA3,15,NEARUSDT,2026-06-07 15:29:00+00:00,2026-06-07 15:31:00+00:00,2026-06-07 17:31:00+00:00,9528.955189071412,9540.440778111482,9540.440778111482,9504.355617003477,69.69905858126788,3.808959279022992,-0.25716312819922443,65.89009930224489,65.63293617404567,120.0,2.8023565249149227,mean
1081,PCA3,15,XRPUSDT,2026-06-07 17:44:00+00:00,2026-06-07 17:46:00+00:00,2026-06-07 20:01:00+00:00,9534.923955034901,9526.094699271476,9526.094699271476,9332.716467387365,-7.5463806367091575,3.771762233331768,0.0,-11.318142870040926,-11.318142870040926,135.0,2.0069122874685146,mean
1082,PCA3,15,UNIUSDT,2026-06-07 19:59:00+00:00,2026-06-07 20:01:00+00:00,2026-06-07 21:01:00+00:00,9533.859815546095,9509.777947268545,9509.777947268545,9609.855343068917,23.50699298525565,3.8239266580674927,0.0,19.683066327188158,19.683066327188158,60.0,2.2498577124133106,mean
1085,PCA3,15,DOGEUSDT,2026-06-07 22:14:00+00:00,2026-06-07 22:16:00+00:00,2026-06-07 23:31:00+00:00,9535.760447380619,9528.332454293535,9528.332454293535,9475.35194092497,7.797781559643036,3.8007368790437015,0.0,3.997044680599336,3.997044680599336,75.0,-2.3706681310635074,mean
1084,PCA3,15,DOTUSDT,2026-06-07 22:14:00+00:00,2026-06-07 22:16:00+00:00,2026-06-08 01:31:00+00:00,9535.760447380619,9531.34857647443,9531.34857647443,9305.20459388809,-30.67579180293192,3.7673106340725036,-0.019030013514079486,-34.44310243700442,-34.462132450518496,195.0,-2.7574920559747453,mean
1083,PCA3,15,ETHUSDT,2026-06-07 22:14:00+00:00,2026-06-07 22:16:00+00:00,2026-06-08 02:16:00+00:00,9535.760447380619,9501.739982857056,9501.739982857056,9416.622789255822,-26.999163348218953,3.7836725544225756,-0.29061777193372085,-30.78283590264153,-31.07345367457525,240.0,4.809479776235351,mean
1087,PCA3,15,BCHUSDT,2026-06-08 01:44:00+00:00,2026-06-08 01:46:00+00:00,2026-06-08 04:31:00+00:00,9527.995266549779,9545.419874449957,9545.419874449957,9519.00334492975,12.389899495500917,3.8128846438759414,0.0,8.577014851624975,8.577014851624975,165.0,-2.121412307684426,mean
1086,PCA3,15,LINKUSDT,2026-06-08 00:59:00+00:00,2026-06-08 01:01:00+00:00,2026-06-08 05:16:00+00:00,9529.811137210729,9536.206111550058,9536.206111550058,9275.298081993238,27.151057780356428,3.762300838708659,0.0,23.388756941647767,23.388756941647767,255.0,2.040126171042205,timeout
1088,PCA3,15,AVAXUSDT,2026-06-08 03:29:00+00:00,2026-06-08 03:31:00+00:00,2026-06-08 05:16:00+00:00,9525.545503359917,9544.419591052862,9544.419591052862,9422.931049754445,6.159476400148559,3.7934701281614616,0.0,2.3660062719870973,2.3660062719870973,105.0,-2.1171894121403567,mean
1090,PCA3,15,BCHUSDT,2026-06-08 07:44:00+00:00,2026-06-08 07:46:00+00:00,2026-06-08 08:46:00+00:00,9533.039771042693,9537.165702737724,9537.165702737724,9187.936497330928,-310.67169222625455,3.7450204400137306,0.4838314998870372,-314.41671266626827,-313.9328811663812,60.0,-2.0526204424467207,stop
1091,PCA3,15,SUIUSDT,2026-06-08 07:59:00+00:00,2026-06-08 08:01:00+00:00,2026-06-08 09:31:00+00:00,9534.771060394776,9519.673545396678,9519.673545396678,9470.970839508438,38.66931316091869,3.7981288769810235,0.0,34.871184283937666,34.871184283937666,90.0,2.403852876021536,mean
1089,PCA3,15,LINKUSDT,2026-06-08 07:44:00+00:00,2026-06-08 07:46:00+00:00,2026-06-08 10:01:00+00:00,9533.039771042693,9548.89769567768,9548.89769567768,9566.100803174742,6.869942856228306,3.822999699770485,0.2039652481695733,3.0469431564578207,3.2509084046273937,135.0,2.3019263976969757,mean
1092,PCA3,15,BCHUSDT,2026-06-08 08:59:00+00:00,2026-06-08 09:01:00+00:00,2026-06-08 11:46:00+00:00,9502.876761889534,9517.54137538943,9517.54137538943,9693.872357695165,50.387244834005735,3.8422827466169185,0.0,46.54496208738882,46.54496208738882,165.0,-5.607541451589663,mean
1093,PCA3,15,UNIUSDT,2026-06-08 09:44:00+00:00,2026-06-08 09:46:00+00:00,2026-06-08 12:46:00+00:00,9515.390853817877,9526.351668031644,9526.351668031644,9630.189485924913,-0.3126810872744956,3.8313082307913118,0.0,-4.143989318065808,-4.143989318065808,180.0,-2.4197102141686164,mean
1094,PCA3,15,BTCUSDT,2026-06-08 12:14:00+00:00,2026-06-08 12:16:00+00:00,2026-06-08 12:46:00+00:00,9506.052598370336,9529.047649742775,9529.047649742775,9625.807516115317,0.8273106705522522,3.8309710331716187,0.0,-3.0036603626193665,-3.0036603626193665,30.0,-2.0404715153931985,mean
1095,PCA3,15,XRPUSDT,2026-06-08 15:14:00+00:00,2026-06-08 15:16:00+00:00,2026-06-08 16:16:00+00:00,9509.39842343558,9486.174256687087,9486.174256687087,9450.815641930643,24.15051702657493,3.787397979723546,-0.09815156529080117,20.363119046851388,20.264967481560586,60.0,2.0505530839279036,mean
1096,PCA3,15,UNIUSDT,2026-06-08 19:14:00+00:00,2026-06-08 19:16:00+00:00,2026-06-08 21:01:00+00:00,9511.424920183736,9502.29575556024,9502.29575556024,9480.57584644081,39.72139032273514,3.7965743204002105,0.0,35.924816002334936,35.924816002334936,105.0,2.8246691539108424,mean
1097,PCA3,15,XRPUSDT,2026-06-08 19:29:00+00:00,2026-06-08 19:31:00+00:00,2026-06-08 21:01:00+00:00,9512.691309062235,9516.634385437195,9516.634385437195,9499.343703657985,17.32141216982468,3.8031956178190365,0.0,13.518216552005644,13.518216552005644,90.0,2.067980040478053,mean
1098,PCA3,15,ETHUSDT,2026-06-08 21:29:00+00:00,2026-06-08 21:31:00+00:00,2026-06-09 00:16:00+00:00,9516.36922343917,9513.641377316862,9513.641377316862,9364.462362909997,-12.567964359057303,3.7756207480453714,-0.02542036305035597,-16.343585107102676,-16.36900547015303,165.0,2.022271355366562,mean
1099,PCA3,15,UNIUSDT,2026-06-08 22:44:00+00:00,2026-06-08 22:46:00+00:00,2026-06-09 01:46:00+00:00,9515.212219883651,9510.57457877593,9510.57457877593,9294.887425906396,-38.199280653025156,3.7610924009364655,-0.5583825605260136,-41.96037305396162,-42.51875561448763,180.0,-2.2378199549367506,mean
1100,PCA3,15,LINKUSDT,2026-06-09 08:14:00+00:00,2026-06-09 08:16:00+00:00,2026-06-09 09:46:00+00:00,9510.480447330707,9507.863692179872,9507.863692179872,9457.31375670587,9.34178013360626,3.7930354897771483,0.0,5.548744643829112,5.548744643829112,90.0,-2.0090861986520956,mean
1101,PCA3,15,TRXUSDT,2026-06-09 10:14:00+00:00,2026-06-09 10:16:00+00:00,2026-06-09 11:01:00+00:00,9511.035321795089,9507.963292754484,9507.963292754484,9541.76524726361,6.255129425559775,3.809945708003619,0.0,2.445183717556156,2.445183717556156,45.0,-2.180035907100313,mean
1102,PCA3,15,DOGEUSDT,2026-06-09 14:29:00+00:00,2026-06-09 14:31:00+00:00,2026-06-09 16:31:00+00:00,9511.279840166842,9495.26766256326,9495.26766256326,9448.911587317523,15.52237178633704,3.7888358499761563,0.25438770228602975,11.733535936360884,11.987923638646913,120.0,2.24276507639818,mean
1103,PCA3,15,XRPUSDT,2026-06-09 14:59:00+00:00,2026-06-09 15:01:00+00:00,2026-06-09 17:31:00+00:00,9510.764777546014,9507.887247971512,9507.887247971512,9539.079262870991,3.95555401006345,3.809393302168501,0.14018949719622809,0.14616070789494917,0.28635020509117726,150.0,-2.126721335786327,mean
1104,PCA3,15,DOGEUSDT,2026-06-09 18:29:00+00:00,2026-06-09 18:31:00+00:00,2026-06-09 21:16:00+00:00,9512.507267551217,9521.750072616149,9521.750072616149,9577.373078574165,-2.9314512644513404,3.819824630238063,0.0,-6.751275894689403,-6.751275894689403,165.0,-2.150603730635418,mean
1105,PCA3,15,NEARUSDT,2026-06-10 06:29:00+00:00,2026-06-10 06:31:00+00:00,2026-06-10 08:01:00+00:00,9511.832139961747,9514.866039092463,9514.866039092463,9655.969030023305,83.35632758192094,3.834167013823153,0.02867539963253514,79.52216056809779,79.55083596773032,90.0,-2.195811047322963,mean
1106,PCA3,15,DOGEUSDT,2026-06-10 13:44:00+00:00,2026-06-10 13:46:00+00:00,2026-06-10 15:16:00+00:00,9519.787223558522,9510.353103099795,9510.353103099795,9394.358689917168,8.590538054928679,3.780942358603393,0.0,4.809595696325286,4.809595696325286,90.0,-2.2948877258171767,mean
1107,PCA3,15,AAVEUSDT,2026-06-10 15:44:00+00:00,2026-06-10 15:46:00+00:00,2026-06-10 18:16:00+00:00,9520.268183128153,9528.123038391237,9528.123038391237,9337.49532891787,19.25338149455058,3.7731236734618214,-0.7674689458966041,15.480257821088758,14.712788875192153,150.0,2.0634187631466148,mean
1108,PCA3,15,UNIUSDT,2026-06-10 18:14:00+00:00,2026-06-10 18:16:00+00:00,2026-06-10 20:46:00+00:00,9521.946465352854,9523.315948444952,9523.315948444952,9426.479820911494,-19.9173707664199,3.789959153871289,0.0,-23.707329920291187,-23.707329920291187,150.0,-2.027471493915701,mean
1109,PCA3,15,AVAXUSDT,2026-06-10 18:59:00+00:00,2026-06-10 19:01:00+00:00,2026-06-10 20:46:00+00:00,9516.530117936169,9508.725060030689,9508.725060030689,9409.758913799547,21.505372227115416,3.7836967947660467,0.0,17.721675432349368,17.721675432349368,105.0,2.1024926904791834,mean
1110,PCA3,15,SOLUSDT,2026-06-11 01:44:00+00:00,2026-06-11 01:46:00+00:00,2026-06-11 06:01:00+00:00,9521.14089656688,9514.19388752708,9514.19388752708,9560.517989461956,27.69652593569946,3.8149423753978073,0.0,23.881583560301653,23.881583560301653,255.0,3.156924261562849,timeout
1111,PCA3,15,BNBUSDT,2026-06-11 08:14:00+00:00,2026-06-11 08:16:00+00:00,2026-06-11 10:16:00+00:00,9523.529054922908,9522.642194628983,9522.642194628983,9505.754564316543,4.801369629787652,3.805679351789105,0.0,0.9956902779985464,0.9956902779985464,120.0,2.185264813478552,mean
1112,PCA3,15,UNIUSDT,2026-06-11 08:29:00+00:00,2026-06-11 08:31:00+00:00,2026-06-11 10:46:00+00:00,9524.106719804191,9523.59210516233,9523.59210516233,9451.608973872771,15.15163295804745,3.7950402158070204,0.0,11.35659274224043,11.35659274224043,135.0,2.038796561622637,mean
1115,PCA3,15,LTCUSDT,2026-06-11 15:44:00+00:00,2026-06-11 15:46:00+00:00,2026-06-11 16:46:00+00:00,9522.644533227944,9513.268932063798,9513.268932063798,9522.732916147814,35.9251700305104,3.807200369642322,-0.02992173042663986,32.117969660868084,32.08804793044145,60.0,-2.2175561654503895,mean
1113,PCA3,15,HBARUSDT,2026-06-11 15:14:00+00:00,2026-06-11 15:16:00+00:00,2026-06-11 17:31:00+00:00,9524.764283224931,9534.48805118868,9534.48805118868,9593.10239495309,-12.29490590510056,3.825518089228354,-0.2625759837945886,-16.120423994328913,-16.3829999781235,135.0,-2.2419211867935833,mean
1114,PCA3,15,UNIUSDT,2026-06-11 15:44:00+00:00,2026-06-11 15:46:00+00:00,2026-06-11 20:01:00+00:00,9522.644533227944,9510.218384132524,9510.218384132524,9506.387307857782,183.32148650529214,3.803321138398061,0.28243730701590614,179.51816536689407,179.80060267390996,255.0,5.149503565012128,timeout
1117,PCA3,15,ETHUSDT,2026-06-11 17:59:00+00:00,2026-06-11 18:01:00+00:00,2026-06-11 20:31:00+00:00,9526.606299828138,9528.564253159622,9528.564253159622,9428.125619079843,2.178419030069445,3.7913379744478934,0.0,-1.6129189443784482,-1.6129189443784482,150.0,2.391020152518717,mean
1116,PCA3,15,TRXUSDT,2026-06-11 16:59:00+00:00,2026-06-11 17:01:00+00:00,2026-06-11 21:16:00+00:00,9532.746078564436,9522.695024925,9522.695024925,9613.788110476527,-129.58168043239618,3.8272966270803055,0.0,-133.40897705947648,-133.40897705947648,255.0,-6.515085603947921,timeout
1118,PCA3,15,UNIUSDT,2026-06-11 20:14:00+00:00,2026-06-11 20:16:00+00:00,2026-06-11 23:46:00+00:00,9532.21467627817,9530.338123149306,9530.338123149306,9536.997546899102,-2.9899448044762917,3.8134671340096813,0.0,-6.803411938485972,-6.803411938485972,210.0,-3.0308815240131555,mean
1120,PCA3,15,DOTUSDT,2026-06-11 23:29:00+00:00,2026-06-11 23:31:00+00:00,2026-06-12 01:31:00+00:00,9530.762626843525,9538.051900239778,9538.051900239778,9501.970311325955,-1.4914417238190472,3.8080044423131465,0.42607989947767205,-5.299446166132193,-4.8733662666545206,120.0,-2.1401976807190484,mean
1119,PCA3,15,TRXUSDT,2026-06-11 22:59:00+00:00,2026-06-11 23:01:00+00:00,2026-06-12 01:46:00+00:00,9532.548537135443,9523.204749378705,9523.204749378705,9495.777415644066,-17.457628739059366,3.8037964330045546,-7.8418161609272135,-21.26142517206392,-29.103241332991132,165.0,2.575543168508337,mean
1121,PCA3,15,XLMUSDT,2026-06-12 03:14:00+00:00,2026-06-12 03:16:00+00:00,2026-06-12 04:16:00+00:00,9526.734656733355,9521.692270485304,9521.692270485304,9469.103327634104,65.34389530585607,3.7981591196238815,0.0,61.54573618623219,61.54573618623219,60.0,2.4421745191579074,mean
1122,PCA3,15,DOGEUSDT,2026-06-12 04:59:00+00:00,2026-06-12 05:01:00+00:00,2026-06-12 08:16:00+00:00,9532.889230351977,9534.177445517453,9534.177445517453,9456.178870873044,7.50802148799994,3.7980712632780995,0.2444041516780973,3.7099502247218403,3.954354376399938,195.0,2.5522644456959958,mean
1123,PCA3,15,NEARUSDT,2026-06-12 07:29:00+00:00,2026-06-12 07:31:00+00:00,2026-06-12 09:16:00+00:00,9534.406208172944,9526.1100651084,9526.1100651084,9594.785529670373,35.3959249841097,3.8241791189557546,-0.1089518798625399,31.571745865153943,31.462793985291402,105.0,2.1457443750631087,mean
1124,PCA3,15,HBARUSDT,2026-06-12 07:44:00+00:00,2026-06-12 07:46:00+00:00,2026-06-12 10:16:00+00:00,9536.333164170464,9536.684815939556,9536.684815939556,9669.519650452039,-11.569153381117713,3.841240893278319,-0.38138842919189087,-15.410394274396031,-15.791782703587922,150.0,-2.074107860156151,mean
1125,PCA3,15,DOTUSDT,2026-06-12 12:14:00+00:00,2026-06-12 12:16:00+00:00,2026-06-12 13:01:00+00:00,9534.851766917785,9539.458995587878,9539.458995587878,9488.81401986835,30.155437453079177,3.805654603091246,0.0,26.349782849987932,26.349782849987932,45.0,2.042590587335883,mean
1127,PCA3,15,HBARUSDT,2026-06-12 13:14:00+00:00,2026-06-12 13:16:00+00:00,2026-06-12 15:16:00+00:00,9537.098932745774,9528.48124741799,9528.48124741799,9671.401909271137,-3.5248335275563765,3.8399766313378256,0.0,-7.364810158894202,-7.364810158894202,120.0,-2.387920791029214,mean
1126,PCA3,15,DOGEUSDT,2026-06-12 12:59:00+00:00,2026-06-12 13:01:00+00:00,2026-06-12 16:01:00+00:00,9538.024972528101,9540.40673244707,9540.40673244707,9563.936072421075,-60.91678200882598,3.8208685609736293,-0.018705002839435915,-64.73765056979961,-64.75635557263905,180.0,2.215613538337149,mean
1129,PCA3,15,DOTUSDT,2026-06-12 15:29:00+00:00,2026-06-12 15:31:00+00:00,2026-06-12 16:46:00+00:00,9527.918827606956,9524.429076794726,9524.429076794726,9462.244713118851,6.175197509393318,3.7973347579827155,0.5126863528623182,2.3778627514106025,2.890549104272921,75.0,-2.6130365787418373,mean
1128,PCA3,15,SOLUSDT,2026-06-12 15:14:00+00:00,2026-06-12 15:16:00+00:00,2026-06-12 17:31:00+00:00,9525.84651796963,9511.82428157127,9511.82428157127,9382.498342592036,19.611891908442917,3.7788645248326613,-0.12494796611537322,15.833027383610256,15.708079417494883,135.0,3.697267470137144,mean
1131,PCA3,15,ADAUSDT,2026-06-12 16:59:00+00:00,2026-06-12 17:01:00+00:00,2026-06-12 18:16:00+00:00,9527.637385033675,9520.954410238986,9520.954410238986,9418.682263414219,51.576669081199576,3.7879273347306412,0.0,47.78874174646893,47.78874174646893,75.0,2.31979977160369,mean
1130,PCA3,15,HBARUSDT,2026-06-12 16:14:00+00:00,2026-06-12 16:16:00+00:00,2026-06-12 18:46:00+00:00,9531.276198837337,9546.415265925862,9546.415265925862,9525.866366345512,4.661402390341374,3.814456326454275,0.0,0.8469460638870996,0.8469460638870996,150.0,-3.114624433534256,mean
1132,PCA3,15,DOGEUSDT,2026-06-12 17:59:00+00:00,2026-06-12 18:01:00+00:00,2026-06-12 20:31:00+00:00,9534.36567213015,9545.313909260205,9545.313909260205,9525.036767971866,-0.35061409431690527,3.8140701354464146,0.0,-4.16468422976332,-4.16468422976332,150.0,-2.3667085970636252,mean
1133,PCA3,15,SOLUSDT,2026-06-12 19:59:00+00:00,2026-06-12 20:01:00+00:00,2026-06-12 22:01:00+00:00,9535.683435367191,9536.408094464949,9536.408094464949,9511.344404281856,-2.1937047890151193,3.8095504997493608,0.0,-6.00325528876448,-6.00325528876448,120.0,-2.230485807372912,mean
1134,PCA3,15,DOGEUSDT,2026-06-12 21:59:00+00:00,2026-06-12 22:01:00+00:00,2026-06-13 02:01:00+00:00,9536.588573247842,9548.273579384007,9548.273579384007,9578.12588148329,-47.45560357274097,3.8252798921734597,-0.4033331928913005,-51.28088346491443,-51.684216657805734,240.0,-2.144757913267716,mean
1135,PCA3,15,LINKUSDT,2026-06-13 00:44:00+00:00,2026-06-13 00:46:00+00:00,2026-06-13 02:16:00+00:00,9530.18763361158,9530.480279561445,9530.480279561445,9574.137424434693,5.634385377353738,3.8209235407992277,0.0,1.81346183655451,1.81346183655451,90.0,2.0442926959322913,mean
1138,PCA3,15,XLMUSDT,2026-06-13 02:44:00+00:00,2026-06-13 02:46:00+00:00,2026-06-13 04:46:00+00:00,9530.352006279816,9537.220433652119,9537.220433652119,9551.057337844439,23.80178409074152,3.8176555542993116,0.0,19.984128536442206,19.984128536442206,120.0,-2.0709307007960636,mean
1136,PCA3,15,FILUSDT,2026-06-13 01:14:00+00:00,2026-06-13 01:16:00+00:00,2026-06-13 05:31:00+00:00,9531.329348492289,9527.299167922718,9527.299167922718,9500.41429122528,-14.188183540329387,3.8055426918296,0.0,-17.993726232158988,-17.993726232158988,255.0,2.1836024743716007,timeout
1137,PCA3,15,AAVEUSDT,2026-06-13 02:29:00+00:00,2026-06-13 02:31:00+00:00,2026-06-13 06:16:00+00:00,9530.670080038864,9535.196187091367,9535.196187091367,9486.965144697626,-3.077960512514082,3.8044322663577987,0.0,-6.88239277887188,-6.88239277887188,225.0,2.403261201035645,mean
1139,PCA3,15,BNBUSDT,2026-06-13 04:59:00+00:00,2026-06-13 05:01:00+00:00,2026-06-13 06:16:00+00:00,9529.681482750435,9533.57491792271,9533.57491792271,9532.292108960244,12.562418619467586,3.813173405376591,0.0,8.749245214090996,8.749245214090996,75.0,-2.071700210224514,mean
1140,PCA3,15,HBARUSDT,2026-06-13 06:14:00+00:00,2026-06-13 06:16:00+00:00,2026-06-13 07:16:00+00:00,9531.428241188696,9524.171545645802,9524.171545645802,9605.525212759276,7.840878424031364,3.825939351681016,0.0,4.014939072350348,4.014939072350348,60.0,-2.1809479179820626,mean
1141,PCA3,15,FILUSDT,2026-06-13 07:29:00+00:00,2026-06-13 07:31:00+00:00,2026-06-13 08:01:00+00:00,9531.78141021005,9525.907103421281,9525.907103421281,9495.808382975638,27.60586641426114,3.804343097279384,0.356646294922881,23.801523316981754,24.158169611904636,30.0,2.0034744254677967,mean
1142,PCA3,15,DOTUSDT,2026-06-13 07:59:00+00:00,2026-06-13 08:01:00+00:00,2026-06-13 09:01:00+00:00,9534.014243335716,9523.052135562462,9523.052135562462,9499.384294853357,37.00191552666862,3.804487286083164,0.0,33.19742824058545,33.19742824058545,60.0,3.8052587448490063,mean
1143,PCA3,15,AAVEUSDT,2026-06-13 10:44:00+00:00,2026-06-13 10:46:00+00:00,2026-06-13 11:16:00+00:00,9537.516969995297,9543.09410063159,9543.09410063159,9528.699040996144,36.41663301785853,3.814358628325547,0.0,32.60227438953298,32.60227438953298,30.0,2.5454230706692926,mean
1144,PCA3,15,NEARUSDT,2026-06-13 15:29:00+00:00,2026-06-13 15:31:00+00:00,2026-06-13 18:16:00+00:00,9540.77719743425,9542.345620461225,9542.345620461225,9470.556448362337,0.6986662702753739,3.802580413764712,-0.0035643130437534986,-3.1039141434893383,-3.1074784565330917,165.0,2.134981719490846,mean
1146,PCA3,15,AAVEUSDT,2026-06-13 16:59:00+00:00,2026-06-13 17:01:00+00:00,2026-06-13 18:16:00+00:00,9533.576693054294,9531.883183835504,9531.883183835504,9557.122873610602,30.576828148341264,3.817801211489221,0.0,26.759026936852045,26.759026936852045,75.0,-2.4535916833010485,mean
1145,PCA3,15,AVAXUSDT,2026-06-13 16:14:00+00:00,2026-06-13 16:16:00+00:00,2026-06-13 19:31:00+00:00,9539.317682647848,9532.05424180126,9532.05424180126,9502.116283570931,-1.8417048710095782,3.806834105074438,0.0,-5.648538976084016,-5.648538976084016,195.0,2.1090749634207078,mean
1147,PCA3,15,SOLUSDT,2026-06-13 21:44:00+00:00,2026-06-13 21:46:00+00:00,2026-06-14 00:16:00+00:00,9542.577498384677,9555.428255918287,9555.428255918287,9491.219203502866,28.165180882332535,3.80932949188423,-0.4336380307157802,24.355851390448304,23.922213359732524,150.0,3.28143969894937,mean
1149,PCA3,15,LINKUSDT,2026-06-13 22:29:00+00:00,2026-06-13 22:31:00+00:00,2026-06-14 01:31:00+00:00,9543.811832929132,9546.659693287553,9546.659693287553,9526.928912229258,-5.570989850328481,3.814717721103362,-0.21898475742153609,-9.385707571431842,-9.604692328853378,180.0,-2.055105813705595,mean
1148,PCA3,15,LTCUSDT,2026-06-13 22:29:00+00:00,2026-06-13 22:31:00+00:00,2026-06-14 02:01:00+00:00,9543.811832929132,9544.563763308593,9544.563763308593,9535.290985676766,-15.737314886014158,3.8159709497970713,0.00978950868214815,-19.553285835811227,-19.54349632712908,210.0,2.2814114908550605,mean
1150,PCA3,15,FILUSDT,2026-06-14 01:14:00+00:00,2026-06-14 01:16:00+00:00,2026-06-14 04:16:00+00:00,9541.507381430127,9553.491270394874,9553.491270394874,9530.269142829467,-1.313281839138082,3.816752082644868,0.0,-5.13003392178295,-5.13003392178295,180.0,-3.0911351500680957,mean
1152,PCA3,15,BNBUSDT,2026-06-14 06:14:00+00:00,2026-06-14 06:16:00+00:00,2026-06-14 08:31:00+00:00,9540.88425555302,9537.862226376605,9537.862226376605,9518.229352038208,-4.983362413831919,3.8112183156829627,0.5088520736717226,-8.794580729514882,-8.28572865584316,135.0,2.0853983974287145,mean
1151,PCA3,15,HBARUSDT,2026-06-14 04:44:00+00:00,2026-06-14 04:46:00+00:00,2026-06-14 09:01:00+00:00,9541.541897462874,9531.699093770396,9531.699093770396,9561.714562992234,-34.290446414675856,3.818682731352526,0.663702557966461,-38.10912914602838,-37.44542658806192,255.0,2.1978058804425094,timeout
1153,PCA3,15,HBARUSDT,2026-06-14 14:44:00+00:00,2026-06-14 14:46:00+00:00,2026-06-14 19:01:00+00:00,9536.968781938484,9540.070256004467,9540.070256004467,9516.990287277455,-27.458446687163732,3.811412108656384,-0.4723874260738947,-31.269858795820117,-31.74224622189401,255.0,-2.0196989112719734,timeout
1154,PCA3,15,AVAXUSDT,2026-06-14 18:14:00+00:00,2026-06-14 18:16:00+00:00,2026-06-14 21:16:00+00:00,9533.528333056704,9531.412055617213,9531.412055617213,9631.44520595868,-6.65234441930128,3.8325714523151784,0.0,-10.484915871616458,-10.484915871616458,180.0,-2.6491942380020634,mean
1156,PCA3,15,LTCUSDT,2026-06-14 21:44:00+00:00,2026-06-14 21:46:00+00:00,2026-06-15 01:16:00+00:00,9532.746065729136,9538.46560326395,9538.46560326395,9605.595341636865,0.8702335627378539,3.828812188980163,0.10055146449195289,-2.9585786262423093,-2.8580271617503565,210.0,-2.8806984991747417,mean
1155,PCA3,15,SOLUSDT,2026-06-14 21:44:00+00:00,2026-06-14 21:46:00+00:00,2026-06-15 02:01:00+00:00,9532.746065729136,9540.481140375345,9540.481140375345,9607.412373130723,-20.26942456386292,3.829578702701214,-0.3007787497125642,-24.099003266564136,-24.3997820162767,255.0,2.974657578412392,timeout
1157,PCA3,15,ADAUSDT,2026-06-14 21:44:00+00:00,2026-06-14 21:46:00+00:00,2026-06-15 02:01:00+00:00,9532.746065729136,9540.504341046859,9540.504341046859,9730.33011085719,-150.04211752446307,3.85416689038081,0.4096137966905041,-153.89628441484388,-153.48667061815337,255.0,2.705621619342196,timeout
1158,PCA3,15,HBARUSDT,2026-06-15 01:29:00+00:00,2026-06-15 01:31:00+00:00,2026-06-15 05:31:00+00:00,9513.173392655777,9502.852979538415,9502.852979538415,9569.156369944363,48.79877793172621,3.8144018698965554,0.0,44.98437606182966,44.98437606182966,240.0,3.9472209646354064,mean
1159,PCA3,15,FILUSDT,2026-06-15 04:14:00+00:00,2026-06-15 04:16:00+00:00,2026-06-15 06:31:00+00:00,9521.863796149677,9514.73339447667,9514.73339447667,9522.815341354595,31.049048953624148,3.807509747166253,0.0,27.241539206457897,27.241539206457897,135.0,3.8211753770648675,mean
1160,PCA3,15,NEARUSDT,2026-06-15 04:14:00+00:00,2026-06-15 04:16:00+00:00,2026-06-15 08:01:00+00:00,9521.863796149677,9505.374697838053,9505.374697838053,9550.300157044696,-55.40172035120022,3.81113497097655,-0.2949150016814781,-59.21285532217677,-59.50777032385825,225.0,3.050915337649374,mean
1161,PCA3,15,AAVEUSDT,2026-06-15 06:59:00+00:00,2026-06-15 07:01:00+00:00,2026-06-15 10:16:00+00:00,9516.239401354802,9502.132104758624,9502.132104758624,9808.527529237095,-292.7046346839012,3.862131926799144,-0.5461771517629264,-296.5667666107003,-297.11294376246326,195.0,2.6387025281914815,stop
1164,PCA3,15,AAVEUSDT,2026-06-15 10:29:00+00:00,2026-06-15 10:31:00+00:00,2026-06-15 11:16:00+00:00,9481.634808333243,9472.725006014309,9472.725006014309,9514.537910900537,63.68626537435922,3.797452583382969,0.0,59.88881279097625,59.88881279097625,45.0,4.981190583620478,mean
1162,PCA3,15,BNBUSDT,2026-06-15 09:14:00+00:00,2026-06-15 09:16:00+00:00,2026-06-15 13:31:00+00:00,9494.584821133756,9502.638611667435,9502.638611667435,9753.718139402912,-37.94523583063588,3.85127135021407,0.0,-41.79650718084995,-41.79650718084995,255.0,-2.1096945057615173,timeout
1163,PCA3,15,SUIUSDT,2026-06-15 09:14:00+00:00,2026-06-15 09:16:00+00:00,2026-06-15 13:31:00+00:00,9494.584821133756,9502.929879518804,9502.929879518804,9806.032134718838,7.550225653536732,3.861792402847528,0.0,3.6884332506892035,3.6884332506892035,255.0,-2.0511732205191633,timeout
1165,PCA3,15,XRPUSDT,2026-06-15 11:29:00+00:00,2026-06-15 11:31:00+00:00,2026-06-15 14:31:00+00:00,9488.632111192022,9502.105315946617,9502.105315946617,9609.468729010261,1.0025392923020098,3.8223148089913757,0.0,-2.819775516689366,-2.819775516689366,180.0,5.716853884958731,mean
1167,PCA3,15,FILUSDT,2026-06-15 13:44:00+00:00,2026-06-15 13:46:00+00:00,2026-06-15 17:31:00+00:00,9485.151623441317,9483.613670625808,9483.613670625808,9497.591003667441,-21.278939888410413,3.79624093485865,-0.2778869880966486,-25.075180823269065,-25.35306781136571,225.0,-4.342996225915283,mean
1168,PCA3,15,XLMUSDT,2026-06-15 14:44:00+00:00,2026-06-15 14:46:00+00:00,2026-06-15 17:46:00+00:00,9488.734347071979,9503.441846664877,9503.441846664877,9836.714253632363,-302.1592030054837,3.868031220059448,-0.02996593378470147,-306.0272342255431,-306.0572001593278,180.0,4.354329215506583,stop
1166,PCA3,15,ETHUSDT,2026-06-15 13:44:00+00:00,2026-06-15 13:46:00+00:00,2026-06-15 18:01:00+00:00,9485.151623441317,9489.601770553742,9489.601770553742,9533.252658982605,-25.93202617727458,3.8045708859072693,0.2304855978065024,-29.73659706318185,-29.506111465375348,255.0,7.523820715706854,timeout
1169,PCA3,15,XRPUSDT,2026-06-15 17:44:00+00:00,2026-06-15 17:46:00+00:00,2026-06-15 20:31:00+00:00,9452.659263922667,9449.462691487148,9449.462691487148,9414.175279296534,-28.618608132035334,3.772727594156737,0.0,-32.391335726192075,-32.391335726192075,165.0,3.1740847597128035,mean
1171,PCA3,15,BNBUSDT,2026-06-15 18:14:00+00:00,2026-06-15 18:16:00+00:00,2026-06-15 20:46:00+00:00,9447.198271549845,9447.932224817438,9447.932224817438,9379.33318348428,16.843521944591785,3.7654530816603433,0.0,13.078068862931442,13.078068862931442,150.0,-2.3415857496933574,mean
1170,PCA3,15,SOLUSDT,2026-06-15 17:59:00+00:00,2026-06-15 18:01:00+00:00,2026-06-15 21:31:00+00:00,9449.782615686838,9434.692061786955,9434.692061786955,9332.642789807278,-18.323707432880322,3.7534669703188466,0.0,-22.07717440319917,-22.07717440319917,210.0,2.5608283609131672,mean
1174,PCA3,15,UNIUSDT,2026-06-15 21:44:00+00:00,2026-06-15 21:46:00+00:00,2026-06-16 00:46:00+00:00,9439.659921384144,9441.030293965221,9441.030293965221,9769.245019105645,-372.8493805137026,3.842055062614173,-0.15901484265764343,-376.6914355763168,-376.85045041897445,180.0,5.272273838091028,stop
1172,PCA3,15,ADAUSDT,2026-06-15 20:44:00+00:00,2026-06-15 20:46:00+00:00,2026-06-16 01:01:00+00:00,9447.232078196626,9441.181849433411,9441.181849433411,9280.859112616205,-118.14371090256509,3.744408192409923,0.6921906056583642,-121.88811909497501,-121.19592848931664,255.0,-2.097000667476544,timeout
1173,PCA3,15,XRPUSDT,2026-06-15 21:14:00+00:00,2026-06-15 21:16:00+00:00,2026-06-16 01:31:00+00:00,9439.832085393542,9437.912759303435,9437.912759303435,9323.084471498447,-77.23950855971749,3.7521994461603763,-0.2749500557793573,-80.99170800587787,-81.26665806165722,255.0,-2.695617992426222,timeout
1175,PCA3,15,UNIUSDT,2026-06-16 00:59:00+00:00,2026-06-16 01:01:00+00:00,2026-06-16 02:16:00+00:00,9392.175521338351,9392.866452135917,9392.866452135917,9186.670993002528,149.05934198680782,3.715907489027689,0.0,145.34343449778015,145.34343449778015,75.0,9.953722034741695,mean
1176,PCA3,15,LINKUSDT,2026-06-16 01:14:00+00:00,2026-06-16 01:16:00+00:00,2026-06-16 03:01:00+00:00,9383.24761276439,9381.94983122917,9381.94983122917,9250.442043626577,7.98827370409408,3.7264783749711494,0.0,4.261795329122931,4.261795329122931,105.0,-2.7571407631397156,mean
1177,PCA3,15,XRPUSDT,2026-06-16 01:44:00+00:00,2026-06-16 01:46:00+00:00,2026-06-16 03:31:00+00:00,9391.341482704729,9391.943901097442,9391.943901097442,9328.63653057356,12.935282928718069,3.7441160863342002,0.0,9.191166842383868,9.191166842383868,105.0,-2.2590829374179413,mean
1178,PCA3,15,UNIUSDT,2026-06-16 02:59:00+00:00,2026-06-16 03:01:00+00:00,2026-06-16 04:01:00+00:00,9405.86421145281,9394.736403153354,9394.736403153354,9593.436382034872,119.75141697556013,3.7976345570376453,0.0,115.9537824185225,115.9537824185225,60.0,-2.253233677018095,mean
1179,PCA3,15,FILUSDT,2026-06-16 03:14:00+00:00,2026-06-16 03:16:00+00:00,2026-06-16 04:31:00+00:00,9407.41712636944,9404.515146608694,9404.515146608694,9390.920199131573,31.060788119947357,3.7590870691480536,0.0,27.301701050799302,27.301701050799302,75.0,2.252669785375109,mean
1180,PCA3,15,ETHUSDT,2026-06-16 04:59:00+00:00,2026-06-16 05:01:00+00:00,2026-06-16 08:31:00+00:00,9420.17143644874,9423.745113172032,9423.745113172032,9568.700696547425,-30.575026198645418,3.7984891619438916,0.012792604598615075,-34.37351536058931,-34.36072275599069,210.0,-2.2530694493065178,mean
1181,PCA3,15,AAVEUSDT,2026-06-16 05:14:00+00:00,2026-06-16 05:16:00+00:00,2026-06-16 08:46:00+00:00,9418.864554227897,9403.746084504373,9403.746084504373,9591.590625225444,-22.211045811184775,3.799067341945964,0.021910949266875004,-26.01011315313074,-25.988202203863864,210.0,2.489384117589968,mean
1182,PCA3,15,UNIUSDT,2026-06-16 05:59:00+00:00,2026-06-16 06:01:00+00:00,2026-06-16 08:46:00+00:00,9418.471212686209,9423.011304529009,9423.011304529009,9576.561612064215,-14.393921594022583,3.7999145833186447,0.45858441255460697,-18.193836177341225,-17.735251764786618,165.0,2.4516474090573985,mean
1183,PCA3,15,AVAXUSDT,2026-06-16 08:44:00+00:00,2026-06-16 08:46:00+00:00,2026-06-16 10:31:00+00:00,9412.290874198725,9410.106319435014,9410.106319435014,9390.053806529313,19.111029697937873,3.7600320251928654,0.0,15.35099767274501,15.35099767274501,105.0,2.672662325461272,mean
1184,PCA3,15,BNBUSDT,2026-06-16 09:29:00+00:00,2026-06-16 09:31:00+00:00,2026-06-16 11:46:00+00:00,9413.396101008937,9418.782789549321,9418.782789549321,9376.659006876205,9.443682001241143,3.759088359285105,0.0,5.684593641956038,5.684593641956038,135.0,-2.115419659581794,mean
1185,PCA3,15,LTCUSDT,2026-06-16 09:44:00+00:00,2026-06-16 09:46:00+00:00,2026-06-16 13:31:00+00:00,9412.992604173027,9404.166845327873,9404.166845327873,9335.347855254542,-1.2426886792716976,3.7479029401164827,0.0,-4.99059161938818,-4.99059161938818,225.0,-2.242594470812755,mean
1187,PCA3,15,BCHUSDT,2026-06-16 11:59:00+00:00,2026-06-16 12:01:00+00:00,2026-06-16 13:46:00+00:00,9418.092040739826,9420.988782747641,9420.988782747641,9418.012866582683,35.3310743284204,3.7678003298660645,0.0,31.563273998554337,31.563273998554337,105.0,-3.730810356428176,mean
1186,PCA3,15,UNIUSDT,2026-06-16 10:44:00+00:00,2026-06-16 10:46:00+00:00,2026-06-16 14:31:00+00:00,9410.164965657657,9411.697387646416,9411.697387646416,9166.231712677476,28.984738227313226,3.715585820064778,0.0,25.26915240724845,25.26915240724845,225.0,2.7087215926643093,mean
1189,PCA3,15,BNBUSDT,2026-06-16 13:59:00+00:00,2026-06-16 14:01:00+00:00,2026-06-16 14:31:00+00:00,9414.618679742392,9425.939058389842,9425.939058389842,9346.938889506151,43.764423313857556,3.754575589579198,0.0,40.00984772427836,40.00984772427836,30.0,-2.6886212745735043,mean
1188,PCA3,15,HBARUSDT,2026-06-16 13:44:00+00:00,2026-06-16 13:46:00+00:00,2026-06-16 16:31:00+00:00,9416.531458077898,9407.010309959449,9407.010309959449,9285.899531949954,7.713792928642608,3.7385819683818804,-0.10274370823919236,3.9752109602607275,3.872467252021535,165.0,-3.2794106208346414,mean
1190,PCA3,15,SUIUSDT,2026-06-16 14:59:00+00:00,2026-06-16 15:01:00+00:00,2026-06-16 17:16:00+00:00,9423.2756223232,9421.35494440146,9421.35494440146,9474.060501514365,-0.2972125148165574,3.779083089183165,0.0025912672025084557,-4.076295603999722,-4.073704336797213,135.0,2.1304936490613904,mean
1192,PCA3,15,XLMUSDT,2026-06-16 17:14:00+00:00,2026-06-16 17:16:00+00:00,2026-06-16 18:46:00+00:00,9413.769415640536,9410.512197116775,9410.512197116775,9549.939032803259,39.37950326240248,3.792090245984007,0.0,35.58741301641847,35.58741301641847,90.0,-2.241217402072822,mean
1191,PCA3,15,UNIUSDT,2026-06-16 15:29:00+00:00,2026-06-16 15:31:00+00:00,2026-06-16 19:46:00+00:00,9422.531563802211,9436.659015789037,9436.659015789037,9735.47928828775,-222.44092283742515,3.834427660815358,0.5454675687976819,-226.27535049824053,-225.72988292944285,255.0,2.395650107441938,timeout
1194,PCA3,15,HBARUSDT,2026-06-16 18:59:00+00:00,2026-06-16 19:01:00+00:00,2026-06-16 21:16:00+00:00,9399.982252568574,9381.155313316012,9381.155313316012,9433.697679474353,12.45318960704412,3.762970598558073,0.0,8.690219008486048,8.690219008486048,135.0,-2.2886545089261916,mean
1195,PCA3,15,UNIUSDT,2026-06-16 20:14:00+00:00,2026-06-16 20:16:00+00:00,2026-06-16 21:16:00+00:00,9404.514809258724,9410.576553924078,9410.576553924078,9413.860059130928,20.203058344251694,3.764887322611001,0.0,16.43817102164069,16.43817102164069,60.0,2.109021793474679,mean
1193,PCA3,15,BTCUSDT,2026-06-16 18:14:00+00:00,2026-06-16 18:16:00+00:00,2026-06-16 22:31:00+00:00,9405.068470847791,9392.68371100584,9392.68371100584,9376.991620783816,-25.59596274575373,3.753935066357931,0.0,-29.34989781211166,-29.34989781211166,255.0,-2.6480877952206616,timeout
1196,PCA3,15,LTCUSDT,2026-06-16 22:14:00+00:00,2026-06-16 22:16:00+00:00,2026-06-16 23:31:00+00:00,9404.621154919136,9399.906714716932,9399.906714716932,9363.008023349892,14.22449386300709,3.752582947613365,0.0,10.471910915393725,10.471910915393725,75.0,2.340471626898745,mean
1197,PCA3,15,FILUSDT,2026-06-16 22:59:00+00:00,2026-06-16 23:01:00+00:00,2026-06-17 01:31:00+00:00,9404.453604164468,9426.567303438287,9426.567303438287,9360.411090884816,20.5621957530693,3.7573956788646203,-0.4556672530117311,16.804800074204678,16.349132821192946,150.0,2.239929107830474,mean
1198,PCA3,15,BCHUSDT,2026-06-16 23:59:00+00:00,2026-06-17 00:01:00+00:00,2026-06-17 02:46:00+00:00,9408.229579866385,9418.855791048652,9418.855791048652,9509.153539155426,26.92872703824313,3.7856018660408157,0.0,23.143125172202318,23.143125172202318,165.0,-3.711552386545113,mean
1200,PCA3,15,SUIUSDT,2026-06-17 01:44:00+00:00,2026-06-17 01:46:00+00:00,2026-06-17 03:46:00+00:00,9393.282466683431,9401.937938588386,9401.937938588386,9382.868380417958,9.657640562072025,3.7569612638012684,0.0,5.900679298270757,5.900679298270757,120.0,2.4910461840946327,mean
1201,PCA3,15,BNBUSDT,2026-06-17 02:59:00+00:00,2026-06-17 03:01:00+00:00,2026-06-17 04:16:00+00:00,9383.923562434662,9379.006887076372,9379.006887076372,9361.193947882963,23.700842622437797,3.748040166991867,0.0,19.95280245544593,19.95280245544593,75.0,-2.3894919282066596,mean
1199,PCA3,15,UNIUSDT,2026-06-17 00:29:00+00:00,2026-06-17 00:31:00+00:00,2026-06-17 04:46:00+00:00,9405.536067464283,9389.32617941187,9389.32617941187,9676.851587382658,-236.32172335913276,3.813235553358906,0.0,-240.13495891249167,-240.13495891249167,255.0,2.9795026364549244,timeout
1202,PCA3,15,UNIUSDT,2026-06-17 05:14:00+00:00,2026-06-17 05:16:00+00:00,2026-06-17 05:31:00+00:00,9387.763493855831,9393.18974339123,9393.18974339123,9280.056733238624,120.1713613981318,3.7346492953259705,0.0,116.43671210280583,116.43671210280583,15.0,2.1222631938919996,mean
1203,PCA3,15,BNBUSDT,2026-06-17 05:44:00+00:00,2026-06-17 05:46:00+00:00,2026-06-17 07:16:00+00:00,9399.407165066112,9397.33171604946,9397.33171604946,9394.992766993326,17.079084798010378,3.758464896608557,0.0,13.320619901401821,13.320619901401821,90.0,2.316282471250696,mean
1204,PCA3,15,UNIUSDT,2026-06-17 06:59:00+00:00,2026-06-17 07:01:00+00:00,2026-06-17 08:31:00+00:00,9399.506658097589,9369.59697704844,9369.59697704844,9267.02599922453,34.800929682667366,3.7273245952545944,0.28004950136207063,31.073605087412773,31.353654588774845,90.0,2.705633084313697,mean
1205,PCA3,15,LINKUSDT,2026-06-17 08:44:00+00:00,2026-06-17 08:46:00+00:00,2026-06-17 11:01:00+00:00,9403.874592515129,9412.501646098413,9412.501646098413,9391.592283457687,6.005778345616388,3.76081878591122,0.0,2.244959559705168,2.244959559705168,135.0,-2.4471969244184604,mean
1206,PCA3,15,BTCUSDT,2026-06-17 09:44:00+00:00,2026-06-17 09:46:00+00:00,2026-06-17 11:31:00+00:00,9403.347670170102,9408.819244106999,9408.819244106999,9340.58090020954,22.769347584223734,3.749880028863308,0.0,19.019467555360425,19.019467555360425,105.0,-2.0893756210192214,mean
1208,PCA3,15,BNBUSDT,2026-06-17 11:14:00+00:00,2026-06-17 11:16:00+00:00,2026-06-17 14:16:00+00:00,9405.326460426484,9404.19548607207,9404.19548607207,9471.245640156045,-7.356359252513214,3.7750882252456233,0.0,-11.131447477758837,-11.131447477758837,180.0,2.57400244916407,mean
1209,PCA3,15,XLMUSDT,2026-06-17 11:44:00+00:00,2026-06-17 11:46:00+00:00,2026-06-17 14:16:00+00:00,9401.763563199005,9416.181960692938,9416.181960692938,9455.893330873134,6.0602755113136455,3.774415058313215,0.0,2.2858604530004314,2.2858604530004314,150.0,2.223663536718805,mean
1207,PCA3,15,UNIUSDT,2026-06-17 11:14:00+00:00,2026-06-17 11:16:00+00:00,2026-06-17 15:31:00+00:00,9405.326460426484,9422.236671276614,9422.236671276614,9383.489469499962,-125.82298607537314,3.761145228155315,0.0,-129.58413130352847,-129.58413130352847,255.0,-5.962784329330283,timeout
1211,PCA3,15,FILUSDT,2026-06-17 14:29:00+00:00,2026-06-17 14:31:00+00:00,2026-06-17 15:31:00+00:00,9387.732055485734,9376.08337010776,9376.08337010776,9413.100089115038,3.7848616536042083,3.7578366918445596,0.0,0.027024961759648525,0.027024961759648525,60.0,2.1322539727216423,mean
1213,PCA3,15,DOTUSDT,2026-06-17 15:59:00+00:00,2026-06-17 16:01:00+00:00,2026-06-17 17:01:00+00:00,9392.644661544136,9390.04298005387,9390.04298005387,9334.750598271292,18.80373489500312,3.7449587156650326,0.0,15.05877617933809,15.05877617933809,60.0,2.717583641586308,mean
1212,PCA3,15,BNBUSDT,2026-06-17 15:44:00+00:00,2026-06-17 15:46:00+00:00,2026-06-17 17:46:00+00:00,9393.974684673649,9391.424898593681,9391.424898593681,9422.201634706196,6.039231348464086,3.7627253066599753,-0.22907383818802088,2.2765060418041108,2.04743220361609,120.0,-3.4364021770344997,mean
1210,PCA3,15,BTCUSDT,2026-06-17 14:29:00+00:00,2026-06-17 14:31:00+00:00,2026-06-17 18:31:00+00:00,9387.732055485734,9386.181823230841,9386.181823230841,9403.811154289804,-4.826740811198634,3.7579985955041293,-0.1721353180369162,-8.584739406702763,-8.75687472473968,240.0,2.5439647601151325,mean
1214,PCA3,15,FILUSDT,2026-06-17 17:14:00+00:00,2026-06-17 17:16:00+00:00,2026-06-17 19:16:00+00:00,9392.920261988967,9404.26541458584,9404.26541458584,9378.827615989296,13.049760944983586,3.756618606115027,0.0,9.293142338868558,9.293142338868558,120.0,-2.635433870375075,mean
1216,PCA3,15,BNBUSDT,2026-06-17 19:14:00+00:00,2026-06-17 19:16:00+00:00,2026-06-17 20:16:00+00:00,9394.956426398081,9375.936818122726,9375.936818122726,9222.169816490057,-11.138522761876331,3.7196213269225566,0.0,-14.858144088798888,-14.858144088798888,60.0,2.000126313824974,mean
1215,PCA3,15,BTCUSDT,2026-06-17 19:14:00+00:00,2026-06-17 19:16:00+00:00,2026-06-17 23:01:00+00:00,9394.956426398081,9370.754628227673,9370.754628227673,9236.804852982741,6.503553430774732,3.721511896242083,0.0,2.782041534532649,2.782041534532649,225.0,-2.07728529566867,mean
1218,PCA3,15,HBARUSDT,2026-06-17 22:44:00+00:00,2026-06-17 22:46:00+00:00,2026-06-18 00:31:00+00:00,9392.569423097242,9400.079505543974,9400.079505543974,9395.49547519463,42.69013443668615,3.75911499614772,0.4309456350082103,38.931019440538435,39.36196507554664,105.0,3.1134634955741647,mean
1219,PCA3,15,NEARUSDT,2026-06-17 23:14:00+00:00,2026-06-17 23:16:00+00:00,2026-06-18 01:31:00+00:00,9397.667781765562,9408.281491205684,9408.281491205684,9494.104629293775,30.331274828691786,3.780477224099892,-0.22413336007049164,26.550797604591896,26.326664244521403,135.0,-2.6833647924173887,mean
1217,PCA3,15,SUIUSDT,2026-06-17 22:14:00+00:00,2026-06-17 22:16:00+00:00,2026-06-18 02:31:00+00:00,9393.417973353127,9396.849780004102,9396.849780004102,9484.068391921035,-31.022665950383246,3.7761836343850272,0.09208995253482764,-34.79884958476827,-34.70675963223344,255.0,-2.587175588441938,timeout
1220,PCA3,15,XLMUSDT,2026-06-18 01:14:00+00:00,2026-06-18 01:16:00+00:00,2026-06-18 03:46:00+00:00,9395.344559949834,9387.779387028377,9387.779387028377,9274.077822016541,16.42570219190024,3.7323714418089833,0.0,12.693330750091254,12.693330750091254,150.0,3.428720044557919,mean
1222,PCA3,15,AAVEUSDT,2026-06-18 02:44:00+00:00,2026-06-18 02:46:00+00:00,2026-06-18 04:01:00+00:00,9395.2906923928,9384.209490509766,9384.209490509766,9219.903767766633,52.764147006314715,3.72082265165528,0.0,49.04332435465944,49.04332435465944,75.0,3.074572018652234,mean
1223,PCA3,15,SUIUSDT,2026-06-18 03:59:00+00:00,2026-06-18 04:01:00+00:00,2026-06-18 04:16:00+00:00,9398.37300203052,9400.476865396327,9400.476865396327,9316.428474936136,30.724547081865378,3.743381068066493,0.0,26.981166013798887,26.981166013798887,15.0,2.2304314604302333,mean
1221,PCA3,15,DOTUSDT,2026-06-18 02:14:00+00:00,2026-06-18 02:16:00+00:00,2026-06-18 05:16:00+00:00,9390.620968156993,9383.8204985853,9383.8204985853,9162.718782851027,-30.876295029993464,3.709307856287266,0.0,-34.585602886280725,-34.585602886280725,180.0,-2.096081919128417,mean
1224,PCA3,15,BNBUSDT,2026-06-18 05:14:00+00:00,2026-06-18 05:16:00+00:00,2026-06-18 09:01:00+00:00,9401.68873028402,9406.81650758191,9406.81650758191,9474.738439817645,-29.123440939984988,3.7763109894799114,-0.2979906280121739,-32.8997519294649,-33.19774255747707,225.0,-2.14731696733116,mean
1225,PCA3,15,XLMUSDT,2026-06-18 09:14:00+00:00,2026-06-18 09:16:00+00:00,2026-06-18 10:01:00+00:00,9397.909037770525,9409.717012641851,9409.717012641851,9349.401854305837,45.72919271230106,3.7518237733895377,0.0,41.97736893891152,41.97736893891152,45.0,2.206453932828119,mean
1226,PCA3,15,LINKUSDT,2026-06-18 12:14:00+00:00,2026-06-18 12:16:00+00:00,2026-06-18 14:46:00+00:00,9402.106774664417,9399.622481500284,9399.622481500284,9408.446045502522,0.44828273101084104,3.7616137054005616,0.0,-3.3133309743897206,-3.3133309743897206,150.0,2.9988039245500477,mean
1227,PCA3,15,XLMUSDT,2026-06-18 13:29:00+00:00,2026-06-18 13:31:00+00:00,2026-06-18 17:46:00+00:00,9399.958290185552,9382.147366831585,9382.147366831585,9006.468536049239,56.224448066342674,3.6777231805761645,-0.5570818333559586,52.54672488576651,51.98964305241055,255.0,2.1921401203669206,timeout
1228,PCA3,15,NEARUSDT,2026-06-18 13:29:00+00:00,2026-06-18 13:31:00+00:00,2026-06-18 17:46:00+00:00,9399.958290185552,9385.368757951694,9385.368757951694,9049.403851744612,20.04428863949196,3.6869545219392608,-0.344786902904095,16.3573341175527,16.012547214648606,255.0,2.107785124364363,timeout
1229,PCA3,15,DOTUSDT,2026-06-18 14:59:00+00:00,2026-06-18 15:01:00+00:00,2026-06-18 19:16:00+00:00,9397.82767723532,9373.532408905437,9373.532408905437,9179.722785221727,-26.64841877420171,3.710651038825433,-0.2494314816158877,-30.35906981302714,-30.608501294643027,255.0,2.020037662060422,timeout
1231,PCA3,15,HBARUSDT,2026-06-18 17:59:00+00:00,2026-06-18 18:01:00+00:00,2026-06-18 20:16:00+00:00,9405.78651611629,9403.787617750098,9403.787617750098,9531.771013659905,32.01807183808277,3.787111726282001,0.0,28.230960111800766,28.230960111800766,135.0,2.1522333243554406,mean
1230,PCA3,15,XLMUSDT,2026-06-18 17:59:00+00:00,2026-06-18 18:01:00+00:00,2026-06-18 21:16:00+00:00,9405.78651611629,9406.200565107836,9406.200565107836,9538.121191835364,31.768701958244694,3.78886435138864,0.0,27.979837606856055,27.979837606856055,195.0,-2.710056808881994,mean
1232,PCA3,15,AAVEUSDT,2026-06-18 19:59:00+00:00,2026-06-18 20:01:00+00:00,2026-06-18 23:16:00+00:00,9410.429144773556,9440.015470537477,9440.015470537477,9436.651864787196,-8.65327705135443,3.7753334670649346,0.0,-12.428610518419365,-12.428610518419365,195.0,2.1992764012782704,mean
1233,PCA3,15,FILUSDT,2026-06-18 20:29:00+00:00,2026-06-18 20:31:00+00:00,2026-06-18 23:46:00+00:00,9404.117121809299,9409.17252078213,9409.17252078213,9409.84309798577,-0.10137001444243371,3.763803123753579,0.0,-3.8651731381960133,-3.8651731381960133,195.0,2.2638612555854953,mean
1235,PCA3,15,UNIUSDT,2026-06-18 23:29:00+00:00,2026-06-18 23:31:00+00:00,2026-06-19 01:01:00+00:00,9406.383776564011,9415.768045610575,9415.768045610575,9398.011658403651,42.99438378184367,3.7627559408028453,-0.20252397352841423,39.231627841040826,39.02910386751241,90.0,2.1350011429450593,mean
1234,PCA3,15,AVAXUSDT,2026-06-18 21:29:00+00:00,2026-06-18 21:31:00+00:00,2026-06-19 01:46:00+00:00,9410.708025075817,9416.978502286627,9416.978502286627,9427.260983241582,-30.06220393403531,3.7688478971056414,0.8417170213903158,-33.831051831140954,-32.98933480975064,255.0,-2.825033838456409,timeout
1236,PCA3,15,AAVEUSDT,2026-06-19 00:44:00+00:00,2026-06-19 00:46:00+00:00,2026-06-19 01:46:00+00:00,9406.04763550354,9402.963259452988,9402.963259452988,9322.953330697386,61.84546431741536,3.745183318030075,0.0,58.10028099938529,58.10028099938529,60.0,3.0358228243772007,mean
1239,PCA3,15,LINKUSDT,2026-06-19 03:44:00+00:00,2026-06-19 03:46:00+00:00,2026-06-19 04:31:00+00:00,9416.836675505745,9410.62240254209,9410.62240254209,9376.627163673134,14.050785873039988,3.757449913243045,0.0,10.293335959796943,10.293335959796943,45.0,-2.2213607308612615,mean
1237,PCA3,15,NEARUSDT,2026-06-19 03:29:00+00:00,2026-06-19 03:31:00+00:00,2026-06-19 05:46:00+00:00,9415.920516876142,9394.601414109415,9394.601414109415,9344.796210379516,29.395296671075503,3.7478795248977863,0.0,25.647417146177716,25.647417146177716,135.0,-2.1377286258236303,mean
1238,PCA3,15,AVAXUSDT,2026-06-19 03:29:00+00:00,2026-06-19 03:31:00+00:00,2026-06-19 07:46:00+00:00,9415.920516876142,9410.060186599158,9410.060186599158,9197.507807738632,-96.64908173599943,3.721513598867558,0.0,-100.37059533486698,-100.37059533486698,255.0,-2.0142383608773815,timeout
1240,PCA3,15,BTCUSDT,2026-06-19 04:44:00+00:00,2026-06-19 04:46:00+00:00,2026-06-19 07:46:00+00:00,9411.484781032603,9408.814254652056,9408.814254652056,9393.77979090253,-5.650424276246184,3.760518809110917,0.0,-9.4109430853571,-9.4109430853571,180.0,2.733380251158427,mean
1241,PCA3,15,AVAXUSDT,2026-06-19 09:29:00+00:00,2026-06-19 09:31:00+00:00,2026-06-19 10:46:00+00:00,9408.536438344718,9418.465515519327,9418.465515519327,9362.079225166151,32.765526977086346,3.7561089481370953,0.0,29.00941802894925,29.00941802894925,75.0,2.3563122858926824,mean
1242,PCA3,15,TRXUSDT,2026-06-19 09:44:00+00:00,2026-06-19 09:46:00+00:00,2026-06-19 14:01:00+00:00,9407.483357218754,9410.406635494557,9410.406635494557,9435.920842711907,84.2945284831913,3.769265495641293,0.0,80.52526298755001,80.52526298755001,255.0,2.198225375465464,timeout
1244,PCA3,15,TRXUSDT,2026-06-19 14:14:00+00:00,2026-06-19 14:16:00+00:00,2026-06-19 16:01:00+00:00,9419.003364352367,9418.015253927966,9418.015253927966,9446.203150293963,-0.5325374327140556,3.7728436808443857,0.07620748088827439,-4.305381113558441,-4.229173632670167,105.0,-2.855080171267507,mean
1243,PCA3,15,SUIUSDT,2026-06-19 12:29:00+00:00,2026-06-19 12:31:00+00:00,2026-06-19 16:46:00+00:00,9408.34821933264,9405.261997929678,9405.261997929678,9520.350467034403,-13.895650903533207,3.7851224929928162,-0.3420308894461567,-17.680773396526025,-18.02280428597218,255.0,-2.0998073780508606,timeout
1245,PCA3,15,LTCUSDT,2026-06-19 15:29:00+00:00,2026-06-19 15:31:00+00:00,2026-06-19 17:46:00+00:00,9420.02830724675,9433.008623269325,9433.008623269325,9438.012043510897,11.404345478663203,3.7742041333560437,-0.10221457170880623,7.630141345307159,7.527926773598352,135.0,2.296693451876556,mean
1246,PCA3,15,FILUSDT,2026-06-19 16:14:00+00:00,2026-06-19 16:16:00+00:00,2026-06-19 18:16:00+00:00,9417.379513212993,9395.972476239744,9395.972476239744,9348.084418474105,5.875763085084253,3.7488113789427695,0.0,2.126951706141483,2.126951706141483,120.0,2.768721571758545,mean
1248,PCA3,15,AVAXUSDT,2026-06-19 17:59:00+00:00,2026-06-19 18:01:00+00:00,2026-06-19 21:01:00+00:00,9419.306245449125,9429.879557074215,9429.879557074215,9365.858772449814,-50.45340823928464,3.759147665904806,0.0,-54.21255590518945,-54.21255590518945,180.0,-5.548025652818926,mean
1247,PCA3,15,TRXUSDT,2026-06-19 16:59:00+00:00,2026-06-19 17:01:00+00:00,2026-06-19 21:16:00+00:00,9413.979082751312,9416.030504884011,9416.030504884011,9446.689041325373,0.2606904215483493,3.7725439092418767,0.0,-3.5118534876935277,-3.5118534876935277,255.0,2.1212403402021907,timeout
1249,PCA3,15,LINKUSDT,2026-06-19 19:14:00+00:00,2026-06-19 19:16:00+00:00,2026-06-19 21:31:00+00:00,9396.913822725253,9396.559841377033,9396.559841377033,9425.4407228722,4.285660769736252,3.764400112849847,0.0,0.5212606568864047,0.5212606568864047,135.0,2.246200711679658,mean
1250,PCA3,15,AVAXUSDT,2026-06-19 21:59:00+00:00,2026-06-19 22:01:00+00:00,2026-06-19 23:16:00+00:00,9412.509881628877,9429.591688106537,9429.591688106537,9389.243747627559,61.656989492090084,3.763767087146819,0.0,57.893222404943266,57.893222404943266,75.0,2.3663897779775094,mean
1251,PCA3,15,LTCUSDT,2026-06-19 22:44:00+00:00,2026-06-19 22:46:00+00:00,2026-06-19 23:46:00+00:00,9413.79449369287,9413.565922775588,9413.565922775588,9424.572269395867,14.790760921243328,3.767627638434291,0.0,11.023133282809038,11.023133282809038,60.0,-2.305754611137214,mean
1253,PCA3,15,AAVEUSDT,2026-06-20 00:29:00+00:00,2026-06-20 00:31:00+00:00,2026-06-20 02:16:00+00:00,9418.950255114489,9410.411904248207,9410.411904248207,9318.515696904902,44.82229299916018,3.745785520230622,0.0,41.076507478929564,41.076507478929564,105.0,2.8145127394262737,mean
1252,PCA3,15,LINKUSDT,2026-06-20 00:14:00+00:00,2026-06-20 00:16:00+00:00,2026-06-20 03:31:00+00:00,9419.40151719765,9421.379016848372,9421.379016848372,9401.29560093008,7.535303043899985,3.7645349235556904,0.0,3.7707681203442944,3.7707681203442944,195.0,-3.0055115656951528,mean
1254,PCA3,15,SOLUSDT,2026-06-20 04:29:00+00:00,2026-06-20 04:31:00+00:00,2026-06-20 08:01:00+00:00,9423.886244757578,9424.264393532012,9424.264393532012,9518.617702203981,-50.989987874353,3.7885764191471987,-0.0381108984430424,-54.778564293500196,-54.81667519194324,210.0,2.3986107271888097,mean
1255,PCA3,15,BNBUSDT,2026-06-20 06:44:00+00:00,2026-06-20 06:46:00+00:00,2026-06-20 09:01:00+00:00,9415.04525098166,9408.885290633358,9408.885290633358,9385.633070268015,1.8669398903110206,3.758903672180275,0.25054227740947516,-1.8919637818692543,-1.641421504459779,135.0,2.3251586175571375,mean
1256,PCA3,15,AVAXUSDT,2026-06-20 06:59:00+00:00,2026-06-20 07:01:00+00:00,2026-06-20 11:16:00+00:00,9415.334345936104,9438.677120057497,9438.677120057497,9555.557206169964,154.82790568225306,3.7988468652454923,0.5720560024557966,151.02905881700755,151.60111481946336,255.0,-2.2683258840681435,timeout
1257,PCA3,15,TRXUSDT,2026-06-20 11:14:00+00:00,2026-06-20 11:16:00+00:00,2026-06-20 14:16:00+00:00,9434.187672553922,9433.202185773138,9433.202185773138,9368.785638115656,-47.53548129701742,3.760397564777759,0.0,-51.295878861795174,-51.295878861795174,180.0,2.0652256888821214,mean
1258,PCA3,15,SUIUSDT,2026-06-20 14:29:00+00:00,2026-06-20 14:31:00+00:00,2026-06-20 17:46:00+00:00,9428.270958683703,9425.145194035515,9425.145194035515,9446.936592620594,-18.439734135377822,3.7744163573312215,0.30293960424828587,-22.214150492709045,-21.911210888460758,195.0,-2.2534960865544407,mean
1259,PCA3,15,BTCUSDT,2026-06-20 14:59:00+00:00,2026-06-20 15:01:00+00:00,2026-06-20 18:16:00+00:00,9428.413139483135,9424.686484711188,9424.686484711188,9402.809995294983,-10.682649994861222,3.765499296001234,0.2670956680143025,-14.448149290862455,-14.181053622848152,195.0,2.050483413891814,mean
1260,PCA3,15,AAVEUSDT,2026-06-20 17:44:00+00:00,2026-06-20 17:46:00+00:00,2026-06-20 20:01:00+00:00,9423.781474694644,9417.605118099975,9417.605118099975,9479.17604246334,36.318026687052885,3.7793562321126624,0.0,32.53867045494022,32.53867045494022,135.0,-2.7370781036507026,mean
1262,PCA3,15,AAVEUSDT,2026-06-20 22:44:00+00:00,2026-06-20 22:46:00+00:00,2026-06-21 00:01:00+00:00,9425.534838035257,9413.206732642284,9413.206732642284,9365.612015565686,40.07599076746953,3.7557637496415937,0.4586365172815961,36.32022701782793,36.77886353510953,75.0,2.968213485145528,mean
1261,PCA3,15,SOLUSDT,2026-06-20 22:14:00+00:00,2026-06-20 22:16:00+00:00,2026-06-21 00:31:00+00:00,9427.915599278065,9413.577378091632,9413.577378091632,9410.267431893657,20.19104673570938,3.7647689619970577,0.2404614645410813,16.426277773712325,16.666739238253406,135.0,3.384128048455486,mean
1263,PCA3,15,AVAXUSDT,2026-06-21 07:44:00+00:00,2026-06-21 07:46:00+00:00,2026-06-21 10:16:00+00:00,9433.260159555402,9419.056232128114,9419.056232128114,9400.651350543705,23.251451244190307,3.7639415165343637,-0.3072920902191282,19.487509727655944,19.180217637436815,150.0,2.0167769421373967,mean
1264,PCA3,15,NEARUSDT,2026-06-21 08:59:00+00:00,2026-06-21 09:01:00+00:00,2026-06-21 10:31:00+00:00,9433.478941546831,9441.007360346846,9441.007360346846,9470.799325911787,22.90002597937379,3.782361337251727,0.0,19.117664642122065,19.117664642122065,90.0,2.015679496275007,mean
1265,PCA3,15,AAVEUSDT,2026-06-21 10:14:00+00:00,2026-06-21 10:16:00+00:00,2026-06-21 12:46:00+00:00,9436.63203450698,9433.133628859872,9433.133628859872,9380.350140261045,0.6061803723221395,3.7626967538241836,0.0,-3.156516381502044,-3.156516381502044,150.0,-2.0121497618756705,mean
1266,PCA3,15,FILUSDT,2026-06-21 11:29:00+00:00,2026-06-21 11:31:00+00:00,2026-06-21 14:31:00+00:00,9435.138954071102,9417.627058288019,9417.627058288019,9415.333092963014,8.702903141896758,3.766592030250207,0.0,4.9363111116465515,4.9363111116465515,180.0,2.2620576843208946,mean
1267,PCA3,15,NEARUSDT,2026-06-21 12:29:00+00:00,2026-06-21 12:31:00+00:00,2026-06-21 16:01:00+00:00,9433.26175375132,9434.650907192654,9434.650907192654,9514.945893159973,-8.828235875858807,3.789919360070525,0.5895223274439473,-12.618155235929333,-12.028632908485385,210.0,-2.9955655405477786,mean
1268,PCA3,15,LTCUSDT,2026-06-21 15:29:00+00:00,2026-06-21 15:31:00+00:00,2026-06-21 17:01:00+00:00,9436.328726098138,9434.485736217897,9434.485736217897,9371.250946066772,33.727923037901746,3.7611473364569337,0.2739624458008815,29.96677570144481,30.24073814724569,90.0,3.232059322455922,mean
1269,PCA3,15,SOLUSDT,2026-06-21 17:29:00+00:00,2026-06-21 17:31:00+00:00,2026-06-21 19:01:00+00:00,9439.089137780245,9435.730308839575,9435.730308839575,9428.34194185544,19.6441931461773,3.772814450139003,0.0,15.871378696038299,15.871378696038299,90.0,2.160342280184316,mean
1270,PCA3,15,LTCUSDT,2026-06-21 18:59:00+00:00,2026-06-21 19:01:00+00:00,2026-06-21 20:01:00+00:00,9440.751142265812,9442.828807151745,9442.828807151745,9461.549779845689,14.764289615134928,3.7808757173994874,0.0,10.98341389773544,10.98341389773544,60.0,-2.0426244984770414,mean
1271,PCA3,15,BTCUSDT,2026-06-22 02:14:00+00:00,2026-06-22 02:16:00+00:00,2026-06-22 03:16:00+00:00,9441.774617039624,9439.554754819459,9439.554754819459,9393.888890088596,12.079486143576963,3.7666887289816113,0.0,8.312797414595352,8.312797414595352,60.0,2.213760443159602,mean
1272,PCA3,15,TRXUSDT,2026-06-22 07:44:00+00:00,2026-06-22 07:46:00+00:00,2026-06-22 11:46:00+00:00,9442.605896781082,9442.29526025867,9442.29526025867,9494.165919358971,11.801405173607506,3.787292235923528,0.26972781344322444,8.014112937683977,8.283840751127203,240.0,2.0171361630787845,mean
1273,PCA3,15,LINKUSDT,2026-06-22 08:44:00+00:00,2026-06-22 08:46:00+00:00,2026-06-22 11:46:00+00:00,9441.627870353426,9448.286506180819,9448.286506180819,9505.659893176542,0.7005873375303888,3.790789279871472,0.0,-3.0902019423410834,-3.0902019423410834,180.0,2.570139696607508,mean
1274,PCA3,15,SUIUSDT,2026-06-22 11:14:00+00:00,2026-06-22 11:16:00+00:00,2026-06-22 14:16:00+00:00,9440.754809935928,9438.810990750779,9438.810990750779,9550.359329194469,-34.151684591913494,3.7978340639890495,0.0,-37.949518655902544,-37.949518655902544,180.0,3.87409257615154,mean
1277,PCA3,15,AAVEUSDT,2026-06-22 14:29:00+00:00,2026-06-22 14:31:00+00:00,2026-06-22 15:16:00+00:00,9436.411645468905,9422.73468367383,9422.73468367383,9479.835594917251,33.97675469967278,3.780514055718216,0.0,30.196240643954567,30.196240643954567,45.0,-2.288641106292269,mean
1276,PCA3,15,BTCUSDT,2026-06-22 12:44:00+00:00,2026-06-22 12:46:00+00:00,2026-06-22 16:16:00+00:00,9440.767730293903,9429.162440806183,9429.162440806183,9358.342318308862,-29.11162837203065,3.757500951823009,0.22451568486482468,-32.86912932385366,-32.64461363898884,210.0,2.5661216501746282,mean
1275,PCA3,15,SOLUSDT,2026-06-22 12:14:00+00:00,2026-06-22 12:16:00+00:00,2026-06-22 16:31:00+00:00,9432.650227051288,9435.278181481199,9435.278181481199,9296.425033238,-47.6618556091687,3.7463406429438395,0.18301079272967416,-51.40819625211254,-51.225185459382864,255.0,-2.0796446837554488,timeout
1278,PCA3,15,FILUSDT,2026-06-22 16:29:00+00:00,2026-06-22 16:31:00+00:00,2026-06-22 17:46:00+00:00,9434.49275522998,9432.387672975949,9432.387672975949,9388.830395404691,22.65816051140297,3.7642436136761277,0.0,18.89391689772684,18.89391689772684,75.0,2.28991078765464,mean
1279,PCA3,15,TRXUSDT,2026-06-22 16:44:00+00:00,2026-06-22 16:46:00+00:00,2026-06-22 19:46:00+00:00,9431.872791594951,9428.185124808442,9428.185124808442,9392.913577481737,-20.786317491381855,3.764219740458036,0.0,-24.55053723183989,-24.55053723183989,180.0,2.0448147456234755,mean
1280,PCA3,15,DOTUSDT,2026-06-22 19:14:00+00:00,2026-06-22 19:16:00+00:00,2026-06-22 20:46:00+00:00,9433.427122835948,9433.697077269762,9433.697077269762,9470.324705201387,20.238536468485187,3.7808043564942295,0.0,16.457732111990957,16.457732111990957,90.0,-2.1332149436609478,mean
1281,PCA3,15,SUIUSDT,2026-06-22 20:14:00+00:00,2026-06-22 20:16:00+00:00,2026-06-22 23:31:00+00:00,9433.896405739803,9443.433097897376,9443.433097897376,9358.949293692565,18.204739661982863,3.7604764783179885,0.0,14.444263183664876,14.444263183664876,195.0,2.6331195709695487,mean
1282,PCA3,15,TRXUSDT,2026-06-22 20:59:00+00:00,2026-06-22 21:01:00+00:00,2026-06-23 00:16:00+00:00,9434.264531329978,9434.448099029303,9434.448099029303,9401.07508914693,-28.281053013887682,3.7671046376352466,0.21750137747941922,-32.04815765152293,-31.83065627404351,195.0,2.2968695248432294,mean
1283,PCA3,15,DOTUSDT,2026-06-23 00:14:00+00:00,2026-06-23 00:16:00+00:00,2026-06-23 02:16:00+00:00,9433.118737168139,9436.781898158977,9436.781898158977,9444.558258209556,2.0625358988565514,3.7762680312737062,0.0,-1.713732132417155,-1.713732132417155,120.0,-2.3670475007479577,mean
1284,PCA3,15,NEARUSDT,2026-06-23 01:29:00+00:00,2026-06-23 01:31:00+00:00,2026-06-23 03:16:00+00:00,9433.826469498954,9425.543099914541,9425.543099914541,9429.361326444567,28.661261806406966,3.770980885271822,0.0,24.890280921135144,24.890280921135144,105.0,-2.0661188702633586,mean
1286,PCA3,15,BCHUSDT,2026-06-23 02:29:00+00:00,2026-06-23 02:31:00+00:00,2026-06-23 03:46:00+00:00,9434.035456270105,9433.889269737683,9433.889269737683,9475.875374070396,34.63152560520519,3.7819529287616156,0.0,30.849572676443575,30.849572676443575,75.0,-2.824326478020863,mean
1285,PCA3,15,DOGEUSDT,2026-06-23 01:59:00+00:00,2026-06-23 02:01:00+00:00,2026-06-23 04:46:00+00:00,9433.170059097609,9439.532106982833,9439.532106982833,9420.32845706473,8.829929178622661,3.7719721128095127,0.0,5.057957065813149,5.057957065813149,165.0,-3.3930816253776204,mean
1288,PCA3,15,DOTUSDT,2026-06-23 05:59:00+00:00,2026-06-23 06:01:00+00:00,2026-06-23 07:01:00+00:00,9439.86713116378,9424.07132477513,9424.07132477513,9292.834431184183,22.444843691165556,3.743381151191862,0.0,18.701462539973694,18.701462539973694,60.0,2.39283377585804,mean
1287,PCA3,15,SUIUSDT,2026-06-23 05:44:00+00:00,2026-06-23 05:46:00+00:00,2026-06-23 08:31:00+00:00,9439.212832672782,9433.678201418035,9433.678201418035,9108.429423654445,-42.87945935278687,3.708421525014496,0.4163242049550593,-46.58788087780136,-46.1715566728463,165.0,-3.083081061280051,mean
1289,PCA3,15,AAVEUSDT,2026-06-23 05:59:00+00:00,2026-06-23 06:01:00+00:00,2026-06-23 08:31:00+00:00,9439.86713116378,9421.981380854348,9421.981380854348,9132.614691225936,-4.6075498759188065,3.710919214416056,-0.36704118904214506,-8.318469090334862,-8.685510279377008,150.0,-2.167427679748508,mean
1290,PCA3,15,XRPUSDT,2026-06-23 07:14:00+00:00,2026-06-23 07:16:00+00:00,2026-06-23 10:31:00+00:00,9434.00783634399,9433.404968525672,9433.404968525672,9321.08019317676,-15.014621866125067,3.750897032340487,0.03328540366421498,-18.765518898465555,-18.73223349480134,195.0,3.369196761383,mean
1292,PCA3,15,FILUSDT,2026-06-23 08:44:00+00:00,2026-06-23 08:46:00+00:00,2026-06-23 12:16:00+00:00,9433.316209982451,9422.977498333023,9422.977498333023,9525.39129498031,18.070174406253734,3.7896737586626665,0.0,14.280500647591067,14.280500647591067,210.0,-2.466558860192249,mean
1291,PCA3,15,ETHUSDT,2026-06-23 08:44:00+00:00,2026-06-23 08:46:00+00:00,2026-06-23 12:31:00+00:00,9433.316209982451,9425.694391388843,9425.694391388843,9502.784202789864,-7.522390016885959,3.785695718835741,0.0,-11.3080857357217,-11.3080857357217,225.0,-4.525580823837591,mean
1293,PCA3,15,SUIUSDT,2026-06-23 10:44:00+00:00,2026-06-23 10:46:00+00:00,2026-06-23 14:46:00+00:00,9433.729137404645,9436.288442965222,9436.288442965222,9562.348295051677,-46.016592623213974,3.7997273476033797,0.0,-49.816319970817354,-49.816319970817354,240.0,3.829381290838895,mean
1294,PCA3,15,ADAUSDT,2026-06-23 12:29:00+00:00,2026-06-23 12:31:00+00:00,2026-06-23 16:01:00+00:00,9431.905371537845,9449.168203413206,9449.168203413206,9390.833576481975,-28.70998427610876,3.7680003559790363,0.4484368455081495,-32.4779846320878,-32.02954778657965,210.0,-3.4959295035397706,mean
1295,PCA3,15,XRPUSDT,2026-06-23 13:44:00+00:00,2026-06-23 13:46:00+00:00,2026-06-23 16:01:00+00:00,9426.876582955521,9414.352024722199,9414.352024722199,9409.400044094571,8.378066974332928,3.7647504137633536,0.232958858340623,4.613316560569574,4.846275418910197,135.0,-2.531504871748099,mean
1297,PCA3,15,BTCUSDT,2026-06-23 16:14:00+00:00,2026-06-23 16:16:00+00:00,2026-06-23 18:01:00+00:00,9421.486149546477,9407.615521649177,9407.615521649177,9362.401536511858,-5.596875322549112,3.7540034116322074,0.0,-9.350878734181318,-9.350878734181318,105.0,2.1573511015094513,mean
1296,PCA3,15,LTCUSDT,2026-06-23 14:59:00+00:00,2026-06-23 15:01:00+00:00,2026-06-23 19:01:00+00:00,9425.88372734611,9401.427330414357,9401.427330414357,9336.589624929562,-32.58744931981622,3.747603391068784,-0.028115594754070904,-36.33505271088501,-36.36316830563908,240.0,-6.865608690901543,mean
1298,PCA3,15,DOGEUSDT,2026-06-23 19:29:00+00:00,2026-06-23 19:31:00+00:00,2026-06-23 22:46:00+00:00,9421.749926435432,9423.320481266795,9423.320481266795,9463.254119340218,-3.9315367114237727,3.7773149201214027,0.0,-7.708851631545175,-7.708851631545175,195.0,-2.081431324442586,mean
1299,PCA3,15,FILUSDT,2026-06-23 20:14:00+00:00,2026-06-23 20:16:00+00:00,2026-06-23 22:46:00+00:00,9421.755642649787,9446.916252959829,9446.916252959829,9441.094611067922,28.659547847575432,3.7776021728055498,0.0,24.88194567476988,24.88194567476988,150.0,2.712500797409778,mean
1300,PCA3,15,LINKUSDT,2026-06-23 20:14:00+00:00,2026-06-23 20:16:00+00:00,2026-06-23 23:01:00+00:00,9421.755642649787,9425.379750458866,9425.379750458866,9443.517562256346,1.4408567599888669,3.773779462543042,0.0,-2.3329227025541748,-2.3329227025541748,165.0,-2.1359709819022425,mean
1301,PCA3,15,ADAUSDT,2026-06-24 01:29:00+00:00,2026-06-24 01:31:00+00:00,2026-06-24 04:31:00+00:00,9423.2339435695,9428.146213459255,9428.146213459255,9297.503712417581,10.82902683176075,3.7451299851753674,0.0,7.083896846585383,7.083896846585383,180.0,2.5608361668748993,mean
1302,PCA3,15,DOGEUSDT,2026-06-24 01:44:00+00:00,2026-06-24 01:46:00+00:00,2026-06-24 04:46:00+00:00,9422.08290958466,9428.40150052098,9428.40150052098,9339.084674274107,-1.6475020535788971,3.753497234959018,0.0,-5.400999288537915,-5.400999288537915,180.0,2.0315722583632008,mean
1303,PCA3,15,ADAUSDT,2026-06-24 06:14:00+00:00,2026-06-24 06:16:00+00:00,2026-06-24 09:01:00+00:00,9423.402233325303,9415.32182405897,9415.32182405897,9390.498615155711,-0.05706101971230726,3.7611640878429364,0.33353663378774867,-3.818225107555244,-3.4846884737674952,165.0,-2.1118979749907085,mean
1305,PCA3,15,AAVEUSDT,2026-06-24 09:44:00+00:00,2026-06-24 09:46:00+00:00,2026-06-24 11:46:00+00:00,9421.195814110488,9417.863321297162,9417.863321297162,9717.132835741257,-304.23712165765306,3.8269992314076835,0.0,-308.06412088906075,-308.06412088906075,120.0,2.038567858879313,stop
1304,PCA3,15,TRXUSDT,2026-06-24 08:44:00+00:00,2026-06-24 08:46:00+00:00,2026-06-24 12:31:00+00:00,9422.192678535725,9420.35584470267,9420.35584470267,9437.378119884175,-1.7907551250547584,3.771546792917369,0.0,-5.562301917972127,-5.562301917972127,225.0,2.540591110695799,mean
1308,PCA3,15,SUIUSDT,2026-06-24 12:44:00+00:00,2026-06-24 12:46:00+00:00,2026-06-24 13:31:00+00:00,9394.689308584411,9393.746702387181,9393.746702387181,9239.23479564143,3.1743043294681987,3.7265962996057223,0.0,-0.5522919701375233,-0.5522919701375233,45.0,-2.0176661904184523,mean
1306,PCA3,15,ADAUSDT,2026-06-24 10:14:00+00:00,2026-06-24 10:16:00+00:00,2026-06-24 14:31:00+00:00,9417.148450698607,9383.685853263834,9383.685853263834,9324.66104874884,33.4867748181877,3.741669380402535,0.0,29.745105437785163,29.745105437785163,255.0,-5.7234228337253965,timeout
1307,PCA3,15,AAVEUSDT,2026-06-24 11:59:00+00:00,2026-06-24 12:01:00+00:00,2026-06-24 16:16:00+00:00,9395.138262623486,9409.89126066006,9409.89126066006,9290.771256646378,-167.2662521945042,3.7401325034612873,0.3711043714909549,-171.00638469796547,-170.63528032647451,255.0,5.029156640630604,timeout
1309,PCA3,15,BTCUSDT,2026-06-24 13:44:00+00:00,2026-06-24 13:46:00+00:00,2026-06-24 17:31:00+00:00,9397.393086948903,9383.36480223676,9383.36480223676,9095.824511998846,21.385652485193372,3.695837862847121,-0.24059974939249817,17.68981462234625,17.449214872953753,225.0,-4.265160175280683,mean
1311,PCA3,15,AAVEUSDT,2026-06-24 16:29:00+00:00,2026-06-24 16:31:00+00:00,2026-06-24 17:46:00+00:00,9371.111713669705,9354.655725930545,9354.655725930545,8973.428026132542,97.70493589375499,3.6656167504126174,0.0,94.03931914334238,94.03931914334238,75.0,3.550756522820107,mean
1310,PCA3,15,DOGEUSDT,2026-06-24 14:44:00+00:00,2026-06-24 14:46:00+00:00,2026-06-24 18:46:00+00:00,9385.024310263563,9380.580141340806,9380.580141340806,9073.223414698215,-29.873674299047284,3.6907607112078047,0.17852237816248917,-33.56443501025509,-33.3859126320926,240.0,-4.5372449104318875,mean
1312,PCA3,15,XRPUSDT,2026-06-24 17:44:00+00:00,2026-06-24 17:46:00+00:00,2026-06-24 19:31:00+00:00,9385.934192400395,9378.807969064923,9378.807969064923,9446.968854310448,31.525003496817703,3.765155364675074,0.0,27.75984813214263,27.75984813214263,105.0,4.601690849601046,mean
1314,PCA3,15,LINKUSDT,2026-06-24 18:59:00+00:00,2026-06-24 19:01:00+00:00,2026-06-24 20:31:00+00:00,9382.813768971075,9390.391896867377,9390.391896867377,9604.12125041416,26.164362932317548,3.7989026294563075,0.0,22.365460302861237,22.365460302861237,90.0,-3.344366986790078,mean
1315,PCA3,15,DOTUSDT,2026-06-24 19:44:00+00:00,2026-06-24 19:46:00+00:00,2026-06-24 20:31:00+00:00,9388.694887816182,9396.734508733825,9396.734508733825,9575.940427067924,12.92119594511108,3.79453498716035,0.0,9.126660957950731,9.126660957950731,45.0,2.8277807217240225,mean
1313,PCA3,15,ETHUSDT,2026-06-24 17:59:00+00:00,2026-06-24 18:01:00+00:00,2026-06-24 20:46:00+00:00,9384.048963929574,9387.359174008114,9387.359174008114,9700.919886770747,-8.397783317712975,3.8176558121557727,0.0,-12.215439129868747,-12.215439129868747,165.0,-4.7023552009878395,mean
1316,PCA3,15,XRPUSDT,2026-06-24 21:14:00+00:00,2026-06-24 21:16:00+00:00,2026-06-25 00:46:00+00:00,9390.060790676069,9383.146390120335,9383.146390120335,9444.90538021324,-9.0107785546072,3.765610354066715,0.7305004046222956,-12.776388908673916,-12.04588850405162,210.0,-2.9817615129966164,mean
1317,PCA3,15,AAVEUSDT,2026-06-24 21:14:00+00:00,2026-06-24 21:16:00+00:00,2026-06-25 01:01:00+00:00,9390.060790676069,9377.702605726116,9377.702605726116,9497.673282957787,-35.84083886336749,3.7750751777367806,0.37820657041688316,-39.61591404110427,-39.23770747068738,225.0,2.069305132183038,mean
1318,PCA3,15,ADAUSDT,2026-06-24 21:59:00+00:00,2026-06-24 22:01:00+00:00,2026-06-25 02:01:00+00:00,9390.97706640917,9424.589759826586,9424.589759826586,9413.137311045866,1.324390765412736,3.7675454141744904,-0.9809293937004679,-2.4431546487617544,-3.4240840424622223,240.0,2.0925339934054152,mean
1320,PCA3,15,AAVEUSDT,2026-06-25 01:59:00+00:00,2026-06-25 02:01:00+00:00,2026-06-25 05:46:00+00:00,9383.557093324995,9375.567015658453,9375.567015658453,9600.844329632251,-98.99323723268492,3.7952822690581414,0.0,-102.78851950174307,-102.78851950174307,225.0,2.2611984047459743,mean
1319,PCA3,15,HBARUSDT,2026-06-25 01:44:00+00:00,2026-06-25 01:46:00+00:00,2026-06-25 06:01:00+00:00,9383.04896624336,9382.225593695593,9382.225593695593,9446.21387478569,-95.26511097757427,3.765687893696257,0.0,-99.03079887127052,-99.03079887127052,255.0,-2.372053897284308,timeout
1321,PCA3,15,DOTUSDT,2026-06-25 03:59:00+00:00,2026-06-25 04:01:00+00:00,2026-06-25 08:16:00+00:00,9367.487059445226,9368.0692610596,9368.0692610596,9468.054545338051,-16.227188305626264,3.7672247612795298,-0.3210314313968255,-19.994413066905796,-20.31544449830262,255.0,-2.4643309086458163,timeout
1323,PCA3,15,AAVEUSDT,2026-06-25 06:44:00+00:00,2026-06-25 06:46:00+00:00,2026-06-25 09:31:00+00:00,9364.033020277513,9368.067017713427,9368.067017713427,9331.01852929777,-1.912247133208382,3.7398171094022397,0.12429900301354685,-5.652064242610622,-5.527765239597075,165.0,-2.601987691223119,mean
1324,PCA3,15,BCHUSDT,2026-06-25 08:29:00+00:00,2026-06-25 08:31:00+00:00,2026-06-25 10:01:00+00:00,9358.256418057294,9348.019608930834,9348.019608930834,9321.780174830901,26.118014751883905,3.733959956752347,0.0,22.38405479513156,22.38405479513156,90.0,2.9766692667343246,mean
1322,PCA3,15,HBARUSDT,2026-06-25 06:14:00+00:00,2026-06-25 06:16:00+00:00,2026-06-25 10:31:00+00:00,9363.468579232851,9375.124071665417,9375.124071665417,9245.007563010393,-12.894667394353142,3.724026326935162,-0.17707958765671658,-16.618693721288306,-16.795773308945023,255.0,-2.6830324294222447,timeout
1325,PCA3,15,BNBUSDT,2026-06-25 10:59:00+00:00,2026-06-25 11:01:00+00:00,2026-06-25 13:16:00+00:00,9362.382598011875,9363.779132913292,9363.779132913292,9377.061299081788,6.810565325435636,3.7481680863990157,0.0,3.0623972390366205,3.0623972390366205,135.0,-2.4621401602794815,mean
1326,PCA3,15,DOGEUSDT,2026-06-25 11:29:00+00:00,2026-06-25 11:31:00+00:00,2026-06-25 13:46:00+00:00,9362.276880045813,9368.155711681275,9368.155711681275,9186.487734308112,11.287625342789102,3.7109286891978774,0.0,7.576696653591226,7.576696653591226,135.0,-2.1453779368229227,mean
1328,PCA3,15,AAVEUSDT,2026-06-25 13:29:00+00:00,2026-06-25 13:31:00+00:00,2026-06-25 16:31:00+00:00,9361.173890318523,9317.51298450314,9317.51298450314,9050.432449999269,-13.449664223570721,3.673589086900482,0.27642134107614547,-17.123253310471203,-16.84683196939506,180.0,2.668297101440965,mean
1327,PCA3,15,TRXUSDT,2026-06-25 12:29:00+00:00,2026-06-25 12:31:00+00:00,2026-06-25 16:46:00+00:00,9363.463945919406,9413.930174785206,9413.930174785206,9176.656181597627,116.0130787239995,3.7181172712765664,0.3498160483766045,112.29496145272294,112.64477750109955,255.0,-2.3166556529614533,timeout
1330,PCA3,15,XRPUSDT,2026-06-25 16:44:00+00:00,2026-06-25 16:46:00+00:00,2026-06-25 17:46:00+00:00,9370.860199569308,9350.354150330933,9350.354150330933,9477.627844235132,4.800055020523673,3.765596398913213,0.0,1.0344586216104599,1.0344586216104599,60.0,-2.151099422987984,mean
1329,PCA3,15,BTCUSDT,2026-06-25 13:59:00+00:00,2026-06-25 14:01:00+00:00,2026-06-25 18:16:00+00:00,9388.47707589291,9459.397226901467,9459.397226901467,9635.945193411713,-40.834407032188636,3.819068484062636,-0.2802908945192874,-44.65347551625127,-44.93376641077056,255.0,-5.3479116124606,timeout
1331,PCA3,15,SUIUSDT,2026-06-25 16:59:00+00:00,2026-06-25 17:01:00+00:00,2026-06-25 18:16:00+00:00,9371.644835936559,9385.478725030262,9385.478725030262,9419.578752792435,37.95828077441165,3.761011495564539,0.0,34.19726927884711,34.19726927884711,75.0,2.239482449877474,mean
1332,PCA3,15,DOGEUSDT,2026-06-25 17:59:00+00:00,2026-06-25 18:01:00+00:00,2026-06-25 18:31:00+00:00,9370.828241012778,9370.042724561785,9370.042724561785,9282.160341647206,28.439964444496745,3.7304406132417984,0.0,24.70952383125495,24.70952383125495,30.0,3.267179736943066,mean
1333,PCA3,15,AAVEUSDT,2026-06-25 19:14:00+00:00,2026-06-25 19:16:00+00:00,2026-06-25 20:31:00+00:00,9374.527050486397,9379.156727455853,9379.156727455853,9537.712971602266,102.08088852679556,3.7833739398116233,0.0,98.29751458698395,98.29751458698395,75.0,-2.541545678809914,mean
1335,PCA3,15,NEARUSDT,2026-06-25 20:29:00+00:00,2026-06-25 20:31:00+00:00,2026-06-25 23:46:00+00:00,9384.38939708002,9369.811546249965,9369.811546249965,9459.364951013215,1.7149248769005867,3.765835299452636,0.0,-2.0509104225520494,-2.0509104225520494,195.0,-2.5989455673144617,mean
1334,PCA3,15,DOTUSDT,2026-06-25 19:59:00+00:00,2026-06-25 20:01:00+00:00,2026-06-26 00:16:00+00:00,9381.121948215648,9414.860416889926,9414.860416889926,9476.331675408941,-61.02634131721007,3.7782384184597735,-0.03537135628433942,-64.80457973566985,-64.83995109195419,255.0,-2.5030730359787525,timeout
1336,PCA3,15,DOGEUSDT,2026-06-25 22:14:00+00:00,2026-06-25 22:16:00+00:00,2026-06-26 01:01:00+00:00,9379.29937307336,9388.705831230323,9388.705831230323,9381.912560757823,4.510116559857508,3.7541236783976295,0.18638229782820065,0.7559928814598789,0.9423751792880795,165.0,2.74035269798236,mean
1337,PCA3,15,BCHUSDT,2026-06-25 23:59:00+00:00,2026-06-26 00:01:00+00:00,2026-06-26 01:46:00+00:00,9377.473348665873,9388.94819246911,9388.94819246911,9264.375778224428,36.4903617790074,3.7306647941387077,0.0,32.75969698486869,32.75969698486869,105.0,3.6601579997206017,mean
1338,PCA3,15,DOTUSDT,2026-06-26 00:29:00+00:00,2026-06-26 00:31:00+00:00,2026-06-26 03:46:00+00:00,9376.822882616054,9367.568910724682,9367.568910724682,9253.358456984028,-37.11559424640066,3.724185473541742,0.0,-40.839779719942406,-40.839779719942406,195.0,-2.7058953321283825,mean
1340,PCA3,15,ETHUSDT,2026-06-26 02:14:00+00:00,2026-06-26 02:16:00+00:00,2026-06-26 05:31:00+00:00,9376.650338733158,9408.400271136494,9408.400271136494,9586.470883479975,-1.7389456529528635,3.7989742309232937,0.0,-5.537919883876157,-5.537919883876157,195.0,-2.7466051880774183,mean
1339,PCA3,15,SOLUSDT,2026-06-26 01:44:00+00:00,2026-06-26 01:46:00+00:00,2026-06-26 06:01:00+00:00,9376.45712232965,9378.845022098683,9378.845022098683,9464.860761465981,-41.15685022779117,3.7687411567129327,0.0,-44.9255913845041,-44.9255913845041,255.0,2.106124383676598,timeout
1341,PCA3,15,BTCUSDT,2026-06-26 03:59:00+00:00,2026-06-26 04:01:00+00:00,2026-06-26 06:31:00+00:00,9373.567032985531,9354.109149453168,9354.109149453168,9385.321624129663,16.171659792274745,3.7478861547165665,0.0,12.42377363755818,12.42377363755818,150.0,2.883071300914197,mean
1342,PCA3,15,BCHUSDT,2026-06-26 05:44:00+00:00,2026-06-26 05:46:00+00:00,2026-06-26 07:01:00+00:00,9372.464501839115,9356.084367157906,9356.084367157906,9455.803978280743,25.31246564110378,3.76237766908773,0.0,21.55008797201605,21.55008797201605,75.0,3.4065763577868036,mean
1344,PCA3,15,DOTUSDT,2026-06-26 06:44:00+00:00,2026-06-26 06:46:00+00:00,2026-06-26 08:16:00+00:00,9371.629841933498,9357.134106335696,9357.134106335696,9375.069627926003,13.385801011828903,3.7464407468523397,0.6328271982724928,9.639360264976563,10.272187463249056,90.0,-2.0857859599811537,mean
1343,PCA3,15,SOLUSDT,2026-06-26 06:29:00+00:00,2026-06-26 06:31:00+00:00,2026-06-26 09:46:00+00:00,9372.884980442077,9356.03532314956,9356.03532314956,9418.129030201035,-17.50457602386337,3.7548328706701186,0.27023787063645777,-21.259408894533486,-20.98917102389703,195.0,2.6316786661941243,mean
1345,PCA3,15,DOGEUSDT,2026-06-26 07:14:00+00:00,2026-06-26 07:16:00+00:00,2026-06-26 10:01:00+00:00,9369.577786598818,9370.557610268956,9370.557610268956,9229.556583970165,9.896859508694348,3.7200228388478243,-0.1791292633521655,6.176836669846524,5.997707406494358,165.0,-2.8207949335208284,mean
1347,PCA3,15,SUIUSDT,2026-06-26 09:59:00+00:00,2026-06-26 10:01:00+00:00,2026-06-26 10:46:00+00:00,9373.78481816563,9359.79086146079,9359.79086146079,9403.650551251147,57.07072611525016,3.752688282542387,0.0,53.31803783270777,53.31803783270777,45.0,-2.021541047576101,mean
1348,PCA3,15,BCHUSDT,2026-06-26 10:14:00+00:00,2026-06-26 10:16:00+00:00,2026-06-26 12:31:00+00:00,9374.59628525197,9384.906333918005,9384.906333918005,9359.071694066675,14.013887691227161,3.7487956055969365,0.0,10.265092085630224,10.265092085630224,135.0,2.193635867925264,mean
1349,PCA3,15,BTCUSDT,2026-06-26 10:59:00+00:00,2026-06-26 11:01:00+00:00,2026-06-26 12:31:00+00:00,9378.548776231855,9377.022214970002,9377.022214970002,9415.42445262873,24.126693547960155,3.758489333519747,0.0,20.368204214440407,20.368204214440407,90.0,-2.542719043973525,mean
1346,PCA3,15,BNBUSDT,2026-06-26 08:29:00+00:00,2026-06-26 08:31:00+00:00,2026-06-26 12:46:00+00:00,9373.333231389313,9370.449676387927,9370.449676387927,9209.392982192336,27.950394699453245,3.7159685317160527,0.0,24.234426167737194,24.234426167737194,255.0,2.318088421970763,timeout
1350,PCA3,15,LTCUSDT,2026-06-26 12:44:00+00:00,2026-06-26 12:46:00+00:00,2026-06-26 15:01:00+00:00,9385.336332234408,9413.312651489021,9413.312651489021,9516.666586653035,8.085384062248794,3.785995847628411,0.0,4.299388214620384,4.299388214620384,135.0,-2.500382976362029,mean
1351,PCA3,15,AAVEUSDT,2026-06-26 12:44:00+00:00,2026-06-26 12:46:00+00:00,2026-06-26 16:46:00+00:00,9385.336332234408,9422.291024473248,9422.291024473248,9996.754773824985,-298.2807271536391,3.8838091596596467,0.1328334837781093,-302.16453631329875,-302.03170282952067,240.0,2.4396441578333183,stop
1352,PCA3,15,BNBUSDT,2026-06-26 12:59:00+00:00,2026-06-26 13:01:00+00:00,2026-06-26 17:01:00+00:00,9388.428844524547,9392.76933452413,9392.76933452413,9625.384477405845,-54.16702263115553,3.8036307623859944,-0.008046609530498346,-57.970653393541525,-57.97870000307202,240.0,-3.357356170152789,mean
1353,PCA3,15,TRXUSDT,2026-06-26 15:14:00+00:00,2026-06-26 15:16:00+00:00,2026-06-26 17:46:00+00:00,9373.944428673754,9372.528689940857,9372.528689940857,9494.481318562426,-87.55876578429849,3.7734020017006573,1.4852844272242918,-91.33216778599915,-89.84688335877486,150.0,-2.765375601205989,mean
1354,PCA3,15,AAVEUSDT,2026-06-26 16:59:00+00:00,2026-06-26 17:01:00+00:00,2026-06-26 19:16:00+00:00,9342.467863180453,9328.015280919122,9328.015280919122,9313.641980167224,28.253618910307633,3.7283314522172692,0.0,24.52528745809036,24.52528745809036,135.0,4.6982946183076955,mean
1355,PCA3,15,UNIUSDT,2026-06-26 17:14:00+00:00,2026-06-26 17:16:00+00:00,2026-06-26 20:01:00+00:00,9343.687945590102,9321.493033930083,9321.493033930083,9343.564307989702,-6.010211475000352,3.733011468383957,0.0,-9.743222943384309,-9.743222943384309,165.0,2.34878427620727,mean
1356,PCA3,15,HBARUSDT,2026-06-26 17:59:00+00:00,2026-06-26 18:01:00+00:00,2026-06-26 22:16:00+00:00,9335.541335941383,9339.983707066805,9339.983707066805,9169.569859287469,-95.22125452925476,3.7019107132708546,0.0,-98.92316524252563,-98.92316524252563,255.0,-2.6899155246975406,timeout
1357,PCA3,15,DOGEUSDT,2026-06-26 19:29:00+00:00,2026-06-26 19:31:00+00:00,2026-06-26 22:16:00+00:00,9337.633562999019,9341.801550810833,9341.801550810833,9280.072804352107,2.2276478083897393,3.724374871032588,0.0,-1.4967270626428486,-1.4967270626428486,165.0,2.6648903031204307,mean
1358,PCA3,15,AAVEUSDT,2026-06-26 20:44:00+00:00,2026-06-26 20:46:00+00:00,2026-06-26 22:16:00+00:00,9336.346176838433,9349.214488829068,9349.214488829068,9397.823885105134,49.977151884737616,3.7494076747868403,0.0,46.22774420995078,46.22774420995078,90.0,-2.109394817069187,mean
1360,PCA3,15,SOLUSDT,2026-06-26 22:29:00+00:00,2026-06-26 22:31:00+00:00,2026-06-27 00:16:00+00:00,9337.154830331097,9333.95051230897,9333.95051230897,9408.7421960354,15.766527462408323,3.748538541668874,-0.35925174032134977,12.01798892073945,11.6587371804181,105.0,-2.2690235721336958,mean
1361,PCA3,15,AVAXUSDT,2026-06-26 22:44:00+00:00,2026-06-26 22:46:00+00:00,2026-06-27 02:01:00+00:00,9335.807176942059,9340.844985034662,9340.844985034662,9324.14983525775,17.338450147949413,3.732998964058482,0.25828059897001515,13.60545118389093,13.863731782860945,195.0,4.1828516886608265,mean
1359,PCA3,15,HBARUSDT,2026-06-26 22:29:00+00:00,2026-06-26 22:31:00+00:00,2026-06-27 02:46:00+00:00,9337.154830331097,9336.768940435266,9336.768940435266,9484.37452493043,52.76820263039613,3.7642286930731386,1.1551713841801936,49.003973937322996,50.15914532150319,255.0,-2.502155284901762,timeout
1362,PCA3,15,DOTUSDT,2026-06-27 00:29:00+00:00,2026-06-27 00:31:00+00:00,2026-06-27 03:16:00+00:00,9339.899823003178,9337.307483791148,9337.307483791148,9397.978192813693,13.118145467609608,3.747057135320968,0.0,9.37108833228864,9.37108833228864,165.0,-2.294806143777914,mean
1363,PCA3,15,XLMUSDT,2026-06-27 02:14:00+00:00,2026-06-27 02:16:00+00:00,2026-06-27 04:16:00+00:00,9345.642479921557,9359.76714483499,9359.76714483499,9351.285156686154,-6.195489092792555,3.7422104603042285,0.0,-9.937699553096783,-9.937699553096783,120.0,-2.537158405684102,mean
1364,PCA3,15,HBARUSDT,2026-06-27 02:59:00+00:00,2026-06-27 03:01:00+00:00,2026-06-27 05:16:00+00:00,9342.391609220318,9335.480950399975,9335.480950399975,9314.393414323207,-12.056084445152425,3.7299748729446365,0.0,-15.786059318097061,-15.786059318097061,135.0,2.2431335252108435,mean
1365,PCA3,15,XRPUSDT,2026-06-27 03:29:00+00:00,2026-06-27 03:31:00+00:00,2026-06-27 05:16:00+00:00,9341.243585514398,9343.034149654803,9343.034149654803,9320.193643798777,7.102200084152557,3.732645558690716,0.0,3.36955452546184,3.36955452546184,105.0,2.160085001290512,mean
1366,PCA3,15,SUIUSDT,2026-06-27 05:59:00+00:00,2026-06-27 06:01:00+00:00,2026-06-27 07:01:00+00:00,9343.424680158232,9345.719871469262,9345.719871469262,9326.95579070245,29.383538727346846,3.734535132434342,0.0,25.649003594912504,25.649003594912504,60.0,2.236476644867524,mean
1367,PCA3,15,DOTUSDT,2026-06-27 06:44:00+00:00,2026-06-27 06:46:00+00:00,2026-06-27 09:16:00+00:00,9344.088561079829,9351.65488451203,9351.65488451203,9295.619252448238,-6.572383962139258,3.729454827392054,0.4955790014451296,-10.301838789531311,-9.806259788086182,150.0,-2.175557206717537,mean
1368,PCA3,15,LTCUSDT,2026-06-27 08:59:00+00:00,2026-06-27 09:01:00+00:00,2026-06-27 11:31:00+00:00,9344.327784684216,9339.313636416682,9339.313636416682,9299.256979056938,6.850982993870719,3.7277141230947235,0.0,3.1232688707759957,3.1232688707759957,150.0,2.423290732239211,mean
1369,PCA3,15,SUIUSDT,2026-06-27 09:44:00+00:00,2026-06-27 09:46:00+00:00,2026-06-27 12:31:00+00:00,9343.246100517357,9350.205737063916,9350.205737063916,9357.016931705382,1.5671994177755058,3.7414445337538593,0.0,-2.174245115978354,-2.174245115978354,165.0,-2.311062483988532,mean
1370,PCA3,15,XLMUSDT,2026-06-27 11:29:00+00:00,2026-06-27 11:31:00+00:00,2026-06-27 12:46:00+00:00,9346.017697209765,9377.706173866001,9377.706173866001,9341.9778654526,66.92864102964306,3.7439368078637205,0.0,63.18470422177935,63.18470422177935,75.0,2.2718736163880227,mean
1371,PCA3,15,NEARUSDT,2026-06-27 14:59:00+00:00,2026-06-27 15:01:00+00:00,2026-06-27 18:31:00+00:00,9351.422327336571,9345.14523374807,9345.14523374807,9304.137496545462,-30.495040359331682,3.729856546058706,-0.2108459297577176,-34.224896905390395,-34.43574283514811,210.0,2.5922846737683667,mean
1372,PCA3,15,UNIUSDT,2026-06-27 15:44:00+00:00,2026-06-27 15:46:00+00:00,2026-06-27 19:16:00+00:00,9351.624590274709,9342.658212812932,9342.658212812932,9275.788615778636,-27.191519105649054,3.7236893657183137,0.23376464752402712,-30.915208471367368,-30.681443823843342,210.0,2.2292928205255476,mean
1373,PCA3,15,SUIUSDT,2026-06-27 19:59:00+00:00,2026-06-27 20:01:00+00:00,2026-06-27 22:16:00+00:00,9344.910608670672,9355.754517827478,9355.754517827478,9287.065636621666,-0.7874038728521084,3.728564030889829,0.0,-4.515967903741937,-4.515967903741937,135.0,-2.105441535114341,mean
1374,PCA3,15,NEARUSDT,2026-06-27 21:14:00+00:00,2026-06-27 21:16:00+00:00,2026-06-27 22:46:00+00:00,9343.28198077908,9340.634523802184,9340.634523802184,9230.305467740833,60.12900601254199,3.7141879983086032,0.0,56.41481801423339,56.41481801423339,90.0,2.0561462269619053,mean
1375,PCA3,15,DOTUSDT,2026-06-27 22:29:00+00:00,2026-06-27 22:31:00+00:00,2026-06-28 02:31:00+00:00,9346.934284441848,9363.977943125776,9363.977943125776,9337.529263318751,-4.685522252740894,3.7403014412889055,0.6421753532121189,-8.4258236940298,-7.783648340817681,240.0,-3.585838744293111,mean
1376,PCA3,15,NEARUSDT,2026-06-28 00:14:00+00:00,2026-06-28 00:16:00+00:00,2026-06-28 03:16:00+00:00,9350.649058752177,9356.744213873972,9356.744213873972,9320.5538813735,18.759675594009618,3.735459619049495,0.0,15.024215974960125,15.024215974960125,180.0,2.675749269070141,mean
1377,PCA3,15,TRXUSDT,2026-06-28 00:14:00+00:00,2026-06-28 00:16:00+00:00,2026-06-28 04:31:00+00:00,9350.649058752177,9352.867662809904,9352.867662809904,9345.721564152951,-17.887630998034062,3.739717845392571,0.0,-21.62734884342663,-21.62734884342663,255.0,2.265436193260643,timeout
1378,PCA3,15,BCHUSDT,2026-06-28 03:14:00+00:00,2026-06-28 03:16:00+00:00,2026-06-28 06:01:00+00:00,9350.569388868871,9340.572648944411,9340.572648944411,9335.98613810062,12.842798804854967,3.735311757409006,0.0,9.10748704744596,9.10748704744596,165.0,-2.5673327000061312,mean
1379,PCA3,15,DOTUSDT,2026-06-28 04:29:00+00:00,2026-06-28 04:31:00+00:00,2026-06-28 06:01:00+00:00,9350.148362001892,9339.718236769386,9339.718236769386,9306.30342909183,21.484548756454842,3.729204333172243,0.0,17.7553444232826,17.7553444232826,90.0,2.327685583151499,mean
1380,PCA3,15,AAVEUSDT,2026-06-28 07:29:00+00:00,2026-06-28 07:31:00+00:00,2026-06-28 11:46:00+00:00,9351.348098707866,9349.373831081066,9349.373831081066,9286.47275230297,-108.63210972639175,3.7271693166768074,-0.04647272096216712,-112.35927904306855,-112.40575176403073,255.0,-2.7631408518549505,timeout
1381,PCA3,15,SOLUSDT,2026-06-28 08:44:00+00:00,2026-06-28 08:46:00+00:00,2026-06-28 13:01:00+00:00,9350.661956980959,9355.597311092914,9355.597311092914,9309.173176131371,-11.095334686147405,3.732954097444857,0.0,-14.82828878359226,-14.82828878359226,255.0,2.919368514325543,timeout
1382,PCA3,15,LTCUSDT,2026-06-28 08:44:00+00:00,2026-06-28 08:46:00+00:00,2026-06-28 13:01:00+00:00,9350.661956980959,9363.230042218294,9363.230042218294,9348.82936489282,-35.042716153926136,3.7424118814222225,0.0,-38.78512803534836,-38.78512803534836,255.0,2.033558056038829,timeout
1383,PCA3,15,TRXUSDT,2026-06-28 12:14:00+00:00,2026-06-28 12:16:00+00:00,2026-06-28 14:46:00+00:00,9334.257565108088,9333.374528032078,9333.374528032078,9320.690161031946,2.591706828825193,3.730812937812805,0.0,-1.1391061089876118,-1.1391061089876118,150.0,2.143897862355611,mean
1384,PCA3,15,LINKUSDT,2026-06-28 15:29:00+00:00,2026-06-28 15:31:00+00:00,2026-06-28 16:46:00+00:00,9334.632271238672,9334.902100004741,9334.902100004741,9246.543057923862,17.53918689402062,3.716289031585721,-0.014300318990203025,13.8228978624349,13.808597543444696,75.0,2.1951129026503953,mean
1386,PCA3,15,NEARUSDT,2026-06-28 17:59:00+00:00,2026-06-28 18:01:00+00:00,2026-06-28 20:01:00+00:00,9336.083394743606,9324.745298850461,9324.745298850461,9328.143128188498,32.321919872799576,3.730577685407792,0.0,28.591342187391785,28.591342187391785,120.0,-2.1252284526008913,mean
1385,PCA3,15,DOTUSDT,2026-06-28 16:29:00+00:00,2026-06-28 16:31:00+00:00,2026-06-28 20:46:00+00:00,9335.13716972749,9324.956973272867,9324.956973272867,9343.61356448946,-24.517432854880077,3.7337141075524656,0.0,-28.251146962432543,-28.251146962432543,255.0,2.183848058207868,timeout
1387,PCA3,15,AVAXUSDT,2026-06-28 20:14:00+00:00,2026-06-28 20:16:00+00:00,2026-06-28 22:01:00+00:00,9337.543078423521,9343.841580261476,9343.841580261476,9297.851324170671,15.720717358202734,3.7283385808864296,0.0,11.992378777316304,11.992378777316304,105.0,2.1320055139991587,mean
1388,PCA3,15,SOLUSDT,2026-06-28 20:44:00+00:00,2026-06-28 20:46:00+00:00,2026-06-28 22:16:00+00:00,9333.026779075239,9328.794213962223,9328.794213962223,9341.312996059123,24.181989700227106,3.734021442004269,0.0,20.447968258222836,20.447968258222836,90.0,-2.3376614922502608,mean
1390,PCA3,15,DOGEUSDT,2026-06-29 04:29:00+00:00,2026-06-29 04:31:00+00:00,2026-06-29 06:01:00+00:00,9337.212087230248,9332.595137655933,9332.595137655933,9358.913899949666,10.873268131786404,3.73830180752112,0.0,7.134966324265283,7.134966324265283,90.0,-2.3214763660063227,mean
1389,PCA3,15,BCHUSDT,2026-06-29 04:14:00+00:00,2026-06-29 04:16:00+00:00,2026-06-29 08:31:00+00:00,9339.291185219066,9332.032594458386,9332.032594458386,9353.678052807254,-59.4316190029176,3.7371421294531286,-0.277737428365241,-63.16876113237073,-63.446498560735975,255.0,2.010519338800952,timeout
1391,PCA3,15,AVAXUSDT,2026-06-29 07:14:00+00:00,2026-06-29 07:16:00+00:00,2026-06-29 08:31:00+00:00,9334.079614881965,9353.558286553658,9353.558286553658,9304.233359366612,13.804778562974555,3.731558329184054,-0.24022984272130007,10.0732202337905,9.8329903910692,75.0,-2.0046888233069726,mean
1392,PCA3,15,SOLUSDT,2026-06-29 08:44:00+00:00,2026-06-29 08:46:00+00:00,2026-06-29 11:16:00+00:00,9334.64333103453,9336.196826612626,9336.196826612626,9324.67473029922,15.334172432482776,3.7321743113823693,0.0,11.601998121100406,11.601998121100406,150.0,2.5292703119457647,mean
1394,PCA3,15,TRXUSDT,2026-06-29 11:59:00+00:00,2026-06-29 12:01:00+00:00,2026-06-29 14:16:00+00:00,9335.661575268214,9321.574218192443,9321.574218192443,9306.55563725081,13.569394109085199,3.7256259710886503,0.0,9.843768137996548,9.843768137996548,135.0,-2.1309762782341486,mean
1393,PCA3,15,XRPUSDT,2026-06-29 11:29:00+00:00,2026-06-29 11:31:00+00:00,2026-06-29 15:46:00+00:00,9335.803530846639,9329.923094194775,9329.923094194775,9330.779949040596,33.6389304500075,3.7321406086470743,0.0,29.906789841360425,29.906789841360425,255.0,2.0758555495425832,timeout
1395,PCA3,15,BTCUSDT,2026-06-29 13:44:00+00:00,2026-06-29 13:46:00+00:00,2026-06-29 15:46:00+00:00,9337.94683492278,9349.040920392024,9349.040920392024,9389.572698212742,1.2776731633081304,3.7477227237209534,0.0,-2.470049560412823,-2.470049560412823,120.0,-2.2579058387486115,mean
1396,PCA3,15,SOLUSDT,2026-06-29 15:29:00+00:00,2026-06-29 15:31:00+00:00,2026-06-29 16:16:00+00:00,9338.833520342792,9368.721037924599,9368.721037924599,9337.94830171054,48.54723466839878,3.741333867927027,0.0029889366099939783,44.805900800471754,44.80888973708175,45.0,2.388174815278745,mean
1397,PCA3,15,AVAXUSDT,2026-06-29 15:59:00+00:00,2026-06-29 16:01:00+00:00,2026-06-29 17:31:00+00:00,9342.672277299445,9345.007325717877,9345.007325717877,9521.919086596174,23.683497787969934,3.7733852824628107,0.0,19.910112505507122,19.910112505507122,90.0,2.0239465879686573,mean
1398,PCA3,15,BNBUSDT,2026-06-29 16:59:00+00:00,2026-06-29 17:01:00+00:00,2026-06-29 20:46:00+00:00,9343.68586809746,9347.03265915105,9347.03265915105,9428.633450965517,12.693024693422116,3.7551332220233133,0.0,8.937891471398803,8.937891471398803,225.0,2.7269951097147453,mean
1399,PCA3,15,ETHUSDT,2026-06-29 17:14:00+00:00,2026-06-29 17:16:00+00:00,2026-06-29 21:01:00+00:00,9344.856600542518,9381.68045734878,9381.68045734878,9333.194299942565,-7.177409217321029,3.742974951458269,0.0,-10.920384168779297,-10.920384168779297,225.0,3.578652314447307,mean
1400,PCA3,15,UNIUSDT,2026-06-29 17:44:00+00:00,2026-06-29 17:46:00+00:00,2026-06-29 22:01:00+00:00,9346.094155221757,9350.018530957039,9350.018530957039,9249.301139546404,-62.14048951073118,3.7198639341006885,0.0,-65.86035344483186,-65.86035344483186,255.0,-2.6125553528999235,timeout
1401,PCA3,15,UNIUSDT,2026-06-29 22:29:00+00:00,2026-06-29 22:31:00+00:00,2026-06-30 01:16:00+00:00,9339.219197298573,9341.668485137288,9341.668485137288,9184.366431100394,-32.26169847706835,3.7052069832475363,0.2317410754498504,-35.966905460315886,-35.73516438486603,165.0,-2.147480215536006,mean
1403,PCA3,15,TRXUSDT,2026-06-30 01:14:00+00:00,2026-06-30 01:16:00+00:00,2026-06-30 02:46:00+00:00,9335.639837903449,9337.854041245528,9337.854041245528,9361.762375863445,1.845961934808288,3.7399232834217946,0.0,-1.8939613486135063,-1.8939613486135063,90.0,-2.0158459993555113,mean
1402,PCA3,15,LINKUSDT,2026-06-30 00:29:00+00:00,2026-06-30 00:31:00+00:00,2026-06-30 03:16:00+00:00,9334.87237764661,9321.226838339917,9321.226838339917,9311.559014065448,2.567348674481022,3.7265571704810725,0.0,-1.1592084960000506,-1.1592084960000506,165.0,-2.1343189740841004,mean
1404,PCA3,15,XLMUSDT,2026-06-30 01:44:00+00:00,2026-06-30 01:46:00+00:00,2026-06-30 06:01:00+00:00,9336.235969353014,9345.477212726468,9345.477212726468,9557.94934837568,-198.364550107234,3.780685312220429,0.0,-202.14523541945445,-202.14523541945445,255.0,2.1492866401988464,timeout
1405,PCA3,15,XLMUSDT,2026-06-30 06:14:00+00:00,2026-06-30 06:16:00+00:00,2026-06-30 07:01:00+00:00,9315.125840333678,9318.737295271723,9318.737295271723,9244.701007482725,76.66706916286435,3.71268766055089,0.0,72.95438150231347,72.95438150231347,45.0,3.097797927167574,mean
1406,PCA3,15,XLMUSDT,2026-06-30 07:44:00+00:00,2026-06-30 07:46:00+00:00,2026-06-30 11:31:00+00:00,9322.42127848391,9319.373928254401,9319.373928254401,9211.577135701124,-36.06605728038554,3.706190212791105,1.2337523547079783,-39.77224749317665,-38.53849513846867,225.0,-2.0077201442193267,mean
1407,PCA3,15,BCHUSDT,2026-06-30 08:14:00+00:00,2026-06-30 08:16:00+00:00,2026-06-30 11:31:00+00:00,9322.956482847221,9321.941979749725,9321.941979749725,9262.372351354426,8.332264268968913,3.71686286622083,0.0,4.615401402748083,4.615401402748083,195.0,2.3551457312565867,mean
1408,PCA3,15,UNIUSDT,2026-06-30 08:44:00+00:00,2026-06-30 08:46:00+00:00,2026-06-30 12:31:00+00:00,9325.130569076753,9305.00463661444,9305.00463661444,9181.467640843426,-15.652529416186729,3.697294455491573,0.0,-19.349823871678304,-19.349823871678304,225.0,-2.700154636681594,mean
1409,PCA3,15,DOGEUSDT,2026-06-30 11:59:00+00:00,2026-06-30 12:01:00+00:00,2026-06-30 15:16:00+00:00,9316.234019760825,9293.298765982707,9293.298765982707,9204.85734916116,-16.474095558980387,3.6996312230287733,0.0,-20.17372678200916,-20.17372678200916,195.0,-2.754906599206906,mean
1410,PCA3,15,DOTUSDT,2026-06-30 12:44:00+00:00,2026-06-30 12:46:00+00:00,2026-06-30 16:31:00+00:00,9311.765905438193,9307.981748094748,9307.981748094748,9320.812529019493,-8.790876372966977,3.725758855422848,-0.34951633329044757,-12.516635228389825,-12.866151561680272,225.0,2.3832397037860726,mean
1411,PCA3,15,NEARUSDT,2026-06-30 13:14:00+00:00,2026-06-30 13:16:00+00:00,2026-06-30 16:46:00+00:00,9315.359701121739,9338.762595268698,9338.762595268698,9441.806669460018,31.59914574291517,3.7561138529457434,-0.2612182986051844,27.843031889969428,27.581813591364245,210.0,-2.73382602106895,mean
1413,PCA3,15,BCHUSDT,2026-06-30 16:44:00+00:00,2026-06-30 16:46:00+00:00,2026-06-30 17:46:00+00:00,9313.708185593225,9325.205578439822,9325.205578439822,9292.795452669361,43.156598052115974,3.7236002062218367,0.0,39.432997845894135,39.432997845894135,60.0,3.1382922223928076,mean
1414,PCA3,15,TRXUSDT,2026-06-30 16:59:00+00:00,2026-06-30 17:01:00+00:00,2026-06-30 19:31:00+00:00,9311.236368463487,9310.4925027892,9310.4925027892,9338.832666946897,8.68794471062163,3.7298650339472195,0.0,4.958079676674411,4.958079676674411,150.0,-3.2520439759618642,mean
1412,PCA3,15,XLMUSDT,2026-06-30 15:29:00+00:00,2026-06-30 15:31:00+00:00,2026-06-30 19:46:00+00:00,9311.526739288884,9311.979886500656,9311.979886500656,9455.64446216922,-69.32676432081982,3.7535248697339756,-0.29936020773469546,-73.08028919055378,-73.37964939828848,255.0,2.5292125718497886,timeout
1416,PCA3,15,FILUSDT,2026-06-30 19:44:00+00:00,2026-06-30 19:46:00+00:00,2026-06-30 20:31:00+00:00,9315.33030229643,9267.188650859469,9267.188650859469,9227.006144833913,10.651492895572611,3.6988389591386763,0.0,6.952653936433935,6.952653936433935,45.0,2.856917811165984,mean
1415,PCA3,15,HBARUSDT,2026-06-30 17:59:00+00:00,2026-06-30 18:01:00+00:00,2026-06-30 21:16:00+00:00,9320.0411141524,9306.791851917327,9306.791851917327,9345.689004505733,28.56116468252861,3.7304961712846123,0.0,24.830668511243996,24.830668511243996,195.0,-3.489720010594597,mean
1417,PCA3,15,XLMUSDT,2026-06-30 23:44:00+00:00,2026-06-30 23:46:00+00:00,2026-06-30 23:59:00+00:00,9316.827655305131,9330.402468199256,9330.402468199256,9359.874581553926,-17.748577568799302,3.7380554099506362,0.0,-21.486632978749938,-21.486632978749938,13.0,2.350405380421992,period_boundary
1418,PCA3,15,XLMUSDT,2026-07-01 00:14:00+00:00,2026-07-01 00:16:00+00:00,2026-07-01 03:01:00+00:00,9314.678992007257,9303.956202182675,9303.956202182675,9691.697193762988,-277.73871610134694,3.7991306791891324,0.0,-281.5378467805361,-281.5378467805361,165.0,4.1052637234481795,stop
1420,PCA3,15,NEARUSDT,2026-07-01 01:14:00+00:00,2026-07-01 01:16:00+00:00,2026-07-01 03:01:00+00:00,9308.173662407307,9335.330456189091,9335.330456189091,9607.515733007804,58.909235287817765,3.7885692378393783,0.0,55.12066604997839,55.12066604997839,105.0,-2.275694661796858,mean
1421,PCA3,15,XLMUSDT,2026-07-01 03:14:00+00:00,2026-07-01 03:16:00+00:00,2026-07-01 04:16:00+00:00,9290.408412304645,9300.921658069405,9300.921658069405,9295.137804366583,71.22688197072246,3.719211892487197,0.0,67.50767007823526,67.50767007823526,60.0,3.3111250706379485,mean
1422,PCA3,15,LTCUSDT,2026-07-01 03:14:00+00:00,2026-07-01 03:16:00+00:00,2026-07-01 04:31:00+00:00,9290.408412304645,9292.319907984067,9292.319907984067,9331.539204469742,33.12727188534032,3.7247718224907618,0.0,29.40250006284956,29.40250006284956,75.0,2.038935468691869,mean
1419,PCA3,15,XRPUSDT,2026-07-01 00:44:00+00:00,2026-07-01 00:46:00+00:00,2026-07-01 05:01:00+00:00,9306.28446218005,9306.530236401493,9306.530236401493,9465.751579065498,-18.08082290335577,3.7544563630933987,0.0,-21.835279266449167,-21.835279266449167,255.0,-2.432680711719574,timeout
1424,PCA3,15,XLMUSDT,2026-07-01 05:14:00+00:00,2026-07-01 05:16:00+00:00,2026-07-01 06:31:00+00:00,9300.386978938814,9308.94131230595,9308.94131230595,9294.68097800875,54.31651537409938,3.7207244580629393,0.0,50.59579091603644,50.59579091603644,75.0,-2.128887634649959,mean
1423,PCA3,15,ADAUSDT,2026-07-01 04:29:00+00:00,2026-07-01 04:31:00+00:00,2026-07-01 08:31:00+00:00,9299.441809756547,9274.26366605586,9274.26366605586,9135.544836193272,-4.386774829990927,3.6819617004498264,0.29932337129338876,-8.068736530440752,-7.769413159147363,240.0,8.565982407037493,mean
1426,PCA3,15,HBARUSDT,2026-07-01 07:14:00+00:00,2026-07-01 07:16:00+00:00,2026-07-01 09:01:00+00:00,9302.1349827053,9297.849259191104,9297.849259191104,9359.28162328222,29.32678019915049,3.731426176494665,0.15917090793999691,25.595354022655826,25.754524930595824,105.0,-3.0330714171442557,mean
1425,PCA3,15,DOTUSDT,2026-07-01 06:59:00+00:00,2026-07-01 07:01:00+00:00,2026-07-01 09:31:00+00:00,9303.033510251003,9306.671904892495,9306.671904892495,9336.067260795351,7.293638003965864,3.7285478331375694,0.21224161709255798,3.5650901708282943,3.7773317879208523,150.0,2.0716630926187967,mean
1429,PCA3,15,BCHUSDT,2026-07-01 10:29:00+00:00,2026-07-01 10:31:00+00:00,2026-07-01 12:01:00+00:00,9306.92262917604,9305.18604133232,9305.18604133232,9255.473480807044,38.16461988307727,3.712131904427873,0.0,34.452487978649394,34.452487978649394,90.0,2.0075094413097827,mean
1428,PCA3,15,BNBUSDT,2026-07-01 10:14:00+00:00,2026-07-01 10:16:00+00:00,2026-07-01 12:31:00+00:00,9306.532398263362,9305.612602056743,9305.612602056743,9272.68047060357,7.173690054799234,3.7156586145320625,0.0,3.4580314402671717,3.4580314402671717,135.0,-2.2241627963961217,mean
1427,PCA3,15,UNIUSDT,2026-07-01 08:44:00+00:00,2026-07-01 08:46:00+00:00,2026-07-01 13:01:00+00:00,9305.948734660551,9303.156952736857,9303.156952736857,9265.04328745789,-16.51613448787362,3.7136400480389495,0.0,-20.229774535912572,-20.229774535912572,255.0,-3.130706501080235,timeout
1430,PCA3,15,LTCUSDT,2026-07-01 12:29:00+00:00,2026-07-01 12:31:00+00:00,2026-07-01 15:16:00+00:00,9308.381371292051,9298.387157922029,9298.387157922029,9488.773015658015,-20.299531810884446,3.7574320347160084,0.0,-24.056963845600453,-24.056963845600453,165.0,-2.338808042037189,mean
1432,PCA3,15,DOGEUSDT,2026-07-01 13:29:00+00:00,2026-07-01 13:31:00+00:00,2026-07-01 15:31:00+00:00,9304.313062407577,9271.535914769738,9271.535914769738,9515.447217145806,6.874773726603619,3.7573966263831085,0.0,3.117377100220511,3.117377100220511,120.0,2.021378669071969,mean
1431,PCA3,15,ADAUSDT,2026-07-01 12:44:00+00:00,2026-07-01 12:46:00+00:00,2026-07-01 17:01:00+00:00,9306.806836108766,9302.882646207076,9302.882646207076,9506.377247813465,0.7720764634263368,3.761851978804108,0.1853665691932818,-2.9897755153777714,-2.8044089461844894,255.0,3.4049213956708475,timeout
1433,PCA3,15,BCHUSDT,2026-07-01 15:29:00+00:00,2026-07-01 15:31:00+00:00,2026-07-01 17:16:00+00:00,9303.091265373401,9312.330961444935,9312.330961444935,9137.39229684732,110.24184482288469,3.6899446516584513,-0.22684413737825745,106.55190017122624,106.32505603384799,105.0,6.089106049688003,mean
1434,PCA3,15,HBARUSDT,2026-07-01 15:44:00+00:00,2026-07-01 15:46:00+00:00,2026-07-01 19:31:00+00:00,9312.29552908769,9307.336600821765,9307.336600821765,9286.737404545165,-32.25089372714647,3.7188148010733864,0.10617541555678364,-35.969708528219854,-35.86353311266307,225.0,3.636926716215006,mean
1435,PCA3,15,ADAUSDT,2026-07-01 17:29:00+00:00,2026-07-01 17:31:00+00:00,2026-07-01 20:16:00+00:00,9314.225450181291,9321.715315379619,9321.715315379619,9254.114643116241,-16.854739849663034,3.7151659916991715,0.0,-20.569905841362207,-20.569905841362207,165.0,-2.066800276947798,mean
1437,PCA3,15,ADAUSDT,2026-07-01 21:44:00+00:00,2026-07-01 21:46:00+00:00,2026-07-02 00:16:00+00:00,9310.492139702705,9317.181333440874,9317.181333440874,9130.59034155097,44.54153099259016,3.689554334998369,0.4979940406264985,40.85197665759179,41.34997069821829,150.0,2.362388860891581,mean
1438,PCA3,15,LINKUSDT,2026-07-01 22:44:00+00:00,2026-07-01 22:46:00+00:00,2026-07-02 00:16:00+00:00,9311.883816747606,9305.048598232535,9305.048598232535,9197.831801689219,16.467274438765703,3.7005760799843506,0.1210848218691409,12.766698358781351,12.887783180650493,90.0,2.008612765860676,mean
1436,PCA3,15,LTCUSDT,2026-07-01 21:29:00+00:00,2026-07-01 21:31:00+00:00,2026-07-02 00:31:00+00:00,9311.163423096332,9328.744162721432,9328.744162721432,9180.428861444194,5.752436424362007,3.7018346048331248,0.2425276920509208,2.0506018195288824,2.2931295115798034,180.0,2.3220746244969312,mean
1439,PCA3,15,XLMUSDT,2026-07-02 00:29:00+00:00,2026-07-02 00:31:00+00:00,2026-07-02 02:16:00+00:00,9317.170490290677,9318.073721404999,9318.073721404999,9481.802242283815,16.889548802786237,3.7599751927377625,0.0,13.129573610048475,13.129573610048475,105.0,-2.1744007057474763,mean
1442,PCA3,15,LINKUSDT,2026-07-02 02:29:00+00:00,2026-07-02 02:31:00+00:00,2026-07-02 03:16:00+00:00,9316.92398397552,9316.904461183487,9316.904461183487,9336.19152211491,8.409787928661018,3.7306191966596796,0.0,4.679168732001338,4.679168732001338,45.0,-2.110566864540359,mean
1440,PCA3,15,BCHUSDT,2026-07-02 00:59:00+00:00,2026-07-02 01:01:00+00:00,2026-07-02 03:46:00+00:00,9316.273667272304,9315.782192565233,9315.782192565233,9427.702878168675,30.0768106784691,3.7486970141467815,0.0,26.32811366432232,26.32811366432232,165.0,2.2001269880223595,mean
1441,PCA3,15,HBARUSDT,2026-07-02 00:59:00+00:00,2026-07-02 01:01:00+00:00,2026-07-02 04:16:00+00:00,9316.273667272304,9315.482121937252,9315.482121937252,9468.25475682556,17.39915923599877,3.7567473757525622,0.0,13.642411860246208,13.642411860246208,195.0,2.193861221108091,mean
1444,PCA3,15,BTCUSDT,2026-07-02 03:59:00+00:00,2026-07-02 04:01:00+00:00,2026-07-02 06:01:00+00:00,9321.42320257384,9304.413320198993,9304.413320198993,9241.70030429297,4.917329643901809,3.7092227248983924,0.0,1.2081069190034164,1.2081069190034164,120.0,2.2681075734710907,mean
1443,PCA3,15,LINKUSDT,2026-07-02 03:44:00+00:00,2026-07-02 03:46:00+00:00,2026-07-02 07:01:00+00:00,9321.78946588997,9315.227898998854,9315.227898998854,9241.679339828144,3.4655888142292164,3.7113814477653992,0.0,-0.24579263353618286,-0.24579263353618286,195.0,2.5584053442267742,mean
1446,PCA3,15,BTCUSDT,2026-07-02 07:44:00+00:00,2026-07-02 07:46:00+00:00,2026-07-02 09:16:00+00:00,9319.728806020501,9320.442032440798,9320.442032440798,9357.69234214677,11.517887253636944,3.7356268749175143,-0.38478182802722305,7.782260378719431,7.397478550692208,90.0,-2.3873144024710737,mean
1445,PCA3,15,FILUSDT,2026-07-02 06:29:00+00:00,2026-07-02 06:31:00+00:00,2026-07-02 09:46:00+00:00,9322.41408067954,9332.87101263588,9332.87101263588,9462.647312926902,-43.7792809982245,3.759103665112556,-0.38211318917608095,-47.538384663337055,-47.92049785251314,195.0,2.2283776760737797,mean
1447,PCA3,15,TRXUSDT,2026-07-02 08:14:00+00:00,2026-07-02 08:16:00+00:00,2026-07-02 09:46:00+00:00,9319.6282940342,9322.65684771428,9322.65684771428,9364.352596532508,56.376027776761134,3.737401888849357,0.0,52.63862588791178,52.63862588791178,90.0,2.519879349924869,mean
1448,PCA3,15,XRPUSDT,2026-07-02 09:44:00+00:00,2026-07-02 09:46:00+00:00,2026-07-02 10:16:00+00:00,9324.838849441228,9305.129631039994,9305.129631039994,9312.953889889639,30.299999100457175,3.7236167041859263,0.0,26.57638239627125,26.57638239627125,30.0,2.8985043952440686,mean
1450,PCA3,15,FILUSDT,2026-07-02 10:14:00+00:00,2026-07-02 10:16:00+00:00,2026-07-02 10:46:00+00:00,9326.803766513394,9313.87850665115,9313.87850665115,9301.130537561505,34.95946705620259,3.7230018088425307,0.0,31.236465247360062,31.236465247360062,30.0,3.0132902594260127,mean
1449,PCA3,15,LINKUSDT,2026-07-02 10:14:00+00:00,2026-07-02 10:16:00+00:00,2026-07-02 11:16:00+00:00,9326.803766513394,9323.548340209338,9323.548340209338,9371.219865434941,14.638321384721218,3.7389536411288553,0.0,10.899367743592363,10.899367743592363,60.0,3.1556980657190556,mean
1452,PCA3,15,DOTUSDT,2026-07-02 10:59:00+00:00,2026-07-02 11:01:00+00:00,2026-07-02 13:31:00+00:00,9326.057916736847,9313.491490230865,9313.491490230865,9424.75718024346,7.582482004469896,3.747649734094865,0.0,3.834832270375031,3.834832270375031,150.0,-2.4700166690021574,mean
1453,PCA3,15,UNIUSDT,2026-07-02 11:29:00+00:00,2026-07-02 11:31:00+00:00,2026-07-02 14:31:00+00:00,9324.167821635296,9368.262932051648,9368.262932051648,9692.561418516563,-284.9361593510068,3.812164870113642,0.0,-288.7483242211204,-288.7483242211204,180.0,4.61151682277221,stop
1451,PCA3,15,SOLUSDT,2026-07-02 10:44:00+00:00,2026-07-02 10:46:00+00:00,2026-07-02 15:01:00+00:00,9330.144786052499,9340.173080536495,9340.173080536495,9375.264381245352,101.23582492896911,3.743087492356369,0.0,97.49273743661274,97.49273743661274,255.0,4.370639817281768,timeout
1456,PCA3,15,SOLUSDT,2026-07-02 15:14:00+00:00,2026-07-02 15:16:00+00:00,2026-07-02 16:31:00+00:00,9311.855495720962,9313.372487192702,9313.372487192702,9310.1046820077,19.266971500524434,3.7246954338400804,0.011721182486503374,15.542276066684353,15.553997249170857,75.0,-3.080215201419479,mean
1454,PCA3,15,ETHUSDT,2026-07-02 13:44:00+00:00,2026-07-02 13:46:00+00:00,2026-07-02 17:16:00+00:00,9315.828451952419,9298.081391520134,9298.081391520134,9245.402061594126,-9.300785905014948,3.708696690622852,0.18538564974932306,-13.009482595637799,-12.824096945888476,210.0,6.913335868232085,mean
1455,PCA3,15,UNIUSDT,2026-07-02 14:44:00+00:00,2026-07-02 14:46:00+00:00,2026-07-02 19:01:00+00:00,9310.2942557505,9328.959536674927,9328.959536674927,9418.444375043191,-95.95852335300826,3.7494807823436234,0.08701053173024266,-99.70800413535189,-99.62099360362164,255.0,3.4811016794923995,timeout
1458,PCA3,15,BCHUSDT,2026-07-02 17:44:00+00:00,2026-07-02 17:46:00+00:00,2026-07-02 19:01:00+00:00,9300.579741101039,9294.947744502459,9294.947744502459,9266.598429487576,23.515616503606317,3.712309234798007,0.0,19.80330726880831,19.80330726880831,75.0,2.6458636731913145,mean
1457,PCA3,15,DOTUSDT,2026-07-02 17:29:00+00:00,2026-07-02 17:31:00+00:00,2026-07-02 19:16:00+00:00,9298.434001091937,9289.510825152678,9289.510825152678,9258.89801388036,8.826445149353248,3.709681767806608,0.0,5.116763381546639,5.116763381546639,105.0,-2.0584043861603076,mean
1459,PCA3,15,HBARUSDT,2026-07-02 19:14:00+00:00,2026-07-02 19:16:00+00:00,2026-07-02 23:31:00+00:00,9304.90628366503,9290.46231371476,9290.46231371476,9158.16939367512,-131.52239302962002,3.689726341477976,0.0,-135.212119371098,-135.212119371098,255.0,-2.253304697461091,timeout
1460,PCA3,15,ADAUSDT,2026-07-02 20:14:00+00:00,2026-07-02 20:16:00+00:00,2026-07-03 00:01:00+00:00,9301.699625647065,9309.856870986805,9309.856870986805,9337.468036323506,-36.25818290432383,3.729464981462062,0.6057544222280207,-39.98764788578589,-39.38189346355787,225.0,2.0391071741662574,mean
1461,PCA3,15,AVAXUSDT,2026-07-02 22:29:00+00:00,2026-07-02 22:31:00+00:00,2026-07-03 00:46:00+00:00,9291.157429507319,9291.668897019037,9291.668897019037,9290.447371047436,14.507429514052426,3.7164232536132946,-0.5542772976679718,10.791006260439131,10.23672896277116,135.0,2.340856435391262,mean
1462,PCA3,15,HBARUSDT,2026-07-02 23:44:00+00:00,2026-07-02 23:46:00+00:00,2026-07-03 01:01:00+00:00,9286.96305053872,9297.955287464287,9297.955287464287,9282.294145353782,24.850955703062624,3.7160498865636136,0.5983217773771498,21.13490581649901,21.733227593876162,75.0,-2.217897227890905,mean
1464,PCA3,15,HBARUSDT,2026-07-03 01:59:00+00:00,2026-07-03 02:01:00+00:00,2026-07-03 02:31:00+00:00,9288.750744638988,9294.27424502595,9294.27424502595,9207.15154511025,41.54817894063562,3.7002851580272402,0.0,37.84789378260838,37.84789378260838,30.0,2.069583121538625,mean
1463,PCA3,15,ADAUSDT,2026-07-03 01:29:00+00:00,2026-07-03 01:31:00+00:00,2026-07-03 04:31:00+00:00,9290.571868503705,9302.020991905378,9302.020991905378,9276.90850592778,-8.158887677403897,3.7157858995666313,0.0,-11.874673576970528,-11.874673576970528,180.0,2.8837546641476544,mean
1465,PCA3,15,SUIUSDT,2026-07-03 03:44:00+00:00,2026-07-03 03:46:00+00:00,2026-07-03 05:31:00+00:00,9288.211537915126,9294.221704845573,9294.221704845573,9274.077664747896,28.642525556018153,3.713659873918694,0.0,24.92886568209946,24.92886568209946,105.0,2.048987508615891,mean
1466,PCA3,15,LTCUSDT,2026-07-03 03:59:00+00:00,2026-07-03 04:01:00+00:00,2026-07-03 07:31:00+00:00,9287.847606885192,9288.782535206408,9288.782535206408,9321.862953124297,2.6590840344555224,3.722129097666141,0.0,-1.0630450632106188,-1.0630450632106188,210.0,-2.57304992773031,mean
1468,PCA3,15,ADAUSDT,2026-07-03 05:44:00+00:00,2026-07-03 05:46:00+00:00,2026-07-03 07:46:00+00:00,9295.822373919451,9298.09956134154,9298.09956134154,9349.516936124492,28.131227438850697,3.729523299493206,0.0,24.40170413935749,24.40170413935749,120.0,-2.9028140845400126,mean
1467,PCA3,15,XRPUSDT,2026-07-03 05:14:00+00:00,2026-07-03 05:16:00+00:00,2026-07-03 08:16:00+00:00,9296.30333663508,9296.79553688446,9296.79553688446,9337.99346228999,-1.2819838278635252,3.7269577998348904,-0.020802340680332168,-5.008941627698416,-5.029743968378749,180.0,2.317501829633197,mean
1469,PCA3,15,ADAUSDT,2026-07-03 08:59:00+00:00,2026-07-03 09:01:00+00:00,2026-07-03 10:31:00+00:00,9297.492968603254,9293.874183152206,9293.874183152206,9330.185236341016,13.974733744716726,3.724811883898644,0.0,10.24992186081808,10.24992186081808,90.0,2.1907045717426157,mean
1470,PCA3,15,ETHUSDT,2026-07-03 10:44:00+00:00,2026-07-03 10:46:00+00:00,2026-07-03 12:01:00+00:00,9298.517960789335,9277.505648979799,9277.505648979799,9292.61048621259,15.443290324144881,3.714023227038478,0.0,11.729267097106405,11.729267097106405,75.0,2.015536473783391,mean
1472,PCA3,15,SUIUSDT,2026-07-03 12:59:00+00:00,2026-07-03 13:01:00+00:00,2026-07-03 13:31:00+00:00,9297.791318541917,9303.897849721177,9303.897849721177,9295.367699925358,30.75802162809874,3.7198531099293075,0.0,27.03816851816943,27.03816851816943,30.0,2.427946602616631,mean
1471,PCA3,15,NEARUSDT,2026-07-03 12:29:00+00:00,2026-07-03 12:31:00+00:00,2026-07-03 15:16:00+00:00,9299.690887499046,9296.174727707452,9296.174727707452,9398.329466794703,-31.90919442476319,3.7389008389004306,0.0,-35.64809526366362,-35.64809526366362,165.0,2.475871263021306,mean
1473,PCA3,15,LINKUSDT,2026-07-03 13:14:00+00:00,2026-07-03 13:16:00+00:00,2026-07-03 16:31:00+00:00,9295.440595011645,9294.170084991389,9294.170084991389,9313.049911319291,-3.4870132778356666,3.721443999262136,-0.25371377160537506,-7.2084572770978035,-7.462171048703179,195.0,-2.2601903287756118,mean
1475,PCA3,15,XRPUSDT,2026-07-03 15:29:00+00:00,2026-07-03 15:31:00+00:00,2026-07-03 17:01:00+00:00,9296.111621837845,9288.673673243879,9288.673673243879,9274.282332775178,18.80313059660428,3.7125912012038116,-0.05230382775732168,15.090539395400468,15.038235567643145,90.0,3.0961371993671833,mean
1474,PCA3,15,AVAXUSDT,2026-07-03 13:59:00+00:00,2026-07-03 14:01:00+00:00,2026-07-03 17:16:00+00:00,9291.317125874946,9269.339499752805,9269.339499752805,9297.117336229616,-5.953476148392113,3.713291367196484,0.12154109428203817,-9.666767515588598,-9.545226421306559,195.0,-2.1920564603546686,mean
1476,PCA3,15,ADAUSDT,2026-07-03 16:44:00+00:00,2026-07-03 16:46:00+00:00,2026-07-03 21:01:00+00:00,9297.125923040836,9285.763570731779,9285.763570731779,9611.510042172591,-167.5266455832682,3.779454722580874,0.0,-171.30610030584907,-171.30610030584907,255.0,2.8358580696147433,timeout
1477,PCA3,15,NEARUSDT,2026-07-03 17:14:00+00:00,2026-07-03 17:16:00+00:00,2026-07-03 21:31:00+00:00,9291.734289008258,9292.76555286161,9292.76555286161,9384.535577062103,-27.130269248036672,3.7354602259847427,0.0,-30.865729474021418,-30.865729474021418,255.0,-2.9038226784232655,timeout
1478,PCA3,15,AAVEUSDT,2026-07-03 18:29:00+00:00,2026-07-03 18:31:00+00:00,2026-07-03 22:16:00+00:00,9284.837591055908,9280.91255617101,9280.91255617101,9316.997371734442,-57.56811938186718,3.7195819855810903,0.0,-61.287701367448264,-61.287701367448264,225.0,-2.126698487676472,mean
1479,PCA3,15,LTCUSDT,2026-07-03 21:14:00+00:00,2026-07-03 21:16:00+00:00,2026-07-03 22:46:00+00:00,9268.349747586828,9269.193952770951,9269.193952770951,9211.982641788072,26.16377217693924,3.6962353189118047,0.0,22.467536858027437,22.467536858027437,90.0,3.495565611038143,mean
1480,PCA3,15,ADAUSDT,2026-07-03 21:59:00+00:00,2026-07-03 22:01:00+00:00,2026-07-03 23:01:00+00:00,9271.557308894635,9270.2724671678,9270.2724671678,9296.7041832712,61.52390568857049,3.7133953300878004,0.0,57.81051035848269,57.81051035848269,60.0,-2.093628966155932,mean
1481,PCA3,15,XRPUSDT,2026-07-03 22:29:00+00:00,2026-07-03 22:31:00+00:00,2026-07-03 23:16:00+00:00,9275.478800915187,9272.644690716206,9272.644690716206,9262.21397798928,22.749836333596097,3.7069717337410975,0.0,19.042864599854997,19.042864599854997,45.0,-2.126969261807619,mean
1482,PCA3,15,TRXUSDT,2026-07-03 23:29:00+00:00,2026-07-03 23:31:00+00:00,2026-07-04 03:16:00+00:00,9282.219116701164,9283.313412916412,9283.313412916412,9265.564915964242,-21.765655678367715,3.7097756657761307,0.10473945771301099,-25.475431344143846,-25.370691886430834,225.0,2.266167634612363,mean
1484,PCA3,15,LTCUSDT,2026-07-04 01:29:00+00:00,2026-07-04 01:31:00+00:00,2026-07-04 03:46:00+00:00,9277.842775545421,9277.77152305748,9277.77152305748,9316.323667470953,10.231883481505026,3.7188190381056865,0.0,6.51306444339934,6.51306444339934,135.0,-2.4630736942439895,mean
1483,PCA3,15,XRPUSDT,2026-07-04 00:44:00+00:00,2026-07-04 00:46:00+00:00,2026-07-04 04:01:00+00:00,9281.208776319314,9283.94745855433,9283.94745855433,9271.021239163267,-5.590584106365052,3.710993739543519,0.0,-9.301577845908572,-9.301577845908572,195.0,2.805506097920391,mean
1485,PCA3,15,SOLUSDT,2026-07-04 04:44:00+00:00,2026-07-04 04:46:00+00:00,2026-07-04 06:46:00+00:00,9279.403196172272,9294.486921207505,9294.486921207505,9185.665338835504,21.85414105721563,3.6960304520086016,0.0,18.15811060520703,18.15811060520703,120.0,2.4359593659848024,mean
1486,PCA3,15,FILUSDT,2026-07-04 06:14:00+00:00,2026-07-04 06:16:00+00:00,2026-07-04 06:46:00+00:00,9279.510561940435,9286.144374355115,9286.144374355115,9262.49916337458,12.452132141798355,3.709728707545939,0.0,8.742403434252417,8.742403434252417,30.0,-2.1525554274392187,mean
1487,PCA3,15,XRPUSDT,2026-07-04 08:14:00+00:00,2026-07-04 08:16:00+00:00,2026-07-04 09:01:00+00:00,9282.09324757622,9276.295185844016,9276.295185844016,9260.409321744644,17.362940998531435,3.707340901517732,0.0,13.655600097013703,13.655600097013703,45.0,2.4301286800534725,mean
1489,PCA3,15,FILUSDT,2026-07-04 09:14:00+00:00,2026-07-04 09:16:00+00:00,2026-07-04 10:01:00+00:00,9284.188708680906,9281.643500141192,9281.643500141192,9217.357122982052,45.26170465232698,3.699800124624649,0.0,41.56190452770234,41.56190452770234,45.0,2.332372307644094,mean
1488,PCA3,15,BNBUSDT,2026-07-04 08:44:00+00:00,2026-07-04 08:46:00+00:00,2026-07-04 11:01:00+00:00,9282.918852549217,9298.256113841158,9298.256113841158,9273.7725355726,18.7628506404107,3.7144057298827517,0.0,15.048444910527948,15.048444910527948,135.0,2.540215021110026,mean
1490,PCA3,15,SOLUSDT,2026-07-04 09:14:00+00:00,2026-07-04 09:16:00+00:00,2026-07-04 13:31:00+00:00,9284.188708680906,9280.989511790758,9280.989511790758,9268.689039006655,-48.49682838441817,3.7099357101594825,0.0,-52.20676409457766,-52.20676409457766,255.0,-2.1265989079658754,timeout
1491,PCA3,15,HBARUSDT,2026-07-04 10:14:00+00:00,2026-07-04 10:16:00+00:00,2026-07-04 13:46:00+00:00,9287.906359672214,9285.946977820531,9285.946977820531,9279.607166054986,23.93449933483807,3.7131108287751036,0.0,20.221388506062965,20.221388506062965,210.0,3.7184085599395336,mean
1492,PCA3,15,XRPUSDT,2026-07-04 12:29:00+00:00,2026-07-04 12:31:00+00:00,2026-07-04 16:01:00+00:00,9286.715671385515,9281.086615849434,9281.086615849434,9429.885943214003,-3.574078477241777,3.742194511812687,-0.47903262484444675,-7.316272989054464,-7.79530561389891,210.0,3.0396728932391914,mean
1493,PCA3,15,ADAUSDT,2026-07-04 14:14:00+00:00,2026-07-04 14:16:00+00:00,2026-07-04 16:16:00+00:00,9281.71772978379,9289.696135343114,9289.696135343114,9654.550716444066,-312.04417046339074,3.7888493703574357,0.13640937035519102,-315.8330198337482,-315.69661046339303,120.0,2.5823920415319357,stop
1494,PCA3,15,FILUSDT,2026-07-04 14:59:00+00:00,2026-07-04 15:01:00+00:00,2026-07-04 17:16:00+00:00,9272.968022156796,9267.578525899578,9267.578525899578,9373.41899002919,27.345114089271092,3.7281995031857535,-0.12922069242605896,23.61691458608534,23.48769389365928,135.0,-2.172597087288607,mean
1495,PCA3,15,BTCUSDT,2026-07-04 16:14:00+00:00,2026-07-04 16:16:00+00:00,2026-07-04 17:46:00+00:00,9255.63566390491,9256.333674275233,9256.333674275233,9317.38357909706,-0.854190636184237,3.7147434506744585,0.0,-4.568934086858695,-4.568934086858695,90.0,-2.1395222198270996,mean
1496,PCA3,15,ADAUSDT,2026-07-04 16:29:00+00:00,2026-07-04 16:31:00+00:00,2026-07-04 19:16:00+00:00,9252.620583268965,9269.06535512703,9269.06535512703,9178.059859548688,72.96499577072753,3.689425042935144,0.0,69.27557072779238,69.27557072779238,165.0,9.227519662936338,mean
1497,PCA3,15,NEARUSDT,2026-07-04 18:29:00+00:00,2026-07-04 18:31:00+00:00,2026-07-04 20:01:00+00:00,9260.446309984693,9253.149324583897,9253.149324583897,9230.347907345611,23.337462068729295,3.6966994463859018,0.0,19.64076262234339,19.64076262234339,90.0,-2.0359785083018047,mean
1498,PCA3,15,BTCUSDT,2026-07-04 19:29:00+00:00,2026-07-04 19:31:00+00:00,2026-07-04 22:46:00+00:00,9264.051475211283,9257.87552018122,9257.87552018122,9235.336046793864,-2.270155738891343,3.698642313395017,0.0,-5.96879805228636,-5.96879805228636,195.0,2.5211319345817964,mean
1500,PCA3,15,BCHUSDT,2026-07-04 22:14:00+00:00,2026-07-04 22:16:00+00:00,2026-07-04 23:31:00+00:00,9263.328911633884,9254.715839950552,9254.715839950552,9204.027855980063,32.4022407061657,3.6917487391861226,0.0,28.71049196697958,28.71049196697958,75.0,2.92202553249176,mean
1499,PCA3,15,HBARUSDT,2026-07-04 20:59:00+00:00,2026-07-04 21:01:00+00:00,2026-07-05 01:16:00+00:00,9263.494656762916,9258.21567067408,9258.21567067408,9244.934436211177,-61.10706072895436,3.7006300213770515,0.14243688284680633,-64.80769075033142,-64.66525386748461,255.0,2.4746511615549838,timeout
1501,PCA3,15,LINKUSDT,2026-07-04 22:59:00+00:00,2026-07-04 23:01:00+00:00,2026-07-05 01:31:00+00:00,9256.042421104388,9249.610397258388,9249.610397258388,9155.222037734915,-0.2730870380824437,3.6809664869986607,-0.14634191659145515,-3.954053525081104,-4.100395441672559,150.0,-2.0462785392659075,mean
1502,PCA3,15,BCHUSDT,2026-07-04 23:44:00+00:00,2026-07-04 23:46:00+00:00,2026-07-05 03:01:00+00:00,9255.416505636345,9249.229950945677,9249.229950945677,9137.372850949705,-29.99963765357212,3.6773205603790764,-0.16066188815185672,-33.676958213951195,-33.83762010210305,195.0,2.3049362578254873,mean
1503,PCA3,15,SUIUSDT,2026-07-05 01:29:00+00:00,2026-07-05 01:31:00+00:00,2026-07-05 04:01:00+00:00,9251.767948605826,9228.54922870387,9228.54922870387,9175.310261678344,11.11226148748204,3.6807718980764426,0.0,7.431489589405597,7.431489589405597,150.0,-4.5415635655906845,mean
1504,PCA3,15,DOGEUSDT,2026-07-05 02:59:00+00:00,2026-07-05 03:01:00+00:00,2026-07-05 06:16:00+00:00,9256.701363324712,9259.166164159471,9259.166164159471,9254.915218195101,-3.07239372180724,3.7028162764709145,0.0,-6.775209998278155,-6.775209998278155,195.0,-2.4761547988144734,mean
1505,PCA3,15,BCHUSDT,2026-07-05 04:59:00+00:00,2026-07-05 05:01:00+00:00,2026-07-05 06:31:00+00:00,9257.15382894151,9247.752867563013,9247.752867563013,9210.30085633347,25.432502374611836,3.6916107447792967,0.0,21.74089162983254,21.74089162983254,90.0,2.019208148170514,mean
1506,PCA3,15,BNBUSDT,2026-07-05 07:59:00+00:00,2026-07-05 08:01:00+00:00,2026-07-05 11:16:00+00:00,9258.609182251295,9264.512344413408,9264.512344413408,9228.405963464375,-13.926606843027058,3.6985836615755567,0.0,-17.625190504602614,-17.625190504602614,195.0,2.2924283228576248,mean
1508,PCA3,15,AVAXUSDT,2026-07-05 11:14:00+00:00,2026-07-05 11:16:00+00:00,2026-07-05 12:46:00+00:00,9255.885126896863,9251.492283167197,9251.492283167197,9295.93632524659,9.699825861914803,3.7094857216827575,0.0,5.990340140232046,5.990340140232046,90.0,2.0815713008145917,mean
1507,PCA3,15,ADAUSDT,2026-07-05 10:14:00+00:00,2026-07-05 10:16:00+00:00,2026-07-05 13:16:00+00:00,9255.533941035177,9256.061353746516,9256.061353746516,9348.333215460818,17.143370259248808,3.7208789138414673,0.0,13.422491345407341,13.422491345407341,180.0,-2.394373502391482,mean
1510,PCA3,15,BNBUSDT,2026-07-05 12:59:00+00:00,2026-07-05 13:01:00+00:00,2026-07-05 16:01:00+00:00,9256.309295946563,9254.581401236554,9254.581401236554,9309.765674461061,-9.785627505437336,3.712869415139523,-0.012999716754546534,-13.49849692057686,-13.511496637331406,180.0,3.6282396597817623,mean
1509,PCA3,15,TRXUSDT,2026-07-05 12:14:00+00:00,2026-07-05 12:16:00+00:00,2026-07-05 16:31:00+00:00,9252.346336526512,9258.257393909507,9258.257393909507,9329.893117151778,-1.154952622893124,3.717630102212257,0.1447001489572096,-4.872582725105381,-4.727882576148171,255.0,2.4283350568750546,timeout
1511,PCA3,15,BCHUSDT,2026-07-05 14:44:00+00:00,2026-07-05 14:46:00+00:00,2026-07-05 16:31:00+00:00,9256.634415278586,9261.936191751793,9261.936191751793,9291.837222228152,29.976884538430575,3.710754682795989,0.6261531052225559,26.266129855634585,26.89228296085714,105.0,-2.0435580681871124,mean
1512,PCA3,15,LTCUSDT,2026-07-05 16:14:00+00:00,2026-07-05 16:16:00+00:00,2026-07-05 16:31:00+00:00,9256.117923838405,9258.4201758888,9258.4201758888,9184.689682011001,65.48719634288047,3.6886219715799604,0.0,61.798574371300504,61.798574371300504,15.0,3.5521245999145106,mean
1514,PCA3,15,LTCUSDT,2026-07-05 18:44:00+00:00,2026-07-05 18:46:00+00:00,2026-07-05 19:46:00+00:00,9267.941027251281,9260.682803864916,9260.682803864916,9227.4762009531,39.06507935920672,3.697631800963604,0.0,35.367447558243114,35.367447558243114,60.0,2.98975292462777,mean
1513,PCA3,15,BNBUSDT,2026-07-05 18:29:00+00:00,2026-07-05 18:31:00+00:00,2026-07-05 21:16:00+00:00,9265.833094161266,9273.702712721537,9273.702712721537,9275.838778260895,24.015322722018293,3.7099082981964866,0.0,20.30541442382181,20.30541442382181,165.0,-2.0430448569844315,mean
1515,PCA3,15,BCHUSDT,2026-07-05 19:14:00+00:00,2026-07-05 19:16:00+00:00,2026-07-05 21:46:00+00:00,9271.746669685983,9284.559980290547,9284.559980290547,9300.771802530973,-3.839377957535748,3.7170663565643043,0.0,-7.556444314100052,-7.556444314100052,150.0,2.6247562646116114,mean
1516,PCA3,15,NEARUSDT,2026-07-05 21:14:00+00:00,2026-07-05 21:16:00+00:00,2026-07-05 22:16:00+00:00,9269.767308560693,9264.296628368305,9264.296628368305,9318.06105520655,43.82774033783587,3.716471536714971,0.0,40.1112688011209,40.1112688011209,60.0,2.4443133115495717,mean
1518,PCA3,15,XRPUSDT,2026-07-05 22:29:00+00:00,2026-07-05 22:31:00+00:00,2026-07-06 01:46:00+00:00,9274.655862808171,9296.126801226541,9296.126801226541,9237.765211429423,-6.256781579093299,3.706778402531193,-0.4094300923079252,-9.963559981624492,-10.372990073932417,195.0,2.533055016311709,mean
1519,PCA3,15,BCHUSDT,2026-07-05 22:44:00+00:00,2026-07-05 22:46:00+00:00,2026-07-06 02:01:00+00:00,9273.649202980616,9274.598381902762,9274.598381902762,9247.718926538833,8.715618711334313,3.704463461688319,0.2609808004058654,5.011155249645994,5.272136050051859,195.0,-2.5044894275902205,mean
1517,PCA3,15,BTCUSDT,2026-07-05 22:29:00+00:00,2026-07-05 22:31:00+00:00,2026-07-06 02:31:00+00:00,9274.655862808171,9290.820994569583,9290.820994569583,9226.373138085839,-19.25923543391399,3.7034388265310847,0.009674874549185452,-22.962674260445073,-22.95299938589589,240.0,3.1034417290416108,mean
1522,PCA3,15,SUIUSDT,2026-07-06 05:29:00+00:00,2026-07-06 05:31:00+00:00,2026-07-06 07:16:00+00:00,9274.04532384773,9271.8627260681,9271.8627260681,9296.579675292443,10.588729778747677,3.713688480272109,0.0,6.875041298475568,6.875041298475568,105.0,-2.076398923856608,mean
1520,PCA3,15,AVAXUSDT,2026-07-06 04:29:00+00:00,2026-07-06 04:31:00+00:00,2026-07-06 08:16:00+00:00,9271.850477467193,9273.319521412528,9273.319521412528,9252.110325773532,-4.434778978053345,3.705085969437212,-0.011117467696682164,-8.139864947490556,-8.150982415187238,225.0,2.0854387591919603,mean
1521,PCA3,15,AAVEUSDT,2026-07-06 05:14:00+00:00,2026-07-06 05:16:00+00:00,2026-07-06 08:46:00+00:00,9271.336253441998,9267.412041599635,9267.412041599635,9256.26903745865,-24.284778424641583,3.704736215811657,0.16753255138203654,-27.98951464045324,-27.821982089071202,210.0,2.1933436952342924,mean
1523,PCA3,15,TRXUSDT,2026-07-06 08:14:00+00:00,2026-07-06 08:16:00+00:00,2026-07-06 12:31:00+00:00,9263.843792416035,9261.727267359896,9261.727267359896,9215.961299737071,52.84192530111798,3.6955377134193936,0.0,49.14638758769859,49.14638758769859,255.0,-2.0233505149542865,timeout
1524,PCA3,15,AAVEUSDT,2026-07-06 10:59:00+00:00,2026-07-06 11:01:00+00:00,2026-07-06 13:16:00+00:00,9268.080677871292,9277.514427839384,9277.514427839384,9075.667099079405,4.889633819080117,3.670636305383758,0.0,1.2189975136963596,1.2189975136963596,135.0,2.320549647519415,mean
1526,PCA3,15,BTCUSDT,2026-07-06 12:44:00+00:00,2026-07-06 12:46:00+00:00,2026-07-06 15:16:00+00:00,9272.396224697475,9259.585274099494,9259.585274099494,9377.303433996673,4.302652826089531,3.7273777416192333,0.0,0.5752750844702976,0.5752750844702976,150.0,-2.663612133325586,mean
1525,PCA3,15,NEARUSDT,2026-07-06 11:14:00+00:00,2026-07-06 11:16:00+00:00,2026-07-06 15:31:00+00:00,9265.827986022961,9268.467473147717,9268.467473147717,9303.22763061095,-93.98493253544774,3.7143390207517335,0.0,-97.69927155619946,-97.69927155619946,255.0,2.4736963246278725,timeout
1527,PCA3,15,DOGEUSDT,2026-07-06 13:29:00+00:00,2026-07-06 13:31:00+00:00,2026-07-06 16:46:00+00:00,9276.849420287443,9307.09851758718,9307.09851758718,9579.850094561834,1.4164607017611122,3.7773897224298025,0.07807059651593555,-2.3609290206686904,-2.2828584241527548,195.0,-3.790350130992754,mean
1529,PCA3,15,XRPUSDT,2026-07-06 16:44:00+00:00,2026-07-06 16:46:00+00:00,2026-07-06 18:16:00+00:00,9264.616924986613,9262.570714130168,9262.570714130168,9213.639994447618,17.802180150296895,3.695242141715557,0.0,14.106938008581338,14.106938008581338,90.0,2.227509338512808,mean
1528,PCA3,15,BTCUSDT,2026-07-06 15:59:00+00:00,2026-07-06 16:01:00+00:00,2026-07-06 19:16:00+00:00,9261.756293882088,9243.50115853002,9243.50115853002,9297.886508368701,0.04517168727509069,3.708277533379744,0.0,-3.6631058461046537,-3.6631058461046537,195.0,4.442538370197462,mean
1530,PCA3,15,DOTUSDT,2026-07-06 18:29:00+00:00,2026-07-06 18:31:00+00:00,2026-07-06 20:01:00+00:00,9264.200575252986,9257.935410933687,9257.935410933687,9269.238352086366,11.207452945164677,3.7054347526040106,0.0,7.502018192560666,7.502018192560666,90.0,2.1538115404429474,mean
1531,PCA3,15,BCHUSDT,2026-07-06 18:44:00+00:00,2026-07-06 18:46:00+00:00,2026-07-06 21:31:00+00:00,9264.398927390883,9261.137545187017,9261.137545187017,9309.582178575547,-12.846373290014036,3.7141439447525135,0.0,-16.56051723476655,-16.56051723476655,165.0,2.005428384227235,mean
1533,PCA3,15,SUIUSDT,2026-07-06 21:59:00+00:00,2026-07-06 22:01:00+00:00,2026-07-06 23:31:00+00:00,9264.775016424186,9257.765749382856,9257.765749382856,9166.455345221444,18.331903725265665,3.6848442189208597,0.0,14.647059506344803,14.647059506344803,90.0,2.018488244510254,mean
1534,PCA3,15,HBARUSDT,2026-07-06 22:29:00+00:00,2026-07-06 22:31:00+00:00,2026-07-06 23:46:00+00:00,9264.276331737243,9261.369418605404,9261.369418605404,9244.961865854739,32.84927183770596,3.701266256892029,0.0,29.148005580813933,29.148005580813933,75.0,-2.005867722099535,mean
1532,PCA3,15,ETHUSDT,2026-07-06 21:44:00+00:00,2026-07-06 21:46:00+00:00,2026-07-07 00:16:00+00:00,9264.175071479192,9262.61788806037,9262.61788806037,9189.363020225985,6.548659047784472,3.6903961816572703,0.029795635186118424,2.858262866127202,2.88805850131332,150.0,2.063699099609389,mean
1535,PCA3,15,AVAXUSDT,2026-07-07 01:59:00+00:00,2026-07-07 02:01:00+00:00,2026-07-07 02:46:00+00:00,9268.84338383804,9272.189710420433,9272.189710420433,9242.454874717067,26.977422868370677,3.7029289170274997,0.0,23.274493951343178,23.274493951343178,45.0,-2.1088464404234575,mean
1536,PCA3,15,DOTUSDT,2026-07-07 03:44:00+00:00,2026-07-07 03:46:00+00:00,2026-07-07 04:46:00+00:00,9271.170833233175,9268.756310281244,9268.756310281244,9264.42161977986,24.978115212420715,3.7066355860122213,0.0,21.271479626408492,21.271479626408492,60.0,-2.7020223633589935,mean
1539,PCA3,15,SUIUSDT,2026-07-07 15:44:00+00:00,2026-07-07 15:46:00+00:00,2026-07-07 16:46:00+00:00,9275.312431572942,9298.837382013557,9298.837382013557,9357.218098514,29.548843387166425,3.7312110961055116,-0.0011851577105846623,25.817632291060914,25.81644713335033,60.0,-2.1602753237987278,mean
1538,PCA3,15,AAVEUSDT,2026-07-07 14:59:00+00:00,2026-07-07 15:01:00+00:00,2026-07-07 17:46:00+00:00,9273.297981195816,9258.87960167742,9258.87960167742,9384.057945414534,31.72249486645815,3.728587509418391,-0.0722028538183433,27.99390735703976,27.921704503221417,165.0,-2.226074946880039,mean
1537,PCA3,15,AVAXUSDT,2026-07-07 14:59:00+00:00,2026-07-07 15:01:00+00:00,2026-07-07 18:16:00+00:00,9273.297981195816,9270.995992902635,9270.995992902635,9353.293742590591,1.0256713657056782,3.724857947098645,0.059886761388240714,-2.6991865813929667,-2.639299820004726,195.0,-2.286652405778992,mean
1540,PCA3,15,UNIUSDT,2026-07-07 18:44:00+00:00,2026-07-07 18:46:00+00:00,2026-07-07 20:31:00+00:00,9278.407866377469,9272.174391450477,9272.174391450477,9161.742407481255,21.56982760680354,3.6867833597863466,0.0,17.883044247017192,17.883044247017192,105.0,2.0187934086978836,mean
1541,PCA3,15,SUIUSDT,2026-07-07 21:44:00+00:00,2026-07-07 21:46:00+00:00,2026-07-07 23:01:00+00:00,9280.196170802172,9279.119444510749,9279.119444510749,9313.463705666805,27.17340438717288,3.718516630035511,0.0,23.454887757137367,23.454887757137367,75.0,-2.1375918244324796,mean
1544,PCA3,15,NEARUSDT,2026-07-08 02:14:00+00:00,2026-07-08 02:16:00+00:00,2026-07-08 03:16:00+00:00,9279.013582608686,9290.918800621128,9290.918800621128,9392.55672506626,54.43723195957096,3.7366951051374775,0.0,50.70053685443348,50.70053685443348,60.0,-2.9218418837047087,mean
1543,PCA3,15,LTCUSDT,2026-07-08 01:59:00+00:00,2026-07-08 02:01:00+00:00,2026-07-08 03:46:00+00:00,9282.541659577884,9257.009871530074,9257.009871530074,9249.798050426889,16.121807382956696,3.7013615843913925,0.0,12.420445798565304,12.420445798565304,105.0,2.0157335914895924,mean
1542,PCA3,15,AVAXUSDT,2026-07-08 01:59:00+00:00,2026-07-08 02:01:00+00:00,2026-07-08 05:31:00+00:00,9282.541659577884,9222.539541324173,9222.539541324173,9236.601447606135,-6.139672844156938,3.691828197786062,0.0,-9.831501041943,-9.831501041943,210.0,-3.19563570327479,mean
1545,PCA3,15,UNIUSDT,2026-07-08 04:29:00+00:00,2026-07-08 04:31:00+00:00,2026-07-08 07:46:00+00:00,9287.001692346477,9281.694336614186,9281.694336614186,9372.60351714287,-92.76536512536109,3.730859570751411,0.0,-96.49622469611249,-96.49622469611249,195.0,2.3443826987072094,mean
1546,PCA3,15,UNIUSDT,2026-07-08 08:29:00+00:00,2026-07-08 08:31:00+00:00,2026-07-08 09:31:00+00:00,9278.220985269376,9254.452579678948,9254.452579678948,9350.155761911457,100.88023197451065,3.7209216683180815,0.0,97.15931030619257,97.15931030619257,60.0,-2.4561126380003655,mean
1547,PCA3,15,LTCUSDT,2026-07-08 12:44:00+00:00,2026-07-08 12:46:00+00:00,2026-07-08 13:31:00+00:00,9287.936916299996,9287.357453299177,9287.357453299177,9239.45010882278,32.52601988536279,3.7053615124243917,0.0,28.8206583729384,28.8206583729384,45.0,2.1576744683705003,mean
1548,PCA3,15,DOGEUSDT,2026-07-08 13:29:00+00:00,2026-07-08 13:31:00+00:00,2026-07-08 14:01:00+00:00,9290.600287400563,9311.681959188385,9311.681959188385,9339.499171677491,12.294070822603606,3.730236226173175,0.0,8.563834596430432,8.563834596430432,30.0,2.071057541460502,mean
1549,PCA3,15,FILUSDT,2026-07-08 14:44:00+00:00,2026-07-08 14:46:00+00:00,2026-07-08 16:46:00+00:00,9291.675365596933,9264.138526912377,9264.138526912377,9304.141640237645,16.680799371725936,3.713656033430004,-0.2712668924974684,12.967143338295932,12.695876445798463,120.0,2.8412291034486494,mean
1551,PCA3,15,ETHUSDT,2026-07-08 15:14:00+00:00,2026-07-08 15:16:00+00:00,2026-07-08 16:46:00+00:00,9291.007460222307,9290.801875622477,9290.801875622477,9373.28170460005,11.450856974490856,3.732816716044505,-0.21555352120574894,7.718040258446351,7.502486737240602,90.0,-2.0256874556953934,mean
1550,PCA3,15,TRXUSDT,2026-07-08 14:44:00+00:00,2026-07-08 14:46:00+00:00,2026-07-08 19:01:00+00:00,9291.675365596933,9272.983770038743,9272.983770038743,9339.258191414554,22.78676010964281,3.7224483922906595,-0.33497025321402046,19.06431171735215,18.72934146413813,255.0,2.1187354897097586,timeout
1552,PCA3,15,UNIUSDT,2026-07-08 21:14:00+00:00,2026-07-08 21:16:00+00:00,2026-07-08 23:16:00+00:00,9295.568136061649,9294.153417835105,9294.153417835105,9379.135196126306,31.988219492815553,3.734657722792282,0.0,28.25356177002327,28.25356177002327,120.0,-2.1018710555568294,mean
1554,PCA3,15,UNIUSDT,2026-07-09 01:29:00+00:00,2026-07-09 01:31:00+00:00,2026-07-09 03:16:00+00:00,9296.102919981251,9269.983490045026,9269.983490045026,9161.657951510697,42.04022194748614,3.6863282883111443,0.0,38.35389365917499,38.35389365917499,105.0,2.2004377928984726,mean
1555,PCA3,15,AAVEUSDT,2026-07-09 01:44:00+00:00,2026-07-09 01:46:00+00:00,2026-07-09 03:16:00+00:00,9300.92453254823,9282.740762581654,9282.740762581654,9290.151269352093,32.63731063152456,3.7145784063867495,0.0,28.922732225137807,28.922732225137807,90.0,-2.0871837398013136,mean
1553,PCA3,15,TRXUSDT,2026-07-08 23:59:00+00:00,2026-07-09 00:01:00+00:00,2026-07-09 04:16:00+00:00,9298.393492238652,9298.836773978488,9298.836773978488,9305.440917280788,20.875722907773564,3.7208555382518553,0.0,17.15486736952171,17.15486736952171,255.0,-2.188020139179676,timeout
1556,PCA3,15,SUIUSDT,2026-07-09 03:29:00+00:00,2026-07-09 03:31:00+00:00,2026-07-09 05:31:00+00:00,9307.652633237907,9315.06856706136,9315.06856706136,9372.606798772069,14.66378490768667,3.7375350731666854,0.0,10.926249834519984,10.926249834519984,120.0,3.017064402100881,mean
1558,PCA3,15,HBARUSDT,2026-07-09 05:29:00+00:00,2026-07-09 05:31:00+00:00,2026-07-09 06:31:00+00:00,9309.324491512929,9294.784725266938,9294.784725266938,9317.89964686648,53.28038557598662,3.722536874426684,0.0,49.55784870155994,49.55784870155994,60.0,2.3997504773223146,mean
1557,PCA3,15,TRXUSDT,2026-07-09 04:29:00+00:00,2026-07-09 04:31:00+00:00,2026-07-09 08:31:00+00:00,9306.575020945325,9310.955738850169,9310.955738850169,9382.607890812653,42.90379786992321,3.7387127259325643,0.13049559855644138,39.165085143990645,39.29558074254709,240.0,2.579931499211666,mean
1560,PCA3,15,XLMUSDT,2026-07-09 06:44:00+00:00,2026-07-09 06:46:00+00:00,2026-07-09 09:01:00+00:00,9313.594974527521,9310.00683739626,9310.00683739626,9284.674100595234,13.988173535648553,3.718936187598299,-0.13987852638756498,10.269237348050254,10.12935882166269,135.0,-2.2530032144603744,mean
1559,PCA3,15,AVAXUSDT,2026-07-09 06:29:00+00:00,2026-07-09 06:31:00+00:00,2026-07-09 10:01:00+00:00,9317.29551154552,9310.239553428155,9310.239553428155,9353.418986371435,-62.99902303034787,3.7327317079599176,0.15257161107143274,-66.73175473830779,-66.57918312723635,210.0,2.388860567733733,mean
1561,PCA3,15,LINKUSDT,2026-07-09 08:44:00+00:00,2026-07-09 08:46:00+00:00,2026-07-09 12:01:00+00:00,9310.39319682567,9303.276931785455,9303.276931785455,9269.671309545904,-1.236240792953158,3.714589648266272,0.0,-4.950830441219431,-4.950830441219431,195.0,2.0565063717853196,mean
1562,PCA3,15,AAVEUSDT,2026-07-09 12:29:00+00:00,2026-07-09 12:31:00+00:00,2026-07-09 16:46:00+00:00,9310.674544017222,9315.679972355414,9315.679972355414,9378.174735519451,-70.29053822804033,3.7387709415749732,0.2053720038305066,-74.0293091696153,-73.8239371657848,255.0,2.302686494395272,timeout
1563,PCA3,15,LINKUSDT,2026-07-09 14:29:00+00:00,2026-07-09 14:31:00+00:00,2026-07-09 16:46:00+00:00,9308.586114623065,9297.069349027483,9297.069349027483,9301.27450071662,6.675013899381328,3.7196687699488207,0.005590618048711221,2.9553451294325073,2.9609357474812183,135.0,-2.7716294695253936,mean
1564,PCA3,15,FILUSDT,2026-07-09 14:59:00+00:00,2026-07-09 15:01:00+00:00,2026-07-09 17:31:00+00:00,9308.578057834236,9305.668388507947,9305.668388507947,9310.20650531872,-16.029703169580433,3.7231749787653334,0.21550750112156705,-19.752878148345765,-19.537370647224197,150.0,2.514230871001517,mean
1566,PCA3,15,UNIUSDT,2026-07-09 18:14:00+00:00,2026-07-09 18:16:00+00:00,2026-07-09 19:01:00+00:00,9301.634506810668,9300.187385058494,9300.187385058494,9204.467059945318,50.58980808368931,3.7009308890007624,0.0,46.88887719468855,46.88887719468855,45.0,2.101763593777007,mean
1565,PCA3,15,LINKUSDT,2026-07-09 18:14:00+00:00,2026-07-09 18:16:00+00:00,2026-07-09 21:01:00+00:00,9301.634506810668,9304.930604072706,9304.930604072706,9276.642149121213,-0.8359214397936655,3.716314550638784,0.0,-4.552235990432449,-4.552235990432449,165.0,2.313327350711423,mean
1567,PCA3,15,XLMUSDT,2026-07-09 18:44:00+00:00,2026-07-09 18:46:00+00:00,2026-07-09 21:31:00+00:00,9303.33962982478,9312.0930757443,9312.0930757443,9284.172972298551,-7.4547532228595035,3.71925320960857,0.0,-11.174006432468074,-11.174006432468074,165.0,2.1123267152376353,mean
1568,PCA3,15,FILUSDT,2026-07-09 19:44:00+00:00,2026-07-09 19:46:00+00:00,2026-07-09 21:31:00+00:00,9299.548549498371,9298.763474816311,9298.763474816311,9284.910876171221,2.8868471336064996,3.716734870197506,0.0,-0.8298877365910065,-0.8298877365910065,105.0,-2.289364979000283,mean
1569,PCA3,15,LINKUSDT,2026-07-10 01:59:00+00:00,2026-07-10 02:01:00+00:00,2026-07-10 04:46:00+00:00,9304.667781514187,9305.171148245247,9305.171148245247,9324.91983766351,-0.34268010869436716,3.7260181971817516,0.0,-4.068698305876119,-4.068698305876119,165.0,2.509248535764042,mean
1571,PCA3,15,ETHUSDT,2026-07-10 03:44:00+00:00,2026-07-10 03:46:00+00:00,2026-07-10 05:16:00+00:00,9301.810475839808,9306.87512993536,9306.87512993536,9298.846370028945,11.072554902571447,3.721144299992861,0.0,7.351410602578586,7.351410602578586,90.0,2.0498500550544616,mean
1572,PCA3,15,LTCUSDT,2026-07-10 05:29:00+00:00,2026-07-10 05:31:00+00:00,2026-07-10 06:16:00+00:00,9304.51830628811,9303.949224146343,9303.949224146343,9285.295180470564,33.466269489622206,3.7178488809233814,0.0,29.748420608698822,29.748420608698822,45.0,2.0643436824547488,mean
1570,PCA3,15,DOTUSDT,2026-07-10 03:14:00+00:00,2026-07-10 03:16:00+00:00,2026-07-10 06:31:00+00:00,9302.576047790952,9302.456392112104,9302.456392112104,9311.95176384696,-2.413739531510998,3.7228816311918127,0.0,-6.136621162702811,-6.136621162702811,195.0,2.1290493546658253,mean
1573,PCA3,15,TRXUSDT,2026-07-10 05:59:00+00:00,2026-07-10 06:01:00+00:00,2026-07-10 07:01:00+00:00,9305.97626154845,9304.460676306566,9304.460676306566,9272.738288864479,-0.9902313049960108,3.715439793034209,0.0,-4.70567109803022,-4.70567109803022,60.0,2.08195992952375,mean
1576,PCA3,15,XLMUSDT,2026-07-10 08:44:00+00:00,2026-07-10 08:46:00+00:00,2026-07-10 10:01:00+00:00,9302.681224395352,9291.501024063467,9291.501024063467,9297.733291790617,28.154498531891964,3.7178468631708173,0.0,24.436651668721147,24.436651668721147,75.0,2.16987449377272,mean
1577,PCA3,15,AAVEUSDT,2026-07-10 10:14:00+00:00,2026-07-10 10:16:00+00:00,2026-07-10 11:01:00+00:00,9290.880277297778,9279.420580197515,9279.420580197515,9237.651541781846,65.27214905171247,3.7034144243958727,0.0,61.5687346273166,61.5687346273166,45.0,3.811159436517634,mean
1574,PCA3,15,TRXUSDT,2026-07-10 07:59:00+00:00,2026-07-10 08:01:00+00:00,2026-07-10 12:16:00+00:00,9306.886665578659,9305.825768399038,9305.825768399038,9353.61384696886,-64.41305399351333,3.7318879230735797,0.0,-68.1449419165869,-68.1449419165869,255.0,-2.114947427399659,timeout
1578,PCA3,15,SUIUSDT,2026-07-10 11:14:00+00:00,2026-07-10 11:16:00+00:00,2026-07-10 12:16:00+00:00,9298.458792160543,9304.086484505156,9304.086484505156,9265.79296392287,25.703969080354003,3.713975889685605,0.0,21.989993190668397,21.989993190668397,60.0,2.516140366701526,mean
1575,PCA3,15,DOTUSDT,2026-07-10 08:14:00+00:00,2026-07-10 08:16:00+00:00,2026-07-10 12:31:00+00:00,9305.770103799558,9314.22945141444,9314.22945141444,9516.384327901173,-134.97795299683116,3.7661227558631225,0.0,-138.7440757526943,-138.7440757526943,255.0,3.019786582588746,timeout
1580,PCA3,15,DOTUSDT,2026-07-10 12:44:00+00:00,2026-07-10 12:46:00+00:00,2026-07-10 13:46:00+00:00,9296.9973017604,9286.68619351485,9286.68619351485,9311.535148959996,-6.523860232895584,3.719644268494969,0.0,-10.243504501390554,-10.243504501390554,60.0,2.1240966717715155,mean
1579,PCA3,15,UNIUSDT,2026-07-10 12:44:00+00:00,2026-07-10 12:46:00+00:00,2026-07-10 14:01:00+00:00,9296.9973017604,9305.77436777972,9305.77436777972,9256.55957375805,77.979033583811,3.7124667883075535,0.0,74.26656679550345,74.26656679550345,75.0,3.543715584225613,mean
1581,PCA3,15,BCHUSDT,2026-07-10 13:14:00+00:00,2026-07-10 13:16:00+00:00,2026-07-10 15:46:00+00:00,9299.510070839176,9302.232415585411,9302.232415585411,9254.583800944973,-6.360441452841462,3.7113632433060766,0.0,-10.071804696147538,-10.071804696147538,150.0,2.210847954251067,mean
1582,PCA3,15,SOLUSDT,2026-07-10 14:14:00+00:00,2026-07-10 14:16:00+00:00,2026-07-10 15:46:00+00:00,9301.108468450624,9299.937433909266,9299.937433909266,9277.30283951134,15.443205638059242,3.715448054684121,0.0,11.727757583375121,11.727757583375121,90.0,-2.9104239456161003,mean
1583,PCA3,15,SUIUSDT,2026-07-10 14:44:00+00:00,2026-07-10 14:46:00+00:00,2026-07-10 15:46:00+00:00,9300.810376010766,9297.206292361576,9297.206292361576,9276.93231572983,22.552073311965504,3.7148277216182812,0.0,18.837245590347223,18.837245590347223,60.0,2.0769748771652,mean
1584,PCA3,15,BNBUSDT,2026-07-10 16:44:00+00:00,2026-07-10 16:46:00+00:00,2026-07-10 19:16:00+00:00,9305.44892783757,9302.739267291858,9302.739267291858,9285.115143675137,-3.098733750698647,3.7175708821933986,0.0,-6.816304632892046,-6.816304632892046,150.0,2.260726439069109,mean
1585,PCA3,15,XLMUSDT,2026-07-10 18:29:00+00:00,2026-07-10 18:31:00+00:00,2026-07-10 20:16:00+00:00,9303.843104103233,9289.256070877304,9289.256070877304,9263.993609817791,18.320642017113414,3.710649936139019,0.0,14.609992080974394,14.609992080974394,105.0,2.210342978324323,mean
1586,PCA3,15,NEARUSDT,2026-07-10 18:59:00+00:00,2026-07-10 19:01:00+00:00,2026-07-10 21:46:00+00:00,9304.723919278817,9299.7029241592,9299.7029241592,9374.994957752515,20.05097770227509,3.7349395763823425,0.0,16.31603812589275,16.31603812589275,165.0,-2.1302488110363376,mean
1587,PCA3,15,FILUSDT,2026-07-10 19:44:00+00:00,2026-07-10 19:46:00+00:00,2026-07-10 23:46:00+00:00,9307.56260419791,9308.932300457227,9308.932300457227,9293.547859052029,-17.57388556970903,3.720496031901851,0.0,-21.29438160161088,-21.29438160161088,240.0,-2.4021236039865865,mean
1589,PCA3,15,AAVEUSDT,2026-07-11 00:14:00+00:00,2026-07-11 00:16:00+00:00,2026-07-11 02:46:00+00:00,9305.04336748011,9298.30046738263,9298.30046738263,9327.027858522702,0.9985469952820214,3.7250656651810665,0.0,-2.726518669899045,-2.726518669899045,150.0,-2.2228867151125855,mean
1588,PCA3,15,LINKUSDT,2026-07-10 23:59:00+00:00,2026-07-11 00:01:00+00:00,2026-07-11 04:16:00+00:00,9305.730462234807,9305.707934562293,9305.707934562293,9321.407766662733,-24.018324529737423,3.725423140245005,0.0,-27.74374766998243,-27.74374766998243,255.0,2.2480820166857787,timeout
1590,PCA3,15,SUIUSDT,2026-07-11 03:14:00+00:00,2026-07-11 03:16:00+00:00,2026-07-11 07:16:00+00:00,9303.87100994339,9308.59437085651,9308.59437085651,9330.407108965652,-15.83443349840008,3.727800295964432,0.0,-19.56223379436451,-19.56223379436451,240.0,2.128991218814234,mean
1591,PCA3,15,NEARUSDT,2026-07-11 06:59:00+00:00,2026-07-11 07:01:00+00:00,2026-07-11 09:16:00+00:00,9299.565010780001,9291.621686572387,9291.621686572387,9309.052301244412,5.215274784447677,3.72013479756336,0.09548162405818972,1.495139986884317,1.5906216109425066,135.0,-2.08465065563649,mean
1592,PCA3,15,BNBUSDT,2026-07-11 08:44:00+00:00,2026-07-11 08:46:00+00:00,2026-07-11 10:31:00+00:00,9300.193134041148,9300.599208394291,9300.599208394291,9289.105617612773,16.122002124049715,3.7179409652014126,0.0,12.4040611588483,12.4040611588483,105.0,2.1225181120494807,mean
1593,PCA3,15,HBARUSDT,2026-07-11 08:59:00+00:00,2026-07-11 09:01:00+00:00,2026-07-11 13:16:00+00:00,9300.539044082983,9306.301029734484,9306.301029734484,9243.686433716686,-76.47888407777752,3.709997492690234,0.0,-80.18888157046776,-80.18888157046776,255.0,-2.306523975135506,timeout
1594,PCA3,15,SUIUSDT,2026-07-11 10:14:00+00:00,2026-07-11 10:16:00+00:00,2026-07-11 13:46:00+00:00,9298.262570148805,9291.878756621889,9291.878756621889,9349.532847761151,3.9571145317708236,3.728282320876608,0.0,0.2288322108942158,0.2288322108942158,210.0,-2.028736844761813,mean
1595,PCA3,15,UNIUSDT,2026-07-11 11:59:00+00:00,2026-07-11 12:01:00+00:00,2026-07-11 16:16:00+00:00,9295.30304972657,9298.426547471465,9298.426547471465,9429.905457489102,-85.86813785010979,3.7456664009921132,0.18210815882270293,-89.61380425110191,-89.43169609227921,255.0,2.5422400927189015,timeout
1596,PCA3,15,LTCUSDT,2026-07-11 13:44:00+00:00,2026-07-11 13:46:00+00:00,2026-07-11 16:31:00+00:00,9287.90229454701,9291.130626725791,9291.130626725791,9318.926008858329,7.354737860182509,3.722011327116824,-0.026508283519715656,3.632726533065685,3.6062182495459694,165.0,-2.233176440311421,mean
1597,PCA3,15,HBARUSDT,2026-07-11 15:14:00+00:00,2026-07-11 15:16:00+00:00,2026-07-11 17:31:00+00:00,9287.50327923147,9290.29099993318,9290.29099993318,9261.61989663816,11.30380321529909,3.7103821793142684,-0.8990314954524202,7.5934210359848215,6.694389540532401,135.0,2.1364245477468295,mean
1598,PCA3,15,ETHUSDT,2026-07-11 16:29:00+00:00,2026-07-11 16:31:00+00:00,2026-07-11 19:16:00+00:00,9286.380451929686,9287.783992006705,9287.783992006705,9312.123728637707,2.060686111060747,3.719981544128882,0.0,-1.6592954330681353,-1.6592954330681353,165.0,2.735567058557808,mean
1599,PCA3,15,SOLUSDT,2026-07-11 16:44:00+00:00,2026-07-11 16:46:00+00:00,2026-07-11 20:31:00+00:00,9285.859088183302,9282.894707694217,9282.894707694217,9333.613996688095,1.8106415641133418,3.7233017408764626,0.0,-1.9126601767631206,-1.9126601767631206,225.0,-2.249335309571909,mean
1600,PCA3,15,UNIUSDT,2026-07-11 20:44:00+00:00,2026-07-11 20:46:00+00:00,2026-07-11 22:01:00+00:00,9285.860371171197,9292.305621244486,9292.305621244486,9238.8267066658,27.89258286869164,3.706226465582058,0.0,24.18635640310958,24.18635640310958,75.0,2.2344218616665197,mean
1602,PCA3,15,FILUSDT,2026-07-11 22:44:00+00:00,2026-07-11 22:46:00+00:00,2026-07-11 23:16:00+00:00,9288.657022525951,9289.189316709888,9289.189316709888,9281.713587489123,24.829087524029386,3.714180580839802,0.0,21.114906943189585,21.114906943189585,30.0,-2.060090862532514,mean
1601,PCA3,15,DOTUSDT,2026-07-11 22:29:00+00:00,2026-07-11 22:31:00+00:00,2026-07-12 00:01:00+00:00,9288.279006811508,9290.472403481452,9290.472403481452,9150.612728583848,4.321098884451296,3.68821702641306,-0.024810309530824994,0.6328818580382363,0.6080715485074113,90.0,-2.0129150677384566,mean
1603,PCA3,15,DOGEUSDT,2026-07-11 23:44:00+00:00,2026-07-11 23:46:00+00:00,2026-07-12 02:31:00+00:00,9289.902126013352,9299.521722207772,9299.521722207772,9268.526489762986,-10.777048541513802,3.7136096423941516,-0.21582289965719814,-14.490658183907954,-14.706481083565151,165.0,-2.5233699236263942,mean
1605,PCA3,15,AVAXUSDT,2026-07-12 00:14:00+00:00,2026-07-12 00:16:00+00:00,2026-07-12 03:16:00+00:00,9286.383152876322,9300.073523774428,9300.073523774428,9359.691533004167,8.69376169813802,3.731953011355719,0.0,4.961808686782302,4.961808686782302,180.0,-3.5875106007670765,mean
1604,PCA3,15,BTCUSDT,2026-07-11 23:44:00+00:00,2026-07-11 23:46:00+00:00,2026-07-12 03:31:00+00:00,9289.902126013352,9295.841368692598,9295.841368692598,9303.725875616445,-16.035655169164833,3.7199134488618086,0.21215788620504178,-19.75556861802664,-19.5434107318216,225.0,2.481810893694919,mean
1606,PCA3,15,HBARUSDT,2026-07-12 02:44:00+00:00,2026-07-12 02:46:00+00:00,2026-07-12 03:31:00+00:00,9287.576963920756,9290.742257164673,9290.742257164673,9347.911780171911,42.05967144331695,3.727730807467317,0.0,38.331940635849634,38.331940635849634,45.0,-2.98362279447986,mean
1607,PCA3,15,LINKUSDT,2026-07-12 03:29:00+00:00,2026-07-12 03:31:00+00:00,2026-07-12 06:16:00+00:00,9291.922378866786,9291.29036141236,9291.29036141236,9226.03023202816,-1.3222173564712225,3.703464118688104,0.0,-5.025681475159326,-5.025681475159326,165.0,2.4872174714796165,mean
1608,PCA3,15,FILUSDT,2026-07-12 04:59:00+00:00,2026-07-12 05:01:00+00:00,2026-07-12 08:01:00+00:00,9289.408243723818,9286.950930552674,9286.950930552674,9257.265508446268,-2.574124609965537,3.7088432877997883,0.12522726685611385,-6.282967897765325,-6.1577406309092115,180.0,2.166304554049657,mean
1609,PCA3,15,AVAXUSDT,2026-07-12 06:29:00+00:00,2026-07-12 06:31:00+00:00,2026-07-12 09:16:00+00:00,9289.952799597993,9287.73555849332,9287.73555849332,9340.177293476167,0.7969667712418005,3.7255825703938967,0.8793428716807562,-2.9286157991520962,-2.04927292747134,165.0,-2.1478933892850627,mean
1610,PCA3,15,SUIUSDT,2026-07-12 06:29:00+00:00,2026-07-12 06:31:00+00:00,2026-07-12 10:46:00+00:00,9289.952799597993,9292.553893283346,9292.553893283346,9379.622387692829,-39.35148183246822,3.734435256195235,0.13027042715476012,-43.08591708866346,-42.955646661508695,255.0,2.143702446140117,timeout
1611,PCA3,15,BNBUSDT,2026-07-12 11:44:00+00:00,2026-07-12 11:46:00+00:00,2026-07-12 15:01:00+00:00,9285.736856241901,9282.62658139235,9282.62658139235,9306.476385803928,0.6634458072162102,3.7178205934392556,0.0,-3.054374786223045,-3.054374786223045,195.0,4.316671545280585,mean
1612,PCA3,15,AAVEUSDT,2026-07-12 13:14:00+00:00,2026-07-12 13:16:00+00:00,2026-07-12 15:01:00+00:00,9285.479805819745,9286.739810168125,9286.739810168125,9239.022898530277,59.798556021963435,3.7051525417396802,0.0,56.093403480223756,56.093403480223756,105.0,2.605512587750337,mean
1615,PCA3,15,XLMUSDT,2026-07-12 15:59:00+00:00,2026-07-12 16:01:00+00:00,2026-07-12 18:01:00+00:00,9288.642086078702,9295.364345392321,9295.364345392321,9255.529064535844,8.371438054653469,3.7101786819856333,0.0,4.6612593726678355,4.6612593726678355,120.0,2.1729422965771317,mean
1614,PCA3,15,FILUSDT,2026-07-12 15:44:00+00:00,2026-07-12 15:46:00+00:00,2026-07-12 18:16:00+00:00,9289.268780474018,9292.830221123128,9292.830221123128,9267.847014769712,8.438475364316766,3.712135447178568,-0.13746300709685386,4.726339917138198,4.588876910041344,150.0,-2.994663395105195,mean
1613,PCA3,15,ETHUSDT,2026-07-12 14:59:00+00:00,2026-07-12 15:01:00+00:00,2026-07-12 19:01:00+00:00,9291.044959538694,9287.355700971139,9287.355700971139,9288.409672661164,-16.271231020292362,3.7151530747264605,-0.009261172498425844,-19.986384095018824,-19.99564526751725,240.0,2.1440000711404323,mean
1616,PCA3,15,NEARUSDT,2026-07-12 19:14:00+00:00,2026-07-12 19:16:00+00:00,2026-07-12 20:46:00+00:00,9289.966208212822,9291.958590796994,9291.958590796994,9280.519718712585,25.588021383998967,3.714495661901916,0.0,21.87352572209705,21.87352572209705,90.0,2.0755061358593814,mean
1617,PCA3,15,DOTUSDT,2026-07-12 20:44:00+00:00,2026-07-12 20:46:00+00:00,2026-07-13 00:16:00+00:00,9291.99188732901,9295.846573647284,9295.846573647284,9329.224756824227,-9.62562400952142,3.7250142660943024,-0.8599381805023747,-13.350638275615722,-14.210576456118098,210.0,2.029298129835758,mean
1618,PCA3,15,XRPUSDT,2026-07-12 22:29:00+00:00,2026-07-12 22:31:00+00:00,2026-07-13 00:16:00+00:00,9289.565115082152,9292.075314372509,9292.075314372509,9410.52656928999,6.5972889514102375,3.7405203767324995,-0.04710678623381024,2.856768574677737,2.8096617884439268,105.0,-2.278006996407385,mean
1619,PCA3,15,BCHUSDT,2026-07-12 22:59:00+00:00,2026-07-12 23:01:00+00:00,2026-07-13 00:46:00+00:00,9290.002488332999,9279.16594041302,9279.16594041302,9351.41388759585,19.55278323956196,3.726115965601774,0.3870129670861275,15.826667273960185,16.213680241046312,105.0,-2.250831399290169,mean
1621,PCA3,15,LINKUSDT,2026-07-13 00:29:00+00:00,2026-07-13 00:31:00+00:00,2026-07-13 03:01:00+00:00,9291.083266775118,9292.996842340477,9292.996842340477,9147.18482991996,18.09434177993097,3.688036334452087,0.0,14.406305445478885,14.406305445478885,150.0,2.301013490075839,mean
1622,PCA3,15,DOTUSDT,2026-07-13 01:29:00+00:00,2026-07-13 01:31:00+00:00,2026-07-13 03:16:00+00:00,9293.338042514792,9292.012238288287,9292.012238288287,9194.665968936519,21.19730379982259,3.697335641444961,0.0,17.499968158377627,17.499968158377627,105.0,-2.044137741743451,mean
1620,PCA3,15,ETHUSDT,2026-07-13 00:29:00+00:00,2026-07-13 00:31:00+00:00,2026-07-13 04:46:00+00:00,9291.083266775118,9292.195375267767,9292.195375267767,9076.949542131017,47.86002425987998,3.6738289834797566,0.0,44.18619527640022,44.18619527640022,255.0,2.640299283792968,timeout
1623,PCA3,15,AVAXUSDT,2026-07-13 03:14:00+00:00,2026-07-13 03:16:00+00:00,2026-07-13 06:16:00+00:00,9298.066392137907,9313.501559061822,9313.501559061822,9333.481342571029,-17.952296934859092,3.7293965803265703,0.0,-21.681693515185664,-21.681693515185664,180.0,2.679710633770246,mean
1625,PCA3,15,BTCUSDT,2026-07-13 05:29:00+00:00,2026-07-13 05:31:00+00:00,2026-07-13 06:46:00+00:00,9296.687597017451,9290.652767265085,9290.652767265085,9314.99860203138,3.3032562476462033,3.721130273859293,0.0,-0.4178740262130898,-0.4178740262130898,75.0,-2.1375900609273137,mean
1624,PCA3,15,ETHUSDT,2026-07-13 04:59:00+00:00,2026-07-13 05:01:00+00:00,2026-07-13 07:31:00+00:00,9296.992342797093,9295.806164826203,9295.806164826203,9346.713901246725,-4.0352000233517895,3.728504013214585,0.0,-7.7637040365663745,-7.7637040365663745,150.0,-2.172087784867222,mean
1626,PCA3,15,NEARUSDT,2026-07-13 07:29:00+00:00,2026-07-13 07:31:00+00:00,2026-07-13 10:01:00+00:00,9297.20862706874,9300.304840244053,9300.304840244053,9300.464228401985,7.422425587978034,3.7201538137292074,0.4573777224521645,3.7022717742488265,4.159649496700991,150.0,2.6480187219157965,mean
1627,PCA3,15,FILUSDT,2026-07-13 08:29:00+00:00,2026-07-13 08:31:00+00:00,2026-07-13 11:16:00+00:00,9297.266830486662,9295.47022559649,9295.47022559649,9292.547448288044,-8.249166584552967,3.7176035347769063,0.0,-11.966770119329873,-11.966770119329873,165.0,-2.080798011613952,mean
1630,PCA3,15,LINKUSDT,2026-07-13 11:29:00+00:00,2026-07-13 11:31:00+00:00,2026-07-13 12:16:00+00:00,9295.22959026423,9294.193639691568,9294.193639691568,9280.273565302648,10.40713803583315,3.7148934409988437,0.0,6.692244594834305,6.692244594834305,45.0,-2.177458618318373,mean
1628,PCA3,15,AVAXUSDT,2026-07-13 09:29:00+00:00,2026-07-13 09:31:00+00:00,2026-07-13 12:31:00+00:00,9296.331156458935,9302.627167910656,9302.627167910656,9248.93002533097,1.4396929016673745,3.7103114386483256,0.0,-2.270618536980951,-2.270618536980951,180.0,2.5131726778564096,mean
1631,PCA3,15,LTCUSDT,2026-07-13 12:29:00+00:00,2026-07-13 12:31:00+00:00,2026-07-13 13:46:00+00:00,9297.546003552767,9299.154567068621,9299.154567068621,9284.261574391825,19.193430236258962,3.716683228292089,0.0,15.476747007966873,15.476747007966873,75.0,-2.6003194459019805,mean
1632,PCA3,15,AVAXUSDT,2026-07-13 13:14:00+00:00,2026-07-13 13:16:00+00:00,2026-07-13 13:46:00+00:00,9300.264606743267,9294.954405777877,9294.954405777877,9240.350458518295,50.8434850295732,3.7070609728592343,0.0,47.13642405671396,47.13642405671396,30.0,2.2109297295162804,mean
1633,PCA3,15,BCHUSDT,2026-07-13 13:59:00+00:00,2026-07-13 14:01:00+00:00,2026-07-13 14:31:00+00:00,9304.6676540955,9313.251711254346,9313.251711254346,9303.955582886101,40.93412470248907,3.7234414588280895,0.0,37.21068324366099,37.21068324366099,30.0,2.0060358440397006,mean
1629,PCA3,15,TRXUSDT,2026-07-13 10:44:00+00:00,2026-07-13 10:46:00+00:00,2026-07-13 15:01:00+00:00,9295.30752483204,9286.433037869494,9286.433037869494,9299.431386377242,-20.386175843837712,3.7171728848493473,0.0,-24.10334872868706,-24.10334872868706,255.0,-4.479255519081831,timeout
1634,PCA3,15,BTCUSDT,2026-07-13 14:14:00+00:00,2026-07-13 14:16:00+00:00,2026-07-13 15:16:00+00:00,9304.37285597693,9301.606623904034,9301.606623904034,9343.93015238098,16.520642151954785,3.729107355257003,0.0,12.791534796697782,12.791534796697782,60.0,-2.2665795843689125,mean
1635,PCA3,15,NEARUSDT,2026-07-13 14:44:00+00:00,2026-07-13 14:46:00+00:00,2026-07-13 18:16:00+00:00,9305.942539441081,9312.53163742373,9312.53163742373,9174.62711526671,6.877226055289178,3.697431750538088,0.19449097918041838,3.1797943047510904,3.374285283931509,210.0,3.459217803801155,mean
1637,PCA3,15,AVAXUSDT,2026-07-13 16:14:00+00:00,2026-07-13 16:16:00+00:00,2026-07-13 19:16:00+00:00,9306.609734432068,9291.815181403874,9291.815181403874,9220.710191226099,3.9657598414213524,3.7025050745259946,0.0,0.263254766895358,0.263254766895358,180.0,-2.2976897932506954,mean
1636,PCA3,15,DOTUSDT,2026-07-13 16:14:00+00:00,2026-07-13 16:16:00+00:00,2026-07-13 20:31:00+00:00,9306.609734432068,9301.837134725662,9301.837134725662,9254.752690948646,-14.079645636409403,3.711317965134862,0.0,-17.790963601544263,-17.790963601544263,255.0,2.457813385863239,timeout
1638,PCA3,15,NEARUSDT,2026-07-13 18:59:00+00:00,2026-07-13 19:01:00+00:00,2026-07-13 21:16:00+00:00,9306.532560992408,9303.916938403949,9303.916938403949,9321.752059110315,20.636385464964764,3.725133799502853,0.0,16.91125166546191,16.91125166546191,135.0,-2.261732797652443,mean
1639,PCA3,15,DOGEUSDT,2026-07-13 20:14:00+00:00,2026-07-13 20:16:00+00:00,2026-07-13 23:01:00+00:00,9305.307643977336,9295.170042716798,9295.170042716798,9243.595806121828,5.4737690250690365,3.707753169767725,0.0,1.7660158553013117,1.7660158553013117,165.0,2.1747762412280203,mean
1641,PCA3,15,FILUSDT,2026-07-13 21:44:00+00:00,2026-07-13 21:46:00+00:00,2026-07-14 00:16:00+00:00,9306.03786264034,9294.020219664928,9294.020219664928,9442.157801679552,35.30952349781621,3.747235604268896,0.44015257579567385,31.562287893547314,32.002440469342986,150.0,-2.422284127307736,mean
1640,PCA3,15,LTCUSDT,2026-07-13 21:29:00+00:00,2026-07-13 21:31:00+00:00,2026-07-14 01:16:00+00:00,9305.842976242107,9306.463497106362,9306.463497106362,9396.87792981576,-12.816550156239945,3.7406682853844244,-0.0448114407198195,-16.557218441624368,-16.602029882344187,225.0,2.0877859119508786,mean
1642,PCA3,15,TRXUSDT,2026-07-13 23:44:00+00:00,2026-07-13 23:46:00+00:00,2026-07-14 01:46:00+00:00,9307.993934994234,9312.432986808859,9312.432986808859,9353.91193627762,-27.09745023358138,3.733268984617296,2.145154833936435,-30.830719218198677,-28.685564384262243,120.0,-2.1003268176238077,mean
1644,PCA3,15,UNIUSDT,2026-07-14 01:29:00+00:00,2026-07-14 01:31:00+00:00,2026-07-14 02:31:00+00:00,9304.693108199228,9302.336966994826,9302.336966994826,9213.132375371144,49.70631983352646,3.7030938684731938,0.0,46.00322596505327,46.00322596505327,60.0,2.0313059553763626,mean
1643,PCA3,15,NEARUSDT,2026-07-14 01:29:00+00:00,2026-07-14 01:31:00+00:00,2026-07-14 05:16:00+00:00,9304.693108199228,9299.148094799464,9299.148094799464,9361.84845022397,-40.82160747514598,3.7321993090046863,0.0,-44.553806784150666,-44.553806784150666,225.0,2.142412460117824,mean
1646,PCA3,15,BCHUSDT,2026-07-14 02:44:00+00:00,2026-07-14 02:46:00+00:00,2026-07-14 05:16:00+00:00,9306.48327353724,9308.670806159933,9308.670806159933,9374.109340692468,30.488109757486075,3.73655602937048,0.0,26.751553728115596,26.751553728115596,150.0,-3.5678586054608816,mean
1645,PCA3,15,XLMUSDT,2026-07-14 01:59:00+00:00,2026-07-14 02:01:00+00:00,2026-07-14 06:16:00+00:00,9303.930355009441,9294.866234643781,9294.866234643781,9305.092206268837,-25.179563741643744,3.7199916881825237,0.0,-28.899555429826265,-28.899555429826265,255.0,-2.024381763641099,timeout
1647,PCA3,15,DOTUSDT,2026-07-14 05:44:00+00:00,2026-07-14 05:46:00+00:00,2026-07-14 06:46:00+00:00,9305.361836467146,9303.550526771225,9303.550526771225,9265.372601196506,36.065715258660035,3.7137846255935463,0.0,32.35193063306649,32.35193063306649,60.0,2.602697652731246,mean
1648,PCA3,15,NEARUSDT,2026-07-14 06:14:00+00:00,2026-07-14 06:16:00+00:00,2026-07-14 08:46:00+00:00,9306.393510353182,9309.657566489985,9309.657566489985,9308.914504850924,8.297353501011111,3.7237144142681817,-0.17578807516755732,4.573639086742929,4.397851011575372,150.0,2.0024092713038035,mean
1650,PCA3,15,LINKUSDT,2026-07-14 08:14:00+00:00,2026-07-14 08:16:00+00:00,2026-07-14 08:46:00+00:00,9306.697503437112,9308.717371066974,9308.717371066974,9341.686736247966,14.135265989129511,3.7300808214629875,0.0,10.405185167666524,10.405185167666524,30.0,-2.229101604766516,mean
1649,PCA3,15,SUIUSDT,2026-07-14 06:44:00+00:00,2026-07-14 06:46:00+00:00,2026-07-14 09:01:00+00:00,9306.367900234132,9298.4521489777,9298.4521489777,9279.499499556856,14.017178267681752,3.7155903297069113,0.0894877867083696,10.30158793797484,10.39107572468321,135.0,2.356202496386116,mean
1652,PCA3,15,NEARUSDT,2026-07-14 10:59:00+00:00,2026-07-14 11:01:00+00:00,2026-07-14 11:31:00+00:00,9309.271251815275,9294.493492521802,9294.493492521802,9344.455869671898,34.778119537711866,3.7277898724387404,0.0,31.050329665273125,31.050329665273125,30.0,-2.051010426154217,mean
1654,PCA3,15,LINKUSDT,2026-07-14 11:59:00+00:00,2026-07-14 12:01:00+00:00,2026-07-14 12:31:00+00:00,9312.380614890999,9311.203961778236,9311.203961778236,9394.2677017708,9.618574902662193,3.7410943327098067,0.0,5.877480569952386,5.877480569952386,30.0,2.263334599746001,mean
1655,PCA3,15,BTCUSDT,2026-07-14 12:44:00+00:00,2026-07-14 12:46:00+00:00,2026-07-14 13:31:00+00:00,9306.007161189153,9324.932831799542,9324.932831799542,9393.922760179865,34.35774644771446,3.7437711183958813,0.0,30.613975329318578,30.613975329318578,45.0,2.636387148601069,mean
1651,PCA3,15,ETHUSDT,2026-07-14 10:44:00+00:00,2026-07-14 10:46:00+00:00,2026-07-14 15:01:00+00:00,9310.579026672647,9311.819238410006,9311.819238410006,9628.46808494148,-113.26983934554723,3.788057464670297,0.0,-117.05789681021753,-117.05789681021753,255.0,2.052365671534003,timeout
1653,PCA3,15,DOTUSDT,2026-07-14 11:29:00+00:00,2026-07-14 11:31:00+00:00,2026-07-14 15:46:00+00:00,9313.521064211343,9312.590025165735,9312.590025165735,9562.281880737657,-46.61257621215855,3.7749743811806784,0.0,-50.38755059333923,-50.38755059333923,255.0,-2.3763126261115337,timeout
1656,PCA3,15,LINKUSDT,2026-07-14 13:44:00+00:00,2026-07-14 13:46:00+00:00,2026-07-14 16:01:00+00:00,9301.679048810516,9308.530768521296,9308.530768521296,9347.05450623312,4.715841968634388,3.731117054950883,0.36120889179240817,0.984724913683505,1.3459338054759131,135.0,5.315244168287528,mean
1657,PCA3,15,ETHUSDT,2026-07-14 15:14:00+00:00,2026-07-14 15:16:00+00:00,2026-07-14 16:16:00+00:00,9297.541299598828,9297.372570355164,9297.372570355164,9287.523331820266,24.310147512987225,3.7169791804350862,0.27414086692721706,20.59316833255214,20.867309199479354,60.0,3.27482054884622,mean
1660,PCA3,15,ADAUSDT,2026-07-14 16:29:00+00:00,2026-07-14 16:31:00+00:00,2026-07-14 17:16:00+00:00,9303.13162303455,9296.948487807369,9296.948487807369,9221.996872180987,31.11385319199884,3.7037890719976714,0.0,27.410064120001167,27.410064120001167,45.0,2.437799686426263,mean
1659,PCA3,15,DOGEUSDT,2026-07-14 16:14:00+00:00,2026-07-14 16:16:00+00:00,2026-07-14 18:16:00+00:00,9303.515295129855,9295.494078070988,9295.494078070988,9232.749403590056,34.978727768138874,3.705648696332209,0.0,31.273079071806666,31.273079071806666,120.0,5.350281054547585,mean
1658,PCA3,15,BTCUSDT,2026-07-14 15:59:00+00:00,2026-07-14 16:01:00+00:00,2026-07-14 19:01:00+00:00,9302.323245497299,9305.054642364334,9305.054642364334,9280.72207276893,2.3409647503435993,3.7171553430266524,0.0,-1.3761905926830529,-1.3761905926830529,180.0,4.673860441456989,mean
1662,PCA3,15,ADAUSDT,2026-07-14 18:44:00+00:00,2026-07-14 18:46:00+00:00,2026-07-14 20:46:00+00:00,9307.168692064382,9303.095660488325,9303.095660488325,9320.029127401547,11.655142404856699,3.7246249575779746,0.0,7.930517447278723,7.930517447278723,120.0,-2.027295110887784,mean
1661,PCA3,15,XRPUSDT,2026-07-14 18:29:00+00:00,2026-07-14 18:31:00+00:00,2026-07-14 21:16:00+00:00,9308.424863880891,9303.981938058163,9303.981938058163,9341.609685528778,-12.96610087007404,3.7291183247173882,0.0,-16.695219194791427,-16.695219194791427,165.0,2.236046264154386,mean
1663,PCA3,15,LTCUSDT,2026-07-14 19:29:00+00:00,2026-07-14 19:31:00+00:00,2026-07-14 23:46:00+00:00,9305.091422892197,9303.392088522874,9303.392088522874,9376.755678555033,-34.497478623747746,3.7360295534155816,0.0,-38.23350817716333,-38.23350817716333,255.0,2.2832164811103848,timeout
1664,PCA3,15,LTCUSDT,2026-07-15 00:14:00+00:00,2026-07-15 00:16:00+00:00,2026-07-15 00:46:00+00:00,9303.840859056683,9304.55632533477,9304.55632533477,9274.366938179628,16.90311719307372,3.7157846527028795,0.0,13.18733254037084,13.18733254037084,30.0,2.1292024164447394,mean
1665,PCA3,15,LINKUSDT,2026-07-15 01:14:00+00:00,2026-07-15 01:16:00+00:00,2026-07-15 02:16:00+00:00,9305.15959231072,9310.154718709904,9310.154718709904,9275.278215488703,18.71692855596552,3.7170865868397214,0.0,14.999841969125798,14.999841969125798,60.0,2.007360793308172,mean
1666,PCA3,15,DOTUSDT,2026-07-15 01:59:00+00:00,2026-07-15 02:01:00+00:00,2026-07-15 03:16:00+00:00,9305.934980584003,9298.571065247539,9298.571065247539,9265.987975805807,19.38370289534631,3.712911808210669,0.0,15.670791087135642,15.670791087135642,75.0,2.091989408428998,mean
1667,PCA3,15,BCHUSDT,2026-07-15 02:29:00+00:00,2026-07-15 02:31:00+00:00,2026-07-15 03:46:00+00:00,9305.56884230153,9308.846643506711,9308.846643506711,9351.906740727474,26.414415541110177,3.732150676846837,0.0,22.682264864263338,22.682264864263338,75.0,-2.2284996217764523,mean
1668,PCA3,15,NEARUSDT,2026-07-15 02:44:00+00:00,2026-07-15 02:46:00+00:00,2026-07-15 04:31:00+00:00,9306.063308573895,9303.559147292734,9303.559147292734,9287.848987804617,22.310600295082445,3.7182816270194694,0.0,18.592318668062976,18.592318668062976,105.0,2.1519316662681254,mean
1669,PCA3,15,LTCUSDT,2026-07-15 04:14:00+00:00,2026-07-15 04:16:00+00:00,2026-07-15 06:31:00+00:00,9311.275247187517,9306.822479957013,9306.822479957013,9360.417607288526,17.19721578216821,3.733448017449107,0.0,13.463767764719103,13.463767764719103,135.0,-3.1882432733272084,mean
1670,PCA3,15,SOLUSDT,2026-07-15 04:44:00+00:00,2026-07-15 04:46:00+00:00,2026-07-15 06:31:00+00:00,9312.778651603416,9314.794189529508,9314.794189529508,9359.141888076349,2.4952007545839012,3.7347872155211714,0.0,-1.23958646093727,-1.23958646093727,105.0,2.308884634987994,mean
1671,PCA3,15,BCHUSDT,2026-07-15 06:29:00+00:00,2026-07-15 06:31:00+00:00,2026-07-15 08:46:00+00:00,9314.10118647119,9305.438294598678,9305.438294598678,9261.711295887102,13.07824511758253,3.713429918097156,-0.8351341972727283,9.364815199485372,8.529681002212644,135.0,2.432381606426916,mean
1673,PCA3,15,BNBUSDT,2026-07-15 07:59:00+00:00,2026-07-15 08:01:00+00:00,2026-07-15 10:16:00+00:00,9313.610259500509,9316.798773900438,9316.798773900438,9353.10524565226,-8.05111852713993,3.7339808039105398,0.0,-11.785099331050471,-11.785099331050471,135.0,-2.2133753153760423,mean
1672,PCA3,15,LTCUSDT,2026-07-15 07:44:00+00:00,2026-07-15 07:46:00+00:00,2026-07-15 12:01:00+00:00,9315.553774193664,9313.653518466079,9313.653518466079,9380.30333278132,-16.099941618080088,3.7387913702494795,0.15563189342737693,-19.838732988329568,-19.68310109490219,255.0,2.5967265169960845,timeout
1675,PCA3,15,DOGEUSDT,2026-07-15 10:29:00+00:00,2026-07-15 10:31:00+00:00,2026-07-15 13:01:00+00:00,9305.07100766561,9310.879167431684,9310.879167431684,9427.244995689445,6.202325971405379,3.7476248326242256,0.0,2.4547011387811537,2.4547011387811537,150.0,-2.821709478488378,mean
1676,PCA3,15,NEARUSDT,2026-07-15 12:14:00+00:00,2026-07-15 12:16:00+00:00,2026-07-15 13:01:00+00:00,9308.423609750023,9314.899827576224,9314.899827576224,9378.979521423671,42.49297427665455,3.7387758697999787,0.0,38.75419840685457,38.75419840685457,45.0,3.2151576048401376,mean
1674,PCA3,15,SOLUSDT,2026-07-15 08:59:00+00:00,2026-07-15 09:01:00+00:00,2026-07-15 13:16:00+00:00,9311.717249688074,9314.691388943704,9314.691388943704,9455.470759250898,3.346267505598078,3.7540324296389205,0.0,-0.4077649240408423,-0.4077649240408423,255.0,-2.072678791910845,timeout
1678,PCA3,15,XLMUSDT,2026-07-15 13:14:00+00:00,2026-07-15 13:16:00+00:00,2026-07-15 14:01:00+00:00,9315.611200272468,9324.347951887612,9324.347951887612,9221.892810719248,57.34166969545912,3.709248152521372,0.0,53.63242154293774,53.63242154293774,45.0,3.7156303119655387,mean
1679,PCA3,15,LTCUSDT,2026-07-15 13:29:00+00:00,2026-07-15 13:31:00+00:00,2026-07-15 14:46:00+00:00,9317.630537728179,9318.818500041043,9318.818500041043,9287.723880248863,31.094619792183636,3.721308476057981,0.0,27.373311316125655,27.373311316125655,75.0,-3.684151056198703,mean
1680,PCA3,15,XRPUSDT,2026-07-15 14:14:00+00:00,2026-07-15 14:16:00+00:00,2026-07-15 16:46:00+00:00,9321.882543307116,9321.872821027984,9321.872821027984,9209.637799662014,5.448773188582868,3.7063021241379994,-0.0882660455962406,1.7424710644448682,1.6542050188486277,150.0,2.9181391986383525,mean
1677,PCA3,15,ETHUSDT,2026-07-15 13:14:00+00:00,2026-07-15 13:16:00+00:00,2026-07-15 17:31:00+00:00,9315.611200272468,9308.588540245626,9308.588540245626,9227.619449181455,-25.259232747953426,3.707241597885416,0.22121050026456004,-28.96647434583884,-28.74526384557428,255.0,5.472333739821242,timeout
1681,PCA3,15,AAVEUSDT,2026-07-15 14:59:00+00:00,2026-07-15 15:01:00+00:00,2026-07-15 18:01:00+00:00,9322.07558088415,9312.727540419763,9312.727540419763,9254.739851080762,-18.437845465893673,3.713493478300105,0.31142146446292185,-22.151338944193782,-21.83991747973086,180.0,-2.2366765357857403,mean
1684,PCA3,15,FILUSDT,2026-07-15 18:14:00+00:00,2026-07-15 18:16:00+00:00,2026-07-15 19:46:00+00:00,9321.820647175851,9307.263186233205,9307.263186233205,9222.852835980511,30.143067431889797,3.7060232044427437,0.0,26.437044227447053,26.437044227447053,90.0,2.2593206778648005,mean
1682,PCA3,15,TRXUSDT,2026-07-15 16:59:00+00:00,2026-07-15 17:01:00+00:00,2026-07-15 20:31:00+00:00,9319.859804346013,9321.906494530973,9321.906494530973,9320.175263145424,8.340857221937606,3.7284163515352793,0.0,4.612440870402327,4.612440870402327,210.0,-3.952914839263791,mean
1683,PCA3,15,BCHUSDT,2026-07-15 17:44:00+00:00,2026-07-15 17:46:00+00:00,2026-07-15 20:46:00+00:00,9318.87692517726,9316.661148238501,9316.661148238501,9343.753196220749,45.73739460678603,3.73208286889185,0.0,42.00531173789418,42.00531173789418,180.0,-5.278420408851811,mean
1685,PCA3,15,XLMUSDT,2026-07-15 21:59:00+00:00,2026-07-15 22:01:00+00:00,2026-07-16 00:01:00+00:00,9325.875748958573,9320.803296605032,9320.803296605032,9305.856054239306,18.58515471170742,3.7253318701688674,-0.08232904964046542,14.859822841538556,14.77749379189809,120.0,2.252742504388637,mean
1686,PCA3,15,NEARUSDT,2026-07-15 22:29:00+00:00,2026-07-15 22:31:00+00:00,2026-07-16 01:01:00+00:00,9327.106214739977,9324.09437351672,9324.09437351672,9256.25211882643,13.370711690784454,3.7160692984686303,-0.3396779746297791,9.654642392315823,9.314964417686044,150.0,2.0664926095110236,mean
1687,PCA3,15,BCHUSDT,2026-07-15 23:29:00+00:00,2026-07-15 23:31:00+00:00,2026-07-16 02:31:00+00:00,9329.245075021548,9329.783058244719,9329.783058244719,9316.608882436143,-13.046767297665822,3.729278388136172,1.0532288384373316,-16.776045685801993,-15.722816847364662,180.0,-3.1320167997501596,mean
1688,PCA3,15,UNIUSDT,2026-07-16 01:59:00+00:00,2026-07-16 02:01:00+00:00,2026-07-16 04:31:00+00:00,9322.988359860183,9316.9667291331,9316.9667291331,9257.489583284325,58.45350766536022,3.7148912624834853,0.0,54.73861640287673,54.73861640287673,150.0,3.6158290612976836,mean
1689,PCA3,15,SUIUSDT,2026-07-16 02:59:00+00:00,2026-07-16 03:01:00+00:00,2026-07-16 05:01:00+00:00,9330.62824449566,9328.561614841161,9328.561614841161,9276.01524586599,23.441934079960458,3.7209153721414303,0.0,19.721018707819027,19.721018707819027,120.0,2.2018100368670366,mean
1690,PCA3,15,BNBUSDT,2026-07-16 05:29:00+00:00,2026-07-16 05:31:00+00:00,2026-07-16 07:31:00+00:00,9334.158676605866,9334.818216182417,9334.818216182417,9297.535511917951,6.117886515488356,3.726470745620074,0.0,2.3914157698682823,2.3914157698682823,120.0,3.138378754964792,mean
1691,PCA3,15,SOLUSDT,2026-07-16 05:59:00+00:00,2026-07-16 06:01:00+00:00,2026-07-16 07:31:00+00:00,9334.549576831838,9337.743771807694,9337.743771807694,9289.619781885014,10.95543777878956,3.7254727107385417,0.0,7.22996506805102,7.22996506805102,90.0,2.0834035432494327,mean
1693,PCA3,15,BCHUSDT,2026-07-16 07:59:00+00:00,2026-07-16 08:01:00+00:00,2026-07-16 10:01:00+00:00,9332.96486720976,9328.621242613985,9328.621242613985,9256.884599154739,26.408785141658246,3.7171011683537447,0.0,22.691683973304503,22.691683973304503,120.0,2.4519911335710294,mean
1692,PCA3,15,SUIUSDT,2026-07-16 07:44:00+00:00,2026-07-16 07:46:00+00:00,2026-07-16 10:16:00+00:00,9335.120814689659,9340.845809581278,9340.845809581278,9305.097835922406,-8.155443233647786,3.729188729100737,0.10398367926574983,-11.884631962748523,-11.780648283482773,150.0,-2.0731941327427874,mean
1694,PCA3,15,XLMUSDT,2026-07-16 08:29:00+00:00,2026-07-16 08:31:00+00:00,2026-07-16 12:46:00+00:00,9330.426430835494,9328.091452707966,9328.091452707966,9295.08881806996,-20.684009425901788,3.724636054155585,0.0,-24.408645480057373,-24.408645480057373,255.0,3.0763553219720747,timeout
1695,PCA3,15,NEARUSDT,2026-07-16 13:29:00+00:00,2026-07-16 13:31:00+00:00,2026-07-16 15:31:00+00:00,9333.771053710638,9343.790144990351,9343.790144990351,9374.816248666346,5.506377365867468,3.743721278731339,0.0,1.762656087136129,1.762656087136129,120.0,2.0333828897860498,mean
1696,PCA3,15,AAVEUSDT,2026-07-16 14:59:00+00:00,2026-07-16 15:01:00+00:00,2026-07-16 17:46:00+00:00,9332.479581022204,9320.249464417215,9320.249464417215,9270.037092927872,-8.345924004253991,3.7180573114690176,0.6263048470378435,-12.063981315723009,-11.437676468685165,165.0,-2.8012576307046646,mean
1697,PCA3,15,UNIUSDT,2026-07-16 15:14:00+00:00,2026-07-16 15:16:00+00:00,2026-07-16 18:01:00+00:00,9334.337620318973,9350.38503575612,9350.38503575612,9320.75559006158,-8.869812864985535,3.73422812516354,0.2729541629111242,-12.604040990149075,-12.33108682723795,165.0,-2.3441102642403635,mean
1698,PCA3,15,LTCUSDT,2026-07-16 15:44:00+00:00,2026-07-16 15:46:00+00:00,2026-07-16 19:46:00+00:00,9329.926699991252,9322.534719890366,9322.534719890366,9294.787013270918,-27.747706619446163,3.723464346632256,0.6663844480361006,-31.471170966078418,-30.804786518042317,240.0,2.5421930753233526,mean
1699,PCA3,15,XRPUSDT,2026-07-16 17:59:00+00:00,2026-07-16 18:01:00+00:00,2026-07-16 20:31:00+00:00,9329.802059181222,9329.798996614305,9329.798996614305,9339.275249559802,13.547662199180841,3.7338148492348218,0.0,9.81384734994602,9.81384734994602,150.0,-5.201268982208525,mean
1700,PCA3,15,DOTUSDT,2026-07-16 18:14:00+00:00,2026-07-16 18:16:00+00:00,2026-07-16 21:01:00+00:00,9328.518373721416,9314.573561684421,9314.573561684421,9324.810709480002,-11.271897097380656,3.7278768542328846,0.0,-14.999773951613541,-14.999773951613541,165.0,2.008239724687312,mean
1702,PCA3,15,NEARUSDT,2026-07-16 23:14:00+00:00,2026-07-16 23:16:00+00:00,2026-07-17 01:31:00+00:00,9327.710366673184,9319.312135743443,9319.312135743443,9352.009716914523,17.378388885701586,3.734264370531593,0.18620953149087896,13.644124515169992,13.830334046660871,135.0,-2.3633151348502586,mean
1701,PCA3,15,DOTUSDT,2026-07-16 21:29:00+00:00,2026-07-16 21:31:00+00:00,2026-07-17 01:46:00+00:00,9327.971371677784,9326.790611289713,9326.790611289713,9273.249804344656,-63.80812815573563,3.7200080831268734,0.180186952587941,-67.5281362388625,-67.34794928627456,255.0,2.069351853525453,timeout
1703,PCA3,15,XLMUSDT,2026-07-16 23:29:00+00:00,2026-07-16 23:31:00+00:00,2026-07-17 03:16:00+00:00,9325.550601685278,9323.609420026414,9323.609420026414,9317.89669055166,-38.712874103646065,3.728301222115615,0.4408143363283035,-42.441175325761684,-42.00036098943338,225.0,-2.2953748838164527,mean
1704,PCA3,15,TRXUSDT,2026-07-17 02:29:00+00:00,2026-07-17 02:31:00+00:00,2026-07-17 05:01:00+00:00,9317.886345950645,9320.169692449177,9320.169692449177,9339.388596606923,-8.777395459051816,3.73191165781122,0.0,-12.509307116863036,-12.509307116863036,150.0,-2.387753966946925,mean
1705,PCA3,15,LTCUSDT,2026-07-17 03:14:00+00:00,2026-07-17 03:16:00+00:00,2026-07-17 06:16:00+00:00,9316.063706673423,9316.54587679777,9316.54587679777,9213.656289572313,17.647201961764182,3.7060404332740164,0.0,13.941161528490166,13.941161528490166,180.0,4.184039484180725,mean
1706,PCA3,15,BTCUSDT,2026-07-17 05:44:00+00:00,2026-07-17 05:46:00+00:00,2026-07-17 07:46:00+00:00,9317.227737498853,9301.66753029645,9301.66753029645,9300.059085432145,2.4225889493007777,3.720345323145719,0.0,-1.2977563738449414,-1.2977563738449414,120.0,-2.516487842172388,mean
1707,PCA3,15,LTCUSDT,2026-07-17 06:59:00+00:00,2026-07-17 07:01:00+00:00,2026-07-17 10:16:00+00:00,9317.952321486477,9317.377849639857,9317.377849639857,9312.901805316817,-14.209688941973242,3.7260559309913344,-0.6531847879123382,-17.935744872964577,-18.588929660876914,195.0,-2.177034813254616,mean
1709,PCA3,15,NEARUSDT,2026-07-17 08:44:00+00:00,2026-07-17 08:46:00+00:00,2026-07-17 11:16:00+00:00,9314.560216045851,9320.375900203233,9320.375900203233,9397.50808306084,53.53292936160618,3.743576796652815,0.0,49.78935256495337,49.78935256495337,150.0,-4.041509826500988,mean
1708,PCA3,15,BNBUSDT,2026-07-17 08:14:00+00:00,2026-07-17 08:16:00+00:00,2026-07-17 12:01:00+00:00,9315.230396729747,9310.13623385565,9310.13623385565,9314.124961539745,-11.397185636320142,3.7248522390790795,0.0,-15.122037875399222,-15.122037875399222,225.0,-2.519857298851375,mean
1710,PCA3,15,ADAUSDT,2026-07-17 10:29:00+00:00,2026-07-17 10:31:00+00:00,2026-07-17 12:31:00+00:00,9317.287636725237,9319.711043769641,9319.711043769641,9281.138555092743,19.089127626900897,3.7201699197724762,0.0,15.36895770712842,15.36895770712842,120.0,2.547066087102541,mean
1713,PCA3,15,BNBUSDT,2026-07-17 13:44:00+00:00,2026-07-17 13:46:00+00:00,2026-07-17 14:46:00+00:00,9320.833063278693,9319.410768202124,9319.410768202124,9415.308143556393,6.639830475587951,3.746943782351703,0.0,2.892886693236248,2.892886693236248,60.0,-2.6701323794469554,mean
1712,PCA3,15,LINKUSDT,2026-07-17 13:14:00+00:00,2026-07-17 13:16:00+00:00,2026-07-17 15:46:00+00:00,9323.356392376694,9327.912388875659,9327.912388875659,9392.00102674398,1.8539498429896974,3.7439826831239276,0.0,-1.8900328401342301,-1.8900328401342301,150.0,-2.0782215937235633,mean
1711,PCA3,15,BCHUSDT,2026-07-17 11:44:00+00:00,2026-07-17 11:46:00+00:00,2026-07-17 16:01:00+00:00,9320.52041450983,9324.784526270118,9324.784526270118,9290.168257920637,-33.63780581050409,3.722990556838151,0.1361440420184965,-37.360796367342246,-37.22465232532375,255.0,-3.575518948054567,timeout
1715,PCA3,15,BCHUSDT,2026-07-17 16:29:00+00:00,2026-07-17 16:31:00+00:00,2026-07-17 17:31:00+00:00,9313.030725365998,9307.583736638317,9307.583736638317,9394.164320007336,35.2343406131659,3.74034961132913,0.0,31.49399100183677,31.49399100183677,60.0,-2.1222756950648365,mean
1716,PCA3,15,DOTUSDT,2026-07-17 16:44:00+00:00,2026-07-17 16:46:00+00:00,2026-07-17 17:31:00+00:00,9312.70744278755,9319.54473583854,9319.54473583854,9296.19862040557,59.56528416018776,3.723148671248822,0.0,55.842135488938936,55.842135488938936,45.0,2.3217851985229547,mean
1714,PCA3,15,ADAUSDT,2026-07-17 14:59:00+00:00,2026-07-17 15:01:00+00:00,2026-07-17 19:01:00+00:00,9319.529305592527,9292.643215867272,9292.643215867272,9459.617319732197,-49.90544379879193,3.7504521071198935,0.07532357253055579,-53.65589590591183,-53.58057233338127,240.0,4.674977929752749,mean
1718,PCA3,15,AAVEUSDT,2026-07-17 19:14:00+00:00,2026-07-17 19:16:00+00:00,2026-07-17 20:31:00+00:00,9320.11132836966,9321.883543862103,9321.883543862103,9342.40581754918,14.219966357693258,3.7328578722822563,0.0,10.487108485411001,10.487108485411001,75.0,-2.233964516661183,mean
1717,PCA3,15,BTCUSDT,2026-07-17 17:44:00+00:00,2026-07-17 17:46:00+00:00,2026-07-17 21:01:00+00:00,9322.619441488667,9327.690674615149,9327.690674615149,9330.884643340942,-5.429521628600409,3.731715063591218,0.0,-9.161236692191627,-9.161236692191627,195.0,2.5931817799694863,mean
1719,PCA3,15,UNIUSDT,2026-07-17 23:29:00+00:00,2026-07-17 23:31:00+00:00,2026-07-18 01:16:00+00:00,9321.463680880073,9318.326464922291,9318.326464922291,9295.709893740004,23.799804896224153,3.722807271732459,0.06734211008296281,20.076997624491696,20.144339734574658,105.0,2.1844702887498566,mean
1720,PCA3,15,ADAUSDT,2026-07-18 00:14:00+00:00,2026-07-18 00:16:00+00:00,2026-07-18 04:01:00+00:00,9319.753013658363,9308.875082988057,9308.875082988057,9321.04464999017,-4.0994967385452465,3.7259839465956452,0.0,-7.825480685140892,-7.825480685140892,225.0,2.5214333888459715,mean
1722,PCA3,15,UNIUSDT,2026-07-18 03:14:00+00:00,2026-07-18 03:16:00+00:00,2026-07-18 05:31:00+00:00,9320.911367239189,9316.515829882563,9316.515829882563,9290.536233508132,0.0632212756738979,3.721410412678139,0.0,-3.658189137004241,-3.658189137004241,135.0,-2.0543345404017415,mean
1721,PCA3,15,LTCUSDT,2026-07-18 02:29:00+00:00,2026-07-18 02:31:00+00:00,2026-07-18 05:46:00+00:00,9321.859705447969,9321.51296532323,9321.51296532323,9298.111389136186,-4.978928547822276,3.7239248708918833,0.0,-8.70285341871416,-8.70285341871416,195.0,2.202745794736435,mean
1723,PCA3,15,AAVEUSDT,2026-07-18 06:29:00+00:00,2026-07-18 06:31:00+00:00,2026-07-18 08:16:00+00:00,9321.459462529445,9322.915003584316,9322.915003584316,9335.135881690541,14.567970974643922,3.7316101770549714,0.2416436762172618,10.83636079758895,11.078004473806212,105.0,-2.2194122168734345,mean
1724,PCA3,15,TRXUSDT,2026-07-18 08:59:00+00:00,2026-07-18 09:01:00+00:00,2026-07-18 11:01:00+00:00,9322.567262976825,9325.722084465095,9325.722084465095,9312.39095916814,-4.389859745559432,3.727622608726647,0.0,-8.117482354286079,-8.117482354286079,120.0,2.4328265120412014,mean
1725,PCA3,15,FILUSDT,2026-07-18 12:29:00+00:00,2026-07-18 12:31:00+00:00,2026-07-18 16:31:00+00:00,9321.755514741397,9323.944943877028,9323.944943877028,9321.37779901732,-26.111343214002854,3.72906454857887,0.4511659539111004,-29.840407762581723,-29.389241808670622,240.0,-2.4318219286484952,mean
1727,PCA3,15,XLMUSDT,2026-07-18 14:29:00+00:00,2026-07-18 14:31:00+00:00,2026-07-18 17:31:00+00:00,9317.869278563914,9315.674920477855,9315.674920477855,9333.39310577853,-0.2995827498812826,3.7298136052512776,0.03241855618178876,-4.02939635513256,-3.996977798950771,180.0,2.1637952502927242,mean
1726,PCA3,15,ADAUSDT,2026-07-18 14:29:00+00:00,2026-07-18 14:31:00+00:00,2026-07-18 18:01:00+00:00,9317.869278563914,9318.233474988154,9318.233474988154,9361.530968555844,-3.5758013635038295,3.7359528887088,-0.3793855821109342,-7.311754252212629,-7.691139834323563,210.0,-2.223949294250658,mean
1728,PCA3,15,LTCUSDT,2026-07-18 16:44:00+00:00,2026-07-18 16:46:00+00:00,2026-07-18 19:31:00+00:00,9312.63774098386,9327.214586185562,9327.214586185562,9367.072037393724,1.9037581410914468,3.738857324715857,0.0,-1.8350991836244102,-1.8350991836244102,165.0,3.453437510565948,mean
1729,PCA3,15,TRXUSDT,2026-07-18 17:59:00+00:00,2026-07-18 18:01:00+00:00,2026-07-18 21:46:00+00:00,9313.005202485163,9314.635444214613,9314.635444214613,9327.17365999809,-11.85339826136397,3.7283618208425406,0.0,-15.581760082206513,-15.581760082206513,225.0,2.279268372195518,mean
1730,PCA3,15,LTCUSDT,2026-07-18 20:44:00+00:00,2026-07-18 20:46:00+00:00,2026-07-18 23:01:00+00:00,9315.542677445212,9313.633983338788,9313.633983338788,9334.063359335827,7.4138343966887525,3.7295394685349232,0.0,3.6842949281538293,3.6842949281538293,135.0,-2.180417565740728,mean
1732,PCA3,15,BNBUSDT,2026-07-19 04:14:00+00:00,2026-07-19 04:16:00+00:00,2026-07-19 05:31:00+00:00,9315.920544110884,9319.627539278428,9319.627539278428,9335.457349124466,7.803411765785648,3.7310169776805786,0.0,4.072394788105069,4.072394788105069,75.0,-2.0934456483717434,mean
1731,PCA3,15,SOLUSDT,2026-07-19 02:14:00+00:00,2026-07-19 02:16:00+00:00,2026-07-19 06:31:00+00:00,9316.274522363436,9327.046826708054,9327.046826708054,9292.848668825296,-8.476127253039566,3.7239790991066704,0.0,-12.200106352146236,-12.200106352146236,255.0,2.2864829185036815,timeout
1733,PCA3,15,DOGEUSDT,2026-07-19 09:14:00+00:00,2026-07-19 09:16:00+00:00,2026-07-19 10:46:00+00:00,9315.461751207029,9315.202098893988,9315.202098893988,9316.089508692345,12.429143796272365,3.7262583215172658,0.0,8.7028854747551,8.7028854747551,90.0,2.274079025658452,mean
1735,PCA3,15,SUIUSDT,2026-07-19 09:59:00+00:00,2026-07-19 10:01:00+00:00,2026-07-19 13:16:00+00:00,9312.647230674977,9302.905194168148,9302.905194168148,9298.577597835916,-10.551795791313262,3.720296558400813,0.0,-14.272092349714075,-14.272092349714075,195.0,2.5246920746673513,mean
1734,PCA3,15,FILUSDT,2026-07-19 09:14:00+00:00,2026-07-19 09:16:00+00:00,2026-07-19 13:31:00+00:00,9315.461751207029,9317.08096396626,9317.08096396626,9240.20177294536,-64.60870105059186,3.711456547382324,0.0,-68.32015759797419,-68.32015759797419,255.0,-2.0224227678274596,timeout
1736,PCA3,15,XLMUSDT,2026-07-19 12:14:00+00:00,2026-07-19 12:16:00+00:00,2026-07-19 15:46:00+00:00,9308.084617220706,9314.557801127448,9314.557801127448,9365.620940648058,-21.668447559490808,3.736035748355101,0.0,-25.40448330784591,-25.40448330784591,210.0,2.2648123702206364,mean
1737,PCA3,15,FILUSDT,2026-07-19 14:29:00+00:00,2026-07-19 14:31:00+00:00,2026-07-19 16:01:00+00:00,9305.941325830825,9307.470655635876,9307.470655635876,9327.127347718832,8.715080251897362,3.7269196006709415,1.2933139553017325,4.98816065122642,6.281474606528152,90.0,-2.1036438439991825,mean
1738,PCA3,15,BNBUSDT,2026-07-19 15:44:00+00:00,2026-07-19 15:46:00+00:00,2026-07-19 16:46:00+00:00,9306.454594335168,9307.810230672632,9307.810230672632,9290.399917954594,9.486954895642977,3.7196420297254456,0.2957243530017304,5.767312865917532,6.063037218919263,60.0,2.3163288162556093,mean
1739,PCA3,15,FILUSDT,2026-07-19 17:14:00+00:00,2026-07-19 17:16:00+00:00,2026-07-19 18:16:00+00:00,9306.766817611497,9302.063779932527,9302.063779932527,9287.389996677808,28.993888863016693,3.717890755322067,0.0,25.275998107694626,25.275998107694626,60.0,-2.606845842027883,mean
1740,PCA3,15,LTCUSDT,2026-07-19 18:29:00+00:00,2026-07-19 18:31:00+00:00,2026-07-19 20:46:00+00:00,9309.294417422267,9303.06750461161,9303.06750461161,9336.395239493742,13.737468852205346,3.727892548821071,0.0,10.009576303384275,10.009576303384275,135.0,2.399752225124929,mean
1742,PCA3,15,BNBUSDT,2026-07-19 23:14:00+00:00,2026-07-19 23:16:00+00:00,2026-07-20 00:16:00+00:00,9310.682519402862,9304.75927083614,9304.75927083614,9362.534466508318,25.042136598838702,3.733458747468892,0.055853340181896076,21.308677851369808,21.364531191551706,60.0,2.60401571778144,mean
1741,PCA3,15,XLMUSDT,2026-07-19 22:44:00+00:00,2026-07-19 22:46:00+00:00,2026-07-20 02:01:00+00:00,9310.295375052605,9303.870905799755,9303.870905799755,9287.07116105212,0.037442988676806205,3.718188413370375,-0.20951000825565158,-3.680745424693569,-3.8902554329492207,195.0,-2.9516804706363033,mean
1744,PCA3,15,BCHUSDT,2026-07-20 00:44:00+00:00,2026-07-20 00:46:00+00:00,2026-07-20 02:46:00+00:00,9311.831303370056,9309.278005215561,9309.278005215561,9304.050573081404,0.8807807298870722,3.722665715659393,0.0,-2.841884985772321,-2.841884985772321,120.0,-2.305456485645296,mean
1743,PCA3,15,SOLUSDT,2026-07-19 23:29:00+00:00,2026-07-19 23:31:00+00:00,2026-07-20 03:31:00+00:00,9309.793591343689,9310.386303150966,9310.386303150966,9339.023410617587,-18.992690521365102,3.7298819427537104,0.30060578415265043,-22.722572464118812,-22.42196667996616,240.0,2.0089511336683037,mean
1745,PCA3,15,AVAXUSDT,2026-07-20 02:14:00+00:00,2026-07-20 02:16:00+00:00,2026-07-20 04:31:00+00:00,9308.13736454519,9299.497224823455,9299.497224823455,9280.52414338005,-0.038635670005249145,3.7160042736407006,0.0,-3.75463994364595,-3.75463994364595,135.0,3.101084392229327,mean
1748,PCA3,15,BTCUSDT,2026-07-20 06:44:00+00:00,2026-07-20 06:46:00+00:00,2026-07-20 07:46:00+00:00,9306.998487096997,9306.739550701493,9306.739550701493,9356.875780781596,11.12387342121621,3.732723066296618,0.0,7.391150354919591,7.391150354919591,60.0,-2.519626907279474,mean
1747,PCA3,15,ADAUSDT,2026-07-20 06:14:00+00:00,2026-07-20 06:16:00+00:00,2026-07-20 08:16:00+00:00,9310.080324203995,9316.643802692666,9316.643802692666,9344.74929778553,6.853689491012057,3.7322786200956397,0.5795437418372723,3.121410870916418,3.7009546127536903,120.0,-2.0495076581438276,mean
1746,PCA3,15,AAVEUSDT,2026-07-20 05:29:00+00:00,2026-07-20 05:31:00+00:00,2026-07-20 09:01:00+00:00,9309.140953467528,9305.563339948276,9305.563339948276,9300.750974565239,-17.826342688578457,3.7212628629027025,0.02366306228750919,-21.54760555148116,-21.52394248919365,210.0,2.092448415355764,mean
1749,PCA3,15,SOLUSDT,2026-07-20 09:29:00+00:00,2026-07-20 09:31:00+00:00,2026-07-20 10:16:00+00:00,9308.097769715374,9311.765550095854,9311.765550095854,9309.549367285865,19.673777975857895,3.7242629834763434,0.0,15.949514992381552,15.949514992381552,45.0,2.779796036113824,mean
1750,PCA3,15,SUIUSDT,2026-07-20 09:29:00+00:00,2026-07-20 09:31:00+00:00,2026-07-20 11:16:00+00:00,9308.097769715374,9309.506056416472,9309.506056416472,9366.845722662474,24.398560588839917,3.735270355815789,0.0,20.663290233024128,20.663290233024128,105.0,-2.4566017555364232,mean
1751,PCA3,15,LTCUSDT,2026-07-20 13:14:00+00:00,2026-07-20 13:16:00+00:00,2026-07-20 14:46:00+00:00,9311.759050237913,9309.54209516061,9309.54209516061,9324.306946875218,37.13348382798375,3.726769808407166,0.0,33.40671401957659,33.40671401957659,90.0,-2.209071264435578,mean
1752,PCA3,15,NEARUSDT,2026-07-20 13:14:00+00:00,2026-07-20 13:16:00+00:00,2026-07-20 15:16:00+00:00,9311.759050237913,9316.734256657737,9316.734256657737,9321.391549900261,41.10253120704278,3.7276251613116,0.0,37.37490604573118,37.37490604573118,120.0,2.0193661796986357,mean
1753,PCA3,15,SUIUSDT,2026-07-20 13:14:00+00:00,2026-07-20 13:16:00+00:00,2026-07-20 16:01:00+00:00,9311.759050237913,9312.388962897168,9312.388962897168,9434.373808916016,-15.189043108745294,3.7493525543626367,0.06915288221774511,-18.938395663107933,-18.869242780890186,165.0,2.001560260886593,mean
1756,PCA3,15,FILUSDT,2026-07-20 16:14:00+00:00,2026-07-20 16:16:00+00:00,2026-07-20 17:01:00+00:00,9315.739436216796,9290.662359375749,9290.662359375749,9233.407519808867,50.775580000896795,3.704813975836923,0.0,47.07076602505987,47.07076602505987,45.0,4.582721839769194,mean
1755,PCA3,15,BTCUSDT,2026-07-20 15:59:00+00:00,2026-07-20 16:01:00+00:00,2026-07-20 18:31:00+00:00,9314.259259468248,9311.829657812821,9311.829657812821,9311.414594595057,10.025641548140916,3.7246488504815756,0.0,6.30099269765934,6.30099269765934,150.0,3.198410598339799,mean
1754,PCA3,15,AAVEUSDT,2026-07-20 14:59:00+00:00,2026-07-20 15:01:00+00:00,2026-07-20 18:46:00+00:00,9313.458088990486,9314.508791653228,9314.508791653228,9432.722741206777,-16.51696204980808,3.749446306572001,0.2912164367827337,-20.266408356380083,-19.97519191959735,225.0,-3.2213335652894153,mean
1757,PCA3,15,UNIUSDT,2026-07-20 17:14:00+00:00,2026-07-20 17:16:00+00:00,2026-07-20 20:31:00+00:00,9318.78283451701,9310.789601236069,9310.789601236069,9346.709317457588,-15.542886153935964,3.7314997837387316,0.0,-19.274385937674694,-19.274385937674694,195.0,2.0905321638359764,mean
1758,PCA3,15,DOGEUSDT,2026-07-20 18:44:00+00:00,2026-07-20 18:46:00+00:00,2026-07-20 23:01:00+00:00,9320.227117222446,9312.831343346363,9312.831343346363,9261.662272640971,-38.84416028323623,3.714898723197467,0.0,-42.55905900643369,-42.55905900643369,255.0,-4.791253648003616,timeout
1759,PCA3,15,ADAUSDT,2026-07-20 18:59:00+00:00,2026-07-20 19:01:00+00:00,2026-07-20 23:16:00+00:00,9319.36137029701,9338.021898859339,9338.021898859339,9368.78612749223,-29.91200803353941,3.741361605270314,0.0,-33.65336963880973,-33.65336963880973,255.0,2.7944589666858466,timeout
1760,PCA3,15,BNBUSDT,2026-07-20 21:29:00+00:00,2026-07-20 21:31:00+00:00,2026-07-21 00:01:00+00:00,9313.77542922725,9315.395191028403,9315.395191028403,9300.173140838542,3.65598772308834,3.723113666373389,0.01532028570393442,-0.06712594328504928,-0.05180565758111486,150.0,-2.296734860449782,mean
1761,PCA3,15,ADAUSDT,2026-07-20 23:29:00+00:00,2026-07-20 23:31:00+00:00,2026-07-21 00:01:00+00:00,9310.349340012,9311.54063503038,9311.54063503038,9269.829095552066,28.66957621802248,3.7162739461164893,-0.09699628219594308,24.95330227190599,24.856305989710048,30.0,2.0543249007719657,mean
1764,PCA3,15,NEARUSDT,2026-07-21 04:14:00+00:00,2026-07-21 04:16:00+00:00,2026-07-21 05:46:00+00:00,9313.435144354866,9305.685365575251,9305.685365575251,9322.4453830487,20.536345935542197,3.7256261497247904,0.0,16.810719785817408,16.810719785817408,90.0,2.0910002711714424,mean
1763,PCA3,15,AAVEUSDT,2026-07-21 03:59:00+00:00,2026-07-21 04:01:00+00:00,2026-07-21 06:31:00+00:00,9313.221713221588,9316.08775339265,9316.08775339265,9363.583885892122,6.867544441359922,3.7359343278569543,0.0,3.1316101135029673,3.1316101135029673,150.0,2.3699420067283086,mean
1762,PCA3,15,SOLUSDT,2026-07-21 03:59:00+00:00,2026-07-21 04:01:00+00:00,2026-07-21 07:31:00+00:00,9313.221713221588,9313.838109823273,9313.838109823273,9357.187870105185,-4.0232962337611315,3.734205195985692,0.0,-7.757501429746823,-7.757501429746823,210.0,-2.396934644216246,mean
1765,PCA3,15,ADAUSDT,2026-07-21 05:59:00+00:00,2026-07-21 06:01:00+00:00,2026-07-21 07:31:00+00:00,9314.27763025211,9315.565158301246,9315.565158301246,9302.154012797704,22.304949153374714,3.72354383421979,0.0,18.581405319154925,18.581405319154925,90.0,3.4319423136876397,mean
1767,PCA3,15,AAVEUSDT,2026-07-21 07:44:00+00:00,2026-07-21 07:46:00+00:00,2026-07-21 10:16:00+00:00,9318.14158779368,9322.4156768982,9322.4156768982,9341.941169299018,5.110288684929912,3.7328713692394437,-0.12544774919692078,1.377417315690468,1.2519695664935473,150.0,2.2988899826922045,mean
1766,PCA3,15,DOTUSDT,2026-07-21 06:44:00+00:00,2026-07-21 06:46:00+00:00,2026-07-21 10:46:00+00:00,9314.196621537007,9316.258082105003,9316.258082105003,9330.281538251938,6.49737451194258,3.7293079240713882,0.0948546455416963,2.768066587871192,2.862921233412888,240.0,3.3329742533428006,mean
1769,PCA3,15,FILUSDT,2026-07-21 10:29:00+00:00,2026-07-21 10:31:00+00:00,2026-07-21 11:01:00+00:00,9310.014052370147,9312.323810958864,9312.323810958864,9235.080062895957,51.6528072507639,3.7094807747709644,0.0,47.94332647599294,47.94332647599294,30.0,3.238373526066363,mean
1768,PCA3,15,NEARUSDT,2026-07-21 07:44:00+00:00,2026-07-21 07:46:00+00:00,2026-07-21 12:01:00+00:00,9318.14158779368,9319.731449055425,9319.731449055425,9274.476702958847,-60.235055431626506,3.7188416304028546,-0.08430851680759884,-63.953897062029355,-64.03820557883695,255.0,-2.135970339627644,timeout
1770,PCA3,15,HBARUSDT,2026-07-21 10:59:00+00:00,2026-07-21 11:01:00+00:00,2026-07-21 13:01:00+00:00,9315.484964778529,9310.906139991124,9310.906139991124,9324.600575222381,10.961977411857545,3.727101343042701,0.0,7.234876068814844,7.234876068814844,120.0,3.3175022218136996,mean
1771,PCA3,15,TRXUSDT,2026-07-21 11:14:00+00:00,2026-07-21 11:16:00+00:00,2026-07-21 15:31:00+00:00,9313.112213464467,9312.434039787257,9312.434039787257,9322.129483743694,-13.906531974605173,3.72691270470619,0.0,-17.633444679311364,-17.633444679311364,255.0,2.0192910818906857,timeout
1773,PCA3,15,XLMUSDT,2026-07-21 13:14:00+00:00,2026-07-21 13:16:00+00:00,2026-07-21 15:31:00+00:00,9315.483106124182,9325.596443860068,9325.596443860068,9245.148025461742,37.9312976998872,3.714148893864362,0.0,34.21714880602284,34.21714880602284,135.0,3.1470089389573754,mean
1772,PCA3,15,XRPUSDT,2026-07-21 12:29:00+00:00,2026-07-21 12:31:00+00:00,2026-07-21 16:46:00+00:00,9315.249492145831,9316.68675637676,9316.68675637676,9343.883216014805,-52.692605563714075,3.732113994478313,-0.2773857074224236,-56.42471955819239,-56.70210526561482,255.0,2.1738791285107233,timeout
1774,PCA3,15,AAVEUSDT,2026-07-21 15:59:00+00:00,2026-07-21 16:01:00+00:00,2026-07-21 18:01:00+00:00,9310.977238865082,9308.742107219034,9308.742107219034,9248.351554789288,15.682008786891942,3.7114187324016648,0.0,11.970590054490277,11.970590054490277,120.0,2.978878806546613,mean
1775,PCA3,15,NEARUSDT,2026-07-21 15:59:00+00:00,2026-07-21 16:01:00+00:00,2026-07-21 20:01:00+00:00,9310.977238865082,9307.299599715965,9307.299599715965,9260.266089224366,-35.96997319727556,3.713513137788066,0.0,-39.68348633506363,-39.68348633506363,240.0,-2.2942844877229778,mean
1776,PCA3,15,XRPUSDT,2026-07-21 16:59:00+00:00,2026-07-21 17:01:00+00:00,2026-07-21 20:01:00+00:00,9308.304798108305,9309.969613004854,9309.969613004854,9334.242476901636,-20.048317949351834,3.728842417981298,0.0,-23.77716036733313,-23.77716036733313,180.0,2.1514552906068953,mean
1777,PCA3,15,HBARUSDT,2026-07-21 18:14:00+00:00,2026-07-21 18:16:00+00:00,2026-07-21 22:31:00+00:00,9306.628305479817,9309.840333065451,9309.840333065451,9323.38088782915,-50.23041934366286,3.72664424417892,0.0,-53.95706358784177,-53.95706358784177,255.0,2.5065554858698085,timeout
1778,PCA3,15,FILUSDT,2026-07-21 20:14:00+00:00,2026-07-21 20:16:00+00:00,2026-07-21 22:46:00+00:00,9301.22381108188,9298.327771296481,9298.327771296481,9276.97190897847,-3.2882169973384388,3.71505993605499,0.0,-7.003276933393429,-7.003276933393429,150.0,3.567571390295061,mean
1779,PCA3,15,XRPUSDT,2026-07-21 20:44:00+00:00,2026-07-21 20:46:00+00:00,2026-07-22 01:01:00+00:00,9301.489625812836,9298.917498956918,9298.917498956918,9301.900379562794,-33.001578660226286,3.7201635757039426,-0.20915230311202224,-36.72174223593023,-36.93089453904225,255.0,-2.3662533801771577,timeout
1781,PCA3,15,DOTUSDT,2026-07-22 03:29:00+00:00,2026-07-22 03:31:00+00:00,2026-07-22 04:01:00+00:00,9295.004174191567,9293.516148128387,9293.516148128387,9243.20554096205,25.72459920131802,3.7073443378180873,0.0,22.017254863499932,22.017254863499932,30.0,2.007052140968431,mean
1780,PCA3,15,HBARUSDT,2026-07-22 02:29:00+00:00,2026-07-22 02:31:00+00:00,2026-07-22 04:31:00+00:00,9296.873856092343,9293.71460090107,9293.71460090107,9258.314265793926,8.381106384436167,3.710405773338999,0.0,4.670700611097168,4.670700611097168,120.0,2.347250446722897,mean
1782,PCA3,15,AAVEUSDT,2026-07-22 05:14:00+00:00,2026-07-22 05:16:00+00:00,2026-07-22 05:31:00+00:00,9299.5426516398,9293.190274184715,9293.190274184715,9211.952788528888,43.70877828512182,3.701028612542721,0.0,40.007749672579095,40.007749672579095,15.0,2.426167107417579,mean
1784,PCA3,15,FILUSDT,2026-07-22 07:44:00+00:00,2026-07-22 07:46:00+00:00,2026-07-22 09:01:00+00:00,9303.543426607057,9302.702179341428,9302.702179341428,9327.349482820167,12.578885491182685,3.726010332432319,0.3280601032035692,8.852875158750367,9.180935261953936,75.0,2.0041780273261494,mean
1785,PCA3,15,NEARUSDT,2026-07-22 08:14:00+00:00,2026-07-22 08:16:00+00:00,2026-07-22 10:31:00+00:00,9300.721115012455,9304.00398880897,9304.00398880897,9343.276645097576,9.237363348156894,3.7294561267813093,0.0,5.507907221375584,5.507907221375584,135.0,-2.0499788086634005,mean
1783,PCA3,15,HBARUSDT,2026-07-22 07:44:00+00:00,2026-07-22 07:46:00+00:00,2026-07-22 11:46:00+00:00,9303.543426607057,9301.411348533264,9301.411348533264,9390.249291014017,-51.99618347710731,3.738332127909456,-0.16003002913179623,-55.73451560501676,-55.89454563414856,240.0,2.170963210445216,mean
1786,PCA3,15,UNIUSDT,2026-07-22 10:29:00+00:00,2026-07-22 10:31:00+00:00,2026-07-22 13:01:00+00:00,9302.06416355789,9302.525833233169,9302.525833233169,9278.23517439607,1.5916091549710765,3.7161522015258477,0.0,-2.1245430465547717,-2.1245430465547717,150.0,2.4900096085436063,mean
1787,PCA3,15,AAVEUSDT,2026-07-22 13:44:00+00:00,2026-07-22 13:46:00+00:00,2026-07-22 14:46:00+00:00,9299.210401987319,9309.554123725069,9309.554123725069,9253.124328114634,23.718889546891283,3.7125356903679405,0.0,20.006353856523344,20.006353856523344,60.0,2.097166119084025,mean
1788,PCA3,15,SUIUSDT,2026-07-22 13:44:00+00:00,2026-07-22 13:46:00+00:00,2026-07-22 15:46:00+00:00,9299.210401987319,9304.179890627825,9304.179890627825,9359.57610158485,-2.7617172899310716,3.732751198442535,0.0,-6.494468488373606,-6.494468488373606,120.0,2.0230391816628512,mean
1790,PCA3,15,HBARUSDT,2026-07-22 14:59:00+00:00,2026-07-22 15:01:00+00:00,2026-07-22 17:31:00+00:00,9299.21591918674,9319.736854604014,9319.736854604014,9335.682326066533,13.29026381329236,3.7310838361341094,-0.027896283635815138,9.55917997715825,9.531283693522434,150.0,3.206611650786309,mean
1791,PCA3,15,BCHUSDT,2026-07-22 16:14:00+00:00,2026-07-22 16:16:00+00:00,2026-07-22 17:31:00+00:00,9291.920337264615,9283.633806904205,9283.633806904205,9293.014850694764,15.976693871400208,3.7153297315197937,0.0,12.261364139880413,12.261364139880413,75.0,-2.2910196350282543,mean
1789,PCA3,15,ADAUSDT,2026-07-22 13:59:00+00:00,2026-07-22 14:01:00+00:00,2026-07-22 18:16:00+00:00,9299.35325085382,9291.956219913594,9291.956219913594,9336.029048889744,-44.65160821254137,3.7255970537606675,0.2849382028237519,-48.377205266302035,-48.09226706347828,255.0,2.0685132468004026,timeout
1794,PCA3,15,AVAXUSDT,2026-07-22 20:44:00+00:00,2026-07-22 20:46:00+00:00,2026-07-22 22:01:00+00:00,9298.407009272803,9289.784744909834,9289.784744909834,9309.18850073924,7.92649846039549,3.719794649129815,0.0,4.206703811265676,4.206703811265676,75.0,2.1807644492064284,mean
1793,PCA3,15,ADAUSDT,2026-07-22 19:14:00+00:00,2026-07-22 19:16:00+00:00,2026-07-22 22:16:00+00:00,9301.272247034167,9308.79627860919,9308.79627860919,9358.197095316424,3.803845167324302,3.7333986747851227,0.0,0.07044649253917923,0.07044649253917923,180.0,-2.301767573013878,mean
1792,PCA3,15,HBARUSDT,2026-07-22 18:14:00+00:00,2026-07-22 18:16:00+00:00,2026-07-22 22:31:00+00:00,9298.251325715179,9293.967787845168,9293.967787845168,9372.020852592164,94.88909485350514,3.7331977280874664,0.0,91.15589712541768,91.15589712541768,255.0,-2.96403362961465,timeout
1796,PCA3,15,SOLUSDT,2026-07-23 00:14:00+00:00,2026-07-23 00:16:00+00:00,2026-07-23 01:31:00+00:00,9305.561518597142,9302.880032076731,9302.880032076731,9279.547916222866,12.339599653151836,3.7164855896599187,0.0,8.623114063491917,8.623114063491917,75.0,2.0327008271871287,mean
1795,PCA3,15,HBARUSDT,2026-07-22 22:44:00+00:00,2026-07-22 22:46:00+00:00,2026-07-23 02:46:00+00:00,9307.474933344047,9301.966188624654,9301.966188624654,9291.93965812782,-4.320694884612084,3.7187811693504953,0.19299388244479368,-8.039476053962579,-7.846482171517785,240.0,3.5415462821739996,mean
1798,PCA3,15,BNBUSDT,2026-07-23 03:29:00+00:00,2026-07-23 03:31:00+00:00,2026-07-23 04:31:00+00:00,9307.170127939005,9313.78041353107,9313.78041353107,9316.524845683523,11.87566302833551,3.726061051842919,0.0,8.14960197649259,8.14960197649259,60.0,2.0808418575395984,mean
1799,PCA3,15,DOTUSDT,2026-07-23 03:44:00+00:00,2026-07-23 03:46:00+00:00,2026-07-23 07:16:00+00:00,9306.780337763608,9310.630829649424,9310.630829649424,9284.835995669408,-0.411243694714006,3.7190933650637668,0.0,-4.130337059777773,-4.130337059777773,210.0,-2.2482261342104852,mean
1797,PCA3,15,FILUSDT,2026-07-23 03:14:00+00:00,2026-07-23 03:16:00+00:00,2026-07-23 07:31:00+00:00,9307.552596533245,9299.690837623415,9299.690837623415,9231.495418987382,-54.45756986231637,3.7062372513221593,0.0,-58.163807113638526,-58.163807113638526,255.0,-3.7276743900848737,timeout
1800,PCA3,15,SUIUSDT,2026-07-23 04:44:00+00:00,2026-07-23 04:46:00+00:00,2026-07-23 09:01:00+00:00,9311.041300486937,9310.971114787197,9310.971114787197,9350.537870262498,-38.36009730764084,3.7323017970099386,0.3009764789177376,-42.09239910465078,-41.79142262573304,255.0,2.2344955855431903,timeout
1801,PCA3,15,HBARUSDT,2026-07-23 08:14:00+00:00,2026-07-23 08:16:00+00:00,2026-07-23 10:16:00+00:00,9297.881180808043,9288.32278620293,9288.32278620293,9306.361014111928,5.5445375819668445,3.7189367600629715,0.0,1.8256008219038733,1.8256008219038733,120.0,2.1656823812033537,mean
1802,PCA3,15,TRXUSDT,2026-07-23 08:29:00+00:00,2026-07-23 08:31:00+00:00,2026-07-23 11:01:00+00:00,9295.989272435716,9300.522592965563,9300.522592965563,9312.630661389823,10.616344635533641,3.7226306508710767,0.0,6.893713984662564,6.893713984662564,150.0,-3.048703147639647,mean
1803,PCA3,15,LINKUSDT,2026-07-23 09:14:00+00:00,2026-07-23 09:16:00+00:00,2026-07-23 12:46:00+00:00,9296.184196628657,9293.568279798223,9293.568279798223,9201.832608491015,-2.255990416544722,3.6990801776578475,0.0,-5.95507059420257,-5.95507059420257,210.0,2.3280079788365837,mean
1805,PCA3,15,TRXUSDT,2026-07-23 11:44:00+00:00,2026-07-23 11:46:00+00:00,2026-07-23 14:01:00+00:00,9295.488637250908,9297.404783502228,9297.404783502228,9233.632759489077,55.5197381354717,3.7062075085982613,0.0,51.81353062687344,51.81353062687344,135.0,-2.2132186227072053,mean
1804,PCA3,15,HBARUSDT,2026-07-23 11:29:00+00:00,2026-07-23 11:31:00+00:00,2026-07-23 15:31:00+00:00,9297.363138044764,9301.760549773931,9301.760549773931,9138.69910328576,13.218409607656207,3.6880919306119386,0.0,9.530317677044268,9.530317677044268,240.0,-3.192086097693902,mean
1807,PCA3,15,NEARUSDT,2026-07-23 14:14:00+00:00,2026-07-23 14:16:00+00:00,2026-07-23 16:16:00+00:00,9299.528639062553,9298.269426973937,9298.269426973937,9241.062044028185,12.242375661276222,3.707866294200424,0.5109506966799217,8.534509367075799,9.045460063755721,120.0,2.29455025522811,mean
1806,PCA3,15,DOGEUSDT,2026-07-23 12:59:00+00:00,2026-07-23 13:01:00+00:00,2026-07-23 17:16:00+00:00,9300.628430206825,9306.89663450697,9306.89663450697,9160.662690767791,-69.27001511268577,3.693511865054952,0.2748687433242242,-72.96352697774073,-72.68865823441651,255.0,-3.755590187390692,timeout
1809,PCA3,15,HBARUSDT,2026-07-23 16:59:00+00:00,2026-07-23 17:01:00+00:00,2026-07-23 18:01:00+00:00,9298.014506018488,9304.559079178893,9304.559079178893,9229.34137650559,26.8439609022346,3.7067800911368964,0.0,23.137180811097704,23.137180811097704,60.0,2.2455396296864674,mean
1810,PCA3,15,SOLUSDT,2026-07-23 17:29:00+00:00,2026-07-23 17:31:00+00:00,2026-07-23 18:16:00+00:00,9298.708030488651,9296.610676781138,9296.610676781138,9255.046117343592,6.105975231869533,3.7103313588249462,0.0,2.3956438730445875,2.3956438730445875,45.0,-2.0158976012169214,mean
1808,PCA3,15,SUIUSDT,2026-07-23 15:44:00+00:00,2026-07-23 15:46:00+00:00,2026-07-23 18:31:00+00:00,9297.502868575013,9301.977259074221,9301.977259074221,9280.663941015624,2.601048767220026,3.7165282400179684,0.2744141002958616,-1.1154794727979425,-0.8410653725020809,165.0,-2.8461616599048134,mean
1812,PCA3,15,BCHUSDT,2026-07-23 18:29:00+00:00,2026-07-23 18:31:00+00:00,2026-07-23 20:46:00+00:00,9302.095600650317,9305.422696806892,9305.422696806892,9342.686631254823,8.362802390345086,3.729621865612343,0.0,4.633180524732743,4.633180524732743,135.0,-2.7245588585933826,mean
1811,PCA3,15,AVAXUSDT,2026-07-23 18:14:00+00:00,2026-07-23 18:16:00+00:00,2026-07-23 21:16:00+00:00,9299.93466514805,9303.86713088557,9303.86713088557,9380.16389730661,34.754430140589925,3.7368062056384357,0.0,31.01762393495149,31.01762393495149,180.0,-7.909515305825212,mean
1814,PCA3,15,LTCUSDT,2026-07-23 20:59:00+00:00,2026-07-23 21:01:00+00:00,2026-07-23 22:01:00+00:00,9303.43746528044,9311.976277592254,9311.976277592254,9271.901127440828,18.832220882429795,3.7167754810066165,0.0,15.115445401423178,15.115445401423178,60.0,2.060297938186307,mean
1813,PCA3,15,ETHUSDT,2026-07-23 19:14:00+00:00,2026-07-23 19:16:00+00:00,2026-07-23 23:01:00+00:00,9303.111578739288,9310.912103175777,9310.912103175777,9344.210452262918,-3.2411123067389656,3.731024511087739,0.0,-6.972136817826704,-6.972136817826704,225.0,-2.1627823949242697,mean
1815,PCA3,15,TRXUSDT,2026-07-23 21:29:00+00:00,2026-07-23 21:31:00+00:00,2026-07-24 01:01:00+00:00,9304.068597359013,9305.452820600145,9305.452820600145,9284.714291435013,-26.687784403684102,3.7180334224070317,0.24070365424559798,-30.405817826091134,-30.165114171845538,210.0,2.1827910347510016,mean
1816,PCA3,15,ETHUSDT,2026-07-24 00:44:00+00:00,2026-07-24 00:46:00+00:00,2026-07-24 02:16:00+00:00,9300.796905962221,9309.602769281159,9309.602769281159,9339.924593646425,10.469613507443684,3.729905472585517,0.0,6.739708034858168,6.739708034858168,90.0,-2.0368687556473666,mean
1817,PCA3,15,BTCUSDT,2026-07-24 03:44:00+00:00,2026-07-24 03:46:00+00:00,2026-07-24 05:31:00+00:00,9302.511536107331,9301.928673117252,9301.928673117252,9296.527784158743,6.635782341705029,3.719691291455199,0.0,2.91609105024983,2.91609105024983,105.0,2.0170248494103666,mean
1818,PCA3,15,UNIUSDT,2026-07-24 05:59:00+00:00,2026-07-24 06:01:00+00:00,2026-07-24 08:31:00+00:00,9302.803145212356,9299.526526271628,9299.526526271628,9323.383717146973,6.641423153570295,3.72458204868372,0.24443496765924128,2.9168411048865748,3.161276072545816,150.0,2.4499000312517456,mean
1819,PCA3,15,ETHUSDT,2026-07-24 07:14:00+00:00,2026-07-24 07:16:00+00:00,2026-07-24 09:01:00+00:00,9302.377024790076,9289.322908163087,9289.322908163087,9229.406542889425,19.751150782959492,3.7037458902105023,-0.027605469344143048,16.04740489274899,16.019799423404848,105.0,3.742647768110872,mean
1820,PCA3,15,TRXUSDT,2026-07-24 07:29:00+00:00,2026-07-24 07:31:00+00:00,2026-07-24 11:46:00+00:00,9303.028907222,9300.770882224235,9300.770882224235,9245.68725197411,-58.733748736041406,3.709291626839669,0.39107465887208565,-62.44304036288107,-62.051965704008985,255.0,2.6359058026223967,timeout
1821,PCA3,15,DOGEUSDT,2026-07-24 08:44:00+00:00,2026-07-24 08:46:00+00:00,2026-07-24 11:46:00+00:00,9303.337322333286,9302.489809437018,9302.489809437018,9210.171129162112,7.388421636353934,3.702532187719826,0.0,3.6858894486341076,3.6858894486341076,180.0,2.6378688554215644,mean
1822,PCA3,15,SUIUSDT,2026-07-24 09:14:00+00:00,2026-07-24 09:16:00+00:00,2026-07-24 12:46:00+00:00,9301.127343942548,9288.635308961317,9288.635308961317,9247.649475042099,-8.393960038548006,3.7072569568006832,0.0,-12.101216995348688,-12.101216995348688,210.0,-2.815569484864429,mean
1823,PCA3,15,NEARUSDT,2026-07-24 13:14:00+00:00,2026-07-24 13:16:00+00:00,2026-07-24 14:01:00+00:00,9297.67452343688,9297.402670531235,9297.402670531235,9317.587249951033,28.366373211020733,3.7229979840964535,0.0,24.643375226924277,24.643375226924277,45.0,-2.0669341366508727,mean
1825,PCA3,15,BNBUSDT,2026-07-24 13:44:00+00:00,2026-07-24 13:46:00+00:00,2026-07-24 15:01:00+00:00,9299.539830250069,9302.54044843394,9302.54044843394,9277.972375886942,8.00493389019356,3.7161025648641766,0.0,4.288831325329382,4.288831325329382,75.0,-2.1127848460064684,mean
1824,PCA3,15,HBARUSDT,2026-07-24 13:44:00+00:00,2026-07-24 13:46:00+00:00,2026-07-24 16:31:00+00:00,9299.539830250069,9300.114661555035,9300.114661555035,9262.711205464011,3.1851411587897838,3.712565173403809,0.20059574358936144,-0.5274240146140257,-0.3268282710246642,165.0,2.236558339966794,mean
1826,PCA3,15,BTCUSDT,2026-07-24 14:14:00+00:00,2026-07-24 14:16:00+00:00,2026-07-24 17:16:00+00:00,9298.711417389033,9297.291629221521,9297.291629221521,9295.073070092278,0.3282815932610668,3.7184729398627594,-0.3217677951969344,-3.390191346601693,-3.7119591417986273,180.0,-3.32399920014176,mean
1827,PCA3,15,NEARUSDT,2026-07-24 15:14:00+00:00,2026-07-24 15:16:00+00:00,2026-07-24 17:46:00+00:00,9299.277503880701,9304.653567556354,9304.653567556354,9316.95452454952,26.7818817734272,3.7243216184211745,-0.4836780183830263,23.05756015500603,22.573882136623002,150.0,-3.6162137632077997,mean
1828,PCA3,15,FILUSDT,2026-07-24 16:44:00+00:00,2026-07-24 16:46:00+00:00,2026-07-24 19:01:00+00:00,9300.504448708,9300.824884551084,9300.824884551084,9325.017276074996,4.0377068624913885,3.725168432125216,0.0,0.31253843036617246,0.31253843036617246,135.0,2.090771068089616,mean
1829,PCA3,15,DOTUSDT,2026-07-24 17:29:00+00:00,2026-07-24 17:31:00+00:00,2026-07-24 20:31:00+00:00,9298.52786699776,9298.988491603359,9298.988491603359,9314.745749466503,-6.712343876262064,3.7227468482139723,0.0,-10.435090724476035,-10.435090724476035,180.0,2.2060561740919913,mean
1830,PCA3,15,SUIUSDT,2026-07-24 18:29:00+00:00,2026-07-24 18:31:00+00:00,2026-07-24 21:01:00+00:00,9302.116784281518,9304.383337137726,9304.383337137726,9324.359612805103,-6.871011107948698,3.725748589988566,0.0,-10.596759697937264,-10.596759697937264,150.0,-2.2190383383407846,mean
1833,PCA3,15,SOLUSDT,2026-07-24 21:14:00+00:00,2026-07-24 21:16:00+00:00,2026-07-24 22:01:00+00:00,9298.126831835214,9299.481706712197,9299.481706712197,9292.774532129708,14.293353667475415,3.7184512477683813,0.0,10.574902419707033,10.574902419707033,45.0,-2.6201707720544483,mean
1831,PCA3,15,BNBUSDT,2026-07-24 19:14:00+00:00,2026-07-24 19:16:00+00:00,2026-07-24 23:01:00+00:00,9298.321102263992,9309.377139896798,9309.377139896798,9306.41955818963,9.220534814089582,3.7231593396172853,0.0,5.497375474472296,5.497375474472296,225.0,4.420379803095096,mean
1834,PCA3,15,UNIUSDT,2026-07-24 22:14:00+00:00,2026-07-24 22:16:00+00:00,2026-07-25 00:31:00+00:00,9305.503959040061,9307.335396072991,9307.335396072991,9360.55001988058,35.64170181779055,3.7335770831907142,-0.25580421094713696,31.908124734599834,31.652320523652698,135.0,-2.638490649413367,mean
1832,PCA3,15,HBARUSDT,2026-07-24 20:44:00+00:00,2026-07-24 20:46:00+00:00,2026-07-25 01:01:00+00:00,9301.286568487938,9303.693178493388,9303.693178493388,9174.566852176577,144.86734588667233,3.695652006133993,-0.21941537670826422,141.17169388053833,140.95227850383006,255.0,3.500328417619898,timeout
1837,PCA3,15,HBARUSDT,2026-07-25 01:14:00+00:00,2026-07-25 01:16:00+00:00,2026-07-25 02:01:00+00:00,9319.271132459646,9319.605008306013,9319.605008306013,9341.031989348294,26.23821967689356,3.732127399530861,0.0,22.5060922773627,22.5060922773627,45.0,-2.1387533070183813,mean
1835,PCA3,15,DOGEUSDT,2026-07-24 23:44:00+00:00,2026-07-24 23:46:00+00:00,2026-07-25 03:01:00+00:00,9314.99629854379,9316.051718869354,9316.051718869354,9325.807363307433,-3.6433721018291534,3.7283718164353568,0.001557456616211492,-7.37174391826451,-7.370186461648299,195.0,2.0190066618758844,mean
1836,PCA3,15,AAVEUSDT,2026-07-25 00:44:00+00:00,2026-07-25 00:46:00+00:00,2026-07-25 04:01:00+00:00,9320.236984001474,9320.665313703812,9320.665313703812,9315.109481470594,-14.813997375399856,3.7271549590348814,0.0,-18.541152334434734,-18.541152334434734,195.0,-2.809216289068268,mean
1840,PCA3,15,DOTUSDT,2026-07-25 04:14:00+00:00,2026-07-25 04:16:00+00:00,2026-07-25 05:16:00+00:00,9319.36942842149,9318.131930442385,9318.131930442385,9283.236772653663,23.636091959201554,3.7202737406192097,0.0,19.915818218582345,19.915818218582345,60.0,2.5458870730839456,mean
1838,PCA3,15,TRXUSDT,2026-07-25 03:14:00+00:00,2026-07-25 03:16:00+00:00,2026-07-25 07:31:00+00:00,9318.105523969058,9319.1331428855,9319.1331428855,9289.176557301658,23.737919679783932,3.7216619400374316,0.0,20.0162577397465,20.0162577397465,255.0,-2.238163298191678,timeout
1841,PCA3,15,DOTUSDT,2026-07-25 05:44:00+00:00,2026-07-25 05:46:00+00:00,2026-07-25 07:31:00+00:00,9317.35215667528,9318.376582437537,9318.376582437537,9282.249138417534,11.675025605675485,3.720125144171014,0.0,7.9549004615044705,7.9549004615044705,105.0,2.015165134088413,mean
1839,PCA3,15,UNIUSDT,2026-07-25 03:59:00+00:00,2026-07-25 04:01:00+00:00,2026-07-25 07:46:00+00:00,9319.96251501672,9322.280402481752,9322.280402481752,9242.458208024018,-44.11764227000501,3.712947722101154,0.0,-47.83058999210616,-47.83058999210616,225.0,-2.6392707606390946,mean
1842,PCA3,15,SUIUSDT,2026-07-25 07:44:00+00:00,2026-07-25 07:46:00+00:00,2026-07-25 09:31:00+00:00,9319.151266249304,9321.753823806195,9321.753823806195,9336.374669451798,11.899220564559482,3.731625698651599,0.14447568622797735,8.167594865907883,8.31207055213586,105.0,-2.243524201485957,mean
1843,PCA3,15,UNIUSDT,2026-07-25 09:29:00+00:00,2026-07-25 09:31:00+00:00,2026-07-25 11:16:00+00:00,9319.912138241718,9319.881515947329,9319.881515947329,9373.523606898232,45.04695157779547,3.7386810245691118,0.0,41.30827055322636,41.30827055322636,105.0,-2.1452084157982485,mean
1844,PCA3,15,LINKUSDT,2026-07-25 12:59:00+00:00,2026-07-25 13:01:00+00:00,2026-07-25 14:01:00+00:00,9323.844158158883,9322.959977708457,9322.959977708457,9323.12199983443,16.87541390087217,3.7292163955085775,0.0,13.146197505363595,13.146197505363595,60.0,2.2182160340665815,mean
1845,PCA3,15,AVAXUSDT,2026-07-25 13:44:00+00:00,2026-07-25 13:46:00+00:00,2026-07-25 18:01:00+00:00,9324.079247954609,9328.701329518743,9328.701329518743,9531.691747602847,-143.63894304386582,3.7720786154243173,0.44438404850544855,-147.41102165929016,-146.96663761078472,255.0,3.6775858977773304,timeout
1846,PCA3,15,SOLUSDT,2026-07-25 13:59:00+00:00,2026-07-25 14:01:00+00:00,2026-07-25 18:16:00+00:00,9320.315782488646,9312.616272672667,9312.616272672667,9400.658928885043,-4.836807214098096,3.7426550403115417,0.20644218358662303,-8.579462254409638,-8.373020070823015,255.0,-2.1259881909022824,timeout
1847,PCA3,15,BCHUSDT,2026-07-25 14:44:00+00:00,2026-07-25 14:46:00+00:00,2026-07-25 19:01:00+00:00,9314.861721758385,9312.988629484587,9312.988629484587,9361.514287035116,-33.86078293490656,3.734900583303941,0.2396888547676051,-37.5956835182105,-37.35599466344289,255.0,-2.041597235622255,timeout
1848,PCA3,15,DOGEUSDT,2026-07-25 18:14:00+00:00,2026-07-25 18:16:00+00:00,2026-07-25 20:16:00+00:00,9306.658144582678,9314.377071005572,9314.377071005572,9268.501421055622,43.15893664575694,3.716575698412239,0.0,39.4423609473447,39.4423609473447,120.0,5.378462943808426,mean
1849,PCA3,15,DOTUSDT,2026-07-25 18:29:00+00:00,2026-07-25 18:31:00+00:00,2026-07-25 21:31:00+00:00,9307.625913880525,9303.357958931732,9303.357958931732,9289.521817660023,3.2820770878706877,3.718575955318351,0.0,-0.43649886744766353,-0.43649886744766353,180.0,-2.29526314640771,mean
1850,PCA3,15,TRXUSDT,2026-07-25 19:59:00+00:00,2026-07-25 20:01:00+00:00,2026-07-25 21:46:00+00:00,9308.28774978528,9307.223239564466,9307.223239564466,9314.73776235093,15.585761563223263,3.724392200383079,0.0,11.861369362840184,11.861369362840184,105.0,-2.0294972435351513,mean
1852,PCA3,15,FILUSDT,2026-07-25 22:14:00+00:00,2026-07-25 22:16:00+00:00,2026-07-25 23:16:00+00:00,9311.627161244352,9312.980610975068,9312.980610975068,9278.623482294028,35.259095607824236,3.7183208186538192,0.0,31.540774789170413,31.540774789170413,60.0,2.8173875961821566,mean
1851,PCA3,15,AVAXUSDT,2026-07-25 21:14:00+00:00,2026-07-25 21:16:00+00:00,2026-07-25 23:31:00+00:00,9310.413360949393,9313.156711525975,9313.156711525975,9304.467794192251,16.17119685221429,3.7235249011436453,0.0,12.447671951070646,12.447671951070646,135.0,2.7669672109490415,mean
1853,PCA3,15,DOGEUSDT,2026-07-25 22:44:00+00:00,2026-07-25 22:46:00+00:00,2026-07-26 03:01:00+00:00,9311.044103979275,9304.382634840547,9304.382634840547,9338.393378826227,18.966331821030728,3.7285552027333555,-0.42863119410706707,15.237776618297373,14.809145424190305,255.0,-2.050530373653613,timeout
1854,PCA3,15,SOLUSDT,2026-07-26 00:29:00+00:00,2026-07-26 00:31:00+00:00,2026-07-26 03:01:00+00:00,9313.521747448134,9310.85664330575,9310.85664330575,9330.580085938027,-1.4323389960777821,3.728287345848755,0.0,-5.1606263419265375,-5.1606263419265375,150.0,2.264235374891404,mean
1855,PCA3,15,DOGEUSDT,2026-07-26 04:29:00+00:00,2026-07-26 04:31:00+00:00,2026-07-26 06:31:00+00:00,9316.339632401441,9316.89604899582,9316.89604899582,9267.379739634129,25.451508193095414,3.71685515772599,0.0,21.734653035369426,21.734653035369426,120.0,3.225742806460167,mean
1856,PCA3,15,AAVEUSDT,2026-07-26 06:44:00+00:00,2026-07-26 06:46:00+00:00,2026-07-26 09:01:00+00:00,9318.51309770498,9319.865454845976,9319.865454845976,9293.344507375248,34.03613893168991,3.7226419924442444,-0.03980087461615858,30.313496939245667,30.273696064629508,135.0,2.673027390870086,mean
1857,PCA3,15,FILUSDT,2026-07-26 08:59:00+00:00,2026-07-26 09:01:00+00:00,2026-07-26 10:01:00+00:00,9322.061938719098,9316.495987945618,9316.495987945618,9294.897518764295,25.073274799842782,3.7222787013419825,0.0,21.350996098500797,21.350996098500797,60.0,2.1821436342406693,mean
1859,PCA3,15,TRXUSDT,2026-07-26 10:44:00+00:00,2026-07-26 10:46:00+00:00,2026-07-26 14:16:00+00:00,9318.871388587264,9320.108772740592,9320.108772740592,9326.487238810498,1.0505123992533598,3.7293192023102186,0.0,-2.6788068030568586,-2.6788068030568586,210.0,2.307606213718521,mean
1858,PCA3,15,AAVEUSDT,2026-07-26 10:14:00+00:00,2026-07-26 10:16:00+00:00,2026-07-26 14:31:00+00:00,9323.675566921293,9325.351437601374,9325.351437601374,9410.629503301712,-94.254977122036,3.747196188180617,0.0,-98.0021733102166,-98.0021733102166,255.0,2.596970687967848,timeout
1860,PCA3,15,UNIUSDT,2026-07-26 11:14:00+00:00,2026-07-26 11:16:00+00:00,2026-07-26 15:16:00+00:00,9317.531584952952,9292.046614345049,9292.046614345049,9375.8353566147,-64.07722246079274,3.7335763941919495,0.0,-67.81079885498468,-67.81079885498468,240.0,5.546331725671753,mean
1862,PCA3,15,LTCUSDT,2026-07-26 14:44:00+00:00,2026-07-26 14:46:00+00:00,2026-07-26 15:16:00+00:00,9302.477896726514,9309.826168563292,9309.826168563292,9343.479271259119,22.002747968346632,3.7306610879644815,0.0,18.27208688038215,18.27208688038215,30.0,-2.048622759874749,mean
1864,PCA3,15,AAVEUSDT,2026-07-26 15:44:00+00:00,2026-07-26 15:46:00+00:00,2026-07-26 16:31:00+00:00,9305.732602377275,9306.715977884516,9306.715977884516,9291.13852511467,50.48339204605157,3.7195709005998374,0.23837812195495134,46.763821145451736,47.00219926740669,45.0,2.006142194108686,mean
1863,PCA3,15,LINKUSDT,2026-07-26 15:44:00+00:00,2026-07-26 15:46:00+00:00,2026-07-26 18:16:00+00:00,9305.732602377275,9304.114408762167,9304.114408762167,9303.08707416468,-19.54078740502398,3.72144029658537,-0.24967457654768882,-23.26222770160935,-23.51190227815704,150.0,2.0141905800331585,mean
1861,PCA3,15,ETHUSDT,2026-07-26 14:29:00+00:00,2026-07-26 14:31:00+00:00,2026-07-26 18:46:00+00:00,9308.116482634845,9304.360660312392,9304.360660312392,9378.532394928327,-32.8316815908001,3.736578611048144,-0.10669690050312391,-36.56826020184824,-36.674957102351364,255.0,2.6148316114039214,timeout
1865,PCA3,15,LTCUSDT,2026-07-26 16:44:00+00:00,2026-07-26 16:46:00+00:00,2026-07-26 20:01:00+00:00,9306.577484758185,9303.945255491382,9303.945255491382,9280.644714536673,-3.8875716498285042,3.716917994005611,0.0,-7.604489643834115,-7.604489643834115,195.0,2.929777639786337,mean
1866,PCA3,15,BCHUSDT,2026-07-26 18:29:00+00:00,2026-07-26 18:31:00+00:00,2026-07-26 21:01:00+00:00,9307.586920725003,9306.947946171385,9306.947946171385,9311.512030355876,-12.77816832291223,3.7236919953054524,0.0,-16.50186031821768,-16.50186031821768,150.0,2.506000534299666,mean
1867,PCA3,15,FILUSDT,2026-07-26 19:14:00+00:00,2026-07-26 19:16:00+00:00,2026-07-26 23:31:00+00:00,9300.881438915798,9303.821154826783,9303.821154826783,9390.222550727514,-21.092199271843192,3.7388087411108595,0.0,-24.83100801295405,-24.83100801295405,255.0,-2.014085662587684,timeout
1869,PCA3,15,ETHUSDT,2026-07-26 21:59:00+00:00,2026-07-26 22:01:00+00:00,2026-07-27 00:46:00+00:00,9304.665602761028,9358.60950453647,9358.60950453647,9373.743521529324,-9.417699561543774,3.7464706052131587,0.31575789842923,-13.164170166756934,-12.848412268327705,165.0,2.495088912079802,mean
1868,PCA3,15,AAVEUSDT,2026-07-26 20:44:00+00:00,2026-07-26 20:46:00+00:00,2026-07-27 01:01:00+00:00,9302.451222819125,9289.987048163455,9289.987048163455,9477.929688920092,-117.06021829776707,3.7535833474167095,0.2168061649066059,-120.81380164518377,-120.59699548027717,255.0,2.023759959868468,timeout
1871,PCA3,15,BNBUSDT,2026-07-27 00:59:00+00:00,2026-07-27 01:01:00+00:00,2026-07-27 02:01:00+00:00,9289.72940192671,9288.328729023338,9288.328729023338,9293.344429856961,7.308551344819877,3.7163346317760597,0.0,3.5922167130438174,3.5922167130438174,60.0,-2.2985901862717357,mean
1870,PCA3,15,LINKUSDT,2026-07-26 23:44:00+00:00,2026-07-26 23:46:00+00:00,2026-07-27 02:16:00+00:00,9289.31193024045,9294.594155824554,9294.594155824554,9233.770410223706,11.955012567266193,3.7056729132096518,0.2882906958802955,8.249339654056541,8.537630349936837,150.0,3.518810408987616,mean
1872,PCA3,15,NEARUSDT,2026-07-27 01:14:00+00:00,2026-07-27 01:16:00+00:00,2026-07-27 03:46:00+00:00,9289.956613340097,9283.300904709671,9283.300904709671,9291.848865992999,13.616001209830483,3.715029954140534,0.0,9.900971255689948,9.900971255689948,150.0,2.6973929545538375,mean
1873,PCA3,15,FILUSDT,2026-07-27 02:44:00+00:00,2026-07-27 02:46:00+00:00,2026-07-27 04:46:00+00:00,9290.756861804284,9294.412251598374,9294.412251598374,9271.506157952626,27.223688841590512,3.7131836819101998,0.0,23.51050515968031,23.51050515968031,120.0,2.7481432641263335,mean
1874,PCA3,15,UNIUSDT,2026-07-27 02:59:00+00:00,2026-07-27 03:01:00+00:00,2026-07-27 04:46:00+00:00,9288.992155325484,9292.39463525484,9292.39463525484,9262.597467129472,37.58759004851975,3.7109984204768622,0.0,33.87659162804289,33.87659162804289,105.0,2.081253650766543,mean
1875,PCA3,15,ETHUSDT,2026-07-27 04:44:00+00:00,2026-07-27 04:46:00+00:00,2026-07-27 09:01:00+00:00,9297.28852395713,9286.824001764531,9286.824001764531,9278.168636673356,-33.83337385774829,3.712998527687577,0.15754127511720808,-37.546372385435866,-37.388831110318655,255.0,2.0515942070793893,timeout
1876,PCA3,15,LINKUSDT,2026-07-27 05:59:00+00:00,2026-07-27 06:01:00+00:00,2026-07-27 09:16:00+00:00,9295.455441462937,9294.184704081723,9294.184704081723,9220.70993915968,11.602284881177896,3.702978928648281,0.2360960011218095,7.899305952529616,8.135401953651426,195.0,2.4107692155748386,mean
1877,PCA3,15,FILUSDT,2026-07-27 06:14:00+00:00,2026-07-27 06:16:00+00:00,2026-07-27 09:16:00+00:00,9295.2999506856,9299.921204450537,9299.921204450537,9204.776990640657,-11.745605597873624,3.700939639018239,-0.058125091638563345,-15.446545236891863,-15.504670328530427,180.0,-2.0581903618497925,mean
1879,PCA3,15,TRXUSDT,2026-07-27 11:14:00+00:00,2026-07-27 11:16:00+00:00,2026-07-27 12:46:00+00:00,9292.502080895521,9290.676625978791,9290.676625978791,9297.785933453486,16.819399147016007,3.7176925118864554,0.0,13.101706635129553,13.101706635129553,90.0,-2.4008117275176133,mean
1878,PCA3,15,BCHUSDT,2026-07-27 10:44:00+00:00,2026-07-27 10:46:00+00:00,2026-07-27 13:46:00+00:00,9292.562836690957,9294.282694521897,9294.282694521897,9310.473532834245,5.162097099313734,3.7209512454712286,0.0,1.441145853842506,1.441145853842506,180.0,2.9754515059873534,mean
1880,PCA3,15,ETHUSDT,2026-07-27 12:29:00+00:00,2026-07-27 12:31:00+00:00,2026-07-27 14:01:00+00:00,9294.024273849709,9299.04719368766,9299.04719368766,9346.31446818329,19.027247691100055,3.72907233237419,0.0,15.298175358725864,15.298175358725864,90.0,-2.460156483632481,mean
1881,PCA3,15,SOLUSDT,2026-07-27 12:59:00+00:00,2026-07-27 13:01:00+00:00,2026-07-27 14:31:00+00:00,9293.475776685716,9290.127223198391,9290.127223198391,9130.37593936344,18.08533933255965,3.684100632512366,0.0,14.401238700047282,14.401238700047282,90.0,2.2900030557912174,mean
1883,PCA3,15,XLMUSDT,2026-07-27 14:44:00+00:00,2026-07-27 14:46:00+00:00,2026-07-27 18:01:00+00:00,9296.98706334573,9307.870687724526,9307.870687724526,9374.733531885557,-6.07824324588779,3.7365208439220163,-0.05761944938264123,-9.814764089809806,-9.872383539192448,195.0,-2.7589403660064638,mean
1884,PCA3,15,ADAUSDT,2026-07-27 14:44:00+00:00,2026-07-27 14:46:00+00:00,2026-07-27 18:46:00+00:00,9296.98706334573,9310.108260652252,9310.108260652252,9320.697189639426,-22.54073596752667,3.7261610900583353,0.9108977164810212,-26.266897057585005,-25.355999341103985,240.0,-2.5880392589029695,mean
1882,PCA3,15,BTCUSDT,2026-07-27 14:44:00+00:00,2026-07-27 14:46:00+00:00,2026-07-27 19:01:00+00:00,9296.98706334573,9310.027434574744,9310.027434574744,9348.344983206627,-8.22134063582441,3.7316744835562745,0.33539528646825884,-11.953015119380684,-11.617619832912425,255.0,2.825522398317442,timeout
1887,PCA3,15,ETHUSDT,2026-07-27 19:14:00+00:00,2026-07-27 19:16:00+00:00,2026-07-27 20:31:00+00:00,9292.134071896025,9293.284300014482,9293.284300014482,9284.208533737334,7.9084546696918165,3.7154985667503633,0.0,4.192956102941453,4.192956102941453,75.0,2.011796448045375,mean
1885,PCA3,15,BNBUSDT,2026-07-27 18:14:00+00:00,2026-07-27 18:16:00+00:00,2026-07-27 21:01:00+00:00,9293.49092425854,9280.498431017832,9280.498431017832,9288.615782342602,1.9736427704069013,3.7138228426720867,0.0,-1.7401800722651855,-1.7401800722651855,165.0,3.9216051148739055,mean
1886,PCA3,15,NEARUSDT,2026-07-27 18:59:00+00:00,2026-07-27 19:01:00+00:00,2026-07-27 22:01:00+00:00,9290.735083550562,9288.515926090027,9288.515926090027,9267.61620485007,-4.980531274167921,3.7112264261880195,0.0,-8.691757700355941,-8.691757700355941,180.0,-3.2863941102170515,mean
1889,PCA3,15,XRPUSDT,2026-07-27 22:44:00+00:00,2026-07-27 22:46:00+00:00,2026-07-27 23:01:00+00:00,9292.377422293292,9270.954116289391,9270.954116289391,9214.99257525865,30.81888892713041,3.697189338309608,0.0,27.121699588820803,27.121699588820803,15.0,-2.470890289829576,mean
1890,PCA3,15,SUIUSDT,2026-07-27 22:59:00+00:00,2026-07-27 23:01:00+00:00,2026-07-28 00:16:00+00:00,9285.84312203495,9267.10291850094,9267.10291850094,9296.941139130182,20.747202738733396,3.712808811526224,0.1476637847316654,17.03439392720717,17.182057711938835,75.0,-2.4790824745799434,mean
1888,PCA3,15,DOTUSDT,2026-07-27 22:14:00+00:00,2026-07-27 22:16:00+00:00,2026-07-28 01:31:00+00:00,9291.678564907443,9289.390228838356,9289.390228838356,9055.48135298131,-35.99338161963334,3.6689743163639332,0.38041628932466637,-39.66235593599727,-39.281939646672605,195.0,-2.0181022979171455,mean
1891,PCA3,15,TRXUSDT,2026-07-27 23:14:00+00:00,2026-07-27 23:16:00+00:00,2026-07-28 03:31:00+00:00,9287.182803418274,9282.164466607956,9282.164466607956,9264.379920646265,-3.9298331510507762,3.7093088774508436,0.8286477450980055,-7.639142028501619,-6.810494283403614,255.0,-2.792002313732433,timeout
1892,PCA3,15,ETHUSDT,2026-07-28 00:29:00+00:00,2026-07-28 00:31:00+00:00,2026-07-28 04:01:00+00:00,9288.61025827127,9278.021253244182,9278.021253244182,9275.972942958464,1.5548258783189974,3.710798839240529,0.0,-2.155972960921532,-2.155972960921532,210.0,-3.502623836111632,mean
1893,PCA3,15,BTCUSDT,2026-07-28 01:44:00+00:00,2026-07-28 01:46:00+00:00,2026-07-28 04:46:00+00:00,9291.35231008235,9288.156403958028,9288.156403958028,9309.414600774855,-6.254350768722843,3.7195142009465765,0.0,-9.97386496966942,-9.97386496966942,180.0,-2.649419001014529,mean
1894,PCA3,15,SOLUSDT,2026-07-28 03:44:00+00:00,2026-07-28 03:46:00+00:00,2026-07-28 05:16:00+00:00,9290.41337084441,9286.688401705034,9286.688401705034,9288.090459856934,3.6663615812392587,3.7149557723123934,0.0,-0.048594191073134674,-0.048594191073134674,90.0,-2.353039714184165,mean
1895,PCA3,15,NEARUSDT,2026-07-28 05:44:00+00:00,2026-07-28 05:46:00+00:00,2026-07-28 07:01:00+00:00,9290.281854032344,9291.233040282921,9291.233040282921,9321.616377006054,31.80048797350445,3.722569883457795,0.0,28.07791809004665,28.07791809004665,75.0,-2.09150538603398,mean
1896,PCA3,15,DOTUSDT,2026-07-28 05:59:00+00:00,2026-07-28 06:01:00+00:00,2026-07-28 07:01:00+00:00,9289.605006932079,9294.54358544103,9294.54358544103,9271.244125203317,50.582271132441996,3.713157542128869,0.0,46.86911359031313,46.86911359031313,60.0,2.5450896867143658,mean
1897,PCA3,15,ADAUSDT,2026-07-28 06:29:00+00:00,2026-07-28 06:31:00+00:00,2026-07-28 10:31:00+00:00,9295.263293197599,9295.244934980605,9295.244934980605,9307.877721285582,-16.436843905387942,3.720624531253237,-0.2987105675546383,-20.15746843664118,-20.45617900419582,240.0,2.132872577649593,mean
1898,PCA3,15,ETHUSDT,2026-07-28 09:59:00+00:00,2026-07-28 10:01:00+00:00,2026-07-28 12:46:00+00:00,9295.107808779952,9297.046341793728,9297.046341793728,9316.869124724186,11.007419635870086,3.7227830933035824,0.0,7.284636542566503,7.284636542566503,165.0,-2.2678315681495893,mean
1899,PCA3,15,UNIUSDT,2026-07-28 10:29:00+00:00,2026-07-28 10:31:00+00:00,2026-07-28 14:46:00+00:00,9295.688443439512,9308.455778289872,9308.455778289872,9398.697052472671,-107.87516063372453,3.7414305661525087,0.0,-111.61659119987705,-111.61659119987705,255.0,2.337473955987071,timeout
1901,PCA3,15,BCHUSDT,2026-07-28 13:59:00+00:00,2026-07-28 14:01:00+00:00,2026-07-28 15:31:00+00:00,9277.871441067731,9289.855245018378,9289.855245018378,9413.220573667473,20.93946402733193,3.7406151637371705,0.0,17.19884886359476,17.19884886359476,90.0,-2.0974432555033635,mean
1900,PCA3,15,NEARUSDT,2026-07-28 12:59:00+00:00,2026-07-28 13:01:00+00:00,2026-07-28 15:46:00+00:00,9285.673583653686,9286.623402372355,9286.623402372355,9346.046515261194,-13.555941131055423,3.7265339835267097,0.0,-17.282475114582134,-17.282475114582134,165.0,-2.1533561200757068,mean
1903,PCA3,15,SOLUSDT,2026-07-28 15:44:00+00:00,2026-07-28 15:46:00+00:00,2026-07-28 17:31:00+00:00,9286.955479317103,9286.036749929008,9286.036749929008,9219.714794452195,23.479386788944183,3.7011503088762403,-0.27225353663677987,19.778236480067942,19.505982943431164,105.0,3.4594646009493664,mean
1902,PCA3,15,AAVEUSDT,2026-07-28 14:59:00+00:00,2026-07-28 15:01:00+00:00,2026-07-28 18:16:00+00:00,9282.2218063882,9291.954157699722,9291.954157699722,9350.473329884935,-13.619969891586358,3.7284854975169317,0.10866216853121666,-17.34845538910329,-17.23979322057207,195.0,3.310205260806213,mean
1905,PCA3,15,ADAUSDT,2026-07-28 17:59:00+00:00,2026-07-28 18:01:00+00:00,2026-07-28 19:16:00+00:00,9286.905482556975,9295.499878167078,9295.499878167078,9271.134341338553,26.464468092524328,3.713326843901126,0.0,22.751141248623203,22.751141248623203,75.0,2.181821175171456,mean
1904,PCA3,15,ETHUSDT,2026-07-28 15:59:00+00:00,2026-07-28 16:01:00+00:00,2026-07-28 20:16:00+00:00,9287.39879145752,9286.54396545301,9286.54396545301,9286.196709924518,-3.2990464411202343,3.7145481350755056,0.0,-7.0135945761957394,-7.0135945761957394,255.0,3.3154549365099153,timeout
1906,PCA3,15,XRPUSDT,2026-07-28 21:59:00+00:00,2026-07-28 22:01:00+00:00,2026-07-29 02:16:00+00:00,9287.089754848661,9278.868202070029,9278.868202070029,9280.814807265033,-45.538948802811014,3.7119366018670124,0.08734546796358454,-49.25088540467803,-49.16353993671444,255.0,2.313446029005725,timeout
1907,PCA3,15,ADAUSDT,2026-07-28 22:14:00+00:00,2026-07-28 22:16:00+00:00,2026-07-29 02:31:00+00:00,9286.122080208097,9305.486583608465,9305.486583608465,9343.301042611278,-45.51236234959379,3.7297575252439485,0.2229455684966481,-49.24211987483774,-49.01917430634109,255.0,3.3580676608970816,timeout
1908,PCA3,15,SOLUSDT,2026-07-28 22:44:00+00:00,2026-07-28 22:46:00+00:00,2026-07-29 02:31:00+00:00,9286.25026805433,9277.791180948705,9277.791180948705,9297.537322551996,-12.190201596739032,3.7150657007001406,0.0630950402184104,-15.905267297439172,-15.842172257220762,225.0,-2.359412012001584,mean
1910,PCA3,15,ADAUSDT,2026-07-29 02:44:00+00:00,2026-07-29 02:46:00+00:00,2026-07-29 04:46:00+00:00,9275.8204502385,9280.289075667117,9280.289075667117,9119.848449898227,77.60762555289296,3.6800275051130686,0.0,73.92759804777988,73.92759804777988,120.0,5.864518171376823,mean
1911,PCA3,15,FILUSDT,2026-07-29 03:29:00+00:00,2026-07-29 03:31:00+00:00,2026-07-29 04:46:00+00:00,9280.446379715477,9259.02209952882,9259.02209952882,9267.08260918933,24.076854719535763,3.7052209417436304,0.0,20.371633777792134,20.371633777792134,75.0,-2.215818511181066,mean
1909,PCA3,15,XRPUSDT,2026-07-29 02:29:00+00:00,2026-07-29 02:31:00+00:00,2026-07-29 06:46:00+00:00,9275.76415426292,9278.44501892021,9278.44501892021,9294.345200758604,-43.17238200054887,3.714558043935763,0.0,-46.88694004448464,-46.88694004448464,255.0,4.066043421699299,timeout
1914,PCA3,15,SOLUSDT,2026-07-29 06:59:00+00:00,2026-07-29 07:01:00+00:00,2026-07-29 09:01:00+00:00,9277.619776842332,9273.886263726514,9273.886263726514,9264.048606802347,1.4398387527084169,3.707586974105772,-0.1891894757328822,-2.2677482213973548,-2.456937697130237,120.0,2.030981045855838,mean
1912,PCA3,15,LTCUSDT,2026-07-29 04:59:00+00:00,2026-07-29 05:01:00+00:00,2026-07-29 09:16:00+00:00,9281.359998598962,9282.864313726104,9282.864313726104,9317.129332962386,-15.763969405189394,3.719998729337698,-0.12651661801738953,-19.483968134527093,-19.610484752544483,255.0,-3.700637637303155,timeout
1913,PCA3,15,BTCUSDT,2026-07-29 04:59:00+00:00,2026-07-29 05:01:00+00:00,2026-07-29 09:16:00+00:00,9281.359998598962,9282.628632325095,9282.628632325095,9338.75708590792,-10.146032224491872,3.724277143646603,0.33477702549729493,-13.870309368138475,-13.53553234264118,255.0,2.2715084276007103,timeout
1916,PCA3,15,NEARUSDT,2026-07-29 10:59:00+00:00,2026-07-29 11:01:00+00:00,2026-07-29 11:46:00+00:00,9264.212072428028,9272.59285775277,9272.59285775277,9285.127595600808,21.963623358758337,3.7115440906707162,0.0,18.252079268087623,18.252079268087623,45.0,-2.074590489236267,mean
1915,PCA3,15,UNIUSDT,2026-07-29 09:14:00+00:00,2026-07-29 09:16:00+00:00,2026-07-29 13:31:00+00:00,9277.101173603485,9292.333475068728,9292.333475068728,9410.182650345127,-167.1465732454794,3.7405032250827706,0.0,-170.88707647056216,-170.88707647056216,255.0,2.00567223572749,timeout
1917,PCA3,15,TRXUSDT,2026-07-29 11:14:00+00:00,2026-07-29 11:16:00+00:00,2026-07-29 13:31:00+00:00,9263.619610414822,9267.113696237753,9267.113696237753,9238.880586179856,-5.306161009880343,3.7011988564835216,0.0,-9.007359866363865,-9.007359866363865,135.0,2.2639168466617234,mean
1920,PCA3,15,BTCUSDT,2026-07-29 13:59:00+00:00,2026-07-29 14:01:00+00:00,2026-07-29 14:16:00+00:00,9259.151711296074,9252.170355454966,9252.170355454966,9216.331840093753,5.432902857892772,3.693700439109744,0.0,1.7392024187830282,1.7392024187830282,15.0,2.007758552960687,mean
1919,PCA3,15,LINKUSDT,2026-07-29 13:44:00+00:00,2026-07-29 13:46:00+00:00,2026-07-29 16:01:00+00:00,9259.135723965546,9254.972188533478,9254.972188533478,9187.426705900541,-6.838461432493452,3.688479778886803,-0.162182144854248,-10.526941211380255,-10.689123356234502,135.0,-2.443378130485615,mean
1918,PCA3,15,XRPUSDT,2026-07-29 12:29:00+00:00,2026-07-29 12:31:00+00:00,2026-07-29 16:46:00+00:00,9264.432989353621,9258.670023314862,9258.670023314862,9188.753223317819,-6.6012944445057915,3.6894846493265367,-0.37202080373784324,-10.290779093832327,-10.66279989757017,255.0,-2.8926959736204316,timeout
1922,PCA3,15,DOTUSDT,2026-07-29 16:29:00+00:00,2026-07-29 16:31:00+00:00,2026-07-29 17:01:00+00:00,9258.645482494407,9253.979089859082,9253.979089859082,9220.869001816793,23.168810435419793,3.6949696183351746,0.0,19.473840817084618,19.473840817084618,30.0,2.259420435856668,mean
1923,PCA3,15,BTCUSDT,2026-07-29 16:59:00+00:00,2026-07-29 17:01:00+00:00,2026-07-29 18:01:00+00:00,9252.916762102726,9256.346264429469,9256.346264429469,9350.522129503384,3.087207248328647,3.7213736787865708,0.0,-0.6341664304579238,-0.6341664304579238,60.0,-2.052355296965211,mean
1924,PCA3,15,ETHUSDT,2026-07-29 17:59:00+00:00,2026-07-29 18:01:00+00:00,2026-07-29 18:31:00+00:00,9254.471789923618,9289.188317310904,9289.188317310904,9245.94856620585,17.103001373971107,3.707027376703351,0.0,13.395973997267756,13.395973997267756,30.0,2.027928144336511,mean
1926,PCA3,15,XLMUSDT,2026-07-29 18:44:00+00:00,2026-07-29 18:46:00+00:00,2026-07-29 20:01:00+00:00,9258.320282854596,9253.378624686073,9253.378624686073,9122.324404614428,14.133857386651231,3.6751406058601006,0.0,10.45871678079113,10.45871678079113,75.0,-2.7410776530667724,mean
1925,PCA3,15,XRPUSDT,2026-07-29 18:14:00+00:00,2026-07-29 18:16:00+00:00,2026-07-29 20:16:00+00:00,9256.391718768315,9255.288051313806,9255.288051313806,9122.05929435181,14.125614445135238,3.675469469133123,0.0,10.450144976002115,10.450144976002115,120.0,3.0309825757824047,mean
1921,PCA3,15,FILUSDT,2026-07-29 16:29:00+00:00,2026-07-29 16:31:00+00:00,2026-07-29 20:46:00+00:00,9258.645482494407,9254.761659538286,9254.761659538286,9090.234680997299,-95.8736629221199,3.668999268107117,0.0,-99.54266219022703,-99.54266219022703,255.0,-2.2622426391923574,timeout
1929,PCA3,15,BNBUSDT,2026-07-29 20:59:00+00:00,2026-07-29 21:01:00+00:00,2026-07-29 21:46:00+00:00,9253.75015935233,9256.847009436164,9256.847009436164,9279.539652048577,18.617967503499703,3.707277332296948,0.0,14.910690171202754,14.910690171202754,45.0,2.291534831869885,mean
1927,PCA3,15,BCHUSDT,2026-07-29 20:14:00+00:00,2026-07-29 20:16:00+00:00,2026-07-29 22:01:00+00:00,9254.973552877229,9259.098312071557,9259.098312071557,9317.39501464983,30.381789149196983,3.715298665344277,0.0,26.666490483852705,26.666490483852705,105.0,-3.309706963889317,mean
1928,PCA3,15,AAVEUSDT,2026-07-29 20:29:00+00:00,2026-07-29 20:31:00+00:00,2026-07-30 00:46:00+00:00,9253.167035946928,9245.825613451125,9245.825613451125,9221.8487287403,-118.30214638536351,3.6935348684382854,0.6028090539536586,-121.99568125380179,-121.39287219984813,255.0,-2.7800757594924335,timeout
1931,PCA3,15,BCHUSDT,2026-07-29 23:14:00+00:00,2026-07-29 23:16:00+00:00,2026-07-30 01:01:00+00:00,9251.994790284485,9251.187917904621,9251.187917904621,9211.501478868498,33.2642632479794,3.692537879354624,-0.12007441775673566,29.571725368624776,29.45165095086804,105.0,2.947626657388269,mean
1930,PCA3,15,ADAUSDT,2026-07-29 22:14:00+00:00,2026-07-29 22:16:00+00:00,2026-07-30 01:16:00+00:00,9254.017262155494,9248.905888620555,9248.905888620555,9234.423165190681,-14.405635066550664,3.696665810762247,-0.1721686495066651,-18.10230087731291,-18.274469526819576,180.0,-2.081619280998792,mean
1933,PCA3,15,AAVEUSDT,2026-07-30 01:14:00+00:00,2026-07-30 01:16:00+00:00,2026-07-30 01:46:00+00:00,9248.463293148861,9251.703787805198,9251.703787805198,9374.913025099051,50.59803949982919,3.7253233625808493,0.0,46.87271613724834,46.87271613724834,30.0,-2.0306581919044526,mean
1932,PCA3,15,FILUSDT,2026-07-30 00:59:00+00:00,2026-07-30 01:01:00+00:00,2026-07-30 02:01:00+00:00,9246.680164282545,9244.506342164601,9244.506342164601,9321.764576122534,19.15596198255246,3.713254183657427,0.0,15.442707798895029,15.442707798895029,60.0,2.1460615770251503,mean
1936,PCA3,15,ADAUSDT,2026-07-30 09:14:00+00:00,2026-07-30 09:16:00+00:00,2026-07-30 09:46:00+00:00,9255.398725043875,9247.41151198781,9247.41151198781,9228.077713195189,33.537515223281574,3.6950978450365994,0.0,29.842417378244974,29.842417378244974,30.0,2.013913653333206,mean
1934,PCA3,15,TRXUSDT,2026-07-30 07:44:00+00:00,2026-07-30 07:46:00+00:00,2026-07-30 10:46:00+00:00,9253.47056828371,9254.025894115937,9254.025894115937,9290.337355951426,37.15791907737826,3.7088726500134723,-0.5661287455841228,33.44904642736479,32.88291768178067,180.0,3.129034406014645,mean
1937,PCA3,15,LTCUSDT,2026-07-30 09:59:00+00:00,2026-07-30 10:01:00+00:00,2026-07-30 12:01:00+00:00,9258.014293116601,9264.96358049167,9264.96358049167,9313.807567513993,6.556364465738743,3.7157542296011328,0.0,2.8406102361376107,2.8406102361376107,120.0,-2.4918638213712248,mean
1935,PCA3,15,BNBUSDT,2026-07-30 08:44:00+00:00,2026-07-30 08:46:00+00:00,2026-07-30 13:01:00+00:00,9255.398783788005,9258.356583332774,9258.356583332774,9351.854274057236,-38.30184953962833,3.7220421714780016,0.0,-42.02389171110633,-42.02389171110633,255.0,2.816111796414448,timeout
1938,PCA3,15,LINKUSDT,2026-07-30 11:59:00+00:00,2026-07-30 12:01:00+00:00,2026-07-30 14:16:00+00:00,9254.372114538686,9260.622952166454,9260.622952166454,9275.132409876438,4.663217134165976,3.7071510724085783,0.0,0.9560660617573975,0.9560660617573975,135.0,2.3527088646535295,mean
1940,PCA3,15,ADAUSDT,2026-07-30 13:44:00+00:00,2026-07-30 13:46:00+00:00,2026-07-30 16:46:00+00:00,9246.846497906554,9254.920439964944,9254.920439964944,9351.843204048337,-70.24129260793474,3.721352728802656,0.1584870177549869,-73.9626453367374,-73.8041583189824,180.0,2.7147183863068043,mean
1939,PCA3,15,UNIUSDT,2026-07-30 12:44:00+00:00,2026-07-30 12:46:00+00:00,2026-07-30 17:01:00+00:00,9256.54758146587,9257.795939326677,9257.795939326677,9644.969950777868,-275.8025883619115,3.7805531780209085,0.17006180174078445,-279.5831415399324,-279.41307973819164,255.0,2.029438608952048,stop
1941,PCA3,15,BCHUSDT,2026-07-30 14:29:00+00:00,2026-07-30 14:31:00+00:00,2026-07-30 17:16:00+00:00,9239.39215984923,9249.138935178815,9249.138935178815,9277.617587810608,-3.832860535359206,3.705351304597885,0.2133187165471857,-7.538211839957091,-7.324893123409906,165.0,4.502567168500652,mean
1944,PCA3,15,LINKUSDT,2026-07-30 17:29:00+00:00,2026-07-30 17:31:00+00:00,2026-07-30 18:31:00+00:00,9220.193674293589,9224.918511508975,9224.918511508975,9239.92702669881,12.196116210770537,3.6929691076415567,0.0,8.503147103128981,8.503147103128981,60.0,-2.0686900266658372,mean
1942,PCA3,15,ETHUSDT,2026-07-30 16:59:00+00:00,2026-07-30 17:01:00+00:00,2026-07-30 19:16:00+00:00,9216.431610608273,9216.190706644264,9216.190706644264,9223.252191209589,1.393692834606601,3.68788857957077,0.0,-2.2941957449641692,-2.2941957449641692,135.0,-2.671702558876456,mean
1945,PCA3,15,BNBUSDT,2026-07-30 18:44:00+00:00,2026-07-30 18:46:00+00:00,2026-07-30 19:31:00+00:00,9224.696031571742,9225.639330212565,9225.639330212565,9224.64215333458,17.8944654347099,3.690056296709429,0.0,14.20440913800047,14.20440913800047,45.0,2.051124441851323,mean
1946,PCA3,15,XRPUSDT,2026-07-30 19:29:00+00:00,2026-07-30 19:31:00+00:00,2026-07-30 20:01:00+00:00,9226.178241901438,9227.373903803953,9227.373903803953,9227.197876455137,9.9193362467584,3.6909143560518176,0.0,6.228421890706582,6.228421890706582,30.0,-2.1017719336695344,mean
1943,PCA3,15,FILUSDT,2026-07-30 17:29:00+00:00,2026-07-30 17:31:00+00:00,2026-07-30 21:46:00+00:00,9220.193674293589,9234.628557930946,9234.628557930946,9197.05893305373,14.135039884806993,3.6863374981969352,0.0,10.448702386610057,10.448702386610057,255.0,6.07888985468626,timeout
1947,PCA3,15,NEARUSDT,2026-07-30 20:14:00+00:00,2026-07-30 20:16:00+00:00,2026-07-30 22:16:00+00:00,9223.879050619797,9222.674906882374,9222.674906882374,9205.450167449613,17.17686864411038,3.685625014866397,0.0,13.491243629243984,13.491243629243984,120.0,2.0460723670197924,mean
1949,PCA3,15,LTCUSDT,2026-07-30 21:59:00+00:00,2026-07-30 22:01:00+00:00,2026-07-30 23:46:00+00:00,9223.482797037801,9211.183549595378,9211.183549595378,9205.416082068845,10.350457850550981,3.683319926332845,0.0,6.667137924218136,6.667137924218136,105.0,2.2930649132123535,mean
1948,PCA3,15,SUIUSDT,2026-07-30 20:44:00+00:00,2026-07-30 20:46:00+00:00,2026-07-31 00:31:00+00:00,9221.619415852596,9218.805316260705,9218.805316260705,9178.664636543483,-13.551421140844196,3.6794939905608377,0.1159389011198641,-17.230915131405034,-17.11497623028517,225.0,-2.2535136310560593,mean
1950,PCA3,15,SOLUSDT,2026-07-31 01:14:00+00:00,2026-07-31 01:16:00+00:00,2026-07-31 02:01:00+00:00,9223.879556140002,9212.411515758657,9212.411515758657,9141.304694280356,15.99192150426952,3.670743242007802,0.0,12.321178262261718,12.321178262261718,45.0,2.4012692665711777,mean
1953,PCA3,15,UNIUSDT,2026-07-31 02:44:00+00:00,2026-07-31 02:46:00+00:00,2026-07-31 03:01:00+00:00,9225.56206007702,9232.740156542784,9232.740156542784,9151.773656958654,77.06430101325516,3.6769027627002875,0.0,73.38739825055487,73.38739825055487,15.0,2.1008206483782783,mean
1951,PCA3,15,ADAUSDT,2026-07-31 02:29:00+00:00,2026-07-31 02:31:00+00:00,2026-07-31 04:01:00+00:00,9225.111673966228,9230.138554989573,9230.138554989573,9212.693288300692,20.642789654010443,3.6885663686580528,0.0,16.954223285352388,16.954223285352388,90.0,2.1461946798870266,mean
1954,PCA3,15,SOLUSDT,2026-07-31 04:29:00+00:00,2026-07-31 04:31:00+00:00,2026-07-31 05:31:00+00:00,9234.262060562447,9237.65423070211,9237.65423070211,9256.863386991592,18.32340864980131,3.698903523538741,0.0,14.624505126262568,14.624505126262568,60.0,-2.2006847410245727,mean
1952,PCA3,15,BTCUSDT,2026-07-31 02:44:00+00:00,2026-07-31 02:46:00+00:00,2026-07-31 06:31:00+00:00,9225.56206007702,9228.806456862003,9228.806456862003,9259.49549342453,-3.4006813518653987,3.697660390057307,0.0,-7.098341741922705,-7.098341741922705,225.0,-2.1067736669969706,mean
1955,PCA3,15,HBARUSDT,2026-07-31 05:29:00+00:00,2026-07-31 05:31:00+00:00,2026-07-31 06:31:00+00:00,9235.374925183343,9234.868843119488,9234.868843119488,9241.932794371556,15.125087352025549,3.6953603274982085,0.0,11.42972702452734,11.42972702452734,60.0,2.034976219371767,mean
1956,PCA3,15,BNBUSDT,2026-07-31 06:59:00+00:00,2026-07-31 07:01:00+00:00,2026-07-31 08:01:00+00:00,9236.041425160705,9230.637947837273,9230.637947837273,9213.555901731776,10.647732322805034,3.6888387699138097,0.019865962346273136,6.958893552891223,6.978759515237496,60.0,2.0897222570792335,mean
1957,PCA3,15,LINKUSDT,2026-07-31 07:14:00+00:00,2026-07-31 07:16:00+00:00,2026-07-31 08:46:00+00:00,9234.033556699416,9229.25491192765,9229.25491192765,9269.526808887493,15.516125978169095,3.6997563441630286,0.14922328013959668,11.816369634006067,11.965592914145663,90.0,-2.110110996527942,mean
1958,PCA3,15,ETHUSDT,2026-07-31 07:29:00+00:00,2026-07-31 07:31:00+00:00,2026-07-31 09:31:00+00:00,9232.659180652283,9241.959424957733,9241.959424957733,9223.54603698075,0.3318490542782816,3.6931010923876966,0.057268490213830986,-3.361252038109415,-3.303983547895584,120.0,-2.256896936626267,mean
1959,PCA3,15,BTCUSDT,2026-07-31 08:14:00+00:00,2026-07-31 08:16:00+00:00,2026-07-31 10:01:00+00:00,9237.06194788277,9234.897620229207,9234.897620229207,9179.74640943163,20.914606148124157,3.682928805932167,0.0,17.23167734219199,17.23167734219199,105.0,-2.824665044121115,mean
1960,PCA3,15,ADAUSDT,2026-07-31 09:14:00+00:00,2026-07-31 09:16:00+00:00,2026-07-31 11:01:00+00:00,9237.692805102426,9229.572442045474,9229.572442045474,9201.814897681541,18.357973143686,3.686277467945403,0.0,14.671695675740597,14.671695675740597,105.0,2.486328060859522,mean
1961,PCA3,15,BCHUSDT,2026-07-31 09:44:00+00:00,2026-07-31 09:46:00+00:00,2026-07-31 12:46:00+00:00,9240.809026898525,9240.499648043959,9240.499648043959,9231.724081238175,1.6384291136453986,3.6944447458564267,0.0,-2.056015632211028,-2.056015632211028,180.0,-4.139384337670869,mean
1962,PCA3,15,TRXUSDT,2026-07-31 10:14:00+00:00,2026-07-31 10:16:00+00:00,2026-07-31 13:01:00+00:00,9241.155344645817,9238.90747431528,9238.90747431528,9255.715932046998,-0.09135930050451213,3.6989246812724557,0.0,-3.790283981776968,-3.790283981776968,165.0,-3.9877305389494113,mean
1965,PCA3,15,NEARUSDT,2026-07-31 13:59:00+00:00,2026-07-31 14:01:00+00:00,2026-07-31 15:46:00+00:00,9237.309190888698,9250.670248063454,9250.670248063454,9197.103547465871,26.99829114579894,3.6895547591058646,0.0,23.308736386693077,23.308736386693077,105.0,3.1266295379693227,mean
1963,PCA3,15,LINKUSDT,2026-07-31 13:44:00+00:00,2026-07-31 13:46:00+00:00,2026-07-31 17:01:00+00:00,9240.21116938925,9238.80405664993,9238.80405664993,9211.022829795731,-17.33699174633492,3.6899653772891314,-0.2157926656283462,-21.026957123624054,-21.2427497892524,195.0,-2.161952695661286,mean
1966,PCA3,15,XLMUSDT,2026-07-31 15:59:00+00:00,2026-07-31 16:01:00+00:00,2026-07-31 17:31:00+00:00,9236.063791914541,9246.879465959213,9246.879465959213,9274.189046657923,29.460222544734897,3.704213702523427,0.0,25.75600884221147,25.75600884221147,90.0,4.787396104631291,mean
1964,PCA3,15,BTCUSDT,2026-07-31 13:44:00+00:00,2026-07-31 13:46:00+00:00,2026-07-31 17:46:00+00:00,9240.21116938925,9245.430628916023,9245.430628916023,9224.347271596522,-45.24029030258197,3.693955580102509,-0.2887606631658311,-48.93424588268447,-49.2230065458503,240.0,-2.095715258401615,mean
1967,PCA3,15,NEARUSDT,2026-07-31 17:14:00+00:00,2026-07-31 17:16:00+00:00,2026-07-31 17:46:00+00:00,9238.43728461771,9244.710041053195,9244.710041053195,9219.682115425243,50.85732169625843,3.6928784312956875,0.0,47.16444326496274,47.16444326496274,30.0,2.946715363132133,mean
1970,PCA3,15,SOLUSDT,2026-07-31 18:59:00+00:00,2026-07-31 19:01:00+00:00,2026-07-31 19:46:00+00:00,9240.169293772964,9250.646742280427,9250.646742280427,9228.035733423445,11.2314900222868,3.695736495140774,0.0,7.535753527146028,7.535753527146028,45.0,-2.1036846980426627,mean
1969,PCA3,15,XLMUSDT,2026-07-31 18:14:00+00:00,2026-07-31 18:16:00+00:00,2026-07-31 20:16:00+00:00,9242.304825827005,9246.162247491153,9246.162247491153,9226.928580933927,5.6627701008670615,3.694618165685016,0.0,1.9681519351820456,1.9681519351820456,120.0,-2.1609095684583326,mean
1968,PCA3,15,SUIUSDT,2026-07-31 17:44:00+00:00,2026-07-31 17:46:00+00:00,2026-07-31 20:31:00+00:00,9243.295700709308,9247.095024752436,9247.095024752436,9210.255210489935,-8.833701381327261,3.6914700470484743,0.0,-12.525171428375735,-12.525171428375735,165.0,-2.52090336315936,mean
1972,PCA3,15,ADAUSDT,2026-07-31 21:44:00+00:00,2026-07-31 21:46:00+00:00,2026-08-01 00:01:00+00:00,9241.81105445406,9242.77235954098,9242.77235954098,9234.532210855054,4.308419273517256,3.6954609140792067,-0.28196522784017,0.612958359438049,0.330993131597879,135.0,-2.0642927822459347,mean
1971,PCA3,15,AAVEUSDT,2026-07-31 21:14:00+00:00,2026-07-31 21:16:00+00:00,2026-08-01 00:31:00+00:00,9242.48538600852,9240.603247155284,9240.603247155284,9242.907163962958,-2.941998870953012,3.6967020822236485,0.6674381419051595,-6.63870095317666,-5.971262811271501,195.0,-3.487529755581021,mean
1973,PCA3,15,LTCUSDT,2026-07-31 22:59:00+00:00,2026-07-31 23:01:00+00:00,2026-08-01 02:31:00+00:00,9238.90140115849,9245.996288816737,9245.996288816737,9295.231574752534,-7.439758221892539,3.708245572713854,0.32810533562386396,-11.148003794606392,-10.819898458982529,210.0,-2.7724333731702626,mean
1974,PCA3,15,HBARUSDT,2026-08-01 00:44:00+00:00,2026-08-01 00:46:00+00:00,2026-08-01 04:16:00+00:00,9241.451400825425,9247.53697440667,9247.53697440667,9308.25543258223,-43.64424766842355,3.71115848139778,0.0,-47.355406149821334,-47.355406149821334,210.0,2.1095747915983005,mean
1975,PCA3,15,AAVEUSDT,2026-08-01 00:59:00+00:00,2026-08-01 01:01:00+00:00,2026-08-01 05:16:00+00:00,9239.369457999052,9255.867870341619,9255.867870341619,9277.808275402676,-11.400978706741475,3.706735229148859,0.0,-15.107713935890335,-15.107713935890335,255.0,-3.3942897704004293,timeout
1976,PCA3,15,UNIUSDT,2026-08-01 05:14:00+00:00,2026-08-01 05:16:00+00:00,2026-08-01 08:31:00+00:00,9234.822437737354,9229.246329953146,9229.246329953146,9117.400389217786,-69.30474827055241,3.6693293438341867,-0.16475791759360695,-72.97407761438659,-73.13883553198019,195.0,-2.0161878910686,mean
1978,PCA3,15,LINKUSDT,2026-08-01 08:29:00+00:00,2026-08-01 08:31:00+00:00,2026-08-01 10:46:00+00:00,9227.539570942445,9231.802220013928,9231.802220013928,9198.923394774152,-4.61302477759641,3.6861451229576163,0.0,-8.299169900554025,-8.299169900554025,135.0,-2.2399559741633333,mean
1979,PCA3,15,ADAUSDT,2026-08-01 08:44:00+00:00,2026-08-01 08:46:00+00:00,2026-08-01 12:16:00+00:00,9226.612331710056,9222.134723595384,9222.134723595384,9213.823802609864,-10.955928783473636,3.68719170524105,0.0,-14.643120488714686,-14.643120488714686,210.0,2.377231664719848,mean
1977,PCA3,15,BNBUSDT,2026-08-01 08:29:00+00:00,2026-08-01 08:31:00+00:00,2026-08-01 12:46:00+00:00,9227.539570942445,9228.712982914578,9228.712982914578,9156.891490068321,-54.15710472789255,3.6771208945965803,0.0,-57.83422562248913,-57.83422562248913,255.0,-2.660142684766015,timeout
1982,PCA3,15,ADAUSDT,2026-08-01 13:14:00+00:00,2026-08-01 13:16:00+00:00,2026-08-01 14:31:00+00:00,9218.97152994389,9216.433537721696,9216.433537721696,9181.528290836917,41.700885059443635,3.6795923657117227,0.0,38.021292693731915,38.021292693731915,75.0,2.1434719485299314,mean
1980,PCA3,15,DOTUSDT,2026-08-01 12:14:00+00:00,2026-08-01 12:16:00+00:00,2026-08-01 16:31:00+00:00,9219.248196899496,9219.510956024415,9219.510956024415,9273.690454851952,-51.19620531570017,3.6986402821752735,0.32902251996619547,-54.894845597875445,-54.56582307790925,255.0,2.25201390760489,timeout
1981,PCA3,15,BNBUSDT,2026-08-01 12:59:00+00:00,2026-08-01 13:01:00+00:00,2026-08-01 16:31:00+00:00,9218.35289252649,9216.478410581292,9216.478410581292,9218.331844406717,-0.5790144993824915,3.686962050997602,-0.29141544985454826,-4.265976550380094,-4.557392000234642,210.0,-2.7102090521314643,mean
1983,PCA3,15,SOLUSDT,2026-08-01 17:29:00+00:00,2026-08-01 17:31:00+00:00,2026-08-01 20:31:00+00:00,9217.091329793268,9203.580411267343,9203.580411267343,9128.973914884113,1.7481790313644305,3.6665108652302916,0.0,-1.9183318338658608,-1.9183318338658608,180.0,-3.2912761999582107,mean
1984,PCA3,15,AVAXUSDT,2026-08-01 18:44:00+00:00,2026-08-01 18:46:00+00:00,2026-08-01 22:31:00+00:00,9216.357576079039,9147.29014072344,9147.29014072344,9272.514190839098,16.734241233476627,3.683960866312508,0.0,13.050280367164119,13.050280367164119,225.0,-3.224193660535638,mean
1985,PCA3,15,ETHUSDT,2026-08-01 18:44:00+00:00,2026-08-01 18:46:00+00:00,2026-08-01 22:31:00+00:00,9216.357576079039,9194.891448465538,9194.891448465538,9295.808889466618,-0.14906055125800244,3.698140067586431,0.0,-3.8472006188444334,-3.8472006188444334,225.0,-2.417340637552875,mean
1986,PCA3,15,NEARUSDT,2026-08-02 01:14:00+00:00,2026-08-02 01:16:00+00:00,2026-08-02 02:16:00+00:00,9217.819804584715,9216.429514210111,9216.429514210111,9267.539964156444,25.53699274272289,3.696793895673311,0.0,21.840198847049578,21.840198847049578,60.0,2.0194275467758858,mean
1987,PCA3,15,LINKUSDT,2026-08-02 02:29:00+00:00,2026-08-02 02:31:00+00:00,2026-08-02 06:16:00+00:00,9220.00382446942,9215.611292176749,9215.611292176749,9308.82449531241,-23.99023531098444,3.704887157497832,0.0,-27.69512246848227,-27.69512246848227,225.0,2.348671831321854,mean
1988,PCA3,15,ADAUSDT,2026-08-02 02:44:00+00:00,2026-08-02 02:46:00+00:00,2026-08-02 07:01:00+00:00,9220.523035960869,9227.348566213514,9227.348566213514,9432.261302742256,-123.11944757699881,3.7319219737911538,0.0,-126.85136955078997,-126.85136955078997,255.0,2.334712337571613,timeout
1989,PCA3,15,DOTUSDT,2026-08-02 04:14:00+00:00,2026-08-02 04:16:00+00:00,2026-08-02 08:01:00+00:00,9215.681407324444,9217.662842674305,9217.662842674305,9273.343990026595,-4.594710894763091,3.6982013665401805,-0.06860190868221215,-8.292912261303272,-8.361514169985483,225.0,-2.2354191480854873,mean
1990,PCA3,15,AVAXUSDT,2026-08-02 06:29:00+00:00,2026-08-02 06:31:00+00:00,2026-08-02 09:01:00+00:00,9204.258807625596,9209.019576615208,9209.019576615208,9177.325161925033,9.310458230406299,3.6772689477080482,0.03447915709181642,5.63318928269825,5.6676684397900665,150.0,4.694453565571968,mean
1991,PCA3,15,ETHUSDT,2026-08-02 07:29:00+00:00,2026-08-02 07:31:00+00:00,2026-08-02 10:16:00+00:00,9201.737765354466,9201.490285933702,9201.490285933702,9163.823147334657,-2.6211377759974854,3.6730626866536715,0.09240277795587776,-6.2942004626511565,-6.201797684695279,165.0,-2.077072338091903,mean
1992,PCA3,15,TRXUSDT,2026-08-02 09:59:00+00:00,2026-08-02 10:01:00+00:00,2026-08-02 12:31:00+00:00,9203.481082824172,9201.44550230621,9201.44550230621,9185.113572655946,19.996858097136982,3.6773118149924313,0.0,16.31954628214455,16.31954628214455,150.0,-2.4205459112698913,mean
1994,PCA3,15,ADAUSDT,2026-08-02 11:59:00+00:00,2026-08-02 12:01:00+00:00,2026-08-02 13:46:00+00:00,9205.37547297602,9216.05246398253,9216.05246398253,9202.949101255761,20.82571769445641,3.6838003130476586,0.0,17.141917381408753,17.141917381408753,105.0,2.128895094629785,mean
1995,PCA3,15,FILUSDT,2026-08-02 12:44:00+00:00,2026-08-02 12:46:00+00:00,2026-08-02 15:16:00+00:00,9204.250311394984,9204.973121909825,9204.973121909825,9208.71464411783,20.71278094780882,3.6827375532055315,0.0,17.030043394603286,17.030043394603286,150.0,2.3017260731805074,mean
1993,PCA3,15,ETHUSDT,2026-08-02 11:59:00+00:00,2026-08-02 12:01:00+00:00,2026-08-02 15:31:00+00:00,9205.37547297602,9214.318376931054,9214.318376931054,9233.481659044426,-0.3216489644768185,3.6895600071950962,0.0,-4.011208971671914,-4.011208971671914,210.0,-2.433051805730459,mean
1996,PCA3,15,BNBUSDT,2026-08-02 16:14:00+00:00,2026-08-02 16:16:00+00:00,2026-08-02 19:46:00+00:00,9208.307640734653,9208.158088158347,9208.158088158347,9248.003826451248,-0.778225714565254,3.6912323829219185,0.0,-4.4694580974871725,-4.4694580974871725,210.0,2.085915005107418,mean
1997,PCA3,15,DOGEUSDT,2026-08-02 18:44:00+00:00,2026-08-02 18:46:00+00:00,2026-08-02 20:16:00+00:00,9208.452052387132,9197.982024876506,9197.982024876506,9168.773796111082,18.539385624669194,3.673351164197518,0.0,14.866034460471674,14.866034460471674,90.0,2.053147409444778,mean
1998,PCA3,15,SOLUSDT,2026-08-02 19:29:00+00:00,2026-08-02 19:31:00+00:00,2026-08-02 22:46:00+00:00,9208.558450559403,9207.642899125707,9207.642899125707,9238.217063537308,-2.021239523880461,3.689171992532603,0.0,-5.710411516413064,-5.710411516413064,195.0,2.0505484780666983,mean
2001,PCA3,15,TRXUSDT,2026-08-03 00:14:00+00:00,2026-08-03 00:16:00+00:00,2026-08-03 01:31:00+00:00,9208.857181218771,9210.210352367294,9210.210352367294,9201.781311675568,25.11226523472447,3.6823983328085723,0.0,21.4298669019159,21.4298669019159,75.0,-2.035865120253942,mean
1999,PCA3,15,LINKUSDT,2026-08-02 22:59:00+00:00,2026-08-02 23:01:00+00:00,2026-08-03 02:16:00+00:00,9208.776257219311,9207.096256192559,9207.096256192559,9121.157331868955,12.820592257634782,3.6656507176123023,0.12387098099213971,9.154941540022481,9.27881252101462,195.0,2.0970667195535673,mean
2000,PCA3,15,UNIUSDT,2026-08-03 00:14:00+00:00,2026-08-03 00:16:00+00:00,2026-08-03 02:16:00+00:00,9208.857181218771,9219.062310634721,9219.062310634721,9196.794693714937,30.38810620068607,3.6831714008699317,0.0,26.70493479981614,26.70493479981614,120.0,-2.155164131475582,mean
2002,PCA3,15,SUIUSDT,2026-08-03 02:14:00+00:00,2026-08-03 02:16:00+00:00,2026-08-03 06:31:00+00:00,9214.790483607105,9212.858609254487,9212.858609254487,9205.172457078708,-26.478150248680766,3.683606213266639,0.0,-30.161756461947405,-30.161756461947405,255.0,2.0380329513102113,timeout
2003,PCA3,15,DOGEUSDT,2026-08-03 07:14:00+00:00,2026-08-03 07:16:00+00:00,2026-08-03 08:31:00+00:00,9211.501442995392,9208.65815673373,9208.65815673373,9183.627841638045,11.699140298906608,3.678457199674355,0.0780694418738275,8.020683099232253,8.09875254110608,75.0,-2.6286406971224103,mean
2004,PCA3,15,DOTUSDT,2026-08-03 08:44:00+00:00,2026-08-03 08:46:00+00:00,2026-08-03 09:46:00+00:00,9212.311318249504,9220.287373712263,9220.287373712263,9232.107178772156,26.116594882179754,3.690478910496884,0.0,22.42611597168287,22.42611597168287,60.0,2.1146799049402984,mean
2005,PCA3,15,TRXUSDT,2026-08-03 09:29:00+00:00,2026-08-03 09:31:00+00:00,2026-08-03 12:16:00+00:00,9213.814904958823,9215.818088939031,9215.818088939031,9225.48532634056,8.25826793874247,3.688260683055918,0.0,4.570007255686552,4.570007255686552,165.0,2.0101224428143905,mean
2006,PCA3,15,ADAUSDT,2026-08-03 09:44:00+00:00,2026-08-03 09:46:00+00:00,2026-08-03 14:01:00+00:00,9214.40298810847,9212.945107914586,9212.945107914586,9427.96885684036,-131.89793458220734,3.7281827929509888,0.0,-135.62611737515832,-135.62611737515832,255.0,2.169635579808122,timeout
2007,PCA3,15,LINKUSDT,2026-08-03 10:59:00+00:00,2026-08-03 11:01:00+00:00,2026-08-03 14:16:00+00:00,9213.783868641794,9213.352587535359,9213.352587535359,9283.252215837589,3.0741686347422608,3.69932096067459,0.0,-0.6251523259323288,-0.6251523259323288,195.0,-2.171080591064367,mean
2008,PCA3,15,DOTUSDT,2026-08-03 12:29:00+00:00,2026-08-03 12:31:00+00:00,2026-08-03 15:31:00+00:00,9211.294939650568,9210.444788007597,9210.444788007597,9332.148157958582,-6.830641538240029,3.708518589193236,0.0,-10.539160127433265,-10.539160127433265,180.0,2.516122447100834,mean
2009,PCA3,15,BTCUSDT,2026-08-03 14:29:00+00:00,2026-08-03 14:31:00+00:00,2026-08-03 18:16:00+00:00,9199.046630295108,9189.871598772543,9189.871598772543,9227.94315330035,-0.08858267656792973,3.683562950414579,-0.1891279159164737,-3.7721456269825087,-3.9612735428989825,225.0,3.529669472705634,mean
2010,PCA3,15,UNIUSDT,2026-08-03 14:59:00+00:00,2026-08-03 15:01:00+00:00,2026-08-03 19:16:00+00:00,9197.935248713433,9190.113516538868,9190.113516538868,9031.014191128157,-158.72798580340157,3.6442255415334053,0.5051594038754458,-162.37221134493498,-161.86705194105954,255.0,-2.3628341050107857,timeout
2011,PCA3,15,LINKUSDT,2026-08-03 15:44:00+00:00,2026-08-03 15:46:00+00:00,2026-08-03 19:31:00+00:00,9190.880426786809,9197.640747136706,9197.640747136706,9213.96164294963,-7.411766597570093,3.6823204780172674,-0.18806106851686394,-11.09408707558736,-11.282148144104225,225.0,-2.4921808418277887,mean
2012,PCA3,15,DOTUSDT,2026-08-03 20:29:00+00:00,2026-08-03 20:31:00+00:00,2026-08-03 21:46:00+00:00,9182.620840226582,9184.261075067865,9184.261075067865,9196.539838398503,24.046239201291975,3.6761601826932733,0.0,20.3700790185987,20.3700790185987,75.0,-2.0118810641190032,mean
2014,PCA3,15,DOTUSDT,2026-08-04 01:44:00+00:00,2026-08-04 01:46:00+00:00,2026-08-04 04:31:00+00:00,9170.931512780964,9176.171707436883,9176.171707436883,9175.474428838399,-0.29341241183048794,3.6703292272550563,0.0,-3.963741639085544,-3.963741639085544,165.0,2.5255775068581805,mean
2015,PCA3,15,XLMUSDT,2026-08-04 02:59:00+00:00,2026-08-04 03:01:00+00:00,2026-08-04 04:31:00+00:00,9165.333585979213,9166.9219374292,9166.9219374292,9183.93258349318,26.293750635837284,3.6701709041844763,0.0,22.62357973165281,22.62357973165281,90.0,-2.295238404930891,mean
2013,PCA3,15,AVAXUSDT,2026-08-04 01:14:00+00:00,2026-08-04 01:16:00+00:00,2026-08-04 05:31:00+00:00,9184.657848128441,9192.59400190488,9192.59400190488,9395.395292069283,-139.30805568705773,3.717597858794832,0.0,-143.02565354585255,-143.02565354585255,255.0,2.1606752838670285,timeout
2016,PCA3,15,TRXUSDT,2026-08-04 08:59:00+00:00,2026-08-04 09:01:00+00:00,2026-08-04 10:01:00+00:00,9172.221266583114,9171.234077190777,9171.234077190777,9160.288389887568,7.116430435762558,3.6663044934156686,0.0,3.450125942346889,3.450125942346889,60.0,2.5077278138175725,mean
2017,PCA3,15,HBARUSDT,2026-08-04 10:14:00+00:00,2026-08-04 10:16:00+00:00,2026-08-04 11:01:00+00:00,9172.566279177348,9173.82295248358,9173.82295248358,9173.244801442377,36.72439027083579,3.6694135507851917,0.0,33.0549767200506,33.0549767200506,45.0,2.717028138402775,mean
2019,PCA3,15,ETHUSDT,2026-08-04 12:44:00+00:00,2026-08-04 12:46:00+00:00,2026-08-04 14:01:00+00:00,9175.822978900474,9170.010714409902,9170.010714409902,9106.774886530948,14.850722852719121,3.65535712018817,0.0,11.195365732530952,11.195365732530952,75.0,2.3556894840430878,mean
2018,PCA3,15,SOLUSDT,2026-08-04 12:29:00+00:00,2026-08-04 12:31:00+00:00,2026-08-04 15:01:00+00:00,9175.871776849352,9172.584574464958,9172.584574464958,9166.921857524514,2.3749221954305053,3.667901286397894,0.0,-1.2929790909673886,-1.2929790909673886,150.0,2.602152569262181,mean
2021,PCA3,15,LINKUSDT,2026-08-04 14:14:00+00:00,2026-08-04 14:16:00+00:00,2026-08-04 15:16:00+00:00,9175.09889953004,9169.060231172321,9169.060231172321,9186.149645030426,10.376745476540513,3.6710419752405494,0.0,6.705703501299965,6.705703501299965,60.0,2.003958550518488,mean
2023,PCA3,15,TRXUSDT,2026-08-04 15:59:00+00:00,2026-08-04 16:01:00+00:00,2026-08-04 16:16:00+00:00,9176.807708109045,9176.610224732889,9176.610224732889,9193.124318251757,20.377595759959696,3.673946908596929,0.0,16.703648851362765,16.703648851362765,15.0,-2.645756438091285,mean
2020,PCA3,15,HBARUSDT,2026-08-04 13:29:00+00:00,2026-08-04 13:31:00+00:00,2026-08-04 16:46:00+00:00,9175.797666765742,9175.158896739329,9175.158896739329,9167.393399597378,6.453544372899171,3.668510459267342,-0.21633903989415323,2.785033913631829,2.568694873737676,195.0,-3.840834845429725,mean
2025,PCA3,15,TRXUSDT,2026-08-04 16:59:00+00:00,2026-08-04 17:01:00+00:00,2026-08-04 17:16:00+00:00,9179.268553522366,9182.214207324787,9182.214207324787,9173.931104217787,24.43167804965217,3.6712290623085146,0.0,20.760448987343654,20.760448987343654,15.0,3.0140600307892735,mean
2024,PCA3,15,DOTUSDT,2026-08-04 16:29:00+00:00,2026-08-04 16:31:00+00:00,2026-08-04 18:16:00+00:00,9178.257667112379,9178.198622839966,9178.198622839966,9175.83710499639,43.88585141900456,3.670807145567271,0.0,40.21504427343729,40.21504427343729,105.0,3.921499181579085,mean
2022,PCA3,15,AAVEUSDT,2026-08-04 15:29:00+00:00,2026-08-04 15:31:00+00:00,2026-08-04 19:16:00+00:00,9174.888013411472,9173.094626174483,9173.094626174483,9268.028301935778,3.193468767169904,3.6882245856220526,0.5073196515276803,-0.4947558184521488,0.01256383307553155,225.0,-2.589538480436388,mean
2026,PCA3,15,TRXUSDT,2026-08-04 20:29:00+00:00,2026-08-04 20:31:00+00:00,2026-08-05 00:46:00+00:00,9185.558625945534,9185.900422284634,9185.900422284634,9144.981446166748,-13.925191508928402,3.6661763736902766,0.9360781090408301,-17.591367882618677,-16.655289773577845,255.0,-2.0307761466630243,timeout
2027,PCA3,15,DOTUSDT,2026-08-04 21:59:00+00:00,2026-08-04 22:01:00+00:00,2026-08-05 01:31:00+00:00,9183.666697461615,9182.334606442468,9182.334606442468,9196.996005664043,-44.135222797008986,3.675866122421302,0.19537927512181533,-47.81108891943028,-47.61570964430847,210.0,3.0803872287031595,mean
2028,PCA3,15,XLMUSDT,2026-08-05 00:44:00+00:00,2026-08-05 00:46:00+00:00,2026-08-05 03:16:00+00:00,9175.848813982268,9177.51111251675,9177.51111251675,9193.873214280047,12.024870225224188,3.674276865359359,0.0,8.350593359864828,8.350593359864828,150.0,-3.252801874307984,mean
2029,PCA3,15,BNBUSDT,2026-08-05 00:59:00+00:00,2026-08-05 01:01:00+00:00,2026-08-05 04:16:00+00:00,9174.182702682172,9172.995121259504,9172.995121259504,9183.166417978582,-15.976931287558529,3.6712323078476166,0.0,-19.648163595406146,-19.648163595406146,195.0,2.367691027403961,mean
2031,PCA3,15,NEARUSDT,2026-08-05 03:29:00+00:00,2026-08-05 03:31:00+00:00,2026-08-05 05:16:00+00:00,9178.130615475866,9183.141898419417,9183.141898419417,9254.99644303512,35.136515381602784,3.687627668290907,0.0,31.44888771331188,31.44888771331188,105.0,-2.533349675307864,mean
2032,PCA3,15,DOTUSDT,2026-08-05 04:29:00+00:00,2026-08-05 04:31:00+00:00,2026-08-05 06:31:00+00:00,9178.559485485903,9178.663765959624,9178.663765959624,9225.348992146148,9.336505433676372,3.680802551621154,0.0,5.655702882055217,5.655702882055217,120.0,-2.018939645706189,mean
2030,PCA3,15,SOLUSDT,2026-08-05 02:44:00+00:00,2026-08-05 02:46:00+00:00,2026-08-05 06:46:00+00:00,9176.21267004017,9177.767287520775,9177.767287520775,9136.29244542199,0.5455715513527496,3.662811946588553,0.0,-3.1172403952358034,-3.1172403952358034,240.0,2.008129757217968,mean
2034,PCA3,15,ADAUSDT,2026-08-05 09:14:00+00:00,2026-08-05 09:16:00+00:00,2026-08-05 12:01:00+00:00,9182.228932428317,9184.753901452394,9184.753901452394,9177.609049552633,-16.83644537832759,3.6724725902010054,0.0,-20.508917968528596,-20.508917968528596,165.0,2.0284900156149224,mean
2033,PCA3,15,TRXUSDT,2026-08-05 08:59:00+00:00,2026-08-05 09:01:00+00:00,2026-08-05 12:16:00+00:00,9181.400504000207,9181.555524664813,9181.555524664813,9189.404428488495,1.1342860311965515,3.6741919906306615,0.0,-2.53990595943411,-2.53990595943411,195.0,2.45676777987614,mean
2035,PCA3,15,BCHUSDT,2026-08-05 10:44:00+00:00,2026-08-05 10:46:00+00:00,2026-08-05 13:01:00+00:00,9178.0401765193,9152.710530640092,9152.710530640092,9156.177327052024,11.171521865590883,3.6617775715384235,0.0,7.50974429405246,7.50974429405246,135.0,3.2294021730998,mean
2036,PCA3,15,SUIUSDT,2026-08-05 13:44:00+00:00,2026-08-05 13:46:00+00:00,2026-08-05 14:31:00+00:00,9179.846596036818,9174.951269688643,9174.951269688643,9210.731567457744,12.428962253847908,3.677136567429277,0.0,8.75182568641863,8.75182568641863,45.0,-2.2123807595320333,mean
2037,PCA3,15,UNIUSDT,2026-08-05 14:14:00+00:00,2026-08-05 14:16:00+00:00,2026-08-05 15:46:00+00:00,9180.57065814858,9190.5457982976,9190.5457982976,9117.436714537087,57.335085316560004,3.6615965025669377,0.0,53.67348881399307,53.67348881399307,90.0,2.164396550540435,mean
2039,PCA3,15,BTCUSDT,2026-08-05 15:14:00+00:00,2026-08-05 15:16:00+00:00,2026-08-05 17:16:00+00:00,9178.394372914228,9171.134225875794,9171.134225875794,9181.954150481173,8.475361961255837,3.6706176752713935,0.06389139100280378,4.804744285984444,4.868635676987247,120.0,2.0437857111021254,mean
2040,PCA3,15,HBARUSDT,2026-08-05 15:59:00+00:00,2026-08-05 16:01:00+00:00,2026-08-05 17:31:00+00:00,9181.99522077105,9192.677700183414,9192.677700183414,9256.791629664018,17.46220050294319,3.689893865969487,0.0,13.772306636973704,13.772306636973704,90.0,-2.557536451091419,mean
2041,PCA3,15,UNIUSDT,2026-08-05 17:29:00+00:00,2026-08-05 17:31:00+00:00,2026-08-05 18:01:00+00:00,9186.105642520852,9198.770641541856,9198.770641541856,9141.302337909083,83.416134690093,3.668014595890188,0.0,79.74812009420282,79.74812009420282,30.0,2.0541523814391978,mean
2038,PCA3,15,ADAUSDT,2026-08-05 14:44:00+00:00,2026-08-05 14:46:00+00:00,2026-08-05 19:01:00+00:00,9181.325357038966,9185.606508167139,9185.606508167139,9193.231390014522,-47.52098555642127,3.6757675796363323,-0.32864851637961157,-51.19675313605761,-51.52540165243722,255.0,-2.0792254060323727,timeout
2042,PCA3,15,ETHUSDT,2026-08-05 17:44:00+00:00,2026-08-05 17:46:00+00:00,2026-08-05 21:16:00+00:00,9188.743083383297,9190.307213313381,9190.307213313381,9189.62300713943,-22.98534391891416,3.675986044090562,0.0,-26.661329963004725,-26.661329963004725,210.0,3.733978196258885,mean
2043,PCA3,15,BNBUSDT,2026-08-05 22:59:00+00:00,2026-08-05 23:01:00+00:00,2026-08-06 00:16:00+00:00,9188.109360566135,9182.83238372777,9182.83238372777,9213.558309596732,17.318501925174754,3.679278138664901,0.07303490644311811,13.639223786509852,13.71225869295297,75.0,-2.03440090534985,mean
2044,PCA3,15,XLMUSDT,2026-08-05 23:14:00+00:00,2026-08-05 23:16:00+00:00,2026-08-06 03:31:00+00:00,9187.992450827163,9187.575337881523,9187.575337881523,9103.239102778065,-40.02908222865642,3.6581628881319173,0.8772252330032506,-43.68724511678834,-42.81001988378509,255.0,-2.2943000078872635,timeout
2045,PCA3,15,TRXUSDT,2026-08-06 01:29:00+00:00,2026-08-06 01:31:00+00:00,2026-08-06 05:46:00+00:00,9188.16886722255,9183.402399998633,9183.402399998633,9162.33366068791,33.47290236685168,3.6691472121373083,0.0,29.80375515471437,29.80375515471437,255.0,2.3308697147080712,timeout
2047,PCA3,15,XRPUSDT,2026-08-06 03:44:00+00:00,2026-08-06 03:46:00+00:00,2026-08-06 05:46:00+00:00,9182.718831780372,9185.574550247291,9185.574550247291,9240.671123105732,6.841958797166436,3.685249134670605,0.0,3.156709662495831,3.156709662495831,120.0,-4.412018450622024,mean
2046,PCA3,15,NEARUSDT,2026-08-06 01:44:00+00:00,2026-08-06 01:46:00+00:00,2026-08-06 06:01:00+00:00,9188.096039150818,9189.463440168718,9189.463440168718,9225.093532661062,-31.780776828241038,3.6829113945659557,0.0,-35.463688222806994,-35.463688222806994,255.0,2.30362600835773,timeout
2049,PCA3,15,TRXUSDT,2026-08-06 06:14:00+00:00,2026-08-06 06:16:00+00:00,2026-08-06 06:46:00+00:00,9184.925380592824,9185.186352903442,9185.186352903442,9203.94071388795,4.6277027680786,3.6778254133582786,0.0,0.9498773547203216,0.9498773547203216,30.0,-2.2165940261176638,mean
2048,PCA3,15,SOLUSDT,2026-08-06 05:59:00+00:00,2026-08-06 06:01:00+00:00,2026-08-06 07:46:00+00:00,9185.429708455902,9176.639038247818,9176.639038247818,9157.350605220186,7.98816080711149,3.6667979286936006,0.0,4.321362878417889,4.321362878417889,105.0,2.0688289601563734,mean
2050,PCA3,15,XRPUSDT,2026-08-06 08:44:00+00:00,2026-08-06 08:46:00+00:00,2026-08-06 09:46:00+00:00,9185.476386129803,9187.094637403929,9187.094637403929,9094.501554678516,19.756329593163358,3.6563192384164886,0.0,16.100010354746868,16.100010354746868,60.0,3.3011085364205863,mean
2051,PCA3,15,NEARUSDT,2026-08-06 09:14:00+00:00,2026-08-06 09:16:00+00:00,2026-08-06 10:16:00+00:00,9185.747841454047,9191.044709292684,9191.044709292684,9181.438640717362,50.24109933956076,3.674496670002009,0.0,46.56660266955875,46.56660266955875,60.0,-2.8868120061744587,mean
2052,PCA3,15,SUIUSDT,2026-08-06 09:44:00+00:00,2026-08-06 09:46:00+00:00,2026-08-06 12:16:00+00:00,9188.189889430132,9186.649058571664,9186.649058571664,9188.740175145469,0.6309067973751875,3.6750778467434264,0.0,-3.044171049368239,-3.044171049368239,150.0,-2.966700869487123,mean
2054,PCA3,15,FILUSDT,2026-08-06 10:29:00+00:00,2026-08-06 10:31:00+00:00,2026-08-06 13:31:00+00:00,9186.54191701721,9182.408921401875,9182.408921401875,9159.862994966777,9.237300505462711,3.6684543832737306,0.0,5.5688461221889805,5.5688461221889805,180.0,-5.089209072684852,mean
2053,PCA3,15,AVAXUSDT,2026-08-06 09:59:00+00:00,2026-08-06 10:01:00+00:00,2026-08-06 13:46:00+00:00,9189.784781547874,9135.611467443237,9135.611467443237,9119.922273842341,-35.103611980348774,3.6511067482571162,0.0,-38.754718728605894,-38.754718728605894,225.0,-2.399810161328773,mean
2057,PCA3,15,ADAUSDT,2026-08-06 13:59:00+00:00,2026-08-06 14:01:00+00:00,2026-08-06 15:46:00+00:00,9184.837292812508,9185.432213745464,9185.432213745464,9550.67974758564,-321.6083826051256,3.747222392266221,0.0,-325.3556049973918,-325.3556049973918,105.0,2.0548972429178263,stop
2055,PCA3,15,LTCUSDT,2026-08-06 12:29:00+00:00,2026-08-06 12:31:00+00:00,2026-08-06 16:31:00+00:00,9187.55086475103,9190.843091573937,9190.843091573937,9259.196867905706,-15.003069309920637,3.6900079918959285,0.3877177875000429,-18.693077301816565,-18.30535951431652,240.0,2.0886973092194703,mean
2056,PCA3,15,DOGEUSDT,2026-08-06 13:44:00+00:00,2026-08-06 13:46:00+00:00,2026-08-06 17:01:00+00:00,9186.03315139443,9183.039425331508,9183.039425331508,9272.647108055871,-6.247807839298153,3.6911373066774757,0.24406971585342874,-9.938945145975628,-9.694875430122199,195.0,-2.0106392360593626,mean
2058,PCA3,15,ADAUSDT,2026-08-06 15:59:00+00:00,2026-08-06 16:01:00+00:00,2026-08-06 17:46:00+00:00,9151.443459823478,9151.545388093811,9151.545388093811,9054.786071952567,107.49767751403631,3.6412662920092758,0.0,103.85641122202703,103.85641122202703,105.0,7.359916112953199,mean
2060,PCA3,15,NEARUSDT,2026-08-06 17:14:00+00:00,2026-08-06 17:16:00+00:00,2026-08-06 18:16:00+00:00,9165.06233788296,9161.51272751453,9161.51272751453,9149.031943423635,7.290926324347387,3.662108934187633,0.0,3.6288173901597545,3.6288173901597545,60.0,-2.5142883462827905,mean
2059,PCA3,15,FILUSDT,2026-08-06 16:44:00+00:00,2026-08-06 16:46:00+00:00,2026-08-06 18:31:00+00:00,9149.910128629617,9151.733433133719,9151.733433133719,8993.120302745665,142.87161871552908,3.628970747175877,0.0,139.2426479683532,139.2426479683532,105.0,9.407299355417104,mean
2061,PCA3,15,LINKUSDT,2026-08-06 17:59:00+00:00,2026-08-06 18:01:00+00:00,2026-08-06 19:31:00+00:00,9171.896008730415,9166.878454086447,9166.878454086447,9088.470296978852,35.97740717846049,3.6510697502130602,0.0,32.32633742824743,32.32633742824743,90.0,4.322294235198261,mean
2063,PCA3,15,FILUSDT,2026-08-06 19:59:00+00:00,2026-08-06 20:01:00+00:00,2026-08-06 21:16:00+00:00,9180.00109467799,9188.883116246323,9188.883116246323,9218.198717374476,21.591695793996394,3.68141636672416,0.0,17.910279427272233,17.910279427272233,75.0,-2.1652156147385933,mean
2062,PCA3,15,XRPUSDT,2026-08-06 18:29:00+00:00,2026-08-06 18:31:00+00:00,2026-08-06 21:31:00+00:00,9179.868496002018,9176.954867981607,9176.954867981607,9137.553483736137,-15.158776147766329,3.6629016703435493,0.0,-18.82167781810988,-18.82167781810988,180.0,-2.2900978659219544,mean
2064,PCA3,15,DOGEUSDT,2026-08-06 21:14:00+00:00,2026-08-06 21:16:00+00:00,2026-08-07 01:31:00+00:00,9181.583617837265,9172.505875995224,9172.505875995224,9204.81758432882,-28.400962131568175,3.675464692064809,0.01893724089998993,-32.076426823632985,-32.057489582733,255.0,2.2151466750656055,timeout
2065,PCA3,15,AAVEUSDT,2026-08-07 01:14:00+00:00,2026-08-07 01:16:00+00:00,2026-08-07 03:31:00+00:00,9177.730500222604,9167.951467386902,9167.951467386902,9139.336464445458,11.902276574922848,3.661457586366472,0.0,8.240818988556375,8.240818988556375,135.0,2.6777337176316927,mean
2067,PCA3,15,SUIUSDT,2026-08-07 03:29:00+00:00,2026-08-07 03:31:00+00:00,2026-08-07 04:46:00+00:00,9177.734048378286,9181.700473461779,9181.700473461779,9124.59989924976,9.345786362829404,3.661260074542308,0.0,5.684526288287097,5.684526288287097,75.0,2.239426010770827,mean
2066,PCA3,15,XRPUSDT,2026-08-07 02:44:00+00:00,2026-08-07 02:46:00+00:00,2026-08-07 06:16:00+00:00,9177.788497007288,9180.664472140143,9180.664472140143,9153.278622130028,-19.944291430863714,3.666788618854034,0.0,-23.61108004971775,-23.61108004971775,210.0,-2.590744554527753,mean
2068,PCA3,15,SOLUSDT,2026-08-07 04:14:00+00:00,2026-08-07 04:16:00+00:00,2026-08-07 07:01:00+00:00,9174.994751042823,9178.899683801994,9178.899683801994,9190.998031280777,0.21602365853075814,3.6739795430165545,0.0,-3.4579558844857963,-3.4579558844857963,165.0,2.2690141501689047,mean
2069,PCA3,15,BNBUSDT,2026-08-07 04:59:00+00:00,2026-08-07 05:01:00+00:00,2026-08-07 08:31:00+00:00,9175.444976570052,9178.857230399291,9178.857230399291,9201.044028038365,-17.816348888662667,3.675980251687531,0.12081440507200099,-21.492329140350197,-21.371514735278197,210.0,-2.213341285699278,mean
2070,PCA3,15,XRPUSDT,2026-08-07 09:14:00+00:00,2026-08-07 09:16:00+00:00,2026-08-07 11:16:00+00:00,9173.941471136732,9181.116911098437,9181.116911098437,9182.911676813308,3.003118393604415,3.6728057175823494,0.0,-0.6696873239779342,-0.6696873239779342,120.0,2.1662783876156095,mean
2072,PCA3,15,SUIUSDT,2026-08-07 09:29:00+00:00,2026-08-07 09:31:00+00:00,2026-08-07 11:16:00+00:00,9173.568228521239,9172.966254088102,9172.966254088102,9192.071562764013,16.324396306490762,3.6730075633704233,0.0,12.65138874312034,12.65138874312034,105.0,-2.0602351106108827,mean
2071,PCA3,15,SOLUSDT,2026-08-07 09:29:00+00:00,2026-08-07 09:31:00+00:00,2026-08-07 11:31:00+00:00,9173.568228521239,9177.148365819687,9177.148365819687,9187.32389451669,9.073039651372936,3.6728944520672755,0.0,5.40014519930566,5.40014519930566,120.0,2.1297206690548394,mean
2075,PCA3,15,SUIUSDT,2026-08-07 12:59:00+00:00,2026-08-07 13:01:00+00:00,2026-08-07 13:46:00+00:00,9175.138904660624,9169.884288327554,9169.884288327554,9192.746813637417,20.731304675156128,3.6725262203929945,0.0,17.058778454763132,17.058778454763132,45.0,-2.6053054237669406,mean
2073,PCA3,15,ETHUSDT,2026-08-07 12:14:00+00:00,2026-08-07 12:16:00+00:00,2026-08-07 14:01:00+00:00,9175.679655798576,9170.511954733951,9170.511954733951,9139.218410425818,11.982036610857243,3.6619460730319533,0.0,8.32009053782529,8.32009053782529,105.0,2.2368270795129663,mean
2076,PCA3,15,SOLUSDT,2026-08-07 13:59:00+00:00,2026-08-07 14:01:00+00:00,2026-08-07 16:46:00+00:00,9177.646518284384,9179.016231514164,9179.016231514164,9141.277925510116,9.032275452664566,3.664058831404856,0.3116122682718287,5.36821662125971,5.679828889531539,165.0,2.66179490668118,mean
2074,PCA3,15,DOGEUSDT,2026-08-07 12:44:00+00:00,2026-08-07 12:46:00+00:00,2026-08-07 17:01:00+00:00,9175.337827884438,9184.690924897317,9184.690924897317,9115.005726739759,-7.550144779304146,3.6599393303274153,0.29563309818543726,-11.210084109631563,-10.914451011446126,255.0,2.312381163751237,timeout
2077,PCA3,15,XRPUSDT,2026-08-07 14:14:00+00:00,2026-08-07 14:16:00+00:00,2026-08-07 18:16:00+00:00,9177.951319808204,9187.675860603054,9187.675860603054,9142.237513914106,-16.159005488711887,3.6659826749034314,0.06021661929484592,-19.82498816361532,-19.764771544320475,240.0,-2.670381882375037,mean
2078,PCA3,15,FILUSDT,2026-08-07 17:14:00+00:00,2026-08-07 17:16:00+00:00,2026-08-07 20:46:00+00:00,9174.907897665542,9173.175627344423,9173.175627344423,9244.57640837942,24.302963151217398,3.683550407144769,0.0,20.61941274407263,20.61941274407263,210.0,-3.8531966495142402,mean
2080,PCA3,15,LTCUSDT,2026-08-07 18:29:00+00:00,2026-08-07 18:31:00+00:00,2026-08-07 21:16:00+00:00,9178.230064737607,9186.254583614682,9186.254583614682,9207.994093421883,-9.601669739221322,3.6788497354073133,0.0,-13.280519474628635,-13.280519474628635,165.0,-2.453452928357203,mean
2079,PCA3,15,XLMUSDT,2026-08-07 18:14:00+00:00,2026-08-07 18:16:00+00:00,2026-08-07 21:31:00+00:00,9177.895474875593,9175.570348993177,9175.570348993177,9210.702441751037,-3.089681431739297,3.6772545581488427,0.0,-6.76693598988814,-6.76693598988814,195.0,2.443634892923356,mean
2082,PCA3,15,AVAXUSDT,2026-08-08 01:44:00+00:00,2026-08-08 01:46:00+00:00,2026-08-08 03:31:00+00:00,9174.221198213292,9168.70922993064,9168.70922993064,9150.017186837771,38.143138622252316,3.6637452833536823,0.0,34.47939333889864,34.47939333889864,105.0,2.633668885489568,mean
2081,PCA3,15,SUIUSDT,2026-08-08 01:29:00+00:00,2026-08-08 01:31:00+00:00,2026-08-08 03:46:00+00:00,9175.774799059167,9176.724731009355,9176.724731009355,9217.092182268483,6.611692434850251,3.678763382655568,0.0,2.932929052194682,2.932929052194682,135.0,2.07842207079085,mean
2085,PCA3,15,SUIUSDT,2026-08-08 04:14:00+00:00,2026-08-08 04:16:00+00:00,2026-08-08 05:31:00+00:00,9179.187415634888,9175.64560394946,9175.64560394946,9177.942474010892,2.3208931829356003,3.6707176155920704,0.0,-1.34982443265647,-1.34982443265647,75.0,2.03531798236552,mean
2083,PCA3,15,ETHUSDT,2026-08-08 01:44:00+00:00,2026-08-08 01:46:00+00:00,2026-08-08 06:01:00+00:00,9174.221198213292,9172.756193564792,9172.756193564792,9191.601664078438,-4.037750459910522,3.672871571528646,0.0,-7.710622031439168,-7.710622031439168,255.0,-2.0048596006443673,timeout
2084,PCA3,15,SOLUSDT,2026-08-08 03:59:00+00:00,2026-08-08 04:01:00+00:00,2026-08-08 07:46:00+00:00,9178.520951681878,9183.910028566037,9183.910028566037,9166.744149987655,6.2560310814842595,3.6701308357107383,0.0,2.585900245773521,2.585900245773521,225.0,3.6411633176186697,mean
2086,PCA3,15,SUIUSDT,2026-08-08 05:44:00+00:00,2026-08-08 05:46:00+00:00,2026-08-08 10:01:00+00:00,9180.111326535958,9176.415137829748,9176.415137829748,9265.116651869417,-65.17607208298492,3.688306357939833,0.13688297018659293,-68.86437844092475,-68.72749547073816,255.0,2.15468860301457,timeout
2089,PCA3,15,SUIUSDT,2026-08-08 10:14:00+00:00,2026-08-08 10:16:00+00:00,2026-08-08 11:16:00+00:00,9164.0280645738,9167.27639844154,9167.27639844154,9170.082092690966,12.028111734313306,3.6674716982265014,0.0,8.360640036086805,8.360640036086805,60.0,2.0080955332764026,mean
2087,PCA3,15,FILUSDT,2026-08-08 07:44:00+00:00,2026-08-08 07:46:00+00:00,2026-08-08 12:01:00+00:00,9178.8150964798,9181.931012299889,9181.931012299889,9267.026232141941,-48.94666949842577,3.689791448888366,0.08117232171860495,-52.636460947314134,-52.55528862559553,255.0,2.3087491773399487,timeout
2088,PCA3,15,TRXUSDT,2026-08-08 10:14:00+00:00,2026-08-08 10:16:00+00:00,2026-08-08 12:46:00+00:00,9164.0280645738,9165.729383185912,9165.729383185912,9166.523414001445,10.547147103926227,3.666450559437471,0.0,6.880696544488755,6.880696544488755,150.0,2.7898212427557048,mean
2090,PCA3,15,SOLUSDT,2026-08-08 11:59:00+00:00,2026-08-08 12:01:00+00:00,2026-08-08 14:31:00+00:00,9168.102043938032,9167.66283354979,9167.66283354979,9206.87693319802,16.173237648339015,3.6749079533495617,0.0,12.498329694989454,12.498329694989454,150.0,3.2448240387241807,mean
2092,PCA3,15,XLMUSDT,2026-08-08 14:29:00+00:00,2026-08-08 14:31:00+00:00,2026-08-08 16:16:00+00:00,9164.067198403114,9166.196066848908,9166.196066848908,9170.086968072517,13.500926768498198,3.667256606984285,-0.08667668522701154,9.833670161513913,9.746993476286901,105.0,2.1505585813150727,mean
2093,PCA3,15,SUIUSDT,2026-08-08 14:44:00+00:00,2026-08-08 14:46:00+00:00,2026-08-08 16:16:00+00:00,9162.71782252321,9173.146867082454,9173.146867082454,9168.438709621805,16.10700039485981,3.6683171153408516,0.11649161967531062,12.438683279518958,12.555174899194268,90.0,2.3321915939215754,mean
2091,PCA3,15,BNBUSDT,2026-08-08 14:14:00+00:00,2026-08-08 14:16:00+00:00,2026-08-08 17:46:00+00:00,9168.964164297766,9167.555133805463,9167.555133805463,9225.979672865918,-19.955734827409255,3.678706961334276,0.12916859561035118,-23.63444178874353,-23.505273193133178,210.0,2.0240886909894944,mean
2094,PCA3,15,HBARUSDT,2026-08-08 16:29:00+00:00,2026-08-08 16:31:00+00:00,2026-08-08 17:46:00+00:00,9169.716367969928,9165.830997033163,9165.830997033163,9155.163272378926,19.564998462636304,3.6641988538824175,0.0,15.900799608753886,15.900799608753886,75.0,2.431258094130883,mean
2095,PCA3,15,DOGEUSDT,2026-08-08 16:29:00+00:00,2026-08-08 16:31:00+00:00,2026-08-08 19:16:00+00:00,9169.716367969928,9159.963145295873,9159.963145295873,9134.116163280081,6.249457299385266,3.658815861715191,0.0,2.590641437670076,2.590641437670076,165.0,2.1651932606871074,mean
2096,PCA3,15,SUIUSDT,2026-08-08 17:59:00+00:00,2026-08-08 18:01:00+00:00,2026-08-08 20:01:00+00:00,9170.455323669818,9169.684069845029,9169.684069845029,9168.200552986791,14.614520252818469,3.667576924566364,0.0,10.946943328252106,10.946943328252106,120.0,-2.532414168826224,mean
2097,PCA3,15,SUIUSDT,2026-08-08 23:14:00+00:00,2026-08-08 23:16:00+00:00,2026-08-09 00:01:00+00:00,9172.337792850065,9169.726440148643,9169.726440148643,9202.27962432075,19.1966035303341,3.674401212893879,-0.19135909205536178,15.522202317440223,15.330843225384863,45.0,-2.3304226070472946,mean
2098,PCA3,15,DOGEUSDT,2026-08-08 23:14:00+00:00,2026-08-08 23:16:00+00:00,2026-08-09 03:31:00+00:00,9172.337792850065,9167.949041954464,9167.949041954464,9152.011945805016,-21.19979964761227,3.663992197551896,-0.20470733562869103,-24.863791845164165,-25.068499180792855,255.0,-2.0490412363082533,timeout
2099,PCA3,15,HBARUSDT,2026-08-09 03:44:00+00:00,2026-08-09 03:46:00+00:00,2026-08-09 05:31:00+00:00,9171.364027254525,9169.624670525543,9169.624670525543,9143.30261699276,13.272265191873988,3.6625854575036607,0.0,9.609679734370326,9.609679734370326,105.0,2.0848719856087237,mean
2100,PCA3,15,BCHUSDT,2026-08-09 10:29:00+00:00,2026-08-09 10:31:00+00:00,2026-08-09 12:01:00+00:00,9172.324995227962,9173.783499532552,9173.783499532552,9162.636607261027,4.938964744289512,3.667284021358716,0.0,1.2716807229307963,1.2716807229307963,90.0,2.0411647248087355,mean
2101,PCA3,15,HBARUSDT,2026-08-09 10:59:00+00:00,2026-08-09 11:01:00+00:00,2026-08-09 12:16:00+00:00,9171.910936570375,9175.362853952707,9175.362853952707,9190.67702250431,10.052106236580826,3.673207975291403,0.0,6.378898261289424,6.378898261289424,75.0,-2.052382542424829,mean
2102,PCA3,15,BNBUSDT,2026-08-09 14:14:00+00:00,2026-08-09 14:16:00+00:00,2026-08-09 15:46:00+00:00,9173.090053126385,9177.25035224154,9177.25035224154,9165.200503802966,33.15702331332852,3.668490171208901,0.0,29.488533142119625,29.488533142119625,90.0,2.5471185432852135,mean
2104,PCA3,15,SUIUSDT,2026-08-09 16:29:00+00:00,2026-08-09 16:31:00+00:00,2026-08-09 17:46:00+00:00,9176.137713144064,9188.094854861876,9188.094854861876,9165.57857665573,23.243039042058133,3.670734686303521,0.0,19.57230435575461,19.57230435575461,75.0,2.7050733663042523,mean
2103,PCA3,15,SOLUSDT,2026-08-09 15:44:00+00:00,2026-08-09 15:46:00+00:00,2026-08-09 18:31:00+00:00,9176.301783085366,9171.192954296404,9171.192954296404,9166.696907177511,-3.31778780581274,3.667577972294783,0.11077930292657817,-6.985365778107523,-6.874586475180945,165.0,2.0384198616708886,mean
2105,PCA3,15,NEARUSDT,2026-08-09 18:29:00+00:00,2026-08-09 18:31:00+00:00,2026-08-09 19:16:00+00:00,9177.452430502504,9172.294624089986,9172.294624089986,9135.100749464626,23.488992134587587,3.661479074710922,0.0,19.827513059876665,19.827513059876665,45.0,2.1598519763871913,mean
2106,PCA3,15,XLMUSDT,2026-08-09 20:44:00+00:00,2026-08-09 20:46:00+00:00,2026-08-09 22:46:00+00:00,9179.291429534642,9177.420317592847,9177.420317592847,9117.66845927774,17.158663187302757,3.6590177553741174,0.0,13.49964543192864,13.49964543192864,120.0,2.3143315790102563,mean
2108,PCA3,15,ETHUSDT,2026-08-09 22:59:00+00:00,2026-08-09 23:01:00+00:00,2026-08-10 01:16:00+00:00,9180.70871159718,9178.30833722627,9178.30833722627,9169.105190736342,4.386065172805922,3.6694827055925225,-0.05784900190098655,0.7165824672133996,0.6587334653124131,135.0,2.0898220434375236,mean
2107,PCA3,15,LTCUSDT,2026-08-09 22:44:00+00:00,2026-08-09 22:46:00+00:00,2026-08-10 01:31:00+00:00,9180.667997419705,9170.130391304272,9170.130391304272,9143.121616574526,0.9102214897563516,3.6626504015757595,-0.20434208465263431,-2.752428911819408,-2.9567709964720423,165.0,-2.2012097987326427,mean
2109,PCA3,15,BTCUSDT,2026-08-09 23:29:00+00:00,2026-08-09 23:31:00+00:00,2026-08-10 01:46:00+00:00,9180.623234171762,9170.03117307261,9170.03117307261,9197.35818615256,11.198864416542051,3.6734778718450345,0.07985750528704483,7.525386544697017,7.605244049984062,135.0,2.429756807411449,mean
2110,PCA3,15,LINKUSDT,2026-08-10 01:29:00+00:00,2026-08-10 01:31:00+00:00,2026-08-10 04:01:00+00:00,9181.626372514278,9182.016503507833,9182.016503507833,9177.30329750406,1.3479183901441776,3.6718639602023786,0.0,-2.323945570058201,-2.323945570058201,150.0,-2.010771334297179,mean
2112,PCA3,15,XLMUSDT,2026-08-10 07:14:00+00:00,2026-08-10 07:16:00+00:00,2026-08-10 08:31:00+00:00,9178.231127455418,9169.016701282797,9169.016701282797,9150.926276268236,14.747401179585403,3.6639885955102067,-0.2925604776626962,11.083412584075194,10.790852106412498,75.0,2.6868274731017765,mean
2111,PCA3,15,NEARUSDT,2026-08-10 05:14:00+00:00,2026-08-10 05:16:00+00:00,2026-08-10 09:31:00+00:00,9180.939720172715,9188.844477606921,9188.844477606921,9229.140445629595,-31.58037881222946,3.683596984647303,0.07126938615826736,-35.26397579687676,-35.192706410718486,255.0,2.7353734203016624,timeout
2113,PCA3,15,LINKUSDT,2026-08-10 09:59:00+00:00,2026-08-10 10:01:00+00:00,2026-08-10 13:46:00+00:00,9178.499534742285,9178.36458625313,9178.36458625313,9191.681285029426,-25.693317461225774,3.6740091742565113,0.0,-29.367326635482286,-29.367326635482286,225.0,2.346764324253872,mean
2114,PCA3,15,TRXUSDT,2026-08-10 10:29:00+00:00,2026-08-10 10:31:00+00:00,2026-08-10 14:16:00+00:00,9176.44409265435,9175.690227831963,9175.690227831963,9170.168642389322,4.445287006762946,3.6691717740442575,0.0,0.7761152327186887,0.7761152327186887,225.0,2.981309406300546,mean
2116,PCA3,15,DOTUSDT,2026-08-10 13:59:00+00:00,2026-08-10 14:01:00+00:00,2026-08-10 15:16:00+00:00,9173.591183782008,9185.936004217565,9185.936004217565,9114.473812303875,32.77515280297861,3.660081963304288,0.0,29.115070839674324,29.115070839674324,75.0,2.7507628664152928,mean
2117,PCA3,15,LINKUSDT,2026-08-10 15:29:00+00:00,2026-08-10 15:31:00+00:00,2026-08-10 17:01:00+00:00,9173.287278209462,9171.393544729974,9171.393544729974,9119.696020884077,13.580964806180186,3.65821791312281,0.1771890690612915,9.922746893057376,10.099935962118668,90.0,2.2140122688029114,mean
2115,PCA3,15,ETHUSDT,2026-08-10 12:59:00+00:00,2026-08-10 13:01:00+00:00,2026-08-10 17:16:00+00:00,9174.189668173995,9177.406434343147,9177.406434343147,9068.511736408025,-48.48472304823742,3.6491836341502344,0.23792867115415595,-52.133906682387654,-51.895978011233495,255.0,-2.3293489666937557,timeout
2118,PCA3,15,DOGEUSDT,2026-08-10 15:29:00+00:00,2026-08-10 15:31:00+00:00,2026-08-10 19:46:00+00:00,9173.287278209462,9175.378253487304,9175.378253487304,9186.71285327868,-11.544809446675803,3.6724182213531966,-0.004429548378511217,-15.217227668028999,-15.22165721640751,255.0,2.1747438720649606,timeout
2120,PCA3,15,NEARUSDT,2026-08-10 18:29:00+00:00,2026-08-10 18:31:00+00:00,2026-08-10 19:46:00+00:00,9173.076633015102,9172.847161448488,9172.847161448488,9222.01461925766,17.48875669544137,3.6789723561412293,0.0,13.80978433930014,13.80978433930014,75.0,-2.1981396531732504,mean
2119,PCA3,15,BTCUSDT,2026-08-10 17:14:00+00:00,2026-08-10 17:16:00+00:00,2026-08-10 20:01:00+00:00,9173.580037578946,9170.987125895734,9170.987125895734,9177.834757202105,3.64896430637289,3.6697643766195673,0.0,-0.020800070246677516,-0.020800070246677516,165.0,-3.0806694108445103,mean
2121,PCA3,15,SOLUSDT,2026-08-10 20:44:00+00:00,2026-08-10 20:46:00+00:00,2026-08-10 23:16:00+00:00,9174.22904918633,9170.128369351676,9170.128369351676,9145.273679052525,2.7267616680674642,3.6630804096808403,0.0,-0.9363187416133758,-0.9363187416133758,150.0,2.382618075435679,mean
2123,PCA3,15,XRPUSDT,2026-08-10 22:14:00+00:00,2026-08-10 22:16:00+00:00,2026-08-11 01:31:00+00:00,9173.625108550774,9175.987950498607,9175.987950498607,9198.573700104324,0.903170176401671,3.674912330120586,0.3759681360386445,-2.771742153718915,-2.3957740176802704,195.0,-2.962998963735554,mean
2122,PCA3,15,LINKUSDT,2026-08-10 21:29:00+00:00,2026-08-10 21:31:00+00:00,2026-08-11 01:46:00+00:00,9173.832017219744,9172.73749106747,9172.73749106747,9239.560929463738,-75.53483541840603,3.6824596841062416,0.28212345166198394,-79.21729510251228,-78.9351716508503,255.0,2.2186280778414225,timeout
2125,PCA3,15,SOLUSDT,2026-08-11 01:44:00+00:00,2026-08-11 01:46:00+00:00,2026-08-11 03:31:00+00:00,9166.381823571668,9170.035044461605,9170.035044461605,9187.080277019602,11.962304858369539,3.671423064296241,0.0,8.290881794073297,8.290881794073297,105.0,-2.548325486567051,mean
2126,PCA3,15,LINKUSDT,2026-08-11 01:59:00+00:00,2026-08-11 02:01:00+00:00,2026-08-11 03:46:00+00:00,9166.309177251824,9178.500228998844,9178.500228998844,9151.797202907592,22.26230071030733,3.666059486381287,0.0,18.596241223926043,18.596241223926043,105.0,3.036847399129738,mean
2124,PCA3,15,BCHUSDT,2026-08-11 00:44:00+00:00,2026-08-11 00:46:00+00:00,2026-08-11 04:16:00+00:00,9171.35815672812,9170.837221209651,9170.837221209651,9205.235101232343,-7.584141527095767,3.675214464488399,0.0,-11.259355991584167,-11.259355991584167,210.0,2.0677267296580344,mean
2127,PCA3,15,XRPUSDT,2026-08-11 06:44:00+00:00,2026-08-11 06:46:00+00:00,2026-08-11 11:01:00+00:00,9167.565099447951,9166.583663779676,9166.583663779676,9194.047992513677,-23.964785581880143,3.6721263312586707,0.5217115627537898,-27.636911913138814,-27.115200350385024,255.0,-2.4779155952981076,timeout
2128,PCA3,15,LINKUSDT,2026-08-11 06:59:00+00:00,2026-08-11 07:01:00+00:00,2026-08-11 11:16:00+00:00,9167.886334521025,9172.329638683635,9172.329638683635,9330.827064884328,-111.11431469355662,3.700631340713592,0.287833930747782,-114.81494603427022,-114.52711210352244,255.0,2.275804954524579,timeout
2129,PCA3,15,BNBUSDT,2026-08-11 08:14:00+00:00,2026-08-11 08:16:00+00:00,2026-08-11 11:16:00+00:00,9165.036127953226,9168.301227628775,9168.301227628775,9209.791737433776,5.092431457289,3.6756185930125103,0.0,1.4168128642764894,1.4168128642764894,180.0,2.4194734390462003,mean
2130,PCA3,15,TRXUSDT,2026-08-11 11:14:00+00:00,2026-08-11 11:16:00+00:00,2026-08-11 13:31:00+00:00,9153.931706400057,9150.965487561136,9150.965487561136,9136.075953868782,-12.437368756268894,3.6574082882859833,0.0,-16.094777044554878,-16.094777044554878,135.0,4.290326029980791,mean
2131,PCA3,15,LINKUSDT,2026-08-11 11:29:00+00:00,2026-08-11 11:31:00+00:00,2026-08-11 13:31:00+00:00,9152.924885433245,9154.362030866749,9154.362030866749,9124.85642438604,17.89704282812528,3.6558436910505576,0.0,14.241199137074723,14.241199137074723,120.0,3.2067030000800014,mean
2132,PCA3,15,UNIUSDT,2026-08-11 11:29:00+00:00,2026-08-11 11:31:00+00:00,2026-08-11 15:46:00+00:00,9152.924885433245,9160.437357250286,9160.437357250286,8909.422234296779,-123.00570891076731,3.613971918309413,0.0,-126.61968082907671,-126.61968082907671,255.0,-2.7083692307678473,timeout
2134,PCA3,15,LTCUSDT,2026-08-11 13:59:00+00:00,2026-08-11 14:01:00+00:00,2026-08-11 16:31:00+00:00,9146.822422901536,9147.213295443044,9147.213295443044,9106.598974394543,46.70949369814154,3.650762453967518,-0.12242902739712708,43.05873124417403,42.9363022167769,150.0,-3.1643875639001435,mean
2133,PCA3,15,DOGEUSDT,2026-08-11 13:44:00+00:00,2026-08-11 13:46:00+00:00,2026-08-11 18:01:00+00:00,9147.948720196246,9145.639490244903,9145.639490244903,9126.524257064111,-49.47724793504786,3.6544327494618027,0.2646021687337759,-53.13168068450967,-52.867078515775894,255.0,2.023301483217561,timeout
2135,PCA3,15,AVAXUSDT,2026-08-11 15:59:00+00:00,2026-08-11 16:01:00+00:00,2026-08-11 18:46:00+00:00,9141.94714597977,9126.633452855389,9126.633452855389,9166.316853868604,2.034230923050841,3.658590061344799,0.0,-1.6243591382939577,-1.6243591382939577,165.0,-4.611158194715582,mean
2137,PCA3,15,DOGEUSDT,2026-08-11 18:14:00+00:00,2026-08-11 18:16:00+00:00,2026-08-11 18:46:00+00:00,9135.528033234224,9133.96992299434,9133.96992299434,9113.985971583226,8.009964161679846,3.6495911789155127,0.0,4.360372982764334,4.360372982764334,30.0,2.0353513255229587,mean
2136,PCA3,15,XRPUSDT,2026-08-11 16:44:00+00:00,2026-08-11 16:46:00+00:00,2026-08-11 19:31:00+00:00,9142.07567789313,9137.957343038519,9137.957343038519,9181.133784225976,-10.144166723278456,3.663818225452899,0.0,-13.807984948731356,-13.807984948731356,165.0,3.3845207105997663,mean
2138,PCA3,15,BTCUSDT,2026-08-11 18:59:00+00:00,2026-08-11 19:01:00+00:00,2026-08-11 23:16:00+00:00,9138.451816865341,9135.736896088327,9135.736896088327,9192.490911340787,-26.303327773035193,3.6656455614858228,0.0,-29.968973334521014,-29.968973334521014,255.0,-3.114770382654312,timeout
2140,PCA3,15,LINKUSDT,2026-08-11 21:14:00+00:00,2026-08-11 21:16:00+00:00,2026-08-12 00:16:00+00:00,9137.972459676279,9137.270537394954,9137.270537394954,9136.247674851062,16.690425006221673,3.6547036424492028,0.17400934516700278,13.03572136377247,13.209730708939473,180.0,3.3071693607723125,mean
2139,PCA3,15,DOGEUSDT,2026-08-11 20:29:00+00:00,2026-08-11 20:31:00+00:00,2026-08-12 00:46:00+00:00,9137.088341199575,9135.879942774114,9135.879942774114,9166.195530891267,1.6187931621171947,3.660415094733077,0.17486359643213656,-2.041621932615882,-1.8667583361837454,255.0,5.087239441451081,timeout
2142,PCA3,15,BNBUSDT,2026-08-12 01:14:00+00:00,2026-08-12 01:16:00+00:00,2026-08-12 01:31:00+00:00,9131.697267343658,9121.391548303882,9121.391548303882,9100.56949451538,11.881643594063181,3.6443922085638523,0.0,8.237251385499329,8.237251385499329,15.0,2.018875896034552,mean
2143,PCA3,15,SUIUSDT,2026-08-12 01:59:00+00:00,2026-08-12 02:01:00+00:00,2026-08-12 02:46:00+00:00,9132.893398215156,9136.94992233675,9136.94992233675,9115.209297755744,17.5133261967587,3.650431844018499,0.0,13.862894352740202,13.862894352740202,45.0,2.064575493654195,mean
2145,PCA3,15,TRXUSDT,2026-08-12 03:14:00+00:00,2026-08-12 03:16:00+00:00,2026-08-12 03:46:00+00:00,9127.528479275112,9129.473466238927,9129.473466238927,9142.172706044144,12.76376372157584,3.6543292344566147,0.0,9.109434487119227,9.109434487119227,30.0,-2.345467541599859,mean
2141,PCA3,15,NEARUSDT,2026-08-11 23:44:00+00:00,2026-08-11 23:46:00+00:00,2026-08-12 04:01:00+00:00,9137.473455221458,9133.811787086146,9133.811787086146,9247.567476717863,-106.31915711672237,3.676275852760802,0.2153126292260445,-109.99543296948316,-109.78012034025711,255.0,3.0120951509886695,timeout
2144,PCA3,15,AAVEUSDT,2026-08-12 02:14:00+00:00,2026-08-12 02:16:00+00:00,2026-08-12 06:16:00+00:00,9130.434171572402,9132.666953877277,9132.666953877277,9117.417289137327,-13.109215455073484,3.650016848602921,0.0,-16.759232303676406,-16.759232303676406,240.0,2.5880737956299322,mean
2148,PCA3,15,XLMUSDT,2026-08-12 06:44:00+00:00,2026-08-12 06:46:00+00:00,2026-08-12 07:01:00+00:00,9133.288945685168,9142.655932760219,9142.655932760219,9160.239139208548,17.339939522509493,3.6605790143937535,0.0,13.679360508115739,13.679360508115739,15.0,-2.237352772631652,mean
2146,PCA3,15,BNBUSDT,2026-08-12 03:59:00+00:00,2026-08-12 04:01:00+00:00,2026-08-12 07:31:00+00:00,9126.001486457724,9125.090984335817,9125.090984335817,9094.43851960492,12.805585907279262,3.643905900788148,0.0,9.161680006491116,9.161680006491116,210.0,-2.1467638370612603,mean
2147,PCA3,15,NEARUSDT,2026-08-12 05:29:00+00:00,2026-08-12 05:31:00+00:00,2026-08-12 07:31:00+00:00,9126.307089235937,9134.04489403983,9134.04489403983,9027.017003158811,58.86491536226181,3.6322123794397285,0.0,55.23270298282208,55.23270298282208,120.0,2.1460723271042856,mean
2150,PCA3,15,LINKUSDT,2026-08-12 08:14:00+00:00,2026-08-12 08:16:00+00:00,2026-08-12 09:16:00+00:00,9121.579044250437,9124.123378949093,9124.123378949093,9115.296123798662,14.934002709769928,3.6478839005495507,0.0,11.286118809220376,11.286118809220376,60.0,2.0901282773919587,mean
2151,PCA3,15,SOLUSDT,2026-08-12 09:29:00+00:00,2026-08-12 09:31:00+00:00,2026-08-12 11:16:00+00:00,9125.74624840386,9129.050090664397,9129.050090664397,9122.60813782803,5.448270288590777,3.6503316456984853,0.0,1.7979386428922917,1.7979386428922917,105.0,2.0345917385482397,mean
2149,PCA3,15,UNIUSDT,2026-08-12 07:14:00+00:00,2026-08-12 07:16:00+00:00,2026-08-12 11:31:00+00:00,9133.893314029168,9123.999034937606,9123.999034937606,9054.701359239634,-114.94499131615945,3.6357400788354477,0.36332942371713284,-118.5807313949949,-118.21740197127777,255.0,-5.491186486581861,timeout
2152,PCA3,15,ETHUSDT,2026-08-12 10:14:00+00:00,2026-08-12 10:16:00+00:00,2026-08-12 12:46:00+00:00,9126.407165897172,9131.014283859273,9131.014283859273,9114.754485844069,8.289089576682931,3.649153753940668,0.0,4.639935822742263,4.639935822742263,150.0,2.2018851807336226,mean
2155,PCA3,15,BCHUSDT,2026-08-12 12:59:00+00:00,2026-08-12 13:01:00+00:00,2026-08-12 14:01:00+00:00,9124.43347823443,9122.262444435204,9122.262444435204,9065.929353141602,16.438983187354538,3.6376383595153614,0.0,12.801344827839177,12.801344827839177,60.0,2.256831934632059,mean
2154,PCA3,15,DOGEUSDT,2026-08-12 12:44:00+00:00,2026-08-12 12:46:00+00:00,2026-08-12 15:16:00+00:00,9123.071737023482,9120.308462951152,9120.308462951152,9045.014688809495,-10.191959472663248,3.6330646303521297,0.0,-13.825024103015378,-13.825024103015378,150.0,-2.5808546469431537,mean
2156,PCA3,15,HBARUSDT,2026-08-12 14:59:00+00:00,2026-08-12 15:01:00+00:00,2026-08-12 15:46:00+00:00,9125.527925477922,9136.110255693844,9136.110255693844,9178.352776590353,0.9272281786958647,3.6628926064568392,0.0,-2.7356644277609745,-2.7356644277609745,45.0,-2.0164268472638343,mean
2153,PCA3,15,AVAXUSDT,2026-08-12 12:29:00+00:00,2026-08-12 12:31:00+00:00,2026-08-12 16:31:00+00:00,9123.83299449791,9095.713978183121,9095.713978183121,9025.115262305411,-18.13904792426644,3.6241658480977064,0.13961702875660353,-21.763213772364146,-21.623596743607543,240.0,4.198232013293405,mean
2157,PCA3,15,NEARUSDT,2026-08-12 17:44:00+00:00,2026-08-12 17:46:00+00:00,2026-08-12 19:16:00+00:00,9122.419110972423,9109.505529511627,9109.505529511627,9070.29990034072,24.067808528001315,3.63596108597047,0.0,20.431847442030847,20.431847442030847,90.0,2.4786137952356313,mean
2158,PCA3,15,LTCUSDT,2026-08-12 19:29:00+00:00,2026-08-12 19:31:00+00:00,2026-08-12 21:31:00+00:00,9124.462295716627,9117.218943007138,9117.218943007138,9081.778148132564,25.252694946350193,3.6397994182279403,0.0,21.61289552812225,21.61289552812225,120.0,-2.494900915226463,mean
2160,PCA3,15,BTCUSDT,2026-08-12 21:29:00+00:00,2026-08-12 21:31:00+00:00,2026-08-12 23:46:00+00:00,9126.880986233897,9117.582795262813,9117.582795262813,9125.748188509682,15.975501489929325,3.648666196754499,0.0,12.326835293174826,12.326835293174826,135.0,3.029467438154758,mean
2161,PCA3,15,DOGEUSDT,2026-08-12 21:44:00+00:00,2026-08-12 21:46:00+00:00,2026-08-13 00:31:00+00:00,9131.642605589544,9130.101968554662,9130.101968554662,9147.901774192684,3.698522389529977,3.6556007485494693,0.17591415069776928,0.04292164098050777,0.21883579167827705,165.0,-3.022975608318911,mean
2159,PCA3,15,FILUSDT,2026-08-12 21:29:00+00:00,2026-08-12 21:31:00+00:00,2026-08-13 01:31:00+00:00,9126.880986233897,9104.148522697968,9104.148522697968,9140.03285910546,9.943810157575932,3.6488362763606856,1.0733797163930505,6.294973881215247,7.368353597608298,240.0,-4.965614236526747,mean
2162,PCA3,15,XLMUSDT,2026-08-13 00:14:00+00:00,2026-08-13 00:16:00+00:00,2026-08-13 02:16:00+00:00,9128.567169217542,9127.697755041969,9127.697755041969,9096.843132698836,10.230516883324869,3.644908177548161,0.0,6.585608705776709,6.585608705776709,120.0,2.0006599501067646,mean
2163,PCA3,15,BCHUSDT,2026-08-13 00:44:00+00:00,2026-08-13 00:46:00+00:00,2026-08-13 04:01:00+00:00,9129.352980878311,9128.765215175588,9128.765215175588,9190.964901797812,3.256544891093673,3.66394602339468,0.0,-0.40740113230100716,-0.40740113230100716,195.0,2.640293565007983,mean
2164,PCA3,15,XLMUSDT,2026-08-13 02:59:00+00:00,2026-08-13 03:01:00+00:00,2026-08-13 04:31:00+00:00,9128.29801415488,9131.46990237033,9131.46990237033,9146.38313609545,5.468292195250443,3.6555706076931562,0.0,1.8127215875572873,1.8127215875572873,90.0,2.0314474957977455,mean
2165,PCA3,15,AVAXUSDT,2026-08-13 03:59:00+00:00,2026-08-13 04:01:00+00:00,2026-08-13 07:01:00+00:00,9127.356953788661,9141.689906197471,9141.689906197471,9162.989978951575,13.470713349937288,3.660935977029809,0.0,9.80977737290748,9.80977737290748,180.0,2.394403155851147,mean
2166,PCA3,15,TRXUSDT,2026-08-13 05:59:00+00:00,2026-08-13 06:01:00+00:00,2026-08-13 07:46:00+00:00,9131.389113502013,9135.910195125976,9135.910195125976,9126.607327572308,13.968022737369223,3.6525035045396566,0.0,10.315519232829567,10.315519232829567,105.0,2.4544599973928123,mean
2168,PCA3,15,BCHUSDT,2026-08-13 10:29:00+00:00,2026-08-13 10:31:00+00:00,2026-08-13 12:01:00+00:00,9130.501500242903,9125.75886679818,9125.75886679818,9105.53503621704,20.22383058114074,3.6462587806030435,0.0,16.577571800537694,16.577571800537694,90.0,-2.5059637490075963,mean
2167,PCA3,15,TRXUSDT,2026-08-13 08:59:00+00:00,2026-08-13 09:01:00+00:00,2026-08-13 12:46:00+00:00,9131.426610314362,9129.331233746527,9129.331233746527,9084.580453188344,4.75793966567303,3.6427823373869748,0.0,1.1151573282860552,1.1151573282860552,225.0,-2.186767845605245,mean
2171,PCA3,15,AAVEUSDT,2026-08-13 13:59:00+00:00,2026-08-13 14:01:00+00:00,2026-08-13 14:46:00+00:00,9127.784955443049,9127.230307473135,9127.230307473135,9189.047774357834,37.01970857854786,3.663255616366194,0.0,33.35645296218167,33.35645296218167,45.0,-2.5183662140244185,mean
2169,PCA3,15,UNIUSDT,2026-08-13 12:29:00+00:00,2026-08-13 12:31:00+00:00,2026-08-13 15:46:00+00:00,9133.414826742688,9132.526045857781,9132.526045857781,9101.314951184311,-28.671613711676397,3.6467681994084185,0.0,-32.31838191108481,-32.31838191108481,195.0,-2.2816767886064113,mean
2170,PCA3,15,LINKUSDT,2026-08-13 13:14:00+00:00,2026-08-13 13:16:00+00:00,2026-08-13 16:16:00+00:00,9130.63791215074,9126.887393761115,9126.887393761115,9065.298279472785,16.029792149478833,3.6384371346467805,0.2909772812543113,12.391355014832053,12.682332296086365,180.0,2.1668773100916687,mean
2172,PCA3,15,AVAXUSDT,2026-08-13 15:14:00+00:00,2026-08-13 15:16:00+00:00,2026-08-13 17:31:00+00:00,9130.578984035123,9122.211913970716,9122.211913970716,9058.028192802687,7.606380453878108,3.6360480213546804,-0.3282168500757138,3.9703324325234273,3.6421155824477136,135.0,-2.2228576750028277,mean
2174,PCA3,15,HBARUSDT,2026-08-13 16:29:00+00:00,2026-08-13 16:31:00+00:00,2026-08-13 17:31:00+00:00,9126.695717502616,9132.259975202554,9132.259975202554,9103.095248836997,29.787942382017572,3.64707104480791,0.0,26.140871337209663,26.140871337209663,60.0,2.3053029997072403,mean
2173,PCA3,15,BCHUSDT,2026-08-13 15:59:00+00:00,2026-08-13 16:01:00+00:00,2026-08-13 19:46:00+00:00,9134.070656620803,9148.53813636253,9148.53813636253,9107.217352180845,-67.07855527852696,3.651151097708675,0.0,-70.72970637623564,-70.72970637623564,225.0,-7.2816238027476885,mean
2176,PCA3,15,XRPUSDT,2026-08-13 17:44:00+00:00,2026-08-13 17:46:00+00:00,2026-08-13 20:31:00+00:00,9131.286604404979,9136.15139590399,9136.15139590399,9151.760983873552,4.925405653123145,3.657582475955508,0.0,1.2678231771676374,1.2678231771676374,165.0,2.209415394622163,mean
2175,PCA3,15,HBARUSDT,2026-08-13 17:44:00+00:00,2026-08-13 17:46:00+00:00,2026-08-13 22:01:00+00:00,9131.286604404979,9132.917019009625,9132.917019009625,9112.730917233805,-46.303849227132034,3.649129587248686,0.0,-49.95297881438072,-49.95297881438072,255.0,-2.4420953860694734,timeout
2177,PCA3,15,AAVEUSDT,2026-08-13 21:29:00+00:00,2026-08-13 21:31:00+00:00,2026-08-13 23:16:00+00:00,9126.087587058208,9128.899276323627,9128.899276323627,9122.627191986208,14.340416669269402,3.650305293661967,0.0,10.690111375607435,10.690111375607435,105.0,2.17193192067709,mean
2178,PCA3,15,SOLUSDT,2026-08-14 01:14:00+00:00,2026-08-14 01:16:00+00:00,2026-08-14 02:31:00+00:00,9126.673747190142,9128.325947305171,9128.325947305171,9132.153307797216,9.438513604344273,3.6520958510204773,0.0,5.7864177533237955,5.7864177533237955,75.0,-2.096919380621192,mean
2179,PCA3,15,DOTUSDT,2026-08-14 03:44:00+00:00,2026-08-14 03:46:00+00:00,2026-08-14 06:46:00+00:00,9127.252388965475,9125.116236430153,9125.116236430153,9109.24584704578,7.55073831184027,3.6468724166951865,0.0,3.903865895145083,3.903865895145083,180.0,-2.6284971606103626,mean
2180,PCA3,15,BTCUSDT,2026-08-14 08:29:00+00:00,2026-08-14 08:31:00+00:00,2026-08-14 10:31:00+00:00,9127.642775554987,9126.72881919079,9126.72881919079,9136.506678090695,12.404858602443353,3.6526470994562974,0.0,8.752211502987056,8.752211502987056,120.0,-2.430960349185734,mean
2181,PCA3,15,LINKUSDT,2026-08-14 09:59:00+00:00,2026-08-14 10:01:00+00:00,2026-08-14 13:16:00+00:00,9128.031498821643,9130.587172628835,9130.587172628835,9113.497985490625,2.617690736726787,3.6488170316238917,0.0,-1.0311262948971045,-1.0311262948971045,195.0,2.39311571296688,mean
2183,PCA3,15,UNIUSDT,2026-08-14 11:14:00+00:00,2026-08-14 11:16:00+00:00,2026-08-14 14:46:00+00:00,9129.023965408656,9124.511337999442,9124.511337999442,9017.02038806634,-100.92173296598273,3.628306345213156,0.0,-104.55003931119587,-104.55003931119587,210.0,-3.6852803632744817,mean
2182,PCA3,15,ADAUSDT,2026-08-14 10:44:00+00:00,2026-08-14 10:46:00+00:00,2026-08-14 15:01:00+00:00,9129.413813310108,9129.430375374915,9129.430375374915,9085.26847418957,-22.763488080508388,3.642939769912897,0.0,-26.406427850421284,-26.406427850421284,255.0,-2.7698015074638773,timeout
2184,PCA3,15,XLMUSDT,2026-08-14 13:29:00+00:00,2026-08-14 13:31:00+00:00,2026-08-14 15:01:00+00:00,9115.522176993298,9110.972546009809,9110.972546009809,9086.42302031155,5.885981742870128,3.6394791132642723,0.0,2.246502629605856,2.246502629605856,90.0,2.206984985224163,mean
2187,PCA3,15,HBARUSDT,2026-08-14 15:14:00+00:00,2026-08-14 15:16:00+00:00,2026-08-14 16:01:00+00:00,9116.742945857544,9115.13558563686,9115.13558563686,9139.271960111797,21.370791903768204,3.650881509149731,-0.3217071847877734,17.719910394618474,17.3982032098307,45.0,2.6859415628940653,mean
2185,PCA3,15,BCHUSDT,2026-08-14 14:59:00+00:00,2026-08-14 15:01:00+00:00,2026-08-14 16:31:00+00:00,9115.90750261089,9122.115048879747,9122.115048879747,9189.845278965966,14.67437123499981,3.6623920655691427,2.4787077219136826,11.011979169430669,13.490686891344351,90.0,-3.925749957658682,mean
2186,PCA3,15,LTCUSDT,2026-08-14 15:14:00+00:00,2026-08-14 15:16:00+00:00,2026-08-14 18:31:00+00:00,9116.742945857544,9120.027513850038,9120.027513850038,9156.09215521579,-0.6314840544638427,3.655223933813166,-0.04336145700732059,-4.2867079882770085,-4.330069445284329,195.0,-5.479780776930112,mean
2188,PCA3,15,BTCUSDT,2026-08-14 16:29:00+00:00,2026-08-14 16:31:00+00:00,2026-08-14 18:46:00+00:00,9118.15190788616,9120.881759600941,9120.881759600941,9104.047356015819,8.588060491093055,3.644985823123352,0.0,4.943074667969702,4.943074667969702,135.0,2.151338354509011,mean
2189,PCA3,15,AAVEUSDT,2026-08-14 16:44:00+00:00,2026-08-14 16:46:00+00:00,2026-08-14 19:46:00+00:00,9116.415543451096,9113.079512519198,9113.079512519198,9082.723105385798,11.72259375952021,3.6391605235809994,0.0,8.08343323593921,8.08343323593921,180.0,2.005599268068419,mean
2191,PCA3,15,SOLUSDT,2026-08-14 18:59:00+00:00,2026-08-14 19:01:00+00:00,2026-08-14 20:31:00+00:00,9118.977736667797,9102.38814057266,9102.38814057266,9139.942411592585,19.725370025947186,3.6484661104330494,0.0,16.076903915514137,16.076903915514137,90.0,-2.507815395314108,mean
2190,PCA3,15,LINKUSDT,2026-08-14 18:44:00+00:00,2026-08-14 18:46:00+00:00,2026-08-14 21:46:00+00:00,9118.374698940326,9116.26191352373,9116.26191352373,9096.645260897381,0.5692869850120217,3.642581434884222,0.0,-3.0732944498721997,-3.0732944498721997,180.0,3.072397501528124,mean
2193,PCA3,15,AAVEUSDT,2026-08-14 20:44:00+00:00,2026-08-14 20:46:00+00:00,2026-08-14 23:31:00+00:00,9117.678536382839,9116.057138743967,9116.057138743967,9137.455993475247,2.0070878358620075,3.650702626443843,0.0,-1.6436147905818355,-1.6436147905818355,165.0,-2.259350976895073,mean
2192,PCA3,15,NEARUSDT,2026-08-14 20:14:00+00:00,2026-08-14 20:16:00+00:00,2026-08-15 00:31:00+00:00,9119.179201398647,9115.51179200202,9115.51179200202,9223.754837346823,-57.8565681346717,3.6678533258697685,0.45308276779930856,-61.52442146054147,-61.07133869274216,255.0,2.516985171673193,timeout
2194,PCA3,15,XLMUSDT,2026-08-14 22:14:00+00:00,2026-08-14 22:16:00+00:00,2026-08-15 02:01:00+00:00,9117.867616274107,9114.459590654833,9114.459590654833,9204.436131418002,0.3322447258240102,3.6637791444145673,-0.011418516405055734,-3.3315344185905573,-3.342952934995613,225.0,-3.505860325063,mean
2195,PCA3,15,FILUSDT,2026-08-15 00:14:00+00:00,2026-08-15 00:16:00+00:00,2026-08-15 03:16:00+00:00,9115.662759611017,9134.572710595889,9134.572710595889,9163.527069497386,74.9186382236187,3.6596199560186546,0.0,71.25901826760004,71.25901826760004,180.0,5.933181520366777,mean
2196,PCA3,15,LINKUSDT,2026-08-15 01:14:00+00:00,2026-08-15 01:16:00+00:00,2026-08-15 04:46:00+00:00,9120.558972818159,9109.05017802392,9109.05017802392,9296.763551780414,-137.5426603489329,3.681162745960867,0.0,-141.2238230948938,-141.2238230948938,210.0,3.7743605885414113,mean
2197,PCA3,15,SOLUSDT,2026-08-15 02:14:00+00:00,2026-08-15 02:16:00+00:00,2026-08-15 05:31:00+00:00,9103.070132985558,9109.887704185225,9109.887704185225,9111.23643178121,-6.840488913283955,3.644224827193287,0.0,-10.484713740477241,-10.484713740477241,195.0,-2.688582263064407,mean
2198,PCA3,15,AVAXUSDT,2026-08-15 03:29:00+00:00,2026-08-15 03:31:00+00:00,2026-08-15 06:01:00+00:00,9100.157567248696,9101.407787710594,9101.407787710594,9050.53615585176,34.29783612093307,3.6303887887124704,0.0,30.6674473322206,30.6674473322206,150.0,5.2509530757818155,mean
2199,PCA3,15,LINKUSDT,2026-08-15 06:44:00+00:00,2026-08-15 06:46:00+00:00,2026-08-15 10:16:00+00:00,9109.218783659759,9110.066938320453,9110.066938320453,9075.775744991564,-24.831234653553814,3.6371685366624034,-0.26086997310185933,-28.468403190216215,-28.729273163318073,210.0,-2.170068076084466,mean
2200,PCA3,15,DOTUSDT,2026-08-15 09:29:00+00:00,2026-08-15 09:31:00+00:00,2026-08-15 11:31:00+00:00,9102.600297520286,9101.771928566908,9101.771928566908,9108.171050612105,2.693417872972663,3.6419885958358025,0.0,-0.9485707228631393,-0.9485707228631393,120.0,2.4016738498396504,mean
2201,PCA3,15,TRXUSDT,2026-08-15 11:14:00+00:00,2026-08-15 11:16:00+00:00,2026-08-15 13:31:00+00:00,9105.194907221028,9105.425115611395,9105.425115611395,9108.496664906037,4.9084637704079075,3.6427843561034865,0.0,1.2656794143044208,1.2656794143044208,135.0,-2.2148898939242225,mean
2202,PCA3,15,AAVEUSDT,2026-08-15 12:29:00+00:00,2026-08-15 12:31:00+00:00,2026-08-15 14:46:00+00:00,9106.880556719343,9108.787177863665,9108.787177863665,9133.660275077573,18.487964547269204,3.648489490588248,0.0,14.839475056680957,14.839475056680957,135.0,-2.615695087386752,mean
2203,PCA3,15,LINKUSDT,2026-08-15 12:44:00+00:00,2026-08-15 12:46:00+00:00,2026-08-15 15:16:00+00:00,9107.109158033627,9108.613398761363,9108.613398761363,9113.050991422713,3.519037840825141,3.644332878036815,0.0,-0.12529503721167434,-0.12529503721167434,150.0,2.1857655164547465,mean
2204,PCA3,15,HBARUSDT,2026-08-15 16:44:00+00:00,2026-08-15 16:46:00+00:00,2026-08-15 17:16:00+00:00,9107.848985214518,9109.251474315774,9109.251474315774,9140.923059817545,28.25764271004419,3.6500349068266638,0.0,24.60760780321753,24.60760780321753,30.0,-2.3196910646378863,mean
2205,PCA3,15,XLMUSDT,2026-08-15 17:14:00+00:00,2026-08-15 17:16:00+00:00,2026-08-15 18:46:00+00:00,9110.526881606898,9109.664188847893,9109.664188847893,9076.017315520563,10.633272485930087,3.637136300873691,0.0,6.996136185056396,6.996136185056396,90.0,2.212454375359957,mean
2206,PCA3,15,BCHUSDT,2026-08-15 18:59:00+00:00,2026-08-15 19:01:00+00:00,2026-08-15 21:16:00+00:00,9111.009359613343,9105.302171892754,9105.302171892754,9132.202360483629,21.778254244119832,3.647500906475276,0.0,18.130753337644556,18.130753337644556,135.0,-2.3635169781884273,mean
2207,PCA3,15,AVAXUSDT,2026-08-15 22:44:00+00:00,2026-08-15 22:46:00+00:00,2026-08-16 01:46:00+00:00,9112.822434947107,9111.082609807114,9111.082609807114,9043.866653345507,-23.519142211970248,3.630989852630524,0.2445325772925682,-27.150132064600772,-26.905599487308205,180.0,-2.19087390015952,mean
2209,PCA3,15,ETHUSDT,2026-08-16 00:14:00+00:00,2026-08-16 00:16:00+00:00,2026-08-16 01:46:00+00:00,9105.622279771733,9104.449640956134,9104.449640956134,9103.11227353529,6.066128289580697,3.641512382898285,0.0,2.424615906682412,2.424615906682412,90.0,2.0011563621721953,mean
2208,PCA3,15,FILUSDT,2026-08-15 23:14:00+00:00,2026-08-15 23:16:00+00:00,2026-08-16 03:01:00+00:00,9108.590288250538,9099.768148373698,9099.768148373698,9089.922683288394,0.9629337498335122,3.637938166332419,0.1787404310640248,-2.675004416498907,-2.496263985434882,225.0,-2.0431526404871203,mean
2210,PCA3,15,LTCUSDT,2026-08-16 15:29:00+00:00,2026-08-16 15:31:00+00:00,2026-08-16 16:31:00+00:00,9110.124710190501,9101.305364284115,9101.305364284115,9096.751262511849,17.829497024268157,3.639611325359193,-0.09908307544641357,14.189885698908965,14.090802623462551,60.0,3.601698073929829,mean
2211,PCA3,15,XLMUSDT,2026-08-16 16:29:00+00:00,2026-08-16 16:31:00+00:00,2026-08-16 17:46:00+00:00,9111.805395344474,9115.878995488627,9115.878995488627,9061.78013980704,27.362558535828217,3.635531827059134,0.0,23.727026708769085,23.727026708769085,75.0,3.159112368545887,mean
2212,PCA3,15,ADAUSDT,2026-08-16 19:29:00+00:00,2026-08-16 19:31:00+00:00,2026-08-16 21:16:00+00:00,9113.906493123724,9113.688059688046,9113.688059688046,9039.308856084157,40.663277699045146,3.6305993831544408,0.0,37.032678315890706,37.032678315890706,105.0,3.1724005061594824,mean
2214,PCA3,15,SOLUSDT,2026-08-16 21:59:00+00:00,2026-08-16 22:01:00+00:00,2026-08-16 23:31:00+00:00,9117.539253417908,9100.485880761189,9100.485880761189,9128.485623871125,13.666329195382872,3.645794300926463,0.0,10.020534894456409,10.020534894456409,90.0,-2.128077419406252,mean
2213,PCA3,15,FILUSDT,2026-08-16 21:44:00+00:00,2026-08-16 21:46:00+00:00,2026-08-17 00:31:00+00:00,9117.609760955314,9095.188773494316,9095.188773494316,9131.551282090431,19.54500549978638,3.6453480111169494,0.33898872626618065,15.89965748866943,16.23864621493561,165.0,-3.0043627022494515,mean
2216,PCA3,15,SUIUSDT,2026-08-17 03:14:00+00:00,2026-08-17 03:16:00+00:00,2026-08-17 04:46:00+00:00,9120.805649822792,9121.344315448065,9121.344315448065,9108.987813109126,15.741678817374636,3.646066425711438,0.0,12.095612391663199,12.095612391663199,90.0,2.5130323890950375,mean
2215,PCA3,15,FILUSDT,2026-08-17 02:29:00+00:00,2026-08-17 02:31:00+00:00,2026-08-17 05:16:00+00:00,9120.235679066252,9116.38702635094,9116.38702635094,9173.720042915895,16.02942130083752,3.6580214138533664,0.0,12.371399886984152,12.371399886984152,165.0,-2.1265057594974714,mean
2217,PCA3,15,NEARUSDT,2026-08-17 05:14:00+00:00,2026-08-17 05:16:00+00:00,2026-08-17 07:31:00+00:00,9122.960951718293,9122.686863944124,9122.686863944124,9117.950831971157,9.676678878722035,3.648127539183056,0.0,6.0285513395389785,6.0285513395389785,135.0,2.3181601295747005,mean
2219,PCA3,15,DOTUSDT,2026-08-17 07:29:00+00:00,2026-08-17 07:31:00+00:00,2026-08-17 09:46:00+00:00,9123.49945585882,9123.518285938722,9123.518285938722,9089.420339606488,9.135354373603683,3.642587725109042,-0.22347294090010578,5.492766648494641,5.269293707594535,135.0,-2.215811099866184,mean
2220,PCA3,15,LTCUSDT,2026-08-17 08:29:00+00:00,2026-08-17 08:31:00+00:00,2026-08-17 09:46:00+00:00,9123.18048100362,9122.840671024205,9122.840671024205,9135.28257865256,18.73779326365915,3.6516246499353526,0.0,15.086168613723796,15.086168613723796,75.0,-2.1073908263084924,mean
2218,PCA3,15,HBARUSDT,2026-08-17 07:29:00+00:00,2026-08-17 07:31:00+00:00,2026-08-17 11:46:00+00:00,9123.49945585882,9123.631775272224,9123.631775272224,9166.85086564257,-41.65714370124043,3.6580965281829587,-0.18024603447607687,-45.31524022942339,-45.495486263899465,255.0,3.2061216899842746,timeout
2221,PCA3,15,ADAUSDT,2026-08-17 10:14:00+00:00,2026-08-17 10:16:00+00:00,2026-08-17 11:46:00+00:00,9121.523136695281,9121.842294934031,9121.842294934031,9179.743541542623,16.266512783010725,3.6603171672953305,0.0,12.606195615715395,12.606195615715395,90.0,-2.0420016310065843,mean
2222,PCA3,15,AAVEUSDT,2026-08-17 14:44:00+00:00,2026-08-17 14:46:00+00:00,2026-08-17 17:01:00+00:00,9122.031852595384,9124.022788057227,9124.022788057227,9154.200471031294,-10.639118569212,3.6556446518177044,0.08068363622715091,-14.294763221029704,-14.214079584802553,135.0,2.179542735018471,mean
2224,PCA3,15,TRXUSDT,2026-08-17 15:59:00+00:00,2026-08-17 16:01:00+00:00,2026-08-17 17:01:00+00:00,9117.658966553323,9110.21033524061,9110.21033524061,9131.477440259512,42.107626461115224,3.6483375551000248,0.0,38.459288906015196,38.459288906015196,60.0,-3.9701823137068173,mean
2223,PCA3,15,BTCUSDT,2026-08-17 15:29:00+00:00,2026-08-17 15:31:00+00:00,2026-08-17 19:46:00+00:00,9119.26273651679,9120.278910480887,9120.278910480887,9134.964584244493,-28.98559991953555,3.651048698945076,0.4335568020829459,-32.63664861848063,-32.20309181639768,255.0,2.512625792323739,timeout
2225,PCA3,15,NEARUSDT,2026-08-17 17:14:00+00:00,2026-08-17 17:16:00+00:00,2026-08-17 19:46:00+00:00,9123.642814929166,9127.064378751995,9127.064378751995,9139.262843243368,1.133847642682749,3.6532654443990724,0.0,-2.5194178017163233,-2.5194178017163233,150.0,-2.727791480567375,mean
2226,PCA3,15,NEARUSDT,2026-08-17 21:44:00+00:00,2026-08-17 21:46:00+00:00,2026-08-17 23:46:00+00:00,9120.984122565693,9123.181238611833,9123.181238611833,9123.172039279163,9.571318831967126,3.6492706555781993,0.0,5.922048176388927,5.922048176388927,120.0,2.0856543069581774,mean
2227,PCA3,15,AAVEUSDT,2026-08-17 21:59:00+00:00,2026-08-17 22:01:00+00:00,2026-08-18 01:31:00+00:00,9119.999300312746,9118.968969930535,9118.968969930535,9101.229600334527,6.862179601196792,3.644039714053012,0.014290378086601455,3.2181398871437805,3.232430265230382,210.0,2.9292219568754665,mean
2228,PCA3,15,DOTUSDT,2026-08-18 01:59:00+00:00,2026-08-18 02:01:00+00:00,2026-08-18 05:46:00+00:00,9121.899570409854,9110.277936085058,9110.277936085058,9015.424013754557,-43.97715698995425,3.625140389967923,0.0,-47.60229737992217,-47.60229737992217,225.0,-2.713834563670214,mean
2229,PCA3,15,FILUSDT,2026-08-18 02:44:00+00:00,2026-08-18 02:46:00+00:00,2026-08-18 06:16:00+00:00,9122.303032694934,9107.549968691172,9107.549968691172,9041.110855757366,-80.11458640600702,3.629732164889708,0.0,-83.74431857089672,-83.74431857089672,210.0,-7.672763725918639,mean
2230,PCA3,15,SUIUSDT,2026-08-18 02:59:00+00:00,2026-08-18 03:01:00+00:00,2026-08-18 07:01:00+00:00,9106.857509489286,9123.668510013285,9123.668510013285,9149.91374387753,-43.550962622187825,3.6547164507781633,0.0,-47.20567907296599,-47.20567907296599,240.0,-13.43040930827174,mean
2231,PCA3,15,TRXUSDT,2026-08-18 07:14:00+00:00,2026-08-18 07:16:00+00:00,2026-08-18 09:01:00+00:00,9104.044340907476,9102.727605740942,9102.727605740942,9086.507464735461,-2.288306115264305,3.6378470140952803,0.27945699587097805,-5.9261531293595855,-5.646696133488607,105.0,2.156766132660638,mean
2233,PCA3,15,NEARUSDT,2026-08-18 08:14:00+00:00,2026-08-18 08:16:00+00:00,2026-08-18 11:31:00+00:00,9102.381336894012,9098.9351522872,9098.9351522872,9145.369119606208,13.918448655878231,3.6488608543786816,0.0,10.26958780149955,10.26958780149955,195.0,-3.012352282899878,mean
2232,PCA3,15,XLMUSDT,2026-08-18 07:44:00+00:00,2026-08-18 07:46:00+00:00,2026-08-18 12:01:00+00:00,9102.294248887838,9102.897229360433,9102.897229360433,9094.134348743226,-21.718396298452276,3.6394063156207315,1.2578353077138016,-25.35780261407301,-24.099967306359208,255.0,-2.147364211401425,timeout
2234,PCA3,15,SOLUSDT,2026-08-18 12:14:00+00:00,2026-08-18 12:16:00+00:00,2026-08-18 13:16:00+00:00,9102.09663334364,9100.016038885951,9100.016038885951,9086.869788865986,10.535487712524338,3.6373771655503875,0.0,6.89811054697395,6.89811054697395,60.0,2.0547057650052207,mean
2235,PCA3,15,SUIUSDT,2026-08-18 12:59:00+00:00,2026-08-18 13:01:00+00:00,2026-08-18 14:01:00+00:00,9102.36046703424,9094.509980662919,9094.509980662919,9092.831428565896,10.550835960611423,3.637468281845763,0.0,6.913367678765661,6.913367678765661,60.0,2.0893762615940723,mean
2236,PCA3,15,ADAUSDT,2026-08-18 13:44:00+00:00,2026-08-18 13:46:00+00:00,2026-08-18 15:16:00+00:00,9102.69218713019,9103.362640638035,9103.362640638035,9139.890510734434,18.138339860006266,3.648650630274494,0.0,14.489689229731773,14.489689229731773,90.0,2.114144805157646,mean
2239,PCA3,15,DOTUSDT,2026-08-18 15:44:00+00:00,2026-08-18 15:46:00+00:00,2026-08-18 17:16:00+00:00,9102.633025481655,9101.68023340264,9101.68023340264,9072.375361013324,11.253509274116661,3.634811118883192,0.3246880875422349,7.618698155233469,7.943386242775704,90.0,2.359760360107145,mean
2237,PCA3,15,BTCUSDT,2026-08-18 14:29:00+00:00,2026-08-18 14:31:00+00:00,2026-08-18 17:46:00+00:00,9104.25543324373,9107.216109035508,9107.216109035508,9072.05926725009,3.593914461183031,3.6358550752571195,0.052092905584631505,-0.041940614074088334,0.010152291510543171,195.0,3.2613618189045543,mean
2238,PCA3,15,LTCUSDT,2026-08-18 14:59:00+00:00,2026-08-18 15:01:00+00:00,2026-08-18 18:16:00+00:00,9103.979519420433,9111.599080691636,9111.599080691636,9111.924992417979,-8.535090733934856,3.6447048146219228,-0.02160993213160252,-12.179795548556779,-12.201405480688381,195.0,-2.280781272669052,mean
2240,PCA3,15,NEARUSDT,2026-08-18 17:29:00+00:00,2026-08-18 17:31:00+00:00,2026-08-18 20:31:00+00:00,9103.974965985077,9104.551210409136,9104.551210409136,9112.215006214661,9.78220289605053,3.643353243324759,0.0,6.138849652725771,6.138849652725771,180.0,-2.7266729509718006,mean
2242,PCA3,15,LTCUSDT,2026-08-18 20:59:00+00:00,2026-08-18 21:01:00+00:00,2026-08-18 22:01:00+00:00,9104.35810751977,9105.390503134493,9105.390503134493,9095.577204752995,14.699220642561048,3.6401935415774975,0.0,11.05902710098355,11.05902710098355,60.0,2.1505291231831674,mean
2244,PCA3,15,SUIUSDT,2026-08-18 22:14:00+00:00,2026-08-18 22:16:00+00:00,2026-08-18 23:46:00+00:00,9101.611955957389,9101.196440413612,9101.196440413612,9124.84653425878,8.647761201983267,3.6452085949344784,0.0,5.002552607048789,5.002552607048789,90.0,-2.0537510241933976,mean
2241,PCA3,15,AAVEUSDT,2026-08-18 20:29:00+00:00,2026-08-18 20:31:00+00:00,2026-08-19 00:46:00+00:00,9105.101272374575,9107.917560183208,9107.917560183208,9038.20100053709,-55.85684700431215,3.62922371214406,-0.07495225322810345,-59.48607071645621,-59.561022969684316,255.0,-2.6562969564849337,timeout
2243,PCA3,15,HBARUSDT,2026-08-18 21:14:00+00:00,2026-08-18 21:16:00+00:00,2026-08-19 01:31:00+00:00,9104.28816176811,9104.405669166877,9104.405669166877,9156.20016354012,-57.71430925650534,3.6521211665413995,-0.19542297116512067,-61.36643042304674,-61.56185339421186,255.0,2.189253124722421,timeout
2245,PCA3,15,NEARUSDT,2026-08-19 00:14:00+00:00,2026-08-19 00:16:00+00:00,2026-08-19 01:46:00+00:00,9094.588268994854,9089.185807542988,9089.185807542988,9139.00626215892,27.798019956481763,3.645638413940382,0.0,24.152381542541384,24.152381542541384,90.0,-2.2620432052347006,mean
2247,PCA3,15,HBARUSDT,2026-08-19 02:14:00+00:00,2026-08-19 02:16:00+00:00,2026-08-19 03:01:00+00:00,9097.353862195872,9096.970248669075,9096.970248669075,9077.896701729002,21.311273401131473,3.6349733900796153,0.0,17.676300011051858,17.676300011051858,45.0,2.0247299574512505,mean
2246,PCA3,15,SOLUSDT,2026-08-19 01:44:00+00:00,2026-08-19 01:46:00+00:00,2026-08-19 04:16:00+00:00,9097.175190622014,9096.922357677206,9096.922357677206,9120.471897155106,12.032987700140781,3.6434788509664626,0.0,8.389508849174318,8.389508849174318,150.0,-2.0228709010246284,mean
2248,PCA3,15,BTCUSDT,2026-08-19 03:14:00+00:00,2026-08-19 03:16:00+00:00,2026-08-19 07:31:00+00:00,9099.39100569138,9100.845698998628,9100.845698998628,9116.695575048354,-17.20797510702425,3.6435082548093964,0.0,-20.851483361833647,-20.851483361833647,255.0,-2.1189206318370077,timeout
2250,PCA3,15,XLMUSDT,2026-08-19 04:59:00+00:00,2026-08-19 05:01:00+00:00,2026-08-19 07:31:00+00:00,9098.969986029626,9116.97790700007,9116.97790700007,9128.616732982,21.570871818886285,3.649118927996414,0.0,17.92175289088987,17.92175289088987,150.0,2.972135658722354,mean
2249,PCA3,15,BNBUSDT,2026-08-19 03:29:00+00:00,2026-08-19 03:31:00+00:00,2026-08-19 07:46:00+00:00,9098.710538974714,9098.058172869809,9098.058172869809,9110.211370905585,-10.039781621368407,3.6416539087550786,0.0,-13.681435530123485,-13.681435530123485,255.0,-2.2291947729269173,timeout
2251,PCA3,15,LTCUSDT,2026-08-19 08:59:00+00:00,2026-08-19 09:01:00+00:00,2026-08-19 11:16:00+00:00,9097.9704211344,9100.41517159947,9100.41517159947,9091.797160944667,17.694250852369827,3.6384424665088275,0.0,14.055808385860999,14.055808385860999,135.0,3.444597823886313,mean
2252,PCA3,15,ADAUSDT,2026-08-19 09:14:00+00:00,2026-08-19 09:16:00+00:00,2026-08-19 11:31:00+00:00,9097.080457041773,9093.560554888096,9093.560554888096,9123.714556380535,14.944677405395325,3.6434550222537263,0.0,11.301222383141598,11.301222383141598,135.0,-2.816615025944059,mean
2253,PCA3,15,DOTUSDT,2026-08-19 10:14:00+00:00,2026-08-19 10:16:00+00:00,2026-08-19 13:16:00+00:00,9098.73754953682,9095.30432040881,9095.30432040881,9174.615422011042,-8.326326086648816,3.6539839484839707,0.0,-11.980310035132787,-11.980310035132787,180.0,2.109041283279002,mean
2254,PCA3,15,AAVEUSDT,2026-08-19 11:44:00+00:00,2026-08-19 11:46:00+00:00,2026-08-19 13:31:00+00:00,9098.609253135435,9103.98556103502,9103.98556103502,9144.203886296265,14.663305451291507,3.6496378894662573,0.0,11.01366756182525,11.01366756182525,105.0,2.127520215647092,mean
2255,PCA3,15,UNIUSDT,2026-08-19 11:59:00+00:00,2026-08-19 12:01:00+00:00,2026-08-19 14:31:00+00:00,9097.247622543602,9098.408482983261,9098.408482983261,9100.492931321982,34.1457673435273,3.6397802828610484,0.0,30.505987060666246,30.505987060666246,150.0,2.544112542556473,mean
2257,PCA3,15,SOLUSDT,2026-08-19 13:44:00+00:00,2026-08-19 13:46:00+00:00,2026-08-19 15:31:00+00:00,9103.003437235671,9097.536611581261,9097.536611581261,9443.785501743345,-22.64199620885345,3.7082644226649215,0.0,-26.35026063151837,-26.35026063151837,105.0,3.7945893308852,mean
2256,PCA3,15,XRPUSDT,2026-08-19 13:29:00+00:00,2026-08-19 13:31:00+00:00,2026-08-19 17:46:00+00:00,9100.466174451303,9098.122933384973,9098.122933384973,9408.611358140246,-33.059735962399145,3.701346858305044,-0.041449774550247176,-36.76108282070419,-36.80253259525443,255.0,7.621285358867621,timeout
2260,PCA3,15,DOGEUSDT,2026-08-19 17:59:00+00:00,2026-08-19 18:01:00+00:00,2026-08-19 18:46:00+00:00,9086.14040829442,9086.679977059275,9086.679977059275,9129.085119243291,22.031876466023842,3.643153019260514,0.0,18.38872344676333,18.38872344676333,45.0,-3.3592688461701816,mean
2258,PCA3,15,BTCUSDT,2026-08-19 14:44:00+00:00,2026-08-19 14:46:00+00:00,2026-08-19 19:01:00+00:00,9102.26792291784,9104.51886808627,9104.51886808627,9430.39435026623,-82.617491721443,3.7069826436705,0.2811850858629258,-86.3244743651135,-86.04328927925057,255.0,3.620502546911198,timeout
2259,PCA3,15,ETHUSDT,2026-08-19 15:44:00+00:00,2026-08-19 15:46:00+00:00,2026-08-19 20:01:00+00:00,9087.684323099073,9068.536321671492,9068.536321671492,9120.457732676583,-37.280714584821624,3.637798810869615,0.2752743810052729,-40.918513395691235,-40.64323901468596,255.0,15.56916482395863,timeout
2262,PCA3,15,TRXUSDT,2026-08-19 19:14:00+00:00,2026-08-19 19:16:00+00:00,2026-08-19 20:46:00+00:00,9086.85961570932,9094.46776442331,9094.46776442331,9159.67310966444,-43.836746548816144,3.65082817481755,0.0,-47.48757472363369,-47.48757472363369,90.0,-2.173268631997694,mean
2263,PCA3,15,BNBUSDT,2026-08-19 20:14:00+00:00,2026-08-19 20:16:00+00:00,2026-08-19 23:01:00+00:00,9083.775505516414,9081.547120785563,9081.547120785563,9257.835007865346,-24.42363782508681,3.6678764257301815,0.0,-28.091514250816992,-28.091514250816992,165.0,-2.449504997503741,mean
2261,PCA3,15,XRPUSDT,2026-08-19 18:59:00+00:00,2026-08-19 19:01:00+00:00,2026-08-19 23:16:00+00:00,9087.740179576058,9083.891189379905,9083.891189379905,9358.8099359191,4.531267393874225,3.6885402250598007,0.0,0.8427271688144247,0.8427271688144247,255.0,2.742147699656409,timeout
2264,PCA3,15,ETHUSDT,2026-08-19 20:59:00+00:00,2026-08-19 21:01:00+00:00,2026-08-20 01:01:00+00:00,9076.279191216943,9068.898617172923,9068.898617172923,9209.149590247482,-56.4100631146715,3.655609641484081,-0.0346509686187422,-60.065672756155585,-60.10032372477433,240.0,8.625683454846248,mean
2265,PCA3,15,SUIUSDT,2026-08-19 23:14:00+00:00,2026-08-19 23:16:00+00:00,2026-08-20 02:01:00+00:00,9075.061229842104,9085.939490691328,9085.939490691328,9121.124894886272,-8.530417257144212,3.64141287711552,0.03724364620474316,-12.17183013425973,-12.134586488054987,165.0,-2.2852632443460266,mean
2266,PCA3,15,FILUSDT,2026-08-19 23:29:00+00:00,2026-08-19 23:31:00+00:00,2026-08-20 02:46:00+00:00,9073.659682636491,9070.69323220473,9070.69323220473,9082.910292680612,-0.013157172108026804,3.630720704977068,0.02910926808357088,-3.643877877085095,-3.614768609001524,195.0,-2.0857127666663,mean
2267,PCA3,15,LTCUSDT,2026-08-20 01:14:00+00:00,2026-08-20 01:16:00+00:00,2026-08-20 03:01:00+00:00,9071.298299870306,9067.474149673433,9067.474149673433,9026.53718591091,9.266049391290691,3.6188022671168687,0.0,5.6472471241738225,5.6472471241738225,105.0,2.805777155648024,mean
2268,PCA3,15,DOGEUSDT,2026-08-20 02:14:00+00:00,2026-08-20 02:16:00+00:00,2026-08-20 04:16:00+00:00,9070.35132908049,9068.566939077617,9068.566939077617,8966.519230585998,22.616212915007516,3.607017233932723,0.0,19.009195681074793,19.009195681074793,120.0,4.195605878169719,mean
2270,PCA3,15,XRPUSDT,2026-08-20 03:14:00+00:00,2026-08-20 03:16:00+00:00,2026-08-20 04:46:00+00:00,9071.521837734434,9086.733517929059,9086.733517929059,9119.714394804789,11.96885511524412,3.6412895825467695,0.0,8.32756553269735,8.32756553269735,90.0,-2.0889693923606605,mean
2269,PCA3,15,ADAUSDT,2026-08-20 03:14:00+00:00,2026-08-20 03:16:00+00:00,2026-08-20 05:46:00+00:00,9071.521837734434,9083.556659572496,9083.556659572496,9128.685987033627,0.4195308190272563,3.642448529321224,0.0,-3.222917710293968,-3.222917710293968,150.0,-2.269945377513396,mean
2272,PCA3,15,BNBUSDT,2026-08-20 05:14:00+00:00,2026-08-20 05:16:00+00:00,2026-08-20 06:16:00+00:00,9075.33304920788,9077.878766085565,9077.878766085565,9065.898794197547,14.350082071840655,3.628755512056622,0.0,10.721326559784032,10.721326559784032,60.0,2.126661028700962,mean
2271,PCA3,15,XLMUSDT,2026-08-20 04:29:00+00:00,2026-08-20 04:31:00+00:00,2026-08-20 07:16:00+00:00,9073.296918973992,9071.991210008646,9071.991210008646,9155.2010850309,12.88882518505501,3.6454384590079085,0.0,9.2433867260471,9.2433867260471,165.0,-4.054388543179326,mean
2273,PCA3,15,HBARUSDT,2026-08-20 05:59:00+00:00,2026-08-20 06:01:00+00:00,2026-08-20 07:16:00+00:00,9076.219010090954,9074.969478843006,9074.969478843006,9093.14697008895,37.221173600308475,3.6336232897863914,0.0,33.58755031052208,33.58755031052208,75.0,2.7929461028297453,mean
2274,PCA3,15,BNBUSDT,2026-08-20 07:14:00+00:00,2026-08-20 07:16:00+00:00,2026-08-20 07:46:00+00:00,9080.13239608659,9079.956078345798,9079.956078345798,9055.097224685913,10.097929804136221,3.6270106606063424,0.0,6.470919143529879,6.470919143529879,30.0,2.2213783324137486,mean
2277,PCA3,15,BNBUSDT,2026-08-20 08:14:00+00:00,2026-08-20 08:16:00+00:00,2026-08-20 11:31:00+00:00,9080.57195640563,9071.473443981706,9071.473443981706,9125.598976854595,35.444431642500625,3.6394144841672604,0.0,31.80501715833336,31.80501715833336,195.0,6.499079120252669,mean
2275,PCA3,15,SOLUSDT,2026-08-20 07:29:00+00:00,2026-08-20 07:31:00+00:00,2026-08-20 11:46:00+00:00,9079.933025371827,9071.687204352951,9071.687204352951,9320.986171157241,51.88616878725514,3.6785346751020387,0.08992348950509656,48.2076341121531,48.2975576016582,255.0,2.861732730899905,timeout
2276,PCA3,15,XRPUSDT,2026-08-20 07:44:00+00:00,2026-08-20 07:46:00+00:00,2026-08-20 12:01:00+00:00,9080.614370282123,9079.194224330362,9079.194224330362,9524.717977210428,-198.3120431437096,3.720782440308158,0.07530281215070612,-202.03282558401776,-201.95752277186705,255.0,2.501195347864977,timeout
2278,PCA3,15,XLMUSDT,2026-08-20 11:44:00+00:00,2026-08-20 11:46:00+00:00,2026-08-20 14:46:00+00:00,9070.399924537112,9080.613458761653,9080.613458761653,9060.277591052823,-11.69899863116189,3.628178209962895,0.0,-15.327176841124786,-15.327176841124786,180.0,4.185205398466577,mean
2279,PCA3,15,SOLUSDT,2026-08-20 11:59:00+00:00,2026-08-20 12:01:00+00:00,2026-08-20 16:16:00+00:00,9065.942999373377,9073.423086755383,9073.423086755383,9127.48792657566,-69.66350293000824,3.6401822026662094,-0.08615642159508903,-73.30368513267445,-73.38984155426954,255.0,-4.049624175808631,timeout
2280,PCA3,15,XRPUSDT,2026-08-20 12:14:00+00:00,2026-08-20 12:16:00+00:00,2026-08-20 16:31:00+00:00,9068.181889588499,9067.021400167938,9067.021400167938,9477.38205026281,-248.8361694651472,3.7088806900861493,0.11940973814150337,-252.54505015523335,-252.42564041709184,255.0,5.5734797228769635,timeout
2282,PCA3,15,SOLUSDT,2026-08-20 16:29:00+00:00,2026-08-20 16:31:00+00:00,2026-08-20 18:31:00+00:00,9027.805465915191,9015.521066224183,9015.521066224183,9031.239436482341,5.011378228444653,3.6093521005413045,0.0,1.4020261279033486,1.4020261279033486,120.0,-3.6612332014250257,mean
2281,PCA3,15,DOGEUSDT,2026-08-20 14:59:00+00:00,2026-08-20 15:01:00+00:00,2026-08-20 18:46:00+00:00,9046.223900237854,9041.420829416647,9041.420829416647,9217.797692393278,-70.0691281712765,3.651843704361985,0.10628474335363189,-73.7209718756385,-73.61468713228487,225.0,4.4746489085662535,mean
2284,PCA3,15,HBARUSDT,2026-08-20 18:44:00+00:00,2026-08-20 18:46:00+00:00,2026-08-20 20:16:00+00:00,9033.87452451779,9040.058716211875,9040.058716211875,9052.992507728584,42.250226125769274,3.6186102447880923,0.0,38.63161588098118,38.63161588098118,90.0,-4.867685098510166,mean
2283,PCA3,15,XRPUSDT,2026-08-20 16:44:00+00:00,2026-08-20 16:46:00+00:00,2026-08-20 21:01:00+00:00,9023.7808373213,9020.354799889004,9020.354799889004,8835.016398383059,119.88801005899684,3.5710742396544126,0.0,116.31693581934242,116.31693581934242,255.0,5.494543249191895,timeout
2285,PCA3,15,FILUSDT,2026-08-20 18:59:00+00:00,2026-08-20 19:01:00+00:00,2026-08-20 23:16:00+00:00,9040.942134730394,9035.1747154173,9035.1747154173,8958.572405951189,173.96316054191155,3.5987494242736977,0.0,170.36441111763784,170.36441111763784,255.0,5.5270373619448945,timeout
2286,PCA3,15,DOGEUSDT,2026-08-20 20:29:00+00:00,2026-08-20 20:31:00+00:00,2026-08-20 23:31:00+00:00,9060.245522401514,9063.772760923073,9063.772760923073,9149.886465333115,-8.736837712492406,3.642731845251238,0.0,-12.379569557743643,-12.379569557743643,180.0,-2.757720470627,mean
2287,PCA3,15,BNBUSDT,2026-08-20 21:14:00+00:00,2026-08-20 21:16:00+00:00,2026-08-20 23:46:00+00:00,9057.776090127294,9068.211101273193,9068.211101273193,9078.76003252676,3.6331201717081534,3.629394226759991,0.0,0.003725944948162807,0.003725944948162807,150.0,2.7329262714949656,mean
2290,PCA3,15,BCHUSDT,2026-08-21 00:14:00+00:00,2026-08-21 00:16:00+00:00,2026-08-21 01:01:00+00:00,9055.630617965482,9041.32547894402,9041.32547894402,9023.49901928929,43.032887470472694,3.612964899646662,0.0,39.41992257082603,39.41992257082603,45.0,3.502864346961818,mean
2288,PCA3,15,LTCUSDT,2026-08-20 23:29:00+00:00,2026-08-20 23:31:00+00:00,2026-08-21 02:01:00+00:00,9058.884792426228,9069.023176539347,9069.023176539347,9141.09913878655,-21.098494678321345,3.6420244630651792,-0.022098694176897613,-24.74051914138652,-24.762617835563418,150.0,-2.228051036509063,mean
2289,PCA3,15,TRXUSDT,2026-08-20 23:44:00+00:00,2026-08-20 23:46:00+00:00,2026-08-21 03:31:00+00:00,9058.409400248449,9049.11695944514,9049.11695944514,9142.080715468883,-61.304129543400855,3.6382395349828043,-0.02321554639167205,-64.94236907838366,-64.96558462477533,225.0,-3.9269735899677194,mean
2291,PCA3,15,ADAUSDT,2026-08-21 01:14:00+00:00,2026-08-21 01:16:00+00:00,2026-08-21 03:31:00+00:00,9056.368607812341,9041.221137271867,9041.221137271867,9130.86997417991,-11.044977824863468,3.634418222290355,0.0,-14.679396047153823,-14.679396047153823,135.0,3.8012437484978796,mean
2292,PCA3,15,BTCUSDT,2026-08-21 02:14:00+00:00,2026-08-21 02:16:00+00:00,2026-08-21 03:31:00+00:00,9047.75110985011,9040.290763626159,9040.290763626159,9036.946236213003,17.61579379523205,3.6154473999678327,0.0,14.000346395264218,14.000346395264218,75.0,2.839677975096939,mean
2293,PCA3,15,ADAUSDT,2026-08-21 03:44:00+00:00,2026-08-21 03:46:00+00:00,2026-08-21 04:46:00+00:00,9052.90877432014,9064.3531301481,9064.3531301481,9053.848781845763,17.772618467594086,3.623640382398772,0.0,14.148978085195314,14.148978085195314,60.0,2.2189589060051604,mean
2294,PCA3,15,BCHUSDT,2026-08-21 04:59:00+00:00,2026-08-21 05:01:00+00:00,2026-08-21 05:31:00+00:00,9054.32367212866,9043.774719625251,9043.774719625251,9005.743598317213,40.36468519552161,3.6099036635884927,0.0,36.75478153193311,36.75478153193311,30.0,3.3969321884355264,mean
2296,PCA3,15,NEARUSDT,2026-08-21 05:29:00+00:00,2026-08-21 05:31:00+00:00,2026-08-21 06:31:00+00:00,9055.779074550088,9051.19303587942,9051.19303587942,9104.66971818085,43.63754980258302,3.631172550812054,0.0,40.006377251770964,40.006377251770964,60.0,2.028459023462549,mean
2297,PCA3,15,BCHUSDT,2026-08-21 05:59:00+00:00,2026-08-21 06:01:00+00:00,2026-08-21 07:16:00+00:00,9051.960867610154,9034.85991240037,9034.85991240037,9443.273350074991,-332.9780311634003,3.695626652495072,0.0,-336.6736578158954,-336.6736578158954,75.0,9.597592177898685,stop
2295,PCA3,15,SUIUSDT,2026-08-21 04:59:00+00:00,2026-08-21 05:01:00+00:00,2026-08-21 07:46:00+00:00,9054.32367212866,9035.496370219402,9035.496370219402,9294.402109988403,-31.412609357210407,3.665979696041561,0.0,-35.07858905325197,-35.07858905325197,165.0,2.555278713016329,mean
2300,PCA3,15,NEARUSDT,2026-08-21 07:59:00+00:00,2026-08-21 08:01:00+00:00,2026-08-21 09:01:00+00:00,9035.93053061263,9045.168455225197,9045.168455225197,9164.501868742873,98.79236615740444,3.641934064793614,0.0,95.15043209261083,95.15043209261083,60.0,4.164622032194826,mean
2298,PCA3,15,AAVEUSDT,2026-08-21 06:44:00+00:00,2026-08-21 06:46:00+00:00,2026-08-21 11:01:00+00:00,9036.080037702917,9030.900514326684,9030.900514326684,9733.535163898865,403.25485115844117,3.7528871356451097,-0.08959674543274576,399.5019640227961,399.41236727736333,255.0,-2.8272938772698915,timeout
2299,PCA3,15,BCHUSDT,2026-08-21 07:29:00+00:00,2026-08-21 07:31:00+00:00,2026-08-21 11:16:00+00:00,9025.364553729405,9045.534047583838,9045.534047583838,9196.388405520816,33.578180694072515,3.6483844906209306,0.08424946073034624,29.929796203451584,30.014045664181932,225.0,10.90010709355757,mean
2301,PCA3,15,DOGEUSDT,2026-08-21 09:14:00+00:00,2026-08-21 09:16:00+00:00,2026-08-21 12:16:00+00:00,9056.533857164932,9018.977928575292,9018.977928575292,9070.052729096966,-2.089487419330298,3.6178061315344516,0.0,-5.707293550864749,-5.707293550864749,180.0,-4.151480597437368,mean
2302,PCA3,15,AAVEUSDT,2026-08-21 11:14:00+00:00,2026-08-21 11:16:00+00:00,2026-08-21 12:31:00+00:00,9077.683750768736,9061.246405358252,9061.246405358252,8863.839763850985,134.26409124520467,3.585017233841848,0.0,130.67907401136281,130.67907401136281,75.0,7.059643904939824,mean
2303,PCA3,15,ADAUSDT,2026-08-21 12:14:00+00:00,2026-08-21 12:16:00+00:00,2026-08-21 13:16:00+00:00,9088.246270851278,9091.072350449747,9091.072350449747,9108.914755195987,47.2325688617315,3.639997421129147,0.0,43.592571440602356,43.592571440602356,60.0,2.813916255754926,mean
2305,PCA3,15,HBARUSDT,2026-08-21 12:59:00+00:00,2026-08-21 13:01:00+00:00,2026-08-21 14:31:00+00:00,9090.834942266087,9093.317844165245,9093.317844165245,9089.784119981503,58.50777104418523,3.63662039282935,0.0,54.87115065135588,54.87115065135588,90.0,4.598179526217688,mean
2306,PCA3,15,XRPUSDT,2026-08-21 13:44:00+00:00,2026-08-21 13:46:00+00:00,2026-08-21 14:31:00+00:00,9094.049049837688,9100.547843034365,9100.547843034365,9046.344311342204,57.24156893984222,3.629378430875313,0.0,53.612190508966904,53.612190508966904,45.0,2.103412188310184,mean
2304,PCA3,15,BTCUSDT,2026-08-21 12:29:00+00:00,2026-08-21 12:31:00+00:00,2026-08-21 16:46:00+00:00,9089.79426831538,9088.384311115253,9088.384311115253,9212.044526903466,-51.8524303446461,3.6600857676037437,0.08344438614515542,-55.51251611224985,-55.429071726104695,255.0,-2.1645828420625715,timeout
2307,PCA3,15,BCHUSDT,2026-08-21 14:44:00+00:00,2026-08-21 14:46:00+00:00,2026-08-21 16:46:00+00:00,9102.770575761626,9125.998587781462,9125.998587781462,9482.842738364689,-310.35020735316965,3.7217682652292297,0.7384525266944378,-314.0719756183989,-313.3335230917044,120.0,2.667974728206976,stop
2308,PCA3,15,LTCUSDT,2026-08-21 14:59:00+00:00,2026-08-21 15:01:00+00:00,2026-08-21 17:31:00+00:00,9097.544214316358,9101.0456774049,9101.0456774049,9118.707701987762,15.895168064252806,3.643950675878532,-0.07654184028088927,12.251217388374274,12.174675548093385,150.0,3.2185668012590414,mean
2309,PCA3,15,BCHUSDT,2026-08-21 16:59:00+00:00,2026-08-21 17:01:00+00:00,2026-08-21 19:16:00+00:00,9067.56739550829,9093.628656635394,9093.628656635394,8951.706361469722,79.15607320073408,3.609067003621023,0.0,75.54700619711306,75.54700619711306,135.0,5.793688869158598,mean
2311,PCA3,15,XRPUSDT,2026-08-21 17:44:00+00:00,2026-08-21 17:46:00+00:00,2026-08-21 19:31:00+00:00,9069.869030862443,9054.109543265447,9054.109543265447,9079.562765718549,44.84565377306714,3.626734461796799,0.0,41.21891931127034,41.21891931127034,105.0,-2.451117878400674,mean
2312,PCA3,15,LTCUSDT,2026-08-21 19:29:00+00:00,2026-08-21 19:31:00+00:00,2026-08-21 20:01:00+00:00,9077.814566076415,9077.826032420127,9077.826032420127,8998.230221338257,28.390471169996204,3.6152112507516767,0.0,24.77525991924453,24.77525991924453,30.0,2.4745288081057293,mean
2310,PCA3,15,HBARUSDT,2026-08-21 17:14:00+00:00,2026-08-21 17:16:00+00:00,2026-08-21 21:16:00+00:00,9069.299559300307,9061.74417267559,9061.74417267559,9114.00860782013,-55.77377329466158,3.635150556099144,0.0,-59.40892385076072,-59.40892385076072,240.0,-2.001934158736105,mean
2314,PCA3,15,BNBUSDT,2026-08-21 20:14:00+00:00,2026-08-21 20:16:00+00:00,2026-08-21 22:31:00+00:00,9081.462577611146,9087.921298180761,9087.921298180761,9330.910304862715,-47.70033773249217,3.6837663206086955,0.0,-51.38410405310086,-51.38410405310086,135.0,-3.1517753775879385,mean
2313,PCA3,15,DOGEUSDT,2026-08-21 19:59:00+00:00,2026-08-21 20:01:00+00:00,2026-08-21 22:46:00+00:00,9078.261296206265,9069.246697682722,9069.246697682722,9732.126582642108,-290.1751111028474,3.760274656064966,0.0,-293.93538575891233,-293.93538575891233,165.0,3.2243958219196953,stop
2317,PCA3,15,DOGEUSDT,2026-08-21 22:59:00+00:00,2026-08-21 23:01:00+00:00,2026-08-22 00:01:00+00:00,9041.186955045396,9008.072205295783,9008.072205295783,8887.660420716244,92.53819485640815,3.5791465252024053,-0.06993863373487397,88.95904833120575,88.88910969747087,60.0,6.7036853315095595,mean
2315,PCA3,15,AAVEUSDT,2026-08-21 21:29:00+00:00,2026-08-21 21:31:00+00:00,2026-08-22 01:16:00+00:00,9067.768937504177,9055.621811503766,9055.621811503766,9404.787312477521,-101.61638398164445,3.692081824796258,-0.047595937291443846,-105.30846580644071,-105.35606174373216,225.0,5.188816812974859,mean
2316,PCA3,15,BTCUSDT,2026-08-21 22:44:00+00:00,2026-08-21 22:46:00+00:00,2026-08-22 03:01:00+00:00,9042.352238168349,9028.59569748347,9028.59569748347,9162.067319365482,-122.04364488538711,3.6381326033697903,0.06110426308059673,-125.6817774887569,-125.6206732256763,255.0,-3.057089430900279,timeout
2319,PCA3,15,XLMUSDT,2026-08-22 01:29:00+00:00,2026-08-22 01:31:00+00:00,2026-08-22 03:16:00+00:00,9030.741719627746,9031.144953883742,9031.144953883742,9234.817290025954,29.268325619913167,3.6531924487819394,0.0,25.615133171131227,25.615133171131227,105.0,3.665944897156173,mean
2318,PCA3,15,DOTUSDT,2026-08-22 00:14:00+00:00,2026-08-22 00:16:00+00:00,2026-08-22 04:31:00+00:00,9035.453122635092,9046.889323228575,9046.889323228575,9623.718053495588,-131.99054465706016,3.734121475344833,0.0,-135.724666132405,-135.724666132405,255.0,2.2875536419816678,timeout
2321,PCA3,15,ETHUSDT,2026-08-22 03:29:00+00:00,2026-08-22 03:31:00+00:00,2026-08-22 05:31:00+00:00,9022.913428439462,9030.389852840031,9030.389852840031,8680.895171768283,18.647359281148145,3.542257004921663,0.0,15.105102276226484,15.105102276226484,120.0,-4.944177262023685,mean
2322,PCA3,15,SOLUSDT,2026-08-22 04:44:00+00:00,2026-08-22 04:46:00+00:00,2026-08-22 07:01:00+00:00,9016.084207016564,8916.066710680474,8916.066710680474,8453.79421203594,49.88480720965249,3.4739721845432827,0.0,46.410835025109215,46.410835025109215,135.0,8.136658029160007,mean
2320,PCA3,15,BNBUSDT,2026-08-22 03:14:00+00:00,2026-08-22 03:16:00+00:00,2026-08-22 07:31:00+00:00,9024.40783159391,9042.472896860632,9042.472896860632,8907.829218116785,-46.23251480230477,3.5900604229954833,0.0,-49.82257522530025,-49.82257522530025,255.0,6.110639956894209,timeout
2325,PCA3,15,XRPUSDT,2026-08-22 07:44:00+00:00,2026-08-22 07:46:00+00:00,2026-08-22 08:16:00+00:00,9016.032429723766,9012.606384932504,9012.606384932504,8923.244479485751,95.66374544024386,3.587170172883651,-0.08110183375132307,92.07657526736021,91.9954734336089,30.0,3.0141133980842336,mean
2323,PCA3,15,LTCUSDT,2026-08-22 05:44:00+00:00,2026-08-22 05:46:00+00:00,2026-08-22 09:16:00+00:00,9015.838000168764,9023.560483360896,9023.560483360896,9017.4305039227,-2.579292200295698,3.608198197456719,0.07504868051980124,-6.187490397752417,-6.112441717232616,210.0,-4.746523253839079,mean
2324,PCA3,15,HBARUSDT,2026-08-22 07:14:00+00:00,2026-08-22 07:16:00+00:00,2026-08-22 09:16:00+00:00,9016.635888324365,9002.256062245791,9002.256062245791,8931.965002740611,38.20961051492996,3.5868442129972804,0.5168811696777312,34.62276630193268,35.13964747161041,120.0,-4.0663753837264744,mean
2327,PCA3,15,UNIUSDT,2026-08-22 09:29:00+00:00,2026-08-22 09:31:00+00:00,2026-08-22 10:31:00+00:00,9028.430112907585,9013.158559726075,9013.158559726075,8787.125889842953,42.85049907794401,3.560056889913805,0.0,39.2904421880302,39.2904421880302,60.0,3.2681122171827623,mean
2328,PCA3,15,DOTUSDT,2026-08-22 09:29:00+00:00,2026-08-22 09:31:00+00:00,2026-08-22 11:46:00+00:00,9028.430112907585,9027.058869822778,9027.058869822778,8953.069449072113,8.889763886490872,3.5960256637789785,0.0,5.293738222711894,5.293738222711894,135.0,-2.556017675771196,mean
2329,PCA3,15,XLMUSDT,2026-08-22 10:44:00+00:00,2026-08-22 10:46:00+00:00,2026-08-22 12:16:00+00:00,9037.298237375599,9020.006167552068,9020.006167552068,9102.495891125298,11.30711833960722,3.6245004117354735,0.0,7.682617927871746,7.682617927871746,90.0,-2.040083869754055,mean
2326,PCA3,15,AAVEUSDT,2026-08-22 08:29:00+00:00,2026-08-22 08:31:00+00:00,2026-08-22 12:46:00+00:00,9026.607132352334,9025.658190837668,9025.658190837668,9129.486490838979,-69.39177812040775,3.63102893633533,0.0,-73.02280705674309,-73.02280705674309,255.0,3.1450513115601266,timeout
2332,PCA3,15,LINKUSDT,2026-08-22 12:59:00+00:00,2026-08-22 13:01:00+00:00,2026-08-22 14:01:00+00:00,9025.965315351423,9038.306638273118,9038.306638273118,9008.204623509047,48.97973694583216,3.609302252356433,0.0,45.37043469347573,45.37043469347573,60.0,2.07704377562316,mean
2331,PCA3,15,SUIUSDT,2026-08-22 12:59:00+00:00,2026-08-22 13:01:00+00:00,2026-08-22 14:31:00+00:00,9025.965315351423,9036.266806745944,9036.266806745944,9004.868549590472,14.807216553275858,3.608227071267283,0.0,11.198989482008574,11.198989482008574,90.0,-2.4052814180525846,mean
2330,PCA3,15,UNIUSDT,2026-08-22 12:29:00+00:00,2026-08-22 12:31:00+00:00,2026-08-22 15:46:00+00:00,9026.132869024146,9021.912944876522,9021.912944876522,8932.876544483915,-5.405546343951824,3.5909578978720873,0.0,-8.996504241823912,-8.996504241823912,195.0,2.062998326683756,mean
2334,PCA3,15,XRPUSDT,2026-08-22 14:44:00+00:00,2026-08-22 14:46:00+00:00,2026-08-22 16:46:00+00:00,9031.229686427125,9024.10303707993,9024.10303707993,9179.868976640833,33.56419384890172,3.6407944027441532,0.08527960026369512,29.923399446157568,30.008679046421264,120.0,-2.0901945666245285,mean
2333,PCA3,15,LTCUSDT,2026-08-22 14:29:00+00:00,2026-08-22 14:31:00+00:00,2026-08-22 18:46:00+00:00,9026.76594466389,9025.925071380592,9025.925071380592,9109.754313603364,-39.32609637660379,3.627135876996791,-0.0498628838066032,-42.95323225360059,-43.00309513740719,255.0,2.0937259625137914,timeout
2336,PCA3,15,NEARUSDT,2026-08-22 18:44:00+00:00,2026-08-22 18:46:00+00:00,2026-08-22 20:31:00+00:00,9033.428361362417,9021.819556281544,9021.819556281544,9050.83108687127,25.89232926416821,3.6145301286305624,0.0,22.27779913553765,22.27779913553765,105.0,2.020150403912389,mean
2337,PCA3,15,ADAUSDT,2026-08-22 20:14:00+00:00,2026-08-22 20:16:00+00:00,2026-08-22 21:16:00+00:00,9026.913745693366,9012.436244644881,9012.436244644881,8864.70122057809,36.42668187441672,3.5754274930445944,0.0,32.85125438137213,32.85125438137213,60.0,2.481499043723576,mean
2335,PCA3,15,DOGEUSDT,2026-08-22 17:44:00+00:00,2026-08-22 17:46:00+00:00,2026-08-22 21:46:00+00:00,9034.145993696959,9027.591541557305,9027.591541557305,8925.972262476209,-4.939392622400715,3.590712760806703,0.0,-8.530105383207417,-8.530105383207417,240.0,3.117317554973597,mean
2339,PCA3,15,AAVEUSDT,2026-08-22 21:29:00+00:00,2026-08-22 21:31:00+00:00,2026-08-22 22:46:00+00:00,9038.245099584039,9033.569625585926,9033.569625585926,8951.450798873615,55.83341400354479,3.597004084891908,0.0,52.23640991865288,52.23640991865288,75.0,2.0346468428310795,mean
2338,PCA3,15,UNIUSDT,2026-08-22 20:44:00+00:00,2026-08-22 20:46:00+00:00,2026-08-22 23:01:00+00:00,9032.48439534912,9038.992891435208,9038.992891435208,8873.607835985387,38.573175887188754,3.582520145484119,0.0,34.990655741704636,34.990655741704636,135.0,2.5908973074448327,mean
2340,PCA3,15,NEARUSDT,2026-08-22 23:59:00+00:00,2026-08-23 00:01:00+00:00,2026-08-23 01:31:00+00:00,9045.826241574132,9056.277993681173,9056.277993681173,9158.83472879175,36.02326397660653,3.6430225444945847,0.0,32.380241432111944,32.380241432111944,90.0,-2.187299168276611,mean
2341,PCA3,15,SOLUSDT,2026-08-23 00:44:00+00:00,2026-08-23 00:46:00+00:00,2026-08-23 03:46:00+00:00,9050.072288879672,9070.189847252033,9070.189847252033,8841.741432549563,44.88537212305773,3.5823862559603192,0.0,41.30298586709741,41.30298586709741,180.0,4.857444981205668,mean
2342,PCA3,15,LTCUSDT,2026-08-23 01:59:00+00:00,2026-08-23 02:01:00+00:00,2026-08-23 04:16:00+00:00,9049.665169642642,9046.610541679493,9046.610541679493,8928.466666491562,3.3710271486530905,3.595015441634211,0.0,-0.22398829298112055,-0.22398829298112055,135.0,-2.3217011827962715,mean
2344,PCA3,15,DOTUSDT,2026-08-23 03:59:00+00:00,2026-08-23 04:01:00+00:00,2026-08-23 05:31:00+00:00,9049.067546830462,9042.728698831153,9042.728698831153,9036.439899140327,36.86328923047663,3.6158337195942964,0.0,33.24745551088233,33.24745551088233,90.0,-2.366288507213839,mean
2343,PCA3,15,UNIUSDT,2026-08-23 02:14:00+00:00,2026-08-23 02:16:00+00:00,2026-08-23 06:01:00+00:00,9053.298214009339,9078.308671405013,9078.308671405013,8815.939347575122,-65.49876218997413,3.5788496037960273,0.0,-69.07761179377016,-69.07761179377016,225.0,-2.0793521648823883,mean
2345,PCA3,15,NEARUSDT,2026-08-23 10:14:00+00:00,2026-08-23 10:16:00+00:00,2026-08-23 12:31:00+00:00,9049.589149846466,9030.833998825516,9030.833998825516,9122.59786132272,-6.021108474188466,3.630686372029647,0.0,-9.651794846218113,-9.651794846218113,135.0,2.6384391932683653,mean
2346,PCA3,15,AAVEUSDT,2026-08-23 10:14:00+00:00,2026-08-23 10:16:00+00:00,2026-08-23 13:31:00+00:00,9049.589149846466,9059.997926142762,9059.997926142762,9498.669014172014,-277.41726229269153,3.7117333880629553,0.0,-281.1289956807545,-281.1289956807545,195.0,2.054827503191711,stop
2347,PCA3,15,LINKUSDT,2026-08-23 11:14:00+00:00,2026-08-23 11:16:00+00:00,2026-08-23 14:46:00+00:00,9047.090635631108,9045.73082722005,9045.73082722005,9139.480988036335,18.198989704164198,3.637042363051277,0.0,14.561947341112923,14.561947341112923,210.0,-2.1686226967800475,mean
2348,PCA3,15,UNIUSDT,2026-08-23 12:44:00+00:00,2026-08-23 12:46:00+00:00,2026-08-23 17:01:00+00:00,9034.779354542972,9030.374949185332,9030.374949185332,9240.663990670417,-142.36647405728138,3.65420778797115,0.1089363525267308,-146.02068184525254,-145.9117454927258,255.0,2.270987918958254,timeout
2349,PCA3,15,AAVEUSDT,2026-08-23 13:44:00+00:00,2026-08-23 13:46:00+00:00,2026-08-23 17:01:00+00:00,9003.230909371328,8987.596043640757,8987.596043640757,8959.249122768673,-1.636524221466404,3.5893690332818857,0.04563369278416285,-5.22589325474829,-5.180259561964127,195.0,6.116775703511861,mean
2350,PCA3,15,LTCUSDT,2026-08-23 15:14:00+00:00,2026-08-23 15:16:00+00:00,2026-08-23 17:01:00+00:00,9016.692940216646,9011.43714669348,9011.43714669348,9075.128324235933,19.684137643524696,3.6173130941858824,-0.03160256067086763,16.06682454933881,16.035221988667942,105.0,-2.3706839853997144,mean
2351,PCA3,15,SUIUSDT,2026-08-23 18:44:00+00:00,2026-08-23 18:46:00+00:00,2026-08-23 21:16:00+00:00,9008.461587221276,9004.958168021938,9004.958168021938,9077.915458611442,-9.759973616351566,3.616574725326676,0.0,-13.376548341678243,-13.376548341678243,150.0,2.3169728113397703,mean
2352,PCA3,15,NEARUSDT,2026-08-23 21:44:00+00:00,2026-08-23 21:46:00+00:00,2026-08-23 22:01:00+00:00,9007.123932387109,9024.564739236774,9024.564739236774,8981.05733281205,59.911486501537574,3.6011244144097647,0.0,56.31036208712781,56.31036208712781,15.0,2.202666769501268,mean
2353,PCA3,15,HBARUSDT,2026-08-23 21:59:00+00:00,2026-08-23 22:01:00+00:00,2026-08-23 23:31:00+00:00,9013.29410306627,9037.650210666285,9037.650210666285,9010.379656506453,23.980973182988162,3.6096059734345474,0.0,20.37136720955362,20.37136720955362,90.0,2.3458456393011455,mean
2354,PCA3,15,NEARUSDT,2026-08-24 00:14:00+00:00,2026-08-24 00:16:00+00:00,2026-08-24 02:01:00+00:00,9014.792105316777,9000.189768600738,9000.189768600738,8775.577498612016,43.52570488029421,3.555153453442551,0.0,39.97055142685166,39.97055142685166,105.0,2.8987066933141215,mean
2356,PCA3,15,AAVEUSDT,2026-08-24 04:29:00+00:00,2026-08-24 04:31:00+00:00,2026-08-24 06:46:00+00:00,9020.45970511265,9025.63690162159,9025.63690162159,8945.364426203589,26.726455064512713,3.5942002655650356,0.0,23.132254798947677,23.132254798947677,135.0,2.2353894876734675,mean
2355,PCA3,15,HBARUSDT,2026-08-24 04:14:00+00:00,2026-08-24 04:16:00+00:00,2026-08-24 08:31:00+00:00,9018.78916045946,9039.122741225667,9039.122741225667,8963.686016559273,-33.862284800066156,3.600561751556988,0.028491958335920737,-37.462846551623144,-37.434354593287225,255.0,2.396342334294742,timeout
2358,PCA3,15,LTCUSDT,2026-08-24 09:29:00+00:00,2026-08-24 09:31:00+00:00,2026-08-24 11:01:00+00:00,9014.109890681828,9025.066929816963,9025.066929816963,8927.115377636192,50.7905573973281,3.590436461490631,0.0,47.20012093583747,47.20012093583747,90.0,5.0540462564456945,mean
2357,PCA3,15,UNIUSDT,2026-08-24 07:44:00+00:00,2026-08-24 07:46:00+00:00,2026-08-24 12:01:00+00:00,9018.073076333492,9036.183374499144,9036.183374499144,9070.681979859317,-62.70512194882388,3.6213730708716922,-0.05026353610178889,-66.32649501969557,-66.37675855579737,255.0,-2.030691061982118,timeout
2359,PCA3,15,AAVEUSDT,2026-08-24 09:59:00+00:00,2026-08-24 10:01:00+00:00,2026-08-24 14:01:00+00:00,9016.665889389371,9010.424365684543,9010.424365684543,8996.400579713596,-57.47401615091435,3.6013649890796278,0.0,-61.07538113999398,-61.07538113999398,240.0,-2.2179291697736323,mean
2360,PCA3,15,BCHUSDT,2026-08-24 12:59:00+00:00,2026-08-24 13:01:00+00:00,2026-08-24 14:31:00+00:00,9007.65934664058,8993.18422118667,8993.18422118667,8893.681963592044,66.86428744528848,3.5773732369557427,0.0,63.28691420833274,63.28691420833274,90.0,2.2839434823311975,mean
2361,PCA3,15,LTCUSDT,2026-08-24 13:44:00+00:00,2026-08-24 13:46:00+00:00,2026-08-24 15:46:00+00:00,9013.113222145092,8978.08366678802,8978.08366678802,9089.327602328403,6.1457789024175975,3.6134822538232845,0.0,2.532296648594313,2.532296648594313,120.0,-2.183497928254006,mean
2362,PCA3,15,BNBUSDT,2026-08-24 15:29:00+00:00,2026-08-24 15:31:00+00:00,2026-08-24 17:01:00+00:00,9012.924738479282,9008.759190349254,9008.759190349254,8861.199036574923,1.6500309879287829,3.5739916453848353,-0.28947874036802596,-1.9239606574560524,-2.2134393978240783,90.0,3.060895763709759,mean
2363,PCA3,15,SOLUSDT,2026-08-24 15:59:00+00:00,2026-08-24 16:01:00+00:00,2026-08-24 17:46:00+00:00,9015.96354387771,9023.757941293887,9023.757941293887,8906.793288223995,21.41164108067633,3.5861102459035763,0.0,17.825530834772753,17.825530834772753,105.0,2.1485111029368946,mean
2364,PCA3,15,AVAXUSDT,2026-08-24 17:29:00+00:00,2026-08-24 17:31:00+00:00,2026-08-24 20:46:00+00:00,9017.233961720718,9019.037685666923,9019.037685666923,9081.002747949566,2.8140437887103005,3.6200080867232978,0.0,-0.8059642980129973,-0.8059642980129973,195.0,2.7971615266808065,mean
2366,PCA3,15,SUIUSDT,2026-08-24 23:14:00+00:00,2026-08-24 23:16:00+00:00,2026-08-25 01:16:00+00:00,9016.513202935275,9027.879698525125,9027.879698525125,9177.802816923588,35.347660111259195,3.6411365030897427,-0.03694342115693379,31.706523608169455,31.66958018701252,120.0,-2.1271052730196747,mean
2365,PCA3,15,SOLUSDT,2026-08-24 22:29:00+00:00,2026-08-24 22:31:00+00:00,2026-08-25 02:01:00+00:00,9017.396282403619,9027.664398476967,9027.664398476967,9207.301338280899,-74.67379526539374,3.646993147351573,0.07776215383099855,-78.3207884127453,-78.2430262589143,210.0,2.372114041402723,mean
2367,PCA3,15,HBARUSDT,2026-08-25 03:14:00+00:00,2026-08-25 03:16:00+00:00,2026-08-25 04:46:00+00:00,9012.73893779643,9007.76518625514,9007.76518625514,8922.183768784846,22.81933362674933,3.585989791007997,0.0,19.23334383574133,19.23334383574133,90.0,3.1545707918246064,mean
2368,PCA3,15,AAVEUSDT,2026-08-25 03:44:00+00:00,2026-08-25 03:46:00+00:00,2026-08-25 06:01:00+00:00,9005.701255123406,9001.366576153212,9001.366576153212,9131.566867494244,112.74263424619579,3.6265866887294913,0.0,109.1160475574663,109.1160475574663,135.0,-4.239176891577459,mean
2369,PCA3,15,TRXUSDT,2026-08-25 04:14:00+00:00,2026-08-25 04:16:00+00:00,2026-08-25 06:46:00+00:00,9015.009182423295,9007.846413520872,9007.846413520872,9002.520050044453,11.084745742645177,3.602073292713065,0.0,7.482672449932113,7.482672449932113,150.0,-2.0421039628217095,mean
2370,PCA3,15,BNBUSDT,2026-08-25 09:14:00+00:00,2026-08-25 09:16:00+00:00,2026-08-25 13:16:00+00:00,9026.322144180744,9026.167163845894,9026.167163845894,8922.93769842803,5.1953741214627565,3.5898209724547847,0.0,1.6055531490079715,1.6055531490079715,240.0,-2.2297078076835226,mean
2371,PCA3,15,TRXUSDT,2026-08-25 18:44:00+00:00,2026-08-25 18:46:00+00:00,2026-08-25 23:01:00+00:00,9026.482699495644,9026.912186547916,9026.912186547916,8918.852593839745,27.845439717126453,3.589152956077532,0.0,24.256286761048923,24.256286761048923,255.0,-2.231154589268208,timeout
2372,PCA3,15,TRXUSDT,2026-08-25 23:14:00+00:00,2026-08-25 23:16:00+00:00,2026-08-26 01:46:00+00:00,9028.90832817175,9027.949202340118,9027.949202340118,9021.227041023449,4.572869007764456,3.609835248672713,0.7843558696239006,0.9630337590917424,1.747389628715643,150.0,-2.219645348115545,mean
2373,PCA3,15,TRXUSDT,2026-08-26 03:29:00+00:00,2026-08-26 03:31:00+00:00,2026-08-26 06:46:00+00:00,9029.083067134621,9027.449536035578,9027.449536035578,9029.01603195398,-12.612088495636769,3.6112931135979114,0.0,-16.223381609234682,-16.223381609234682,195.0,2.029138611753463,mean
2374,PCA3,15,BNBUSDT,2026-08-26 10:59:00+00:00,2026-08-26 11:01:00+00:00,2026-08-26 13:16:00+00:00,9027.4607289737,9020.167508785538,9020.167508785538,8927.051607191954,-2.4979672002996502,3.5894438231954986,0.0,-6.087411023495148,-6.087411023495148,135.0,3.224277753593749,mean
2375,PCA3,15,SOLUSDT,2026-08-26 22:29:00+00:00,2026-08-26 22:31:00+00:00,2026-08-27 02:46:00+00:00,9026.85198787135,9026.77621692951,9026.77621692951,9049.016390196712,-60.8151705555962,3.6151585214252444,0.08708091168178488,-64.43032907702144,-64.34324816533966,255.0,2.521248099672417,timeout
2376,PCA3,15,DOTUSDT,2026-08-26 23:59:00+00:00,2026-08-27 00:01:00+00:00,2026-08-27 02:46:00+00:00,9019.748544768809,9000.141477651494,9000.141477651494,8927.196981667197,-22.78850619880623,3.5854676918637383,0.0,-26.37397389066997,-26.37397389066997,165.0,2.356403184248952,mean
2377,PCA3,15,UNIUSDT,2026-08-27 02:29:00+00:00,2026-08-27 02:31:00+00:00,2026-08-27 03:16:00+00:00,9016.579944993982,9007.418664635949,9007.418664635949,8940.48166076207,44.18917425527987,3.5895800650796037,0.0,40.59959419020027,40.59959419020027,45.0,2.0931237602684454,mean
2378,PCA3,15,SOLUSDT,2026-08-27 09:14:00+00:00,2026-08-27 09:16:00+00:00,2026-08-27 11:46:00+00:00,9021.84022508477,9015.32248296938,9015.32248296938,8934.522403088205,4.295402424785909,3.5899689772115173,0.0,0.7054334475743915,0.7054334475743915,150.0,2.2697551088227326,mean
2379,PCA3,15,TRXUSDT,2026-08-27 12:14:00+00:00,2026-08-27 12:16:00+00:00,2026-08-27 14:01:00+00:00,9021.910768429529,9024.136695964356,9024.136695964356,9033.609570678002,23.898528553959235,3.6115492533284717,0.0,20.28697930063076,20.28697930063076,105.0,2.463514774503235,mean
2380,PCA3,15,SOLUSDT,2026-08-27 14:44:00+00:00,2026-08-27 14:46:00+00:00,2026-08-27 19:01:00+00:00,9023.93946635959,9010.603922495568,9010.603922495568,9057.289280095829,-67.59490754778484,3.6135786405182797,0.210831067788411,-71.20848618830311,-70.99765512051471,255.0,2.1074391744530168,timeout
2381,PCA3,15,SOLUSDT,2026-08-27 19:44:00+00:00,2026-08-27 19:46:00+00:00,2026-08-27 21:16:00+00:00,9016.839700847539,9034.033574710014,9034.033574710014,9008.275805146526,25.483665950036176,3.608461875971308,0.0,21.875204074064868,21.875204074064868,90.0,2.046737287314688,mean
2382,PCA3,15,FILUSDT,2026-08-27 21:29:00+00:00,2026-08-27 21:31:00+00:00,2026-08-28 01:01:00+00:00,9019.027221254944,9024.864899652703,9024.864899652703,9045.353033138455,-25.763355411922152,3.614043586558232,-0.18141315604681815,-29.377398998480384,-29.558812154527203,210.0,-3.300485065784356,mean
2383,PCA3,15,UNIUSDT,2026-08-28 01:29:00+00:00,2026-08-28 01:31:00+00:00,2026-08-28 02:16:00+00:00,9016.071340039492,9004.805817178367,9004.805817178367,8816.134301105585,55.39579671598656,3.5641880236567904,0.0,51.83160869232977,51.83160869232977,45.0,2.1990623580456123,mean
2384,PCA3,15,SOLUSDT,2026-08-28 01:44:00+00:00,2026-08-28 01:46:00+00:00,2026-08-28 04:16:00+00:00,9017.005209179428,9012.937274109972,9012.937274109972,8905.19531734378,27.010047472266315,3.5836265182907505,0.0,23.426420953975562,23.426420953975562,150.0,-2.1652518296291725,mean
2385,PCA3,15,TRXUSDT,2026-08-28 01:44:00+00:00,2026-08-28 01:46:00+00:00,2026-08-28 04:16:00+00:00,9017.005209179428,9014.670110103465,9014.670110103465,8926.330534591929,-62.56987204698452,3.5882001289390786,0.0,-66.15807217592359,-66.15807217592359,150.0,2.1378845573936847,mean
2386,PCA3,15,BCHUSDT,2026-08-28 13:44:00+00:00,2026-08-28 13:46:00+00:00,2026-08-28 18:01:00+00:00,9016.981335786531,9027.641143496077,9027.641143496077,8777.820988500393,-101.00323941370587,3.561092426399294,-0.39620603197175047,-104.56433184010517,-104.96053787207691,255.0,-2.14269596067048,timeout
2388,PCA3,15,SOLUSDT,2026-08-28 15:29:00+00:00,2026-08-28 15:31:00+00:00,2026-08-28 18:16:00+00:00,9005.80728538129,8993.561698176409,8993.561698176409,8779.76795429578,9.874384575419233,3.554665930494438,-0.4765463732662636,6.319718644924795,5.843172271658531,165.0,2.0725607883840382,mean
2387,PCA3,15,SUIUSDT,2026-08-28 14:14:00+00:00,2026-08-28 14:16:00+00:00,2026-08-28 18:31:00+00:00,9014.367294867303,9003.199433837684,9003.199433837684,8848.129814672928,39.896728202925054,3.5702658497021225,-0.20282849767174543,36.32646235322294,36.12363385555119,255.0,2.32880618213246,timeout
2389,PCA3,15,LTCUSDT,2026-08-28 18:44:00+00:00,2026-08-28 18:46:00+00:00,2026-08-28 22:31:00+00:00,9010.681962612045,9010.813314277384,9010.813314277384,9095.516134817748,-22.633296492190805,3.6212658898190266,0.0,-26.25456238200983,-26.25456238200983,225.0,2.150279456618049,mean
2390,PCA3,15,TRXUSDT,2026-08-28 19:44:00+00:00,2026-08-28 19:46:00+00:00,2026-08-28 22:46:00+00:00,9009.492304697536,9008.801017336918,9008.801017336918,9028.847031469306,11.3337933606886,3.6075296097612446,0.0,7.726263750927356,7.726263750927356,180.0,2.443351649892535,mean
2391,PCA3,15,TRXUSDT,2026-08-29 06:14:00+00:00,2026-08-29 06:16:00+00:00,2026-08-29 08:01:00+00:00,9008.829132748935,9014.337416635948,9014.337416635948,9012.647254171567,12.082505583678403,3.6053969341615026,0.08670620150209876,8.4771086495169,8.563814851018998,105.0,-3.0681517883805633,mean
2392,PCA3,15,NEARUSDT,2026-08-29 15:29:00+00:00,2026-08-29 15:31:00+00:00,2026-08-29 19:01:00+00:00,9009.685514234036,9003.505134953815,9003.505134953815,9035.854989621488,-13.471934991304115,3.6078720249150606,-0.3037181730498129,-17.079807016219178,-17.38352518926899,210.0,2.008333649929302,mean
2393,PCA3,15,UNIUSDT,2026-08-29 16:14:00+00:00,2026-08-29 16:16:00+00:00,2026-08-29 20:01:00+00:00,9010.76252325623,9024.492742425531,9024.492742425531,9097.902311758855,-69.09120319928587,3.624479010836877,0.0,-72.71568221012275,-72.71568221012275,225.0,2.669104011502469,mean
2394,PCA3,15,UNIUSDT,2026-08-30 02:44:00+00:00,2026-08-30 02:46:00+00:00,2026-08-30 06:16:00+00:00,9000.675593494096,9007.159500153868,9007.159500153868,9052.875652185905,-40.75291681432701,3.6120070304679546,0.0,-44.36492384479496,-44.36492384479496,210.0,3.7226977612980416,mean
2395,PCA3,15,UNIUSDT,2026-08-30 11:14:00+00:00,2026-08-30 11:16:00+00:00,2026-08-30 14:31:00+00:00,8996.239101109617,8994.985719051598,8994.985719051598,9141.579653553845,-73.24912955564605,3.6273130745210884,0.0,-76.87644263016715,-76.87644263016715,195.0,3.244208728644252,mean
2397,PCA3,15,AVAXUSDT,2026-08-30 12:59:00+00:00,2026-08-30 13:01:00+00:00,2026-08-30 14:46:00+00:00,8982.209546848597,8976.076069521738,8976.076069521738,8988.917599692135,6.7343185908570655,3.5929987338427747,0.0,3.1413198570142913,3.1413198570142913,105.0,-2.0267082681027304,mean
2396,PCA3,15,BCHUSDT,2026-08-30 12:59:00+00:00,2026-08-30 13:01:00+00:00,2026-08-30 16:31:00+00:00,8982.209546848597,8969.445819584029,8969.445819584029,9038.649113078736,-17.64867896497151,3.6016189865325527,0.10029202438214753,-21.250297951504063,-21.150005927121914,210.0,2.06751204269345,mean
2399,PCA3,15,LTCUSDT,2026-08-30 15:44:00+00:00,2026-08-30 15:46:00+00:00,2026-08-30 16:46:00+00:00,8987.12217622423,8983.675017669135,8983.675017669135,9005.592766134892,43.45238626821282,3.597853556760805,-0.033766607797929504,39.854532711452016,39.82076610365409,60.0,2.3195103837430118,mean
2400,PCA3,15,ETHUSDT,2026-08-30 16:44:00+00:00,2026-08-30 16:46:00+00:00,2026-08-30 17:31:00+00:00,8990.416900608732,8992.820210351825,8992.820210351825,8921.293014154106,48.84429524116205,3.582822644901186,0.0,45.26147259626086,45.26147259626086,45.0,5.721455034815261,mean
2398,PCA3,15,LINKUSDT,2026-08-30 15:14:00+00:00,2026-08-30 15:16:00+00:00,2026-08-30 17:46:00+00:00,8986.140542457744,8988.460782351936,8988.460782351936,9071.059734743445,2.407263267165764,3.611904103419077,-0.15850648977676568,-1.2046408362533125,-1.3631473260300782,150.0,2.5108920828999435,mean
2401,PCA3,15,AVAXUSDT,2026-08-30 16:59:00+00:00,2026-08-30 17:01:00+00:00,2026-08-30 19:31:00+00:00,8990.56623902914,8982.686512132776,8982.686512132776,8964.579979200873,0.7564499378809829,3.5894532982667298,0.0,-2.8330033603857467,-2.8330033603857467,150.0,-2.3460946567515686,mean
2402,PCA3,15,UNIUSDT,2026-08-30 17:44:00+00:00,2026-08-30 17:46:00+00:00,2026-08-30 19:46:00+00:00,8995.135950554115,8989.612229887962,8989.612229887962,8953.092372775885,-5.782174881926259,3.5885409205327696,0.0,-9.370715802459028,-9.370715802459028,120.0,2.1045354476700613,mean
2403,PCA3,15,NEARUSDT,2026-08-30 21:59:00+00:00,2026-08-30 22:01:00+00:00,2026-08-30 23:31:00+00:00,8993.902125460692,8973.225543599041,8973.225543599041,8699.527732840997,68.7581686413186,3.5345506552880073,0.0,65.2236179860306,65.2236179860306,90.0,3.526716507303081,mean
2404,PCA3,15,XLMUSDT,2026-08-30 22:59:00+00:00,2026-08-30 23:01:00+00:00,2026-08-31 02:16:00+00:00,8998.757057938614,8973.344521861318,8973.344521861318,8846.269801008339,-1.2521846958383753,3.5639228645739314,-0.22430326487397453,-4.8161075604123065,-5.040410825286281,195.0,2.099013258212305,mean
2405,PCA3,15,TRXUSDT,2026-08-30 23:14:00+00:00,2026-08-30 23:16:00+00:00,2026-08-31 02:16:00+00:00,8998.872407277719,8999.53063649037,8999.53063649037,8920.947948435605,50.834741827387944,3.5840957169851952,0.5662848712692042,47.25064611040275,47.81693098167195,180.0,-2.1906626414657753,mean
2406,PCA3,15,DOTUSDT,2026-08-30 23:44:00+00:00,2026-08-30 23:46:00+00:00,2026-08-31 02:31:00+00:00,9008.630168613528,8981.347528445269,8981.347528445269,9091.316700103165,18.975317518293853,3.614532845709687,-0.0936430687378976,15.360784672584165,15.267141603846268,165.0,-3.5623724613321115,mean
2407,PCA3,15,UNIUSDT,2026-08-31 03:14:00+00:00,2026-08-31 03:16:00+00:00,2026-08-31 05:16:00+00:00,9006.22885343532,9027.263028657137,9027.263028657137,9072.191437543033,13.25086239195945,3.6198908932400338,0.0,9.630971498719417,9.630971498719417,120.0,-2.1179124196236385,mean
2408,PCA3,15,NEARUSDT,2026-08-31 03:29:00+00:00,2026-08-31 03:31:00+00:00,2026-08-31 05:31:00+00:00,9005.68321997665,9001.525870068146,9001.525870068146,9120.977524032794,26.1428606142396,3.624500678820188,0.0,22.51835993541941,22.51835993541941,120.0,-2.1600862258911513,mean
2409,PCA3,15,BTCUSDT,2026-08-31 09:14:00+00:00,2026-08-31 09:16:00+00:00,2026-08-31 10:46:00+00:00,9009.443786578735,9005.746462622434,9005.746462622434,9010.36133542351,15.960234980755285,3.6032215596091888,0.0,12.357013421146096,12.357013421146096,90.0,2.2601534818812943,mean
2411,PCA3,15,ADAUSDT,2026-08-31 11:29:00+00:00,2026-08-31 11:31:00+00:00,2026-08-31 12:46:00+00:00,9010.61484611966,9010.604036130771,9010.604036130771,8929.091327655178,22.48928637318219,3.58793907275719,0.0,18.901347300425,18.901347300425,75.0,2.1936017319419103,mean
2410,PCA3,15,TRXUSDT,2026-08-31 09:44:00+00:00,2026-08-31 09:46:00+00:00,2026-08-31 14:01:00+00:00,9009.490366727236,9014.908719229044,9014.908719229044,8913.108022880393,2.5677566637858367,3.5856033484218877,0.0,-1.0178466846360508,-1.0178466846360508,255.0,-2.240740108894688,timeout
2412,PCA3,15,BTCUSDT,2026-08-31 12:44:00+00:00,2026-08-31 12:46:00+00:00,2026-08-31 14:31:00+00:00,9014.675144641906,9006.315198209457,9006.315198209457,9021.086765518005,14.48877568423234,3.605480392745492,0.0,10.883295291486847,10.883295291486847,105.0,-2.1913033111527818,mean
2414,PCA3,15,NEARUSDT,2026-08-31 14:59:00+00:00,2026-08-31 15:01:00+00:00,2026-08-31 16:01:00+00:00,9008.15335320041,9011.660396971656,9011.660396971656,8920.34569989349,52.8762490661695,3.5864012193730295,-0.31042367273707666,49.28984784679647,48.979424174059396,60.0,2.109155293387391,mean
2413,PCA3,15,TRXUSDT,2026-08-31 14:14:00+00:00,2026-08-31 14:16:00+00:00,2026-08-31 16:31:00+00:00,9014.120014006432,9011.683293162938,9011.683293162938,9045.10932868857,-25.837251725993713,3.6113585243703015,1.9081570080438226,-29.448610250364013,-27.54045324232019,135.0,-2.0406757313622443,mean
2416,PCA3,15,LINKUSDT,2026-08-31 16:14:00+00:00,2026-08-31 16:16:00+00:00,2026-08-31 16:46:00+00:00,9015.516151928188,9013.074071543158,9013.074071543158,9018.072199545457,20.85655571017767,3.6062292542177232,0.0,17.250326455959947,17.250326455959947,30.0,2.755002635881272,mean
2415,PCA3,15,ETHUSDT,2026-08-31 15:44:00+00:00,2026-08-31 15:46:00+00:00,2026-08-31 17:31:00+00:00,9010.981789531263,9003.61386562519,9003.61386562519,8979.076836402211,8.007521460734651,3.59653814040548,0.4686195183809109,4.410983320329171,4.879602838710082,105.0,2.226748693510907,mean
2417,PCA3,15,XLMUSDT,2026-08-31 16:44:00+00:00,2026-08-31 16:46:00+00:00,2026-08-31 18:46:00+00:00,9017.558027051331,9021.805201305262,9021.805201305262,9109.011187088103,-6.0255047428495505,3.626163277678673,0.0,-9.651668020528223,-9.651668020528223,120.0,2.2424264776596647,mean
2418,PCA3,15,DOTUSDT,2026-08-31 18:29:00+00:00,2026-08-31 18:31:00+00:00,2026-08-31 19:46:00+00:00,9017.421079884374,9019.296705064597,9019.296705064597,8994.35501393092,27.689776944025777,3.6027303437991036,0.0,24.08704660022667,24.08704660022667,75.0,2.465728272551604,mean
2420,PCA3,15,AVAXUSDT,2026-08-31 19:29:00+00:00,2026-08-31 19:31:00+00:00,2026-08-31 21:01:00+00:00,9019.840730737717,9022.17700036238,9022.17700036238,9022.68492866041,11.908947927317195,3.608972385804558,0.0,8.299975541512637,8.299975541512637,90.0,-2.5264231957415975,mean
2419,PCA3,15,ADAUSDT,2026-08-31 18:44:00+00:00,2026-08-31 18:46:00+00:00,2026-08-31 21:31:00+00:00,9018.963315873041,8998.829728839093,8998.829728839093,8956.700898371102,20.032885377542872,3.591106125442039,0.0,16.44177925210083,16.44177925210083,165.0,2.884007971538056,mean
2421,PCA3,15,LINKUSDT,2026-08-31 21:44:00+00:00,2026-08-31 21:46:00+00:00,2026-08-31 23:59:00+00:00,9021.83077087155,9026.00704825233,9026.00704825233,8978.117389963276,-7.59515579994408,3.600824887643121,0.0,-11.195980687587202,-11.195980687587202,133.0,-2.042686062980438,end_of_sample
2422,PCA3,15,NEARUSDT,2026-08-31 21:59:00+00:00,2026-08-31 22:01:00+00:00,2026-08-31 23:59:00+00:00,9021.373076612717,9034.246771506201,9034.246771506201,9045.826517775762,-52.076811964587804,3.6160146578563923,0.0,-55.6928266224442,-55.6928266224442,118.0,2.50007639249351,end_of_sample
2423,PCA3,15,XLMUSDT,2026-08-31 23:14:00+00:00,2026-08-31 23:16:00+00:00,2026-08-31 23:59:00+00:00,9015.430567465486,9016.007263370888,9016.007263370888,9032.21179571654,-0.99517469857647,3.6096438118174854,0.0,-4.604818510393955,-4.604818510393955,43.0,-2.1182067902197375,end_of_sample
