time,equity
2026-03-01 00:59:00+00:00,100000.0
2026-03-01 01:59:00+00:00,100000.0
2026-03-01 02:59:00+00:00,100000.0
2026-03-01 03:59:00+00:00,100000.0
2026-03-01 04:59:00+00:00,100000.0
2026-03-01 05:59:00+00:00,100000.0
2026-03-01 06:59:00+00:00,100000.0
2026-03-01 07:59:00+00:00,100000.0
2026-03-01 08:59:00+00:00,100000.0
2026-03-01 09:59:00+00:00,100000.0
2026-03-01 10:59:00+00:00,100000.0
2026-03-01 11:59:00+00:00,100000.0
2026-03-01 12:59:00+00:00,100000.0
2026-03-01 13:59:00+00:00,100000.0
2026-03-01 14:59:00+00:00,100000.0
2026-03-01 15:59:00+00:00,100000.0
2026-03-01 16:59:00+00:00,100000.0
2026-03-01 17:59:00+00:00,100000.0
2026-03-01 18:59:00+00:00,100000.0
2026-03-01 19:59:00+00:00,100000.0
2026-03-01 20:59:00+00:00,100000.0
2026-03-01 21:59:00+00:00,100000.0
2026-03-01 22:59:00+00:00,100000.0
2026-03-01 23:59:00+00:00,100000.0
2026-03-02 00:59:00+00:00,100000.0
2026-03-02 01:59:00+00:00,100000.0
2026-03-02 02:59:00+00:00,100000.0
2026-03-02 03:59:00+00:00,100000.0
2026-03-02 04:59:00+00:00,100000.0
2026-03-02 05:59:00+00:00,100000.0
2026-03-02 06:59:00+00:00,100000.0
2026-03-02 07:59:00+00:00,100000.0
2026-03-02 08:59:00+00:00,100000.0
2026-03-02 09:59:00+00:00,100000.0
2026-03-02 10:59:00+00:00,100000.0
2026-03-02 11:59:00+00:00,100000.0
2026-03-02 12:59:00+00:00,100000.0
2026-03-02 13:59:00+00:00,100000.0
2026-03-02 14:59:00+00:00,100000.0
2026-03-02 15:59:00+00:00,100000.0
2026-03-02 16:59:00+00:00,100000.0
2026-03-02 17:59:00+00:00,100000.0
2026-03-02 18:59:00+00:00,100000.0
2026-03-02 19:59:00+00:00,100000.0
2026-03-02 20:59:00+00:00,100000.0
2026-03-02 21:59:00+00:00,100000.0
2026-03-02 22:59:00+00:00,100000.0
2026-03-02 23:59:00+00:00,100000.0
2026-03-03 00:59:00+00:00,100000.0
2026-03-03 01:59:00+00:00,100000.0
2026-03-03 02:59:00+00:00,100000.0
2026-03-03 03:59:00+00:00,100000.0
2026-03-03 04:59:00+00:00,100000.0
2026-03-03 05:59:00+00:00,100000.0
2026-03-03 06:59:00+00:00,100000.0
2026-03-03 07:59:00+00:00,100000.0
2026-03-03 08:59:00+00:00,100000.0
2026-03-03 09:59:00+00:00,100000.0
2026-03-03 10:59:00+00:00,100000.0
2026-03-03 11:59:00+00:00,100000.0
2026-03-03 12:59:00+00:00,100000.0
2026-03-03 13:59:00+00:00,100000.0
2026-03-03 14:59:00+00:00,100000.0
2026-03-03 15:59:00+00:00,100000.0
2026-03-03 16:59:00+00:00,100000.0
2026-03-03 17:59:00+00:00,100000.0
2026-03-03 18:59:00+00:00,100000.0
2026-03-03 19:59:00+00:00,100000.0
2026-03-03 20:59:00+00:00,100000.0
2026-03-03 21:59:00+00:00,100000.0
2026-03-03 22:59:00+00:00,100000.0
2026-03-03 23:59:00+00:00,100000.0
2026-03-04 00:59:00+00:00,100000.0
2026-03-04 01:59:00+00:00,100000.0
2026-03-04 02:59:00+00:00,100000.0
2026-03-04 03:59:00+00:00,100000.0
2026-03-04 04:59:00+00:00,100000.0
2026-03-04 05:59:00+00:00,100000.0
2026-03-04 06:59:00+00:00,100000.0
2026-03-04 07:59:00+00:00,100000.0
2026-03-04 08:59:00+00:00,100000.0
2026-03-04 09:59:00+00:00,100000.0
2026-03-04 10:59:00+00:00,100000.0
2026-03-04 11:59:00+00:00,100000.0
2026-03-04 12:59:00+00:00,100000.0
2026-03-04 13:59:00+00:00,100000.0
2026-03-04 14:59:00+00:00,100000.0
2026-03-04 15:59:00+00:00,100000.0
2026-03-04 16:59:00+00:00,100000.0
2026-03-04 17:59:00+00:00,100000.0
2026-03-04 18:59:00+00:00,100000.0
2026-03-04 19:59:00+00:00,100000.0
2026-03-04 20:59:00+00:00,100000.0
2026-03-04 21:59:00+00:00,100000.0
2026-03-04 22:59:00+00:00,100000.0
2026-03-04 23:59:00+00:00,100000.0
2026-03-05 00:59:00+00:00,100000.0
2026-03-05 01:59:00+00:00,100000.0
2026-03-05 02:59:00+00:00,100000.0
2026-03-05 03:59:00+00:00,100000.0
2026-03-05 04:59:00+00:00,100000.0
2026-03-05 05:59:00+00:00,100000.0
2026-03-05 06:59:00+00:00,100000.0
2026-03-05 07:59:00+00:00,100000.0
2026-03-05 08:59:00+00:00,100000.0
2026-03-05 09:59:00+00:00,100000.0
2026-03-05 10:59:00+00:00,100000.0
2026-03-05 11:59:00+00:00,100000.0
2026-03-05 12:59:00+00:00,100000.0
2026-03-05 13:59:00+00:00,100000.0
2026-03-05 14:59:00+00:00,100000.0
2026-03-05 15:59:00+00:00,100000.0
2026-03-05 16:59:00+00:00,100000.0
2026-03-05 17:59:00+00:00,100000.0
2026-03-05 18:59:00+00:00,100000.0
2026-03-05 19:59:00+00:00,100000.0
2026-03-05 20:59:00+00:00,100000.0
2026-03-05 21:59:00+00:00,100000.0
2026-03-05 22:59:00+00:00,100000.0
2026-03-05 23:59:00+00:00,100000.0
2026-03-06 00:59:00+00:00,100000.0
2026-03-06 01:59:00+00:00,100000.0
2026-03-06 02:59:00+00:00,100000.0
2026-03-06 03:59:00+00:00,100000.0
2026-03-06 04:59:00+00:00,100000.0
2026-03-06 05:59:00+00:00,100000.0
2026-03-06 06:59:00+00:00,100000.0
2026-03-06 07:59:00+00:00,100000.0
2026-03-06 08:59:00+00:00,100000.0
2026-03-06 09:59:00+00:00,100000.0
2026-03-06 10:59:00+00:00,100000.0
2026-03-06 11:59:00+00:00,100000.0
2026-03-06 12:59:00+00:00,100000.0
2026-03-06 13:59:00+00:00,100000.0
2026-03-06 14:59:00+00:00,100000.0
2026-03-06 15:59:00+00:00,100000.0
2026-03-06 16:59:00+00:00,100000.0
2026-03-06 17:59:00+00:00,100000.0
2026-03-06 18:59:00+00:00,100000.0
2026-03-06 19:59:00+00:00,100000.0
2026-03-06 20:59:00+00:00,100000.0
2026-03-06 21:59:00+00:00,100000.0
2026-03-06 22:59:00+00:00,100000.0
2026-03-06 23:59:00+00:00,100000.0
2026-03-07 00:59:00+00:00,100000.0
2026-03-07 01:59:00+00:00,100000.0
2026-03-07 02:59:00+00:00,100000.0
2026-03-07 03:59:00+00:00,100000.0
2026-03-07 04:59:00+00:00,100000.0
2026-03-07 05:59:00+00:00,100000.0
2026-03-07 06:59:00+00:00,100000.0
2026-03-07 07:59:00+00:00,100000.0
2026-03-07 08:59:00+00:00,100000.0
2026-03-07 09:59:00+00:00,100000.0
2026-03-07 10:59:00+00:00,100000.0
2026-03-07 11:59:00+00:00,100000.0
2026-03-07 12:59:00+00:00,100000.0
2026-03-07 13:59:00+00:00,100000.0
2026-03-07 14:59:00+00:00,100000.0
2026-03-07 15:59:00+00:00,100000.0
2026-03-07 16:59:00+00:00,100000.0
2026-03-07 17:59:00+00:00,100000.0
2026-03-07 18:59:00+00:00,100000.0
2026-03-07 19:59:00+00:00,100000.0
2026-03-07 20:59:00+00:00,100000.0
2026-03-07 21:59:00+00:00,100000.0
2026-03-07 22:59:00+00:00,100000.0
2026-03-07 23:59:00+00:00,100000.0
2026-03-08 00:59:00+00:00,100000.0
2026-03-08 01:59:00+00:00,100000.0
2026-03-08 02:59:00+00:00,100000.0
2026-03-08 03:59:00+00:00,100000.0
2026-03-08 04:59:00+00:00,100000.0
2026-03-08 05:59:00+00:00,100000.0
2026-03-08 06:59:00+00:00,100000.0
2026-03-08 07:59:00+00:00,100000.0
2026-03-08 08:59:00+00:00,100000.0
2026-03-08 09:59:00+00:00,100000.0
2026-03-08 10:59:00+00:00,100000.0
2026-03-08 11:59:00+00:00,100000.0
2026-03-08 12:59:00+00:00,100000.0
2026-03-08 13:59:00+00:00,100000.0
2026-03-08 14:59:00+00:00,100000.0
2026-03-08 15:59:00+00:00,100000.0
2026-03-08 16:59:00+00:00,100000.0
2026-03-08 17:59:00+00:00,100000.0
2026-03-08 18:59:00+00:00,100000.0
2026-03-08 19:59:00+00:00,100000.0
2026-03-08 20:59:00+00:00,100000.0
2026-03-08 21:59:00+00:00,100000.0
2026-03-08 22:59:00+00:00,100000.0
2026-03-08 23:59:00+00:00,100000.0
2026-03-09 00:59:00+00:00,100000.0
2026-03-09 01:59:00+00:00,100000.0
2026-03-09 02:59:00+00:00,100000.0
2026-03-09 03:59:00+00:00,100000.0
2026-03-09 04:59:00+00:00,100000.0
2026-03-09 05:59:00+00:00,100000.0
2026-03-09 06:59:00+00:00,100000.0
2026-03-09 07:59:00+00:00,100000.0
2026-03-09 08:59:00+00:00,100000.0
2026-03-09 09:59:00+00:00,100000.0
2026-03-09 10:59:00+00:00,100000.0
2026-03-09 11:59:00+00:00,100000.0
2026-03-09 12:59:00+00:00,100000.0
2026-03-09 13:59:00+00:00,100000.0
2026-03-09 14:59:00+00:00,100000.0
2026-03-09 15:59:00+00:00,100000.0
2026-03-09 16:59:00+00:00,100000.0
2026-03-09 17:59:00+00:00,100000.0
2026-03-09 18:59:00+00:00,100000.0
2026-03-09 19:59:00+00:00,100000.0
2026-03-09 20:59:00+00:00,100000.0
2026-03-09 21:59:00+00:00,100000.0
2026-03-09 22:59:00+00:00,100000.0
2026-03-09 23:59:00+00:00,100000.0
2026-03-10 00:59:00+00:00,100000.0
2026-03-10 01:59:00+00:00,100000.0
2026-03-10 02:59:00+00:00,100000.0
2026-03-10 03:59:00+00:00,100000.0
2026-03-10 04:59:00+00:00,100000.0
2026-03-10 05:59:00+00:00,100000.0
2026-03-10 06:59:00+00:00,100000.0
2026-03-10 07:59:00+00:00,100000.0
2026-03-10 08:59:00+00:00,100000.0
2026-03-10 09:59:00+00:00,100000.0
2026-03-10 10:59:00+00:00,100000.0
2026-03-10 11:59:00+00:00,100000.0
2026-03-10 12:59:00+00:00,100000.0
2026-03-10 13:59:00+00:00,100000.0
2026-03-10 14:59:00+00:00,100000.0
2026-03-10 15:59:00+00:00,100000.0
2026-03-10 16:59:00+00:00,100000.0
2026-03-10 17:59:00+00:00,100000.0
2026-03-10 18:59:00+00:00,100000.0
2026-03-10 19:59:00+00:00,100000.0
2026-03-10 20:59:00+00:00,100000.0
2026-03-10 21:59:00+00:00,100000.0
2026-03-10 22:59:00+00:00,100000.0
2026-03-10 23:59:00+00:00,100000.0
2026-03-11 00:59:00+00:00,100000.0
2026-03-11 01:59:00+00:00,100000.0
2026-03-11 02:59:00+00:00,100000.0
2026-03-11 03:59:00+00:00,100000.0
2026-03-11 04:59:00+00:00,100000.0
2026-03-11 05:59:00+00:00,100000.0
2026-03-11 06:59:00+00:00,100000.0
2026-03-11 07:59:00+00:00,100000.0
2026-03-11 08:59:00+00:00,100000.0
2026-03-11 09:59:00+00:00,100000.0
2026-03-11 10:59:00+00:00,100000.0
2026-03-11 11:59:00+00:00,100000.0
2026-03-11 12:59:00+00:00,100000.0
2026-03-11 13:59:00+00:00,100000.0
2026-03-11 14:59:00+00:00,100000.0
2026-03-11 15:59:00+00:00,100000.0
2026-03-11 16:59:00+00:00,100000.0
2026-03-11 17:59:00+00:00,100000.0
2026-03-11 18:59:00+00:00,100000.0
2026-03-11 19:59:00+00:00,100000.0
2026-03-11 20:59:00+00:00,100000.0
2026-03-11 21:59:00+00:00,100000.0
2026-03-11 22:59:00+00:00,100000.0
2026-03-11 23:59:00+00:00,100000.0
2026-03-12 00:59:00+00:00,100000.0
2026-03-12 01:59:00+00:00,100000.0
2026-03-12 02:59:00+00:00,100000.0
2026-03-12 03:59:00+00:00,100000.0
2026-03-12 04:59:00+00:00,100000.0
2026-03-12 05:59:00+00:00,100000.0
2026-03-12 06:59:00+00:00,100000.0
2026-03-12 07:59:00+00:00,100000.0
2026-03-12 08:59:00+00:00,100000.0
2026-03-12 09:59:00+00:00,100000.0
2026-03-12 10:59:00+00:00,100000.0
2026-03-12 11:59:00+00:00,100000.0
2026-03-12 12:59:00+00:00,100000.0
2026-03-12 13:59:00+00:00,100000.0
2026-03-12 14:59:00+00:00,100000.0
2026-03-12 15:59:00+00:00,100247.1118219553
2026-03-12 16:59:00+00:00,100312.04161294132
2026-03-12 17:59:00+00:00,100289.68981147959
2026-03-12 18:59:00+00:00,100291.54197477392
2026-03-12 19:59:00+00:00,100291.54197477392
2026-03-12 20:59:00+00:00,100291.54197477392
2026-03-12 21:59:00+00:00,100291.54197477392
2026-03-12 22:59:00+00:00,100291.54197477392
2026-03-12 23:59:00+00:00,100291.54197477392
2026-03-13 00:59:00+00:00,100291.54197477392
2026-03-13 01:59:00+00:00,100148.61189378552
2026-03-13 02:59:00+00:00,100454.00851565543
2026-03-13 03:59:00+00:00,100264.06908452074
2026-03-13 04:59:00+00:00,100261.34558555907
2026-03-13 05:59:00+00:00,100294.99974148427
2026-03-13 06:59:00+00:00,100290.18564391823
2026-03-13 07:59:00+00:00,100290.18564391823
2026-03-13 08:59:00+00:00,100290.18564391823
2026-03-13 09:59:00+00:00,100290.18564391823
2026-03-13 10:59:00+00:00,100290.18564391823
2026-03-13 11:59:00+00:00,100302.88253333846
2026-03-13 12:59:00+00:00,100281.42234440528
2026-03-13 13:59:00+00:00,100251.28063502922
2026-03-13 14:59:00+00:00,100069.0089505931
2026-03-13 15:59:00+00:00,99785.11756804166
2026-03-13 16:59:00+00:00,99890.76734577658
2026-03-13 17:59:00+00:00,99708.59278664303
2026-03-13 18:59:00+00:00,99596.10568274328
2026-03-13 19:59:00+00:00,99624.8274219361
2026-03-13 20:59:00+00:00,99590.52922363627
2026-03-13 21:59:00+00:00,99590.52922363627
2026-03-13 22:59:00+00:00,99590.52922363627
2026-03-13 23:59:00+00:00,99598.26545388097
2026-03-14 00:59:00+00:00,99591.06206980128
2026-03-14 01:59:00+00:00,99591.06206980128
2026-03-14 02:59:00+00:00,99591.06206980128
2026-03-14 03:59:00+00:00,99591.06206980128
2026-03-14 04:59:00+00:00,99591.06206980128
2026-03-14 05:59:00+00:00,99591.06206980128
2026-03-14 06:59:00+00:00,99591.06206980128
2026-03-14 07:59:00+00:00,99591.06206980128
2026-03-14 08:59:00+00:00,99591.06206980128
2026-03-14 09:59:00+00:00,99591.06206980128
2026-03-14 10:59:00+00:00,99591.06206980128
2026-03-14 11:59:00+00:00,99591.06206980128
2026-03-14 12:59:00+00:00,99621.75164873504
2026-03-14 13:59:00+00:00,99638.91579839581
2026-03-14 14:59:00+00:00,99609.41214979552
2026-03-14 15:59:00+00:00,99605.07088906523
2026-03-14 16:59:00+00:00,99605.07088906523
2026-03-14 17:59:00+00:00,99605.07088906523
2026-03-14 18:59:00+00:00,99590.67044117248
2026-03-14 19:59:00+00:00,99599.72483789326
2026-03-14 20:59:00+00:00,99598.71879381318
2026-03-14 21:59:00+00:00,99594.3801281134
2026-03-14 22:59:00+00:00,99594.3801281134
2026-03-14 23:59:00+00:00,99594.3801281134
2026-03-15 00:59:00+00:00,99594.3801281134
2026-03-15 01:59:00+00:00,99598.40585951458
2026-03-15 02:59:00+00:00,99605.22283862642
2026-03-15 03:59:00+00:00,99733.23815217247
2026-03-15 04:59:00+00:00,99706.38695828248
2026-03-15 05:59:00+00:00,99710.46936171151
2026-03-15 06:59:00+00:00,99710.46936171151
2026-03-15 07:59:00+00:00,99710.46936171151
2026-03-15 08:59:00+00:00,99710.46936171151
2026-03-15 09:59:00+00:00,99710.46936171151
2026-03-15 10:59:00+00:00,99710.46936171151
2026-03-15 11:59:00+00:00,99710.46936171151
2026-03-15 12:59:00+00:00,99710.46936171151
2026-03-15 13:59:00+00:00,99710.46936171151
2026-03-15 14:59:00+00:00,99710.46936171151
2026-03-15 15:59:00+00:00,99710.46936171151
2026-03-15 16:59:00+00:00,99710.46936171151
2026-03-15 17:59:00+00:00,99710.46936171151
2026-03-15 18:59:00+00:00,99785.66270370166
2026-03-15 19:59:00+00:00,99708.47655570878
2026-03-15 20:59:00+00:00,99694.44271061917
2026-03-15 21:59:00+00:00,99699.46542377674
2026-03-15 22:59:00+00:00,99699.46542377674
2026-03-15 23:59:00+00:00,99852.6501977889
2026-03-16 00:59:00+00:00,99934.4076805448
2026-03-16 01:59:00+00:00,99853.56053096562
2026-03-16 02:59:00+00:00,99961.61091256043
2026-03-16 03:59:00+00:00,99610.42876677199
2026-03-16 04:59:00+00:00,99286.40733827806
2026-03-16 05:59:00+00:00,99125.55906463387
2026-03-16 06:59:00+00:00,99078.32003192729
2026-03-16 07:59:00+00:00,99006.39486793258
2026-03-16 08:59:00+00:00,99227.50637162467
2026-03-16 09:59:00+00:00,99217.81389931668
2026-03-16 10:59:00+00:00,99205.8107414208
2026-03-16 11:59:00+00:00,99150.63294815434
2026-03-16 12:59:00+00:00,99106.61654526061
2026-03-16 13:59:00+00:00,99098.37956345132
2026-03-16 14:59:00+00:00,99200.27568902062
2026-03-16 15:59:00+00:00,99439.51945081017
2026-03-16 16:59:00+00:00,99226.04297924813
2026-03-16 17:59:00+00:00,99250.13449355988
2026-03-16 18:59:00+00:00,99246.8892185619
2026-03-16 19:59:00+00:00,99257.35107212045
2026-03-16 20:59:00+00:00,99257.35107212045
2026-03-16 21:59:00+00:00,99324.6362746538
2026-03-16 22:59:00+00:00,99324.6362746538
2026-03-16 23:59:00+00:00,99403.80465038432
2026-03-17 00:59:00+00:00,99482.18675359464
2026-03-17 01:59:00+00:00,99398.239062721
2026-03-17 02:59:00+00:00,99286.33442547976
2026-03-17 03:59:00+00:00,99170.36776013383
2026-03-17 04:59:00+00:00,98934.70545235364
2026-03-17 05:59:00+00:00,98831.03589823669
2026-03-17 06:59:00+00:00,98840.03094293148
2026-03-17 07:59:00+00:00,98847.13503646893
2026-03-17 08:59:00+00:00,98786.33131773928
2026-03-17 09:59:00+00:00,98781.46269448294
2026-03-17 10:59:00+00:00,98781.46269448294
2026-03-17 11:59:00+00:00,98781.46269448294
2026-03-17 12:59:00+00:00,98781.46269448294
2026-03-17 13:59:00+00:00,98758.90759383436
2026-03-17 14:59:00+00:00,98736.36072497435
2026-03-17 15:59:00+00:00,98748.96974553567
2026-03-17 16:59:00+00:00,98794.68386436121
2026-03-17 17:59:00+00:00,98810.52796412502
2026-03-17 18:59:00+00:00,98808.98914988832
2026-03-17 19:59:00+00:00,98709.4005230491
2026-03-17 20:59:00+00:00,98740.64267312935
2026-03-17 21:59:00+00:00,98740.96075992215
2026-03-17 22:59:00+00:00,98740.96075992215
2026-03-17 23:59:00+00:00,98740.96075992215
2026-03-18 00:59:00+00:00,98740.96075992215
2026-03-18 01:59:00+00:00,98713.0409020521
2026-03-18 02:59:00+00:00,98719.06997188112
2026-03-18 03:59:00+00:00,98654.26033981032
2026-03-18 04:59:00+00:00,98605.53076284242
2026-03-18 05:59:00+00:00,98559.68648977394
2026-03-18 06:59:00+00:00,98541.73348773313
2026-03-18 07:59:00+00:00,98517.68928857135
2026-03-18 08:59:00+00:00,98513.19724736169
2026-03-18 09:59:00+00:00,98515.13333133204
2026-03-18 10:59:00+00:00,98513.48950242063
2026-03-18 11:59:00+00:00,98513.48950242063
2026-03-18 12:59:00+00:00,98170.66973124999
2026-03-18 13:59:00+00:00,98177.68337107806
2026-03-18 14:59:00+00:00,97738.85876115465
2026-03-18 15:59:00+00:00,97615.4985790806
2026-03-18 16:59:00+00:00,97609.17885373143
2026-03-18 17:59:00+00:00,97615.95219654616
2026-03-18 18:59:00+00:00,97924.46401587235
2026-03-18 19:59:00+00:00,97844.06119380848
2026-03-18 20:59:00+00:00,97781.74758132828
2026-03-18 21:59:00+00:00,97725.84534527354
2026-03-18 22:59:00+00:00,97757.78948016195
2026-03-18 23:59:00+00:00,97761.15798918594
2026-03-19 00:59:00+00:00,97761.15798918594
2026-03-19 01:59:00+00:00,97761.15798918594
2026-03-19 02:59:00+00:00,97761.15798918594
2026-03-19 03:59:00+00:00,97761.15798918594
2026-03-19 04:59:00+00:00,97761.15798918594
2026-03-19 05:59:00+00:00,97677.72628695151
2026-03-19 06:59:00+00:00,97639.08883298207
2026-03-19 07:59:00+00:00,97558.45414643716
2026-03-19 08:59:00+00:00,97574.41127363846
2026-03-19 09:59:00+00:00,97671.84485321355
2026-03-19 10:59:00+00:00,97763.18914272799
2026-03-19 11:59:00+00:00,97792.23453910075
2026-03-19 12:59:00+00:00,97795.96608219849
2026-03-19 13:59:00+00:00,97880.93296584545
2026-03-19 14:59:00+00:00,97676.60922047483
2026-03-19 15:59:00+00:00,97667.18805218227
2026-03-19 16:59:00+00:00,97644.91837253218
2026-03-19 17:59:00+00:00,97654.81594652857
2026-03-19 18:59:00+00:00,97649.92867731059
2026-03-19 19:59:00+00:00,97647.9699901352
2026-03-19 20:59:00+00:00,97647.9699901352
2026-03-19 21:59:00+00:00,97647.9699901352
2026-03-19 22:59:00+00:00,97647.9699901352
2026-03-19 23:59:00+00:00,97647.9699901352
2026-03-20 00:59:00+00:00,97647.9699901352
2026-03-20 01:59:00+00:00,97647.9699901352
2026-03-20 02:59:00+00:00,97647.9699901352
2026-03-20 03:59:00+00:00,97647.9699901352
2026-03-20 04:59:00+00:00,97647.9699901352
2026-03-20 05:59:00+00:00,97647.9699901352
2026-03-20 06:59:00+00:00,97647.9699901352
2026-03-20 07:59:00+00:00,97647.9699901352
2026-03-20 08:59:00+00:00,97647.9699901352
2026-03-20 09:59:00+00:00,97647.9699901352
2026-03-20 10:59:00+00:00,97657.3942957659
2026-03-20 11:59:00+00:00,97653.96709552829
2026-03-20 12:59:00+00:00,97653.96709552829
2026-03-20 13:59:00+00:00,97653.96709552829
2026-03-20 14:59:00+00:00,97653.96709552829
2026-03-20 15:59:00+00:00,97653.96709552829
2026-03-20 16:59:00+00:00,97641.13124960494
2026-03-20 17:59:00+00:00,97586.41323534139
2026-03-20 18:59:00+00:00,97649.08719602325
2026-03-20 19:59:00+00:00,97616.48744069692
2026-03-20 20:59:00+00:00,97592.74053397475
2026-03-20 21:59:00+00:00,97584.38412752023
2026-03-20 22:59:00+00:00,97584.38412752023
2026-03-20 23:59:00+00:00,97584.38412752023
2026-03-21 00:59:00+00:00,97584.38412752023
2026-03-21 01:59:00+00:00,97584.38412752023
2026-03-21 02:59:00+00:00,97584.38412752023
2026-03-21 03:59:00+00:00,97584.38412752023
2026-03-21 04:59:00+00:00,97584.38412752023
2026-03-21 05:59:00+00:00,97584.38412752023
2026-03-21 06:59:00+00:00,97584.38412752023
2026-03-21 07:59:00+00:00,97672.5414765492
2026-03-21 08:59:00+00:00,97685.63745968611
2026-03-21 09:59:00+00:00,97684.33155791796
2026-03-21 10:59:00+00:00,97684.33155791796
2026-03-21 11:59:00+00:00,97684.33155791796
2026-03-21 12:59:00+00:00,97684.33155791796
2026-03-21 13:59:00+00:00,97684.33155791796
2026-03-21 14:59:00+00:00,97684.33155791796
2026-03-21 15:59:00+00:00,97684.33155791796
2026-03-21 16:59:00+00:00,97793.04184492258
2026-03-21 17:59:00+00:00,97803.10202324987
2026-03-21 18:59:00+00:00,97930.94938699348
2026-03-21 19:59:00+00:00,98108.56630947322
2026-03-21 20:59:00+00:00,98066.12763252544
2026-03-21 21:59:00+00:00,98062.61121982902
2026-03-21 22:59:00+00:00,98062.61121982902
2026-03-21 23:59:00+00:00,98062.61121982902
2026-03-22 00:59:00+00:00,98213.28912580549
2026-03-22 01:59:00+00:00,98266.62206345417
2026-03-22 02:59:00+00:00,98371.41283033669
2026-03-22 03:59:00+00:00,98405.19970398997
2026-03-22 04:59:00+00:00,98480.32216528173
2026-03-22 05:59:00+00:00,98448.16881795692
2026-03-22 06:59:00+00:00,98448.16881795692
2026-03-22 07:59:00+00:00,98448.16881795692
2026-03-22 08:59:00+00:00,98448.16881795692
2026-03-22 09:59:00+00:00,98448.16881795692
2026-03-22 10:59:00+00:00,98448.16881795692
2026-03-22 11:59:00+00:00,98448.16881795692
2026-03-22 12:59:00+00:00,98448.16881795692
2026-03-22 13:59:00+00:00,98448.16881795692
2026-03-22 14:59:00+00:00,98448.16881795692
2026-03-22 15:59:00+00:00,98448.16881795692
2026-03-22 16:59:00+00:00,98448.16881795692
2026-03-22 17:59:00+00:00,98448.16881795692
2026-03-22 18:59:00+00:00,98448.16881795692
2026-03-22 19:59:00+00:00,98448.16881795692
2026-03-22 20:59:00+00:00,98448.16881795692
2026-03-22 21:59:00+00:00,98448.16881795692
2026-03-22 22:59:00+00:00,98381.55464012998
2026-03-22 23:59:00+00:00,98428.19006351262
2026-03-23 00:59:00+00:00,98399.58714226364
2026-03-23 01:59:00+00:00,98408.43737664745
2026-03-23 02:59:00+00:00,98408.43737664745
2026-03-23 03:59:00+00:00,98408.43737664745
2026-03-23 04:59:00+00:00,98408.43737664745
2026-03-23 05:59:00+00:00,98397.79680174615
2026-03-23 06:59:00+00:00,98524.16795386019
2026-03-23 07:59:00+00:00,98577.51748640295
2026-03-23 08:59:00+00:00,98574.0440585201
2026-03-23 09:59:00+00:00,98572.70206493825
2026-03-23 10:59:00+00:00,98572.70206493825
2026-03-23 11:59:00+00:00,98572.70206493825
2026-03-23 12:59:00+00:00,98363.75334314861
2026-03-23 13:59:00+00:00,98113.42505553563
2026-03-23 14:59:00+00:00,98133.61178999822
2026-03-23 15:59:00+00:00,98106.09678709756
2026-03-23 16:59:00+00:00,98115.19286209524
2026-03-23 17:59:00+00:00,98074.71356374606
2026-03-23 18:59:00+00:00,98072.79242245859
2026-03-23 19:59:00+00:00,98165.74012056735
2026-03-23 20:59:00+00:00,98039.19458195774
2026-03-23 21:59:00+00:00,98028.64912040693
2026-03-23 22:59:00+00:00,98037.22679883236
2026-03-23 23:59:00+00:00,98037.22679883236
2026-03-24 00:59:00+00:00,98037.22679883236
2026-03-24 01:59:00+00:00,98037.22679883236
2026-03-24 02:59:00+00:00,98037.22679883236
2026-03-24 03:59:00+00:00,98037.22679883236
2026-03-24 04:59:00+00:00,98037.22679883236
2026-03-24 05:59:00+00:00,98037.22679883236
2026-03-24 06:59:00+00:00,98037.22679883236
2026-03-24 07:59:00+00:00,98037.22679883236
2026-03-24 08:59:00+00:00,98075.44549162479
2026-03-24 09:59:00+00:00,98016.72361462933
2026-03-24 10:59:00+00:00,98024.81809195239
2026-03-24 11:59:00+00:00,98032.75643795832
2026-03-24 12:59:00+00:00,98031.35023526706
2026-03-24 13:59:00+00:00,98030.42433801496
2026-03-24 14:59:00+00:00,97927.3598655562
2026-03-24 15:59:00+00:00,97935.11909854448
2026-03-24 16:59:00+00:00,97935.11909854448
2026-03-24 17:59:00+00:00,97935.11909854448
2026-03-24 18:59:00+00:00,97935.11909854448
2026-03-24 19:59:00+00:00,97935.11909854448
2026-03-24 20:59:00+00:00,97935.11909854448
2026-03-24 21:59:00+00:00,97797.85293154744
2026-03-24 22:59:00+00:00,97695.88913598093
2026-03-24 23:59:00+00:00,97681.5703038155
2026-03-25 00:59:00+00:00,97531.61854619498
2026-03-25 01:59:00+00:00,97507.1112592262
2026-03-25 02:59:00+00:00,97507.1112592262
2026-03-25 03:59:00+00:00,97555.25168720148
2026-03-25 04:59:00+00:00,97553.58194958074
2026-03-25 05:59:00+00:00,97551.0640965645
2026-03-25 06:59:00+00:00,97551.0640965645
2026-03-25 07:59:00+00:00,97551.0640965645
2026-03-25 08:59:00+00:00,97551.0640965645
2026-03-25 09:59:00+00:00,97579.19971881372
2026-03-25 10:59:00+00:00,97627.88228145031
2026-03-25 11:59:00+00:00,97625.37349322517
2026-03-25 12:59:00+00:00,97625.37349322517
2026-03-25 13:59:00+00:00,97625.37349322517
2026-03-25 14:59:00+00:00,97625.37349322517
2026-03-25 15:59:00+00:00,97625.37349322517
2026-03-25 16:59:00+00:00,97680.84113679905
2026-03-25 17:59:00+00:00,97702.54296391494
2026-03-25 18:59:00+00:00,97700.57929925952
2026-03-25 19:59:00+00:00,97700.57929925952
2026-03-25 20:59:00+00:00,97700.57929925952
2026-03-25 21:59:00+00:00,97700.57929925952
2026-03-25 22:59:00+00:00,97700.57929925952
2026-03-25 23:59:00+00:00,97700.57929925952
2026-03-26 00:59:00+00:00,97657.2794370603
2026-03-26 01:59:00+00:00,97685.5678099523
2026-03-26 02:59:00+00:00,97679.35058514088
2026-03-26 03:59:00+00:00,97667.45355243071
2026-03-26 04:59:00+00:00,97667.45355243071
2026-03-26 05:59:00+00:00,97667.45355243071
2026-03-26 06:59:00+00:00,97653.92986173817
2026-03-26 07:59:00+00:00,97639.58249923955
2026-03-26 08:59:00+00:00,97640.72803620769
2026-03-26 09:59:00+00:00,97640.72803620769
2026-03-26 10:59:00+00:00,97602.91788819645
2026-03-26 11:59:00+00:00,97626.70050195538
2026-03-26 12:59:00+00:00,97611.69280095394
2026-03-26 13:59:00+00:00,97606.62019801546
2026-03-26 14:59:00+00:00,97620.6331877091
2026-03-26 15:59:00+00:00,97627.55506176742
2026-03-26 16:59:00+00:00,97627.55506176742
2026-03-26 17:59:00+00:00,97627.55506176742
2026-03-26 18:59:00+00:00,97627.55506176742
2026-03-26 19:59:00+00:00,97627.55506176742
2026-03-26 20:59:00+00:00,97627.55506176742
2026-03-26 21:59:00+00:00,97480.14451650855
2026-03-26 22:59:00+00:00,97499.75048346394
2026-03-26 23:59:00+00:00,97506.5945525645
2026-03-27 00:59:00+00:00,97496.94015072432
2026-03-27 01:59:00+00:00,97487.79479984008
2026-03-27 02:59:00+00:00,97487.79479984008
2026-03-27 03:59:00+00:00,97487.79479984008
2026-03-27 04:59:00+00:00,97487.79479984008
2026-03-27 05:59:00+00:00,97465.6638470881
2026-03-27 06:59:00+00:00,97562.56092169837
2026-03-27 07:59:00+00:00,97743.66170365256
2026-03-27 08:59:00+00:00,97601.0357835711
2026-03-27 09:59:00+00:00,97569.24510646224
2026-03-27 10:59:00+00:00,97501.38746953639
2026-03-27 11:59:00+00:00,97535.33370927985
2026-03-27 12:59:00+00:00,97563.65607116159
2026-03-27 13:59:00+00:00,97406.08918689814
2026-03-27 14:59:00+00:00,97342.63851652933
2026-03-27 15:59:00+00:00,97399.8031866778
2026-03-27 16:59:00+00:00,97383.02718704008
2026-03-27 17:59:00+00:00,97383.02718704008
2026-03-27 18:59:00+00:00,97383.02718704008
2026-03-27 19:59:00+00:00,97383.02718704008
2026-03-27 20:59:00+00:00,97383.02718704008
2026-03-27 21:59:00+00:00,97383.02718704008
2026-03-27 22:59:00+00:00,97383.02718704008
2026-03-27 23:59:00+00:00,97383.02718704008
2026-03-28 00:59:00+00:00,97383.02718704008
2026-03-28 01:59:00+00:00,97383.02718704008
2026-03-28 02:59:00+00:00,97383.02718704008
2026-03-28 03:59:00+00:00,97383.02718704008
2026-03-28 04:59:00+00:00,97383.02718704008
2026-03-28 05:59:00+00:00,97383.02718704008
2026-03-28 06:59:00+00:00,97383.02718704008
2026-03-28 07:59:00+00:00,97383.02718704008
2026-03-28 08:59:00+00:00,97383.02718704008
2026-03-28 09:59:00+00:00,97383.02718704008
2026-03-28 10:59:00+00:00,97383.02718704008
2026-03-28 11:59:00+00:00,97383.02718704008
2026-03-28 12:59:00+00:00,97366.82661505448
2026-03-28 13:59:00+00:00,97361.7775585609
2026-03-28 14:59:00+00:00,97312.86068700245
2026-03-28 15:59:00+00:00,97290.22386758406
2026-03-28 16:59:00+00:00,97238.90370305513
2026-03-28 17:59:00+00:00,97198.20037576533
2026-03-28 18:59:00+00:00,97209.43362822213
2026-03-28 19:59:00+00:00,97208.98894411518
2026-03-28 20:59:00+00:00,97208.98894411518
2026-03-28 21:59:00+00:00,97208.98894411518
2026-03-28 22:59:00+00:00,97267.6488721568
2026-03-28 23:59:00+00:00,97170.68229964397
2026-03-29 00:59:00+00:00,97221.93063130994
2026-03-29 01:59:00+00:00,97286.93127872614
2026-03-29 02:59:00+00:00,97333.74563933066
2026-03-29 03:59:00+00:00,97420.50014384442
2026-03-29 04:59:00+00:00,97390.69737572719
2026-03-29 05:59:00+00:00,97382.22195692845
2026-03-29 06:59:00+00:00,97382.22195692845
2026-03-29 07:59:00+00:00,97382.22195692845
2026-03-29 08:59:00+00:00,97322.62884502948
2026-03-29 09:59:00+00:00,97306.070892998
2026-03-29 10:59:00+00:00,97306.56266417334
2026-03-29 11:59:00+00:00,97306.56266417334
2026-03-29 12:59:00+00:00,97306.56266417334
2026-03-29 13:59:00+00:00,97306.56266417334
2026-03-29 14:59:00+00:00,97306.56266417334
2026-03-29 15:59:00+00:00,97286.17645715988
2026-03-29 16:59:00+00:00,97256.18616952095
2026-03-29 17:59:00+00:00,97306.82338625664
2026-03-29 18:59:00+00:00,97291.73922825282
2026-03-29 19:59:00+00:00,97333.32840674907
2026-03-29 20:59:00+00:00,97319.32168860266
2026-03-29 21:59:00+00:00,97370.58852489683
2026-03-29 22:59:00+00:00,97558.63246914584
2026-03-29 23:59:00+00:00,97543.9058538951
2026-03-30 00:59:00+00:00,97572.49655366618
2026-03-30 01:59:00+00:00,97491.19828278852
2026-03-30 02:59:00+00:00,97503.77799736787
2026-03-30 03:59:00+00:00,97496.428947841
2026-03-30 04:59:00+00:00,97499.95465435152
2026-03-30 05:59:00+00:00,97499.95465435152
2026-03-30 06:59:00+00:00,97468.92946378642
2026-03-30 07:59:00+00:00,97466.98200848642
2026-03-30 08:59:00+00:00,97425.43736545024
2026-03-30 09:59:00+00:00,97429.6927099912
2026-03-30 10:59:00+00:00,97411.05102497572
2026-03-30 11:59:00+00:00,97420.59122647975
2026-03-30 12:59:00+00:00,97410.5418643315
2026-03-30 13:59:00+00:00,97419.31583119402
2026-03-30 14:59:00+00:00,97364.76470188191
2026-03-30 15:59:00+00:00,97388.66912933328
2026-03-30 16:59:00+00:00,97424.54093245123
2026-03-30 17:59:00+00:00,97435.8802121397
2026-03-30 18:59:00+00:00,97332.99780301045
2026-03-30 19:59:00+00:00,97282.18427292806
2026-03-30 20:59:00+00:00,97270.57036942735
2026-03-30 21:59:00+00:00,97316.30992018196
2026-03-30 22:59:00+00:00,97364.38476327306
2026-03-30 23:59:00+00:00,97396.5050710894
2026-03-31 00:59:00+00:00,97419.13294476281
2026-03-31 01:59:00+00:00,97414.99865963828
2026-03-31 02:59:00+00:00,97384.35663478117
2026-03-31 03:59:00+00:00,97464.49318125035
2026-03-31 04:59:00+00:00,97409.5840180534
2026-03-31 05:59:00+00:00,97362.20107807542
2026-03-31 06:59:00+00:00,97351.6673135623
2026-03-31 07:59:00+00:00,97351.6673135623
2026-03-31 08:59:00+00:00,97351.6673135623
2026-03-31 09:59:00+00:00,97279.0902918386
2026-03-31 10:59:00+00:00,97254.52221482537
2026-03-31 11:59:00+00:00,97314.50948790158
2026-03-31 12:59:00+00:00,97390.08278627084
2026-03-31 13:59:00+00:00,97631.67041654169
2026-03-31 14:59:00+00:00,97517.98060147725
2026-03-31 15:59:00+00:00,97585.11045574416
2026-03-31 16:59:00+00:00,97670.55588983455
2026-03-31 17:59:00+00:00,97883.50186981389
2026-03-31 18:59:00+00:00,97863.45383721379
2026-03-31 19:59:00+00:00,97853.67011129497
2026-03-31 20:59:00+00:00,97913.04544693374
2026-03-31 21:59:00+00:00,97904.0141091164
2026-03-31 22:59:00+00:00,97877.4809634733
2026-03-31 23:59:00+00:00,97930.48819779606
2026-04-01 00:59:00+00:00,98001.76134656079
2026-04-01 01:59:00+00:00,97996.18022615781
2026-04-01 02:59:00+00:00,98019.87833312331
2026-04-01 03:59:00+00:00,98019.87833312331
2026-04-01 04:59:00+00:00,98122.82266500214
2026-04-01 05:59:00+00:00,97891.43277426077
2026-04-01 06:59:00+00:00,97343.49032402725
2026-04-01 07:59:00+00:00,97444.51627026346
2026-04-01 08:59:00+00:00,97510.48885406242
2026-04-01 09:59:00+00:00,97504.68476283661
2026-04-01 10:59:00+00:00,97513.20423352327
2026-04-01 11:59:00+00:00,97513.20423352327
2026-04-01 12:59:00+00:00,97513.20423352327
2026-04-01 13:59:00+00:00,97513.20423352327
2026-04-01 14:59:00+00:00,97513.20423352327
2026-04-01 15:59:00+00:00,97513.20423352327
2026-04-01 16:59:00+00:00,97513.20423352327
2026-04-01 17:59:00+00:00,97639.46311230838
2026-04-01 18:59:00+00:00,97729.90151491988
2026-04-01 19:59:00+00:00,97707.00571679039
2026-04-01 20:59:00+00:00,97702.7972401362
2026-04-01 21:59:00+00:00,97619.1684278564
2026-04-01 22:59:00+00:00,97536.30925888609
2026-04-01 23:59:00+00:00,97518.40231757725
2026-04-02 00:59:00+00:00,97515.70563197907
2026-04-02 01:59:00+00:00,97947.53151249641
2026-04-02 02:59:00+00:00,98016.81037401459
2026-04-02 03:59:00+00:00,98033.64627452577
2026-04-02 04:59:00+00:00,97999.77424482863
2026-04-02 05:59:00+00:00,98083.34932902365
2026-04-02 06:59:00+00:00,98164.29714357096
2026-04-02 07:59:00+00:00,98128.45960207841
2026-04-02 08:59:00+00:00,98168.73667705632
2026-04-02 09:59:00+00:00,98233.57546006433
2026-04-02 10:59:00+00:00,98225.02446839307
2026-04-02 11:59:00+00:00,98225.02446839307
2026-04-02 12:59:00+00:00,98225.02446839307
2026-04-02 13:59:00+00:00,98225.02446839307
2026-04-02 14:59:00+00:00,98420.64343075629
2026-04-02 15:59:00+00:00,98469.20401410593
2026-04-02 16:59:00+00:00,98498.8257933739
2026-04-02 17:59:00+00:00,98293.8527419874
2026-04-02 18:59:00+00:00,98305.22066156608
2026-04-02 19:59:00+00:00,98288.1997236414
2026-04-02 20:59:00+00:00,98275.56435431524
2026-04-02 21:59:00+00:00,98275.56435431524
2026-04-02 22:59:00+00:00,98275.56435431524
2026-04-02 23:59:00+00:00,98275.56435431524
2026-04-03 00:59:00+00:00,98275.56435431524
2026-04-03 01:59:00+00:00,98275.56435431524
2026-04-03 02:59:00+00:00,98275.56435431524
2026-04-03 03:59:00+00:00,98275.56435431524
2026-04-03 04:59:00+00:00,98257.2377842364
2026-04-03 05:59:00+00:00,98250.81022011141
2026-04-03 06:59:00+00:00,98250.81022011141
2026-04-03 07:59:00+00:00,98250.81022011141
2026-04-03 08:59:00+00:00,98250.81022011141
2026-04-03 09:59:00+00:00,98250.81022011141
2026-04-03 10:59:00+00:00,98250.81022011141
2026-04-03 11:59:00+00:00,98250.81022011141
2026-04-03 12:59:00+00:00,98250.81022011141
2026-04-03 13:59:00+00:00,98250.81022011141
2026-04-03 14:59:00+00:00,98250.81022011141
2026-04-03 15:59:00+00:00,98250.81022011141
2026-04-03 16:59:00+00:00,98250.81022011141
2026-04-03 17:59:00+00:00,98250.81022011141
2026-04-03 18:59:00+00:00,98250.81022011141
2026-04-03 19:59:00+00:00,98250.81022011141
2026-04-03 20:59:00+00:00,98250.81022011141
2026-04-03 21:59:00+00:00,98250.81022011141
2026-04-03 22:59:00+00:00,98250.81022011141
2026-04-03 23:59:00+00:00,98250.81022011141
2026-04-04 00:59:00+00:00,98250.81022011141
2026-04-04 01:59:00+00:00,98250.81022011141
2026-04-04 02:59:00+00:00,98250.81022011141
2026-04-04 03:59:00+00:00,98250.81022011141
2026-04-04 04:59:00+00:00,98250.81022011141
2026-04-04 05:59:00+00:00,98250.81022011141
2026-04-04 06:59:00+00:00,98250.81022011141
2026-04-04 07:59:00+00:00,98250.81022011141
2026-04-04 08:59:00+00:00,98250.81022011141
2026-04-04 09:59:00+00:00,98250.81022011141
2026-04-04 10:59:00+00:00,98250.81022011141
2026-04-04 11:59:00+00:00,98250.81022011141
2026-04-04 12:59:00+00:00,98250.81022011141
2026-04-04 13:59:00+00:00,98250.81022011141
2026-04-04 14:59:00+00:00,98250.81022011141
2026-04-04 15:59:00+00:00,98250.81022011141
2026-04-04 16:59:00+00:00,98250.81022011141
2026-04-04 17:59:00+00:00,98452.39739643362
2026-04-04 18:59:00+00:00,98444.56864661528
2026-04-04 19:59:00+00:00,98389.76739788693
2026-04-04 20:59:00+00:00,98334.96614915859
2026-04-04 21:59:00+00:00,98319.30864952192
2026-04-04 22:59:00+00:00,98309.50705474937
2026-04-04 23:59:00+00:00,98309.50705474937
2026-04-05 00:59:00+00:00,98309.50705474937
2026-04-05 01:59:00+00:00,98309.50705474937
2026-04-05 02:59:00+00:00,98309.50705474937
2026-04-05 03:59:00+00:00,98309.50705474937
2026-04-05 04:59:00+00:00,98309.50705474937
2026-04-05 05:59:00+00:00,98309.50705474937
2026-04-05 06:59:00+00:00,98309.50705474937
2026-04-05 07:59:00+00:00,98309.50705474937
2026-04-05 08:59:00+00:00,98309.50705474937
2026-04-05 09:59:00+00:00,98309.50705474937
2026-04-05 10:59:00+00:00,98309.50705474937
2026-04-05 11:59:00+00:00,98309.50705474937
2026-04-05 12:59:00+00:00,98309.50705474937
2026-04-05 13:59:00+00:00,98331.13503167001
2026-04-05 14:59:00+00:00,98300.68053766743
2026-04-05 15:59:00+00:00,98299.47535440109
2026-04-05 16:59:00+00:00,98297.50754411187
2026-04-05 17:59:00+00:00,98294.69276354088
2026-04-05 18:59:00+00:00,98267.44498724779
2026-04-05 19:59:00+00:00,98310.16395855475
2026-04-05 20:59:00+00:00,98313.16583221416
2026-04-05 21:59:00+00:00,98386.13445347361
2026-04-05 22:59:00+00:00,98373.33030774945
2026-04-05 23:59:00+00:00,98164.11773851942
2026-04-06 00:59:00+00:00,98100.04978129828
2026-04-06 01:59:00+00:00,98094.25984001151
2026-04-06 02:59:00+00:00,98094.25984001151
2026-04-06 03:59:00+00:00,98172.5129314535
2026-04-06 04:59:00+00:00,98169.44074324315
2026-04-06 05:59:00+00:00,98133.17356572249
2026-04-06 06:59:00+00:00,98057.34462228799
2026-04-06 07:59:00+00:00,98047.9958484399
2026-04-06 08:59:00+00:00,98051.30271750048
2026-04-06 09:59:00+00:00,98051.30271750048
2026-04-06 10:59:00+00:00,97983.38886588276
2026-04-06 11:59:00+00:00,97940.43431810844
2026-04-06 12:59:00+00:00,97946.05005267306
2026-04-06 13:59:00+00:00,97946.05005267306
2026-04-06 14:59:00+00:00,97889.06746189072
2026-04-06 15:59:00+00:00,97922.0829843804
2026-04-06 16:59:00+00:00,97897.14767678191
2026-04-06 17:59:00+00:00,97880.61324542761
2026-04-06 18:59:00+00:00,97867.61350472539
2026-04-06 19:59:00+00:00,97875.04590869934
2026-04-06 20:59:00+00:00,97864.51666973624
2026-04-06 21:59:00+00:00,97859.77566311468
2026-04-06 22:59:00+00:00,97779.84099122003
2026-04-06 23:59:00+00:00,97885.89977897696
2026-04-07 00:59:00+00:00,97814.10171859516
2026-04-07 01:59:00+00:00,97721.7456692756
2026-04-07 02:59:00+00:00,97756.2305031629
2026-04-07 03:59:00+00:00,97763.15535525077
2026-04-07 04:59:00+00:00,97762.07955856495
2026-04-07 05:59:00+00:00,97762.07955856495
2026-04-07 06:59:00+00:00,97762.07955856495
2026-04-07 07:59:00+00:00,97762.07955856495
2026-04-07 08:59:00+00:00,97762.07955856495
2026-04-07 09:59:00+00:00,97745.81214772325
2026-04-07 10:59:00+00:00,97868.45758373982
2026-04-07 11:59:00+00:00,97637.2552262854
2026-04-07 12:59:00+00:00,97750.38823092774
2026-04-07 13:59:00+00:00,97780.3038694963
2026-04-07 14:59:00+00:00,97741.52433801853
2026-04-07 15:59:00+00:00,97621.86178374429
2026-04-07 16:59:00+00:00,97628.52702599169
2026-04-07 17:59:00+00:00,97628.52702599169
2026-04-07 18:59:00+00:00,97770.2870171762
2026-04-07 19:59:00+00:00,97427.94017916251
2026-04-07 20:59:00+00:00,97395.63500334407
2026-04-07 21:59:00+00:00,97312.88773806271
2026-04-07 22:59:00+00:00,96434.11022647725
2026-04-07 23:59:00+00:00,96421.07075474018
2026-04-08 00:59:00+00:00,96037.8342378492
2026-04-08 01:59:00+00:00,96165.86384316663
2026-04-08 02:59:00+00:00,96075.52103345706
2026-04-08 03:59:00+00:00,96081.19092150487
2026-04-08 04:59:00+00:00,96184.43799780728
2026-04-08 05:59:00+00:00,96287.56974710897
2026-04-08 06:59:00+00:00,96239.08259346087
2026-04-08 07:59:00+00:00,96002.00525351884
2026-04-08 08:59:00+00:00,95954.74804586552
2026-04-08 09:59:00+00:00,95929.0019028496
2026-04-08 10:59:00+00:00,96020.65817198623
2026-04-08 11:59:00+00:00,96039.6560861842
2026-04-08 12:59:00+00:00,96180.25215623321
2026-04-08 13:59:00+00:00,96180.25215623321
2026-04-08 14:59:00+00:00,96103.1979344871
2026-04-08 15:59:00+00:00,96335.5547024721
2026-04-08 16:59:00+00:00,96311.20009006513
2026-04-08 17:59:00+00:00,96388.77837990591
2026-04-08 18:59:00+00:00,96233.52445294069
2026-04-08 19:59:00+00:00,96264.58258029216
2026-04-08 20:59:00+00:00,96281.33539661586
2026-04-08 21:59:00+00:00,96277.46729234229
2026-04-08 22:59:00+00:00,96277.46729234229
2026-04-08 23:59:00+00:00,96277.46729234229
2026-04-09 00:59:00+00:00,96277.46729234229
2026-04-09 01:59:00+00:00,96277.46729234229
2026-04-09 02:59:00+00:00,96277.46729234229
2026-04-09 03:59:00+00:00,96277.46729234229
2026-04-09 04:59:00+00:00,96277.46729234229
2026-04-09 05:59:00+00:00,96277.46729234229
2026-04-09 06:59:00+00:00,96277.46729234229
2026-04-09 07:59:00+00:00,96277.46729234229
2026-04-09 08:59:00+00:00,96277.46729234229
2026-04-09 09:59:00+00:00,96277.46729234229
2026-04-09 10:59:00+00:00,96277.46729234229
2026-04-09 11:59:00+00:00,96277.46729234229
2026-04-09 12:59:00+00:00,96277.46729234229
2026-04-09 13:59:00+00:00,96277.46729234229
2026-04-09 14:59:00+00:00,96296.56122816175
2026-04-09 15:59:00+00:00,96189.52206306
2026-04-09 16:59:00+00:00,96425.53924626183
2026-04-09 17:59:00+00:00,96427.61493440307
2026-04-09 18:59:00+00:00,96484.07503606957
2026-04-09 19:59:00+00:00,96449.25922757904
2026-04-09 20:59:00+00:00,96444.5141346125
2026-04-09 21:59:00+00:00,96444.5141346125
2026-04-09 22:59:00+00:00,96454.65553479278
2026-04-09 23:59:00+00:00,96458.27673056755
2026-04-10 00:59:00+00:00,96472.70140918088
2026-04-10 01:59:00+00:00,96432.9303946371
2026-04-10 02:59:00+00:00,96432.9303946371
2026-04-10 03:59:00+00:00,96432.9303946371
2026-04-10 04:59:00+00:00,96432.9303946371
2026-04-10 05:59:00+00:00,96452.17040498674
2026-04-10 06:59:00+00:00,96450.24386345745
2026-04-10 07:59:00+00:00,96405.34831564574
2026-04-10 08:59:00+00:00,96391.91618489314
2026-04-10 09:59:00+00:00,96391.91618489314
2026-04-10 10:59:00+00:00,96453.07843303472
2026-04-10 11:59:00+00:00,96488.13003892014
2026-04-10 12:59:00+00:00,96502.1506812743
2026-04-10 13:59:00+00:00,96521.71358423143
2026-04-10 14:59:00+00:00,96509.8772981775
2026-04-10 15:59:00+00:00,96737.42399383716
2026-04-10 16:59:00+00:00,96693.15691742722
2026-04-10 17:59:00+00:00,96705.8032496872
2026-04-10 18:59:00+00:00,96676.18380449146
2026-04-10 19:59:00+00:00,96552.3867256608
2026-04-10 20:59:00+00:00,96565.13529955162
2026-04-10 21:59:00+00:00,96580.92508963514
2026-04-10 22:59:00+00:00,96601.3946955248
2026-04-10 23:59:00+00:00,96588.84603786255
2026-04-11 00:59:00+00:00,96579.68041300347
2026-04-11 01:59:00+00:00,96579.68041300347
2026-04-11 02:59:00+00:00,96579.68041300347
2026-04-11 03:59:00+00:00,96579.68041300347
2026-04-11 04:59:00+00:00,96597.2162971514
2026-04-11 05:59:00+00:00,96613.64193017808
2026-04-11 06:59:00+00:00,96614.85864373563
2026-04-11 07:59:00+00:00,96612.91968901035
2026-04-11 08:59:00+00:00,96612.91968901035
2026-04-11 09:59:00+00:00,96612.91968901035
2026-04-11 10:59:00+00:00,96612.91968901035
2026-04-11 11:59:00+00:00,96612.91968901035
2026-04-11 12:59:00+00:00,96612.91968901035
2026-04-11 13:59:00+00:00,96612.91968901035
2026-04-11 14:59:00+00:00,96612.91968901035
2026-04-11 15:59:00+00:00,96612.91968901035
2026-04-11 16:59:00+00:00,96612.91968901035
2026-04-11 17:59:00+00:00,96612.91968901035
2026-04-11 18:59:00+00:00,96612.91968901035
2026-04-11 19:59:00+00:00,96499.60870934786
2026-04-11 20:59:00+00:00,96588.3552943332
2026-04-11 21:59:00+00:00,96607.32081813172
2026-04-11 22:59:00+00:00,96586.908049657
2026-04-11 23:59:00+00:00,96536.50067197725
2026-04-12 00:59:00+00:00,96538.69144962203
2026-04-12 01:59:00+00:00,96258.57105139
2026-04-12 02:59:00+00:00,96319.22317653603
2026-04-12 03:59:00+00:00,96289.75994457035
2026-04-12 04:59:00+00:00,96278.11808513643
2026-04-12 05:59:00+00:00,96273.47564742561
2026-04-12 06:59:00+00:00,96267.70032605724
2026-04-12 07:59:00+00:00,96272.34426534883
2026-04-12 08:59:00+00:00,96272.34426534883
2026-04-12 09:59:00+00:00,96272.34426534883
2026-04-12 10:59:00+00:00,96272.34426534883
2026-04-12 11:59:00+00:00,96272.34426534883
2026-04-12 12:59:00+00:00,96272.34426534883
2026-04-12 13:59:00+00:00,96272.34426534883
2026-04-12 14:59:00+00:00,96272.34426534883
2026-04-12 15:59:00+00:00,96272.34426534883
2026-04-12 16:59:00+00:00,96272.34426534883
2026-04-12 17:59:00+00:00,96272.34426534883
2026-04-12 18:59:00+00:00,96272.34426534883
2026-04-12 19:59:00+00:00,96272.34426534883
2026-04-12 20:59:00+00:00,96272.34426534883
2026-04-12 21:59:00+00:00,96272.34426534883
2026-04-12 22:59:00+00:00,96272.34426534883
2026-04-12 23:59:00+00:00,96272.34426534883
2026-04-13 00:59:00+00:00,96272.34426534883
2026-04-13 01:59:00+00:00,96259.6327858983
2026-04-13 02:59:00+00:00,96244.55565917982
2026-04-13 03:59:00+00:00,96303.71206041564
2026-04-13 04:59:00+00:00,96301.77726177467
2026-04-13 05:59:00+00:00,96251.10708614367
2026-04-13 06:59:00+00:00,96340.50114098583
2026-04-13 07:59:00+00:00,96376.83783252073
2026-04-13 08:59:00+00:00,96356.0121397714
2026-04-13 09:59:00+00:00,96118.05216539014
2026-04-13 10:59:00+00:00,96221.85604747893
2026-04-13 11:59:00+00:00,96166.32838111525
2026-04-13 12:59:00+00:00,96164.41545300902
2026-04-13 13:59:00+00:00,96157.69189437504
2026-04-13 14:59:00+00:00,96114.41813062724
2026-04-13 15:59:00+00:00,96139.4185055104
2026-04-13 16:59:00+00:00,96112.38399921414
2026-04-13 17:59:00+00:00,96162.4262678926
2026-04-13 18:59:00+00:00,96162.29412635851
2026-04-13 19:59:00+00:00,96154.93596559475
2026-04-13 20:59:00+00:00,96340.5745079957
2026-04-13 21:59:00+00:00,96139.90852443103
2026-04-13 22:59:00+00:00,95805.54091978577
2026-04-13 23:59:00+00:00,95722.0238420661
2026-04-14 00:59:00+00:00,95826.74700706112
2026-04-14 01:59:00+00:00,95934.51475070721
2026-04-14 02:59:00+00:00,95911.89093060813
2026-04-14 03:59:00+00:00,95974.6595421848
2026-04-14 04:59:00+00:00,95855.77959601686
2026-04-14 05:59:00+00:00,95781.59850960805
2026-04-14 06:59:00+00:00,95795.87190167268
2026-04-14 07:59:00+00:00,95795.87190167268
2026-04-14 08:59:00+00:00,95795.87190167268
2026-04-14 09:59:00+00:00,95795.87190167268
2026-04-14 10:59:00+00:00,95795.87190167268
2026-04-14 11:59:00+00:00,95795.87190167268
2026-04-14 12:59:00+00:00,95795.87190167268
2026-04-14 13:59:00+00:00,95795.87190167268
2026-04-14 14:59:00+00:00,96148.48504377605
2026-04-14 15:59:00+00:00,96217.87643005615
2026-04-14 16:59:00+00:00,96258.6172159741
2026-04-14 17:59:00+00:00,96247.55533309345
2026-04-14 18:59:00+00:00,96347.14865983328
2026-04-14 19:59:00+00:00,96352.5338010461
2026-04-14 20:59:00+00:00,96351.55641876782
2026-04-14 21:59:00+00:00,96351.55641876782
2026-04-14 22:59:00+00:00,96351.55641876782
2026-04-14 23:59:00+00:00,96351.55641876782
2026-04-15 00:59:00+00:00,96351.55641876782
2026-04-15 01:59:00+00:00,96351.55641876782
2026-04-15 02:59:00+00:00,96351.55641876782
2026-04-15 03:59:00+00:00,96351.55641876782
2026-04-15 04:59:00+00:00,96351.55641876782
2026-04-15 05:59:00+00:00,96351.55641876782
2026-04-15 06:59:00+00:00,96351.55641876782
2026-04-15 07:59:00+00:00,96351.55641876782
2026-04-15 08:59:00+00:00,96351.55641876782
2026-04-15 09:59:00+00:00,96337.61164068973
2026-04-15 10:59:00+00:00,96323.15011907148
2026-04-15 11:59:00+00:00,96319.2114680375
2026-04-15 12:59:00+00:00,96319.2114680375
2026-04-15 13:59:00+00:00,96331.72813158786
2026-04-15 14:59:00+00:00,96332.31763652372
2026-04-15 15:59:00+00:00,96118.01166989446
2026-04-15 16:59:00+00:00,96217.1608702
2026-04-15 17:59:00+00:00,96270.12335978218
2026-04-15 18:59:00+00:00,96389.84673021272
2026-04-15 19:59:00+00:00,96372.02319832928
2026-04-15 20:59:00+00:00,96372.02319832928
2026-04-15 21:59:00+00:00,96382.61296558316
2026-04-15 22:59:00+00:00,96394.29345893508
2026-04-15 23:59:00+00:00,96394.29345893508
2026-04-16 00:59:00+00:00,96394.29345893508
2026-04-16 01:59:00+00:00,96394.29345893508
2026-04-16 02:59:00+00:00,96394.29345893508
2026-04-16 03:59:00+00:00,96087.1787913739
2026-04-16 04:59:00+00:00,95740.46126271211
2026-04-16 05:59:00+00:00,95649.48826739687
2026-04-16 06:59:00+00:00,95611.09190413321
2026-04-16 07:59:00+00:00,95725.63400737787
2026-04-16 08:59:00+00:00,95785.03059070406
2026-04-16 09:59:00+00:00,95868.70902971867
2026-04-16 10:59:00+00:00,95876.62939477465
2026-04-16 11:59:00+00:00,96093.42678911574
2026-04-16 12:59:00+00:00,96044.15465403823
2026-04-16 13:59:00+00:00,96092.61845002961
2026-04-16 14:59:00+00:00,96101.59739191891
2026-04-16 15:59:00+00:00,96527.5583293895
2026-04-16 16:59:00+00:00,96487.24008081148
2026-04-16 17:59:00+00:00,96442.72721048375
2026-04-16 18:59:00+00:00,96347.32722382405
2026-04-16 19:59:00+00:00,96149.588014236
2026-04-16 20:59:00+00:00,96299.53958016197
2026-04-16 21:59:00+00:00,96307.13199018456
2026-04-16 22:59:00+00:00,96237.89343762939
2026-04-16 23:59:00+00:00,96266.37899942683
2026-04-17 00:59:00+00:00,96259.01328306046
2026-04-17 01:59:00+00:00,96289.92761381427
2026-04-17 02:59:00+00:00,96339.68698180844
2026-04-17 03:59:00+00:00,96375.6831203574
2026-04-17 04:59:00+00:00,96384.15280001599
2026-04-17 05:59:00+00:00,96382.04020781875
2026-04-17 06:59:00+00:00,96382.04020781875
2026-04-17 07:59:00+00:00,96088.53168240184
2026-04-17 08:59:00+00:00,95938.33194561687
2026-04-17 09:59:00+00:00,95819.98560991795
2026-04-17 10:59:00+00:00,95973.80493915844
2026-04-17 11:59:00+00:00,95849.42443478388
2026-04-17 12:59:00+00:00,95935.04385319346
2026-04-17 13:59:00+00:00,96080.56370183767
2026-04-17 14:59:00+00:00,96007.39388223122
2026-04-17 15:59:00+00:00,95904.94340811808
2026-04-17 16:59:00+00:00,95920.14424123283
2026-04-17 17:59:00+00:00,96047.66497259271
2026-04-17 18:59:00+00:00,96184.02268310773
2026-04-17 19:59:00+00:00,96209.79414214761
2026-04-17 20:59:00+00:00,96228.02136128239
2026-04-17 21:59:00+00:00,96181.09073629578
2026-04-17 22:59:00+00:00,96175.85846852227
2026-04-17 23:59:00+00:00,96175.85846852227
2026-04-18 00:59:00+00:00,96175.85846852227
2026-04-18 01:59:00+00:00,96175.85846852227
2026-04-18 02:59:00+00:00,96175.85846852227
2026-04-18 03:59:00+00:00,96175.85846852227
2026-04-18 04:59:00+00:00,96175.85846852227
2026-04-18 05:59:00+00:00,96175.85846852227
2026-04-18 06:59:00+00:00,96175.85846852227
2026-04-18 07:59:00+00:00,96175.85846852227
2026-04-18 08:59:00+00:00,96175.85846852227
2026-04-18 09:59:00+00:00,96057.55254970644
2026-04-18 10:59:00+00:00,95999.56223600464
2026-04-18 11:59:00+00:00,95990.40286465638
2026-04-18 12:59:00+00:00,95990.40286465638
2026-04-18 13:59:00+00:00,95968.69313509249
2026-04-18 14:59:00+00:00,95963.60470520802
2026-04-18 15:59:00+00:00,95965.07130377696
2026-04-18 16:59:00+00:00,95965.07130377696
2026-04-18 17:59:00+00:00,95965.07130377696
2026-04-18 18:59:00+00:00,95965.07130377696
2026-04-18 19:59:00+00:00,95828.35296790517
2026-04-18 20:59:00+00:00,95996.35269419993
2026-04-18 21:59:00+00:00,96182.9340010893
2026-04-18 22:59:00+00:00,95863.13925696853
2026-04-18 23:59:00+00:00,95641.87918264726
2026-04-19 00:59:00+00:00,95639.09720246328
2026-04-19 01:59:00+00:00,95639.09720246328
2026-04-19 02:59:00+00:00,95639.09720246328
2026-04-19 03:59:00+00:00,95639.09720246328
2026-04-19 04:59:00+00:00,95639.09720246328
2026-04-19 05:59:00+00:00,95639.09720246328
2026-04-19 06:59:00+00:00,95639.09720246328
2026-04-19 07:59:00+00:00,95639.09720246328
2026-04-19 08:59:00+00:00,95639.09720246328
2026-04-19 09:59:00+00:00,95671.00369167558
2026-04-19 10:59:00+00:00,95718.29727826834
2026-04-19 11:59:00+00:00,95762.15133129072
2026-04-19 12:59:00+00:00,95925.93990118227
2026-04-19 13:59:00+00:00,95976.03039697417
2026-04-19 14:59:00+00:00,95930.27401690622
2026-04-19 15:59:00+00:00,95864.35202562022
2026-04-19 16:59:00+00:00,95839.30362879638
2026-04-19 17:59:00+00:00,95837.35808787822
2026-04-19 18:59:00+00:00,95807.30988720678
2026-04-19 19:59:00+00:00,95802.50305987956
2026-04-19 20:59:00+00:00,95763.98992152666
2026-04-19 21:59:00+00:00,95743.87111790947
2026-04-19 22:59:00+00:00,95730.65018981817
2026-04-19 23:59:00+00:00,95727.60770937058
2026-04-20 00:59:00+00:00,95727.60770937058
2026-04-20 01:59:00+00:00,95687.80271766204
2026-04-20 02:59:00+00:00,95700.32696951274
2026-04-20 03:59:00+00:00,95670.29633598328
2026-04-20 04:59:00+00:00,95670.29633598328
2026-04-20 05:59:00+00:00,95670.29633598328
2026-04-20 06:59:00+00:00,95670.29633598328
2026-04-20 07:59:00+00:00,95667.00340668841
2026-04-20 08:59:00+00:00,95659.30550715713
2026-04-20 09:59:00+00:00,95659.30550715713
2026-04-20 10:59:00+00:00,95659.30550715713
2026-04-20 11:59:00+00:00,95659.30550715713
2026-04-20 12:59:00+00:00,95659.30550715713
2026-04-20 13:59:00+00:00,95659.30550715713
2026-04-20 14:59:00+00:00,95659.30550715713
2026-04-20 15:59:00+00:00,95659.30550715713
2026-04-20 16:59:00+00:00,95684.02120461522
2026-04-20 17:59:00+00:00,95676.5652961579
2026-04-20 18:59:00+00:00,95568.60278668496
2026-04-20 19:59:00+00:00,95634.02076504251
2026-04-20 20:59:00+00:00,95646.77172692577
2026-04-20 21:59:00+00:00,95611.8451791586
2026-04-20 22:59:00+00:00,95601.60050199195
2026-04-20 23:59:00+00:00,95565.0818443222
2026-04-21 00:59:00+00:00,95692.04731581715
2026-04-21 01:59:00+00:00,95699.38918310749
2026-04-21 02:59:00+00:00,95701.65677126202
2026-04-21 03:59:00+00:00,95701.65677126202
2026-04-21 04:59:00+00:00,95701.65677126202
2026-04-21 05:59:00+00:00,95701.65677126202
2026-04-21 06:59:00+00:00,95701.65677126202
2026-04-21 07:59:00+00:00,95680.16687457169
2026-04-21 08:59:00+00:00,95718.95270638427
2026-04-21 09:59:00+00:00,95845.71669284631
2026-04-21 10:59:00+00:00,95898.93121709302
2026-04-21 11:59:00+00:00,95741.39478414625
2026-04-21 12:59:00+00:00,95603.28101683132
2026-04-21 13:59:00+00:00,95584.55851438016
2026-04-21 14:59:00+00:00,95491.17213217352
2026-04-21 15:59:00+00:00,95479.74648270824
2026-04-21 16:59:00+00:00,95479.74648270824
2026-04-21 17:59:00+00:00,95479.74648270824
2026-04-21 18:59:00+00:00,95479.74648270824
2026-04-21 19:59:00+00:00,95479.74648270824
2026-04-21 20:59:00+00:00,95548.20794666631
2026-04-21 21:59:00+00:00,95638.05262256323
2026-04-21 22:59:00+00:00,95645.19465560252
2026-04-21 23:59:00+00:00,95645.4298039259
2026-04-22 00:59:00+00:00,95639.19138824457
2026-04-22 01:59:00+00:00,95642.04266220408
2026-04-22 02:59:00+00:00,95642.04266220408
2026-04-22 03:59:00+00:00,95647.27345851946
2026-04-22 04:59:00+00:00,95635.25077744585
2026-04-22 05:59:00+00:00,95578.81608024205
2026-04-22 06:59:00+00:00,95514.70788441777
2026-04-22 07:59:00+00:00,95483.99079845045
2026-04-22 08:59:00+00:00,95409.86543820467
2026-04-22 09:59:00+00:00,95479.08526288616
2026-04-22 10:59:00+00:00,95445.60505094823
2026-04-22 11:59:00+00:00,95447.77892316337
2026-04-22 12:59:00+00:00,95402.51407377576
2026-04-22 13:59:00+00:00,95345.29947285584
2026-04-22 14:59:00+00:00,95296.18155653443
2026-04-22 15:59:00+00:00,95366.82383843351
2026-04-22 16:59:00+00:00,95438.23400345839
2026-04-22 17:59:00+00:00,95423.35867758762
2026-04-22 18:59:00+00:00,95403.36791024354
2026-04-22 19:59:00+00:00,95403.36791024354
2026-04-22 20:59:00+00:00,95403.36791024354
2026-04-22 21:59:00+00:00,95403.36791024354
2026-04-22 22:59:00+00:00,95403.36791024354
2026-04-22 23:59:00+00:00,95403.36791024354
2026-04-23 00:59:00+00:00,95387.99006319426
2026-04-23 01:59:00+00:00,95379.85269913469
2026-04-23 02:59:00+00:00,95379.85269913469
2026-04-23 03:59:00+00:00,95379.85269913469
2026-04-23 04:59:00+00:00,95379.85269913469
2026-04-23 05:59:00+00:00,95379.85269913469
2026-04-23 06:59:00+00:00,95379.85269913469
2026-04-23 07:59:00+00:00,95379.85269913469
2026-04-23 08:59:00+00:00,95379.85269913469
2026-04-23 09:59:00+00:00,95379.85269913469
2026-04-23 10:59:00+00:00,95379.85269913469
2026-04-23 11:59:00+00:00,95379.85269913469
2026-04-23 12:59:00+00:00,95405.41092892204
2026-04-23 13:59:00+00:00,95389.77110512738
2026-04-23 14:59:00+00:00,95389.77110512738
2026-04-23 15:59:00+00:00,95389.77110512738
2026-04-23 16:59:00+00:00,95389.77110512738
2026-04-23 17:59:00+00:00,95389.77110512738
2026-04-23 18:59:00+00:00,95361.34264703371
2026-04-23 19:59:00+00:00,95361.52029468979
2026-04-23 20:59:00+00:00,95361.52029468979
2026-04-23 21:59:00+00:00,95361.52029468979
2026-04-23 22:59:00+00:00,95361.52029468979
2026-04-23 23:59:00+00:00,95361.52029468979
2026-04-24 00:59:00+00:00,95361.52029468979
2026-04-24 01:59:00+00:00,95361.52029468979
2026-04-24 02:59:00+00:00,95361.52029468979
2026-04-24 03:59:00+00:00,95361.52029468979
2026-04-24 04:59:00+00:00,95361.52029468979
2026-04-24 05:59:00+00:00,95361.52029468979
2026-04-24 06:59:00+00:00,95361.52029468979
2026-04-24 07:59:00+00:00,95361.52029468979
2026-04-24 08:59:00+00:00,95361.52029468979
2026-04-24 09:59:00+00:00,95361.52029468979
2026-04-24 10:59:00+00:00,95361.52029468979
2026-04-24 11:59:00+00:00,95361.52029468979
2026-04-24 12:59:00+00:00,95361.52029468979
2026-04-24 13:59:00+00:00,95361.52029468979
2026-04-24 14:59:00+00:00,95361.52029468979
2026-04-24 15:59:00+00:00,95361.52029468979
2026-04-24 16:59:00+00:00,95430.61122222336
2026-04-24 17:59:00+00:00,95424.94159537183
2026-04-24 18:59:00+00:00,95437.68587474889
2026-04-24 19:59:00+00:00,95439.75064240121
2026-04-24 20:59:00+00:00,95417.9230986481
2026-04-24 21:59:00+00:00,95414.24598343276
2026-04-24 22:59:00+00:00,95414.24598343276
2026-04-24 23:59:00+00:00,95414.24598343276
2026-04-25 00:59:00+00:00,95414.24598343276
2026-04-25 01:59:00+00:00,95414.24598343276
2026-04-25 02:59:00+00:00,95414.24598343276
2026-04-25 03:59:00+00:00,95414.24598343276
2026-04-25 04:59:00+00:00,95414.24598343276
2026-04-25 05:59:00+00:00,95414.24598343276
2026-04-25 06:59:00+00:00,95414.24598343276
2026-04-25 07:59:00+00:00,95414.24598343276
2026-04-25 08:59:00+00:00,95414.24598343276
2026-04-25 09:59:00+00:00,95414.24598343276
2026-04-25 10:59:00+00:00,95414.24598343276
2026-04-25 11:59:00+00:00,95414.24598343276
2026-04-25 12:59:00+00:00,95414.24598343276
2026-04-25 13:59:00+00:00,95414.24598343276
2026-04-25 14:59:00+00:00,95414.24598343276
2026-04-25 15:59:00+00:00,95414.24598343276
2026-04-25 16:59:00+00:00,95414.24598343276
2026-04-25 17:59:00+00:00,95414.24598343276
2026-04-25 18:59:00+00:00,95414.24598343276
2026-04-25 19:59:00+00:00,95414.24598343276
2026-04-25 20:59:00+00:00,95414.24598343276
2026-04-25 21:59:00+00:00,95414.24598343276
2026-04-25 22:59:00+00:00,95414.24598343276
2026-04-25 23:59:00+00:00,95414.24598343276
2026-04-26 00:59:00+00:00,95414.24598343276
2026-04-26 01:59:00+00:00,95414.24598343276
2026-04-26 02:59:00+00:00,95414.24598343276
2026-04-26 03:59:00+00:00,95414.24598343276
2026-04-26 04:59:00+00:00,95414.24598343276
2026-04-26 05:59:00+00:00,95414.24598343276
2026-04-26 06:59:00+00:00,95414.24598343276
2026-04-26 07:59:00+00:00,95414.24598343276
2026-04-26 08:59:00+00:00,95414.24598343276
2026-04-26 09:59:00+00:00,95414.24598343276
2026-04-26 10:59:00+00:00,95414.24598343276
2026-04-26 11:59:00+00:00,95414.24598343276
2026-04-26 12:59:00+00:00,95414.24598343276
2026-04-26 13:59:00+00:00,95420.62780233195
2026-04-26 14:59:00+00:00,95409.38851206364
2026-04-26 15:59:00+00:00,95409.38851206364
2026-04-26 16:59:00+00:00,95409.38851206364
2026-04-26 17:59:00+00:00,95409.38851206364
2026-04-26 18:59:00+00:00,95409.38851206364
2026-04-26 19:59:00+00:00,95409.38851206364
2026-04-26 20:59:00+00:00,95409.38851206364
2026-04-26 21:59:00+00:00,95409.38851206364
2026-04-26 22:59:00+00:00,95409.38851206364
2026-04-26 23:59:00+00:00,95409.38851206364
2026-04-27 00:59:00+00:00,95409.38851206364
2026-04-27 01:59:00+00:00,95431.77518293222
2026-04-27 02:59:00+00:00,95483.97932008628
2026-04-27 03:59:00+00:00,95534.81927018208
2026-04-27 04:59:00+00:00,95590.50028469654
2026-04-27 05:59:00+00:00,95912.71768000796
2026-04-27 06:59:00+00:00,95899.72350570474
2026-04-27 07:59:00+00:00,95894.34879700388
2026-04-27 08:59:00+00:00,95894.34879700388
2026-04-27 09:59:00+00:00,95886.5753314577
2026-04-27 10:59:00+00:00,95901.21867088512
2026-04-27 11:59:00+00:00,95901.25713405668
2026-04-27 12:59:00+00:00,95901.25713405668
2026-04-27 13:59:00+00:00,95901.25713405668
2026-04-27 14:59:00+00:00,95901.25713405668
2026-04-27 15:59:00+00:00,96042.25842683484
2026-04-27 16:59:00+00:00,96133.19598926442
2026-04-27 17:59:00+00:00,96167.7649080963
2026-04-27 18:59:00+00:00,96157.05305788213
2026-04-27 19:59:00+00:00,96178.6136131373
2026-04-27 20:59:00+00:00,96182.21693447513
2026-04-27 21:59:00+00:00,96182.21693447513
2026-04-27 22:59:00+00:00,96182.21693447513
2026-04-27 23:59:00+00:00,96182.21693447513
2026-04-28 00:59:00+00:00,96182.21693447513
2026-04-28 01:59:00+00:00,96182.21693447513
2026-04-28 02:59:00+00:00,96182.21693447513
2026-04-28 03:59:00+00:00,96182.21693447513
2026-04-28 04:59:00+00:00,96182.21693447513
2026-04-28 05:59:00+00:00,96182.21693447513
2026-04-28 06:59:00+00:00,96182.21693447513
2026-04-28 07:59:00+00:00,96191.89432142816
2026-04-28 08:59:00+00:00,96180.3064379719
2026-04-28 09:59:00+00:00,96180.3064379719
2026-04-28 10:59:00+00:00,96180.3064379719
2026-04-28 11:59:00+00:00,96180.3064379719
2026-04-28 12:59:00+00:00,96180.3064379719
2026-04-28 13:59:00+00:00,96180.3064379719
2026-04-28 14:59:00+00:00,96180.3064379719
2026-04-28 15:59:00+00:00,96180.3064379719
2026-04-28 16:59:00+00:00,96189.81543525435
2026-04-28 17:59:00+00:00,96185.5065508942
2026-04-28 18:59:00+00:00,96217.37995604581
2026-04-28 19:59:00+00:00,96224.60069977239
2026-04-28 20:59:00+00:00,96226.37285017104
2026-04-28 21:59:00+00:00,96223.73852868126
2026-04-28 22:59:00+00:00,96223.73852868126
2026-04-28 23:59:00+00:00,96223.73852868126
2026-04-29 00:59:00+00:00,96223.73852868126
2026-04-29 01:59:00+00:00,96223.73852868126
2026-04-29 02:59:00+00:00,96220.9154909192
2026-04-29 03:59:00+00:00,96218.99029801636
2026-04-29 04:59:00+00:00,96036.27877538514
2026-04-29 05:59:00+00:00,96053.14032230555
2026-04-29 06:59:00+00:00,96098.01889334033
2026-04-29 07:59:00+00:00,96087.73908668455
2026-04-29 08:59:00+00:00,96039.53219414194
2026-04-29 09:59:00+00:00,95806.21938646625
2026-04-29 10:59:00+00:00,95775.84501649285
2026-04-29 11:59:00+00:00,95709.48790417897
2026-04-29 12:59:00+00:00,95676.5586618002
2026-04-29 13:59:00+00:00,95672.17269018824
2026-04-29 14:59:00+00:00,95672.67450286851
2026-04-29 15:59:00+00:00,95992.14462230618
2026-04-29 16:59:00+00:00,96048.28722843927
2026-04-29 17:59:00+00:00,96117.3949731638
2026-04-29 18:59:00+00:00,96236.06262085108
2026-04-29 19:59:00+00:00,96327.66445020221
2026-04-29 20:59:00+00:00,96340.3178356238
2026-04-29 21:59:00+00:00,96246.41436417775
2026-04-29 22:59:00+00:00,96219.04845372707
2026-04-29 23:59:00+00:00,96218.73732474759
2026-04-30 00:59:00+00:00,96129.70756434472
2026-04-30 01:59:00+00:00,96263.08106795361
2026-04-30 02:59:00+00:00,96386.33359265304
2026-04-30 03:59:00+00:00,96283.04829526825
2026-04-30 04:59:00+00:00,96429.08035396352
2026-04-30 05:59:00+00:00,96374.22235452184
2026-04-30 06:59:00+00:00,96404.43957634715
2026-04-30 07:59:00+00:00,96445.50335505883
2026-04-30 08:59:00+00:00,96442.84886475856
2026-04-30 09:59:00+00:00,96437.69684529884
2026-04-30 10:59:00+00:00,96437.69684529884
2026-04-30 11:59:00+00:00,96437.69684529884
2026-04-30 12:59:00+00:00,96437.69684529884
2026-04-30 13:59:00+00:00,96437.69684529884
2026-04-30 14:59:00+00:00,96437.69684529884
2026-04-30 15:59:00+00:00,96437.69684529884
2026-04-30 16:59:00+00:00,96488.12102664569
2026-04-30 17:59:00+00:00,96499.19982679686
2026-04-30 18:59:00+00:00,96484.46471847188
2026-04-30 19:59:00+00:00,96484.46471847188
2026-04-30 20:59:00+00:00,96484.46471847188
2026-04-30 21:59:00+00:00,96484.46471847188
2026-04-30 22:59:00+00:00,96484.46471847188
2026-04-30 23:59:00+00:00,96484.46471847188
2026-05-01 00:00:00+00:00,96484.46471847188
2026-05-01 00:59:00+00:00,96484.46471847188
2026-05-01 01:59:00+00:00,96484.46471847188
2026-05-01 02:59:00+00:00,96484.46471847188
2026-05-01 03:59:00+00:00,96484.46471847188
2026-05-01 04:59:00+00:00,96484.46471847188
2026-05-01 05:59:00+00:00,96484.46471847188
2026-05-01 06:59:00+00:00,96484.46471847188
2026-05-01 07:59:00+00:00,96484.46471847188
2026-05-01 08:59:00+00:00,96484.46471847188
2026-05-01 09:59:00+00:00,96484.46471847188
2026-05-01 10:59:00+00:00,96484.46471847188
2026-05-01 11:59:00+00:00,96484.46471847188
2026-05-01 12:59:00+00:00,96484.46471847188
2026-05-01 13:59:00+00:00,96484.46471847188
2026-05-01 14:59:00+00:00,96649.17499211576
2026-05-01 15:59:00+00:00,96657.1332369405
2026-05-01 16:59:00+00:00,96603.95561984561
2026-05-01 17:59:00+00:00,96589.40097327935
2026-05-01 18:59:00+00:00,96583.87399938758
2026-05-01 19:59:00+00:00,96574.47555930514
2026-05-01 20:59:00+00:00,96580.01662022801
2026-05-01 21:59:00+00:00,96580.01662022801
2026-05-01 22:59:00+00:00,96580.01662022801
2026-05-01 23:59:00+00:00,96580.01662022801
2026-05-02 00:59:00+00:00,96580.01662022801
2026-05-02 01:59:00+00:00,96580.01662022801
2026-05-02 02:59:00+00:00,96580.01662022801
2026-05-02 03:59:00+00:00,96580.01662022801
2026-05-02 04:59:00+00:00,96580.01662022801
2026-05-02 05:59:00+00:00,96580.01662022801
2026-05-02 06:59:00+00:00,96580.01662022801
2026-05-02 07:59:00+00:00,96580.01662022801
2026-05-02 08:59:00+00:00,96580.01662022801
2026-05-02 09:59:00+00:00,96580.01662022801
2026-05-02 10:59:00+00:00,96580.01662022801
2026-05-02 11:59:00+00:00,96580.01662022801
2026-05-02 12:59:00+00:00,96604.13285611656
2026-05-02 13:59:00+00:00,96630.17940464296
2026-05-02 14:59:00+00:00,96633.39864097768
2026-05-02 15:59:00+00:00,96650.95811189436
2026-05-02 16:59:00+00:00,96577.45711674531
2026-05-02 17:59:00+00:00,96579.33053669742
2026-05-02 18:59:00+00:00,96617.2711192578
2026-05-02 19:59:00+00:00,96612.03205003454
2026-05-02 20:59:00+00:00,96606.7929808113
2026-05-02 21:59:00+00:00,96637.06315854566
2026-05-02 22:59:00+00:00,96645.50388118312
2026-05-02 23:59:00+00:00,96643.58294734647
2026-05-03 00:59:00+00:00,96643.58294734647
2026-05-03 01:59:00+00:00,96654.80426644276
2026-05-03 02:59:00+00:00,96666.49667258242
2026-05-03 03:59:00+00:00,96660.65046951259
2026-05-03 04:59:00+00:00,96664.74281166148
2026-05-03 05:59:00+00:00,96661.64531788898
2026-05-03 06:59:00+00:00,96747.76669404311
2026-05-03 07:59:00+00:00,96730.44025531257
2026-05-03 08:59:00+00:00,96685.44807771755
2026-05-03 09:59:00+00:00,96684.37440659621
2026-05-03 10:59:00+00:00,96684.37440659621
2026-05-03 11:59:00+00:00,96684.37440659621
2026-05-03 12:59:00+00:00,96684.37440659621
2026-05-03 13:59:00+00:00,96684.37440659621
2026-05-03 14:59:00+00:00,96684.37440659621
2026-05-03 15:59:00+00:00,96684.37440659621
2026-05-03 16:59:00+00:00,96684.37440659621
2026-05-03 17:59:00+00:00,96684.37440659621
2026-05-03 18:59:00+00:00,96684.37440659621
2026-05-03 19:59:00+00:00,96684.37440659621
2026-05-03 20:59:00+00:00,96684.37440659621
2026-05-03 21:59:00+00:00,96684.37440659621
2026-05-03 22:59:00+00:00,96684.37440659621
2026-05-03 23:59:00+00:00,96684.37440659621
2026-05-04 00:59:00+00:00,96687.27036074697
2026-05-04 01:59:00+00:00,96683.23346616118
2026-05-04 02:59:00+00:00,96415.22388560954
2026-05-04 03:59:00+00:00,96382.736017681
2026-05-04 04:59:00+00:00,96440.90847443913
2026-05-04 05:59:00+00:00,96573.61369243522
2026-05-04 06:59:00+00:00,96730.71832258604
2026-05-04 07:59:00+00:00,96789.5914939685
2026-05-04 08:59:00+00:00,96782.13552524307
2026-05-04 09:59:00+00:00,96664.86388919062
2026-05-04 10:59:00+00:00,97200.22488245256
2026-05-04 11:59:00+00:00,97208.7401725742
2026-05-04 12:59:00+00:00,97207.60833017908
2026-05-04 13:59:00+00:00,97230.21118221864
2026-05-04 14:59:00+00:00,97243.39919295532
2026-05-04 15:59:00+00:00,97450.08862634646
2026-05-04 16:59:00+00:00,97455.64299925495
2026-05-04 17:59:00+00:00,97311.51455923133
2026-05-04 18:59:00+00:00,97303.0589426972
2026-05-04 19:59:00+00:00,97325.4137505426
2026-05-04 20:59:00+00:00,97328.75828045954
2026-05-04 21:59:00+00:00,97420.54021550326
2026-05-04 22:59:00+00:00,97371.54565563348
2026-05-04 23:59:00+00:00,97378.93718298817
2026-05-05 00:59:00+00:00,97382.44023853146
2026-05-05 01:59:00+00:00,97380.49126203825
2026-05-05 02:59:00+00:00,97380.49126203825
2026-05-05 03:59:00+00:00,97380.49126203825
2026-05-05 04:59:00+00:00,97380.49126203825
2026-05-05 05:59:00+00:00,97380.49126203825
2026-05-05 06:59:00+00:00,97380.49126203825
2026-05-05 07:59:00+00:00,97380.49126203825
2026-05-05 08:59:00+00:00,97380.49126203825
2026-05-05 09:59:00+00:00,97369.10421885946
2026-05-05 10:59:00+00:00,97360.28818883587
2026-05-05 11:59:00+00:00,97338.21677841649
2026-05-05 12:59:00+00:00,97339.86574363164
2026-05-05 13:59:00+00:00,97367.95508901704
2026-05-05 14:59:00+00:00,97403.51542691675
2026-05-05 15:59:00+00:00,97432.31353622352
2026-05-05 16:59:00+00:00,97431.19693919206
2026-05-05 17:59:00+00:00,97441.09979274264
2026-05-05 18:59:00+00:00,97412.9349671641
2026-05-05 19:59:00+00:00,97426.41783898142
2026-05-05 20:59:00+00:00,97311.09337944789
2026-05-05 21:59:00+00:00,97293.35091240343
2026-05-05 22:59:00+00:00,97346.932568956
2026-05-05 23:59:00+00:00,97381.89745784999
2026-05-06 00:59:00+00:00,97287.43823009563
2026-05-06 01:59:00+00:00,97315.20417681451
2026-05-06 02:59:00+00:00,97302.63827318237
2026-05-06 03:59:00+00:00,96646.10983394404
2026-05-06 04:59:00+00:00,96657.27096758697
2026-05-06 05:59:00+00:00,96853.87343014068
2026-05-06 06:59:00+00:00,96937.11288066658
2026-05-06 07:59:00+00:00,96839.91833609017
2026-05-06 08:59:00+00:00,96677.9284451096
2026-05-06 09:59:00+00:00,96775.31054062347
2026-05-06 10:59:00+00:00,97018.86354244815
2026-05-06 11:59:00+00:00,97352.1225634031
2026-05-06 12:59:00+00:00,97350.28134408494
2026-05-06 13:59:00+00:00,96810.43363641441
2026-05-06 14:59:00+00:00,96788.05937246776
2026-05-06 15:59:00+00:00,97038.65516235473
2026-05-06 16:59:00+00:00,97026.6674059702
2026-05-06 17:59:00+00:00,96977.48839677157
2026-05-06 18:59:00+00:00,96989.24854657995
2026-05-06 19:59:00+00:00,96989.24854657995
2026-05-06 20:59:00+00:00,96989.24854657995
2026-05-06 21:59:00+00:00,96989.24854657995
2026-05-06 22:59:00+00:00,97046.00559836559
2026-05-06 23:59:00+00:00,97065.15157410079
2026-05-07 00:59:00+00:00,97128.39570704552
2026-05-07 01:59:00+00:00,96986.63294741213
2026-05-07 02:59:00+00:00,97044.12914667375
2026-05-07 03:59:00+00:00,97118.35427767567
2026-05-07 04:59:00+00:00,97235.20147812876
2026-05-07 05:59:00+00:00,97175.37588381459
2026-05-07 06:59:00+00:00,97095.39398576973
2026-05-07 07:59:00+00:00,96960.48883127274
2026-05-07 08:59:00+00:00,96938.48847772238
2026-05-07 09:59:00+00:00,96996.04508436544
2026-05-07 10:59:00+00:00,97034.98781334149
2026-05-07 11:59:00+00:00,97029.17511350894
2026-05-07 12:59:00+00:00,97029.17511350894
2026-05-07 13:59:00+00:00,96988.32557134987
2026-05-07 14:59:00+00:00,96892.64281967691
2026-05-07 15:59:00+00:00,96858.41879914368
2026-05-07 16:59:00+00:00,96871.70572715743
2026-05-07 17:59:00+00:00,96978.6116372212
2026-05-07 18:59:00+00:00,96975.88900797837
2026-05-07 19:59:00+00:00,96968.74807194741
2026-05-07 20:59:00+00:00,96968.74807194741
2026-05-07 21:59:00+00:00,96968.74807194741
2026-05-07 22:59:00+00:00,96968.74807194741
2026-05-07 23:59:00+00:00,97005.70540349993
2026-05-08 00:59:00+00:00,97018.58334995118
2026-05-08 01:59:00+00:00,97023.00655004884
2026-05-08 02:59:00+00:00,97030.48023297246
2026-05-08 03:59:00+00:00,97043.44478498284
2026-05-08 04:59:00+00:00,97045.00047021444
2026-05-08 05:59:00+00:00,97045.00047021444
2026-05-08 06:59:00+00:00,97045.00047021444
2026-05-08 07:59:00+00:00,97045.00047021444
2026-05-08 08:59:00+00:00,96967.09479488588
2026-05-08 09:59:00+00:00,96991.47253730061
2026-05-08 10:59:00+00:00,96990.36651505023
2026-05-08 11:59:00+00:00,96990.36651505023
2026-05-08 12:59:00+00:00,96990.36651505023
2026-05-08 13:59:00+00:00,96990.36651505023
2026-05-08 14:59:00+00:00,96990.36651505023
2026-05-08 15:59:00+00:00,96800.32636638034
2026-05-08 16:59:00+00:00,96869.4376361715
2026-05-08 17:59:00+00:00,96748.52493378226
2026-05-08 18:59:00+00:00,96419.07259900014
2026-05-08 19:59:00+00:00,96588.83799174159
2026-05-08 20:59:00+00:00,96593.94473614829
2026-05-08 21:59:00+00:00,96705.86371055838
2026-05-08 22:59:00+00:00,96706.52481076463
2026-05-08 23:59:00+00:00,96689.08213348841
2026-05-09 00:59:00+00:00,96689.08213348841
2026-05-09 01:59:00+00:00,96599.71365594018
2026-05-09 02:59:00+00:00,96760.24331146103
2026-05-09 03:59:00+00:00,96792.2609211318
2026-05-09 04:59:00+00:00,96967.15311377594
2026-05-09 05:59:00+00:00,96958.93989319718
2026-05-09 06:59:00+00:00,96876.07252100763
2026-05-09 07:59:00+00:00,96852.22983850157
2026-05-09 08:59:00+00:00,96849.40149810354
2026-05-09 09:59:00+00:00,96849.40149810354
2026-05-09 10:59:00+00:00,96864.07944809177
2026-05-09 11:59:00+00:00,96886.23122199775
2026-05-09 12:59:00+00:00,96910.22897706256
2026-05-09 13:59:00+00:00,96910.22897706256
2026-05-09 14:59:00+00:00,96852.08057055937
2026-05-09 15:59:00+00:00,96843.68412525843
2026-05-09 16:59:00+00:00,96843.68412525843
2026-05-09 17:59:00+00:00,96843.68412525843
2026-05-09 18:59:00+00:00,96830.05096707697
2026-05-09 19:59:00+00:00,96827.13561841346
2026-05-09 20:59:00+00:00,96827.13561841346
2026-05-09 21:59:00+00:00,96827.13561841346
2026-05-09 22:59:00+00:00,96827.13561841346
2026-05-09 23:59:00+00:00,96827.13561841346
2026-05-10 00:59:00+00:00,96827.13561841346
2026-05-10 01:59:00+00:00,96757.97648129117
2026-05-10 02:59:00+00:00,96739.87795126904
2026-05-10 03:59:00+00:00,96735.37400279782
2026-05-10 04:59:00+00:00,96735.37400279782
2026-05-10 05:59:00+00:00,96302.18700692766
2026-05-10 06:59:00+00:00,96328.58032149075
2026-05-10 07:59:00+00:00,96328.58032149075
2026-05-10 08:59:00+00:00,96328.58032149075
2026-05-10 09:59:00+00:00,96336.06444932644
2026-05-10 10:59:00+00:00,96074.6391301025
2026-05-10 11:59:00+00:00,96088.79567503008
2026-05-10 12:59:00+00:00,96111.115023731
2026-05-10 13:59:00+00:00,95946.82815153673
2026-05-10 14:59:00+00:00,95918.25054670482
2026-05-10 15:59:00+00:00,96501.62916389428
2026-05-10 16:59:00+00:00,96935.17225412467
2026-05-10 17:59:00+00:00,97412.07367150814
2026-05-10 18:59:00+00:00,97433.08365068937
2026-05-10 19:59:00+00:00,97465.0647243049
2026-05-10 20:59:00+00:00,97647.53195244941
2026-05-10 21:59:00+00:00,97582.35665764876
2026-05-10 22:59:00+00:00,97483.71216446288
2026-05-10 23:59:00+00:00,97469.8212436377
2026-05-11 00:59:00+00:00,97473.18240297154
2026-05-11 01:59:00+00:00,97581.04844024747
2026-05-11 02:59:00+00:00,97410.0204414086
2026-05-11 03:59:00+00:00,97268.02853218792
2026-05-11 04:59:00+00:00,97276.12119535886
2026-05-11 05:59:00+00:00,97305.24401128732
2026-05-11 06:59:00+00:00,97304.1883533354
2026-05-11 07:59:00+00:00,97304.1883533354
2026-05-11 08:59:00+00:00,97304.1883533354
2026-05-11 09:59:00+00:00,97304.1883533354
2026-05-11 10:59:00+00:00,97304.1883533354
2026-05-11 11:59:00+00:00,97304.1883533354
2026-05-11 12:59:00+00:00,97304.1883533354
2026-05-11 13:59:00+00:00,97304.1883533354
2026-05-11 14:59:00+00:00,97304.1883533354
2026-05-11 15:59:00+00:00,97304.1883533354
2026-05-11 16:59:00+00:00,97319.80262040085
2026-05-11 17:59:00+00:00,97267.88143870347
2026-05-11 18:59:00+00:00,97287.57661046374
2026-05-11 19:59:00+00:00,97408.52882689032
2026-05-11 20:59:00+00:00,97366.52104846932
2026-05-11 21:59:00+00:00,97341.50881672044
2026-05-11 22:59:00+00:00,97367.52153773927
2026-05-11 23:59:00+00:00,97348.59169857616
2026-05-12 00:59:00+00:00,97327.96203766532
2026-05-12 01:59:00+00:00,97327.96203766532
2026-05-12 02:59:00+00:00,97361.1623255124
2026-05-12 03:59:00+00:00,97279.409401536
2026-05-12 04:59:00+00:00,97304.49219347796
2026-05-12 05:59:00+00:00,97363.60236937518
2026-05-12 06:59:00+00:00,97323.85587178911
2026-05-12 07:59:00+00:00,97318.84394035762
2026-05-12 08:59:00+00:00,97318.84394035762
2026-05-12 09:59:00+00:00,97318.84394035762
2026-05-12 10:59:00+00:00,97318.84394035762
2026-05-12 11:59:00+00:00,97318.84394035762
2026-05-12 12:59:00+00:00,97318.84394035762
2026-05-12 13:59:00+00:00,97474.33321866475
2026-05-12 14:59:00+00:00,97611.80222959691
2026-05-12 15:59:00+00:00,97635.60971193711
2026-05-12 16:59:00+00:00,97628.2620991616
2026-05-12 17:59:00+00:00,97628.2620991616
2026-05-12 18:59:00+00:00,97331.635117103
2026-05-12 19:59:00+00:00,97384.12626362112
2026-05-12 20:59:00+00:00,97182.03159874838
2026-05-12 21:59:00+00:00,97328.88042250724
2026-05-12 22:59:00+00:00,97284.11673708294
2026-05-12 23:59:00+00:00,97241.69013650197
2026-05-13 00:59:00+00:00,97241.69013650197
2026-05-13 01:59:00+00:00,97241.69013650197
2026-05-13 02:59:00+00:00,97039.06866884015
2026-05-13 03:59:00+00:00,96948.14769082151
2026-05-13 04:59:00+00:00,96948.14769082151
2026-05-13 05:59:00+00:00,96969.61384758454
2026-05-13 06:59:00+00:00,97012.54616111059
2026-05-13 07:59:00+00:00,97003.4058715609
2026-05-13 08:59:00+00:00,97003.4058715609
2026-05-13 09:59:00+00:00,97003.4058715609
2026-05-13 10:59:00+00:00,97254.68591414238
2026-05-13 11:59:00+00:00,97332.21147576877
2026-05-13 12:59:00+00:00,97275.94220651747
2026-05-13 13:59:00+00:00,97233.72529704335
2026-05-13 14:59:00+00:00,97264.4808548874
2026-05-13 15:59:00+00:00,96996.10495684044
2026-05-13 16:59:00+00:00,97081.6124819692
2026-05-13 17:59:00+00:00,97092.98608866867
2026-05-13 18:59:00+00:00,97077.53066769171
2026-05-13 19:59:00+00:00,97074.76650794654
2026-05-13 20:59:00+00:00,97082.96495351473
2026-05-13 21:59:00+00:00,97080.76960428923
2026-05-13 22:59:00+00:00,97080.76960428923
2026-05-13 23:59:00+00:00,97080.76960428923
2026-05-14 00:59:00+00:00,97080.76960428923
2026-05-14 01:59:00+00:00,97077.12671868745
2026-05-14 02:59:00+00:00,97066.68758471997
2026-05-14 03:59:00+00:00,96940.44926195081
2026-05-14 04:59:00+00:00,96963.33449158356
2026-05-14 05:59:00+00:00,97000.06198368235
2026-05-14 06:59:00+00:00,97069.95822108882
2026-05-14 07:59:00+00:00,97113.98531357477
2026-05-14 08:59:00+00:00,97170.42016566927
2026-05-14 09:59:00+00:00,97174.63536043651
2026-05-14 10:59:00+00:00,97157.54847832024
2026-05-14 11:59:00+00:00,97171.77438912806
2026-05-14 12:59:00+00:00,97174.49323276512
2026-05-14 13:59:00+00:00,97265.77783542425
2026-05-14 14:59:00+00:00,97147.46331156923
2026-05-14 15:59:00+00:00,97094.03728891774
2026-05-14 16:59:00+00:00,97014.9070363703
2026-05-14 17:59:00+00:00,97040.1301987402
2026-05-14 18:59:00+00:00,97056.53602139596
2026-05-14 19:59:00+00:00,97340.39142400693
2026-05-14 20:59:00+00:00,97416.5611941473
2026-05-14 21:59:00+00:00,97467.73945865301
2026-05-14 22:59:00+00:00,97464.92313200417
2026-05-14 23:59:00+00:00,97471.87873452183
2026-05-15 00:59:00+00:00,97471.87873452183
2026-05-15 01:59:00+00:00,97513.00476525446
2026-05-15 02:59:00+00:00,97481.08775245641
2026-05-15 03:59:00+00:00,97506.75528023107
2026-05-15 04:59:00+00:00,97534.43157104896
2026-05-15 05:59:00+00:00,97494.53642684798
2026-05-15 06:59:00+00:00,97585.26183868575
2026-05-15 07:59:00+00:00,97593.2486596088
2026-05-15 08:59:00+00:00,97634.56734625189
2026-05-15 09:59:00+00:00,97551.1986233535
2026-05-15 10:59:00+00:00,97546.39025094103
2026-05-15 11:59:00+00:00,97546.39025094103
2026-05-15 12:59:00+00:00,97546.39025094103
2026-05-15 13:59:00+00:00,97546.39025094103
2026-05-15 14:59:00+00:00,97709.92645479373
2026-05-15 15:59:00+00:00,97725.81864727302
2026-05-15 16:59:00+00:00,97795.23572145276
2026-05-15 17:59:00+00:00,97791.50675695563
2026-05-15 18:59:00+00:00,97766.79654658807
2026-05-15 19:59:00+00:00,97757.85506807841
2026-05-15 20:59:00+00:00,97757.85506807841
2026-05-15 21:59:00+00:00,97757.85506807841
2026-05-15 22:59:00+00:00,97757.85506807841
2026-05-15 23:59:00+00:00,97757.85506807841
2026-05-16 00:59:00+00:00,97757.85506807841
2026-05-16 01:59:00+00:00,97757.85506807841
2026-05-16 02:59:00+00:00,97757.85506807841
2026-05-16 03:59:00+00:00,97757.85506807841
2026-05-16 04:59:00+00:00,97757.85506807841
2026-05-16 05:59:00+00:00,97757.85506807841
2026-05-16 06:59:00+00:00,97720.34773427142
2026-05-16 07:59:00+00:00,97669.79049094286
2026-05-16 08:59:00+00:00,97683.5476681207
2026-05-16 09:59:00+00:00,97534.64619804345
2026-05-16 10:59:00+00:00,97491.79676699542
2026-05-16 11:59:00+00:00,97514.16600622234
2026-05-16 12:59:00+00:00,97524.95441490093
2026-05-16 13:59:00+00:00,97505.68381469611
2026-05-16 14:59:00+00:00,97525.18366317386
2026-05-16 15:59:00+00:00,97527.79714878339
2026-05-16 16:59:00+00:00,97527.79714878339
2026-05-16 17:59:00+00:00,97530.80079464788
2026-05-16 18:59:00+00:00,97531.90177731543
2026-05-16 19:59:00+00:00,97520.0662136392
2026-05-16 20:59:00+00:00,97518.38958218393
2026-05-16 21:59:00+00:00,97518.38958218393
2026-05-16 22:59:00+00:00,97518.38958218393
2026-05-16 23:59:00+00:00,97518.38958218393
2026-05-17 00:59:00+00:00,97518.38958218393
2026-05-17 01:59:00+00:00,97518.38958218393
2026-05-17 02:59:00+00:00,97518.38958218393
2026-05-17 03:59:00+00:00,97518.38958218393
2026-05-17 04:59:00+00:00,97518.38958218393
2026-05-17 05:59:00+00:00,97518.38958218393
2026-05-17 06:59:00+00:00,97518.38958218393
2026-05-17 07:59:00+00:00,97518.38958218393
2026-05-17 08:59:00+00:00,97518.38958218393
2026-05-17 09:59:00+00:00,97518.38958218393
2026-05-17 10:59:00+00:00,97518.38958218393
2026-05-17 11:59:00+00:00,97518.38958218393
2026-05-17 12:59:00+00:00,97518.38958218393
2026-05-17 13:59:00+00:00,97518.38958218393
2026-05-17 14:59:00+00:00,97518.38958218393
2026-05-17 15:59:00+00:00,97518.38958218393
2026-05-17 16:59:00+00:00,97518.38958218393
2026-05-17 17:59:00+00:00,97518.38958218393
2026-05-17 18:59:00+00:00,97518.38958218393
2026-05-17 19:59:00+00:00,97518.38958218393
2026-05-17 20:59:00+00:00,97518.38958218393
2026-05-17 21:59:00+00:00,97518.38958218393
2026-05-17 22:59:00+00:00,97518.38958218393
2026-05-17 23:59:00+00:00,97330.53921609558
2026-05-18 00:59:00+00:00,97068.55203815566
2026-05-18 01:59:00+00:00,96745.01303128482
2026-05-18 02:59:00+00:00,96723.81694414168
2026-05-18 03:59:00+00:00,96723.95790259098
2026-05-18 04:59:00+00:00,96699.36036602966
2026-05-18 05:59:00+00:00,97005.72585962247
2026-05-18 06:59:00+00:00,97111.21347061101
2026-05-18 07:59:00+00:00,97098.42526031593
2026-05-18 08:59:00+00:00,97106.40579265745
2026-05-18 09:59:00+00:00,97036.41103922178
2026-05-18 10:59:00+00:00,96920.64024931872
2026-05-18 11:59:00+00:00,96777.80463539754
2026-05-18 12:59:00+00:00,96791.89433242273
2026-05-18 13:59:00+00:00,96746.96141537388
2026-05-18 14:59:00+00:00,96703.8949345912
2026-05-18 15:59:00+00:00,96793.08460976448
2026-05-18 16:59:00+00:00,96846.09806617108
2026-05-18 17:59:00+00:00,96895.50095802425
2026-05-18 18:59:00+00:00,96902.89936420994
2026-05-18 19:59:00+00:00,96881.44541341304
2026-05-18 20:59:00+00:00,96993.34128593934
2026-05-18 21:59:00+00:00,96839.38065878082
2026-05-18 22:59:00+00:00,96853.25657210592
2026-05-18 23:59:00+00:00,96927.67272613602
2026-05-19 00:59:00+00:00,96937.146342339
2026-05-19 01:59:00+00:00,96942.83500153912
2026-05-19 02:59:00+00:00,96957.40448629324
2026-05-19 03:59:00+00:00,96952.71469783947
2026-05-19 04:59:00+00:00,96952.71469783947
2026-05-19 05:59:00+00:00,96952.71469783947
2026-05-19 06:59:00+00:00,96952.71469783947
2026-05-19 07:59:00+00:00,96850.40419426728
2026-05-19 08:59:00+00:00,96837.14271792659
2026-05-19 09:59:00+00:00,96812.58011242919
2026-05-19 10:59:00+00:00,96801.06008448638
2026-05-19 11:59:00+00:00,96742.38353863618
2026-05-19 12:59:00+00:00,96599.16897341247
2026-05-19 13:59:00+00:00,96688.61114767138
2026-05-19 14:59:00+00:00,97098.72384441542
2026-05-19 15:59:00+00:00,97170.40461221001
2026-05-19 16:59:00+00:00,97193.40956611292
2026-05-19 17:59:00+00:00,97204.84227223703
2026-05-19 18:59:00+00:00,97184.51610222537
2026-05-19 19:59:00+00:00,97072.45082836511
2026-05-19 20:59:00+00:00,97105.20769099287
2026-05-19 21:59:00+00:00,97091.44925006446
2026-05-19 22:59:00+00:00,97091.44925006446
2026-05-19 23:59:00+00:00,97091.44925006446
2026-05-20 00:59:00+00:00,97091.44925006446
2026-05-20 01:59:00+00:00,97062.41681175951
2026-05-20 02:59:00+00:00,97067.70266097202
2026-05-20 03:59:00+00:00,97067.70266097202
2026-05-20 04:59:00+00:00,97067.70266097202
2026-05-20 05:59:00+00:00,97067.70266097202
2026-05-20 06:59:00+00:00,97089.1382018125
2026-05-20 07:59:00+00:00,97174.67861095296
2026-05-20 08:59:00+00:00,97010.43382896278
2026-05-20 09:59:00+00:00,96940.20891252
2026-05-20 10:59:00+00:00,96927.38098298486
2026-05-20 11:59:00+00:00,96927.38098298486
2026-05-20 12:59:00+00:00,96927.38098298486
2026-05-20 13:59:00+00:00,96927.38098298486
2026-05-20 14:59:00+00:00,96927.38098298486
2026-05-20 15:59:00+00:00,96869.64817027577
2026-05-20 16:59:00+00:00,96843.39441842413
2026-05-20 17:59:00+00:00,96843.39441842413
2026-05-20 18:59:00+00:00,96843.39441842413
2026-05-20 19:59:00+00:00,96989.34683243443
2026-05-20 20:59:00+00:00,97029.98854472033
2026-05-20 21:59:00+00:00,97014.62701494116
2026-05-20 22:59:00+00:00,97014.62701494116
2026-05-20 23:59:00+00:00,97070.05673228993
2026-05-21 00:59:00+00:00,97050.9931682977
2026-05-21 01:59:00+00:00,97117.41706605616
2026-05-21 02:59:00+00:00,97107.03265305555
2026-05-21 03:59:00+00:00,96873.38336054159
2026-05-21 04:59:00+00:00,97038.66860080147
2026-05-21 05:59:00+00:00,97090.59066580457
2026-05-21 06:59:00+00:00,96903.94781532908
2026-05-21 07:59:00+00:00,97024.26776641425
2026-05-21 08:59:00+00:00,97266.7102193879
2026-05-21 09:59:00+00:00,97186.82259729004
2026-05-21 10:59:00+00:00,97108.88290294823
2026-05-21 11:59:00+00:00,97090.2486354553
2026-05-21 12:59:00+00:00,97090.2486354553
2026-05-21 13:59:00+00:00,97090.2486354553
2026-05-21 14:59:00+00:00,97087.50156752803
2026-05-21 15:59:00+00:00,97085.29119850798
2026-05-21 16:59:00+00:00,97217.81665500882
2026-05-21 17:59:00+00:00,96803.65779504844
2026-05-21 18:59:00+00:00,96898.72721862816
2026-05-21 19:59:00+00:00,96437.69519636246
2026-05-21 20:59:00+00:00,96451.76584022812
2026-05-21 21:59:00+00:00,96451.76584022812
2026-05-21 22:59:00+00:00,96530.01252315906
2026-05-21 23:59:00+00:00,96513.04703333387
2026-05-22 00:59:00+00:00,96513.04703333387
2026-05-22 01:59:00+00:00,96312.03625097116
2026-05-22 02:59:00+00:00,96249.34275787987
2026-05-22 03:59:00+00:00,96240.61363725882
2026-05-22 04:59:00+00:00,96239.29696232975
2026-05-22 05:59:00+00:00,96247.86384667267
2026-05-22 06:59:00+00:00,96247.86384667267
2026-05-22 07:59:00+00:00,96247.86384667267
2026-05-22 08:59:00+00:00,96247.86384667267
2026-05-22 09:59:00+00:00,96247.86384667267
2026-05-22 10:59:00+00:00,96247.86384667267
2026-05-22 11:59:00+00:00,96247.86384667267
2026-05-22 12:59:00+00:00,96123.87085402755
2026-05-22 13:59:00+00:00,96295.3606237051
2026-05-22 14:59:00+00:00,96662.743372011
2026-05-22 15:59:00+00:00,96902.48690483604
2026-05-22 16:59:00+00:00,96984.7586321833
2026-05-22 17:59:00+00:00,96926.82396617254
2026-05-22 18:59:00+00:00,96898.89120921564
2026-05-22 19:59:00+00:00,96725.18213636585
2026-05-22 20:59:00+00:00,96937.59835859595
2026-05-22 21:59:00+00:00,97008.28638160198
2026-05-22 22:59:00+00:00,96936.71559923356
2026-05-22 23:59:00+00:00,96964.53071148707
2026-05-23 00:59:00+00:00,96817.62749881258
2026-05-23 01:59:00+00:00,96947.10325951116
2026-05-23 02:59:00+00:00,96992.97128506831
2026-05-23 03:59:00+00:00,96985.72271108131
2026-05-23 04:59:00+00:00,96949.54448416673
2026-05-23 05:59:00+00:00,96947.6280087362
2026-05-23 06:59:00+00:00,96947.6280087362
2026-05-23 07:59:00+00:00,96947.6280087362
2026-05-23 08:59:00+00:00,97066.38392574804
2026-05-23 09:59:00+00:00,97040.76089216462
2026-05-23 10:59:00+00:00,97124.06316839703
2026-05-23 11:59:00+00:00,97116.9041341564
2026-05-23 12:59:00+00:00,97052.85227571103
2026-05-23 13:59:00+00:00,97020.738649389
2026-05-23 14:59:00+00:00,96841.22051769856
2026-05-23 15:59:00+00:00,96805.73754255677
2026-05-23 16:59:00+00:00,96802.89125472735
2026-05-23 17:59:00+00:00,96982.53869786923
2026-05-23 18:59:00+00:00,96825.16842863477
2026-05-23 19:59:00+00:00,96855.15472206438
2026-05-23 20:59:00+00:00,96376.62977574104
2026-05-23 21:59:00+00:00,96440.89121709534
2026-05-23 22:59:00+00:00,96339.23152383117
2026-05-23 23:59:00+00:00,96352.00710816032
2026-05-24 00:59:00+00:00,96316.39242108708
2026-05-24 01:59:00+00:00,96310.92294767265
2026-05-24 02:59:00+00:00,96279.46336000013
2026-05-24 03:59:00+00:00,96270.12929085032
2026-05-24 04:59:00+00:00,96270.12929085032
2026-05-24 05:59:00+00:00,96270.12929085032
2026-05-24 06:59:00+00:00,96270.12929085032
2026-05-24 07:59:00+00:00,96270.12929085032
2026-05-24 08:59:00+00:00,96270.12929085032
2026-05-24 09:59:00+00:00,96270.12929085032
2026-05-24 10:59:00+00:00,96270.12929085032
2026-05-24 11:59:00+00:00,96270.12929085032
2026-05-24 12:59:00+00:00,96270.12929085032
2026-05-24 13:59:00+00:00,96270.12929085032
2026-05-24 14:59:00+00:00,96270.12929085032
2026-05-24 15:59:00+00:00,96469.09013349628
2026-05-24 16:59:00+00:00,96515.49647740026
2026-05-24 17:59:00+00:00,96484.59113894412
2026-05-24 18:59:00+00:00,96482.71054909907
2026-05-24 19:59:00+00:00,96482.71054909907
2026-05-24 20:59:00+00:00,96482.71054909907
2026-05-24 21:59:00+00:00,96464.91328002777
2026-05-24 22:59:00+00:00,96589.5724728235
2026-05-24 23:59:00+00:00,96638.28625070561
2026-05-25 00:59:00+00:00,96625.90436919742
2026-05-25 01:59:00+00:00,96644.35247138112
2026-05-25 02:59:00+00:00,96630.49646376786
2026-05-25 03:59:00+00:00,96621.94788214855
2026-05-25 04:59:00+00:00,96621.94788214855
2026-05-25 05:59:00+00:00,96621.94788214855
2026-05-25 06:59:00+00:00,96621.94788214855
2026-05-25 07:59:00+00:00,96621.94788214855
2026-05-25 08:59:00+00:00,96575.79438141278
2026-05-25 09:59:00+00:00,96566.90470733772
2026-05-25 10:59:00+00:00,96627.24167657307
2026-05-25 11:59:00+00:00,96618.94510661962
2026-05-25 12:59:00+00:00,96580.54678523843
2026-05-25 13:59:00+00:00,96537.24567844132
2026-05-25 14:59:00+00:00,96329.49833363423
2026-05-25 15:59:00+00:00,96309.06197093338
2026-05-25 16:59:00+00:00,96363.66797592853
2026-05-25 17:59:00+00:00,96256.86347656655
2026-05-25 18:59:00+00:00,96252.49554818026
2026-05-25 19:59:00+00:00,96363.54284177547
2026-05-25 20:59:00+00:00,96350.06855661223
2026-05-25 21:59:00+00:00,96379.78997410674
2026-05-25 22:59:00+00:00,96379.78997410674
2026-05-25 23:59:00+00:00,96379.78997410674
2026-05-26 00:59:00+00:00,96379.78997410674
2026-05-26 01:59:00+00:00,96379.78997410674
2026-05-26 02:59:00+00:00,96356.45048318965
2026-05-26 03:59:00+00:00,96358.38912035694
2026-05-26 04:59:00+00:00,96358.38912035694
2026-05-26 05:59:00+00:00,96358.38912035694
2026-05-26 06:59:00+00:00,96358.38912035694
2026-05-26 07:59:00+00:00,96358.38912035694
2026-05-26 08:59:00+00:00,96358.38912035694
2026-05-26 09:59:00+00:00,96358.38912035694
2026-05-26 10:59:00+00:00,96358.38912035694
2026-05-26 11:59:00+00:00,96566.0478818981
2026-05-26 12:59:00+00:00,96784.5950096662
2026-05-26 13:59:00+00:00,96633.80975761349
2026-05-26 14:59:00+00:00,96669.92984314279
2026-05-26 15:59:00+00:00,96564.76317557003
2026-05-26 16:59:00+00:00,96565.77982311585
2026-05-26 17:59:00+00:00,96722.2756417503
2026-05-26 18:59:00+00:00,96646.69355210413
2026-05-26 19:59:00+00:00,96654.01563014451
2026-05-26 20:59:00+00:00,96654.01563014451
2026-05-26 21:59:00+00:00,96654.01563014451
2026-05-26 22:59:00+00:00,96654.01563014451
2026-05-26 23:59:00+00:00,96654.01563014451
2026-05-27 00:59:00+00:00,96654.01563014451
2026-05-27 01:59:00+00:00,96746.19551539193
2026-05-27 02:59:00+00:00,96746.19551539193
2026-05-27 03:59:00+00:00,96763.10761530307
2026-05-27 04:59:00+00:00,96763.10761530307
2026-05-27 05:59:00+00:00,96763.10761530307
2026-05-27 06:59:00+00:00,96517.15663125407
2026-05-27 07:59:00+00:00,96714.24928498069
2026-05-27 08:59:00+00:00,96750.77535386088
2026-05-27 09:59:00+00:00,96647.53634476599
2026-05-27 10:59:00+00:00,96525.52660674475
2026-05-27 11:59:00+00:00,96551.70989652412
2026-05-27 12:59:00+00:00,96551.70989652412
2026-05-27 13:59:00+00:00,96555.62277400523
2026-05-27 14:59:00+00:00,96091.16930503119
2026-05-27 15:59:00+00:00,95836.81791741951
2026-05-27 16:59:00+00:00,95933.10272828976
2026-05-27 17:59:00+00:00,95980.51104161041
2026-05-27 18:59:00+00:00,96377.12208760023
2026-05-27 19:59:00+00:00,96381.4487477471
2026-05-27 20:59:00+00:00,96451.19712934221
2026-05-27 21:59:00+00:00,96460.99437647252
2026-05-27 22:59:00+00:00,96532.43413725047
2026-05-27 23:59:00+00:00,96662.54938339442
2026-05-28 00:59:00+00:00,97223.47509016503
2026-05-28 01:59:00+00:00,97236.38469792124
2026-05-28 02:59:00+00:00,97288.18781168126
2026-05-28 03:59:00+00:00,96888.3740938753
2026-05-28 04:59:00+00:00,97013.5697170847
2026-05-28 05:59:00+00:00,96984.68776046902
2026-05-28 06:59:00+00:00,97058.86514377285
2026-05-28 07:59:00+00:00,97064.69934340779
2026-05-28 08:59:00+00:00,97033.23013180081
2026-05-28 09:59:00+00:00,97010.9669941536
2026-05-28 10:59:00+00:00,96892.3078009899
2026-05-28 11:59:00+00:00,96380.39912910551
2026-05-28 12:59:00+00:00,96367.03167920081
2026-05-28 13:59:00+00:00,95668.63106916865
2026-05-28 14:59:00+00:00,95736.98532609534
2026-05-28 15:59:00+00:00,95977.79673236352
2026-05-28 16:59:00+00:00,96384.45951030328
2026-05-28 17:59:00+00:00,96329.39422887437
2026-05-28 18:59:00+00:00,96333.44826407474
2026-05-28 19:59:00+00:00,96082.71731305207
2026-05-28 20:59:00+00:00,96458.2125724691
2026-05-28 21:59:00+00:00,96800.54247608327
2026-05-28 22:59:00+00:00,96719.2567509256
2026-05-28 23:59:00+00:00,96471.66808607736
2026-05-29 00:59:00+00:00,96565.65296755343
2026-05-29 01:59:00+00:00,96499.62309599493
2026-05-29 02:59:00+00:00,96505.98253615998
2026-05-29 03:59:00+00:00,96965.19397004334
2026-05-29 04:59:00+00:00,96682.96461755651
2026-05-29 05:59:00+00:00,96937.02797473807
2026-05-29 06:59:00+00:00,97120.53020422166
2026-05-29 07:59:00+00:00,97171.51507713685
2026-05-29 08:59:00+00:00,96948.91472201521
2026-05-29 09:59:00+00:00,97455.80709007928
2026-05-29 10:59:00+00:00,97425.46230037129
2026-05-29 11:59:00+00:00,97435.34723012477
2026-05-29 12:59:00+00:00,97399.75340656804
2026-05-29 13:59:00+00:00,97197.10273090868
2026-05-29 14:59:00+00:00,97209.73750145311
2026-05-29 15:59:00+00:00,97183.52835594943
2026-05-29 16:59:00+00:00,97193.59752946917
2026-05-29 17:59:00+00:00,97203.90564954402
2026-05-29 18:59:00+00:00,97209.42125935509
2026-05-29 19:59:00+00:00,97208.3338789967
2026-05-29 20:59:00+00:00,97228.99539609381
2026-05-29 21:59:00+00:00,97185.4528655878
2026-05-29 22:59:00+00:00,97342.10096495708
2026-05-29 23:59:00+00:00,96783.18521935777
2026-05-30 00:59:00+00:00,96706.21401949397
2026-05-30 01:59:00+00:00,96769.63402885778
2026-05-30 02:59:00+00:00,97105.82283096848
2026-05-30 03:59:00+00:00,97221.32346872972
2026-05-30 04:59:00+00:00,97463.25089397578
2026-05-30 05:59:00+00:00,97388.73910286395
2026-05-30 06:59:00+00:00,97331.98442480117
2026-05-30 07:59:00+00:00,97327.30948609964
2026-05-30 08:59:00+00:00,97327.30948609964
2026-05-30 09:59:00+00:00,97327.30948609964
2026-05-30 10:59:00+00:00,97327.30948609964
2026-05-30 11:59:00+00:00,97125.57839406331
2026-05-30 12:59:00+00:00,97333.97214313371
2026-05-30 13:59:00+00:00,97170.9323807278
2026-05-30 14:59:00+00:00,97249.91087474696
2026-05-30 15:59:00+00:00,97036.31986140662
2026-05-30 16:59:00+00:00,96857.25201607912
2026-05-30 17:59:00+00:00,96856.90653439208
2026-05-30 18:59:00+00:00,96856.90653439208
2026-05-30 19:59:00+00:00,96923.8443503306
2026-05-30 20:59:00+00:00,96901.15680634441
2026-05-30 21:59:00+00:00,96897.37554901338
2026-05-30 22:59:00+00:00,96852.40559575503
2026-05-30 23:59:00+00:00,96889.40789963728
2026-05-31 00:59:00+00:00,96909.3388260022
2026-05-31 01:59:00+00:00,96909.3388260022
2026-05-31 02:59:00+00:00,96783.64570906809
2026-05-31 03:59:00+00:00,96799.31217604759
2026-05-31 04:59:00+00:00,96909.27345557217
2026-05-31 05:59:00+00:00,96873.83309142801
2026-05-31 06:59:00+00:00,97202.11457667517
2026-05-31 07:59:00+00:00,97186.68922565038
2026-05-31 08:59:00+00:00,97239.66870999464
2026-05-31 09:59:00+00:00,97192.16841201154
2026-05-31 10:59:00+00:00,97192.38286506142
2026-05-31 11:59:00+00:00,97192.38286506142
2026-05-31 12:59:00+00:00,97349.7060856647
2026-05-31 13:59:00+00:00,97421.96259849111
2026-05-31 14:59:00+00:00,97529.24140069765
2026-05-31 15:59:00+00:00,97869.7955183146
2026-05-31 16:59:00+00:00,97719.26843728617
2026-05-31 17:59:00+00:00,97757.27223863587
2026-05-31 18:59:00+00:00,97699.5659070146
2026-05-31 19:59:00+00:00,97700.77696872459
2026-05-31 20:59:00+00:00,97700.77696872459
2026-05-31 21:59:00+00:00,97700.77696872459
2026-05-31 22:59:00+00:00,97700.77696872459
2026-05-31 23:59:00+00:00,97700.77696872459
2026-06-01 00:59:00+00:00,97700.77696872459
2026-06-01 01:59:00+00:00,97700.77696872459
2026-06-01 02:59:00+00:00,98142.30294161133
2026-06-01 03:59:00+00:00,98070.79493692903
2026-06-01 04:59:00+00:00,98014.91362880201
2026-06-01 05:59:00+00:00,97959.16880761218
2026-06-01 06:59:00+00:00,97964.60465941242
2026-06-01 07:59:00+00:00,97823.25062009736
2026-06-01 08:59:00+00:00,97866.99846792677
2026-06-01 09:59:00+00:00,97906.110326031
2026-06-01 10:59:00+00:00,97910.41839270027
2026-06-01 11:59:00+00:00,97972.17042056503
2026-06-01 12:59:00+00:00,98032.9577513195
2026-06-01 13:59:00+00:00,98070.12526771246
2026-06-01 14:59:00+00:00,98249.92360879811
2026-06-01 15:59:00+00:00,98242.93842960225
2026-06-01 16:59:00+00:00,98242.93842960225
2026-06-01 17:59:00+00:00,98123.11785086371
2026-06-01 18:59:00+00:00,98196.87388819872
2026-06-01 19:59:00+00:00,98072.61463733998
2026-06-01 20:59:00+00:00,98089.41481673502
2026-06-01 21:59:00+00:00,98155.87001747658
2026-06-01 22:59:00+00:00,98433.40985318951
2026-06-01 23:59:00+00:00,98215.00993297834
2026-06-02 00:59:00+00:00,98050.53002001774
2026-06-02 01:59:00+00:00,98039.30365287888
2026-06-02 02:59:00+00:00,98022.35911326435
2026-06-02 03:59:00+00:00,98036.33989626552
2026-06-02 04:59:00+00:00,98017.12499688755
2026-06-02 05:59:00+00:00,98016.50601056249
2026-06-02 06:59:00+00:00,98016.50601056249
2026-06-02 07:59:00+00:00,98016.50601056249
2026-06-02 08:59:00+00:00,98016.50601056249
2026-06-02 09:59:00+00:00,98016.50601056249
2026-06-02 10:59:00+00:00,98016.50601056249
2026-06-02 11:59:00+00:00,98016.50601056249
2026-06-02 12:59:00+00:00,98016.50601056249
2026-06-02 13:59:00+00:00,98015.12207859581
2026-06-02 14:59:00+00:00,98009.41579451553
2026-06-02 15:59:00+00:00,97672.63731679614
2026-06-02 16:59:00+00:00,97764.4522016214
2026-06-02 17:59:00+00:00,97818.87944600392
2026-06-02 18:59:00+00:00,97694.38836824136
2026-06-02 19:59:00+00:00,97659.85101782637
2026-06-02 20:59:00+00:00,97626.47018680554
2026-06-02 21:59:00+00:00,97626.47018680554
2026-06-02 22:59:00+00:00,97626.47018680554
2026-06-02 23:59:00+00:00,97800.67514127598
2026-06-03 00:59:00+00:00,98002.592558487
2026-06-03 01:59:00+00:00,98035.22646432095
2026-06-03 02:59:00+00:00,97986.64305426163
2026-06-03 03:59:00+00:00,97743.91210615491
2026-06-03 04:59:00+00:00,97797.43250408961
2026-06-03 05:59:00+00:00,97786.86927257785
2026-06-03 06:59:00+00:00,97706.83883616672
2026-06-03 07:59:00+00:00,97639.6670742817
2026-06-03 08:59:00+00:00,97648.34968765778
2026-06-03 09:59:00+00:00,97648.34968765778
2026-06-03 10:59:00+00:00,97648.34968765778
2026-06-03 11:59:00+00:00,97631.02176497079
2026-06-03 12:59:00+00:00,97598.00296812528
2026-06-03 13:59:00+00:00,97627.14531317618
2026-06-03 14:59:00+00:00,97255.15160008034
2026-06-03 15:59:00+00:00,97108.26883179058
2026-06-03 16:59:00+00:00,96759.23600399042
2026-06-03 17:59:00+00:00,96731.65669728376
2026-06-03 18:59:00+00:00,96734.02465343663
2026-06-03 19:59:00+00:00,96843.07982131366
2026-06-03 20:59:00+00:00,96735.37697251052
2026-06-03 21:59:00+00:00,97083.43836340877
2026-06-03 22:59:00+00:00,97096.00038568156
2026-06-03 23:59:00+00:00,97178.5022785876
2026-06-04 00:59:00+00:00,97289.47844413389
2026-06-04 01:59:00+00:00,97801.80532286677
2026-06-04 02:59:00+00:00,97824.84076141048
2026-06-04 03:59:00+00:00,98026.37552992931
2026-06-04 04:59:00+00:00,98066.51658249194
2026-06-04 05:59:00+00:00,98053.8514139374
2026-06-04 06:59:00+00:00,98049.69667234439
2026-06-04 07:59:00+00:00,98049.69667234439
2026-06-04 08:59:00+00:00,98002.23599258854
2026-06-04 09:59:00+00:00,97883.43732363061
2026-06-04 10:59:00+00:00,97849.38911118514
2026-06-04 11:59:00+00:00,97830.398560107
2026-06-04 12:59:00+00:00,98268.70769506403
2026-06-04 13:59:00+00:00,98419.66040239275
2026-06-04 14:59:00+00:00,98301.04837025696
2026-06-04 15:59:00+00:00,98307.53992636784
2026-06-04 16:59:00+00:00,98303.6185009205
2026-06-04 17:59:00+00:00,98303.6185009205
2026-06-04 18:59:00+00:00,98303.6185009205
2026-06-04 19:59:00+00:00,98303.6185009205
2026-06-04 20:59:00+00:00,98303.6185009205
2026-06-04 21:59:00+00:00,98303.6185009205
2026-06-04 22:59:00+00:00,98652.13819972782
2026-06-04 23:59:00+00:00,98692.95833241746
2026-06-05 00:59:00+00:00,98415.86920449801
2026-06-05 01:59:00+00:00,98558.83094298968
2026-06-05 02:59:00+00:00,98110.03974187112
2026-06-05 03:59:00+00:00,97771.03950375466
2026-06-05 04:59:00+00:00,97837.01567905935
2026-06-05 05:59:00+00:00,98260.02411658403
2026-06-05 06:59:00+00:00,98523.93767736346
2026-06-05 07:59:00+00:00,98564.16928901618
2026-06-05 08:59:00+00:00,98701.52260785237
2026-06-05 09:59:00+00:00,98558.8642274446
2026-06-05 10:59:00+00:00,99058.37533251713
2026-06-05 11:59:00+00:00,99268.99769348047
2026-06-05 12:59:00+00:00,99411.7765051332
2026-06-05 13:59:00+00:00,99424.79250303646
2026-06-05 14:59:00+00:00,99119.87313661742
2026-06-05 15:59:00+00:00,99060.01843301006
2026-06-05 16:59:00+00:00,99248.9313696004
2026-06-05 17:59:00+00:00,99317.8507945654
2026-06-05 18:59:00+00:00,98675.02940400991
2026-06-05 19:59:00+00:00,98720.78717683695
2026-06-05 20:59:00+00:00,98668.5862228124
2026-06-05 21:59:00+00:00,98668.07469463263
2026-06-05 22:59:00+00:00,98675.0428992231
2026-06-05 23:59:00+00:00,98675.0428992231
2026-06-06 00:59:00+00:00,98806.42499631282
2026-06-06 01:59:00+00:00,98903.01997266887
2026-06-06 02:59:00+00:00,98918.116074879
2026-06-06 03:59:00+00:00,98909.28190724608
2026-06-06 04:59:00+00:00,98900.70761041447
2026-06-06 05:59:00+00:00,99829.2052019649
2026-06-06 06:59:00+00:00,99811.95462455133
2026-06-06 07:59:00+00:00,99932.11957256228
2026-06-06 08:59:00+00:00,100032.95938070034
2026-06-06 09:59:00+00:00,99984.65622680026
2026-06-06 10:59:00+00:00,99742.95755232387
2026-06-06 11:59:00+00:00,99942.63562884602
2026-06-06 12:59:00+00:00,100167.36868814657
2026-06-06 13:59:00+00:00,100158.00131294697
2026-06-06 14:59:00+00:00,100159.1181803848
2026-06-06 15:59:00+00:00,100159.1181803848
2026-06-06 16:59:00+00:00,100159.1181803848
2026-06-06 17:59:00+00:00,100159.1181803848
2026-06-06 18:59:00+00:00,100159.1181803848
2026-06-06 19:59:00+00:00,100159.1181803848
2026-06-06 20:59:00+00:00,100164.42103707699
2026-06-06 21:59:00+00:00,100271.56913335554
2026-06-06 22:59:00+00:00,100127.89327698202
2026-06-06 23:59:00+00:00,100215.55990120993
2026-06-07 00:59:00+00:00,100188.8803445379
2026-06-07 01:59:00+00:00,100182.00192379362
2026-06-07 02:59:00+00:00,100109.17412983236
2026-06-07 03:59:00+00:00,100085.43542959224
2026-06-07 04:59:00+00:00,100104.14355320079
2026-06-07 05:59:00+00:00,100126.86056043975
2026-06-07 06:59:00+00:00,100081.42654596183
2026-06-07 07:59:00+00:00,100078.07752457699
2026-06-07 08:59:00+00:00,100078.07752457699
2026-06-07 09:59:00+00:00,100078.07752457699
2026-06-07 10:59:00+00:00,100078.07752457699
2026-06-07 11:59:00+00:00,100078.07752457699
2026-06-07 12:59:00+00:00,100078.07752457699
2026-06-07 13:59:00+00:00,100078.07752457699
2026-06-07 14:59:00+00:00,100078.07752457699
2026-06-07 15:59:00+00:00,100078.07752457699
2026-06-07 16:59:00+00:00,100078.07752457699
2026-06-07 17:59:00+00:00,100078.07752457699
2026-06-07 18:59:00+00:00,100078.07752457699
2026-06-07 19:59:00+00:00,100078.07752457699
2026-06-07 20:59:00+00:00,100078.07752457699
2026-06-07 21:59:00+00:00,100078.07752457699
2026-06-07 22:59:00+00:00,100078.07752457699
2026-06-07 23:59:00+00:00,99914.64787622674
2026-06-08 00:59:00+00:00,99899.98911017731
2026-06-08 01:59:00+00:00,99900.75102777912
2026-06-08 02:59:00+00:00,99813.74684171857
2026-06-08 03:59:00+00:00,99819.40457119198
2026-06-08 04:59:00+00:00,99819.40457119198
2026-06-08 05:59:00+00:00,99819.40457119198
2026-06-08 06:59:00+00:00,99819.40457119198
2026-06-08 07:59:00+00:00,99819.40457119198
2026-06-08 08:59:00+00:00,99819.40457119198
2026-06-08 09:59:00+00:00,100046.97460615908
2026-06-08 10:59:00+00:00,99901.01810381212
2026-06-08 11:59:00+00:00,99877.72839371559
2026-06-08 12:59:00+00:00,99880.54265679169
2026-06-08 13:59:00+00:00,99910.4057893168
2026-06-08 14:59:00+00:00,99868.98273452389
2026-06-08 15:59:00+00:00,99828.91999358384
2026-06-08 16:59:00+00:00,99828.91999358384
2026-06-08 17:59:00+00:00,99828.91999358384
2026-06-08 18:59:00+00:00,99828.91999358384
2026-06-08 19:59:00+00:00,99828.91999358384
2026-06-08 20:59:00+00:00,99828.91999358384
2026-06-08 21:59:00+00:00,99828.91999358384
2026-06-08 22:59:00+00:00,99828.91999358384
2026-06-08 23:59:00+00:00,99828.91999358384
2026-06-09 00:59:00+00:00,99828.91999358384
2026-06-09 01:59:00+00:00,99828.91999358384
2026-06-09 02:59:00+00:00,99828.91999358384
2026-06-09 03:59:00+00:00,99828.91999358384
2026-06-09 04:59:00+00:00,99828.91999358384
2026-06-09 05:59:00+00:00,99828.91999358384
2026-06-09 06:59:00+00:00,99828.91999358384
2026-06-09 07:59:00+00:00,99828.91999358384
2026-06-09 08:59:00+00:00,99828.91999358384
2026-06-09 09:59:00+00:00,99828.91999358384
2026-06-09 10:59:00+00:00,99828.91999358384
2026-06-09 11:59:00+00:00,99828.91999358384
2026-06-09 12:59:00+00:00,99828.91999358384
2026-06-09 13:59:00+00:00,99828.91999358384
2026-06-09 14:59:00+00:00,99828.91999358384
2026-06-09 15:59:00+00:00,99828.91999358384
2026-06-09 16:59:00+00:00,99828.91999358384
2026-06-09 17:59:00+00:00,99828.91999358384
2026-06-09 18:59:00+00:00,99828.91999358384
2026-06-09 19:59:00+00:00,99828.91999358384
2026-06-09 20:59:00+00:00,99828.91999358384
2026-06-09 21:59:00+00:00,99828.91999358384
2026-06-09 22:59:00+00:00,99828.91999358384
2026-06-09 23:59:00+00:00,99828.91999358384
2026-06-10 00:59:00+00:00,99828.91999358384
2026-06-10 01:59:00+00:00,99828.91999358384
2026-06-10 02:59:00+00:00,99828.91999358384
2026-06-10 03:59:00+00:00,99828.91999358384
2026-06-10 04:59:00+00:00,99828.91999358384
2026-06-10 05:59:00+00:00,99828.91999358384
2026-06-10 06:59:00+00:00,99828.91999358384
2026-06-10 07:59:00+00:00,99828.91999358384
2026-06-10 08:59:00+00:00,99828.91999358384
2026-06-10 09:59:00+00:00,99828.91999358384
2026-06-10 10:59:00+00:00,99828.91999358384
2026-06-10 11:59:00+00:00,99828.91999358384
2026-06-10 12:59:00+00:00,99828.91999358384
2026-06-10 13:59:00+00:00,99828.91999358384
2026-06-10 14:59:00+00:00,99828.91999358384
2026-06-10 15:59:00+00:00,99828.91999358384
2026-06-10 16:59:00+00:00,99828.91999358384
2026-06-10 17:59:00+00:00,99828.91999358384
2026-06-10 18:59:00+00:00,99828.91999358384
2026-06-10 19:59:00+00:00,99828.91999358384
2026-06-10 20:59:00+00:00,99828.91999358384
2026-06-10 21:59:00+00:00,99828.91999358384
2026-06-10 22:59:00+00:00,99828.91999358384
2026-06-10 23:59:00+00:00,99828.91999358384
2026-06-11 00:59:00+00:00,99828.91999358384
2026-06-11 01:59:00+00:00,99828.91999358384
2026-06-11 02:59:00+00:00,99828.91999358384
2026-06-11 03:59:00+00:00,99828.91999358384
2026-06-11 04:59:00+00:00,99828.91999358384
2026-06-11 05:59:00+00:00,99828.91999358384
2026-06-11 06:59:00+00:00,99828.91999358384
2026-06-11 07:59:00+00:00,99828.91999358384
2026-06-11 08:59:00+00:00,99828.91999358384
2026-06-11 09:59:00+00:00,99828.91999358384
2026-06-11 10:59:00+00:00,99828.91999358384
2026-06-11 11:59:00+00:00,99828.91999358384
2026-06-11 12:59:00+00:00,99828.91999358384
2026-06-11 13:59:00+00:00,99828.91999358384
2026-06-11 14:59:00+00:00,99828.91999358384
2026-06-11 15:59:00+00:00,99828.91999358384
2026-06-11 16:59:00+00:00,99828.91999358384
2026-06-11 17:59:00+00:00,99855.8083284288
2026-06-11 18:59:00+00:00,99842.13313252511
2026-06-11 19:59:00+00:00,99819.46192140049
2026-06-11 20:59:00+00:00,99799.76689483537
2026-06-11 21:59:00+00:00,99799.76689483537
2026-06-11 22:59:00+00:00,99799.76689483537
2026-06-11 23:59:00+00:00,99751.27647394693
2026-06-12 00:59:00+00:00,99758.63613017321
2026-06-12 01:59:00+00:00,99801.01932278217
2026-06-12 02:59:00+00:00,99764.32939485203
2026-06-12 03:59:00+00:00,99794.06088817473
2026-06-12 04:59:00+00:00,99786.68994491205
2026-06-12 05:59:00+00:00,99786.68994491205
2026-06-12 06:59:00+00:00,99786.68994491205
2026-06-12 07:59:00+00:00,99786.68994491205
2026-06-12 08:59:00+00:00,99809.19156511633
2026-06-12 09:59:00+00:00,99813.56499955598
2026-06-12 10:59:00+00:00,99813.56499955598
2026-06-12 11:59:00+00:00,99813.56499955598
2026-06-12 12:59:00+00:00,99813.56499955598
2026-06-12 13:59:00+00:00,99813.56499955598
2026-06-12 14:59:00+00:00,99813.56499955598
2026-06-12 15:59:00+00:00,100504.03024161591
2026-06-12 16:59:00+00:00,100098.59383331431
2026-06-12 17:59:00+00:00,100320.68602938077
2026-06-12 18:59:00+00:00,100397.12669463549
2026-06-12 19:59:00+00:00,100425.22225583898
2026-06-12 20:59:00+00:00,100407.82439340696
2026-06-12 21:59:00+00:00,100407.82439340696
2026-06-12 22:59:00+00:00,100407.82439340696
2026-06-12 23:59:00+00:00,100407.82439340696
2026-06-13 00:59:00+00:00,100407.82439340696
2026-06-13 01:59:00+00:00,100407.82439340696
2026-06-13 02:59:00+00:00,100407.82439340696
2026-06-13 03:59:00+00:00,100407.82439340696
2026-06-13 04:59:00+00:00,100407.82439340696
2026-06-13 05:59:00+00:00,100407.82439340696
2026-06-13 06:59:00+00:00,100407.82439340696
2026-06-13 07:59:00+00:00,100407.82439340696
2026-06-13 08:59:00+00:00,100407.82439340696
2026-06-13 09:59:00+00:00,100407.82439340696
2026-06-13 10:59:00+00:00,100407.82439340696
2026-06-13 11:59:00+00:00,100407.82439340696
2026-06-13 12:59:00+00:00,100407.82439340696
2026-06-13 13:59:00+00:00,100407.82439340696
2026-06-13 14:59:00+00:00,100407.82439340696
2026-06-13 15:59:00+00:00,100407.82439340696
2026-06-13 16:59:00+00:00,100456.56531240672
2026-06-13 17:59:00+00:00,100608.76826164799
2026-06-13 18:59:00+00:00,100599.54384048184
2026-06-13 19:59:00+00:00,100611.42858471231
2026-06-13 20:59:00+00:00,100611.42858471231
2026-06-13 21:59:00+00:00,100611.42858471231
2026-06-13 22:59:00+00:00,100611.42858471231
2026-06-13 23:59:00+00:00,100611.42858471231
2026-06-14 00:59:00+00:00,100611.42858471231
2026-06-14 01:59:00+00:00,100611.42858471231
2026-06-14 02:59:00+00:00,100611.42858471231
2026-06-14 03:59:00+00:00,100611.42858471231
2026-06-14 04:59:00+00:00,100611.42858471231
2026-06-14 05:59:00+00:00,100611.42858471231
2026-06-14 06:59:00+00:00,100611.42858471231
2026-06-14 07:59:00+00:00,100611.42858471231
2026-06-14 08:59:00+00:00,100611.42858471231
2026-06-14 09:59:00+00:00,100611.42858471231
2026-06-14 10:59:00+00:00,100611.42858471231
2026-06-14 11:59:00+00:00,100611.42858471231
2026-06-14 12:59:00+00:00,100611.42858471231
2026-06-14 13:59:00+00:00,100611.42858471231
2026-06-14 14:59:00+00:00,100611.42858471231
2026-06-14 15:59:00+00:00,100649.96993970098
2026-06-14 16:59:00+00:00,100655.76326332138
2026-06-14 17:59:00+00:00,100655.76326332138
2026-06-14 18:59:00+00:00,100655.76326332138
2026-06-14 19:59:00+00:00,100655.76326332138
2026-06-14 20:59:00+00:00,100655.76326332138
2026-06-14 21:59:00+00:00,100655.76326332138
2026-06-14 22:59:00+00:00,100624.84864945844
2026-06-14 23:59:00+00:00,100299.74466856343
2026-06-15 00:59:00+00:00,100459.02460231962
2026-06-15 01:59:00+00:00,100761.25239449703
2026-06-15 02:59:00+00:00,100738.10188044596
2026-06-15 03:59:00+00:00,100675.31241153127
2026-06-15 04:59:00+00:00,100689.77992308866
2026-06-15 05:59:00+00:00,100689.77992308866
2026-06-15 06:59:00+00:00,100689.77992308866
2026-06-15 07:59:00+00:00,100689.77992308866
2026-06-15 08:59:00+00:00,100689.77992308866
2026-06-15 09:59:00+00:00,100576.2072616158
2026-06-15 10:59:00+00:00,100543.4814795783
2026-06-15 11:59:00+00:00,100235.57367561931
2026-06-15 12:59:00+00:00,100196.40636537121
2026-06-15 13:59:00+00:00,100314.62862906969
2026-06-15 14:59:00+00:00,100467.43726538803
2026-06-15 15:59:00+00:00,100319.31670308884
2026-06-15 16:59:00+00:00,100051.31639970028
2026-06-15 17:59:00+00:00,99990.63679750446
2026-06-15 18:59:00+00:00,99537.18418007255
2026-06-15 19:59:00+00:00,99565.93888380523
2026-06-15 20:59:00+00:00,99505.16107126964
2026-06-15 21:59:00+00:00,99442.53180623372
2026-06-15 22:59:00+00:00,99467.76509730998
2026-06-15 23:59:00+00:00,99245.90698388837
2026-06-16 00:59:00+00:00,98791.35085801593
2026-06-16 01:59:00+00:00,98792.80295515184
2026-06-16 02:59:00+00:00,98412.29552899327
2026-06-16 03:59:00+00:00,98396.88952986804
2026-06-16 04:59:00+00:00,98412.00028552821
2026-06-16 05:59:00+00:00,98427.1178743057
2026-06-16 06:59:00+00:00,98427.1178743057
2026-06-16 07:59:00+00:00,98438.29843381887
2026-06-16 08:59:00+00:00,98438.69257814264
2026-06-16 09:59:00+00:00,98566.8640850518
2026-06-16 10:59:00+00:00,98560.84848804947
2026-06-16 11:59:00+00:00,98592.80479784933
2026-06-16 12:59:00+00:00,98372.12960908133
2026-06-16 13:59:00+00:00,98426.24202720652
2026-06-16 14:59:00+00:00,98382.14234517215
2026-06-16 15:59:00+00:00,98571.38036032057
2026-06-16 16:59:00+00:00,98793.59082826054
2026-06-16 17:59:00+00:00,99070.23557996794
2026-06-16 18:59:00+00:00,99235.47698594087
2026-06-16 19:59:00+00:00,99097.65402185351
2026-06-16 20:59:00+00:00,99034.6184336223
2026-06-16 21:59:00+00:00,99182.5648380953
2026-06-16 22:59:00+00:00,99228.58853065001
2026-06-16 23:59:00+00:00,99214.09023070087
2026-06-17 00:59:00+00:00,99230.65807456977
2026-06-17 01:59:00+00:00,99149.95733988269
2026-06-17 02:59:00+00:00,98956.42237865127
2026-06-17 03:59:00+00:00,98857.1753800814
2026-06-17 04:59:00+00:00,98895.67720114531
2026-06-17 05:59:00+00:00,98915.00971890421
2026-06-17 06:59:00+00:00,98902.88013960654
2026-06-17 07:59:00+00:00,98808.27776376478
2026-06-17 08:59:00+00:00,98839.76043130271
2026-06-17 09:59:00+00:00,99273.23476396225
2026-06-17 10:59:00+00:00,98902.2408619683
2026-06-17 11:59:00+00:00,98050.29023040851
2026-06-17 12:59:00+00:00,97980.26278255343
2026-06-17 13:59:00+00:00,98251.83305541663
2026-06-17 14:59:00+00:00,98430.43147727374
2026-06-17 15:59:00+00:00,98109.38985015721
2026-06-17 16:59:00+00:00,98345.5490688422
2026-06-17 17:59:00+00:00,98251.78860381535
2026-06-17 18:59:00+00:00,98336.9365795773
2026-06-17 19:59:00+00:00,98116.1848826362
2026-06-17 20:59:00+00:00,98023.04137643366
2026-06-17 21:59:00+00:00,98057.56591162163
2026-06-17 22:59:00+00:00,98064.85345170503
2026-06-17 23:59:00+00:00,98064.85345170503
2026-06-18 00:59:00+00:00,98064.85345170503
2026-06-18 01:59:00+00:00,98064.85345170503
2026-06-18 02:59:00+00:00,98185.15200592445
2026-06-18 03:59:00+00:00,98456.37368523362
2026-06-18 04:59:00+00:00,98274.17525503592
2026-06-18 05:59:00+00:00,98310.06556584539
2026-06-18 06:59:00+00:00,98167.25398118848
2026-06-18 07:59:00+00:00,98174.68019269135
2026-06-18 08:59:00+00:00,98188.75447404732
2026-06-18 09:59:00+00:00,98156.67662110234
2026-06-18 10:59:00+00:00,98144.83668558033
2026-06-18 11:59:00+00:00,98144.83668558033
2026-06-18 12:59:00+00:00,98144.83668558033
2026-06-18 13:59:00+00:00,98114.81135928648
2026-06-18 14:59:00+00:00,97975.65855087798
2026-06-18 15:59:00+00:00,98370.66003872344
2026-06-18 16:59:00+00:00,98357.32380083103
2026-06-18 17:59:00+00:00,98723.35074865815
2026-06-18 18:59:00+00:00,98723.95208190892
2026-06-18 19:59:00+00:00,98770.23931672612
2026-06-18 20:59:00+00:00,98722.59189258881
2026-06-18 21:59:00+00:00,98713.40235135502
2026-06-18 22:59:00+00:00,98713.40235135502
2026-06-18 23:59:00+00:00,98713.40235135502
2026-06-19 00:59:00+00:00,98713.40235135502
2026-06-19 01:59:00+00:00,98708.26457337425
2026-06-19 02:59:00+00:00,98699.96581576165
2026-06-19 03:59:00+00:00,98699.96581576165
2026-06-19 04:59:00+00:00,98171.74575108338
2026-06-19 05:59:00+00:00,98265.7946619796
2026-06-19 06:59:00+00:00,98287.1611071323
2026-06-19 07:59:00+00:00,98005.70267372935
2026-06-19 08:59:00+00:00,98028.8809142461
2026-06-19 09:59:00+00:00,98025.29926418864
2026-06-19 10:59:00+00:00,98013.6164633545
2026-06-19 11:59:00+00:00,98013.6164633545
2026-06-19 12:59:00+00:00,98013.6164633545
2026-06-19 13:59:00+00:00,98013.6164633545
2026-06-19 14:59:00+00:00,98035.26709872109
2026-06-19 15:59:00+00:00,98050.29280721748
2026-06-19 16:59:00+00:00,98314.86496496649
2026-06-19 17:59:00+00:00,98261.46692539335
2026-06-19 18:59:00+00:00,98229.8960106417
2026-06-19 19:59:00+00:00,98227.91924069781
2026-06-19 20:59:00+00:00,98227.91924069781
2026-06-19 21:59:00+00:00,98204.40686491574
2026-06-19 22:59:00+00:00,98220.98261909068
2026-06-19 23:59:00+00:00,98217.3598222582
2026-06-20 00:59:00+00:00,98217.3598222582
2026-06-20 01:59:00+00:00,98217.3598222582
2026-06-20 02:59:00+00:00,98217.3598222582
2026-06-20 03:59:00+00:00,98217.3598222582
2026-06-20 04:59:00+00:00,98217.3598222582
2026-06-20 05:59:00+00:00,98217.3598222582
2026-06-20 06:59:00+00:00,98217.3598222582
2026-06-20 07:59:00+00:00,98217.3598222582
2026-06-20 08:59:00+00:00,98178.64306957538
2026-06-20 09:59:00+00:00,98137.09325904204
2026-06-20 10:59:00+00:00,98147.90356090105
2026-06-20 11:59:00+00:00,98147.90356090105
2026-06-20 12:59:00+00:00,98147.90356090105
2026-06-20 13:59:00+00:00,98147.90356090105
2026-06-20 14:59:00+00:00,98147.90356090105
2026-06-20 15:59:00+00:00,98071.8297282026
2026-06-20 16:59:00+00:00,98121.88175201368
2026-06-20 17:59:00+00:00,98139.15785606054
2026-06-20 18:59:00+00:00,98160.42007743377
2026-06-20 19:59:00+00:00,98166.12903534032
2026-06-20 20:59:00+00:00,98164.46602310556
2026-06-20 21:59:00+00:00,98164.46602310556
2026-06-20 22:59:00+00:00,98164.46602310556
2026-06-20 23:59:00+00:00,98164.46602310556
2026-06-21 00:59:00+00:00,98164.46602310556
2026-06-21 01:59:00+00:00,98164.46602310556
2026-06-21 02:59:00+00:00,98164.46602310556
2026-06-21 03:59:00+00:00,98164.46602310556
2026-06-21 04:59:00+00:00,98164.46602310556
2026-06-21 05:59:00+00:00,98164.46602310556
2026-06-21 06:59:00+00:00,98164.46602310556
2026-06-21 07:59:00+00:00,98164.46602310556
2026-06-21 08:59:00+00:00,98170.90128586977
2026-06-21 09:59:00+00:00,98172.70087276866
2026-06-21 10:59:00+00:00,98178.09963346535
2026-06-21 11:59:00+00:00,98180.79901381368
2026-06-21 12:59:00+00:00,98180.33981922331
2026-06-21 13:59:00+00:00,98196.39922111334
2026-06-21 14:59:00+00:00,98203.44171175755
2026-06-21 15:59:00+00:00,98203.44171175755
2026-06-21 16:59:00+00:00,98297.73968965145
2026-06-21 17:59:00+00:00,98338.3814973736
2026-06-21 18:59:00+00:00,98346.93766742037
2026-06-21 19:59:00+00:00,98342.86835294613
2026-06-21 20:59:00+00:00,98342.86835294613
2026-06-21 21:59:00+00:00,98342.86835294613
2026-06-21 22:59:00+00:00,98342.86835294613
2026-06-21 23:59:00+00:00,98342.86835294613
2026-06-22 00:59:00+00:00,98342.86835294613
2026-06-22 01:59:00+00:00,98123.85236809957
2026-06-22 02:59:00+00:00,98373.04501604883
2026-06-22 03:59:00+00:00,98602.02522382063
2026-06-22 04:59:00+00:00,98433.1887896607
2026-06-22 05:59:00+00:00,98329.87016798137
2026-06-22 06:59:00+00:00,98321.71893851664
2026-06-22 07:59:00+00:00,98321.71893851664
2026-06-22 08:59:00+00:00,98321.71893851664
2026-06-22 09:59:00+00:00,98321.71893851664
2026-06-22 10:59:00+00:00,98321.71893851664
2026-06-22 11:59:00+00:00,98321.71893851664
2026-06-22 12:59:00+00:00,98333.51721577097
2026-06-22 13:59:00+00:00,98253.7294498891
2026-06-22 14:59:00+00:00,98285.52621793492
2026-06-22 15:59:00+00:00,98115.72904926757
2026-06-22 16:59:00+00:00,98088.19980690288
2026-06-22 17:59:00+00:00,98110.58724639678
2026-06-22 18:59:00+00:00,98107.641654811
2026-06-22 19:59:00+00:00,98109.51387282294
2026-06-22 20:59:00+00:00,98109.51387282294
2026-06-22 21:59:00+00:00,98109.51387282294
2026-06-22 22:59:00+00:00,98109.51387282294
2026-06-22 23:59:00+00:00,98109.51387282294
2026-06-23 00:59:00+00:00,98109.51387282294
2026-06-23 01:59:00+00:00,98109.51387282294
2026-06-23 02:59:00+00:00,98109.51387282294
2026-06-23 03:59:00+00:00,98109.51387282294
2026-06-23 04:59:00+00:00,98109.51387282294
2026-06-23 05:59:00+00:00,98109.51387282294
2026-06-23 06:59:00+00:00,97885.6502635644
2026-06-23 07:59:00+00:00,97714.50213976005
2026-06-23 08:59:00+00:00,97710.61188329903
2026-06-23 09:59:00+00:00,97749.97075330841
2026-06-23 10:59:00+00:00,97777.03048706299
2026-06-23 11:59:00+00:00,97780.85107046626
2026-06-23 12:59:00+00:00,97821.65627101786
2026-06-23 13:59:00+00:00,97726.32796748217
2026-06-23 14:59:00+00:00,97739.22394568159
2026-06-23 15:59:00+00:00,97655.00105121902
2026-06-23 16:59:00+00:00,97678.29417839457
2026-06-23 17:59:00+00:00,97682.88610810778
2026-06-23 18:59:00+00:00,97664.51838925494
2026-06-23 19:59:00+00:00,97643.85470554548
2026-06-23 20:59:00+00:00,97655.7046393634
2026-06-23 21:59:00+00:00,97775.9666007363
2026-06-23 22:59:00+00:00,97774.03059778074
2026-06-23 23:59:00+00:00,97774.03059778074
2026-06-24 00:59:00+00:00,97774.03059778074
2026-06-24 01:59:00+00:00,97774.03059778074
2026-06-24 02:59:00+00:00,97774.03059778074
2026-06-24 03:59:00+00:00,97774.03059778074
2026-06-24 04:59:00+00:00,97774.03059778074
2026-06-24 05:59:00+00:00,97774.03059778074
2026-06-24 06:59:00+00:00,97774.03059778074
2026-06-24 07:59:00+00:00,97774.03059778074
2026-06-24 08:59:00+00:00,97774.03059778074
2026-06-24 09:59:00+00:00,97764.97408960073
2026-06-24 10:59:00+00:00,97757.69011661506
2026-06-24 11:59:00+00:00,97651.11829763876
2026-06-24 12:59:00+00:00,97549.80984963293
2026-06-24 13:59:00+00:00,97984.59798776072
2026-06-24 14:59:00+00:00,97631.65580753017
2026-06-24 15:59:00+00:00,97901.15498467797
2026-06-24 16:59:00+00:00,97767.19176536721
2026-06-24 17:59:00+00:00,97666.70351926671
2026-06-24 18:59:00+00:00,98068.57818524407
2026-06-24 19:59:00+00:00,97975.47838494838
2026-06-24 20:59:00+00:00,97856.82983732631
2026-06-24 21:59:00+00:00,97899.50706542097
2026-06-24 22:59:00+00:00,98001.97703258882
2026-06-24 23:59:00+00:00,98042.27754488892
2026-06-25 00:59:00+00:00,98007.10768571458
2026-06-25 01:59:00+00:00,98260.25548439535
2026-06-25 02:59:00+00:00,98460.28747732328
2026-06-25 03:59:00+00:00,98496.2829955969
2026-06-25 04:59:00+00:00,98626.6115962428
2026-06-25 05:59:00+00:00,98635.43233529467
2026-06-25 06:59:00+00:00,98421.1046872092
2026-06-25 07:59:00+00:00,98469.91547289326
2026-06-25 08:59:00+00:00,98450.899176351
2026-06-25 09:59:00+00:00,98479.78054152914
2026-06-25 10:59:00+00:00,98479.78054152914
2026-06-25 11:59:00+00:00,98479.78054152914
2026-06-25 12:59:00+00:00,98479.78054152914
2026-06-25 13:59:00+00:00,98479.78054152914
2026-06-25 14:59:00+00:00,98840.414198804
2026-06-25 15:59:00+00:00,98882.51749467975
2026-06-25 16:59:00+00:00,98747.54295343914
2026-06-25 17:59:00+00:00,98915.77516128529
2026-06-25 18:59:00+00:00,99088.5668167324
2026-06-25 19:59:00+00:00,99121.81135019011
2026-06-25 20:59:00+00:00,99071.99039188288
2026-06-25 21:59:00+00:00,99068.72770283352
2026-06-25 22:59:00+00:00,99046.64529419818
2026-06-25 23:59:00+00:00,98960.05724635601
2026-06-26 00:59:00+00:00,98952.98642973142
2026-06-26 01:59:00+00:00,98945.79022852656
2026-06-26 02:59:00+00:00,98749.10665507596
2026-06-26 03:59:00+00:00,99474.18507627651
2026-06-26 04:59:00+00:00,99295.08402711313
2026-06-26 05:59:00+00:00,99318.76173872953
2026-06-26 06:59:00+00:00,99546.18791894316
2026-06-26 07:59:00+00:00,99534.90095883577
2026-06-26 08:59:00+00:00,99524.79013216443
2026-06-26 09:59:00+00:00,99488.8558445011
2026-06-26 10:59:00+00:00,99541.31020340345
2026-06-26 11:59:00+00:00,99528.09563957325
2026-06-26 12:59:00+00:00,99535.62286374153
2026-06-26 13:59:00+00:00,99535.62286374153
2026-06-26 14:59:00+00:00,99668.82708149556
2026-06-26 15:59:00+00:00,99371.29284654802
2026-06-26 16:59:00+00:00,99327.47827160513
2026-06-26 17:59:00+00:00,99270.27566248419
2026-06-26 18:59:00+00:00,99266.52828430841
2026-06-26 19:59:00+00:00,99268.77902433283
2026-06-26 20:59:00+00:00,99065.56061524093
2026-06-26 21:59:00+00:00,99048.9034107045
2026-06-26 22:59:00+00:00,99049.04749552374
2026-06-26 23:59:00+00:00,98969.70530544898
2026-06-27 00:59:00+00:00,99023.58216699981
2026-06-27 01:59:00+00:00,99027.65335744029
2026-06-27 02:59:00+00:00,99027.65335744029
2026-06-27 03:59:00+00:00,99027.65335744029
2026-06-27 04:59:00+00:00,99190.34720544661
2026-06-27 05:59:00+00:00,99255.57436077329
2026-06-27 06:59:00+00:00,99261.0339806039
2026-06-27 07:59:00+00:00,99261.0339806039
2026-06-27 08:59:00+00:00,99261.0339806039
2026-06-27 09:59:00+00:00,99261.0339806039
2026-06-27 10:59:00+00:00,99261.0339806039
2026-06-27 11:59:00+00:00,99261.0339806039
2026-06-27 12:59:00+00:00,99261.0339806039
2026-06-27 13:59:00+00:00,99261.0339806039
2026-06-27 14:59:00+00:00,99261.0339806039
2026-06-27 15:59:00+00:00,99261.0339806039
2026-06-27 16:59:00+00:00,99261.0339806039
2026-06-27 17:59:00+00:00,99261.0339806039
2026-06-27 18:59:00+00:00,99261.0339806039
2026-06-27 19:59:00+00:00,99261.0339806039
2026-06-27 20:59:00+00:00,99277.88097302719
2026-06-27 21:59:00+00:00,99278.78621742992
2026-06-27 22:59:00+00:00,99278.78621742992
2026-06-27 23:59:00+00:00,99278.78621742992
2026-06-28 00:59:00+00:00,99278.78621742992
2026-06-28 01:59:00+00:00,99278.78621742992
2026-06-28 02:59:00+00:00,99278.78621742992
2026-06-28 03:59:00+00:00,99278.78621742992
2026-06-28 04:59:00+00:00,99278.78621742992
2026-06-28 05:59:00+00:00,99278.78621742992
2026-06-28 06:59:00+00:00,99278.78621742992
2026-06-28 07:59:00+00:00,99278.78621742992
2026-06-28 08:59:00+00:00,99278.78621742992
2026-06-28 09:59:00+00:00,99278.78621742992
2026-06-28 10:59:00+00:00,99278.78621742992
2026-06-28 11:59:00+00:00,99278.78621742992
2026-06-28 12:59:00+00:00,99278.78621742992
2026-06-28 13:59:00+00:00,99278.78621742992
2026-06-28 14:59:00+00:00,99278.78621742992
2026-06-28 15:59:00+00:00,99278.78621742992
2026-06-28 16:59:00+00:00,99278.78621742992
2026-06-28 17:59:00+00:00,99278.78621742992
2026-06-28 18:59:00+00:00,99278.78621742992
2026-06-28 19:59:00+00:00,99278.78621742992
2026-06-28 20:59:00+00:00,99278.78621742992
2026-06-28 21:59:00+00:00,99278.78621742992
2026-06-28 22:59:00+00:00,99278.78621742992
2026-06-28 23:59:00+00:00,99278.78621742992
2026-06-29 00:59:00+00:00,99278.78621742992
2026-06-29 01:59:00+00:00,99278.78621742992
2026-06-29 02:59:00+00:00,99278.78621742992
2026-06-29 03:59:00+00:00,99278.78621742992
2026-06-29 04:59:00+00:00,99278.78621742992
2026-06-29 05:59:00+00:00,99278.78621742992
2026-06-29 06:59:00+00:00,99278.78621742992
2026-06-29 07:59:00+00:00,99278.78621742992
2026-06-29 08:59:00+00:00,99278.78621742992
2026-06-29 09:59:00+00:00,99278.78621742992
2026-06-29 10:59:00+00:00,99278.78621742992
2026-06-29 11:59:00+00:00,99278.78621742992
2026-06-29 12:59:00+00:00,99278.78621742992
2026-06-29 13:59:00+00:00,99278.78621742992
2026-06-29 14:59:00+00:00,99278.78621742992
2026-06-29 15:59:00+00:00,99278.78621742992
2026-06-29 16:59:00+00:00,99340.66372048562
2026-06-29 17:59:00+00:00,99324.39102628577
2026-06-29 18:59:00+00:00,99375.44512442323
2026-06-29 19:59:00+00:00,99343.68396052216
2026-06-29 20:59:00+00:00,99349.04422749423
2026-06-29 21:59:00+00:00,99344.92078819039
2026-06-29 22:59:00+00:00,99344.92078819039
2026-06-29 23:59:00+00:00,99344.92078819039
2026-06-30 00:59:00+00:00,99344.92078819039
2026-06-30 01:59:00+00:00,99344.92078819039
2026-06-30 02:59:00+00:00,99344.92078819039
2026-06-30 03:59:00+00:00,99344.92078819039
2026-06-30 04:59:00+00:00,99344.92078819039
2026-06-30 05:59:00+00:00,99344.92078819039
2026-06-30 06:59:00+00:00,99320.84016564328
2026-06-30 07:59:00+00:00,99221.15577910635
2026-06-30 08:59:00+00:00,99105.27001744769
2026-06-30 09:59:00+00:00,99049.23122717829
2026-06-30 10:59:00+00:00,99040.29853624242
2026-06-30 11:59:00+00:00,99040.29853624242
2026-06-30 12:59:00+00:00,99040.29853624242
2026-06-30 13:59:00+00:00,99374.17500072134
2026-06-30 14:59:00+00:00,99259.99235078813
2026-06-30 15:59:00+00:00,99288.24545371813
2026-06-30 16:59:00+00:00,99288.24545371813
2026-06-30 17:59:00+00:00,99300.47421009564
2026-06-30 18:59:00+00:00,99441.43615504506
2026-06-30 19:59:00+00:00,99456.17063795158
2026-06-30 20:59:00+00:00,99628.0820171743
2026-06-30 21:59:00+00:00,99597.0392628115
2026-06-30 22:59:00+00:00,99560.15031263223
2026-06-30 23:59:00+00:00,99560.15031263223
2026-07-01 00:00:00+00:00,99560.15031263223
2026-07-01 00:59:00+00:00,99560.15031263223
2026-07-01 01:59:00+00:00,99294.07681975297
2026-07-01 02:59:00+00:00,98927.32196918363
2026-07-01 03:59:00+00:00,98813.73544192869
2026-07-01 04:59:00+00:00,98564.13242336741
2026-07-01 05:59:00+00:00,98443.03734452033
2026-07-01 06:59:00+00:00,98831.69093646355
2026-07-01 07:59:00+00:00,98794.59657619963
2026-07-01 08:59:00+00:00,98774.16245786019
2026-07-01 09:59:00+00:00,98792.02967555604
2026-07-01 10:59:00+00:00,98792.02967555604
2026-07-01 11:59:00+00:00,98792.02967555604
2026-07-01 12:59:00+00:00,98792.02967555604
2026-07-01 13:59:00+00:00,98792.02967555604
2026-07-01 14:59:00+00:00,98430.60705729037
2026-07-01 15:59:00+00:00,98325.22177393825
2026-07-01 16:59:00+00:00,98463.25377588307
2026-07-01 17:59:00+00:00,98377.88167421732
2026-07-01 18:59:00+00:00,98358.21635760662
2026-07-01 19:59:00+00:00,98358.21635760662
2026-07-01 20:59:00+00:00,98358.21635760662
2026-07-01 21:59:00+00:00,98358.21635760662
2026-07-01 22:59:00+00:00,98485.3932368035
2026-07-01 23:59:00+00:00,98402.54281588063
2026-07-02 00:59:00+00:00,98634.47772151254
2026-07-02 01:59:00+00:00,98614.75096527074
2026-07-02 02:59:00+00:00,98596.57612373604
2026-07-02 03:59:00+00:00,98457.00826992668
2026-07-02 04:59:00+00:00,98519.04788342121
2026-07-02 05:59:00+00:00,98718.39725658586
2026-07-02 06:59:00+00:00,98786.69432579234
2026-07-02 07:59:00+00:00,98694.9811185722
2026-07-02 08:59:00+00:00,98692.5671677212
2026-07-02 09:59:00+00:00,98692.77212276154
2026-07-02 10:59:00+00:00,98692.77212276154
2026-07-02 11:59:00+00:00,98629.47382318525
2026-07-02 12:59:00+00:00,98388.33893441128
2026-07-02 13:59:00+00:00,98340.6813004382
2026-07-02 14:59:00+00:00,98408.41975822883
2026-07-02 15:59:00+00:00,98410.10275119104
2026-07-02 16:59:00+00:00,98662.44343658049
2026-07-02 17:59:00+00:00,98614.50901931486
2026-07-02 18:59:00+00:00,98630.74266605514
2026-07-02 19:59:00+00:00,98586.02335848234
2026-07-02 20:59:00+00:00,98605.380570532
2026-07-02 21:59:00+00:00,98600.31581000803
2026-07-02 22:59:00+00:00,98600.31581000803
2026-07-02 23:59:00+00:00,98600.31581000803
2026-07-03 00:59:00+00:00,98600.31581000803
2026-07-03 01:59:00+00:00,98600.31581000803
2026-07-03 02:59:00+00:00,98730.47610308642
2026-07-03 03:59:00+00:00,98800.20258889829
2026-07-03 04:59:00+00:00,98957.02124521793
2026-07-03 05:59:00+00:00,98974.88362127046
2026-07-03 06:59:00+00:00,98909.38824241117
2026-07-03 07:59:00+00:00,98875.47603607005
2026-07-03 08:59:00+00:00,98865.59787196721
2026-07-03 09:59:00+00:00,98865.59787196721
2026-07-03 10:59:00+00:00,98865.59787196721
2026-07-03 11:59:00+00:00,98865.59787196721
2026-07-03 12:59:00+00:00,98865.59787196721
2026-07-03 13:59:00+00:00,98865.59787196721
2026-07-03 14:59:00+00:00,98865.59787196721
2026-07-03 15:59:00+00:00,98649.31461345496
2026-07-03 16:59:00+00:00,98582.88096033609
2026-07-03 17:59:00+00:00,98593.75330016018
2026-07-03 18:59:00+00:00,98564.0678103913
2026-07-03 19:59:00+00:00,98560.73292565631
2026-07-03 20:59:00+00:00,98560.73292565631
2026-07-03 21:59:00+00:00,98609.84615487544
2026-07-03 22:59:00+00:00,98785.11388905474
2026-07-03 23:59:00+00:00,98812.48193292216
2026-07-04 00:59:00+00:00,98848.0626315063
2026-07-04 01:59:00+00:00,98937.50464235074
2026-07-04 02:59:00+00:00,98888.36594723647
2026-07-04 03:59:00+00:00,98886.397007506
2026-07-04 04:59:00+00:00,98886.397007506
2026-07-04 05:59:00+00:00,98928.5514016436
2026-07-04 06:59:00+00:00,98967.1573569728
2026-07-04 07:59:00+00:00,98959.69096521214
2026-07-04 08:59:00+00:00,98959.69096521214
2026-07-04 09:59:00+00:00,98985.74181628018
2026-07-04 10:59:00+00:00,98947.4243209596
2026-07-04 11:59:00+00:00,98994.40347245206
2026-07-04 12:59:00+00:00,98951.24892561117
2026-07-04 13:59:00+00:00,98947.91415800405
2026-07-04 14:59:00+00:00,98947.91415800405
2026-07-04 15:59:00+00:00,98545.70048584566
2026-07-04 16:59:00+00:00,98551.6134231834
2026-07-04 17:59:00+00:00,98490.87813060559
2026-07-04 18:59:00+00:00,98550.839258412
2026-07-04 19:59:00+00:00,98450.53244331916
2026-07-04 20:59:00+00:00,98361.45032042247
2026-07-04 21:59:00+00:00,98407.40140765609
2026-07-04 22:59:00+00:00,98392.27851672129
2026-07-04 23:59:00+00:00,98377.1556257865
2026-07-05 00:59:00+00:00,98379.29148782956
2026-07-05 01:59:00+00:00,98306.40983939586
2026-07-05 02:59:00+00:00,98258.70297458525
2026-07-05 03:59:00+00:00,98337.57385813679
2026-07-05 04:59:00+00:00,98459.09300122446
2026-07-05 05:59:00+00:00,98418.02791149139
2026-07-05 06:59:00+00:00,98480.04457761889
2026-07-05 07:59:00+00:00,98515.66225748941
2026-07-05 08:59:00+00:00,98528.13833238992
2026-07-05 09:59:00+00:00,98528.13833238992
2026-07-05 10:59:00+00:00,98600.76581037392
2026-07-05 11:59:00+00:00,98610.30119060446
2026-07-05 12:59:00+00:00,98595.64497152022
2026-07-05 13:59:00+00:00,98724.7675086291
2026-07-05 14:59:00+00:00,98651.79031227168
2026-07-05 15:59:00+00:00,98636.8609904169
2026-07-05 16:59:00+00:00,98663.38492456336
2026-07-05 17:59:00+00:00,98742.25130003852
2026-07-05 18:59:00+00:00,98810.71260476268
2026-07-05 19:59:00+00:00,98795.79897857395
2026-07-05 20:59:00+00:00,98909.8238079805
2026-07-05 21:59:00+00:00,98871.41326493419
2026-07-05 22:59:00+00:00,98877.88703117125
2026-07-05 23:59:00+00:00,98877.88703117125
2026-07-06 00:59:00+00:00,98877.88703117125
2026-07-06 01:59:00+00:00,98877.88703117125
2026-07-06 02:59:00+00:00,98856.33661091817
2026-07-06 03:59:00+00:00,98856.54019583296
2026-07-06 04:59:00+00:00,98856.54019583296
2026-07-06 05:59:00+00:00,98856.54019583296
2026-07-06 06:59:00+00:00,98856.54019583296
2026-07-06 07:59:00+00:00,98856.54019583296
2026-07-06 08:59:00+00:00,98856.54019583296
2026-07-06 09:59:00+00:00,98856.54019583296
2026-07-06 10:59:00+00:00,98894.11500719607
2026-07-06 11:59:00+00:00,99037.71364015876
2026-07-06 12:59:00+00:00,99208.24884177343
2026-07-06 13:59:00+00:00,98874.8799945483
2026-07-06 14:59:00+00:00,98806.3752433786
2026-07-06 15:59:00+00:00,98878.44853606938
2026-07-06 16:59:00+00:00,98765.54342018068
2026-07-06 17:59:00+00:00,98790.95465535842
2026-07-06 18:59:00+00:00,98754.3208075267
2026-07-06 19:59:00+00:00,98753.82485219432
2026-07-06 20:59:00+00:00,98732.49874158157
2026-07-06 21:59:00+00:00,98718.98219260167
2026-07-06 22:59:00+00:00,98790.42900318134
2026-07-06 23:59:00+00:00,98969.62683229776
2026-07-07 00:59:00+00:00,98987.87394629861
2026-07-07 01:59:00+00:00,99087.87263174483
2026-07-07 02:59:00+00:00,99104.77656705178
2026-07-07 03:59:00+00:00,99104.26409607973
2026-07-07 04:59:00+00:00,99104.26409607973
2026-07-07 05:59:00+00:00,99104.26409607973
2026-07-07 06:59:00+00:00,99104.26409607973
2026-07-07 07:59:00+00:00,99104.26409607973
2026-07-07 08:59:00+00:00,99104.26409607973
2026-07-07 09:59:00+00:00,99104.26409607973
2026-07-07 10:59:00+00:00,99104.26409607973
2026-07-07 11:59:00+00:00,99226.65142968122
2026-07-07 12:59:00+00:00,99151.60492939211
2026-07-07 13:59:00+00:00,99125.87470072156
2026-07-07 14:59:00+00:00,99121.75078832138
2026-07-07 15:59:00+00:00,99072.55659624377
2026-07-07 16:59:00+00:00,99079.06443448368
2026-07-07 17:59:00+00:00,99079.06443448368
2026-07-07 18:59:00+00:00,99079.06443448368
2026-07-07 19:59:00+00:00,99174.47699482483
2026-07-07 20:59:00+00:00,99175.51693287119
2026-07-07 21:59:00+00:00,99175.51693287119
2026-07-07 22:59:00+00:00,99175.51693287119
2026-07-07 23:59:00+00:00,99175.51693287119
2026-07-08 00:59:00+00:00,99175.51693287119
2026-07-08 01:59:00+00:00,99468.17310009093
2026-07-08 02:59:00+00:00,99494.18652622221
2026-07-08 03:59:00+00:00,99400.27297801121
2026-07-08 04:59:00+00:00,99250.05977730625
2026-07-08 05:59:00+00:00,99055.8154813329
2026-07-08 06:59:00+00:00,99024.7330051832
2026-07-08 07:59:00+00:00,99008.98875441747
2026-07-08 08:59:00+00:00,99008.98875441747
2026-07-08 09:59:00+00:00,98952.01923473044
2026-07-08 10:59:00+00:00,98955.60998509932
2026-07-08 11:59:00+00:00,98955.60998509932
2026-07-08 12:59:00+00:00,98955.60998509932
2026-07-08 13:59:00+00:00,98955.60998509932
2026-07-08 14:59:00+00:00,98955.60998509932
2026-07-08 15:59:00+00:00,98955.60998509932
2026-07-08 16:59:00+00:00,98955.60998509932
2026-07-08 17:59:00+00:00,99142.56872225479
2026-07-08 18:59:00+00:00,99148.02778995101
2026-07-08 19:59:00+00:00,99124.65365495029
2026-07-08 20:59:00+00:00,99124.65365495029
2026-07-08 21:59:00+00:00,99124.65365495029
2026-07-08 22:59:00+00:00,99124.65365495029
2026-07-08 23:59:00+00:00,99124.65365495029
2026-07-09 00:59:00+00:00,99124.65365495029
2026-07-09 01:59:00+00:00,99124.65365495029
2026-07-09 02:59:00+00:00,99124.65365495029
2026-07-09 03:59:00+00:00,99124.65365495029
2026-07-09 04:59:00+00:00,99090.44260751437
2026-07-09 05:59:00+00:00,99063.33468035258
2026-07-09 06:59:00+00:00,99059.41909087366
2026-07-09 07:59:00+00:00,99108.0054801554
2026-07-09 08:59:00+00:00,99154.83818191574
2026-07-09 09:59:00+00:00,99164.56099658794
2026-07-09 10:59:00+00:00,99224.59700815816
2026-07-09 11:59:00+00:00,99193.84685589049
2026-07-09 12:59:00+00:00,99193.34753198938
2026-07-09 13:59:00+00:00,99248.19882078175
2026-07-09 14:59:00+00:00,99246.2029884092
2026-07-09 15:59:00+00:00,99246.2029884092
2026-07-09 16:59:00+00:00,99246.2029884092
2026-07-09 17:59:00+00:00,99246.2029884092
2026-07-09 18:59:00+00:00,99246.2029884092
2026-07-09 19:59:00+00:00,99172.58598802608
2026-07-09 20:59:00+00:00,99172.72818834924
2026-07-09 21:59:00+00:00,99172.72818834924
2026-07-09 22:59:00+00:00,99172.72818834924
2026-07-09 23:59:00+00:00,99172.72818834924
2026-07-10 00:59:00+00:00,99172.72818834924
2026-07-10 01:59:00+00:00,99172.72818834924
2026-07-10 02:59:00+00:00,99103.28203454727
2026-07-10 03:59:00+00:00,99022.03106485555
2026-07-10 04:59:00+00:00,99104.42880592021
2026-07-10 05:59:00+00:00,99068.04307046963
2026-07-10 06:59:00+00:00,99094.83640040601
2026-07-10 07:59:00+00:00,99146.62260428004
2026-07-10 08:59:00+00:00,99139.16886445683
2026-07-10 09:59:00+00:00,99149.11861233463
2026-07-10 10:59:00+00:00,99290.01708038486
2026-07-10 11:59:00+00:00,99250.05993405839
2026-07-10 12:59:00+00:00,99383.55246536141
2026-07-10 13:59:00+00:00,99360.67645325641
2026-07-10 14:59:00+00:00,99624.42686176428
2026-07-10 15:59:00+00:00,99674.29683016366
2026-07-10 16:59:00+00:00,99740.83834883408
2026-07-10 17:59:00+00:00,99619.82562693984
2026-07-10 18:59:00+00:00,99588.8688841297
2026-07-10 19:59:00+00:00,99581.25746534747
2026-07-10 20:59:00+00:00,99581.25746534747
2026-07-10 21:59:00+00:00,99581.25746534747
2026-07-10 22:59:00+00:00,99624.52778492655
2026-07-10 23:59:00+00:00,99599.90631901826
2026-07-11 00:59:00+00:00,99599.90631901826
2026-07-11 01:59:00+00:00,99599.90631901826
2026-07-11 02:59:00+00:00,99599.90631901826
2026-07-11 03:59:00+00:00,99599.90631901826
2026-07-11 04:59:00+00:00,99599.90631901826
2026-07-11 05:59:00+00:00,99599.90631901826
2026-07-11 06:59:00+00:00,99599.90631901826
2026-07-11 07:59:00+00:00,99599.90631901826
2026-07-11 08:59:00+00:00,99599.90631901826
2026-07-11 09:59:00+00:00,99574.99603010999
2026-07-11 10:59:00+00:00,99557.25481470027
2026-07-11 11:59:00+00:00,99809.2098125362
2026-07-11 12:59:00+00:00,99759.46577869874
2026-07-11 13:59:00+00:00,99761.00801776994
2026-07-11 14:59:00+00:00,99755.38246267044
2026-07-11 15:59:00+00:00,99842.3294804354
2026-07-11 16:59:00+00:00,99833.91294011447
2026-07-11 17:59:00+00:00,99833.91294011447
2026-07-11 18:59:00+00:00,99833.91294011447
2026-07-11 19:59:00+00:00,99833.91294011447
2026-07-11 20:59:00+00:00,99833.91294011447
2026-07-11 21:59:00+00:00,99833.91294011447
2026-07-11 22:59:00+00:00,99833.91294011447
2026-07-11 23:59:00+00:00,99716.36775150831
2026-07-12 00:59:00+00:00,99483.25395183112
2026-07-12 01:59:00+00:00,99718.96219473377
2026-07-12 02:59:00+00:00,99654.81383261729
2026-07-12 03:59:00+00:00,99645.01161240113
2026-07-12 04:59:00+00:00,99711.47268340737
2026-07-12 05:59:00+00:00,99744.39066171287
2026-07-12 06:59:00+00:00,99764.44007040084
2026-07-12 07:59:00+00:00,99766.35522515015
2026-07-12 08:59:00+00:00,99766.35522515015
2026-07-12 09:59:00+00:00,99766.35522515015
2026-07-12 10:59:00+00:00,99766.35522515015
2026-07-12 11:59:00+00:00,99766.35522515015
2026-07-12 12:59:00+00:00,99746.1372717149
2026-07-12 13:59:00+00:00,99768.30871868727
2026-07-12 14:59:00+00:00,99776.38235700151
2026-07-12 15:59:00+00:00,99767.29229086981
2026-07-12 16:59:00+00:00,99770.26437162116
2026-07-12 17:59:00+00:00,99768.87004698002
2026-07-12 18:59:00+00:00,99768.87004698002
2026-07-12 19:59:00+00:00,99768.87004698002
2026-07-12 20:59:00+00:00,99768.87004698002
2026-07-12 21:59:00+00:00,99768.87004698002
2026-07-12 22:59:00+00:00,99768.87004698002
2026-07-12 23:59:00+00:00,99744.09373120153
2026-07-13 00:59:00+00:00,99734.69247554518
2026-07-13 01:59:00+00:00,100050.7907327846
2026-07-13 02:59:00+00:00,100126.61941713047
2026-07-13 03:59:00+00:00,100220.75370345192
2026-07-13 04:59:00+00:00,100236.86103543057
2026-07-13 05:59:00+00:00,100229.70179151815
2026-07-13 06:59:00+00:00,100243.10895830358
2026-07-13 07:59:00+00:00,100251.62023565992
2026-07-13 08:59:00+00:00,100251.62023565992
2026-07-13 09:59:00+00:00,100251.62023565992
2026-07-13 10:59:00+00:00,100307.03154573156
2026-07-13 11:59:00+00:00,100274.45325987504
2026-07-13 12:59:00+00:00,100252.18003757623
2026-07-13 13:59:00+00:00,100234.4070558763
2026-07-13 14:59:00+00:00,100247.89000751074
2026-07-13 15:59:00+00:00,100436.7469327538
2026-07-13 16:59:00+00:00,100453.00347332611
2026-07-13 17:59:00+00:00,100531.68827611631
2026-07-13 18:59:00+00:00,100526.31553970103
2026-07-13 19:59:00+00:00,100602.6906537112
2026-07-13 20:59:00+00:00,100541.1000973856
2026-07-13 21:59:00+00:00,100504.54311983065
2026-07-13 22:59:00+00:00,100531.86564529991
2026-07-13 23:59:00+00:00,100627.11771703548
2026-07-14 00:59:00+00:00,100616.82693006261
2026-07-14 01:59:00+00:00,100632.00589793033
2026-07-14 02:59:00+00:00,100626.73871285761
2026-07-14 03:59:00+00:00,100675.38384580312
2026-07-14 04:59:00+00:00,100644.64292050467
2026-07-14 05:59:00+00:00,100634.83457366888
2026-07-14 06:59:00+00:00,100639.643122822
2026-07-14 07:59:00+00:00,100644.45439955291
2026-07-14 08:59:00+00:00,100644.45439955291
2026-07-14 09:59:00+00:00,100644.45439955291
2026-07-14 10:59:00+00:00,100644.45439955291
2026-07-14 11:59:00+00:00,100644.45439955291
2026-07-14 12:59:00+00:00,100644.45439955291
2026-07-14 13:59:00+00:00,100556.02428253603
2026-07-14 14:59:00+00:00,100492.00325248021
2026-07-14 15:59:00+00:00,100421.13441438995
2026-07-14 16:59:00+00:00,100391.43843434274
2026-07-14 17:59:00+00:00,100386.93021226644
2026-07-14 18:59:00+00:00,100411.14896681903
2026-07-14 19:59:00+00:00,100421.3221550622
2026-07-14 20:59:00+00:00,100421.3221550622
2026-07-14 21:59:00+00:00,100421.3221550622
2026-07-14 22:59:00+00:00,100421.3221550622
2026-07-14 23:59:00+00:00,100421.3221550622
2026-07-15 00:59:00+00:00,100421.3221550622
2026-07-15 01:59:00+00:00,100421.3221550622
2026-07-15 02:59:00+00:00,100421.3221550622
2026-07-15 03:59:00+00:00,100421.3221550622
2026-07-15 04:59:00+00:00,100441.43074990623
2026-07-15 05:59:00+00:00,100436.8227171358
2026-07-15 06:59:00+00:00,100433.27993866103
2026-07-15 07:59:00+00:00,100433.27993866103
2026-07-15 08:59:00+00:00,100433.27993866103
2026-07-15 09:59:00+00:00,100433.27993866103
2026-07-15 10:59:00+00:00,100433.27993866103
2026-07-15 11:59:00+00:00,100406.97335488998
2026-07-15 12:59:00+00:00,100278.92726219172
2026-07-15 13:59:00+00:00,100336.52339731141
2026-07-15 14:59:00+00:00,100258.67137381168
2026-07-15 15:59:00+00:00,100308.45570619895
2026-07-15 16:59:00+00:00,100370.79704081801
2026-07-15 17:59:00+00:00,100472.55321470527
2026-07-15 18:59:00+00:00,100323.90757615252
2026-07-15 19:59:00+00:00,100264.70088349869
2026-07-15 20:59:00+00:00,100313.68612245673
2026-07-15 21:59:00+00:00,100326.51487555983
2026-07-15 22:59:00+00:00,100332.72262068381
2026-07-15 23:59:00+00:00,100329.48140314735
2026-07-16 00:59:00+00:00,100221.74937767486
2026-07-16 01:59:00+00:00,100204.46900678347
2026-07-16 02:59:00+00:00,100195.51717990305
2026-07-16 03:59:00+00:00,100347.07566265482
2026-07-16 04:59:00+00:00,100335.39323258412
2026-07-16 05:59:00+00:00,100247.1157837411
2026-07-16 06:59:00+00:00,100213.83695193594
2026-07-16 07:59:00+00:00,100209.09338562103
2026-07-16 08:59:00+00:00,100100.68463349552
2026-07-16 09:59:00+00:00,100098.68748821839
2026-07-16 10:59:00+00:00,100108.49824574703
2026-07-16 11:59:00+00:00,100108.49824574703
2026-07-16 12:59:00+00:00,100205.79398524802
2026-07-16 13:59:00+00:00,100123.21949961592
2026-07-16 14:59:00+00:00,100130.31830699409
2026-07-16 15:59:00+00:00,100077.4780578716
2026-07-16 16:59:00+00:00,100099.14950810757
2026-07-16 17:59:00+00:00,100206.77161909065
2026-07-16 18:59:00+00:00,100320.4853741411
2026-07-16 19:59:00+00:00,100315.92338559512
2026-07-16 20:59:00+00:00,100314.57012416761
2026-07-16 21:59:00+00:00,100314.57012416761
2026-07-16 22:59:00+00:00,100462.80223699327
2026-07-16 23:59:00+00:00,100302.8942140874
2026-07-17 00:59:00+00:00,100389.38679087171
2026-07-17 01:59:00+00:00,100397.09732077051
2026-07-17 02:59:00+00:00,100398.55583790904
2026-07-17 03:59:00+00:00,100394.34382914082
2026-07-17 04:59:00+00:00,100394.54276520878
2026-07-17 05:59:00+00:00,100471.73525277512
2026-07-17 06:59:00+00:00,100591.09319085989
2026-07-17 07:59:00+00:00,100597.90251664049
2026-07-17 08:59:00+00:00,100665.68986147961
2026-07-17 09:59:00+00:00,100699.27185270908
2026-07-17 10:59:00+00:00,100758.59178742478
2026-07-17 11:59:00+00:00,100739.18494898296
2026-07-17 12:59:00+00:00,100763.75492302646
2026-07-17 13:59:00+00:00,100736.42564298681
2026-07-17 14:59:00+00:00,100754.81112872307
2026-07-17 15:59:00+00:00,100622.75854159899
2026-07-17 16:59:00+00:00,100511.66761679869
2026-07-17 17:59:00+00:00,100528.59216224759
2026-07-17 18:59:00+00:00,100437.65639575661
2026-07-17 19:59:00+00:00,100445.84019307628
2026-07-17 20:59:00+00:00,100445.84019307628
2026-07-17 21:59:00+00:00,100445.84019307628
2026-07-17 22:59:00+00:00,100445.84019307628
2026-07-17 23:59:00+00:00,100445.84019307628
2026-07-18 00:59:00+00:00,100507.33414145309
2026-07-18 01:59:00+00:00,100623.2969036331
2026-07-18 02:59:00+00:00,100689.56133916455
2026-07-18 03:59:00+00:00,100695.08337545884
2026-07-18 04:59:00+00:00,100698.64729768316
2026-07-18 05:59:00+00:00,100698.64729768316
2026-07-18 06:59:00+00:00,100698.64729768316
2026-07-18 07:59:00+00:00,100698.64729768316
2026-07-18 08:59:00+00:00,100698.64729768316
2026-07-18 09:59:00+00:00,100698.64729768316
2026-07-18 10:59:00+00:00,100698.64729768316
2026-07-18 11:59:00+00:00,100698.64729768316
2026-07-18 12:59:00+00:00,100698.64729768316
2026-07-18 13:59:00+00:00,100698.64729768316
2026-07-18 14:59:00+00:00,100698.64729768316
2026-07-18 15:59:00+00:00,100724.89939806807
2026-07-18 16:59:00+00:00,100523.3836558136
2026-07-18 17:59:00+00:00,100460.32468860062
2026-07-18 18:59:00+00:00,100516.44350598773
2026-07-18 19:59:00+00:00,100561.23159145936
2026-07-18 20:59:00+00:00,100549.12135261077
2026-07-18 21:59:00+00:00,100549.12135261077
2026-07-18 22:59:00+00:00,100549.12135261077
2026-07-18 23:59:00+00:00,100549.12135261077
2026-07-19 00:59:00+00:00,100549.12135261077
2026-07-19 01:59:00+00:00,100549.12135261077
2026-07-19 02:59:00+00:00,100549.12135261077
2026-07-19 03:59:00+00:00,100549.12135261077
2026-07-19 04:59:00+00:00,100549.12135261077
2026-07-19 05:59:00+00:00,100549.12135261077
2026-07-19 06:59:00+00:00,100549.12135261077
2026-07-19 07:59:00+00:00,100549.12135261077
2026-07-19 08:59:00+00:00,100549.12135261077
2026-07-19 09:59:00+00:00,100549.12135261077
2026-07-19 10:59:00+00:00,100556.72978468995
2026-07-19 11:59:00+00:00,100519.63692669678
2026-07-19 12:59:00+00:00,100512.14004795348
2026-07-19 13:59:00+00:00,100484.28349472147
2026-07-19 14:59:00+00:00,100488.59958254476
2026-07-19 15:59:00+00:00,100488.59958254476
2026-07-19 16:59:00+00:00,100596.25356482278
2026-07-19 17:59:00+00:00,100604.58249972395
2026-07-19 18:59:00+00:00,100607.35881135767
2026-07-19 19:59:00+00:00,100612.91143462512
2026-07-19 20:59:00+00:00,100599.8189042228
2026-07-19 21:59:00+00:00,100599.8189042228
2026-07-19 22:59:00+00:00,100499.04067542123
2026-07-19 23:59:00+00:00,100502.22656644533
2026-07-20 00:59:00+00:00,100485.3687551324
2026-07-20 01:59:00+00:00,100553.34504988107
2026-07-20 02:59:00+00:00,100532.13665630676
2026-07-20 03:59:00+00:00,100615.27757718926
2026-07-20 04:59:00+00:00,100857.88674697162
2026-07-20 05:59:00+00:00,100936.7862656546
2026-07-20 06:59:00+00:00,100898.66222528568
2026-07-20 07:59:00+00:00,100750.41330679068
2026-07-20 08:59:00+00:00,100753.86597237614
2026-07-20 09:59:00+00:00,100753.25546583379
2026-07-20 10:59:00+00:00,100753.25546583379
2026-07-20 11:59:00+00:00,100753.25546583379
2026-07-20 12:59:00+00:00,100902.74409986996
2026-07-20 13:59:00+00:00,101076.09301772695
2026-07-20 14:59:00+00:00,101048.75677839135
2026-07-20 15:59:00+00:00,101014.36416791823
2026-07-20 16:59:00+00:00,101078.40202470416
2026-07-20 17:59:00+00:00,101070.69187262084
2026-07-20 18:59:00+00:00,101070.69187262084
2026-07-20 19:59:00+00:00,101005.17928431013
2026-07-20 20:59:00+00:00,101083.29819838968
2026-07-20 21:59:00+00:00,101098.64312178189
2026-07-20 22:59:00+00:00,101085.80978541257
2026-07-20 23:59:00+00:00,101085.30391844349
2026-07-21 00:59:00+00:00,101085.30391844349
2026-07-21 01:59:00+00:00,101085.30391844349
2026-07-21 02:59:00+00:00,101085.30391844349
2026-07-21 03:59:00+00:00,101085.30391844349
2026-07-21 04:59:00+00:00,101058.15182892988
2026-07-21 05:59:00+00:00,101037.39284952596
2026-07-21 06:59:00+00:00,100837.30306447676
2026-07-21 07:59:00+00:00,100846.0424679972
2026-07-21 08:59:00+00:00,100944.17602472291
2026-07-21 09:59:00+00:00,100934.2124345445
2026-07-21 10:59:00+00:00,100920.70091159405
2026-07-21 11:59:00+00:00,100991.40478248389
2026-07-21 12:59:00+00:00,100970.2458336031
2026-07-21 13:59:00+00:00,100970.2458336031
2026-07-21 14:59:00+00:00,100970.2458336031
2026-07-21 15:59:00+00:00,100970.2458336031
2026-07-21 16:59:00+00:00,100959.82054276102
2026-07-21 17:59:00+00:00,100998.47853961034
2026-07-21 18:59:00+00:00,101050.31033417673
2026-07-21 19:59:00+00:00,100923.06940528794
2026-07-21 20:59:00+00:00,100848.04899612215
2026-07-21 21:59:00+00:00,100782.36122265985
2026-07-21 22:59:00+00:00,100735.61500209462
2026-07-21 23:59:00+00:00,100752.9092725747
2026-07-22 00:59:00+00:00,100742.59564014818
2026-07-22 01:59:00+00:00,100847.00526772298
2026-07-22 02:59:00+00:00,100924.05113963985
2026-07-22 03:59:00+00:00,101016.15572605854
2026-07-22 04:59:00+00:00,101086.11819402658
2026-07-22 05:59:00+00:00,100988.87276194965
2026-07-22 06:59:00+00:00,100885.12315888026
2026-07-22 07:59:00+00:00,100890.54978671005
2026-07-22 08:59:00+00:00,100736.03575865642
2026-07-22 09:59:00+00:00,100797.89649786685
2026-07-22 10:59:00+00:00,100711.57918734066
2026-07-22 11:59:00+00:00,100724.52678391959
2026-07-22 12:59:00+00:00,100786.38752313003
2026-07-22 13:59:00+00:00,100781.46916277625
2026-07-22 14:59:00+00:00,100885.9015827535
2026-07-22 15:59:00+00:00,100664.19892665104
2026-07-22 16:59:00+00:00,100510.63914587747
2026-07-22 17:59:00+00:00,100717.34433353627
2026-07-22 18:59:00+00:00,100690.78403076246
2026-07-22 19:59:00+00:00,100632.88668769436
2026-07-22 20:59:00+00:00,100631.81450955162
2026-07-22 21:59:00+00:00,100665.78325974844
2026-07-22 22:59:00+00:00,100602.994520581
2026-07-22 23:59:00+00:00,100634.36463297249
2026-07-23 00:59:00+00:00,100576.61839875855
2026-07-23 01:59:00+00:00,100567.64630933452
2026-07-23 02:59:00+00:00,100567.64630933452
2026-07-23 03:59:00+00:00,100567.64630933452
2026-07-23 04:59:00+00:00,100703.57454660106
2026-07-23 05:59:00+00:00,100604.4093193726
2026-07-23 06:59:00+00:00,100605.45540770845
2026-07-23 07:59:00+00:00,100605.45540770845
2026-07-23 08:59:00+00:00,100605.45540770845
2026-07-23 09:59:00+00:00,100602.83126211485
2026-07-23 10:59:00+00:00,100600.82154881347
2026-07-23 11:59:00+00:00,100626.70821819021
2026-07-23 12:59:00+00:00,100587.92379369045
2026-07-23 13:59:00+00:00,100372.3626392417
2026-07-23 14:59:00+00:00,100366.3733786766
2026-07-23 15:59:00+00:00,100358.1533799832
2026-07-23 16:59:00+00:00,100265.43757464811
2026-07-23 17:59:00+00:00,100368.71254822785
2026-07-23 18:59:00+00:00,100235.77260877157
2026-07-23 19:59:00+00:00,100260.64424268632
2026-07-23 20:59:00+00:00,100322.61134086557
2026-07-23 21:59:00+00:00,100311.22724716978
2026-07-23 22:59:00+00:00,100322.38152573307
2026-07-23 23:59:00+00:00,100326.73004267951
2026-07-24 00:59:00+00:00,100326.73004267951
2026-07-24 01:59:00+00:00,100326.73004267951
2026-07-24 02:59:00+00:00,100326.73004267951
2026-07-24 03:59:00+00:00,100326.73004267951
2026-07-24 04:59:00+00:00,100380.91406490083
2026-07-24 05:59:00+00:00,100337.0004178323
2026-07-24 06:59:00+00:00,100237.72088976177
2026-07-24 07:59:00+00:00,100298.2223875063
2026-07-24 08:59:00+00:00,100294.80425977695
2026-07-24 09:59:00+00:00,100224.84530446166
2026-07-24 10:59:00+00:00,100255.28648219536
2026-07-24 11:59:00+00:00,100339.528516121
2026-07-24 12:59:00+00:00,100368.71181289069
2026-07-24 13:59:00+00:00,100274.99323034001
2026-07-24 14:59:00+00:00,100084.53031832307
2026-07-24 15:59:00+00:00,100161.62186793581
2026-07-24 16:59:00+00:00,100113.99982601342
2026-07-24 17:59:00+00:00,100058.04990536728
2026-07-24 18:59:00+00:00,100103.23562522011
2026-07-24 19:59:00+00:00,100055.78601610786
2026-07-24 20:59:00+00:00,100094.3186868946
2026-07-24 21:59:00+00:00,100254.17980449922
2026-07-24 22:59:00+00:00,100356.80200518545
2026-07-24 23:59:00+00:00,100418.24181557469
2026-07-25 00:59:00+00:00,100436.91446657141
2026-07-25 01:59:00+00:00,100378.16135107596
2026-07-25 02:59:00+00:00,100319.31699555434
2026-07-25 03:59:00+00:00,100311.39091672021
2026-07-25 04:59:00+00:00,100298.13407561436
2026-07-25 05:59:00+00:00,100296.12924641508
2026-07-25 06:59:00+00:00,100296.12924641508
2026-07-25 07:59:00+00:00,100296.12924641508
2026-07-25 08:59:00+00:00,100296.12924641508
2026-07-25 09:59:00+00:00,100330.5229496601
2026-07-25 10:59:00+00:00,100341.53871286465
2026-07-25 11:59:00+00:00,100334.25566496927
2026-07-25 12:59:00+00:00,100334.25566496927
2026-07-25 13:59:00+00:00,100334.25566496927
2026-07-25 14:59:00+00:00,100247.0155332768
2026-07-25 15:59:00+00:00,100212.92512980763
2026-07-25 16:59:00+00:00,99933.38416354696
2026-07-25 17:59:00+00:00,99774.58374268842
2026-07-25 18:59:00+00:00,99760.59433613965
2026-07-25 19:59:00+00:00,99752.48490185
2026-07-25 20:59:00+00:00,99796.82574690324
2026-07-25 21:59:00+00:00,99809.8924172309
2026-07-25 22:59:00+00:00,99809.8924172309
2026-07-25 23:59:00+00:00,99809.8924172309
2026-07-26 00:59:00+00:00,99809.8924172309
2026-07-26 01:59:00+00:00,99809.8924172309
2026-07-26 02:59:00+00:00,99809.8924172309
2026-07-26 03:59:00+00:00,99809.8924172309
2026-07-26 04:59:00+00:00,99809.8924172309
2026-07-26 05:59:00+00:00,99809.8924172309
2026-07-26 06:59:00+00:00,99809.8924172309
2026-07-26 07:59:00+00:00,99848.48892292606
2026-07-26 08:59:00+00:00,99836.30086541464
2026-07-26 09:59:00+00:00,99767.42914864518
2026-07-26 10:59:00+00:00,99765.2654875623
2026-07-26 11:59:00+00:00,99758.0642682424
2026-07-26 12:59:00+00:00,99657.19413833335
2026-07-26 13:59:00+00:00,99627.0600820408
2026-07-26 14:59:00+00:00,99676.93806971899
2026-07-26 15:59:00+00:00,99512.45750170358
2026-07-26 16:59:00+00:00,99402.16983845588
2026-07-26 17:59:00+00:00,99477.61638071554
2026-07-26 18:59:00+00:00,99432.6559283315
2026-07-26 19:59:00+00:00,99412.57995278708
2026-07-26 20:59:00+00:00,99329.58626135574
2026-07-26 21:59:00+00:00,99335.99377537139
2026-07-26 22:59:00+00:00,99377.95274015146
2026-07-26 23:59:00+00:00,99243.79443485074
2026-07-27 00:59:00+00:00,99369.17389750016
2026-07-27 01:59:00+00:00,99334.48159606285
2026-07-27 02:59:00+00:00,99442.91526230263
2026-07-27 03:59:00+00:00,99477.91719918643
2026-07-27 04:59:00+00:00,99450.38138412012
2026-07-27 05:59:00+00:00,99444.96890198541
2026-07-27 06:59:00+00:00,99444.96890198541
2026-07-27 07:59:00+00:00,99444.96890198541
2026-07-27 08:59:00+00:00,99444.96890198541
2026-07-27 09:59:00+00:00,99444.96890198541
2026-07-27 10:59:00+00:00,99444.96890198541
2026-07-27 11:59:00+00:00,99445.25018983171
2026-07-27 12:59:00+00:00,99434.18054155633
2026-07-27 13:59:00+00:00,99434.18054155633
2026-07-27 14:59:00+00:00,99434.18054155633
2026-07-27 15:59:00+00:00,99319.59883366612
2026-07-27 16:59:00+00:00,99447.26784591192
2026-07-27 17:59:00+00:00,99469.73506788503
2026-07-27 18:59:00+00:00,99467.57650898639
2026-07-27 19:59:00+00:00,99520.91112469308
2026-07-27 20:59:00+00:00,99507.47622974635
2026-07-27 21:59:00+00:00,99484.58380707455
2026-07-27 22:59:00+00:00,99278.55200302831
2026-07-27 23:59:00+00:00,99310.44252883235
2026-07-28 00:59:00+00:00,99288.78368620755
2026-07-28 01:59:00+00:00,99263.93481423976
2026-07-28 02:59:00+00:00,99383.07950538836
2026-07-28 03:59:00+00:00,99357.93275484626
2026-07-28 04:59:00+00:00,99351.358799983
2026-07-28 05:59:00+00:00,99347.83222042036
2026-07-28 06:59:00+00:00,99347.83222042036
2026-07-28 07:59:00+00:00,99333.96746736189
2026-07-28 08:59:00+00:00,99343.88539150027
2026-07-28 09:59:00+00:00,99343.88539150027
2026-07-28 10:59:00+00:00,99343.88539150027
2026-07-28 11:59:00+00:00,99343.88539150027
2026-07-28 12:59:00+00:00,99343.88539150027
2026-07-28 13:59:00+00:00,99519.97996537611
2026-07-28 14:59:00+00:00,99320.92352523361
2026-07-28 15:59:00+00:00,98930.20809977499
2026-07-28 16:59:00+00:00,98894.13580793186
2026-07-28 17:59:00+00:00,98931.1066486129
2026-07-28 18:59:00+00:00,98936.35040300964
2026-07-28 19:59:00+00:00,99003.9682542982
2026-07-28 20:59:00+00:00,98966.42833037679
2026-07-28 21:59:00+00:00,98979.835446063
2026-07-28 22:59:00+00:00,98884.64492469086
2026-07-28 23:59:00+00:00,98991.67977407193
2026-07-29 00:59:00+00:00,98994.84466747458
2026-07-29 01:59:00+00:00,98922.0305989418
2026-07-29 02:59:00+00:00,99066.40583900556
2026-07-29 03:59:00+00:00,98661.05426787237
2026-07-29 04:59:00+00:00,98835.9025792363
2026-07-29 05:59:00+00:00,98744.42487106123
2026-07-29 06:59:00+00:00,98779.09721265465
2026-07-29 07:59:00+00:00,98769.5208538504
2026-07-29 08:59:00+00:00,98769.5208538504
2026-07-29 09:59:00+00:00,98769.5208538504
2026-07-29 10:59:00+00:00,98682.99457601961
2026-07-29 11:59:00+00:00,98701.96184302746
2026-07-29 12:59:00+00:00,98708.68636332604
2026-07-29 13:59:00+00:00,98694.56028827261
2026-07-29 14:59:00+00:00,98694.56028827261
2026-07-29 15:59:00+00:00,98717.06877960662
2026-07-29 16:59:00+00:00,98681.15160658429
2026-07-29 17:59:00+00:00,98800.1623938043
2026-07-29 18:59:00+00:00,98868.84736401736
2026-07-29 19:59:00+00:00,98900.74344921592
2026-07-29 20:59:00+00:00,98845.87090017622
2026-07-29 21:59:00+00:00,98769.01506867673
2026-07-29 22:59:00+00:00,98689.78462112445
2026-07-29 23:59:00+00:00,98635.8374497691
2026-07-30 00:59:00+00:00,98715.56820888596
2026-07-30 01:59:00+00:00,98591.99627669711
2026-07-30 02:59:00+00:00,98587.6575202806
2026-07-30 03:59:00+00:00,98585.68649956567
2026-07-30 04:59:00+00:00,98585.68649956567
2026-07-30 05:59:00+00:00,98585.68649956567
2026-07-30 06:59:00+00:00,98585.68649956567
2026-07-30 07:59:00+00:00,98585.68649956567
2026-07-30 08:59:00+00:00,98585.68649956567
2026-07-30 09:59:00+00:00,98561.92645543913
2026-07-30 10:59:00+00:00,98581.17920640326
2026-07-30 11:59:00+00:00,98546.67067820053
2026-07-30 12:59:00+00:00,98643.24357547944
2026-07-30 13:59:00+00:00,98570.55068088877
2026-07-30 14:59:00+00:00,98599.54379559167
2026-07-30 15:59:00+00:00,98621.74733210745
2026-07-30 16:59:00+00:00,98654.99547471803
2026-07-30 17:59:00+00:00,98629.14219557958
2026-07-30 18:59:00+00:00,98856.0468146353
2026-07-30 19:59:00+00:00,98733.30042433174
2026-07-30 20:59:00+00:00,98740.20654371014
2026-07-30 21:59:00+00:00,98740.20654371014
2026-07-30 22:59:00+00:00,98740.20654371014
2026-07-30 23:59:00+00:00,98740.20654371014
2026-07-31 00:59:00+00:00,98740.20654371014
2026-07-31 01:59:00+00:00,98740.20654371014
2026-07-31 02:59:00+00:00,98740.20654371014
2026-07-31 03:59:00+00:00,98740.20654371014
2026-07-31 04:59:00+00:00,98740.20654371014
2026-07-31 05:59:00+00:00,98549.79046699838
2026-07-31 06:59:00+00:00,98687.2375439115
2026-07-31 07:59:00+00:00,98895.62504761847
2026-07-31 08:59:00+00:00,98954.37491595493
2026-07-31 09:59:00+00:00,98915.7714544089
2026-07-31 10:59:00+00:00,99219.51976079006
2026-07-31 11:59:00+00:00,99180.24296430219
2026-07-31 12:59:00+00:00,99123.99196908643
2026-07-31 13:59:00+00:00,99119.67803967063
2026-07-31 14:59:00+00:00,99010.00405681579
2026-07-31 15:59:00+00:00,98948.86413217866
2026-07-31 16:59:00+00:00,98947.21214327033
2026-07-31 17:59:00+00:00,98934.46249958941
2026-07-31 18:59:00+00:00,98900.90528750897
2026-07-31 19:59:00+00:00,98845.87684293579
2026-07-31 20:59:00+00:00,98834.27738219348
2026-07-31 21:59:00+00:00,98825.80899673312
2026-07-31 22:59:00+00:00,98825.80899673312
2026-07-31 23:59:00+00:00,98825.80899673312
2026-08-01 00:59:00+00:00,98825.80899673312
2026-08-01 01:59:00+00:00,98954.38634843788
2026-08-01 02:59:00+00:00,99013.96291002742
2026-08-01 03:59:00+00:00,98997.53968374929
2026-08-01 04:59:00+00:00,98988.52293189315
2026-08-01 05:59:00+00:00,98988.52293189315
2026-08-01 06:59:00+00:00,98974.54695231606
2026-08-01 07:59:00+00:00,98931.35196049123
2026-08-01 08:59:00+00:00,98944.76712509112
2026-08-01 09:59:00+00:00,98915.14761274587
2026-08-01 10:59:00+00:00,98830.98436481501
2026-08-01 11:59:00+00:00,98819.43306411235
2026-08-01 12:59:00+00:00,98819.43306411235
2026-08-01 13:59:00+00:00,98819.43306411235
2026-08-01 14:59:00+00:00,98819.43306411235
2026-08-01 15:59:00+00:00,98819.43306411235
2026-08-01 16:59:00+00:00,98819.43306411235
2026-08-01 17:59:00+00:00,98819.43306411235
2026-08-01 18:59:00+00:00,98714.35039269051
2026-08-01 19:59:00+00:00,98807.27768398977
2026-08-01 20:59:00+00:00,98910.40817935645
2026-08-01 21:59:00+00:00,99061.71596579479
2026-08-01 22:59:00+00:00,99051.72754515735
2026-08-01 23:59:00+00:00,99076.24438040522
2026-08-02 00:59:00+00:00,99076.24438040522
2026-08-02 01:59:00+00:00,99076.24438040522
2026-08-02 02:59:00+00:00,98871.83468138638
2026-08-02 03:59:00+00:00,98877.67659614862
2026-08-02 04:59:00+00:00,98452.20498342115
2026-08-02 05:59:00+00:00,98288.12738554343
2026-08-02 06:59:00+00:00,98251.6574098764
2026-08-02 07:59:00+00:00,98251.6574098764
2026-08-02 08:59:00+00:00,98251.6574098764
2026-08-02 09:59:00+00:00,98226.87551135564
2026-08-02 10:59:00+00:00,98225.07416091727
2026-08-02 11:59:00+00:00,98222.81412661228
2026-08-02 12:59:00+00:00,98222.81412661228
2026-08-02 13:59:00+00:00,98222.81412661228
2026-08-02 14:59:00+00:00,98225.04836118537
2026-08-02 15:59:00+00:00,98220.0839487152
2026-08-02 16:59:00+00:00,98220.0839487152
2026-08-02 17:59:00+00:00,98220.0839487152
2026-08-02 18:59:00+00:00,98220.0839487152
2026-08-02 19:59:00+00:00,98220.0839487152
2026-08-02 20:59:00+00:00,98220.0839487152
2026-08-02 21:59:00+00:00,98220.0839487152
2026-08-02 22:59:00+00:00,98220.0839487152
2026-08-02 23:59:00+00:00,98220.0839487152
2026-08-03 00:59:00+00:00,98220.0839487152
2026-08-03 01:59:00+00:00,98220.0839487152
2026-08-03 02:59:00+00:00,98220.0839487152
2026-08-03 03:59:00+00:00,98220.0839487152
2026-08-03 04:59:00+00:00,98220.0839487152
2026-08-03 05:59:00+00:00,98220.0839487152
2026-08-03 06:59:00+00:00,98220.0839487152
2026-08-03 07:59:00+00:00,98220.0839487152
2026-08-03 08:59:00+00:00,98220.0839487152
2026-08-03 09:59:00+00:00,98220.0839487152
2026-08-03 10:59:00+00:00,98214.51724384737
2026-08-03 11:59:00+00:00,98221.41809285403
2026-08-03 12:59:00+00:00,98226.21868346736
2026-08-03 13:59:00+00:00,98230.41920025402
2026-08-03 14:59:00+00:00,98079.55856613137
2026-08-03 15:59:00+00:00,98124.4405601334
2026-08-03 16:59:00+00:00,98238.80010834959
2026-08-03 17:59:00+00:00,98266.11263673547
2026-08-03 18:59:00+00:00,98135.94756252306
2026-08-03 19:59:00+00:00,98155.97295855574
2026-08-03 20:59:00+00:00,98115.92216649037
2026-08-03 21:59:00+00:00,98103.95999617025
2026-08-03 22:59:00+00:00,98103.95999617025
2026-08-03 23:59:00+00:00,98103.95999617025
2026-08-04 00:59:00+00:00,98103.95999617025
2026-08-04 01:59:00+00:00,98103.95999617025
2026-08-04 02:59:00+00:00,97977.2456016853
2026-08-04 03:59:00+00:00,98004.95556983362
2026-08-04 04:59:00+00:00,98184.40304976661
2026-08-04 05:59:00+00:00,98249.86999364052
2026-08-04 06:59:00+00:00,98161.51874549959
2026-08-04 07:59:00+00:00,98202.1239738809
2026-08-04 08:59:00+00:00,98109.78203444733
2026-08-04 09:59:00+00:00,98110.70426607586
2026-08-04 10:59:00+00:00,98094.73786550995
2026-08-04 11:59:00+00:00,98103.97419771635
2026-08-04 12:59:00+00:00,98120.36123872772
2026-08-04 13:59:00+00:00,98112.61463752235
2026-08-04 14:59:00+00:00,98150.70785438188
2026-08-04 15:59:00+00:00,98145.17923374833
2026-08-04 16:59:00+00:00,98220.0228710503
2026-08-04 17:59:00+00:00,98237.08604027306
2026-08-04 18:59:00+00:00,98152.53702598983
2026-08-04 19:59:00+00:00,98159.18006573117
2026-08-04 20:59:00+00:00,98102.68209633349
2026-08-04 21:59:00+00:00,98008.69781525682
2026-08-04 22:59:00+00:00,98003.58037191977
2026-08-04 23:59:00+00:00,98003.58037191977
2026-08-05 00:59:00+00:00,98085.15931208098
2026-08-05 01:59:00+00:00,98123.14505102602
2026-08-05 02:59:00+00:00,98119.40803743468
2026-08-05 03:59:00+00:00,98044.64872263758
2026-08-05 04:59:00+00:00,98048.86013715956
2026-08-05 05:59:00+00:00,98044.94759562719
2026-08-05 06:59:00+00:00,98020.24072379805
2026-08-05 07:59:00+00:00,98018.27755002138
2026-08-05 08:59:00+00:00,98018.27755002138
2026-08-05 09:59:00+00:00,98018.27755002138
2026-08-05 10:59:00+00:00,98018.27755002138
2026-08-05 11:59:00+00:00,98036.47417709479
2026-08-05 12:59:00+00:00,98034.50877204366
2026-08-05 13:59:00+00:00,98034.50877204366
2026-08-05 14:59:00+00:00,98034.50877204366
2026-08-05 15:59:00+00:00,98034.50877204366
2026-08-05 16:59:00+00:00,98411.43691658085
2026-08-05 17:59:00+00:00,98430.3061595215
2026-08-05 18:59:00+00:00,98508.57629399515
2026-08-05 19:59:00+00:00,98479.88568910302
2026-08-05 20:59:00+00:00,98476.4697590304
2026-08-05 21:59:00+00:00,98476.4697590304
2026-08-05 22:59:00+00:00,98476.4697590304
2026-08-05 23:59:00+00:00,98476.4697590304
2026-08-06 00:59:00+00:00,98476.4697590304
2026-08-06 01:59:00+00:00,98476.4697590304
2026-08-06 02:59:00+00:00,98353.4192652534
2026-08-06 03:59:00+00:00,98315.32535938582
2026-08-06 04:59:00+00:00,98393.39451094046
2026-08-06 05:59:00+00:00,98405.8078926977
2026-08-06 06:59:00+00:00,98322.08597468969
2026-08-06 07:59:00+00:00,98311.6085972871
2026-08-06 08:59:00+00:00,98311.6085972871
2026-08-06 09:59:00+00:00,98311.6085972871
2026-08-06 10:59:00+00:00,98313.79135028111
2026-08-06 11:59:00+00:00,98393.49711042397
2026-08-06 12:59:00+00:00,98331.17326086816
2026-08-06 13:59:00+00:00,98324.15805202878
2026-08-06 14:59:00+00:00,98224.26554188783
2026-08-06 15:59:00+00:00,97619.17888068143
2026-08-06 16:59:00+00:00,97329.4083617392
2026-08-06 17:59:00+00:00,97221.46057022714
2026-08-06 18:59:00+00:00,97175.82141538367
2026-08-06 19:59:00+00:00,97065.66439303152
2026-08-06 20:59:00+00:00,97094.26407616415
2026-08-06 21:59:00+00:00,97202.0549186132
2026-08-06 22:59:00+00:00,97157.06013226988
2026-08-06 23:59:00+00:00,97210.13187138783
2026-08-07 00:59:00+00:00,97172.23274112646
2026-08-07 01:59:00+00:00,97138.75443223551
2026-08-07 02:59:00+00:00,97138.75443223551
2026-08-07 03:59:00+00:00,97062.30981625721
2026-08-07 04:59:00+00:00,97087.31610931737
2026-08-07 05:59:00+00:00,97100.72484695166
2026-08-07 06:59:00+00:00,97146.93648740971
2026-08-07 07:59:00+00:00,97170.51385499035
2026-08-07 08:59:00+00:00,97168.55692006092
2026-08-07 09:59:00+00:00,97147.312694776
2026-08-07 10:59:00+00:00,97145.82807205759
2026-08-07 11:59:00+00:00,97138.43507981091
2026-08-07 12:59:00+00:00,97147.7486156887
2026-08-07 13:59:00+00:00,97140.47518541296
2026-08-07 14:59:00+00:00,97127.7243963637
2026-08-07 15:59:00+00:00,97160.46061237354
2026-08-07 16:59:00+00:00,97032.53480682055
2026-08-07 17:59:00+00:00,97056.20368015504
2026-08-07 18:59:00+00:00,97083.09924277995
2026-08-07 19:59:00+00:00,97134.19917572426
2026-08-07 20:59:00+00:00,97152.63539443992
2026-08-07 21:59:00+00:00,97152.0108477917
2026-08-07 22:59:00+00:00,97152.0108477917
2026-08-07 23:59:00+00:00,97152.0108477917
2026-08-08 00:59:00+00:00,97152.0108477917
2026-08-08 01:59:00+00:00,97152.0108477917
2026-08-08 02:59:00+00:00,97215.07387970256
2026-08-08 03:59:00+00:00,97169.59274268347
2026-08-08 04:59:00+00:00,97192.83083510339
2026-08-08 05:59:00+00:00,97164.42179367793
2026-08-08 06:59:00+00:00,97163.78196288814
2026-08-08 07:59:00+00:00,97163.78196288814
2026-08-08 08:59:00+00:00,97163.78196288814
2026-08-08 09:59:00+00:00,97170.24730709879
2026-08-08 10:59:00+00:00,97148.67700356984
2026-08-08 11:59:00+00:00,97156.77715781005
2026-08-08 12:59:00+00:00,97144.49393267004
2026-08-08 13:59:00+00:00,97144.49393267004
2026-08-08 14:59:00+00:00,97144.49393267004
2026-08-08 15:59:00+00:00,97223.89908567758
2026-08-08 16:59:00+00:00,97236.34400748725
2026-08-08 17:59:00+00:00,97299.75131579817
2026-08-08 18:59:00+00:00,97335.65824993128
2026-08-08 19:59:00+00:00,97333.85133151345
2026-08-08 20:59:00+00:00,97331.917332998
2026-08-08 21:59:00+00:00,97331.917332998
2026-08-08 22:59:00+00:00,97331.917332998
2026-08-08 23:59:00+00:00,97362.40254114334
2026-08-09 00:59:00+00:00,97345.91670567592
2026-08-09 01:59:00+00:00,97365.1514100451
2026-08-09 02:59:00+00:00,97362.40098932269
2026-08-09 03:59:00+00:00,97362.40098932269
2026-08-09 04:59:00+00:00,97362.40098932269
2026-08-09 05:59:00+00:00,97362.40098932269
2026-08-09 06:59:00+00:00,97405.46890485234
2026-08-09 07:59:00+00:00,97385.77415533854
2026-08-09 08:59:00+00:00,97407.3055809213
2026-08-09 09:59:00+00:00,97401.12790070595
2026-08-09 10:59:00+00:00,97401.12790070595
2026-08-09 11:59:00+00:00,97401.12790070595
2026-08-09 12:59:00+00:00,97401.12790070595
2026-08-09 13:59:00+00:00,97401.12790070595
2026-08-09 14:59:00+00:00,97401.12790070595
2026-08-09 15:59:00+00:00,97401.12790070595
2026-08-09 16:59:00+00:00,97401.12790070595
2026-08-09 17:59:00+00:00,97401.12790070595
2026-08-09 18:59:00+00:00,97394.99753950485
2026-08-09 19:59:00+00:00,97394.44307229422
2026-08-09 20:59:00+00:00,97394.44307229422
2026-08-09 21:59:00+00:00,97394.44307229422
2026-08-09 22:59:00+00:00,97394.44307229422
2026-08-09 23:59:00+00:00,97283.56036007016
2026-08-10 00:59:00+00:00,97388.97968586785
2026-08-10 01:59:00+00:00,97488.22380393966
2026-08-10 02:59:00+00:00,97439.60409728755
2026-08-10 03:59:00+00:00,97424.43789533096
2026-08-10 04:59:00+00:00,97424.43789533096
2026-08-10 05:59:00+00:00,97424.43789533096
2026-08-10 06:59:00+00:00,97398.8391513398
2026-08-10 07:59:00+00:00,97459.28491032883
2026-08-10 08:59:00+00:00,97469.70696428436
2026-08-10 09:59:00+00:00,97471.97575217045
2026-08-10 10:59:00+00:00,97486.29487782388
2026-08-10 11:59:00+00:00,97470.64962598021
2026-08-10 12:59:00+00:00,97470.64962598021
2026-08-10 13:59:00+00:00,97420.45067833544
2026-08-10 14:59:00+00:00,97399.45691324967
2026-08-10 15:59:00+00:00,97379.21792070162
2026-08-10 16:59:00+00:00,97245.05864769865
2026-08-10 17:59:00+00:00,97264.54042184749
2026-08-10 18:59:00+00:00,97228.42946340964
2026-08-10 19:59:00+00:00,97226.50234192768
2026-08-10 20:59:00+00:00,97205.39153117752
2026-08-10 21:59:00+00:00,97232.82026333538
2026-08-10 22:59:00+00:00,97219.35475582075
2026-08-10 23:59:00+00:00,97213.86846994421
2026-08-11 00:59:00+00:00,97213.86846994421
2026-08-11 01:59:00+00:00,97213.86846994421
2026-08-11 02:59:00+00:00,97253.46373396454
2026-08-11 03:59:00+00:00,97276.54394965066
2026-08-11 04:59:00+00:00,97290.39207906234
2026-08-11 05:59:00+00:00,97247.69368004301
2026-08-11 06:59:00+00:00,97225.7674751412
2026-08-11 07:59:00+00:00,97218.04991262006
2026-08-11 08:59:00+00:00,97173.36982892151
2026-08-11 09:59:00+00:00,97141.92333355291
2026-08-11 10:59:00+00:00,97083.49774801439
2026-08-11 11:59:00+00:00,97072.6945040913
2026-08-11 12:59:00+00:00,97073.55590304761
2026-08-11 13:59:00+00:00,97067.796037645
2026-08-11 14:59:00+00:00,97153.56264492495
2026-08-11 15:59:00+00:00,97149.68842571905
2026-08-11 16:59:00+00:00,97124.24889079396
2026-08-11 17:59:00+00:00,97118.90126276012
2026-08-11 18:59:00+00:00,97221.50849465614
2026-08-11 19:59:00+00:00,97293.35937651302
2026-08-11 20:59:00+00:00,97258.8850078333
2026-08-11 21:59:00+00:00,97245.66942192882
2026-08-11 22:59:00+00:00,97266.55025054861
2026-08-11 23:59:00+00:00,97326.97630859869
2026-08-12 00:59:00+00:00,97268.85812312573
2026-08-12 01:59:00+00:00,97276.91493086574
2026-08-12 02:59:00+00:00,97329.28418117581
2026-08-12 03:59:00+00:00,97269.59454449758
2026-08-12 04:59:00+00:00,97292.79937894401
2026-08-12 05:59:00+00:00,97268.80526441438
2026-08-12 06:59:00+00:00,97269.07769232789
2026-08-12 07:59:00+00:00,96943.62354009695
2026-08-12 08:59:00+00:00,96753.48591790523
2026-08-12 09:59:00+00:00,96672.599897397
2026-08-12 10:59:00+00:00,96738.11810089537
2026-08-12 11:59:00+00:00,96668.80937492277
2026-08-12 12:59:00+00:00,96668.80937492277
2026-08-12 13:59:00+00:00,96756.72123198662
2026-08-12 14:59:00+00:00,96829.89076732988
2026-08-12 15:59:00+00:00,96717.96714937067
2026-08-12 16:59:00+00:00,96797.93002021415
2026-08-12 17:59:00+00:00,96780.5615063403
2026-08-12 18:59:00+00:00,96767.3964245307
2026-08-12 19:59:00+00:00,96762.06011558023
2026-08-12 20:59:00+00:00,96779.58713025921
2026-08-12 21:59:00+00:00,96777.42484958624
2026-08-12 22:59:00+00:00,96838.11006904779
2026-08-12 23:59:00+00:00,96874.01803286608
2026-08-13 00:59:00+00:00,96899.49233806528
2026-08-13 01:59:00+00:00,96886.26310524759
2026-08-13 02:59:00+00:00,96848.72707960026
2026-08-13 03:59:00+00:00,96826.1423213156
2026-08-13 04:59:00+00:00,96859.51944152723
2026-08-13 05:59:00+00:00,96873.9534996456
2026-08-13 06:59:00+00:00,96879.47840958768
2026-08-13 07:59:00+00:00,96896.98955509672
2026-08-13 08:59:00+00:00,96931.64601197785
2026-08-13 09:59:00+00:00,96990.49494360657
2026-08-13 10:59:00+00:00,96991.64321544323
2026-08-13 11:59:00+00:00,96990.82692554091
2026-08-13 12:59:00+00:00,96904.7206818149
2026-08-13 13:59:00+00:00,96877.593901823
2026-08-13 14:59:00+00:00,96979.91143402999
2026-08-13 15:59:00+00:00,96793.82306520198
2026-08-13 16:59:00+00:00,96610.72058444374
2026-08-13 17:59:00+00:00,96603.08363721026
2026-08-13 18:59:00+00:00,96635.46184489201
2026-08-13 19:59:00+00:00,96666.35183035742
2026-08-13 20:59:00+00:00,96640.90968697629
2026-08-13 21:59:00+00:00,96632.33210756826
2026-08-13 22:59:00+00:00,96632.33210756826
2026-08-13 23:59:00+00:00,96632.33210756826
2026-08-14 00:59:00+00:00,96632.33210756826
2026-08-14 01:59:00+00:00,96632.33210756826
2026-08-14 02:59:00+00:00,96632.33210756826
2026-08-14 03:59:00+00:00,96632.33210756826
2026-08-14 04:59:00+00:00,96731.73308406444
2026-08-14 05:59:00+00:00,96793.1398153598
2026-08-14 06:59:00+00:00,96778.52884678206
2026-08-14 07:59:00+00:00,96755.17893679424
2026-08-14 08:59:00+00:00,96757.18191572936
2026-08-14 09:59:00+00:00,96735.50289549984
2026-08-14 10:59:00+00:00,96728.91513018317
2026-08-14 11:59:00+00:00,96759.34832349229
2026-08-14 12:59:00+00:00,96751.60775528807
2026-08-14 13:59:00+00:00,96748.56193561932
2026-08-14 14:59:00+00:00,96739.490746714
2026-08-14 15:59:00+00:00,96791.41709140367
2026-08-14 16:59:00+00:00,96815.0527031056
2026-08-14 17:59:00+00:00,96805.61270437931
2026-08-14 18:59:00+00:00,96822.10837602367
2026-08-14 19:59:00+00:00,96803.43656212311
2026-08-14 20:59:00+00:00,96801.97804295253
2026-08-14 21:59:00+00:00,96801.97804295253
2026-08-14 22:59:00+00:00,96801.97804295253
2026-08-14 23:59:00+00:00,96722.1185826607
2026-08-15 00:59:00+00:00,96702.92753202913
2026-08-15 01:59:00+00:00,96676.58409871602
2026-08-15 02:59:00+00:00,96301.87543000696
2026-08-15 03:59:00+00:00,96393.14029122582
2026-08-15 04:59:00+00:00,96343.1045506026
2026-08-15 05:59:00+00:00,96414.79104689475
2026-08-15 06:59:00+00:00,96405.0647996973
2026-08-15 07:59:00+00:00,96372.53560198568
2026-08-15 08:59:00+00:00,96363.49717260414
2026-08-15 09:59:00+00:00,96363.49717260414
2026-08-15 10:59:00+00:00,96298.42463510447
2026-08-15 11:59:00+00:00,96397.47486989578
2026-08-15 12:59:00+00:00,96409.8561492447
2026-08-15 13:59:00+00:00,96329.72157856979
2026-08-15 14:59:00+00:00,96301.64541261925
2026-08-15 15:59:00+00:00,96308.38256196417
2026-08-15 16:59:00+00:00,96308.38256196417
2026-08-15 17:59:00+00:00,96335.91094117795
2026-08-15 18:59:00+00:00,96251.82925353407
2026-08-15 19:59:00+00:00,96284.11235869955
2026-08-15 20:59:00+00:00,96279.87884698827
2026-08-15 21:59:00+00:00,96276.55083639301
2026-08-15 22:59:00+00:00,96276.55083639301
2026-08-15 23:59:00+00:00,96289.75093775407
2026-08-16 00:59:00+00:00,96314.88673343185
2026-08-16 01:59:00+00:00,96269.96842465406
2026-08-16 02:59:00+00:00,96262.35017678498
2026-08-16 03:59:00+00:00,96262.35017678498
2026-08-16 04:59:00+00:00,96262.35017678498
2026-08-16 05:59:00+00:00,96262.35017678498
2026-08-16 06:59:00+00:00,96262.35017678498
2026-08-16 07:59:00+00:00,96262.35017678498
2026-08-16 08:59:00+00:00,96262.35017678498
2026-08-16 09:59:00+00:00,96262.35017678498
2026-08-16 10:59:00+00:00,96262.35017678498
2026-08-16 11:59:00+00:00,96262.35017678498
2026-08-16 12:59:00+00:00,96262.35017678498
2026-08-16 13:59:00+00:00,96262.35017678498
2026-08-16 14:59:00+00:00,96262.35017678498
2026-08-16 15:59:00+00:00,96262.35017678498
2026-08-16 16:59:00+00:00,96290.57464242003
2026-08-16 17:59:00+00:00,96307.8028035255
2026-08-16 18:59:00+00:00,96278.73401637087
2026-08-16 19:59:00+00:00,96285.36406626938
2026-08-16 20:59:00+00:00,96351.27410030333
2026-08-16 21:59:00+00:00,96416.14913504758
2026-08-16 22:59:00+00:00,96542.42470723494
2026-08-16 23:59:00+00:00,96566.18113940117
2026-08-17 00:59:00+00:00,96600.63822550034
2026-08-17 01:59:00+00:00,96667.2873187163
2026-08-17 02:59:00+00:00,96658.78586261267
2026-08-17 03:59:00+00:00,96659.8475547581
2026-08-17 04:59:00+00:00,96649.21110084093
2026-08-17 05:59:00+00:00,96649.21110084093
2026-08-17 06:59:00+00:00,96649.21110084093
2026-08-17 07:59:00+00:00,96649.21110084093
2026-08-17 08:59:00+00:00,96649.21110084093
2026-08-17 09:59:00+00:00,96658.84466236657
2026-08-17 10:59:00+00:00,96606.75439902474
2026-08-17 11:59:00+00:00,96630.69066293945
2026-08-17 12:59:00+00:00,96702.64633650274
2026-08-17 13:59:00+00:00,96696.11271579636
2026-08-17 14:59:00+00:00,96644.17220995322
2026-08-17 15:59:00+00:00,96594.16717096999
2026-08-17 16:59:00+00:00,96669.4071297734
2026-08-17 17:59:00+00:00,96684.89163658815
2026-08-17 18:59:00+00:00,96697.36135941764
2026-08-17 19:59:00+00:00,96696.68652768715
2026-08-17 20:59:00+00:00,96687.98984558952
2026-08-17 21:59:00+00:00,96686.04787653204
2026-08-17 22:59:00+00:00,96686.04787653204
2026-08-17 23:59:00+00:00,96686.04787653204
2026-08-18 00:59:00+00:00,96686.04787653204
2026-08-18 01:59:00+00:00,96686.04787653204
2026-08-18 02:59:00+00:00,95805.07129884901
2026-08-18 03:59:00+00:00,95870.73075391367
2026-08-18 04:59:00+00:00,95938.68391688408
2026-08-18 05:59:00+00:00,95873.97982941389
2026-08-18 06:59:00+00:00,95874.78066074407
2026-08-18 07:59:00+00:00,95904.01505155065
2026-08-18 08:59:00+00:00,95816.99034335499
2026-08-18 09:59:00+00:00,95803.34911325698
2026-08-18 10:59:00+00:00,95801.45337723903
2026-08-18 11:59:00+00:00,95801.45337723903
2026-08-18 12:59:00+00:00,95801.45337723903
2026-08-18 13:59:00+00:00,95801.45337723903
2026-08-18 14:59:00+00:00,95758.34877672783
2026-08-18 15:59:00+00:00,95667.15237808894
2026-08-18 16:59:00+00:00,95739.11523625578
2026-08-18 17:59:00+00:00,95726.99252402625
2026-08-18 18:59:00+00:00,95761.05600548304
2026-08-18 19:59:00+00:00,95770.94269117841
2026-08-18 20:59:00+00:00,95776.37737550063
2026-08-18 21:59:00+00:00,95762.97963137321
2026-08-18 22:59:00+00:00,95726.31537360825
2026-08-18 23:59:00+00:00,95761.73964899308
2026-08-19 00:59:00+00:00,95784.929155247
2026-08-19 01:59:00+00:00,95763.59864705647
2026-08-19 02:59:00+00:00,95770.98318058709
2026-08-19 03:59:00+00:00,95770.98318058709
2026-08-19 04:59:00+00:00,95866.83593152811
2026-08-19 05:59:00+00:00,95848.0727980941
2026-08-19 06:59:00+00:00,95825.13141092134
2026-08-19 07:59:00+00:00,95857.6327605119
2026-08-19 08:59:00+00:00,95866.65891124106
2026-08-19 09:59:00+00:00,95827.55334582314
2026-08-19 10:59:00+00:00,95693.48837379165
2026-08-19 11:59:00+00:00,95690.32150933343
2026-08-19 12:59:00+00:00,95671.96241808674
2026-08-19 13:59:00+00:00,95683.22753081414
2026-08-19 14:59:00+00:00,95378.80144451425
2026-08-19 15:59:00+00:00,94491.75743379985
2026-08-19 16:59:00+00:00,94503.8710377643
2026-08-19 17:59:00+00:00,94514.91265077623
2026-08-19 18:59:00+00:00,94626.25836057273
2026-08-19 19:59:00+00:00,94619.15654665281
2026-08-19 20:59:00+00:00,94970.59688663477
2026-08-19 21:59:00+00:00,95609.38000409078
2026-08-19 22:59:00+00:00,95642.75422790754
2026-08-19 23:59:00+00:00,95728.96670722842
2026-08-20 00:59:00+00:00,95764.03165073699
2026-08-20 01:59:00+00:00,95865.17791061135
2026-08-20 02:59:00+00:00,95889.36639102892
2026-08-20 03:59:00+00:00,95688.46029550639
2026-08-20 04:59:00+00:00,95758.6204983283
2026-08-20 05:59:00+00:00,95826.23129784653
2026-08-20 06:59:00+00:00,95898.6400785327
2026-08-20 07:59:00+00:00,95971.86608984775
2026-08-20 08:59:00+00:00,95983.52456261883
2026-08-20 09:59:00+00:00,95987.86062196463
2026-08-20 10:59:00+00:00,95911.96813185525
2026-08-20 11:59:00+00:00,95930.12251285429
2026-08-20 12:59:00+00:00,95946.60834721131
2026-08-20 13:59:00+00:00,95755.13331622412
2026-08-20 14:59:00+00:00,95779.035084808
2026-08-20 15:59:00+00:00,95425.36930747921
2026-08-20 16:59:00+00:00,94897.02501924596
2026-08-20 17:59:00+00:00,94834.47887054959
2026-08-20 18:59:00+00:00,94143.24858284676
2026-08-20 19:59:00+00:00,94265.89194173078
2026-08-20 20:59:00+00:00,94381.03223692201
2026-08-20 21:59:00+00:00,94447.47773184485
2026-08-20 22:59:00+00:00,94439.23977789516
2026-08-20 23:59:00+00:00,94336.408235752
2026-08-21 00:59:00+00:00,94301.434717553
2026-08-21 01:59:00+00:00,94120.70210071
2026-08-21 02:59:00+00:00,94360.01453905196
2026-08-21 03:59:00+00:00,94202.2668780353
2026-08-21 04:59:00+00:00,94128.75237956057
2026-08-21 05:59:00+00:00,94097.15405277805
2026-08-21 06:59:00+00:00,93591.27605338364
2026-08-21 07:59:00+00:00,93596.79805085101
2026-08-21 08:59:00+00:00,92966.7078354376
2026-08-21 09:59:00+00:00,93236.47559363785
2026-08-21 10:59:00+00:00,93302.0047612931
2026-08-21 11:59:00+00:00,93124.92003571722
2026-08-21 12:59:00+00:00,93218.80177546674
2026-08-21 13:59:00+00:00,93235.80972646183
2026-08-21 14:59:00+00:00,93442.49972769857
2026-08-21 15:59:00+00:00,93404.63544602082
2026-08-21 16:59:00+00:00,93101.02068412595
2026-08-21 17:59:00+00:00,93045.10781755492
2026-08-21 18:59:00+00:00,93098.19160104655
2026-08-21 19:59:00+00:00,92880.17972124572
2026-08-21 20:59:00+00:00,93655.03035032668
2026-08-21 21:59:00+00:00,94411.57009859497
2026-08-21 22:59:00+00:00,94325.65034598314
2026-08-21 23:59:00+00:00,94466.84005962126
2026-08-22 00:59:00+00:00,94465.98625299844
2026-08-22 01:59:00+00:00,94430.91065441782
2026-08-22 02:59:00+00:00,94935.36318527462
2026-08-22 03:59:00+00:00,95129.04594524109
2026-08-22 04:59:00+00:00,95631.57728703445
2026-08-22 05:59:00+00:00,95058.21099369184
2026-08-22 06:59:00+00:00,95045.45864850041
2026-08-22 07:59:00+00:00,95032.01979322248
2026-08-22 08:59:00+00:00,94913.81757597724
2026-08-22 09:59:00+00:00,94883.90499164036
2026-08-22 10:59:00+00:00,94965.74827242855
2026-08-22 11:59:00+00:00,95076.41776221682
2026-08-22 12:59:00+00:00,95297.69391243077
2026-08-22 13:59:00+00:00,95360.00338287954
2026-08-22 14:59:00+00:00,95242.44863659897
2026-08-22 15:59:00+00:00,95146.04321028356
2026-08-22 16:59:00+00:00,95124.54550932719
2026-08-22 17:59:00+00:00,95017.97548258535
2026-08-22 18:59:00+00:00,95042.56377476362
2026-08-22 19:59:00+00:00,95042.92996689728
2026-08-22 20:59:00+00:00,95042.92996689728
2026-08-22 21:59:00+00:00,95042.92996689728
2026-08-22 22:59:00+00:00,95238.7787163638
2026-08-22 23:59:00+00:00,95064.06820754443
2026-08-23 00:59:00+00:00,95297.71984190147
2026-08-23 01:59:00+00:00,95258.8096925737
2026-08-23 02:59:00+00:00,95308.88021573723
2026-08-23 03:59:00+00:00,95485.3946411608
2026-08-23 04:59:00+00:00,95729.30117243597
2026-08-23 05:59:00+00:00,95801.88975057172
2026-08-23 06:59:00+00:00,95805.89002979
2026-08-23 07:59:00+00:00,95805.89002979
2026-08-23 08:59:00+00:00,95805.89002979
2026-08-23 09:59:00+00:00,95715.21442052253
2026-08-23 10:59:00+00:00,95704.78853537228
2026-08-23 11:59:00+00:00,95704.78853537228
2026-08-23 12:59:00+00:00,95704.78853537228
2026-08-23 13:59:00+00:00,95251.67148125569
2026-08-23 14:59:00+00:00,95510.14460591423
2026-08-23 15:59:00+00:00,95644.16963624998
2026-08-23 16:59:00+00:00,95665.37585065152
2026-08-23 17:59:00+00:00,95665.37585065152
2026-08-23 18:59:00+00:00,95665.37585065152
2026-08-23 19:59:00+00:00,95665.37585065152
2026-08-23 20:59:00+00:00,95665.37585065152
2026-08-23 21:59:00+00:00,95665.37585065152
2026-08-23 22:59:00+00:00,95665.37585065152
2026-08-23 23:59:00+00:00,95665.37585065152
2026-08-24 00:59:00+00:00,95665.37585065152
2026-08-24 01:59:00+00:00,95665.37585065152
2026-08-24 02:59:00+00:00,96137.00277777882
2026-08-24 03:59:00+00:00,95675.23060779646
2026-08-24 04:59:00+00:00,95841.93479850696
2026-08-24 05:59:00+00:00,95793.54592354843
2026-08-24 06:59:00+00:00,95791.60934214373
2026-08-24 07:59:00+00:00,95791.60934214373
2026-08-24 08:59:00+00:00,95791.60934214373
2026-08-24 09:59:00+00:00,95791.60934214373
2026-08-24 10:59:00+00:00,95885.19933018612
2026-08-24 11:59:00+00:00,95807.71552277995
2026-08-24 12:59:00+00:00,95542.70594980531
2026-08-24 13:59:00+00:00,95830.87311191921
2026-08-24 14:59:00+00:00,95840.75311328712
2026-08-24 15:59:00+00:00,95928.25843147692
2026-08-24 16:59:00+00:00,95912.97306907477
2026-08-24 17:59:00+00:00,95933.66654247482
2026-08-24 18:59:00+00:00,95933.66654247482
2026-08-24 19:59:00+00:00,95933.66654247482
2026-08-24 20:59:00+00:00,95933.66654247482
2026-08-24 21:59:00+00:00,95933.66654247482
2026-08-24 22:59:00+00:00,95933.66654247482
2026-08-24 23:59:00+00:00,95933.66654247482
2026-08-25 00:59:00+00:00,95933.66654247482
2026-08-25 01:59:00+00:00,96072.21300849305
2026-08-25 02:59:00+00:00,96031.67500081492
2026-08-25 03:59:00+00:00,96013.74268315798
2026-08-25 04:59:00+00:00,96170.18076435571
2026-08-25 05:59:00+00:00,96322.86996583566
2026-08-25 06:59:00+00:00,96252.01878750308
2026-08-25 07:59:00+00:00,96209.254161627
2026-08-25 08:59:00+00:00,96227.17931300029
2026-08-25 09:59:00+00:00,96227.17931300029
2026-08-25 10:59:00+00:00,96227.17931300029
2026-08-25 11:59:00+00:00,96227.17931300029
2026-08-25 12:59:00+00:00,96227.17931300029
2026-08-25 13:59:00+00:00,96227.17931300029
2026-08-25 14:59:00+00:00,96227.17931300029
2026-08-25 15:59:00+00:00,96227.17931300029
2026-08-25 16:59:00+00:00,96227.17931300029
2026-08-25 17:59:00+00:00,96227.17931300029
2026-08-25 18:59:00+00:00,96227.17931300029
2026-08-25 19:59:00+00:00,96227.17931300029
2026-08-25 20:59:00+00:00,96227.17931300029
2026-08-25 21:59:00+00:00,96238.75786241943
2026-08-25 22:59:00+00:00,96272.5217849854
2026-08-25 23:59:00+00:00,96168.97908911643
2026-08-26 00:59:00+00:00,96166.08221191989
2026-08-26 01:59:00+00:00,96178.79500404443
2026-08-26 02:59:00+00:00,96178.79500404443
2026-08-26 03:59:00+00:00,96178.79500404443
2026-08-26 04:59:00+00:00,96178.79500404443
2026-08-26 05:59:00+00:00,96178.79500404443
2026-08-26 06:59:00+00:00,96178.79500404443
2026-08-26 07:59:00+00:00,96178.79500404443
2026-08-26 08:59:00+00:00,96178.79500404443
2026-08-26 09:59:00+00:00,96178.79500404443
2026-08-26 10:59:00+00:00,96178.79500404443
2026-08-26 11:59:00+00:00,96227.32197964138
2026-08-26 12:59:00+00:00,96234.9367631454
2026-08-26 13:59:00+00:00,96232.3473832105
2026-08-26 14:59:00+00:00,96232.3473832105
2026-08-26 15:59:00+00:00,96232.3473832105
2026-08-26 16:59:00+00:00,96232.3473832105
2026-08-26 17:59:00+00:00,96232.3473832105
2026-08-26 18:59:00+00:00,96232.3473832105
2026-08-26 19:59:00+00:00,96232.3473832105
2026-08-26 20:59:00+00:00,96232.3473832105
2026-08-26 21:59:00+00:00,96232.3473832105
2026-08-26 22:59:00+00:00,96232.3473832105
2026-08-26 23:59:00+00:00,96232.3473832105
2026-08-27 00:59:00+00:00,96232.3473832105
2026-08-27 01:59:00+00:00,96313.67036699108
2026-08-27 02:59:00+00:00,96328.94927352459
2026-08-27 03:59:00+00:00,96328.94927352459
2026-08-27 04:59:00+00:00,96328.94927352459
2026-08-27 05:59:00+00:00,96328.94927352459
2026-08-27 06:59:00+00:00,96328.94927352459
2026-08-27 07:59:00+00:00,96328.94927352459
2026-08-27 08:59:00+00:00,96328.94927352459
2026-08-27 09:59:00+00:00,96337.15159518005
2026-08-27 10:59:00+00:00,96364.76883981122
2026-08-27 11:59:00+00:00,96381.33918658992
2026-08-27 12:59:00+00:00,96336.231020359
2026-08-27 13:59:00+00:00,96330.62582438867
2026-08-27 14:59:00+00:00,96330.62582438867
2026-08-27 15:59:00+00:00,96330.62582438867
2026-08-27 16:59:00+00:00,96330.62582438867
2026-08-27 17:59:00+00:00,96330.62582438867
2026-08-27 18:59:00+00:00,96330.62582438867
2026-08-27 19:59:00+00:00,96330.62582438867
2026-08-27 20:59:00+00:00,96330.62582438867
2026-08-27 21:59:00+00:00,96330.62582438867
2026-08-27 22:59:00+00:00,96330.62582438867
2026-08-27 23:59:00+00:00,96330.62582438867
2026-08-28 00:59:00+00:00,96330.62582438867
2026-08-28 01:59:00+00:00,96330.62582438867
2026-08-28 02:59:00+00:00,96330.62582438867
2026-08-28 03:59:00+00:00,96330.62582438867
2026-08-28 04:59:00+00:00,96330.62582438867
2026-08-28 05:59:00+00:00,96330.62582438867
2026-08-28 06:59:00+00:00,96330.62582438867
2026-08-28 07:59:00+00:00,96330.62582438867
2026-08-28 08:59:00+00:00,96330.62582438867
2026-08-28 09:59:00+00:00,96330.62582438867
2026-08-28 10:59:00+00:00,96330.62582438867
2026-08-28 11:59:00+00:00,96330.62582438867
2026-08-28 12:59:00+00:00,96330.62582438867
2026-08-28 13:59:00+00:00,96330.62582438867
2026-08-28 14:59:00+00:00,96330.62582438867
2026-08-28 15:59:00+00:00,96330.62582438867
2026-08-28 16:59:00+00:00,96034.42689104499
2026-08-28 17:59:00+00:00,96068.98507601068
2026-08-28 18:59:00+00:00,96018.42308608907
2026-08-28 19:59:00+00:00,96019.30740293172
2026-08-28 20:59:00+00:00,96019.30740293172
2026-08-28 21:59:00+00:00,96019.30740293172
2026-08-28 22:59:00+00:00,96019.30740293172
2026-08-28 23:59:00+00:00,96019.30740293172
2026-08-29 00:59:00+00:00,96019.30740293172
2026-08-29 01:59:00+00:00,96019.30740293172
2026-08-29 02:59:00+00:00,96019.30740293172
2026-08-29 03:59:00+00:00,96019.30740293172
2026-08-29 04:59:00+00:00,96019.30740293172
2026-08-29 05:59:00+00:00,96019.30740293172
2026-08-29 06:59:00+00:00,96019.30740293172
2026-08-29 07:59:00+00:00,96019.30740293172
2026-08-29 08:59:00+00:00,96019.30740293172
2026-08-29 09:59:00+00:00,96019.30740293172
2026-08-29 10:59:00+00:00,96019.30740293172
2026-08-29 11:59:00+00:00,96019.30740293172
2026-08-29 12:59:00+00:00,96019.30740293172
2026-08-29 13:59:00+00:00,96019.30740293172
2026-08-29 14:59:00+00:00,96019.30740293172
2026-08-29 15:59:00+00:00,96019.30740293172
2026-08-29 16:59:00+00:00,96019.30740293172
2026-08-29 17:59:00+00:00,96067.0937848183
2026-08-29 18:59:00+00:00,95971.82009757639
2026-08-29 19:59:00+00:00,95965.74619289802
2026-08-29 20:59:00+00:00,95965.74619289802
2026-08-29 21:59:00+00:00,95965.74619289802
2026-08-29 22:59:00+00:00,95965.74619289802
2026-08-29 23:59:00+00:00,95965.74619289802
2026-08-30 00:59:00+00:00,95965.74619289802
2026-08-30 01:59:00+00:00,95965.74619289802
2026-08-30 02:59:00+00:00,95965.74619289802
2026-08-30 03:59:00+00:00,95928.3583637325
2026-08-30 04:59:00+00:00,95942.19035533324
2026-08-30 05:59:00+00:00,95942.19035533324
2026-08-30 06:59:00+00:00,95942.19035533324
2026-08-30 07:59:00+00:00,95942.19035533324
2026-08-30 08:59:00+00:00,95942.19035533324
2026-08-30 09:59:00+00:00,95942.19035533324
2026-08-30 10:59:00+00:00,95942.19035533324
2026-08-30 11:59:00+00:00,95667.08697417159
2026-08-30 12:59:00+00:00,95415.21935005621
2026-08-30 13:59:00+00:00,95348.78322759325
2026-08-30 14:59:00+00:00,95274.08655304277
2026-08-30 15:59:00+00:00,95191.78435947958
2026-08-30 16:59:00+00:00,95706.09254900098
2026-08-30 17:59:00+00:00,95856.20520611049
2026-08-30 18:59:00+00:00,95828.42282285268
2026-08-30 19:59:00+00:00,95828.15070501142
2026-08-30 20:59:00+00:00,95729.23773207546
2026-08-30 21:59:00+00:00,95707.68313397875
2026-08-30 22:59:00+00:00,95689.62684715311
2026-08-30 23:59:00+00:00,95457.7001364074
2026-08-31 00:59:00+00:00,95856.81593314244
2026-08-31 01:59:00+00:00,95579.0318040956
2026-08-31 02:59:00+00:00,95447.44971492504
2026-08-31 03:59:00+00:00,95406.74403848738
2026-08-31 04:59:00+00:00,95421.09088478793
2026-08-31 05:59:00+00:00,95318.3104415927
2026-08-31 06:59:00+00:00,95294.61431480978
2026-08-31 07:59:00+00:00,95281.99749723809
2026-08-31 08:59:00+00:00,95281.99749723809
2026-08-31 09:59:00+00:00,95281.99749723809
2026-08-31 10:59:00+00:00,95309.73536709344
2026-08-31 11:59:00+00:00,95272.39558705234
2026-08-31 12:59:00+00:00,95278.0963168296
2026-08-31 13:59:00+00:00,95206.26712163605
2026-08-31 14:59:00+00:00,95235.62587998898
2026-08-31 15:59:00+00:00,95387.62622790081
2026-08-31 16:59:00+00:00,95402.79296305643
2026-08-31 17:59:00+00:00,95395.87095902907
2026-08-31 18:59:00+00:00,95395.87095902907
2026-08-31 19:59:00+00:00,95395.87095902907
2026-08-31 20:59:00+00:00,95395.87095902907
2026-08-31 21:59:00+00:00,95395.87095902907
2026-08-31 22:59:00+00:00,95395.87095902907
2026-08-31 23:59:00+00:00,95395.87095902907
