id,model,frequency_min,target,signal_time,entry_time,exit_time,gross_target,actual_gross,entry_turnover,exit_turnover,price_pnl,fee,funding_cashflow,net_pnl,net_pnl_including_funding,hold_minutes,z_entry,reason
2,B0,15,DOGEUSDT,2026-03-04 15:14:00+00:00,2026-03-04 15:16:00+00:00,2026-03-04 17:01:00+00:00,10001.466531301432,10026.49627027445,10026.49627027445,10388.384579592655,-361.88830931820627,4.082976169973421,0.8728708997599567,-365.97128548817966,-365.0984145884197,105.0,2.4455800267675163,stop
1,B0,15,BCHUSDT,2026-03-04 14:59:00+00:00,2026-03-04 15:01:00+00:00,2026-03-04 17:16:00+00:00,10000.0,10029.922841815032,10029.922841815032,10034.41126808729,-4.488426272255891,4.012866821980465,0.8051546540705752,-8.501293094236356,-7.696138440165781,135.0,2.0610194217035303,mean
3,B0,15,XRPUSDT,2026-03-04 15:29:00+00:00,2026-03-04 15:31:00+00:00,2026-03-04 17:31:00+00:00,9982.816743129575,9956.586136281358,9956.586136281358,9932.426366815895,24.15976946546251,3.9778025006194504,0.48225602986129046,20.18196696484306,20.66422299470435,120.0,2.8385495960950786,mean
4,B0,15,DOGEUSDT,2026-03-04 17:14:00+00:00,2026-03-04 17:16:00+00:00,2026-03-04 20:46:00+00:00,9957.770549470923,9942.104440445208,9942.104440445208,10060.579389952185,-118.47494950697842,4.000536766079478,0.0,-122.4754862730579,-122.4754862730579,210.0,4.304082252413931,mean
5,B0,15,XLMUSDT,2026-03-04 19:14:00+00:00,2026-03-04 19:16:00+00:00,2026-03-04 21:16:00+00:00,9952.936456319927,9968.050555293868,9968.050555293868,9853.183403091914,114.86715220195416,3.964246791677157,0.0,110.902905410277,110.902905410277,120.0,2.4273112814829996,mean
6,B0,15,DOGEUSDT,2026-03-04 22:59:00+00:00,2026-03-04 23:01:00+00:00,2026-03-05 02:46:00+00:00,9963.629708910334,9969.658528822945,9969.658528822945,9673.241549786182,-296.4169790367645,3.928580015721826,-0.9938745754721028,-300.3455590524863,-301.3394336279584,225.0,-2.0925096415272337,stop
8,B0,15,NEARUSDT,2026-03-05 01:29:00+00:00,2026-03-05 01:31:00+00:00,2026-03-05 03:01:00+00:00,9956.40843394171,9980.132997326798,9980.132997326798,10035.490311892001,55.35731456520328,4.00312466184376,0.0,51.354189903359526,51.354189903359526,90.0,-2.136506213814954,mean
7,B0,15,BCHUSDT,2026-03-05 00:29:00+00:00,2026-03-05 00:31:00+00:00,2026-03-05 03:16:00+00:00,9950.469445801971,9970.459470673984,9970.459470673984,9989.797646908864,19.338176234880706,3.9920514235165694,0.0,15.346124811364135,15.346124811364135,165.0,-2.0932171853411194,mean
9,B0,15,TRXUSDT,2026-03-05 03:59:00+00:00,2026-03-05 04:01:00+00:00,2026-03-05 06:31:00+00:00,9940.165797019014,9931.788958677484,9931.788958677484,9935.977377848249,4.188419170763789,3.9735532673051464,0.0,0.2148659034586422,0.2148659034586422,150.0,-3.486033961261303,mean
10,B0,15,TRXUSDT,2026-03-05 14:29:00+00:00,2026-03-05 14:31:00+00:00,2026-03-05 16:01:00+00:00,9940.18728360936,9945.465259158182,9945.465259158182,9957.428670402172,11.963411243990274,3.980578785912071,1.677658234197171,7.982832458078203,9.660490692275374,90.0,-2.0109232599589184,mean
11,B0,15,FILUSDT,2026-03-05 16:14:00+00:00,2026-03-05 16:16:00+00:00,2026-03-05 18:31:00+00:00,9941.153332678588,9961.055541552818,9961.055541552818,9990.908854864167,29.853313311348245,3.990392879283397,0.0,25.862920432064847,25.862920432064847,135.0,-3.0870813852781605,mean
12,B0,15,XLMUSDT,2026-03-05 16:14:00+00:00,2026-03-05 16:16:00+00:00,2026-03-05 18:46:00+00:00,9941.153332678588,9936.012797053132,9936.012797053132,9972.639113384506,36.62631633137447,3.981730382087528,0.0,32.64458594928694,32.64458594928694,150.0,-2.248457594443558,mean
13,B0,15,ADAUSDT,2026-03-05 16:14:00+00:00,2026-03-05 16:16:00+00:00,2026-03-05 18:46:00+00:00,9941.153332678588,9929.962540934484,9929.962540934484,10000.837555313807,70.8750143793225,3.986160019249658,0.0,66.88885436007284,66.88885436007284,150.0,-2.2388032462307663,mean
14,B0,15,DOTUSDT,2026-03-05 20:29:00+00:00,2026-03-05 20:31:00+00:00,2026-03-05 22:31:00+00:00,9953.692968752732,9992.524020646435,9992.524020646435,9869.55902298304,122.96499766339608,3.9724166087258945,0.0,118.99258105467018,118.99258105467018,120.0,2.2092706628939935,mean
15,B0,15,TRXUSDT,2026-03-05 21:29:00+00:00,2026-03-05 21:31:00+00:00,2026-03-06 01:16:00+00:00,9950.904381479406,9949.154002520483,9949.154002520483,9988.012415408582,-38.858412888099,3.9874332835858133,0.5115088672187815,-42.845846171684805,-42.334337304466025,225.0,2.3399422619040244,mean
16,B0,15,BCHUSDT,2026-03-06 13:59:00+00:00,2026-03-06 14:01:00+00:00,2026-03-06 16:31:00+00:00,9961.35879312775,9945.249502594863,9945.249502594863,9938.98477849874,-6.264724096122137,3.9768468562187205,-0.15755491616285353,-10.241570952340858,-10.399125868503711,150.0,-2.051115052761533,mean
17,B0,15,FILUSDT,2026-03-06 14:14:00+00:00,2026-03-06 14:16:00+00:00,2026-03-06 16:46:00+00:00,9961.87585660583,9961.87585660583,9961.87585660583,9931.442427308662,-30.433429297166512,3.9786636567828984,1.6721815903188826,-34.41209295394941,-32.739911363630526,150.0,-2.5206294480289895,mean
18,B0,15,AVAXUSDT,2026-03-06 14:14:00+00:00,2026-03-06 14:16:00+00:00,2026-03-06 16:46:00+00:00,9961.87585660583,9961.875856605831,9961.875856605831,9935.340338230855,-26.535518374975727,3.9794432389673373,2.2710845783459876,-30.514961613943065,-28.243877035597077,150.0,-2.335339838851985,mean
19,B0,15,FILUSDT,2026-03-07 15:44:00+00:00,2026-03-07 15:46:00+00:00,2026-03-07 17:01:00+00:00,9954.22050170098,9933.395772617923,9933.395772617923,10027.107053491678,93.71128087375409,3.99210056522192,-0.9691601925707465,89.71918030853217,88.75002011596143,75.0,-2.149283995453076,mean
20,B0,15,FILUSDT,2026-03-08 02:59:00+00:00,2026-03-08 03:01:00+00:00,2026-03-08 05:16:00+00:00,9963.095503712577,9973.843179552612,9973.843179552612,10006.086207072716,32.24302752010545,3.995985877325065,0.0,28.247041642780385,28.247041642780385,135.0,-2.22113945103181,mean
21,B0,15,NEARUSDT,2026-03-08 10:29:00+00:00,2026-03-08 10:31:00+00:00,2026-03-08 12:16:00+00:00,9965.920207876856,9957.915452689806,9957.915452689806,9813.82985932291,144.08559336689441,3.954349062402543,0.0,140.13124430449187,140.13124430449187,105.0,2.084220692955281,mean
22,B0,15,TRXUSDT,2026-03-08 15:14:00+00:00,2026-03-08 15:16:00+00:00,2026-03-08 19:31:00+00:00,9979.933332307304,9976.819468553076,9976.819468553076,10017.645682219647,-40.826213666572244,3.9988930301545444,0.6588173139476464,-44.82510669672679,-44.16628938277915,255.0,2.5678259306527083,timeout
23,B0,15,FILUSDT,2026-03-08 19:44:00+00:00,2026-03-08 19:46:00+00:00,2026-03-08 21:46:00+00:00,9975.516703369025,9965.01615947074,9965.01615947074,9923.013983877609,42.002175593132776,3.97760602866967,0.0,38.02456956446311,38.02456956446311,120.0,2.025042322341667,mean
25,B0,15,NEARUSDT,2026-03-09 03:14:00+00:00,2026-03-09 03:16:00+00:00,2026-03-09 05:01:00+00:00,9979.319160325473,9963.529098362933,9963.529098362933,9726.678168924827,236.8509294381048,3.9380414534575525,0.0,232.91288798464726,232.91288798464726,105.0,2.4743341549239912,mean
24,B0,15,UNIUSDT,2026-03-09 03:14:00+00:00,2026-03-09 03:16:00+00:00,2026-03-09 05:16:00+00:00,9979.319160325473,9955.565160737286,9955.565160737286,9871.10649553485,84.45866520243612,3.965334331254427,0.0,80.4933308711817,80.4933308711817,120.0,2.6834134488214523,mean
26,B0,15,BNBUSDT,2026-03-09 03:14:00+00:00,2026-03-09 03:16:00+00:00,2026-03-09 05:16:00+00:00,9979.319160325473,9990.491171476222,9990.491171476222,9940.536321616451,49.954849859770476,3.986205498618535,0.0,45.968644361151945,45.968644361151945,120.0,2.3179947999913626,mean
28,B0,15,FILUSDT,2026-03-09 05:44:00+00:00,2026-03-09 05:46:00+00:00,2026-03-09 07:01:00+00:00,10015.256646647169,10025.624407150945,10025.624407150945,9890.843520601864,134.7808865490821,3.9832935855505616,0.0,130.79759296353154,130.79759296353154,75.0,2.454811862209606,mean
27,B0,15,DOTUSDT,2026-03-09 05:44:00+00:00,2026-03-09 05:46:00+00:00,2026-03-09 07:16:00+00:00,10015.256646647169,10035.141338864207,10035.141338864207,9823.037955215821,212.10338364838498,3.9716358588160054,0.0,208.13174778956895,208.13174778956895,90.0,2.5639161568269144,mean
29,B0,15,AVAXUSDT,2026-03-09 05:44:00+00:00,2026-03-09 05:46:00+00:00,2026-03-09 07:16:00+00:00,10015.256646647169,10025.08194747776,10025.08194747776,9872.243934557484,152.83801292027573,3.9794651764070483,0.0,148.85854774386868,148.85854774386868,90.0,2.347812553762881,mean
30,B0,15,TRXUSDT,2026-03-09 10:29:00+00:00,2026-03-09 10:31:00+00:00,2026-03-09 13:16:00+00:00,10064.035435496866,10065.093285828198,10065.093285828198,10052.046465075126,-13.046820753071765,4.023427950180665,0.0,-17.07024870325243,-17.07024870325243,165.0,-3.4237482859741424,mean
31,B0,15,LTCUSDT,2026-03-09 13:44:00+00:00,2026-03-09 13:46:00+00:00,2026-03-09 15:31:00+00:00,10062.328410626542,10032.711549962447,10032.711549962447,9991.988366549314,40.72318341313281,4.004939983302353,0.0,36.71824342983046,36.71824342983046,105.0,2.2657064048393534,mean
33,B0,15,DOTUSDT,2026-03-09 13:44:00+00:00,2026-03-09 13:46:00+00:00,2026-03-09 15:31:00+00:00,10062.328410626542,10022.372109856351,10022.372109856351,9955.778275239367,66.59383461698431,3.995630077019144,0.0,62.59820453996517,62.59820453996517,105.0,2.2558944124686615,mean
32,B0,15,BNBUSDT,2026-03-09 13:44:00+00:00,2026-03-09 13:46:00+00:00,2026-03-09 15:46:00+00:00,10062.328410626542,10039.306817434586,10039.306817434586,10050.344567595113,-11.037750160527528,4.01793027700594,0.0,-15.055680437533468,-15.055680437533468,120.0,2.2623215774244425,mean
35,B0,15,FILUSDT,2026-03-09 19:29:00+00:00,2026-03-09 19:31:00+00:00,2026-03-09 20:46:00+00:00,10070.754487379769,10029.480903415097,10029.480903415097,9781.83939962707,247.6415037880273,3.962264060608433,0.0,243.6792397274189,243.6792397274189,75.0,4.3319349033182295,mean
36,B0,15,AVAXUSDT,2026-03-09 19:29:00+00:00,2026-03-09 19:31:00+00:00,2026-03-09 21:31:00+00:00,10070.754487379769,10060.123478736909,10060.123478736909,9951.687190579754,108.43628815715418,4.002362133863333,0.0,104.43392602329084,104.43392602329084,120.0,2.6210623554746686,mean
34,B0,15,SUIUSDT,2026-03-09 19:29:00+00:00,2026-03-09 19:31:00+00:00,2026-03-09 21:46:00+00:00,10070.754487379769,10026.705820615723,10026.705820615723,9904.803696315226,121.90212430049789,3.98630190338619,0.0,117.91582239711171,117.91582239711171,135.0,4.9150521250096935,mean
37,B0,15,SUIUSDT,2026-03-09 23:44:00+00:00,2026-03-09 23:46:00+00:00,2026-03-10 02:31:00+00:00,10117.35738619455,10087.335554188037,10087.335554188037,10145.234801629169,57.89924744113108,4.0465140711634415,-1.0101450961830871,53.85273336996764,52.84258827378455,165.0,-2.1240510251946985,mean
40,B0,15,UNIUSDT,2026-03-10 02:44:00+00:00,2026-03-10 02:46:00+00:00,2026-03-10 03:46:00+00:00,10122.64164502193,10132.848493164125,10132.848493164125,9954.22865067571,178.6198424884139,4.017415428767967,0.0,174.60242705964595,174.60242705964595,60.0,2.3359181698671327,mean
38,B0,15,BTCUSDT,2026-03-10 02:44:00+00:00,2026-03-10 02:46:00+00:00,2026-03-10 04:01:00+00:00,10122.64164502193,10123.217693554729,10123.217693554729,9994.456445261027,128.76124829370266,4.023534827763151,0.0,124.7377134659395,124.7377134659395,75.0,2.4642370275333367,mean
39,B0,15,ADAUSDT,2026-03-10 02:44:00+00:00,2026-03-10 02:46:00+00:00,2026-03-10 04:01:00+00:00,10122.64164502193,10126.494953603971,10126.494953603971,9964.655993158247,161.83896044572487,4.018230189352444,0.0,157.82073025637243,157.82073025637243,75.0,2.376213032995955,mean
41,B0,15,AAVEUSDT,2026-03-10 08:14:00+00:00,2026-03-10 08:16:00+00:00,2026-03-10 10:31:00+00:00,10168.357732100123,10175.647530635546,10175.647530635546,10249.45674080672,-73.80921017117235,4.085020854288453,0.0,-77.8942310254608,-77.8942310254608,135.0,2.1347331524508117,mean
43,B0,15,XRPUSDT,2026-03-10 08:44:00+00:00,2026-03-10 08:46:00+00:00,2026-03-10 11:01:00+00:00,10162.504625284557,10150.222343283289,10150.222343283289,10143.71995869438,6.502384588907543,4.058788460395535,0.0,2.4435961285120094,2.4435961285120094,135.0,2.0574912898676945,mean
44,B0,15,ADAUSDT,2026-03-10 10:59:00+00:00,2026-03-10 11:01:00+00:00,2026-03-10 11:31:00+00:00,10137.574068350423,10126.179267973857,10126.179267973857,10091.994866844163,34.18440112969464,4.043634826963604,0.0,30.140766302731038,30.140766302731038,30.0,2.042679562744339,mean
42,B0,15,XLMUSDT,2026-03-10 08:44:00+00:00,2026-03-10 08:46:00+00:00,2026-03-10 11:46:00+00:00,10162.504625284557,10155.443318299645,10155.443318299645,10319.13725294986,-163.6939346502153,4.0949161142499015,0.0,-167.7888507644652,-167.7888507644652,180.0,2.2833192812019387,mean
45,B0,15,UNIUSDT,2026-03-10 14:14:00+00:00,2026-03-10 14:16:00+00:00,2026-03-10 14:46:00+00:00,10147.047860164255,10139.145174914907,10139.145174914907,10297.198879901887,158.05370498698113,4.087268810963359,0.0,153.9664361760178,153.9664361760178,30.0,-2.30683506060049,mean
46,B0,15,ETHUSDT,2026-03-10 14:14:00+00:00,2026-03-10 14:16:00+00:00,2026-03-10 14:46:00+00:00,10147.047860164255,10129.261138007558,10129.261138007558,10288.837764268925,159.57662626136664,4.083619780455296,0.0,155.49300648091133,155.49300648091133,30.0,-2.2311644611695813,mean
47,B0,15,LINKUSDT,2026-03-10 14:14:00+00:00,2026-03-10 14:16:00+00:00,2026-03-10 14:46:00+00:00,10147.047860164255,10128.76283192204,10128.76283192204,10301.327785957945,172.564954035905,4.086018123575997,0.0,168.478935912329,168.478935912329,30.0,-2.2248999261826876,mean
50,B0,15,XRPUSDT,2026-03-10 14:59:00+00:00,2026-03-10 15:01:00+00:00,2026-03-10 17:01:00+00:00,10194.841698021179,10228.258084087642,10228.258084087642,10140.806690764772,87.45139332286946,4.073812954970483,0.18052878531221833,83.37758036789899,83.5581091532112,120.0,3.746898357858944,mean
49,B0,15,DOGEUSDT,2026-03-10 14:59:00+00:00,2026-03-10 15:01:00+00:00,2026-03-10 17:31:00+00:00,10194.841698021179,10191.761375219883,10191.761375219883,10146.583307467548,45.17806775233434,4.067668936537487,1.0177375240963566,41.110398815796856,42.12813633989321,150.0,3.761559945986792,mean
51,B0,15,AVAXUSDT,2026-03-10 17:14:00+00:00,2026-03-10 17:16:00+00:00,2026-03-10 18:16:00+00:00,10204.442920473497,10224.094695811933,10224.094695811933,10106.184043781326,117.91065203060698,4.066055747918652,0.0,113.84459628268833,113.84459628268833,60.0,2.435121595770112,mean
48,B0,15,XLMUSDT,2026-03-10 14:59:00+00:00,2026-03-10 15:01:00+00:00,2026-03-10 19:16:00+00:00,10194.841698021179,10187.51343035757,10187.51343035757,9826.59624792493,360.91718243264137,4.002821935656501,1.0105070419141995,356.9143604969849,357.9248675388991,255.0,4.009017649354774,timeout
52,B0,15,FILUSDT,2026-03-10 18:14:00+00:00,2026-03-10 18:16:00+00:00,2026-03-10 19:16:00+00:00,10253.932913195427,10197.530641945727,10197.530641945727,9870.397468697467,-327.1331732482592,4.013585622128639,0.0,-331.1467588703878,-331.1467588703878,60.0,-3.566466112182423,stop
55,B0,15,XRPUSDT,2026-03-10 19:29:00+00:00,2026-03-10 19:31:00+00:00,2026-03-10 20:31:00+00:00,10207.798599665604,10202.636441726168,10202.636441726168,10268.269592670415,65.63315094424593,4.094181206879316,0.0,61.538969737366614,61.538969737366614,60.0,-3.180415528940881,mean
53,B0,15,DOGEUSDT,2026-03-10 18:29:00+00:00,2026-03-10 18:31:00+00:00,2026-03-10 21:01:00+00:00,10234.548113479117,10233.479119525337,10233.479119525337,10149.028597176804,-84.4505223485324,4.076501543340428,0.0,-88.52702389187283,-88.52702389187283,150.0,-2.746289733071843,mean
54,B0,15,FILUSDT,2026-03-10 19:29:00+00:00,2026-03-10 19:31:00+00:00,2026-03-10 22:01:00+00:00,10207.798599665604,10196.024898858608,10196.024898858608,10207.798599665604,11.773700806996093,4.080764699704843,0.0,7.692936107291251,7.692936107291251,150.0,-7.757085991364983,mean
56,B0,15,FILUSDT,2026-03-11 07:29:00+00:00,2026-03-11 07:31:00+00:00,2026-03-11 09:16:00+00:00,10219.543081260888,10231.195923998928,10231.195923998928,10196.237395784809,34.958528214119376,4.085486663956747,-11.38896208935385,30.873041550162625,19.484079460808776,105.0,2.0459636208361203,mean
58,B0,15,FILUSDT,2026-03-11 12:29:00+00:00,2026-03-11 12:31:00+00:00,2026-03-11 13:46:00+00:00,10221.491489206968,10210.23433998978,10210.23433998978,10063.891400166332,146.34293982344792,4.054825148031222,0.0,142.2881146754167,142.2881146754167,75.0,2.501054949162242,mean
57,B0,15,DOTUSDT,2026-03-11 12:29:00+00:00,2026-03-11 12:31:00+00:00,2026-03-11 15:01:00+00:00,10221.491489206968,10234.83547287434,10234.83547287434,10228.163481040652,6.671991833686756,4.092599790782998,0.0,2.5793920429037573,2.5793920429037573,150.0,2.848357367559254,mean
59,B0,15,NEARUSDT,2026-03-11 13:14:00+00:00,2026-03-11 13:16:00+00:00,2026-03-11 15:16:00+00:00,10216.911858113795,10201.361002926407,10201.361002926407,10084.729589020997,116.63141390540957,4.057218118389481,0.0,112.5741957870201,112.5741957870201,120.0,2.6108732793494354,mean
60,B0,15,LTCUSDT,2026-03-11 13:59:00+00:00,2026-03-11 14:01:00+00:00,2026-03-11 15:31:00+00:00,10245.645457496163,10285.073449910935,10285.073449910935,10209.972511978034,75.10093793290179,4.099009192377794,0.0,71.001928740524,71.001928740524,90.0,2.0344792073455604,mean
61,B0,15,FILUSDT,2026-03-11 15:44:00+00:00,2026-03-11 15:46:00+00:00,2026-03-11 17:31:00+00:00,10254.335852331558,10242.643337106552,10242.643337106552,10359.568489356627,116.92515225007489,4.120442365292636,-0.06764260992814465,112.80470988478226,112.73706727485411,105.0,-2.3816496011618025,mean
62,B0,15,TRXUSDT,2026-03-11 17:14:00+00:00,2026-03-11 17:16:00+00:00,2026-03-11 18:01:00+00:00,10264.64749890633,10265.703931116583,10265.703931116583,10229.433091897834,36.27083921874941,4.099027404602884,0.0,32.17181181414652,32.17181181414652,45.0,2.294066532167812,mean
63,B0,15,SOLUSDT,2026-03-11 17:29:00+00:00,2026-03-11 17:31:00+00:00,2026-03-11 19:31:00+00:00,10264.230898385656,10281.80262441576,10281.80262441576,10208.001375089318,73.80124932644277,4.097960799901015,0.0,69.70328852654177,69.70328852654177,120.0,2.24992440096113,mean
66,B0,15,BTCUSDT,2026-03-12 02:59:00+00:00,2026-03-12 03:01:00+00:00,2026-03-12 04:31:00+00:00,10271.787212911275,10270.37794237924,10270.37794237924,10301.025867844342,30.64792546510226,4.114280762044716,0.0,26.533644703057547,26.533644703057547,90.0,-2.0977519156777404,mean
64,B0,15,BNBUSDT,2026-03-12 02:29:00+00:00,2026-03-12 02:31:00+00:00,2026-03-12 05:01:00+00:00,10275.797069093112,10276.911304477642,10276.911304477642,10234.092830415031,-42.818474062612104,4.102200826978535,0.0,-46.920674889590636,-46.920674889590636,150.0,-2.017690833905608,mean
65,B0,15,SOLUSDT,2026-03-12 02:59:00+00:00,2026-03-12 03:01:00+00:00,2026-03-12 05:01:00+00:00,10271.787212911275,10266.961945870564,10266.961945870564,10257.311411789144,-9.650534081419664,4.104854671531941,0.0,-13.755388752951605,-13.755388752951605,120.0,-2.103983379134276,mean
67,B0,15,NEARUSDT,2026-03-12 07:44:00+00:00,2026-03-12 07:46:00+00:00,2026-03-12 11:31:00+00:00,10272.382827199166,10272.382827199166,10272.382827199166,10350.381178202955,-77.99835100379025,4.124552801080425,-1.3504268910219568,-82.12290380487066,-83.47333069589261,225.0,2.493723123268564,mean
69,B0,15,LINKUSDT,2026-03-12 10:44:00+00:00,2026-03-12 10:46:00+00:00,2026-03-12 12:01:00+00:00,10260.342584202952,10259.213212427034,10259.213212427034,10191.450905872034,67.76230655500079,4.090132823659813,0.0,63.672173731340976,63.672173731340976,75.0,2.0432807268700586,mean
68,B0,15,BCHUSDT,2026-03-12 10:44:00+00:00,2026-03-12 10:46:00+00:00,2026-03-12 12:16:00+00:00,10260.342584202952,10257.886995489966,10257.886995489966,10205.203455829553,52.68353966041318,4.092618090263904,0.0,48.59092157014928,48.59092157014928,90.0,2.202765631753853,mean
70,B0,15,DOGEUSDT,2026-03-12 11:44:00+00:00,2026-03-12 11:46:00+00:00,2026-03-12 13:31:00+00:00,10266.960703332741,10260.47835415669,10260.47835415669,10194.574470866857,65.90388328983443,4.0910105650047095,0.0,61.81287272482972,61.81287272482972,105.0,2.436371337174006,mean
71,B0,15,AAVEUSDT,2026-03-12 14:29:00+00:00,2026-03-12 14:31:00+00:00,2026-03-12 15:46:00+00:00,10281.443090932209,10275.723764161803,10275.723764161803,10458.742220814778,183.01845665297478,4.146893196995316,0.0,178.87156345597947,178.87156345597947,75.0,-2.5758331017484606,mean
72,B0,15,BCHUSDT,2026-03-12 14:44:00+00:00,2026-03-12 14:46:00+00:00,2026-03-12 16:31:00+00:00,10277.424691943323,10276.064464560968,10276.064464560968,10342.71560629634,66.65114173537286,4.123756014171462,-0.2874114614170512,62.5273857212014,62.23997425978435,105.0,-2.265410912125281,mean
73,B0,15,HBARUSDT,2026-03-12 14:44:00+00:00,2026-03-12 14:46:00+00:00,2026-03-12 16:31:00+00:00,10277.424691943323,10268.632113873004,10268.632113873004,10316.991293259754,48.3591793867503,4.117124681426551,0.44782302759704196,44.242054705323746,44.689877732920785,105.0,-2.255671654581835,mean
74,B0,15,XRPUSDT,2026-03-13 00:14:00+00:00,2026-03-13 00:16:00+00:00,2026-03-13 03:16:00+00:00,10310.023232477079,10350.66041735498,10350.66041735498,10366.17643339927,-15.516016044289644,4.14336737015085,0.0,-19.659383414440494,-19.659383414440494,180.0,2.3646245186437365,mean
75,B0,15,SUIUSDT,2026-03-13 00:14:00+00:00,2026-03-13 00:16:00+00:00,2026-03-13 03:31:00+00:00,10310.023232477079,10347.209970917032,10347.209970917032,10501.121749460173,-153.91177854313955,4.169666344075441,0.0,-158.08144488721499,-158.08144488721499,195.0,2.1770164256536253,mean
76,B0,15,SOLUSDT,2026-03-13 00:29:00+00:00,2026-03-13 00:31:00+00:00,2026-03-13 04:01:00+00:00,10296.544415134284,10394.082170097663,10394.082170097663,10287.36439113773,106.71777895993321,4.1362893122470785,0.0,102.58148964768614,102.58148964768614,210.0,5.118540403002567,mean
78,B0,15,BNBUSDT,2026-03-13 08:44:00+00:00,2026-03-13 08:46:00+00:00,2026-03-13 11:01:00+00:00,10296.127461320475,10284.402597491824,10284.402597491824,10297.824481085148,-13.421883593324534,4.116445415715395,0.0,-17.538329009039927,-17.538329009039927,135.0,2.0212598699196285,mean
77,B0,15,NEARUSDT,2026-03-13 08:14:00+00:00,2026-03-13 08:16:00+00:00,2026-03-13 11:31:00+00:00,10302.507298611683,10302.507298611683,10302.507298611683,10364.245170064038,61.73787145235471,4.1333504937351435,0.0,57.60452095861957,57.60452095861957,195.0,-2.622266061793315,mean
80,B0,15,LTCUSDT,2026-03-13 11:14:00+00:00,2026-03-13 11:16:00+00:00,2026-03-13 12:31:00+00:00,10301.661493843432,10305.34460485303,10305.34460485303,10316.393937881821,-11.049333028792088,4.124347708546971,0.0,-15.173680737339057,-15.173680737339057,75.0,2.154574309899922,mean
81,B0,15,UNIUSDT,2026-03-13 11:59:00+00:00,2026-03-13 12:01:00+00:00,2026-03-13 12:31:00+00:00,10292.241827104996,10289.722306461883,10289.722306461883,10304.839430320546,-15.11712385866152,4.118912347356486,0.0,-19.236036206018007,-19.236036206018007,30.0,2.0140279858703143,mean
79,B0,15,DOGEUSDT,2026-03-13 09:44:00+00:00,2026-03-13 09:46:00+00:00,2026-03-13 14:01:00+00:00,10303.608152295259,10315.119394391058,10315.119394391058,10504.531650694678,-189.4122563036191,4.163930209017147,0.0,-193.57618651263624,-193.57618651263624,255.0,2.196867809001332,timeout
82,B0,15,HBARUSDT,2026-03-13 12:59:00+00:00,2026-03-13 13:01:00+00:00,2026-03-13 14:46:00+00:00,10281.099931397812,10277.990414330145,10277.990414330145,10211.654050219906,66.3363641102391,4.09792889291001,0.0,62.2384352173291,62.2384352173291,105.0,2.010651353021965,mean
83,B0,15,UNIUSDT,2026-03-13 13:14:00+00:00,2026-03-13 13:16:00+00:00,2026-03-13 15:16:00+00:00,10290.61264433233,10278.214315845182,10278.214315845182,10213.743007712015,64.4713081331659,4.0983914647114394,0.0,60.372916668454465,60.372916668454465,120.0,2.174587355978821,mean
84,B0,15,ETHUSDT,2026-03-13 14:14:00+00:00,2026-03-13 14:16:00+00:00,2026-03-13 15:31:00+00:00,10271.778194675931,10259.546707248483,10259.546707248483,10074.621613805146,184.92509344333638,4.066833664210726,0.0,180.85825977912566,180.85825977912566,75.0,3.8378376645413637,mean
86,B0,15,BCHUSDT,2026-03-13 15:44:00+00:00,2026-03-13 15:46:00+00:00,2026-03-13 18:16:00+00:00,10313.432938023783,10314.544538900915,10314.544538900915,10321.658784514555,7.114245613639881,4.127240664683094,-0.43307418386295765,2.9870049489567867,2.553930765093829,150.0,-2.210677358680911,mean
85,B0,15,DOGEUSDT,2026-03-13 14:59:00+00:00,2026-03-13 15:01:00+00:00,2026-03-13 19:16:00+00:00,10318.884177945105,10356.883342266507,10356.883342266507,10126.777291653574,-230.10605061293313,4.096732126784016,-1.0339772107466112,-234.20278273971715,-235.23675995046375,255.0,-2.303680492291261,timeout
87,B0,15,BNBUSDT,2026-03-13 15:44:00+00:00,2026-03-13 15:46:00+00:00,2026-03-13 19:46:00+00:00,10313.432938023783,10314.209692327122,10314.209692327122,10212.765580310952,-101.44411201617012,4.105395054527614,0.0,-105.54950707069774,-105.54950707069774,240.0,-2.182639962544751,mean
88,B0,15,DOTUSDT,2026-03-13 18:29:00+00:00,2026-03-13 18:31:00+00:00,2026-03-13 21:16:00+00:00,10283.166354007828,10283.166354007828,10283.166354007828,10241.364864763893,-41.8014892439343,4.104906243754344,0.0,-45.90639548768865,-45.90639548768865,165.0,-2.559193297917078,mean
89,B0,15,HBARUSDT,2026-03-13 19:29:00+00:00,2026-03-13 19:31:00+00:00,2026-03-13 21:16:00+00:00,10271.564260030726,10286.714059824282,10286.714059824282,10296.453216834425,9.73915701014214,4.116633455331741,0.0,5.622523554810399,5.622523554810399,105.0,-2.4599469389788413,mean
91,B0,15,XLMUSDT,2026-03-13 21:59:00+00:00,2026-03-13 22:01:00+00:00,2026-03-13 22:46:00+00:00,10275.231871788397,10265.939746746088,10265.939746746088,10114.787846057816,151.15190068827195,4.0761455185607804,0.0,147.07575516971116,147.07575516971116,45.0,2.197701154141343,mean
90,B0,15,TRXUSDT,2026-03-13 20:14:00+00:00,2026-03-13 20:16:00+00:00,2026-03-14 00:31:00+00:00,10268.12614516804,10267.774581291396,10267.774581291396,10309.962246488787,-42.18766519739104,4.115547365556036,1.0311368501995366,-46.303212562947074,-45.27207571274754,255.0,2.3481862447920405,timeout
92,B0,15,LTCUSDT,2026-03-14 06:29:00+00:00,2026-03-14 06:31:00+00:00,2026-03-14 09:16:00+00:00,10286.39103575434,10286.39103575434,10286.39103575434,10252.597453231327,-33.793582523011096,4.1077976977971336,-0.3635118947070823,-37.90138022080823,-38.26489211551531,165.0,-2.473951013340942,mean
93,B0,15,UNIUSDT,2026-03-14 06:44:00+00:00,2026-03-14 06:46:00+00:00,2026-03-14 09:16:00+00:00,10284.120144557217,10286.74030255583,10286.74030255583,10305.081408546122,18.34110599029227,4.11836434222039,-0.7908571079192745,14.222741648071878,13.431884540152604,150.0,-2.1778620039077743,mean
94,B0,15,HBARUSDT,2026-03-14 06:44:00+00:00,2026-03-14 06:46:00+00:00,2026-03-14 09:46:00+00:00,10284.120144557217,10292.93258684047,10292.93258684047,10219.128382718221,-73.80420412224971,4.102412193911738,3.6081271751183923,-77.90661631616146,-74.29848914104306,180.0,-2.003060701471555,mean
95,B0,15,TRXUSDT,2026-03-14 12:14:00+00:00,2026-03-14 12:16:00+00:00,2026-03-14 16:31:00+00:00,10276.477886082697,10276.477886082695,10276.477886082695,10382.517731649217,-106.03984556652071,4.131799123546383,1.0369396952200578,-110.1716446900671,-109.13470499484704,255.0,2.5530642162746577,timeout
96,B0,15,FILUSDT,2026-03-14 18:44:00+00:00,2026-03-14 18:46:00+00:00,2026-03-14 20:16:00+00:00,10265.564415583212,10265.564415583212,10265.564415583212,9981.35720584946,284.2072097337548,4.049384324286534,0.0,280.1578254094683,280.1578254094683,90.0,3.3410269673053317,mean
97,B0,15,HBARUSDT,2026-03-14 23:29:00+00:00,2026-03-14 23:31:00+00:00,2026-03-15 01:01:00+00:00,10293.580198124158,10294.682294505115,10294.682294505115,10268.231981362183,26.450313142931908,4.11258285517346,-4.372024244058103,22.337730287758447,17.965706043700344,90.0,2.3269916866926077,mean
98,B0,15,NEARUSDT,2026-03-15 02:14:00+00:00,2026-03-15 02:16:00+00:00,2026-03-15 04:31:00+00:00,10295.376768728529,10295.376768728529,10295.376768728529,10257.245743659163,38.1310250693658,4.1105245024775385,0.0,34.02050056688826,34.02050056688826,135.0,2.4096953686380376,mean
99,B0,15,HBARUSDT,2026-03-15 02:44:00+00:00,2026-03-15 02:46:00+00:00,2026-03-15 04:31:00+00:00,10294.408240691766,10317.209904340592,10317.209904340592,10278.12133808546,39.0885662551316,4.119066248485211,0.0,34.96950000664639,34.96950000664639,105.0,2.0677189521757717,mean
100,B0,15,HBARUSDT,2026-03-15 10:14:00+00:00,2026-03-15 10:16:00+00:00,2026-03-15 11:46:00+00:00,10302.275768785883,10306.532907533314,10306.532907533314,10257.575811937844,48.95709559547033,4.112821743894232,0.0,44.8442738515761,44.8442738515761,90.0,2.0754570856729275,mean
101,B0,15,AAVEUSDT,2026-03-15 18:44:00+00:00,2026-03-15 18:46:00+00:00,2026-03-15 20:31:00+00:00,10306.760196171039,10301.39907253194,10301.39907253194,10331.778773153508,-30.3797006215695,4.12663556913709,0.0,-34.50633619070659,-34.50633619070659,105.0,2.049661270598903,mean
103,B0,15,SOLUSDT,2026-03-15 21:59:00+00:00,2026-03-15 22:01:00+00:00,2026-03-15 23:01:00+00:00,10305.07721272555,10290.187137837762,10290.187137837762,10632.658860256894,-342.4717224191324,4.184569199618931,0.0,-346.6562916187513,-346.6562916187513,60.0,2.0966370895658164,stop
102,B0,15,BNBUSDT,2026-03-15 21:44:00+00:00,2026-03-15 21:46:00+00:00,2026-03-16 00:46:00+00:00,10303.309562551967,10314.104504618941,10314.104504618941,10363.60702466892,-49.502520049977576,4.135542305857572,0.0,-53.638062355835146,-53.638062355835146,180.0,2.341896716793886,mean
104,B0,15,XRPUSDT,2026-03-15 22:44:00+00:00,2026-03-15 22:46:00+00:00,2026-03-16 01:01:00+00:00,10270.629185730655,10302.47500074877,10302.47500074877,10243.029479381623,59.445521367144714,4.109100896026078,0.9621516589173217,55.33642047111863,56.29857213003595,135.0,3.548278313557227,mean
105,B0,15,SOLUSDT,2026-03-15 23:14:00+00:00,2026-03-15 23:16:00+00:00,2026-03-16 01:01:00+00:00,10259.012130733623,10276.724895823914,10276.724895823914,10182.625831281739,94.09906454217678,4.09187014542113,0.9790897735765218,90.00719439675564,90.98628417033215,105.0,5.051743972186272,mean
108,B0,15,DOTUSDT,2026-03-16 03:44:00+00:00,2026-03-16 03:46:00+00:00,2026-03-16 05:01:00+00:00,10271.098960820469,10278.048283527385,10278.048283527385,10528.223900976325,-250.1756174489411,4.161254436900743,0.0,-254.33687188584184,-254.33687188584184,75.0,3.6720675816687165,stop
106,B0,15,NEARUSDT,2026-03-16 03:29:00+00:00,2026-03-16 03:31:00+00:00,2026-03-16 06:16:00+00:00,10278.008612784542,10330.143439081277,10330.143439081277,10441.860924002847,-111.71748492157039,4.154400872616825,0.0,-115.87188579418722,-115.87188579418722,165.0,2.022891589575758,mean
109,B0,15,DOTUSDT,2026-03-16 05:14:00+00:00,2026-03-16 05:16:00+00:00,2026-03-16 06:46:00+00:00,10232.06972224325,10225.34252321482,10225.34252321482,10622.247265892236,-396.90474267741695,4.1695179578214105,0.0,-401.0742606352384,-401.0742606352384,90.0,6.324422327292249,stop
107,B0,15,AVAXUSDT,2026-03-16 03:44:00+00:00,2026-03-16 03:46:00+00:00,2026-03-16 07:01:00+00:00,10271.098960820469,10271.098960820469,10271.098960820469,10378.722778397707,-107.62381757723857,4.129964347843635,0.0,-111.7537819250822,-111.7537819250822,195.0,4.091012483591871,mean
112,B0,15,FILUSDT,2026-03-16 07:14:00+00:00,2026-03-16 07:16:00+00:00,2026-03-16 08:31:00+00:00,10173.6638781224,10162.909476559902,10162.909476559902,10152.155074997405,10.75440156249726,4.063012910311461,1.0157247499225277,6.691388652185799,7.707113402108327,75.0,2.504214507738805,mean
110,B0,15,ADAUSDT,2026-03-16 06:29:00+00:00,2026-03-16 06:31:00+00:00,2026-03-16 09:46:00+00:00,10206.89298180503,10203.363627385319,10203.363627385319,10210.42233622474,-7.058708839421787,4.082757192722012,1.023050295113113,-11.141466032143798,-10.118415737030684,195.0,3.292538310112821,mean
111,B0,15,DOTUSDT,2026-03-16 06:59:00+00:00,2026-03-16 07:01:00+00:00,2026-03-16 10:16:00+00:00,10187.781821554236,10226.518634563947,10226.518634563947,10349.185209094701,-122.6665745307538,4.115140768731729,1.0221039506047789,-126.78171529948554,-125.75961134888077,195.0,4.67601398707499,mean
113,B0,15,TRXUSDT,2026-03-16 08:44:00+00:00,2026-03-16 08:46:00+00:00,2026-03-16 12:46:00+00:00,10189.419353237612,10199.3978478597,10199.3978478597,10264.086019892546,64.68817203284583,4.092696773550449,0.0,60.595475259295384,60.595475259295384,240.0,-2.358040555833533,mean
114,B0,15,AAVEUSDT,2026-03-16 13:29:00+00:00,2026-03-16 13:31:00+00:00,2026-03-16 14:46:00+00:00,10182.947388918057,10151.968187027745,10151.968187027745,10013.81769211149,138.15049491625433,4.0331571758278475,0.0,134.11733774042648,134.11733774042648,75.0,2.2188036040960104,mean
115,B0,15,NEARUSDT,2026-03-16 13:44:00+00:00,2026-03-16 13:46:00+00:00,2026-03-16 15:31:00+00:00,10184.586356153199,10256.511401041287,10256.511401041287,10155.816338197965,100.69506284332269,4.08246554784785,0.0,96.61259729547483,96.61259729547483,105.0,2.0603424419441723,mean
116,B0,15,BNBUSDT,2026-03-16 14:44:00+00:00,2026-03-16 14:46:00+00:00,2026-03-16 16:46:00+00:00,10207.946003572692,10207.946003572692,10207.946003572692,10254.46045508851,46.51445151581893,4.092481291732241,0.0,42.421970224086685,42.421970224086685,120.0,-2.2575252619413315,mean
118,B0,15,NEARUSDT,2026-03-16 16:44:00+00:00,2026-03-16 16:46:00+00:00,2026-03-16 18:16:00+00:00,10216.514450079238,10209.439301568103,10209.439301568103,10124.537519434482,84.90178213362256,4.066795364200518,0.0,80.83498676942204,80.83498676942204,90.0,2.1888666643546557,mean
117,B0,15,XRPUSDT,2026-03-16 14:59:00+00:00,2026-03-16 15:01:00+00:00,2026-03-16 19:16:00+00:00,10208.63464004247,10220.81355199374,10220.81355199374,10424.472024067758,-203.6584720740181,4.1290571152123,0.008179113688234025,-207.7875291892304,-207.77935007554217,255.0,2.9008393021754766,timeout
120,B0,15,ETHUSDT,2026-03-16 18:29:00+00:00,2026-03-16 18:31:00+00:00,2026-03-16 20:16:00+00:00,10188.0484634254,10184.690820334818,10184.690820334818,10147.189871530907,37.50094880391094,4.066376138373145,0.0,33.43457266553779,33.43457266553779,105.0,2.4718259485807055,mean
121,B0,15,XRPUSDT,2026-03-16 19:29:00+00:00,2026-03-16 19:31:00+00:00,2026-03-16 20:16:00+00:00,10173.318071057356,10164.70503719713,10164.70503719713,10117.664621498981,47.04041569814933,4.056473931739222,0.0,42.98394176641011,42.98394176641011,45.0,2.224515468659463,mean
119,B0,15,FILUSDT,2026-03-16 17:14:00+00:00,2026-03-16 17:16:00+00:00,2026-03-16 20:46:00+00:00,10209.762066403557,10209.762066403557,10209.762066403557,10561.45533173896,-351.69326533540465,4.154243479628503,0.0,-355.84750881503317,-355.84750881503317,210.0,2.2405648285771,stop
122,B0,15,TRXUSDT,2026-03-16 20:29:00+00:00,2026-03-16 20:31:00+00:00,2026-03-16 22:46:00+00:00,10175.165158620184,10175.165158620182,10175.165158620182,10165.525673424576,-9.639485195607243,4.068138166408952,0.0,-13.707623362016195,-13.707623362016195,135.0,-2.0043985239161572,mean
123,B0,15,FILUSDT,2026-03-16 20:59:00+00:00,2026-03-16 21:01:00+00:00,2026-03-16 23:01:00+00:00,10169.62830076901,10179.767511437774,10179.767511437774,10058.096983412623,121.67052802515279,4.047572898970079,0.0,117.62295512618272,117.62295512618272,120.0,3.255157101604429,mean
124,B0,15,NEARUSDT,2026-03-16 21:14:00+00:00,2026-03-16 21:16:00+00:00,2026-03-17 00:46:00+00:00,10163.563285229047,10177.297830209087,10177.297830209087,10184.165102699106,-6.867272490020395,4.072292586581638,1.0235112847920762,-10.939565076602033,-9.916053791809958,210.0,2.7740574403659366,mean
125,B0,15,BTCUSDT,2026-03-17 00:14:00+00:00,2026-03-17 00:16:00+00:00,2026-03-17 02:31:00+00:00,10168.927946039392,10172.044315053687,10172.044315053687,10139.868816789227,32.175498264460266,4.062382626368583,0.0,28.11311563809168,28.11311563809168,135.0,2.268781182598854,mean
126,B0,15,XRPUSDT,2026-03-17 01:29:00+00:00,2026-03-17 01:31:00+00:00,2026-03-17 03:31:00+00:00,10172.077692186736,10185.655117441673,10185.655117441673,10095.785493135189,89.86962430648549,4.056288122115372,0.0,85.81333618437013,85.81333618437013,120.0,2.6210067295432253,mean
128,B0,15,XLMUSDT,2026-03-17 02:44:00+00:00,2026-03-17 02:46:00+00:00,2026-03-17 03:31:00+00:00,10167.010947218338,10159.140873500486,10159.140873500486,10011.295917229425,147.8449562710614,4.034087358145982,0.0,143.8108689129154,143.8108689129154,45.0,2.322011039138264,mean
127,B0,15,NEARUSDT,2026-03-17 02:29:00+00:00,2026-03-17 02:31:00+00:00,2026-03-17 06:31:00+00:00,10187.521817000168,10194.509143349276,10194.509143349276,10089.699248112649,-104.80989523662811,4.056841678292384,0.0,-108.8667369149205,-108.8667369149205,240.0,-2.301148969530405,mean
130,B0,15,LTCUSDT,2026-03-17 03:44:00+00:00,2026-03-17 03:46:00+00:00,2026-03-17 06:31:00+00:00,10199.005152283751,10188.448997218422,10188.448997218422,10169.096046265322,-19.352950953099995,4.071509008696749,0.0,-23.424459961796742,-23.424459961796742,165.0,-2.307722670358243,mean
129,B0,15,UNIUSDT,2026-03-17 03:44:00+00:00,2026-03-17 03:46:00+00:00,2026-03-17 07:16:00+00:00,10199.005152283751,10183.936442381337,10183.936442381337,10123.661602771681,-60.27483960965532,4.061519609030603,0.0,-64.33635921868593,-64.33635921868593,210.0,-3.0639764400410283,mean
132,B0,15,NEARUSDT,2026-03-17 08:14:00+00:00,2026-03-17 08:16:00+00:00,2026-03-17 09:16:00+00:00,10181.105261576035,10139.634364380207,10139.634364380207,10063.604386187852,76.02997819235411,4.040647750113612,0.0,71.9893304422405,71.9893304422405,60.0,2.065096964595825,mean
133,B0,15,DOTUSDT,2026-03-17 08:44:00+00:00,2026-03-17 08:46:00+00:00,2026-03-17 09:46:00+00:00,10176.566067592503,10176.566067592503,10176.566067592503,10033.584381853574,142.98168573892892,4.042030089889215,0.0,138.9396556490397,138.9396556490397,60.0,2.321017815185552,mean
131,B0,15,TRXUSDT,2026-03-17 07:29:00+00:00,2026-03-17 07:31:00+00:00,2026-03-17 11:46:00+00:00,10185.136147936362,10188.211163881731,10188.211163881731,10294.470048216122,-106.2588843343915,4.096536242419571,1.0206490425334755,-110.35542057681107,-109.33477153427759,255.0,2.267170090832929,timeout
134,B0,15,TRXUSDT,2026-03-17 14:44:00+00:00,2026-03-17 14:46:00+00:00,2026-03-17 16:46:00+00:00,10195.295569392061,10200.658339104411,10200.658339104411,10185.910722395449,14.74761670896333,4.0773138122999715,1.0202321132888348,10.670302896663358,11.690535009952193,120.0,2.5080732904359944,mean
135,B0,15,TRXUSDT,2026-03-17 20:14:00+00:00,2026-03-17 20:16:00+00:00,2026-03-17 21:31:00+00:00,10196.464622893056,10201.456853507785,10201.456853507785,10173.500362065313,27.956491442472316,4.0749914431146195,0.0,23.881499999357697,23.881499999357697,75.0,2.366754868539795,mean
137,B0,15,AAVEUSDT,2026-03-18 00:14:00+00:00,2026-03-18 00:16:00+00:00,2026-03-18 01:31:00+00:00,10198.852772892991,10196.290247070656,10196.290247070656,10268.040970096034,71.7507230253769,4.092866243433337,0.0,67.65785678194356,67.65785678194356,75.0,-2.021946287457131,mean
136,B0,15,TRXUSDT,2026-03-18 00:14:00+00:00,2026-03-18 00:16:00+00:00,2026-03-18 02:31:00+00:00,10198.852772892991,10175.359211577199,10175.359211577199,10189.918601688394,-14.559390111196143,4.073055562653119,0.0,-18.63244567384926,-18.63244567384926,135.0,2.518583497090613,mean
139,B0,15,HBARUSDT,2026-03-18 03:29:00+00:00,2026-03-18 03:31:00+00:00,2026-03-18 04:31:00+00:00,10203.7553140038,10201.727339182375,10201.727339182375,10089.174736593244,112.55260258913064,4.058180415155125,0.0,108.49442217397552,108.49442217397552,60.0,2.0979356246918117,mean
138,B0,15,XLMUSDT,2026-03-18 03:29:00+00:00,2026-03-18 03:31:00+00:00,2026-03-18 04:46:00+00:00,10203.7553140038,10204.90808532098,10204.90808532098,10095.97119584763,108.93688947335035,4.060175856233721,0.0,104.87671361711664,104.87671361711664,75.0,2.597927211548611,mean
140,B0,15,TRXUSDT,2026-03-18 03:59:00+00:00,2026-03-18 04:01:00+00:00,2026-03-18 08:16:00+00:00,10213.59708589535,10216.935626439232,10216.935626439232,10062.027345203149,-154.90828123608264,4.0557925943284765,-0.6609055519806502,-158.9640738304111,-159.62497938239176,255.0,-2.8249311606601006,timeout
142,B0,15,ADAUSDT,2026-03-18 11:44:00+00:00,2026-03-18 11:46:00+00:00,2026-03-18 14:46:00+00:00,10209.12992964467,10194.566263553881,10194.566263553881,9874.165609556472,-320.4006539974087,4.0137463746220705,0.0,-324.41440037203074,-324.41440037203074,180.0,-3.4782698158452208,stop
143,B0,15,LINKUSDT,2026-03-18 11:44:00+00:00,2026-03-18 11:46:00+00:00,2026-03-18 14:46:00+00:00,10209.12992964467,10193.151533469309,10193.151533469309,9865.06179866854,-328.0897348007695,4.011642666427569,0.0,-332.1013774671971,-332.1013774671971,180.0,-3.1728177226024497,stop
141,B0,15,LTCUSDT,2026-03-18 11:44:00+00:00,2026-03-18 11:46:00+00:00,2026-03-18 16:01:00+00:00,10209.12992964467,10191.089410242577,10191.089410242577,9999.859904580386,-191.22950566219072,4.038189862964593,0.46729873921322623,-195.26769552515532,-194.8003967859421,255.0,-3.7712866611444453,timeout
146,B0,15,BNBUSDT,2026-03-18 16:14:00+00:00,2026-03-18 16:16:00+00:00,2026-03-18 16:46:00+00:00,10126.287810955118,10126.287810955118,10126.287810955118,10187.318843886058,61.03103293093972,4.062721330968236,0.0,56.968311599971486,56.968311599971486,30.0,-2.8417200916056973,mean
145,B0,15,BCHUSDT,2026-03-18 14:59:00+00:00,2026-03-18 15:01:00+00:00,2026-03-18 17:01:00+00:00,10126.316441834575,10097.63447144979,10097.63447144979,10114.798485223362,17.164013773571938,4.04248659133463,0.42744941915764684,13.121527182237307,13.548976601394953,120.0,-3.220814599636584,mean
144,B0,15,UNIUSDT,2026-03-18 14:59:00+00:00,2026-03-18 15:01:00+00:00,2026-03-18 17:31:00+00:00,10126.316441834575,10057.50483241738,10057.50483241738,10065.762225547443,8.257393130063843,4.024653411592965,1.2042300839025353,4.232739718470878,5.436969802373413,150.0,-3.8950403987890208,mean
147,B0,15,XLMUSDT,2026-03-18 18:14:00+00:00,2026-03-18 18:16:00+00:00,2026-03-18 19:46:00+00:00,10131.593737982526,10093.437800638118,10093.437800638118,10002.817449445147,90.6203511929703,4.019251050016653,0.0,86.60110014295365,86.60110014295365,90.0,2.4571442917655357,mean
148,B0,15,BCHUSDT,2026-03-18 18:14:00+00:00,2026-03-18 18:16:00+00:00,2026-03-18 20:01:00+00:00,10131.593737982526,10111.740989354601,10111.740989354601,10085.865496760896,25.875492593703182,4.0395212972231,0.0,21.835971296480082,21.835971296480082,105.0,2.238718199537144,mean
149,B0,15,AAVEUSDT,2026-03-19 03:14:00+00:00,2026-03-19 03:16:00+00:00,2026-03-19 04:31:00+00:00,10142.43744512647,10152.799206521118,10152.799206521118,10048.318112458433,104.48109406268489,4.040223463795911,0.0,100.44087059888898,100.44087059888898,75.0,2.243574041918397,mean
150,B0,15,BTCUSDT,2026-03-19 07:14:00+00:00,2026-03-19 07:16:00+00:00,2026-03-19 09:31:00+00:00,10152.481532186359,10143.655862370962,10143.655862370962,10205.30490794004,61.649045569077636,4.069792154062201,0.3066983836760458,57.57925341501543,57.88595179869147,135.0,-2.02902979952379,mean
151,B0,15,UNIUSDT,2026-03-19 07:29:00+00:00,2026-03-19 07:31:00+00:00,2026-03-19 09:31:00+00:00,10150.684812776792,10145.042408767466,10145.042408767466,10184.539236832745,39.496828065278756,4.065916329120041,0.468207481171076,35.43091173615871,35.89911921732979,120.0,-2.1297812879369644,mean
152,B0,15,SUIUSDT,2026-03-19 07:29:00+00:00,2026-03-19 07:31:00+00:00,2026-03-19 09:31:00+00:00,10150.684812776792,10155.974382767816,10155.974382767816,10184.538060719351,28.56367795153486,4.068102488697432,0.0676010312960906,24.495575462837426,24.563176494133515,120.0,-2.1215625697028933,mean
154,B0,15,XRPUSDT,2026-03-19 12:59:00+00:00,2026-03-19 13:01:00+00:00,2026-03-19 14:01:00+00:00,10164.316356937374,10169.976563735056,10169.976563735056,10302.99142348058,133.01485974552546,4.094593597443128,0.0,128.92026614808233,128.92026614808233,60.0,-2.1453709513510764,mean
155,B0,15,HBARUSDT,2026-03-19 12:59:00+00:00,2026-03-19 13:01:00+00:00,2026-03-19 14:46:00+00:00,10164.316356937374,10167.633331708485,10167.633331708485,10226.233219331423,58.599887622939576,4.078773310207982,0.0,54.52111431273159,54.52111431273159,105.0,-2.123250902512863,mean
156,B0,15,ETHUSDT,2026-03-19 14:29:00+00:00,2026-03-19 14:31:00+00:00,2026-03-19 15:16:00+00:00,10168.857305546291,10174.74116781331,10174.74116781331,10267.243199191546,92.50203137823495,4.088396873400971,0.0,88.41363450483398,88.41363450483398,45.0,-2.478835355094451,mean
153,B0,15,AAVEUSDT,2026-03-19 12:59:00+00:00,2026-03-19 13:01:00+00:00,2026-03-19 16:01:00+00:00,10164.316356937374,10180.605325458107,10180.605325458107,10087.39622781169,-93.20909764641655,4.05360031065396,-0.5695457028059431,-97.26269795707051,-97.83224365987645,180.0,-2.224578760870523,mean
157,B0,15,TRXUSDT,2026-03-19 15:59:00+00:00,2026-03-19 16:01:00+00:00,2026-03-19 17:46:00+00:00,10183.78722195398,10165.101997200594,10165.101997200594,10211.984924763634,46.88292756304036,4.075417384392845,0.0,42.80751017864752,42.80751017864752,105.0,-2.5944357787600136,mean
158,B0,15,TRXUSDT,2026-03-19 21:59:00+00:00,2026-03-19 22:01:00+00:00,2026-03-19 23:46:00+00:00,10185.999385085817,10185.327130638545,10185.327130638545,10187.343893980365,-2.0167633418202047,4.074534204923782,0.0,-6.091297546743986,-6.091297546743986,105.0,2.152573294164288,mean
159,B0,15,BCHUSDT,2026-03-20 01:59:00+00:00,2026-03-20 02:01:00+00:00,2026-03-20 05:16:00+00:00,10185.390255331144,10178.768051966314,10178.768051966314,10229.317537651175,-50.54948568486092,4.081617117923498,0.0,-54.63110280278442,-54.63110280278442,195.0,2.224623380837429,mean
160,B0,15,BCHUSDT,2026-03-20 08:29:00+00:00,2026-03-20 08:31:00+00:00,2026-03-20 10:01:00+00:00,10179.927145050864,10179.927145050864,10179.927145050864,10057.418740027848,122.50840502301736,4.047469177015742,0.0,118.46093584600162,118.46093584600162,90.0,2.1236752621282373,mean
161,B0,15,TRXUSDT,2026-03-20 10:44:00+00:00,2026-03-20 10:46:00+00:00,2026-03-20 12:16:00+00:00,10191.773238635464,10192.104689194462,10192.104689194462,10152.662072673678,39.44261652078404,4.0689533523736285,0.0,35.37366316841042,35.37366316841042,90.0,2.374690502727489,mean
162,B0,15,AAVEUSDT,2026-03-20 14:59:00+00:00,2026-03-20 15:01:00+00:00,2026-03-20 16:16:00+00:00,10195.310604952305,10213.983334998005,10213.983334998005,10275.603344148816,61.62000915081031,4.097917335829364,0.7100745817026506,57.522091814980946,58.232166396683596,75.0,-2.1726498760650435,mean
165,B0,15,BTCUSDT,2026-03-20 22:14:00+00:00,2026-03-20 22:16:00+00:00,2026-03-20 23:31:00+00:00,10201.133821591975,10196.939472013972,10196.939472013972,10154.895081226918,42.04439078705395,4.070366910648178,0.0,37.974023876405774,37.974023876405774,75.0,2.1090480544223396,mean
164,B0,15,LTCUSDT,2026-03-20 22:14:00+00:00,2026-03-20 22:16:00+00:00,2026-03-20 23:46:00+00:00,10201.133821591975,10197.511259865558,10197.511259865558,10177.58717037026,19.924089495296723,4.075019686047163,0.0,15.84906980924956,15.84906980924956,90.0,2.3097269055497622,mean
163,B0,15,BCHUSDT,2026-03-20 22:14:00+00:00,2026-03-20 22:16:00+00:00,2026-03-21 00:46:00+00:00,10201.133821591975,10200.487402871893,10200.487402871893,10188.205447190361,12.281955681531283,4.0777385700124515,0.725708754876132,8.204217111518833,8.929925866394965,150.0,2.4014104000817933,mean
166,B0,15,TRXUSDT,2026-03-21 06:44:00+00:00,2026-03-21 06:46:00+00:00,2026-03-21 08:01:00+00:00,10207.409123547179,10207.409123547179,10207.409123547179,10103.73910265251,103.6700208946707,4.062229645239938,0.6070241096799641,99.60779124943076,100.21481535911073,75.0,3.073923706078815,mean
167,B0,15,FILUSDT,2026-03-21 14:44:00+00:00,2026-03-21 14:46:00+00:00,2026-03-21 16:01:00+00:00,10217.430605083091,10217.430605083091,10217.430605083091,10668.361342228845,-450.9307371457545,4.177158389462387,0.789418265541698,-455.10789553521687,-454.31847726967516,75.0,2.074060231942667,stop
168,B0,15,FILUSDT,2026-03-21 16:14:00+00:00,2026-03-21 16:16:00+00:00,2026-03-21 18:31:00+00:00,10171.998757356123,10171.998757356123,10171.998757356123,10056.048512453619,115.95024490250515,4.045609453961948,0.0,111.9046354485432,111.9046354485432,135.0,4.998957655773677,mean
169,B0,15,TRXUSDT,2026-03-21 17:44:00+00:00,2026-03-21 17:46:00+00:00,2026-03-21 19:31:00+00:00,10184.444435006702,10183.134875480533,10183.134875480533,10166.110601640354,17.024273840179784,4.0698490954241775,0.0,12.954424744755606,12.954424744755606,105.0,2.309494814176441,mean
170,B0,15,FILUSDT,2026-03-21 19:29:00+00:00,2026-03-21 19:31:00+00:00,2026-03-21 21:46:00+00:00,10185.015375469025,10185.015375469025,10185.015375469025,10206.942211584135,21.926836115110945,4.078391517410632,0.0,17.84844459770031,17.84844459770031,135.0,-2.4972804069126053,mean
171,B0,15,FILUSDT,2026-03-21 23:29:00+00:00,2026-03-21 23:31:00+00:00,2026-03-22 00:01:00+00:00,10186.26950783522,10175.051149346415,10175.051149346415,9838.500394682256,-336.55075466415957,4.002710308805734,2.817151462661161,-340.5534649729653,-337.7363135103041,30.0,-2.1510023250279815,stop
172,B0,15,TRXUSDT,2026-03-21 23:44:00+00:00,2026-03-21 23:46:00+00:00,2026-03-22 00:16:00+00:00,10188.309678509995,10186.682256990842,10186.682256990842,10120.283459009368,66.39879798147344,4.061393143200042,0.28637486195298517,62.3374048382734,62.623779700226386,30.0,2.0882832984735993,mean
173,B0,15,ETHUSDT,2026-03-21 23:59:00+00:00,2026-03-22 00:01:00+00:00,2026-03-22 02:16:00+00:00,10158.161390462112,10126.566001352066,10126.566001352066,10191.70711223327,65.14111088120454,4.063654622717067,0.0,61.07745625848747,61.07745625848747,135.0,-3.8242353309218315,mean
174,B0,15,FILUSDT,2026-03-22 00:14:00+00:00,2026-03-22 00:16:00+00:00,2026-03-22 02:16:00+00:00,10156.472521681053,10144.89159520251,10144.89159520251,10249.119933509386,104.22833830687522,4.078802305742379,0.0,100.14953600113283,100.14953600113283,120.0,-5.09060810881179,mean
175,B0,15,SUIUSDT,2026-03-22 00:29:00+00:00,2026-03-22 00:31:00+00:00,2026-03-22 02:16:00+00:00,10167.897678914196,10180.997826235107,10180.997826235107,10177.72278940488,-3.2750368302275317,4.071744123127997,0.0,-7.3467809533555295,-7.3467809533555295,105.0,-3.7447299616701857,mean
176,B0,15,TRXUSDT,2026-03-22 02:44:00+00:00,2026-03-22 02:46:00+00:00,2026-03-22 05:16:00+00:00,10174.14627558484,10167.881001090898,10167.881001090898,10177.114037187235,9.233036096336878,4.068999007655627,0.0,5.164037088681251,5.164037088681251,150.0,-2.183740871632926,mean
177,B0,15,BCHUSDT,2026-03-22 04:14:00+00:00,2026-03-22 04:16:00+00:00,2026-03-22 06:16:00+00:00,10175.261923121438,10185.738383273945,10185.738383273945,10160.420271238721,25.318112035223344,4.069231730902533,0.0,21.24888030432081,21.24888030432081,120.0,2.467773747195531,mean
178,B0,15,TRXUSDT,2026-03-22 12:29:00+00:00,2026-03-22 12:31:00+00:00,2026-03-22 16:46:00+00:00,10176.78756732414,10174.83318632987,10174.83318632987,10299.913569963084,-125.0803836332132,4.094949351258591,1.0249368065768636,-129.1753329844718,-128.15039617789492,255.0,2.387159323764806,timeout
179,B0,15,TRXUSDT,2026-03-22 16:59:00+00:00,2026-03-22 17:01:00+00:00,2026-03-22 20:01:00+00:00,10163.972527706348,10165.576183832523,10165.576183832523,10194.4419941037,-28.865810271176503,4.072003635587245,0.0,-32.93781390676375,-32.93781390676375,180.0,2.1679742863737097,mean
181,B0,15,FILUSDT,2026-03-22 22:14:00+00:00,2026-03-22 22:16:00+00:00,2026-03-23 00:01:00+00:00,10155.175024858918,10155.175024858918,10155.175024858918,10203.303816445927,48.12879158700913,4.07169576826097,2.2052665852057864,44.05709581874817,46.26236240395395,105.0,-2.0292033393726783,mean
180,B0,15,TRXUSDT,2026-03-22 21:29:00+00:00,2026-03-22 21:31:00+00:00,2026-03-23 01:16:00+00:00,10160.678746315672,10164.23391732558,10164.23391732558,10054.023616018449,-110.2103013071319,4.043651506668805,0.397501521355285,-114.25395281380071,-113.85645129244543,225.0,-2.7301009510757615,mean
182,B0,15,BNBUSDT,2026-03-23 06:44:00+00:00,2026-03-23 06:46:00+00:00,2026-03-23 08:16:00+00:00,10153.919337426822,10153.919337426822,10153.919337426822,10210.71352437612,56.79418694929927,4.072926572360588,0.0,52.72126037693868,52.72126037693868,90.0,-2.0798656194712146,mean
183,B0,15,SUIUSDT,2026-03-23 07:29:00+00:00,2026-03-23 07:31:00+00:00,2026-03-23 10:01:00+00:00,10152.394325378322,10144.43790349323,10144.43790349323,10235.36843932286,90.93053582963127,4.075961268563218,-0.46968387180925436,86.85457456106805,86.3848906892588,150.0,-2.435137605505877,mean
184,B0,15,AAVEUSDT,2026-03-23 07:29:00+00:00,2026-03-23 07:31:00+00:00,2026-03-23 10:01:00+00:00,10152.394325378322,10144.673873419859,10144.673873419859,10187.136359191403,42.46248577154409,4.0663620465222525,-0.33014071207433454,38.39612372502184,38.065983012947505,150.0,-2.257978512051694,mean
187,B0,15,BNBUSDT,2026-03-23 11:14:00+00:00,2026-03-23 11:16:00+00:00,2026-03-23 14:46:00+00:00,10171.636550834735,10181.537559806995,10181.537559806995,10146.805448967798,34.73211083919708,4.065668601754958,0.0,30.66644223744212,30.66644223744212,210.0,7.335749316938234,mean
185,B0,15,ETHUSDT,2026-03-23 11:14:00+00:00,2026-03-23 11:16:00+00:00,2026-03-23 15:31:00+00:00,10171.636550834735,10234.432247021152,10234.432247021152,10137.91727857332,96.5149684478299,4.074469905118894,0.0,92.44049854271101,92.44049854271101,255.0,7.530564864780526,timeout
186,B0,15,LINKUSDT,2026-03-23 11:14:00+00:00,2026-03-23 11:16:00+00:00,2026-03-23 15:31:00+00:00,10171.636550834735,10226.21497735586,10226.21497735586,10173.86424171315,52.35073564270922,4.080015843813802,0.0,48.27071979889542,48.27071979889542,255.0,7.46263647307297,timeout
190,B0,15,DOTUSDT,2026-03-23 15:44:00+00:00,2026-03-23 15:46:00+00:00,2026-03-23 18:01:00+00:00,10200.481876882934,10207.565544852992,10207.565544852992,10157.979869062588,-49.58567579040398,4.073109082783116,1.8902994655473728,-53.658784873187095,-51.76848540763972,135.0,-2.0537189918452663,mean
188,B0,15,HBARUSDT,2026-03-23 14:59:00+00:00,2026-03-23 15:01:00+00:00,2026-03-23 19:01:00+00:00,10170.409567663713,10167.19040447496,10167.19040447496,9946.141198847326,221.04920562763573,4.022666320664458,0.7186708343098565,217.02653930697127,217.74521014128112,240.0,2.8692895256472073,mean
189,B0,15,TRXUSDT,2026-03-23 15:44:00+00:00,2026-03-23 15:46:00+00:00,2026-03-23 19:31:00+00:00,10200.481876882934,10196.138829544008,10196.138829544008,10164.06709534885,-32.071734195158626,4.072041184978572,0.4422915912674424,-36.1437753801372,-35.70148378886976,225.0,-2.473267072944172,mean
191,B0,15,FILUSDT,2026-03-23 18:59:00+00:00,2026-03-23 19:01:00+00:00,2026-03-23 22:16:00+00:00,10200.459744947166,10200.459744947166,10200.459744947166,10167.555036092497,32.9047088546683,4.073602956207933,0.0,28.831105898460365,28.831105898460365,195.0,2.1888725800114432,mean
192,B0,15,TRXUSDT,2026-03-23 23:59:00+00:00,2026-03-24 00:01:00+00:00,2026-03-24 03:01:00+00:00,10204.684951576965,10182.484286195413,10182.484286195413,10224.234791241317,-41.75050504590319,4.081343815487346,0.0,-45.83184886139053,-45.83184886139053,180.0,2.1025362808714148,mean
193,B0,15,BNBUSDT,2026-03-24 07:59:00+00:00,2026-03-24 08:01:00+00:00,2026-03-24 09:16:00+00:00,10200.101766690826,10202.660106737652,10202.660106737652,10142.219323131414,60.44078360623935,4.068975885973813,0.0,56.37180772026554,56.37180772026554,75.0,2.153520213972482,mean
194,B0,15,DOGEUSDT,2026-03-24 07:59:00+00:00,2026-03-24 08:01:00+00:00,2026-03-24 09:31:00+00:00,10200.101766690826,10204.387523735653,10204.387523735653,10146.529803630476,57.85772010517892,4.070183465473226,0.0,53.78753663970569,53.78753663970569,90.0,2.094218519441452,mean
195,B0,15,HBARUSDT,2026-03-24 07:59:00+00:00,2026-03-24 08:01:00+00:00,2026-03-24 10:16:00+00:00,10200.101766690826,10197.934529515283,10197.934529515283,10200.101766690826,-2.1672371755431743,4.079607259241222,0.0,-6.246844434784396,-6.246844434784396,135.0,2.088661910144955,mean
196,B0,15,BCHUSDT,2026-03-24 10:14:00+00:00,2026-03-24 10:16:00+00:00,2026-03-24 12:31:00+00:00,10210.480295001127,10190.508695402103,10190.508695402103,10274.08549807193,83.57680266982882,4.092918838694807,0.0,79.48388383113402,79.48388383113402,135.0,-2.1110025946658357,mean
197,B0,15,DOTUSDT,2026-03-24 11:29:00+00:00,2026-03-24 11:31:00+00:00,2026-03-24 13:31:00+00:00,10218.017347223844,10218.017347223844,10218.017347223844,10284.27250293351,66.25515570966557,4.100457970031471,0.0,62.154697739634095,62.154697739634095,120.0,-2.1268752936150737,mean
198,B0,15,SOLUSDT,2026-03-24 13:59:00+00:00,2026-03-24 14:01:00+00:00,2026-03-24 16:01:00+00:00,10224.656874840424,10239.457068512946,10239.457068512946,10208.718204731553,-30.73886378139265,4.0896350546489,1.1259664360290207,-34.82849883604155,-33.70253240001253,120.0,-2.286448804029812,mean
199,B0,15,BTCUSDT,2026-03-24 13:59:00+00:00,2026-03-24 14:01:00+00:00,2026-03-24 16:16:00+00:00,10224.656874840424,10245.947602829907,10245.947602829907,10194.771055154019,-51.17654767588889,4.0881437315967855,-0.31146390485731146,-55.26469140748568,-55.57615531234299,135.0,-2.2179751685993536,mean
200,B0,15,DOTUSDT,2026-03-24 17:44:00+00:00,2026-03-24 17:46:00+00:00,2026-03-24 18:46:00+00:00,10215.729006069188,10208.228470822442,10208.228470822442,10313.235964276897,105.00749345445577,4.104292887019867,0.0,100.9032005674359,100.9032005674359,60.0,-2.231965697747406,mean
201,B0,15,BTCUSDT,2026-03-24 17:44:00+00:00,2026-03-24 17:46:00+00:00,2026-03-24 18:46:00+00:00,10215.729006069188,10220.117059352035,10220.117059352035,10303.03051209179,82.91345273975493,4.104629514288765,0.0,78.80882322546616,78.80882322546616,60.0,-2.0544742478639426,mean
204,B0,15,FILUSDT,2026-03-24 20:29:00+00:00,2026-03-24 20:31:00+00:00,2026-03-24 22:31:00+00:00,10233.700208448477,10222.719843417954,10222.719843417954,10134.87692317376,87.84292024419301,4.071519353318343,0.0,83.77140089087467,83.77140089087467,120.0,2.0015741280255197,mean
202,B0,15,XLMUSDT,2026-03-24 20:29:00+00:00,2026-03-24 20:31:00+00:00,2026-03-24 23:31:00+00:00,10233.700208448477,10237.927762385281,10237.927762385281,10545.33132721858,-307.4035648332994,4.156651817920773,0.0,-311.56021665122023,-311.56021665122023,180.0,2.336634160698126,stop
203,B0,15,AAVEUSDT,2026-03-24 20:29:00+00:00,2026-03-24 20:31:00+00:00,2026-03-25 00:46:00+00:00,10233.700208448477,10235.54362017656,10235.54362017656,10426.336734033071,-190.79311385651107,4.132376070841927,0.9874518806878568,-194.925489927353,-193.93803804666516,255.0,2.046053654426459,timeout
205,B0,15,XLMUSDT,2026-03-24 23:44:00+00:00,2026-03-24 23:46:00+00:00,2026-03-25 02:46:00+00:00,10200.301339736376,10209.045454497838,10209.045454497838,10222.453097132076,-13.40764263423914,4.086299710325983,1.0130931362628786,-17.493942344565124,-16.480849208302246,180.0,2.989056359362279,mean
206,B0,15,DOGEUSDT,2026-03-25 06:29:00+00:00,2026-03-25 06:31:00+00:00,2026-03-25 08:46:00+00:00,10189.879438146947,10206.621897687957,10206.621897687957,10169.997767441999,36.62413024595875,4.075323933025992,1.0126048811146848,32.54880631293276,33.561411194047444,135.0,2.748788468080896,mean
207,B0,15,UNIUSDT,2026-03-25 08:44:00+00:00,2026-03-25 08:46:00+00:00,2026-03-25 12:01:00+00:00,10192.915777361044,10181.911279895608,10181.911279895608,10209.4225235592,-27.511243663591976,4.078266760690962,0.0,-31.589510424282935,-31.589510424282935,195.0,2.095695111286617,mean
208,B0,15,AAVEUSDT,2026-03-25 12:14:00+00:00,2026-03-25 12:16:00+00:00,2026-03-25 13:31:00+00:00,10190.076628223924,10185.69756650144,10185.69756650144,10113.00514190818,72.69242459326034,4.059740541681924,0.0,68.63268405157842,68.63268405157842,75.0,2.304472374460904,mean
209,B0,15,NEARUSDT,2026-03-25 15:44:00+00:00,2026-03-25 15:46:00+00:00,2026-03-25 16:31:00+00:00,10196.939896629083,10204.912484507606,10204.912484507606,10316.528714806907,111.61623029930203,4.104288239862903,1.8254012942235278,107.51194205943914,109.33734335366266,45.0,-2.0299626232326418,mean
211,B0,15,AAVEUSDT,2026-03-25 18:14:00+00:00,2026-03-25 18:16:00+00:00,2026-03-25 21:16:00+00:00,10209.362173419537,10215.704517687724,10215.704517687724,10185.804894709125,-29.89962297859806,4.08030188247937,0.0,-33.97992486107743,-33.97992486107743,180.0,-2.2430962593640986,mean
210,B0,15,TRXUSDT,2026-03-25 17:29:00+00:00,2026-03-25 17:31:00+00:00,2026-03-25 21:31:00+00:00,10207.873630964448,10199.085524720074,10199.085524720074,10246.606395522982,-47.52087080290702,4.089138384048612,0.0,-51.61000918695563,-51.61000918695563,240.0,2.084087426092339,mean
212,B0,15,DOGEUSDT,2026-03-26 03:29:00+00:00,2026-03-26 03:31:00+00:00,2026-03-26 07:46:00+00:00,10199.314637559644,10206.889725354118,10206.889725354118,10020.7589966899,-186.13072866421837,4.045529744408803,0.0,-190.17625840862718,-190.17625840862718,255.0,-2.1371673944222795,timeout
213,B0,15,NEARUSDT,2026-03-26 05:29:00+00:00,2026-03-26 05:31:00+00:00,2026-03-26 07:46:00+00:00,10193.375076149321,10185.128008935608,10185.128008935608,10152.139740080756,-32.9882688548522,4.067453549803274,0.0,-37.05572240465548,-37.05572240465548,135.0,-2.13912743338298,mean
214,B0,15,AAVEUSDT,2026-03-26 05:59:00+00:00,2026-03-26 06:01:00+00:00,2026-03-26 08:01:00+00:00,10182.200586459117,10195.392406578536,10195.392406578536,10187.854223653154,-7.538182925381381,4.076649326046338,0.40501776448956506,-11.61483225142772,-11.209814486938154,120.0,-2.566417741002976,mean
216,B0,15,TRXUSDT,2026-03-26 10:14:00+00:00,2026-03-26 10:16:00+00:00,2026-03-26 12:16:00+00:00,10173.180756564467,10173.83533821724,10173.83533821724,10219.328763084932,45.49342486769177,4.0786328202604345,0.0,41.414792047431334,41.414792047431334,120.0,-2.7574516523492743,mean
215,B0,15,ETHUSDT,2026-03-26 09:44:00+00:00,2026-03-26 09:46:00+00:00,2026-03-26 12:31:00+00:00,10175.470458029624,10164.623085693227,10164.623085693227,10114.050876827587,-50.572208865639546,4.055734792504163,0.0,-54.62794365814371,-54.62794365814371,165.0,-2.015136910911705,mean
217,B0,15,AVAXUSDT,2026-03-26 10:14:00+00:00,2026-03-26 10:16:00+00:00,2026-03-26 12:31:00+00:00,10173.180756564467,10190.798560667186,10190.798560667186,10169.877418295206,-20.921142371980316,4.0721351957924785,0.0,-24.993277567772797,-24.993277567772797,135.0,-2.2140231809212345,mean
220,B0,15,SOLUSDT,2026-03-26 19:29:00+00:00,2026-03-26 19:31:00+00:00,2026-03-26 20:16:00+00:00,10174.097344854372,10164.585509075614,10164.585509075614,10294.184271561197,129.59876248558257,4.091753956127363,0.0,125.50700852945522,125.50700852945522,45.0,-2.058740927056935,mean
218,B0,15,XRPUSDT,2026-03-26 18:14:00+00:00,2026-03-26 18:16:00+00:00,2026-03-26 22:31:00+00:00,10171.649815111776,10166.33666320477,10166.33666320477,10324.213177012936,157.8765138081684,4.098109968043541,0.0,153.77840384012487,153.77840384012487,255.0,-2.2812520721286513,timeout
219,B0,15,AVAXUSDT,2026-03-26 18:29:00+00:00,2026-03-26 18:31:00+00:00,2026-03-26 22:31:00+00:00,10172.281412249613,10180.187915679075,10180.187915679075,10261.511950953556,81.32403527448164,4.088339973326526,0.0,77.23569530115512,77.23569530115512,240.0,-2.056458946064336,mean
221,B0,15,NEARUSDT,2026-03-26 21:29:00+00:00,2026-03-26 21:31:00+00:00,2026-03-26 22:31:00+00:00,10216.365600993084,10216.365600993086,10216.365600993086,10141.672432504913,74.69316848817138,4.071607606699599,0.0,70.62156088147178,70.62156088147178,60.0,2.257422066081319,mean
222,B0,15,TRXUSDT,2026-03-27 04:59:00+00:00,2026-03-27 05:01:00+00:00,2026-03-27 07:16:00+00:00,10214.364081966996,10210.785573625648,10210.785573625648,10239.738959296554,-28.953385670904666,4.09010490658444,0.0,-33.0434905774891,-33.0434905774891,135.0,2.2816250827088047,mean
223,B0,15,BCHUSDT,2026-03-27 05:59:00+00:00,2026-03-27 06:01:00+00:00,2026-03-27 09:01:00+00:00,10212.045293144725,10232.178854278949,10232.178854278949,10068.512486349131,163.66636792981737,4.060138268125616,-1.1418990634974566,159.60622966169174,158.4643305981943,180.0,3.104845572225571,mean
224,B0,15,BNBUSDT,2026-03-27 08:44:00+00:00,2026-03-27 08:46:00+00:00,2026-03-27 13:01:00+00:00,10231.372387340773,10235.99554240719,10235.99554240719,10089.705707091309,-146.28983531588193,4.0651402498997005,0.0,-150.35497556578161,-150.35497556578161,255.0,-2.4208366052483195,timeout
225,B0,15,BTCUSDT,2026-03-27 09:14:00+00:00,2026-03-27 09:16:00+00:00,2026-03-27 13:01:00+00:00,10225.496123487332,10239.027445386559,10239.027445386559,10055.388076754194,-183.63936863236535,4.058883104428151,0.0,-187.6982517367935,-187.6982517367935,225.0,-2.085554493613884,mean
226,B0,15,XRPUSDT,2026-03-27 09:14:00+00:00,2026-03-27 09:16:00+00:00,2026-03-27 13:01:00+00:00,10225.496123487332,10248.363427527931,10248.363427527931,10156.13196789752,-92.23145963041127,4.08089907908509,0.0,-96.31235870949635,-96.31235870949635,225.0,-2.0574214352983864,mean
227,B0,15,BTCUSDT,2026-03-27 14:29:00+00:00,2026-03-27 14:31:00+00:00,2026-03-27 15:31:00+00:00,10183.469607367859,10195.514116381462,10195.514116381462,10286.243217097848,90.72910071638539,4.096351466695863,0.0,86.63274924968952,86.63274924968952,60.0,-2.0766023339095603,mean
229,B0,15,LTCUSDT,2026-03-27 15:44:00+00:00,2026-03-27 15:46:00+00:00,2026-03-27 16:31:00+00:00,10196.91572780591,10198.787064882035,10198.787064882035,10105.220211075777,93.5668538062572,4.060801455191562,-0.6020419980685155,89.50605235106563,88.90401035299712,45.0,2.126237725350326,mean
228,B0,15,TRXUSDT,2026-03-27 14:44:00+00:00,2026-03-27 14:46:00+00:00,2026-03-27 17:16:00+00:00,10184.670114738856,10174.433269736686,10174.433269736686,10220.333961843187,45.90069210650098,4.078953446315975,1.5350432295552146,41.821738660185005,43.35678188974022,150.0,-2.0130226709813166,mean
230,B0,15,BCHUSDT,2026-03-27 17:14:00+00:00,2026-03-27 17:16:00+00:00,2026-03-27 17:31:00+00:00,10204.968970744601,10221.68028294016,10221.68028294016,10124.667860194517,97.01242274564268,4.069269628626936,0.0,92.94315311701574,92.94315311701574,15.0,2.1334856875000354,mean
231,B0,15,AAVEUSDT,2026-03-27 18:59:00+00:00,2026-03-27 19:01:00+00:00,2026-03-27 21:16:00+00:00,10214.653276828805,10215.69272460298,10215.69272460298,10229.205545667272,13.512821064289186,4.08897965405405,0.0,9.423841410235134,9.423841410235134,135.0,-2.0898531384051817,mean
232,B0,15,TRXUSDT,2026-03-28 12:29:00+00:00,2026-03-28 12:31:00+00:00,2026-03-28 15:31:00+00:00,10215.595660969828,10218.185329684185,10218.185329684185,10212.358575076876,5.826754607309419,4.0861087809522125,0.0,1.7406458263572064,1.7406458263572064,180.0,2.471758597412155,mean
233,B0,15,LTCUSDT,2026-03-28 13:44:00+00:00,2026-03-28 13:46:00+00:00,2026-03-28 16:01:00+00:00,10214.840992661433,10201.776149440415,10201.776149440415,10184.978493870536,16.797655569879247,4.07735092866219,-0.11215619181828437,12.720304641217055,12.60814844939877,135.0,2.4941586993764955,mean
234,B0,15,DOGEUSDT,2026-03-28 14:14:00+00:00,2026-03-28 14:16:00+00:00,2026-03-28 16:46:00+00:00,10216.402731628743,10193.325991028096,10193.325991028096,10222.99608608607,-29.670095057973814,4.083264415422833,1.0329608429876236,-33.75335947339664,-32.72039863040902,150.0,2.21009225116656,mean
235,B0,15,FILUSDT,2026-03-28 21:59:00+00:00,2026-03-28 22:01:00+00:00,2026-03-29 01:16:00+00:00,10213.758500534364,10213.758500534364,10213.758500534364,10251.964579713422,38.20607917905626,4.093144616049557,3.416290278491398,34.1129345630067,37.52922484149809,195.0,-2.5079735911666012,mean
236,B0,15,SUIUSDT,2026-03-28 23:14:00+00:00,2026-03-28 23:16:00+00:00,2026-03-29 01:31:00+00:00,10209.733617446447,10196.612099770093,10196.612099770093,10288.46272350457,91.85062373447605,4.097014964654933,-0.05000607270694362,87.75360876982111,87.70360269711416,135.0,-3.2817442465234814,mean
237,B0,15,LINKUSDT,2026-03-28 23:14:00+00:00,2026-03-28 23:16:00+00:00,2026-03-29 01:31:00+00:00,10209.733617446447,10202.472071488091,10202.472071488091,10246.041347238219,43.569275750126586,4.089702683745262,0.38237218979411836,39.47957306638132,39.86194525617544,135.0,-2.0855842223230807,mean
238,B0,15,TRXUSDT,2026-03-29 08:29:00+00:00,2026-03-29 08:31:00+00:00,2026-03-29 10:31:00+00:00,10230.26797781384,10231.231249648792,10231.231249648792,10218.0665345711,13.164715077691618,4.089859556843978,0.0,9.074855520847638,9.074855520847638,120.0,2.130673048885357,mean
240,B0,15,BCHUSDT,2026-03-29 14:14:00+00:00,2026-03-29 14:16:00+00:00,2026-03-29 14:46:00+00:00,10238.127083142528,10235.762172747649,10235.762172747649,9854.151631755693,-381.6105409919571,4.017982760900669,0.0,-385.62852375285775,-385.62852375285775,30.0,-2.21014826620685,stop
239,B0,15,SUIUSDT,2026-03-29 13:14:00+00:00,2026-03-29 13:16:00+00:00,2026-03-29 15:31:00+00:00,10231.175463365926,10237.240179111845,10237.240179111845,10257.860212647971,20.620033536126176,4.099020078351963,0.0,16.52101345777421,16.52101345777421,135.0,-2.030605861764715,mean
241,B0,15,BCHUSDT,2026-03-29 14:59:00+00:00,2026-03-29 15:01:00+00:00,2026-03-29 19:01:00+00:00,10194.105986595916,10206.539176953083,10206.539176953083,10033.140575721865,-173.39860123121883,4.04793595053499,0.1417070313825256,-177.44653718175383,-177.3048301503713,240.0,-8.68842405402456,mean
242,B0,15,TRXUSDT,2026-03-29 20:14:00+00:00,2026-03-29 20:16:00+00:00,2026-03-29 22:46:00+00:00,10176.53422932138,10181.578985414735,10181.578985414735,10148.47277355209,33.10621186264532,4.066010351793365,0.0,29.040201510851954,29.040201510851954,150.0,2.7306161108295135,mean
244,B0,15,ADAUSDT,2026-03-29 22:44:00+00:00,2026-03-29 22:46:00+00:00,2026-03-29 23:46:00+00:00,10177.78096511851,10078.84226596478,10078.84226596478,10328.339855135056,249.49758917027623,4.081436424219968,0.0,245.41615274605627,245.41615274605627,60.0,-2.2611431400103696,mean
243,B0,15,BNBUSDT,2026-03-29 22:44:00+00:00,2026-03-29 22:46:00+00:00,2026-03-30 00:46:00+00:00,10177.78096511851,10121.607153664065,10121.607153664065,10309.586384163735,187.9792304996705,4.08623870756556,0.0,183.89299179210494,183.89299179210494,120.0,-2.3344087094849906,mean
245,B0,15,ADAUSDT,2026-03-30 01:59:00+00:00,2026-03-30 02:01:00+00:00,2026-03-30 05:01:00+00:00,10222.369163926282,10243.325230272994,10243.325230272994,10331.340708929187,-88.01547865619146,4.114933187840435,0.0,-92.1304118440319,-92.1304118440319,180.0,2.1226693816542954,mean
246,B0,15,SUIUSDT,2026-03-30 01:59:00+00:00,2026-03-30 02:01:00+00:00,2026-03-30 05:01:00+00:00,10222.369163926282,10240.141015741174,10240.141015741174,10323.076324210673,-82.93530846949933,4.112643467990369,0.0,-87.0479519374897,-87.0479519374897,180.0,2.0547694209625593,mean
247,B0,15,AVAXUSDT,2026-03-30 02:14:00+00:00,2026-03-30 02:16:00+00:00,2026-03-30 05:46:00+00:00,10215.644548683405,10202.841530563832,10202.841530563832,10283.151371495716,-80.30984093188603,4.097198580411909,0.0,-84.40703951229793,-84.40703951229793,210.0,2.2211848182685348,mean
248,B0,15,UNIUSDT,2026-03-30 05:14:00+00:00,2026-03-30 05:16:00+00:00,2026-03-30 06:31:00+00:00,10193.306509778971,10178.72798216201,10178.72798216201,10108.751049600598,69.97693256141176,4.057495806352522,0.0,65.91943675505924,65.91943675505924,75.0,2.789121791163815,mean
249,B0,15,FILUSDT,2026-03-30 05:14:00+00:00,2026-03-30 05:16:00+00:00,2026-03-30 09:31:00+00:00,10193.306509778971,10181.14265952864,10181.14265952864,10278.453461531302,-97.3108020026633,4.091919224211988,1.040244226318,-101.40272122687529,-100.36247700055729,255.0,2.453705979537959,timeout
250,B0,15,UNIUSDT,2026-03-30 07:59:00+00:00,2026-03-30 08:01:00+00:00,2026-03-30 10:01:00+00:00,10180.504013968615,10186.263846508344,10186.263846508344,10108.50610722202,77.75773928632361,4.0589539907460725,0.0,73.69878529557754,73.69878529557754,120.0,2.2567048863994392,mean
251,B0,15,XLMUSDT,2026-03-30 08:14:00+00:00,2026-03-30 08:16:00+00:00,2026-03-30 10:01:00+00:00,10180.245158521506,10177.882193243604,10177.882193243604,10058.552446709551,119.32974653405316,4.047286927990631,0.0,115.28245960606253,115.28245960606253,105.0,2.217555906798903,mean
252,B0,15,TRXUSDT,2026-03-30 12:59:00+00:00,2026-03-30 13:01:00+00:00,2026-03-30 15:31:00+00:00,10211.464444062512,10233.310584763982,10233.310584763982,10218.532313112988,-14.778271650993712,4.090368579575394,0.0,-18.868640230569106,-18.868640230569106,150.0,-3.784005445588272,mean
253,B0,15,FILUSDT,2026-03-30 14:29:00+00:00,2026-03-30 14:31:00+00:00,2026-03-30 17:01:00+00:00,10207.918603390593,10207.918603390593,10207.918603390593,10257.351623261733,49.433019871140935,4.093054045330465,-1.025128038334371,45.33996582581047,44.314837787476094,150.0,-2.5053556168299917,mean
255,B0,15,BCHUSDT,2026-03-30 15:44:00+00:00,2026-03-30 15:46:00+00:00,2026-03-30 17:31:00+00:00,10217.448015647462,10217.228384770748,10217.228384770748,10185.381907647106,31.8464771236403,4.08052205848357,-0.9763033659718294,27.76595506515673,26.7896516991849,105.0,2.492716881632039,mean
254,B0,15,NEARUSDT,2026-03-30 14:44:00+00:00,2026-03-30 14:46:00+00:00,2026-03-30 19:01:00+00:00,10208.112873726139,10199.476568418419,10199.476568418419,10018.114156956277,-181.36241146214064,4.043518145074939,0.008866031028906306,-185.40592960721557,-185.39706357618667,255.0,-2.0292098379024077,timeout
256,B0,15,BTCUSDT,2026-03-30 17:29:00+00:00,2026-03-30 17:31:00+00:00,2026-03-30 20:31:00+00:00,10199.196392205851,10209.42808567822,10209.42808567822,10174.166921159267,-35.26116451895381,4.076719001367497,0.0,-39.337883520321306,-39.337883520321306,180.0,-2.080639660311081,mean
257,B0,15,SUIUSDT,2026-03-30 18:14:00+00:00,2026-03-30 18:16:00+00:00,2026-03-30 20:31:00+00:00,10201.544850830134,10198.00264775693,10198.00264775693,10183.833835464111,-14.168812292819382,4.076367296644209,0.0,-18.24517958946359,-18.24517958946359,135.0,-2.3469556494082044,mean
258,B0,15,ETHUSDT,2026-03-30 19:14:00+00:00,2026-03-30 19:16:00+00:00,2026-03-30 22:16:00+00:00,10187.114710353502,10186.357570508513,10186.357570508513,10268.33057772587,81.97300721735645,4.090937629646877,0.0,77.88206958770958,77.88206958770958,180.0,-3.2396000758646033,mean
259,B0,15,NEARUSDT,2026-03-31 01:29:00+00:00,2026-03-31 01:31:00+00:00,2026-03-31 03:31:00+00:00,10200.178223278295,10208.749801617185,10208.749801617185,10105.890861550513,102.85894006667198,4.062928132633539,0.0,98.79601193403843,98.79601193403843,120.0,2.849969423214336,mean
260,B0,15,BTCUSDT,2026-03-31 01:29:00+00:00,2026-03-31 01:31:00+00:00,2026-03-31 03:46:00+00:00,10200.178223278295,10199.877079891576,10199.877079891576,10190.526577733926,9.350502157649373,4.0780807315251,0.0,5.272421426124273,5.272421426124273,135.0,2.7804049141138507,mean
261,B0,15,AVAXUSDT,2026-03-31 01:29:00+00:00,2026-03-31 01:31:00+00:00,2026-03-31 03:46:00+00:00,10200.178223278295,10207.009462182154,10207.009462182154,10205.870922364846,1.1385398173091463,4.082576076909399,0.0,-2.9440362596002534,-2.9440362596002534,135.0,2.303453749218054,mean
262,B0,15,HBARUSDT,2026-03-31 05:14:00+00:00,2026-03-31 05:16:00+00:00,2026-03-31 09:31:00+00:00,10210.290662988353,10207.923608238616,10207.923608238616,10059.982686380086,-147.94092185852915,4.0535812589237405,3.1986967833424518,-151.9945031174529,-148.79580633411044,255.0,-2.420257561849507,timeout
264,B0,15,BTCUSDT,2026-03-31 09:29:00+00:00,2026-03-31 09:31:00+00:00,2026-03-31 11:16:00+00:00,10196.085692958615,10200.553895785033,10200.553895785033,10226.641444245795,26.08754846076224,4.085439068006165,0.0,22.002109392756072,22.002109392756072,105.0,-2.569746528672899,mean
263,B0,15,AVAXUSDT,2026-03-31 09:29:00+00:00,2026-03-31 09:31:00+00:00,2026-03-31 11:46:00+00:00,10196.085692958615,10187.936275300393,10187.936275300393,10199.578300526424,11.642025226031512,4.077502915165363,0.0,7.564522310866149,7.564522310866149,135.0,-2.576355095253166,mean
265,B0,15,SOLUSDT,2026-03-31 09:44:00+00:00,2026-03-31 09:46:00+00:00,2026-03-31 12:31:00+00:00,10197.897043755094,10206.62598473165,10206.62598473165,10068.209920674813,-138.41606405683723,4.054967181081293,0.0,-142.4710312379185,-142.4710312379185,165.0,-2.1820666567033773,mean
266,B0,15,TRXUSDT,2026-03-31 11:44:00+00:00,2026-03-31 11:46:00+00:00,2026-03-31 14:01:00+00:00,10186.080855968059,10187.695080692467,10187.695080692467,10175.74981773184,-11.9452629606288,4.072688979684861,0.0,-16.01795194031366,-16.01795194031366,135.0,-2.1437271270615184,mean
267,B0,15,DOTUSDT,2026-03-31 13:29:00+00:00,2026-03-31 13:31:00+00:00,2026-03-31 15:31:00+00:00,10182.560939731395,10198.762309563903,10198.762309563903,10150.158200066378,48.604109497524604,4.069784101926056,0.0,44.53432539559854,44.53432539559854,120.0,2.3570196879289815,mean
269,B0,15,ETHUSDT,2026-03-31 14:14:00+00:00,2026-03-31 14:16:00+00:00,2026-03-31 15:31:00+00:00,10174.176413735324,10194.050815917648,10194.050815917648,10073.923271692463,120.12754422518391,4.053594817522022,0.0,116.07394940766189,116.07394940766189,75.0,2.5970691495073313,mean
268,B0,15,BNBUSDT,2026-03-31 13:59:00+00:00,2026-03-31 14:01:00+00:00,2026-03-31 16:01:00+00:00,10176.654200549336,10199.259014949432,10199.259014949432,10118.480045843204,80.77896910622749,4.063547812158527,0.0,76.71542129406896,76.71542129406896,120.0,2.593562481028635,mean
271,B0,15,TRXUSDT,2026-03-31 15:44:00+00:00,2026-03-31 15:46:00+00:00,2026-03-31 17:16:00+00:00,10205.123891453419,10199.234243499133,10199.234243499133,10222.465632652142,23.23138915300846,4.084339975230256,1.2313338493452435,19.147049177778204,20.378383027123448,90.0,-2.1571948063292736,mean
273,B0,15,ETHUSDT,2026-03-31 17:29:00+00:00,2026-03-31 17:31:00+00:00,2026-03-31 19:01:00+00:00,10239.76704769754,10231.55404548563,10231.55404548563,10207.886991774378,23.667053711250592,4.087888207452002,0.0,19.579165503798592,19.579165503798592,90.0,2.720153191278551,mean
272,B0,15,BTCUSDT,2026-03-31 16:44:00+00:00,2026-03-31 16:46:00+00:00,2026-03-31 19:31:00+00:00,10226.726166421115,10235.7539220934,10235.7539220934,10243.422985440426,-7.669063347025809,4.095835381506765,0.0,-11.764898728532575,-11.764898728532575,165.0,2.2660151884561954,mean
270,B0,15,HBARUSDT,2026-03-31 15:44:00+00:00,2026-03-31 15:46:00+00:00,2026-03-31 20:01:00+00:00,10205.123891453419,10217.329517444872,10217.329517444872,10668.937679128612,451.6081616837411,4.177253439314697,2.4994099973645074,447.4309082444264,449.9303182417909,255.0,-3.226112262225345,timeout
274,B0,15,BCHUSDT,2026-03-31 21:59:00+00:00,2026-03-31 22:01:00+00:00,2026-03-31 23:16:00+00:00,10254.06351362163,10253.179675966652,10253.179675966652,10321.456134813574,68.27645884692214,4.114927162156045,0.0,64.1615316847661,64.1615316847661,75.0,-2.136259476483572,mean
275,B0,15,ADAUSDT,2026-04-01 00:59:00+00:00,2026-04-01 01:01:00+00:00,2026-04-01 02:31:00+00:00,10260.479666790105,10264.677899059658,10264.677899059658,10163.92032459036,100.75757446929666,4.085719644730004,0.0,96.67185482456665,96.67185482456665,90.0,2.0739076164746924,mean
276,B0,15,HBARUSDT,2026-04-01 01:14:00+00:00,2026-04-01 01:16:00+00:00,2026-04-01 03:01:00+00:00,10259.85455000517,10255.235594664706,10255.235594664706,10144.380666493575,110.854928171131,4.079923252231657,0.0,106.77500491889934,106.77500491889934,105.0,2.3703820498774864,mean
277,B0,15,HBARUSDT,2026-04-01 04:29:00+00:00,2026-04-01 04:31:00+00:00,2026-04-01 07:46:00+00:00,10280.824352764454,10283.117643942853,10283.117643942853,10343.889860170437,-60.772216227584074,4.125401500822658,0.0,-64.89761772840673,-64.89761772840673,195.0,2.202616766173386,mean
278,B0,15,NEARUSDT,2026-04-01 05:29:00+00:00,2026-04-01 05:31:00+00:00,2026-04-01 08:16:00+00:00,10275.802778936937,10267.289272077833,10267.289272077833,10343.910833809758,-76.62156173192514,4.122240021177518,0.907488383501613,-80.74380175310266,-79.83631336960104,165.0,2.1910264073589847,mean
279,B0,15,DOTUSDT,2026-04-01 05:29:00+00:00,2026-04-01 05:31:00+00:00,2026-04-01 08:16:00+00:00,10275.802778936937,10299.962189859201,10299.962189859201,10324.121600781467,-24.159410922266442,4.124816758128134,-2.8893847502104975,-28.284227680394576,-31.173612430605072,165.0,2.177119767710098,mean
280,B0,15,AVAXUSDT,2026-04-01 07:59:00+00:00,2026-04-01 08:01:00+00:00,2026-04-01 08:31:00+00:00,10258.115878838093,10253.722681459574,10253.722681459574,10197.709414883479,56.01326657609682,4.09028641926861,0.0,51.92298015682821,51.92298015682821,30.0,3.3790769579750557,mean
281,B0,15,NEARUSDT,2026-04-01 12:44:00+00:00,2026-04-01 12:46:00+00:00,2026-04-01 13:16:00+00:00,10268.425896427276,10226.548139916562,10226.548139916562,10134.417075592988,92.13106432357363,4.07219304310191,0.0,88.0588712804717,88.0588712804717,30.0,2.047121979560209,mean
282,B0,15,SOLUSDT,2026-04-01 16:44:00+00:00,2026-04-01 16:46:00+00:00,2026-04-01 18:31:00+00:00,10277.231783555324,10273.612190299787,10273.612190299787,10122.795804652404,150.8163856473838,4.0792815989904385,0.0,146.73710404839335,146.73710404839335,105.0,3.37604055853972,mean
283,B0,15,SOLUSDT,2026-04-01 20:29:00+00:00,2026-04-01 20:31:00+00:00,2026-04-02 00:31:00+00:00,10291.905493960163,10288.167966241741,10288.167966241741,10103.783265466276,-184.384700775464,4.078390246341604,-0.1053384377991021,-188.4630910218056,-188.56842945960472,240.0,-2.497826141363661,mean
286,B0,15,DOGEUSDT,2026-04-02 01:29:00+00:00,2026-04-02 01:31:00+00:00,2026-04-02 04:31:00+00:00,10273.048651014204,10244.754477137885,10244.754477137885,10173.453158969558,-71.3013181683266,4.083641527221489,0.0,-75.38495969554809,-75.38495969554809,180.0,-2.6819290831369433,mean
285,B0,15,XRPUSDT,2026-04-02 01:29:00+00:00,2026-04-02 01:31:00+00:00,2026-04-02 05:31:00+00:00,10273.048651014204,10245.250263203281,10245.250263203281,10128.651469885246,-116.5987933180347,4.074780346617706,0.0,-120.6735736646524,-120.6735736646524,240.0,-2.6836910992879237,mean
284,B0,15,LTCUSDT,2026-04-02 01:29:00+00:00,2026-04-02 01:31:00+00:00,2026-04-02 05:46:00+00:00,10273.048651014204,10226.756280074598,10226.756280074598,10074.377225731727,-152.37905434287055,4.060226701161265,0.0,-156.43928104403182,-156.43928104403182,255.0,-2.87187611623922,timeout
287,B0,15,UNIUSDT,2026-04-02 04:44:00+00:00,2026-04-02 04:46:00+00:00,2026-04-02 06:46:00+00:00,10235.384323013757,10229.19231797866,10229.19231797866,10322.072393505103,92.8800755264414,4.110252942296753,0.0,88.76982258414465,88.76982258414465,120.0,-5.759563828213213,mean
290,B0,15,SOLUSDT,2026-04-02 13:44:00+00:00,2026-04-02 13:46:00+00:00,2026-04-02 14:16:00+00:00,10214.988799081539,10221.630534321512,10221.630534321512,10357.121933217002,135.4913988954893,4.1157504935077025,0.0,131.3756484019816,131.3756484019816,30.0,-2.6147903508510915,mean
288,B0,15,BNBUSDT,2026-04-02 10:44:00+00:00,2026-04-02 10:46:00+00:00,2026-04-02 14:46:00+00:00,10246.675851832193,10249.488844070434,10249.488844070434,10147.342063419212,-102.14678065122274,4.079366181497929,0.0,-106.22614683272067,-106.22614683272067,240.0,-2.042548410793963,mean
289,B0,15,XRPUSDT,2026-04-02 12:29:00+00:00,2026-04-02 12:31:00+00:00,2026-04-02 15:16:00+00:00,10241.091014399672,10235.552723523528,10235.552723523528,10239.508645577916,3.9559220543875706,4.095012273820289,0.0,-0.13909021943271815,-0.13909021943271815,165.0,-2.0506851230505028,mean
291,B0,15,UNIUSDT,2026-04-02 14:29:00+00:00,2026-04-02 14:31:00+00:00,2026-04-02 16:16:00+00:00,10235.202952274814,10248.325007341835,10248.325007341835,10441.875319580364,193.55031223852922,4.138040065384439,3.150213498611546,189.4122721731448,192.56248567175635,105.0,-6.718991601700673,mean
292,B0,15,ADAUSDT,2026-04-02 14:59:00+00:00,2026-04-02 15:01:00+00:00,2026-04-02 17:46:00+00:00,10273.81145303721,10256.836960756273,10256.836960756273,10188.938991632524,67.89796912374818,4.08915519047776,-0.7030440755946521,63.80881393327043,63.105769857675774,165.0,2.94858030462551,mean
293,B0,15,HBARUSDT,2026-04-02 15:44:00+00:00,2026-04-02 15:46:00+00:00,2026-04-02 17:46:00+00:00,10273.485027667908,10256.970067237622,10256.970067237622,10254.610787176152,2.359280061469986,4.102316170882755,-0.5534802133229098,-1.743036109412769,-2.2965163227356786,120.0,2.0237320303423236,mean
294,B0,15,BNBUSDT,2026-04-02 17:14:00+00:00,2026-04-02 17:16:00+00:00,2026-04-02 19:46:00+00:00,10259.99362475898,10264.054611066942,10264.054611066942,10265.113998799454,-1.0593877325112784,4.105833721973279,0.0,-5.165221454484557,-5.165221454484557,150.0,2.169322933324543,mean
295,B0,15,FILUSDT,2026-04-03 04:14:00+00:00,2026-04-03 04:16:00+00:00,2026-04-03 07:31:00+00:00,10273.997544742399,10286.331275288308,10286.331275288308,10335.666197471945,-49.33492218363701,4.12439949455205,0.0,-53.45932167818906,-53.45932167818906,195.0,2.0521507579085583,mean
296,B0,15,LTCUSDT,2026-04-03 05:44:00+00:00,2026-04-03 05:46:00+00:00,2026-04-03 07:31:00+00:00,10267.624952843937,10263.748182992005,10263.748182992005,10224.980484472677,38.767698519328235,4.097745733492936,0.0,34.6699527858353,34.6699527858353,105.0,2.059937269624954,mean
297,B0,15,NEARUSDT,2026-04-03 06:44:00+00:00,2026-04-03 06:46:00+00:00,2026-04-03 11:01:00+00:00,10264.230732095284,10264.230732095284,10264.230732095284,10452.40829551703,-188.17756342174704,4.143327805522462,1.0298444834535603,-192.3208912272695,-191.29104674381594,255.0,2.5606984533067574,timeout
298,B0,15,ADAUSDT,2026-04-03 15:14:00+00:00,2026-04-03 15:16:00+00:00,2026-04-03 16:01:00+00:00,10252.989503178782,10228.323129073298,10228.323129073298,10109.102320896802,119.22080817649687,4.06748508999402,1.011201541967866,115.15332308650285,116.16452462847072,45.0,2.00190021958234,mean
299,B0,15,NEARUSDT,2026-04-04 13:29:00+00:00,2026-04-04 13:31:00+00:00,2026-04-04 14:16:00+00:00,10264.60595564163,10264.60595564163,10264.60595564163,10158.194570136573,106.41138550505595,4.08456010515564,0.0,102.32682539990032,102.32682539990032,45.0,2.4249953432993503,mean
300,B0,15,NEARUSDT,2026-04-04 15:44:00+00:00,2026-04-04 15:46:00+00:00,2026-04-04 17:01:00+00:00,10274.838638181618,10266.716236096101,10266.716236096101,10169.247411069871,97.46882502622888,4.087192729433195,1.0262029366420693,93.38163229679569,94.40783523343775,75.0,2.0795589716350875,mean
301,B0,15,LTCUSDT,2026-04-05 06:14:00+00:00,2026-04-05 06:16:00+00:00,2026-04-05 08:31:00+00:00,10284.279421704961,10290.131629266629,10290.131629266629,10286.23015755885,-3.9014717077794265,4.115272357365096,-0.37684734633644185,-8.016744065144522,-8.393591411480964,135.0,-2.619067771859388,mean
303,B0,15,XRPUSDT,2026-04-05 06:14:00+00:00,2026-04-05 06:16:00+00:00,2026-04-05 08:46:00+00:00,10284.279421704961,10283.48631000436,10283.48631000436,10285.072533405564,1.5862234012036445,4.113711768681984,1.4105393219993092,-2.52748836747834,-1.116949045479031,150.0,-2.3905052611884905,mean
302,B0,15,DOTUSDT,2026-04-05 06:14:00+00:00,2026-04-05 06:16:00+00:00,2026-04-05 09:01:00+00:00,10284.279421704961,10284.27942170496,10284.27942170496,10284.27942170496,0.0,4.113711768681984,1.933379260552669,-4.113711768681984,-2.1803325081293154,165.0,-2.5194618663674007,mean
305,B0,15,XRPUSDT,2026-04-05 12:44:00+00:00,2026-04-05 12:46:00+00:00,2026-04-05 14:46:00+00:00,10283.110334408453,10277.499470557736,10277.499470557736,10310.363101683368,32.863631125633006,4.117572514448221,0.0,28.746058611184782,28.746058611184782,120.0,-2.3492319827807413,mean
306,B0,15,AAVEUSDT,2026-04-05 12:44:00+00:00,2026-04-05 12:46:00+00:00,2026-04-05 15:01:00+00:00,10283.110334408453,10281.981562692274,10281.981562692274,10270.693845530463,-11.28771716181046,4.110535081644548,0.0,-15.398252243455008,-15.398252243455008,135.0,-2.2658904793286108,mean
304,B0,15,BCHUSDT,2026-04-05 12:44:00+00:00,2026-04-05 12:46:00+00:00,2026-04-05 16:46:00+00:00,10283.110334408453,10293.722170483083,10293.722170483083,10251.757182369776,-41.96498811330723,4.109095870570572,1.2328379907293125,-46.0740839838778,-44.84124599314848,240.0,-2.790543543092533,mean
308,B0,15,FILUSDT,2026-04-05 22:59:00+00:00,2026-04-05 23:01:00+00:00,2026-04-06 01:16:00+00:00,10279.96099044591,10292.228246997756,10292.228246997756,10316.762760101445,-24.534513103689548,4.121798201419841,0.25987680047564504,-28.65631130510939,-28.396434504633746,135.0,2.5312254089032913,mean
307,B0,15,BTCUSDT,2026-04-05 22:59:00+00:00,2026-04-05 23:01:00+00:00,2026-04-06 01:46:00+00:00,10279.96099044591,10290.901121372752,10290.901121372752,10357.384613029963,-66.48349165721068,4.129657146880543,0.7343861747350617,-70.61314880409122,-69.87876262935616,165.0,2.540281972327134,mean
309,B0,15,XRPUSDT,2026-04-05 23:14:00+00:00,2026-04-05 23:16:00+00:00,2026-04-06 03:31:00+00:00,10274.203588839591,10312.357130018307,10312.357130018307,10431.489615739598,-119.1324857212917,4.14876934915158,-0.050587780248857774,-123.28125507044328,-123.33184285069214,255.0,2.734851481743521,timeout
310,B0,15,AVAXUSDT,2026-04-06 01:29:00+00:00,2026-04-06 01:31:00+00:00,2026-04-06 03:46:00+00:00,10264.690588419367,10266.853853032313,10266.853853032313,10269.017117645257,-2.1632646129428195,4.1071741941355135,0.0,-6.2704388070783335,-6.2704388070783335,135.0,5.40277424424279,mean
311,B0,15,ADAUSDT,2026-04-06 01:59:00+00:00,2026-04-06 02:01:00+00:00,2026-04-06 04:31:00+00:00,10273.087812348527,10285.192786204398,10285.192786204398,10357.822629339618,-72.62984313522004,4.128603083108803,0.0,-76.75844621832886,-76.75844621832886,150.0,2.0362458162169297,mean
313,B0,15,BTCUSDT,2026-04-06 09:29:00+00:00,2026-04-06 09:31:00+00:00,2026-04-06 11:31:00+00:00,10249.4973979449,10251.388938797372,10251.388938797372,10198.895014364514,52.4939244328572,4.090056790632378,0.0,48.40386764222482,48.40386764222482,120.0,2.063704798982668,mean
312,B0,15,FILUSDT,2026-04-06 09:29:00+00:00,2026-04-06 09:31:00+00:00,2026-04-06 12:16:00+00:00,10249.4973979449,10273.032409191617,10273.032409191617,10614.290072269001,-341.257663077385,4.177464496292124,0.0,-345.43512757367716,-345.43512757367716,165.0,2.850277324367501,stop
314,B0,15,DOTUSDT,2026-04-06 09:59:00+00:00,2026-04-06 10:01:00+00:00,2026-04-06 12:46:00+00:00,10251.039266071239,10258.979652799413,10258.979652799413,10298.681586440276,-39.70193364086375,4.111532247847938,0.0,-43.81346588871169,-43.81346588871169,165.0,2.38662979446942,mean
315,B0,15,FILUSDT,2026-04-06 12:29:00+00:00,2026-04-06 12:31:00+00:00,2026-04-06 13:46:00+00:00,10206.090434920805,10217.417949276989,10217.417949276989,10081.487777002792,135.9301722741951,4.059781145255957,0.0,131.87039112893913,131.87039112893913,75.0,2.9175763691245864,mean
317,B0,15,FILUSDT,2026-04-06 14:44:00+00:00,2026-04-06 14:46:00+00:00,2026-04-06 16:01:00+00:00,10228.599964475778,10228.599964475778,10228.599964475778,10333.688320275185,105.08835579940876,4.112457656950193,-1.036642579516834,100.97589814245856,99.93925556294172,75.0,-2.136803819871389,mean
318,B0,15,NEARUSDT,2026-04-06 14:44:00+00:00,2026-04-06 14:46:00+00:00,2026-04-06 16:16:00+00:00,10228.599964475778,10236.634999797441,10236.634999797441,10292.880247049074,56.24524725163345,4.105903049369303,-1.0272716647310778,52.13934420226415,51.112072537533074,90.0,-2.0826238444481677,mean
316,B0,15,DOTUSDT,2026-04-06 14:44:00+00:00,2026-04-06 14:46:00+00:00,2026-04-06 16:46:00+00:00,10228.599964475778,10220.590097628108,10220.590097628108,10244.61969817112,24.029600543011924,4.093041959159846,-1.0274748171529287,19.936558583852076,18.909083766699148,120.0,-2.1495252732673116,mean
319,B0,15,AAVEUSDT,2026-04-06 16:59:00+00:00,2026-04-06 17:01:00+00:00,2026-04-06 19:01:00+00:00,10245.596005662495,10245.596005662495,10245.596005662495,10253.125577530172,7.529571867677741,4.0997443166385334,0.0,3.429827551039207,3.429827551039207,120.0,-2.31630563166761,mean
320,B0,15,XLMUSDT,2026-04-06 17:14:00+00:00,2026-04-06 17:16:00+00:00,2026-04-06 21:31:00+00:00,10241.303611871355,10228.371040066997,10228.371040066997,10141.07618038758,-87.29485967941804,4.0738894440909155,0.0,-91.36874912350895,-91.36874912350895,255.0,-2.186021981513449,timeout
322,B0,15,DOGEUSDT,2026-04-06 22:44:00+00:00,2026-04-06 22:46:00+00:00,2026-04-07 00:46:00+00:00,10237.413546103575,10230.63754155017,10230.63754155017,10228.3788733657,-2.2586681844692134,4.091803282983173,0.4343428361772913,-6.350471467452388,-5.916128631275097,120.0,-2.0536418948520234,mean
323,B0,15,FILUSDT,2026-04-06 22:59:00+00:00,2026-04-06 23:01:00+00:00,2026-04-07 01:31:00+00:00,10226.109345643155,10190.228260219845,10190.228260219845,10214.148983835385,23.920723615539565,4.080875448811046,0.26947986871980534,19.83984816672852,20.109328035448325,150.0,-3.042187408449953,mean
321,B0,15,NEARUSDT,2026-04-06 21:44:00+00:00,2026-04-06 21:46:00+00:00,2026-04-07 02:01:00+00:00,10236.802113505248,10244.965432575029,10244.965432575029,10073.53573210963,-171.42970046539813,4.063700232936932,-0.6932375419302577,-175.49340069833505,-176.1866382402653,255.0,-2.0023834995326077,timeout
324,B0,15,AVAXUSDT,2026-04-07 00:59:00+00:00,2026-04-07 01:01:00+00:00,2026-04-07 04:01:00+00:00,10227.102550938602,10213.181812439138,10213.181812439138,10061.21375048667,-151.96806195246813,4.054879112585162,0.0,-156.0229410650533,-156.0229410650533,180.0,-3.4290358657903033,mean
325,B0,15,BNBUSDT,2026-04-07 09:44:00+00:00,2026-04-07 09:46:00+00:00,2026-04-07 10:31:00+00:00,10205.000475515133,10201.297584082347,10201.297584082347,10128.417948155213,72.87963592713454,4.065943106447512,0.0,68.81369282068702,68.81369282068702,45.0,2.3411809629516007,mean
326,B0,15,AAVEUSDT,2026-04-07 10:29:00+00:00,2026-04-07 10:31:00+00:00,2026-04-07 11:31:00+00:00,10211.76461798697,10194.72039085113,10194.72039085113,9842.473030043744,-352.2473608073834,4.007438684178974,0.0,-356.2547994915624,-356.2547994915624,60.0,-2.6481545049131956,stop
329,B0,15,BNBUSDT,2026-04-07 12:14:00+00:00,2026-04-07 12:16:00+00:00,2026-04-07 13:01:00+00:00,10172.921109542302,10163.676423400546,10163.676423400546,10246.365005001788,82.68858160124151,4.082008285680466,0.0,78.60657331556104,78.60657331556104,45.0,-2.4167009020333943,mean
328,B0,15,AAVEUSDT,2026-04-07 11:44:00+00:00,2026-04-07 11:46:00+00:00,2026-04-07 13:31:00+00:00,10175.177227448716,10165.814285440481,10165.814285440481,10254.762234518708,88.94794907822724,4.0841153039918385,0.0,84.8638337742354,84.8638337742354,105.0,-6.179049949724551,mean
327,B0,15,TRXUSDT,2026-04-07 11:14:00+00:00,2026-04-07 11:16:00+00:00,2026-04-07 14:16:00+00:00,10187.361519675585,10192.548402231349,10192.548402231349,10176.339394244595,-16.209007986755125,4.0737775592951895,0.0,-20.282785546050317,-20.282785546050317,180.0,-2.167107492245858,mean
330,B0,15,DOTUSDT,2026-04-07 14:14:00+00:00,2026-04-07 14:16:00+00:00,2026-04-07 15:31:00+00:00,10190.74623577433,10199.168340101416,10199.168340101416,10300.23359202645,101.06525192503476,4.099880386425573,0.0,96.96537153860919,96.96537153860919,75.0,-2.2822767170972305,mean
331,B0,15,FILUSDT,2026-04-07 15:14:00+00:00,2026-04-07 15:16:00+00:00,2026-04-07 16:46:00+00:00,10193.739985366452,10254.272883141788,10254.272883141788,10302.699201362057,48.42631822026823,4.111394416900769,-0.24748875255445807,44.314923803367456,44.067435050812996,90.0,-2.597105828013462,mean
334,B0,15,SOLUSDT,2026-04-07 17:59:00+00:00,2026-04-07 18:01:00+00:00,2026-04-07 21:16:00+00:00,10203.744960413955,10208.844920409161,10208.844920409161,10547.992260090547,-339.14733968138484,4.1513674360999415,0.0,-343.2987071174848,-343.2987071174848,195.0,2.000065863907413,stop
332,B0,15,BNBUSDT,2026-04-07 17:44:00+00:00,2026-04-07 17:46:00+00:00,2026-04-07 22:01:00+00:00,10204.67840766136,10204.341207832935,10204.341207832935,10335.511941090717,-131.17073325778196,4.107970629784731,0.0,-135.27870388756668,-135.27870388756668,255.0,2.374046755972023,timeout
333,B0,15,DOGEUSDT,2026-04-07 17:44:00+00:00,2026-04-07 17:46:00+00:00,2026-04-07 22:01:00+00:00,10204.67840766136,10215.82984292271,10215.82984292271,10366.374218950936,-150.5443760282251,4.116440812374729,0.0,-154.6608168405998,-154.6608168405998,255.0,2.004845463960461,timeout
335,B0,15,NEARUSDT,2026-04-07 21:29:00+00:00,2026-04-07 21:31:00+00:00,2026-04-07 23:01:00+00:00,10152.298520937948,10175.981954501565,10175.981954501565,10515.44450224677,-339.4625477452047,4.138285291349668,0.0,-343.6008330365543,-343.6008330365543,90.0,3.8275697201829795,stop
336,B0,15,DOTUSDT,2026-04-07 22:14:00+00:00,2026-04-07 22:16:00+00:00,2026-04-07 23:01:00+00:00,10128.519900670442,10104.836689679008,10104.836689679008,10365.352010584795,-260.51532090578627,4.0940377400527606,0.0,-264.60935864583905,-264.60935864583905,45.0,5.556499816581393,stop
337,B0,15,ADAUSDT,2026-04-07 22:14:00+00:00,2026-04-07 22:16:00+00:00,2026-04-07 23:01:00+00:00,10128.519900670442,10128.519900670442,10128.519900670442,10498.493329877965,-369.9734292075233,4.1254026461096815,0.0,-374.098831853633,-374.098831853633,45.0,3.92134473694785,stop
340,B0,15,ADAUSDT,2026-04-07 23:14:00+00:00,2026-04-07 23:16:00+00:00,2026-04-08 01:01:00+00:00,10043.12368252319,10054.549306735391,10054.549306735391,9902.207650572733,152.34165616265756,3.991351391461625,1.0005038268482527,148.35030477119594,149.35080859804418,105.0,7.015102285178804,mean
338,B0,15,HBARUSDT,2026-04-07 23:14:00+00:00,2026-04-07 23:16:00+00:00,2026-04-08 03:01:00+00:00,10043.12368252319,10059.473460604137,10059.473460604137,10167.381995938389,-107.90853533425229,4.045371091308505,1.0010424126361295,-111.9539064255608,-110.95286401292468,225.0,8.094702025445894,mean
339,B0,15,SUIUSDT,2026-04-07 23:14:00+00:00,2026-04-07 23:16:00+00:00,2026-04-08 03:01:00+00:00,10043.12368252319,10037.883609642817,10037.883609642817,10121.724775728786,-83.84116608597056,4.031921677074321,1.0056822385848518,-87.87308776304488,-86.86740552446003,225.0,7.555805768789317,mean
341,B0,15,TRXUSDT,2026-04-08 04:59:00+00:00,2026-04-08 05:01:00+00:00,2026-04-08 06:16:00+00:00,10038.276736429256,10039.863615043254,10039.863615043254,10028.120713299666,11.7429017435872,4.013596865668584,0.0,7.729304877918617,7.729304877918617,75.0,2.2157098215431295,mean
342,B0,15,NEARUSDT,2026-04-08 05:44:00+00:00,2026-04-08 05:46:00+00:00,2026-04-08 09:01:00+00:00,10038.964591180795,10023.834275293559,10023.834275293559,10334.005750981889,-310.17147568833013,4.07156800525509,0.47353047025963396,-314.24304369358526,-313.76951322332565,195.0,2.4116181333256157,stop
344,B0,15,NEARUSDT,2026-04-08 09:14:00+00:00,2026-04-08 09:16:00+00:00,2026-04-08 10:46:00+00:00,9992.987202542066,9992.987202542066,9992.987202542066,9978.334728638045,14.652473904020637,3.9942643862360225,0.0,10.658209517784613,10.658209517784613,90.0,2.1030408956551887,mean
343,B0,15,HBARUSDT,2026-04-08 07:44:00+00:00,2026-04-08 07:46:00+00:00,2026-04-08 11:01:00+00:00,10028.257969110477,10030.437551368486,10030.437551368486,9997.743817498316,-32.693733870170504,4.00563627377336,-0.9966139874757152,-36.69937014394386,-37.69598413141957,195.0,-2.0338627228920227,mean
346,B0,15,BTCUSDT,2026-04-08 13:14:00+00:00,2026-04-08 13:16:00+00:00,2026-04-08 13:46:00+00:00,10004.20192830501,10005.511191214691,10005.511191214691,9881.46197595114,124.04921526355072,3.9773946334331667,0.0,120.07182063011756,120.07182063011756,30.0,2.2494612036439268,mean
345,B0,15,TRXUSDT,2026-04-08 11:59:00+00:00,2026-04-08 12:01:00+00:00,2026-04-08 14:01:00+00:00,10004.968938133352,10007.803206954353,10007.803206954353,9999.930238007128,7.872968947225742,4.001546688992296,0.0,3.871422258233445,3.871422258233445,120.0,2.7988818737958217,mean
348,B0,15,BNBUSDT,2026-04-08 14:44:00+00:00,2026-04-08 14:46:00+00:00,2026-04-08 16:16:00+00:00,10017.363262422186,10020.016780719572,10020.016780719572,10056.668502202228,36.651721482655205,4.015337056584361,-0.41261016104509846,32.63638442607085,32.223774265025746,90.0,-2.626525129870346,mean
347,B0,15,XRPUSDT,2026-04-08 14:44:00+00:00,2026-04-08 14:46:00+00:00,2026-04-08 16:46:00+00:00,10017.363262422186,10019.58342271971,10019.58342271971,10032.904384504845,13.32096178513442,4.010497561444911,-0.7687858590139683,9.31046422368951,8.54167836467554,120.0,-2.7900070454766306,mean
349,B0,15,SOLUSDT,2026-04-08 14:44:00+00:00,2026-04-08 14:46:00+00:00,2026-04-08 16:46:00+00:00,10017.363262422186,10017.363262422186,10017.363262422186,10071.7725981867,54.40933576451434,4.017827172121778,-1.0071950771833982,50.391508592392555,49.38431351520916,120.0,-2.2053755069055754,mean
350,B0,15,LINKUSDT,2026-04-09 00:29:00+00:00,2026-04-09 00:31:00+00:00,2026-04-09 02:46:00+00:00,10026.37823903668,10019.529620020945,10019.529620020945,9996.700889968492,-22.828730052452997,4.003246101997887,0.0,-26.831976154450885,-26.831976154450885,135.0,-2.050517836397705,mean
351,B0,15,DOGEUSDT,2026-04-09 01:29:00+00:00,2026-04-09 01:31:00+00:00,2026-04-09 02:46:00+00:00,10016.247350871461,10016.247350871461,10016.247350871461,10072.240841487974,55.993490616512226,4.017697638471887,0.0,51.975792978040346,51.975792978040346,75.0,-2.1367737558423987,mean
352,B0,15,BCHUSDT,2026-04-09 07:14:00+00:00,2026-04-09 07:16:00+00:00,2026-04-09 09:16:00+00:00,10028.892620719038,10027.765652225868,10027.765652225868,9972.544196060542,55.221456165325385,4.000061969657282,0.15291882250664132,51.221394195668104,51.374313018174746,120.0,2.1494157844016075,mean
353,B0,15,TRXUSDT,2026-04-09 12:44:00+00:00,2026-04-09 12:46:00+00:00,2026-04-09 15:31:00+00:00,10034.030052020857,10035.60584667693,10035.60584667693,10030.878462708708,4.727383968223389,4.013296861877127,0.0,0.7140871063462617,0.7140871063462617,165.0,2.560906525650749,mean
355,B0,15,NEARUSDT,2026-04-09 15:14:00+00:00,2026-04-09 15:16:00+00:00,2026-04-09 17:31:00+00:00,10036.491257265136,10073.471696680263,10073.471696680263,9999.51081785001,73.96087883025162,4.014596502906055,1.0206601278574714,69.94628232734557,70.96694245520304,135.0,2.142772707869849,mean
356,B0,15,LTCUSDT,2026-04-09 15:44:00+00:00,2026-04-09 15:46:00+00:00,2026-04-09 18:01:00+00:00,10027.893975699624,10026.063399946484,10026.063399946484,9989.451884883689,36.61151506279579,4.003103056966035,-0.25168706847918315,32.60841200582975,32.35672493735056,135.0,3.860498955682398,mean
354,B0,15,BCHUSDT,2026-04-09 13:59:00+00:00,2026-04-09 14:01:00+00:00,2026-04-09 18:16:00+00:00,10034.680269018205,10031.45183000255,10031.45183000255,10203.48150897963,172.02967897707958,4.046986667796436,0.12262577675274051,167.98269230928315,168.10531808603588,255.0,-2.883136524071618,timeout
357,B0,15,SOLUSDT,2026-04-09 17:44:00+00:00,2026-04-09 17:46:00+00:00,2026-04-09 18:31:00+00:00,10064.857870646658,10068.436274724869,10068.436274724869,10006.410604035887,62.025670688981066,4.014969375752151,0.0,58.010701313228914,58.010701313228914,45.0,2.3293891750878593,mean
358,B0,15,TRXUSDT,2026-04-09 20:44:00+00:00,2026-04-09 20:46:00+00:00,2026-04-09 21:46:00+00:00,10067.045429410673,10067.35976917928,10067.35976917928,10048.185043294246,19.174725885032487,4.023108962494705,0.0,15.15161692253778,15.15161692253778,60.0,2.1367088068636173,mean
359,B0,15,DOTUSDT,2026-04-09 22:29:00+00:00,2026-04-09 22:31:00+00:00,2026-04-09 23:31:00+00:00,10068.560591102927,10068.560591102927,10068.560591102927,9804.590837778132,263.96975332479525,3.974630285776212,0.0,259.995123039019,259.995123039019,60.0,2.512610431087612,mean
360,B0,15,AVAXUSDT,2026-04-09 22:29:00+00:00,2026-04-09 22:31:00+00:00,2026-04-09 23:46:00+00:00,10068.560591102927,10075.939915167184,10075.939915167184,9870.373030520019,205.56688464716507,3.989262589137441,0.0,201.57762205802763,201.57762205802763,75.0,2.001723694786934,mean
362,B0,15,BNBUSDT,2026-04-09 23:44:00+00:00,2026-04-09 23:46:00+00:00,2026-04-10 01:16:00+00:00,10114.28275958202,10112.773690686672,10112.773690686672,10133.062283613008,20.288592926335127,4.049167194859936,-0.5686840584676972,16.23942573147519,15.670741673007493,90.0,-2.024814014062401,mean
361,B0,15,DOGEUSDT,2026-04-09 23:44:00+00:00,2026-04-09 23:46:00+00:00,2026-04-10 01:46:00+00:00,10114.28275958202,10100.068091919904,10100.068091919904,10109.909015685986,9.840923766080541,4.041995421521178,-1.0120843375426074,5.798928344559363,4.7868440070167555,120.0,-2.455581161909617,mean
363,B0,15,BCHUSDT,2026-04-10 07:59:00+00:00,2026-04-10 08:01:00+00:00,2026-04-10 09:31:00+00:00,10116.763624180632,10116.763624180632,10116.763624180632,10153.34893128325,36.58530710261893,4.054022511092777,0.0,32.531284591526145,32.531284591526145,90.0,-2.087205860255901,mean
366,B0,15,LTCUSDT,2026-04-10 15:14:00+00:00,2026-04-10 15:16:00+00:00,2026-04-10 16:01:00+00:00,10116.18344020612,10114.356424955948,10114.356424955948,10035.794769198523,78.56165575742511,4.030030238830895,0.8465541657502907,74.53162551859423,75.37817968434452,45.0,2.0625222491698403,mean
365,B0,15,DOGEUSDT,2026-04-10 14:29:00+00:00,2026-04-10 14:31:00+00:00,2026-04-10 16:46:00+00:00,10120.227932520396,10131.014788129563,10131.014788129563,10099.73290686298,31.28188126658389,4.04614953899851,0.39578005532115196,27.23573172758538,27.631511782906532,135.0,2.1814496879261274,mean
364,B0,15,TRXUSDT,2026-04-10 12:44:00+00:00,2026-04-10 12:46:00+00:00,2026-04-10 17:01:00+00:00,10120.016752639785,10117.471956825959,10117.471956825959,10099.022187175706,-18.449769650252495,4.043298828800333,1.0059471893125678,-22.493068479052827,-21.48712128974026,255.0,-2.1840780952256473,timeout
367,B0,15,DOGEUSDT,2026-04-10 19:14:00+00:00,2026-04-10 19:16:00+00:00,2026-04-10 21:16:00+00:00,10128.169009657535,10115.398385709243,10115.398385709243,10018.554487434698,96.8438982745434,4.026790574628788,0.0,92.81710769991462,92.81710769991462,120.0,2.3178258726639163,mean
368,B0,15,AAVEUSDT,2026-04-10 20:14:00+00:00,2026-04-10 20:16:00+00:00,2026-04-10 21:31:00+00:00,10129.350185950887,10126.155815031318,10126.155815031318,10027.130316524703,99.02549850661464,4.030657226311204,0.0,94.99484128030343,94.99484128030343,75.0,2.1124859776980407,mean
369,B0,15,TRXUSDT,2026-04-10 22:44:00+00:00,2026-04-10 22:46:00+00:00,2026-04-11 00:16:00+00:00,10146.950204555556,10146.950204555556,10146.950204555556,10145.358276377874,1.5919281776834704,4.058461696186686,-0.6599219690720377,-2.4665335185032156,-3.126455487575253,90.0,2.342240675192926,mean
370,B0,15,TRXUSDT,2026-04-11 03:59:00+00:00,2026-04-11 04:01:00+00:00,2026-04-11 05:31:00+00:00,10146.6375590068,10146.31798993625,10146.31798993625,10176.677051638422,30.359061702171662,4.064599008314934,0.0,26.29446269385673,26.29446269385673,90.0,-2.081730510580037,mean
372,B0,15,FILUSDT,2026-04-11 17:44:00+00:00,2026-04-11 17:46:00+00:00,2026-04-11 18:16:00+00:00,10127.812700585439,10116.69545283507,10116.69545283507,10049.991966332862,66.70348650220932,4.033337483833586,0.0,62.670149018375724,62.670149018375724,30.0,2.0103619546933094,mean
371,B0,15,NEARUSDT,2026-04-11 16:14:00+00:00,2026-04-11 16:16:00+00:00,2026-04-11 20:01:00+00:00,10149.267005276186,10156.594995893713,10156.594995893713,10303.154808244271,-146.55981235055876,4.091949960827597,0.0,-150.65176231138636,-150.65176231138636,225.0,2.4770645664990267,mean
373,B0,15,TRXUSDT,2026-04-11 18:14:00+00:00,2026-04-11 18:16:00+00:00,2026-04-11 20:31:00+00:00,10144.186028842672,10143.551382569596,10143.551382569596,10140.695474340755,2.8559082288401756,4.05684937138207,0.0,-1.2009411425418945,-1.2009411425418945,135.0,2.1870027385310835,mean
374,B0,15,LTCUSDT,2026-04-11 18:44:00+00:00,2026-04-11 18:46:00+00:00,2026-04-11 20:46:00+00:00,10136.135750424475,10128.826476402175,10128.826476402175,10095.934743301827,32.89173310034979,4.0449522439408,0.0,28.846780856408987,28.846780856408987,120.0,3.0259389133760903,mean
375,B0,15,ETHUSDT,2026-04-11 20:14:00+00:00,2026-04-11 20:16:00+00:00,2026-04-11 21:01:00+00:00,10138.3947394524,10135.53725614401,10135.53725614401,10093.554232151499,41.98302399251051,4.0458182976591015,0.0,37.93720569485141,37.93720569485141,45.0,2.3593526666337916,mean
376,B0,15,FILUSDT,2026-04-12 00:14:00+00:00,2026-04-12 00:16:00+00:00,2026-04-12 02:01:00+00:00,10147.027148487758,10124.377534317025,10124.377534317025,9795.958128841417,-328.4194054756085,3.9840671326316888,0.0,-332.4034726082402,-332.4034726082402,105.0,-2.023659313885522,stop
377,B0,15,BCHUSDT,2026-04-12 01:44:00+00:00,2026-04-12 01:46:00+00:00,2026-04-12 04:01:00+00:00,10119.645123932192,10110.181541649974,10110.181541649974,10087.468944172653,-22.712597477321435,4.039530097164525,0.0,-26.75212757448596,-26.75212757448596,135.0,-4.512974093215666,mean
379,B0,15,AAVEUSDT,2026-04-12 02:14:00+00:00,2026-04-12 02:16:00+00:00,2026-04-12 04:16:00+00:00,10107.838204467756,10145.930257111506,10145.930257111506,10039.496580606914,-106.4336765045932,4.037085367543684,0.0,-110.47076187213688,-110.47076187213688,120.0,-3.5296071248754615,mean
378,B0,15,BNBUSDT,2026-04-12 01:44:00+00:00,2026-04-12 01:46:00+00:00,2026-04-12 05:01:00+00:00,10119.645123932192,10108.775472886078,10108.775472886078,10104.0200005534,-4.755472332676369,4.0425590946878955,0.0,-8.798031427364265,-8.798031427364265,195.0,-4.2552355908788835,mean
380,B0,15,TRXUSDT,2026-04-12 09:59:00+00:00,2026-04-12 10:01:00+00:00,2026-04-12 12:46:00+00:00,10099.184709139536,10103.898227626018,10103.898227626018,10114.582202862048,-10.683975236029474,4.043696086097613,0.0,-14.727671322127087,-14.727671322127087,165.0,2.175203431384941,mean
381,B0,15,NEARUSDT,2026-04-13 01:44:00+00:00,2026-04-13 01:46:00+00:00,2026-04-13 02:46:00+00:00,10097.711942007323,10075.839641771927,10075.839641771927,9908.1520066339,167.68763513802708,3.996798329681165,0.0,163.69083680834592,163.69083680834592,60.0,2.465668633437369,mean
382,B0,15,TRXUSDT,2026-04-13 02:29:00+00:00,2026-04-13 02:31:00+00:00,2026-04-13 04:31:00+00:00,10100.426731912541,10097.274780989805,10097.274780989805,10097.589976082076,0.31519509227232245,4.038972951414376,0.0,-3.7237778591420536,-3.7237778591420536,120.0,-2.237918499512103,mean
383,B0,15,AAVEUSDT,2026-04-13 03:29:00+00:00,2026-04-13 03:31:00+00:00,2026-04-13 05:31:00+00:00,10113.721482646402,10129.80053110848,10129.80053110848,10508.194138249359,-378.39360714087775,4.1275989338715675,0.0,-382.52120607474933,-382.52120607474933,120.0,2.398932085545998,stop
384,B0,15,DOTUSDT,2026-04-13 04:59:00+00:00,2026-04-13 05:01:00+00:00,2026-04-13 07:16:00+00:00,10088.422736290782,10003.28836720816,10003.28836720816,10071.395862474257,68.10749526609817,4.014936845936484,0.0,64.09255842016168,64.09255842016168,135.0,-3.5906546182775774,mean
385,B0,15,AAVEUSDT,2026-04-13 06:14:00+00:00,2026-04-13 06:16:00+00:00,2026-04-13 07:31:00+00:00,10081.215867363208,10093.629883823787,10093.629883823787,9971.558721961412,122.07116186237567,4.0130377211570405,0.0,118.05812414121864,118.05812414121864,75.0,2.0924911729189755,mean
386,B0,15,TRXUSDT,2026-04-13 07:59:00+00:00,2026-04-13 08:01:00+00:00,2026-04-13 10:16:00+00:00,10093.671595550906,10095.554626132753,10095.554626132753,10102.772910029824,-7.218283897071789,4.039665507232515,0.0,-11.257949404304306,-11.257949404304306,135.0,2.1909340940514013,mean
387,B0,15,LTCUSDT,2026-04-13 08:44:00+00:00,2026-04-13 08:46:00+00:00,2026-04-13 12:16:00+00:00,10092.308482266246,10096.121937200034,10096.121937200034,10065.61429772974,-30.507639470293533,4.032347246985955,0.0,-34.53998671727949,-34.53998671727949,210.0,-2.301694017662739,mean
388,B0,15,TRXUSDT,2026-04-13 13:14:00+00:00,2026-04-13 13:16:00+00:00,2026-04-13 15:31:00+00:00,10089.091801938748,10087.831531899157,10087.831531899157,10089.091801938748,1.2602700395896367,4.03538466676758,0.0,-2.775114627177944,-2.775114627177944,135.0,-2.212058035150634,mean
389,B0,15,SOLUSDT,2026-04-13 13:59:00+00:00,2026-04-13 14:01:00+00:00,2026-04-13 15:31:00+00:00,10089.488673576916,10096.731666163834,10096.731666163834,9957.907641581238,138.82402458259764,4.010927861549014,0.0,134.81309672104862,134.81309672104862,90.0,2.522317940366393,mean
390,B0,15,UNIUSDT,2026-04-13 13:59:00+00:00,2026-04-13 14:01:00+00:00,2026-04-13 18:01:00+00:00,10089.488673576916,10102.604680952381,10102.604680952381,10115.720688327847,-13.116007375465616,4.043665073856046,0.5040273745674531,-17.15967244932166,-16.655645074754208,240.0,2.293598673200318,mean
391,B0,15,BNBUSDT,2026-04-13 16:14:00+00:00,2026-04-13 16:16:00+00:00,2026-04-13 18:01:00+00:00,10099.192849132494,10096.857929888716,10096.857929888716,10092.855211185093,4.0027187036230325,4.037942628214761,0.0,-0.03522392459172918,-0.03522392459172918,105.0,2.0539702248242024,mean
394,B0,15,BTCUSDT,2026-04-13 19:59:00+00:00,2026-04-13 20:01:00+00:00,2026-04-13 22:01:00+00:00,10089.113608765809,10092.170406870882,10092.170406870882,10080.28744847143,11.882958399452615,4.034491571068463,0.0,7.848466828384153,7.848466828384153,120.0,2.3781418891951263,mean
392,B0,15,FILUSDT,2026-04-13 19:44:00+00:00,2026-04-13 19:46:00+00:00,2026-04-13 22:31:00+00:00,10100.6265132482,10100.6265132482,10100.6265132482,10462.575055716223,-361.94854246802095,4.112640313792885,0.0,-366.06118278181384,-366.06118278181384,165.0,2.1663443704694414,stop
393,B0,15,LTCUSDT,2026-04-13 19:59:00+00:00,2026-04-13 20:01:00+00:00,2026-04-14 00:16:00+00:00,10089.113608765809,10079.71964823623,10079.71964823623,10211.23509565031,-131.51544741407997,4.058190948777308,0.6682943283250823,-135.57363836285728,-134.9053440345322,255.0,2.4785453813481952,timeout
395,B0,15,BCHUSDT,2026-04-13 22:14:00+00:00,2026-04-13 22:16:00+00:00,2026-04-14 00:31:00+00:00,10077.454200913926,10084.44531242136,10084.44531242136,10129.654500169423,-45.20918774806446,4.0428199625181565,0.9124515459662823,-49.25200771058262,-48.33955616461633,135.0,2.3788046498931106,mean
396,B0,15,ETHUSDT,2026-04-13 22:44:00+00:00,2026-04-13 22:46:00+00:00,2026-04-14 01:31:00+00:00,10037.601800898417,10035.588557787607,10035.588557787607,10114.918903345464,-79.33034555785744,4.030101492226614,1.0146788113439984,-83.36044705008406,-82.34576823874006,165.0,4.487322548085578,mean
397,B0,15,DOGEUSDT,2026-04-14 09:14:00+00:00,2026-04-14 09:16:00+00:00,2026-04-14 11:01:00+00:00,10038.24617480907,10031.884130122384,10031.884130122384,10002.194588251185,29.68954187120064,4.006815743674714,0.0,25.682726127525925,25.682726127525925,105.0,2.358756567361107,mean
399,B0,15,XRPUSDT,2026-04-14 13:59:00+00:00,2026-04-14 14:01:00+00:00,2026-04-14 15:01:00+00:00,10040.81444742182,10037.929777610021,10037.929777610021,9887.926947396436,150.0028302135841,3.985171345001291,0.0,146.0176588685828,146.0176588685828,60.0,2.546601737618492,mean
398,B0,15,DOGEUSDT,2026-04-14 13:59:00+00:00,2026-04-14 14:01:00+00:00,2026-04-14 16:01:00+00:00,10040.81444742182,10104.966394633295,10104.966394633295,9875.261035263175,229.70535937011994,3.9960454859792938,0.9869052782307227,225.70931388414064,226.69621916237136,120.0,4.385191125255404,mean
400,B0,15,BTCUSDT,2026-04-14 13:59:00+00:00,2026-04-14 14:01:00+00:00,2026-04-14 16:31:00+00:00,10040.81444742182,10033.244376427081,10033.244376427081,10002.964092448115,30.280283978965024,4.007241693775039,-0.5241693125653296,26.273042285189987,25.748872972624657,150.0,2.487036767936928,mean
401,B0,15,BNBUSDT,2026-04-14 15:44:00+00:00,2026-04-14 15:46:00+00:00,2026-04-14 17:16:00+00:00,10075.806059996543,10070.8072604789,10070.8072604789,10006.790376333609,64.01688414529151,4.0155195273625015,0.3046189085273754,60.00136461792901,60.30598352645639,90.0,2.2704470732743443,mean
404,B0,15,FILUSDT,2026-04-14 18:59:00+00:00,2026-04-14 19:01:00+00:00,2026-04-14 20:46:00+00:00,10075.337773281306,10052.439278342032,10052.439278342032,10109.68551569022,57.2462373481893,4.03242495880645,0.0,53.213812389382845,53.213812389382845,105.0,-2.1888041396677407,mean
403,B0,15,TRXUSDT,2026-04-14 18:44:00+00:00,2026-04-14 18:46:00+00:00,2026-04-14 21:01:00+00:00,10083.805556704847,10088.175164164111,10088.175164164111,10090.67208271226,-2.4969185481492975,4.035769449375274,0.0,-6.5326879975245715,-6.5326879975245715,135.0,2.168186537846375,mean
402,B0,15,DOGEUSDT,2026-04-14 18:29:00+00:00,2026-04-14 18:31:00+00:00,2026-04-14 21:16:00+00:00,10086.691320874825,10099.573429841457,10099.573429841457,9967.531812933456,-132.04161690800322,4.013421048554982,0.0,-136.0550379565582,-136.0550379565582,165.0,-2.3150227934919303,mean
405,B0,15,TRXUSDT,2026-04-15 01:29:00+00:00,2026-04-15 01:31:00+00:00,2026-04-15 02:16:00+00:00,10077.753929518354,10078.06424340952,10078.06424340952,10049.205051531051,28.859191878470046,4.025453858988115,0.0,24.83373801948193,24.83373801948193,45.0,2.184481941396759,mean
406,B0,15,XLMUSDT,2026-04-15 02:14:00+00:00,2026-04-15 02:16:00+00:00,2026-04-15 03:01:00+00:00,10080.127973530167,10064.099274933407,10064.099274933407,9962.156751858016,101.94252307539146,4.0052512053582845,0.0,97.93727187003317,97.93727187003317,45.0,2.6275552172586196,mean
407,B0,15,TRXUSDT,2026-04-15 09:29:00+00:00,2026-04-15 09:31:00+00:00,2026-04-15 10:46:00+00:00,10090.031030507307,10090.344628985333,10090.344628985333,10117.941295051678,27.59666606634452,4.041657184807402,0.0,23.555008881537116,23.555008881537116,75.0,-2.1428316262703606,mean
408,B0,15,NEARUSDT,2026-04-15 11:44:00+00:00,2026-04-15 11:46:00+00:00,2026-04-15 14:01:00+00:00,10092.38653139546,10099.705158321778,10099.705158321778,10114.34241217442,-14.637253852640274,4.04280951409924,0.0,-18.680063366739514,-18.680063366739514,135.0,2.3595696239299877,mean
409,B0,15,TRXUSDT,2026-04-15 12:14:00+00:00,2026-04-15 12:16:00+00:00,2026-04-15 14:31:00+00:00,10089.988949214398,10097.724297994842,10097.724297994842,10113.504409506953,-15.780111512111157,4.042245741500359,0.0,-19.822357253611514,-19.822357253611514,135.0,6.364808554770297,mean
410,B0,15,LTCUSDT,2026-04-15 13:29:00+00:00,2026-04-15 13:31:00+00:00,2026-04-15 16:46:00+00:00,10081.642429948368,10077.97637815566,10077.97637815566,10094.473611222847,-16.497233067188866,4.034489997875701,0.5999484021117082,-20.53172306506457,-19.93177466295286,195.0,2.4469547448647577,mean
411,B0,15,AAVEUSDT,2026-04-15 14:14:00+00:00,2026-04-15 14:16:00+00:00,2026-04-15 17:16:00+00:00,10092.204951226971,10093.161558331352,10093.161558331352,10144.818341967964,-51.65678363661122,4.047595980059864,0.7343315706226862,-55.70437961667109,-54.970048046048404,180.0,3.0198147757115863,mean
412,B0,15,XRPUSDT,2026-04-15 15:14:00+00:00,2026-04-15 15:16:00+00:00,2026-04-15 17:46:00+00:00,10069.0574215702,10073.428304548743,10073.428304548743,10020.977708806226,52.45059574251656,4.018881202670993,0.7012406874740339,48.43171453984557,49.132955227319606,150.0,2.546943174741188,mean
413,B0,15,ADAUSDT,2026-04-15 17:14:00+00:00,2026-04-15 17:16:00+00:00,2026-04-15 18:31:00+00:00,10082.450974161857,10082.450974161857,10082.450974161857,10053.73772891404,28.71324524781563,4.027237740615179,0.0,24.68600750720045,24.68600750720045,75.0,2.0627513767972605,mean
415,B0,15,BCHUSDT,2026-04-15 19:44:00+00:00,2026-04-15 19:46:00+00:00,2026-04-15 20:46:00+00:00,10088.428003335976,10075.88899765964,10075.88899765964,10033.940324124267,41.94867353537308,4.0219658643567815,0.0,37.9267076710163,37.9267076710163,60.0,2.8438323038855886,mean
414,B0,15,XRPUSDT,2026-04-15 19:44:00+00:00,2026-04-15 19:46:00+00:00,2026-04-15 21:01:00+00:00,10088.428003335976,10071.868351317939,10071.868351317939,9994.829970190553,77.0383811273867,4.013339664301698,0.0,73.02504146308499,73.02504146308499,75.0,3.145723928164849,mean
416,B0,15,BTCUSDT,2026-04-15 19:44:00+00:00,2026-04-15 19:46:00+00:00,2026-04-15 21:31:00+00:00,10088.428003335976,10072.816424723538,10072.816424723538,10032.584001632747,40.23242309079039,4.021080085271257,0.0,36.21134300551913,36.21134300551913,105.0,2.558743346201017,mean
417,B0,15,FILUSDT,2026-04-16 02:44:00+00:00,2026-04-16 02:46:00+00:00,2026-04-16 04:46:00+00:00,10103.144312549937,10081.48698283386,10081.48698283386,10482.147582581285,-400.66059974742427,4.112726913083029,0.0,-404.7733266605073,-404.7733266605073,120.0,2.7197941815889437,stop
419,B0,15,XLMUSDT,2026-04-16 02:44:00+00:00,2026-04-16 02:46:00+00:00,2026-04-16 05:01:00+00:00,10103.144312549937,10099.351129027298,10099.351129027298,10084.810592190513,14.54053683678472,4.036832344243562,0.0,10.503704492541155,10.503704492541155,135.0,2.3934118378810463,mean
418,B0,15,DOGEUSDT,2026-04-16 02:44:00+00:00,2026-04-16 02:46:00+00:00,2026-04-16 05:16:00+00:00,10103.144312549937,10092.661697575308,10092.661697575308,10082.179082600675,10.482614974631902,4.034968156035196,0.0,6.447646818596706,6.447646818596706,150.0,2.5062569730781674,mean
421,B0,15,DOTUSDT,2026-04-16 05:44:00+00:00,2026-04-16 05:46:00+00:00,2026-04-16 07:31:00+00:00,10050.614555845343,10050.614555845343,10050.614555845343,10360.617277535377,-310.0027216900352,4.082246366676144,0.0,-314.0849680567113,-314.0849680567113,105.0,2.8871147813620017,stop
420,B0,15,FILUSDT,2026-04-16 04:59:00+00:00,2026-04-16 05:01:00+00:00,2026-04-16 08:31:00+00:00,10055.783911466446,10045.363410003785,10045.363410003785,10159.988926093041,-114.62551608925493,4.041070467219365,1.0232932436331659,-118.6665865564743,-117.64329331284114,210.0,3.990536758293336,mean
422,B0,15,DOTUSDT,2026-04-16 07:44:00+00:00,2026-04-16 07:46:00+00:00,2026-04-16 09:16:00+00:00,10010.869657869545,10018.7522324033,10018.7522324033,9916.27876346448,102.47346893882133,3.987006199173556,1.0017158691135555,98.48646273964776,99.48817860876132,90.0,3.368979952121574,mean
423,B0,15,NEARUSDT,2026-04-16 10:14:00+00:00,2026-04-16 10:16:00+00:00,2026-04-16 11:46:00+00:00,10031.138106738921,10031.138106738921,10031.138106738921,10059.798501329604,28.66039459068266,4.018187321613706,0.0,24.642207269068955,24.642207269068955,90.0,-2.083047505741854,mean
425,B0,15,UNIUSDT,2026-04-16 13:14:00+00:00,2026-04-16 13:16:00+00:00,2026-04-16 14:16:00+00:00,10027.358324057586,10024.350718081565,10024.350718081565,9816.825905736041,207.5248123455241,3.9682353247635214,0.0,203.5565770207606,203.5565770207606,60.0,3.181919802317189,mean
426,B0,15,DOTUSDT,2026-04-16 13:14:00+00:00,2026-04-16 13:16:00+00:00,2026-04-16 14:16:00+00:00,10027.358324057586,9996.40968725494,9996.40968725494,9841.666503241704,154.7431840132345,3.967615238099329,0.0,150.77556877513516,150.77556877513516,60.0,2.3536370596928937,mean
424,B0,15,FILUSDT,2026-04-16 12:14:00+00:00,2026-04-16 12:16:00+00:00,2026-04-16 15:16:00+00:00,10033.60232746583,9983.232837870117,9983.232837870117,9912.71555243612,70.51728543399685,3.9791896780612475,0.0,66.5380957559356,66.5380957559356,180.0,2.7474796798691887,mean
427,B0,15,LTCUSDT,2026-04-16 14:29:00+00:00,2026-04-16 14:31:00+00:00,2026-04-16 15:16:00+00:00,10085.961503851204,10100.685535243689,10100.685535243689,10165.103172585803,64.4176373421143,4.053157741565899,0.0,60.36447960054841,60.36447960054841,45.0,-2.295674115779937,mean
428,B0,15,NEARUSDT,2026-04-16 14:29:00+00:00,2026-04-16 14:31:00+00:00,2026-04-16 15:16:00+00:00,10085.961503851204,10107.983253859611,10107.983253859611,10232.773170573926,124.78991671431548,4.068151284886707,0.0,120.72176542942877,120.72176542942877,45.0,-2.2101842150456648,mean
430,B0,15,DOTUSDT,2026-04-16 15:44:00+00:00,2026-04-16 15:46:00+00:00,2026-04-16 16:46:00+00:00,10093.79797612401,10101.468035376382,10101.468035376382,9917.38661331941,184.08142205697297,4.003770929739158,1.0175330936078522,180.07765112723382,181.09518422084167,60.0,2.6134041669239867,mean
429,B0,15,UNIUSDT,2026-04-16 15:44:00+00:00,2026-04-16 15:46:00+00:00,2026-04-16 17:01:00+00:00,10093.79797612401,10117.709845774287,10117.709845774287,9974.238627872615,143.47121790167262,4.018389694729381,0.5952653111764474,139.45282820694325,140.04809351811969,75.0,3.320229075201764,mean
431,B0,15,SOLUSDT,2026-04-16 15:44:00+00:00,2026-04-16 15:46:00+00:00,2026-04-16 17:01:00+00:00,10093.79797612401,10112.427664394627,10112.427664394627,10007.635667872404,104.79199652222313,4.024012666453406,0.736416324280243,100.76798385576971,101.50440018004996,75.0,2.400085976511705,mean
433,B0,15,AAVEUSDT,2026-04-16 17:44:00+00:00,2026-04-16 17:46:00+00:00,2026-04-16 19:01:00+00:00,10136.06274391591,10094.316939795566,10094.316939795566,10404.687918255522,-310.3709784599555,4.099800971610218,0.0,-314.47077943156575,-314.47077943156575,75.0,2.313546677201167,stop
434,B0,15,ADAUSDT,2026-04-16 18:44:00+00:00,2026-04-16 18:46:00+00:00,2026-04-16 20:46:00+00:00,10115.204391023492,10166.231809371691,10166.231809371691,10087.728088836002,78.5037205356888,4.050791979641538,0.0,74.45292855604727,74.45292855604727,120.0,2.7309131047104778,mean
432,B0,15,XLMUSDT,2026-04-16 17:44:00+00:00,2026-04-16 17:46:00+00:00,2026-04-16 21:31:00+00:00,10136.06274391591,10121.930260701187,10121.930260701187,10245.435874882025,-123.50561418083838,4.073473227116643,0.0,-127.57908740795503,-127.57908740795503,225.0,2.4302464896896234,mean
435,B0,15,SOLUSDT,2026-04-16 19:14:00+00:00,2026-04-16 19:16:00+00:00,2026-04-16 21:31:00+00:00,10095.15998174477,10092.888343585062,10092.888343585062,10089.480886345498,3.4074572395629454,4.036473845986112,0.0,-0.6290166064231664,-0.6290166064231664,135.0,4.076874559611165,mean
436,B0,15,SUIUSDT,2026-04-16 22:29:00+00:00,2026-04-16 22:31:00+00:00,2026-04-17 00:01:00+00:00,10099.240148426921,10099.240148426921,10099.240148426921,10006.127296855224,93.11285157169635,4.021073489056429,1.0013408521605442,89.09177808263992,90.09311893480046,90.0,2.0308282461408678,mean
437,B0,15,BCHUSDT,2026-04-16 23:14:00+00:00,2026-04-16 23:16:00+00:00,2026-04-17 01:46:00+00:00,10104.14435225853,10105.713318772856,10105.713318772856,10148.747828880081,-43.03451010722391,4.050892229530588,1.0190213372472978,-47.0854023367545,-46.0663809995072,150.0,2.0217412710007228,mean
438,B0,15,XRPUSDT,2026-04-17 01:29:00+00:00,2026-04-17 01:31:00+00:00,2026-04-17 03:46:00+00:00,10104.540625204801,10104.540625204801,10104.540625204801,10113.704143037216,9.163517832415096,4.043648953648404,0.0,5.119868878766692,5.119868878766692,135.0,-2.096323231934698,mean
439,B0,15,SUIUSDT,2026-04-17 02:29:00+00:00,2026-04-17 02:31:00+00:00,2026-04-17 04:16:00+00:00,10095.968939944592,10106.243689527277,10106.243689527277,10153.507537607618,47.263848080342456,4.051950245426979,0.0,43.21189783491548,43.21189783491548,105.0,-2.2805996135799145,mean
440,B0,15,DOGEUSDT,2026-04-17 02:29:00+00:00,2026-04-17 02:31:00+00:00,2026-04-17 04:46:00+00:00,10095.968939944592,10103.226259987683,10103.226259987683,10121.887940098486,18.661680110803275,4.045022840017234,0.0,14.616657270786042,14.616657270786042,135.0,-2.234659199251473,mean
442,B0,15,DOTUSDT,2026-04-17 07:44:00+00:00,2026-04-17 07:46:00+00:00,2026-04-17 09:01:00+00:00,10109.937664618898,10102.330488046575,10102.330488046575,10018.651545751007,83.67894229556741,4.024196406759517,1.0109937664618898,79.6547458888079,80.66573965526979,75.0,2.3057093386826653,mean
443,B0,15,FILUSDT,2026-04-17 07:44:00+00:00,2026-04-17 07:46:00+00:00,2026-04-17 09:16:00+00:00,10109.937664618898,10109.937664618898,10109.937664618898,9968.53993504381,141.3977295750885,4.0156955199325415,1.0160436853752859,137.38203405515594,138.39807774053122,90.0,2.2004250182370844,mean
441,B0,15,HBARUSDT,2026-04-17 07:44:00+00:00,2026-04-17 07:46:00+00:00,2026-04-17 10:16:00+00:00,10109.937664618898,10105.488847164721,10105.488847164721,10117.723095163708,-12.234247998988653,4.044642388465686,1.012339978623524,-16.27889038745434,-15.266550408830815,150.0,3.1855883744588227,mean
444,B0,15,BTCUSDT,2026-04-17 09:14:00+00:00,2026-04-17 09:16:00+00:00,2026-04-17 10:31:00+00:00,10130.932557595417,10127.461130557502,10127.461130557502,10035.641885404659,91.81924515284231,4.0326206031924325,0.0,87.78662454964989,87.78662454964989,75.0,2.5604578986226065,mean
445,B0,15,XRPUSDT,2026-04-17 09:29:00+00:00,2026-04-17 09:31:00+00:00,2026-04-17 10:31:00+00:00,10118.666348316672,10081.161510454835,10081.161510454835,9959.618054421104,121.54345603373083,4.008155912975187,0.0,117.53530012075565,117.53530012075565,60.0,3.0137960940648174,mean
446,B0,15,NEARUSDT,2026-04-17 10:44:00+00:00,2026-04-17 10:46:00+00:00,2026-04-17 15:01:00+00:00,10150.849583784635,10136.11685579656,10136.11685579656,10504.435055498469,368.3181997019102,4.128110382259006,0.0,364.1900893196512,364.1900893196512,255.0,-3.3642759543722653,timeout
447,B0,15,DOGEUSDT,2026-04-17 12:59:00+00:00,2026-04-17 13:01:00+00:00,2026-04-17 15:31:00+00:00,10172.009317030228,10168.959544098878,10168.959544098878,10240.12091249705,-71.16136839817332,4.081816091319186,0.0,-75.2431844894925,-75.2431844894925,150.0,2.1256248228264263,mean
448,B0,15,XRPUSDT,2026-04-17 13:14:00+00:00,2026-04-17 13:16:00+00:00,2026-04-17 15:46:00+00:00,10163.518369021811,10144.93538019784,10144.93538019784,10192.425240525767,-47.489860327928355,4.067472124144722,0.0,-51.55733245207308,-51.55733245207308,150.0,3.8915827999216193,mean
450,B0,15,UNIUSDT,2026-04-17 16:59:00+00:00,2026-04-17 17:01:00+00:00,2026-04-17 17:31:00+00:00,10175.059538200498,10155.136344699125,10155.136344699125,10032.751013190698,122.38533150842598,4.037577471577965,0.0,118.34775403684802,118.34775403684802,30.0,2.336559865906725,mean
449,B0,15,BTCUSDT,2026-04-17 15:14:00+00:00,2026-04-17 15:16:00+00:00,2026-04-17 19:31:00+00:00,10163.833522187,10175.92202894648,10175.92202894648,10104.893883824565,71.02814512191485,4.05616318255421,-1.0960373873835498,66.97198193936063,65.87594455197708,255.0,3.3523400849357223,timeout
452,B0,15,XLMUSDT,2026-04-17 18:14:00+00:00,2026-04-17 18:16:00+00:00,2026-04-17 19:31:00+00:00,10196.120784709256,10210.929535050145,10210.929535050145,10301.55908713639,90.6295520862441,4.102497724437308,0.0,86.5270543618068,86.5270543618068,75.0,-2.1309483482119274,mean
451,B0,15,HBARUSDT,2026-04-17 18:14:00+00:00,2026-04-17 18:16:00+00:00,2026-04-17 20:16:00+00:00,10196.120784709256,10189.352699223222,10189.352699223222,10260.417596826572,71.0648976033509,4.089954059209958,0.0,66.97494354414094,66.97494354414094,120.0,-2.983118791321334,mean
453,B0,15,BNBUSDT,2026-04-18 08:29:00+00:00,2026-04-18 08:31:00+00:00,2026-04-18 12:16:00+00:00,10208.361110671924,10201.166043635927,10201.166043635927,10146.963205298085,-54.202838337840554,4.069625849786803,0.0,-58.27246418762736,-58.27246418762736,225.0,-2.0156469873337817,mean
455,B0,15,XRPUSDT,2026-04-18 08:44:00+00:00,2026-04-18 08:46:00+00:00,2026-04-18 12:46:00+00:00,10203.951970394457,10206.066633002303,10206.066633002303,10122.185016224399,-83.8816167779043,4.06565032984534,0.0,-87.94726710774964,-87.94726710774964,240.0,-2.451341686462594,mean
454,B0,15,DOGEUSDT,2026-04-18 08:44:00+00:00,2026-04-18 08:46:00+00:00,2026-04-18 13:01:00+00:00,10203.951970394457,10219.745931756122,10219.745931756122,10112.346994496787,-107.39893725933625,4.066418585250583,0.0,-111.46535584458684,-111.46535584458684,255.0,-2.524502220134267,timeout
456,B0,15,TRXUSDT,2026-04-18 15:14:00+00:00,2026-04-18 15:16:00+00:00,2026-04-18 17:01:00+00:00,10182.592601957927,10182.901380579451,10182.901380579451,10172.711686069197,10.189694510252858,4.071122613329729,0.5709203544592094,6.118571896923129,6.6894922513823385,105.0,2.0149567201854146,mean
457,B0,15,AAVEUSDT,2026-04-18 18:44:00+00:00,2026-04-18 18:46:00+00:00,2026-04-18 21:01:00+00:00,10183.261551183063,10158.270725740873,10158.270725740873,10504.143749860765,345.87302411989134,4.132482895120328,0.0,341.740541224771,341.740541224771,135.0,-6.859139669784279,mean
458,B0,15,AAVEUSDT,2026-04-19 00:14:00+00:00,2026-04-19 00:16:00+00:00,2026-04-19 02:46:00+00:00,10217.43560530554,10207.126417932617,10207.126417932617,9877.23242199903,-329.8939959335865,4.016871767986329,0.0,-333.91086770157284,-333.91086770157284,150.0,-3.089600322895886,stop
459,B0,15,TRXUSDT,2026-04-19 01:59:00+00:00,2026-04-19 02:01:00+00:00,2026-04-19 03:46:00+00:00,10212.901604080553,10210.09303273467,10210.09303273467,10217.894619806568,7.801587071897384,4.085597530508247,0.0,3.715989541389136,3.715989541389136,105.0,-2.2243909651788756,mean
460,B0,15,AAVEUSDT,2026-04-19 02:59:00+00:00,2026-04-19 03:01:00+00:00,2026-04-19 06:16:00+00:00,10184.901332516507,10167.807194121431,10167.807194121431,9862.24947030944,-305.5577238119921,4.006011332886175,0.0,-309.56373514487825,-309.56373514487825,195.0,-2.23887410202746,stop
463,B0,15,LTCUSDT,2026-04-19 07:29:00+00:00,2026-04-19 07:31:00+00:00,2026-04-19 09:31:00+00:00,10152.94857701947,10162.190292454587,10162.190292454587,10180.67372332482,18.483430870234145,4.068572803155881,0.213603906537596,14.414858067078264,14.62846197361586,120.0,-2.333420284086263,mean
462,B0,15,XLMUSDT,2026-04-19 07:29:00+00:00,2026-04-19 07:31:00+00:00,2026-04-19 10:01:00+00:00,10152.94857701947,10166.899934246823,10166.899934246823,10148.70251177636,-18.197422470462833,4.063120489204637,-0.40215045693741375,-22.260542959667468,-22.66269341660488,150.0,-2.6261603554931896,mean
461,B0,15,TRXUSDT,2026-04-19 06:59:00+00:00,2026-04-19 07:01:00+00:00,2026-04-19 11:16:00+00:00,10153.459743975034,10152.843523804859,10152.843523804859,10166.092257463624,-13.248733658765811,4.063787156253697,0.4626880134553757,-17.312520815019507,-16.84983280156413,255.0,2.1781095309859193,timeout
464,B0,15,TRXUSDT,2026-04-19 11:29:00+00:00,2026-04-19 11:31:00+00:00,2026-04-19 13:31:00+00:00,10150.971337550578,10144.799221089599,10144.799221089599,10187.69543049341,42.89620940381032,4.066498930316602,0.0,38.82971047349371,38.82971047349371,120.0,-3.3841343528920773,mean
466,B0,15,XLMUSDT,2026-04-19 12:14:00+00:00,2026-04-19 12:16:00+00:00,2026-04-19 14:16:00+00:00,10150.975297065626,10137.285111078027,10137.285111078027,10140.856463944358,-3.5713528663303813,4.055628315004476,0.0,-7.626981181334857,-7.626981181334857,120.0,2.2254681272680377,mean
465,B0,15,NEARUSDT,2026-04-19 11:29:00+00:00,2026-04-19 11:31:00+00:00,2026-04-19 15:16:00+00:00,10150.971337550578,10150.971337550578,10150.971337550578,10225.775842617273,-74.80450506669555,4.07534943603357,0.0,-78.87985450272912,-78.87985450272912,225.0,2.1081368114491044,mean
467,B0,15,HBARUSDT,2026-04-19 13:44:00+00:00,2026-04-19 13:46:00+00:00,2026-04-19 15:16:00+00:00,10131.291252526398,10116.544103687203,10116.544103687203,10084.781013879709,31.763089807493852,4.040265023513383,0.0,27.72282478398047,27.72282478398047,90.0,2.1072554022200594,mean
468,B0,15,SOLUSDT,2026-04-19 14:29:00+00:00,2026-04-19 14:31:00+00:00,2026-04-19 15:31:00+00:00,10143.986331489406,10106.670828258271,10106.670828258271,10065.856996599214,40.81383165905712,4.034505564971497,0.0,36.779326094085626,36.779326094085626,60.0,2.238725369341475,mean
469,B0,15,TRXUSDT,2026-04-19 15:29:00+00:00,2026-04-19 15:31:00+00:00,2026-04-19 17:46:00+00:00,10152.971768204858,10156.928380602913,10156.928380602913,10152.058703805307,4.8696767976039785,4.061797416881644,0.5316313582573705,0.8078793807223348,1.3395107389797052,135.0,3.8339901891404566,mean
472,B0,15,SUIUSDT,2026-04-19 17:59:00+00:00,2026-04-19 18:01:00+00:00,2026-04-19 19:31:00+00:00,10152.78779119123,10148.458705681714,10148.458705681714,10220.9708879661,72.51218228438508,4.073885918729562,0.0,68.4382963656555,68.4382963656555,90.0,-2.1659733092265934,mean
470,B0,15,LTCUSDT,2026-04-19 17:59:00+00:00,2026-04-19 18:01:00+00:00,2026-04-19 20:01:00+00:00,10152.78779119123,10154.646935632025,10154.646935632025,10167.660946717602,13.01401108557753,4.064461576469926,0.0,8.949549509107605,8.949549509107605,120.0,-2.7197358896753863,mean
471,B0,15,BTCUSDT,2026-04-19 17:59:00+00:00,2026-04-19 18:01:00+00:00,2026-04-19 20:01:00+00:00,10152.78779119123,10151.565257661123,10151.565257661123,10173.421440438271,21.856182777148682,4.064997339619879,0.0,17.791185437528803,17.791185437528803,120.0,-2.4445795029276747,mean
473,B0,15,TRXUSDT,2026-04-19 20:29:00+00:00,2026-04-19 20:31:00+00:00,2026-04-20 00:16:00+00:00,10162.305694322456,10166.908465788574,10166.908465788574,10104.310773849395,-62.59769193918012,4.0542438479275935,0.6835132794292744,-66.6519357871077,-65.96842250767843,225.0,-2.015594516655464,mean
474,B0,15,XLMUSDT,2026-04-19 22:14:00+00:00,2026-04-19 22:16:00+00:00,2026-04-20 00:31:00+00:00,10155.903957245437,10132.197932925794,10132.197932925794,10200.276771997585,68.0788390717902,4.066494940984676,-0.8491208089952147,64.01234413080553,63.163223321810314,135.0,-2.130568327181257,mean
475,B0,15,SOLUSDT,2026-04-19 22:29:00+00:00,2026-04-19 22:31:00+00:00,2026-04-20 00:31:00+00:00,10155.912010029226,10157.13047577728,10157.13047577728,10216.83529743192,59.7048216546403,4.07479315464184,0.8725126777678316,55.63002849999846,56.50254117776629,120.0,-2.7627658556503643,mean
476,B0,15,TRXUSDT,2026-04-20 02:14:00+00:00,2026-04-20 02:16:00+00:00,2026-04-20 05:01:00+00:00,10167.675428521647,10167.368822302826,10167.368822302826,10182.085920806205,-14.717098503377937,4.069890948621806,0.0,-18.78698945199974,-18.78698945199974,165.0,2.135703354353476,mean
477,B0,15,BNBUSDT,2026-04-20 07:29:00+00:00,2026-04-20 07:31:00+00:00,2026-04-20 08:46:00+00:00,10165.796729576447,10153.161971539113,10153.161971539113,10106.024605015216,47.13736652389677,4.051837315310866,0.3645829133421028,43.08552920858591,43.450112121928015,75.0,2.1855159739205194,mean
479,B0,15,LTCUSDT,2026-04-20 07:29:00+00:00,2026-04-20 07:31:00+00:00,2026-04-20 08:46:00+00:00,10165.796729576447,10149.207034097537,10149.207034097537,10112.341044144403,36.8659899531336,4.0523096156483875,0.8549756152346283,32.81368033748521,33.66865595271984,75.0,2.0208236256948,mean
478,B0,15,AVAXUSDT,2026-04-20 07:29:00+00:00,2026-04-20 07:31:00+00:00,2026-04-20 09:01:00+00:00,10165.796729576447,10155.937659472334,10155.937659472334,10042.010627158113,113.92703231421989,4.03958965732609,0.6824481846906819,109.8874426568938,110.56989084158448,90.0,2.0312557867606875,mean
480,B0,15,HBARUSDT,2026-04-20 16:29:00+00:00,2026-04-20 16:31:00+00:00,2026-04-20 17:31:00+00:00,10184.565595468071,10167.628956451217,10167.628956451217,10112.302602329495,55.32635412172282,4.0559863117561425,0.0,51.27036780996668,51.27036780996668,60.0,2.305795632410352,mean
481,B0,15,XLMUSDT,2026-04-20 18:29:00+00:00,2026-04-20 18:31:00+00:00,2026-04-20 20:16:00+00:00,10189.692632249067,10156.913290141647,10156.913290141647,10120.0365302708,36.876759870847366,4.055389964082489,0.0,32.82136990676488,32.82136990676488,105.0,2.589822800002074,mean
482,B0,15,AAVEUSDT,2026-04-20 20:29:00+00:00,2026-04-20 20:31:00+00:00,2026-04-20 22:31:00+00:00,10192.974769239743,10194.063180854182,10194.063180854182,9939.374863074994,254.68831777918882,4.026687608785835,0.0,250.661630170403,250.661630170403,120.0,2.4107702478709108,mean
483,B0,15,XLMUSDT,2026-04-21 07:29:00+00:00,2026-04-21 07:31:00+00:00,2026-04-21 10:31:00+00:00,10218.040932256785,10202.585937849137,10202.585937849137,10384.61142753922,-182.02548969008154,4.117439473077671,0.8422838816836326,-186.1429291631592,-185.30064528147557,180.0,2.2246936756107463,mean
484,B0,15,XLMUSDT,2026-04-21 10:59:00+00:00,2026-04-21 11:01:00+00:00,2026-04-21 11:31:00+00:00,10199.510867728635,10193.954368018607,10193.954368018607,10071.155724426972,122.79864359163469,4.053022018489116,0.0,118.74562157314557,118.74562157314557,30.0,2.0362750067301243,mean
485,B0,15,LTCUSDT,2026-04-21 17:29:00+00:00,2026-04-21 17:31:00+00:00,2026-04-21 19:01:00+00:00,10211.385429885951,10213.247122762868,10213.247122762868,10261.651137562692,48.40401479982365,4.094979652065112,0.0,44.309035147758536,44.309035147758536,90.0,-2.185157918294747,mean
486,B0,15,BTCUSDT,2026-04-21 19:44:00+00:00,2026-04-21 19:46:00+00:00,2026-04-21 20:16:00+00:00,10215.816333400726,10226.260878444076,10226.260878444076,10297.884516741351,71.62363829727457,4.104829079037085,0.0,67.51880921823748,67.51880921823748,30.0,-2.182396425635158,mean
488,B0,15,AVAXUSDT,2026-04-21 19:44:00+00:00,2026-04-21 19:46:00+00:00,2026-04-21 20:16:00+00:00,10215.816333400726,10213.591150143613,10213.591150143613,10340.426595798992,126.83544565537906,4.110803549188521,0.0,122.72464210619054,122.72464210619054,30.0,-2.0611977486481523,mean
487,B0,15,BCHUSDT,2026-04-21 19:44:00+00:00,2026-04-21 19:46:00+00:00,2026-04-21 20:46:00+00:00,10215.816333400726,10216.280309072148,10216.280309072148,10301.419844778346,85.1395357061968,4.103540030770098,0.0,81.03599567542669,81.03599567542669,60.0,-2.1798493150111815,mean
489,B0,15,TRXUSDT,2026-04-21 21:14:00+00:00,2026-04-21 21:16:00+00:00,2026-04-21 22:31:00+00:00,10242.944278100711,10232.861136341999,10232.861136341999,10189.473071804508,43.38806453749,4.084466841629302,0.0,39.3035976958607,39.3035976958607,75.0,2.3673441901083843,mean
491,B0,15,LTCUSDT,2026-04-22 00:44:00+00:00,2026-04-22 00:46:00+00:00,2026-04-22 03:31:00+00:00,10246.594470505526,10248.434074539728,10248.434074539728,10239.236054368715,9.19802017101113,4.097534025781688,0.0,5.100486145229443,5.100486145229443,165.0,2.2832249644152247,mean
490,B0,15,BTCUSDT,2026-04-21 23:59:00+00:00,2026-04-22 00:01:00+00:00,2026-04-22 04:16:00+00:00,10246.874637870298,10247.46563685057,10247.46563685057,10399.755328630126,-152.28969177955733,4.129444193096139,0.0,-156.41913597265346,-156.41913597265346,255.0,2.051606024587548,timeout
492,B0,15,ADAUSDT,2026-04-22 02:29:00+00:00,2026-04-22 02:31:00+00:00,2026-04-22 04:46:00+00:00,10229.366191734183,10221.298868239126,10221.298868239126,10265.669147461947,-44.37027922282137,4.0973936031402145,0.0,-48.46767282596158,-48.46767282596158,135.0,2.4470909115346267,mean
493,B0,15,BNBUSDT,2026-04-22 03:44:00+00:00,2026-04-22 03:46:00+00:00,2026-04-22 05:01:00+00:00,10228.944575784277,10232.778333413993,10232.778333413993,10223.992638845893,8.785694568098775,4.091354194451977,0.0,4.6943403736467975,4.6943403736467975,75.0,2.671524292712329,mean
495,B0,15,DOTUSDT,2026-04-22 05:29:00+00:00,2026-04-22 05:31:00+00:00,2026-04-22 07:16:00+00:00,10220.075566943851,10227.81218735789,10227.81218735789,10111.762881147322,116.04930621056702,4.067915013701042,0.0,111.98139119686599,111.98139119686599,105.0,2.5810299147619373,mean
494,B0,15,BCHUSDT,2026-04-22 04:29:00+00:00,2026-04-22 04:31:00+00:00,2026-04-22 07:46:00+00:00,10231.896705723004,10226.948218670621,10226.948218670621,10576.041487093362,-349.0932684227414,4.160597941152797,0.0,-353.2538663638942,-353.2538663638942,195.0,2.0518443767278525,stop
496,B0,15,UNIUSDT,2026-04-22 05:29:00+00:00,2026-04-22 05:31:00+00:00,2026-04-22 09:31:00+00:00,10220.075566943851,10238.217712920676,10238.217712920676,10259.383549893635,-21.165836972959653,4.099520252562862,1.0254178900818895,-25.265357225522518,-24.239939335440628,240.0,2.2700843056057205,mean
497,B0,15,BCHUSDT,2026-04-22 08:29:00+00:00,2026-04-22 08:31:00+00:00,2026-04-22 09:46:00+00:00,10200.71701676346,10209.987064140107,10209.987064140107,10137.98251009824,72.00455404186714,4.069593914847669,0.0,67.93496012701947,67.93496012701947,75.0,2.844578145030792,mean
498,B0,15,BNBUSDT,2026-04-22 13:44:00+00:00,2026-04-22 13:46:00+00:00,2026-04-22 16:01:00+00:00,10207.607694204775,10219.052606683685,10219.052606683685,10191.459393035899,27.593213647785696,4.082102399943917,0.7778549048915634,23.51111124784178,24.28896615273334,135.0,2.860643355453859,mean
500,B0,15,BTCUSDT,2026-04-22 14:14:00+00:00,2026-04-22 14:16:00+00:00,2026-04-22 16:31:00+00:00,10205.788483035754,10202.637037493705,10202.637037493705,10180.215277407664,22.421760086042536,4.076570462980274,-0.0766504088153336,18.345189623062264,18.268539214246932,135.0,2.0672247389979654,mean
499,B0,15,TRXUSDT,2026-04-22 14:14:00+00:00,2026-04-22 14:16:00+00:00,2026-04-22 17:01:00+00:00,10205.788483035754,10195.900350800766,10195.900350800766,10152.021764008014,-43.878586792753225,4.069584422961756,-0.36413640243273004,-47.948171215714986,-48.31230761814771,165.0,-2.744880854029727,mean
501,B0,15,HBARUSDT,2026-04-22 16:14:00+00:00,2026-04-22 16:16:00+00:00,2026-04-22 18:01:00+00:00,10202.775951751159,10207.177019777364,10207.177019777364,10164.266606521858,42.910413255504864,4.074288725259844,0.0,38.836124530245016,38.836124530245016,105.0,2.389769783753136,mean
502,B0,15,AVAXUSDT,2026-04-23 00:14:00+00:00,2026-04-23 00:16:00+00:00,2026-04-23 02:01:00+00:00,10210.915826432683,10175.644960020134,10175.644960020134,10281.457559257778,105.81259923764448,4.091420503855582,0.0,101.72117873378889,101.72117873378889,105.0,-2.562523778835163,mean
503,B0,15,ETHUSDT,2026-04-23 00:14:00+00:00,2026-04-23 00:16:00+00:00,2026-04-23 04:31:00+00:00,10210.915826432683,10181.271804457147,10181.271804457147,10140.116381247311,-41.15542320983451,4.064277637140892,0.0,-45.2197008469754,-45.2197008469754,255.0,-2.4396696151565,timeout
504,B0,15,LINKUSDT,2026-04-23 00:14:00+00:00,2026-04-23 00:16:00+00:00,2026-04-23 04:31:00+00:00,10210.915826432683,10181.052879366645,10181.052879366645,10154.508037530164,-26.544841836481122,4.067112183379361,0.0,-30.611954019860484,-30.611954019860484,255.0,-2.3756165426968403,timeout
505,B0,15,LTCUSDT,2026-04-23 03:14:00+00:00,2026-04-23 03:16:00+00:00,2026-04-23 05:01:00+00:00,10212.224323722265,10215.941915394535,10215.941915394535,10243.82385293655,27.881937542015386,4.091953153666217,0.0,23.78998438834917,23.78998438834917,105.0,-2.3710149509244793,mean
506,B0,15,ETHUSDT,2026-04-23 09:59:00+00:00,2026-04-23 10:01:00+00:00,2026-04-23 11:31:00+00:00,10215.883777258214,10216.369245453974,10216.369245453974,10232.477962858724,16.10871740475011,4.08976944166254,0.0,12.01894796308757,12.01894796308757,90.0,-2.003933854135915,mean
507,B0,15,BTCUSDT,2026-04-23 10:14:00+00:00,2026-04-23 10:16:00+00:00,2026-04-23 11:46:00+00:00,10212.047265099576,10221.80060119022,10221.80060119022,10268.06608690649,46.26548571627048,4.097973337619342,0.0,42.16751237865114,42.16751237865114,90.0,-2.1537940713042634,mean
508,B0,15,LTCUSDT,2026-04-23 12:44:00+00:00,2026-04-23 12:46:00+00:00,2026-04-23 14:16:00+00:00,10221.302423292387,10213.9489683116,10213.9489683116,10206.595513330816,7.353454980785734,4.084108896328484,0.0,3.2693460844572506,3.2693460844572506,90.0,2.004107462898179,mean
510,B0,15,FILUSDT,2026-04-23 17:44:00+00:00,2026-04-23 17:46:00+00:00,2026-04-23 19:31:00+00:00,10215.583994252018,10204.345728031718,10204.345728031718,10316.72839023471,112.38266220299259,4.104214823653285,0.0,108.27844737933931,108.27844737933931,105.0,-2.8848816667346817,mean
511,B0,15,ETHUSDT,2026-04-23 17:44:00+00:00,2026-04-23 17:46:00+00:00,2026-04-23 19:31:00+00:00,10215.583994252018,10211.752593364508,10211.752593364508,10301.656860701625,89.90426733711674,4.102681890813226,0.0,85.8015854463035,85.8015854463035,105.0,-2.354824577510906,mean
509,B0,15,DOTUSDT,2026-04-23 17:29:00+00:00,2026-04-23 17:31:00+00:00,2026-04-23 19:46:00+00:00,10221.629357900834,10221.629357900834,10221.629357900834,10188.252608977078,-33.37674892375786,4.081976393375582,0.0,-37.45872531713344,-37.45872531713344,135.0,-2.19331645687188,mean
512,B0,15,LTCUSDT,2026-04-23 22:14:00+00:00,2026-04-23 22:16:00+00:00,2026-04-24 01:01:00+00:00,10237.291488651685,10229.97652510138,10229.97652510138,10248.263933977143,-18.28740887576247,4.095648091815704,0.6162195335552828,-22.383056967578177,-21.766837434022893,165.0,2.015094606246055,mean
513,B0,15,UNIUSDT,2026-04-24 03:29:00+00:00,2026-04-24 03:31:00+00:00,2026-04-24 05:01:00+00:00,10235.114804908282,10235.114804908282,10235.114804908282,10266.83192546889,31.717120560608983,4.100389346075435,0.0,27.616731214533548,27.616731214533548,90.0,-2.2439345896966474,mean
515,B0,15,SOLUSDT,2026-04-24 12:14:00+00:00,2026-04-24 12:16:00+00:00,2026-04-24 13:31:00+00:00,10235.224419350048,10238.767245386514,10238.767245386514,10170.272608681507,68.49463670500762,4.081807970813605,0.0,64.41282873419402,64.41282873419402,75.0,2.541574448374127,mean
514,B0,15,DOTUSDT,2026-04-24 11:29:00+00:00,2026-04-24 11:31:00+00:00,2026-04-24 13:46:00+00:00,10237.876478029735,10237.876478029735,10237.876478029735,10254.191819030579,-16.315341000844214,4.098413659412063,0.0,-20.413754660256274,-20.413754660256274,135.0,2.111926074575176,mean
516,B0,15,TRXUSDT,2026-04-24 16:14:00+00:00,2026-04-24 16:16:00+00:00,2026-04-24 18:31:00+00:00,10242.27638543713,10237.21018386768,10237.21018386768,10252.09215097794,14.881967110259737,4.097860466969124,0.0,10.784106643290613,10.784106643290613,135.0,-3.5423322081649897,mean
517,B0,15,HBARUSDT,2026-04-25 17:14:00+00:00,2026-04-25 17:16:00+00:00,2026-04-25 19:01:00+00:00,10243.35479610146,10236.56512213144,10236.56512213144,10243.35479610146,6.789673970019151,4.09598398364658,0.0,2.6936899863725707,2.6936899863725707,105.0,-2.1382589193335586,mean
518,B0,15,DOTUSDT,2026-04-25 17:44:00+00:00,2026-04-25 17:46:00+00:00,2026-04-25 20:01:00+00:00,10240.77367890951,10240.77367890951,10240.77367890951,10207.818655003124,-32.955023906386224,4.089718466782527,0.0,-37.044742373168745,-37.044742373168745,135.0,-2.054766356828374,mean
519,B0,15,HBARUSDT,2026-04-26 05:14:00+00:00,2026-04-26 05:16:00+00:00,2026-04-26 07:31:00+00:00,10239.91969086278,10241.032483700299,10241.032483700299,10228.791762487575,12.240721212724356,4.093964849237574,0.0,8.146756363486782,8.146756363486782,135.0,2.4339728650924544,mean
521,B0,15,DOTUSDT,2026-04-26 06:14:00+00:00,2026-04-26 06:16:00+00:00,2026-04-26 08:01:00+00:00,10235.235444818114,10235.235444818114,10235.235444818114,10235.235444818114,0.0,4.0940941779272455,-0.16321992517149153,-4.0940941779272455,-4.257314103098737,105.0,2.24955013735785,mean
520,B0,15,FILUSDT,2026-04-26 05:14:00+00:00,2026-04-26 05:16:00+00:00,2026-04-26 08:16:00+00:00,10239.91969086278,10239.91969086278,10239.91969086278,10272.32450001108,-32.40480914829997,4.102448838174772,0.8028234217995148,-36.50725798647474,-35.704434564675225,180.0,2.243764549596827,mean
522,B0,15,FILUSDT,2026-04-26 13:59:00+00:00,2026-04-26 14:01:00+00:00,2026-04-26 15:31:00+00:00,10236.73819163235,10236.73819163235,10236.73819163235,10324.045127168662,87.3069355363101,4.112156663760203,0.0,83.1947788725499,83.1947788725499,90.0,-2.047871969035307,mean
523,B0,15,BTCUSDT,2026-04-27 00:59:00+00:00,2026-04-27 01:01:00+00:00,2026-04-27 03:46:00+00:00,10245.057669519607,10260.050997987295,10260.050997987295,10236.048747155832,24.002250831462085,4.099219949028626,0.0,19.903030882433463,19.903030882433463,165.0,2.98261097763672,mean
524,B0,15,ETHUSDT,2026-04-27 00:59:00+00:00,2026-04-27 01:01:00+00:00,2026-04-27 04:01:00+00:00,10245.057669519607,10281.968376825831,10281.968376825831,10262.891414280803,19.076962545028657,4.108971958221327,0.0,14.967990586807332,14.967990586807332,180.0,2.362893098851218,mean
525,B0,15,XRPUSDT,2026-04-27 00:59:00+00:00,2026-04-27 01:01:00+00:00,2026-04-27 04:01:00+00:00,10245.057669519607,10274.9640096725,10274.9640096725,10264.995229621534,9.968780050964794,4.107991847858807,0.0,5.8607882031059875,5.8607882031059875,180.0,2.156590337122223,mean
526,B0,15,NEARUSDT,2026-04-27 05:14:00+00:00,2026-04-27 05:16:00+00:00,2026-04-27 09:01:00+00:00,10249.130850486841,10226.882375413426,10226.882375413426,10174.96926690879,-51.91310850463591,4.0803703284644435,-1.015187898370018,-55.99347883310035,-57.00866673147036,225.0,-3.0069509564354897,mean
527,B0,15,ADAUSDT,2026-04-27 05:14:00+00:00,2026-04-27 05:16:00+00:00,2026-04-27 09:01:00+00:00,10249.130850486841,10216.451278225424,10216.451278225424,10110.242668375819,-106.2086098496042,4.065338789320249,0.5885666127297364,-110.27394863892445,-109.68538202619472,225.0,-2.9733739255470724,mean
528,B0,15,XRPUSDT,2026-04-27 05:14:00+00:00,2026-04-27 05:16:00+00:00,2026-04-27 09:01:00+00:00,10249.130850486841,10229.01902318194,10229.01902318194,10182.330852652705,-46.68817052923397,4.082269975166929,0.002639802255510435,-50.770440504400895,-50.76780070214539,225.0,-2.746122572605252,mean
529,B0,15,TRXUSDT,2026-04-27 10:29:00+00:00,2026-04-27 10:31:00+00:00,2026-04-27 12:16:00+00:00,10227.384665540858,10227.699083416705,10227.699083416705,10213.864696879451,13.834386537253861,4.088312756059231,0.0,9.74607378119463,9.74607378119463,105.0,2.0391777220054004,mean
530,B0,15,XRPUSDT,2026-04-27 13:59:00+00:00,2026-04-27 14:01:00+00:00,2026-04-27 14:46:00+00:00,10228.359272918979,10229.089400642079,10229.089400642079,10283.118852151538,54.02945150945905,4.102441650558723,0.0,49.92700985890033,49.92700985890033,45.0,-2.156614747952285,mean
531,B0,15,BCHUSDT,2026-04-27 13:59:00+00:00,2026-04-27 14:01:00+00:00,2026-04-27 15:31:00+00:00,10228.359272918979,10233.333166157505,10233.333166157505,10179.524684758891,53.80848139861436,4.08257157018328,0.0,49.72590982843108,49.72590982843108,90.0,2.099489367474787,mean
532,B0,15,AAVEUSDT,2026-04-27 14:14:00+00:00,2026-04-27 14:16:00+00:00,2026-04-27 16:16:00+00:00,10227.578587461427,10244.288610682032,10244.288610682032,10123.140942332646,121.14766834938445,4.073485910602935,0.2004678223786053,117.07418243878152,117.27465026116012,120.0,2.1249453865271586,mean
533,B0,15,XRPUSDT,2026-04-27 15:14:00+00:00,2026-04-27 15:16:00+00:00,2026-04-27 17:31:00+00:00,10243.149304246732,10229.218034613183,10229.218034613183,10221.88578743763,-7.332247175553242,4.090220764410162,0.5957703402236401,-11.422467939963404,-10.826697599739765,135.0,-2.230315760829333,mean
535,B0,15,ETHUSDT,2026-04-27 16:29:00+00:00,2026-04-27 16:31:00+00:00,2026-04-27 17:31:00+00:00,10243.200080796665,10250.53919707045,10250.53919707045,10306.32548580186,55.78628873141158,4.111372936574462,0.0,51.67491579483712,51.67491579483712,60.0,-2.913728488377636,mean
534,B0,15,HBARUSDT,2026-04-27 15:44:00+00:00,2026-04-27 15:46:00+00:00,2026-04-27 17:46:00+00:00,10242.55068335394,10241.401642442637,10241.401642442637,10283.916156160845,42.51451371820631,4.105063559720697,-0.27836157771997866,38.40945015848561,38.131088580765635,120.0,-3.916133791347344,mean
536,B0,15,AAVEUSDT,2026-04-27 22:59:00+00:00,2026-04-27 23:01:00+00:00,2026-04-28 00:31:00+00:00,10257.949960591415,10162.58078952339,10162.58078952339,10166.772840998909,-4.192051475518193,4.0658707261044595,-0.19596000337446737,-8.257922201622652,-8.45388220499712,90.0,2.0667365568466978,mean
537,B0,15,XLMUSDT,2026-04-28 11:44:00+00:00,2026-04-28 11:46:00+00:00,2026-04-28 13:46:00+00:00,10257.104572370916,10247.6078395405,10247.6078395405,10300.789543390829,53.18170385032804,4.109679476586265,0.0,49.072024373741776,49.072024373741776,120.0,-2.2772841616899626,mean
538,B0,15,XRPUSDT,2026-04-28 14:59:00+00:00,2026-04-28 15:01:00+00:00,2026-04-28 16:01:00+00:00,10262.011774808288,10275.50061750922,10275.50061750922,10295.733881560616,20.233264051395945,4.114246899813967,-0.4611285353387853,16.11901715158198,15.657888616243193,60.0,-2.020652365007233,mean
539,B0,15,NEARUSDT,2026-04-28 15:44:00+00:00,2026-04-28 15:46:00+00:00,2026-04-28 17:46:00+00:00,10262.630582960996,10262.630582960996,10262.630582960996,10331.972681494515,69.34209853351945,4.118920652891102,-1.0269149741831238,65.22317788062834,64.19626290644521,120.0,-2.3071303981917612,mean
540,B0,15,BCHUSDT,2026-04-28 20:14:00+00:00,2026-04-28 20:16:00+00:00,2026-04-28 21:46:00+00:00,10269.997189960557,10278.378087535073,10278.378087535073,10198.646305204546,79.73178233052708,4.0954048785479245,0.0,75.63637745197916,75.63637745197916,90.0,2.5960197268290934,mean
543,B0,15,BTCUSDT,2026-04-29 03:44:00+00:00,2026-04-29 03:46:00+00:00,2026-04-29 06:31:00+00:00,10277.560827705754,10274.972522188793,10274.972522188793,10281.710121601502,-6.737599412707306,4.111336528758059,0.0,-10.848935941465363,-10.848935941465363,165.0,2.086315861795213,mean
542,B0,15,FILUSDT,2026-04-29 03:44:00+00:00,2026-04-29 03:46:00+00:00,2026-04-29 06:46:00+00:00,10277.560827705754,10288.55287137175,10288.55287137175,10321.529002369736,-32.97613099798519,4.122016374748297,0.0,-37.098147372733486,-37.098147372733486,180.0,2.5147280768746962,mean
541,B0,15,DOGEUSDT,2026-04-29 03:44:00+00:00,2026-04-29 03:46:00+00:00,2026-04-29 07:46:00+00:00,10277.560827705754,10259.307636299864,10259.307636299864,10591.921346362764,-332.6137100629001,4.170245796532526,0.0,-336.78395585943264,-336.78395585943264,240.0,3.1306814324934615,stop
544,B0,15,DOGEUSDT,2026-04-29 07:59:00+00:00,2026-04-29 08:01:00+00:00,2026-04-29 10:01:00+00:00,10239.08772378839,10248.846671294861,10248.846671294861,10707.517204098953,-458.67053280409255,4.191272775078763,0.0,-462.86180557917135,-462.86180557917135,120.0,5.432415700040487,stop
546,B0,15,ADAUSDT,2026-04-29 09:59:00+00:00,2026-04-29 10:01:00+00:00,2026-04-29 12:01:00+00:00,10195.943377826496,10204.006599161272,10204.006599161272,10119.342775146106,84.66382401516626,4.064669874861476,0.0,80.59915414030478,80.59915414030478,120.0,2.663430857070157,mean
545,B0,15,LTCUSDT,2026-04-29 09:59:00+00:00,2026-04-29 10:01:00+00:00,2026-04-29 12:46:00+00:00,10195.943377826496,10244.029049652054,10244.029049652054,10101.552984983735,142.4760646683186,4.069116406927158,0.0,138.40694826139145,138.40694826139145,165.0,6.454413656094961,mean
547,B0,15,DOGEUSDT,2026-04-29 10:14:00+00:00,2026-04-29 10:16:00+00:00,2026-04-29 14:31:00+00:00,10194.791971839055,10192.94358239624,10192.94358239624,9773.359178877527,419.5844035187139,3.9932605522547533,0.0,415.59114296645913,415.59114296645913,255.0,7.532376661989503,timeout
548,B0,15,AVAXUSDT,2026-04-29 12:29:00+00:00,2026-04-29 12:31:00+00:00,2026-04-29 16:46:00+00:00,10246.826588030319,10234.613445493931,10234.613445493931,10123.584876981306,-111.02856851262634,4.071639664495048,0.33277892522475294,-115.10020817712139,-114.76742925189663,255.0,-2.2990182542207322,timeout
549,B0,15,XRPUSDT,2026-04-29 12:59:00+00:00,2026-04-29 13:01:00+00:00,2026-04-29 17:16:00+00:00,10247.328954145085,10247.328954145085,10247.328954145085,10106.487482697778,-140.84147144730753,4.070763287368573,0.7753419638140013,-144.91223473467608,-144.13689277086206,255.0,-2.1344843660508515,timeout
552,B0,15,DOGEUSDT,2026-04-29 17:29:00+00:00,2026-04-29 17:31:00+00:00,2026-04-29 17:46:00+00:00,10222.376095978323,10219.382720840407,10219.382720840407,10328.142017517972,108.75929667756418,4.109504947671676,0.0,104.6497917298925,104.6497917298925,15.0,-2.8283897255355352,mean
551,B0,15,FILUSDT,2026-04-29 16:59:00+00:00,2026-04-29 17:01:00+00:00,2026-04-29 18:01:00+00:00,10214.096860934056,10248.372353755982,10248.372353755982,10339.773667947786,91.4013141918037,4.117629204340753,0.0,87.28368498746295,87.28368498746295,60.0,-5.729718439982254,mean
550,B0,15,LTCUSDT,2026-04-29 14:44:00+00:00,2026-04-29 14:46:00+00:00,2026-04-29 19:01:00+00:00,10247.92229919987,10238.793560290907,10238.793560290907,10017.878078694046,-220.91548159686175,4.05133432779699,-0.16687356634554495,-224.96681592465873,-225.13368949100428,255.0,-2.14949494931611,timeout
553,B0,15,ADAUSDT,2026-04-29 18:14:00+00:00,2026-04-29 18:16:00+00:00,2026-04-29 20:16:00+00:00,10223.599676285638,10215.062223528823,10215.062223528823,10334.58656212423,119.52433859540606,4.109929757130611,0.0,115.41440883827545,115.41440883827545,120.0,-3.372617820858366,mean
554,B0,15,DOTUSDT,2026-04-29 18:14:00+00:00,2026-04-29 18:16:00+00:00,2026-04-29 20:31:00+00:00,10223.599676285638,10214.98670267461,10214.98670267461,10361.407254062022,146.4205513874112,4.115278791347326,0.0,142.30527259606387,142.30527259606387,135.0,-3.361596626628197,mean
555,B0,15,ETHUSDT,2026-04-29 19:14:00+00:00,2026-04-29 19:16:00+00:00,2026-04-29 20:31:00+00:00,10246.788300227267,10241.704363835723,10241.704363835723,10258.605017245449,16.90065340972505,4.100061876216234,0.0,12.800591533508815,12.800591533508815,75.0,-2.5532762347716993,mean
556,B0,15,FILUSDT,2026-04-29 22:14:00+00:00,2026-04-29 22:16:00+00:00,2026-04-29 23:31:00+00:00,10254.10284158443,10265.33406046897,10265.33406046897,10231.640403815352,33.69365665361809,4.099394892856864,0.0,29.594261760761228,29.594261760761228,75.0,2.0388252822542396,mean
558,B0,15,XRPUSDT,2026-04-30 00:59:00+00:00,2026-04-30 01:01:00+00:00,2026-04-30 03:01:00+00:00,10240.338913262414,10247.007247696924,10247.007247696924,10166.987234482804,80.02001321411855,4.082798896435945,0.0,75.9372143176826,75.9372143176826,120.0,2.3423085685636282,mean
557,B0,15,DOGEUSDT,2026-04-30 00:29:00+00:00,2026-04-30 00:31:00+00:00,2026-04-30 03:16:00+00:00,10257.062267760506,10317.30076928567,10317.30076928567,10283.29516358598,34.00560569968939,4.12011918657433,0.0,29.88548651311506,29.88548651311506,165.0,2.425701494755087,mean
559,B0,15,SOLUSDT,2026-04-30 01:14:00+00:00,2026-04-30 01:16:00+00:00,2026-04-30 05:31:00+00:00,10253.687994514194,10252.466008100833,10252.466008100833,10065.502086856564,186.9639212442704,4.063593618991479,0.0,182.90032762527895,182.90032762527895,255.0,2.267646905488098,timeout
560,B0,15,XRPUSDT,2026-04-30 04:44:00+00:00,2026-04-30 04:46:00+00:00,2026-04-30 06:31:00+00:00,10286.380277930522,10295.451160009827,10295.451160009827,10319.64017888797,24.189018878142512,4.123018267779559,0.0,20.066000610362956,20.066000610362956,105.0,-2.4846506040352834,mean
561,B0,15,BCHUSDT,2026-04-30 04:44:00+00:00,2026-04-30 04:46:00+00:00,2026-04-30 07:01:00+00:00,10286.380277930522,10295.422332404327,10295.422332404327,10272.237577343289,-23.18475506103753,4.113531981949523,0.0,-27.298287042987056,-27.298287042987056,135.0,-2.2168726681063418,mean
562,B0,15,TRXUSDT,2026-04-30 10:14:00+00:00,2026-04-30 10:16:00+00:00,2026-04-30 12:01:00+00:00,10285.211341962851,10289.312051876532,10289.312051876532,10274.486408342453,14.82564353408034,4.112759692043797,0.0,10.712883842036543,10.712883842036543,105.0,2.6893213045915823,mean
563,B0,15,BCHUSDT,2026-04-30 13:14:00+00:00,2026-04-30 13:16:00+00:00,2026-04-30 15:16:00+00:00,10286.282630347054,10288.84697421737,10288.84697421737,10317.054756790843,28.207782573474127,4.121180346201642,0.0,24.086602227272483,24.086602227272483,120.0,-2.147828770619296,mean
564,B0,15,DOGEUSDT,2026-05-01 01:59:00+00:00,2026-05-01 02:01:00+00:00,2026-05-01 04:16:00+00:00,10288.69129056978,10291.523820061542,10291.523820061542,10278.305349099994,13.21847096154705,4.1139658338323075,0.0,9.104505127714742,9.104505127714742,135.0,2.3539544572912185,mean
565,B0,15,NEARUSDT,2026-05-01 03:29:00+00:00,2026-05-01 03:31:00+00:00,2026-05-01 05:01:00+00:00,10283.953412906563,10299.61823150962,10299.61823150962,10197.796910589754,101.82132091986618,4.099483028419875,0.0,97.7218378914463,97.7218378914463,90.0,2.140133666352805,mean
566,B0,15,BTCUSDT,2026-05-01 03:29:00+00:00,2026-05-01 03:31:00+00:00,2026-05-01 05:46:00+00:00,10283.953412906563,10291.605005263784,10291.605005263784,10273.995678601961,17.60932666182333,4.11312013677315,0.0,13.496206525050182,13.496206525050182,135.0,2.034097085272065,mean
567,B0,15,BTCUSDT,2026-05-01 13:14:00+00:00,2026-05-01 13:16:00+00:00,2026-05-01 16:01:00+00:00,10300.723545524204,10306.195314536639,10306.195314536639,10324.162709899581,-17.967395362943606,4.126071604887244,-0.3242140467046765,-22.09346696783085,-22.417681014535525,165.0,3.156944871735892,mean
568,B0,15,XLMUSDT,2026-05-01 13:14:00+00:00,2026-05-01 13:16:00+00:00,2026-05-01 16:16:00+00:00,10300.723545524204,10310.289004150023,10310.289004150023,10309.013609666581,1.2753944834421111,4.123860522763321,-0.2999301901903915,-2.84846603932121,-3.1483962295116017,180.0,2.9235602022501603,mean
569,B0,15,XRPUSDT,2026-05-01 13:14:00+00:00,2026-05-01 13:16:00+00:00,2026-05-01 16:16:00+00:00,10300.723545524204,10306.658424052413,10306.658424052413,10340.042115773595,-33.38369172117997,4.129340107965202,0.008487959410671469,-37.51303182914518,-37.504543869734505,180.0,2.1872772032773606,mean
570,B0,15,NEARUSDT,2026-05-01 16:29:00+00:00,2026-05-01 16:31:00+00:00,2026-05-01 18:31:00+00:00,10294.416483412826,10294.416483412826,10294.416483412826,10302.409042794357,7.992559381530817,4.119365105241437,0.0,3.8731942762893796,3.8731942762893796,120.0,-2.0091729159106815,mean
571,B0,15,LINKUSDT,2026-05-01 20:59:00+00:00,2026-05-01 21:01:00+00:00,2026-05-02 00:01:00+00:00,10294.803802840455,10292.539715793428,10292.539715793428,10293.671759316941,1.132043523513828,4.1172422950220735,0.6027032299940155,-2.985198771508246,-2.382495541514231,180.0,-2.240650269422825,mean
572,B0,15,TRXUSDT,2026-05-02 04:44:00+00:00,2026-05-02 04:46:00+00:00,2026-05-02 07:31:00+00:00,10294.565553286302,10293.623460166302,10293.623460166302,10313.407415686313,-19.783955520010977,4.121406175170523,0.0,-23.905361695181497,-23.905361695181497,165.0,2.177676740454628,mean
573,B0,15,TRXUSDT,2026-05-02 08:44:00+00:00,2026-05-02 08:46:00+00:00,2026-05-02 12:01:00+00:00,10292.175017116786,10290.303031846302,10290.303031846302,10289.367039211062,0.9359926352408179,4.115934014211472,0.0,-3.1799413789706548,-3.1799413789706548,195.0,2.386571901720207,mean
574,B0,15,TRXUSDT,2026-05-02 14:29:00+00:00,2026-05-02 14:31:00+00:00,2026-05-02 18:01:00+00:00,10291.857022978887,10291.857022978887,10291.857022978887,10309.228816489054,-17.371793510167368,4.120217167893588,0.9771384440147948,-21.492010678060957,-20.514872234046162,210.0,2.055614596500699,mean
575,B0,15,TRXUSDT,2026-05-02 18:59:00+00:00,2026-05-02 19:01:00+00:00,2026-05-02 20:16:00+00:00,10289.805535755482,10290.116443585304,10290.116443585304,10295.09096886244,4.974525277135636,4.117041482489549,0.0,0.8574837946460874,0.8574837946460874,75.0,-2.1611334757205394,mean
576,B0,15,DOTUSDT,2026-05-02 21:44:00+00:00,2026-05-02 21:46:00+00:00,2026-05-02 23:16:00+00:00,10289.891284134947,10306.528133422149,10306.528133422149,10198.38861305533,108.13952036681937,4.100983349295495,0.0,104.03853701752388,104.03853701752388,90.0,2.161049005797363,mean
578,B0,15,SUIUSDT,2026-05-03 01:44:00+00:00,2026-05-03 01:46:00+00:00,2026-05-03 03:46:00+00:00,10300.2951378367,10298.046410593422,10298.046410593422,10294.673319728503,-3.373090864918473,4.118543946064385,0.0,-7.491634810982859,-7.491634810982859,120.0,-2.2089842248695195,mean
579,B0,15,DOTUSDT,2026-05-03 01:44:00+00:00,2026-05-03 01:46:00+00:00,2026-05-03 04:31:00+00:00,10300.2951378367,10291.789526657642,10291.789526657642,10257.767081941418,-34.02244471622364,4.109911321719812,0.0,-38.132356037943445,-38.132356037943445,165.0,-2.1530135078084793,mean
577,B0,15,AVAXUSDT,2026-05-03 01:44:00+00:00,2026-05-03 01:46:00+00:00,2026-05-03 04:46:00+00:00,10300.2951378367,10298.02535045507,10298.02535045507,10245.820240677582,-52.205109777488076,4.10876911822653,0.0,-56.31387889571461,-56.31387889571461,180.0,-2.278378303880176,mean
580,B0,15,TRXUSDT,2026-05-03 05:29:00+00:00,2026-05-03 05:31:00+00:00,2026-05-03 07:46:00+00:00,10290.101350862236,10304.452104949372,10304.452104949372,10282.773306222,21.67879872737328,4.1174450822342745,0.0,17.561353645139008,17.561353645139008,135.0,13.647122617509817,mean
581,B0,15,SOLUSDT,2026-05-04 00:29:00+00:00,2026-05-04 00:31:00+00:00,2026-05-04 01:46:00+00:00,10291.857486226749,10291.857486226749,10291.857486226749,10369.601733424865,77.74424719811516,4.132291843930323,0.0,73.61195535418484,73.61195535418484,75.0,-2.468560224754101,mean
582,B0,15,AVAXUSDT,2026-05-04 00:29:00+00:00,2026-05-04 00:31:00+00:00,2026-05-04 01:46:00+00:00,10291.857486226749,10280.436048554762,10280.436048554762,10391.22399397303,110.78794541826746,4.134332008505559,0.0,106.6536134097619,106.6536134097619,75.0,-2.3965176453468215,mean
583,B0,15,DOGEUSDT,2026-05-04 01:44:00+00:00,2026-05-04 01:46:00+00:00,2026-05-04 05:01:00+00:00,10307.959836941727,10309.809627850107,10309.809627850107,10453.168423249475,-143.35879539936863,4.152595610219916,0.0,-147.51139100958855,-147.51139100958855,195.0,2.4884256588555247,mean
584,B0,15,BTCUSDT,2026-05-04 01:59:00+00:00,2026-05-04 02:01:00+00:00,2026-05-04 05:16:00+00:00,10300.243913277855,10303.395102738246,10303.395102738246,10344.915898292167,-41.52079555391928,4.1296622002060825,0.0,-45.650457754125355,-45.650457754125355,195.0,3.48872219271522,mean
585,B0,15,XRPUSDT,2026-05-04 01:59:00+00:00,2026-05-04 02:01:00+00:00,2026-05-04 05:31:00+00:00,10300.243913277855,10296.57678001337,10296.57678001337,10344.249512451643,-47.67273243827103,4.128165258493002,0.0,-51.800897696764025,-51.800897696764025,210.0,2.609013501159051,mean
586,B0,15,UNIUSDT,2026-05-04 05:14:00+00:00,2026-05-04 05:16:00+00:00,2026-05-04 06:31:00+00:00,10283.239181990815,10298.242448961913,10298.242448961913,10097.198671549195,201.04377741271716,4.079088224102222,0.0,196.96468918861495,196.96468918861495,75.0,4.028423141978143,mean
587,B0,15,BNBUSDT,2026-05-04 05:29:00+00:00,2026-05-04 05:31:00+00:00,2026-05-04 08:46:00+00:00,10291.763403391516,10292.41399846095,10292.41399846095,10224.101516170282,68.31248229066892,4.103303102926246,1.1570103342232727,64.20917918774268,65.36618952196595,195.0,3.228575696604473,mean
588,B0,15,NEARUSDT,2026-05-04 08:59:00+00:00,2026-05-04 09:01:00+00:00,2026-05-04 09:46:00+00:00,10311.620856328154,10319.727476498223,10319.727476498223,10392.687058028847,72.9595815306247,4.142482906905414,0.0,68.81709862371929,68.81709862371929,45.0,-2.092816925164564,mean
589,B0,15,LINKUSDT,2026-05-04 09:14:00+00:00,2026-05-04 09:16:00+00:00,2026-05-04 10:16:00+00:00,10311.414461778624,10323.442622868715,10323.442622868715,10204.254481157806,119.18814171090878,4.105539420805304,0.0,115.08260229010348,115.08260229010348,60.0,2.3783400164584547,mean
591,B0,15,BCHUSDT,2026-05-04 10:14:00+00:00,2026-05-04 10:16:00+00:00,2026-05-04 12:16:00+00:00,10328.793401562149,10309.943948540158,10309.943948540158,10453.906645995607,143.96269745544828,4.152770118907153,0.0,139.8099273365411,139.8099273365411,120.0,-4.108516625535776,mean
590,B0,15,NEARUSDT,2026-05-04 10:14:00+00:00,2026-05-04 10:16:00+00:00,2026-05-04 12:31:00+00:00,10328.793401562149,10320.563287297957,10320.563287297957,10361.71385861892,41.15057132096386,4.136455429183375,0.0,37.01411589178049,37.01411589178049,135.0,-4.132654277250911,mean
592,B0,15,UNIUSDT,2026-05-04 10:29:00+00:00,2026-05-04 10:31:00+00:00,2026-05-04 12:31:00+00:00,10334.781815855866,10328.474350603588,10328.474350603588,10401.010201004774,72.53585040118591,4.145896910321673,0.0,68.38995349086423,68.38995349086423,120.0,-4.173900783691158,mean
595,B0,15,ETHUSDT,2026-05-04 14:59:00+00:00,2026-05-04 15:01:00+00:00,2026-05-04 16:16:00+00:00,10354.532226091455,10357.32826871611,10357.32826871611,10220.933814432083,136.39445428402732,4.115652416629638,-0.021444203037229232,132.27880186739768,132.25735766436046,75.0,2.5508738921800873,mean
594,B0,15,NEARUSDT,2026-05-04 14:59:00+00:00,2026-05-04 15:01:00+00:00,2026-05-04 17:01:00+00:00,10354.532226091455,10362.628029239298,10362.628029239298,10224.999375725964,137.62865351333545,4.117525480993052,-1.793071110637223,133.5111280323424,131.7180569217052,120.0,3.5274876702282394,mean
593,B0,15,BTCUSDT,2026-05-04 14:59:00+00:00,2026-05-04 15:01:00+00:00,2026-05-04 18:31:00+00:00,10354.532226091455,10363.354751899706,10363.354751899706,10362.218028223095,1.136723676610736,4.14511455602456,-0.32647297155385685,-3.008390879413824,-3.3348638509676807,210.0,3.5394048364745467,mean
596,B0,15,NEARUSDT,2026-05-04 22:44:00+00:00,2026-05-04 22:46:00+00:00,2026-05-05 01:01:00+00:00,10380.596281164964,10380.596281164964,10380.596281164964,10413.629204891822,33.03292372685752,4.158845097211357,-0.8356269346043311,28.874078629646164,28.038451695041832,135.0,-2.548893601477664,mean
597,B0,15,XLMUSDT,2026-05-05 01:14:00+00:00,2026-05-05 01:16:00+00:00,2026-05-05 03:01:00+00:00,10383.400126334467,10393.836359893192,10393.836359893192,10309.69422682597,84.14213306722353,4.140706117343832,0.0,80.0014269498797,80.0014269498797,105.0,2.559230487441512,mean
599,B0,15,SUIUSDT,2026-05-05 03:44:00+00:00,2026-05-05 03:46:00+00:00,2026-05-05 04:46:00+00:00,10389.55310606518,10386.24362854148,10386.24362854148,10354.252012479059,31.991616062422132,4.148099128204108,0.0,27.843516934218027,27.843516934218027,60.0,2.0271542689398996,mean
598,B0,15,LINKUSDT,2026-05-05 02:44:00+00:00,2026-05-05 02:46:00+00:00,2026-05-05 06:16:00+00:00,10388.214687007407,10371.817420848813,10371.817420848813,10404.611953166,-32.794532317187624,4.155285874802963,0.0,-36.94981819199059,-36.94981819199059,210.0,2.5903839155167496,mean
600,B0,15,ADAUSDT,2026-05-05 07:29:00+00:00,2026-05-05 07:31:00+00:00,2026-05-05 09:46:00+00:00,10390.489638903678,10382.38789259654,10382.38789259654,10418.845750978659,-36.45785838211865,4.160246728715039,1.0394540512057246,-40.618105110833696,-39.57865105962797,135.0,3.044261012961527,mean
601,B0,15,BCHUSDT,2026-05-05 08:29:00+00:00,2026-05-05 08:31:00+00:00,2026-05-05 12:46:00+00:00,10387.550325343449,10451.992078591471,10451.992078591471,10583.637374512427,-131.64529592095718,4.207125890620779,0.0,-135.85242181157795,-135.85242181157795,255.0,3.403308918784404,timeout
602,B0,15,LINKUSDT,2026-05-05 10:59:00+00:00,2026-05-05 11:01:00+00:00,2026-05-05 13:46:00+00:00,10373.664532425282,10365.105403273117,10365.105403273117,10399.341919881781,-34.23651660866433,4.15288946463098,0.0,-38.38940607329531,-38.38940607329531,165.0,2.156439923333552,mean
605,B0,15,DOTUSDT,2026-05-05 13:59:00+00:00,2026-05-05 14:01:00+00:00,2026-05-05 14:46:00+00:00,10367.156858549077,10383.330270184879,10383.330270184879,10286.289800370067,97.04046981481203,4.133924014110989,0.0,92.90654580070104,92.90654580070104,45.0,2.540216778501305,mean
603,B0,15,SUIUSDT,2026-05-05 12:29:00+00:00,2026-05-05 12:31:00+00:00,2026-05-05 15:01:00+00:00,10362.262559106814,10384.861740095623,10384.861740095623,10336.434923691031,48.42681640459043,4.144259332757331,0.0,44.282557071833104,44.282557071833104,150.0,2.576743015711879,mean
604,B0,15,HBARUSDT,2026-05-05 12:59:00+00:00,2026-05-05 13:01:00+00:00,2026-05-05 15:16:00+00:00,10357.732602662203,10393.306468237488,10393.306468237488,10351.994882408124,41.31158582936389,4.149060270129123,0.0,37.162525559234766,37.162525559234766,135.0,2.2030154348471953,mean
607,B0,15,HBARUSDT,2026-05-05 16:44:00+00:00,2026-05-05 16:46:00+00:00,2026-05-05 17:46:00+00:00,10383.410069199503,10391.55300786009,10391.55300786009,10449.716855435707,58.163847575617424,4.1682539726591585,0.0,53.995593602958266,53.995593602958266,60.0,-2.4378071025120294,mean
608,B0,15,NEARUSDT,2026-05-05 16:44:00+00:00,2026-05-05 16:46:00+00:00,2026-05-05 18:16:00+00:00,10383.410069199503,10391.61181490977,10391.61181490977,10432.620543461111,41.00872855134179,4.164846471674176,0.0,36.843882079667615,36.843882079667615,90.0,-2.2837708050722756,mean
606,B0,15,TRXUSDT,2026-05-05 15:29:00+00:00,2026-05-05 15:31:00+00:00,2026-05-05 19:46:00+00:00,10386.542753852404,10387.756205894444,10387.756205894444,10455.406157238247,-67.64995134380209,4.168632472626539,0.783642752683066,-71.81858381642863,-71.03494106374556,255.0,2.3928790073981174,timeout
609,B0,15,SOLUSDT,2026-05-05 19:44:00+00:00,2026-05-05 19:46:00+00:00,2026-05-05 21:46:00+00:00,10388.85366064164,10382.845764700949,10382.845764700949,10376.83786876026,6.007895940689943,4.151936726692242,0.0,1.8559592139977013,1.8559592139977013,120.0,2.4642145458188143,mean
610,B0,15,NEARUSDT,2026-05-05 19:59:00+00:00,2026-05-05 20:01:00+00:00,2026-05-05 22:46:00+00:00,10387.594602886114,10395.65324881543,10395.65324881543,10435.946478462,-40.29322964657057,4.166319945455486,0.0,-44.45954959202606,-44.45954959202606,165.0,2.273897481801834,mean
611,B0,15,LTCUSDT,2026-05-05 20:29:00+00:00,2026-05-05 20:31:00+00:00,2026-05-05 22:46:00+00:00,10383.527201016579,10385.373489636959,10385.373489636959,10381.6809123962,3.692577240760385,4.153410880406632,0.0,-0.4608336396462467,-0.4608336396462467,135.0,2.191145951103426,mean
612,B0,15,ADAUSDT,2026-05-05 21:59:00+00:00,2026-05-05 22:01:00+00:00,2026-05-05 23:31:00+00:00,10369.84306478058,10381.626977354194,10381.626977354194,10291.283647623151,90.34332973104169,4.134582124995468,0.0,86.20874760604623,86.20874760604623,90.0,3.796025797788309,mean
613,B0,15,BCHUSDT,2026-05-05 22:59:00+00:00,2026-05-05 23:01:00+00:00,2026-05-06 01:16:00+00:00,10391.079479917147,10387.048370827759,10387.048370827759,10332.404447616056,54.64392321170244,4.143890563688763,1.032837333852667,50.50003264801368,51.53286998186635,135.0,3.7415889240206917,mean
616,B0,15,XLMUSDT,2026-05-06 01:59:00+00:00,2026-05-06 02:01:00+00:00,2026-05-06 02:46:00+00:00,10397.990926671317,10390.917025985227,10390.917025985227,10310.531790916026,80.3852350692013,4.140289763380251,0.0,76.24494530582105,76.24494530582105,45.0,2.164705265420826,mean
614,B0,15,FILUSDT,2026-05-06 01:59:00+00:00,2026-05-06 02:01:00+00:00,2026-05-06 03:31:00+00:00,10397.990926671317,10397.990926671317,10397.990926671317,10810.290373473565,-412.2994468022468,4.241656260028977,0.0,-416.54110306227574,-416.54110306227574,90.0,5.265508422788724,stop
617,B0,15,FILUSDT,2026-05-06 03:44:00+00:00,2026-05-06 03:46:00+00:00,2026-05-06 04:01:00+00:00,10359.316811565366,10349.671265185882,10349.671265185882,10754.784213124192,-405.11294793831075,4.220891095662015,0.0,-409.33383903397277,-409.33383903397277,15.0,6.346669766544253,stop
615,B0,15,SUIUSDT,2026-05-06 01:59:00+00:00,2026-05-06 02:01:00+00:00,2026-05-06 04:46:00+00:00,10397.990926671317,10384.257930425587,10384.257930425587,10378.976008792613,5.281921632972758,4.15264678784364,0.0,1.1292748451291184,1.1292748451291184,165.0,2.5281324788373074,mean
618,B0,15,DOTUSDT,2026-05-06 03:44:00+00:00,2026-05-06 03:46:00+00:00,2026-05-06 06:01:00+00:00,10359.316811565366,10375.22974061539,10375.22974061539,10415.012063240449,-39.782322625058164,4.158048360771168,0.0,-43.94037098582933,-43.94037098582933,135.0,2.228890424322566,mean
619,B0,15,FILUSDT,2026-05-06 04:14:00+00:00,2026-05-06 04:16:00+00:00,2026-05-06 06:16:00+00:00,10313.725676065238,10322.96736573913,10322.96736573913,10128.891882587366,194.07548315176436,4.090371849665299,0.0,189.98511130209906,189.98511130209906,120.0,7.065309642908486,mean
620,B0,15,BCHUSDT,2026-05-06 04:59:00+00:00,2026-05-06 05:01:00+00:00,2026-05-06 07:01:00+00:00,10298.569974867649,10249.625433195584,10249.625433195584,10085.980422126811,163.64501106877196,4.067121171064479,0.0,159.57788989770748,159.57788989770748,120.0,9.374379595524772,mean
621,B0,15,NEARUSDT,2026-05-06 07:29:00+00:00,2026-05-06 07:31:00+00:00,2026-05-06 08:16:00+00:00,10353.703117498184,10369.2026730633,10369.2026730633,10694.693339930758,-325.49066686745647,4.212779202598812,1.0524198228714474,-329.7034460700553,-328.65102624718384,45.0,2.3097366072726753,stop
622,B0,15,FILUSDT,2026-05-06 07:59:00+00:00,2026-05-06 08:01:00+00:00,2026-05-06 08:31:00+00:00,10337.996177879606,10318.65474443175,10318.65474443175,10657.129829769248,338.47508533750016,4.195156914840199,0.0,334.27992842265996,334.27992842265996,30.0,-2.207862868388474,mean
623,B0,15,XLMUSDT,2026-05-06 08:14:00+00:00,2026-05-06 08:16:00+00:00,2026-05-06 11:16:00+00:00,10333.417467386484,10336.576954167926,10336.576954167926,10440.208120599247,-103.63116643132061,4.1553570149534345,0.0,-107.78652344627405,-107.78652344627405,180.0,2.547121131085943,mean
624,B0,15,NEARUSDT,2026-05-06 08:29:00+00:00,2026-05-06 08:31:00+00:00,2026-05-06 11:16:00+00:00,10351.492070405577,10403.138859067614,10403.138859067614,10735.153929037859,-332.01506997024416,4.227658557621094,0.0,-336.2427285278652,-336.2427285278652,165.0,8.8367102788063,stop
627,B0,15,BTCUSDT,2026-05-06 11:29:00+00:00,2026-05-06 11:31:00+00:00,2026-05-06 12:16:00+00:00,10301.425921669012,10302.510374139498,10302.510374139498,10254.81939537989,47.690978759610296,4.111465953903878,0.0,43.579512805706415,43.579512805706415,45.0,2.206293290561501,mean
625,B0,15,BNBUSDT,2026-05-06 08:44:00+00:00,2026-05-06 08:46:00+00:00,2026-05-06 13:01:00+00:00,10343.189027533554,10344.472500656248,10344.472500656248,10532.180444850668,-187.7079441944207,4.175330589101383,0.0,-191.88327478352207,-191.88327478352207,255.0,3.8701342796771674,timeout
626,B0,15,NEARUSDT,2026-05-06 11:29:00+00:00,2026-05-06 11:31:00+00:00,2026-05-06 13:31:00+00:00,10301.425921669012,10294.370150489787,10294.370150489787,10308.481692848238,-14.111542358450713,4.120570368667605,0.0,-18.232112727118317,-18.232112727118317,120.0,3.3452856366205728,mean
628,B0,15,BNBUSDT,2026-05-06 13:14:00+00:00,2026-05-06 13:16:00+00:00,2026-05-06 13:46:00+00:00,10277.892968087384,10278.050086377809,10278.050086377809,10183.779112123395,94.27097425441306,4.092365839700241,0.0,90.17860841471283,90.17860841471283,30.0,2.44395523001928,mean
629,B0,15,XRPUSDT,2026-05-06 13:14:00+00:00,2026-05-06 13:16:00+00:00,2026-05-06 15:46:00+00:00,10277.892968087384,10282.18914739688,10282.18914739688,10241.375443956656,-40.813703440224664,4.104712918270707,0.0,-44.91841635849537,-44.91841635849537,150.0,-2.09115547393349,mean
631,B0,15,AAVEUSDT,2026-05-06 13:59:00+00:00,2026-05-06 14:01:00+00:00,2026-05-06 16:01:00+00:00,10288.424369936965,10269.611504035176,10269.611504035176,10354.822720178572,85.21121614339488,4.12488684484275,0.06350386909230779,81.08632929855213,81.14983316764443,120.0,-4.716018488907043,mean
630,B0,15,SUIUSDT,2026-05-06 13:44:00+00:00,2026-05-06 13:46:00+00:00,2026-05-06 16:16:00+00:00,10293.336787644765,10257.28487254744,10257.28487254744,10243.894161225577,-13.390711321863167,4.100235806754603,-1.021046703155828,-17.49094712861777,-18.511993831773598,150.0,-3.8943832528380713,mean
632,B0,15,NEARUSDT,2026-05-06 15:59:00+00:00,2026-05-06 16:01:00+00:00,2026-05-06 18:01:00+00:00,10299.787537682278,10299.787537682278,10299.787537682278,10313.438680873374,-13.651143191096471,4.12264524371113,0.0,-17.7737884348076,-17.7737884348076,120.0,2.1899954826907897,mean
633,B0,15,FILUSDT,2026-05-06 23:59:00+00:00,2026-05-07 00:01:00+00:00,2026-05-07 00:46:00+00:00,10302.221919343552,10366.957604653608,10366.957604653608,10061.775088191906,305.1825164617023,4.0857465385691025,0.0,301.0967699231332,301.0967699231332,45.0,2.2281240893337624,mean
636,B0,15,ETHUSDT,2026-05-07 02:14:00+00:00,2026-05-07 02:16:00+00:00,2026-05-07 03:46:00+00:00,10321.09482465887,10327.829560921451,10327.829560921451,10354.857707776571,27.02814685511957,4.136537453739605,0.0,22.891609401379966,22.891609401379966,90.0,-2.5094939556210636,mean
634,B0,15,HBARUSDT,2026-05-07 01:59:00+00:00,2026-05-07 02:01:00+00:00,2026-05-07 04:16:00+00:00,10332.331596335865,10341.509772304185,10341.509772304185,10326.595236355666,-14.914535948518454,4.133621001731971,0.0,-19.048156950250423,-19.048156950250423,135.0,-2.308635162276248,mean
635,B0,15,SUIUSDT,2026-05-07 01:59:00+00:00,2026-05-07 02:01:00+00:00,2026-05-07 04:16:00+00:00,10332.331596335865,10333.391105318262,10333.391105318262,10294.189272969572,-39.20183234868943,4.125516075657567,0.0,-43.327348424346994,-43.327348424346994,135.0,-2.0646473241477437,mean
637,B0,15,DOTUSDT,2026-05-07 04:59:00+00:00,2026-05-07 05:01:00+00:00,2026-05-07 08:31:00+00:00,10328.383206738545,10336.237490545951,10336.237490545951,10375.508909582979,-39.271419037027854,4.142349280025787,-0.07201592823010321,-43.41376831705364,-43.48578424528374,210.0,2.067154824565123,mean
638,B0,15,SUIUSDT,2026-05-07 06:44:00+00:00,2026-05-07 06:46:00+00:00,2026-05-07 09:01:00+00:00,10318.751341419847,10290.792858106417,10290.792858106417,10313.573844509952,-22.78098640353583,4.120873340523274,-0.012882387648192906,-26.901859744059106,-26.9147421317073,135.0,2.866907431209906,mean
639,B0,15,SOLUSDT,2026-05-07 06:44:00+00:00,2026-05-07 06:46:00+00:00,2026-05-07 09:16:00+00:00,10318.751341419847,10306.01500111962,10306.01500111962,10358.118211438728,-52.10321031910698,4.13282664251167,0.8589710243667241,-56.23603696161865,-55.37706593725193,150.0,2.489848412471975,mean
640,B0,15,AVAXUSDT,2026-05-07 10:29:00+00:00,2026-05-07 10:31:00+00:00,2026-05-07 11:46:00+00:00,10315.805447507119,10330.966194543134,10330.966194543134,10387.277540676914,56.311346133779594,4.1436487470440095,0.0,52.16769738673559,52.16769738673559,75.0,-2.246271104043266,mean
641,B0,15,BTCUSDT,2026-05-07 10:29:00+00:00,2026-05-07 10:31:00+00:00,2026-05-07 11:46:00+00:00,10315.805447507119,10325.817361905818,10325.817361905818,10363.214806865664,37.397444959847135,4.137806433754296,0.0,33.259638526092836,33.259638526092836,75.0,-2.0811359721804363,mean
643,B0,15,XRPUSDT,2026-05-07 14:29:00+00:00,2026-05-07 14:31:00+00:00,2026-05-07 17:16:00+00:00,10321.970730447038,10319.013992913251,10319.013992913251,10285.750695658158,-33.263297255092475,4.120952937714282,0.6050905706511206,-37.38425019280675,-36.77915962215563,165.0,-2.1654796826345333,mean
644,B0,15,BCHUSDT,2026-05-07 14:29:00+00:00,2026-05-07 14:31:00+00:00,2026-05-07 17:16:00+00:00,10321.970730447038,10323.111204087509,10323.111204087509,10295.283647260017,-27.82755682749228,4.123678970269506,0.8919118903108231,-31.951235797761786,-31.059323907450963,165.0,-2.06171975022226,mean
642,B0,15,DOGEUSDT,2026-05-07 13:59:00+00:00,2026-05-07 14:01:00+00:00,2026-05-07 17:46:00+00:00,10324.348181098401,10324.348181098401,10324.348181098401,10178.044106489673,-146.30407460872755,4.100478457517615,-0.16962159326610052,-150.40455306624514,-150.57417465951124,225.0,-2.3424086129707438,mean
645,B0,15,BNBUSDT,2026-05-07 22:14:00+00:00,2026-05-07 22:16:00+00:00,2026-05-08 00:31:00+00:00,10302.50691527949,10299.099089343143,10299.099089343143,10368.229272623326,69.13018328018418,4.133465672393294,-0.09214362429455857,64.99671760779088,64.90457398349632,135.0,-3.5589061649456717,mean
646,B0,15,TRXUSDT,2026-05-08 07:14:00+00:00,2026-05-08 07:16:00+00:00,2026-05-08 09:01:00+00:00,10308.99737267784,10320.182967451463,10320.182967451463,10288.981045188204,31.201922263259004,4.121832802527933,1.0344025945784707,27.08008946073107,28.11449205530954,105.0,2.0252032917887335,mean
647,B0,15,NEARUSDT,2026-05-08 07:44:00+00:00,2026-05-08 07:46:00+00:00,2026-05-08 11:16:00+00:00,10306.436106960886,10346.95944683098,10346.95944683098,10468.529466441267,-121.57001961028578,4.16309778265445,0.28656002860980206,-125.73311739294024,-125.44655736433045,210.0,2.490979662183124,mean
648,B0,15,SUIUSDT,2026-05-08 14:44:00+00:00,2026-05-08 14:46:00+00:00,2026-05-08 17:16:00+00:00,10299.264166146939,10298.242717752002,10298.242717752002,10287.0067854077,11.235932344302674,4.11704990063194,0.720820953583694,7.118882443670733,7.839703397254427,150.0,3.239512387860192,mean
651,B0,15,FILUSDT,2026-05-08 17:29:00+00:00,2026-05-08 17:31:00+00:00,2026-05-08 18:31:00+00:00,10265.105864325196,10332.528562941454,10332.528562941454,10113.404792438616,219.1237705028369,4.089186671076014,0.0,215.0345838317609,215.0345838317609,60.0,4.356639566742201,mean
649,B0,15,LTCUSDT,2026-05-08 14:44:00+00:00,2026-05-08 14:46:00+00:00,2026-05-08 19:01:00+00:00,10299.264166146939,10290.275455930368,10290.275455930368,10480.83611252167,-190.56065659130223,4.154222313690408,0.6760038383269397,-194.71487890499264,-194.0388750666657,255.0,3.1708049000028846,timeout
650,B0,15,UNIUSDT,2026-05-08 14:44:00+00:00,2026-05-08 14:46:00+00:00,2026-05-08 19:01:00+00:00,10299.264166146939,10282.036514907217,10282.036514907217,10597.876787635447,-315.8402727282303,4.175982660508533,0.272782629729753,-320.0162553887388,-319.743472759009,255.0,3.152268561747934,stop
653,B0,15,LINKUSDT,2026-05-08 19:14:00+00:00,2026-05-08 19:16:00+00:00,2026-05-08 20:16:00+00:00,10269.4113547744,10279.292439499479,10279.292439499479,10218.029714203989,61.26272529548973,4.099464430740694,0.0,57.163260864749034,57.163260864749034,60.0,4.204908258845807,mean
654,B0,15,XRPUSDT,2026-05-08 19:14:00+00:00,2026-05-08 19:16:00+00:00,2026-05-08 20:31:00+00:00,10269.4113547744,10282.41609688682,10282.41609688682,10213.057472287246,69.35862459957421,4.099094713834813,0.0,65.2595298857394,65.2595298857394,75.0,3.8467967195057695,mean
652,B0,15,SOLUSDT,2026-05-08 18:44:00+00:00,2026-05-08 18:46:00+00:00,2026-05-08 20:46:00+00:00,10270.47735690358,10276.042201591976,10276.042201591976,10271.59032584126,4.451875750715881,4.109526505486647,0.0,0.3423492452292338,0.3423492452292338,120.0,5.409829628477319,mean
656,B0,15,FILUSDT,2026-05-08 21:44:00+00:00,2026-05-08 21:46:00+00:00,2026-05-08 23:16:00+00:00,10282.449874086842,10266.089571980101,10266.089571980101,10544.214707794701,-278.1251358146006,4.162060855954961,0.0,-282.28719667055555,-282.28719667055555,90.0,2.1765134911719604,stop
655,B0,15,ADAUSDT,2026-05-08 21:44:00+00:00,2026-05-08 21:46:00+00:00,2026-05-08 23:46:00+00:00,10282.449874086842,10256.474721030685,10256.474721030685,10108.045274995507,148.42944603517648,4.072903999205238,0.0,144.35654203597124,144.35654203597124,120.0,3.035200857978134,mean
657,B0,15,FILUSDT,2026-05-08 23:29:00+00:00,2026-05-08 23:31:00+00:00,2026-05-09 00:31:00+00:00,10262.921791687477,10262.921791687477,10262.921791687477,9958.54616440549,304.37562728198543,4.044293591218593,0.5088327271769185,300.3313336907669,300.8401664179438,60.0,3.563448434517785,mean
658,B0,15,SUIUSDT,2026-05-09 00:29:00+00:00,2026-05-09 00:31:00+00:00,2026-05-09 01:01:00+00:00,10303.622698146653,10292.73510451749,10292.73510451749,10714.3819123379,-421.64680782041034,4.201423403371078,0.0,-425.84823122378145,-425.84823122378145,30.0,2.014900725967295,stop
659,B0,15,UNIUSDT,2026-05-09 00:44:00+00:00,2026-05-09 00:46:00+00:00,2026-05-09 03:01:00+00:00,10272.701680224798,10327.011496139283,10327.011496139283,10147.789103621482,179.22239251779936,4.0949601199521535,0.0,175.1274323978472,175.1274323978472,135.0,2.465595250185377,mean
660,B0,15,SUIUSDT,2026-05-09 01:14:00+00:00,2026-05-09 01:16:00+00:00,2026-05-09 03:16:00+00:00,10263.824385220481,10263.824385220481,10263.824385220481,10213.097081833888,50.72730338659283,4.0953842934108735,0.0,46.631919093181956,46.631919093181956,120.0,6.9892068410081105,mean
661,B0,15,HBARUSDT,2026-05-09 01:14:00+00:00,2026-05-09 01:16:00+00:00,2026-05-09 03:31:00+00:00,10263.824385220481,10275.841635698122,10275.841635698122,10286.76640885961,-10.924773161489464,4.112521608911546,0.0,-15.03729477040101,-15.03729477040101,135.0,2.7543586528072312,mean
662,B0,15,XLMUSDT,2026-05-09 03:14:00+00:00,2026-05-09 03:16:00+00:00,2026-05-09 03:46:00+00:00,10277.179061726405,10275.951569452685,10275.951569452685,10215.804448040371,60.14712141231393,4.098351203498611,0.0,56.04877020881532,56.04877020881532,30.0,2.39625133117214,mean
663,B0,15,SUIUSDT,2026-05-09 09:29:00+00:00,2026-05-09 09:31:00+00:00,2026-05-09 11:31:00+00:00,10282.43308483575,10290.304803943758,10290.304803943758,10346.390802588317,56.08599864455901,4.127339121306415,0.0,51.9586595232526,51.9586595232526,120.0,-2.51582566437318,mean
664,B0,15,FILUSDT,2026-05-09 09:29:00+00:00,2026-05-09 09:31:00+00:00,2026-05-09 11:46:00+00:00,10282.43308483575,10282.43308483575,10282.43308483575,10358.411654428133,75.9785695923834,4.128168947852776,0.0,71.85040064453062,71.85040064453062,135.0,-2.0726054553096502,mean
665,B0,15,AAVEUSDT,2026-05-09 15:14:00+00:00,2026-05-09 15:16:00+00:00,2026-05-09 16:01:00+00:00,10294.813990852526,10305.74382840519,10305.74382840519,10345.091243594774,39.34741518958386,4.1301670143999925,0.8530027551815172,35.21724817518387,36.07025093036538,45.0,-2.192629919572569,mean
666,B0,15,UNIUSDT,2026-05-09 18:14:00+00:00,2026-05-09 18:16:00+00:00,2026-05-09 20:31:00+00:00,10298.421015945562,10312.292811495057,10312.292811495057,10320.615888824754,-8.323077329697698,4.126581740063962,0.0,-12.449659069761662,-12.449659069761662,135.0,2.1889773151169076,mean
668,B0,15,SUIUSDT,2026-05-10 00:29:00+00:00,2026-05-10 00:31:00+00:00,2026-05-10 01:31:00+00:00,10297.240857062003,10299.114786244361,10299.114786244361,10040.51255907884,258.60222716552295,4.06792546906464,0.0,254.53430169645833,254.53430169645833,60.0,2.2897133465369737,mean
667,B0,15,UNIUSDT,2026-05-09 23:59:00+00:00,2026-05-10 00:01:00+00:00,2026-05-10 03:31:00+00:00,10297.176050038584,10283.652046820778,10283.652046820778,10034.81038761312,248.8416592076571,4.063692486886779,0.0,244.77796672077034,244.77796672077034,210.0,2.1315263633299932,mean
669,B0,15,UNIUSDT,2026-05-10 05:29:00+00:00,2026-05-10 05:31:00+00:00,2026-05-10 07:01:00+00:00,10347.107276880306,10352.479606722924,10352.479606722924,10733.91502554873,-381.4354188258054,4.2172789264543304,0.0,-385.6526977522597,-385.6526977522597,90.0,3.687384099431849,stop
671,B0,15,AAVEUSDT,2026-05-10 07:29:00+00:00,2026-05-10 07:31:00+00:00,2026-05-10 09:01:00+00:00,10296.43916844857,10300.669857372433,10300.669857372433,10253.074606978988,47.595250393445156,4.1107488928702836,-0.44288560853310205,43.48450150057487,43.04161589204177,90.0,2.184025229177055,mean
670,B0,15,UNIUSDT,2026-05-10 07:14:00+00:00,2026-05-10 07:16:00+00:00,2026-05-10 09:31:00+00:00,10308.542007105081,10318.886755732381,10318.886755732381,10375.782873182534,-56.896117450151806,4.1389339257829825,1.034733481445746,-61.03505137593479,-60.000317894489044,135.0,5.282082294365926,mean
672,B0,15,HBARUSDT,2026-05-10 07:44:00+00:00,2026-05-10 07:46:00+00:00,2026-05-10 09:46:00+00:00,10299.594508822278,10305.065450344015,10305.065450344015,10320.384086604878,-15.318636260864034,4.125089907389778,0.23615209659747785,-19.44372616825381,-19.20757407165633,120.0,2.025445753730888,mean
674,B0,15,UNIUSDT,2026-05-10 11:14:00+00:00,2026-05-10 11:16:00+00:00,2026-05-10 12:16:00+00:00,10280.112445956522,10282.757188031632,10282.757188031632,10454.66542291385,171.90823488221594,4.147484522189096,0.0,167.76075036002686,167.76075036002686,60.0,-2.4866007295109283,mean
673,B0,15,SUIUSDT,2026-05-10 09:14:00+00:00,2026-05-10 09:16:00+00:00,2026-05-10 12:46:00+00:00,10300.714022675389,10311.773212822307,10311.773212822307,10383.657948777276,-71.88473595496853,4.139086232319917,0.0,-76.02382218728845,-76.02382218728845,210.0,3.003123029349927,mean
675,B0,15,HBARUSDT,2026-05-10 12:14:00+00:00,2026-05-10 12:16:00+00:00,2026-05-10 13:46:00+00:00,10302.74726483606,10307.061648112793,10307.061648112793,10249.896069696093,57.16557841669954,4.111391543561777,0.0,53.054186873137766,53.054186873137766,90.0,2.3628510150982796,mean
676,B0,15,UNIUSDT,2026-05-10 13:14:00+00:00,2026-05-10 13:16:00+00:00,2026-05-10 15:31:00+00:00,10316.265841884186,10328.886671150009,10328.886671150009,10212.775041904433,116.11162924557527,4.108332342610888,0.0,112.00329690296438,112.00329690296438,135.0,3.1013497029622634,mean
679,B0,15,SUIUSDT,2026-05-10 15:44:00+00:00,2026-05-10 15:46:00+00:00,2026-05-10 16:16:00+00:00,10332.786531011892,10371.67057465594,10371.67057465594,10674.102025220765,-302.43145056482496,4.209154519975341,0.5133297542939154,-306.64060508480026,-306.12727533050634,30.0,3.722230959737329,stop
677,B0,15,AAVEUSDT,2026-05-10 13:59:00+00:00,2026-05-10 14:01:00+00:00,2026-05-10 16:46:00+00:00,10307.081917173644,10296.696947987575,10296.696947987575,10276.965506534043,19.731441453532646,4.1147324909043235,1.02852734818829,15.616708962628323,16.645236310816614,165.0,3.9767600914980004,mean
678,B0,15,XLMUSDT,2026-05-10 15:14:00+00:00,2026-05-10 15:16:00+00:00,2026-05-10 17:16:00+00:00,10323.847026941154,10334.423464174974,10334.423464174974,10693.40018675814,-358.97672258316516,4.205564730186622,1.0425642124599834,-363.18228731335176,-362.1397231008918,120.0,2.374972216837436,stop
680,B0,15,SUIUSDT,2026-05-10 16:29:00+00:00,2026-05-10 16:31:00+00:00,2026-05-10 17:16:00+00:00,10279.893797232211,10274.985755314221,10274.985755314221,10578.466347243331,-303.48059192911126,4.1706904205115105,0.0,-307.65128234962276,-307.65128234962276,45.0,7.090148731006978,stop
682,B0,15,SUIUSDT,2026-05-10 17:29:00+00:00,2026-05-10 17:31:00+00:00,2026-05-10 19:01:00+00:00,10219.548011030973,10272.666565664582,10272.666565664582,10562.89403083661,-290.22746517202893,4.1671121193002385,0.0,-294.3945772913292,-294.3945772913292,90.0,7.980053837332035,stop
681,B0,15,XRPUSDT,2026-05-10 16:59:00+00:00,2026-05-10 17:01:00+00:00,2026-05-10 19:16:00+00:00,10263.218147682614,10287.626154421005,10287.626154421005,10325.981593581331,-38.35543916032664,4.122721549600467,0.0,-42.47816070992711,-42.47816070992711,135.0,5.049656633915944,mean
683,B0,15,XLMUSDT,2026-05-10 17:29:00+00:00,2026-05-10 17:31:00+00:00,2026-05-10 19:16:00+00:00,10219.548011030973,10205.909296614487,10205.909296614487,10157.877302365125,48.03199424936254,4.072757319795922,0.0,43.95923692956662,43.95923692956662,105.0,5.664905500115256,mean
686,B0,15,AVAXUSDT,2026-05-10 19:29:00+00:00,2026-05-10 19:31:00+00:00,2026-05-10 20:16:00+00:00,10202.435367561577,10199.511475117682,10199.511475117682,10107.89617854233,91.61529657535176,4.061481530732003,0.0,87.55381504461975,87.55381504461975,45.0,2.5494465150078622,mean
685,B0,15,AAVEUSDT,2026-05-10 19:29:00+00:00,2026-05-10 19:31:00+00:00,2026-05-10 20:46:00+00:00,10202.435367561577,10191.418700334407,10191.418700334407,10006.138387877463,185.28031245694515,4.039511417642374,0.0,181.2408010393028,181.2408010393028,75.0,3.163169883263032,mean
684,B0,15,SUIUSDT,2026-05-10 19:14:00+00:00,2026-05-10 19:16:00+00:00,2026-05-10 21:01:00+00:00,10207.571030991145,10221.673986894928,10221.673986894928,9977.470171508361,244.20381538656775,4.039828831680658,0.0,240.1639865548871,240.1639865548871,105.0,3.8570030137578026,mean
688,B0,15,LTCUSDT,2026-05-10 20:59:00+00:00,2026-05-10 21:01:00+00:00,2026-05-10 22:31:00+00:00,10248.731542151712,10262.78293072707,10262.78293072707,10452.476676494402,189.69374576733216,4.143051921444295,0.0,185.55069384588788,185.55069384588788,90.0,-4.313266935611345,mean
687,B0,15,HBARUSDT,2026-05-10 20:44:00+00:00,2026-05-10 20:46:00+00:00,2026-05-10 22:46:00+00:00,10254.353362026284,10238.40403597585,10238.40403597585,10376.63152841295,138.2274924371021,4.12300711287776,0.0,134.10448532422433,134.10448532422433,120.0,-3.0889470950250786,mean
689,B0,15,AVAXUSDT,2026-05-10 21:14:00+00:00,2026-05-10 21:16:00+00:00,2026-05-10 22:46:00+00:00,10246.155067456095,10256.346190459333,10256.346190459333,10466.283324326048,209.9371338667148,4.144525902957076,0.0,205.79260796375772,205.79260796375772,90.0,-4.385881824226806,mean
691,B0,15,BNBUSDT,2026-05-10 22:59:00+00:00,2026-05-10 23:01:00+00:00,2026-05-11 00:31:00+00:00,10308.826805115637,10312.385574594327,10312.385574594327,10241.519643236083,70.86593135824397,4.110781043566082,0.948280071505447,66.75515031467789,67.70343038618334,90.0,2.063644892918773,mean
690,B0,15,BTCUSDT,2026-05-10 22:59:00+00:00,2026-05-10 23:01:00+00:00,2026-05-11 00:46:00+00:00,10308.826805115637,10328.146435955347,10328.146435955347,10253.117889122412,75.02854683293397,4.116252865015552,0.5989039110235622,70.91229396791842,71.51119787894197,105.0,2.3977120108624694,mean
692,B0,15,DOGEUSDT,2026-05-10 22:59:00+00:00,2026-05-10 23:01:00+00:00,2026-05-11 00:46:00+00:00,10308.826805115637,10294.08147802089,10294.08147802089,10215.746927830041,78.33455019084735,4.101965681170186,1.0141830261953368,74.23258450967717,75.24676753587251,105.0,2.0560182615566975,mean
693,B0,15,LTCUSDT,2026-05-11 02:29:00+00:00,2026-05-11 02:31:00+00:00,2026-05-11 05:16:00+00:00,10330.272944695738,10333.773545490281,10333.773545490281,10272.513031585782,-61.260513904498865,4.121257315415213,0.0,-65.38177121991407,-65.38177121991407,165.0,-2.1408177570701215,mean
695,B0,15,BTCUSDT,2026-05-11 03:14:00+00:00,2026-05-11 03:16:00+00:00,2026-05-11 05:16:00+00:00,10315.584260865837,10318.977132424572,10318.977132424572,10348.3094672965,29.332334871928104,4.133457319944214,0.0,25.198877551983887,25.198877551983887,120.0,-2.8373809696135415,mean
694,B0,15,BNBUSDT,2026-05-11 02:29:00+00:00,2026-05-11 02:31:00+00:00,2026-05-11 05:31:00+00:00,10330.272944695738,10333.26754649836,10333.26754649836,10303.321528472146,-29.946018026214347,4.127317814994101,0.0,-34.07333584120845,-34.07333584120845,180.0,-2.0517343830128856,mean
696,B0,15,XRPUSDT,2026-05-11 15:29:00+00:00,2026-05-11 15:31:00+00:00,2026-05-11 17:01:00+00:00,10322.847321744823,10320.763441658339,10320.763441658339,10217.958690725143,102.80475093319602,4.107744426476696,-0.19373136453463508,98.69700650671932,98.50327514218468,90.0,2.7177228220898493,mean
698,B0,15,BNBUSDT,2026-05-11 15:59:00+00:00,2026-05-11 16:01:00+00:00,2026-05-11 17:31:00+00:00,10323.682846519232,10319.93983891569,10319.93983891569,10295.298372192372,24.641466723318693,4.1230476422216125,0.0,20.51841908109708,20.51841908109708,90.0,2.229421113987004,mean
697,B0,15,SOLUSDT,2026-05-11 15:59:00+00:00,2026-05-11 16:01:00+00:00,2026-05-11 18:46:00+00:00,10323.682846519232,10303.411042665999,10303.411042665999,10388.766006258553,-85.35496359255377,4.138435409784909,0.0,-89.49339900233868,-89.49339900233868,165.0,2.5176797103896384,mean
699,B0,15,BTCUSDT,2026-05-11 17:44:00+00:00,2026-05-11 17:46:00+00:00,2026-05-11 19:31:00+00:00,10321.846872111906,10324.693881979436,10324.693881979436,10309.677794536545,15.016087442891186,4.126874335303196,0.0,10.889213107587988,10.889213107587988,105.0,2.451067667439149,mean
700,B0,15,BNBUSDT,2026-05-11 22:59:00+00:00,2026-05-11 23:01:00+00:00,2026-05-12 03:16:00+00:00,10326.889072577676,10344.135972105409,10344.135972105409,10211.396441811621,132.73953029378728,4.111106482783406,0.6871469339207983,128.62842381100387,129.31557074492466,255.0,2.5615462088764205,timeout
702,B0,15,BTCUSDT,2026-05-12 01:44:00+00:00,2026-05-12 01:46:00+00:00,2026-05-12 03:46:00+00:00,10341.395370132763,10342.059016386307,10342.059016386307,10353.392052408371,11.333036022063673,4.139090213758935,0.0,7.193945808304738,7.193945808304738,120.0,-2.32398346691324,mean
701,B0,15,ETHUSDT,2026-05-12 01:44:00+00:00,2026-05-12 01:46:00+00:00,2026-05-12 04:31:00+00:00,10341.395370132763,10339.020139564205,10339.020139564205,10358.156431125984,19.136291561778652,4.139435314138038,0.0,14.996856247640613,14.996856247640613,165.0,-2.778893235805289,mean
703,B0,15,ETHUSDT,2026-05-12 08:14:00+00:00,2026-05-12 08:16:00+00:00,2026-05-12 09:46:00+00:00,10342.039709857761,10340.137733871607,10340.137733871607,10387.777703810523,47.639969938918036,4.145583087536426,0.0,43.494386851381606,43.494386851381606,90.0,-2.3473135340531077,mean
704,B0,15,BCHUSDT,2026-05-12 11:14:00+00:00,2026-05-12 11:16:00+00:00,2026-05-12 13:01:00+00:00,10346.3891485429,10344.030997170012,10344.030997170012,10379.167452626032,35.13645545602054,4.144639689959209,0.0,30.991815766061336,30.991815766061336,105.0,-2.3711635218928064,mean
706,B0,15,AAVEUSDT,2026-05-12 14:44:00+00:00,2026-05-12 14:46:00+00:00,2026-05-12 16:46:00+00:00,10350.166246410028,10338.28564234966,10338.28564234966,10322.084818630974,-16.200823718684784,4.132074092196127,0.3527818540899717,-20.33289781088091,-19.98011595679094,120.0,-2.347478666799257,mean
705,B0,15,BNBUSDT,2026-05-12 14:29:00+00:00,2026-05-12 14:31:00+00:00,2026-05-12 17:16:00+00:00,10349.488330119508,10342.220652911536,10342.220652911536,10338.112835359203,-4.107817552332578,4.136066697654147,-1.6147369537446243,-8.243884249986726,-9.85862120373135,165.0,-2.353220747678679,mean
707,B0,15,HBARUSDT,2026-05-12 14:59:00+00:00,2026-05-12 15:01:00+00:00,2026-05-12 17:16:00+00:00,10347.465257727032,10348.57561991801,10348.57561991801,10350.796344299966,2.220724381955794,4.139874392843595,-0.7805440337437785,-1.9191500108878015,-2.69969404463158,135.0,-2.224061710223403,mean
708,B0,15,BTCUSDT,2026-05-12 16:59:00+00:00,2026-05-12 17:01:00+00:00,2026-05-12 17:31:00+00:00,10338.381180579594,10341.716680234564,10341.716680234564,10398.950234391745,57.233554157180976,4.148133382925261,0.0,53.08542077425571,53.08542077425571,30.0,-2.098069972101707,mean
709,B0,15,NEARUSDT,2026-05-12 18:44:00+00:00,2026-05-12 18:46:00+00:00,2026-05-12 19:46:00+00:00,10351.543029076418,10370.903770402621,10370.903770402621,10254.739322445404,116.16444795721677,4.125128618569605,0.0,112.03931933864716,112.03931933864716,60.0,2.619997409890624,mean
711,B0,15,NEARUSDT,2026-05-12 20:44:00+00:00,2026-05-12 20:46:00+00:00,2026-05-12 22:01:00+00:00,10355.426224553776,10342.696751628693,10342.696751628693,10285.414123465827,57.282628162865954,4.125622175018904,0.0,53.15700598784705,53.15700598784705,75.0,2.055591541379288,mean
710,B0,15,BNBUSDT,2026-05-12 18:44:00+00:00,2026-05-12 18:46:00+00:00,2026-05-12 22:46:00+00:00,10351.543029076418,10351.38633945682,10351.38633945682,10447.90714512876,-96.52080567193994,4.159858696917116,0.0,-100.68066436885707,-100.68066436885707,240.0,2.0588188314252083,mean
712,B0,15,BNBUSDT,2026-05-13 01:14:00+00:00,2026-05-13 01:16:00+00:00,2026-05-13 04:16:00+00:00,10357.99459517218,10361.831628450875,10361.831628450875,10398.513666595201,-36.68203814432612,4.152069059009214,0.0,-40.834107203335336,-40.834107203335336,180.0,2.531756379803236,mean
713,B0,15,NEARUSDT,2026-05-13 01:14:00+00:00,2026-05-13 01:16:00+00:00,2026-05-13 04:16:00+00:00,10357.99459517218,10364.230594326407,10364.230594326407,10420.354586714457,-56.12399238804988,4.156917036208172,0.0,-60.28090942425805,-60.28090942425805,180.0,2.395467446401911,mean
714,B0,15,DOTUSDT,2026-05-13 02:14:00+00:00,2026-05-13 02:16:00+00:00,2026-05-13 04:31:00+00:00,10347.530391725013,10347.530391725013,10347.530391725013,10689.66034589667,-342.1299541716568,4.2074381475243365,0.0,-346.3373923191811,-346.3373923191811,135.0,2.110328831631958,stop
715,B0,15,DOTUSDT,2026-05-13 04:44:00+00:00,2026-05-13 04:46:00+00:00,2026-05-13 05:46:00+00:00,10313.249354277503,10283.803959975496,10283.803959975496,10202.82912564498,80.97483433051661,4.097326617124095,0.0,76.87750771339252,76.87750771339252,60.0,2.682062543340518,mean
716,B0,15,BCHUSDT,2026-05-13 07:29:00+00:00,2026-05-13 07:31:00+00:00,2026-05-13 09:16:00+00:00,10320.93710504884,10320.93710504884,10320.93710504884,10367.572101552714,46.634996503872415,4.137701841320311,1.8299215776184001,42.4972946625521,44.3272162401705,105.0,-2.426459038024418,mean
717,B0,15,LINKUSDT,2026-05-13 09:14:00+00:00,2026-05-13 09:16:00+00:00,2026-05-13 10:46:00+00:00,10325.8362614288,10327.764522168562,10327.764522168562,10241.956919249124,85.80760291943672,4.1139442882835375,0.0,81.69365863115318,81.69365863115318,90.0,2.239119780248701,mean
718,B0,15,DOGEUSDT,2026-05-13 09:44:00+00:00,2026-05-13 09:46:00+00:00,2026-05-13 11:31:00+00:00,10323.81348886458,10303.023040546228,10303.023040546228,10211.725854452601,91.29718609362747,4.102949778999766,0.0,87.19423631462772,87.19423631462772,105.0,2.424973966836969,mean
719,B0,15,DOTUSDT,2026-05-13 09:44:00+00:00,2026-05-13 09:46:00+00:00,2026-05-13 14:01:00+00:00,10323.81348886458,10367.465977189588,10367.465977189588,9690.852408151952,676.613569037636,4.011663677068308,0.0,672.6019053605677,672.6019053605677,255.0,2.1324998569846274,timeout
721,B0,15,LINKUSDT,2026-05-13 12:29:00+00:00,2026-05-13 12:31:00+00:00,2026-05-13 16:01:00+00:00,10374.704338187428,10325.9547685124,10325.9547685124,10060.319358242354,-265.6354102700458,4.07725482535095,0.603837877931222,-269.71266509539674,-269.10882721746555,210.0,-2.5978756993787444,stop
720,B0,15,HBARUSDT,2026-05-13 11:59:00+00:00,2026-05-13 12:01:00+00:00,2026-05-13 16:16:00+00:00,10370.425384259146,10363.75487050426,10363.75487050426,10224.785833944185,-138.96903656007657,4.11770814088969,0.7624040304876057,-143.08674470096625,-142.32434067047865,255.0,-2.047882057639896,timeout
722,B0,15,DOTUSDT,2026-05-13 14:14:00+00:00,2026-05-13 14:16:00+00:00,2026-05-13 17:01:00+00:00,10381.314408771595,10389.055881112217,10389.055881112217,10389.055881112217,0.0,4.155622352444887,0.9555240474837638,-4.155622352444887,-3.2000983049611227,165.0,-3.7430872126897827,mean
723,B0,15,BTCUSDT,2026-05-13 16:14:00+00:00,2026-05-13 16:16:00+00:00,2026-05-13 17:31:00+00:00,10356.19257640276,10352.005047335337,10352.005047335337,10409.869085357928,57.864038022590584,4.152374826538653,0.0,53.71166319605193,53.71166319605193,75.0,-3.1917035549194286,mean
724,B0,15,DOGEUSDT,2026-05-13 17:59:00+00:00,2026-05-13 18:01:00+00:00,2026-05-13 19:16:00+00:00,10373.426646403806,10391.772082156578,10391.772082156578,10331.232144172436,60.53993798414178,4.144600845265803,0.0,56.39533713887597,56.39533713887597,75.0,2.2595331714525515,mean
725,B0,15,DOGEUSDT,2026-05-14 00:29:00+00:00,2026-05-14 00:31:00+00:00,2026-05-14 02:31:00+00:00,10379.066180117694,10374.553542648076,10374.553542648076,10308.669035591678,65.88450705639877,4.136644515647951,0.0,61.74786254075082,61.74786254075082,120.0,2.5431836584254985,mean
726,B0,15,NEARUSDT,2026-05-14 03:29:00+00:00,2026-05-14 03:31:00+00:00,2026-05-14 05:16:00+00:00,10385.24096637177,10391.945447305518,10391.945447305518,10418.763371040499,26.817923734982003,4.1621417636692035,0.0,22.6557819713128,22.6557819713128,105.0,-2.001784848122107,mean
727,B0,15,BNBUSDT,2026-05-14 03:59:00+00:00,2026-05-14 04:01:00+00:00,2026-05-14 05:16:00+00:00,10385.703575556196,10386.483072357029,10386.483072357029,10415.324453987787,28.84138163075925,4.160361505268964,0.0,24.681020125490285,24.681020125490285,75.0,-2.381973453167449,mean
728,B0,15,DOGEUSDT,2026-05-14 03:59:00+00:00,2026-05-14 04:01:00+00:00,2026-05-14 05:16:00+00:00,10385.703575556196,10379.233883909947,10379.233883909947,10463.339875311178,84.10599140123006,4.168514751844224,0.0,79.93747664938583,79.93747664938583,75.0,-2.305136113487173,mean
729,B0,15,DOGEUSDT,2026-05-14 05:59:00+00:00,2026-05-14 06:01:00+00:00,2026-05-14 07:46:00+00:00,10397.968394246387,10420.560885977324,10420.560885977324,10316.635424015014,103.92546196230947,4.147439261998468,0.0,99.778022700311,99.778022700311,105.0,2.184767717805571,mean
730,B0,15,TRXUSDT,2026-05-14 09:44:00+00:00,2026-05-14 09:46:00+00:00,2026-05-14 12:16:00+00:00,10407.946196516417,10407.651236866795,10407.651236866795,10438.916959726592,-31.26572285979555,4.169313639318677,0.0,-35.435036499114226,-35.435036499114226,150.0,2.241651934470983,mean
731,B0,15,DOGEUSDT,2026-05-14 12:59:00+00:00,2026-05-14 13:01:00+00:00,2026-05-14 15:16:00+00:00,10404.402692866504,10375.514112721452,10375.514112721452,10352.944909483129,22.569203238322153,4.145691804440916,0.0,18.423511433881234,18.423511433881234,135.0,2.436252318866343,mean
732,B0,15,XRPUSDT,2026-05-14 13:14:00+00:00,2026-05-14 13:16:00+00:00,2026-05-14 17:31:00+00:00,10393.903625907575,10411.034080997657,10411.034080997657,10517.385656348586,-106.35157535093,4.185683947469249,1.0507374047378772,-110.53725929839925,-109.48652189366138,255.0,2.4471662749319685,timeout
733,B0,15,XLMUSDT,2026-05-14 13:14:00+00:00,2026-05-14 13:16:00+00:00,2026-05-14 17:31:00+00:00,10393.903625907575,10399.061250830491,10399.061250830491,10525.423061441947,-126.36181061145477,4.1848968624544876,-0.0014801705687915,-130.54670747390924,-130.54818764447802,255.0,2.0562246564809494,timeout
736,B0,15,XRPUSDT,2026-05-14 17:59:00+00:00,2026-05-14 18:01:00+00:00,2026-05-14 18:31:00+00:00,10374.937703187514,10352.673888373807,10352.673888373807,10626.101364054648,-273.42747568084127,4.19575505048569,0.0,-277.62323073132694,-277.62323073132694,30.0,2.0427837910775306,stop
734,B0,15,BTCUSDT,2026-05-14 15:29:00+00:00,2026-05-14 15:31:00+00:00,2026-05-14 18:46:00+00:00,10381.818339564366,10389.8073819913,10389.8073819913,10446.282089612836,-56.47470762153436,4.167217894320828,0.42657218864521235,-60.641925515855185,-60.215353327209975,195.0,4.106385590834724,mean
737,B0,15,XRPUSDT,2026-05-14 18:44:00+00:00,2026-05-14 18:46:00+00:00,2026-05-14 20:16:00+00:00,10342.932047679993,10338.875730777838,10338.875730777838,10188.115952581049,150.75977819678803,4.105398336671778,0.0,146.65437986011628,146.65437986011628,90.0,5.374862398455571,mean
738,B0,15,ADAUSDT,2026-05-14 18:59:00+00:00,2026-05-14 19:01:00+00:00,2026-05-14 20:16:00+00:00,10332.84714505671,10325.42945148524,10325.42945148524,10121.442878269834,203.98657321540546,4.089374465951015,0.0,199.89719874945445,199.89719874945445,75.0,3.363386096636443,mean
735,B0,15,DOTUSDT,2026-05-14 17:44:00+00:00,2026-05-14 17:46:00+00:00,2026-05-14 21:46:00+00:00,10374.758060912132,10389.610971521884,10389.610971521884,10374.758060912132,14.852910609752529,4.152873806486804,0.0,10.700036803265727,10.700036803265727,240.0,2.188741282303434,mean
739,B0,15,ETHUSDT,2026-05-15 02:14:00+00:00,2026-05-15 02:16:00+00:00,2026-05-15 04:16:00+00:00,10384.18287619151,10384.686547088158,10384.686547088158,10399.934038777592,15.247491689434128,4.1569241171731495,0.0,11.090567572260976,11.090567572260976,120.0,-2.1378023399368513,mean
740,B0,15,DOGEUSDT,2026-05-15 04:59:00+00:00,2026-05-15 05:01:00+00:00,2026-05-15 07:01:00+00:00,10385.291932948734,10389.836122995532,10389.836122995532,10417.10126327631,27.265140280778557,4.161387477254369,0.0,23.103752803524188,23.103752803524188,120.0,-2.1971859258889714,mean
741,B0,15,ETHUSDT,2026-05-15 05:44:00+00:00,2026-05-15 05:46:00+00:00,2026-05-15 07:16:00+00:00,10375.995756132681,10368.140439173314,10368.140439173314,10446.693608766971,78.55316959365825,4.162966809588057,0.0,74.3902027840702,74.3902027840702,90.0,-2.342662044987402,mean
742,B0,15,XRPUSDT,2026-05-15 05:44:00+00:00,2026-05-15 05:46:00+00:00,2026-05-15 07:16:00+00:00,10375.995756132681,10375.285314793678,10375.285314793678,10432.831063252886,57.54574845920895,4.161623275609313,0.0,53.38412518359964,53.38412518359964,90.0,-2.0862538323618547,mean
743,B0,15,BNBUSDT,2026-05-15 07:29:00+00:00,2026-05-15 07:31:00+00:00,2026-05-15 09:16:00+00:00,10400.379741025852,10392.51441603264,10392.51441603264,10360.901859809916,31.61255622272304,4.150683255168511,0.0,27.461872967554527,27.461872967554527,105.0,2.142455470483361,mean
744,B0,15,TRXUSDT,2026-05-15 07:59:00+00:00,2026-05-15 08:01:00+00:00,2026-05-15 10:46:00+00:00,10403.514653859647,10402.922636864607,10402.922636864607,10412.986925780308,10.064288915701226,4.163181912528983,0.0,5.9011070031722435,5.9011070031722435,165.0,-2.31750268530036,mean
745,B0,15,BCHUSDT,2026-05-15 08:29:00+00:00,2026-05-15 08:31:00+00:00,2026-05-15 10:46:00+00:00,10403.770120159847,10389.5193728915,10389.5193728915,10432.754690875125,43.23531798362393,4.164454812753325,0.0,39.07086317087061,39.07086317087061,135.0,-2.2789733265021117,mean
746,B0,15,BTCUSDT,2026-05-15 13:44:00+00:00,2026-05-15 13:46:00+00:00,2026-05-15 16:01:00+00:00,10407.623125340011,10399.782880002806,10399.782880002806,10407.767827854625,7.984947851820266,4.161510141571486,-0.16111265324699436,3.82343771024878,3.6623250570017856,135.0,-4.347724059903562,mean
747,B0,15,ETHUSDT,2026-05-15 13:44:00+00:00,2026-05-15 13:46:00+00:00,2026-05-15 16:01:00+00:00,10407.623125340011,10399.899697607843,10399.899697607843,10396.155005374065,-3.744692233779145,4.159210940596381,-0.1453053021958078,-7.903903174375527,-8.049208476571335,135.0,-2.895311802386078,mean
748,B0,15,LTCUSDT,2026-05-15 13:44:00+00:00,2026-05-15 13:46:00+00:00,2026-05-15 16:01:00+00:00,10407.623125340011,10402.145428958253,10402.145428958253,10376.582845843383,-25.562583114870307,4.155745654960326,0.42463101732745345,-29.718328769830634,-29.29369775250318,135.0,-2.8749776883090417,mean
749,B0,15,NEARUSDT,2026-05-15 17:14:00+00:00,2026-05-15 17:16:00+00:00,2026-05-15 19:01:00+00:00,10404.255067222803,10390.992791802506,10390.992791802506,10337.94369012132,53.04910168118706,4.145787296384765,0.0,48.90331438480229,48.90331438480229,105.0,2.371265416364205,mean
750,B0,15,BNBUSDT,2026-05-16 04:14:00+00:00,2026-05-16 04:16:00+00:00,2026-05-16 05:46:00+00:00,10409.145398661283,10410.715381828757,10410.715381828757,10439.91706874375,29.201686914993935,4.170126490114502,0.0,25.03156042487943,25.03156042487943,90.0,-2.2211512717558555,mean
751,B0,15,AAVEUSDT,2026-05-16 06:29:00+00:00,2026-05-16 06:31:00+00:00,2026-05-16 10:46:00+00:00,10411.648554703774,10419.748303523837,10419.748303523837,10221.883010919442,-197.86529260439417,4.128326262888656,1.0582255848035764,-201.99361886728283,-200.93539328247925,255.0,-2.342376703833171,timeout
753,B0,15,FILUSDT,2026-05-16 07:14:00+00:00,2026-05-16 07:16:00+00:00,2026-05-16 11:01:00+00:00,10388.507797737277,10324.04963146383,10324.04963146383,10377.764770025035,53.71513856120623,4.140362880297773,1.007591881730809,49.57477568090846,50.58236756263927,225.0,-3.54572899193482,mean
752,B0,15,BCHUSDT,2026-05-16 06:59:00+00:00,2026-05-16 07:01:00+00:00,2026-05-16 11:16:00+00:00,10408.894524394254,10411.114273007375,10411.114273007375,10165.21545442052,-245.8988185868564,4.115265945485579,0.6393586180157126,-250.01408453234197,-249.37472591432626,255.0,-2.268335783495509,timeout
754,B0,15,SOLUSDT,2026-05-16 10:59:00+00:00,2026-05-16 11:01:00+00:00,2026-05-16 11:46:00+00:00,10367.82784814505,10389.543103121385,10389.543103121385,10394.368715338347,4.825612216962061,4.1567823636919465,0.0,0.6688298532701147,0.6688298532701147,45.0,-2.1075047283784243,mean
756,B0,15,TRXUSDT,2026-05-16 11:29:00+00:00,2026-05-16 11:31:00+00:00,2026-05-16 12:01:00+00:00,10371.347348372872,10369.878651852483,10369.878651852483,10327.580192065305,42.29845978717827,4.139491768783557,0.0,38.15896801839471,38.15896801839471,30.0,2.367917779195241,mean
755,B0,15,BCHUSDT,2026-05-16 11:29:00+00:00,2026-05-16 11:31:00+00:00,2026-05-16 12:31:00+00:00,10371.347348372872,10371.095872999507,10371.095872999507,10398.0037379497,26.90786495019374,4.153819922189841,0.0,22.7540450280039,22.7540450280039,60.0,-3.3648975101103407,mean
757,B0,15,TRXUSDT,2026-05-16 16:14:00+00:00,2026-05-16 16:16:00+00:00,2026-05-16 19:16:00+00:00,10377.833963830322,10381.360640528497,10381.360640528497,10410.455723288444,-29.095082759945416,4.158363272763388,0.0,-33.25344603270881,-33.25344603270881,180.0,2.166459094332479,mean
758,B0,15,NEARUSDT,2026-05-17 05:14:00+00:00,2026-05-17 05:16:00+00:00,2026-05-17 06:46:00+00:00,10374.508619227052,10381.30266547409,10381.30266547409,10326.950295497787,54.35236997630418,4.141650592194376,0.0,50.21071938410981,50.21071938410981,90.0,2.034492248331821,mean
759,B0,15,TRXUSDT,2026-05-17 11:59:00+00:00,2026-05-17 12:01:00+00:00,2026-05-17 16:16:00+00:00,10379.529691165462,10383.025953798277,10383.025953798277,10402.838108717551,-19.812154919276022,4.157172812503166,0.6577971977613971,-23.969327731779188,-23.31153053401779,255.0,2.038511746865805,timeout
760,B0,15,BCHUSDT,2026-05-17 23:14:00+00:00,2026-05-17 23:16:00+00:00,2026-05-18 01:46:00+00:00,10377.198538112061,10375.145324442412,10375.145324442412,9945.767015777177,-429.37830866523626,4.064182468043917,0.9824585054045899,-433.4424911332802,-432.46003262787565,150.0,-4.55210733962121,stop
762,B0,15,UNIUSDT,2026-05-17 23:29:00+00:00,2026-05-17 23:31:00+00:00,2026-05-18 02:16:00+00:00,10377.604352563509,10362.796127174577,10362.796127174577,10253.21525929648,-109.58086787809617,4.123202277294212,-0.15698590671957025,-113.70407015539038,-113.86105606210995,165.0,-2.1081661017256272,mean
761,B0,15,LTCUSDT,2026-05-17 23:14:00+00:00,2026-05-17 23:16:00+00:00,2026-05-18 02:31:00+00:00,10377.198538112061,10380.96043716521,10380.96043716521,10187.222635928025,-193.73780123718387,4.113636614618646,0.5678611251741698,-197.85143785180253,-197.28357672662835,195.0,-2.689930641654063,mean
763,B0,15,BCHUSDT,2026-05-18 01:59:00+00:00,2026-05-18 02:01:00+00:00,2026-05-18 05:31:00+00:00,10293.801767312192,10281.41800865898,10281.41800865898,9940.732903582328,-340.6851050766528,4.044430182448261,0.0,-344.7295352591011,-344.7295352591011,210.0,-6.323855173822857,stop
764,B0,15,TRXUSDT,2026-05-18 03:29:00+00:00,2026-05-18 03:31:00+00:00,2026-05-18 06:01:00+00:00,10291.091834082341,10291.380326228396,10291.380326228396,10275.224766049303,16.1555601790933,4.11332101845554,0.0,12.042239160637761,12.042239160637761,150.0,2.4455687285657994,mean
765,B0,15,BCHUSDT,2026-05-18 05:44:00+00:00,2026-05-18 05:46:00+00:00,2026-05-18 06:31:00+00:00,10267.899647506516,10286.430810944874,10286.430810944874,9964.043070539328,-322.3877404055468,4.050094776296841,0.0,-326.43783518184364,-326.43783518184364,45.0,-3.6997570903425614,stop
766,B0,15,DOGEUSDT,2026-05-18 06:14:00+00:00,2026-05-18 06:16:00+00:00,2026-05-18 09:01:00+00:00,10263.313733515928,10277.97980058297,10277.97980058297,10201.716251834352,-76.26354874861822,4.095939210483465,-0.06981774827971371,-80.35948795910168,-80.4293057073814,165.0,-2.007714939169658,mean
767,B0,15,BCHUSDT,2026-05-18 06:44:00+00:00,2026-05-18 06:46:00+00:00,2026-05-18 10:31:00+00:00,10233.297916530713,10250.691154774426,10250.691154774426,9889.574398857352,-361.1167559170726,4.028053110726355,5.924187078792021,-365.14480902779894,-359.2206219490069,225.0,-5.296541318829833,stop
770,B0,15,NEARUSDT,2026-05-18 11:44:00+00:00,2026-05-18 11:46:00+00:00,2026-05-18 13:31:00+00:00,10192.70176969281,10206.086801563713,10206.086801563713,10085.621514725584,120.4652868381292,4.05834166325786,0.0,116.40694517487134,116.40694517487134,105.0,2.1385011778274823,mean
769,B0,15,TRXUSDT,2026-05-18 10:59:00+00:00,2026-05-18 11:01:00+00:00,2026-05-18 14:46:00+00:00,10195.82842755278,10197.542348225328,10197.542348225328,10188.972744862582,8.56960336274759,4.077303018617582,0.0,4.492300344130007,4.492300344130007,225.0,2.000688972518287,mean
768,B0,15,BCHUSDT,2026-05-18 10:44:00+00:00,2026-05-18 10:46:00+00:00,2026-05-18 15:01:00+00:00,10192.96056567673,10179.594053955885,10179.594053955885,10434.410958251143,254.81690429525764,4.122801002441406,0.0,250.69410329281624,250.69410329281624,255.0,-2.150915569858325,timeout
771,B0,15,BTCUSDT,2026-05-18 14:59:00+00:00,2026-05-18 15:01:00+00:00,2026-05-18 16:46:00+00:00,10231.238649149558,10232.940064248776,10232.940064248776,10246.256651718239,13.316587469463146,4.095839343193403,-0.734626217601859,9.220748126269743,8.486121908667885,105.0,-2.135966805089023,mean
772,B0,15,TRXUSDT,2026-05-18 15:14:00+00:00,2026-05-18 15:16:00+00:00,2026-05-18 17:31:00+00:00,10228.162918174123,10221.237374090722,10221.237374090722,10247.496728740287,26.259354649564422,4.093746820566201,-0.4678093527078214,22.165607828998223,21.6977984762904,135.0,-2.8134841209866073,mean
773,B0,15,ETHUSDT,2026-05-18 15:14:00+00:00,2026-05-18 15:16:00+00:00,2026-05-18 17:31:00+00:00,10228.162918174123,10223.25069971232,10223.25069971232,10237.744175965956,14.493476253636013,4.092198975135656,-0.528586754581397,10.401277278500359,9.872690523918962,135.0,-2.2379404635794344,mean
774,B0,15,NEARUSDT,2026-05-18 17:29:00+00:00,2026-05-18 17:31:00+00:00,2026-05-18 18:46:00+00:00,10235.572822529559,10228.981983622587,10228.981983622587,10057.62017204128,171.36181158130637,4.057320431132773,0.0,167.3044911501736,167.3044911501736,75.0,2.5853267701937646,mean
776,B0,15,LTCUSDT,2026-05-18 20:14:00+00:00,2026-05-18 20:16:00+00:00,2026-05-18 23:31:00+00:00,10245.437198437006,10243.552806824273,10243.552806824273,10237.899631986069,5.653174838203455,4.096290487762069,0.0,1.5568843504413867,1.5568843504413867,195.0,2.0357641970463094,mean
775,B0,15,NEARUSDT,2026-05-18 19:44:00+00:00,2026-05-18 19:46:00+00:00,2026-05-18 23:46:00+00:00,10250.856010763815,10270.40627651861,10270.40627651861,10583.210528595318,-312.8042520767092,4.170723361022786,0.0,-316.974975437732,-316.974975437732,240.0,2.6679995842558344,stop
777,B0,15,UNIUSDT,2026-05-18 21:14:00+00:00,2026-05-18 21:16:00+00:00,2026-05-19 01:16:00+00:00,10245.656374939199,10275.174255593014,10275.174255593014,10458.185115646667,-183.01086005365406,4.146671874247936,0.7959724691518678,-187.15753192790197,-186.3615594587501,240.0,2.0816098441708766,mean
778,B0,15,SUIUSDT,2026-05-19 06:44:00+00:00,2026-05-19 06:46:00+00:00,2026-05-19 08:16:00+00:00,10200.67804570921,10195.979437673415,10195.979437673415,10105.766163386166,90.21327428724916,4.060349120211916,-0.5653298844322118,86.15292516703724,85.58759528260502,90.0,2.3025756580853822,mean
779,B0,15,NEARUSDT,2026-05-19 07:29:00+00:00,2026-05-19 07:31:00+00:00,2026-05-19 09:01:00+00:00,10208.555731942022,10214.742735415928,10214.742735415928,10165.246707624694,49.4960277912341,4.075997888608124,0.5272830239795696,45.42002990262598,45.94731292660555,90.0,2.1278321958055124,mean
780,B0,15,TRXUSDT,2026-05-19 09:29:00+00:00,2026-05-19 09:31:00+00:00,2026-05-19 11:16:00+00:00,10213.831536530131,10209.509258330956,10209.509258330956,10237.171838805674,27.662580474717956,4.0893362194273255,0.0,23.573244255290632,23.573244255290632,105.0,-2.7568997602443432,mean
782,B0,15,NEARUSDT,2026-05-19 11:44:00+00:00,2026-05-19 11:46:00+00:00,2026-05-19 12:46:00+00:00,10212.671064290516,10193.426081129164,10193.426081129164,10328.140963258626,134.71488212946116,4.104313408877558,0.0,130.6105687205836,130.6105687205836,60.0,-2.357693897963659,mean
781,B0,15,LINKUSDT,2026-05-19 10:44:00+00:00,2026-05-19 10:46:00+00:00,2026-05-19 13:01:00+00:00,10215.874931008535,10221.219079852963,10221.219079852963,10207.324292857451,-13.894786995512654,4.085708674542083,0.0,-17.980495670054736,-17.980495670054736,135.0,-2.143752094052234,mean
783,B0,15,BCHUSDT,2026-05-19 12:59:00+00:00,2026-05-19 13:01:00+00:00,2026-05-19 14:16:00+00:00,10228.083546654125,10226.492122420943,10226.492122420943,10085.916315156623,140.57580726431974,4.062481687515513,0.0,136.51332557680422,136.51332557680422,75.0,2.0767155292620916,mean
784,B0,15,BCHUSDT,2026-05-19 14:44:00+00:00,2026-05-19 14:46:00+00:00,2026-05-19 17:01:00+00:00,10241.103200818394,10112.247375725534,10112.247375725534,10285.82539607839,173.57802035285516,4.079614554360784,1.0593912071102223,169.4984057984944,170.5577970056046,135.0,-3.9689187056367112,mean
785,B0,15,NEARUSDT,2026-05-19 16:59:00+00:00,2026-05-19 17:01:00+00:00,2026-05-19 19:01:00+00:00,10258.923724467626,10277.486312630113,10277.486312630113,10184.67337181768,92.81294081243406,4.092431936889559,0.0,88.72050887554451,88.72050887554451,120.0,2.0673220756993045,mean
786,B0,15,SUIUSDT,2026-05-20 00:29:00+00:00,2026-05-20 00:31:00+00:00,2026-05-20 02:16:00+00:00,10267.031031406508,10289.82463311716,10289.82463311716,10310.636182505146,20.811549387986073,4.120092163124461,0.0,16.69145722486161,16.69145722486161,105.0,-2.042463430411098,mean
787,B0,15,LTCUSDT,2026-05-20 01:29:00+00:00,2026-05-20 01:31:00+00:00,2026-05-20 03:31:00+00:00,10259.194333471583,10245.756017540763,10245.756017540763,10335.984710219125,90.22869267836275,4.116348145551978,0.0,86.11234453281078,86.11234453281078,120.0,-2.279510108778996,mean
788,B0,15,NEARUSDT,2026-05-20 05:59:00+00:00,2026-05-20 06:01:00+00:00,2026-05-20 08:16:00+00:00,10277.311411582275,10271.123987493424,10271.123987493424,10196.874898427206,74.24908906621759,4.093599777184126,1.0203453862712402,70.15548928903345,71.1758346753047,135.0,3.608176144327362,mean
789,B0,15,UNIUSDT,2026-05-20 06:44:00+00:00,2026-05-20 06:46:00+00:00,2026-05-20 11:01:00+00:00,10283.293413191377,10280.399971037976,10280.399971037976,10488.727806082934,-208.32783504495777,4.1538255554241825,0.6287588462552502,-212.48166060038196,-211.85290175412672,255.0,2.733880955198194,timeout
790,B0,15,NEARUSDT,2026-05-20 14:44:00+00:00,2026-05-20 14:46:00+00:00,2026-05-20 16:31:00+00:00,10263.243704874394,10275.418371190972,10275.418371190972,10153.671708025202,121.74666316576992,4.085818015843235,0.5241101073288746,117.66084514992669,118.18495525725557,105.0,2.078971457634469,mean
792,B0,15,FILUSDT,2026-05-20 15:29:00+00:00,2026-05-20 15:31:00+00:00,2026-05-20 18:01:00+00:00,10254.515930085367,10233.328913700894,10233.328913700894,10233.328913700894,0.0,4.093331565480358,1.0265109438277604,-4.093331565480358,-3.0668206216525973,150.0,2.006046238497597,mean
791,B0,15,SOLUSDT,2026-05-20 15:29:00+00:00,2026-05-20 15:31:00+00:00,2026-05-20 18:31:00+00:00,10254.515930085367,10246.164375517525,10246.164375517525,10266.44672232514,-20.282346807615237,4.102522219568533,-0.1468446323264457,-24.384869027183772,-24.531713659510217,180.0,2.2637515555943795,mean
794,B0,15,NEARUSDT,2026-05-21 01:14:00+00:00,2026-05-21 01:16:00+00:00,2026-05-21 02:01:00+00:00,10265.581411387508,10253.815702033482,10253.815702033482,10083.212916400107,170.60278563337485,4.067405723686718,0.0,166.53537990968812,166.53537990968812,45.0,2.1441432982604507,mean
793,B0,15,SUIUSDT,2026-05-21 00:44:00+00:00,2026-05-21 00:46:00+00:00,2026-05-21 04:01:00+00:00,10272.302346972005,10296.500939073238,10296.500939073238,10644.588379298617,-348.0874402253799,4.188217863674371,0.0,-352.2756580890543,-352.2756580890543,195.0,3.2721212603552483,stop
796,B0,15,AAVEUSDT,2026-05-21 02:29:00+00:00,2026-05-21 02:31:00+00:00,2026-05-21 04:31:00+00:00,10256.994863540793,10251.275562289795,10251.275562289795,10271.865046793388,-20.58948450359392,4.104628121816637,0.0,-24.694112625410554,-24.694112625410554,120.0,2.0620475208757143,mean
795,B0,15,XLMUSDT,2026-05-21 02:14:00+00:00,2026-05-21 02:16:00+00:00,2026-05-21 05:16:00+00:00,10266.505864512676,10270.725843630787,10270.725843630787,10293.935728780401,-23.209885149613974,4.112932314482238,0.0,-27.322817464096214,-27.322817464096214,180.0,2.0842279573730984,mean
797,B0,15,NEARUSDT,2026-05-21 04:59:00+00:00,2026-05-21 05:01:00+00:00,2026-05-21 06:01:00+00:00,10244.93452365339,10262.259666590797,10262.259666590797,10065.908046633518,196.3516199572792,4.065633542644862,0.0,192.28598641463435,192.28598641463435,60.0,2.1947667881736774,mean
798,B0,15,ADAUSDT,2026-05-21 06:59:00+00:00,2026-05-21 07:01:00+00:00,2026-05-21 08:01:00+00:00,10267.75522478658,10271.898790252597,10271.898790252597,10317.478010378767,45.57922012617084,4.1178753601262725,-0.9683844852613525,41.46134476604457,40.492960280783215,60.0,-2.159850659834211,mean
799,B0,15,TRXUSDT,2026-05-21 10:14:00+00:00,2026-05-21 10:16:00+00:00,2026-05-21 12:01:00+00:00,10271.804520814658,10273.508536163168,10273.508536163168,10266.69247476913,6.816061394038107,4.1080402021864595,0.0,2.7080211918516475,2.7080211918516475,105.0,2.0846618684712825,mean
800,B0,15,FILUSDT,2026-05-21 10:29:00+00:00,2026-05-21 10:31:00+00:00,2026-05-21 12:46:00+00:00,10273.274665736635,10230.997815260353,10230.997815260353,10368.397579308272,137.3997640479181,4.1198790789137245,0.0,133.27988496900437,133.27988496900437,135.0,-2.1213320215619738,mean
801,B0,15,DOTUSDT,2026-05-21 10:29:00+00:00,2026-05-21 10:31:00+00:00,2026-05-21 12:46:00+00:00,10273.274665736635,10256.863683842486,10256.863683842486,10289.685647630782,32.82196378829599,4.1093098662946534,0.0,28.712653922001337,28.712653922001337,135.0,-2.0421075900581354,mean
802,B0,15,TRXUSDT,2026-05-21 12:29:00+00:00,2026-05-21 12:31:00+00:00,2026-05-21 14:01:00+00:00,10276.36599508589,10280.325078272857,10280.325078272857,10238.471913153488,41.85316511936898,4.10375939828527,0.0,37.74940572108371,37.74940572108371,90.0,2.830341780394232,mean
804,B0,15,SUIUSDT,2026-05-21 15:29:00+00:00,2026-05-21 15:31:00+00:00,2026-05-21 18:46:00+00:00,10292.049517395051,10275.59393991121,10275.59393991121,10564.480744627574,-288.8868047163636,4.168014936907757,0.033650603071760765,-293.05481965327135,-293.0211690501996,195.0,3.0349943023996895,stop
805,B0,15,XLMUSDT,2026-05-21 17:14:00+00:00,2026-05-21 17:16:00+00:00,2026-05-21 19:31:00+00:00,10294.783082584108,10316.55834701916,10316.55834701916,10334.1190441442,-17.560697125041138,4.130135478232672,0.0,-21.690832603273808,-21.690832603273808,135.0,2.1527694752701896,mean
803,B0,15,NEARUSDT,2026-05-21 15:29:00+00:00,2026-05-21 15:31:00+00:00,2026-05-21 19:46:00+00:00,10292.049517395051,10297.707598493125,10297.707598493125,10682.457113162098,-384.749514668973,4.196032942331044,0.7791927962298112,-388.94554761130405,-388.1663548150742,255.0,3.7297102866436904,stop
806,B0,15,HBARUSDT,2026-05-21 18:59:00+00:00,2026-05-21 19:01:00+00:00,2026-05-21 19:46:00+00:00,10249.496751326316,10246.085937099588,10246.085937099588,10214.251670983433,31.834266116155234,4.092067521616604,0.0,27.742198594538632,27.742198594538632,45.0,3.2881279761129885,mean
808,B0,15,DOTUSDT,2026-05-21 19:59:00+00:00,2026-05-21 20:01:00+00:00,2026-05-21 22:16:00+00:00,10224.535901607649,10248.130984457512,10248.130984457512,10232.40092922427,15.73005523324255,4.096106382736356,0.0,11.633948850506194,11.633948850506194,135.0,2.118952432554001,mean
807,B0,15,NEARUSDT,2026-05-21 19:59:00+00:00,2026-05-21 20:01:00+00:00,2026-05-21 22:46:00+00:00,10224.535901607649,10208.584987564578,10208.584987564578,10346.826242604517,-138.24125503993713,4.111082246033819,0.0,-142.35233728597095,-142.35233728597095,165.0,3.8868197986971578,mean
809,B0,15,SUIUSDT,2026-05-22 00:59:00+00:00,2026-05-22 01:01:00+00:00,2026-05-22 02:16:00+00:00,10211.464062764104,10235.681709907392,10235.681709907392,10281.322660292819,45.64095038542656,4.103400874040043,0.0,41.537549511386516,41.537549511386516,75.0,-2.167636131631529,mean
810,B0,15,NEARUSDT,2026-05-22 01:14:00+00:00,2026-05-22 01:16:00+00:00,2026-05-22 02:31:00+00:00,10214.705706607989,10158.69286375022,10158.69286375022,10581.335223495216,-422.6423597449953,4.148005617449087,0.0,-426.7903653624444,-426.7903653624444,75.0,2.656589350625077,stop
811,B0,15,NEARUSDT,2026-05-22 02:44:00+00:00,2026-05-22 02:46:00+00:00,2026-05-22 04:31:00+00:00,10172.938781178998,10153.607781119752,10153.607781119752,10433.90728197884,-280.29950085908797,4.117503012619718,0.0,-284.4170038717077,-284.4170038717077,105.0,5.577257586261813,stop
813,B0,15,FILUSDT,2026-05-22 04:14:00+00:00,2026-05-22 04:16:00+00:00,2026-05-22 05:46:00+00:00,10144.129454136573,10144.129454136573,10144.129454136573,10074.717033629286,69.41242050728734,4.043769297553172,0.0,65.36865120973415,65.36865120973415,90.0,2.3946582025479515,mean
812,B0,15,DOTUSDT,2026-05-22 03:44:00+00:00,2026-05-22 03:46:00+00:00,2026-05-22 06:16:00+00:00,10169.836059014488,10162.114087823134,10162.114087823134,10200.723943779907,-38.609855956774,4.072567606320609,0.0,-42.68242356309461,-42.68242356309461,150.0,2.4897309814909803,mean
814,B0,15,NEARUSDT,2026-05-22 04:44:00+00:00,2026-05-22 04:46:00+00:00,2026-05-22 06:46:00+00:00,10147.171212376039,10072.180570621758,10072.180570621758,10090.928231060328,-18.747660438570065,4.032621760336417,0.0,-22.78028219890648,-22.78028219890648,120.0,3.1469906041477405,mean
815,B0,15,NEARUSDT,2026-05-22 08:14:00+00:00,2026-05-22 08:16:00+00:00,2026-05-22 10:01:00+00:00,10144.487675336599,10198.32838834148,10198.32838834148,10081.673510164235,116.65487817724637,4.056000379701143,0.0,112.59887779754523,112.59887779754523,105.0,2.4882421914165573,mean
816,B0,15,XLMUSDT,2026-05-22 12:44:00+00:00,2026-05-22 12:46:00+00:00,2026-05-22 14:01:00+00:00,10155.747563116354,10165.237648944923,10165.237648944923,10046.611576087804,118.62607285711944,4.0423698450065455,0.0,114.58370301211289,114.58370301211289,75.0,2.4654500462226756,mean
817,B0,15,UNIUSDT,2026-05-22 12:44:00+00:00,2026-05-22 12:46:00+00:00,2026-05-22 14:16:00+00:00,10155.747563116354,10150.196457588552,10150.196457588552,10091.909849546617,58.286608041935644,4.048421261427034,0.0,54.23818678050861,54.23818678050861,90.0,2.1870667779635173,mean
818,B0,15,LINKUSDT,2026-05-22 12:59:00+00:00,2026-05-22 13:01:00+00:00,2026-05-22 14:16:00+00:00,10147.633806365324,10146.618433761125,10146.618433761125,10049.142663758015,97.47577000310906,4.039152219503828,0.0,93.43661778360524,93.43661778360524,75.0,2.4716609755634877,mean
819,B0,15,TRXUSDT,2026-05-22 14:14:00+00:00,2026-05-22 14:16:00+00:00,2026-05-22 16:01:00+00:00,10182.450715679792,10186.124854108344,10186.124854108344,10244.628442932195,58.50358882385182,4.0861506594081085,-0.5102004771262406,54.417438164443716,53.907237687317476,105.0,-5.482059257837356,mean
820,B0,15,XLMUSDT,2026-05-22 14:44:00+00:00,2026-05-22 14:46:00+00:00,2026-05-22 16:31:00+00:00,10184.00243703732,10178.453327958427,10178.453327958427,10211.05434379692,32.601015838492856,4.077901534351069,0.2007289490393089,28.52311430414179,28.723843253181098,105.0,-2.0898094765156396,mean
821,B0,15,HBARUSDT,2026-05-22 14:59:00+00:00,2026-05-22 15:01:00+00:00,2026-05-22 17:01:00+00:00,10183.989038115964,10172.575848562992,10172.575848562992,10244.478942746711,71.90309418371751,4.083410958261941,-0.26207387830247875,67.81968322545558,67.5576093471531,120.0,-2.682560664318535,mean
822,B0,15,NEARUSDT,2026-05-22 16:44:00+00:00,2026-05-22 16:46:00+00:00,2026-05-22 18:31:00+00:00,10190.23512685428,10232.615956864303,10232.615956864303,10251.451881313202,18.835924448898872,4.096813567635501,0.0,14.739110881263372,14.739110881263372,105.0,-2.796086790044683,mean
823,B0,15,FILUSDT,2026-05-22 18:44:00+00:00,2026-05-22 18:46:00+00:00,2026-05-22 21:16:00+00:00,10198.466193990862,10004.307017952959,10004.307017952959,10045.18263396094,40.875616007979445,4.009897930382779,0.0,36.86571807759667,36.86571807759667,150.0,-2.651970708010391,mean
824,B0,15,LINKUSDT,2026-05-22 18:44:00+00:00,2026-05-22 18:46:00+00:00,2026-05-22 21:31:00+00:00,10198.466193990862,10071.514332654875,10071.514332654875,10113.831619766872,42.31728711199625,4.037069190484349,0.0,38.2802179215119,38.2802179215119,165.0,-2.462190465702646,mean
825,B0,15,SOLUSDT,2026-05-22 18:44:00+00:00,2026-05-22 18:46:00+00:00,2026-05-22 21:31:00+00:00,10198.466193990862,10072.27996584063,10072.27996584063,10138.94438825962,66.66442241899037,4.04224487082005,0.0,62.62217754817032,62.62217754817032,165.0,-2.2868259703676785,mean
827,B0,15,BCHUSDT,2026-05-22 23:44:00+00:00,2026-05-22 23:46:00+00:00,2026-05-23 02:01:00+00:00,10212.038160471204,10186.590769092007,10186.590769092007,10203.83844547124,17.247676379232974,4.07808584291265,1.3640195704867402,13.169590536320325,14.533610106807064,135.0,-3.0680968697216287,mean
828,B0,15,FILUSDT,2026-05-22 23:59:00+00:00,2026-05-23 00:01:00+00:00,2026-05-23 02:01:00+00:00,10207.88880262617,10175.989150117965,10175.989150117965,10292.954542648056,116.96539253009165,4.093788738553204,0.0,112.87160379153845,112.87160379153845,120.0,-2.771332787198367,mean
826,B0,15,UNIUSDT,2026-05-22 23:29:00+00:00,2026-05-22 23:31:00+00:00,2026-05-23 02:31:00+00:00,10212.24300534559,10242.243719227336,10242.243719227336,10095.24022120679,-147.00349802054444,4.0674967880868245,-0.16452991507025938,-151.07099480863124,-151.2355247237015,180.0,-3.0768063418601437,mean
829,B0,15,BNBUSDT,2026-05-23 07:59:00+00:00,2026-05-23 08:01:00+00:00,2026-05-23 10:16:00+00:00,10209.859974263054,10197.197228168781,10197.197228168781,10252.977426153671,55.78019798489036,4.0900349308644905,0.0,51.69016305402587,51.69016305402587,135.0,-5.219243854598178,mean
831,B0,15,SOLUSDT,2026-05-23 07:59:00+00:00,2026-05-23 08:01:00+00:00,2026-05-23 10:16:00+00:00,10209.859974263054,10201.164388447281,10201.164388447281,10211.102200808165,9.937812360883648,4.082453317851089,0.0,5.855359043032558,5.855359043032558,135.0,-4.527278409953966,mean
830,B0,15,FILUSDT,2026-05-23 07:59:00+00:00,2026-05-23 08:01:00+00:00,2026-05-23 10:31:00+00:00,10209.859974263054,10187.784601345727,10187.784601345727,10320.236838849682,132.45223750395323,4.101604288039082,0.0,128.35063321591414,128.35063321591414,150.0,-4.74312682143808,mean
832,B0,15,BCHUSDT,2026-05-23 10:29:00+00:00,2026-05-23 10:31:00+00:00,2026-05-23 11:31:00+00:00,10228.655994531127,10229.843302249586,10229.843302249586,10252.698975829939,22.855673580352185,4.096508455615906,0.0,18.759165124736278,18.759165124736278,60.0,-2.853584150719037,mean
835,B0,15,UNIUSDT,2026-05-23 13:59:00+00:00,2026-05-23 14:01:00+00:00,2026-05-23 16:31:00+00:00,10231.270773367962,10264.636909895398,10264.636909895398,10285.869905867405,-21.232995972006204,4.110101363152561,0.17138439021490584,-25.343097335158763,-25.171712944943856,150.0,2.1138684949021647,mean
834,B0,15,XLMUSDT,2026-05-23 13:29:00+00:00,2026-05-23 13:31:00+00:00,2026-05-23 17:01:00+00:00,10228.943122826644,10241.778325072088,10241.778325072088,10334.477007955842,-92.69868288375456,4.115251066605586,-1.655582921464874,-96.81393395036014,-98.46951687182501,210.0,2.40949060381705,mean
836,B0,15,NEARUSDT,2026-05-23 16:44:00+00:00,2026-05-23 16:46:00+00:00,2026-05-23 17:01:00+00:00,10207.43982616414,10172.196184123002,10172.196184123002,10555.47079132036,-383.27460719735757,4.145533395088672,0.0,-387.4201405924462,-387.4201405924462,15.0,4.303123397712808,stop
833,B0,15,HBARUSDT,2026-05-23 13:14:00+00:00,2026-05-23 13:16:00+00:00,2026-05-23 17:31:00+00:00,10230.325506306825,10236.213802327491,10236.213802327491,10346.913767516031,-110.69996518853895,4.116625513968705,0.38658074211405324,-114.81659070250765,-114.4300099603936,255.0,2.052055528838224,timeout
837,B0,15,NEARUSDT,2026-05-23 17:14:00+00:00,2026-05-23 17:16:00+00:00,2026-05-23 20:01:00+00:00,10169.160965749346,10211.339153081362,10211.339153081362,10089.022409818514,122.31674326284951,4.060072312579975,0.0,118.25667095026954,118.25667095026954,165.0,5.319999785465027,mean
838,B0,15,FILUSDT,2026-05-23 17:14:00+00:00,2026-05-23 17:16:00+00:00,2026-05-23 20:16:00+00:00,10169.160965749346,10190.128307946768,10190.128307946768,10221.5793212429,-31.45101329613203,4.082341525837934,0.0,-35.533354821969965,-35.533354821969965,180.0,2.225506885400767,mean
839,B0,15,DOTUSDT,2026-05-23 18:29:00+00:00,2026-05-23 18:31:00+00:00,2026-05-23 20:31:00+00:00,10163.404024138104,10179.421997383397,10179.421997383397,10171.41301076075,8.008986622645379,4.07016700162883,0.0,3.9388196210165494,3.9388196210165494,120.0,2.52130620622622,mean
840,B0,15,DOTUSDT,2026-05-23 20:44:00+00:00,2026-05-23 20:46:00+00:00,2026-05-23 22:46:00+00:00,10176.442581844794,10191.873124046228,10191.873124046228,9998.99134652832,192.88177751790673,4.0381728941149095,0.0,188.8436046237918,188.8436046237918,120.0,4.496217458258692,mean
841,B0,15,ETHUSDT,2026-05-23 20:44:00+00:00,2026-05-23 20:46:00+00:00,2026-05-23 23:01:00+00:00,10176.442581844794,10189.820881566922,10189.820881566922,10102.097459103263,87.72342246365822,4.058383668134037,0.0,83.6650387955242,83.6650387955242,135.0,4.476283878832879,mean
842,B0,15,LINKUSDT,2026-05-23 20:44:00+00:00,2026-05-23 20:46:00+00:00,2026-05-23 23:01:00+00:00,10176.442581844794,10194.369993647006,10194.369993647006,10069.932664666934,124.43732898007138,4.0528605316627875,0.0,120.3844684484086,120.3844684484086,135.0,4.066431378226069,mean
843,B0,15,TRXUSDT,2026-05-24 13:14:00+00:00,2026-05-24 13:16:00+00:00,2026-05-24 14:01:00+00:00,10215.731893031567,10215.45275942063,10215.45275942063,10190.889001658274,24.563757762357767,4.0812683522157815,0.0,20.482489410141984,20.482489410141984,45.0,2.019738719378254,mean
844,B0,15,AAVEUSDT,2026-05-24 14:14:00+00:00,2026-05-24 14:16:00+00:00,2026-05-24 16:16:00+00:00,10217.78014197258,10215.39085630861,10215.39085630861,10277.51228357186,62.12142726324917,4.098580627976094,0.21470561321499845,58.022846635273076,58.23755224848807,120.0,-2.4164009643359834,mean
845,B0,15,XLMUSDT,2026-05-24 14:14:00+00:00,2026-05-24 14:16:00+00:00,2026-05-24 16:16:00+00:00,10217.78014197258,10209.415767751714,10209.415767751714,10254.722794781404,45.30702702969027,4.092827712506624,-0.2358116015246212,41.21419931718364,40.97838771565902,120.0,-2.237144170909644,mean
846,B0,15,BTCUSDT,2026-05-24 14:14:00+00:00,2026-05-24 14:16:00+00:00,2026-05-24 16:16:00+00:00,10217.78014197258,10219.102785263336,10219.102785263336,10236.203627810459,17.100842547123182,4.091061282614759,-0.6390022495980766,13.009781264508423,12.370779014910346,120.0,-2.1416181127469205,mean
847,B0,15,TRXUSDT,2026-05-24 18:44:00+00:00,2026-05-24 18:46:00+00:00,2026-05-24 20:16:00+00:00,10228.938813870487,10228.938813870487,10228.938813870487,10193.05756011143,35.8812537590566,4.084399274796384,0.0,31.796854484260216,31.796854484260216,90.0,2.3187600086632623,mean
849,B0,15,SOLUSDT,2026-05-24 21:44:00+00:00,2026-05-24 21:46:00+00:00,2026-05-24 22:16:00+00:00,10231.016370891304,10234.679025916683,10234.679025916683,10383.626996948753,148.94797103206898,4.123661204573088,0.0,144.8243098274959,144.8243098274959,30.0,-2.556621952489379,mean
850,B0,15,LTCUSDT,2026-05-24 21:44:00+00:00,2026-05-24 21:46:00+00:00,2026-05-24 22:16:00+00:00,10231.016370891304,10242.816851134545,10242.816851134545,10352.954666738144,110.13781560359772,4.119154303574538,0.0,106.01866130002317,106.01866130002317,30.0,-2.4116802879880233,mean
848,B0,15,TRXUSDT,2026-05-24 20:59:00+00:00,2026-05-24 21:01:00+00:00,2026-05-24 23:01:00+00:00,10232.118499318913,10232.398961959028,10232.398961959028,10246.141631324668,13.742669365639255,4.09570811865674,0.0,9.646961246982517,9.646961246982517,120.0,-2.345331813527664,mean
851,B0,15,TRXUSDT,2026-05-25 05:59:00+00:00,2026-05-25 06:01:00+00:00,2026-05-25 08:01:00+00:00,10258.167492556364,10257.048674015934,10257.048674015934,10253.132809124434,3.915864891499983,4.102036296628073,0.8919008347040248,-0.1861714051280905,0.7057294295759343,120.0,2.062347241213618,mean
852,B0,15,XLMUSDT,2026-05-25 06:59:00+00:00,2026-05-25 07:01:00+00:00,2026-05-25 09:46:00+00:00,10257.45888323969,10270.414524985456,10270.414524985456,10368.604651900732,-98.190126915277,4.127803835377238,0.8662658387977278,-102.31793075065424,-101.45166491185651,165.0,2.2248178335144537,mean
854,B0,15,NEARUSDT,2026-05-25 12:29:00+00:00,2026-05-25 12:31:00+00:00,2026-05-25 14:01:00+00:00,10248.092899008136,10215.79000570945,10215.79000570945,10587.27327864434,-371.48327293488944,4.160612656870758,0.0,-375.6438855917602,-375.6438855917602,90.0,2.3453383815333173,stop
853,B0,15,BNBUSDT,2026-05-25 12:29:00+00:00,2026-05-25 12:31:00+00:00,2026-05-25 15:16:00+00:00,10248.092899008136,10252.690243072648,10252.690243072648,10281.960000283383,-29.269757210734184,4.106930048671206,0.0,-33.376687259405394,-33.376687259405394,165.0,2.5043370580181463,mean
855,B0,15,TRXUSDT,2026-05-25 12:44:00+00:00,2026-05-25 12:46:00+00:00,2026-05-25 16:01:00+00:00,10240.830588500186,10246.935570966776,10246.935570966776,10287.172955405658,-40.23738443888289,4.106821705274487,0.5408139898909683,-44.34420614415738,-43.80339215426641,195.0,2.992378262632512,mean
856,B0,15,NEARUSDT,2026-05-25 14:14:00+00:00,2026-05-25 14:16:00+00:00,2026-05-25 16:46:00+00:00,10199.172233322315,10179.964752656926,10179.964752656926,10671.67625769092,-491.71150503399537,4.17032820206957,0.8267097150646421,-495.88183323606495,-495.0551235210003,150.0,3.68215859026129,stop
857,B0,15,NEARUSDT,2026-05-25 16:59:00+00:00,2026-05-25 17:01:00+00:00,2026-05-25 18:46:00+00:00,10153.304990155493,10193.479937958267,10193.479937958267,9963.387055087838,230.09288287042924,4.031373398609221,0.0,226.06150947182,226.06150947182,105.0,2.21201386644423,mean
858,B0,15,BNBUSDT,2026-05-25 17:29:00+00:00,2026-05-25 17:31:00+00:00,2026-05-25 19:46:00+00:00,10162.962244108325,10158.673234163112,10158.673234163112,10146.572098960547,-12.101135202565846,4.061049066624731,0.0,-16.162184269190575,-16.162184269190575,135.0,-2.2302102713695113,mean
859,B0,15,HBARUSDT,2026-05-26 01:44:00+00:00,2026-05-26 01:46:00+00:00,2026-05-26 03:31:00+00:00,10174.294922675756,10182.502836062724,10182.502836062724,10190.710749449694,8.207913386969103,4.074642717102483,0.0,4.13327066986662,4.13327066986662,105.0,-2.4800512181662167,mean
860,B0,15,DOGEUSDT,2026-05-26 01:44:00+00:00,2026-05-26 01:46:00+00:00,2026-05-26 03:46:00+00:00,10174.294922675756,10176.31925513152,10176.31925513152,10215.793738018941,39.474482887421004,4.078422598630092,0.0,35.39606028879091,35.39606028879091,120.0,-2.344460384643076,mean
861,B0,15,BTCUSDT,2026-05-26 01:44:00+00:00,2026-05-26 01:46:00+00:00,2026-05-26 03:46:00+00:00,10174.294922675756,10180.98603103641,10180.98603103641,10172.608869576941,-8.37716145946915,4.07071898012267,0.0,-12.44788043959182,-12.44788043959182,120.0,-2.11065679809011,mean
862,B0,15,FILUSDT,2026-05-26 05:44:00+00:00,2026-05-26 05:46:00+00:00,2026-05-26 07:16:00+00:00,10177.003067727663,10177.003067727663,10177.003067727663,10044.03719850107,132.96586922659267,4.044208053245747,0.0,128.92166117334693,128.92166117334693,90.0,2.329112710770971,mean
863,B0,15,AAVEUSDT,2026-05-26 10:29:00+00:00,2026-05-26 10:31:00+00:00,2026-05-26 12:31:00+00:00,10189.895233844996,10203.793704270789,10203.793704270789,10108.820823027861,94.97288124292824,4.06252290545973,0.0,90.91035833746851,90.91035833746851,120.0,2.5091844541989223,mean
864,B0,15,XRPUSDT,2026-05-26 10:29:00+00:00,2026-05-26 10:31:00+00:00,2026-05-26 12:46:00+00:00,10189.895233844996,10192.90198959414,10192.90198959414,10169.599632538284,23.30235705585758,4.0725003244264855,0.0,19.229856731431095,19.229856731431095,135.0,2.3040364071557384,mean
865,B0,15,ETHUSDT,2026-05-26 10:29:00+00:00,2026-05-26 10:31:00+00:00,2026-05-26 12:46:00+00:00,10189.895233844996,10193.547388252357,10193.547388252357,10181.629831765178,11.91755648717797,4.0750354440035075,0.0,7.842521043174464,7.842521043174464,135.0,2.1585259627636866,mean
866,B0,15,TRXUSDT,2026-05-26 12:44:00+00:00,2026-05-26 12:46:00+00:00,2026-05-26 15:01:00+00:00,10202.601318638597,10198.262901515302,10198.262901515302,10172.232398775532,26.0305027397699,4.074099060058167,0.0,21.956403679711734,21.956403679711734,135.0,2.4783635129880515,mean
867,B0,15,FILUSDT,2026-05-26 13:59:00+00:00,2026-05-26 14:01:00+00:00,2026-05-26 16:01:00+00:00,10204.119707579172,10213.978760436738,10213.978760436738,10075.952020430836,138.02674000590198,4.057986156173515,-1.1701481106616913,133.96875384972847,132.79860573906677,120.0,2.2832600134061884,mean
869,B0,15,ETHUSDT,2026-05-26 15:44:00+00:00,2026-05-26 15:46:00+00:00,2026-05-26 18:31:00+00:00,10224.56932298479,10213.322140246963,10213.322140246963,10141.58467469744,-71.73746554952345,4.0709813629888805,-0.3476886976034229,-75.80844691251232,-76.15613561011574,165.0,-2.3301514919495236,mean
868,B0,15,BTCUSDT,2026-05-26 14:29:00+00:00,2026-05-26 14:31:00+00:00,2026-05-26 18:46:00+00:00,10194.162666382457,10179.56275937723,10179.56275937723,9930.448575512062,249.11418386516746,4.022002266977858,0.577943449952601,245.0921815981896,245.6701250481422,255.0,2.6172240134910822,timeout
870,B0,15,LTCUSDT,2026-05-26 16:14:00+00:00,2026-05-26 16:16:00+00:00,2026-05-26 19:46:00+00:00,10231.163864030543,10235.094391830784,10235.094391830784,10199.719641628604,-35.374750202180074,4.0869628066918775,0.0,-39.46171300887195,-39.46171300887195,210.0,-2.4278951112397,mean
872,B0,15,BTCUSDT,2026-05-26 18:59:00+00:00,2026-05-26 19:01:00+00:00,2026-05-26 19:46:00+00:00,10232.337987097131,10234.240796623815,10234.240796623815,10259.409163767565,25.168367143748892,4.098729992078276,0.0,21.069637151670616,21.069637151670616,45.0,-2.2208898543402356,mean
871,B0,15,NEARUSDT,2026-05-26 18:44:00+00:00,2026-05-26 18:46:00+00:00,2026-05-26 20:16:00+00:00,10228.417374505196,10275.625454695219,10275.625454695219,10507.731848962836,232.1063942676168,4.15667146073161,0.0,227.94972280688518,227.94972280688518,90.0,-2.482100100769603,mean
873,B0,15,FILUSDT,2026-05-27 00:59:00+00:00,2026-05-27 01:01:00+00:00,2026-05-27 02:16:00+00:00,10255.076172036854,10255.076172036854,10255.076172036854,10155.221486817409,99.85468521944365,4.082059531770852,0.0,95.7726256876728,95.7726256876728,75.0,2.059000985261259,mean
875,B0,15,FILUSDT,2026-05-27 04:29:00+00:00,2026-05-27 04:31:00+00:00,2026-05-27 05:31:00+00:00,10264.653434605621,10140.107589089677,10140.107589089677,10513.745125637506,373.63753654782766,4.130770542945436,0.0,369.50676600488225,369.50676600488225,60.0,-2.669722628948185,mean
874,B0,15,AAVEUSDT,2026-05-27 04:29:00+00:00,2026-05-27 04:31:00+00:00,2026-05-27 06:16:00+00:00,10264.653434605621,10220.78218639883,10220.78218639883,10354.833222586247,134.05103618741688,4.115123081797016,0.0,129.93591310561987,129.93591310561987,105.0,-2.798791409796921,mean
876,B0,15,FILUSDT,2026-05-27 06:29:00+00:00,2026-05-27 06:31:00+00:00,2026-05-27 09:16:00+00:00,10314.597702516672,10364.330574756388,10364.330574756388,10304.651128068732,59.67944668765679,4.1337963405650235,-1.076105466989981,55.54565034709177,54.46954488010179,165.0,2.158492854278273,mean
878,B0,15,FILUSDT,2026-05-27 12:29:00+00:00,2026-05-27 12:31:00+00:00,2026-05-27 13:31:00+00:00,10320.044657004682,10300.862417865268,10300.862417865268,10147.404504749957,153.45791311531138,4.089653384523045,0.0,149.36825973078834,149.36825973078834,60.0,2.522380949407452,mean
877,B0,15,XLMUSDT,2026-05-27 12:29:00+00:00,2026-05-27 12:31:00+00:00,2026-05-27 14:31:00+00:00,10320.044657004682,10315.924330418176,10315.924330418176,10755.42583297893,-439.50150256075426,4.214270032679421,0.0,-443.7157725934337,-443.7157725934337,120.0,2.8154367297821463,stop
879,B0,15,BTCUSDT,2026-05-27 13:29:00+00:00,2026-05-27 13:31:00+00:00,2026-05-27 15:31:00+00:00,10340.606928002926,10349.425065005667,10349.425065005667,10376.388479241816,26.963414236148488,4.145162708849496,0.0,22.81825152729899,22.81825152729899,120.0,-2.4795691332952394,mean
880,B0,15,ETHUSDT,2026-05-27 13:44:00+00:00,2026-05-27 13:46:00+00:00,2026-05-27 15:31:00+00:00,10339.90206874972,10361.360418068125,10361.360418068125,10459.283026225348,97.92260815722317,4.164128688858694,0.0,93.75847946836447,93.75847946836447,105.0,-2.4067515081710105,mean
882,B0,15,AAVEUSDT,2026-05-27 15:44:00+00:00,2026-05-27 15:46:00+00:00,2026-05-27 16:31:00+00:00,10301.228024550954,10310.7540705799,10310.7540705799,10208.349075768736,102.40499481116419,4.103820629269727,0.9339499851072179,98.30117418189445,99.23512416700167,45.0,2.0668108809013748,mean
881,B0,15,XLMUSDT,2026-05-27 14:44:00+00:00,2026-05-27 14:46:00+00:00,2026-05-27 17:31:00+00:00,10288.772989884672,10270.80693789111,10270.80693789111,10314.438778446904,-43.63184055579495,4.117049143267603,0.8108765817352267,-47.74888969906255,-46.93801311732732,165.0,9.151996226075509,mean
883,B0,15,FILUSDT,2026-05-27 17:59:00+00:00,2026-05-27 18:01:00+00:00,2026-05-27 19:01:00+00:00,10307.497289922949,10307.497289922947,10307.497289922947,10495.988578189104,188.4912882661572,4.16069717362241,0.0,184.3305910925348,184.3305910925348,60.0,-2.1211369078466893,mean
884,B0,15,SUIUSDT,2026-05-27 17:59:00+00:00,2026-05-27 18:01:00+00:00,2026-05-27 19:31:00+00:00,10307.497289922949,10285.269168841784,10285.269168841784,10398.5267381601,113.25756931831587,4.136759181400377,0.0,109.12081013691551,109.12081013691551,90.0,-2.075283009760378,mean
886,B0,15,NEARUSDT,2026-05-27 19:14:00+00:00,2026-05-27 19:16:00+00:00,2026-05-27 21:16:00+00:00,10316.51096616774,10351.05285556339,10351.05285556339,10009.471949317509,341.5809062458811,4.07210496097618,0.0,337.50880128490496,337.50880128490496,120.0,2.504632765887747,mean
885,B0,15,XLMUSDT,2026-05-27 18:59:00+00:00,2026-05-27 19:01:00+00:00,2026-05-27 21:46:00+00:00,10336.02956765603,10368.45437083642,10368.45437083642,10225.036972153932,143.41739868248746,4.11869826859807,0.0,139.29870041388938,139.29870041388938,165.0,2.9190156765237507,mean
887,B0,15,LTCUSDT,2026-05-27 21:44:00+00:00,2026-05-27 21:46:00+00:00,2026-05-28 00:01:00+00:00,10384.104127047904,10398.120465052018,10398.120465052018,10406.129801054369,8.0093360023507,4.160850053221277,0.02277626892992521,3.8484859491294228,3.871262218059348,135.0,-2.163859796060854,mean
888,B0,15,DOGEUSDT,2026-05-27 21:44:00+00:00,2026-05-27 21:46:00+00:00,2026-05-28 00:01:00+00:00,10384.104127047904,10384.104127047904,10384.104127047904,10377.911439962892,-6.192687085010643,4.152403113402158,0.1348689219257946,-10.345090198412802,-10.210221276487006,135.0,-2.120108502844728,mean
889,B0,15,ETHUSDT,2026-05-27 21:59:00+00:00,2026-05-27 22:01:00+00:00,2026-05-28 00:31:00+00:00,10380.319659535386,10364.133248569768,10364.133248569768,10400.668290463593,36.535041893824314,4.152960307806672,-0.2517618744121579,32.38208158601764,32.13031971160548,150.0,-3.073532201801464,mean
891,B0,15,XLMUSDT,2026-05-28 00:14:00+00:00,2026-05-28 00:16:00+00:00,2026-05-28 01:01:00+00:00,10385.665995834523,10400.54695009721,10400.54695009721,10690.72555821963,-290.17860812242066,4.218254501663368,0.0,-294.39686262408406,-294.39686262408406,45.0,2.3242177331682323,stop
890,B0,15,UNIUSDT,2026-05-28 00:14:00+00:00,2026-05-28 00:16:00+00:00,2026-05-28 01:46:00+00:00,10385.665995834523,10415.954717144476,10415.954717144476,10399.127649750057,-16.827067394418705,4.163016473378907,0.0,-20.990083867797612,-20.990083867797612,90.0,-4.405415214844269,mean
892,B0,15,XLMUSDT,2026-05-28 01:14:00+00:00,2026-05-28 01:16:00+00:00,2026-05-28 03:31:00+00:00,10356.781228228565,10346.709419929275,10346.709419929275,10208.66640029783,138.04301963144295,4.11107516404542,0.0,133.93194446739753,133.93194446739753,135.0,5.870365488413487,mean
893,B0,15,FILUSDT,2026-05-28 03:29:00+00:00,2026-05-28 03:31:00+00:00,2026-05-28 05:31:00+00:00,10364.362068981694,10343.695345015629,10343.695345015629,9940.694227677357,-403.0011173382705,4.056877914538597,0.0,-407.05799525280906,-407.05799525280906,120.0,-2.6647771936343894,stop
895,B0,15,XRPUSDT,2026-05-28 03:44:00+00:00,2026-05-28 03:46:00+00:00,2026-05-28 05:46:00+00:00,10362.516598766897,10388.364329000005,10388.364329000005,10373.824980743882,-14.539348256123363,4.152437861948778,0.0,-18.69178611807214,-18.69178611807214,120.0,-3.343702094032183,mean
894,B0,15,ETHUSDT,2026-05-28 03:29:00+00:00,2026-05-28 03:31:00+00:00,2026-05-28 06:01:00+00:00,10364.362068981694,10362.74567629185,10362.74567629185,10307.162624441073,-55.58305185077737,4.133981660146585,0.0,-59.717033510923955,-59.717033510923955,150.0,-2.6642130066726475,mean
896,B0,15,ADAUSDT,2026-05-28 05:44:00+00:00,2026-05-28 05:46:00+00:00,2026-05-28 07:01:00+00:00,10321.770262624164,10321.770262624164,10321.770262624164,10339.744612232565,17.974349608401326,4.132302974971346,0.0,13.84204663342998,13.84204663342998,75.0,-2.7957199141624938,mean
897,B0,15,BCHUSDT,2026-05-28 05:59:00+00:00,2026-05-28 06:01:00+00:00,2026-05-28 08:16:00+00:00,10320.016899444105,10323.82912671187,10323.82912671187,10318.746157021516,-5.082969690353439,4.128515056746677,3.1670496264870858,-9.211484747100116,-6.04443512061303,135.0,-3.0362718077710595,mean
898,B0,15,TRXUSDT,2026-05-28 06:14:00+00:00,2026-05-28 06:16:00+00:00,2026-05-28 10:31:00+00:00,10319.83795611429,10318.133747055399,10318.133747055399,10008.53576802354,-309.5979790318592,4.065333903015787,1.0656815093812828,-313.66331293487497,-312.59763142549366,255.0,-2.7764579856885465,timeout
901,B0,15,BCHUSDT,2026-05-28 10:59:00+00:00,2026-05-28 11:01:00+00:00,2026-05-28 11:31:00+00:00,10280.780622692677,10254.338617452704,10254.338617452704,9768.386155298578,-485.95246215412635,4.004544954550257,0.0,-489.95700710867663,-489.95700710867663,30.0,-2.3330546727271404,stop
899,B0,15,XLMUSDT,2026-05-28 10:14:00+00:00,2026-05-28 10:16:00+00:00,2026-05-28 12:31:00+00:00,10293.283090073506,10314.600365068769,10314.600365068769,10852.269412171498,-537.669047102728,4.233373955448053,0.0,-541.9024210581761,-541.9024210581761,135.0,2.1464459103475177,stop
903,B0,15,XLMUSDT,2026-05-28 12:44:00+00:00,2026-05-28 12:46:00+00:00,2026-05-28 13:16:00+00:00,10173.186874541763,10175.899290388437,10175.899290388437,10476.434966200102,-300.535675811665,4.130466851317708,0.0,-304.6661426629827,-304.6661426629827,30.0,5.093210225484043,stop
900,B0,15,TRXUSDT,2026-05-28 10:44:00+00:00,2026-05-28 10:46:00+00:00,2026-05-28 14:16:00+00:00,10281.137715941028,10284.951847277915,10284.951847277915,10237.128508207703,-47.8233390702115,4.104416071097123,0.0,-51.92775514130863,-51.92775514130863,210.0,-7.321627032001553,mean
902,B0,15,BCHUSDT,2026-05-28 11:44:00+00:00,2026-05-28 11:46:00+00:00,2026-05-28 14:46:00+00:00,10216.02203874578,10199.897842446298,10199.897842446298,9876.406154187975,-323.49168825832504,4.015260799326855,0.0,-327.5069490576519,-327.5069490576519,180.0,-7.436572822947311,stop
904,B0,15,XLMUSDT,2026-05-28 13:29:00+00:00,2026-05-28 13:31:00+00:00,2026-05-28 15:16:00+00:00,10132.971768156083,10164.164303372954,10164.164303372954,9822.069122060055,342.09518131289974,3.9972466850866013,0.0,338.0979346278131,338.0979346278131,105.0,7.600454037571238,mean
905,B0,15,HBARUSDT,2026-05-28 14:29:00+00:00,2026-05-28 14:31:00+00:00,2026-05-28 18:16:00+00:00,10117.928107853437,10157.874806530805,10157.874806530805,10456.904379487103,-299.0295729562998,4.122955837203582,-0.5875773596247477,-303.15252879350334,-303.74010615312807,225.0,7.443566279669826,stop
907,B0,15,LTCUSDT,2026-05-28 16:14:00+00:00,2026-05-28 16:16:00+00:00,2026-05-28 18:46:00+00:00,10159.25307219441,10157.284987523313,10157.284987523313,10204.519019629604,-47.23403210628978,4.072360801430584,0.0,-51.306392907720365,-51.306392907720365,150.0,2.4945493122643985,mean
908,B0,15,HBARUSDT,2026-05-28 18:29:00+00:00,2026-05-28 18:31:00+00:00,2026-05-28 19:01:00+00:00,10099.6773061262,10088.713696371397,10088.713696371397,9838.743393961846,249.97030240955036,3.9854914180666485,0.0,245.98481099148373,245.98481099148373,30.0,3.896247048594221,mean
906,B0,15,XRPUSDT,2026-05-28 15:59:00+00:00,2026-05-28 16:01:00+00:00,2026-05-28 19:16:00+00:00,10154.565809833197,10150.694454206114,10150.694454206114,10257.543869513547,-106.84941530743305,4.081647664743932,0.0,-110.93106297217699,-110.93106297217699,195.0,2.285808071148592,mean
909,B0,15,HBARUSDT,2026-05-28 22:59:00+00:00,2026-05-28 23:01:00+00:00,2026-05-29 00:01:00+00:00,10130.144623454948,10124.620496165466,10124.620496165466,10066.064746896938,58.555749268526014,4.038137048612481,1.0050597190486386,54.51761221991354,55.522671938962176,60.0,2.060709506004499,mean
910,B0,15,HBARUSDT,2026-05-29 00:14:00+00:00,2026-05-29 00:16:00+00:00,2026-05-29 00:46:00+00:00,10135.696890648846,10117.087230087118,10117.087230087118,9935.36936813143,181.71786195568822,4.01049131964371,0.0,177.70737063604452,177.70737063604452,30.0,2.108630954640956,mean
911,B0,15,XLMUSDT,2026-05-29 00:59:00+00:00,2026-05-29 01:01:00+00:00,2026-05-29 05:16:00+00:00,10153.46762771245,10232.164717228155,10232.164717228155,10472.370866272822,240.20614904466677,4.140907116700196,0.0,236.06524192796658,236.06524192796658,255.0,-2.350246352965075,timeout
912,B0,15,HBARUSDT,2026-05-29 04:59:00+00:00,2026-05-29 05:01:00+00:00,2026-05-29 06:16:00+00:00,10164.784649811256,10133.88529358558,10133.88529358558,10480.39950268782,-346.51420910224067,4.12285695925468,0.0,-350.6370660614954,-350.6370660614954,75.0,2.062766705288105,stop
913,B0,15,HBARUSDT,2026-05-29 06:29:00+00:00,2026-05-29 06:31:00+00:00,2026-05-29 07:01:00+00:00,10142.010445299096,10119.422448761681,10119.422448761681,9929.03790651776,190.3845422439213,4.0096920710558885,0.0,186.3748501728654,186.3748501728654,30.0,3.0282306359716484,mean
915,B0,15,XLMUSDT,2026-05-29 08:44:00+00:00,2026-05-29 08:46:00+00:00,2026-05-29 10:01:00+00:00,10147.744244754575,10193.931853610751,10193.931853610751,9808.102030135415,385.82982347533596,4.000406776749234,0.0,381.8294166985867,381.8294166985867,75.0,2.3598775793493467,mean
914,B0,15,TRXUSDT,2026-05-29 07:59:00+00:00,2026-05-29 08:01:00+00:00,2026-05-29 11:46:00+00:00,10160.647930316381,10162.114494204594,10162.114494204594,10036.28331259593,-125.83118160866442,4.039679561360105,0.0,-129.87086117002454,-129.87086117002454,225.0,-2.5979859558478653,mean
917,B0,15,XLMUSDT,2026-05-29 12:14:00+00:00,2026-05-29 12:16:00+00:00,2026-05-29 13:31:00+00:00,10184.729975854005,10235.87424808407,10235.87424808407,10303.565196623866,67.69094853979465,4.107887888941587,0.0,63.583060650853064,63.583060650853064,75.0,-2.104063185885395,mean
916,B0,15,HBARUSDT,2026-05-29 11:59:00+00:00,2026-05-29 12:01:00+00:00,2026-05-29 15:01:00+00:00,10185.843785869236,10182.430680613164,10182.430680613164,10166.50285608483,-15.927824528333582,4.069786707339599,0.0,-19.99761123567318,-19.99761123567318,180.0,-2.8294052497146667,mean
918,B0,15,XRPUSDT,2026-05-29 13:14:00+00:00,2026-05-29 13:16:00+00:00,2026-05-29 15:01:00+00:00,10190.71169445539,10192.276967736161,10192.276967736161,10211.060247105404,18.783279369243918,4.080667442968313,0.0,14.702611926275605,14.702611926275605,105.0,-2.093650884092812,mean
919,B0,15,TRXUSDT,2026-05-29 13:44:00+00:00,2026-05-29 13:46:00+00:00,2026-05-29 16:16:00+00:00,10190.848929868573,10193.501491986997,10193.501491986997,10207.353760827667,-13.852268840670078,4.080171050562933,-3.6057631539239026,-17.93243989123301,-21.538203045156912,150.0,2.2537556037715905,mean
920,B0,15,FILUSDT,2026-05-29 15:29:00+00:00,2026-05-29 15:31:00+00:00,2026-05-29 18:01:00+00:00,10187.931972482309,10219.215284577956,10219.215284577956,10156.648660386662,62.56662419129366,4.075172788992925,0.7307860234998671,58.49145140230074,59.22223742580061,150.0,2.805950231892746,mean
921,B0,15,AAVEUSDT,2026-05-29 15:29:00+00:00,2026-05-29 15:31:00+00:00,2026-05-29 18:01:00+00:00,10187.931972482309,10217.426588566697,10217.426588566697,10183.01620313491,34.41038543178598,4.0800885583403215,-0.2864892158915607,30.33029687344566,30.0438076575541,150.0,2.4966613447324986,mean
922,B0,15,DOGEUSDT,2026-05-29 16:29:00+00:00,2026-05-29 16:31:00+00:00,2026-05-29 18:01:00+00:00,10217.633100260666,10235.001339707163,10235.001339707163,10240.10964542672,-5.108305719557814,4.095022197026777,0.0,-9.203327916584591,-9.203327916584591,90.0,2.041020555173537,mean
923,B0,15,ADAUSDT,2026-05-29 18:59:00+00:00,2026-05-29 19:01:00+00:00,2026-05-29 20:31:00+00:00,10197.525043415546,10175.547618753013,10175.547618753013,10259.06183247064,83.51421371762666,4.086921890244731,0.0,79.42729182738192,79.42729182738192,90.0,-2.053274864571709,mean
924,B0,15,SUIUSDT,2026-05-29 18:59:00+00:00,2026-05-29 19:01:00+00:00,2026-05-29 21:16:00+00:00,10197.525043415546,10186.239601800435,10186.239601800435,10198.653587577057,12.413985776623504,4.076978637875499,0.0,8.337007138748005,8.337007138748005,135.0,-2.0077689576491378,mean
925,B0,15,DOTUSDT,2026-05-29 19:29:00+00:00,2026-05-29 19:31:00+00:00,2026-05-29 21:16:00+00:00,10195.300267841361,10220.981124939197,10220.981124939197,10255.222267736313,34.24114279711627,4.095240678535102,0.0,30.145902118581162,30.145902118581162,105.0,-2.3878484985044266,mean
926,B0,15,XLMUSDT,2026-05-29 20:44:00+00:00,2026-05-29 20:46:00+00:00,2026-05-29 21:46:00+00:00,10206.865298842167,10188.831967925487,10188.831967925487,10515.14938451307,-326.31741658758386,4.140796270487711,0.0,-330.4582128580716,-330.4582128580716,60.0,4.27319635455732,stop
927,B0,15,HBARUSDT,2026-05-29 21:29:00+00:00,2026-05-29 21:31:00+00:00,2026-05-29 22:01:00+00:00,10192.96816206401,10137.707039892726,10137.707039892726,10097.615637533167,40.09140235955966,4.047064535485179,0.0,36.04433782407448,36.04433782407448,30.0,2.14878077789162,mean
929,B0,15,XLMUSDT,2026-05-29 22:59:00+00:00,2026-05-29 23:01:00+00:00,2026-05-29 23:16:00+00:00,10196.050220285972,10124.283550765325,10124.283550765325,10423.311340434682,-299.02778966935773,4.109518978240001,0.0,-303.13730864759776,-303.13730864759776,15.0,2.9038689271051057,stop
930,B0,15,HBARUSDT,2026-05-29 23:14:00+00:00,2026-05-29 23:16:00+00:00,2026-05-30 00:01:00+00:00,10159.728263575586,10165.010434867867,10165.010434867867,10548.496070687554,-383.48563581968716,4.142701301111084,-0.2620721079871113,-387.6283371207982,-387.89040922878536,45.0,2.709374046810743,stop
928,B0,15,NEARUSDT,2026-05-29 21:59:00+00:00,2026-05-29 22:01:00+00:00,2026-05-30 00:16:00+00:00,10181.268534890003,10207.13119839946,10207.13119839946,10310.581852437292,103.45065403783245,4.1035426101673504,-1.0251602953497196,99.3471114276651,98.32195113231538,135.0,-3.4089192132193,mean
932,B0,15,HBARUSDT,2026-05-30 00:14:00+00:00,2026-05-30 00:16:00+00:00,2026-05-30 00:46:00+00:00,10106.140120528084,10143.698391880658,10143.698391880658,10482.711209615733,-339.0128177350744,4.125281920299278,0.0,-343.1380996553737,-343.1380996553737,30.0,7.581508520832385,stop
931,B0,15,XLMUSDT,2026-05-29 23:29:00+00:00,2026-05-29 23:31:00+00:00,2026-05-30 01:16:00+00:00,10151.28379257634,10265.706689802986,10265.706689802986,10656.717348946453,-391.0106591434673,4.184484807749888,-1.2959135873345302,-395.1951439512172,-396.49105753855173,105.0,2.949431905407794,stop
934,B0,15,XRPUSDT,2026-05-30 00:59:00+00:00,2026-05-30 01:01:00+00:00,2026-05-30 03:31:00+00:00,10055.653044208811,10033.270673580657,10033.270673580657,10123.546235114212,-90.27556153355587,4.031363381738974,0.0,-94.30692491529484,-94.30692491529484,150.0,3.2924330314990162,mean
933,B0,15,HBARUSDT,2026-05-30 00:59:00+00:00,2026-05-30 01:01:00+00:00,2026-05-30 05:16:00+00:00,10055.653044208811,10079.84541759175,10079.84541759175,9114.941909972196,964.9035076195547,3.8389574655127894,0.0,961.0645501540419,961.0645501540419,255.0,9.949409230094192,timeout
935,B0,15,LINKUSDT,2026-05-30 01:29:00+00:00,2026-05-30 01:31:00+00:00,2026-05-30 05:16:00+00:00,10048.12886849452,10054.711330904274,10054.711330904274,10054.711330904274,0.0,4.02188453236171,0.0,-4.02188453236171,-4.02188453236171,225.0,2.3053520881356766,mean
936,B0,15,XLMUSDT,2026-05-30 03:44:00+00:00,2026-05-30 03:46:00+00:00,2026-05-30 08:01:00+00:00,10100.18046510432,10034.650866730755,10034.650866730755,8736.130141065134,1298.5207256656215,3.7541562015591774,0.8385867764224136,1294.7665694640625,1295.605156240485,255.0,3.45396768686007,timeout
937,B0,15,HBARUSDT,2026-05-30 05:29:00+00:00,2026-05-30 05:31:00+00:00,2026-05-30 08:01:00+00:00,10243.76948929216,10257.401284088026,10257.401284088026,10141.006728523338,-116.39455556468725,4.079681602522273,0.06232372692701171,-120.47423716720954,-120.41191344028253,150.0,-2.3876198959399053,mean
938,B0,15,BNBUSDT,2026-05-30 05:59:00+00:00,2026-05-30 06:01:00+00:00,2026-05-30 10:16:00+00:00,10232.794708261394,10234.329136450613,10234.329136450613,10357.39027722595,-123.06114077533618,4.118343882735313,1.1267265544115594,-127.17948465807149,-126.05275810365993,255.0,2.471222218953099,timeout
939,B0,15,XLMUSDT,2026-05-30 09:59:00+00:00,2026-05-30 10:01:00+00:00,2026-05-30 10:31:00+00:00,10237.621658361566,10275.975983352308,10275.975983352308,10545.308576620613,269.33259326830546,4.164256911994585,0.0,265.1683363563109,265.1683363563109,30.0,-2.007637025970842,mean
940,B0,15,BNBUSDT,2026-05-30 14:29:00+00:00,2026-05-30 14:31:00+00:00,2026-05-30 16:16:00+00:00,10264.345639802741,10261.640184888969,10261.640184888969,10575.923864038894,-314.2836791499246,4.167512809785572,1.2401178558431356,-318.4511919597101,-317.21107410386696,105.0,2.6696545517351424,stop
941,B0,15,TRXUSDT,2026-05-30 16:14:00+00:00,2026-05-30 16:16:00+00:00,2026-05-30 18:01:00+00:00,10233.091566055937,10230.740887467282,10230.740887467282,10222.807347230577,7.933540236705409,4.090709646939572,0.0,3.8428305897658377,3.8428305897658377,105.0,2.437455577575761,mean
942,B0,15,BNBUSDT,2026-05-30 16:29:00+00:00,2026-05-30 16:31:00+00:00,2026-05-30 20:46:00+00:00,10231.332728727353,10233.51975209718,10233.51975209718,10490.713700388902,-257.1939482917224,4.144846690497216,0.0,-261.3387949822196,-261.3387949822196,255.0,5.4965920108879445,timeout
943,B0,15,BNBUSDT,2026-05-30 22:14:00+00:00,2026-05-30 22:16:00+00:00,2026-05-30 23:31:00+00:00,10206.874935953108,10211.62580160357,10211.62580160357,10347.097455454623,135.47165385105305,4.111744651411639,0.0,131.35990919964144,131.35990919964144,75.0,-2.366604937488286,mean
944,B0,15,XLMUSDT,2026-05-30 22:44:00+00:00,2026-05-30 22:46:00+00:00,2026-05-31 01:31:00+00:00,10211.781483151968,10229.684325864366,10229.684325864366,10295.924843900239,66.24051803587273,4.105121833952921,-1.0271308435170692,62.135396201919804,61.10826535840273,165.0,-2.288977813097188,mean
945,B0,15,BNBUSDT,2026-05-31 02:14:00+00:00,2026-05-31 02:16:00+00:00,2026-05-31 04:46:00+00:00,10226.121753408914,10252.347586078013,10252.347586078013,10246.070126130622,6.2774599473910415,4.099683542441727,0.0,2.1777764049493147,2.1777764049493147,150.0,2.5076297873297864,mean
946,B0,15,BNBUSDT,2026-05-31 07:29:00+00:00,2026-05-31 07:31:00+00:00,2026-05-31 09:31:00+00:00,10226.339531049409,10243.13340384235,10243.13340384235,10234.807029936606,-8.326373905744278,4.095588086755791,0.0,-12.42196199250007,-12.42196199250007,120.0,-2.552830486780053,mean
947,B0,15,XLMUSDT,2026-05-31 11:59:00+00:00,2026-05-31 12:01:00+00:00,2026-05-31 13:46:00+00:00,10225.097334850157,10183.985958826257,10183.985958826257,10035.054181532128,148.93177729412892,4.043808028071677,0.0,144.88796926605724,144.88796926605724,105.0,2.4886358264391317,mean
948,B0,15,SUIUSDT,2026-05-31 14:29:00+00:00,2026-05-31 14:31:00+00:00,2026-05-31 17:31:00+00:00,10239.586131776765,10254.781864620727,10254.781864620727,10219.71478882697,-35.067075793756075,4.09489933068954,0.04232675533678154,-39.16197512444562,-39.11964836910884,180.0,-3.357921537860799,mean
949,B0,15,AVAXUSDT,2026-05-31 14:29:00+00:00,2026-05-31 14:31:00+00:00,2026-05-31 17:46:00+00:00,10239.586131776765,10241.889491608456,10241.889491608456,10198.12565480635,-43.763836802105466,4.0880030292829606,-0.2514542003219983,-47.851839831388425,-48.103294031710426,195.0,-2.084686146741878,mean
950,B0,15,ADAUSDT,2026-05-31 14:44:00+00:00,2026-05-31 14:46:00+00:00,2026-05-31 18:01:00+00:00,10237.691070286472,10237.691070286472,10237.691070286472,10202.675453115762,-35.01561717071026,4.088073304680447,0.1463134566601571,-39.10369047539071,-38.95737701873055,195.0,-2.0727116417944833,mean
951,B0,15,SUIUSDT,2026-05-31 22:14:00+00:00,2026-05-31 22:16:00+00:00,2026-05-31 23:46:00+00:00,10226.968099834812,10240.652713706135,10240.652713706135,10172.229644349523,68.42306935661121,4.082576471611132,0.0,64.34049288500007,64.34049288500007,90.0,2.144063611031999,mean
952,B0,15,NEARUSDT,2026-05-31 22:29:00+00:00,2026-05-31 22:31:00+00:00,2026-05-31 23:46:00+00:00,10226.64924833161,10244.145654231237,10244.145654231237,10051.685189335349,192.4604648958902,4.059166168713317,0.0,188.40129872717688,188.40129872717688,75.0,2.0045086492513846,mean
953,B0,15,BNBUSDT,2026-06-01 01:44:00+00:00,2026-06-01 01:46:00+00:00,2026-06-01 02:46:00+00:00,10252.24227899603,10266.375789325073,10266.375789325073,10436.41958547138,170.0437961463068,4.140559074959291,0.0,165.9032370713475,165.9032370713475,60.0,-2.853515335323635,mean
954,B0,15,LTCUSDT,2026-06-01 01:59:00+00:00,2026-06-01 02:01:00+00:00,2026-06-01 02:46:00+00:00,10249.445807919918,10255.425647947875,10255.425647947875,10388.975408572269,133.54976062439303,4.128880211304029,0.0,129.420880413089,129.420880413089,45.0,-2.5730112698270338,mean
955,B0,15,BTCUSDT,2026-06-01 01:59:00+00:00,2026-06-01 02:01:00+00:00,2026-06-01 02:46:00+00:00,10249.445807919918,10246.969413722984,10246.969413722984,10327.445229659517,80.47581593653517,4.114882928676501,0.0,76.36093300785868,76.36093300785868,45.0,-2.204490866069407,mean
956,B0,15,LINKUSDT,2026-06-01 06:44:00+00:00,2026-06-01 06:46:00+00:00,2026-06-01 09:01:00+00:00,10289.410784045256,10313.499705613252,10313.499705613252,10322.676437639158,9.176732025905379,4.127235228650482,-0.9553698285098718,5.049496797254896,4.094126968745025,135.0,-2.372579761606001,mean
958,B0,15,AVAXUSDT,2026-06-01 06:44:00+00:00,2026-06-01 06:46:00+00:00,2026-06-01 09:01:00+00:00,10289.410784045256,10303.421101690614,10303.421101690614,10318.598945806418,15.177844115804755,4.124404009499406,-0.25575872903396846,11.053440106305349,10.797681377271381,135.0,-2.2770472739299286,mean
957,B0,15,BCHUSDT,2026-06-01 06:44:00+00:00,2026-06-01 06:46:00+00:00,2026-06-01 10:16:00+00:00,10289.410784045256,10316.882084444214,10316.882084444214,10132.683493307617,-184.19859113659723,4.089913115550367,3.337318576228134,-188.2885042521476,-184.95118567591945,210.0,-2.346466915257205,mean
959,B0,15,BNBUSDT,2026-06-01 09:44:00+00:00,2026-06-01 09:46:00+00:00,2026-06-01 12:01:00+00:00,10275.389849637924,10334.04015157374,10334.04015157374,9964.972397928854,369.0677536448859,4.0598025099005195,0.0,365.0079511349854,365.0079511349854,135.0,4.942361462751148,mean
960,B0,15,BCHUSDT,2026-06-01 11:29:00+00:00,2026-06-01 11:31:00+00:00,2026-06-01 12:46:00+00:00,10301.680670945752,10297.629820606851,10297.629820606851,10452.666910850225,155.03709024337385,4.150059346291416,0.0,150.88703089708244,150.88703089708244,75.0,-2.7131654625405517,mean
961,B0,15,BTCUSDT,2026-06-01 12:14:00+00:00,2026-06-01 12:16:00+00:00,2026-06-01 16:31:00+00:00,10314.149923830782,10320.836378551743,10320.836378551743,10170.985339773211,-149.85103877853203,4.098364343664992,-1.0180519281506821,-153.94940312219703,-154.9674550503477,255.0,-2.5639934615814517,timeout
962,B0,15,BNBUSDT,2026-06-01 13:29:00+00:00,2026-06-01 13:31:00+00:00,2026-06-01 16:31:00+00:00,10319.816145047873,10330.010480911771,10330.010480911771,10207.978283952738,-122.03219695903299,4.107597752972902,0.0,-126.1397947120059,-126.1397947120059,180.0,-2.002713289266656,mean
963,B0,15,SOLUSDT,2026-06-01 13:59:00+00:00,2026-06-01 14:01:00+00:00,2026-06-01 16:31:00+00:00,10315.13343603527,10297.034442664612,10297.034442664612,10300.912798386895,3.878355722284369,4.119589448210302,-0.3231199248738663,-0.2412337259259325,-0.5643536507997988,150.0,-2.4871345740821242,mean
966,B0,15,NEARUSDT,2026-06-01 17:29:00+00:00,2026-06-01 17:31:00+00:00,2026-06-01 18:46:00+00:00,10292.603441125837,10284.3627658327,10284.3627658327,10597.508426971837,-313.14566113913696,4.176374238560908,0.0,-317.3220353776979,-317.3220353776979,75.0,2.293826263404323,stop
964,B0,15,AVAXUSDT,2026-06-01 16:59:00+00:00,2026-06-01 17:01:00+00:00,2026-06-01 19:16:00+00:00,10295.827184174159,10290.023448444637,10290.023448444637,10313.238391362729,-23.214942918092312,4.120652367961473,0.0,-27.33559528605379,-27.33559528605379,135.0,2.0223949047506076,mean
965,B0,15,SOLUSDT,2026-06-01 17:29:00+00:00,2026-06-01 17:31:00+00:00,2026-06-01 20:31:00+00:00,10292.603441125837,10310.439367376086,10310.439367376086,10329.549288358496,-19.10992098240856,4.127997731146916,0.0,-23.237918713555477,-23.237918713555477,180.0,2.3236404213784443,mean
967,B0,15,NEARUSDT,2026-06-01 18:59:00+00:00,2026-06-01 19:01:00+00:00,2026-06-01 20:46:00+00:00,10262.309897193903,10258.326081240024,10258.326081240024,10668.659124489624,-410.3330432496,4.185397041145929,0.0,-414.51844029074596,-414.51844029074596,105.0,2.817327419581542,stop
968,B0,15,FILUSDT,2026-06-01 19:59:00+00:00,2026-06-01 20:01:00+00:00,2026-06-01 21:16:00+00:00,10242.881357290098,10242.881357290098,10242.881357290098,10063.736312975354,179.14504431474467,4.06132353405309,0.0,175.08372078069158,175.08372078069158,75.0,2.344611147900559,mean
969,B0,15,NEARUSDT,2026-06-01 20:59:00+00:00,2026-06-01 21:01:00+00:00,2026-06-01 22:01:00+00:00,10227.918871363428,10212.687421071003,10212.687421071003,9995.639254403946,217.04816666705688,4.04166533509499,0.0,213.00650133196189,213.00650133196189,60.0,2.09596210570117,mean
971,B0,15,AAVEUSDT,2026-06-02 01:59:00+00:00,2026-06-02 02:01:00+00:00,2026-06-02 03:16:00+00:00,10256.39480741862,10255.089590466796,10255.089590466796,10377.77998393808,122.69039347128562,4.126573914880975,0.0,118.56381955640464,118.56381955640464,75.0,-2.003896182628838,mean
970,B0,15,BTCUSDT,2026-06-02 01:59:00+00:00,2026-06-02 02:01:00+00:00,2026-06-02 03:46:00+00:00,10256.39480741862,10252.821818709921,10252.821818709921,10307.79646205311,54.97464334318882,4.112123656152606,0.0,50.86251968703622,50.86251968703622,105.0,-2.1929108821512013,mean
972,B0,15,ADAUSDT,2026-06-02 02:14:00+00:00,2026-06-02 02:16:00+00:00,2026-06-02 03:46:00+00:00,10247.742788366551,10247.742788366551,10247.742788366551,10347.72076678964,99.97797842308864,4.1190927110312385,0.0,95.85888571205741,95.85888571205741,90.0,-2.8341210223347995,mean
973,B0,15,NEARUSDT,2026-06-02 03:44:00+00:00,2026-06-02 03:46:00+00:00,2026-06-02 05:01:00+00:00,10283.210078462951,10301.954537227923,10301.954537227923,9942.060928940484,359.8936082874386,4.048803093233682,0.0,355.8448051942049,355.8448051942049,75.0,2.238403602647498,mean
974,B0,15,LTCUSDT,2026-06-02 05:14:00+00:00,2026-06-02 05:16:00+00:00,2026-06-02 07:46:00+00:00,10318.507810433592,10306.033289606954,10306.033289606954,10297.716942389196,-8.316347217758107,4.12075004639923,0.0,-12.437097264157337,-12.437097264157337,150.0,-2.0263644525823907,mean
975,B0,15,SOLUSDT,2026-06-02 06:14:00+00:00,2026-06-02 06:16:00+00:00,2026-06-02 08:16:00+00:00,10313.1039727567,10318.295568011046,10318.295568011046,10332.572454960495,14.276886949449173,4.130173604594308,-0.2711948149479004,10.146713344854863,9.875518529906962,120.0,-2.2438141231277373,mean
976,B0,15,BTCUSDT,2026-06-02 06:59:00+00:00,2026-06-02 07:01:00+00:00,2026-06-02 11:16:00+00:00,10314.040492412107,10312.24486998686,10312.24486998686,10231.809816265677,-80.4350537211829,4.1088109372505075,-0.617862997191461,-84.5438646584334,-85.16172765562487,255.0,-2.477640814756759,timeout
979,B0,15,LTCUSDT,2026-06-02 14:29:00+00:00,2026-06-02 14:31:00+00:00,2026-06-02 16:46:00+00:00,10293.482436688517,10312.690676773567,10312.690676773567,10310.55642787523,-2.134248898338476,4.124649420929759,0.2902209023417645,-6.258898319268235,-5.968677416926471,135.0,-4.603203381664084,mean
978,B0,15,DOGEUSDT,2026-06-02 14:29:00+00:00,2026-06-02 14:31:00+00:00,2026-06-02 17:16:00+00:00,10293.482436688517,10305.305377776915,10305.305377776915,10269.836554511725,-35.46882326519079,4.115028386457728,0.138095799366205,-39.58385165164852,-39.44575585228232,165.0,-4.887314599478462,mean
977,B0,15,BTCUSDT,2026-06-02 13:44:00+00:00,2026-06-02 13:46:00+00:00,2026-06-02 17:31:00+00:00,10309.735479794605,10320.050964397893,10320.050964397893,10137.905557019641,-182.1454073782511,4.091591304283507,-0.8405377529278557,-186.2369986825346,-187.07753643546243,225.0,-2.0382774775207206,mean
980,B0,15,AAVEUSDT,2026-06-02 18:14:00+00:00,2026-06-02 18:16:00+00:00,2026-06-02 18:46:00+00:00,10286.486282824138,10258.713563366782,10258.713563366782,10080.1746525695,178.53891079728115,4.067777643187256,0.0,174.47113315409388,174.47113315409388,30.0,3.0665628996807697,mean
982,B0,15,SOLUSDT,2026-06-02 19:29:00+00:00,2026-06-02 19:31:00+00:00,2026-06-02 21:31:00+00:00,10303.93339613955,10287.556283456945,10287.556283456945,10350.335215406934,62.7789319499904,4.127578299772775,0.0,58.65135365021762,58.65135365021762,120.0,-2.365648171004561,mean
981,B0,15,DOGEUSDT,2026-06-02 19:29:00+00:00,2026-06-02 19:31:00+00:00,2026-06-02 21:46:00+00:00,10303.93339613955,10280.832872885687,10280.832872885687,10400.735588822401,119.90271593671447,4.136313692341617,0.0,115.76640224437286,115.76640224437286,135.0,-2.4678654830760265,mean
983,B0,15,AAVEUSDT,2026-06-02 19:29:00+00:00,2026-06-02 19:31:00+00:00,2026-06-02 21:46:00+00:00,10303.93339613955,10280.509102513664,10280.509102513664,10335.625087515748,55.11598500208449,4.123226838005882,0.0,50.99275816407861,50.99275816407861,135.0,-2.330317375747767,mean
985,B0,15,SOLUSDT,2026-06-02 22:59:00+00:00,2026-06-02 23:01:00+00:00,2026-06-03 00:46:00+00:00,10312.354874243743,10308.152610643807,10308.152610643807,10504.2582453075,196.105634663694,4.162482171190261,2.0433864787549094,191.94315249250374,193.98653897125865,105.0,-3.6938204678300983,mean
984,B0,15,LTCUSDT,2026-06-02 22:44:00+00:00,2026-06-02 22:46:00+00:00,2026-06-03 01:01:00+00:00,10326.474447545415,10300.386512098985,10300.386512098985,10278.646565893627,-21.73994620535908,4.1158066155985225,-0.0010189512786451655,-25.8557528209576,-25.856771772236247,135.0,-2.5771389681457006,mean
986,B0,15,ETHUSDT,2026-06-02 22:59:00+00:00,2026-06-02 23:01:00+00:00,2026-06-03 01:31:00+00:00,10312.354874243743,10269.235128890714,10269.235128890714,10313.955991548786,44.72086265807196,4.1166382240879,-0.2074463978389342,40.60422443398406,40.39677803614512,150.0,-3.235199798464279,mean
987,B0,15,BCHUSDT,2026-06-03 01:44:00+00:00,2026-06-03 01:46:00+00:00,2026-06-03 03:46:00+00:00,10347.327102068935,10352.478969258782,10352.478969258782,9700.569621005108,-651.9093482536736,4.010609718052779,0.0,-655.9199579717263,-655.9199579717263,120.0,-2.7173926613828012,stop
988,B0,15,BTCUSDT,2026-06-03 03:29:00+00:00,2026-06-03 03:31:00+00:00,2026-06-03 04:31:00+00:00,10344.147821418483,10353.65995482132,10353.65995482132,10384.433583774255,30.77362895293627,4.147618707719115,0.0,26.626010245217152,26.626010245217152,60.0,-2.0376856187245984,mean
989,B0,15,BNBUSDT,2026-06-03 03:29:00+00:00,2026-06-03 03:31:00+00:00,2026-06-03 05:16:00+00:00,10344.147821418483,10362.59754999414,10362.59754999414,10411.311307022848,48.713757028708834,4.154781771403397,0.0,44.558975257305434,44.558975257305434,105.0,-2.026841117962893,mean
990,B0,15,BCHUSDT,2026-06-03 03:59:00+00:00,2026-06-03 04:01:00+00:00,2026-06-03 06:01:00+00:00,10265.954206958551,10287.143395697669,10287.143395697669,10551.800517792153,264.65712209448384,4.167788782697965,0.0,260.48933331178586,260.48933331178586,120.0,-4.834867769869836,mean
992,B0,15,NEARUSDT,2026-06-03 05:59:00+00:00,2026-06-03 06:01:00+00:00,2026-06-03 06:31:00+00:00,10319.356369037774,10301.334440345776,10301.334440345776,10070.653753088209,230.68068725756834,4.074397638686797,0.0,226.60628961888153,226.60628961888153,30.0,2.330353881122745,mean
991,B0,15,SUIUSDT,2026-06-03 05:14:00+00:00,2026-06-03 05:16:00+00:00,2026-06-03 08:16:00+00:00,10313.71450063634,10327.312829715449,10327.312829715449,10298.879959822767,28.432869892681772,4.125238557907643,-0.07642920448438925,24.30763133477413,24.23120213028974,180.0,2.9788024162088576,mean
994,B0,15,LINKUSDT,2026-06-03 06:44:00+00:00,2026-06-03 06:46:00+00:00,2026-06-03 08:16:00+00:00,10330.305220916634,10307.370446530398,10307.370446530398,10283.228578755412,24.14186777498578,4.118119805057162,0.844830467393829,20.02374796992862,20.86857843732245,90.0,2.91796312441195,mean
993,B0,15,AAVEUSDT,2026-06-03 06:14:00+00:00,2026-06-03 06:16:00+00:00,2026-06-03 09:16:00+00:00,10335.07962007176,10337.823932238534,10337.823932238534,10398.198799907568,-60.37486766903281,4.14720454642922,0.5738299661867274,-64.52207221546203,-63.9482422492753,180.0,2.0534643699703032,mean
996,B0,15,UNIUSDT,2026-06-03 11:29:00+00:00,2026-06-03 11:31:00+00:00,2026-06-03 12:16:00+00:00,10335.470732402442,10303.745208326174,10303.745208326174,10127.492296791344,176.25291153482956,4.086247501023504,0.0,172.16666403380606,172.16666403380606,45.0,2.2695964773388706,mean
995,B0,15,FILUSDT,2026-06-03 10:59:00+00:00,2026-06-03 11:01:00+00:00,2026-06-03 13:31:00+00:00,10335.67832094692,10379.427223892726,10379.427223892726,10543.485609939502,-164.05838604677663,4.184582566766446,0.0,-168.24296861354307,-168.24296861354307,150.0,3.4896413247382356,mean
998,B0,15,FILUSDT,2026-06-03 14:59:00+00:00,2026-06-03 15:01:00+00:00,2026-06-03 16:31:00+00:00,10340.75119061116,10299.13850976363,10299.13850976363,9924.62438213586,374.5141276277687,4.044752578379898,1.028873533955175,370.4693750493888,371.498248583344,90.0,2.3804154189760065,mean
997,B0,15,SOLUSDT,2026-06-03 14:29:00+00:00,2026-06-03 14:31:00+00:00,2026-06-03 17:46:00+00:00,10336.070690488945,10343.052635024535,10343.052635024535,10262.062078411678,-80.99055661285558,4.121022942687242,0.4547612771867318,-85.11157955554283,-84.6568182783561,195.0,-2.0356304675135513,mean
999,B0,15,BTCUSDT,2026-06-03 15:59:00+00:00,2026-06-03 16:01:00+00:00,2026-06-03 18:46:00+00:00,10325.108135758157,10329.516666860158,10329.516666860158,10331.345738274818,1.8290714146599802,4.132172481026995,0.0,-2.303101066367015,-2.303101066367015,165.0,-2.5985071143446143,mean
1001,B0,15,NEARUSDT,2026-06-03 17:59:00+00:00,2026-06-03 18:01:00+00:00,2026-06-03 19:01:00+00:00,10363.62520337303,10367.323856193649,10367.323856193649,10666.914734663747,299.5908784700982,4.206847718171479,0.0,295.38403075192673,295.38403075192673,60.0,-2.252174795863626,mean
1000,B0,15,ADAUSDT,2026-06-03 16:44:00+00:00,2026-06-03 16:46:00+00:00,2026-06-03 20:46:00+00:00,10350.156709082681,10350.156709082681,10350.156709082681,10008.942751640394,-341.213957442287,4.071819892144616,0.0,-345.2857773344316,-345.2857773344316,240.0,-2.873041461827118,stop
1003,B0,15,XRPUSDT,2026-06-03 20:44:00+00:00,2026-06-03 20:46:00+00:00,2026-06-03 21:46:00+00:00,10356.937513562305,10353.474234005855,10353.474234005855,10492.871236152949,139.39700214709342,4.169269094031761,0.0,135.22773305306166,135.22773305306166,60.0,-2.445578645017055,mean
1004,B0,15,ADAUSDT,2026-06-03 20:59:00+00:00,2026-06-03 21:01:00+00:00,2026-06-03 22:01:00+00:00,10345.970447189004,10335.731980640572,10335.731980640572,10525.143611786536,189.41163114596438,4.172175118485422,0.0,185.23945602747895,185.23945602747895,60.0,-3.5910985189365334,mean
1002,B0,15,ETHUSDT,2026-06-03 19:59:00+00:00,2026-06-03 20:01:00+00:00,2026-06-03 23:16:00+00:00,10371.108326190999,10351.889889869919,10351.889889869919,10491.77018536856,139.8802954986407,4.168732015047696,0.0,135.711563483593,135.711563483593,195.0,-2.178404974515732,mean
1005,B0,15,SUIUSDT,2026-06-03 21:59:00+00:00,2026-06-03 22:01:00+00:00,2026-06-03 23:46:00+00:00,10419.146856310384,10406.744586513563,10406.744586513563,10254.19666801265,152.5479185009136,4.1321882509052426,0.0,148.41573025000835,148.41573025000835,105.0,2.421243227144897,mean
1006,B0,15,BTCUSDT,2026-06-03 23:14:00+00:00,2026-06-03 23:16:00+00:00,2026-06-04 02:01:00+00:00,10416.91687536999,10417.642805288102,10417.642805288102,10014.751700736006,-402.8911045520953,4.086478901204822,-0.27978647008426666,-406.97758345330016,-407.25736992338443,165.0,-2.78979408402003,stop
1007,B0,15,ADAUSDT,2026-06-04 00:29:00+00:00,2026-06-04 00:31:00+00:00,2026-06-04 03:16:00+00:00,10399.299147262867,10452.114277518138,10452.114277518138,10462.677303569193,10.56302605105451,4.182958316217466,0.0,6.380067734837045,6.380067734837045,165.0,-3.4370002313319468,mean
1009,B0,15,LTCUSDT,2026-06-04 02:14:00+00:00,2026-06-04 02:16:00+00:00,2026-06-04 03:31:00+00:00,10320.394940074582,10297.414768753999,10297.414768753999,10713.355869656581,415.94110090258175,4.202154127682116,0.0,411.73894677489966,411.73894677489966,75.0,-7.088364677313111,mean
1008,B0,15,ETHUSDT,2026-06-04 00:29:00+00:00,2026-06-04 00:31:00+00:00,2026-06-04 04:46:00+00:00,10399.299147262867,10451.507392642454,10451.507392642454,10531.248924970827,79.74153232837195,4.196551263522656,0.0,75.5449810648493,75.5449810648493,255.0,-3.078563552603027,timeout
1011,B0,15,XRPUSDT,2026-06-04 03:44:00+00:00,2026-06-04 03:46:00+00:00,2026-06-04 05:16:00+00:00,10430.291748809103,10451.019330325325,10451.019330325325,10259.289201300267,191.7301290250576,4.142061706325118,0.0,187.5880673187325,187.5880673187325,90.0,2.382966256876181,mean
1010,B0,15,BTCUSDT,2026-06-04 03:44:00+00:00,2026-06-04 03:46:00+00:00,2026-06-04 05:31:00+00:00,10430.291748809103,10429.157165222085,10429.157165222085,10338.828103358452,90.32906186363223,4.153597053716107,0.0,86.17546480991612,86.17546480991612,105.0,2.8330050930587936,mean
1013,B0,15,FILUSDT,2026-06-04 05:29:00+00:00,2026-06-04 05:31:00+00:00,2026-06-04 06:16:00+00:00,10443.85667539045,10431.655908246303,10431.655908246303,10700.072785417553,268.4168771712501,4.226345738732771,0.0,264.19053143251733,264.19053143251733,45.0,-2.0856797101268993,mean
1012,B0,15,NEARUSDT,2026-06-04 05:14:00+00:00,2026-06-04 05:16:00+00:00,2026-06-04 07:01:00+00:00,10451.863197382052,10411.226093193163,10411.226093193163,10012.98247214206,-398.24362105110407,4.0848417130670445,0.0,-402.32846276417115,-402.32846276417115,105.0,-2.7987123996100682,stop
1014,B0,15,NEARUSDT,2026-06-04 07:14:00+00:00,2026-06-04 07:16:00+00:00,2026-06-04 08:16:00+00:00,10442.197019680792,10480.903680791636,10480.903680791636,10128.242990670622,-352.6606901210146,4.1218293342924515,-0.6166702670852308,-356.78251945530707,-357.3991897223923,60.0,-3.0794831065368165,stop
1017,B0,15,NEARUSDT,2026-06-04 08:29:00+00:00,2026-06-04 08:31:00+00:00,2026-06-04 10:31:00+00:00,10383.8333020053,10454.652284457168,10454.652284457168,10552.028385328487,97.37610087131904,4.201336133957131,0.0,93.17476473736191,93.17476473736191,120.0,-3.2774049597499144,mean
1016,B0,15,SOLUSDT,2026-06-04 07:29:00+00:00,2026-06-04 07:31:00+00:00,2026-06-04 11:16:00+00:00,10429.515255249238,10441.49803882557,10441.49803882557,10123.954274052796,-317.54376477277447,4.1130904625756735,1.8847928102130245,-321.6568552353501,-319.7720624251371,225.0,-2.1032791426885673,stop
1015,B0,15,XRPUSDT,2026-06-04 07:29:00+00:00,2026-06-04 07:31:00+00:00,2026-06-04 11:46:00+00:00,10429.515255249238,10441.935569435484,10441.935569435484,10180.221806225332,-261.7137632101509,4.124431475132163,0.17533058321560496,-265.83819468528304,-265.66286410206743,255.0,-2.2160735077277023,timeout
1018,B0,15,ADAUSDT,2026-06-04 10:44:00+00:00,2026-06-04 10:46:00+00:00,2026-06-04 12:01:00+00:00,10374.399100772991,10385.394754297924,10385.394754297924,10462.364328972444,76.96957467452054,4.1695518166540735,0.0,72.80002285786647,72.80002285786647,75.0,-2.6428082917959204,mean
1020,B0,15,SOLUSDT,2026-06-04 12:44:00+00:00,2026-06-04 12:46:00+00:00,2026-06-04 15:01:00+00:00,10384.73873957432,10401.090317893146,10401.090317893146,10372.846682615174,28.243635277971617,4.1547874001016645,0.0,24.088847877869952,24.088847877869952,135.0,2.577849584194054,mean
1021,B0,15,LTCUSDT,2026-06-04 12:44:00+00:00,2026-06-04 12:46:00+00:00,2026-06-04 15:01:00+00:00,10384.73873957432,10386.973458476747,10386.973458476747,10357.922112745207,29.05134573153894,4.148979114244391,0.0,24.90236661729455,24.90236661729455,135.0,2.5594501677690937,mean
1019,B0,15,BTCUSDT,2026-06-04 11:44:00+00:00,2026-06-04 11:46:00+00:00,2026-06-04 15:46:00+00:00,10353.164803237683,10369.843079461349,10369.843079461349,10616.039071102314,246.19599164096473,4.197176430112733,0.0,241.998815210852,241.998815210852,240.0,-2.2616098212689764,mean
1022,B0,15,SUIUSDT,2026-06-04 15:14:00+00:00,2026-06-04 15:16:00+00:00,2026-06-04 15:46:00+00:00,10403.0354104574,10384.949914897184,10384.949914897184,10263.518730421463,121.43118447572232,4.12969372906373,0.0,117.30149074665859,117.30149074665859,30.0,2.041093594531328,mean
1023,B0,15,BTCUSDT,2026-06-04 17:44:00+00:00,2026-06-04 17:46:00+00:00,2026-06-04 18:31:00+00:00,10405.340238860625,10399.213417892752,10399.213417892752,10562.342090455184,163.12867256243234,4.192311101669587,0.0,158.93636146076275,158.93636146076275,45.0,-2.0334578098143288,mean
1024,B0,15,SUIUSDT,2026-06-04 18:14:00+00:00,2026-06-04 18:16:00+00:00,2026-06-04 18:31:00+00:00,10407.838955284004,10406.49078961622,10406.49078961622,10634.33078747153,227.8399978553093,4.20816431541755,0.0,223.63183353989174,223.63183353989174,15.0,-2.113012452205484,mean
1026,B0,15,FILUSDT,2026-06-04 21:44:00+00:00,2026-06-04 21:46:00+00:00,2026-06-04 23:46:00+00:00,10435.944718739804,10472.434035938195,10472.434035938195,10508.923353136584,36.48931719839096,4.196271477814956,0.0,32.293045720576,32.293045720576,120.0,-2.186158627847913,mean
1027,B0,15,LTCUSDT,2026-06-04 21:44:00+00:00,2026-06-04 21:46:00+00:00,2026-06-04 23:46:00+00:00,10435.944718739804,10445.13331193262,10445.13331193262,10465.807646616455,20.674334683834868,4.182188191709815,0.0,16.492146492125052,16.492146492125052,120.0,-2.0499482248882326,mean
1025,B0,15,ADAUSDT,2026-06-04 21:29:00+00:00,2026-06-04 21:31:00+00:00,2026-06-05 00:16:00+00:00,10443.59705836069,10449.322714642685,10449.322714642685,10065.703743748954,-383.61897089373053,4.103005291678328,-0.5239791573640457,-387.72197618540883,-388.2459553427729,165.0,-2.6163532816888306,stop
1028,B0,15,ADAUSDT,2026-06-05 00:29:00+00:00,2026-06-05 00:31:00+00:00,2026-06-05 02:16:00+00:00,10409.650982047682,10386.245358704124,10386.245358704124,9959.09273268418,-427.1526260199443,4.069067618277661,0.0,-431.22169363822195,-431.22169363822195,105.0,-2.0688878751897057,stop
1030,B0,15,ADAUSDT,2026-06-05 02:29:00+00:00,2026-06-05 02:31:00+00:00,2026-06-05 03:01:00+00:00,10367.177650757434,10416.604004277136,10416.604004277136,10132.402471538851,-284.2015327382844,4.109801295163198,0.0,-288.31133403344757,-288.31133403344757,30.0,-5.43060139319916,stop
1029,B0,15,TRXUSDT,2026-06-05 00:59:00+00:00,2026-06-05 01:01:00+00:00,2026-06-05 03:46:00+00:00,10392.474180216428,10384.226184835305,10384.226184835305,10379.150495369999,-5.075689465306962,4.152675336041061,0.0,-9.228364801348024,-9.228364801348024,165.0,-2.599600829382399,mean
1032,B0,15,ADAUSDT,2026-06-05 03:14:00+00:00,2026-06-05 03:16:00+00:00,2026-06-05 04:01:00+00:00,10322.28130002287,10347.534587607022,10347.534587607022,10006.615205220947,-340.9193823860757,4.070829958565593,0.0,-344.9902123446413,-344.9902123446413,45.0,-5.840840820831724,stop
1033,B0,15,SUIUSDT,2026-06-05 03:59:00+00:00,2026-06-05 04:01:00+00:00,2026-06-05 04:31:00+00:00,10278.275172637903,10267.014394579686,10267.014394579686,10454.22482979755,187.21043521786345,4.144247844875448,0.0,183.066187372988,183.066187372988,30.0,-3.1247919646319557,mean
1031,B0,15,AVAXUSDT,2026-06-05 02:44:00+00:00,2026-06-05 02:46:00+00:00,2026-06-05 05:01:00+00:00,10345.308944545794,10363.327301496369,10363.327301496369,10357.783191665423,-5.544109830946919,4.144222098632358,0.0,-9.688331929579277,-9.688331929579277,135.0,-2.626812434470796,mean
1034,B0,15,ADAUSDT,2026-06-05 04:14:00+00:00,2026-06-05 04:16:00+00:00,2026-06-05 05:16:00+00:00,10309.743046364078,10322.29294660311,10322.29294660311,10491.716599830028,169.42365322691907,4.162801909286627,0.0,165.26085131763244,165.26085131763244,60.0,-3.419086232910309,mean
1035,B0,15,ETHUSDT,2026-06-05 05:44:00+00:00,2026-06-05 05:46:00+00:00,2026-06-05 06:31:00+00:00,10336.139692242017,10318.796154930926,10318.796154930926,10016.896896684162,-301.89925824676345,4.067138610323017,0.0,-305.96639685708647,-305.96639685708647,45.0,-2.72453773637834,stop
1036,B0,15,AAVEUSDT,2026-06-05 05:59:00+00:00,2026-06-05 06:01:00+00:00,2026-06-05 06:31:00+00:00,10328.46038164593,10302.547774431057,10302.547774431057,9974.829506713542,-327.71826771751483,4.05547545622892,0.0,-331.77374317374375,-331.77374317374375,30.0,-2.554987656827008,stop
1037,B0,15,LINKUSDT,2026-06-05 05:59:00+00:00,2026-06-05 06:01:00+00:00,2026-06-05 07:16:00+00:00,10328.46038164593,10300.100330911808,10300.100330911808,9988.139772836466,-311.96055807534105,4.057648020749655,0.0,-316.0182060960907,-316.0182060960907,75.0,-2.5492889066623428,stop
1039,B0,15,ETHUSDT,2026-06-05 06:44:00+00:00,2026-06-05 06:46:00+00:00,2026-06-05 08:31:00+00:00,10259.735273053559,10223.23407243548,10223.23407243548,10308.99956240127,85.76548996579056,4.10644672696735,0.32382551888293076,81.65904323882322,81.98286875770614,105.0,-4.966969624632436,mean
1038,B0,15,BCHUSDT,2026-06-05 06:44:00+00:00,2026-06-05 06:46:00+00:00,2026-06-05 09:01:00+00:00,10259.735273053559,10211.694236500285,10211.694236500285,10194.307956604815,-17.386279895470505,4.081200438621019,0.3825662155963474,-21.467480334091526,-21.084914118495178,135.0,-5.306596356857186,mean
1040,B0,15,LTCUSDT,2026-06-05 07:29:00+00:00,2026-06-05 07:31:00+00:00,2026-06-05 09:01:00+00:00,10241.380174575157,10260.158776774699,10260.158776774699,10302.41063172367,42.25185494896918,4.112513881699674,0.03347464316706352,38.13934106726951,38.17281571043657,90.0,-3.418765676900549,mean
1041,B0,15,ADAUSDT,2026-06-05 08:44:00+00:00,2026-06-05 08:46:00+00:00,2026-06-05 09:16:00+00:00,10246.129595337588,10252.569651651442,10252.569651651442,10497.291791577794,244.72213992635335,4.149972288645847,0.0,240.5721676377075,240.5721676377075,30.0,-2.185191186134602,mean
1042,B0,15,BCHUSDT,2026-06-05 10:14:00+00:00,2026-06-05 10:16:00+00:00,2026-06-05 11:31:00+00:00,10274.728151428062,10266.260581058203,10266.260581058203,10028.722949103694,237.53763195450748,4.05899670603238,0.0,233.4786352484751,233.4786352484751,75.0,2.047440795597071,mean
1043,B0,15,AAVEUSDT,2026-06-05 11:59:00+00:00,2026-06-05 12:01:00+00:00,2026-06-05 13:46:00+00:00,10298.076014952909,10298.076014952909,10298.076014952909,9933.51477629951,-364.5612386534005,4.046318158250484,0.0,-368.60755681165097,-368.60755681165097,105.0,-2.3483443935712534,stop
1044,B0,15,AAVEUSDT,2026-06-05 13:59:00+00:00,2026-06-05 14:01:00+00:00,2026-06-05 15:46:00+00:00,10261.215259271745,10371.90619831074,10371.90619831074,10003.487102703333,-368.4190956074067,4.075078660202815,0.0,-372.49417426760954,-372.49417426760954,105.0,-6.14677037761676,stop
1046,B0,15,BTCUSDT,2026-06-05 13:59:00+00:00,2026-06-05 14:01:00+00:00,2026-06-05 16:16:00+00:00,10261.215259271745,10297.560345642567,10297.560345642567,10309.072440441882,11.512094799315834,4.121326557216889,0.08814010160170788,7.390768242098943,7.478908343700651,135.0,-3.536349495301528,mean
1045,B0,15,ETHUSDT,2026-06-05 13:59:00+00:00,2026-06-05 14:01:00+00:00,2026-06-05 17:01:00+00:00,10261.215259271745,10317.600802082528,10317.600802082528,10231.08363887455,-86.51716320797887,4.109736888191415,0.7432028986498073,-90.62690009617027,-89.88369719752046,180.0,-3.730524651002158,mean
1047,B0,15,TRXUSDT,2026-06-05 15:59:00+00:00,2026-06-05 16:01:00+00:00,2026-06-05 17:01:00+00:00,10188.880164852686,10169.116975945766,10169.116975945766,10301.402837177584,132.28586123181867,4.09410396262467,0.0,128.191757269194,128.191757269194,60.0,-3.850617746796868,mean
1048,B0,15,FILUSDT,2026-06-05 16:29:00+00:00,2026-06-05 16:31:00+00:00,2026-06-05 18:01:00+00:00,10212.30770347961,10240.363493873785,10240.363493873785,10394.670341041747,154.30684716796128,4.127006766983106,0.0,150.17984040097818,150.17984040097818,90.0,-3.926075040585266,mean
1049,B0,15,BTCUSDT,2026-06-05 18:44:00+00:00,2026-06-05 18:46:00+00:00,2026-06-05 20:16:00+00:00,10243.562522726617,10217.988490100654,10217.988490100654,10433.897602444178,215.90911234352416,4.130377218508967,0.0,211.77873512501517,211.77873512501517,90.0,-2.0338519941069886,mean
1050,B0,15,SOLUSDT,2026-06-05 18:59:00+00:00,2026-06-05 19:01:00+00:00,2026-06-05 20:31:00+00:00,10236.352655891227,10198.898613402285,10198.898613402285,10470.847530604613,271.9489172023273,4.133949228801379,0.0,267.81496797352594,267.81496797352594,90.0,-3.0883295304238,mean
1051,B0,15,DOTUSDT,2026-06-05 18:59:00+00:00,2026-06-05 19:01:00+00:00,2026-06-05 20:31:00+00:00,10236.352655891227,10169.882833450376,10169.882833450376,10457.918730694068,288.0358972436916,4.125560312828888,0.0,283.9103369308627,283.9103369308627,90.0,-2.84158124843718,mean
1052,B0,15,BTCUSDT,2026-06-05 20:59:00+00:00,2026-06-05 21:01:00+00:00,2026-06-05 23:16:00+00:00,10319.912926729558,10317.181558651877,10317.181558651877,10245.579498554136,71.6020600977422,4.112552211441203,0.0,67.489507886301,67.489507886301,135.0,2.2076405430911583,mean
1053,B0,15,XLMUSDT,2026-06-05 21:14:00+00:00,2026-06-05 21:16:00+00:00,2026-06-05 23:16:00+00:00,10315.356502405342,10367.890515247522,10367.890515247522,10207.762803026648,160.12771222087417,4.115130663654834,0.0,156.01258155721933,156.01258155721933,120.0,2.00102225228449,mean
1054,B0,15,DOGEUSDT,2026-06-05 21:44:00+00:00,2026-06-05 21:46:00+00:00,2026-06-05 23:16:00+00:00,10307.465365403586,10296.339533274944,10296.339533274944,10126.979644205589,169.35988906935566,4.084663835496107,0.0,165.27522523385957,165.27522523385957,90.0,2.3075585741133544,mean
1057,B0,15,AVAXUSDT,2026-06-05 23:29:00+00:00,2026-06-05 23:31:00+00:00,2026-06-06 00:16:00+00:00,10358.790658197293,10312.442601561062,10312.442601561062,10536.458208636173,224.01560707510995,4.169780162039447,0.7289991346655833,219.8458269130705,220.57482604773608,45.0,-2.027463874281578,mean
1056,B0,15,ADAUSDT,2026-06-05 23:29:00+00:00,2026-06-05 23:31:00+00:00,2026-06-06 00:31:00+00:00,10358.790658197293,10305.872187401905,10305.872187401905,10544.005305981153,238.1331185792476,4.169975498676612,1.245854739424628,233.96314308057097,235.2089978199956,60.0,-2.1320781332272407,mean
1055,B0,15,BCHUSDT,2026-06-05 23:29:00+00:00,2026-06-05 23:31:00+00:00,2026-06-06 01:01:00+00:00,10358.790658197293,10317.89550862393,10317.89550862393,10591.843739500913,273.9482308769833,4.181947849624969,1.7350841376303423,269.7662830273583,271.50136716498866,90.0,-2.4249216510891034,mean
1058,B0,15,AAVEUSDT,2026-06-06 02:14:00+00:00,2026-06-06 02:16:00+00:00,2026-06-06 04:16:00+00:00,10431.519177300564,10436.64859174605,10436.64859174605,10135.722944277619,-300.92564746843095,4.114474307204734,0.0,-305.0401217756357,-305.0401217756357,120.0,-2.298430105687112,stop
1059,B0,15,AVAXUSDT,2026-06-06 03:14:00+00:00,2026-06-06 03:16:00+00:00,2026-06-06 04:16:00+00:00,10417.97396677047,10427.426234092507,10427.426234092507,10079.267721064187,-348.1585130283192,4.101338791031338,0.0,-352.25985181935056,-352.25985181935056,60.0,-2.0292055372394753,stop
1062,B0,15,XRPUSDT,2026-06-06 04:29:00+00:00,2026-06-06 04:31:00+00:00,2026-06-06 05:46:00+00:00,10352.467389390833,10333.939047228207,10333.939047228207,10568.956439922555,235.01739269434734,4.180579097430153,0.0,230.8368135969172,230.8368135969172,75.0,-3.9143539184911003,mean
1060,B0,15,LTCUSDT,2026-06-06 04:14:00+00:00,2026-06-06 04:16:00+00:00,2026-06-06 06:16:00+00:00,10360.518344836064,10360.518344836064,10360.518344836064,10486.715248487042,126.19690365097793,4.169446718664622,0.0,122.0274569323133,122.0274569323133,120.0,-4.1188022453708495,mean
1061,B0,15,AVAXUSDT,2026-06-06 04:29:00+00:00,2026-06-06 04:31:00+00:00,2026-06-06 07:01:00+00:00,10352.467389390833,10344.209199067453,10344.209199067453,10796.758028788749,452.54882972129684,4.22819344557124,0.0,448.3206362757256,448.3206362757256,150.0,-6.223533677297099,mean
1063,B0,15,BCHUSDT,2026-06-06 06:44:00+00:00,2026-06-06 06:46:00+00:00,2026-06-06 07:46:00+00:00,10458.345727460743,10436.842229437543,10436.842229437543,10749.359734041369,-312.51750460382516,4.237240392695783,0.0,-316.75474499652097,-316.75474499652097,60.0,2.556263573482476,stop
1066,B0,15,BCHUSDT,2026-06-06 07:59:00+00:00,2026-06-06 08:01:00+00:00,2026-06-06 09:46:00+00:00,10427.239017980359,10407.045752002467,10407.045752002467,10494.393367627774,-87.34761562530767,4.180287823926048,0.0,-91.52790344923372,-91.52790344923372,105.0,3.2701450690179894,mean
1064,B0,15,AAVEUSDT,2026-06-06 07:14:00+00:00,2026-06-06 07:16:00+00:00,2026-06-06 10:01:00+00:00,10415.737393197982,10427.561941000835,10427.561941000835,10334.654779692712,92.90716130812295,4.1524433441387085,-1.5541798635909783,88.75471796398423,87.20053810039326,165.0,2.1383222319006676,mean
1065,B0,15,AVAXUSDT,2026-06-06 07:44:00+00:00,2026-06-06 07:46:00+00:00,2026-06-06 10:01:00+00:00,10417.751592326662,10430.19627094972,10430.19627094972,10397.528989564194,32.6672813855247,4.165545052102782,-0.16951221869695082,28.50173633342192,28.33222411472497,135.0,2.1719097215072796,mean
1067,B0,15,SOLUSDT,2026-06-06 10:44:00+00:00,2026-06-06 10:46:00+00:00,2026-06-06 12:01:00+00:00,10416.632681998497,10396.297625518266,10396.297625518266,10586.091486000425,189.7938604821586,4.196477822303738,0.0,185.59738265985487,185.59738265985487,75.0,-2.217086304504427,mean
1068,B0,15,ETHUSDT,2026-06-06 10:44:00+00:00,2026-06-06 10:46:00+00:00,2026-06-06 12:16:00+00:00,10416.632681998497,10393.888647803235,10393.888647803235,10546.212936167347,152.32428836411378,4.188020316794116,0.0,148.13626804731967,148.13626804731967,90.0,-2.064160537330425,mean
1069,B0,15,SUIUSDT,2026-06-06 13:44:00+00:00,2026-06-06 13:46:00+00:00,2026-06-06 15:16:00+00:00,10450.006047069215,10513.707940401307,10513.707940401307,10311.020097981012,202.6878424202937,4.164945607676463,0.0,198.52289681261723,198.52289681261723,90.0,2.1981940602401795,mean
1070,B0,15,ADAUSDT,2026-06-06 14:14:00+00:00,2026-06-06 14:16:00+00:00,2026-06-06 15:16:00+00:00,10460.074942061721,10460.074942061721,10460.074942061721,10258.544598243256,201.53034381846646,4.143723908060995,0.0,197.38661991040547,197.38661991040547,60.0,2.421477770630289,mean
1071,B0,15,XRPUSDT,2026-06-06 14:14:00+00:00,2026-06-06 14:16:00+00:00,2026-06-06 15:16:00+00:00,10460.074942061721,10461.96936838465,10461.96936838465,10325.570673133643,136.3986952510083,4.157508008303658,0.0,132.24118724270463,132.24118724270463,60.0,2.033434456295212,mean
1072,B0,15,XLMUSDT,2026-06-06 15:59:00+00:00,2026-06-06 16:01:00+00:00,2026-06-06 18:01:00+00:00,10502.821117465786,10413.125819219173,10413.125819219173,10373.75954943316,39.36626978601231,4.1573770737304665,0.0,35.208892712281845,35.208892712281845,120.0,2.098104631207111,mean
1073,B0,15,LTCUSDT,2026-06-06 19:29:00+00:00,2026-06-06 19:31:00+00:00,2026-06-06 21:31:00+00:00,10506.342006737015,10501.24555172526,10501.24555172526,10618.46401699567,117.21846527041077,4.223941913744186,0.0,112.99452335666659,112.99452335666659,120.0,-2.179518253814233,mean
1074,B0,15,SUIUSDT,2026-06-07 01:14:00+00:00,2026-06-07 01:16:00+00:00,2026-06-07 03:46:00+00:00,10517.641459072682,10496.34781325191,10496.34781325191,10648.24248677341,-151.8946735214984,4.228918060005064,0.0,-156.12359158150346,-156.12359158150346,150.0,2.7791787344712646,mean
1075,B0,15,UNIUSDT,2026-06-07 01:14:00+00:00,2026-06-07 01:16:00+00:00,2026-06-07 03:46:00+00:00,10517.641459072682,10521.84851565631,10521.84851565631,10597.575534161635,-75.72701850532431,4.223884809963589,0.0,-79.95090331528789,-79.95090331528789,150.0,2.0194189693677993,mean
1076,B0,15,LINKUSDT,2026-06-07 01:29:00+00:00,2026-06-07 01:31:00+00:00,2026-06-07 03:46:00+00:00,10497.698115345678,10489.405002943826,10489.405002943826,10428.588845330236,60.81615761358985,4.183598769654813,0.0,56.632558843935044,56.632558843935044,135.0,2.8100484169288453,mean
1078,B0,15,XRPUSDT,2026-06-07 08:59:00+00:00,2026-06-07 09:01:00+00:00,2026-06-07 10:16:00+00:00,10497.126169257932,10498.035168753018,10498.035168753018,10379.865234391784,118.16993436123519,4.1755800806289605,0.0,113.99435428060623,113.99435428060623,75.0,2.6914845117176087,mean
1077,B0,15,TRXUSDT,2026-06-07 07:29:00+00:00,2026-06-07 07:31:00+00:00,2026-06-07 11:01:00+00:00,10499.697265467395,10498.096457834301,10498.096457834301,10524.990026070289,-26.89356823598752,4.204617296780918,-0.8798744131363295,-31.098185532768436,-31.978059945904764,210.0,2.5209228576762293,mean
1079,B0,15,ADAUSDT,2026-06-07 09:14:00+00:00,2026-06-07 09:16:00+00:00,2026-06-07 11:01:00+00:00,10486.166522173751,10511.37365323667,10511.37365323667,10353.829084093435,157.5445691432356,4.173040547466021,0.0,153.37152859576958,153.37152859576958,105.0,2.0436843979986166,mean
1080,B0,15,NEARUSDT,2026-06-07 15:29:00+00:00,2026-06-07 15:31:00+00:00,2026-06-07 17:31:00+00:00,10523.236047760445,10543.789243166228,10543.789243166228,10415.33177188009,128.4574712861378,4.191824203009263,-0.6456441346614332,124.26564708312854,123.6200029484671,120.0,2.5922778483704487,mean
1081,B0,15,AVAXUSDT,2026-06-07 19:44:00+00:00,2026-06-07 19:46:00+00:00,2026-06-07 21:16:00+00:00,10535.59804805529,10535.59804805529,10535.59804805529,10674.585842522656,138.98779446736586,4.242036778115589,0.0,134.74575768925027,134.74575768925027,90.0,-2.10798299800643,mean
1082,B0,15,ETHUSDT,2026-06-07 22:14:00+00:00,2026-06-07 22:16:00+00:00,2026-06-08 01:16:00+00:00,10549.072623824215,10485.25225870346,10485.25225870346,10409.535281832039,75.71697687142131,4.1789575081071,-0.8621320894122806,71.53801936331422,70.67588727390194,180.0,4.357847579868392,mean
1083,B0,15,BTCUSDT,2026-06-07 22:14:00+00:00,2026-06-07 22:16:00+00:00,2026-06-08 01:16:00+00:00,10549.072623824215,10544.082052669031,10544.082052669031,10445.28200777286,98.80004489617143,4.197872812088378,0.37080870222390055,94.60217208408305,94.97298078630695,180.0,3.7717586088716173,mean
1084,B0,15,SOLUSDT,2026-06-07 22:14:00+00:00,2026-06-07 22:16:00+00:00,2026-06-08 01:16:00+00:00,10549.072623824215,10492.652089808813,10492.652089808813,10318.688776594658,173.96331321415647,4.162268173280694,-2.657005119833182,169.80104504087578,167.1440399210426,180.0,3.733218480279948,mean
1085,B0,15,BCHUSDT,2026-06-08 02:44:00+00:00,2026-06-08 02:46:00+00:00,2026-06-08 04:16:00+00:00,10582.35191462234,10598.197352853773,10598.197352853773,10617.88410944434,19.686756590567285,4.243216292459623,0.0,15.443540298107663,15.443540298107663,90.0,-2.176155074528747,mean
1086,B0,15,NEARUSDT,2026-06-08 07:29:00+00:00,2026-06-08 07:31:00+00:00,2026-06-08 08:31:00+00:00,10583.89626865215,10579.043496406093,10579.043496406093,10399.490923301952,179.55257310414189,4.195706883941609,-0.8455207341275445,175.3568662202003,174.51134548607274,60.0,2.0722924681217036,mean
1087,B0,15,BCHUSDT,2026-06-08 08:14:00+00:00,2026-06-08 08:16:00+00:00,2026-06-08 08:31:00+00:00,10598.643729671589,10613.553896700436,10613.553896700436,10111.578273395942,-501.97562330449375,4.145026434019275,0.0,-506.120649738513,-506.120649738513,15.0,-2.090738175714198,stop
1088,B0,15,BCHUSDT,2026-06-08 08:44:00+00:00,2026-06-08 08:46:00+00:00,2026-06-08 10:46:00+00:00,10550.735338226907,10592.317183660678,10592.317183660678,10821.806862257181,229.48967859650367,4.2828248091835714,0.0,225.2068537873201,225.2068537873201,120.0,-5.48930390824269,mean
1089,B0,15,UNIUSDT,2026-06-09 00:29:00+00:00,2026-06-09 00:31:00+00:00,2026-06-09 02:31:00+00:00,10573.256023605638,10594.607509921481,10594.607509921481,10586.066915395144,-8.540594526336408,4.236134885063326,0.0,-12.776729411399733,-12.776729411399733,120.0,-2.435888723628135,mean
1090,B0,15,SUIUSDT,2026-06-09 00:59:00+00:00,2026-06-09 01:01:00+00:00,2026-06-09 02:46:00+00:00,10566.638685560687,10594.039550174533,10594.039550174533,10729.601722474616,135.56217230008198,4.26472825452983,0.0,131.29744404555214,131.29744404555214,105.0,-2.329074258028408,mean
1091,B0,15,DOTUSDT,2026-06-09 00:59:00+00:00,2026-06-09 01:01:00+00:00,2026-06-09 02:46:00+00:00,10566.638685560687,10566.638685560687,10566.638685560687,10599.936916712664,33.298231151976985,4.23331512045467,0.0,29.064916031522316,29.064916031522316,105.0,-2.17337808188227,mean
1092,B0,15,NEARUSDT,2026-06-09 05:59:00+00:00,2026-06-09 06:01:00+00:00,2026-06-09 08:01:00+00:00,10588.014586672205,10553.9851550346,10553.9851550346,10583.153239295405,-29.16808426080608,4.227427678866,0.2246720303662271,-33.39551193967208,-33.170839909305855,120.0,2.1130366316475278,mean
1093,B0,15,TRXUSDT,2026-06-09 10:14:00+00:00,2026-06-09 10:16:00+00:00,2026-06-09 11:31:00+00:00,10584.697502681274,10586.348575480719,10586.348575480719,10626.304537227285,39.95596174656587,4.242530622541601,0.0,35.71343112402427,35.71343112402427,75.0,-2.0089972221578427,mean
1094,B0,15,BTCUSDT,2026-06-09 14:44:00+00:00,2026-06-09 14:46:00+00:00,2026-06-09 17:01:00+00:00,10588.268845793678,10584.09084250542,10584.09084250542,10604.894536564721,20.80369405930132,4.2377970758140275,-0.06393891419125433,16.565896983487292,16.501958069296037,135.0,-2.324553718818384,mean
1095,B0,15,BNBUSDT,2026-06-09 14:44:00+00:00,2026-06-09 14:46:00+00:00,2026-06-09 17:01:00+00:00,10588.268845793678,10583.752591082273,10583.752591082273,10641.921951765164,58.16936068289076,4.245134908569487,0.0,53.92422577432127,53.92422577432127,135.0,-2.1749166091281205,mean
1096,B0,15,XRPUSDT,2026-06-09 15:59:00+00:00,2026-06-09 16:01:00+00:00,2026-06-09 17:16:00+00:00,10586.76484027411,10613.065027970648,10613.065027970648,10657.211771604123,44.1467436334752,4.254055359914954,0.0,39.89268827356024,39.89268827356024,75.0,-2.3492991164982553,mean
1097,B0,15,NEARUSDT,2026-06-09 19:59:00+00:00,2026-06-09 20:01:00+00:00,2026-06-09 21:31:00+00:00,10599.300733005397,10690.09726768849,10690.09726768849,10470.274078455735,219.8231892327552,4.232074269228844,0.0,215.59111496352634,215.59111496352634,90.0,2.028716277323416,mean
1098,B0,15,NEARUSDT,2026-06-10 06:29:00+00:00,2026-06-10 06:31:00+00:00,2026-06-10 07:31:00+00:00,10620.85984450175,10631.35476529671,10631.35476529671,10925.212547555653,293.85778225894194,4.311313462570473,0.0,289.54646879637147,289.54646879637147,60.0,-2.037573037034067,mean
1101,B0,15,XRPUSDT,2026-06-10 13:44:00+00:00,2026-06-10 13:46:00+00:00,2026-06-10 15:16:00+00:00,10649.814491381389,10628.258059690656,10628.258059690656,10481.11198249741,147.14607719324644,4.221874008437613,0.0,142.92420318480882,142.92420318480882,90.0,2.389643976199536,mean
1099,B0,15,SOLUSDT,2026-06-10 13:44:00+00:00,2026-06-10 13:46:00+00:00,2026-06-10 16:16:00+00:00,10649.814491381389,10644.927760963195,10644.927760963195,10610.720648035847,34.2071129273482,4.251129681799808,-0.18931671176929749,29.955983245548392,29.766666533779095,150.0,2.4358542403857744,mean
1100,B0,15,BNBUSDT,2026-06-10 13:44:00+00:00,2026-06-10 13:46:00+00:00,2026-06-10 16:46:00+00:00,10649.814491381389,10640.53469592331,10640.53469592331,10580.572940655717,59.96175526759323,4.244221527315805,0.0,55.71753374027743,55.71753374027743,180.0,2.407996880084152,mean
1102,B0,15,UNIUSDT,2026-06-10 18:44:00+00:00,2026-06-10 18:46:00+00:00,2026-06-10 21:01:00+00:00,10672.655331727274,10663.77625075246,10663.77625075246,10606.062224416162,-57.7140263362971,4.253967695033724,0.0,-61.96799403133083,-61.96799403133083,135.0,-2.3410568576911217,mean
1103,B0,15,SOLUSDT,2026-06-11 01:44:00+00:00,2026-06-11 01:46:00+00:00,2026-06-11 03:31:00+00:00,10666.45853232414,10654.946782443434,10654.946782443434,10607.255247223358,47.691535220075046,4.252440405933358,0.0,43.43909481414168,43.43909481414168,105.0,2.2957470082796965,mean
1104,B0,15,XLMUSDT,2026-06-11 03:59:00+00:00,2026-06-11 04:01:00+00:00,2026-06-11 06:01:00+00:00,10670.802441805556,10680.222092938107,10680.222092938107,10532.27816044449,147.9439324936177,4.24250005067652,0.0,143.70143244294115,143.70143244294115,120.0,2.2761010635489005,mean
1105,B0,15,UNIUSDT,2026-06-11 03:59:00+00:00,2026-06-11 04:01:00+00:00,2026-06-11 06:16:00+00:00,10670.802441805556,10666.51180954106,10666.51180954106,10657.930545012063,8.58126452899618,4.264888470910624,0.0,4.316376058085554,4.316376058085554,135.0,2.178555134478569,mean
1107,B0,15,ETHUSDT,2026-06-11 17:59:00+00:00,2026-06-11 18:01:00+00:00,2026-06-11 20:01:00+00:00,10682.51303121456,10680.108299804215,10680.108299804215,10622.268181144856,57.84011865935781,4.2604752961898145,0.0,53.579643363167996,53.579643363167996,120.0,2.4236452256616667,mean
1108,B0,15,XRPUSDT,2026-06-11 17:59:00+00:00,2026-06-11 18:01:00+00:00,2026-06-11 20:16:00+00:00,10682.51303121456,10688.1408368329,10688.1408368329,10677.823193199274,10.317643633624304,4.273192806006435,0.0,6.044450827617869,6.044450827617869,135.0,2.418238863928227,mean
1106,B0,15,TRXUSDT,2026-06-11 16:44:00+00:00,2026-06-11 16:46:00+00:00,2026-06-11 21:01:00+00:00,10685.60422265566,10685.60422265566,10685.60422265566,10579.645276934412,-105.95894572124776,4.253049899918015,0.0,-110.21199562116577,-110.21199562116577,255.0,-4.9976902536554295,timeout
1109,B0,15,TRXUSDT,2026-06-11 22:59:00+00:00,2026-06-11 23:01:00+00:00,2026-06-12 01:16:00+00:00,10680.54543251262,10677.498973890853,10677.498973890853,10682.576404927131,-5.077431036277744,4.272015075763597,-17.510869981722344,-9.349446112041342,-26.860316093763686,135.0,2.343914608653682,mean
1110,B0,15,XLMUSDT,2026-06-12 03:14:00+00:00,2026-06-12 03:16:00+00:00,2026-06-12 04:46:00+00:00,10677.859400903244,10674.620577971875,10674.620577971875,10495.945512924658,178.6750650472161,4.234113218179306,0.0,174.44095182903678,174.44095182903678,90.0,2.039930457677458,mean
1111,B0,15,DOGEUSDT,2026-06-12 14:29:00+00:00,2026-06-12 14:31:00+00:00,2026-06-12 16:01:00+00:00,10695.303496086146,10678.562189182612,10678.562189182612,10494.40781324374,184.15437593887142,4.23459400048527,-0.17951383040576818,179.91978193838614,179.74026810798037,90.0,3.1915310446519247,mean
1112,B0,15,SOLUSDT,2026-06-12 15:14:00+00:00,2026-06-12 15:16:00+00:00,2026-06-12 16:01:00+00:00,10684.088494591468,10670.09798150383,10670.09798150383,10461.79478664347,208.30319486036086,4.226378553629461,-0.29936415585467396,204.07681630673142,203.77745215087674,45.0,2.5758653294171334,mean
1113,B0,15,BTCUSDT,2026-06-12 15:14:00+00:00,2026-06-12 15:16:00+00:00,2026-06-12 16:01:00+00:00,10684.088494591468,10671.6021364542,10671.6021364542,10564.172964714662,107.42917173953629,4.247155020233773,0.08864644131963184,103.18201671930251,103.27066316062214,45.0,2.0608672374619177,mean
1114,B0,15,DOGEUSDT,2026-06-12 23:29:00+00:00,2026-06-12 23:31:00+00:00,2026-06-13 01:01:00+00:00,10743.982334428094,10748.988849961377,10748.988849961377,10767.763283211194,18.774433249815768,4.303350426634514,-0.6403012950076481,14.471082823181254,13.830781528173606,90.0,-2.084476245260803,mean
1116,B0,15,DOTUSDT,2026-06-13 07:59:00+00:00,2026-06-13 08:01:00+00:00,2026-06-13 09:16:00+00:00,10750.661224596173,10728.986504385295,10728.986504385295,10642.287623541777,86.69888084351761,4.274254825585414,0.0,82.4246260179322,82.4246260179322,75.0,2.70911178858555,mean
1117,B0,15,XLMUSDT,2026-06-13 07:59:00+00:00,2026-06-13 08:01:00+00:00,2026-06-13 09:46:00+00:00,10750.661224596173,10745.020793733322,10745.020793733322,10763.070172494448,-18.049378761126103,4.301618193245554,0.0,-22.350996954371656,-22.350996954371656,105.0,2.039821066244764,mean
1115,B0,15,FILUSDT,2026-06-13 07:29:00+00:00,2026-06-13 07:31:00+00:00,2026-06-13 10:01:00+00:00,10745.365412580912,10731.589303077602,10731.589303077602,10704.037084070986,27.552219006617744,4.287125277429718,1.0676484865064368,23.265093729188024,24.33274221569446,150.0,2.4728978485823307,mean
1118,B0,15,NEARUSDT,2026-06-13 15:29:00+00:00,2026-06-13 15:31:00+00:00,2026-06-13 18:01:00+00:00,10753.806049708837,10753.806049708837,10753.806049708837,10642.890094203169,110.91595550566913,4.279339228782401,0.6750751243526371,106.63661627688674,107.31169140123937,150.0,2.111950994100076,mean
1120,B0,15,FILUSDT,2026-06-14 14:44:00+00:00,2026-06-14 14:46:00+00:00,2026-06-14 16:31:00+00:00,10764.537218848962,10793.128287159318,10793.128287159318,10864.605957935208,71.47767077588958,4.331546849018905,1.2948844519667135,67.14612392687067,68.44100837883738,105.0,-2.187351279027679,mean
1121,B0,15,AVAXUSDT,2026-06-14 14:44:00+00:00,2026-06-14 14:46:00+00:00,2026-06-14 16:31:00+00:00,10764.537218848962,10764.537218848962,10764.537218848962,10819.154335734265,54.61711688530438,4.316738310916645,1.0899237262639794,50.300378574387736,51.39030230065171,105.0,-2.1245361220296397,mean
1119,B0,15,HBARUSDT,2026-06-14 14:44:00+00:00,2026-06-14 14:46:00+00:00,2026-06-14 16:46:00+00:00,10764.537218848962,10764.537218848962,10764.537218848962,10803.493796608787,38.95657775982598,4.31360620309155,-0.16362378747664896,34.64297155673444,34.479347769257785,120.0,-2.2424856568188183,mean
1122,B0,15,AVAXUSDT,2026-06-14 18:29:00+00:00,2026-06-14 18:31:00+00:00,2026-06-14 20:31:00+00:00,10779.968284693838,10785.037235297927,10785.037235297927,10891.485197983773,106.44796268584777,4.33530448665634,0.0,102.11265819919143,102.11265819919143,120.0,-2.52103408164009,mean
1125,B0,15,SOLUSDT,2026-06-14 21:29:00+00:00,2026-06-14 21:31:00+00:00,2026-06-15 00:16:00+00:00,10790.179550513756,10822.910125490036,10822.910125490036,11147.098677636051,-324.1885521460147,4.394001760625217,-0.39928034647959637,-328.5825539066399,-328.9818342531195,165.0,2.9629527001213596,stop
1123,B0,15,FILUSDT,2026-06-14 21:29:00+00:00,2026-06-14 21:31:00+00:00,2026-06-15 00:46:00+00:00,10790.179550513756,10817.917801286285,10817.917801286285,10928.870804376402,-110.95300309011584,4.349357721132537,0.7702953846907445,-115.30236081124838,-114.53206542655764,195.0,2.992278506317315,mean
1124,B0,15,AVAXUSDT,2026-06-14 21:29:00+00:00,2026-06-14 21:31:00+00:00,2026-06-15 00:46:00+00:00,10790.179550513756,10803.22889842065,10803.22889842065,10981.026263652095,-177.79736523144356,4.356851032414548,0.42255811591999254,-182.1542162638581,-181.7316581479381,195.0,2.9631706217730795,mean
1126,B0,15,ADAUSDT,2026-06-15 00:29:00+00:00,2026-06-15 00:31:00+00:00,2026-06-15 02:01:00+00:00,10718.386482196045,10695.047589474878,10695.047589474878,10514.171170885831,180.87641858904544,4.241843752072142,0.0,176.6345748369733,176.6345748369733,90.0,4.375090261869321,mean
1127,B0,15,HBARUSDT,2026-06-15 00:59:00+00:00,2026-06-15 01:01:00+00:00,2026-06-15 03:01:00+00:00,10728.608038415263,10725.978477621531,10725.978477621531,10706.256771668563,19.721705952968883,4.286447049858019,0.0,15.435258903110862,15.435258903110862,120.0,2.6421058357957614,mean
1129,B0,15,FILUSDT,2026-06-15 04:14:00+00:00,2026-06-15 04:16:00+00:00,2026-06-15 05:46:00+00:00,10746.861978105002,10733.594247267834,10733.594247267834,10653.987862244834,79.60638502300007,4.277516421902534,0.0,75.32886860109754,75.32886860109754,90.0,2.113476341249442,mean
1128,B0,15,NEARUSDT,2026-06-15 04:14:00+00:00,2026-06-15 04:16:00+00:00,2026-06-15 08:01:00+00:00,10746.861978105002,10705.686261713794,10705.686261713794,10852.088808882529,-146.40254716873577,4.311555014119264,-0.23601472277639093,-150.71410218285504,-150.95011690563143,225.0,2.6392884997260255,mean
1130,B0,15,AAVEUSDT,2026-06-15 07:14:00+00:00,2026-06-15 07:16:00+00:00,2026-06-15 09:16:00+00:00,10733.135385084372,10749.889250450617,10749.889250450617,11123.043524516983,-373.154274066365,4.37458655499352,-0.9420915534149957,-377.52886062135855,-378.4709521747735,120.0,2.2480863195299854,stop
1133,B0,15,BCHUSDT,2026-06-15 10:44:00+00:00,2026-06-15 10:46:00+00:00,2026-06-15 11:46:00+00:00,10681.216328135335,10682.198147818037,10682.198147818037,11086.216947250678,-404.01879943264083,4.353683019013743,0.0,-408.37248245165455,-408.37248245165455,60.0,2.1218647869663116,stop
1131,B0,15,AAVEUSDT,2026-06-15 09:29:00+00:00,2026-06-15 09:31:00+00:00,2026-06-15 12:16:00+00:00,10701.452758057072,10694.039726221341,10694.039726221341,10993.526212384759,-299.4864861634164,4.337513187721219,0.0,-303.82399935113756,-303.82399935113756,165.0,3.063819468400849,stop
1135,B0,15,XLMUSDT,2026-06-15 12:29:00+00:00,2026-06-15 12:31:00+00:00,2026-06-15 14:01:00+00:00,10624.407360776639,10605.133823203156,10605.133823203156,11180.214511882183,-575.0806886790255,4.357069667017068,0.0,-579.4377583460425,-579.4377583460425,90.0,5.6161947547527715,stop
1132,B0,15,LTCUSDT,2026-06-15 10:29:00+00:00,2026-06-15 10:31:00+00:00,2026-06-15 14:16:00+00:00,10682.113255126369,10693.795356236526,10693.795356236526,10728.841659566993,-35.04630333046676,4.284527403160704,0.0,-39.33083073362747,-39.33083073362747,225.0,2.056854013368712,mean
1134,B0,15,BCHUSDT,2026-06-15 11:59:00+00:00,2026-06-15 12:01:00+00:00,2026-06-15 14:16:00+00:00,10630.38736513063,10614.541288125305,10614.541288125305,10598.22915003159,16.3121380937159,4.24255408763138,0.0,12.069584006084522,12.069584006084522,135.0,6.102125020990187,mean
1136,B0,15,XLMUSDT,2026-06-15 14:14:00+00:00,2026-06-15 14:16:00+00:00,2026-06-15 15:16:00+00:00,10568.311319389408,10548.879697049291,10548.879697049291,10955.449026011705,-406.56932896241375,4.300865744612199,0.0,-410.870194707026,-410.870194707026,60.0,4.075821636259883,stop
1138,B0,15,AAVEUSDT,2026-06-15 14:29:00+00:00,2026-06-15 14:31:00+00:00,2026-06-15 17:16:00+00:00,10556.646940245417,10542.803972844098,10542.803972844098,10476.357729317771,66.44624352632694,4.203832340432374,-0.01664664196067885,62.24241118589457,62.22576454393389,165.0,2.724747779587054,mean
1137,B0,15,ETHUSDT,2026-06-15 14:29:00+00:00,2026-06-15 14:31:00+00:00,2026-06-15 17:46:00+00:00,10556.646940245417,10550.182153724802,10550.182153724802,10649.774810934285,-99.59265720948468,4.239991392931817,0.7376511362439457,-103.8326486024165,-103.09499746617256,195.0,3.483151512219389,mean
1139,B0,15,XLMUSDT,2026-06-15 15:29:00+00:00,2026-06-15 15:31:00+00:00,2026-06-15 18:16:00+00:00,10537.639928111112,10546.017540350236,10546.017540350236,10450.60584540466,95.41169494557676,4.19932467715098,0.721259788421003,91.21237026842577,91.93363005684678,165.0,6.411136027143279,mean
1140,B0,15,XRPUSDT,2026-06-15 17:29:00+00:00,2026-06-15 17:31:00+00:00,2026-06-15 18:31:00+00:00,10518.377568318416,10504.41003053827,10504.41003053827,10470.723615892039,33.68641464623139,4.195026729286062,0.0,29.491387916945328,29.491387916945328,60.0,2.338614844569449,mean
1141,B0,15,ADAUSDT,2026-06-15 20:59:00+00:00,2026-06-15 21:01:00+00:00,2026-06-16 00:16:00+00:00,10536.531768403884,10530.694354681777,10530.694354681777,10448.970562572273,-81.72379210950453,4.19593298345081,1.2494633331926293,-85.91972509295533,-84.67026175976271,195.0,-2.89253933943348,mean
1143,B0,15,UNIUSDT,2026-06-15 21:59:00+00:00,2026-06-15 22:01:00+00:00,2026-06-16 00:16:00+00:00,10529.10005409975,10551.832907760996,10551.832907760996,10907.980948453825,-356.1480406928302,4.291962771242964,-0.11099428709261319,-360.4400034640732,-360.5509977511658,135.0,2.9026674105328603,stop
1142,B0,15,XRPUSDT,2026-06-15 21:29:00+00:00,2026-06-15 21:31:00+00:00,2026-06-16 00:46:00+00:00,10536.32115451679,10526.216794742619,10526.216794742619,10440.329736662166,-85.88705808045323,4.193309306280957,-0.7922427164105785,-90.0803673867342,-90.87261010314478,195.0,-2.1635071531530827,mean
1144,B0,15,UNIUSDT,2026-06-16 00:29:00+00:00,2026-06-16 00:31:00+00:00,2026-06-16 01:16:00+00:00,10480.43669209743,10516.789230051287,10516.789230051287,10938.478670316046,-421.6894402647599,4.291053580073466,0.0,-425.9804938448334,-425.9804938448334,45.0,4.061446275730736,stop
1145,B0,15,UNIUSDT,2026-06-16 01:29:00+00:00,2026-06-16 01:31:00+00:00,2026-06-16 04:01:00+00:00,10440.324332057993,10394.159632630526,10394.159632630526,10248.563272897745,145.59635973278128,4.128544581105654,0.0,141.46781515167564,141.46781515167564,150.0,4.930197886492177,mean
1146,B0,15,XRPUSDT,2026-06-16 02:29:00+00:00,2026-06-16 02:31:00+00:00,2026-06-16 04:01:00+00:00,10479.178886842428,10499.025816552357,10499.025816552357,10585.316815291179,86.29099873882113,4.216868526368707,0.0,82.07413021245242,82.07413021245242,90.0,-2.0262686309201565,mean
1147,B0,15,UNIUSDT,2026-06-16 06:14:00+00:00,2026-06-16 06:16:00+00:00,2026-06-16 09:31:00+00:00,10462.678526594407,10441.40571359557,10441.40571359557,10487.496808426384,-46.09109483081359,4.185780504404391,0.869733155808587,-50.27687533521798,-49.40714217940939,195.0,2.908494859787903,mean
1148,B0,15,AVAXUSDT,2026-06-16 08:14:00+00:00,2026-06-16 08:16:00+00:00,2026-06-16 10:16:00+00:00,10439.156577496997,10445.160405866513,10445.160405866513,10430.15083494272,15.009570923791191,4.175062248161847,0.0,10.834508675629344,10.834508675629344,120.0,2.281810526865122,mean
1149,B0,15,HBARUSDT,2026-06-16 08:14:00+00:00,2026-06-16 08:16:00+00:00,2026-06-16 11:31:00+00:00,10439.156577496997,10422.903998394306,10422.903998394306,10469.161338917345,-46.25734052304,4.17841306746233,0.0,-50.43575359050233,-50.43575359050233,195.0,2.261393502796848,mean
1150,B0,15,UNIUSDT,2026-06-16 10:44:00+00:00,2026-06-16 10:46:00+00:00,2026-06-16 12:01:00+00:00,10443.73544429314,10457.450132992144,10457.450132992144,10303.159885128327,154.29024786381828,4.152122003624094,0.0,150.13812586019418,150.13812586019418,75.0,2.475936583690606,mean
1152,B0,15,NEARUSDT,2026-06-16 13:14:00+00:00,2026-06-16 13:16:00+00:00,2026-06-16 15:01:00+00:00,10469.155763710909,10495.416187867375,10495.416187867375,10171.537623270966,-323.878564596409,4.133390762227668,0.0,-328.01195535863667,-328.01195535863667,105.0,-2.052066098200744,stop
1151,B0,15,BCHUSDT,2026-06-16 11:29:00+00:00,2026-06-16 11:31:00+00:00,2026-06-16 15:46:00+00:00,10471.17132266136,10439.653225917817,10439.653225917817,10316.923667386145,-122.72955853167291,4.151315378660792,0.0,-126.8808739103337,-126.8808739103337,255.0,-2.3251403461423172,timeout
1153,B0,15,BNBUSDT,2026-06-16 13:29:00+00:00,2026-06-16 13:31:00+00:00,2026-06-16 16:01:00+00:00,10461.337561984556,10457.537082669458,10457.537082669458,10487.249920951128,29.712838281670003,4.188957400724117,0.0,25.52388088094589,25.52388088094589,150.0,-3.0719184026357826,mean
1154,B0,15,HBARUSDT,2026-06-16 15:14:00+00:00,2026-06-16 15:16:00+00:00,2026-06-16 16:31:00+00:00,10426.973804604419,10434.691771891321,10434.691771891321,10437.264427653623,2.5726557623014092,4.174391239908989,-0.19949054534656033,-1.6017354776075794,-1.8012260229541397,75.0,-2.8315713647390175,mean
1155,B0,15,UNIUSDT,2026-06-16 17:14:00+00:00,2026-06-16 17:16:00+00:00,2026-06-16 18:16:00+00:00,10425.674483029901,10418.969869214448,10418.969869214448,10791.075935972107,-372.1060667576581,4.242009161037311,0.0,-376.3480759186954,-376.3480759186954,60.0,2.4015756648872135,stop
1156,B0,15,LTCUSDT,2026-06-16 18:14:00+00:00,2026-06-16 18:16:00+00:00,2026-06-16 20:16:00+00:00,10386.91457419366,10373.259559416018,10373.259559416018,10361.88038043465,11.379178981368394,4.147027987970134,0.0,7.232150993398261,7.232150993398261,120.0,2.4593385916527057,mean
1157,B0,15,AAVEUSDT,2026-06-16 18:14:00+00:00,2026-06-16 18:16:00+00:00,2026-06-16 20:31:00+00:00,10386.91457419366,10370.505546430322,10370.505546430322,10371.8729654106,-1.3674189802770162,4.148475702368184,0.0,-5.5158946826452,-5.5158946826452,135.0,2.1351267921255466,mean
1158,B0,15,UNIUSDT,2026-06-16 18:29:00+00:00,2026-06-16 18:31:00+00:00,2026-06-16 21:31:00+00:00,10390.31182037753,10413.026430853059,10413.026430853059,10484.415206633292,-71.38877578023222,4.179488327497269,0.0,-75.5682641077295,-75.5682641077295,180.0,3.548028821642727,mean
1159,B0,15,FILUSDT,2026-06-16 20:44:00+00:00,2026-06-16 20:46:00+00:00,2026-06-16 22:46:00+00:00,10358.798541357668,10346.150435690564,10346.150435690564,10207.021273352428,139.1291623381359,4.110634341808598,0.0,135.0185279963273,135.0185279963273,120.0,3.151317267533148,mean
1161,B0,15,UNIUSDT,2026-06-17 00:29:00+00:00,2026-06-17 00:31:00+00:00,2026-06-17 01:46:00+00:00,10393.316358325914,10365.48540110338,10365.48540110338,10693.272230613213,-327.7868295098334,4.211751526343319,0.0,-331.99858103617674,-331.99858103617674,75.0,2.014818318138223,stop
1160,B0,15,BCHUSDT,2026-06-16 23:59:00+00:00,2026-06-17 00:01:00+00:00,2026-06-17 02:16:00+00:00,10394.156327457968,10409.707711527477,10409.707711527477,10531.688880322687,121.98116879521086,4.188279318370032,0.0,117.79288947684083,117.79288947684083,135.0,-2.506372592510441,mean
1162,B0,15,UNIUSDT,2026-06-17 01:59:00+00:00,2026-06-17 02:01:00+00:00,2026-06-17 02:31:00+00:00,10370.613684469214,10337.785842590318,10337.785842590318,10648.158165808965,-310.37232321864724,4.197188801679856,0.0,-314.5695120203271,-314.5695120203271,30.0,4.204814352986118,stop
1164,B0,15,SUIUSDT,2026-06-17 02:29:00+00:00,2026-06-17 02:31:00+00:00,2026-06-17 03:46:00+00:00,10339.701160706289,10324.54956540424,10324.54956540424,10180.60941003478,143.94015536946068,4.101031795087804,0.0,139.83912357437288,139.83912357437288,75.0,2.4703226404526326,mean
1163,B0,15,XLMUSDT,2026-06-17 02:29:00+00:00,2026-06-17 02:31:00+00:00,2026-06-17 04:16:00+00:00,10339.701160706289,10313.542970558816,10313.542970558816,10144.416741157052,169.1262294017649,4.0915919423431735,0.0,165.03463745942173,165.03463745942173,105.0,2.55244858667987,mean
1165,B0,15,UNIUSDT,2026-06-17 02:44:00+00:00,2026-06-17 02:46:00+00:00,2026-06-17 05:31:00+00:00,10354.521613825978,10336.8366921969,10336.8366921969,10301.46684893874,35.369843258158795,4.127660708227128,0.0,31.242182549931666,31.242182549931666,165.0,2.958531677126607,mean
1166,B0,15,UNIUSDT,2026-06-17 07:14:00+00:00,2026-06-17 07:16:00+00:00,2026-06-17 08:16:00+00:00,10374.890401458375,10425.527068276771,10425.527068276771,10076.696696861143,348.830371415629,4.100444753027583,0.7904392129796352,344.7299266626014,345.52036587558104,60.0,3.143358821630089,mean
1169,B0,15,ETHUSDT,2026-06-17 08:44:00+00:00,2026-06-17 08:46:00+00:00,2026-06-17 10:31:00+00:00,10409.442438045935,10419.01091745993,10419.01091745993,10472.11007173882,53.09915427889164,4.17822419783975,0.0,48.92093008105189,48.92093008105189,105.0,-2.018436831070885,mean
1167,B0,15,LINKUSDT,2026-06-17 08:44:00+00:00,2026-06-17 08:46:00+00:00,2026-06-17 10:46:00+00:00,10409.442438045935,10420.91360027716,10420.91360027716,10447.67964548335,26.766045206190086,4.173718649152102,0.0,22.592326557037985,22.592326557037985,120.0,-2.4661188954379534,mean
1170,B0,15,UNIUSDT,2026-06-17 10:59:00+00:00,2026-06-17 11:01:00+00:00,2026-06-17 11:16:00+00:00,10414.028621405776,10213.361592146612,10213.361592146612,9873.998233840672,-339.3633583059399,4.017471965197457,0.0,-343.38083027113737,-343.38083027113737,15.0,-2.0575328728032383,stop
1168,B0,15,BTCUSDT,2026-06-17 08:44:00+00:00,2026-06-17 08:46:00+00:00,2026-06-17 11:46:00+00:00,10409.442438045935,10415.218215161525,10415.218215161525,10393.575094803387,-21.64312035813727,4.161758661992982,0.0,-25.80487902013025,-25.80487902013025,180.0,-2.4326065326438577,mean
1171,B0,15,UNIUSDT,2026-06-17 11:29:00+00:00,2026-06-17 11:31:00+00:00,2026-06-17 13:46:00+00:00,10378.050859430847,10374.918335778739,10374.918335778739,10356.123193866097,-18.795141912641967,4.146208305928967,0.0,-22.941350218570935,-22.941350218570935,135.0,-5.756884221490164,mean
1173,B0,15,UNIUSDT,2026-06-17 14:44:00+00:00,2026-06-17 14:46:00+00:00,2026-06-17 15:31:00+00:00,10390.581997794146,10387.334940919834,10387.334940919834,10669.828888984863,282.493948065029,4.211432765980939,0.0,278.28251529904804,278.28251529904804,45.0,-2.0903693083027624,mean
1172,B0,15,BNBUSDT,2026-06-17 12:59:00+00:00,2026-06-17 13:01:00+00:00,2026-06-17 16:01:00+00:00,10390.118274831068,10420.617310108124,10420.617310108124,10327.75711890145,92.86019120667399,4.149674885801915,0.5447254418310712,88.71051632087207,89.25524176270315,180.0,2.3751493683226226,mean
1175,B0,15,FILUSDT,2026-06-17 15:59:00+00:00,2026-06-17 16:01:00+00:00,2026-06-17 17:01:00+00:00,10414.593610272623,10414.593610272623,10414.593610272623,10213.830359954114,200.76325031850857,4.125684794045348,0.0,196.6375655244632,196.6375655244632,60.0,2.4364692253215727,mean
1174,B0,15,DOTUSDT,2026-06-17 15:59:00+00:00,2026-06-17 16:01:00+00:00,2026-06-17 17:46:00+00:00,10414.593610272623,10404.550607755486,10404.550607755486,10304.1205825841,100.43002517138508,4.141734238067917,0.0,96.28829093331716,96.28829093331716,105.0,2.6621644514797476,mean
1176,B0,15,SOLUSDT,2026-06-17 16:14:00+00:00,2026-06-17 16:16:00+00:00,2026-06-17 19:01:00+00:00,10422.251372719234,10423.66207268847,10423.66207268847,10384.162473549848,39.49959913862205,4.161564909247664,0.0,35.33803422937439,35.33803422937439,165.0,2.3228873294079193,mean
1178,B0,15,FILUSDT,2026-06-17 19:29:00+00:00,2026-06-17 19:31:00+00:00,2026-06-17 21:46:00+00:00,10446.961222533653,10433.75393906648,10433.75393906648,10420.546655599308,-13.207283467172772,4.170860118933158,0.0,-17.378143586105928,-17.378143586105928,135.0,-3.356159982186018,mean
1177,B0,15,BTCUSDT,2026-06-17 19:29:00+00:00,2026-06-17 19:31:00+00:00,2026-06-17 22:01:00+00:00,10446.961222533653,10450.836087877131,10450.836087877131,10399.587345823837,-51.24874205329516,4.170084686740194,0.0,-55.41882674003536,-55.41882674003536,150.0,-4.391291129839967,mean
1179,B0,15,LTCUSDT,2026-06-17 19:29:00+00:00,2026-06-17 19:31:00+00:00,2026-06-17 22:31:00+00:00,10446.961222533653,10442.296359295193,10442.296359295193,10458.623380629808,16.32702133461395,4.180183947985,0.0,12.146837386628949,12.146837386628949,180.0,-3.226560594363063,mean
1181,B0,15,AAVEUSDT,2026-06-18 02:44:00+00:00,2026-06-18 02:46:00+00:00,2026-06-18 03:31:00+00:00,10436.302100885752,10419.793318232098,10419.793318232098,10221.687926388233,198.10539184386317,4.128296248924066,0.0,193.9770955949391,193.9770955949391,45.0,2.308065489936493,mean
1180,B0,15,XLMUSDT,2026-06-18 01:14:00+00:00,2026-06-18 01:16:00+00:00,2026-06-18 05:31:00+00:00,10440.896209239701,10432.563840793147,10432.563840793147,10074.271997591331,358.29184320181525,4.101367167676896,0.0,354.1904760341384,354.1904760341384,255.0,2.83186980742847,timeout
1182,B0,15,DOTUSDT,2026-06-18 03:44:00+00:00,2026-06-18 03:46:00+00:00,2026-06-18 06:16:00+00:00,10479.293569520225,10489.954091971416,10489.954091971416,10372.68834500832,-117.2657469630952,4.172528487395947,0.0,-121.43827545049115,-121.43827545049115,150.0,-2.3159748796627193,mean
1184,B0,15,SUIUSDT,2026-06-18 05:44:00+00:00,2026-06-18 05:46:00+00:00,2026-06-18 06:46:00+00:00,10473.692052448658,10480.739348944722,10480.739348944722,10539.93663951165,59.19729056692797,4.204135197691275,0.0,54.993155369236696,54.993155369236696,60.0,-2.4550788452423484,mean
1183,B0,15,BNBUSDT,2026-06-18 04:14:00+00:00,2026-06-18 04:16:00+00:00,2026-06-18 07:31:00+00:00,10469.081066548766,10475.79326146565,10475.79326146565,10427.394803380743,-48.398458084907304,4.180637612969278,0.0,-52.57909569787658,-52.57909569787658,195.0,-3.4643208082682437,mean
1185,B0,15,XLMUSDT,2026-06-18 08:29:00+00:00,2026-06-18 08:31:00+00:00,2026-06-18 10:01:00+00:00,10483.810544824697,10499.512054148392,10499.512054148392,10445.429077588995,54.08297655939814,4.188988226347478,0.0,49.893988333050665,49.893988333050665,90.0,2.079633350536983,mean
1186,B0,15,XLMUSDT,2026-06-18 13:29:00+00:00,2026-06-18 13:31:00+00:00,2026-06-18 15:16:00+00:00,10488.799943658001,10445.00009647308,10445.00009647308,10372.561887667252,72.43820880582916,4.163512396828066,0.0,68.2746964090011,68.2746964090011,105.0,2.207426414327182,mean
1187,B0,15,NEARUSDT,2026-06-18 13:29:00+00:00,2026-06-18 13:31:00+00:00,2026-06-18 15:16:00+00:00,10488.799943658001,10456.71008369052,10456.71008369052,10387.946098045906,68.76398564461161,4.1689312363472855,0.0,64.59505440826432,64.59505440826432,105.0,2.0485411912372786,mean
1188,B0,15,SUIUSDT,2026-06-18 13:44:00+00:00,2026-06-18 13:46:00+00:00,2026-06-18 16:01:00+00:00,10532.394744145948,10549.66096503799,10549.66096503799,10237.430137240222,-312.2308277977684,4.157418220455643,0.5406045048677126,-316.38824601822404,-315.84764151335634,135.0,-2.2665218856551723,stop
1191,B0,15,BCHUSDT,2026-06-18 16:14:00+00:00,2026-06-18 16:16:00+00:00,2026-06-18 18:01:00+00:00,10455.437243367931,10466.135531757747,10466.135531757747,10492.346338312798,26.210806555051576,4.191696374014109,0.0,22.01911018103747,22.01911018103747,105.0,-4.015548983932067,mean
1189,B0,15,AVAXUSDT,2026-06-18 15:29:00+00:00,2026-06-18 15:31:00+00:00,2026-06-18 18:16:00+00:00,10494.53778164131,10516.063340360359,10516.063340360359,10393.533236882691,-122.53010347766728,4.18191931544861,0.8807603422943974,-126.71202279311589,-125.8312624508215,165.0,-4.762966421717341,mean
1190,B0,15,BNBUSDT,2026-06-18 15:29:00+00:00,2026-06-18 15:31:00+00:00,2026-06-18 18:16:00+00:00,10494.53778164131,10504.639784456422,10504.639784456422,10400.37268397188,-104.26710048454291,4.181002493685661,0.0,-108.44810297822856,-108.44810297822856,165.0,-2.78101219480449,mean
1192,B0,15,XLMUSDT,2026-06-18 18:14:00+00:00,2026-06-18 18:16:00+00:00,2026-06-18 19:46:00+00:00,10449.688779577766,10437.048209057692,10437.048209057692,10685.796578934882,248.7483698771908,4.224568957598515,0.0,244.52380091959228,244.52380091959228,90.0,-2.323957034685569,mean
1194,B0,15,AAVEUSDT,2026-06-18 20:14:00+00:00,2026-06-18 20:16:00+00:00,2026-06-18 22:16:00+00:00,10461.464141780461,10455.811587874325,10455.811587874325,10475.5955265458,-19.78393867147468,4.186281422884025,0.0,-23.9702200943587,-23.9702200943587,120.0,2.5471162382406654,mean
1195,B0,15,LINKUSDT,2026-06-18 20:44:00+00:00,2026-06-18 20:46:00+00:00,2026-06-18 22:31:00+00:00,10449.39698098393,10442.853019948743,10442.853019948743,10421.912344636152,20.94067531259306,4.172953072916979,0.0,16.767722239676083,16.767722239676083,105.0,2.063989350789923,mean
1193,B0,15,FILUSDT,2026-06-18 19:44:00+00:00,2026-06-18 19:46:00+00:00,2026-06-18 23:16:00+00:00,10474.122804665989,10487.516823597787,10487.516823597787,10621.457012915767,-133.94018931797953,4.221794767302711,0.0,-138.16198408528223,-138.16198408528223,210.0,2.0367208078222374,mean
1196,B0,15,UNIUSDT,2026-06-18 23:44:00+00:00,2026-06-18 23:46:00+00:00,2026-06-19 01:31:00+00:00,10459.192060961557,10505.413237998635,10505.413237998635,10280.910378104258,224.50285989437705,4.157264723220578,-0.08836386970067356,220.34559517115648,220.2572313014558,105.0,2.2465095312493175,mean
1197,B0,15,AAVEUSDT,2026-06-19 00:44:00+00:00,2026-06-19 00:46:00+00:00,2026-06-19 02:16:00+00:00,10468.547502981794,10467.173317171477,10467.173317171477,10270.66474629639,196.50857087508575,4.147567612693573,0.0,192.3610032623922,192.3610032623922,90.0,2.341544673592216,mean
1198,B0,15,NEARUSDT,2026-06-19 03:29:00+00:00,2026-06-19 03:31:00+00:00,2026-06-19 05:46:00+00:00,10500.453884417942,10451.569089797746,10451.569089797746,10432.015171949668,-19.55391784807812,4.176716852349482,0.0,-23.7306347004276,-23.7306347004276,135.0,-2.259995220870858,mean
1200,B0,15,LINKUSDT,2026-06-19 03:44:00+00:00,2026-06-19 03:46:00+00:00,2026-06-19 05:46:00+00:00,10501.22254892855,10494.549174151653,10494.549174151653,10498.55319901779,4.004024866138475,4.198620474633889,0.0,-0.19459560849541369,-0.19459560849541369,120.0,-2.004087281233569,mean
1199,B0,15,AVAXUSDT,2026-06-19 03:44:00+00:00,2026-06-19 03:46:00+00:00,2026-06-19 07:01:00+00:00,10501.22254892855,10470.567017647214,10470.567017647214,10278.118404603276,-192.44861304393794,4.1497370844500985,0.0,-196.59835012838803,-196.59835012838803,195.0,-2.007439842216337,mean
1201,B0,15,TRXUSDT,2026-06-19 12:59:00+00:00,2026-06-19 13:01:00+00:00,2026-06-19 15:46:00+00:00,10478.401526374211,10486.186853494297,10486.186853494297,10406.71163914343,79.47521435086651,4.178579698527546,0.0,75.29663465233895,75.29663465233895,165.0,2.005980171526618,mean
1204,B0,15,HBARUSDT,2026-06-19 15:59:00+00:00,2026-06-19 16:01:00+00:00,2026-06-19 17:01:00+00:00,10449.222331105513,10429.952803816777,10429.952803816777,10320.75881584727,109.1939879695073,4.15014232393281,0.0,105.0438456455745,105.0438456455745,60.0,2.276405634047802,mean
1202,B0,15,LTCUSDT,2026-06-19 13:59:00+00:00,2026-06-19 14:01:00+00:00,2026-06-19 17:31:00+00:00,10489.967109906269,10478.049401306058,10478.049401306058,10532.87086086703,-54.82145956097271,4.2021840524346175,-0.4596117236297797,-59.02364361340733,-59.48325533703711,210.0,2.1946346767678104,mean
1203,B0,15,FILUSDT,2026-06-19 13:59:00+00:00,2026-06-19 14:01:00+00:00,2026-06-19 18:01:00+00:00,10489.967109906269,10489.967109906269,10489.967109906269,10663.24483853242,-173.27772862615197,4.2306423896877385,1.073761430675316,-177.50837101583969,-176.43460958516437,240.0,2.0288416470148807,mean
1206,B0,15,AVAXUSDT,2026-06-19 17:59:00+00:00,2026-06-19 18:01:00+00:00,2026-06-19 18:46:00+00:00,10474.70030226063,10493.942403684287,10493.942403684287,10259.538622705175,-234.40378097911133,4.150696205277892,0.0,-238.5544771843892,-238.5544771843892,45.0,-2.0516322258917468,stop
1205,B0,15,TRXUSDT,2026-06-19 17:14:00+00:00,2026-06-19 17:16:00+00:00,2026-06-19 19:01:00+00:00,10475.121239492182,10476.422092797304,10476.422092797304,10482.27593267035,-5.853839873047916,4.191739605093531,0.0,-10.045579478141448,-10.045579478141448,105.0,2.0177148003756202,mean
1207,B0,15,AVAXUSDT,2026-06-19 18:59:00+00:00,2026-06-19 19:01:00+00:00,2026-06-19 21:01:00+00:00,10448.193427764185,10393.42609664131,10393.42609664131,10465.860308771566,72.43421213025624,4.171857281082575,0.0,68.26235484917366,68.26235484917366,120.0,-2.8720105994435507,mean
1208,B0,15,AAVEUSDT,2026-06-20 00:29:00+00:00,2026-06-20 00:31:00+00:00,2026-06-20 02:16:00+00:00,10454.81001773045,10442.203735554727,10442.203735554727,10288.12695340704,154.07678214768802,4.146066137792353,0.0,149.93071600989566,149.93071600989566,105.0,2.18311907114581,mean
1209,B0,15,SOLUSDT,2026-06-20 05:14:00+00:00,2026-06-20 05:16:00+00:00,2026-06-20 07:46:00+00:00,10469.803089331439,10462.550524154565,10462.550524154565,10392.925898456602,69.6246256979632,4.1710952845222335,0.0,65.45353041344097,65.45353041344097,150.0,3.58068421180216,mean
1210,B0,15,BNBUSDT,2026-06-20 06:44:00+00:00,2026-06-20 06:46:00+00:00,2026-06-20 08:31:00+00:00,10469.303735713882,10458.984944008898,10458.984944008898,10437.101989186263,21.882954822635803,4.179217386639032,0.19145597170781958,17.70373743599677,17.895193407704593,105.0,2.21214209976914,mean
1211,B0,15,AVAXUSDT,2026-06-20 07:29:00+00:00,2026-06-20 07:31:00+00:00,2026-06-20 10:46:00+00:00,10469.876998516565,10468.19021311323,10468.19021311323,10436.141290449814,32.04892266341487,4.180866300712609,-1.4020307929445903,27.868056362702262,26.466025569757672,195.0,3.077343366158413,mean
1212,B0,15,TRXUSDT,2026-06-20 11:14:00+00:00,2026-06-20 11:16:00+00:00,2026-06-20 14:31:00+00:00,10480.784564270529,10481.107905560228,10481.107905560228,10508.915256474254,-27.80735091402771,4.198004632406896,0.0,-32.00535554643461,-32.00535554643461,195.0,2.076458795483657,mean
1214,B0,15,DOGEUSDT,2026-06-20 14:14:00+00:00,2026-06-20 14:16:00+00:00,2026-06-20 15:01:00+00:00,10481.4479635946,10494.129691318249,10494.129691318249,10612.06975914817,117.94006782992113,4.221239890093283,0.0,113.71882793982786,113.71882793982786,45.0,-2.2139765530117206,mean
1213,B0,15,SUIUSDT,2026-06-20 14:14:00+00:00,2026-06-20 14:16:00+00:00,2026-06-20 15:31:00+00:00,10481.4479635946,10490.425649216522,10490.425649216522,10632.572338230299,142.146689013775,4.224599597489364,0.0,137.92208941628564,137.92208941628564,75.0,-2.32163737517219,mean
1215,B0,15,SOLUSDT,2026-06-20 22:14:00+00:00,2026-06-20 22:16:00+00:00,2026-06-21 00:31:00+00:00,10502.748120451497,10484.133842937405,10484.133842937405,10456.928360416809,27.2054825205966,4.188212440670842,0.4650316748307696,23.01727007992576,23.482301754756527,135.0,2.1332206372573257,mean
1216,B0,15,AAVEUSDT,2026-06-20 22:44:00+00:00,2026-06-20 22:46:00+00:00,2026-06-21 00:31:00+00:00,10493.374485767701,10475.633054071126,10475.633054071126,10365.0902873463,110.54276672482588,4.168144668283485,0.9301028262470868,106.3746220565424,107.3047248827895,105.0,2.6866063729123213,mean
1218,B0,15,FILUSDT,2026-06-21 13:29:00+00:00,2026-06-21 13:31:00+00:00,2026-06-21 14:31:00+00:00,10521.898843230221,10470.759602193866,10470.759602193866,10291.772258566622,178.98734362724431,4.152506372152097,0.0,174.83483725509222,174.83483725509222,60.0,2.314871427220485,mean
1217,B0,15,NEARUSDT,2026-06-21 12:29:00+00:00,2026-06-21 12:31:00+00:00,2026-06-21 14:46:00+00:00,10515.826823115252,10520.659464118522,10520.659464118522,10539.990028131602,19.330564013079524,4.212129898450025,0.0,15.118434114629498,15.118434114629498,135.0,-2.391661395169411,mean
1219,B0,15,LTCUSDT,2026-06-21 15:29:00+00:00,2026-06-21 15:31:00+00:00,2026-06-21 17:01:00+00:00,10534.822150252226,10534.822150252226,10534.822150252226,10426.571900785271,108.25024946695528,4.192278810207499,0.6858831735710601,104.05797065674778,104.74385383031884,90.0,2.4498860611693405,mean
1220,B0,15,SOLUSDT,2026-06-21 21:14:00+00:00,2026-06-21 21:16:00+00:00,2026-06-21 23:31:00+00:00,10545.29653563526,10549.647503811151,10549.647503811151,10568.501699240014,18.854195428863786,4.223629840610233,0.0,14.630565588253553,14.630565588253553,135.0,-2.0340125430420453,mean
1222,B0,15,BTCUSDT,2026-06-22 01:29:00+00:00,2026-06-22 01:31:00+00:00,2026-06-22 03:16:00+00:00,10546.759592194087,10555.981298657864,10555.981298657864,10464.56399263376,91.41730602410291,4.204109058258325,0.0,87.21319696584459,87.21319696584459,105.0,2.8667044112093,mean
1223,B0,15,ETHUSDT,2026-06-22 01:29:00+00:00,2026-06-22 01:31:00+00:00,2026-06-22 03:16:00+00:00,10546.759592194087,10556.272351025686,10556.272351025686,10434.834157586845,121.43819343883972,4.198221301722507,0.0,117.2399721371172,117.2399721371172,105.0,2.749838814921043,mean
1221,B0,15,FILUSDT,2026-06-22 01:29:00+00:00,2026-06-22 01:31:00+00:00,2026-06-22 03:46:00+00:00,10546.759592194087,10546.759592194087,10546.759592194087,10404.93275171226,141.82684048182628,4.190338468781269,0.0,137.636502013045,137.636502013045,135.0,3.506908869645962,mean
1224,B0,15,TRXUSDT,2026-06-22 07:29:00+00:00,2026-06-22 07:31:00+00:00,2026-06-22 11:46:00+00:00,10580.968559305686,10595.73658387417,10595.73658387417,10636.830217456036,-41.09363358186575,4.246513360266041,0.6909701860383294,-45.340146942131796,-44.64917675609347,255.0,2.005290670629662,timeout
1225,B0,15,SUIUSDT,2026-06-22 11:44:00+00:00,2026-06-22 11:46:00+00:00,2026-06-22 14:16:00+00:00,10576.68427383319,10578.130559116089,10578.130559116089,10611.395120622743,-33.26456150665391,4.237905135947766,0.0,-37.502466642601675,-37.502466642601675,150.0,3.0915849363020387,mean
1226,B0,15,BTCUSDT,2026-06-22 12:29:00+00:00,2026-06-22 12:31:00+00:00,2026-06-22 14:31:00+00:00,10568.482138491247,10552.202899214457,10552.202899214457,10559.59367384612,-7.390774631662322,4.222359314612116,0.0,-11.613133946274438,-11.613133946274438,120.0,2.2618519664004344,mean
1227,B0,15,LTCUSDT,2026-06-22 12:29:00+00:00,2026-06-22 12:31:00+00:00,2026-06-22 14:31:00+00:00,10568.482138491247,10554.511904335937,10554.511904335937,10507.944457151576,46.56744718436229,4.212491272297503,0.0,42.35495591206478,42.35495591206478,120.0,2.1700039908817237,mean
1229,B0,15,TRXUSDT,2026-06-22 15:59:00+00:00,2026-06-22 16:01:00+00:00,2026-06-22 16:31:00+00:00,10588.63066610534,10586.06201290233,10586.06201290233,10653.810241131703,67.74822822937193,4.247974450806806,0.0,63.50025377856513,63.50025377856513,30.0,-2.58849128394333,mean
1228,B0,15,AAVEUSDT,2026-06-22 14:44:00+00:00,2026-06-22 14:46:00+00:00,2026-06-22 17:46:00+00:00,10575.827577162396,10578.656851527609,10578.656851527609,10691.827826136087,113.17097460847896,4.254096935532739,-0.5228037855190216,108.91687767294621,108.3940738874272,180.0,-2.1507252301531286,mean
1230,B0,15,SOLUSDT,2026-06-22 16:14:00+00:00,2026-06-22 16:16:00+00:00,2026-06-22 18:01:00+00:00,10592.849715494163,10584.109740481379,10584.109740481379,10680.249465622002,96.1397251406231,4.252871841220676,0.0,91.88685329940243,91.88685329940243,105.0,-2.237300183498263,mean
1232,B0,15,SUIUSDT,2026-06-23 05:44:00+00:00,2026-06-23 05:46:00+00:00,2026-06-23 06:31:00+00:00,10600.716033135073,10594.709110889353,10594.709110889353,10262.8266568133,-331.88245407605217,4.171507153540531,0.0,-336.0539612295927,-336.0539612295927,45.0,-2.2579209953345374,stop
1231,B0,15,TRXUSDT,2026-06-23 05:29:00+00:00,2026-06-23 05:31:00+00:00,2026-06-23 07:31:00+00:00,10602.205695258937,10600.928051696106,10600.928051696106,10607.955091291675,7.027039595568176,4.241776628597556,0.0,2.7852629669706204,2.7852629669706204,120.0,-2.0124837338763584,mean
1233,B0,15,AAVEUSDT,2026-06-23 05:59:00+00:00,2026-06-23 06:01:00+00:00,2026-06-23 08:31:00+00:00,10604.794776027757,10577.514637827848,10577.514637827848,10240.102402197394,-337.4122356304538,4.163523408005048,-0.5755968113370538,-341.57575903845884,-342.1513558497959,150.0,-2.085553766985957,stop
1234,B0,15,SUIUSDT,2026-06-23 06:44:00+00:00,2026-06-23 06:46:00+00:00,2026-06-23 09:31:00+00:00,10545.665420628991,10584.069154862891,10584.069154862891,10521.087030719294,-62.98212414359619,4.221031237116437,1.1792554176976775,-67.20315538071263,-66.02389996301496,165.0,-4.920017445686637,mean
1235,B0,15,DOGEUSDT,2026-06-23 07:44:00+00:00,2026-06-23 07:46:00+00:00,2026-06-23 10:46:00+00:00,10546.5411658371,10562.360977585853,10562.360977585853,10413.391083618406,-148.96989396744797,4.195150412240852,0.8250694413424813,-153.16504437968882,-152.33997493834633,180.0,-3.1920561066702255,mean
1236,B0,15,ETHUSDT,2026-06-23 08:44:00+00:00,2026-06-23 08:46:00+00:00,2026-06-23 10:46:00+00:00,10512.65558080526,10504.74672474049,10504.74672474049,10517.439163102501,12.692438362011941,4.2044371775685985,0.0,8.488001184443343,8.488001184443343,120.0,-3.8423261437974983,mean
1237,B0,15,TRXUSDT,2026-06-23 09:44:00+00:00,2026-06-23 09:46:00+00:00,2026-06-23 11:46:00+00:00,10513.597174031544,10510.724780899181,10510.724780899181,10514.554638409,3.8298575098168897,4.205055883861636,0.0,-0.37519837404474643,-0.37519837404474643,120.0,-3.006857020695314,mean
1238,B0,15,SUIUSDT,2026-06-23 10:59:00+00:00,2026-06-23 11:01:00+00:00,2026-06-23 13:16:00+00:00,10511.26371991224,10496.284008183708,10496.284008183708,10508.267777566534,-11.983769382827466,4.200910357150049,0.0,-16.184679739977515,-16.184679739977515,135.0,2.083721043786447,mean
1239,B0,15,ADAUSDT,2026-06-23 12:59:00+00:00,2026-06-23 13:01:00+00:00,2026-06-23 14:16:00+00:00,10511.930685785579,10511.930685785579,10511.930685785579,10630.986529661897,119.05584387631757,4.228583443089496,0.0,114.82726043322808,114.82726043322808,75.0,-2.0355544054098607,mean
1240,B0,15,FILUSDT,2026-06-23 14:14:00+00:00,2026-06-23 14:16:00+00:00,2026-06-23 15:31:00+00:00,10525.116117425296,10498.093996456297,10498.093996456297,10349.472331126799,148.62166532949726,4.169513265516619,0.0,144.45215206398066,144.45215206398066,75.0,2.607697929136743,mean
1241,B0,15,LTCUSDT,2026-06-23 14:59:00+00:00,2026-06-23 15:01:00+00:00,2026-06-23 17:31:00+00:00,10530.048409070241,10485.523891484321,10485.523891484321,10418.737115105438,-66.7867763788818,4.180852201317952,0.35927703941756634,-70.96762858019976,-70.6083515407822,150.0,-3.0806096790685595,mean
1242,B0,15,FILUSDT,2026-06-23 20:29:00+00:00,2026-06-23 20:31:00+00:00,2026-06-23 22:46:00+00:00,10530.88722076024,10557.41338504427,10557.41338504427,10438.045645766133,119.36773927813884,4.19909180616208,0.0,115.16864747197677,115.16864747197677,135.0,2.7398093902258878,mean
1243,B0,15,TRXUSDT,2026-06-24 08:44:00+00:00,2026-06-24 08:46:00+00:00,2026-06-24 11:46:00+00:00,10542.404085507438,10543.360891202688,10543.360891202688,10563.77274603471,-20.411854832022602,4.221426727447479,0.0,-24.633281559470085,-24.633281559470085,180.0,2.201681682839139,mean
1245,B0,15,AAVEUSDT,2026-06-24 10:44:00+00:00,2026-06-24 10:46:00+00:00,2026-06-24 11:46:00+00:00,10545.417452507572,10581.135571504008,10581.135571504008,10998.323201382374,-417.18762987836516,4.315891754577276,0.0,-421.5035216329424,-421.5035216329424,60.0,2.4887897218261004,stop
1244,B0,15,ADAUSDT,2026-06-24 10:14:00+00:00,2026-06-24 10:16:00+00:00,2026-06-24 12:31:00+00:00,10540.69422270039,10469.231888987166,10469.231888987166,10612.156556413613,142.9246674264461,4.216277689080155,0.0,138.70838973736593,138.70838973736593,135.0,-2.675320539292172,mean
1246,B0,15,AAVEUSDT,2026-06-24 11:59:00+00:00,2026-06-24 12:01:00+00:00,2026-06-24 13:31:00+00:00,10509.729617281664,10559.60442168743,10559.60442168743,10376.730138866289,182.87428282114058,4.1872669121107435,0.0,178.68701590902984,178.68701590902984,90.0,3.978148131761443,mean
1247,B0,15,DOGEUSDT,2026-06-24 13:14:00+00:00,2026-06-24 13:16:00+00:00,2026-06-24 15:46:00+00:00,10527.243740135325,10525.889056859025,10525.889056859025,10138.44963983693,-387.43941702209554,4.132867739339192,0.0,-391.57228476143473,-391.57228476143473,150.0,-2.1973470939644404,stop
1248,B0,15,TRXUSDT,2026-06-24 13:29:00+00:00,2026-06-24 13:31:00+00:00,2026-06-24 17:46:00+00:00,10524.576355682531,10515.308669340115,10515.308669340115,10398.344076191,-116.96459314911495,4.182730549106223,2.0829770564912975,-121.14732369822116,-119.06434664172986,255.0,-2.4624067300407106,timeout
1249,B0,15,BTCUSDT,2026-06-24 13:44:00+00:00,2026-06-24 13:46:00+00:00,2026-06-24 17:46:00+00:00,10521.880661698058,10507.62077286652,10507.62077286652,10145.765394569928,-361.85537829659194,4.130677233487289,-0.0027850780028566015,-365.9860555300792,-365.98884060808206,240.0,-3.354503581678831,stop
1250,B0,15,DOGEUSDT,2026-06-24 15:59:00+00:00,2026-06-24 16:01:00+00:00,2026-06-24 19:31:00+00:00,10464.73248435506,10474.534856547016,10474.534856547016,10331.700290321374,-142.8345662256421,4.161247029373678,0.0,-146.99581325501578,-146.99581325501578,210.0,-4.68276565394775,mean
1251,B0,15,ETHUSDT,2026-06-24 17:59:00+00:00,2026-06-24 18:01:00+00:00,2026-06-24 19:46:00+00:00,10416.871909597778,10424.888485171123,10424.888485171123,10557.629615706432,132.7411305353086,4.196503620175511,0.0,128.5446269151331,128.5446269151331,105.0,-5.782278287960611,mean
1252,B0,15,LTCUSDT,2026-06-24 17:59:00+00:00,2026-06-24 18:01:00+00:00,2026-06-24 20:01:00+00:00,10416.871909597778,10427.439367786566,10427.439367786566,10570.100053335203,142.66068554863787,4.199507884224354,0.0,138.4611776644135,138.4611776644135,120.0,-5.47102191773327,mean
1255,B0,15,ETHUSDT,2026-06-24 20:14:00+00:00,2026-06-24 20:16:00+00:00,2026-06-24 22:31:00+00:00,10453.868397684162,10446.333890867396,10446.333890867396,10498.68572271493,-52.35183184753506,4.1890039227164655,0.0,-56.540835770251526,-56.540835770251526,135.0,2.6138650830811785,mean
1254,B0,15,BTCUSDT,2026-06-24 20:14:00+00:00,2026-06-24 20:16:00+00:00,2026-06-24 22:46:00+00:00,10453.868397684162,10443.940026264716,10443.940026264716,10494.323063867221,-50.38303760250609,4.187652618026387,0.0,-54.570690220532484,-54.570690220532484,150.0,2.6433926526646405,mean
1253,B0,15,HBARUSDT,2026-06-24 20:14:00+00:00,2026-06-24 20:16:00+00:00,2026-06-24 23:01:00+00:00,10453.868397684162,10431.688064258495,10431.688064258495,10463.57229355789,-31.88422929939584,4.179052071563277,0.0,-36.06328137095912,-36.06328137095912,165.0,2.85292143882491,mean
1256,B0,15,ADAUSDT,2026-06-24 22:44:00+00:00,2026-06-24 22:46:00+00:00,2026-06-25 00:31:00+00:00,10435.083030938611,10435.08303093861,10435.08303093861,10463.381561192004,-28.298530253393654,4.179692918426123,-2.1871099226204853,-32.47822317181978,-34.665333094440264,105.0,2.7906833513772735,mean
1257,B0,15,AAVEUSDT,2026-06-24 23:14:00+00:00,2026-06-24 23:16:00+00:00,2026-06-25 00:46:00+00:00,10438.234752031034,10434.314533671482,10434.314533671482,10374.204518825034,60.1100148464473,4.161703810499303,0.6037855949577708,55.948311035947995,56.552096630905766,90.0,2.3223768494315937,mean
1258,B0,15,AAVEUSDT,2026-06-25 02:29:00+00:00,2026-06-25 02:31:00+00:00,2026-06-25 05:16:00+00:00,10441.339593301635,10433.72373655962,10433.72373655962,10749.781791353214,-316.05805479359367,4.236701105582567,0.0,-320.2947558991762,-320.2947558991762,165.0,2.4574802072393256,stop
1259,B0,15,UNIUSDT,2026-06-25 05:14:00+00:00,2026-06-25 05:16:00+00:00,2026-06-25 07:16:00+00:00,10404.955599302335,10339.537281503943,10339.537281503943,10198.371437833726,141.16584367021673,4.107581743867534,0.0,137.0582619263492,137.0582619263492,120.0,2.7200537063276577,mean
1261,B0,15,AVAXUSDT,2026-06-25 05:29:00+00:00,2026-06-25 05:31:00+00:00,2026-06-25 07:16:00+00:00,10413.393059517213,10416.545289896967,10416.545289896967,10315.67391774484,100.87137215212687,4.146443841528361,0.0,96.7249283105985,96.7249283105985,105.0,2.4777159323895472,mean
1260,B0,15,BTCUSDT,2026-06-25 05:14:00+00:00,2026-06-25 05:16:00+00:00,2026-06-25 08:16:00+00:00,10404.955599302335,10392.138515887387,10392.138515887387,10425.979668935548,-33.84115304816132,4.163623636964587,-0.18842585166073705,-38.004776685125904,-38.19320253678664,180.0,2.249787626830821,mean
1264,B0,15,XRPUSDT,2026-06-25 11:29:00+00:00,2026-06-25 11:31:00+00:00,2026-06-25 12:46:00+00:00,10428.869116481728,10432.768487996584,10432.768487996584,10470.787360266428,38.01887226984379,4.180711169652602,0.0,33.83816110019119,33.83816110019119,75.0,-2.0174389281356904,mean
1262,B0,15,BNBUSDT,2026-06-25 11:29:00+00:00,2026-06-25 11:31:00+00:00,2026-06-25 13:01:00+00:00,10428.869116481728,10437.398068769995,10437.398068769995,10439.623012845195,2.224944075200197,4.175404216323038,0.0,-1.950460141122841,-1.950460141122841,90.0,-2.046522949162667,mean
1263,B0,15,DOGEUSDT,2026-06-25 11:29:00+00:00,2026-06-25 11:31:00+00:00,2026-06-25 13:01:00+00:00,10428.869116481728,10435.745596184011,10435.745596184011,10452.249147469489,16.503551285477467,4.1775989487307,0.0,12.325952336746766,12.325952336746766,90.0,-2.0203254171141527,mean
1266,B0,15,AAVEUSDT,2026-06-25 13:29:00+00:00,2026-06-25 13:31:00+00:00,2026-06-25 14:31:00+00:00,10432.730533861317,10346.21339876236,10346.21339876236,10069.3585664457,276.85483231666035,4.083114393041612,0.0,272.7717179236188,272.7717179236188,60.0,2.11942052809857,mean
1265,B0,15,TRXUSDT,2026-06-25 12:59:00+00:00,2026-06-25 13:01:00+00:00,2026-06-25 16:16:00+00:00,10433.808766447308,10436.36309872381,10436.36309872381,10320.46027167747,-115.9028270463412,4.151364674080256,1.1293846526068987,-120.05419172042146,-118.92480706781456,195.0,-2.398435671143467,mean
1268,B0,15,XRPUSDT,2026-06-25 14:44:00+00:00,2026-06-25 14:46:00+00:00,2026-06-25 16:31:00+00:00,10441.330362290872,10435.26745876104,10435.26745876104,10457.498105037086,22.230646276047327,4.178553112759625,1.2677410224903114,18.0520931632877,19.319834185778014,105.0,-5.613469438991858,mean
1267,B0,15,BTCUSDT,2026-06-25 13:44:00+00:00,2026-06-25 13:46:00+00:00,2026-06-25 17:01:00+00:00,10462.538859239503,10423.653276516889,10423.653276516889,10337.36282345904,-86.29045305784878,4.152203219995186,-0.1638731558329818,-90.44265627784397,-90.60652943367695,195.0,-3.361392053837586,mean
1269,B0,15,DOGEUSDT,2026-06-25 17:29:00+00:00,2026-06-25 17:31:00+00:00,2026-06-25 18:46:00+00:00,10441.5465033721,10451.28156271195,10451.28156271195,10227.375197895366,223.90636481658342,4.135731352121463,0.0,219.77063346446198,219.77063346446198,75.0,2.7785600246235527,mean
1270,B0,15,HBARUSDT,2026-06-25 17:59:00+00:00,2026-06-25 18:01:00+00:00,2026-06-25 18:46:00+00:00,10444.536140095368,10454.448254111185,10454.448254111185,10301.518495010003,152.92975910118108,4.151193349824237,0.0,148.77856575135684,148.77856575135684,45.0,2.646686892305959,mean
1271,B0,15,AAVEUSDT,2026-06-25 17:59:00+00:00,2026-06-25 18:01:00+00:00,2026-06-25 18:46:00+00:00,10444.536140095368,10486.806611320606,10486.806611320606,10151.129339826053,335.6772714945527,4.127587190229332,0.0,331.54968430432336,331.54968430432336,45.0,2.481394983643374,mean
1272,B0,15,AAVEUSDT,2026-06-25 19:14:00+00:00,2026-06-25 19:16:00+00:00,2026-06-25 20:46:00+00:00,10511.556391724114,10522.140715340704,10522.140715340704,10833.055221577979,310.9145062372764,4.271039187383737,0.0,306.64346704989265,306.64346704989265,90.0,-2.425579851461358,mean
1274,B0,15,SOLUSDT,2026-06-25 23:29:00+00:00,2026-06-25 23:31:00+00:00,2026-06-26 01:31:00+00:00,10542.220738429103,10597.779213993948,10597.779213993948,10377.088602722484,220.69061127146378,4.194973563343287,0.3250483562997113,216.49563770812048,216.8206860644202,120.0,2.311186725981421,mean
1273,B0,15,BCHUSDT,2026-06-25 23:29:00+00:00,2026-06-25 23:31:00+00:00,2026-06-26 03:46:00+00:00,10542.220738429103,10571.715579104468,10571.715579104468,10373.44470567564,198.270873428827,4.189032056956021,-0.3386878303859703,194.08184137187098,193.74315354148501,255.0,2.3590452662859223,timeout
1275,B0,15,DOTUSDT,2026-06-26 01:29:00+00:00,2026-06-26 01:31:00+00:00,2026-06-26 03:46:00+00:00,10580.785171248694,10593.610365395662,10593.610365395662,10619.260753689598,25.65038829393625,4.242574223817051,0.0,21.407814070119198,21.407814070119198,135.0,-2.520591092033897,mean
1276,B0,15,DOGEUSDT,2026-06-26 02:14:00+00:00,2026-06-26 02:16:00+00:00,2026-06-26 03:46:00+00:00,10583.289556763455,10624.140412510542,10624.140412510542,10813.805099907739,189.66468739719593,4.287589102483656,0.0,185.37709829471225,185.37709829471225,90.0,-3.3366575354466566,mean
1277,B0,15,NEARUSDT,2026-06-26 06:44:00+00:00,2026-06-26 06:46:00+00:00,2026-06-26 08:31:00+00:00,10603.955613626178,10615.388449867285,10615.388449867285,10466.761578732901,148.62687113438324,4.216430005720037,1.0572920608007885,144.4104411286632,145.46773318946398,105.0,2.328284458231496,mean
1279,B0,15,BCHUSDT,2026-06-26 06:44:00+00:00,2026-06-26 06:46:00+00:00,2026-06-26 08:31:00+00:00,10603.955613626178,10582.263978945548,10582.263978945548,10558.403180796853,23.860798148693334,4.22813343194848,0.009552345164309216,19.632664716744856,19.642217061909164,105.0,2.2804655826448954,mean
1278,B0,15,SOLUSDT,2026-06-26 06:44:00+00:00,2026-06-26 06:46:00+00:00,2026-06-26 09:01:00+00:00,10603.955613626178,10590.26916582428,10590.26916582428,10613.079912160778,-22.810746336497733,4.240669815597013,0.9082789861612548,-27.051416152094745,-26.143137165933492,135.0,2.324298672855341,mean
1280,B0,15,SUIUSDT,2026-06-26 09:59:00+00:00,2026-06-26 10:01:00+00:00,2026-06-26 12:16:00+00:00,10617.852294934723,10587.9428518504,10587.9428518504,10693.412993253012,105.47014140261388,4.256271169020682,0.0,101.2138702335932,101.2138702335932,135.0,-2.0325233885656946,mean
1281,B0,15,BTCUSDT,2026-06-26 10:59:00+00:00,2026-06-26 11:01:00+00:00,2026-06-26 12:31:00+00:00,10626.928205245975,10621.389799417975,10621.389799417975,10692.241962000766,70.85216258279246,4.262726352283748,0.0,66.58943623050871,66.58943623050871,90.0,-2.1147536671944307,mean
1284,B0,15,LTCUSDT,2026-06-26 12:44:00+00:00,2026-06-26 12:46:00+00:00,2026-06-26 13:46:00+00:00,10639.449324544592,10668.389468602452,10668.389468602452,10705.222379221548,36.83291061909617,4.274722369564801,0.0,32.55818824953137,32.55818824953137,60.0,-2.3695331637831454,mean
1282,B0,15,BNBUSDT,2026-06-26 11:59:00+00:00,2026-06-26 12:01:00+00:00,2026-06-26 14:16:00+00:00,10624.225037356322,10636.957763901406,10636.957763901406,10659.192525181625,22.234761280219054,4.259230057816606,0.0,17.97553122240245,17.97553122240245,135.0,-2.12066123918961,mean
1283,B0,15,AAVEUSDT,2026-06-26 12:29:00+00:00,2026-06-26 12:31:00+00:00,2026-06-26 15:31:00+00:00,10635.818534171622,10617.621057496297,10617.621057496297,11071.344809267734,-453.7237517714379,4.337793173352806,0.0,-458.0615449447907,-458.0615449447907,180.0,2.090284577366702,stop
1287,B0,15,BCHUSDT,2026-06-26 15:44:00+00:00,2026-06-26 15:46:00+00:00,2026-06-26 17:31:00+00:00,10567.467614215431,10550.124080557049,10550.124080557049,10469.187590151261,80.93649040578893,4.203862334141662,0.427209828659011,76.73262807164727,77.15983790030629,105.0,3.583026690459091,mean
1286,B0,15,XRPUSDT,2026-06-26 14:29:00+00:00,2026-06-26 14:31:00+00:00,2026-06-26 18:01:00+00:00,10602.554539193214,10586.320962865264,10586.320962865264,10624.875706644147,-38.554743778882425,4.242239333901882,-1.616645809932416,-42.79698311278431,-44.413628922716725,210.0,2.643864069223871,mean
1285,B0,15,SOLUSDT,2026-06-26 13:59:00+00:00,2026-06-26 14:01:00+00:00,2026-06-26 18:16:00+00:00,10638.141322840427,10639.64622329634,10639.64622329634,10963.199821317374,-323.5535980210331,4.320569208922743,0.6608858238323242,-327.87416722995584,-327.21328140612354,255.0,2.443403724812379,stop
1288,B0,15,AAVEUSDT,2026-06-26 17:44:00+00:00,2026-06-26 17:46:00+00:00,2026-06-26 19:01:00+00:00,10567.658180649409,10560.096736586796,10560.096736586796,10264.120211850217,295.9765247365785,4.164843389687403,0.0,291.8116813468911,291.8116813468911,75.0,4.553175657763246,mean
1289,B0,15,UNIUSDT,2026-06-26 18:14:00+00:00,2026-06-26 18:16:00+00:00,2026-06-26 19:31:00+00:00,10575.2700367748,10561.235172757846,10561.235172757846,10526.148012715463,35.08716004238413,4.217476637094663,0.0,30.86968340528946,30.86968340528946,75.0,2.131792830676982,mean
1290,B0,15,HBARUSDT,2026-06-26 18:29:00+00:00,2026-06-26 18:31:00+00:00,2026-06-26 22:46:00+00:00,10594.90148205461,10591.969854638437,10591.969854638437,10405.811513711355,-186.15834092708124,4.199556273669958,0.0,-190.35789720075118,-190.35789720075118,255.0,-2.099548400866047,timeout
1291,B0,15,AVAXUSDT,2026-06-26 23:14:00+00:00,2026-06-26 23:16:00+00:00,2026-06-27 01:16:00+00:00,10577.665482546137,10580.89038055911,10580.89038055911,10537.354257383997,43.5361231751139,4.223648927588622,1.068892446399365,39.31247424752528,40.38136669392465,120.0,2.20278758274587,mean
1292,B0,15,HBARUSDT,2026-06-27 01:59:00+00:00,2026-06-27 02:01:00+00:00,2026-06-27 05:01:00+00:00,10581.703619215528,10583.16558434667,10583.16558434667,10581.703619215528,1.461965131142778,4.2329738407124395,0.0,-2.771008709569662,-2.771008709569662,180.0,2.537765910789187,mean
1293,B0,15,NEARUSDT,2026-06-27 14:14:00+00:00,2026-06-27 14:16:00+00:00,2026-06-27 16:31:00+00:00,10581.426518344571,10558.682990094503,10558.682990094503,10911.207677970571,-352.5246878760688,4.293978133613015,-0.21828123981531908,-356.81866600968186,-357.0369472494972,135.0,2.2366214456062754,stop
1295,B0,15,NEARUSDT,2026-06-27 16:59:00+00:00,2026-06-27 17:01:00+00:00,2026-06-27 17:16:00+00:00,10545.722823619622,10540.238828391532,10540.238828391532,10348.298995408335,191.93983298319603,4.177707564759974,0.0,187.76212541843606,187.76212541843606,15.0,2.1648478055555946,mean
1294,B0,15,UNIUSDT,2026-06-27 16:59:00+00:00,2026-06-27 17:01:00+00:00,2026-06-27 17:46:00+00:00,10545.722823619622,10556.13663812616,10556.13663812616,10403.400692030287,152.73594609587354,4.19190746603129,0.0,148.54403862984225,148.54403862984225,45.0,2.422592073088796,mean
1296,B0,15,SUIUSDT,2026-06-27 19:59:00+00:00,2026-06-27 20:01:00+00:00,2026-06-27 22:31:00+00:00,10579.35344002445,10594.795497300796,10594.795497300796,10562.36717702047,-32.428320280325856,4.231432534864253,0.0,-36.65975281519011,-36.65975281519011,150.0,-2.327707783045249,mean
1297,B0,15,NEARUSDT,2026-06-28 00:29:00+00:00,2026-06-28 00:31:00+00:00,2026-06-28 02:31:00+00:00,10575.68746474293,10553.700588516855,10553.700588516855,10432.772769273432,120.92781924342239,4.197294671558057,0.0,116.73052457186434,116.73052457186434,120.0,2.162870214426739,mean
1298,B0,15,NEARUSDT,2026-06-28 06:14:00+00:00,2026-06-28 06:16:00+00:00,2026-06-28 07:46:00+00:00,10587.360517200119,10598.793951883921,10598.793951883921,10707.411581380034,108.617629496113,4.2612411066527915,0.0,104.35638838946021,104.35638838946021,90.0,-2.057169878010743,mean
1299,B0,15,AAVEUSDT,2026-06-28 07:29:00+00:00,2026-06-28 07:31:00+00:00,2026-06-28 09:46:00+00:00,10590.57857172622,10583.591933855922,10583.591933855922,10580.098614920773,-3.493318935148968,4.2327381097553385,0.22378038849877346,-7.726057044904307,-7.502276656405534,135.0,-2.213219287452963,mean
1300,B0,15,NEARUSDT,2026-06-28 17:44:00+00:00,2026-06-28 17:46:00+00:00,2026-06-28 19:31:00+00:00,10597.045928373424,10597.045928373424,10597.045928373424,10643.651957745049,46.60602937162587,4.248139577223695,0.0,42.357889794402176,42.357889794402176,105.0,-2.1573776930034283,mean
1302,B0,15,AVAXUSDT,2026-06-29 03:29:00+00:00,2026-06-29 03:31:00+00:00,2026-06-29 04:46:00+00:00,10601.281717352866,10598.092882425102,10598.092882425102,10408.357204223117,189.73567820198497,4.201290017329644,0.0,185.53438818465534,185.53438818465534,75.0,2.1948620962477032,mean
1303,B0,15,SOLUSDT,2026-06-29 03:29:00+00:00,2026-06-29 03:31:00+00:00,2026-06-29 04:46:00+00:00,10601.281717352866,10598.383212440394,10598.383212440394,10411.42964558619,186.9535668542052,4.201962571605316,0.0,182.75160428259989,182.75160428259989,75.0,2.1517488100159956,mean
1301,B0,15,AAVEUSDT,2026-06-29 03:29:00+00:00,2026-06-29 03:31:00+00:00,2026-06-29 05:16:00+00:00,10601.281717352866,10582.2287742093,10582.2287742093,10411.873047278585,170.3557269307148,4.1988203642975765,0.0,166.15690656641723,166.15690656641723,105.0,2.2474259880686094,mean
1304,B0,15,BTCUSDT,2026-06-29 14:14:00+00:00,2026-06-29 14:16:00+00:00,2026-06-29 15:46:00+00:00,10654.726007256233,10668.236017006388,10668.236017006388,10782.755445449273,114.51942844288658,4.290198292491132,0.0,110.22923015039544,110.22923015039544,90.0,-2.0902779669828138,mean
1305,B0,15,AAVEUSDT,2026-06-29 14:44:00+00:00,2026-06-29 14:46:00+00:00,2026-06-29 16:01:00+00:00,10657.111831327611,10682.218332164259,10682.218332164259,10869.919314609675,187.7009824454165,4.3104275293547865,-0.7458162005925945,183.39055491606172,182.64473871546912,75.0,-2.06967282486144,mean
1308,B0,15,AVAXUSDT,2026-06-29 17:14:00+00:00,2026-06-29 17:16:00+00:00,2026-06-29 19:01:00+00:00,10684.013404142817,10709.189282562005,10709.189282562005,10566.001474052873,143.18780850913083,4.255038151322976,0.0,138.93277035780784,138.93277035780784,105.0,2.4274906956142583,mean
1306,B0,15,ETHUSDT,2026-06-29 17:14:00+00:00,2026-06-29 17:16:00+00:00,2026-06-29 19:46:00+00:00,10684.013404142817,10736.445331003464,10736.445331003464,10739.222305692176,-2.776974688710717,4.295133527339129,0.0,-7.072108216049845,-7.072108216049845,150.0,2.7736875897030675,mean
1307,B0,15,BNBUSDT,2026-06-29 17:14:00+00:00,2026-06-29 17:16:00+00:00,2026-06-29 19:46:00+00:00,10684.013404142817,10710.895022450884,10710.895022450884,10721.380760088785,-10.485737637900211,4.286455156507934,0.0,-14.772192794408145,-14.772192794408145,150.0,2.6608495390123923,mean
1309,B0,15,TRXUSDT,2026-06-30 01:14:00+00:00,2026-06-30 01:16:00+00:00,2026-06-30 02:46:00+00:00,10695.722251077554,10694.716352248335,10694.716352248335,10724.222717905404,29.506365657068123,4.283787814030748,0.0,25.222577843037378,25.222577843037378,90.0,-2.3717916903422167,mean
1310,B0,15,XLMUSDT,2026-06-30 02:14:00+00:00,2026-06-30 02:16:00+00:00,2026-06-30 04:16:00+00:00,10696.212485930962,10677.030755402506,10677.030755402506,11035.489344653051,-358.4585892505453,4.342504020011111,0.0,-362.80109327055635,-362.80109327055635,120.0,2.282175261981204,stop
1311,B0,15,XLMUSDT,2026-06-30 04:29:00+00:00,2026-06-30 04:31:00+00:00,2026-06-30 05:46:00+00:00,10661.964399534801,10700.171026224414,10700.171026224414,10638.808868207763,61.3621580166519,4.2677959788864355,0.0,57.094362037765464,57.094362037765464,75.0,3.2350270235480103,mean
1312,B0,15,XLMUSDT,2026-06-30 06:14:00+00:00,2026-06-30 06:16:00+00:00,2026-06-30 07:01:00+00:00,10667.673835738577,10679.085553577406,10679.085553577406,10481.662834965642,197.42271861176388,4.232149677708609,0.0,193.19056893405525,193.19056893405525,45.0,2.099467887982637,mean
1314,B0,15,XLMUSDT,2026-06-30 12:29:00+00:00,2026-06-30 12:31:00+00:00,2026-06-30 13:31:00+00:00,10681.165113373158,10671.382706858334,10671.382706858334,10838.295018017514,166.9123111591805,4.301935544975169,0.0,162.61037561420534,162.61037561420534,60.0,-2.3784460794829423,mean
1313,B0,15,DOGEUSDT,2026-06-30 12:14:00+00:00,2026-06-30 12:16:00+00:00,2026-06-30 14:16:00+00:00,10686.992892631984,10711.267720326776,10711.267720326776,10774.989143025603,63.721422698828405,4.297251372670475,0.0,59.42417132615793,59.42417132615793,120.0,-2.905936481067591,mean
1315,B0,15,AVAXUSDT,2026-06-30 12:29:00+00:00,2026-06-30 12:31:00+00:00,2026-06-30 14:16:00+00:00,10681.165113373158,10647.947370834288,10647.947370834288,10810.714309274745,162.76693844045678,4.2917323360218065,0.0,158.47520610443496,158.47520610443496,105.0,-2.071261734319967,mean
1316,B0,15,NEARUSDT,2026-06-30 13:44:00+00:00,2026-06-30 13:46:00+00:00,2026-06-30 14:31:00+00:00,10703.598061782099,10697.605005756464,10697.605005756464,10853.424462422945,155.81945666648087,4.310205893635882,0.0,151.509250772845,151.509250772845,45.0,-2.557164768897764,mean
1317,B0,15,XLMUSDT,2026-06-30 15:44:00+00:00,2026-06-30 15:46:00+00:00,2026-06-30 18:01:00+00:00,10740.194793013747,10804.81262336306,10804.81262336306,10790.584844203577,14.227779159482763,4.3190794935133265,0.2656752956665132,9.908699665969436,10.17437496163595,135.0,2.158862294941768,mean
1318,B0,15,TRXUSDT,2026-06-30 16:59:00+00:00,2026-06-30 17:01:00+00:00,2026-06-30 19:01:00+00:00,10731.76500886098,10730.399340294969,10730.399340294969,10747.811614511616,17.412274216648782,4.295642190961317,0.0,13.116632025687466,13.116632025687466,120.0,-2.4298660821610407,mean
1319,B0,15,HBARUSDT,2026-06-30 17:59:00+00:00,2026-06-30 18:01:00+00:00,2026-06-30 19:01:00+00:00,10745.180390296497,10709.404601504251,10709.404601504251,10849.396818517382,139.99221701312933,4.311760284004326,0.0,135.680456729125,135.680456729125,60.0,-2.282745347329729,mean
1320,B0,15,XLMUSDT,2026-06-30 18:44:00+00:00,2026-06-30 18:46:00+00:00,2026-06-30 20:16:00+00:00,10749.444646000367,10752.909228503377,10752.909228503377,10688.237021780555,64.67220672282187,4.288229250056786,0.0,60.38397747276508,60.38397747276508,90.0,2.1717843215477406,mean
1322,B0,15,XLMUSDT,2026-07-01 00:14:00+00:00,2026-07-01 00:16:00+00:00,2026-07-01 01:46:00+00:00,10762.13033713267,10736.227344483648,10736.227344483648,11043.121496520971,-306.89415203732295,4.3558697682009235,0.0,-311.2500218055239,-311.2500218055239,90.0,3.308881468520323,stop
1323,B0,15,NEARUSDT,2026-07-01 01:14:00+00:00,2026-07-01 01:16:00+00:00,2026-07-01 01:46:00+00:00,10753.356362840887,10796.592143736858,10796.592143736858,10981.888347576736,185.2962038398776,4.355696098262719,0.0,180.94050774161485,180.94050774161485,30.0,-2.0829536607027794,mean
1324,B0,15,XLMUSDT,2026-07-01 01:59:00+00:00,2026-07-01 02:01:00+00:00,2026-07-01 03:01:00+00:00,10749.09938572628,10775.445217554043,10775.445217554043,11128.694432060953,-353.2492145069107,4.380827929922999,0.0,-357.6300424368337,-357.6300424368337,60.0,5.00465755953477,stop
1327,B0,15,XLMUSDT,2026-07-01 03:14:00+00:00,2026-07-01 03:16:00+00:00,2026-07-01 04:16:00+00:00,10704.80642787861,10735.789188695133,10735.789188695133,10623.411039292827,112.37814940230687,4.2718400455975925,0.0,108.10630935670927,108.10630935670927,60.0,3.430349484156721,mean
1325,B0,15,BCHUSDT,2026-07-01 02:14:00+00:00,2026-07-01 02:16:00+00:00,2026-07-01 05:16:00+00:00,10736.24863094535,10693.617318669918,10693.617318669918,10819.406005507308,-125.78868683739027,4.302604664835446,0.0,-130.09129150222572,-130.09129150222572,180.0,2.135251911843489,mean
1326,B0,15,LTCUSDT,2026-07-01 02:44:00+00:00,2026-07-01 02:46:00+00:00,2026-07-01 05:16:00+00:00,10723.021984000135,10728.059814389613,10728.059814389613,10775.919203089636,-47.85938870002352,4.30079580349585,0.0,-52.160184503519375,-52.160184503519375,150.0,2.0213841293081556,mean
1328,B0,15,ADAUSDT,2026-07-01 04:29:00+00:00,2026-07-01 04:31:00+00:00,2026-07-01 06:31:00+00:00,10703.85388073064,10647.628778271122,10647.628778271122,10556.262986774407,91.3657914967156,4.240778353009106,0.0,87.1250131437065,87.1250131437065,120.0,4.492007238846354,mean
1329,B0,15,HBARUSDT,2026-07-01 07:14:00+00:00,2026-07-01 07:16:00+00:00,2026-07-01 09:01:00+00:00,10714.634366132066,10706.832826619811,10706.832826619811,10811.373456084038,104.54062946422786,4.30364125654077,-0.21293899348905712,100.23698820768709,100.02404921419803,105.0,-2.989233838330991,mean
1330,B0,15,UNIUSDT,2026-07-01 08:29:00+00:00,2026-07-01 08:31:00+00:00,2026-07-01 10:31:00+00:00,10716.583366639617,10708.775291326947,10708.775291326947,10740.007592577627,31.232301250680152,4.289756576780915,0.0,26.94254467389924,26.94254467389924,120.0,-2.381503308125915,mean
1331,B0,15,ADAUSDT,2026-07-01 14:14:00+00:00,2026-07-01 14:16:00+00:00,2026-07-01 16:46:00+00:00,10727.331025520876,10699.930435417375,10699.930435417375,10631.42896015862,68.50147525875406,4.266271879115198,0.8373954065638353,64.23520337963886,65.07259878620269,150.0,3.3838567149047383,mean
1332,B0,15,BTCUSDT,2026-07-01 14:14:00+00:00,2026-07-01 14:16:00+00:00,2026-07-01 17:01:00+00:00,10727.331025520876,10713.92825892063,10713.92825892063,10713.641951489917,0.286307430712607,4.285514042082109,0.7609221983211759,-3.9992066113695017,-3.238284413048326,165.0,3.0330215881171125,mean
1333,B0,15,ETHUSDT,2026-07-01 14:14:00+00:00,2026-07-01 14:16:00+00:00,2026-07-01 17:01:00+00:00,10727.331025520876,10715.687877758503,10715.687877758503,10727.59715461259,-11.90927685408529,4.288657006474218,0.22378738873376308,-16.19793386055951,-15.974146471825746,165.0,2.558924168076229,mean
1334,B0,15,LTCUSDT,2026-07-01 21:44:00+00:00,2026-07-01 21:46:00+00:00,2026-07-01 23:31:00+00:00,10731.917042311008,10754.20297987003,10754.20297987003,10620.4873545159,133.71562535412863,4.274938066877186,0.0,129.44068728725142,129.44068728725142,105.0,2.551193465548676,mean
1336,B0,15,BNBUSDT,2026-07-02 00:44:00+00:00,2026-07-02 00:46:00+00:00,2026-07-02 01:46:00+00:00,10744.367385479314,10751.044687040414,10751.044687040414,10818.799658763355,67.7549717229416,4.313968869160753,0.0,63.44100285378085,63.44100285378085,60.0,-2.0650936119661485,mean
1335,B0,15,XLMUSDT,2026-07-02 00:29:00+00:00,2026-07-02 00:31:00+00:00,2026-07-02 02:01:00+00:00,10744.861111039732,10761.570759753184,10761.570759753184,10934.237129792182,172.66637003899942,4.339161577909073,0.0,168.32720846109035,168.32720846109035,90.0,-2.4674900936692525,mean
1338,B0,15,HBARUSDT,2026-07-02 01:59:00+00:00,2026-07-02 02:01:00+00:00,2026-07-02 04:31:00+00:00,10773.832989143442,10776.776257273246,10776.776257273246,10760.58828255933,16.18797471391569,4.307472907966515,0.0,11.880501805949175,11.880501805949175,150.0,2.1902100643600115,mean
1337,B0,15,NEARUSDT,2026-07-02 01:44:00+00:00,2026-07-02 01:46:00+00:00,2026-07-02 05:46:00+00:00,10764.08565956313,10764.08565956313,10764.08565956313,10826.568478695159,-62.48281913202815,4.3181308276516575,0.0,-66.8009499596798,-66.8009499596798,240.0,2.4942553754862717,mean
1339,B0,15,BTCUSDT,2026-07-02 03:59:00+00:00,2026-07-02 04:01:00+00:00,2026-07-02 05:46:00+00:00,10744.785717230603,10723.307729825416,10723.307729825416,10671.60211588358,51.70561394183588,4.278981969141799,0.0,47.426631972694075,47.426631972694075,105.0,2.192771398682737,mean
1341,B0,15,FILUSDT,2026-07-02 10:14:00+00:00,2026-07-02 10:16:00+00:00,2026-07-02 12:46:00+00:00,10769.46929830392,10741.925898564012,10741.925898564012,10714.382498824105,27.54339973990775,4.291261679477623,0.0,23.252138060430124,23.252138060430124,150.0,2.867861071797818,mean
1340,B0,15,XRPUSDT,2026-07-02 09:44:00+00:00,2026-07-02 09:46:00+00:00,2026-07-02 13:46:00+00:00,10767.288550553116,10743.332406563752,10743.332406563752,11070.733041085066,-327.40063452131415,4.362813089529764,0.0,-331.7634476108439,-331.7634476108439,240.0,2.4568142255410605,stop
1342,B0,15,LINKUSDT,2026-07-02 10:14:00+00:00,2026-07-02 10:16:00+00:00,2026-07-02 13:46:00+00:00,10769.46929830392,10765.231018375427,10765.231018375427,11135.374132130592,-370.14311375516496,4.380121030101204,0.0,-374.5232347852662,-374.5232347852662,210.0,2.4670287646374187,stop
1343,B0,15,UNIUSDT,2026-07-02 12:59:00+00:00,2026-07-02 13:01:00+00:00,2026-07-02 15:31:00+00:00,10736.683538709956,10770.714231384156,10770.714231384156,10801.341854790935,-30.62762340677924,4.314411217235017,0.0,-34.942034624014255,-34.942034624014255,150.0,7.042238725659348,mean
1345,B0,15,LINKUSDT,2026-07-02 13:59:00+00:00,2026-07-02 14:01:00+00:00,2026-07-02 15:31:00+00:00,10690.602315593113,10675.67320229217,10675.67320229217,10565.740640712502,109.932561579667,4.248282768600934,0.0,105.68427881106606,105.68427881106606,90.0,3.3244393570795028,mean
1344,B0,15,ETHUSDT,2026-07-02 13:59:00+00:00,2026-07-02 14:01:00+00:00,2026-07-02 16:01:00+00:00,10690.602315593113,10685.226258387114,10685.226258387114,10608.961260813649,76.26499757346474,4.258837503840153,0.7763296614809122,72.00616006962458,72.7824897311055,120.0,4.040215688256778,mean
1346,B0,15,UNIUSDT,2026-07-02 17:29:00+00:00,2026-07-02 17:31:00+00:00,2026-07-02 19:16:00+00:00,10713.337569511365,10687.26312455971,10687.26312455971,10501.482704279166,185.7804202805437,4.2377491657677755,0.0,181.54267111477594,181.54267111477594,105.0,2.395907654152505,mean
1347,B0,15,HBARUSDT,2026-07-02 19:29:00+00:00,2026-07-02 19:31:00+00:00,2026-07-02 23:46:00+00:00,10731.491836622843,10716.708131103318,10716.708131103318,10475.73373113507,-240.97439996824843,4.238488372447677,0.0,-245.2128883406961,-245.2128883406961,255.0,-2.405134553043762,timeout
1349,B0,15,HBARUSDT,2026-07-03 01:59:00+00:00,2026-07-03 02:01:00+00:00,2026-07-03 03:16:00+00:00,10700.894537385577,10706.823832045437,10706.823832045437,10524.498021254685,182.32581079075152,4.246264370660024,0.0,178.0795464200915,178.0795464200915,75.0,2.4305890935845396,mean
1348,B0,15,ADAUSDT,2026-07-03 01:29:00+00:00,2026-07-03 01:31:00+00:00,2026-07-03 04:16:00+00:00,10706.970547788773,10726.508815211746,10726.508815211746,10759.072594250034,-32.56377903828705,4.297116281892356,0.0,-36.86089532017941,-36.86089532017941,165.0,2.2800386797139027,mean
1350,B0,15,TRXUSDT,2026-07-03 06:29:00+00:00,2026-07-03 06:31:00+00:00,2026-07-03 10:46:00+00:00,10721.092412898763,10718.403147564577,10718.403147564577,10757.061336743498,-38.658189178921425,4.295092896861615,-5.526925843417238,-42.95328207578304,-48.480207919200275,255.0,2.8047258655331615,timeout
1351,B0,15,ETHUSDT,2026-07-03 10:44:00+00:00,2026-07-03 10:46:00+00:00,2026-07-03 12:31:00+00:00,10716.022527716774,10688.414981272206,10688.414981272206,10634.181490034432,54.233491237772846,4.264519294261328,0.0,49.96897194351152,49.96897194351152,105.0,2.1513192560206145,mean
1352,B0,15,NEARUSDT,2026-07-03 12:14:00+00:00,2026-07-03 12:16:00+00:00,2026-07-03 14:01:00+00:00,10717.527566325545,10712.232345195938,10712.232345195938,10982.288622805918,-270.0562776099801,4.338904193600371,0.0,-274.3951818035805,-274.3951818035805,105.0,2.1640692669087302,stop
1353,B0,15,NEARUSDT,2026-07-03 14:14:00+00:00,2026-07-03 14:16:00+00:00,2026-07-03 15:16:00+00:00,10693.801771120836,10760.928484314738,10760.928484314738,10621.511464604326,139.41701971041238,4.276487989783813,0.0,135.14053172062856,135.14053172062856,60.0,2.1609201836245635,mean
1354,B0,15,AAVEUSDT,2026-07-03 14:29:00+00:00,2026-07-03 14:31:00+00:00,2026-07-03 16:01:00+00:00,10683.775725238194,10640.173287356682,10640.173287356682,10450.443760358738,189.72952699794274,4.218123409543084,1.0216553359768554,185.51140358839965,186.5330589243765,90.0,2.8990045610100275,mean
1355,B0,15,FILUSDT,2026-07-03 14:59:00+00:00,2026-07-03 15:01:00+00:00,2026-07-03 16:16:00+00:00,10692.67300224851,10705.955825853787,10705.955825853787,10573.127589801012,132.82823605277665,4.25581668313096,1.0611547227281624,128.57241936964567,129.63357409237383,75.0,2.106346620621467,mean
1356,B0,15,ADAUSDT,2026-07-03 16:59:00+00:00,2026-07-03 17:01:00+00:00,2026-07-03 18:46:00+00:00,10738.932487594573,10751.2689982064,10751.2689982064,11078.18652941979,-326.9175312133902,4.365891105525238,0.0,-331.2834223189154,-331.2834223189154,105.0,2.1985901490604514,stop
1357,B0,15,ADAUSDT,2026-07-03 18:59:00+00:00,2026-07-03 19:01:00+00:00,2026-07-03 21:16:00+00:00,10705.804145362681,10681.840397975187,10681.840397975187,10831.61381914702,-149.77342117183395,4.3026908434244415,0.0,-154.0761120152584,-154.0761120152584,135.0,3.1204405402354314,mean
1358,B0,15,XRPUSDT,2026-07-03 19:14:00+00:00,2026-07-03 19:16:00+00:00,2026-07-03 21:31:00+00:00,10690.01407275285,10726.704255700783,10726.704255700783,10630.74531568311,95.95894001767253,4.271489914276779,0.0,91.68745010339575,91.68745010339575,135.0,2.5864557058851667,mean
1359,B0,15,SUIUSDT,2026-07-03 19:29:00+00:00,2026-07-03 19:31:00+00:00,2026-07-03 21:46:00+00:00,10677.921552968917,10688.973871823071,10688.973871823071,10662.724614544457,26.24925727861441,4.2703396972735055,0.0,21.978917581340905,21.978917581340905,135.0,3.009055799297199,mean
1360,B0,15,LTCUSDT,2026-07-03 21:29:00+00:00,2026-07-03 21:31:00+00:00,2026-07-03 22:46:00+00:00,10700.707498874122,10688.831019963052,10688.831019963052,10641.325104318772,47.50591564428091,4.2660312248563645,0.0,43.23988441942454,43.23988441942454,75.0,2.958922477586243,mean
1361,B0,15,TRXUSDT,2026-07-03 21:59:00+00:00,2026-07-03 22:01:00+00:00,2026-07-04 01:46:00+00:00,10695.373625275475,10697.694454048127,10697.694454048127,10726.870587190017,-29.176133141890116,4.284913008247629,1.0719908100872066,-33.46104615013775,-32.38905534005054,225.0,2.128915150029755,mean
1362,B0,15,DOTUSDT,2026-07-04 01:14:00+00:00,2026-07-04 01:16:00+00:00,2026-07-04 02:46:00+00:00,10702.333387920764,10702.333387920764,10702.333387920764,10763.770433775648,61.43704585488389,4.293220764339282,0.0,57.14382509054461,57.14382509054461,90.0,-2.0686150950733833,mean
1363,B0,15,LTCUSDT,2026-07-04 01:29:00+00:00,2026-07-04 01:31:00+00:00,2026-07-04 03:31:00+00:00,10702.285114736767,10699.862687141762,10699.862687141762,10711.974825116791,12.112137975029604,4.28236750245171,0.0,7.829770472577893,7.829770472577893,120.0,-2.1308033880144452,mean
1364,B0,15,XLMUSDT,2026-07-04 02:29:00+00:00,2026-07-04 02:31:00+00:00,2026-07-04 03:46:00+00:00,10708.044374743366,10697.843808537371,10697.843808537371,10569.826702652133,128.01710588523784,4.253534102237901,0.0,123.76357178299993,123.76357178299993,75.0,2.1653454491070723,mean
1365,B0,15,SOLUSDT,2026-07-04 04:44:00+00:00,2026-07-04 04:46:00+00:00,2026-07-04 06:31:00+00:00,10721.721970572182,10742.224845142417,10742.224845142417,10598.704723150771,143.52012199164446,4.2681859136586375,0.0,139.25193607798582,139.25193607798582,105.0,2.10441661034731,mean
1366,B0,15,HBARUSDT,2026-07-04 09:59:00+00:00,2026-07-04 10:01:00+00:00,2026-07-04 12:16:00+00:00,10735.64716417998,10719.558319656004,10719.558319656004,10760.51174208067,-40.953422424665135,4.296014012347335,0.0,-45.24943643701247,-45.24943643701247,135.0,2.0544928780030483,mean
1368,B0,15,ADAUSDT,2026-07-04 14:14:00+00:00,2026-07-04 14:16:00+00:00,2026-07-04 15:16:00+00:00,10731.12222053628,10737.051017343207,10737.051017343207,11074.992435337996,-337.9414179947879,4.36240869053624,0.0,-342.30382668532417,-342.30382668532417,60.0,2.364988998125332,stop
1370,B0,15,ADAUSDT,2026-07-04 15:29:00+00:00,2026-07-04 15:31:00+00:00,2026-07-04 16:31:00+00:00,10682.584820359547,10693.901117838743,10693.901117838743,11208.792653142089,-514.8915353033467,4.3805387541961665,1.080140594389109,-519.2720740575429,-518.1919334631538,60.0,5.962660683948535,stop
1367,B0,15,XRPUSDT,2026-07-04 14:14:00+00:00,2026-07-04 14:16:00+00:00,2026-07-04 16:46:00+00:00,10731.12222053628,10744.932003764492,10744.932003764492,10752.297221486204,-7.36521772171249,4.29944584505014,-0.22193226648864944,-11.664663566762629,-11.886595833251278,150.0,3.4516203569613957,mean
1369,B0,15,BCHUSDT,2026-07-04 14:59:00+00:00,2026-07-04 15:01:00+00:00,2026-07-04 18:01:00+00:00,10706.881462704623,10682.743864678929,10682.743864678929,10780.686810513955,-97.94294583502516,4.292686135038577,0.45958263294928087,-102.23563197006374,-101.77604933711446,180.0,2.2880911644613975,mean
1371,B0,15,ADAUSDT,2026-07-04 16:44:00+00:00,2026-07-04 16:46:00+00:00,2026-07-04 18:01:00+00:00,10631.261410386935,10592.821932146899,10592.821932146899,10905.829112101474,-313.0071799545746,4.299730208849675,0.0,-317.3069101634243,-317.3069101634243,75.0,5.592935208959196,stop
1372,B0,15,XLMUSDT,2026-07-04 16:59:00+00:00,2026-07-04 17:01:00+00:00,2026-07-04 18:31:00+00:00,10622.627604307514,10578.58768961897,10578.58768961897,10586.094493259061,-7.506803640092111,4.232936436575606,0.0,-11.739740076667717,-11.739740076667717,90.0,2.410579819494662,mean
1373,B0,15,ADAUSDT,2026-07-04 18:14:00+00:00,2026-07-04 18:16:00+00:00,2026-07-04 18:46:00+00:00,10590.954319992528,10574.915519911772,10574.915519911772,10409.181252410628,165.73426750114461,4.1968193544644805,0.0,161.53744814668013,161.53744814668013,30.0,2.408478623837143,mean
1374,B0,15,SUIUSDT,2026-07-04 18:14:00+00:00,2026-07-04 18:16:00+00:00,2026-07-04 19:16:00+00:00,10590.954319992528,10585.525845200118,10585.525845200118,10470.170755861398,115.35508933872009,4.211139320212304,0.0,111.14395001850778,111.14395001850778,60.0,2.0421292675621094,mean
1375,B0,15,HBARUSDT,2026-07-04 21:44:00+00:00,2026-07-04 21:46:00+00:00,2026-07-05 00:31:00+00:00,10628.069854796906,10609.94749014418,10609.94749014418,10609.94749014418,0.0,4.243978996057672,1.077026071591827,-4.243978996057672,-3.1669529244658454,165.0,2.172555078055422,mean
1376,B0,15,SUIUSDT,2026-07-05 00:29:00+00:00,2026-07-05 00:31:00+00:00,2026-07-05 04:01:00+00:00,10624.480288328738,10597.789143878355,10597.789143878355,10408.141538573003,-189.6476053053517,4.201186136490271,0.0,-193.84879144184197,-193.84879144184197,210.0,-2.256536532420603,mean
1377,B0,15,HBARUSDT,2026-07-05 02:14:00+00:00,2026-07-05 02:16:00+00:00,2026-07-05 04:16:00+00:00,10604.502531669672,10593.16990807184,10593.16990807184,10669.665117357195,76.49520928535414,4.252567005085807,0.0,72.24264228026833,72.24264228026833,120.0,-2.4115503193077137,mean
1378,B0,15,XRPUSDT,2026-07-05 02:14:00+00:00,2026-07-05 02:16:00+00:00,2026-07-05 04:31:00+00:00,10604.502531669672,10588.665182724897,10588.665182724897,10629.65596822902,40.99078550412556,4.2436642301907845,0.0,36.74712127393477,36.74712127393477,135.0,-2.355048819950874,mean
1379,B0,15,BNBUSDT,2026-07-05 08:29:00+00:00,2026-07-05 08:31:00+00:00,2026-07-05 09:46:00+00:00,10619.267256715693,10628.645148528693,10628.645148528693,10567.780791860014,60.864356668678234,4.239285188077741,0.0,56.625071480600496,56.625071480600496,75.0,2.0331086608824096,mean
1380,B0,15,ADAUSDT,2026-07-05 10:14:00+00:00,2026-07-05 10:16:00+00:00,2026-07-05 12:31:00+00:00,10624.929763863754,10624.929763863754,10624.929763863754,10659.185313881586,34.25555001783147,4.2568230155490685,0.0,29.998727002282397,29.998727002282397,135.0,-2.179874527768555,mean
1381,B0,15,TRXUSDT,2026-07-05 12:14:00+00:00,2026-07-05 12:16:00+00:00,2026-07-05 15:31:00+00:00,10620.720784433062,10620.070542856887,10620.070542856887,10695.498565693037,-75.42802283614836,4.263113821709984,0.0,-79.69113665785834,-79.69113665785834,195.0,2.2900551577919073,mean
1382,B0,15,BNBUSDT,2026-07-05 12:29:00+00:00,2026-07-05 12:31:00+00:00,2026-07-05 16:01:00+00:00,10626.062938782381,10634.972234905039,10634.972234905039,10693.882682736488,-58.9104478314483,4.265770983528306,0.7529400920458884,-63.17621881497661,-62.42327872293072,210.0,2.980019243902904,mean
1383,B0,15,LTCUSDT,2026-07-05 15:29:00+00:00,2026-07-05 15:31:00+00:00,2026-07-05 16:46:00+00:00,10616.249317863403,10595.227041986445,10595.227041986445,10518.145363770935,77.08167821550946,4.222674481151476,0.36156296369882246,72.85900373435798,73.2205666980568,75.0,2.066402760954495,mean
1384,B0,15,LTCUSDT,2026-07-05 18:44:00+00:00,2026-07-05 18:46:00+00:00,2026-07-05 20:01:00+00:00,10621.04025169571,10611.80657184203,10611.80657184203,10531.011873122327,80.79469871970254,4.228563688992871,0.0,76.56613503070967,76.56613503070967,75.0,2.29305948927897,mean
1385,B0,15,BCHUSDT,2026-07-05 19:14:00+00:00,2026-07-05 19:16:00+00:00,2026-07-05 21:46:00+00:00,10625.906539483796,10654.220220104706,10654.220220104706,10676.871164601433,-22.650944496727405,4.266218276941228,0.0,-26.917162773668633,-26.917162773668633,150.0,2.270515341670008,mean
1388,B0,15,FILUSDT,2026-07-05 22:29:00+00:00,2026-07-05 22:31:00+00:00,2026-07-05 23:46:00+00:00,10626.005148921415,10626.005148921415,10626.005148921415,10559.923027348521,66.08212157289442,4.2371856352539865,0.0,61.84493593764043,61.84493593764043,75.0,2.0401595043674288,mean
1386,B0,15,BTCUSDT,2026-07-05 22:29:00+00:00,2026-07-05 22:31:00+00:00,2026-07-06 00:31:00+00:00,10626.005148921415,10644.571931965807,10644.571931965807,10579.813394878356,64.75853708745058,4.244877065368833,0.8172661511923666,60.513660022081744,61.33092617327411,120.0,2.9880006696779766,mean
1387,B0,15,XRPUSDT,2026-07-05 22:29:00+00:00,2026-07-05 22:31:00+00:00,2026-07-06 00:31:00+00:00,10626.005148921415,10656.312683054035,10656.312683054035,10539.674597149711,116.63808590432465,4.239197456040749,-0.09678605717683662,112.39888844828391,112.30210239110707,120.0,2.8338898165852267,mean
1389,B0,15,LTCUSDT,2026-07-06 03:29:00+00:00,2026-07-06 03:31:00+00:00,2026-07-06 05:01:00+00:00,10649.552945371615,10649.552945371615,10649.552945371615,10677.926532259817,28.373586888200858,4.265495895526286,0.0,24.10809099267457,24.10809099267457,90.0,-2.197033348990534,mean
1390,B0,15,BNBUSDT,2026-07-06 03:29:00+00:00,2026-07-06 03:31:00+00:00,2026-07-06 05:16:00+00:00,10649.552945371615,10638.615369597526,10638.615369597526,10652.10504638557,13.489676788043635,4.258144083196619,0.0,9.231532704847016,9.231532704847016,105.0,-2.0289244914679103,mean
1392,B0,15,DOTUSDT,2026-07-06 05:29:00+00:00,2026-07-06 05:31:00+00:00,2026-07-06 07:16:00+00:00,10652.88690774137,10652.88690774137,10652.88690774137,10714.822296739867,61.93538899849639,4.273541840896248,0.0,57.66184715760015,57.66184715760015,105.0,-2.489320859798534,mean
1391,B0,15,SUIUSDT,2026-07-06 05:29:00+00:00,2026-07-06 05:31:00+00:00,2026-07-06 07:31:00+00:00,10652.88690774137,10649.990133599222,10649.990133599222,10696.338519873558,46.34838627433495,4.269265730694556,0.0,42.07912054364039,42.07912054364039,120.0,-2.684350564102297,mean
1393,B0,15,FILUSDT,2026-07-06 05:29:00+00:00,2026-07-06 05:31:00+00:00,2026-07-06 07:31:00+00:00,10652.88690774137,10652.88690774137,10652.88690774137,10680.23706668294,27.35015894156965,4.266624794884862,0.0,23.083534146684787,23.083534146684787,120.0,-2.3081329840253173,mean
1394,B0,15,TRXUSDT,2026-07-06 08:44:00+00:00,2026-07-06 08:46:00+00:00,2026-07-06 10:31:00+00:00,10665.169357926161,10665.495509894294,10665.495509894294,10662.886294149235,-2.609215745059187,4.265676360808706,0.0,-6.874892105867892,-6.874892105867892,105.0,-2.3225913708602386,mean
1395,B0,15,AAVEUSDT,2026-07-06 10:59:00+00:00,2026-07-06 11:01:00+00:00,2026-07-06 12:46:00+00:00,10664.481868715573,10681.790592804593,10681.790592804593,10489.086797946826,192.70379485776752,4.234175478150283,0.0,188.46961937961726,188.46961937961726,105.0,2.051916344524228,mean
1397,B0,15,FILUSDT,2026-07-06 12:14:00+00:00,2026-07-06 12:16:00+00:00,2026-07-06 14:16:00+00:00,10673.96111839357,10673.96111839357,10673.96111839357,10757.460162344498,83.49904395092761,4.2862842561476135,0.0,79.21275969478,79.21275969478,120.0,-2.3152759609604234,mean
1396,B0,15,BTCUSDT,2026-07-06 12:14:00+00:00,2026-07-06 12:16:00+00:00,2026-07-06 14:31:00+00:00,10673.96111839357,10681.505807669999,10681.505807669999,10694.304218931155,12.798411261155966,4.275162005320231,0.0,8.523249255835735,8.523249255835735,135.0,-2.7799013417924168,mean
1398,B0,15,XRPUSDT,2026-07-06 12:59:00+00:00,2026-07-06 13:01:00+00:00,2026-07-06 14:46:00+00:00,10676.740380033087,10682.486741916851,10682.486741916851,10740.908087735115,58.42134581826495,4.284678965930393,0.0,54.13666685233456,54.13666685233456,105.0,-3.3887194765530007,mean
1399,B0,15,AAVEUSDT,2026-07-06 14:29:00+00:00,2026-07-06 14:31:00+00:00,2026-07-06 17:46:00+00:00,10696.83962649772,10711.636276332201,10711.636276332201,10864.155590010718,-152.51931367851648,4.315158373268584,0.1171840033107042,-156.83447205178507,-156.71728804847436,195.0,2.3264483511393754,mean
1400,B0,15,NEARUSDT,2026-07-06 15:29:00+00:00,2026-07-06 15:31:00+00:00,2026-07-06 18:01:00+00:00,10694.342535541407,10673.657153461056,10673.657153461056,10699.513881061494,-25.856727600438052,4.27463420690451,1.073571329970211,-30.13136180734256,-29.05779047737235,150.0,3.0208423657951933,mean
1401,B0,15,FILUSDT,2026-07-06 15:44:00+00:00,2026-07-06 15:46:00+00:00,2026-07-06 18:01:00+00:00,10679.344837312805,10665.860816053571,10665.860816053571,10665.860816053571,0.0,4.266344326421429,1.0738384624396358,-4.266344326421429,-3.192505863981793,135.0,3.1629236807082513,mean
1402,B0,15,TRXUSDT,2026-07-06 17:59:00+00:00,2026-07-06 18:01:00+00:00,2026-07-06 19:46:00+00:00,10677.181110610858,10675.557945346245,10675.557945346245,10661.59872407059,13.95922127565375,4.267431333883367,0.0,9.691789941770383,9.691789941770383,105.0,2.1011021113060044,mean
1403,B0,15,BCHUSDT,2026-07-06 19:14:00+00:00,2026-07-06 19:16:00+00:00,2026-07-06 20:46:00+00:00,10680.353626953472,10677.761308111978,10677.761308111978,10613.817443355138,63.94386475684073,4.2583157502934235,0.0,59.68554900654731,59.68554900654731,90.0,2.434950436055617,mean
1405,B0,15,SUIUSDT,2026-07-06 21:14:00+00:00,2026-07-06 21:16:00+00:00,2026-07-06 23:16:00+00:00,10685.557073689679,10686.963808428183,10686.963808428183,10606.779928333355,80.1838800948283,4.258748747352307,0.0,75.925131347476,75.925131347476,120.0,2.0867405466590827,mean
1404,B0,15,ETHUSDT,2026-07-06 21:14:00+00:00,2026-07-06 21:16:00+00:00,2026-07-06 23:31:00+00:00,10685.557073689679,10691.784327948106,10691.784327948106,10595.320634624164,96.46369332394224,4.257420992514454,0.0,92.20627233142778,92.20627233142778,135.0,2.1059612068051443,mean
1407,B0,15,BCHUSDT,2026-07-07 00:14:00+00:00,2026-07-07 00:16:00+00:00,2026-07-07 01:46:00+00:00,10707.533463458174,10689.757935815995,10689.757935815995,10730.641649393008,40.88371357701343,4.284079917041801,0.0,36.59963365997163,36.59963365997163,90.0,-2.061059698450354,mean
1406,B0,15,AAVEUSDT,2026-07-06 23:44:00+00:00,2026-07-06 23:46:00+00:00,2026-07-07 04:01:00+00:00,10702.37021405757,10698.942164661652,10698.942164661652,10494.401884038514,-204.5402806231365,4.238668809740033,-1.076507895717164,-208.77894943287654,-209.8554573285937,255.0,-2.1036878902882403,timeout
1409,B0,15,SUIUSDT,2026-07-07 02:29:00+00:00,2026-07-07 02:31:00+00:00,2026-07-07 05:01:00+00:00,10675.758330434372,10658.361657435293,10658.361657435293,10643.86442993606,-14.497227499231913,4.26044521747427,0.0,-18.757672716706182,-18.757672716706182,150.0,-2.319756432666677,mean
1408,B0,15,AVAXUSDT,2026-07-07 01:14:00+00:00,2026-07-07 01:16:00+00:00,2026-07-07 05:31:00+00:00,10703.739377611206,10688.16577164931,10688.16577164931,10481.036812356091,-207.12895929321846,4.23384051680108,0.0,-211.3627998100195,-211.3627998100195,255.0,-2.3882892817741146,timeout
1410,B0,15,DOTUSDT,2026-07-07 04:14:00+00:00,2026-07-07 04:16:00+00:00,2026-07-07 05:46:00+00:00,10672.513343630351,10684.923242867131,10684.923242867131,10709.74304134069,24.81979847355898,4.2789332568415634,0.0,20.540865216717414,20.540865216717414,90.0,-2.857938565061192,mean
1411,B0,15,AAVEUSDT,2026-07-07 07:29:00+00:00,2026-07-07 07:31:00+00:00,2026-07-07 10:31:00+00:00,10664.086670959703,10683.378942259726,10683.378942259726,10597.13114115374,86.24780110598519,4.256102016682693,0.5922519273028828,81.9916990893025,82.58395101660538,180.0,2.432176821518398,mean
1412,B0,15,AAVEUSDT,2026-07-07 14:44:00+00:00,2026-07-07 14:46:00+00:00,2026-07-07 16:01:00+00:00,10672.345066061363,10704.153578787234,10704.153578787234,10866.730421608347,162.57684282111308,4.314176800079116,-0.5807408227078144,158.26266602103394,157.68192519832613,75.0,-2.226445740359591,mean
1415,B0,15,LTCUSDT,2026-07-07 16:44:00+00:00,2026-07-07 16:46:00+00:00,2026-07-07 18:01:00+00:00,10688.113258581196,10690.501663778645,10690.501663778645,10630.791533842435,59.7101299362078,4.264258639524217,0.0,55.445871296683585,55.445871296683585,75.0,2.1661758964779083,mean
1414,B0,15,FILUSDT,2026-07-07 16:44:00+00:00,2026-07-07 16:46:00+00:00,2026-07-07 18:16:00+00:00,10688.113258581196,10701.490121232737,10701.490121232737,10634.605807975031,66.88431325770466,4.267219185841554,0.0,62.61709407186311,62.61709407186311,90.0,2.2919630782681426,mean
1413,B0,15,UNIUSDT,2026-07-07 16:44:00+00:00,2026-07-07 16:46:00+00:00,2026-07-07 19:01:00+00:00,10688.113258581196,10648.998479958758,10648.998479958758,10564.249792943476,84.74868701528179,4.242649654580447,0.0,80.50603736070134,80.50603736070134,135.0,2.5248183605836174,mean
1416,B0,15,NEARUSDT,2026-07-07 19:14:00+00:00,2026-07-07 19:16:00+00:00,2026-07-07 21:16:00+00:00,10707.970158854121,10707.970158854121,10707.970158854121,10707.970158854121,0.0,4.283188063541649,0.0,-4.283188063541649,-4.283188063541649,120.0,-2.4309758316828827,mean
1417,B0,15,FILUSDT,2026-07-07 19:14:00+00:00,2026-07-07 19:16:00+00:00,2026-07-07 21:16:00+00:00,10707.970158854121,10694.241991983796,10694.241991983796,10735.426492594774,41.18450061097742,4.2859336969157145,0.0,36.89856691406171,36.89856691406171,120.0,-2.3570056859486144,mean
1419,B0,15,SUIUSDT,2026-07-07 21:44:00+00:00,2026-07-07 21:46:00+00:00,2026-07-07 23:16:00+00:00,10704.770180183805,10703.291824959362,10703.291824959362,10796.428204099202,93.13637913983935,4.299944005811713,0.0,88.83643513402762,88.83643513402762,90.0,-2.0694419409321556,mean
1418,B0,15,DOTUSDT,2026-07-07 19:14:00+00:00,2026-07-07 19:16:00+00:00,2026-07-07 23:31:00+00:00,10707.970158854121,10707.970158854121,10707.970158854121,10670.48601594098,-37.48414291314165,4.27569123495902,0.0,-41.75983414810067,-41.75983414810067,255.0,-2.34168668780609,timeout
1422,B0,15,NEARUSDT,2026-07-08 01:44:00+00:00,2026-07-08 01:46:00+00:00,2026-07-08 04:01:00+00:00,10715.939356837764,10743.57200087293,10743.57200087293,10633.04142473226,-110.5305761406681,4.275322685121038,0.0,-114.80589882578914,-114.80589882578914,135.0,-2.0585706405013773,mean
1420,B0,15,AVAXUSDT,2026-07-08 01:44:00+00:00,2026-07-08 01:46:00+00:00,2026-07-08 04:31:00+00:00,10715.939356837764,10725.730073472609,10725.730073472609,10446.694649379528,-279.0354240930806,4.234484944570427,0.0,-283.2699090376511,-283.2699090376511,165.0,-2.725231187733726,mean
1421,B0,15,SOLUSDT,2026-07-08 01:44:00+00:00,2026-07-08 01:46:00+00:00,2026-07-08 04:31:00+00:00,10715.939356837764,10717.291184686488,10717.291184686488,10657.810759342618,-59.48042534387021,4.275020388805821,0.0,-63.75544573267603,-63.75544573267603,165.0,-2.115559104809784,mean
1423,B0,15,UNIUSDT,2026-07-08 05:14:00+00:00,2026-07-08 05:16:00+00:00,2026-07-08 07:31:00+00:00,10669.756231478153,10640.884371561346,10640.884371561346,10676.172200348556,-35.28782878720873,4.26341131438198,0.0,-39.55124010159071,-39.55124010159071,135.0,2.862319886695412,mean
1424,B0,15,UNIUSDT,2026-07-08 08:29:00+00:00,2026-07-08 08:31:00+00:00,2026-07-08 10:31:00+00:00,10665.801107467994,10618.962583156654,10618.962583156654,10910.030555662837,291.0679725061849,4.305798627763898,0.0,286.762173878421,286.762173878421,120.0,-3.1844253800356648,mean
1425,B0,15,FILUSDT,2026-07-08 08:29:00+00:00,2026-07-08 08:31:00+00:00,2026-07-08 10:46:00+00:00,10665.801107467994,10625.891655241736,10625.891655241736,10721.389273068857,95.4976178271212,4.2694561856621185,0.0,91.22816164145908,91.22816164145908,135.0,-2.4537596507075916,mean
1426,B0,15,BNBUSDT,2026-07-08 08:59:00+00:00,2026-07-08 09:01:00+00:00,2026-07-08 10:46:00+00:00,10675.785198565029,10680.345713405466,10680.345713405466,10706.948716641364,26.603003235897635,4.2774588860093665,0.0,22.32554434988827,22.32554434988827,105.0,-2.0876178705408126,mean
1427,B0,15,UNIUSDT,2026-07-08 21:14:00+00:00,2026-07-08 21:16:00+00:00,2026-07-08 22:46:00+00:00,10705.83269545497,10705.83269545497,10705.83269545497,10818.4210999231,112.5884044681308,4.304850759075614,0.0,108.2835537090552,108.2835537090552,90.0,-2.053710318715184,mean
1428,B0,15,UNIUSDT,2026-07-09 01:29:00+00:00,2026-07-09 01:31:00+00:00,2026-07-09 03:16:00+00:00,10716.661050825875,10672.154004041075,10672.154004041075,10484.588592590844,187.5654114502309,4.231348519326383,0.0,183.3340629309045,183.3340629309045,105.0,2.378445870410161,mean
1430,B0,15,HBARUSDT,2026-07-09 05:29:00+00:00,2026-07-09 05:31:00+00:00,2026-07-09 07:46:00+00:00,10733.219210240317,10712.04915262643,10712.04915262643,10639.46609795025,72.58305467618048,4.270303050115336,0.0,68.31275162606515,68.31275162606515,135.0,2.0738466413466314,mean
1429,B0,15,TRXUSDT,2026-07-09 04:29:00+00:00,2026-07-09 04:31:00+00:00,2026-07-09 08:16:00+00:00,10734.994457118964,10736.945092089973,10736.945092089973,10772.056521568134,-35.11142947816097,4.301800322731621,1.0785170315372399,-39.413229800892594,-38.334712769355356,225.0,2.6351439315800094,mean
1431,B0,15,AVAXUSDT,2026-07-09 05:59:00+00:00,2026-07-09 06:01:00+00:00,2026-07-09 09:01:00+00:00,10728.021710260757,10737.777413543807,10737.777413543807,10937.769330846335,-199.99191730252736,4.335109348878028,1.09622962908058,-204.32702665140536,-203.2307970223248,180.0,2.117202189754954,mean
1432,B0,15,AAVEUSDT,2026-07-09 13:14:00+00:00,2026-07-09 13:16:00+00:00,2026-07-09 16:31:00+00:00,10717.669181302404,10707.033055750335,10707.033055750335,10814.576102999043,-107.54304724870774,4.304321831749876,1.0907937649511654,-111.84736908045761,-110.75657531550644,195.0,2.249060646958241,mean
1433,B0,15,UNIUSDT,2026-07-09 18:14:00+00:00,2026-07-09 18:16:00+00:00,2026-07-09 19:16:00+00:00,10706.593523770855,10697.223692799058,10697.223692799058,10491.087411419574,206.136281379485,4.237662220843726,0.0,201.89861915864128,201.89861915864128,60.0,2.596635149431361,mean
1434,B0,15,XLMUSDT,2026-07-09 18:29:00+00:00,2026-07-09 18:31:00+00:00,2026-07-09 21:01:00+00:00,10709.502856287596,10705.456080579419,10705.456080579419,10769.04827027937,-63.592189699952755,4.294900870171758,0.0,-67.88709057012451,-67.88709057012451,150.0,2.24755326641558,mean
1435,B0,15,UNIUSDT,2026-07-10 01:59:00+00:00,2026-07-10 02:01:00+00:00,2026-07-10 03:31:00+00:00,10719.994676629705,10732.20771528152,10732.20771528152,10558.17191449317,174.03580078834878,4.258075925954938,0.0,169.77772486239382,169.77772486239382,90.0,2.9261160646016307,mean
1437,B0,15,BCHUSDT,2026-07-10 01:59:00+00:00,2026-07-10 02:01:00+00:00,2026-07-10 04:16:00+00:00,10719.994676629705,10720.880846314474,10720.880846314474,10719.551591787322,1.3292545271509604,4.28808648762036,0.0,-2.958831960469399,-2.958831960469399,135.0,2.203658756514351,mean
1436,B0,15,LINKUSDT,2026-07-10 01:59:00+00:00,2026-07-10 02:01:00+00:00,2026-07-10 04:31:00+00:00,10719.994676629705,10719.994676629705,10719.994676629705,10732.249211380074,-12.254534750369805,4.290448777601956,0.0,-16.54498352797176,-16.54498352797176,150.0,2.4931172678642386,mean
1438,B0,15,DOTUSDT,2026-07-10 03:44:00+00:00,2026-07-10 03:46:00+00:00,2026-07-10 05:01:00+00:00,10729.88889460287,10755.285081335658,10755.285081335658,10704.492707870082,50.79237346557576,4.291955557841147,0.0,46.50041790773461,46.50041790773461,75.0,2.6462723129333816,mean
1439,B0,15,TRXUSDT,2026-07-10 05:59:00+00:00,2026-07-10 06:01:00+00:00,2026-07-10 07:31:00+00:00,10739.672109357874,10739.672109357874,10739.672109357874,10695.499811210766,44.17229814710768,4.287034384113728,0.0,39.88526376299395,39.88526376299395,90.0,2.111604895999754,mean
1440,B0,15,DOTUSDT,2026-07-10 08:29:00+00:00,2026-07-10 08:31:00+00:00,2026-07-10 10:16:00+00:00,10743.660635734173,10718.675378441769,10718.675378441769,11080.961609181642,-362.2862307398736,4.359927397524682,0.0,-366.6461581373983,-366.6461581373983,105.0,2.4903066453554263,stop
1442,B0,15,TRXUSDT,2026-07-10 09:14:00+00:00,2026-07-10 09:16:00+00:00,2026-07-10 10:31:00+00:00,10750.719584343591,10750.719584343591,10750.719584343591,10757.88716513199,7.167580788397989,4.301721349895116,0.0,2.8658594385028717,2.8658594385028717,75.0,-2.1082296929864603,mean
1441,B0,15,XLMUSDT,2026-07-10 08:44:00+00:00,2026-07-10 08:46:00+00:00,2026-07-10 11:01:00+00:00,10740.947736497365,10714.381781359947,10714.381781359947,10661.24987108511,53.13191027483715,4.2751263304890115,0.0,48.85678394434814,48.85678394434814,135.0,2.310689090608579,mean
1443,B0,15,DOTUSDT,2026-07-10 10:29:00+00:00,2026-07-10 10:31:00+00:00,2026-07-10 12:46:00+00:00,10706.70725274607,10718.777948634171,10718.777948634171,10622.212381529358,96.56556710481243,4.268198066032706,0.0,92.29736903877972,92.29736903877972,135.0,4.715993523158593,mean
1444,B0,15,SUIUSDT,2026-07-10 10:44:00+00:00,2026-07-10 10:46:00+00:00,2026-07-10 12:46:00+00:00,10717.873069500265,10709.279291815246,10709.279291815246,10574.643441416605,134.63585039864134,4.2567845466463705,0.0,130.37906585199497,130.37906585199497,120.0,3.58068164141105,mean
1445,B0,15,FILUSDT,2026-07-10 11:59:00+00:00,2026-07-10 12:01:00+00:00,2026-07-10 12:46:00+00:00,10729.540665060624,10683.355211453794,10683.355211453794,10540.84009746701,142.51511398678522,4.244839061784161,0.0,138.27027492500105,138.27027492500105,45.0,2.5417764054440886,mean
1446,B0,15,UNIUSDT,2026-07-10 12:59:00+00:00,2026-07-10 13:01:00+00:00,2026-07-10 14:01:00+00:00,10748.262955240298,10736.548227223688,10736.548227223688,10636.973039082497,99.57518814119021,4.274704253261238,0.0,95.30048388792898,95.30048388792898,60.0,2.121700824295358,mean
1447,B0,15,BCHUSDT,2026-07-10 13:44:00+00:00,2026-07-10 13:46:00+00:00,2026-07-10 14:46:00+00:00,10752.734115482397,10760.806738692218,10760.806738692218,10592.556276003304,168.25046268891407,4.270672602939104,0.0,163.97979008597494,163.97979008597494,60.0,2.402302289355227,mean
1449,B0,15,XLMUSDT,2026-07-10 14:29:00+00:00,2026-07-10 14:31:00+00:00,2026-07-10 16:16:00+00:00,10764.373574630474,10752.970032520583,10752.970032520583,10776.347293845858,23.37726132527372,4.305863465273289,-1.0755250740942561,19.07139786000043,17.995872785906176,105.0,-2.151187057833426,mean
1450,B0,15,UNIUSDT,2026-07-10 14:59:00+00:00,2026-07-10 15:01:00+00:00,2026-07-10 16:46:00+00:00,10766.88055315571,10757.756078110662,10757.756078110662,10824.668895107676,66.91281699701362,4.316484994643668,-1.0812502928380945,62.59633200236995,61.515081709531856,105.0,-2.2562657079408357,mean
1448,B0,15,SOLUSDT,2026-07-10 14:14:00+00:00,2026-07-10 14:16:00+00:00,2026-07-10 17:01:00+00:00,10768.029710176506,10766.653252332946,10766.653252332946,10752.888673897338,-13.764578435607689,4.303908385246057,-1.0752888673897338,-18.068486820853746,-19.14377568824348,165.0,-2.2142446559638334,mean
1451,B0,15,AAVEUSDT,2026-07-11 00:14:00+00:00,2026-07-11 00:16:00+00:00,2026-07-11 02:31:00+00:00,10780.227700518408,10767.738758474627,10767.738758474627,10791.581284194572,23.842525719945215,4.31186400853384,0.0,19.530661711411373,19.530661711411373,135.0,-2.0376154470023655,mean
1452,B0,15,HBARUSDT,2026-07-11 09:14:00+00:00,2026-07-11 09:16:00+00:00,2026-07-11 11:01:00+00:00,10782.180766689547,10791.545718137164,10791.545718137164,10443.48168933407,-348.06402880309275,4.247005481494247,0.0,-352.311034284587,-352.311034284587,105.0,-2.287596040166235,stop
1453,B0,15,HBARUSDT,2026-07-11 11:14:00+00:00,2026-07-11 11:16:00+00:00,2026-07-11 13:16:00+00:00,10746.949663261088,10721.388314277563,10721.388314277563,10954.635623752236,233.2473094746725,4.33520478760596,0.0,228.91210468706655,228.91210468706655,120.0,-4.446026458534839,mean
1454,B0,15,UNIUSDT,2026-07-11 11:59:00+00:00,2026-07-11 12:01:00+00:00,2026-07-11 14:16:00+00:00,10770.858758598006,10776.789848222785,10776.789848222785,11111.896412022777,-335.106563799993,4.377737252049112,0.0,-339.48430105204216,-339.48430105204216,135.0,2.403431357909215,stop
1455,B0,15,TRXUSDT,2026-07-11 12:14:00+00:00,2026-07-11 12:16:00+00:00,2026-07-11 15:16:00+00:00,10764.074077687912,10764.074077687912,10764.074077687912,10781.960541758514,-17.886464070601217,4.309206923889285,0.0,-22.195670994490502,-22.195670994490502,180.0,2.1560717088044594,mean
1456,B0,15,UNIUSDT,2026-07-11 14:29:00+00:00,2026-07-11 14:31:00+00:00,2026-07-11 16:31:00+00:00,10733.953557423505,10768.588524535386,10768.588524535386,10745.498546460798,23.08997807458675,4.302817414199237,1.0806109738906589,18.787160660387514,19.86777163427817,120.0,2.170148570817696,mean
1457,B0,15,HBARUSDT,2026-07-11 15:14:00+00:00,2026-07-11 15:16:00+00:00,2026-07-11 16:46:00+00:00,10733.961768691415,10746.281954365666,10746.281954365666,10669.280793901597,77.00116046407048,4.283112549653453,-1.2484627504510484,72.71804791441703,71.46958516396597,90.0,2.222966426597273,mean
1458,B0,15,ETHUSDT,2026-07-11 15:29:00+00:00,2026-07-11 15:31:00+00:00,2026-07-11 19:01:00+00:00,10732.300222280532,10727.180018509169,10727.180018509169,10739.539131060737,-12.359112551567874,4.293343829913981,0.6721966274673743,-16.652456381481855,-15.980259754014481,210.0,2.2577683483945217,mean
1459,B0,15,UNIUSDT,2026-07-11 20:44:00+00:00,2026-07-11 20:46:00+00:00,2026-07-11 22:01:00+00:00,10741.208586229564,10755.289876982355,10755.289876982355,10648.272067261138,107.01780972121693,4.280712388848698,0.0,102.73709733236824,102.73709733236824,75.0,2.0296184364215115,mean
1460,B0,15,DOTUSDT,2026-07-11 22:59:00+00:00,2026-07-11 23:01:00+00:00,2026-07-12 01:31:00+00:00,10751.4822959628,10751.4822959628,10751.4822959628,10651.931533963145,-99.55076199965565,4.280682765985189,-0.3416336990842029,-103.83144476564084,-104.17307846472504,150.0,-2.21670661711318,mean
1461,B0,15,ADAUSDT,2026-07-11 23:14:00+00:00,2026-07-11 23:16:00+00:00,2026-07-12 02:01:00+00:00,10748.778497266889,10748.778497266889,10748.778497266889,10569.632188979107,-179.14630828778127,4.263682137249199,1.3826636196450286,-183.40999042503046,-182.02732680538543,165.0,-2.032929516782326,mean
1462,B0,15,DOGEUSDT,2026-07-11 23:14:00+00:00,2026-07-11 23:16:00+00:00,2026-07-12 02:01:00+00:00,10748.778497266889,10754.569085009523,10754.569085009523,10611.2520383793,-143.31704663022387,4.273164224677764,-0.5512414033197166,-147.59021085490164,-148.14145225822136,165.0,-2.0120732750019847,mean
1464,B0,15,ADAUSDT,2026-07-12 06:29:00+00:00,2026-07-12 06:31:00+00:00,2026-07-12 07:46:00+00:00,10708.04811020997,10721.251622059794,10721.251622059794,10787.269181308931,66.01755924913672,4.301704160673745,0.0,61.71585508846298,61.71585508846298,75.0,-2.07687654037759,mean
1463,B0,15,AVAXUSDT,2026-07-12 06:29:00+00:00,2026-07-12 06:31:00+00:00,2026-07-12 08:16:00+00:00,10708.04811020997,10699.619231030018,10699.619231030018,10778.850695321558,79.23146429154052,4.295693985270315,2.4501558611419028,74.9357703062702,77.38592616741211,105.0,-2.641700685113274,mean
1466,B0,15,TRXUSDT,2026-07-12 12:59:00+00:00,2026-07-12 13:01:00+00:00,2026-07-12 13:46:00+00:00,10716.851146522466,10717.496953937363,10717.496953937363,10693.279175878693,24.21777805866871,4.282155225963212,0.0,19.935622832705498,19.935622832705498,45.0,2.0517651682579396,mean
1465,B0,15,BNBUSDT,2026-07-12 11:44:00+00:00,2026-07-12 11:46:00+00:00,2026-07-12 14:01:00+00:00,10721.958288335556,10711.064616232718,10711.064616232718,10732.851960438393,-21.78734420567491,4.288783315334221,0.0,-26.07612752100913,-26.07612752100913,135.0,2.3247413407294006,mean
1467,B0,15,AAVEUSDT,2026-07-12 13:14:00+00:00,2026-07-12 13:16:00+00:00,2026-07-12 15:31:00+00:00,10719.378379300513,10725.788212893876,10725.788212893876,10550.586094675291,175.2021182185853,4.255274861513834,0.0,170.9468433570715,170.9468433570715,135.0,2.4829751418479478,mean
1468,B0,15,BCHUSDT,2026-07-12 22:14:00+00:00,2026-07-12 22:16:00+00:00,2026-07-13 00:31:00+00:00,10738.438922202433,10748.222566393779,10748.222566393779,10807.813853741074,59.59128734729489,4.31120728402697,0.9346137101844143,55.28008006326792,56.21469377345233,135.0,-2.612980843922663,mean
1470,B0,15,LTCUSDT,2026-07-12 22:44:00+00:00,2026-07-12 22:46:00+00:00,2026-07-13 00:31:00+00:00,10733.924763727733,10721.749259231672,10721.749259231672,10785.061882611191,63.31262337951882,4.301362228368573,0.29365651235485046,59.011261151150244,59.304917663505094,105.0,-2.080559851452452,mean
1469,B0,15,XRPUSDT,2026-07-12 22:29:00+00:00,2026-07-12 22:31:00+00:00,2026-07-13 01:16:00+00:00,10737.33453555189,10739.314497664293,10739.314497664293,10817.52300110414,78.20850343984891,4.311367499753686,0.0048354471114693395,73.89713594009523,73.9019713872067,165.0,-2.2567488487355134,mean
1471,B0,15,ADAUSDT,2026-07-13 03:14:00+00:00,2026-07-13 03:16:00+00:00,2026-07-13 05:16:00+00:00,10757.381080484847,10770.98080372187,10770.98080372187,10852.579143144005,81.59833942213393,4.324711989373174,0.0,77.27362743276076,77.27362743276076,120.0,-2.8421025730049614,mean
1472,B0,15,XLMUSDT,2026-07-13 03:14:00+00:00,2026-07-13 03:16:00+00:00,2026-07-13 05:16:00+00:00,10757.381080484847,10779.789833969027,10779.789833969027,10820.479412663986,40.68957869495945,4.3200538493266025,0.0,36.369524845632846,36.369524845632846,120.0,-2.4176385113412913,mean
1473,B0,15,BTCUSDT,2026-07-13 03:14:00+00:00,2026-07-13 03:16:00+00:00,2026-07-13 05:46:00+00:00,10757.381080484847,10769.471843937697,10769.471843937697,10716.549137807211,-52.92270613048731,4.297204196348982,0.0,-57.2199103268363,-57.2199103268363,150.0,-2.3692854162976253,mean
1474,B0,15,NEARUSDT,2026-07-13 07:29:00+00:00,2026-07-13 07:31:00+00:00,2026-07-13 09:46:00+00:00,10763.023404680003,10774.246578198961,10774.246578198961,10746.188644401569,28.057933797392533,4.304087044520106,1.0714014050557423,23.753846752872427,24.82524815792817,135.0,2.1499993012532017,mean
1475,B0,15,AVAXUSDT,2026-07-13 09:44:00+00:00,2026-07-13 09:46:00+00:00,2026-07-13 11:46:00+00:00,10764.037377240842,10772.144047957245,10772.144047957245,10775.386716243805,-3.2426682865611256,4.3095061528402105,0.0,-7.552174439401336,-7.552174439401336,120.0,2.315996923631417,mean
1477,B0,15,LTCUSDT,2026-07-13 11:59:00+00:00,2026-07-13 12:01:00+00:00,2026-07-13 14:16:00+00:00,10766.609685550422,10764.12718389362,10764.12718389362,10756.679678923214,-7.447504970406385,4.304161372563367,0.0,-11.75166634296975,-11.75166634296975,135.0,-2.0144157549072204,mean
1478,B0,15,UNIUSDT,2026-07-13 13:14:00+00:00,2026-07-13 13:16:00+00:00,2026-07-13 14:16:00+00:00,10761.35916851108,10767.595829866345,10767.595829866345,10904.802379682193,137.20654981584698,4.334479641909708,0.0,132.87207017393726,132.87207017393726,60.0,-2.0474276913529432,mean
1476,B0,15,TRXUSDT,2026-07-13 10:44:00+00:00,2026-07-13 10:46:00+00:00,2026-07-13 15:01:00+00:00,10769.505955387367,10753.045364864658,10753.045364864658,10744.48585779285,-8.559507071807925,4.299506244531502,0.0,-12.859013316339427,-12.859013316339427,255.0,-4.1735353779238435,timeout
1479,B0,15,NEARUSDT,2026-07-13 14:44:00+00:00,2026-07-13 14:46:00+00:00,2026-07-13 16:31:00+00:00,10774.409051216568,10785.454063057898,10785.454063057898,10691.571462406599,93.8826006512983,4.295405105092899,1.0697093968327265,89.5871955462054,90.65690494303811,105.0,2.188351058236573,mean
1480,B0,15,UNIUSDT,2026-07-13 16:44:00+00:00,2026-07-13 16:46:00+00:00,2026-07-13 18:01:00+00:00,10784.642541597623,10766.633119039987,10766.633119039987,10595.543604742446,171.08951429754208,4.272435344756487,0.0,166.81707895278558,166.81707895278558,75.0,2.037729755927527,mean
1481,B0,15,SOLUSDT,2026-07-13 17:59:00+00:00,2026-07-13 18:01:00+00:00,2026-07-13 19:46:00+00:00,10801.236003322369,10820.071156648082,10820.071156648082,10864.985753040166,44.91459639208324,4.33701138193765,0.0,40.57758501014559,40.57758501014559,105.0,-2.798405731366276,mean
1483,B0,15,XRPUSDT,2026-07-13 18:14:00+00:00,2026-07-13 18:16:00+00:00,2026-07-13 19:46:00+00:00,10803.813959787567,10804.833861039317,10804.833861039317,10872.147343654819,67.31348261550052,4.335396240938827,0.0,62.9780863745617,62.9780863745617,90.0,-2.404996631898381,mean
1482,B0,15,LINKUSDT,2026-07-13 17:59:00+00:00,2026-07-13 18:01:00+00:00,2026-07-13 20:16:00+00:00,10801.236003322369,10804.00697202512,10804.00697202512,10909.303782729647,105.29681070452743,4.342662150950954,0.0,100.95414855357647,100.95414855357647,135.0,-2.745458801317206,mean
1484,B0,15,FILUSDT,2026-07-13 21:44:00+00:00,2026-07-13 21:46:00+00:00,2026-07-13 23:46:00+00:00,10821.77523148673,10796.870645195235,10796.870645195235,10933.113381966354,136.24273677111995,4.345996805432318,0.0,131.89673996568763,131.89673996568763,120.0,-2.4335109799976804,mean
1485,B0,15,TRXUSDT,2026-07-13 22:14:00+00:00,2026-07-13 22:16:00+00:00,2026-07-14 01:01:00+00:00,10827.85868942991,10826.856017081598,10826.856017081598,10830.198258242639,3.3422411610422933,4.331410855064847,5.092744340790194,-0.9891696940225541,4.10357464676764,165.0,-2.0781831048514343,mean
1487,B0,15,LTCUSDT,2026-07-14 00:29:00+00:00,2026-07-14 00:31:00+00:00,2026-07-14 02:16:00+00:00,10834.622616976436,10832.144999181564,10832.144999181564,10792.503114463609,39.64188471795547,4.3249296227290355,0.0,35.31695509522643,35.31695509522643,105.0,2.1039389479119186,mean
1488,B0,15,ETHUSDT,2026-07-14 01:14:00+00:00,2026-07-14 01:16:00+00:00,2026-07-14 02:31:00+00:00,10835.125685264047,10836.218382560404,10836.218382560404,10800.402193402058,35.81618915834565,4.327324115192493,0.0,31.48886504315316,31.48886504315316,75.0,2.005461027060261,mean
1486,B0,15,NEARUSDT,2026-07-14 00:29:00+00:00,2026-07-14 00:31:00+00:00,2026-07-14 03:16:00+00:00,10834.622616976436,10829.026220996593,10829.026220996593,10896.182972754712,-67.15675175811846,4.3450418387502605,0.0,-71.50179359686872,-71.50179359686872,165.0,2.157252777493193,mean
1489,B0,15,BCHUSDT,2026-07-14 02:29:00+00:00,2026-07-14 02:31:00+00:00,2026-07-14 04:46:00+00:00,10837.174050415848,10839.969658322572,10839.969658322572,10878.642234365587,38.672576043015525,4.343722378537632,0.0,34.3288536644779,34.3288536644779,135.0,-2.2239063733872935,mean
1490,B0,15,NEARUSDT,2026-07-14 06:29:00+00:00,2026-07-14 06:31:00+00:00,2026-07-14 08:01:00+00:00,10838.338550968572,10849.166062008502,10849.166062008502,10789.614751288895,59.551310719606995,4.32775616265948,0.26145912426057794,55.22355455694752,55.485013681208095,90.0,2.123172480206041,mean
1491,B0,15,XLMUSDT,2026-07-14 12:29:00+00:00,2026-07-14 12:31:00+00:00,2026-07-14 15:16:00+00:00,10843.887052336693,10940.600865509923,10940.600865509923,10991.94276633028,-51.341900820356486,4.3865087263680405,0.0,-55.72840954672453,-55.72840954672453,165.0,2.2426998948787595,mean
1492,B0,15,ETHUSDT,2026-07-14 12:44:00+00:00,2026-07-14 12:46:00+00:00,2026-07-14 16:01:00+00:00,10843.011541587959,10878.903550483274,10878.903550483274,11131.276666010426,-252.37311552715306,4.4020360432987395,0.771326491158785,-256.7751515704518,-256.003825079293,195.0,3.452964511489007,mean
1493,B0,15,BTCUSDT,2026-07-14 12:44:00+00:00,2026-07-14 12:46:00+00:00,2026-07-14 17:01:00+00:00,10843.011541587959,10868.786374999161,10868.786374999161,11040.248760175004,-171.46238517584345,4.381807027034833,0.6176174543440914,-175.8441922028783,-175.2265747485342,255.0,3.0775842054588765,timeout
1494,B0,15,ADAUSDT,2026-07-14 15:29:00+00:00,2026-07-14 15:31:00+00:00,2026-07-14 17:16:00+00:00,10793.699771890935,10787.213173470329,10787.213173470329,10657.481205058179,129.7319684121508,4.288938875705702,-1.710243890710462,125.4430295364451,123.73278564573464,105.0,3.0996171845174514,mean
1495,B0,15,DOGEUSDT,2026-07-14 16:14:00+00:00,2026-07-14 16:16:00+00:00,2026-07-14 17:16:00+00:00,10795.136180641806,10783.653520165122,10783.653520165122,10673.132913077046,110.5206070880769,4.2913572866484335,0.0,106.22924980142847,106.22924980142847,60.0,2.6217680477868712,mean
1496,B0,15,BCHUSDT,2026-07-15 02:29:00+00:00,2026-07-15 02:31:00+00:00,2026-07-15 04:01:00+00:00,10818.187374943955,10822.389156679432,10822.389156679432,10885.882747348876,63.49359066944423,4.341654380805662,0.0,59.15193628863857,59.15193628863857,90.0,-2.5768229848358972,mean
1497,B0,15,BCHUSDT,2026-07-15 06:14:00+00:00,2026-07-15 06:16:00+00:00,2026-07-15 07:31:00+00:00,10824.102568572818,10795.776789438449,10795.776789438449,10705.773910576012,90.00287886243643,4.3003101400028925,0.0,85.70256872243354,85.70256872243354,75.0,2.2962132417710577,mean
1498,B0,15,LTCUSDT,2026-07-15 09:29:00+00:00,2026-07-15 09:31:00+00:00,2026-07-15 11:31:00+00:00,10832.67282544506,10854.02500578431,10854.02500578431,10768.616284427319,85.40872135699115,4.324528258042326,0.0,81.08419309894882,81.08419309894882,120.0,2.760962550651843,mean
1499,B0,15,NEARUSDT,2026-07-15 11:29:00+00:00,2026-07-15 11:31:00+00:00,2026-07-15 14:01:00+00:00,10840.522124184217,10824.826387517927,10824.826387517927,10871.913597516797,-47.087209998869135,4.339347997006945,0.0,-51.42655799587608,-51.42655799587608,150.0,2.6292868701956205,mean
1500,B0,15,XLMUSDT,2026-07-15 12:29:00+00:00,2026-07-15 12:31:00+00:00,2026-07-15 14:46:00+00:00,10833.76326233848,10873.956363269353,10873.956363269353,10783.808979752968,90.14738351638375,4.331553068604464,0.0,85.81583044777929,85.81583044777929,135.0,3.1946192923015566,mean
1501,B0,15,ETHUSDT,2026-07-15 12:59:00+00:00,2026-07-15 13:01:00+00:00,2026-07-15 15:16:00+00:00,10831.727266337113,10841.340576777828,10841.340576777828,10832.739193751926,8.60138302590165,4.3348159541059506,0.0,4.2665670717957,4.2665670717957,135.0,3.7559438385317514,mean
1502,B0,15,XRPUSDT,2026-07-15 14:14:00+00:00,2026-07-15 14:16:00+00:00,2026-07-15 15:16:00+00:00,10834.841704740058,10835.804973028176,10835.804973028176,10796.310973215379,39.493999812797085,4.326423189248711,0.0,35.16757662354837,35.16757662354837,60.0,2.8637177318673586,mean
1503,B0,15,TRXUSDT,2026-07-15 16:29:00+00:00,2026-07-15 16:31:00+00:00,2026-07-15 19:01:00+00:00,10848.16358636968,10845.166396123253,10845.166396123253,10798.876457872895,-46.28993825035727,4.32880857079923,0.0,-50.61874682115649,-50.61874682115649,150.0,-2.5348564852736506,mean
1505,B0,15,BCHUSDT,2026-07-15 16:44:00+00:00,2026-07-15 16:46:00+00:00,2026-07-15 20:16:00+00:00,10840.686822222637,10834.577274874091,10834.577274874091,10725.545352961592,-109.03192191250031,4.312024525567137,0.0,-113.34394643806743,-113.34394643806743,210.0,-2.5058047221737665,mean
1504,B0,15,LTCUSDT,2026-07-15 16:44:00+00:00,2026-07-15 16:46:00+00:00,2026-07-15 20:31:00+00:00,10840.686822222637,10833.443601628724,10833.443601628724,10881.731738921475,48.288137292751856,4.343035068110039,0.0,43.945102224641815,43.945102224641815,225.0,-2.8579175547790725,mean
1507,B0,15,FILUSDT,2026-07-16 00:44:00+00:00,2026-07-16 00:46:00+00:00,2026-07-16 02:01:00+00:00,10817.322573120538,10810.39904356785,10810.39904356785,10925.32963414248,114.93059057463056,4.347145735542066,0.0,110.58344483908849,110.58344483908849,75.0,-2.091577450586538,mean
1506,B0,15,BCHUSDT,2026-07-15 23:29:00+00:00,2026-07-15 23:31:00+00:00,2026-07-16 02:16:00+00:00,10836.161827266224,10837.612127756154,10837.612127756154,10733.67392597778,-103.9382017783736,4.314257210746787,2.3140446597123896,-108.25245898912038,-105.93841432940799,165.0,-2.055400536367744,mean
1508,B0,15,UNIUSDT,2026-07-16 01:59:00+00:00,2026-07-16 02:01:00+00:00,2026-07-16 04:01:00+00:00,10834.648902363115,10823.0579433876,10823.0579433876,10712.943833120202,110.11411026739671,4.3072003553015605,0.0,105.80690991209515,105.80690991209515,120.0,2.8076530891790763,mean
1510,B0,15,AAVEUSDT,2026-07-16 07:44:00+00:00,2026-07-16 07:46:00+00:00,2026-07-16 09:46:00+00:00,10847.2070213084,10851.801835253675,10851.801835253675,10892.006457274832,40.20462202115724,4.348761658505701,-0.027906270590473257,35.85586036265154,35.82795409206107,120.0,-2.0169056917125037,mean
1509,B0,15,SUIUSDT,2026-07-16 07:44:00+00:00,2026-07-16 07:46:00+00:00,2026-07-16 10:16:00+00:00,10847.2070213084,10854.49485187902,10854.49485187902,10803.48003788469,-51.014813994329536,4.331594977952743,0.2186674886780234,-55.346408972282276,-55.127741483604254,150.0,-2.499068820889692,mean
1511,B0,15,SOLUSDT,2026-07-16 08:14:00+00:00,2026-07-16 08:16:00+00:00,2026-07-16 10:16:00+00:00,10824.93505527084,10819.218163242707,10819.218163242707,10877.816306531075,58.5981432883682,4.339406893954756,0.0,54.25873639441344,54.25873639441344,120.0,-3.1462630327375556,mean
1512,B0,15,NEARUSDT,2026-07-16 09:59:00+00:00,2026-07-16 10:01:00+00:00,2026-07-16 10:46:00+00:00,10847.24079397737,10847.24079397737,10847.24079397737,10933.586989352314,86.34619537494433,4.356165556665936,0.0,81.99002981827839,81.99002981827839,45.0,-2.119725608036294,mean
1513,B0,15,NEARUSDT,2026-07-16 13:29:00+00:00,2026-07-16 13:31:00+00:00,2026-07-16 16:01:00+00:00,10858.901919190517,10874.69285751217,10874.69285751217,10858.901919190517,15.790938321651945,4.346718955340537,0.4503210312295789,11.444219366311408,11.894540397540988,150.0,2.133691384098663,mean
1514,B0,15,BTCUSDT,2026-07-16 14:29:00+00:00,2026-07-16 14:31:00+00:00,2026-07-16 16:16:00+00:00,10854.47350844759,10846.777048426959,10846.777048426959,10807.137764137677,39.63928428928095,4.330782962512927,0.6617669946735829,35.308501326768024,35.97026832144161,105.0,2.1457268990809255,mean
1515,B0,15,UNIUSDT,2026-07-16 15:14:00+00:00,2026-07-16 15:16:00+00:00,2026-07-16 17:46:00+00:00,10870.159796648164,10906.173578415082,10906.173578415082,10855.154054245282,-51.0195241698006,4.352265526532072,-0.5101841043264556,-55.37178969633267,-55.881973800659125,150.0,-2.0900208748617852,mean
1516,B0,15,AAVEUSDT,2026-07-16 16:14:00+00:00,2026-07-16 16:16:00+00:00,2026-07-16 17:46:00+00:00,10859.852899257188,10865.751146541164,10865.751146541164,10883.445888393095,17.69474185192961,4.349839406986852,0.0,13.34490244494276,13.34490244494276,90.0,-2.2793988793655044,mean
1517,B0,15,XRPUSDT,2026-07-16 17:59:00+00:00,2026-07-16 18:01:00+00:00,2026-07-16 20:01:00+00:00,10859.434692926843,10854.471967996338,10854.471967996338,10881.270682621056,26.798714624718095,4.347148530123478,0.0,22.451566094594614,22.451566094594614,120.0,-2.949629650869991,mean
1518,B0,15,NEARUSDT,2026-07-16 19:14:00+00:00,2026-07-16 19:16:00+00:00,2026-07-16 20:31:00+00:00,10859.713875980533,10859.713875980533,10859.713875980533,10886.554493568226,26.840617587692293,4.349253673909752,0.0,22.49136391378254,22.49136391378254,75.0,-2.0256442871150395,mean
1519,B0,15,DOTUSDT,2026-07-16 21:44:00+00:00,2026-07-16 21:46:00+00:00,2026-07-16 22:46:00+00:00,10863.928985927681,10851.470351769507,10851.470351769507,10689.508107713247,161.96224405626145,4.308195691896551,0.0,157.6540483643649,157.6540483643649,60.0,2.9588475277008572,mean
1522,B0,15,FILUSDT,2026-07-16 23:29:00+00:00,2026-07-16 23:31:00+00:00,2026-07-17 00:46:00+00:00,10858.31824829147,10862.568633827075,10862.568633827075,10940.492368646495,77.92373481941875,4.360612200494714,-0.7571246260265023,73.56312261892404,72.80599799289755,75.0,-2.183094725884505,mean
1520,B0,15,NEARUSDT,2026-07-16 22:59:00+00:00,2026-07-16 23:01:00+00:00,2026-07-17 01:16:00+00:00,10879.694390764118,10874.224458943723,10874.224458943723,10879.694390764118,5.469931820394839,4.350783769941568,-0.5326352674027063,1.1191480504532705,0.5865127830505642,135.0,-2.1936332346121166,mean
1523,B0,15,UNIUSDT,2026-07-17 00:59:00+00:00,2026-07-17 01:01:00+00:00,2026-07-17 01:31:00+00:00,10868.762240553588,10856.481153276125,10856.481153276125,10902.535230566607,46.05407729048168,4.351803276768546,0.0,41.70227401371314,41.70227401371314,30.0,-2.052806654903264,mean
1521,B0,15,XLMUSDT,2026-07-16 23:14:00+00:00,2026-07-16 23:16:00+00:00,2026-07-17 03:16:00+00:00,10873.459981272506,10868.21919833289,10868.21919833289,10748.263499937231,-119.95569839565914,4.323296539654024,-0.2432486105385672,-124.27899493531316,-124.52224354585174,240.0,-2.0650188280670805,mean
1525,B0,15,LTCUSDT,2026-07-17 03:14:00+00:00,2026-07-17 03:16:00+00:00,2026-07-17 04:31:00+00:00,10877.042303149567,10874.656986855016,10874.656986855016,10800.712181723955,73.94480513106119,4.335073833715795,0.0,69.6097312973454,69.6097312973454,75.0,2.8067867773529764,mean
1524,B0,15,TRXUSDT,2026-07-17 02:29:00+00:00,2026-07-17 02:31:00+00:00,2026-07-17 04:46:00+00:00,10871.687744964585,10880.824754524258,10880.824754524258,10887.254501992176,6.429747467918592,4.353615851303287,0.0,2.0761316166153048,2.0761316166153048,135.0,-2.4641700310436323,mean
1527,B0,15,DOTUSDT,2026-07-17 05:59:00+00:00,2026-07-17 06:01:00+00:00,2026-07-17 07:16:00+00:00,10884.538805721677,10884.538805721677,10884.538805721677,11000.468804835873,115.92999911419548,4.3770015221115095,0.0,111.55299759208397,111.55299759208397,75.0,-2.3070123256493305,mean
1528,B0,15,ETHUSDT,2026-07-17 05:59:00+00:00,2026-07-17 06:01:00+00:00,2026-07-17 07:46:00+00:00,10884.538805721677,10886.628300942744,10886.628300942744,10915.22453553964,28.596234596895826,4.360370567296477,0.0,24.235864029599348,24.235864029599348,105.0,-2.030226426725334,mean
1526,B0,15,BTCUSDT,2026-07-17 05:44:00+00:00,2026-07-17 05:46:00+00:00,2026-07-17 08:16:00+00:00,10885.920231179894,10874.073252943428,10874.073252943428,10869.62847424741,-4.444778696017381,4.348740345438168,-0.1650708760891183,-8.793519041455548,-8.958589917544666,150.0,-2.092355239253369,mean
1529,B0,15,LTCUSDT,2026-07-17 07:29:00+00:00,2026-07-17 07:31:00+00:00,2026-07-17 09:46:00+00:00,10901.498344173127,10906.36943369242,10906.36943369242,10867.40071753809,-38.96871615432843,4.354754030246102,-0.6542026646335367,-43.32347018457453,-43.97767284920807,135.0,-2.4088896723349964,mean
1530,B0,15,BNBUSDT,2026-07-17 08:29:00+00:00,2026-07-17 08:31:00+00:00,2026-07-17 10:16:00+00:00,10887.116204800803,10886.152231345444,10886.152231345444,10904.467726997227,18.31549565178193,4.358123991668535,0.0,13.957371660113395,13.957371660113395,105.0,-2.1406943061371835,mean
1531,B0,15,NEARUSDT,2026-07-17 08:44:00+00:00,2026-07-17 08:46:00+00:00,2026-07-17 10:46:00+00:00,10886.72496653421,10892.488187797593,10892.488187797593,11042.331940645603,149.84375284800936,4.3869640256886395,0.0,145.4567888223207,145.4567888223207,120.0,-3.200998687958037,mean
1532,B0,15,BCHUSDT,2026-07-17 11:44:00+00:00,2026-07-17 11:46:00+00:00,2026-07-17 14:01:00+00:00,10910.14690711363,10916.139024047374,10916.139024047374,10882.683037833971,-33.45598621340247,4.359764412376268,0.0,-37.81575062577874,-37.81575062577874,135.0,-2.4939759889450634,mean
1534,B0,15,BNBUSDT,2026-07-17 13:14:00+00:00,2026-07-17 13:16:00+00:00,2026-07-17 14:46:00+00:00,10902.987715551564,10908.253446135948,10908.253446135948,10966.566536681514,58.31309054556487,4.374963996563492,0.0,53.938126549001375,53.938126549001375,90.0,-2.482388037603307,mean
1533,B0,15,DOTUSDT,2026-07-17 13:14:00+00:00,2026-07-17 13:16:00+00:00,2026-07-17 15:31:00+00:00,10902.987715551564,10902.987715551564,10902.987715551564,10994.062791934453,91.07507638288905,4.3794101014972036,0.0,86.69566628139185,86.69566628139185,135.0,-2.9883230660637916,mean
1535,B0,15,XLMUSDT,2026-07-17 14:14:00+00:00,2026-07-17 14:16:00+00:00,2026-07-17 17:46:00+00:00,10924.211171783163,10900.28400376975,10900.28400376975,10915.457329827037,-15.173326057287966,4.363148266719357,1.090333500948619,-19.536474324007322,-18.446140823058702,210.0,2.266261657793684,mean
1537,B0,15,DOTUSDT,2026-07-17 16:44:00+00:00,2026-07-17 16:46:00+00:00,2026-07-17 18:01:00+00:00,10905.883120832525,10918.534957399615,10918.534957399615,10728.757408893249,189.7775485063666,4.329458473258573,0.0,185.448090033108,185.448090033108,75.0,3.186936053002442,mean
1536,B0,15,ADAUSDT,2026-07-17 15:59:00+00:00,2026-07-17 16:01:00+00:00,2026-07-17 18:46:00+00:00,10919.918910922144,10913.26448136034,10913.26448136034,11033.044213472831,-119.77973211249126,4.389261738966635,0.0,-124.1689938514579,-124.1689938514579,165.0,2.662024223976145,mean
1539,B0,15,AVAXUSDT,2026-07-17 18:14:00+00:00,2026-07-17 18:16:00+00:00,2026-07-17 19:16:00+00:00,10924.257785837784,10919.296724173008,10919.296724173008,10859.76398419569,59.53273997731694,4.35581214167374,0.0,55.176927835643205,55.176927835643205,60.0,2.162583843212382,mean
1538,B0,15,BTCUSDT,2026-07-17 17:59:00+00:00,2026-07-17 18:01:00+00:00,2026-07-17 19:31:00+00:00,10927.940419238423,10917.731507177357,10917.731507177357,10938.115187780888,-20.383680603530657,4.371169338991649,0.0,-24.754849942522306,-24.754849942522306,90.0,2.245924348395827,mean
1540,B0,15,UNIUSDT,2026-07-18 00:29:00+00:00,2026-07-18 00:31:00+00:00,2026-07-18 01:31:00+00:00,10927.754214659262,10912.78878845458,10912.78878845458,10739.189844480263,173.5989439743181,4.330395726586969,0.0,169.26854824773113,169.26854824773113,60.0,2.1169565356222937,mean
1541,B0,15,TRXUSDT,2026-07-18 08:59:00+00:00,2026-07-18 09:01:00+00:00,2026-07-18 11:01:00+00:00,10944.681069484035,10950.098893167959,10950.098893167959,10939.601859780358,10.497033387599155,4.377940150589663,0.0,6.119093237009491,6.119093237009491,120.0,2.3310550506182866,mean
1542,B0,15,FILUSDT,2026-07-18 13:29:00+00:00,2026-07-18 13:31:00+00:00,2026-07-18 15:46:00+00:00,10945.292978807736,10949.695751526484,10949.695751526484,10911.538387964001,-38.15736356248245,4.372246827898097,0.0,-42.529610390380554,-42.529610390380554,135.0,-2.032819891223468,mean
1544,B0,15,TRXUSDT,2026-07-18 15:29:00+00:00,2026-07-18 15:31:00+00:00,2026-07-18 17:01:00+00:00,10933.119933736907,10933.119933736907,10933.119933736907,10956.542955919283,23.423022182376872,4.377932577931238,1.350019406768693,19.045089604445636,20.39510901121433,90.0,-2.1034324684119174,mean
1543,B0,15,LTCUSDT,2026-07-18 14:44:00+00:00,2026-07-18 14:46:00+00:00,2026-07-18 17:46:00+00:00,10942.579080352081,10918.924564398012,10918.924564398012,11254.818690945785,-335.8941265477729,4.434748651068759,0.7700194496057391,-340.3288751988417,-339.55885574923593,180.0,2.482876820511444,stop
1545,B0,15,LTCUSDT,2026-07-18 17:59:00+00:00,2026-07-18 18:01:00+00:00,2026-07-18 19:16:00+00:00,10909.123643094896,10899.925393817413,10899.925393817413,10853.93414743,45.991246387414265,4.350771908249483,0.0,41.64047447916479,41.64047447916479,75.0,3.699009738344971,mean
1546,B0,15,TRXUSDT,2026-07-18 17:59:00+00:00,2026-07-18 18:01:00+00:00,2026-07-18 21:31:00+00:00,10909.123643094896,10914.838041995883,10914.838041995883,10946.771447619043,-31.933405623159615,4.372321897922985,0.0,-36.305727521082595,-36.305727521082595,210.0,2.6853596741795185,mean
1547,B0,15,FILUSDT,2026-07-19 09:29:00+00:00,2026-07-19 09:31:00+00:00,2026-07-19 13:46:00+00:00,10909.657117790703,10912.624520787518,10912.624520787518,10782.058788927654,-130.5657318598647,4.338936661943034,0.0,-134.90466852180774,-134.90466852180774,255.0,-2.120541742452336,timeout
1549,B0,15,DOTUSDT,2026-07-19 12:29:00+00:00,2026-07-19 12:31:00+00:00,2026-07-19 14:16:00+00:00,10893.266518967646,10906.518668017485,10906.518668017485,10933.022966117163,26.504298099677996,4.36790832682693,0.0,22.136389772851068,22.136389772851068,105.0,-2.1480370266577116,mean
1548,B0,15,XLMUSDT,2026-07-19 12:29:00+00:00,2026-07-19 12:31:00+00:00,2026-07-19 14:46:00+00:00,10893.266518967646,10925.91710484245,10925.91710484245,10893.839336263694,32.07776857875551,4.36395128822123,0.0,27.71381729053428,27.71381729053428,135.0,2.240299995885758,mean
1550,B0,15,DOTUSDT,2026-07-19 18:14:00+00:00,2026-07-19 18:16:00+00:00,2026-07-19 20:01:00+00:00,10901.15167164486,10901.15167164486,10901.15167164486,10941.37732356975,40.22565192488882,4.3685057990429215,0.0,35.8571461258459,35.8571461258459,105.0,-2.251525461105702,mean
1551,B0,15,XLMUSDT,2026-07-19 23:29:00+00:00,2026-07-19 23:31:00+00:00,2026-07-20 00:16:00+00:00,10904.737386257446,10912.307289927086,10912.307289927086,11060.793861908485,148.48657198139827,4.394620230367114,-0.5786763650932832,144.09195175103116,143.51327538593787,45.0,-2.1925523782685152,mean
1552,B0,15,SOLUSDT,2026-07-20 00:44:00+00:00,2026-07-20 00:46:00+00:00,2026-07-20 02:01:00+00:00,10919.08871379604,10917.668990910357,10917.668990910357,10859.46035259731,58.20863831304765,4.355425868701534,0.0,53.85321244434612,53.85321244434612,75.0,2.0684102114573006,mean
1554,B0,15,BCHUSDT,2026-07-20 01:59:00+00:00,2026-07-20 02:01:00+00:00,2026-07-20 02:46:00+00:00,10935.789730816607,10953.84154615305,10953.84154615305,11045.1321551402,91.29060898715043,4.399794740258651,0.0,86.8908142468918,86.8908142468918,45.0,-2.017928779436904,mean
1555,B0,15,HBARUSDT,2026-07-20 02:29:00+00:00,2026-07-20 02:31:00+00:00,2026-07-20 03:46:00+00:00,10932.922536696911,10946.206768211732,10946.206768211732,10972.775231241372,26.568463029639044,4.38379639989062,0.0,22.18466662974842,22.18466662974842,75.0,-2.120148831408243,mean
1553,B0,15,AVAXUSDT,2026-07-20 01:29:00+00:00,2026-07-20 01:31:00+00:00,2026-07-20 04:16:00+00:00,10919.012332704791,10937.33841382468,10937.33841382468,10905.684273708508,31.654140116172172,4.368604537506638,0.0,27.285535578665534,27.285535578665534,165.0,2.1816499495215087,mean
1556,B0,15,BNBUSDT,2026-07-20 05:14:00+00:00,2026-07-20 05:16:00+00:00,2026-07-20 07:31:00+00:00,10938.110136686008,10942.361774047216,10942.361774047216,10938.883161660771,-3.478612386445304,4.376248987141597,0.0,-7.8548613735869015,-7.8548613735869015,135.0,-2.3927982686561995,mean
1558,B0,15,BTCUSDT,2026-07-20 05:14:00+00:00,2026-07-20 05:16:00+00:00,2026-07-20 07:31:00+00:00,10938.110136686008,10943.645876123264,10943.645876123264,10919.935878287386,-23.709997835879292,4.37271635088213,0.0,-28.08271418676142,-28.08271418676142,135.0,-2.0597720315261414,mean
1557,B0,15,ADAUSDT,2026-07-20 05:14:00+00:00,2026-07-20 05:16:00+00:00,2026-07-20 07:46:00+00:00,10938.110136686008,10938.110136686008,10938.110136686008,10897.847154587776,-40.26298209823185,4.367191458254757,0.0,-44.630173556486604,-44.630173556486604,150.0,-2.2159715679581318,mean
1559,B0,15,XRPUSDT,2026-07-20 11:44:00+00:00,2026-07-20 11:46:00+00:00,2026-07-20 13:31:00+00:00,10930.053361774326,10930.053361774326,10930.053361774326,10880.524390586297,49.528971188028336,4.362115550472124,0.0,45.16685563755621,45.16685563755621,105.0,2.505140994077291,mean
1560,B0,15,HBARUSDT,2026-07-20 11:44:00+00:00,2026-07-20 11:46:00+00:00,2026-07-20 13:46:00+00:00,10930.053361774326,10930.053361774326,10930.053361774326,10882.366954749885,47.68640702444018,4.3624840633048425,0.0,43.32392296113533,43.32392296113533,120.0,2.502449874393217,mean
1561,B0,15,UNIUSDT,2026-07-20 11:44:00+00:00,2026-07-20 11:46:00+00:00,2026-07-20 14:01:00+00:00,10930.053361774326,10920.727377677247,10920.727377677247,10808.815568512322,111.91180916492493,4.345908589237914,0.0,107.56590057568702,107.56590057568702,135.0,2.4076192732959294,mean
1562,B0,15,AAVEUSDT,2026-07-20 14:14:00+00:00,2026-07-20 14:16:00+00:00,2026-07-20 16:01:00+00:00,10949.659029691764,10958.24795990331,10958.24795990331,10995.05766080994,36.80970090662817,4.39066112414265,-0.09784254245631571,32.41903978248552,32.32119724002921,105.0,-2.033799152687268,mean
1563,B0,15,FILUSDT,2026-07-20 15:44:00+00:00,2026-07-20 15:46:00+00:00,2026-07-20 18:31:00+00:00,10951.52574778394,10957.55964626757,10957.55964626757,10996.779986411148,-39.220340143577886,4.390867926535743,-0.8555096391591338,-43.61120807011363,-44.466717709272764,165.0,2.459431669339871,mean
1564,B0,15,BTCUSDT,2026-07-20 15:44:00+00:00,2026-07-20 15:46:00+00:00,2026-07-20 18:46:00+00:00,10951.52574778394,10958.562632648664,10958.562632648664,10960.023751940382,-1.461119291719843,4.383717276917809,0.7178118113527457,-5.844836568637652,-5.127024757284906,180.0,2.161209105244213,mean
1565,B0,15,SOLUSDT,2026-07-20 16:14:00+00:00,2026-07-20 16:16:00+00:00,2026-07-20 18:46:00+00:00,10924.757406632874,10913.517944280371,10913.517944280371,10914.922877074432,-1.4049327940615917,4.36568816427096,0.0,-5.770620958332552,-5.770620958332552,150.0,2.7039047439263566,mean
1566,B0,15,DOGEUSDT,2026-07-20 19:14:00+00:00,2026-07-20 19:16:00+00:00,2026-07-20 21:16:00+00:00,10947.354713073275,10951.90725869834,10951.90725869834,10945.83719786492,-6.070060833419921,4.379548891312652,0.0,-10.449609724732573,-10.449609724732573,120.0,-2.507268642863515,mean
1567,B0,15,HBARUSDT,2026-07-20 19:29:00+00:00,2026-07-20 19:31:00+00:00,2026-07-20 21:16:00+00:00,10947.287426448936,10955.578313624375,10955.578313624375,11035.170830508585,79.59251688420824,4.3981498288265914,0.0,75.19436705538165,75.19436705538165,105.0,-2.1319493613090126,mean
1568,B0,15,BCHUSDT,2026-07-20 21:29:00+00:00,2026-07-20 21:31:00+00:00,2026-07-20 22:46:00+00:00,10953.82918880634,10951.347803071289,10951.347803071289,10907.6754141344,43.67238893688623,4.371804643441138,0.0,39.300584293445084,39.300584293445084,75.0,2.107700122205516,mean
1569,B0,15,UNIUSDT,2026-07-21 00:44:00+00:00,2026-07-21 00:46:00+00:00,2026-07-21 02:31:00+00:00,10957.759247235685,10939.927254970045,10939.927254970045,10847.795294930906,92.13196003913961,4.35754450998019,0.0,87.77441552915943,87.77441552915943,105.0,2.04670513145985,mean
1572,B0,15,UNIUSDT,2026-07-21 03:44:00+00:00,2026-07-21 03:46:00+00:00,2026-07-21 04:46:00+00:00,10958.99301093031,10947.237588017002,10947.237588017002,10826.744503155607,120.49308486139496,4.354796418234522,0.0,116.13828844316045,116.13828844316045,60.0,2.173597836951838,mean
1570,B0,15,AAVEUSDT,2026-07-21 01:14:00+00:00,2026-07-21 01:16:00+00:00,2026-07-21 05:31:00+00:00,10961.106847143712,10956.292481558057,10956.292481558057,11194.60357804806,-238.31109649000325,4.430179211921223,0.0,-242.74127570192448,-242.74127570192448,255.0,2.208041825662762,timeout
1571,B0,15,NEARUSDT,2026-07-21 03:29:00+00:00,2026-07-21 03:31:00+00:00,2026-07-21 07:01:00+00:00,10956.568472628016,10951.163160110686,10951.163160110686,11010.621597801317,-59.45843769063123,4.392356951582401,0.0,-63.85079464221363,-63.85079464221363,210.0,2.2507417882765015,mean
1573,B0,15,ADAUSDT,2026-07-21 05:14:00+00:00,2026-07-21 05:16:00+00:00,2026-07-21 07:31:00+00:00,10955.211718667058,10936.452794491259,10936.452794491259,10942.705769216525,-6.252974725265897,4.375831712741556,0.0,-10.628806438007453,-10.628806438007453,135.0,3.3035241959065824,mean
1574,B0,15,DOTUSDT,2026-07-21 05:59:00+00:00,2026-07-21 06:01:00+00:00,2026-07-21 09:01:00+00:00,10940.868820439158,10966.733758548944,10966.733758548944,11074.073251704553,-107.33949315560844,4.408161402050699,1.0787134094549122,-111.74765455765913,-110.66894114820423,180.0,2.5293775583316713,mean
1575,B0,15,AAVEUSDT,2026-07-21 07:14:00+00:00,2026-07-21 07:16:00+00:00,2026-07-21 10:16:00+00:00,10924.65601180378,10913.067323979654,10913.067323979654,10976.805107012347,-63.73778303269384,4.377974486198401,0.6063778394443924,-68.11575751889225,-67.50937967944786,180.0,2.4328933790484455,mean
1576,B0,15,FILUSDT,2026-07-21 08:44:00+00:00,2026-07-21 08:46:00+00:00,2026-07-21 11:31:00+00:00,10923.920663739354,10903.58087263783,10903.58087263783,10883.24108153631,20.33979110152231,4.357364390834828,0.0,15.982426710687479,15.982426710687479,165.0,2.2687023611225046,mean
1577,B0,15,HBARUSDT,2026-07-21 10:14:00+00:00,2026-07-21 10:16:00+00:00,2026-07-21 12:46:00+00:00,10921.029587958126,10927.444289625064,10927.444289625064,10961.121473376475,-33.6771837514108,4.3777131526003075,0.0,-38.054896904011116,-38.054896904011116,150.0,2.2592916439319555,mean
1579,B0,15,XLMUSDT,2026-07-21 13:14:00+00:00,2026-07-21 13:16:00+00:00,2026-07-21 13:46:00+00:00,10926.403350852606,10949.854162888776,10949.854162888776,10767.272840607167,182.5813222816085,4.343425400699189,0.0,178.2378968809093,178.2378968809093,30.0,2.4527459607675595,mean
1578,B0,15,TRXUSDT,2026-07-21 13:14:00+00:00,2026-07-21 13:16:00+00:00,2026-07-21 15:31:00+00:00,10926.403350852606,10927.401165532601,10927.401165532601,10923.077301919284,4.323863613317848,4.370095693490377,0.0,-0.046232080172528445,-0.046232080172528445,135.0,2.4850872067374237,mean
1580,B0,15,BTCUSDT,2026-07-21 14:14:00+00:00,2026-07-21 14:16:00+00:00,2026-07-21 15:31:00+00:00,10943.54294566672,10941.007900896608,10941.007900896608,10883.110749372725,57.8971515238824,4.364823730053866,0.0,53.53232779382853,53.53232779382853,75.0,2.0622027435991686,mean
1581,B0,15,XRPUSDT,2026-07-21 14:44:00+00:00,2026-07-21 14:46:00+00:00,2026-07-21 16:46:00+00:00,10945.087819252534,10947.944550021435,10947.944550021435,10935.565383356196,12.379166665239888,4.376701986675526,0.0316588577962623,8.002464678564362,8.034123536360624,120.0,2.2074327162951746,mean
1583,B0,15,AAVEUSDT,2026-07-21 15:59:00+00:00,2026-07-21 16:01:00+00:00,2026-07-21 18:16:00+00:00,10947.564493481255,10945.285887071956,10945.285887071956,10884.90281722551,60.38306984644523,4.366037740859493,0.0,56.01703210558574,56.01703210558574,135.0,2.729168659107071,mean
1582,B0,15,NEARUSDT,2026-07-21 15:44:00+00:00,2026-07-21 15:46:00+00:00,2026-07-21 18:46:00+00:00,10951.356502759294,10928.903695987876,10928.903695987876,10878.384880752184,-50.51881523569193,4.361457715348012,0.5685070205181291,-54.88027295103994,-54.311765930521815,180.0,-2.0359102184502924,mean
1584,B0,15,FILUSDT,2026-07-21 18:44:00+00:00,2026-07-21 18:46:00+00:00,2026-07-21 22:16:00+00:00,10950.205936611537,10950.205936611537,10950.205936611537,10987.161460281306,-36.95552366976961,4.387473479378569,0.0,-41.34299714914818,-41.34299714914818,210.0,3.3363291120860086,mean
1585,B0,15,HBARUSDT,2026-07-21 18:44:00+00:00,2026-07-21 18:46:00+00:00,2026-07-21 22:16:00+00:00,10950.205936611537,10962.8761199342,10962.8761199342,11026.227036547516,-63.35091661331485,4.3978206312963435,0.0,-67.74873724461119,-67.74873724461119,210.0,2.1440218233529267,mean
1586,B0,15,XRPUSDT,2026-07-21 22:14:00+00:00,2026-07-21 22:16:00+00:00,2026-07-22 00:16:00+00:00,10939.037105021174,10939.037105021174,10939.037105021174,10986.026919884507,46.98981486333191,4.385012804981136,-1.096301150035961,42.60480205835077,41.50850090831481,120.0,-2.609824627505904,mean
1588,B0,15,AAVEUSDT,2026-07-22 02:29:00+00:00,2026-07-22 02:31:00+00:00,2026-07-22 03:16:00+00:00,10943.791365734665,10911.14349518572,10911.14349518572,10868.363526880205,42.779968305515105,4.355901404413185,0.0,38.42406690110192,38.42406690110192,45.0,2.2914017517178316,mean
1587,B0,15,HBARUSDT,2026-07-22 02:29:00+00:00,2026-07-22 02:31:00+00:00,2026-07-22 04:16:00+00:00,10943.791365734665,10946.907479449283,10946.907479449283,10920.420512875038,26.486966574244466,4.373465598464864,0.0,22.1135009757796,22.1135009757796,105.0,2.342787320285824,mean
1589,B0,15,AAVEUSDT,2026-07-22 05:14:00+00:00,2026-07-22 05:16:00+00:00,2026-07-22 07:46:00+00:00,10949.845122522354,10935.299037646737,10935.299037646737,10765.221737562595,170.0773000841415,4.340104155041866,0.0,165.73719592909964,165.73719592909964,150.0,2.031183852753701,mean
1590,B0,15,AVAXUSDT,2026-07-22 05:29:00+00:00,2026-07-22 05:31:00+00:00,2026-07-22 07:46:00+00:00,10967.417397274088,10964.039169213938,10964.039169213938,10977.552081454534,13.512912240596455,4.388318250133694,0.0,9.124593990462762,9.124593990462762,135.0,-2.296460746428331,mean
1591,B0,15,XLMUSDT,2026-07-22 05:29:00+00:00,2026-07-22 05:31:00+00:00,2026-07-22 08:01:00+00:00,10967.417397274088,10973.794476847514,10973.794476847514,10945.387486020447,-28.40699082706683,4.383836392573592,0.9627492568881375,-32.79082721964043,-31.82807796275229,150.0,-2.040749807337807,mean
1593,B0,15,NEARUSDT,2026-07-22 08:44:00+00:00,2026-07-22 08:46:00+00:00,2026-07-22 09:31:00+00:00,10967.025146971571,10990.496575857545,10990.496575857545,11008.100147522026,17.603571664480217,4.399719344675914,0.0,13.203852319804302,13.203852319804302,45.0,-2.162091912036208,mean
1592,B0,15,HBARUSDT,2026-07-22 08:29:00+00:00,2026-07-22 08:31:00+00:00,2026-07-22 11:46:00+00:00,10964.148493718036,10962.600541085856,10962.600541085856,10990.463688465064,-27.863147379207145,4.390612845910184,0.0,-32.253760225117325,-32.253760225117325,195.0,3.08590428104863,mean
1594,B0,15,UNIUSDT,2026-07-22 10:29:00+00:00,2026-07-22 10:31:00+00:00,2026-07-22 12:46:00+00:00,10964.785241149542,10964.785241149542,10964.785241149542,10941.579346459279,23.205894690263605,4.381272917521764,0.0,18.824621772741843,18.824621772741843,135.0,2.3241573153298596,mean
1595,B0,15,AAVEUSDT,2026-07-22 13:44:00+00:00,2026-07-22 13:46:00+00:00,2026-07-22 14:31:00+00:00,10964.12596510478,10978.711887899128,10978.711887899128,10801.436826244752,177.2750616543751,4.356029742828776,0.0,172.9190319115463,172.9190319115463,45.0,2.6892070193506648,mean
1598,B0,15,TRXUSDT,2026-07-22 14:44:00+00:00,2026-07-22 14:46:00+00:00,2026-07-22 16:46:00+00:00,10986.602580647574,10984.927385084533,10984.927385084533,11006.704927404066,21.77754231953143,4.398326462497719,-0.16684465016526304,17.379215857033714,17.21237120686845,120.0,-2.9364333448079862,mean
1597,B0,15,HBARUSDT,2026-07-22 14:14:00+00:00,2026-07-22 14:16:00+00:00,2026-07-22 17:01:00+00:00,10955.547987170716,10938.77540152578,10938.77540152578,11278.801455964061,-340.02605443828327,4.443515371497968,0.3945160461819837,-344.46956980978126,-344.07505376359927,165.0,2.552107469512239,stop
1599,B0,15,DOTUSDT,2026-07-22 16:59:00+00:00,2026-07-22 17:01:00+00:00,2026-07-22 17:31:00+00:00,10921.818858741663,10926.950086770199,10926.950086770199,10832.02236824226,94.92771852793973,4.351794491002492,0.0,90.57592403693724,90.57592403693724,30.0,2.07612728931484,mean
1600,B0,15,HBARUSDT,2026-07-22 17:14:00+00:00,2026-07-22 17:16:00+00:00,2026-07-22 17:31:00+00:00,10925.836859421222,10909.380032712523,10909.380032712523,10833.08019979037,76.29983292215235,4.34849204650058,0.0,71.95134087565177,71.95134087565177,15.0,2.2251216702373897,mean
1596,B0,15,ADAUSDT,2026-07-22 13:59:00+00:00,2026-07-22 14:01:00+00:00,2026-07-22 18:01:00+00:00,10963.906390867023,10951.411910649513,10951.411910649513,11113.840153477171,-162.42824282765906,4.413050412825337,1.1113323506720176,-166.8412932404844,-165.72996088981236,240.0,2.0467878611580526,mean
1602,B0,15,SOLUSDT,2026-07-22 18:44:00+00:00,2026-07-22 18:46:00+00:00,2026-07-22 20:31:00+00:00,10949.110621005508,10954.764693105175,10954.764693105175,11004.237823977262,49.47313087208708,4.391800503416487,0.0,45.08133036867059,45.08133036867059,105.0,-2.7092574510642935,mean
1601,B0,15,HBARUSDT,2026-07-22 18:14:00+00:00,2026-07-22 18:16:00+00:00,2026-07-22 21:01:00+00:00,10948.411330442543,10940.760449009667,10940.760449009667,10962.182917021715,21.42246801204709,4.380588673206276,0.0,17.041879338840815,17.041879338840815,165.0,-2.2842069667507343,mean
1603,B0,15,ADAUSDT,2026-07-22 19:14:00+00:00,2026-07-22 19:16:00+00:00,2026-07-22 21:31:00+00:00,10948.396113458673,10960.96602862912,10960.96602862912,10954.681071043899,-6.284957585222427,4.383129419934604,0.0,-10.66808700515703,-10.66808700515703,135.0,-2.733187112165556,mean
1605,B0,15,UNIUSDT,2026-07-22 23:14:00+00:00,2026-07-22 23:16:00+00:00,2026-07-23 00:16:00+00:00,10953.639919903457,10956.557778166616,10956.557778166616,11105.368549587789,148.81077142117155,4.412385265550881,-0.5354510344419884,144.39838615562067,143.86293512117868,60.0,-2.1157276735436024,mean
1606,B0,15,DOTUSDT,2026-07-22 23:14:00+00:00,2026-07-22 23:16:00+00:00,2026-07-23 00:16:00+00:00,10953.639919903457,10956.279033243996,10956.279033243996,11038.091546800677,81.81251355668142,4.398874116008935,0.16324014793927671,77.4136394406725,77.57687958861177,60.0,-2.0812226946499734,mean
1604,B0,15,HBARUSDT,2026-07-22 21:44:00+00:00,2026-07-22 21:46:00+00:00,2026-07-23 02:01:00+00:00,10953.55684271278,10956.578930405625,10956.578930405625,11069.907218887272,-113.32828848164702,4.405297229858579,0.5775080840089012,-117.7335857115056,-117.1560776274967,255.0,2.1577780323601,timeout
1607,B0,15,FILUSDT,2026-07-23 03:14:00+00:00,2026-07-23 03:16:00+00:00,2026-07-23 05:31:00+00:00,10963.98521642101,10950.688374088737,10950.688374088737,11006.830597269442,56.14222318070357,4.391503794271635,0.0,51.75071938643193,51.75071938643193,135.0,-3.793372419284825,mean
1608,B0,15,AVAXUSDT,2026-07-23 03:29:00+00:00,2026-07-23 03:31:00+00:00,2026-07-23 05:31:00+00:00,10963.175231883204,10968.211141498217,10968.211141498217,11038.713876108399,70.50273461018107,4.401385003521323,0.0,66.10134960665975,66.10134960665975,120.0,-2.0682101568577638,mean
1609,B0,15,DOTUSDT,2026-07-23 03:44:00+00:00,2026-07-23 03:46:00+00:00,2026-07-23 05:31:00+00:00,10962.747762084035,10970.761466588483,10970.761466588483,11009.494371693312,38.73290510482925,4.396051167656359,0.0,34.33685393717289,34.33685393717289,105.0,-2.2028755040708528,mean
1610,B0,15,UNIUSDT,2026-07-23 06:14:00+00:00,2026-07-23 06:16:00+00:00,2026-07-23 07:16:00+00:00,10979.204108714037,10965.004413798473,10965.004413798473,10876.966305321976,88.0381084764968,4.36839414382409,0.0,83.66971433267271,83.66971433267271,60.0,2.288131938480355,mean
1611,B0,15,HBARUSDT,2026-07-23 06:59:00+00:00,2026-07-23 07:01:00+00:00,2026-07-23 07:46:00+00:00,10981.824747608873,10969.9283904009,10969.9283904009,10913.420693663034,56.507696737866354,4.376669816812787,0.0,52.13102692105357,52.13102692105357,45.0,2.0819015249749144,mean
1612,B0,15,FILUSDT,2026-07-23 07:29:00+00:00,2026-07-23 07:31:00+00:00,2026-07-23 09:16:00+00:00,10993.448564648581,10997.959622738303,10997.959622738303,11097.20290071215,99.24327797384758,4.41903250469009,0.814593584895928,94.82424546915749,95.63883905405342,105.0,-2.1840191202765635,mean
1614,B0,15,HBARUSDT,2026-07-23 08:44:00+00:00,2026-07-23 08:46:00+00:00,2026-07-23 10:16:00+00:00,11001.184061539709,10999.701422178316,10999.701422178316,10946.326405168149,53.37501701016558,4.389205565469293,0.0,48.98581144469629,48.98581144469629,90.0,2.2046159244713075,mean
1613,B0,15,TRXUSDT,2026-07-23 08:29:00+00:00,2026-07-23 08:31:00+00:00,2026-07-23 10:46:00+00:00,10997.156741095165,10999.84503951015,10999.84503951015,11016.6469046038,16.80186509364905,4.40329838882279,0.0,12.398566704826258,12.398566704826258,135.0,-2.904603713082729,mean
1615,B0,15,HBARUSDT,2026-07-23 11:29:00+00:00,2026-07-23 11:31:00+00:00,2026-07-23 15:46:00+00:00,11008.486504559767,11020.582080996584,11020.582080996584,10881.482951973168,-139.09912902341543,4.380413006593951,0.0,-143.47954203000938,-143.47954203000938,255.0,-2.6515061915640987,timeout
1616,B0,15,DOGEUSDT,2026-07-23 12:44:00+00:00,2026-07-23 12:46:00+00:00,2026-07-23 17:01:00+00:00,10996.47290589225,10924.127689406116,10924.127689406116,10720.945379274848,-203.18231013126803,4.329014613736193,0.8739912929863227,-207.5113247450042,-206.63733345201788,255.0,-3.071233858773509,timeout
1617,B0,15,ETHUSDT,2026-07-23 12:44:00+00:00,2026-07-23 12:46:00+00:00,2026-07-23 17:01:00+00:00,10996.47290589225,10985.843047556984,10985.843047556984,10905.656942288797,-80.18610526818694,4.378299997969156,0.35592009430843485,-84.56440526615609,-84.20848517184766,255.0,-2.7526289385057003,timeout
1618,B0,15,BCHUSDT,2026-07-23 17:44:00+00:00,2026-07-23 17:46:00+00:00,2026-07-23 20:16:00+00:00,10965.053968494381,10959.355414509055,10959.355414509055,10925.682140959394,-33.67327354966177,4.37700751109369,0.0,-38.05028106075547,-38.05028106075547,150.0,-2.027332784185473,mean
1619,B0,15,AVAXUSDT,2026-07-23 17:59:00+00:00,2026-07-23 18:01:00+00:00,2026-07-23 20:16:00+00:00,10958.618177038461,10929.145544700279,10929.145544700279,10932.612913210653,3.467368510374072,4.372351691582185,0.0,-0.9049831812081139,-0.9049831812081139,135.0,-3.022474693451438,mean
1620,B0,15,LTCUSDT,2026-07-23 20:29:00+00:00,2026-07-23 20:31:00+00:00,2026-07-23 22:16:00+00:00,10961.158442070184,10958.838129106154,10958.838129106154,10912.431869825588,46.406259280567106,4.374253999786348,0.0,42.03200528078076,42.03200528078076,105.0,2.282256935742222,mean
1621,B0,15,TRXUSDT,2026-07-23 21:14:00+00:00,2026-07-23 21:16:00+00:00,2026-07-23 23:31:00+00:00,10955.834576786741,10946.832795539267,10946.832795539267,10951.166986510272,-4.334190971004766,4.379599956409908,0.0,-8.713790927414674,-8.713790927414674,135.0,2.9837466314614947,mean
1622,B0,15,ETHUSDT,2026-07-24 00:44:00+00:00,2026-07-24 00:46:00+00:00,2026-07-24 01:46:00+00:00,10964.490263505524,10978.011357492509,10978.011357492509,11019.162513105068,41.151155612558334,4.3994347741195154,0.0,36.75172083843882,36.75172083843882,60.0,-2.0219570805077485,mean
1623,B0,15,UNIUSDT,2026-07-24 06:44:00+00:00,2026-07-24 06:46:00+00:00,2026-07-24 08:31:00+00:00,10968.165435589368,10956.764016217654,10956.764016217654,10936.811532317155,19.95248390049948,4.378715109706961,0.7917138504854725,15.573768790792517,16.36548264127799,105.0,2.4175042740022867,mean
1624,B0,15,ETHUSDT,2026-07-24 07:14:00+00:00,2026-07-24 07:16:00+00:00,2026-07-24 09:01:00+00:00,10960.250342233136,10937.099819219206,10937.099819219206,10843.233926899693,93.86589231951268,4.35606674922378,0.19333386653559578,89.50982557028891,89.7031594368245,105.0,3.5474089341058384,mean
1625,B0,15,LINKUSDT,2026-07-24 07:14:00+00:00,2026-07-24 07:16:00+00:00,2026-07-24 09:16:00+00:00,10960.250342233136,10952.563433752317,10952.563433752317,10871.850894703728,80.71253904858851,4.364882865691209,0.12848813854548471,76.3476561828973,76.47614432144277,120.0,2.5683363900889775,mean
1627,B0,15,BTCUSDT,2026-07-24 09:29:00+00:00,2026-07-24 09:31:00+00:00,2026-07-24 11:31:00+00:00,10986.798734054062,10990.046968794557,10990.046968794557,10994.953156683849,4.906187889291317,4.397000025095681,0.0,0.5091878641956358,0.5091878641956358,120.0,-2.007946201397689,mean
1628,B0,15,LTCUSDT,2026-07-24 10:44:00+00:00,2026-07-24 10:46:00+00:00,2026-07-24 12:46:00+00:00,10983.628393839215,10990.776091275553,10990.776091275553,11031.279710081466,40.50361880591338,4.404411160271405,0.0,36.09920764564198,36.09920764564198,120.0,-3.0147560146607377,mean
1626,B0,15,SUIUSDT,2026-07-24 09:14:00+00:00,2026-07-24 09:16:00+00:00,2026-07-24 13:31:00+00:00,10985.356199833746,10967.4111583965,10967.4111583965,10795.437844622898,-171.97331377360305,4.35256980060388,0.0,-176.32588357420693,-176.32588357420693,255.0,-2.180413868449152,timeout
1629,B0,15,NEARUSDT,2026-07-24 12:44:00+00:00,2026-07-24 12:46:00+00:00,2026-07-24 14:46:00+00:00,10983.71255207907,10977.820002426668,10977.820002426668,10618.374473630089,-359.4455287965787,4.319238895211351,0.0,-363.76476769179004,-363.76476769179004,120.0,-2.127184228945369,stop
1631,B0,15,FILUSDT,2026-07-24 13:44:00+00:00,2026-07-24 13:46:00+00:00,2026-07-24 15:16:00+00:00,10957.223688106,10971.006359411793,10971.006359411793,11073.610690243811,102.60433083201873,4.408923409931121,0.0,98.19540742208761,98.19540742208761,90.0,-2.9609119266142745,mean
1630,B0,15,BNBUSDT,2026-07-24 12:59:00+00:00,2026-07-24 13:01:00+00:00,2026-07-24 15:31:00+00:00,10978.29448241217,10974.596776417384,10974.596776417384,10924.77505354028,-49.821722877104335,4.379874365991533,0.0,-54.20159724309587,-54.20159724309587,150.0,-2.1024421399313393,mean
1633,B0,15,XLMUSDT,2026-07-24 15:29:00+00:00,2026-07-24 15:31:00+00:00,2026-07-24 17:31:00+00:00,10949.995406817025,10945.681958992169,10945.681958992169,10948.76299315278,3.081034160612217,4.37888899042899,2.2388576763782524,-1.2978548298167727,0.9410028465614797,120.0,-2.8402675844553023,mean
1632,B0,15,NEARUSDT,2026-07-24 14:59:00+00:00,2026-07-24 15:01:00+00:00,2026-07-24 17:46:00+00:00,10934.062774014854,10909.858982594787,10909.858982594787,11012.725096130069,102.86611353528163,4.384516815744972,-0.982681542849124,98.48159671953667,97.49891517668755,165.0,-4.636516136278309,mean
1634,B0,15,BNBUSDT,2026-07-24 19:14:00+00:00,2026-07-24 19:16:00+00:00,2026-07-24 21:31:00+00:00,10950.31506147393,10970.083421967909,10970.083421967909,10948.958409283166,21.125012684741307,4.383808366250215,0.0,16.741204318491093,16.741204318491093,135.0,2.049529066491816,mean
1636,B0,15,TRXUSDT,2026-07-24 19:59:00+00:00,2026-07-24 20:01:00+00:00,2026-07-24 21:31:00+00:00,10957.796736728293,10961.425583190961,10961.425583190961,10909.302152181717,52.1234310092455,4.374145547074535,0.0,47.74928546217096,47.74928546217096,90.0,3.015799783660591,mean
1635,B0,15,HBARUSDT,2026-07-24 19:44:00+00:00,2026-07-24 19:46:00+00:00,2026-07-24 22:01:00+00:00,10950.929031865531,10935.698254352506,10935.698254352506,10882.390533056916,53.30772129559068,4.363617757481885,0.0,48.9441035381088,48.9441035381088,135.0,2.84524485660336,mean
1637,B0,15,UNIUSDT,2026-07-24 21:59:00+00:00,2026-07-24 22:01:00+00:00,2026-07-24 23:46:00+00:00,10961.876168616469,10961.876168616469,10961.876168616469,11049.477736293211,87.60156767674266,4.402270780981937,0.0,83.19929689576072,83.19929689576072,105.0,-2.677223945036361,mean
1638,B0,15,HBARUSDT,2026-07-24 23:29:00+00:00,2026-07-24 23:31:00+00:00,2026-07-25 01:46:00+00:00,10967.863398245398,10963.200191018252,10963.200191018252,10947.656166927769,-15.544024090482129,4.382171271589204,0.6655306038545425,-19.926195362071333,-19.26066475821679,135.0,-2.251463901477794,mean
1639,B0,15,AAVEUSDT,2026-07-25 00:44:00+00:00,2026-07-25 00:46:00+00:00,2026-07-25 03:31:00+00:00,10960.810205579468,10966.78926416859,10966.78926416859,10942.8730298121,-23.91623435648886,4.381932458796138,0.0,-28.298166815284997,-28.298166815284997,165.0,-2.242665078376514,mean
1640,B0,15,TRXUSDT,2026-07-25 03:14:00+00:00,2026-07-25 03:16:00+00:00,2026-07-25 05:46:00+00:00,10963.169382534763,10961.173962656248,10961.173962656248,10968.823072190553,7.6491095343033,4.3859994069693595,0.0,3.2631101273339405,3.2631101273339405,150.0,-2.0763071183270454,mean
1641,B0,15,UNIUSDT,2026-07-25 05:14:00+00:00,2026-07-25 05:16:00+00:00,2026-07-25 07:31:00+00:00,10965.302656840558,10956.353824422027,10956.353824422027,10965.302656840558,8.948832418531806,4.384331296252517,0.0,4.564501122279289,4.564501122279289,135.0,-3.2076100844205,mean
1642,B0,15,SUIUSDT,2026-07-25 07:44:00+00:00,2026-07-25 07:46:00+00:00,2026-07-25 09:31:00+00:00,10966.005328462998,10970.686321061943,10970.686321061943,11001.892938388246,31.20661732630338,4.394515851890038,0.16848577520940483,26.812101474413346,26.98058724962275,105.0,-2.1837579455167426,mean
1643,B0,15,AVAXUSDT,2026-07-25 13:44:00+00:00,2026-07-25 13:46:00+00:00,2026-07-25 16:16:00+00:00,10968.70338718796,10975.543863263538,10975.543863263538,11350.059928401386,-374.516065137848,4.465120758332985,1.1253518630731318,-378.981185896181,-377.85583403310784,150.0,3.515502600661914,stop
1644,B0,15,DOGEUSDT,2026-07-25 15:14:00+00:00,2026-07-25 15:16:00+00:00,2026-07-25 17:46:00+00:00,10946.423340966958,10951.064933903057,10951.064933903057,11350.241926407576,-399.1769925045193,4.460261372062126,0.5202148367646582,-403.6372538765815,-403.11703903981686,150.0,2.593827028208621,stop
1645,B0,15,AVAXUSDT,2026-07-25 16:44:00+00:00,2026-07-25 16:46:00+00:00,2026-07-25 18:31:00+00:00,10910.791954344422,10949.939660564225,10949.939660564225,10803.135762239963,146.80389832426317,4.350615084560838,0.0,142.45328323970233,142.45328323970233,105.0,2.888058125693435,mean
1646,B0,15,TRXUSDT,2026-07-25 16:59:00+00:00,2026-07-25 17:01:00+00:00,2026-07-25 19:01:00+00:00,10917.32785412146,10908.12046918425,10908.12046918425,10888.061523428183,20.05894575606652,4.359236398522487,0.0,15.699709357544036,15.699709357544036,120.0,3.6829587272571573,mean
1647,B0,15,DOGEUSDT,2026-07-25 17:59:00+00:00,2026-07-25 18:01:00+00:00,2026-07-25 19:31:00+00:00,10896.713418443185,10914.584207157319,10914.584207157319,10825.23026358665,89.35394357066826,4.347962894148794,0.0,85.00598067651947,85.00598067651947,90.0,4.40224360629376,mean
1648,B0,15,DOGEUSDT,2026-07-26 02:29:00+00:00,2026-07-26 02:31:00+00:00,2026-07-26 06:31:00+00:00,10914.921997208043,10908.916538062398,10908.916538062398,10920.927456353686,-12.01091829128759,4.365968798883217,0.0,-16.376887090170804,-16.376887090170804,240.0,2.003181903653614,mean
1649,B0,15,AAVEUSDT,2026-07-26 06:44:00+00:00,2026-07-26 06:46:00+00:00,2026-07-26 08:46:00+00:00,10913.284308499027,10915.615210743474,10915.615210743474,10836.364534432289,79.25067631118387,4.3503959490351525,0.4880450083094744,74.90028036214872,75.38832537045819,120.0,2.1715536737794463,mean
1652,B0,15,UNIUSDT,2026-07-26 10:59:00+00:00,2026-07-26 11:01:00+00:00,2026-07-26 12:16:00+00:00,10906.58165719944,10962.242428482488,10962.242428482488,11299.136570458835,-336.8941419763465,4.452275799788264,0.0,-341.34641777613473,-341.34641777613473,75.0,2.060913131746592,stop
1650,B0,15,AAVEUSDT,2026-07-26 10:14:00+00:00,2026-07-26 10:16:00+00:00,2026-07-26 12:46:00+00:00,10920.823141036075,10927.756996998638,10927.756996998638,11066.43411624989,-138.67711925125207,4.398838222649706,0.0,-143.07595747390178,-143.07595747390178,150.0,2.162659852774813,mean
1651,B0,15,TRXUSDT,2026-07-26 10:44:00+00:00,2026-07-26 10:46:00+00:00,2026-07-26 14:01:00+00:00,10908.701466493736,10908.701466493736,10908.701466493736,10915.923163420279,-7.221696926542489,4.364924925982803,0.0,-11.58662185252529,-11.58662185252529,195.0,2.200974994114775,mean
1653,B0,15,UNIUSDT,2026-07-26 12:29:00+00:00,2026-07-26 12:31:00+00:00,2026-07-26 14:31:00+00:00,10869.660428254843,10847.346524373386,10847.346524373386,10702.306149143917,145.04037522947078,4.309930534703461,0.0,140.73044469476733,140.73044469476733,120.0,6.95205464846448,mean
1654,B0,15,LTCUSDT,2026-07-26 14:29:00+00:00,2026-07-26 14:31:00+00:00,2026-07-26 15:16:00+00:00,10885.23040811976,10868.910722350465,10868.910722350465,10987.811290098187,118.90056774772185,4.37134440248973,0.0,114.52922334523211,114.52922334523211,45.0,-2.51287653309528,mean
1656,B0,15,AAVEUSDT,2026-07-26 15:44:00+00:00,2026-07-26 15:46:00+00:00,2026-07-26 17:16:00+00:00,10891.986209129447,10897.559838343004,10897.559838343004,10835.135191151187,62.42464719181778,4.346539005898838,1.0559763240027853,58.07810818591894,59.13408450992173,90.0,2.4312117970154303,mean
1655,B0,15,ETHUSDT,2026-07-26 15:29:00+00:00,2026-07-26 15:31:00+00:00,2026-07-26 17:46:00+00:00,10896.748208129819,10893.833110780812,10893.833110780812,10930.014613171423,-36.18150239061108,4.364769544790446,0.21256455182158968,-40.54627193540153,-40.33370738357994,135.0,2.4055328171314,mean
1657,B0,15,UNIUSDT,2026-07-26 15:44:00+00:00,2026-07-26 15:46:00+00:00,2026-07-26 17:46:00+00:00,10891.986209129447,10861.491974387676,10861.491974387676,10789.414692270759,72.07728211691736,4.330181333331687,1.0955746881771338,67.74710078358568,68.84267547176282,120.0,2.2168596284935567,mean
1658,B0,15,LTCUSDT,2026-07-26 17:29:00+00:00,2026-07-26 17:31:00+00:00,2026-07-26 18:16:00+00:00,10902.957496033152,10900.67319737486,10900.67319737486,10891.536002741686,9.137194633172362,4.358441840023309,0.0,4.778752793149053,4.778752793149053,45.0,2.645069876933071,mean
1659,B0,15,BCHUSDT,2026-07-26 17:59:00+00:00,2026-07-26 18:01:00+00:00,2026-07-26 21:01:00+00:00,10904.380780462365,10896.23976546132,10896.23976546132,10941.015347967068,-44.77558250574789,4.367451022685678,0.0,-49.14303352843357,-49.14303352843357,180.0,2.0470277413942517,mean
1661,B0,15,LINKUSDT,2026-07-26 22:14:00+00:00,2026-07-26 22:16:00+00:00,2026-07-27 00:46:00+00:00,10901.076085316103,10907.334597249343,10907.334597249343,10983.68844283486,-76.35384558551861,4.378204608016841,1.1043770157393957,-80.73205019353546,-79.62767317779605,150.0,2.927527207178238,mean
1662,B0,15,ETHUSDT,2026-07-26 22:14:00+00:00,2026-07-26 22:16:00+00:00,2026-07-27 00:46:00+00:00,10901.076085316103,10903.495683164998,10903.495683164998,10928.085549675861,-24.589866510863207,4.3663162465681715,1.0994541132842446,-28.956182757431378,-27.856728644147132,150.0,2.8650738240753673,mean
1660,B0,15,AAVEUSDT,2026-07-26 22:14:00+00:00,2026-07-26 22:16:00+00:00,2026-07-27 01:01:00+00:00,10901.076085316103,10920.950426401456,10920.950426401456,11117.48557713439,-196.53515073293502,4.407687200707169,1.11980870715361,-200.94283793364218,-199.82302922648856,165.0,3.0927326713269716,mean
1663,B0,15,LTCUSDT,2026-07-27 01:29:00+00:00,2026-07-27 01:31:00+00:00,2026-07-27 03:16:00+00:00,10870.345342211258,10872.643512473884,10872.643512473884,10874.941682736508,2.2981702626234877,4.3495170390420785,0.0,-2.0513467764185904,-2.0513467764185904,105.0,-2.10623209615486,mean
1664,B0,15,BCHUSDT,2026-07-27 05:59:00+00:00,2026-07-27 06:01:00+00:00,2026-07-27 07:01:00+00:00,10870.140207533617,10881.108564391194,10881.108564391194,10811.808491518326,69.30007287286878,4.338583411181904,0.0,64.96148946168687,64.96148946168687,60.0,2.09190258007721,mean
1665,B0,15,ETHUSDT,2026-07-27 06:14:00+00:00,2026-07-27 06:16:00+00:00,2026-07-27 08:01:00+00:00,10869.623448357122,10873.155485465384,10873.155485465384,10849.590175383699,23.565310081685613,4.344549132169817,0.8842682716927468,19.220760949515796,20.105029221208543,105.0,2.0640048087538254,mean
1666,B0,15,AAVEUSDT,2026-07-27 07:44:00+00:00,2026-07-27 07:46:00+00:00,2026-07-27 08:31:00+00:00,10878.924432193751,10874.670282450004,10874.670282450004,10777.88837577979,96.78190667021484,4.330511731645959,1.0831324902796833,92.45139493856888,93.53452742884856,45.0,2.0420560965218226,mean
1667,B0,15,DOTUSDT,2026-07-27 09:14:00+00:00,2026-07-27 09:16:00+00:00,2026-07-27 10:16:00+00:00,10888.000312144793,10893.398428313432,10893.398428313432,10948.729119041982,55.3306907285493,4.368425509471082,0.0,50.96226521907822,50.96226521907822,60.0,-2.1365673563229817,mean
1668,B0,15,BNBUSDT,2026-07-27 09:14:00+00:00,2026-07-27 09:16:00+00:00,2026-07-27 10:46:00+00:00,10888.000312144793,10890.093280190258,10890.093280190258,10929.288863587115,39.1955833968574,4.363876428755474,0.0,34.831706968101926,34.831706968101926,90.0,-2.064348018887426,mean
1670,B0,15,TRXUSDT,2026-07-27 11:14:00+00:00,2026-07-27 11:16:00+00:00,2026-07-27 12:46:00+00:00,10898.799008348355,10898.799008348356,10898.799008348356,10926.864018367127,28.065010018771524,4.3651326053430966,0.0,23.69987741342843,23.69987741342843,90.0,-2.19442483242823,mean
1669,B0,15,BCHUSDT,2026-07-27 10:44:00+00:00,2026-07-27 10:46:00+00:00,2026-07-27 13:16:00+00:00,10896.588998336236,10898.578606954183,10898.578606954183,10864.7552604491,33.82334650508383,4.352666773480657,0.0,29.470679731603177,29.470679731603177,150.0,2.520941540557984,mean
1673,B0,15,BTCUSDT,2026-07-27 13:44:00+00:00,2026-07-27 13:46:00+00:00,2026-07-27 14:01:00+00:00,10901.896765078012,10898.20952271296,10898.20952271296,10838.914679274922,59.29484343803714,4.347424840397577,0.0,54.94741859763956,54.94741859763956,15.0,2.35279085868557,mean
1671,B0,15,BNBUSDT,2026-07-27 13:44:00+00:00,2026-07-27 13:46:00+00:00,2026-07-27 16:31:00+00:00,10901.896765078012,10898.30719678174,10898.30719678174,10805.73411966731,92.57307711443032,4.34080826328981,0.0,88.2322688511405,88.2322688511405,165.0,2.620758926579987,mean
1672,B0,15,SOLUSDT,2026-07-27 13:44:00+00:00,2026-07-27 13:46:00+00:00,2026-07-27 16:46:00+00:00,10901.896765078012,10904.715613627484,10904.715613627484,10687.664275318239,217.05133830924638,4.318475977789144,0.4066000714280607,212.73286233145723,213.1394624028853,180.0,2.3737359688810677,mean
1674,B0,15,SUIUSDT,2026-07-27 14:29:00+00:00,2026-07-27 14:31:00+00:00,2026-07-27 16:46:00+00:00,10942.023243810407,10859.647216548767,10859.647216548767,10948.240302471664,88.59308592289736,4.361577503804086,0.4642986491343717,84.23150841909327,84.69580706822765,135.0,-2.9300157912595073,mean
1675,B0,15,BNBUSDT,2026-07-27 17:29:00+00:00,2026-07-27 17:31:00+00:00,2026-07-27 20:46:00+00:00,10945.998260770002,10953.052691726587,10953.052691726587,10960.869763867668,-7.81707214107985,4.382784491118851,0.0,-12.199856632198701,-12.199856632198701,195.0,2.2244942557441205,mean
1676,B0,15,NEARUSDT,2026-07-27 18:44:00+00:00,2026-07-27 18:46:00+00:00,2026-07-27 21:01:00+00:00,10945.550407360819,10945.550407360819,10945.550407360819,10939.25262231631,-6.29778504451071,4.376960605935426,0.0,-10.674745650446136,-10.674745650446136,135.0,-2.942697503960431,mean
1677,B0,15,DOTUSDT,2026-07-27 22:14:00+00:00,2026-07-27 22:16:00+00:00,2026-07-27 23:01:00+00:00,10943.710800541738,10938.117286204635,10938.117286204635,10542.376146854609,-395.74113935002697,4.296098686611849,0.0,-400.0372380366388,-400.0372380366388,45.0,-2.2507955304460423,stop
1680,B0,15,DOTUSDT,2026-07-27 23:14:00+00:00,2026-07-27 23:16:00+00:00,2026-07-28 01:16:00+00:00,10886.673345957024,10876.586421612657,10876.586421612657,10914.052140606023,37.46571899336541,4.358127712443736,1.2059425041126905,33.10759128092167,34.31353378503436,120.0,-7.983997003450876,mean
1678,B0,15,XRPUSDT,2026-07-27 22:29:00+00:00,2026-07-27 22:31:00+00:00,2026-07-28 02:46:00+00:00,10942.51317318702,10938.458513372963,10938.458513372963,10705.315574064673,-233.14293930829135,4.328754817487527,0.9332550033239597,-237.47169412577887,-236.53843912245492,255.0,-2.250904935173674,timeout
1679,B0,15,BNBUSDT,2026-07-27 22:44:00+00:00,2026-07-27 22:46:00+00:00,2026-07-28 03:01:00+00:00,10929.161297660568,10912.841092637886,10912.841092637886,10859.848426917175,-52.99266572071092,4.354537903911012,-0.24334284323606606,-57.34720362462193,-57.590546467858,255.0,-3.6800923685047184,timeout
1681,B0,15,SOLUSDT,2026-07-28 01:29:00+00:00,2026-07-28 01:31:00+00:00,2026-07-28 03:31:00+00:00,10882.76067544104,10884.245160596603,10884.245160596603,10859.008912952015,-25.236247644589287,4.348650814709724,0.0,-29.584898459299012,-29.584898459299012,120.0,-2.0678837645760613,mean
1682,B0,15,UNIUSDT,2026-07-28 10:29:00+00:00,2026-07-28 10:31:00+00:00,2026-07-28 13:16:00+00:00,10874.767041711617,10900.618310432008,10900.618310432008,11225.195351032487,-324.57704060047877,4.425162732292899,0.0,-329.00220333277167,-329.00220333277167,165.0,2.13297233819697,stop
1685,B0,15,UNIUSDT,2026-07-28 13:59:00+00:00,2026-07-28 14:01:00+00:00,2026-07-28 14:46:00+00:00,10841.86682137834,10866.912201612531,10866.912201612531,10808.472981066087,58.43922054644357,4.335077036535724,0.0,54.10414350990785,54.10414350990785,45.0,2.168152392120026,mean
1683,B0,15,NEARUSDT,2026-07-28 13:59:00+00:00,2026-07-28 14:01:00+00:00,2026-07-28 15:31:00+00:00,10841.86682137834,10848.518273415995,10848.518273415995,11028.107478432692,179.58920501669587,4.375325150369738,0.0,175.21387986632615,175.21387986632615,90.0,-2.951857642675667,mean
1684,B0,15,BCHUSDT,2026-07-28 13:59:00+00:00,2026-07-28 14:01:00+00:00,2026-07-28 16:31:00+00:00,10841.86682137834,10855.274761701583,10855.274761701583,10968.210874424272,112.93611272269092,4.3646971272251704,-0.4945230318016696,108.57141559546575,108.07689256366409,150.0,-2.549599504657634,mean
1686,B0,15,AAVEUSDT,2026-07-28 14:59:00+00:00,2026-07-28 15:01:00+00:00,2026-07-28 17:46:00+00:00,10859.960795188554,10875.267293842802,10875.267293842802,10935.399967127345,-60.13267328454318,4.36213345219403,0.605899002657725,-64.4948067367372,-63.88890773407948,165.0,2.7290518158226096,mean
1688,B0,15,ETHUSDT,2026-07-28 16:44:00+00:00,2026-07-28 16:46:00+00:00,2026-07-28 18:16:00+00:00,10857.057832175062,10857.22734215688,10857.22734215688,10785.976646465659,71.25069569122215,4.328640797724508,0.0,66.92205489349764,66.92205489349764,90.0,2.9860930620618316,mean
1687,B0,15,BNBUSDT,2026-07-28 15:44:00+00:00,2026-07-28 15:46:00+00:00,2026-07-28 18:46:00+00:00,10876.85767659674,10874.205939418292,10874.205939418292,10791.055037894113,83.15090152417856,4.333052195462481,0.8587350643322065,78.81784932871608,79.67658439304829,180.0,3.74145101540247,mean
1690,B0,15,LTCUSDT,2026-07-28 22:59:00+00:00,2026-07-28 23:01:00+00:00,2026-07-29 00:16:00+00:00,10894.40167989125,10896.771573665428,10896.771573665428,10974.978068213268,78.20649454783928,4.374349928375739,-0.3479904857115267,73.83214461946355,73.48415413375203,75.0,-2.174533119911392,mean
1689,B0,15,ADAUSDT,2026-07-28 22:14:00+00:00,2026-07-28 22:16:00+00:00,2026-07-29 01:16:00+00:00,10883.87728612758,10924.163074971975,10924.163074971975,10883.877286127577,40.28578884439688,4.36160807221991,1.0870448689846113,35.92418077217697,37.01122564116158,180.0,2.498499725791961,mean
1691,B0,15,XRPUSDT,2026-07-29 00:44:00+00:00,2026-07-29 00:46:00+00:00,2026-07-29 02:01:00+00:00,10890.44449295228,10906.62492863686,10906.62492863686,10819.655086832245,86.96984180461413,4.345256003093821,0.0,82.62458580152031,82.62458580152031,75.0,2.1577949580069284,mean
1693,B0,15,ADAUSDT,2026-07-29 02:44:00+00:00,2026-07-29 02:46:00+00:00,2026-07-29 04:16:00+00:00,10909.66396746019,10922.768668922603,10922.768668922603,10686.88404259914,235.88462632346304,4.321930542304349,0.0,231.56269578115868,231.56269578115868,90.0,3.4268396481559082,mean
1692,B0,15,NEARUSDT,2026-07-29 01:59:00+00:00,2026-07-29 02:01:00+00:00,2026-07-29 05:01:00+00:00,10901.787632218502,10881.710675253089,10881.710675253089,10875.01835626462,-6.692318988469798,4.3513458063035415,0.0,-11.043664794773338,-11.043664794773338,180.0,-2.0190198282716105,mean
1694,B0,15,FILUSDT,2026-07-29 03:29:00+00:00,2026-07-29 03:31:00+00:00,2026-07-29 05:31:00+00:00,10919.747314522301,10891.252757888291,10891.252757888291,10971.987335017988,80.73457712969685,4.3726480185812555,0.0,76.36192911111559,76.36192911111559,120.0,-2.5550431354255836,mean
1695,B0,15,LTCUSDT,2026-07-29 04:29:00+00:00,2026-07-29 04:31:00+00:00,2026-07-29 06:16:00+00:00,10907.279658414567,10912.111233014088,10912.111233014088,10958.011191709518,45.89995869543174,4.374024484944721,0.0,41.52593421048702,41.52593421048702,105.0,-4.554221061858608,mean
1696,B0,15,XRPUSDT,2026-07-29 05:14:00+00:00,2026-07-29 05:16:00+00:00,2026-07-29 07:46:00+00:00,10930.245954735434,10909.131506658032,10909.131506658032,10937.28410409457,-28.152597436538223,4.36928312215052,0.0,-32.52188055868874,-32.52188055868874,150.0,2.1291681519055357,mean
1697,B0,15,BTCUSDT,2026-07-29 06:44:00+00:00,2026-07-29 06:46:00+00:00,2026-07-29 08:31:00+00:00,10933.795439760548,10925.617074657885,10925.617074657885,10908.887058078582,16.730016579303562,4.366900826547294,1.0949907153445144,12.363115752756269,13.458106468100784,105.0,2.1229207711699782,mean
1698,B0,15,NEARUSDT,2026-07-29 08:29:00+00:00,2026-07-29 08:31:00+00:00,2026-07-29 10:16:00+00:00,10935.630221009838,10942.564672640157,10942.564672640157,11053.515898725229,110.9512260850714,4.399216114273077,0.0,106.55200997079832,106.55200997079832,105.0,-2.916435544001225,mean
1699,B0,15,UNIUSDT,2026-07-29 09:14:00+00:00,2026-07-29 09:16:00+00:00,2026-07-29 11:46:00+00:00,10945.306420858988,10984.557007409201,10984.557007409201,11346.223126336148,-361.6661189269479,4.46615602674907,0.0,-366.13227495369694,-366.13227495369694,150.0,2.1113176927238353,stop
1700,B0,15,TRXUSDT,2026-07-29 11:14:00+00:00,2026-07-29 11:16:00+00:00,2026-07-29 13:31:00+00:00,10914.158635323729,10917.49344302213,10917.49344302213,10890.48150066509,27.011942357039764,4.361594988737444,0.0,22.65034736830232,22.65034736830232,135.0,2.0363005271020844,mean
1701,B0,15,XRPUSDT,2026-07-29 12:29:00+00:00,2026-07-29 12:31:00+00:00,2026-07-29 16:31:00+00:00,10910.681318342984,10900.547872333565,10900.547872333565,10840.760540877984,-59.78733145558074,4.34826168264231,-1.0821654435099521,-64.13559313822304,-65.217758581733,240.0,-2.0315197283751307,mean
1702,B0,15,UNIUSDT,2026-07-29 15:44:00+00:00,2026-07-29 15:46:00+00:00,2026-07-29 17:46:00+00:00,10903.916510861278,10890.110589728256,10890.110589728256,10923.24480044751,33.134210719254355,4.362671078035153,-0.5352522178898333,28.771539641219203,28.23628742332937,120.0,-2.0991873453635215,mean
1703,B0,15,FILUSDT,2026-07-29 16:44:00+00:00,2026-07-29 16:46:00+00:00,2026-07-29 18:46:00+00:00,10902.980789117786,10911.08227580906,10911.08227580906,11060.149630928518,149.06735511945828,4.394246381347516,0.0,144.67310873811078,144.67310873811078,120.0,-3.635621984290985,mean
1704,B0,15,XRPUSDT,2026-07-29 18:14:00+00:00,2026-07-29 18:16:00+00:00,2026-07-29 19:46:00+00:00,10919.018345285762,10917.007846603146,10917.007846603146,10777.278188161356,139.72965844179004,4.3388572069529,0.0,135.39080123483714,135.39080123483714,90.0,2.813374901260141,mean
1706,B0,15,NEARUSDT,2026-07-29 18:59:00+00:00,2026-07-29 19:01:00+00:00,2026-07-29 20:01:00+00:00,10911.411506356675,10918.105623845238,10918.105623845238,10703.893864211243,214.21175963399628,4.324399897611296,0.0,209.88735973638498,209.88735973638498,60.0,3.542221540160965,mean
1707,B0,15,BCHUSDT,2026-07-29 19:59:00+00:00,2026-07-29 20:01:00+00:00,2026-07-29 22:01:00+00:00,10979.059885180146,10972.658723066543,10972.658723066543,11076.677607412581,104.01888434603767,4.409867266095825,0.0,99.60901707994184,99.60901707994184,120.0,-4.299581907055247,mean
1705,B0,15,ADAUSDT,2026-07-29 18:14:00+00:00,2026-07-29 18:16:00+00:00,2026-07-29 22:16:00+00:00,10919.018345285762,10925.58420117589,10925.58420117589,10702.34510091148,223.23910026441035,4.325585860417474,0.0,218.91351440399288,218.91351440399288,240.0,2.6291460740034163,mean
1708,B0,15,AAVEUSDT,2026-07-29 20:14:00+00:00,2026-07-29 20:16:00+00:00,2026-07-29 22:31:00+00:00,10974.140584258346,10970.736342530214,10970.736342530214,10966.19735355937,-4.5389889708448194,4.387386739217916,0.0,-8.926375710062736,-8.926375710062736,135.0,-2.7859028430928006,mean
1709,B0,15,UNIUSDT,2026-07-29 22:44:00+00:00,2026-07-29 22:46:00+00:00,2026-07-30 00:31:00+00:00,10987.687198377987,10971.250867490362,10971.250867490362,10946.596371158923,24.654496331438732,4.383569447729857,1.0925796221814517,20.270926883708874,21.363506505890324,105.0,2.0699107953028006,mean
1710,B0,15,BCHUSDT,2026-07-29 22:59:00+00:00,2026-07-29 23:01:00+00:00,2026-07-30 00:46:00+00:00,10988.837467601274,10991.46022703313,10991.46022703313,10964.708080828173,26.752146204957512,4.391233661572261,-0.14596649215014154,22.360912543385254,22.214946051235113,105.0,2.1176117511610797,mean
1711,B0,15,LTCUSDT,2026-07-29 23:44:00+00:00,2026-07-29 23:46:00+00:00,2026-07-30 00:46:00+00:00,10983.179821019476,10985.59955660463,10985.59955660463,10920.26669580544,65.33286079918958,4.381173250482014,-0.013187000977106756,60.95168754870756,60.938500547730456,60.0,2.1757026769227057,mean
1712,B0,15,BNBUSDT,2026-07-30 01:59:00+00:00,2026-07-30 02:01:00+00:00,2026-07-30 03:16:00+00:00,10998.138893688474,11013.40904956579,11013.40904956579,10963.208412119113,50.20063744667667,4.39532349233698,0.0,45.805313954339695,45.805313954339695,75.0,2.162201435202752,mean
1715,B0,15,AAVEUSDT,2026-07-30 08:44:00+00:00,2026-07-30 08:46:00+00:00,2026-07-30 10:46:00+00:00,11003.503059830113,10992.253184500565,10992.253184500565,10982.128296703973,10.124887796591262,4.394876296240907,0.0,5.730011500350354,5.730011500350354,120.0,2.1183955613653604,mean
1713,B0,15,TRXUSDT,2026-07-30 07:44:00+00:00,2026-07-30 07:46:00+00:00,2026-07-30 12:01:00+00:00,11002.719425083907,11004.06138378925,11004.06138378925,11028.552130161708,-24.490746372458062,4.406522702790191,-1.0339995802369086,-28.897269075248254,-29.931268655485162,255.0,2.9029254037478016,timeout
1714,B0,15,BNBUSDT,2026-07-30 08:44:00+00:00,2026-07-30 08:46:00+00:00,2026-07-30 13:01:00+00:00,11003.503059830113,11009.7783882031,11009.7783882031,11166.471436061873,-156.6930478587727,4.435249964852995,0.0,-161.1282978236257,-161.1282978236257,255.0,2.619170680947175,timeout
1716,B0,15,UNIUSDT,2026-07-30 11:44:00+00:00,2026-07-30 11:46:00+00:00,2026-07-30 13:16:00+00:00,10980.905219067841,10940.87761802628,10940.87761802628,11277.10946677538,-336.23184874910123,4.443597416960332,0.0,-340.67544616606153,-340.67544616606153,90.0,2.0590797142078086,stop
1717,B0,15,AAVEUSDT,2026-07-30 12:14:00+00:00,2026-07-30 12:16:00+00:00,2026-07-30 14:31:00+00:00,10971.063871608538,10941.278177839466,10941.278177839466,10879.50044261472,61.777735224744156,4.364155724090837,0.0,57.41357950065332,57.41357950065332,135.0,2.0067889376370642,mean
1719,B0,15,ADAUSDT,2026-07-30 13:44:00+00:00,2026-07-30 13:46:00+00:00,2026-07-30 15:16:00+00:00,10943.030976751872,10956.11290260573,10956.11290260573,11466.308010906176,-510.195108300446,4.484484182702381,0.0,-514.6795924831484,-514.6795924831484,90.0,2.4882073523602406,stop
1718,B0,15,UNIUSDT,2026-07-30 13:29:00+00:00,2026-07-30 13:31:00+00:00,2026-07-30 16:16:00+00:00,10952.988986167105,10968.573034997316,10968.573034997316,11384.147670469629,-415.57463547231174,4.470544141093389,1.124189862854088,-420.0451796134051,-418.920989750551,165.0,2.622196083053486,stop
1721,B0,15,ADAUSDT,2026-07-30 15:29:00+00:00,2026-07-30 15:31:00+00:00,2026-07-30 17:01:00+00:00,10882.012463067373,10882.012463067373,10882.012463067373,10602.34909308563,279.66336998174313,4.296872311230601,1.0686558219683755,275.3664976705125,276.4351534924809,90.0,7.025728344930405,mean
1720,B0,15,BCHUSDT,2026-07-30 14:44:00+00:00,2026-07-30 14:46:00+00:00,2026-07-30 17:16:00+00:00,10912.422827174634,10915.915121774839,10915.915121774839,10896.956951088025,18.958170686813066,4.362574414572572,1.0967370463693813,14.595596272240494,15.692333318609876,150.0,5.245053206588101,mean
1722,B0,15,UNIUSDT,2026-07-30 16:29:00+00:00,2026-07-30 16:31:00+00:00,2026-07-30 18:31:00+00:00,10877.66068630845,10877.66068630845,10877.66068630845,10860.425823292568,17.23486301588168,4.347617301920204,0.0,12.887245713961475,12.887245713961475,120.0,2.68286843211511,mean
1724,B0,15,BNBUSDT,2026-07-30 17:44:00+00:00,2026-07-30 17:46:00+00:00,2026-07-30 19:31:00+00:00,10895.961253924832,10901.817428199267,10901.817428199267,10881.50382368482,20.31360451444719,4.356664250376817,0.0,15.956940264070369,15.956940264070369,105.0,2.312697688977748,mean
1723,B0,15,FILUSDT,2026-07-30 17:29:00+00:00,2026-07-30 17:31:00+00:00,2026-07-30 21:16:00+00:00,10893.957543451485,10922.602048478551,10922.602048478551,10881.89669922956,40.705349248988924,4.360899749541622,0.0,36.34444949944731,36.34444949944731,225.0,4.677407593879528,mean
1725,B0,15,UNIUSDT,2026-07-31 01:29:00+00:00,2026-07-31 01:31:00+00:00,2026-07-31 03:01:00+00:00,10898.231836924979,10883.85106036427,10883.85106036427,10610.616305710771,273.23475465349816,4.298893473215008,0.0,268.9358611802831,268.9358611802831,90.0,2.2454204618044336,mean
1728,B0,15,BNBUSDT,2026-07-31 03:14:00+00:00,2026-07-31 03:16:00+00:00,2026-07-31 04:01:00+00:00,10916.249736462698,10906.584732950198,10906.584732950198,10961.600906790574,55.01617384037659,4.373637127948154,0.0,50.64253671242844,50.64253671242844,45.0,-2.1089989787657695,mean
1727,B0,15,BTCUSDT,2026-07-31 02:44:00+00:00,2026-07-31 02:46:00+00:00,2026-07-31 04:31:00+00:00,10899.620437389407,10903.491282394025,10903.491282394025,10921.11381359926,17.622531205235017,4.364921019198658,0.0,13.25761018603636,13.25761018603636,105.0,-2.348041994306575,mean
1726,B0,15,NEARUSDT,2026-07-31 02:29:00+00:00,2026-07-31 02:31:00+00:00,2026-07-31 05:16:00+00:00,10910.956858808411,10937.439763805518,10937.439763805518,10904.336132559134,-33.10363124638404,4.36835517927293,0.0,-37.47198642565697,-37.47198642565697,165.0,-2.2047669764614652,mean
1730,B0,15,UNIUSDT,2026-07-31 09:44:00+00:00,2026-07-31 09:46:00+00:00,2026-07-31 10:31:00+00:00,10933.219311270539,10948.517659187426,10948.517659187426,11180.542602593589,232.02494340616164,4.4258120523562035,0.0,227.59913135380543,227.59913135380543,45.0,-2.190160429494764,mean
1729,B0,15,BCHUSDT,2026-07-31 09:29:00+00:00,2026-07-31 09:31:00+00:00,2026-07-31 11:46:00+00:00,10927.768239090288,10919.820385929585,10919.820385929585,10984.992781847355,65.17239591777027,4.380962633555388,0.0,60.79143328421488,60.79143328421488,135.0,-4.978211764049149,mean
1731,B0,15,TRXUSDT,2026-07-31 10:14:00+00:00,2026-07-31 10:16:00+00:00,2026-07-31 12:46:00+00:00,10940.241996988694,10937.223073856,10937.223073856,10947.62158686862,10.398513012620706,4.376968932144924,0.0,6.021544080475781,6.021544080475781,150.0,-3.6738677267276536,mean
1734,B0,15,NEARUSDT,2026-07-31 14:29:00+00:00,2026-07-31 14:31:00+00:00,2026-07-31 15:01:00+00:00,10940.353753913821,10946.858125943498,10946.858125943498,10784.248825201616,162.6093007418829,4.346221390229022,0.0,158.26307935165386,158.26307935165386,30.0,2.377051961188768,mean
1732,B0,15,LINKUSDT,2026-07-31 13:59:00+00:00,2026-07-31 14:01:00+00:00,2026-07-31 16:16:00+00:00,10957.209449962138,10958.556868733653,10958.556868733653,10919.48172435971,-39.075144373942585,4.375607718618673,-0.5147439063809646,-43.45075209256125,-43.96549599894222,135.0,-2.357527648171007,mean
1733,B0,15,BTCUSDT,2026-07-31 13:59:00+00:00,2026-07-31 14:01:00+00:00,2026-07-31 16:31:00+00:00,10957.209449962138,10962.060218042112,10962.060218042112,10892.469020266213,-69.59119777589777,4.370905847661665,-0.6152059633476479,-73.96210362355944,-74.57730958690709,150.0,-2.0740032109840123,mean
1735,B0,15,XLMUSDT,2026-07-31 15:14:00+00:00,2026-07-31 15:16:00+00:00,2026-07-31 17:16:00+00:00,10956.309792242919,11000.68272012171,11000.68272012171,10917.641955091402,83.04076503030714,4.3836649350426224,-3.401225268025613,78.65710009526451,75.2558748272389,120.0,2.9635738708533035,mean
1737,B0,15,DOTUSDT,2026-07-31 17:59:00+00:00,2026-07-31 18:01:00+00:00,2026-07-31 19:16:00+00:00,10970.421834329838,10977.56682705768,10977.56682705768,10910.403895415957,67.16293164172286,4.3775941444947275,0.0,62.78533749722813,62.78533749722813,75.0,2.165120825773684,mean
1736,B0,15,NEARUSDT,2026-07-31 17:14:00+00:00,2026-07-31 17:16:00+00:00,2026-07-31 19:46:00+00:00,10968.798637866605,10988.143961742911,10988.143961742911,10904.314224945578,83.82973679733378,4.378491637337698,0.0,79.45124515999608,79.45124515999608,150.0,2.5011264828055757,mean
1738,B0,15,AAVEUSDT,2026-07-31 21:14:00+00:00,2026-07-31 21:16:00+00:00,2026-07-31 23:31:00+00:00,10982.930723087164,10981.761828799905,10981.761828799905,10991.112983097979,9.351154298073164,4.394574962379577,0.0,4.956579335693586,4.956579335693586,135.0,-2.966496283586404,mean
1739,B0,15,LTCUSDT,2026-07-31 22:59:00+00:00,2026-07-31 23:01:00+00:00,2026-08-01 00:46:00+00:00,10973.359933552514,10988.252527897983,10988.252527897983,11010.591419416183,22.33889151820144,4.399768789462833,0.44281669812003954,17.939122728738607,18.381939426858647,105.0,-2.4692014866466585,mean
1740,B0,15,AAVEUSDT,2026-08-01 00:59:00+00:00,2026-08-01 01:01:00+00:00,2026-08-01 02:16:00+00:00,10985.26457496342,11015.249465712855,11015.249465712855,11199.95639272938,184.70692701652558,4.4430411716884475,0.0,180.26388584483712,180.26388584483712,75.0,-2.5096033177896317,mean
1741,B0,15,HBARUSDT,2026-08-01 01:14:00+00:00,2026-08-01 01:16:00+00:00,2026-08-01 03:31:00+00:00,10989.00227555303,10979.59522552402,10979.59522552402,10959.213283794505,20.381941729516303,4.387761701863705,0.0,15.994180027652597,15.994180027652597,135.0,4.537610066216399,mean
1742,B0,15,UNIUSDT,2026-08-01 05:29:00+00:00,2026-08-01 05:31:00+00:00,2026-08-01 07:46:00+00:00,11004.89038155067,11010.191388478197,11010.191388478197,10893.569236072555,-116.62215240564184,4.380752124910151,0.0,-121.00290453055199,-121.00290453055199,135.0,-2.861049900571564,mean
1743,B0,15,BNBUSDT,2026-08-01 08:59:00+00:00,2026-08-01 09:01:00+00:00,2026-08-01 13:16:00+00:00,10992.790091097613,10991.665086994682,10991.665086994682,10852.914580966639,-138.75050602804475,4.368915933592264,0.0,-143.11942196163702,-143.11942196163702,255.0,-2.253726407268148,timeout
1744,B0,15,ADAUSDT,2026-08-01 13:44:00+00:00,2026-08-01 13:46:00+00:00,2026-08-01 14:31:00+00:00,10978.47814890145,10972.24745755701,10972.24745755701,10810.249482601597,161.99797495541418,4.356499388031722,0.0,157.64147556738246,157.64147556738246,45.0,2.3661857747081454,mean
1745,B0,15,DOTUSDT,2026-08-01 14:59:00+00:00,2026-08-01 15:01:00+00:00,2026-08-01 17:16:00+00:00,10994.24229645819,10982.980588600101,10982.980588600101,10928.079762791922,54.9008258081781,4.382212070278404,1.0934549191642349,50.51861373789969,51.61206865706393,135.0,2.3694316670592257,mean
1747,B0,15,HBARUSDT,2026-08-01 18:29:00+00:00,2026-08-01 18:31:00+00:00,2026-08-01 20:16:00+00:00,10993.062503289253,10959.629583293732,10959.629583293732,11010.57498519167,50.945401897937295,4.394040913697081,0.0,46.55136098424021,46.55136098424021,105.0,-2.1800798091592073,mean
1746,B0,15,SOLUSDT,2026-08-01 17:44:00+00:00,2026-08-01 17:46:00+00:00,2026-08-01 20:46:00+00:00,10999.403503323894,11000.93374866381,11000.93374866381,10925.951727007876,-74.98202165593561,4.385377095134338,0.0,-79.36739875106996,-79.36739875106996,180.0,-2.553984438389772,mean
1748,B0,15,AVAXUSDT,2026-08-01 18:29:00+00:00,2026-08-01 18:31:00+00:00,2026-08-01 21:01:00+00:00,10993.062503289253,10902.02264818955,10902.02264818955,10781.21976353802,-120.80288465153016,4.336648482345513,0.0,-125.13953313387567,-125.13953313387567,150.0,-2.1216846716118134,mean
1749,B0,15,DOGEUSDT,2026-08-01 20:29:00+00:00,2026-08-01 20:31:00+00:00,2026-08-01 21:01:00+00:00,10977.783434685285,10979.386732981571,10979.386732981571,11013.055997203624,33.66926422205243,4.398488546037039,0.0,29.270775676015393,29.270775676015393,30.0,-2.3371231698507793,mean
1750,B0,15,NEARUSDT,2026-08-02 01:14:00+00:00,2026-08-02 01:16:00+00:00,2026-08-02 03:16:00+00:00,10986.535023801423,10973.640029642032,10973.640029642032,10967.192532562338,6.447497079694961,4.388166512440874,0.0,2.059330567254087,2.059330567254087,120.0,2.227705639951873,mean
1751,B0,15,SOLUSDT,2026-08-02 02:14:00+00:00,2026-08-02 02:16:00+00:00,2026-08-02 04:46:00+00:00,10983.091802460984,10983.091802460984,10983.091802460984,11001.096870989608,-18.005068528623113,4.396837734690118,0.0,-22.40190626331323,-22.40190626331323,150.0,3.047723322954629,mean
1753,B0,15,ADAUSDT,2026-08-02 03:29:00+00:00,2026-08-02 03:31:00+00:00,2026-08-02 05:46:00+00:00,10983.583120939966,10983.583120939966,10983.583120939966,11301.770487117614,-318.18736617764864,4.457070721611515,0.0,-322.6444368992602,-322.6444368992602,135.0,2.974974397363539,stop
1752,B0,15,LINKUSDT,2026-08-02 02:14:00+00:00,2026-08-02 02:16:00+00:00,2026-08-02 06:31:00+00:00,10983.091802460984,10980.42373691927,10980.42373691927,11159.184128214032,-178.760391294762,4.42792157302666,0.0,-183.18831286778865,-183.18831286778865,255.0,2.955692981916418,timeout
1754,B0,15,AVAXUSDT,2026-08-02 04:59:00+00:00,2026-08-02 05:01:00+00:00,2026-08-02 07:46:00+00:00,10941.944352739056,10996.020371161858,10996.020371161858,11114.311661461741,-118.29129029988216,4.422066406524721,0.0,-122.71335670640688,-122.71335670640688,165.0,3.400583816135008,mean
1755,B0,15,ADAUSDT,2026-08-02 05:59:00+00:00,2026-08-02 06:01:00+00:00,2026-08-02 08:31:00+00:00,10920.695358013298,10961.972284312484,10961.972284312484,10938.385469284378,23.58681502810715,4.380071550719372,1.0973834093590118,19.206743477387775,20.304126886746786,150.0,3.0993586012462995,mean
1756,B0,15,UNIUSDT,2026-08-02 07:29:00+00:00,2026-08-02 07:31:00+00:00,2026-08-02 08:31:00+00:00,10908.568741342417,10878.041030312539,10878.041030312539,10682.154884537502,195.8861457750386,4.312039182970008,0.5559451799982742,191.5741065920686,192.13005177206688,60.0,2.1682328301431695,mean
1757,B0,15,TRXUSDT,2026-08-02 09:59:00+00:00,2026-08-02 10:01:00+00:00,2026-08-02 12:16:00+00:00,10942.889573450355,10939.537588651774,10939.537588651774,10932.83361905461,-6.703969597162991,4.374474241541277,0.0,-11.078443838704267,-11.078443838704267,135.0,-2.271630449829426,mean
1759,B0,15,TRXUSDT,2026-08-03 00:14:00+00:00,2026-08-03 00:16:00+00:00,2026-08-03 01:46:00+00:00,10941.781729066484,10942.117706642835,10942.117706642835,10963.284293953031,21.166587310195872,4.381080400119173,0.0,16.7855069100767,16.7855069100767,90.0,-2.0220616259629973,mean
1758,B0,15,UNIUSDT,2026-08-03 00:14:00+00:00,2026-08-03 00:16:00+00:00,2026-08-03 02:31:00+00:00,10941.781729066484,10960.458264570865,10960.458264570865,10971.13057057337,10.672306002504472,4.386317767028848,0.0,6.2859882354756245,6.2859882354756245,135.0,-2.2854810606906963,mean
1760,B0,15,ADAUSDT,2026-08-03 01:29:00+00:00,2026-08-03 01:31:00+00:00,2026-08-03 04:01:00+00:00,10947.227266725573,10964.960356250505,10964.960356250505,10964.960356250505,0.0,4.385984142500202,0.0,-4.385984142500202,-4.385984142500202,150.0,-2.148122360224331,mean
1761,B0,15,ETHUSDT,2026-08-03 08:29:00+00:00,2026-08-03 08:31:00+00:00,2026-08-03 09:31:00+00:00,10943.65028016679,10941.738109713613,10941.738109713613,11005.019000648448,63.280890934835945,4.389351422072412,0.0,58.89153951276353,58.89153951276353,60.0,-2.154017770258547,mean
1762,B0,15,TRXUSDT,2026-08-03 09:44:00+00:00,2026-08-03 09:46:00+00:00,2026-08-03 12:01:00+00:00,10949.539434118067,10949.873801829128,10949.873801829128,10954.554949783986,-4.681147954856466,4.380885750322623,0.0,-9.06203370517909,-9.06203370517909,135.0,2.4463379636254876,mean
1765,B0,15,SUIUSDT,2026-08-03 13:59:00+00:00,2026-08-03 14:01:00+00:00,2026-08-03 16:01:00+00:00,10918.131254384714,10904.02109050053,10904.02109050053,10875.80076273216,28.220327768369824,4.355964370646538,1.088207194668069,23.864363397723285,24.952570592391353,120.0,2.5577924686016034,mean
1763,B0,15,DOTUSDT,2026-08-03 13:14:00+00:00,2026-08-03 13:16:00+00:00,2026-08-03 16:16:00+00:00,10948.63323074755,10971.44567895477,10971.44567895477,11022.438210241497,-50.992531286727505,4.398776777839253,1.1074926969748875,-55.39130806456676,-54.28381536759187,180.0,2.152157697812258,mean
1764,B0,15,ADAUSDT,2026-08-03 13:44:00+00:00,2026-08-03 13:46:00+00:00,2026-08-03 17:01:00+00:00,10939.557204294697,10939.557204294697,10939.557204294697,10979.566034195463,-40.00882990076466,4.383824647698032,1.1211368621319797,-44.392654548462694,-43.27151768633072,195.0,2.2072739649719053,mean
1767,B0,15,UNIUSDT,2026-08-03 16:29:00+00:00,2026-08-03 16:31:00+00:00,2026-08-03 18:01:00+00:00,10945.889960725151,10926.288725185352,10926.288725185352,10990.692784816121,64.40405963076876,4.383396302000294,0.0,60.020663328768464,60.020663328768464,90.0,-3.209160363962318,mean
1766,B0,15,HBARUSDT,2026-08-03 16:14:00+00:00,2026-08-03 16:16:00+00:00,2026-08-03 19:31:00+00:00,10928.200055154368,10923.562256290956,10923.562256290956,10929.74598810884,-6.183731817883109,4.37066164887996,0.0,-10.554393466763068,-10.554393466763068,195.0,4.604909103317787,mean
1768,B0,15,BCHUSDT,2026-08-03 18:14:00+00:00,2026-08-03 18:16:00+00:00,2026-08-03 19:31:00+00:00,10948.238702657276,10950.274826648843,10950.274826648843,10870.356959979827,79.91786666901547,4.364126357325734,0.0,75.55374031168974,75.55374031168974,75.0,2.3819643152265084,mean
1769,B0,15,HBARUSDT,2026-08-04 00:59:00+00:00,2026-08-04 01:01:00+00:00,2026-08-04 01:46:00+00:00,10953.874955518762,10964.830395537141,10964.830395537141,11033.69316136695,68.86276582980727,4.399704711380818,0.0,64.46306111842645,64.46306111842645,45.0,-2.095465642081882,mean
1770,B0,15,AVAXUSDT,2026-08-04 01:44:00+00:00,2026-08-04 01:46:00+00:00,2026-08-04 04:16:00+00:00,10960.22892292188,10977.75254474632,10977.75254474632,10914.030283566542,63.722261179778435,4.378356565662572,0.0,59.343904614115864,59.343904614115864,150.0,5.693700322440237,mean
1771,B0,15,DOTUSDT,2026-08-04 01:44:00+00:00,2026-08-04 01:46:00+00:00,2026-08-04 04:16:00+00:00,10960.22892292188,10965.471170403847,10965.471170403847,10989.061284072697,-23.590113668850467,4.390906490895309,0.0,-27.98102015974578,-27.98102015974578,150.0,3.0941232986786877,mean
1772,B0,15,NEARUSDT,2026-08-04 02:44:00+00:00,2026-08-04 02:46:00+00:00,2026-08-04 04:31:00+00:00,10959.146120449643,10971.578504023606,10971.578504023606,10965.362312236624,6.216191786981529,4.387388163252046,0.0,1.828803623729483,1.828803623729483,105.0,2.0952528776667,mean
1773,B0,15,TRXUSDT,2026-08-04 08:59:00+00:00,2026-08-04 09:01:00+00:00,2026-08-04 10:01:00+00:00,10963.640430438414,10962.976128424938,10962.976128424938,10941.386312986906,21.58981543803139,4.380872488282368,0.0,17.208942949749023,17.208942949749023,60.0,2.242609297673919,mean
1774,B0,15,HBARUSDT,2026-08-04 13:29:00+00:00,2026-08-04 13:31:00+00:00,2026-08-04 16:16:00+00:00,10965.361324733389,10954.386556464426,10954.386556464426,10919.89442761911,-34.49212884531489,4.374856196816707,-1.0916445214734578,-38.866985042131596,-39.95862956360505,165.0,-2.9104802238704024,mean
1776,B0,15,TRXUSDT,2026-08-04 15:59:00+00:00,2026-08-04 16:01:00+00:00,2026-08-04 16:16:00+00:00,10967.838602415837,10966.502486855927,10966.502486855927,11010.594300332976,44.09181347704819,4.395419357437781,0.0,39.69639411961041,39.69639411961041,15.0,-2.2377567734115367,mean
1775,B0,15,AAVEUSDT,2026-08-04 15:29:00+00:00,2026-08-04 15:31:00+00:00,2026-08-04 17:31:00+00:00,10955.264945560191,10945.500894806572,10945.500894806572,11032.156845244937,86.65595043836527,4.395531548010302,0.4686392855909849,82.26041889035497,82.72905817594595,120.0,-2.4405934617508844,mean
1778,B0,15,TRXUSDT,2026-08-04 16:44:00+00:00,2026-08-04 16:46:00+00:00,2026-08-04 17:31:00+00:00,10970.38347967164,10970.38347967164,10970.38347967164,10929.580420463912,40.80305920772971,4.37999278002711,0.0,36.4230664277026,36.4230664277026,45.0,2.033431311597865,mean
1777,B0,15,DOTUSDT,2026-08-04 16:29:00+00:00,2026-08-04 16:31:00+00:00,2026-08-04 18:01:00+00:00,10968.336371594576,10972.23923117408,10972.23923117408,10885.075367231862,87.16386394221811,4.371462919681189,0.0,82.79240102253692,82.79240102253692,90.0,2.931561924684813,mean
1779,B0,15,TRXUSDT,2026-08-04 20:59:00+00:00,2026-08-04 21:01:00+00:00,2026-08-04 23:16:00+00:00,10985.529553751605,10983.181788383214,10983.181788383214,10978.150862593806,-5.030925789407581,4.392266530195403,0.0,-9.423192319602984,-9.423192319602984,135.0,-2.229407730810991,mean
1780,B0,15,DOTUSDT,2026-08-04 21:59:00+00:00,2026-08-04 22:01:00+00:00,2026-08-05 01:16:00+00:00,10984.672639515846,10985.96055986284,10985.96055986284,11091.570028316388,-105.60946845354647,4.415506117635846,1.1030641865292983,-110.02497457118231,-108.92191038465302,195.0,2.269841877811934,mean
1781,B0,15,XLMUSDT,2026-08-05 00:14:00+00:00,2026-08-05 00:16:00+00:00,2026-08-05 02:31:00+00:00,10966.18935279978,10976.627750660737,10976.627750660737,10938.136158548463,-38.49159211227288,4.382952781841841,0.0,-42.87454489411472,-42.87454489411472,135.0,-2.102577570641537,mean
1782,B0,15,BNBUSDT,2026-08-05 01:29:00+00:00,2026-08-05 01:31:00+00:00,2026-08-05 03:31:00+00:00,10964.929072677509,10971.33189755561,10971.33189755561,10953.952801457903,17.37909609770785,4.385056939802702,0.0,12.99403915790515,12.99403915790515,120.0,2.108642332805436,mean
1783,B0,15,NEARUSDT,2026-08-05 03:29:00+00:00,2026-08-05 03:31:00+00:00,2026-08-05 05:31:00+00:00,10971.163891173346,10984.116859167649,10984.116859167649,11100.693571116362,116.57671194871335,4.416962086056802,0.0,112.15974986265655,112.15974986265655,120.0,-2.6902355716981807,mean
1784,B0,15,DOTUSDT,2026-08-05 03:29:00+00:00,2026-08-05 03:31:00+00:00,2026-08-05 05:46:00+00:00,10971.163891173346,10967.26926430392,10967.26926430392,10994.531652389904,27.26238808598264,4.392360183338765,0.0,22.870027902643873,22.870027902643873,135.0,-2.52006929415398,mean
1786,B0,15,ADAUSDT,2026-08-05 09:29:00+00:00,2026-08-05 09:31:00+00:00,2026-08-05 10:31:00+00:00,10983.889866498832,11000.701942825104,11000.701942825104,10911.037535751646,89.6644070734593,4.38234789571535,0.0,85.28205917774396,85.28205917774396,60.0,2.0947857261683653,mean
1785,B0,15,TRXUSDT,2026-08-05 08:59:00+00:00,2026-08-05 09:01:00+00:00,2026-08-05 12:01:00+00:00,10984.209970684089,10984.544681656167,10984.544681656167,10991.908323041884,-7.363641385716175,4.39529060093961,0.0,-11.758931986655785,-11.758931986655785,180.0,2.195698783109772,mean
1787,B0,15,BCHUSDT,2026-08-05 10:44:00+00:00,2026-08-05 10:46:00+00:00,2026-08-05 12:46:00+00:00,10992.04989034732,10937.197295520944,10937.197295520944,10930.532961570076,6.664333950867931,4.373546051418204,0.0,2.290787899449727,2.290787899449727,120.0,2.453772839853073,mean
1788,B0,15,UNIUSDT,2026-08-05 14:14:00+00:00,2026-08-05 14:16:00+00:00,2026-08-05 16:01:00+00:00,10991.791362193144,11013.333334485536,11013.333334485536,10838.304809609852,175.0285248756857,4.370327628819078,-0.4362390758402599,170.65819724686662,170.22195817102636,105.0,2.05979260747952,mean
1789,B0,15,HBARUSDT,2026-08-05 15:59:00+00:00,2026-08-05 16:01:00+00:00,2026-08-05 17:31:00+00:00,11011.76669455057,11032.61623824838,11032.61623824838,11130.448712522713,97.832474274335,4.432612990154219,0.0,93.39986128418079,93.39986128418079,90.0,-2.427385735006051,mean
1790,B0,15,ETHUSDT,2026-08-05 16:29:00+00:00,2026-08-05 16:31:00+00:00,2026-08-05 20:01:00+00:00,11015.168531005558,11003.951277550916,11003.951277550916,11141.696825154548,-137.7455476036324,4.429129620541093,0.0,-142.17467722417348,-142.17467722417348,210.0,2.2771175717191485,mean
1791,B0,15,BNBUSDT,2026-08-05 22:59:00+00:00,2026-08-05 23:01:00+00:00,2026-08-06 00:16:00+00:00,11003.936076416247,11001.151914467251,11001.151914467251,11058.691261413172,57.53934694592117,4.411968635176084,0.0,53.12737831074508,53.12737831074508,75.0,-2.2826155982053193,mean
1792,B0,15,XLMUSDT,2026-08-05 23:14:00+00:00,2026-08-05 23:16:00+00:00,2026-08-06 03:31:00+00:00,11005.349428388035,11006.017512491017,11006.017512491017,10839.66457084902,-166.35294164199678,4.369136416668008,1.739464884414188,-170.72207805866478,-168.9826131742506,255.0,-2.690693317128973,timeout
1794,B0,15,FILUSDT,2026-08-06 02:14:00+00:00,2026-08-06 02:16:00+00:00,2026-08-06 04:16:00+00:00,10980.711185254451,10983.802166587388,10983.802166587388,11016.257470583212,32.45530399582582,4.40001192743412,0.0,28.0552920683917,28.0552920683917,120.0,-2.2811824871421367,mean
1795,B0,15,XLMUSDT,2026-08-06 03:44:00+00:00,2026-08-06 03:46:00+00:00,2026-08-06 04:16:00+00:00,10980.890498410834,10980.211911678762,10980.211911678762,10993.783646320227,13.571734641465362,4.394799111599798,0.0,9.176935529865563,9.176935529865563,30.0,-2.4239469284093373,mean
1793,B0,15,XRPUSDT,2026-08-06 01:59:00+00:00,2026-08-06 02:01:00+00:00,2026-08-06 04:46:00+00:00,10992.63415463161,11000.983254910456,11000.983254910456,10904.96860170376,-96.01465320669506,4.381190371322843,0.0,-100.3958435780179,-100.3958435780179,165.0,-2.2615051244013378,mean
1796,B0,15,TRXUSDT,2026-08-06 04:29:00+00:00,2026-08-06 04:31:00+00:00,2026-08-06 06:46:00+00:00,10988.23520202018,10988.57139817738,10988.57139817738,10990.588575120597,2.01717694321766,4.395831994659595,0.0,-2.3786550514419353,-2.3786550514419353,135.0,-2.006197664162386,mean
1798,B0,15,XLMUSDT,2026-08-06 09:14:00+00:00,2026-08-06 09:16:00+00:00,2026-08-06 11:16:00+00:00,10985.796325826776,10981.67613718101,10981.67613718101,11035.92528768359,54.24915050258151,4.40352028497292,0.0,49.84563021760859,49.84563021760859,120.0,-2.8421831768948205,mean
1797,B0,15,NEARUSDT,2026-08-06 09:14:00+00:00,2026-08-06 09:16:00+00:00,2026-08-06 11:31:00+00:00,10985.796325826776,10998.882444142233,10998.882444142233,11057.769976561793,58.88753241955917,4.411330484140805,0.0,54.476201935418366,54.476201935418366,135.0,-3.3227354957717354,mean
1799,B0,15,FILUSDT,2026-08-06 09:14:00+00:00,2026-08-06 09:16:00+00:00,2026-08-06 12:31:00+00:00,10985.796325826776,10988.92261960191,10988.92261960191,10773.20834911755,-215.71427048436064,4.352426193743892,0.0,-220.06669667810453,-220.06669667810453,195.0,-2.529350878288421,mean
1800,B0,15,AVAXUSDT,2026-08-06 11:29:00+00:00,2026-08-06 11:31:00+00:00,2026-08-06 12:31:00+00:00,10973.564256119484,10975.268755071973,10975.268755071973,10982.086750881925,6.817995809952331,4.391471101190779,0.0,2.4265247087615505,2.4265247087615505,60.0,-3.088301712737944,mean
1802,B0,15,ADAUSDT,2026-08-06 14:29:00+00:00,2026-08-06 14:31:00+00:00,2026-08-06 15:31:00+00:00,10972.550014434011,10978.131169070042,10978.131169070042,11424.623539952401,-446.49237088235947,4.480550941804489,0.0,-450.9729218241639,-450.9729218241639,60.0,2.902305107056929,stop
1803,B0,15,UNIUSDT,2026-08-06 14:59:00+00:00,2026-08-06 15:01:00+00:00,2026-08-06 16:31:00+00:00,10948.363815159108,10943.045202666925,10943.045202666925,10815.398502854528,127.6466998123968,4.35168874110429,1.0820375367901027,123.29501107129252,124.37704860808262,90.0,2.187157222610854,mean
1801,B0,15,LTCUSDT,2026-08-06 12:44:00+00:00,2026-08-06 12:46:00+00:00,2026-08-06 17:01:00+00:00,10974.464491845145,10969.621391892873,10969.621391892873,11073.748040866692,-104.12664897381751,4.408673886551913,0.6055652749222113,-108.53532286036942,-107.9297575854472,255.0,2.420239450356205,timeout
1804,B0,15,ADAUSDT,2026-08-06 15:44:00+00:00,2026-08-06 15:46:00+00:00,2026-08-06 17:46:00+00:00,10925.891012041524,11015.4043359956,11015.4043359956,10741.598874489016,273.8054615065833,4.351400642096923,1.099910132695874,269.4540608644864,270.55397099718226,120.0,7.88906659927745,mean
1805,B0,15,FILUSDT,2026-08-06 16:44:00+00:00,2026-08-06 16:46:00+00:00,2026-08-06 18:31:00+00:00,10924.151233207069,10936.104893426691,10936.104893426691,10574.506671783125,361.5982216435659,4.302122313041963,0.0,357.296099330524,357.296099330524,105.0,8.044194704818143,mean
1806,B0,15,LINKUSDT,2026-08-06 17:59:00+00:00,2026-08-06 18:01:00+00:00,2026-08-06 18:46:00+00:00,10981.90534495883,10971.362294105635,10971.362294105635,10880.428480496834,90.93381360880224,4.370358154920494,0.0,86.56345545388174,86.56345545388174,45.0,2.318294644910754,mean
1807,B0,15,XRPUSDT,2026-08-06 18:44:00+00:00,2026-08-06 18:46:00+00:00,2026-08-06 21:16:00+00:00,11003.329830591085,11010.76451290905,11010.76451290905,10978.901588689194,-31.862924219857202,4.397933220319649,0.0,-36.26085744017685,-36.26085744017685,150.0,-2.5237485921830114,mean
1808,B0,15,AAVEUSDT,2026-08-07 01:14:00+00:00,2026-08-07 01:16:00+00:00,2026-08-07 03:16:00+00:00,10998.827195599133,10979.484347156662,10979.484347156662,10931.12722605049,48.357121106172336,4.38212231464143,0.0,43.97499879153091,43.97499879153091,120.0,2.6281470880687148,mean
1810,B0,15,XLMUSDT,2026-08-07 03:59:00+00:00,2026-08-07 04:01:00+00:00,2026-08-07 06:01:00+00:00,10998.2822384175,10992.094544465774,10992.094544465774,11059.471656384565,67.37711191879255,4.410313240170067,0.0,62.966798678622474,62.966798678622474,120.0,-2.034944921872021,mean
1811,B0,15,NEARUSDT,2026-08-07 04:14:00+00:00,2026-08-07 04:16:00+00:00,2026-08-07 06:31:00+00:00,10997.874499907173,10984.446081714368,10984.446081714368,11011.302918099978,26.85683638560973,4.399149799962869,0.0,22.457686585646858,22.457686585646858,135.0,-2.090551968517412,mean
1809,B0,15,XRPUSDT,2026-08-07 03:44:00+00:00,2026-08-07 03:46:00+00:00,2026-08-07 08:01:00+00:00,11003.224695478286,11002.151419561833,11002.151419561833,11034.34969705543,32.19827749359746,4.407300223323452,-0.020192859945611437,27.790977270274006,27.770784410328393,255.0,-2.278984057758169,timeout
1813,B0,15,SOLUSDT,2026-08-07 09:44:00+00:00,2026-08-07 09:46:00+00:00,2026-08-07 11:31:00+00:00,11013.073018173462,11014.568343769954,11014.568343769954,10998.119762208527,16.44858156142667,4.402537621195696,0.0,12.046043940230977,12.046043940230977,105.0,2.210326706417505,mean
1815,B0,15,BCHUSDT,2026-08-07 12:14:00+00:00,2026-08-07 12:16:00+00:00,2026-08-07 12:46:00+00:00,11009.007107239615,10998.898754372809,10998.898754372809,10929.15111959184,69.74763478096878,4.38560997479293,0.0,65.36202480617584,65.36202480617584,30.0,2.207809629542173,mean
1812,B0,15,BTCUSDT,2026-08-07 09:29:00+00:00,2026-08-07 09:31:00+00:00,2026-08-07 13:46:00+00:00,11014.544222445744,11014.272283570393,11014.272283570393,11085.656238349693,-71.3839547792984,4.419985704384017,0.0,-75.80394048368242,-75.80394048368242,255.0,2.01572992168596,timeout
1814,B0,15,ETHUSDT,2026-08-07 12:14:00+00:00,2026-08-07 12:16:00+00:00,2026-08-07 14:31:00+00:00,11009.007107239615,10996.42187040192,10996.42187040192,10932.18591043396,64.23595996796135,4.3857215561671765,0.0,59.85023841179417,59.85023841179417,135.0,2.317541506591699,mean
1817,B0,15,SUIUSDT,2026-08-07 14:14:00+00:00,2026-08-07 14:16:00+00:00,2026-08-07 15:31:00+00:00,11025.583632896449,11043.723241027148,11043.723241027148,11096.493010134642,52.76976910749274,4.428043250232358,0.0,48.341725857260386,48.341725857260386,75.0,-2.1245969479507094,mean
1816,B0,15,XRPUSDT,2026-08-07 14:14:00+00:00,2026-08-07 14:16:00+00:00,2026-08-07 18:31:00+00:00,11025.583632896449,11039.556394373116,11039.556394373116,10963.243620154395,-76.31277421872052,4.400560002905502,-0.25859855803929915,-80.71333422162601,-80.97193277966531,255.0,-2.2644101793434377,timeout
1819,B0,15,FILUSDT,2026-08-07 17:14:00+00:00,2026-08-07 17:16:00+00:00,2026-08-07 19:16:00+00:00,11002.415032112323,11002.415032112323,11002.415032112323,11154.02632237554,151.61129026321578,4.431288270897572,0.0,147.1800019923182,147.1800019923182,120.0,-3.671353629652826,mean
1818,B0,15,NEARUSDT,2026-08-07 15:29:00+00:00,2026-08-07 15:31:00+00:00,2026-08-07 19:46:00+00:00,11024.040820675089,11017.206325435985,11017.206325435985,10860.012934936587,-157.1933904993977,4.375443852074515,-0.9847179013674684,-161.56883435147222,-162.5535522528397,255.0,-2.6115360905042926,timeout
1820,B0,15,LTCUSDT,2026-08-07 18:44:00+00:00,2026-08-07 18:46:00+00:00,2026-08-07 20:16:00+00:00,11007.852373756728,11015.132699400747,11015.132699400747,11024.839800259439,9.707100858691794,4.4079944999320375,0.0,5.299106358759757,5.299106358759757,90.0,-2.4174620842098196,mean
1822,B0,15,AVAXUSDT,2026-08-08 01:44:00+00:00,2026-08-08 01:46:00+00:00,2026-08-08 03:46:00+00:00,11016.41919403078,11003.009067196901,11003.009067196901,10929.253369610571,73.75569758632983,4.3864524873614945,0.0,69.36924509896834,69.36924509896834,120.0,2.2797757864836004,mean
1823,B0,15,XRPUSDT,2026-08-08 03:29:00+00:00,2026-08-08 03:31:00+00:00,2026-08-08 05:31:00+00:00,11026.612137637336,11041.52159967393,11041.52159967393,11006.377867730525,35.1437319434051,4.409579893480891,0.0,30.734152049924212,30.734152049924212,120.0,2.0740713209928265,mean
1821,B0,15,SUIUSDT,2026-08-08 01:44:00+00:00,2026-08-08 01:46:00+00:00,2026-08-08 06:01:00+00:00,11016.41919403078,11018.039732305864,11018.039732305864,11074.758571933857,-56.71883962799114,4.4185596608479445,0.0,-61.137399288839084,-61.137399288839084,255.0,2.5327165644885437,timeout
1824,B0,15,SOLUSDT,2026-08-08 03:59:00+00:00,2026-08-08 04:01:00+00:00,2026-08-08 06:01:00+00:00,11023.507584953964,11033.822322702215,11033.822322702215,10996.983973601313,36.838349100902164,4.406161259260706,0.0,32.43218784164146,32.43218784164146,120.0,2.8452085718580213,mean
1825,B0,15,SUIUSDT,2026-08-08 08:44:00+00:00,2026-08-08 08:46:00+00:00,2026-08-08 11:01:00+00:00,11023.559012600947,11013.970529841365,11013.970529841365,11060.31486317935,-46.34433333798622,4.414857078604143,0.0,-50.759190416590364,-50.759190416590364,135.0,2.2612674576954275,mean
1826,B0,15,FILUSDT,2026-08-08 08:59:00+00:00,2026-08-08 09:01:00+00:00,2026-08-08 12:16:00+00:00,11016.946411350627,11013.831199584374,11013.831199584374,11141.554882000713,-127.72368241633848,4.431077216317018,0.0,-132.1547596326555,-132.1547596326555,195.0,2.000141298150817,mean
1827,B0,15,TRXUSDT,2026-08-08 10:14:00+00:00,2026-08-08 10:16:00+00:00,2026-08-08 12:31:00+00:00,11003.251865239368,11003.586452962572,11003.586452962572,11002.917277516166,0.6691754464057881,4.401300746095748,0.0,-3.73212529968996,-3.73212529968996,135.0,2.830709945173011,mean
1829,B0,15,XLMUSDT,2026-08-08 14:29:00+00:00,2026-08-08 14:31:00+00:00,2026-08-08 16:31:00+00:00,11004.894405066054,11002.244219778862,11002.244219778862,10960.503801505582,41.74041827328012,4.392549604256889,0.7383436616544476,37.347868669023235,38.08621233067768,120.0,2.4112981445567945,mean
1828,B0,15,BNBUSDT,2026-08-08 14:29:00+00:00,2026-08-08 14:31:00+00:00,2026-08-08 16:46:00+00:00,11004.894405066054,11074.265920868751,11074.265920868751,10948.382883054457,125.8830378142933,4.404529760784642,0.9485819420259323,121.47850805350866,122.4270899955346,135.0,5.746880697039852,mean
1830,B0,15,SUIUSDT,2026-08-08 14:44:00+00:00,2026-08-08 14:46:00+00:00,2026-08-08 17:01:00+00:00,11007.42240141454,11027.882294353973,11027.882294353973,10988.536346393526,39.345947960445756,4.4032837281495,1.1026308456435554,34.94266423229625,36.045295077939805,135.0,2.2362481576656297,mean
1832,B0,15,SUIUSDT,2026-08-08 23:14:00+00:00,2026-08-08 23:16:00+00:00,2026-08-09 01:46:00+00:00,11024.55026480647,11022.94809211866,11022.94809211866,11043.776337060164,20.828244941504547,4.413344885835765,-1.1089083537629612,16.41490005566878,15.30599170190582,150.0,-2.396652882421891,mean
1831,B0,15,DOGEUSDT,2026-08-08 23:14:00+00:00,2026-08-08 23:16:00+00:00,2026-08-09 03:31:00+00:00,11024.55026480647,11018.278297652549,11018.278297652549,10974.374527575093,-43.90377007745468,4.398530565045528,-1.1039836616752368,-48.302300642500214,-49.40628430417545,255.0,-2.5137839349542412,timeout
1833,B0,15,HBARUSDT,2026-08-09 04:59:00+00:00,2026-08-09 05:01:00+00:00,2026-08-09 05:31:00+00:00,11021.140235546243,11030.601795342105,11030.601795342105,10904.447664730616,126.15413061148865,4.387009892014545,0.0,121.76712071947411,121.76712071947411,30.0,2.407650494370509,mean
1834,B0,15,LTCUSDT,2026-08-09 08:29:00+00:00,2026-08-09 08:31:00+00:00,2026-08-09 08:46:00+00:00,11033.316947618192,11028.547845847013,11028.547845847013,10997.548684334362,30.999161512651675,4.405219306036275,0.0,26.5939422066154,26.5939422066154,15.0,2.029203609868543,mean
1835,B0,15,HBARUSDT,2026-08-09 10:59:00+00:00,2026-08-09 11:01:00+00:00,2026-08-09 12:16:00+00:00,11035.976341838854,11044.008347910061,11044.008347910061,11074.52997098065,30.52162307058712,4.423707663778142,0.0,26.097915406808976,26.097915406808976,75.0,-2.1945420390449226,mean
1836,B0,15,BNBUSDT,2026-08-09 14:14:00+00:00,2026-08-09 14:16:00+00:00,2026-08-09 16:16:00+00:00,11038.586133379533,11051.418126035853,11051.418126035853,11007.500179338875,43.91794669697754,4.411783661074946,1.3022187106195668,39.506163035902595,40.808381746522166,120.0,2.8542479807466314,mean
1837,B0,15,SUIUSDT,2026-08-09 15:14:00+00:00,2026-08-09 15:16:00+00:00,2026-08-09 17:46:00+00:00,11043.172583955858,11044.750856441775,11044.750856441775,11049.485673899522,-4.734817457748167,4.418847306068259,0.9288404411175596,-9.153664763816426,-8.224824322698867,150.0,2.1872545479431933,mean
1838,B0,15,SOLUSDT,2026-08-09 15:44:00+00:00,2026-08-09 15:46:00+00:00,2026-08-09 18:01:00+00:00,11043.493885811533,11033.486836335716,11033.486836335716,11030.627679342624,2.859156993091827,4.412822903135668,1.1067425983372556,-1.5536659100438408,-0.44692331170658517,135.0,2.013560141259472,mean
1839,B0,15,LTCUSDT,2026-08-09 22:44:00+00:00,2026-08-09 22:46:00+00:00,2026-08-10 01:31:00+00:00,11041.799796790747,11027.31241459509,11027.31241459509,10995.923086504496,-31.389328090593164,4.404647100219917,-1.0971777449511733,-35.793975190813086,-36.89115293576426,165.0,-2.7166013972065564,mean
1840,B0,15,DOGEUSDT,2026-08-09 23:14:00+00:00,2026-08-09 23:16:00+00:00,2026-08-10 01:31:00+00:00,11039.889055952961,11036.723950145633,11036.723950145633,11030.393738530982,-6.3302116146516685,4.413423537735324,-1.0966585205455293,-10.743635152386993,-11.840293672932523,135.0,-2.841389915438024,mean
1841,B0,15,LINKUSDT,2026-08-09 23:14:00+00:00,2026-08-09 23:16:00+00:00,2026-08-10 02:16:00+00:00,11039.889055952961,11035.869678869483,11035.869678869483,10992.996323312384,-42.87335555709891,4.405773200436373,-0.6024747878807786,-47.27912875753528,-47.88160354541606,180.0,-2.453724488676237,mean
1842,B0,15,NEARUSDT,2026-08-10 05:29:00+00:00,2026-08-10 05:31:00+00:00,2026-08-10 08:31:00+00:00,11032.138491775337,11025.436099009981,11025.436099009981,11085.757633898182,-60.32153488819982,4.422238746581632,1.1075432329747443,-64.74377363478145,-63.636230401806706,180.0,2.7250584473827244,mean
1843,B0,15,AAVEUSDT,2026-08-10 06:59:00+00:00,2026-08-10 07:01:00+00:00,2026-08-10 08:46:00+00:00,11025.215590288,11015.702893488788,11015.702893488788,10939.601319095083,76.101574393705,4.391060842516774,1.0956248538493707,71.71051355118823,72.8061384050376,105.0,2.439303767022064,mean
1844,B0,15,XLMUSDT,2026-08-10 07:14:00+00:00,2026-08-10 07:16:00+00:00,2026-08-10 08:46:00+00:00,11023.935828080444,11003.963723796225,11003.963723796225,10942.050200515141,61.91352328108379,4.389202784862274,0.10732759191036743,57.52432049622151,57.63164808813188,90.0,2.885721030855051,mean
1846,B0,15,LINKUSDT,2026-08-10 11:29:00+00:00,2026-08-10 11:31:00+00:00,2026-08-10 13:01:00+00:00,11038.597904316151,11039.926575224228,11039.926575224228,11001.395118889952,38.53145633427629,4.4082643388228355,0.0,34.12319199545346,34.12319199545346,90.0,2.11409427708816,mean
1845,B0,15,TRXUSDT,2026-08-10 10:29:00+00:00,2026-08-10 10:31:00+00:00,2026-08-10 13:16:00+00:00,11038.818647384473,11037.15341603021,11037.15341603021,11045.81261907236,-8.659203042149288,4.416593207020513,0.0,-13.075796249169802,-13.075796249169802,165.0,3.1442223052399574,mean
1848,B0,15,DOTUSDT,2026-08-10 13:44:00+00:00,2026-08-10 13:46:00+00:00,2026-08-10 15:01:00+00:00,11040.9233869591,11043.61760935709,11043.61760935709,10946.625603029484,96.99200632760537,4.398048642477315,0.0,92.59395768512805,92.59395768512805,75.0,2.229107259561735,mean
1847,B0,15,ETHUSDT,2026-08-10 13:44:00+00:00,2026-08-10 13:46:00+00:00,2026-08-10 17:46:00+00:00,11040.9233869591,11042.317868446964,11042.317868446964,10886.310251992105,-156.0076164548596,4.385725624087813,-0.15632074183845182,-160.3933420789474,-160.54966282078584,240.0,-2.5028598161003512,mean
1849,B0,15,BTCUSDT,2026-08-10 13:44:00+00:00,2026-08-10 13:46:00+00:00,2026-08-10 18:01:00+00:00,11040.9233869591,11042.939572663909,11042.939572663909,10930.460331182983,-112.47924148092586,4.394679980769379,-0.55534921916058,-116.87392146169525,-117.42927068085582,255.0,-2.088069740263346,timeout
1850,B0,15,AAVEUSDT,2026-08-10 15:14:00+00:00,2026-08-10 15:16:00+00:00,2026-08-10 18:31:00+00:00,11033.464900228631,11065.37480983997,11065.37480983997,10995.418469538186,-69.95634030178248,4.412158655875631,-0.38839082447612505,-74.3684989576581,-74.75688978213422,195.0,-3.0248590104234685,mean
1851,B0,15,XRPUSDT,2026-08-10 22:14:00+00:00,2026-08-10 22:16:00+00:00,2026-08-11 00:31:00+00:00,11014.909200399235,11019.268088092313,11019.268088092313,11024.716697708654,5.448609616342513,4.4087969571601935,0.3385355844263692,1.0398126591823198,1.3783482436086891,135.0,-2.0965464127550697,mean
1852,B0,15,LINKUSDT,2026-08-11 01:29:00+00:00,2026-08-11 01:31:00+00:00,2026-08-11 03:46:00+00:00,11015.047035223597,11022.889717341948,11022.889717341948,10979.75496569102,43.134751650928315,4.4005289366065945,0.0,38.734222714321724,38.734222714321724,135.0,3.2412480255597633,mean
1853,B0,15,BCHUSDT,2026-08-11 01:29:00+00:00,2026-08-11 01:31:00+00:00,2026-08-11 04:16:00+00:00,11015.047035223597,11015.55991165118,11015.55991165118,11031.971957333872,-16.412045682690675,4.409506373797011,0.0,-20.821552056487683,-20.821552056487683,165.0,2.0281880434147337,mean
1856,B0,15,SOLUSDT,2026-08-11 07:29:00+00:00,2026-08-11 07:31:00+00:00,2026-08-11 08:31:00+00:00,11016.838302289381,11035.83537059151,11035.83537059151,11062.13900362523,26.30363303372017,4.419594874843348,0.0025426114609455376,21.884038158876823,21.88658077033777,60.0,-2.017577732892967,mean
1854,B0,15,XRPUSDT,2026-08-11 07:29:00+00:00,2026-08-11 07:31:00+00:00,2026-08-11 09:01:00+00:00,11016.838302289381,11028.924192518283,11028.924192518283,11046.503669214866,17.579476696582745,4.41508557234663,0.702130937416926,13.164391124236115,13.866522061653042,90.0,-2.404252196233945,mean
1855,B0,15,UNIUSDT,2026-08-11 07:29:00+00:00,2026-08-11 07:31:00+00:00,2026-08-11 09:16:00+00:00,11016.838302289381,11033.662183636732,11033.662183636732,11036.46616386129,2.8039802245579457,4.414025669499605,-1.1053364631082614,-1.610045444941659,-2.7153819080499204,105.0,-2.019999398925278,mean
1857,B0,15,BNBUSDT,2026-08-11 08:44:00+00:00,2026-08-11 08:46:00+00:00,2026-08-11 11:16:00+00:00,11020.034375131669,11022.215732248631,11022.215732248631,11034.031416632173,-11.8156843835431,4.411249429776161,0.0,-16.226933813319263,-16.226933813319263,150.0,2.7145450314571633,mean
1858,B0,15,LINKUSDT,2026-08-11 09:14:00+00:00,2026-08-11 09:16:00+00:00,2026-08-11 11:46:00+00:00,11020.91356276418,11011.887425530138,11011.887425530138,11162.752862156256,-150.86543662611663,4.434928057537279,0.0,-155.30036468365392,-155.30036468365392,150.0,3.143215747526245,mean
1859,B0,15,TRXUSDT,2026-08-11 09:29:00+00:00,2026-08-11 09:31:00+00:00,2026-08-11 12:31:00+00:00,11002.178999875401,11002.839414593724,11002.839414593724,11087.702705898024,-84.86329130430074,4.4181084240983495,0.0,-89.2813997283991,-89.2813997283991,180.0,3.2652028551813674,mean
1860,B0,15,BNBUSDT,2026-08-11 12:14:00+00:00,2026-08-11 12:16:00+00:00,2026-08-11 14:31:00+00:00,10991.377133852744,10992.270974293659,10992.270974293659,10918.082217697653,74.1887565960065,4.382070638398263,0.0,69.80668595760824,69.80668595760824,135.0,3.417397225130947,mean
1861,B0,15,UNIUSDT,2026-08-11 12:29:00+00:00,2026-08-11 12:31:00+00:00,2026-08-11 15:16:00+00:00,10996.737689234682,10993.889531325012,10993.889531325012,10637.8697926163,-356.01973870871154,4.326351864788263,0.0,-360.3460905734998,-360.3460905734998,165.0,-2.5022216331245835,stop
1862,B0,15,HBARUSDT,2026-08-11 12:44:00+00:00,2026-08-11 12:46:00+00:00,2026-08-11 17:01:00+00:00,10999.153586881795,11000.803377430302,11000.803377430302,10900.166153971506,-100.6372234587954,4.380193906280361,-0.3598686143704959,-105.01741736507577,-105.37728597944627,255.0,-2.0925960546576365,timeout
1863,B0,15,NEARUSDT,2026-08-11 14:44:00+00:00,2026-08-11 14:46:00+00:00,2026-08-11 17:16:00+00:00,10989.41946903173,11010.566523814987,11010.566523814987,10940.076341204136,-70.49018261085145,4.390128573003825,-1.0938135605496493,-74.88031118385528,-75.97412474440493,150.0,-3.085409988179629,mean
1864,B0,15,AVAXUSDT,2026-08-11 15:29:00+00:00,2026-08-11 15:31:00+00:00,2026-08-11 17:31:00+00:00,10948.894121979607,10940.120969638278,10940.120969638278,10910.292251677756,-29.828717960521978,4.370082644263206,0.8827313779818455,-34.198800604785184,-33.316069226803336,120.0,-5.39641503823745,mean
1865,B0,15,AAVEUSDT,2026-08-11 19:44:00+00:00,2026-08-11 19:46:00+00:00,2026-08-11 21:46:00+00:00,10943.540516102585,10946.025143305695,10946.025143305695,10948.509770508806,-2.4846272031105476,4.378906982762901,0.0,-6.863534185873449,-6.863534185873449,120.0,2.4255054465248063,mean
1866,B0,15,ETHUSDT,2026-08-11 19:59:00+00:00,2026-08-11 20:01:00+00:00,2026-08-11 22:31:00+00:00,10940.961199756763,10946.137475940086,10946.137475940086,10950.266864805435,-4.129388865348533,4.379280868149104,0.0,-8.508669733497637,-8.508669733497637,150.0,2.451547174595343,mean
1867,B0,15,DOGEUSDT,2026-08-11 20:14:00+00:00,2026-08-11 20:16:00+00:00,2026-08-11 23:16:00+00:00,10938.853447935899,10935.798328972645,10935.798328972645,11003.010946164262,-67.21261719161782,4.387761855027382,0.0,-71.6003790466452,-71.6003790466452,180.0,3.4004102062929404,mean
1868,B0,15,LINKUSDT,2026-08-11 21:59:00+00:00,2026-08-11 22:01:00+00:00,2026-08-11 23:31:00+00:00,10928.71997315569,10937.445995718948,10937.445995718948,10918.747375940538,18.698619778410194,4.371238674331897,0.0,14.327381104078295,14.327381104078295,90.0,3.465998382736068,mean
1870,B0,15,BNBUSDT,2026-08-12 01:14:00+00:00,2026-08-12 01:16:00+00:00,2026-08-12 02:31:00+00:00,10918.593154854725,10900.45069026561,10900.45069026561,10871.563659269352,28.887030996259924,4.354402869906993,0.0,24.532628126352932,24.532628126352932,75.0,2.3354448966670445,mean
1872,B0,15,TRXUSDT,2026-08-12 03:14:00+00:00,2026-08-12 03:16:00+00:00,2026-08-12 03:46:00+00:00,10908.417863228124,10909.726729396432,10909.726729396432,10940.157867809614,30.431138413182385,4.369976919441209,0.0,26.061161493741178,26.061161493741178,30.0,-2.094231986016792,mean
1869,B0,15,NEARUSDT,2026-08-11 23:44:00+00:00,2026-08-11 23:46:00+00:00,2026-08-12 04:01:00+00:00,10936.275995916392,10929.516863656863,10929.516863656863,11233.677815335626,-304.160951678762,4.432638935798497,1.0949315037958247,-308.5935906145605,-307.4986591107647,255.0,2.5249803634621824,timeout
1871,B0,15,AAVEUSDT,2026-08-12 02:14:00+00:00,2026-08-12 02:16:00+00:00,2026-08-12 04:31:00+00:00,10915.48219334237,10917.919773108635,10917.919773108635,10930.10767193997,-12.187898831334635,4.369605489009722,0.0,-16.557504320344357,-16.557504320344357,135.0,2.4684726367537904,mean
1875,B0,15,UNIUSDT,2026-08-12 06:44:00+00:00,2026-08-12 06:46:00+00:00,2026-08-12 07:46:00+00:00,10910.542528852831,10916.422638003387,10916.422638003387,10296.071122619946,-620.3515153834413,4.242498752124666,0.0,-624.594014135566,-624.594014135566,60.0,-2.0452000491023594,stop
1874,B0,15,XLMUSDT,2026-08-12 06:44:00+00:00,2026-08-12 06:46:00+00:00,2026-08-12 08:01:00+00:00,10910.542528852831,10929.689830062978,10929.689830062978,10991.234726809877,61.544896746898644,4.384184911374572,-1.0998740468884254,57.160711835524076,56.06083778863565,75.0,-2.80191475391931,mean
1873,B0,15,DOGEUSDT,2026-08-12 06:29:00+00:00,2026-08-12 06:31:00+00:00,2026-08-12 08:31:00+00:00,10908.929758535292,10892.149136616137,10892.149136616137,10931.812424788688,39.6632881725512,4.364792312280965,-1.0934863446955807,35.29849586027023,34.20500951557465,120.0,-2.100200359208602,mean
1876,B0,15,UNIUSDT,2026-08-12 07:59:00+00:00,2026-08-12 08:01:00+00:00,2026-08-12 10:01:00+00:00,10856.991122128778,10711.197241345906,10711.197241345906,10999.683005448185,288.4857641022789,4.342176049358818,0.0,284.14358805292005,284.14358805292005,120.0,-7.967933864093587,mean
1877,B0,15,ETHUSDT,2026-08-12 10:14:00+00:00,2026-08-12 10:16:00+00:00,2026-08-12 12:46:00+00:00,10883.911300657448,10894.904172391407,10894.904172391407,10865.627819690608,29.27635270080011,4.352106398416403,0.0,24.924246302383708,24.924246302383708,150.0,2.742842055655258,mean
1878,B0,15,BTCUSDT,2026-08-12 10:14:00+00:00,2026-08-12 10:16:00+00:00,2026-08-12 12:46:00+00:00,10883.911300657448,10880.939540213818,10880.939540213818,10870.2242211285,10.71531908531923,4.350232752268464,0.0,6.365086333050767,6.365086333050767,150.0,2.010951780150003,mean
1879,B0,15,LINKUSDT,2026-08-12 10:44:00+00:00,2026-08-12 10:46:00+00:00,2026-08-12 12:46:00+00:00,10884.016519791185,10903.687169776123,10903.687169776123,10847.134051069426,56.55311870669691,4.35016424416911,0.0,52.2029544625278,52.2029544625278,120.0,2.0391118597057525,mean
1880,B0,15,AVAXUSDT,2026-08-12 12:59:00+00:00,2026-08-12 13:01:00+00:00,2026-08-12 14:31:00+00:00,10892.260529367246,10897.360698180746,10897.360698180746,10715.454677165873,181.90602101487397,4.322563075069324,0.0,177.58345793980465,177.58345793980465,90.0,2.922485247129897,mean
1881,B0,15,DOGEUSDT,2026-08-12 13:14:00+00:00,2026-08-12 13:16:00+00:00,2026-08-12 15:46:00+00:00,10892.382593407516,10910.712223350145,10910.712223350145,10819.064073636999,-91.64814971314534,4.345955259397429,0.0,-95.99410497254277,-95.99410497254277,150.0,-2.053110877379833,mean
1882,B0,15,HBARUSDT,2026-08-12 13:59:00+00:00,2026-08-12 14:01:00+00:00,2026-08-12 16:01:00+00:00,10888.735723827413,10885.435606923693,10885.435606923693,10890.385782279274,4.950175355581859,4.3551642778405935,0.3888866999672147,0.5950110777412654,0.9838977777084801,120.0,-2.7116530290277976,mean
1883,B0,15,SOLUSDT,2026-08-12 14:44:00+00:00,2026-08-12 14:46:00+00:00,2026-08-12 16:46:00+00:00,10890.745066404876,10892.186785370508,10892.186785370508,10895.070223301776,2.883437931268919,4.3574514017344566,0.573705765420414,-1.4740134704655379,-0.9003077050451239,120.0,-3.324860717361437,mean
1884,B0,15,LTCUSDT,2026-08-12 15:59:00+00:00,2026-08-12 16:01:00+00:00,2026-08-12 16:46:00+00:00,10902.455668406328,10909.719129877618,10909.719129877618,10912.140283701381,2.42115382376286,4.364371882715799,0.0,-1.9432180589529398,-1.9432180589529398,45.0,-2.598091066564242,mean
1885,B0,15,LTCUSDT,2026-08-12 19:29:00+00:00,2026-08-12 19:31:00+00:00,2026-08-12 21:46:00+00:00,10900.233501865341,10888.062629263883,10888.062629263883,10912.404374466798,24.341745202915355,4.360093400746136,0.0,19.981651802169218,19.981651802169218,135.0,-2.0712927706566986,mean
1886,B0,15,FILUSDT,2026-08-12 21:29:00+00:00,2026-08-12 21:31:00+00:00,2026-08-13 00:01:00+00:00,10900.745992968845,10863.252773612141,10863.252773612141,10912.15697277306,48.90419916091904,4.355081949277041,2.7110915505196194,44.549117211642,47.26020876216162,150.0,-4.365516308337764,mean
1887,B0,15,DOGEUSDT,2026-08-12 21:29:00+00:00,2026-08-12 21:31:00+00:00,2026-08-13 00:01:00+00:00,10900.745992968845,10858.57374167064,10858.57374167064,10878.87889970311,20.305158032468913,4.347490528274751,0.38549401878179573,15.957667504194163,16.343161522975958,150.0,-2.663289770567294,mean
1888,B0,15,DOTUSDT,2026-08-12 21:59:00+00:00,2026-08-12 22:01:00+00:00,2026-08-13 00:01:00+00:00,10902.911723976,10890.201075593126,10890.201075593126,10926.920726476983,36.71965088385765,4.363424360414022,0.3273951612542852,32.35622652344363,32.68362168469792,120.0,-2.5123100901933095,mean
1889,B0,15,BCHUSDT,2026-08-13 00:59:00+00:00,2026-08-13 01:01:00+00:00,2026-08-13 04:31:00+00:00,10911.860366242541,10905.22639604373,10905.22639604373,10943.499301036865,-38.27290499313429,4.3697451394161195,0.0,-42.64265013255041,-42.64265013255041,210.0,2.003258916645289,mean
1890,B0,15,XLMUSDT,2026-08-13 03:14:00+00:00,2026-08-13 03:16:00+00:00,2026-08-13 05:16:00+00:00,10901.078939936515,10902.427415807364,10902.427415807364,10896.359274388546,6.068141418817168,4.359757338039182,0.0,1.7083840807779866,1.7083840807779866,120.0,2.4892279899324836,mean
1891,B0,15,AVAXUSDT,2026-08-13 03:59:00+00:00,2026-08-13 04:01:00+00:00,2026-08-13 06:46:00+00:00,10900.45317458922,10935.626732773973,10935.626732773973,10922.227282036925,13.399450737048838,4.37157080296218,0.0,9.02787993408666,9.02787993408666,165.0,2.410345784228621,mean
1892,B0,15,ETHUSDT,2026-08-13 05:14:00+00:00,2026-08-13 05:16:00+00:00,2026-08-13 06:46:00+00:00,10912.664631524647,10923.072596126816,10923.072596126816,10883.395824991474,39.67677113534231,4.361293684223658,0.0,35.315477451118646,35.315477451118646,90.0,2.2439490790810703,mean
1893,B0,15,BTCUSDT,2026-08-13 05:29:00+00:00,2026-08-13 05:31:00+00:00,2026-08-13 06:46:00+00:00,10910.248223817774,10905.400446034768,10905.400446034768,10881.89555164322,23.504894391548856,4.357459199535597,0.0,19.14743519201326,19.14743519201326,75.0,2.1380378248665295,mean
1894,B0,15,TRXUSDT,2026-08-13 06:59:00+00:00,2026-08-13 07:01:00+00:00,2026-08-13 08:16:00+00:00,10914.116018895085,10916.05665118863,10916.05665118863,10898.267521831138,17.789129357492417,4.362864834603954,0.5581317855733662,13.426264522888465,13.98439630846183,75.0,2.371579011140259,mean
1895,B0,15,AAVEUSDT,2026-08-13 06:59:00+00:00,2026-08-13 07:01:00+00:00,2026-08-13 08:16:00+00:00,10914.116018895085,10931.21895422803,10931.21895422803,10866.472127610452,64.74682661757788,4.359538216367697,0.7515916938984544,60.387288401210185,61.13888009510864,75.0,2.0352591160628055,mean
1896,B0,15,TRXUSDT,2026-08-13 09:14:00+00:00,2026-08-13 09:16:00+00:00,2026-08-13 12:16:00+00:00,10921.628346535443,10919.34914078683,10919.34914078683,10873.765025814555,-45.58411497227366,4.358622833320277,0.0,-49.942737805593936,-49.942737805593936,180.0,-2.2791042089391604,mean
1897,B0,15,BCHUSDT,2026-08-13 10:29:00+00:00,2026-08-13 10:31:00+00:00,2026-08-13 12:46:00+00:00,10916.298026659308,10908.10683553111,10908.10683553111,10934.21625725224,26.109421721129568,4.36846461855667,0.0,21.7409571025729,21.7409571025729,135.0,-2.2333846326219984,mean
1898,B0,15,XLMUSDT,2026-08-13 11:44:00+00:00,2026-08-13 11:46:00+00:00,2026-08-13 13:01:00+00:00,10915.121493212828,10903.48198340323,10903.48198340323,10982.904520927548,79.42253752431827,4.377277300866155,0.0,75.04526022345212,75.04526022345212,75.0,-2.0515960584348645,mean
1899,B0,15,UNIUSDT,2026-08-13 12:29:00+00:00,2026-08-13 12:31:00+00:00,2026-08-13 14:46:00+00:00,10923.50349594745,10920.389612396726,10920.389612396726,10889.250776889463,-31.138835507262552,4.361928077857238,0.0,-35.500763585119785,-35.500763585119785,135.0,-2.315890983372414,mean
1901,B0,15,AAVEUSDT,2026-08-13 15:59:00+00:00,2026-08-13 16:01:00+00:00,2026-08-13 17:46:00+00:00,10916.752317514554,10931.801258101594,10931.801258101594,10976.94807986271,45.14682176111698,4.381749867592861,0.0,40.765071893524116,40.765071893524116,105.0,-2.5092683563517837,mean
1902,B0,15,AVAXUSDT,2026-08-13 16:14:00+00:00,2026-08-13 16:16:00+00:00,2026-08-13 17:46:00+00:00,10906.925406757182,10905.215053078846,10905.215053078846,10973.62920021234,68.41414713349344,4.375768850658236,0.0,64.03837828283521,64.03837828283521,90.0,-2.6405121639799254,mean
1900,B0,15,BCHUSDT,2026-08-13 15:44:00+00:00,2026-08-13 15:46:00+00:00,2026-08-13 18:31:00+00:00,10922.762618128974,10918.066451140814,10918.066451140814,10722.91462296615,-195.15182817466422,4.328196214821393,2.9400590116194123,-199.4800243894856,-196.5399653778662,165.0,-5.374865697783399,mean
1904,B0,15,BTCUSDT,2026-08-13 17:59:00+00:00,2026-08-13 18:01:00+00:00,2026-08-13 19:01:00+00:00,10912.603293337641,10908.07376442533,10908.07376442533,10946.384589118758,38.31082469342702,4.370891670708817,0.0,33.9399330227182,33.9399330227182,60.0,-2.264871093988472,mean
1903,B0,15,HBARUSDT,2026-08-13 17:59:00+00:00,2026-08-13 18:01:00+00:00,2026-08-13 22:16:00+00:00,10912.603293337641,10914.25947838747,10914.25947838747,10864.573926892537,-49.6855514949345,4.355766681056002,0.0,-54.041318175990504,-54.041318175990504,255.0,-2.534534546609527,timeout
1905,B0,15,DOTUSDT,2026-08-14 03:44:00+00:00,2026-08-14 03:46:00+00:00,2026-08-14 06:01:00+00:00,10911.578828093494,10907.284621549577,10907.284621549577,10931.618458631776,24.333837082197718,4.367780616036271,0.0,19.966056466161447,19.966056466161447,135.0,-2.476707149006642,mean
1906,B0,15,BTCUSDT,2026-08-14 06:59:00+00:00,2026-08-14 07:01:00+00:00,2026-08-14 10:16:00+00:00,10913.57543374011,10913.020605504043,10913.020605504043,10892.457284004795,-20.56332149924793,4.361095577901768,-0.6541177170693457,-24.9244170771497,-25.578534794219046,195.0,-2.2857800688707766,mean
1908,B0,15,UNIUSDT,2026-08-14 11:14:00+00:00,2026-08-14 11:16:00+00:00,2026-08-14 12:01:00+00:00,10908.975791511268,10895.867980407018,10895.867980407018,10584.557466681103,-311.3105137259154,4.296085089417623,0.0,-315.60659881533303,-315.60659881533303,45.0,-3.560444044140155,stop
1907,B0,15,ADAUSDT,2026-08-14 10:44:00+00:00,2026-08-14 10:46:00+00:00,2026-08-14 13:46:00+00:00,10911.01758026069,10911.01758026069,10911.01758026069,10904.93901893464,-6.078561326049854,4.363191319839066,0.0,-10.441752645888918,-10.441752645888918,180.0,-2.324068401005691,mean
1909,B0,15,UNIUSDT,2026-08-14 12:14:00+00:00,2026-08-14 12:16:00+00:00,2026-08-14 13:46:00+00:00,10881.670124557972,10888.364477141522,10888.364477141522,10871.62859568265,-16.73588145887072,4.351998614564835,0.0,-21.087880073435553,-21.087880073435553,90.0,-4.824246302426723,mean
1910,B0,15,AAVEUSDT,2026-08-14 12:14:00+00:00,2026-08-14 12:16:00+00:00,2026-08-14 14:46:00+00:00,10881.670124557972,10885.470917476085,10885.470917476085,10872.80160774904,-12.66930972704494,4.351654505045024,0.0,-17.020964232089966,-17.020964232089966,150.0,-2.0608104416454673,mean
1911,B0,15,BCHUSDT,2026-08-14 13:59:00+00:00,2026-08-14 14:01:00+00:00,2026-08-14 16:16:00+00:00,10874.312544327087,10874.312544327087,10874.312544327087,10835.631130207648,-38.68141411943822,4.341988734906947,5.9621979345776355,-43.02340285434517,-37.06120491976753,135.0,-2.413197713800621,mean
1912,B0,15,LTCUSDT,2026-08-14 13:59:00+00:00,2026-08-14 14:01:00+00:00,2026-08-14 17:01:00+00:00,10874.312544327087,10874.312544327087,10874.312544327087,10844.78952384475,-29.5230204823371,4.343820413634368,0.08034531295047126,-33.866840895971464,-33.786495583020994,180.0,-2.3032804534785556,mean
1914,B0,15,ETHUSDT,2026-08-14 16:44:00+00:00,2026-08-14 16:46:00+00:00,2026-08-14 17:46:00+00:00,10861.881090449084,10858.770454158863,10858.770454158863,10847.883227143086,10.887227015776086,4.34133073626039,0.0,6.545896279515697,6.545896279515697,60.0,2.219046646367778,mean
1913,B0,15,BTCUSDT,2026-08-14 16:29:00+00:00,2026-08-14 16:31:00+00:00,2026-08-14 18:01:00+00:00,10863.797583693235,10866.948796512253,10866.948796512253,10845.83739259905,21.11140391320186,4.342557237822261,0.0,16.7688466753796,16.7688466753796,90.0,2.1791765946373003,mean
1916,B0,15,SOLUSDT,2026-08-14 19:14:00+00:00,2026-08-14 19:16:00+00:00,2026-08-14 20:16:00+00:00,10869.848564929225,10869.848564929225,10869.848564929225,10926.613976556466,56.765411627239544,4.359292508297138,0.0,52.40611911894241,52.40611911894241,60.0,-2.4097294861416128,mean
1915,B0,15,LTCUSDT,2026-08-14 19:14:00+00:00,2026-08-14 19:16:00+00:00,2026-08-14 21:16:00+00:00,10869.848564929225,10849.862633299845,10849.862633299845,10884.83801365126,34.975380351415716,4.346940129390221,0.0,30.628440222025496,30.628440222025496,120.0,-2.7980385948237516,mean
1917,B0,15,NEARUSDT,2026-08-14 20:44:00+00:00,2026-08-14 20:46:00+00:00,2026-08-14 23:01:00+00:00,10878.86936591433,10878.86936591433,10878.86936591433,10858.797651217072,20.071714697258187,4.34753340342628,0.0,15.724181293831908,15.724181293831908,135.0,2.198675913983233,mean
1919,B0,15,XRPUSDT,2026-08-14 22:29:00+00:00,2026-08-14 22:31:00+00:00,2026-08-14 23:46:00+00:00,10879.881193613217,10886.481060882621,10886.481060882621,10977.77922477605,91.29816389342778,4.372852057131734,0.0,86.92531183629605,86.92531183629605,75.0,-2.742605818401671,mean
1918,B0,15,XLMUSDT,2026-08-14 22:14:00+00:00,2026-08-14 22:16:00+00:00,2026-08-15 00:01:00+00:00,10883.286900728606,10879.128477407943,10879.128477407943,10950.51474441266,71.38626700471565,4.36592864436412,0.013909794324212698,67.02033836035153,67.03424815467574,105.0,-2.787536941821265,mean
1921,B0,15,DOTUSDT,2026-08-14 23:59:00+00:00,2026-08-15 00:01:00+00:00,2026-08-15 02:01:00+00:00,10895.545935473292,10894.120749608614,10894.120749608614,10919.774095172841,-25.653345564227845,4.362778968956291,0.0,-30.016124533184136,-30.016124533184136,120.0,2.1137542680646098,mean
1922,B0,15,FILUSDT,2026-08-15 00:14:00+00:00,2026-08-15 00:16:00+00:00,2026-08-15 03:46:00+00:00,10894.941543413157,10940.350181636639,10940.350181636639,10833.87475407813,106.47542755850787,4.354844987142954,0.0,102.12058257136492,102.12058257136492,210.0,5.383243991959415,mean
1920,B0,15,HBARUSDT,2026-08-14 23:59:00+00:00,2026-08-15 00:01:00+00:00,2026-08-15 04:16:00+00:00,10895.545935473292,10897.200033839083,10897.200033839083,10958.401673373397,-61.201639534313315,4.371120341442496,0.0,-65.57275987575582,-65.57275987575582,255.0,2.3814007562020776,timeout
1923,B0,15,LINKUSDT,2026-08-15 02:14:00+00:00,2026-08-15 02:16:00+00:00,2026-08-15 04:31:00+00:00,10897.387264190807,10966.379902773846,10966.379902773846,10911.185791907415,55.19411086643022,4.3755131389362525,0.0,50.81859772749397,50.81859772749397,135.0,8.60167462474231,mean
1924,B0,15,AVAXUSDT,2026-08-15 03:59:00+00:00,2026-08-15 04:01:00+00:00,2026-08-15 05:16:00+00:00,10892.05136729309,10921.01530947233,10921.01530947233,10809.98686445191,111.02844502041997,4.346200434784848,0.0,106.68224458563512,106.68224458563512,75.0,5.345803911391319,mean
1925,B0,15,DOTUSDT,2026-08-15 10:14:00+00:00,2026-08-15 10:16:00+00:00,2026-08-15 11:31:00+00:00,10911.523649039358,10900.36096499942,10900.36096499942,10822.222176719853,78.13878827956643,4.344516628343855,0.0,73.79427165122257,73.79427165122257,75.0,2.8385839859034294,mean
1926,B0,15,BCHUSDT,2026-08-15 18:59:00+00:00,2026-08-15 19:01:00+00:00,2026-08-15 21:01:00+00:00,10918.903076204479,10905.461448426997,10905.461448426997,10954.92663864813,49.46519022113444,4.372077617415025,0.0,45.09311260371941,45.09311260371941,120.0,-2.007328152235592,mean
1927,B0,15,AVAXUSDT,2026-08-15 22:59:00+00:00,2026-08-15 23:01:00+00:00,2026-08-16 01:16:00+00:00,10923.41238746485,10830.841096045657,10830.841096045657,10851.41249413881,20.571398093154922,4.336450718036893,0.5619255674595195,16.23494737511803,16.796872942577547,135.0,-2.2740310119974523,mean
1929,B0,15,NEARUSDT,2026-08-16 00:29:00+00:00,2026-08-16 00:31:00+00:00,2026-08-16 02:31:00+00:00,10921.628471286425,10935.187289996898,10935.187289996898,10948.746108707372,13.558818710473538,4.376786679740855,0.0,9.182032030732683,9.182032030732683,120.0,-2.032921881870384,mean
1928,B0,15,FILUSDT,2026-08-15 23:14:00+00:00,2026-08-15 23:16:00+00:00,2026-08-16 02:46:00+00:00,10925.42433876969,10904.46970371451,10904.46970371451,10877.067488642353,-27.40221507215824,4.356307438471372,0.376957394956784,-31.75852251062961,-31.381565115672828,210.0,-2.0042103138346037,mean
1930,B0,15,LTCUSDT,2026-08-16 15:29:00+00:00,2026-08-16 15:31:00+00:00,2026-08-16 17:31:00+00:00,10922.872121450615,10900.9141475634,10900.9141475634,10852.118650036258,48.795497527142146,4.350606559519932,0.14275683949786797,44.444890967622214,44.587647807120085,120.0,3.275444672871688,mean
1931,B0,15,XLMUSDT,2026-08-16 16:29:00+00:00,2026-08-16 16:31:00+00:00,2026-08-16 17:46:00+00:00,10926.084063678514,10930.202451942245,10930.202451942245,10829.98833752479,100.21411441745515,4.352038157893407,0.0,95.86207625956175,95.86207625956175,75.0,3.065709199072437,mean
1932,B0,15,ADAUSDT,2026-08-16 19:29:00+00:00,2026-08-16 19:31:00+00:00,2026-08-16 21:01:00+00:00,10936.917093857286,10936.917093857286,10936.917093857286,10826.628854255365,110.28823960192197,4.35270918962253,0.0,105.93553041229944,105.93553041229944,90.0,2.2408351688784376,mean
1934,B0,15,LTCUSDT,2026-08-16 21:44:00+00:00,2026-08-16 21:46:00+00:00,2026-08-16 23:46:00+00:00,10947.510646898516,10937.580932026045,10937.580932026045,10974.817362797809,37.2364307717633,4.382479658964771,0.0,32.853951112798526,32.853951112798526,120.0,-2.719324945107242,mean
1935,B0,15,SUIUSDT,2026-08-16 21:44:00+00:00,2026-08-16 21:46:00+00:00,2026-08-16 23:46:00+00:00,10947.510646898516,10921.332172776505,10921.332172776505,10973.689121020527,52.35694824402188,4.379004258759406,0.0,47.97794398526248,47.97794398526248,120.0,-2.3413158500229705,mean
1933,B0,15,FILUSDT,2026-08-16 21:44:00+00:00,2026-08-16 21:46:00+00:00,2026-08-17 00:01:00+00:00,10947.510646898516,10909.612882768675,10909.612882768675,10972.226580026674,62.613697257999156,4.37636789255907,0.8129850241078138,58.23732936544008,59.05031438954789,135.0,-3.3970911763870633,mean
1938,B0,15,XRPUSDT,2026-08-17 01:44:00+00:00,2026-08-17 01:46:00+00:00,2026-08-17 04:46:00+00:00,10963.066874177779,10957.58534074069,10957.58534074069,10976.222554426793,-18.637213686102605,4.386761579033497,0.0,-23.0239752651361,-23.0239752651361,180.0,2.34316797270405,mean
1937,B0,15,SOLUSDT,2026-08-17 01:29:00+00:00,2026-08-17 01:31:00+00:00,2026-08-17 05:01:00+00:00,10961.498867847276,10976.077267724719,10976.077267724719,11005.234067479598,-29.15679975487872,4.396262267040862,0.0,-33.55306202191958,-33.55306202191958,210.0,2.300531048429885,mean
1936,B0,15,ETHUSDT,2026-08-17 01:29:00+00:00,2026-08-17 01:31:00+00:00,2026-08-17 05:16:00+00:00,10961.498867847276,10977.01162420293,10977.01162420293,11000.512292413363,-23.50066821043203,4.395504783323259,0.0,-27.896172993755286,-27.896172993755286,225.0,2.6503451888798195,mean
1939,B0,15,NEARUSDT,2026-08-17 05:14:00+00:00,2026-08-17 05:16:00+00:00,2026-08-17 07:31:00+00:00,10953.184731936186,10953.184731936186,10953.184731936186,10933.160628221493,20.02410371469214,4.3772690720315355,0.0,15.646834642660604,15.646834642660604,135.0,2.0781854862970155,mean
1941,B0,15,LTCUSDT,2026-08-17 08:29:00+00:00,2026-08-17 08:31:00+00:00,2026-08-17 10:31:00+00:00,10958.593665674203,10958.593665674203,10958.593665674203,10993.549307350995,34.955641676791856,4.39042859460504,0.0,30.565213082186816,30.565213082186816,120.0,-2.391192673096739,mean
1940,B0,15,HBARUSDT,2026-08-17 07:29:00+00:00,2026-08-17 07:31:00+00:00,2026-08-17 11:46:00+00:00,10954.834893496025,10956.505601883015,10956.505601883015,11058.418813489428,-101.91321160641404,4.402984883074488,0.19794535302991725,-106.31619648948853,-106.11825113645861,255.0,2.878887225413378,timeout
1942,B0,15,AAVEUSDT,2026-08-17 14:59:00+00:00,2026-08-17 15:01:00+00:00,2026-08-17 17:01:00+00:00,10947.060926478032,10940.832512204888,10940.832512204888,10910.936123693798,29.89638851109094,4.3703537271797375,0.05937186078560407,25.5260347839112,25.585406644696803,120.0,2.363271599304316,mean
1944,B0,15,TRXUSDT,2026-08-17 15:59:00+00:00,2026-08-17 16:01:00+00:00,2026-08-17 17:01:00+00:00,10940.685605647217,10928.398670437817,10928.398670437817,11004.444837004114,76.04616656629723,4.386568701488386,0.0,71.65959786480884,71.65959786480884,60.0,-3.1321383452232094,mean
1945,B0,15,NEARUSDT,2026-08-17 18:14:00+00:00,2026-08-17 18:16:00+00:00,2026-08-17 19:31:00+00:00,10951.41378270612,10971.820143791909,10971.820143791909,10985.424384515767,13.604240723858547,4.391448905661536,0.0,9.212791818197013,9.212791818197013,75.0,-2.0074248472068694,mean
1943,B0,15,BTCUSDT,2026-08-17 15:29:00+00:00,2026-08-17 15:31:00+00:00,2026-08-17 19:46:00+00:00,10945.471858687697,10947.33533967515,10947.33533967515,10999.752153505706,-52.41681383055514,4.389417498636171,1.0095117608038109,-56.80623132919131,-55.7967195683875,255.0,2.2696456175649486,timeout
1947,B0,15,FILUSDT,2026-08-18 01:59:00+00:00,2026-08-18 02:01:00+00:00,2026-08-18 02:46:00+00:00,10952.127034153964,10945.51043422395,10945.51043422395,10538.589538528153,-406.92089569579673,4.296819994550421,0.0,-411.2177156903472,-411.2177156903472,45.0,-2.043327630090791,stop
1948,B0,15,XRPUSDT,2026-08-18 02:14:00+00:00,2026-08-18 02:16:00+00:00,2026-08-18 04:46:00+00:00,10945.242595623076,10941.940531284092,10941.940531284092,10946.343283736072,4.4027524519810575,4.377656763004033,0.0,0.025095688977024633,0.025095688977024633,150.0,-2.30570929475307,mean
1946,B0,15,DOTUSDT,2026-08-18 01:59:00+00:00,2026-08-18 02:01:00+00:00,2026-08-18 05:16:00+00:00,10952.127034153964,10930.202317016328,10930.202317016328,10731.418214968424,-198.7841020479041,4.332324106396951,0.0,-203.11642615430105,-203.11642615430105,195.0,-2.898991990915474,mean
1949,B0,15,FILUSDT,2026-08-18 02:59:00+00:00,2026-08-18 03:01:00+00:00,2026-08-18 05:16:00+00:00,10876.858138250785,10871.623846557692,10871.623846557692,10822.77045742214,-48.85338913555096,4.338878860795966,0.0,-53.19226799634693,-53.19226799634693,135.0,-10.367939428231901,mean
1950,B0,15,SUIUSDT,2026-08-18 04:59:00+00:00,2026-08-18 05:01:00+00:00,2026-08-18 06:16:00+00:00,10881.356535204752,10867.901998530619,10867.901998530619,10872.947449783418,5.045451252799174,4.348169889662808,0.0,0.697281363136367,0.697281363136367,75.0,-3.341107898903982,mean
1951,B0,15,XRPUSDT,2026-08-18 06:44:00+00:00,2026-08-18 06:46:00+00:00,2026-08-18 07:46:00+00:00,10885.446630875076,10881.091145577135,10881.091145577135,10849.513877167075,31.577268410060885,4.346121004548842,0.0,27.231147405512043,27.231147405512043,60.0,2.0593151241129317,mean
1952,B0,15,TRXUSDT,2026-08-18 07:14:00+00:00,2026-08-18 07:16:00+00:00,2026-08-18 09:01:00+00:00,10886.426767509098,10882.833563967146,10882.833563967146,10866.174165727192,16.65939823995485,4.349801545938868,0.312956595583569,12.309596694015983,12.622553289599553,105.0,2.1264902714067997,mean
1953,B0,15,NEARUSDT,2026-08-18 08:14:00+00:00,2026-08-18 08:16:00+00:00,2026-08-18 10:31:00+00:00,10888.636694338808,10875.135594903793,10875.135594903793,10915.638893208836,40.5032983050421,4.358154897622526,0.0,36.145143407419575,36.145143407419575,135.0,-2.707800304163604,mean
1956,B0,15,ADAUSDT,2026-08-18 14:29:00+00:00,2026-08-18 14:31:00+00:00,2026-08-18 16:31:00+00:00,10893.04651528533,10917.775338248523,10917.775338248523,10849.771075099747,68.00426314877444,4.353509282669654,0.2805750800020794,63.650753866104786,63.931328946106866,120.0,2.8603509898673574,mean
1954,B0,15,BTCUSDT,2026-08-18 14:29:00+00:00,2026-08-18 14:31:00+00:00,2026-08-18 16:46:00+00:00,10893.04651528533,10894.656275553589,10894.656275553589,10857.564716039087,37.091559514502066,4.3504441983185345,0.39675035262862424,32.74111531618353,33.137865668812154,135.0,4.244670312328767,mean
1955,B0,15,ETHUSDT,2026-08-18 14:29:00+00:00,2026-08-18 14:31:00+00:00,2026-08-18 17:16:00+00:00,10893.04651528533,10905.146744269716,10905.146744269716,10875.20861903605,29.93812523366674,4.356071072661153,0.483819044326954,25.582054161005587,26.06587320533254,165.0,2.9929206739581122,mean
1957,B0,15,TRXUSDT,2026-08-18 16:44:00+00:00,2026-08-18 16:46:00+00:00,2026-08-18 18:46:00+00:00,10903.91548075508,10903.91548075508,10903.91548075508,10872.288191668506,31.6272890865741,4.355240734484717,0.0,27.27204835208938,27.27204835208938,120.0,3.471840486428978,mean
1958,B0,15,AAVEUSDT,2026-08-18 20:44:00+00:00,2026-08-18 20:46:00+00:00,2026-08-19 01:01:00+00:00,10908.087226902564,10910.553724862291,10910.553724862291,10746.531610540298,-164.02211432199425,4.331417067080517,-0.25180270485047196,-168.35353138907476,-168.60533409392522,255.0,-2.0227623509870987,timeout
1959,B0,15,HBARUSDT,2026-08-18 21:29:00+00:00,2026-08-18 21:31:00+00:00,2026-08-19 01:46:00+00:00,10904.045943990486,10905.680243442523,10905.680243442523,10992.29811440048,-86.61787095795844,4.3795956715686,-0.3292440554770037,-90.99746662952704,-91.32671068500404,255.0,2.2649868241448954,timeout
1960,B0,15,NEARUSDT,2026-08-19 00:14:00+00:00,2026-08-19 00:16:00+00:00,2026-08-19 02:01:00+00:00,10883.66377936659,10876.727091170691,10876.727091170691,10987.714102305086,110.9870111343949,4.372888238695156,0.0,106.61412289569974,106.61412289569974,105.0,-2.2547294150395767,mean
1961,B0,15,LINKUSDT,2026-08-19 03:59:00+00:00,2026-08-19 04:01:00+00:00,2026-08-19 05:46:00+00:00,10892.75543471424,10879.277081938762,10879.277081938762,10802.899749544396,76.37733239436628,4.336435366296632,0.0,72.04089702806965,72.04089702806965,105.0,2.3070944416577714,mean
1962,B0,15,XLMUSDT,2026-08-19 05:14:00+00:00,2026-08-19 05:16:00+00:00,2026-08-19 07:31:00+00:00,10900.512541231425,10899.815220828326,10899.815220828326,10910.972347277899,-11.157126449571116,4.362157513621245,0.0,-15.519283963192361,-15.519283963192361,135.0,2.2079912312379486,mean
1964,B0,15,DOTUSDT,2026-08-19 06:59:00+00:00,2026-08-19 07:01:00+00:00,2026-08-19 08:31:00+00:00,10893.395912444437,10901.94198664353,10901.94198664353,10817.905590352444,84.03639629108571,4.343969515399195,1.0856362924248364,79.69242677568653,80.77806306811136,90.0,2.1996827269122683,mean
1963,B0,15,NEARUSDT,2026-08-19 06:59:00+00:00,2026-08-19 07:01:00+00:00,2026-08-19 09:01:00+00:00,10893.395912444437,10900.120230908908,10900.120230908908,10826.152727799717,73.96750310918993,4.345254591741725,-0.039443811578104185,69.62224851744821,69.5828047058701,120.0,2.2896959095908627,mean
1965,B0,15,LINKUSDT,2026-08-19 08:44:00+00:00,2026-08-19 08:46:00+00:00,2026-08-19 10:16:00+00:00,10910.970478466894,10907.6286804643,10907.6286804643,10836.336989742313,71.29169072198896,4.348793134041323,0.0,66.94289758794763,66.94289758794763,90.0,2.0636077719143184,mean
1966,B0,15,LTCUSDT,2026-08-19 08:59:00+00:00,2026-08-19 09:01:00+00:00,2026-08-19 11:16:00+00:00,10914.221806146345,10916.649886637144,10916.649886637144,10885.084840256743,31.56504638040162,4.360346945378778,0.0,27.204699435022842,27.204699435022842,135.0,3.3534465186780342,mean
1967,B0,15,DOTUSDT,2026-08-19 10:59:00+00:00,2026-08-19 11:01:00+00:00,2026-08-19 13:16:00+00:00,10922.104912000908,10922.104912000908,10922.104912000908,10902.405160806886,19.69975119402319,4.364902014561558,0.0,15.334849179461632,15.334849179461632,135.0,2.890079186482436,mean
1969,B0,15,UNIUSDT,2026-08-19 11:59:00+00:00,2026-08-19 12:01:00+00:00,2026-08-19 14:01:00+00:00,10921.422100264099,10918.200441827443,10918.200441827443,10869.875565277602,48.32487654984012,4.357615201421009,0.0,43.967261348419115,43.967261348419115,120.0,2.645535442964879,mean
1968,B0,15,AAVEUSDT,2026-08-19 11:29:00+00:00,2026-08-19 11:31:00+00:00,2026-08-19 15:16:00+00:00,10922.780712910711,10919.100117365533,10919.100117365533,11406.165594510938,-487.0654771454062,4.465053142375294,0.0,-491.5305302877815,-491.5305302877815,225.0,2.003758963743885,stop
1970,B0,15,XRPUSDT,2026-08-19 13:29:00+00:00,2026-08-19 13:31:00+00:00,2026-08-19 15:31:00+00:00,10914.859564712628,10904.184885431736,10904.184885431736,11283.13599990342,-378.9511144716839,4.437464177067032,0.0,-383.388578648751,-383.388578648751,120.0,6.074716814743484,stop
1971,B0,15,BTCUSDT,2026-08-19 14:14:00+00:00,2026-08-19 14:16:00+00:00,2026-08-19 15:31:00+00:00,10923.884268609265,10925.755709453984,10925.755709453984,11333.429046324078,-407.67333687009346,4.451836951155612,0.0,-412.12517382124906,-412.12517382124906,75.0,5.096136017514541,stop
1973,B0,15,BTCUSDT,2026-08-19 15:44:00+00:00,2026-08-19 15:46:00+00:00,2026-08-19 17:46:00+00:00,10786.080046577257,10753.965150619808,10753.965150619808,10704.944370097677,49.02078052213128,4.291781904143497,1.0769534725929617,44.728998617987784,45.805952090580746,120.0,15.4974599104665,mean
1974,B0,15,XRPUSDT,2026-08-19 15:44:00+00:00,2026-08-19 15:46:00+00:00,2026-08-19 18:01:00+00:00,10786.080046577257,10769.942279535437,10769.942279535437,10712.451484448948,57.49079508648848,4.296478752796877,0.5749188448763307,53.1943163336916,53.76923517856793,135.0,13.485545215677526,mean
1972,B0,15,ETHUSDT,2026-08-19 15:29:00+00:00,2026-08-19 15:31:00+00:00,2026-08-19 18:16:00+00:00,10787.102278793916,10711.288736692495,10711.288736692495,10842.584480043717,-131.29574335122334,4.3107746433472425,1.0844235406344176,-135.6065179945706,-134.52209445393618,165.0,20.530771036166136,mean
1975,B0,15,NEARUSDT,2026-08-19 17:59:00+00:00,2026-08-19 18:01:00+00:00,2026-08-19 19:16:00+00:00,10795.17354535918,10807.866283213805,10807.866283213805,10769.788069649927,38.078213563877206,4.315530870572746,0.0,33.76268269330446,33.76268269330446,75.0,2.3881207759892438,mean
1976,B0,15,TRXUSDT,2026-08-19 18:14:00+00:00,2026-08-19 18:16:00+00:00,2026-08-19 20:16:00+00:00,10800.77763797293,10798.171036835525,10798.171036835525,10821.956272214331,23.785235378805783,4.3240254618099705,0.0,19.461209916995813,19.461209916995813,120.0,-2.558106863725949,mean
1979,B0,15,LINKUSDT,2026-08-19 20:29:00+00:00,2026-08-19 20:31:00+00:00,2026-08-19 21:01:00+00:00,10800.470601715135,10789.956124883247,10789.956124883247,11114.853458988578,-324.8973341053319,4.380961916774365,0.0,-329.27829602210625,-329.27829602210625,30.0,3.149433175827991,stop
1978,B0,15,SUIUSDT,2026-08-19 20:14:00+00:00,2026-08-19 20:16:00+00:00,2026-08-19 21:16:00+00:00,10802.095780431213,10795.893026609547,10795.893026609547,11147.899305989087,-352.0062793795405,4.388758466519727,0.0,-356.39503784606023,-356.39503784606023,60.0,2.0510251416943914,stop
1977,B0,15,LTCUSDT,2026-08-19 20:14:00+00:00,2026-08-19 20:16:00+00:00,2026-08-19 23:16:00+00:00,10802.095780431213,10799.755131291358,10799.755131291358,10895.721746025416,-95.96661473405766,4.339095375463355,0.0,-100.30571010952102,-100.30571010952102,180.0,2.279033705236817,mean
1980,B0,15,ETHUSDT,2026-08-19 21:14:00+00:00,2026-08-19 21:16:00+00:00,2026-08-19 23:16:00+00:00,10711.990189823615,10718.86140671158,10718.86140671158,10659.911104583112,58.95030212846781,4.275754502258938,0.0,54.67454762620888,54.67454762620888,120.0,8.959968232751137,mean
1981,B0,15,ADAUSDT,2026-08-19 21:29:00+00:00,2026-08-19 21:31:00+00:00,2026-08-19 23:16:00+00:00,10706.22572239087,10728.61197586163,10728.61197586163,10459.976934212513,268.6350416491174,4.237717782014828,0.0,264.3973238671026,264.3973238671026,105.0,9.64460752670036,mean
1984,B0,15,XRPUSDT,2026-08-20 03:14:00+00:00,2026-08-20 03:16:00+00:00,2026-08-20 05:01:00+00:00,10755.221206571548,10774.95917905562,10774.95917905562,10857.858663488729,82.89948443310755,4.32656356850887,0.0,78.57292086459867,78.57292086459867,105.0,-2.233080357762907,mean
1983,B0,15,UNIUSDT,2026-08-20 03:14:00+00:00,2026-08-20 03:16:00+00:00,2026-08-20 05:16:00+00:00,10755.221206571548,10794.429808838915,10794.429808838915,10884.911198686685,90.48138984776902,4.33586820150512,0.0,86.1455216462639,86.1455216462639,120.0,-2.2959940492473048,mean
1982,B0,15,ADAUSDT,2026-08-20 03:14:00+00:00,2026-08-20 03:16:00+00:00,2026-08-20 05:31:00+00:00,10755.221206571548,10767.001295516313,10767.001295516313,10831.791784712528,64.79048919621518,4.3197586160457675,0.0,60.47073058016941,60.47073058016941,135.0,-2.867725433687681,mean
1985,B0,15,HBARUSDT,2026-08-20 06:59:00+00:00,2026-08-20 07:01:00+00:00,2026-08-20 07:31:00+00:00,10777.74012388065,10761.239756258843,10761.239756258843,10659.23748368767,102.00227257117389,4.284095447989302,0.0,97.71817712318459,97.71817712318459,30.0,2.41690748402349,mean
1988,B0,15,SOLUSDT,2026-08-20 08:14:00+00:00,2026-08-20 08:16:00+00:00,2026-08-20 10:31:00+00:00,10787.51194159297,10752.968216253925,10752.968216253925,10776.408601305418,-23.440385051494047,4.305875363511868,0.0,-27.746260415005917,-27.746260415005917,135.0,3.7698416130431562,mean
1986,B0,15,BNBUSDT,2026-08-20 08:14:00+00:00,2026-08-20 08:16:00+00:00,2026-08-20 11:31:00+00:00,10787.51194159297,10787.175688240051,10787.175688240051,10809.368409532544,-22.192721292492607,4.31930881955452,0.0,-26.51203011204713,-26.51203011204713,195.0,5.846939811679809,mean
1987,B0,15,BTCUSDT,2026-08-20 08:14:00+00:00,2026-08-20 08:16:00+00:00,2026-08-20 11:31:00+00:00,10787.51194159297,10753.25237294841,10753.25237294841,10875.748489634683,-122.49611668627509,4.325800172516619,0.0,-126.82191685879171,-126.82191685879171,195.0,4.002100072854261,mean
1991,B0,15,XRPUSDT,2026-08-20 11:44:00+00:00,2026-08-20 11:46:00+00:00,2026-08-20 14:16:00+00:00,10756.15299388777,10800.484013881083,10800.484013881083,11165.08403545874,-364.6000215776576,4.393113609867964,0.0,-368.9931351875256,-368.9931351875256,150.0,3.558702755502243,stop
1989,B0,15,XLMUSDT,2026-08-20 10:44:00+00:00,2026-08-20 10:46:00+00:00,2026-08-20 14:31:00+00:00,10768.64652229462,10778.905824630365,10778.905824630365,10999.782569035197,-220.87674440483232,4.355737678733112,0.0,-225.23248208356546,-225.23248208356546,225.0,2.5167904230900064,mean
1990,B0,15,TRXUSDT,2026-08-20 11:44:00+00:00,2026-08-20 11:46:00+00:00,2026-08-20 14:31:00+00:00,10756.15299388777,10756.15299388777,10756.15299388777,10765.075295289898,-8.922301402128877,4.3042456578355335,0.0,-13.22654705996441,-13.22654705996441,165.0,4.71584394765047,mean
1992,B0,15,XRPUSDT,2026-08-20 14:29:00+00:00,2026-08-20 14:31:00+00:00,2026-08-20 16:46:00+00:00,10712.80714601413,10742.276032985365,10742.276032985365,11166.107966189322,-423.8319332039565,4.3816767998349375,1.0930493120685076,-428.2136100037915,-427.12056069172297,135.0,4.113976621267701,stop
1993,B0,15,DOGEUSDT,2026-08-20 14:59:00+00:00,2026-08-20 15:01:00+00:00,2026-08-20 16:46:00+00:00,10719.017988931475,10712.185366551994,10712.185366551994,11168.604541501396,-456.4191749494019,4.376157981610678,1.0961587015598897,-460.7953329310126,-459.6991742294527,105.0,2.272722986923249,stop
1996,B0,15,XRPUSDT,2026-08-20 16:59:00+00:00,2026-08-20 17:01:00+00:00,2026-08-20 18:31:00+00:00,10602.36807927404,10619.304769496523,10619.304769496523,10197.500532050886,421.80423744563547,4.163361060309482,0.0,417.640876385326,417.640876385326,90.0,5.974031607221177,mean
1994,B0,15,LTCUSDT,2026-08-20 14:59:00+00:00,2026-08-20 15:01:00+00:00,2026-08-20 18:46:00+00:00,10719.017988931475,10705.554704875876,10705.554704875876,10766.139483126064,-60.58477825018747,4.294338837600389,1.0772871125153864,-64.87911708778786,-63.801829975272476,225.0,2.1271583768305526,mean
1995,B0,15,DOGEUSDT,2026-08-20 16:59:00+00:00,2026-08-20 17:01:00+00:00,2026-08-20 18:46:00+00:00,10602.36807927404,10606.191508080125,10606.191508080125,10263.357391801159,342.83411627896555,4.173909779976257,0.0,338.6602064989893,338.6602064989893,105.0,8.893735363234502,mean
1998,B0,15,XRPUSDT,2026-08-20 18:59:00+00:00,2026-08-20 19:01:00+00:00,2026-08-20 21:01:00+00:00,10682.33400737327,10655.395721012856,10655.395721012856,10816.156462195971,160.76074118311647,4.294310436641765,0.0,156.46643074647469,156.46643074647469,120.0,-2.6279762651929337,mean
1999,B0,15,XLMUSDT,2026-08-20 18:59:00+00:00,2026-08-20 19:01:00+00:00,2026-08-20 21:01:00+00:00,10682.33400737327,10681.136234877069,10681.136234877069,10779.353579565593,98.21734468852492,4.2920979628885325,0.0,93.92524672563638,93.92524672563638,120.0,-2.5463553663290246,mean
1997,B0,15,HBARUSDT,2026-08-20 18:44:00+00:00,2026-08-20 18:46:00+00:00,2026-08-20 21:31:00+00:00,10690.22346991962,10702.096548881074,10702.096548881074,10786.692236481438,84.59568760036366,4.297757757072503,0.0,80.29792984329116,80.29792984329116,165.0,-3.642950235645763,mean
2000,B0,15,NEARUSDT,2026-08-20 22:29:00+00:00,2026-08-20 22:31:00+00:00,2026-08-21 00:46:00+00:00,10722.295616951606,10722.295616951606,10722.295616951606,10752.774001309057,-30.478384357452683,4.2950139236521325,0.7141478016541523,-34.77339828110481,-34.05925047945066,135.0,2.00905148142993,mean
2001,B0,15,TRXUSDT,2026-08-20 23:44:00+00:00,2026-08-20 23:46:00+00:00,2026-08-21 02:31:00+00:00,10716.595061854925,10700.089435908108,10700.089435908108,10728.022033664261,27.93259775615262,4.285622293914474,-1.070739000123074,23.646975462238146,22.576236462115073,165.0,-3.0658740227777255,mean
2003,B0,15,ADAUSDT,2026-08-21 00:59:00+00:00,2026-08-21 01:01:00+00:00,2026-08-21 03:16:00+00:00,10728.854915322741,10744.609474669764,10744.609474669764,10765.615553799127,-21.006079129363297,4.302045005693778,0.0,-25.308124135057074,-25.308124135057074,135.0,3.419561982078286,mean
2004,B0,15,SOLUSDT,2026-08-21 02:44:00+00:00,2026-08-21 02:46:00+00:00,2026-08-21 04:16:00+00:00,10708.728778033945,10688.438052529422,10688.438052529422,10635.920880635364,52.51717189405831,4.264871786632957,0.0,48.25230010742535,48.25230010742535,90.0,2.3276224921510935,mean
2002,B0,15,BCHUSDT,2026-08-21 00:14:00+00:00,2026-08-21 00:16:00+00:00,2026-08-21 04:31:00+00:00,10712.605079121779,10692.711662076055,10692.711662076055,10811.59851156359,-118.88684948753401,4.300862034727929,0.0,-123.18771152226194,-123.18771152226194,255.0,3.4487698919527974,timeout
2005,B0,15,AAVEUSDT,2026-08-21 03:29:00+00:00,2026-08-21 03:31:00+00:00,2026-08-21 05:31:00+00:00,10715.435947570117,10711.196408124986,10711.196408124986,10643.36377700288,67.83263112210565,4.270912037025573,0.0,63.561719085080085,63.561719085080085,120.0,2.282514748042474,mean
2006,B0,15,BCHUSDT,2026-08-21 04:59:00+00:00,2026-08-21 05:01:00+00:00,2026-08-21 06:01:00+00:00,10707.729083482871,10693.822339792472,10693.822339792472,11018.313025901742,-324.4906861092692,4.342427073138843,0.0,-328.833113182408,-328.833113182408,60.0,2.8741967669100896,stop
2009,B0,15,BCHUSDT,2026-08-21 06:14:00+00:00,2026-08-21 06:16:00+00:00,2026-08-21 07:01:00+00:00,10672.162151976903,10740.306814527878,10740.306814527878,11077.490144812578,-337.1833302847004,4.363559391868091,0.0,-341.5468896765685,-341.5468896765685,45.0,8.432488476203975,stop
2007,B0,15,NEARUSDT,2026-08-21 04:59:00+00:00,2026-08-21 05:01:00+00:00,2026-08-21 07:46:00+00:00,10707.729083482871,10672.428877713146,10672.428877713146,11101.914714578119,-429.485836864972,4.354868718458253,0.0,-433.84070558343024,-433.84070558343024,165.0,2.3971259872140487,stop
2010,B0,15,BCHUSDT,2026-08-21 07:14:00+00:00,2026-08-21 07:16:00+00:00,2026-08-21 08:46:00+00:00,10627.029711444267,10679.760040545789,10679.760040545789,11106.585066658885,-426.8250261130955,4.357269021440935,1.0896574893386926,-431.1822951345364,-430.09263764519767,90.0,12.253700391198455,stop
2011,B0,15,AAVEUSDT,2026-08-21 07:59:00+00:00,2026-08-21 08:01:00+00:00,2026-08-21 08:46:00+00:00,10577.86750678392,10578.86711626292,10578.86711626292,10957.719108804133,-378.85199254121267,4.307317245013411,0.0,-383.15930978622606,-383.15930978622606,45.0,5.758834551820926,stop
2008,B0,15,SUIUSDT,2026-08-21 05:44:00+00:00,2026-08-21 05:46:00+00:00,2026-08-21 09:01:00+00:00,10712.259713106825,10721.97038624743,10721.97038624743,11179.759262875927,-457.7888766284957,4.380345929824672,1.0789945098231661,-462.16922255832037,-461.0902280484972,195.0,3.632022276760656,stop
2013,B0,15,AAVEUSDT,2026-08-21 08:59:00+00:00,2026-08-21 09:01:00+00:00,2026-08-21 11:01:00+00:00,10469.858319751795,10340.259636627534,10340.259636627534,10740.490863923042,-400.23122729550755,4.216150100110115,0.0,-404.44737739561765,-404.44737739561765,120.0,8.966662645559756,stop
2014,B0,15,BTCUSDT,2026-08-21 09:14:00+00:00,2026-08-21 09:16:00+00:00,2026-08-21 11:01:00+00:00,10518.987066413618,10479.613129258916,10479.613129258916,10499.54998388682,-19.93685462790476,4.195832622629147,0.0,-24.13268725053391,-24.13268725053391,105.0,3.655835758211532,mean
2012,B0,15,LTCUSDT,2026-08-21 08:59:00+00:00,2026-08-21 09:01:00+00:00,2026-08-21 11:31:00+00:00,10469.858319751795,10425.089246275693,10425.089246275693,10321.30639412655,103.78285214914274,4.149279128080449,0.0,99.63357302106229,99.63357302106229,150.0,9.657629533106906,mean
2015,B0,15,AAVEUSDT,2026-08-21 11:14:00+00:00,2026-08-21 11:16:00+00:00,2026-08-21 11:46:00+00:00,10445.713647745366,10418.979405773376,10418.979405773376,10123.059003255836,295.9204025175409,4.108407681805843,0.0,291.81199483573505,291.81199483573505,30.0,4.3703383927084705,mean
2016,B0,15,HBARUSDT,2026-08-21 11:59:00+00:00,2026-08-21 12:01:00+00:00,2026-08-21 14:46:00+00:00,10475.909395832225,10453.705852272371,10453.705852272371,10699.332552903224,245.62670063085332,4.230607681035119,0.0,241.3960929498182,241.3960929498182,165.0,-2.0253679244453004,mean
2017,B0,15,BCHUSDT,2026-08-21 14:29:00+00:00,2026-08-21 14:31:00+00:00,2026-08-21 15:16:00+00:00,10503.315979017745,10519.839085299216,10519.839085299216,10890.26407263269,-370.42498733347304,4.282020631586381,0.0,-374.70700796505946,-374.70700796505946,45.0,2.6004791328958623,stop
2019,B0,15,UNIUSDT,2026-08-21 15:14:00+00:00,2026-08-21 15:16:00+00:00,2026-08-21 16:16:00+00:00,10458.890752161342,10464.10715652651,10464.10715652651,10265.883790650136,198.2233658763736,4.145998189435329,1.03363052495799,194.07736768693826,195.11099821189626,60.0,2.366838184800475,mean
2020,B0,15,BCHUSDT,2026-08-21 15:29:00+00:00,2026-08-21 15:31:00+00:00,2026-08-21 17:01:00+00:00,10458.633770630962,10513.44075307907,10513.44075307907,10925.589261088842,-412.14850800977143,4.287806002833582,2.7222814160335704,-416.436314012605,-413.7140325965714,90.0,4.994361037549792,stop
2018,B0,15,LTCUSDT,2026-08-21 14:59:00+00:00,2026-08-21 15:01:00+00:00,2026-08-21 17:31:00+00:00,10484.122444463821,10490.230886361935,10490.230886361935,10492.267033661306,-2.0361472993710885,4.196499584004648,1.055131530534308,-6.232646883375737,-5.177515352841429,150.0,2.68871558849897,mean
2021,B0,15,BCHUSDT,2026-08-21 17:14:00+00:00,2026-08-21 17:16:00+00:00,2026-08-21 19:01:00+00:00,10435.726955909066,10442.020067410502,10442.020067410502,10201.483361133392,240.5367062771092,4.128700685708779,0.0,236.40800559140044,236.40800559140044,105.0,4.096128298502267,mean
2022,B0,15,HBARUSDT,2026-08-21 19:44:00+00:00,2026-08-21 19:46:00+00:00,2026-08-21 20:31:00+00:00,10463.841049916085,10461.091025987065,10461.091025987065,10573.842007076832,112.75098108976614,4.20698660661278,0.0,108.54399448315337,108.54399448315337,45.0,-2.366171256313701,mean
2023,B0,15,BCHUSDT,2026-08-21 19:59:00+00:00,2026-08-21 20:01:00+00:00,2026-08-21 21:46:00+00:00,10462.669319720408,10420.238633407758,10420.238633407758,10670.026238917886,249.78760551012792,4.218052974465129,0.0,245.5695525356628,245.5695525356628,105.0,-2.052044234267006,mean
2024,B0,15,DOGEUSDT,2026-08-21 20:44:00+00:00,2026-08-21 20:46:00+00:00,2026-08-21 21:46:00+00:00,10493.673094054844,10488.829487734025,10488.829487734025,11034.946100406392,-546.1166126723673,4.304755117628083,0.0,-550.4213677899953,-550.4213677899953,60.0,2.704229826426234,stop
2025,B0,15,AAVEUSDT,2026-08-21 20:59:00+00:00,2026-08-21 21:01:00+00:00,2026-08-21 22:01:00+00:00,10481.809219596944,10545.667847929824,10545.667847929824,10917.127193021082,-371.4593450912591,4.292559008190182,0.0,-375.7519040994493,-375.7519040994493,60.0,4.0524889986088235,stop
2026,B0,15,DOGEUSDT,2026-08-21 21:59:00+00:00,2026-08-21 22:01:00+00:00,2026-08-22 00:01:00+00:00,10403.70545942126,10400.303332063699,10400.303332063699,10370.818228298172,29.485103765527466,4.154224312072374,1.0384426737728414,25.330879453455093,26.369322127227935,120.0,8.408226057564272,mean
2027,B0,15,HBARUSDT,2026-08-21 21:59:00+00:00,2026-08-21 22:01:00+00:00,2026-08-22 00:16:00+00:00,10403.70545942126,10381.37427346038,10381.37427346038,10349.847893280315,31.526380180064958,4.146244433348139,1.0472012616478066,27.380135746716817,28.427337008364624,135.0,4.587683076668758,mean
2028,B0,15,AAVEUSDT,2026-08-21 22:14:00+00:00,2026-08-21 22:16:00+00:00,2026-08-22 01:01:00+00:00,10386.451193858726,10360.599245313488,10360.599245313488,10665.652238147304,-305.0529928338157,4.205250296692158,1.0576217104176084,-309.2582431305079,-308.2006214200903,165.0,6.4012802343449,stop
2031,B0,15,TRXUSDT,2026-08-22 01:14:00+00:00,2026-08-22 01:16:00+00:00,2026-08-22 02:01:00+00:00,10369.833761959648,10372.842388693036,10372.842388693036,10340.65008264581,32.19230604722483,4.142698494267769,0.0,28.049607552957063,28.049607552957063,45.0,2.0804244578237734,mean
2029,B0,15,DOTUSDT,2026-08-22 00:59:00+00:00,2026-08-22 01:01:00+00:00,2026-08-22 02:31:00+00:00,10378.14724093445,10364.18512625659,10364.18512625659,10726.12609905954,-361.940972802951,4.218062245063226,0.0,-366.15903504801423,-366.15903504801423,90.0,3.065257995127066,stop
2030,B0,15,UNIUSDT,2026-08-22 00:59:00+00:00,2026-08-22 01:01:00+00:00,2026-08-22 03:16:00+00:00,10378.14724093445,10353.710821718689,10353.710821718689,10747.137171092469,-393.42634937377966,4.220169598562231,0.0,-397.6465189723419,-397.6465189723419,135.0,2.320901055964922,stop
2032,B0,15,NEARUSDT,2026-08-22 02:14:00+00:00,2026-08-22 02:16:00+00:00,2026-08-22 03:31:00+00:00,10360.169371557613,10370.286724459524,10370.286724459524,10663.689958614965,-293.40323415544157,4.206795336614897,0.0,-297.61002949205647,-297.61002949205647,75.0,3.4467421291623688,stop
2033,B0,15,DOTUSDT,2026-08-22 02:44:00+00:00,2026-08-22 02:46:00+00:00,2026-08-22 04:46:00+00:00,10309.394584207988,10312.499200123731,10312.499200123731,10627.100279585607,-314.6010794618767,4.187919895941867,0.0,-318.78899935781857,-318.78899935781857,120.0,4.8034885521930075,stop
2035,B0,15,SUIUSDT,2026-08-22 03:44:00+00:00,2026-08-22 03:46:00+00:00,2026-08-22 04:46:00+00:00,10273.616220925665,10231.990750034924,10231.990750034924,10597.61988623738,-365.6291362024571,4.16592212725446,0.0,-369.7950583297116,-369.7950583297116,60.0,5.0250543584702125,stop
2037,B0,15,TRXUSDT,2026-08-22 04:59:00+00:00,2026-08-22 05:01:00+00:00,2026-08-22 05:31:00+00:00,10203.259779506894,10207.334796250007,10207.334796250007,10063.544919743006,143.78987650700077,4.054175943198603,0.0,139.73570056380217,139.73570056380217,30.0,5.937775694570323,mean
2036,B0,15,HBARUSDT,2026-08-22 04:59:00+00:00,2026-08-22 05:01:00+00:00,2026-08-22 07:31:00+00:00,10203.259779506894,10277.926449980694,10277.926449980694,9398.518997733729,879.4074522469655,3.9352890895428843,0.0,875.4721631574226,875.4721631574226,150.0,6.344482641581295,mean
2038,B0,15,LTCUSDT,2026-08-22 05:44:00+00:00,2026-08-22 05:46:00+00:00,2026-08-22 07:31:00+00:00,10356.94124213575,10362.944106070529,10362.944106070529,10448.985155802335,86.04104973180776,4.162385852374573,0.0,81.87866387943318,81.87866387943318,105.0,-6.7097789968437676,mean
2034,B0,15,BNBUSDT,2026-08-22 03:29:00+00:00,2026-08-22 03:31:00+00:00,2026-08-22 07:46:00+00:00,10259.016009863466,10290.966230040169,10290.966230040169,10086.855671679174,204.1105583609966,4.075564380343868,0.0,200.03499398065273,200.03499398065273,255.0,7.34914689131419,timeout
2040,B0,15,DOTUSDT,2026-08-22 08:29:00+00:00,2026-08-22 08:31:00+00:00,2026-08-22 11:46:00+00:00,10338.811829993998,10328.842973504825,10328.842973504825,10236.907963660224,-91.9350098446003,4.11315018743301,0.0,-96.04816003203332,-96.04816003203332,195.0,-2.2587891046474597,mean
2039,B0,15,XRPUSDT,2026-08-22 08:29:00+00:00,2026-08-22 08:31:00+00:00,2026-08-22 12:46:00+00:00,10338.811829993998,10282.782316408677,10282.782316408677,10355.210712018972,72.42839561029548,4.127598605685529,0.0,68.30079700460995,68.30079700460995,255.0,-2.3904792592320625,timeout
2041,B0,15,XLMUSDT,2026-08-22 08:44:00+00:00,2026-08-22 08:46:00+00:00,2026-08-22 13:01:00+00:00,10345.027478973294,10314.328549810703,10314.328549810703,10275.443239538092,-38.88531027261253,4.117954357869759,0.0,-43.003264630482285,-43.003264630482285,255.0,-2.388736761168124,timeout
2042,B0,15,AAVEUSDT,2026-08-22 12:29:00+00:00,2026-08-22 12:31:00+00:00,2026-08-22 14:16:00+00:00,10340.18422575682,10322.16854087786,10322.16854087786,10152.657324062175,169.51121681568503,4.094965172988006,0.0,165.416251642697,165.416251642697,105.0,2.041920543706368,mean
2043,B0,15,UNIUSDT,2026-08-22 13:14:00+00:00,2026-08-22 13:16:00+00:00,2026-08-22 14:46:00+00:00,10333.823229205624,10319.35684111061,10319.35684111061,10254.258094683042,65.09874642756725,4.11472298715873,0.0,60.98402344040852,60.98402344040852,90.0,2.254348318110509,mean
2044,B0,15,XLMUSDT,2026-08-22 15:14:00+00:00,2026-08-22 15:16:00+00:00,2026-08-22 16:31:00+00:00,10354.37679473652,10381.62656079935,10381.62656079935,10667.48194988981,285.8553890904604,4.209821702137832,-2.0170233240080297,281.64556738832255,279.6285440643145,75.0,-2.3933354300607284,mean
2045,B0,15,XRPUSDT,2026-08-22 15:14:00+00:00,2026-08-22 15:16:00+00:00,2026-08-22 16:46:00+00:00,10354.37679473652,10353.656289775505,10353.656289775505,10707.424225633527,353.76793585802125,4.212216103081807,-1.037455093364492,349.55571975493945,348.51826466157496,90.0,-2.307326158420619,mean
2046,B0,15,DOGEUSDT,2026-08-22 17:44:00+00:00,2026-08-22 17:46:00+00:00,2026-08-22 21:16:00+00:00,10417.19147560911,10399.374793235007,10399.374793235007,10414.964390312349,-15.589597077341406,4.162867836709472,0.0,-19.752464914050876,-19.752464914050876,210.0,2.189432678625009,mean
2047,B0,15,LTCUSDT,2026-08-22 21:59:00+00:00,2026-08-22 22:01:00+00:00,2026-08-22 23:31:00+00:00,10415.216229117705,10437.26113550991,10437.26113550991,10519.428513880861,82.1673783709505,4.191337929878154,0.0,77.97604044107236,77.97604044107236,90.0,-2.0888229154821407,mean
2048,B0,15,DOTUSDT,2026-08-22 21:59:00+00:00,2026-08-22 22:01:00+00:00,2026-08-22 23:31:00+00:00,10415.216229117705,10422.089447042772,10422.089447042772,10510.295743747793,88.20629670502154,4.186477038158113,0.0,84.01981966686343,84.01981966686343,90.0,-2.0543413344697314,mean
2049,B0,15,SOLUSDT,2026-08-23 00:44:00+00:00,2026-08-23 00:46:00+00:00,2026-08-23 02:31:00+00:00,10431.4158151285,10468.226208248829,10468.226208248829,10232.20662883025,236.01957941857864,4.140086567415816,0.0,231.87949285116284,231.87949285116284,105.0,2.7547383114401156,mean
2050,B0,15,LTCUSDT,2026-08-23 02:29:00+00:00,2026-08-23 02:31:00+00:00,2026-08-23 05:31:00+00:00,10454.808408546192,10454.808408546192,10454.808408546192,10391.937591734373,-62.870816811819,4.1693492000561125,0.0,-67.0401660118751,-67.0401660118751,180.0,-2.056045931800442,mean
2051,B0,15,DOTUSDT,2026-08-23 03:29:00+00:00,2026-08-23 03:31:00+00:00,2026-08-23 05:46:00+00:00,10448.107586564263,10415.446314662533,10415.446314662533,10378.119146774841,-37.32716788769169,4.158713092287474,0.0,-41.48588097997916,-41.48588097997916,135.0,-2.2896220268057075,mean
2052,B0,15,UNIUSDT,2026-08-23 03:29:00+00:00,2026-08-23 03:31:00+00:00,2026-08-23 06:31:00+00:00,10448.107586564263,10405.328726021971,10405.328726021971,10344.935040550501,-60.39368547146978,4.150052753314494,0.0,-64.54373822478428,-64.54373822478428,180.0,-2.253701756585813,mean
2053,B0,15,LINKUSDT,2026-08-23 05:44:00+00:00,2026-08-23 05:46:00+00:00,2026-08-23 07:16:00+00:00,10426.52242390628,10424.658714473104,10424.658714473104,10517.844186131933,93.18547165882947,4.188500580121007,0.0,88.99697107870846,88.99697107870846,90.0,-2.0884638699133715,mean
2054,B0,15,NEARUSDT,2026-08-23 10:14:00+00:00,2026-08-23 10:16:00+00:00,2026-08-23 12:31:00+00:00,10446.196482999823,10392.014965971815,10392.014965971815,10511.214303433431,-119.19933746161635,4.18064585388105,0.0,-123.3799833154974,-123.3799833154974,135.0,2.2620095751515272,mean
2055,B0,15,AAVEUSDT,2026-08-23 10:14:00+00:00,2026-08-23 10:16:00+00:00,2026-08-23 12:46:00+00:00,10446.196482999823,10471.717177378656,10471.717177378656,10989.540298807207,-517.823121428552,4.292251495237172,0.0,-522.1153729237891,-522.1153729237891,150.0,2.0765561189141972,stop
2056,B0,15,UNIUSDT,2026-08-23 11:29:00+00:00,2026-08-23 11:31:00+00:00,2026-08-23 13:31:00+00:00,10417.218131963418,10383.528814835334,10383.528814835334,10886.462191961771,-502.93337712643813,4.253998201359421,0.0,-507.18737532779755,-507.18737532779755,120.0,2.7186524842797506,stop
2057,B0,15,AAVEUSDT,2026-08-23 12:59:00+00:00,2026-08-23 13:01:00+00:00,2026-08-23 13:31:00+00:00,10367.482273989392,10405.257900954404,10405.257900954404,10765.282753865844,-360.02485291143915,4.234108130964049,0.0,-364.2589610424032,-364.2589610424032,30.0,3.557943180821664,stop
2058,B0,15,HBARUSDT,2026-08-23 13:14:00+00:00,2026-08-23 13:16:00+00:00,2026-08-23 14:31:00+00:00,10360.141481193757,10325.410438234701,10325.410438234701,10258.52102216541,66.88941606929076,4.116786292080022,0.0,62.77262977721074,62.77262977721074,75.0,2.2260410247815368,mean
2060,B0,15,UNIUSDT,2026-08-23 13:44:00+00:00,2026-08-23 13:46:00+00:00,2026-08-23 16:16:00+00:00,10299.56977872019,10281.746599349703,10281.746599349703,10112.426395330076,169.32020401962788,4.078834598935956,1.1151576569121393,165.2413694206919,166.35652707760406,150.0,4.651970166498756,mean
2059,B0,15,AAVEUSDT,2026-08-23 13:44:00+00:00,2026-08-23 13:46:00+00:00,2026-08-23 16:46:00+00:00,10299.56977872019,10260.689636393112,10260.689636393112,10248.218647344804,12.47098904830909,4.101781656747583,1.026582474953065,8.369207391561506,9.395789866514571,180.0,5.65269205199415,mean
2061,B0,15,HBARUSDT,2026-08-23 22:44:00+00:00,2026-08-23 22:46:00+00:00,2026-08-23 23:31:00+00:00,10318.354808411008,10306.844496899394,10306.844496899394,10250.571862842615,56.272634056777406,4.111483271948401,0.0,52.161150784829005,52.161150784829005,45.0,2.0821867261763356,mean
2062,B0,15,HBARUSDT,2026-08-24 01:44:00+00:00,2026-08-24 01:46:00+00:00,2026-08-24 02:46:00+00:00,10323.57092348949,10331.514168621696,10331.514168621696,10458.60609073698,127.09192211528516,4.158024051871735,0.0,122.93389806341342,122.93389806341342,60.0,-2.1893450058017945,mean
2064,B0,15,XLMUSDT,2026-08-24 01:59:00+00:00,2026-08-24 02:01:00+00:00,2026-08-24 04:01:00+00:00,10317.539246775834,10297.727686646575,10297.727686646575,10390.36011644014,92.6324297935663,4.137617560617343,0.0,88.49481223294896,88.49481223294896,120.0,-2.173439319433249,mean
2063,B0,15,DOTUSDT,2026-08-24 01:59:00+00:00,2026-08-24 02:01:00+00:00,2026-08-24 04:16:00+00:00,10317.539246775834,10315.244930732522,10315.244930732522,10412.753362573298,97.50843184077618,4.145599658661164,0.0,93.36283218211503,93.36283218211503,135.0,-2.3110580491343793,mean
2065,B0,15,LTCUSDT,2026-08-24 09:29:00+00:00,2026-08-24 09:31:00+00:00,2026-08-24 12:01:00+00:00,10354.050077737338,10377.348146541548,10377.348146541548,10262.799308254185,114.54883828736293,4.128029490959147,0.0,110.42080879640378,110.42080879640378,150.0,2.518856862602228,mean
2067,B0,15,BTCUSDT,2026-08-24 12:59:00+00:00,2026-08-24 13:01:00+00:00,2026-08-24 13:46:00+00:00,10365.092158616977,10352.4544215461,10352.4544215461,10216.543089606648,135.91133193945117,4.11379950223055,0.0,131.79753243722064,131.79753243722064,45.0,2.0224536148750247,mean
2066,B0,15,BCHUSDT,2026-08-24 12:59:00+00:00,2026-08-24 13:01:00+00:00,2026-08-24 14:31:00+00:00,10365.092158616977,10348.642532549695,10348.642532549695,10153.074755972017,195.56777657767964,4.1003434577043425,0.0,191.4674331199753,191.4674331199753,90.0,2.643699875258919,mean
2068,B0,15,LTCUSDT,2026-08-24 13:59:00+00:00,2026-08-24 14:01:00+00:00,2026-08-24 14:46:00+00:00,10405.261654107953,10407.260743762923,10407.260743762923,10521.208854096094,113.94811033317075,4.185693919571803,0.0,109.76241641359894,109.76241641359894,45.0,-2.0625710579759526,mean
2070,B0,15,BCHUSDT,2026-08-24 17:29:00+00:00,2026-08-24 17:31:00+00:00,2026-08-24 19:31:00+00:00,10408.394896814056,10399.78515520893,10399.78515520893,10583.329192154553,183.54403694562302,4.196622869472697,0.0,179.34741407615033,179.34741407615033,120.0,-2.106112981458931,mean
2069,B0,15,DOGEUSDT,2026-08-24 17:29:00+00:00,2026-08-24 17:31:00+00:00,2026-08-24 19:46:00+00:00,10408.394896814056,10413.101383314988,10413.101383314988,10486.051924079457,72.9505407644677,4.1798306614788885,0.0,68.77071010298882,68.77071010298882,135.0,-2.4111206268609604,mean
2071,B0,15,SOLUSDT,2026-08-25 00:14:00+00:00,2026-08-25 00:16:00+00:00,2026-08-25 03:01:00+00:00,10433.206709231968,10354.371581979867,10354.371581979867,10484.034620223454,-129.6630382435868,4.167681240440665,0.0,-133.8307194840275,-133.8307194840275,165.0,2.9537065096470556,mean
2072,B0,15,BTCUSDT,2026-08-25 02:29:00+00:00,2026-08-25 02:31:00+00:00,2026-08-25 04:31:00+00:00,10407.793127165774,10394.529814873555,10394.529814873555,10304.257038186983,90.27277668657051,4.139757370612108,0.0,86.13301931595839,86.13301931595839,120.0,2.984508118302862,mean
2073,B0,15,HBARUSDT,2026-08-25 02:29:00+00:00,2026-08-25 02:31:00+00:00,2026-08-25 04:46:00+00:00,10407.793127165774,10397.629266690026,10397.629266690026,10395.08830157109,2.5409651189359717,4.158543513652223,0.0,-1.6175783947162512,-1.6175783947162512,135.0,2.535236090113869,mean
2074,B0,15,AAVEUSDT,2026-08-25 03:44:00+00:00,2026-08-25 03:46:00+00:00,2026-08-25 05:46:00+00:00,10397.85908477704,10379.940167350665,10379.940167350665,10691.077733572254,311.1375662215903,4.214203580184584,0.0,306.92336264140573,306.92336264140573,120.0,-2.3985101465583605,mean
2076,B0,15,FILUSDT,2026-08-25 08:14:00+00:00,2026-08-25 08:16:00+00:00,2026-08-25 09:46:00+00:00,10463.726681281623,10467.979652429685,10467.979652429685,10560.127360637693,92.14770820800867,4.205621402613476,0.0,87.94208680539519,87.94208680539519,90.0,-2.107829127560039,mean
2075,B0,15,HBARUSDT,2026-08-25 07:59:00+00:00,2026-08-25 08:01:00+00:00,2026-08-25 10:16:00+00:00,10458.96751763983,10473.35039583636,10473.35039583636,10511.268892899936,37.91849706357714,4.19692385774726,0.0,33.721573205829884,33.721573205829884,135.0,-2.1123946338903425,mean
2077,B0,15,TRXUSDT,2026-08-25 09:59:00+00:00,2026-08-25 10:01:00+00:00,2026-08-25 11:46:00+00:00,10468.990547132105,10463.481196475796,10463.481196475796,10480.009248444721,16.528051968925208,4.188698088984103,0.0,12.339353879941106,12.339353879941106,105.0,-2.129837542905219,mean
2079,B0,15,XLMUSDT,2026-08-25 20:59:00+00:00,2026-08-25 21:01:00+00:00,2026-08-25 22:46:00+00:00,10466.509139844493,10470.487072517904,10470.487072517904,10515.380884117847,44.89381159994182,4.19717359132715,0.0,40.69663800861467,40.69663800861467,105.0,-2.085873714407799,mean
2080,B0,15,DOGEUSDT,2026-08-25 20:59:00+00:00,2026-08-25 21:01:00+00:00,2026-08-25 22:46:00+00:00,10466.509139844493,10482.376733875743,10482.376733875743,10578.8028822195,96.42614834375672,4.2122359232190485,0.0,92.21391242053767,92.21391242053767,105.0,-2.0434476212049244,mean
2078,B0,15,TRXUSDT,2026-08-25 19:14:00+00:00,2026-08-25 19:16:00+00:00,2026-08-25 23:31:00+00:00,10472.367819028948,10472.676519884362,10472.676519884362,10375.12704957387,-97.5494703104924,4.169560713891647,0.0,-101.71903102438404,-101.71903102438404,255.0,-2.0287199187335725,timeout
2081,B0,15,TRXUSDT,2026-08-26 00:14:00+00:00,2026-08-26 00:16:00+00:00,2026-08-26 01:46:00+00:00,10475.486970969427,10481.739873118873,10481.739873118873,10502.37445021205,20.634577093176617,4.196822864666185,0.0,16.437754228510432,16.437754228510432,90.0,-2.392027464523156,mean
2082,B0,15,SOLUSDT,2026-08-26 22:14:00+00:00,2026-08-26 22:16:00+00:00,2026-08-27 01:01:00+00:00,10477.130746392279,10509.961136884358,10509.961136884358,10650.814102543933,-140.85296565957455,4.232155047885659,1.0807401502003708,-145.08512070746022,-144.00438055725985,165.0,2.1007643402494174,mean
2083,B0,15,DOTUSDT,2026-08-26 23:59:00+00:00,2026-08-27 00:01:00+00:00,2026-08-27 02:16:00+00:00,10447.161386755752,10412.552330299743,10412.552330299743,10441.19430805644,-28.641977756697926,4.170749327671237,0.0,-32.812727084369165,-32.812727084369165,135.0,2.3013747673500733,mean
2084,B0,15,SOLUSDT,2026-08-27 08:29:00+00:00,2026-08-27 08:31:00+00:00,2026-08-27 10:31:00+00:00,10459.449035628115,10500.627968839248,10500.627968839248,10430.322473112921,70.30549572632715,4.186190088390434,0.0,66.1193056379367,66.1193056379367,120.0,2.653491696554944,mean
2085,B0,15,NEARUSDT,2026-08-27 08:29:00+00:00,2026-08-27 08:31:00+00:00,2026-08-27 10:31:00+00:00,10459.449035628115,10459.449035628115,10459.449035628115,10307.862817720461,151.58621790765397,4.153462370669716,0.0,147.43275553698425,147.43275553698425,120.0,2.2967937129767613,mean
2086,B0,15,ETHUSDT,2026-08-27 08:29:00+00:00,2026-08-27 08:31:00+00:00,2026-08-27 12:46:00+00:00,10459.449035628115,10480.753814441206,10480.753814441206,10304.700370915967,176.05344352523872,4.157090837071435,0.0,171.89635268816727,171.89635268816727,255.0,2.180769966317983,timeout
2087,B0,15,TRXUSDT,2026-08-27 12:29:00+00:00,2026-08-27 12:31:00+00:00,2026-08-27 14:31:00+00:00,10494.525309559893,10495.456473261902,10495.456473261902,10477.143587122362,18.312886139540744,4.194520012076852,0.0,14.11836612746389,14.11836612746389,120.0,2.0094260968240834,mean
2089,B0,15,BTCUSDT,2026-08-27 15:14:00+00:00,2026-08-27 15:16:00+00:00,2026-08-27 17:01:00+00:00,10499.098367209426,10492.171715500921,10492.171715500921,10455.702633855208,36.46908164571423,4.189574869871226,0.6616933529002461,32.279506775843004,32.94120012874325,105.0,2.2145011719970333,mean
2088,B0,15,SOLUSDT,2026-08-27 14:44:00+00:00,2026-08-27 14:46:00+00:00,2026-08-27 18:16:00+00:00,10499.405713627168,10478.874237699598,10478.874237699598,10526.781014863927,-47.906777164328695,4.201131050512705,1.0473496876969293,-52.1079082148414,-51.06055852714447,210.0,2.6071270999075344,mean
2090,B0,15,TRXUSDT,2026-08-28 01:44:00+00:00,2026-08-28 01:46:00+00:00,2026-08-28 02:31:00+00:00,10497.593777787328,10497.284488320965,10497.284488320965,10458.314015559374,38.97047276159176,4.191119700776068,0.0,34.779353060815694,34.779353060815694,45.0,2.050816150686536,mean
2091,B0,15,SOLUSDT,2026-08-28 02:59:00+00:00,2026-08-28 03:01:00+00:00,2026-08-28 04:16:00+00:00,10501.07171309341,10487.263597757325,10487.263597757325,10583.920405109926,96.65680735260246,4.21423680057345,0.0,92.442570552029,92.442570552029,75.0,-2.121798889784103,mean
2094,B0,15,HBARUSDT,2026-08-28 16:14:00+00:00,2026-08-28 16:16:00+00:00,2026-08-28 18:01:00+00:00,10480.0232562588,10480.023256258799,10480.023256258799,10682.318611339399,202.29535508059837,4.232468373519639,0.0,198.06288670707875,198.06288670707875,105.0,-3.287169905522999,mean
2092,B0,15,BCHUSDT,2026-08-28 14:14:00+00:00,2026-08-28 14:16:00+00:00,2026-08-28 18:31:00+00:00,10510.315970148613,10506.584349819159,10506.584349819159,10192.298993182894,-314.2853566362642,4.13977666860041,-1.0337417561550564,-318.42513330486463,-319.4588750610197,255.0,-2.7250257463760907,timeout
2093,B0,15,BTCUSDT,2026-08-28 15:59:00+00:00,2026-08-28 16:01:00+00:00,2026-08-28 19:16:00+00:00,10493.106234738547,10500.569821520077,10500.569821520077,10401.02406532619,-99.54575619388838,4.180318777369253,0.0,-103.72607497125763,-103.72607497125763,195.0,-2.3845320962512533,mean
2095,B0,15,TRXUSDT,2026-08-29 06:14:00+00:00,2026-08-29 06:16:00+00:00,2026-08-29 08:16:00+00:00,10487.803763816093,10495.559179519343,10495.559179519343,10494.318313006821,-1.2408665125208924,4.197975498505233,-0.2188148559241218,-5.438842011026125,-5.657656866950247,120.0,-2.5403878387257683,mean
2096,B0,15,NEARUSDT,2026-08-29 15:29:00+00:00,2026-08-29 15:31:00+00:00,2026-08-29 17:01:00+00:00,10487.237998129398,10481.550775787679,10481.550775787679,10492.925220471117,-11.374444683437535,4.194895199251759,-0.2561360581984455,-15.569339882689293,-15.825475940887738,90.0,2.0043203954859976,mean
2097,B0,15,UNIUSDT,2026-08-29 16:14:00+00:00,2026-08-29 16:16:00+00:00,2026-08-29 19:46:00+00:00,10488.140197976405,10513.490569801881,10513.490569801881,10709.379806635103,-195.88923683322213,4.244574075287397,0.0,-200.13381090850953,-200.13381090850953,210.0,2.374519898191504,mean
2098,B0,15,UNIUSDT,2026-08-30 02:44:00+00:00,2026-08-30 02:46:00+00:00,2026-08-30 05:01:00+00:00,10465.642069444459,10489.570995398291,10489.570995398291,10561.35777325979,-71.78677786149883,4.210185753731617,0.0,-75.99696361523044,-75.99696361523044,135.0,2.328860549063655,mean
2099,B0,15,UNIUSDT,2026-08-30 11:14:00+00:00,2026-08-30 11:16:00+00:00,2026-08-30 12:16:00+00:00,10458.042373082935,10455.96365267485,10455.96365267485,10776.086595520164,-320.12294284531333,4.246410049639003,0.0,-324.3693528949523,-324.3693528949523,60.0,2.581471541163119,stop
2100,B0,15,UNIUSDT,2026-08-30 12:29:00+00:00,2026-08-30 12:31:00+00:00,2026-08-30 14:31:00+00:00,10425.605437793442,10439.631814511595,10439.631814511595,10349.462249894892,90.1695646167027,4.157818812881297,0.0,86.0117458038214,86.0117458038214,120.0,4.990160832183523,mean
2101,B0,15,BCHUSDT,2026-08-30 12:59:00+00:00,2026-08-30 13:01:00+00:00,2026-08-30 15:16:00+00:00,10420.186848090409,10398.21120434568,10398.21120434568,10437.186874383502,-38.97567003782166,4.167079615745836,0.0,-43.14274965356749,-43.14274965356749,135.0,2.357315844808807,mean
2103,B0,15,LINKUSDT,2026-08-30 16:59:00+00:00,2026-08-30 17:01:00+00:00,2026-08-30 18:16:00+00:00,10423.922958495503,10421.261078271167,10421.261078271167,10313.011282481548,108.24979578961953,4.146854472150543,0.0,104.10294131746899,104.10294131746899,75.0,2.5321083491950804,mean
2102,B0,15,ETHUSDT,2026-08-30 16:14:00+00:00,2026-08-30 16:16:00+00:00,2026-08-30 19:01:00+00:00,10429.892337408466,10450.257295170795,10450.257295170795,10429.476726025561,20.780569145235294,4.175946804239271,0.0,16.60462234099602,16.60462234099602,165.0,2.668153632173598,mean
2104,B0,15,UNIUSDT,2026-08-30 16:59:00+00:00,2026-08-30 17:01:00+00:00,2026-08-30 19:31:00+00:00,10423.922958495503,10392.916680872167,10392.916680872167,10470.432374930508,-77.51569405834007,4.172669811160535,0.0,-81.6883638695006,-81.6883638695006,150.0,2.1048518938813747,mean
2106,B0,15,ADAUSDT,2026-08-30 20:44:00+00:00,2026-08-30 20:46:00+00:00,2026-08-30 23:31:00+00:00,10433.794257387362,10465.033162349602,10465.033162349602,10074.54685032163,-390.48631202797054,4.107916002534246,0.0,-394.5942280305048,-394.5942280305048,165.0,-2.1872730777544387,stop
2107,B0,15,LINKUSDT,2026-08-30 20:44:00+00:00,2026-08-30 20:46:00+00:00,2026-08-30 23:46:00+00:00,10433.794257387362,10452.883792097691,10452.883792097691,10043.82233401925,-409.06145807843916,4.099341225223388,0.0,-413.16079930366254,-413.16079930366254,180.0,-2.1268076544580388,stop
2105,B0,15,LTCUSDT,2026-08-30 20:44:00+00:00,2026-08-30 20:46:00+00:00,2026-08-31 01:01:00+00:00,10433.794257387362,10455.009780480872,10455.009780480872,10249.219206473841,-205.7905740070299,4.140845797390943,-0.10670851833456682,-209.93141980442084,-210.0381283227554,255.0,-2.272723034392181,timeout
2108,B0,15,AVAXUSDT,2026-08-30 23:44:00+00:00,2026-08-30 23:46:00+00:00,2026-08-31 02:16:00+00:00,10326.217680053775,10282.573480222609,10282.573480222609,10401.867626427796,119.29414620518699,4.13688822133008,0.22222305589581284,115.15725798385691,115.37948103975272,150.0,-5.2317386270959485,mean
2109,B0,15,SUIUSDT,2026-08-30 23:59:00+00:00,2026-08-31 00:01:00+00:00,2026-08-31 02:16:00+00:00,10329.29128842995,10322.023281612872,10322.023281612872,10410.692964781212,88.66968316834031,4.146543249278817,0.0,84.52313991906149,84.52313991906149,135.0,-4.227907727523069,mean
2110,B0,15,LINKUSDT,2026-08-31 01:14:00+00:00,2026-08-31 01:16:00+00:00,2026-08-31 02:16:00+00:00,10341.224506089395,10339.363904343068,10339.363904343068,10399.833461098719,60.46955675565001,4.147839473088357,0.0,56.32171728256166,56.32171728256166,60.0,-3.494654003130009,mean
2111,B0,15,TRXUSDT,2026-08-31 09:59:00+00:00,2026-08-31 10:01:00+00:00,2026-08-31 14:16:00+00:00,10357.637375645807,10359.186621394228,10359.186621394228,10304.653171049795,-54.533450344432886,4.132767958488804,0.0,-58.66621830292169,-58.66621830292169,255.0,-2.391868480727587,timeout
2112,B0,15,TRXUSDT,2026-08-31 14:29:00+00:00,2026-08-31 14:31:00+00:00,2026-08-31 16:01:00+00:00,10351.770753815515,10354.574254561312,10354.574254561312,10359.558255887174,4.984001325861866,4.142826502089697,4.1207777163242,0.8411748237721683,4.961952540096369,90.0,-2.307439853515339,mean
2114,B0,15,DOTUSDT,2026-08-31 18:44:00+00:00,2026-08-31 18:46:00+00:00,2026-08-31 20:01:00+00:00,10352.266949069524,10328.909500781634,10328.909500781634,10268.67187098655,60.23762979508334,4.119516274353637,0.0,56.11811352072971,56.11811352072971,75.0,2.089056752009344,mean
2113,B0,15,ADAUSDT,2026-08-31 18:44:00+00:00,2026-08-31 18:46:00+00:00,2026-08-31 20:46:00+00:00,10352.266949069524,10326.437939715559,10326.437939715559,10279.945722878421,46.49221683713777,4.121276732518796,0.0,42.370940104618974,42.370940104618974,120.0,2.1322690025311,mean
2115,B0,15,NEARUSDT,2026-08-31 23:14:00+00:00,2026-08-31 23:16:00+00:00,2026-08-31 23:59:00+00:00,10362.115854432059,10351.29944957357,10351.29944957357,10383.748664149036,-32.44921457546577,4.1470096227445215,0.0,-36.596224198210294,-36.596224198210294,43.0,2.032370473368288,end_of_sample
