time,equity
2026-03-01 00:14:00+00:00,100000.0
2026-03-01 00:29:00+00:00,100000.0
2026-03-01 00:44:00+00:00,100000.0
2026-03-01 00:59:00+00:00,100000.0
2026-03-01 01:14:00+00:00,100000.0
2026-03-01 01:29:00+00:00,100000.0
2026-03-01 01:44:00+00:00,100000.0
2026-03-01 01:59:00+00:00,100000.0
2026-03-01 02:14:00+00:00,100000.0
2026-03-01 02:29:00+00:00,100000.0
2026-03-01 02:44:00+00:00,100000.0
2026-03-01 02:59:00+00:00,100000.0
2026-03-01 03:14:00+00:00,100000.0
2026-03-01 03:29:00+00:00,100000.0
2026-03-01 03:44:00+00:00,100000.0
2026-03-01 03:59:00+00:00,100000.0
2026-03-01 04:14:00+00:00,100000.0
2026-03-01 04:29:00+00:00,100000.0
2026-03-01 04:44:00+00:00,100000.0
2026-03-01 04:59:00+00:00,100000.0
2026-03-01 05:14:00+00:00,100000.0
2026-03-01 05:29:00+00:00,100000.0
2026-03-01 05:44:00+00:00,100000.0
2026-03-01 05:59:00+00:00,100000.0
2026-03-01 06:14:00+00:00,100000.0
2026-03-01 06:29:00+00:00,100000.0
2026-03-01 06:44:00+00:00,100000.0
2026-03-01 06:59:00+00:00,100000.0
2026-03-01 07:14:00+00:00,100000.0
2026-03-01 07:29:00+00:00,100000.0
2026-03-01 07:44:00+00:00,100000.0
2026-03-01 07:59:00+00:00,100000.0
2026-03-01 08:14:00+00:00,100000.0
2026-03-01 08:29:00+00:00,100000.0
2026-03-01 08:44:00+00:00,100000.0
2026-03-01 08:59:00+00:00,100000.0
2026-03-01 09:14:00+00:00,100000.0
2026-03-01 09:29:00+00:00,100000.0
2026-03-01 09:44:00+00:00,100000.0
2026-03-01 09:59:00+00:00,100000.0
2026-03-01 10:14:00+00:00,100000.0
2026-03-01 10:29:00+00:00,100000.0
2026-03-01 10:44:00+00:00,100000.0
2026-03-01 10:59:00+00:00,100000.0
2026-03-01 11:14:00+00:00,100000.0
2026-03-01 11:29:00+00:00,100000.0
2026-03-01 11:44:00+00:00,100000.0
2026-03-01 11:59:00+00:00,100000.0
2026-03-01 12:14:00+00:00,100000.0
2026-03-01 12:29:00+00:00,100000.0
2026-03-01 12:44:00+00:00,100000.0
2026-03-01 12:59:00+00:00,100000.0
2026-03-01 13:14:00+00:00,100000.0
2026-03-01 13:29:00+00:00,100000.0
2026-03-01 13:44:00+00:00,100000.0
2026-03-01 13:59:00+00:00,100000.0
2026-03-01 14:14:00+00:00,100000.0
2026-03-01 14:29:00+00:00,100000.0
2026-03-01 14:44:00+00:00,100000.0
2026-03-01 14:59:00+00:00,100000.0
2026-03-01 15:14:00+00:00,100000.0
2026-03-01 15:29:00+00:00,100000.0
2026-03-01 15:44:00+00:00,100000.0
2026-03-01 15:59:00+00:00,100000.0
2026-03-01 16:14:00+00:00,100000.0
2026-03-01 16:29:00+00:00,100000.0
2026-03-01 16:44:00+00:00,100000.0
2026-03-01 16:59:00+00:00,100000.0
2026-03-01 17:14:00+00:00,100000.0
2026-03-01 17:29:00+00:00,100000.0
2026-03-01 17:44:00+00:00,100000.0
2026-03-01 17:59:00+00:00,100000.0
2026-03-01 18:14:00+00:00,100000.0
2026-03-01 18:29:00+00:00,100000.0
2026-03-01 18:44:00+00:00,100000.0
2026-03-01 18:59:00+00:00,100000.0
2026-03-01 19:14:00+00:00,100000.0
2026-03-01 19:29:00+00:00,100000.0
2026-03-01 19:44:00+00:00,100000.0
2026-03-01 19:59:00+00:00,100000.0
2026-03-01 20:14:00+00:00,100000.0
2026-03-01 20:29:00+00:00,100000.0
2026-03-01 20:44:00+00:00,100000.0
2026-03-01 20:59:00+00:00,100000.0
2026-03-01 21:14:00+00:00,100000.0
2026-03-01 21:29:00+00:00,100000.0
2026-03-01 21:44:00+00:00,100000.0
2026-03-01 21:59:00+00:00,100000.0
2026-03-01 22:14:00+00:00,100000.0
2026-03-01 22:29:00+00:00,100000.0
2026-03-01 22:44:00+00:00,100000.0
2026-03-01 22:59:00+00:00,100000.0
2026-03-01 23:14:00+00:00,100000.0
2026-03-01 23:29:00+00:00,100000.0
2026-03-01 23:44:00+00:00,100000.0
2026-03-01 23:59:00+00:00,100000.0
2026-03-02 00:14:00+00:00,100000.0
2026-03-02 00:29:00+00:00,100000.0
2026-03-02 00:44:00+00:00,100000.0
2026-03-02 00:59:00+00:00,100000.0
2026-03-02 01:14:00+00:00,100000.0
2026-03-02 01:29:00+00:00,100000.0
2026-03-02 01:44:00+00:00,100000.0
2026-03-02 01:59:00+00:00,100000.0
2026-03-02 02:14:00+00:00,100000.0
2026-03-02 02:29:00+00:00,100000.0
2026-03-02 02:44:00+00:00,100000.0
2026-03-02 02:59:00+00:00,100000.0
2026-03-02 03:14:00+00:00,100000.0
2026-03-02 03:29:00+00:00,100000.0
2026-03-02 03:44:00+00:00,100000.0
2026-03-02 03:59:00+00:00,100000.0
2026-03-02 04:14:00+00:00,100000.0
2026-03-02 04:29:00+00:00,100000.0
2026-03-02 04:44:00+00:00,100000.0
2026-03-02 04:59:00+00:00,100000.0
2026-03-02 05:14:00+00:00,100000.0
2026-03-02 05:29:00+00:00,100000.0
2026-03-02 05:44:00+00:00,100000.0
2026-03-02 05:59:00+00:00,100000.0
2026-03-02 06:14:00+00:00,100000.0
2026-03-02 06:29:00+00:00,100000.0
2026-03-02 06:44:00+00:00,100000.0
2026-03-02 06:59:00+00:00,100000.0
2026-03-02 07:14:00+00:00,100000.0
2026-03-02 07:29:00+00:00,100000.0
2026-03-02 07:44:00+00:00,100000.0
2026-03-02 07:59:00+00:00,100000.0
2026-03-02 08:14:00+00:00,100000.0
2026-03-02 08:29:00+00:00,100000.0
2026-03-02 08:44:00+00:00,100000.0
2026-03-02 08:59:00+00:00,100000.0
2026-03-02 09:14:00+00:00,100000.0
2026-03-02 09:29:00+00:00,100000.0
2026-03-02 09:44:00+00:00,100000.0
2026-03-02 09:59:00+00:00,100000.0
2026-03-02 10:14:00+00:00,100000.0
2026-03-02 10:29:00+00:00,100000.0
2026-03-02 10:44:00+00:00,100000.0
2026-03-02 10:59:00+00:00,100000.0
2026-03-02 11:14:00+00:00,100000.0
2026-03-02 11:29:00+00:00,100000.0
2026-03-02 11:44:00+00:00,100000.0
2026-03-02 11:59:00+00:00,100000.0
2026-03-02 12:14:00+00:00,100000.0
2026-03-02 12:29:00+00:00,100000.0
2026-03-02 12:44:00+00:00,100000.0
2026-03-02 12:59:00+00:00,100000.0
2026-03-02 13:14:00+00:00,100000.0
2026-03-02 13:29:00+00:00,100000.0
2026-03-02 13:44:00+00:00,100000.0
2026-03-02 13:59:00+00:00,100000.0
2026-03-02 14:14:00+00:00,100000.0
2026-03-02 14:29:00+00:00,100000.0
2026-03-02 14:44:00+00:00,100000.0
2026-03-02 14:59:00+00:00,100000.0
2026-03-02 15:14:00+00:00,100000.0
2026-03-02 15:29:00+00:00,100000.0
2026-03-02 15:44:00+00:00,100000.0
2026-03-02 15:59:00+00:00,100000.0
2026-03-02 16:14:00+00:00,100000.0
2026-03-02 16:29:00+00:00,100000.0
2026-03-02 16:44:00+00:00,100000.0
2026-03-02 16:59:00+00:00,100000.0
2026-03-02 17:14:00+00:00,100000.0
2026-03-02 17:29:00+00:00,100000.0
2026-03-02 17:44:00+00:00,100000.0
2026-03-02 17:59:00+00:00,100000.0
2026-03-02 18:14:00+00:00,100000.0
2026-03-02 18:29:00+00:00,100000.0
2026-03-02 18:44:00+00:00,100000.0
2026-03-02 18:59:00+00:00,100000.0
2026-03-02 19:14:00+00:00,100000.0
2026-03-02 19:29:00+00:00,100000.0
2026-03-02 19:44:00+00:00,100000.0
2026-03-02 19:59:00+00:00,100000.0
2026-03-02 20:14:00+00:00,100000.0
2026-03-02 20:29:00+00:00,100000.0
2026-03-02 20:44:00+00:00,100000.0
2026-03-02 20:59:00+00:00,100000.0
2026-03-02 21:14:00+00:00,100000.0
2026-03-02 21:29:00+00:00,100000.0
2026-03-02 21:44:00+00:00,100000.0
2026-03-02 21:59:00+00:00,100000.0
2026-03-02 22:14:00+00:00,100000.0
2026-03-02 22:29:00+00:00,100000.0
2026-03-02 22:44:00+00:00,100000.0
2026-03-02 22:59:00+00:00,100000.0
2026-03-02 23:14:00+00:00,100000.0
2026-03-02 23:29:00+00:00,100000.0
2026-03-02 23:44:00+00:00,100000.0
2026-03-02 23:59:00+00:00,100000.0
2026-03-03 00:14:00+00:00,100000.0
2026-03-03 00:29:00+00:00,100000.0
2026-03-03 00:44:00+00:00,100000.0
2026-03-03 00:59:00+00:00,100000.0
2026-03-03 01:14:00+00:00,100000.0
2026-03-03 01:29:00+00:00,100000.0
2026-03-03 01:44:00+00:00,100000.0
2026-03-03 01:59:00+00:00,100000.0
2026-03-03 02:14:00+00:00,100000.0
2026-03-03 02:29:00+00:00,100000.0
2026-03-03 02:44:00+00:00,100000.0
2026-03-03 02:59:00+00:00,100000.0
2026-03-03 03:14:00+00:00,100000.0
2026-03-03 03:29:00+00:00,100000.0
2026-03-03 03:44:00+00:00,100000.0
2026-03-03 03:59:00+00:00,100000.0
2026-03-03 04:14:00+00:00,100000.0
2026-03-03 04:29:00+00:00,100000.0
2026-03-03 04:44:00+00:00,100000.0
2026-03-03 04:59:00+00:00,100000.0
2026-03-03 05:14:00+00:00,100000.0
2026-03-03 05:29:00+00:00,100000.0
2026-03-03 05:44:00+00:00,100000.0
2026-03-03 05:59:00+00:00,100000.0
2026-03-03 06:14:00+00:00,100000.0
2026-03-03 06:29:00+00:00,100000.0
2026-03-03 06:44:00+00:00,100000.0
2026-03-03 06:59:00+00:00,100000.0
2026-03-03 07:14:00+00:00,100000.0
2026-03-03 07:29:00+00:00,100000.0
2026-03-03 07:44:00+00:00,100000.0
2026-03-03 07:59:00+00:00,100000.0
2026-03-03 08:14:00+00:00,100000.0
2026-03-03 08:29:00+00:00,100000.0
2026-03-03 08:44:00+00:00,100000.0
2026-03-03 08:59:00+00:00,100000.0
2026-03-03 09:14:00+00:00,100000.0
2026-03-03 09:29:00+00:00,100000.0
2026-03-03 09:44:00+00:00,100000.0
2026-03-03 09:59:00+00:00,100000.0
2026-03-03 10:14:00+00:00,100000.0
2026-03-03 10:29:00+00:00,100000.0
2026-03-03 10:44:00+00:00,100000.0
2026-03-03 10:59:00+00:00,100000.0
2026-03-03 11:14:00+00:00,100000.0
2026-03-03 11:29:00+00:00,100000.0
2026-03-03 11:44:00+00:00,100000.0
2026-03-03 11:59:00+00:00,100000.0
2026-03-03 12:14:00+00:00,100000.0
2026-03-03 12:29:00+00:00,100000.0
2026-03-03 12:44:00+00:00,100000.0
2026-03-03 12:59:00+00:00,100000.0
2026-03-03 13:14:00+00:00,100000.0
2026-03-03 13:29:00+00:00,100000.0
2026-03-03 13:44:00+00:00,100000.0
2026-03-03 13:59:00+00:00,100000.0
2026-03-03 14:14:00+00:00,100000.0
2026-03-03 14:29:00+00:00,100000.0
2026-03-03 14:44:00+00:00,100000.0
2026-03-03 14:59:00+00:00,100000.0
2026-03-03 15:14:00+00:00,100000.0
2026-03-03 15:29:00+00:00,100000.0
2026-03-03 15:44:00+00:00,100000.0
2026-03-03 15:59:00+00:00,100000.0
2026-03-03 16:14:00+00:00,100000.0
2026-03-03 16:29:00+00:00,100000.0
2026-03-03 16:44:00+00:00,100000.0
2026-03-03 16:59:00+00:00,100000.0
2026-03-03 17:14:00+00:00,100000.0
2026-03-03 17:29:00+00:00,100000.0
2026-03-03 17:44:00+00:00,100000.0
2026-03-03 17:59:00+00:00,100000.0
2026-03-03 18:14:00+00:00,100000.0
2026-03-03 18:29:00+00:00,100000.0
2026-03-03 18:44:00+00:00,100000.0
2026-03-03 18:59:00+00:00,100000.0
2026-03-03 19:14:00+00:00,100000.0
2026-03-03 19:29:00+00:00,100000.0
2026-03-03 19:44:00+00:00,100000.0
2026-03-03 19:59:00+00:00,100000.0
2026-03-03 20:14:00+00:00,100000.0
2026-03-03 20:29:00+00:00,100000.0
2026-03-03 20:44:00+00:00,100000.0
2026-03-03 20:59:00+00:00,100000.0
2026-03-03 21:14:00+00:00,100000.0
2026-03-03 21:29:00+00:00,100000.0
2026-03-03 21:44:00+00:00,100000.0
2026-03-03 21:59:00+00:00,100000.0
2026-03-03 22:14:00+00:00,100000.0
2026-03-03 22:29:00+00:00,100000.0
2026-03-03 22:44:00+00:00,100000.0
2026-03-03 22:59:00+00:00,100000.0
2026-03-03 23:14:00+00:00,100000.0
2026-03-03 23:29:00+00:00,100000.0
2026-03-03 23:44:00+00:00,100000.0
2026-03-03 23:59:00+00:00,100000.0
2026-03-04 00:14:00+00:00,100000.0
2026-03-04 00:29:00+00:00,100000.0
2026-03-04 00:44:00+00:00,100000.0
2026-03-04 00:59:00+00:00,100000.0
2026-03-04 01:14:00+00:00,100000.0
2026-03-04 01:29:00+00:00,100000.0
2026-03-04 01:44:00+00:00,100000.0
2026-03-04 01:59:00+00:00,100000.0
2026-03-04 02:14:00+00:00,100000.0
2026-03-04 02:29:00+00:00,100000.0
2026-03-04 02:44:00+00:00,100000.0
2026-03-04 02:59:00+00:00,100000.0
2026-03-04 03:14:00+00:00,100000.0
2026-03-04 03:29:00+00:00,100000.0
2026-03-04 03:44:00+00:00,100000.0
2026-03-04 03:59:00+00:00,100000.0
2026-03-04 04:14:00+00:00,100000.0
2026-03-04 04:29:00+00:00,100000.0
2026-03-04 04:44:00+00:00,100000.0
2026-03-04 04:59:00+00:00,100000.0
2026-03-04 05:14:00+00:00,100000.0
2026-03-04 05:29:00+00:00,100000.0
2026-03-04 05:44:00+00:00,100000.0
2026-03-04 05:59:00+00:00,100000.0
2026-03-04 06:14:00+00:00,100000.0
2026-03-04 06:29:00+00:00,100000.0
2026-03-04 06:44:00+00:00,100000.0
2026-03-04 06:59:00+00:00,100000.0
2026-03-04 07:14:00+00:00,100000.0
2026-03-04 07:29:00+00:00,100000.0
2026-03-04 07:44:00+00:00,100000.0
2026-03-04 07:59:00+00:00,100000.0
2026-03-04 08:14:00+00:00,100000.0
2026-03-04 08:29:00+00:00,100000.0
2026-03-04 08:44:00+00:00,100000.0
2026-03-04 08:59:00+00:00,100000.0
2026-03-04 09:14:00+00:00,100000.0
2026-03-04 09:29:00+00:00,100000.0
2026-03-04 09:44:00+00:00,100000.0
2026-03-04 09:59:00+00:00,100000.0
2026-03-04 10:14:00+00:00,100000.0
2026-03-04 10:29:00+00:00,100000.0
2026-03-04 10:44:00+00:00,100000.0
2026-03-04 10:59:00+00:00,100000.0
2026-03-04 11:14:00+00:00,100000.0
2026-03-04 11:29:00+00:00,100000.0
2026-03-04 11:44:00+00:00,100000.0
2026-03-04 11:59:00+00:00,100000.0
2026-03-04 12:14:00+00:00,100000.0
2026-03-04 12:29:00+00:00,100000.0
2026-03-04 12:44:00+00:00,100000.0
2026-03-04 12:59:00+00:00,100000.0
2026-03-04 13:14:00+00:00,100000.0
2026-03-04 13:29:00+00:00,100000.0
2026-03-04 13:44:00+00:00,100000.0
2026-03-04 13:59:00+00:00,100000.0
2026-03-04 14:14:00+00:00,100000.0
2026-03-04 14:29:00+00:00,99977.40992504197
2026-03-04 14:44:00+00:00,99923.94003026061
2026-03-04 14:59:00+00:00,99932.41701670503
2026-03-04 15:14:00+00:00,99900.44208660182
2026-03-04 15:29:00+00:00,99945.21777449793
2026-03-04 15:44:00+00:00,99928.48230032732
2026-03-04 15:59:00+00:00,99908.41869004855
2026-03-04 16:14:00+00:00,99858.93898278766
2026-03-04 16:29:00+00:00,99901.8427318249
2026-03-04 16:44:00+00:00,99882.50969640179
2026-03-04 16:59:00+00:00,99827.69779997808
2026-03-04 17:14:00+00:00,99743.5303772936
2026-03-04 17:29:00+00:00,99763.41045980658
2026-03-04 17:44:00+00:00,99668.87235715147
2026-03-04 17:59:00+00:00,99723.48628999536
2026-03-04 18:14:00+00:00,99717.33402276847
2026-03-04 18:29:00+00:00,99739.45530706432
2026-03-04 18:44:00+00:00,99716.6372608346
2026-03-04 18:59:00+00:00,99708.69900153806
2026-03-04 19:14:00+00:00,99660.21341797011
2026-03-04 19:29:00+00:00,99630.44020378935
2026-03-04 19:44:00+00:00,99627.85159432064
2026-03-04 19:59:00+00:00,99701.97543302644
2026-03-04 20:14:00+00:00,99659.98250527892
2026-03-04 20:29:00+00:00,99647.23479268175
2026-03-04 20:44:00+00:00,99631.43417158011
2026-03-04 20:59:00+00:00,99625.24543711849
2026-03-04 21:14:00+00:00,99637.7471543732
2026-03-04 21:29:00+00:00,99681.16583779339
2026-03-04 21:44:00+00:00,99681.83663649748
2026-03-04 21:59:00+00:00,99684.77942892512
2026-03-04 22:14:00+00:00,99694.68462676356
2026-03-04 22:29:00+00:00,99699.13036424857
2026-03-04 22:44:00+00:00,99694.76360989803
2026-03-04 22:59:00+00:00,99667.89737113945
2026-03-04 23:14:00+00:00,99690.08255048761
2026-03-04 23:29:00+00:00,99669.86427365021
2026-03-04 23:44:00+00:00,99675.67725569112
2026-03-04 23:59:00+00:00,99656.22616703917
2026-03-05 00:14:00+00:00,99627.43880145675
2026-03-05 00:29:00+00:00,99602.99278376944
2026-03-05 00:44:00+00:00,99615.70682141572
2026-03-05 00:59:00+00:00,99617.63992515663
2026-03-05 01:14:00+00:00,99620.70920558495
2026-03-05 01:29:00+00:00,99620.04313429541
2026-03-05 01:44:00+00:00,99603.1269343776
2026-03-05 01:59:00+00:00,99596.59744738936
2026-03-05 02:14:00+00:00,99556.0180559215
2026-03-05 02:29:00+00:00,99636.97501586906
2026-03-05 02:44:00+00:00,99654.77243483052
2026-03-05 02:59:00+00:00,99646.64467943163
2026-03-05 03:14:00+00:00,99639.88265986695
2026-03-05 03:29:00+00:00,99639.88265986695
2026-03-05 03:44:00+00:00,99639.88265986695
2026-03-05 03:59:00+00:00,99639.88265986695
2026-03-05 04:14:00+00:00,99639.88265986695
2026-03-05 04:29:00+00:00,99639.88265986695
2026-03-05 04:44:00+00:00,99639.88265986695
2026-03-05 04:59:00+00:00,99639.88265986695
2026-03-05 05:14:00+00:00,99639.88265986695
2026-03-05 05:29:00+00:00,99639.88265986695
2026-03-05 05:44:00+00:00,99639.88265986695
2026-03-05 05:59:00+00:00,99639.88265986695
2026-03-05 06:14:00+00:00,99639.88265986695
2026-03-05 06:29:00+00:00,99639.88265986695
2026-03-05 06:44:00+00:00,99639.88265986695
2026-03-05 06:59:00+00:00,99639.88265986695
2026-03-05 07:14:00+00:00,99639.88265986695
2026-03-05 07:29:00+00:00,99639.88265986695
2026-03-05 07:44:00+00:00,99639.88265986695
2026-03-05 07:59:00+00:00,99639.88265986695
2026-03-05 08:14:00+00:00,99631.23644911173
2026-03-05 08:29:00+00:00,99647.99409259183
2026-03-05 08:44:00+00:00,99644.9262388371
2026-03-05 08:59:00+00:00,99607.10814550704
2026-03-05 09:14:00+00:00,99655.55421234321
2026-03-05 09:29:00+00:00,99633.71351809746
2026-03-05 09:44:00+00:00,99668.73071526003
2026-03-05 09:59:00+00:00,99679.19366120688
2026-03-05 10:14:00+00:00,99672.49587416505
2026-03-05 10:29:00+00:00,99692.19091093839
2026-03-05 10:44:00+00:00,99686.34685360588
2026-03-05 10:59:00+00:00,99686.34685360588
2026-03-05 11:14:00+00:00,99686.34685360588
2026-03-05 11:29:00+00:00,99686.34685360588
2026-03-05 11:44:00+00:00,99686.34685360588
2026-03-05 11:59:00+00:00,99685.3885230012
2026-03-05 12:14:00+00:00,99652.18155802213
2026-03-05 12:29:00+00:00,99628.44805048595
2026-03-05 12:44:00+00:00,99577.25393149989
2026-03-05 12:59:00+00:00,99578.45087631338
2026-03-05 13:14:00+00:00,99609.2104818221
2026-03-05 13:29:00+00:00,99636.39764584535
2026-03-05 13:44:00+00:00,99679.18074333668
2026-03-05 13:59:00+00:00,99685.01883884058
2026-03-05 14:14:00+00:00,99682.5642256453
2026-03-05 14:29:00+00:00,99701.29124951006
2026-03-05 14:44:00+00:00,99704.0110787188
2026-03-05 14:59:00+00:00,99729.4833667291
2026-03-05 15:14:00+00:00,99708.6011881572
2026-03-05 15:29:00+00:00,99703.15035112858
2026-03-05 15:44:00+00:00,99705.78955917757
2026-03-05 15:59:00+00:00,99734.75892585334
2026-03-05 16:14:00+00:00,99703.79749503592
2026-03-05 16:29:00+00:00,99713.44786729352
2026-03-05 16:44:00+00:00,99734.19659547159
2026-03-05 16:59:00+00:00,99738.36365944473
2026-03-05 17:14:00+00:00,99740.51309252395
2026-03-05 17:29:00+00:00,99730.557002655
2026-03-05 17:44:00+00:00,99734.87163655169
2026-03-05 17:59:00+00:00,99731.7098792048
2026-03-05 18:14:00+00:00,99731.7098792048
2026-03-05 18:29:00+00:00,99731.7098792048
2026-03-05 18:44:00+00:00,99731.7098792048
2026-03-05 18:59:00+00:00,99758.71855784117
2026-03-05 19:14:00+00:00,99764.45423093085
2026-03-05 19:29:00+00:00,99761.08543606948
2026-03-05 19:44:00+00:00,99764.26280623056
2026-03-05 19:59:00+00:00,99756.0004353534
2026-03-05 20:14:00+00:00,99765.48674384289
2026-03-05 20:29:00+00:00,99758.32675905904
2026-03-05 20:44:00+00:00,99784.1708096073
2026-03-05 20:59:00+00:00,99824.2013450373
2026-03-05 21:14:00+00:00,99801.08314136152
2026-03-05 21:29:00+00:00,99798.14670110446
2026-03-05 21:44:00+00:00,99795.60169649414
2026-03-05 21:59:00+00:00,99801.16695619814
2026-03-05 22:14:00+00:00,99818.82187925462
2026-03-05 22:29:00+00:00,99856.3692466492
2026-03-05 22:44:00+00:00,99838.64522470167
2026-03-05 22:59:00+00:00,99839.97787652242
2026-03-05 23:14:00+00:00,99835.60247277918
2026-03-05 23:29:00+00:00,99838.19805563401
2026-03-05 23:44:00+00:00,99841.36734244318
2026-03-05 23:59:00+00:00,99835.83886653966
2026-03-06 00:14:00+00:00,99835.83886653966
2026-03-06 00:29:00+00:00,99835.83886653966
2026-03-06 00:44:00+00:00,99835.83886653966
2026-03-06 00:59:00+00:00,99835.83886653966
2026-03-06 01:14:00+00:00,99835.83886653966
2026-03-06 01:29:00+00:00,99835.83886653966
2026-03-06 01:44:00+00:00,99835.83886653966
2026-03-06 01:59:00+00:00,99835.83886653966
2026-03-06 02:14:00+00:00,99835.83886653966
2026-03-06 02:29:00+00:00,99870.28891047192
2026-03-06 02:44:00+00:00,99842.47279786706
2026-03-06 02:59:00+00:00,99842.11561521623
2026-03-06 03:14:00+00:00,99840.63621562792
2026-03-06 03:29:00+00:00,99848.02176040653
2026-03-06 03:44:00+00:00,99862.66831039895
2026-03-06 03:59:00+00:00,99854.07858553025
2026-03-06 04:14:00+00:00,99849.79678305409
2026-03-06 04:29:00+00:00,99862.28617914507
2026-03-06 04:44:00+00:00,99857.58521702435
2026-03-06 04:59:00+00:00,99857.58521702435
2026-03-06 05:14:00+00:00,99857.58521702435
2026-03-06 05:29:00+00:00,99857.58521702435
2026-03-06 05:44:00+00:00,99857.58521702435
2026-03-06 05:59:00+00:00,99857.58521702435
2026-03-06 06:14:00+00:00,99857.58521702435
2026-03-06 06:29:00+00:00,99857.58521702435
2026-03-06 06:44:00+00:00,99857.58521702435
2026-03-06 06:59:00+00:00,99857.58521702435
2026-03-06 07:14:00+00:00,99857.58521702435
2026-03-06 07:29:00+00:00,99857.58521702435
2026-03-06 07:44:00+00:00,99857.58521702435
2026-03-06 07:59:00+00:00,99849.17245419687
2026-03-06 08:14:00+00:00,99876.83124375435
2026-03-06 08:29:00+00:00,99886.88051316707
2026-03-06 08:44:00+00:00,99898.14003447756
2026-03-06 08:59:00+00:00,99892.69999266313
2026-03-06 09:14:00+00:00,99892.69999266313
2026-03-06 09:29:00+00:00,99892.69999266313
2026-03-06 09:44:00+00:00,99892.69999266313
2026-03-06 09:59:00+00:00,99892.69999266313
2026-03-06 10:14:00+00:00,99895.68772454686
2026-03-06 10:29:00+00:00,99893.52453658746
2026-03-06 10:44:00+00:00,99886.03562402002
2026-03-06 10:59:00+00:00,99888.07158001594
2026-03-06 11:14:00+00:00,99889.1226582585
2026-03-06 11:29:00+00:00,99891.5438156536
2026-03-06 11:44:00+00:00,99893.61129015603
2026-03-06 11:59:00+00:00,99896.80483412216
2026-03-06 12:14:00+00:00,99881.3486106649
2026-03-06 12:29:00+00:00,99893.16072282575
2026-03-06 12:44:00+00:00,99892.39235559366
2026-03-06 12:59:00+00:00,99893.64349000365
2026-03-06 13:14:00+00:00,99884.53821399795
2026-03-06 13:29:00+00:00,99878.64386846602
2026-03-06 13:44:00+00:00,99871.17189322051
2026-03-06 13:59:00+00:00,99884.3844488267
2026-03-06 14:14:00+00:00,99866.94091818108
2026-03-06 14:29:00+00:00,99865.9807823141
2026-03-06 14:44:00+00:00,99857.3534722598
2026-03-06 14:59:00+00:00,99855.06955966528
2026-03-06 15:14:00+00:00,99876.90493145025
2026-03-06 15:29:00+00:00,99868.16124717979
2026-03-06 15:44:00+00:00,99844.56632689264
2026-03-06 15:59:00+00:00,99832.12915426913
2026-03-06 16:14:00+00:00,99831.9093852937
2026-03-06 16:29:00+00:00,99835.0998299677
2026-03-06 16:44:00+00:00,99855.4679710674
2026-03-06 16:59:00+00:00,99833.71901404417
2026-03-06 17:14:00+00:00,99841.47925590453
2026-03-06 17:29:00+00:00,99822.33398511131
2026-03-06 17:44:00+00:00,99827.10438874003
2026-03-06 17:59:00+00:00,99821.13899245308
2026-03-06 18:14:00+00:00,99840.31397638572
2026-03-06 18:29:00+00:00,99839.88818267369
2026-03-06 18:44:00+00:00,99839.88818267369
2026-03-06 18:59:00+00:00,99839.88818267369
2026-03-06 19:14:00+00:00,99839.88818267369
2026-03-06 19:29:00+00:00,99839.88818267369
2026-03-06 19:44:00+00:00,99839.88818267369
2026-03-06 19:59:00+00:00,99839.88818267369
2026-03-06 20:14:00+00:00,99839.88818267369
2026-03-06 20:29:00+00:00,99839.88818267369
2026-03-06 20:44:00+00:00,99839.88818267369
2026-03-06 20:59:00+00:00,99839.88818267369
2026-03-06 21:14:00+00:00,99839.88818267369
2026-03-06 21:29:00+00:00,99839.88818267369
2026-03-06 21:44:00+00:00,99836.25672747962
2026-03-06 21:59:00+00:00,99838.21304191704
2026-03-06 22:14:00+00:00,99843.33066432136
2026-03-06 22:29:00+00:00,99830.86110778355
2026-03-06 22:44:00+00:00,99832.94043488654
2026-03-06 22:59:00+00:00,99831.82759264053
2026-03-06 23:14:00+00:00,99830.22958143328
2026-03-06 23:29:00+00:00,99825.88674170969
2026-03-06 23:44:00+00:00,99829.39238849895
2026-03-06 23:59:00+00:00,99839.40128305406
2026-03-07 00:14:00+00:00,99838.86843918431
2026-03-07 00:29:00+00:00,99838.86843918431
2026-03-07 00:44:00+00:00,99838.86843918431
2026-03-07 00:59:00+00:00,99838.86843918431
2026-03-07 01:14:00+00:00,99838.86843918431
2026-03-07 01:29:00+00:00,99838.86843918431
2026-03-07 01:44:00+00:00,99838.86843918431
2026-03-07 01:59:00+00:00,99838.86843918431
2026-03-07 02:14:00+00:00,99838.86843918431
2026-03-07 02:29:00+00:00,99838.86843918431
2026-03-07 02:44:00+00:00,99838.86843918431
2026-03-07 02:59:00+00:00,99838.86843918431
2026-03-07 03:14:00+00:00,99838.86843918431
2026-03-07 03:29:00+00:00,99838.86843918431
2026-03-07 03:44:00+00:00,99838.86843918431
2026-03-07 03:59:00+00:00,99838.86843918431
2026-03-07 04:14:00+00:00,99838.86843918431
2026-03-07 04:29:00+00:00,99838.86843918431
2026-03-07 04:44:00+00:00,99838.86843918431
2026-03-07 04:59:00+00:00,99838.86843918431
2026-03-07 05:14:00+00:00,99838.86843918431
2026-03-07 05:29:00+00:00,99838.86843918431
2026-03-07 05:44:00+00:00,99838.86843918431
2026-03-07 05:59:00+00:00,99838.86843918431
2026-03-07 06:14:00+00:00,99838.86843918431
2026-03-07 06:29:00+00:00,99838.86843918431
2026-03-07 06:44:00+00:00,99838.86843918431
2026-03-07 06:59:00+00:00,99838.86843918431
2026-03-07 07:14:00+00:00,99838.86843918431
2026-03-07 07:29:00+00:00,99838.86843918431
2026-03-07 07:44:00+00:00,99838.86843918431
2026-03-07 07:59:00+00:00,99838.86843918431
2026-03-07 08:14:00+00:00,99838.86843918431
2026-03-07 08:29:00+00:00,99838.86843918431
2026-03-07 08:44:00+00:00,99838.86843918431
2026-03-07 08:59:00+00:00,99838.86843918431
2026-03-07 09:14:00+00:00,99838.86843918431
2026-03-07 09:29:00+00:00,99838.86843918431
2026-03-07 09:44:00+00:00,99838.86843918431
2026-03-07 09:59:00+00:00,99838.86843918431
2026-03-07 10:14:00+00:00,99838.86843918431
2026-03-07 10:29:00+00:00,99838.86843918431
2026-03-07 10:44:00+00:00,99838.86843918431
2026-03-07 10:59:00+00:00,99838.86843918431
2026-03-07 11:14:00+00:00,99838.86843918431
2026-03-07 11:29:00+00:00,99838.86843918431
2026-03-07 11:44:00+00:00,99838.86843918431
2026-03-07 11:59:00+00:00,99838.86843918431
2026-03-07 12:14:00+00:00,99838.86843918431
2026-03-07 12:29:00+00:00,99838.86843918431
2026-03-07 12:44:00+00:00,99838.86843918431
2026-03-07 12:59:00+00:00,99838.86843918431
2026-03-07 13:14:00+00:00,99838.86843918431
2026-03-07 13:29:00+00:00,99838.86843918431
2026-03-07 13:44:00+00:00,99838.86843918431
2026-03-07 13:59:00+00:00,99838.86843918431
2026-03-07 14:14:00+00:00,99838.86843918431
2026-03-07 14:29:00+00:00,99831.21256990159
2026-03-07 14:44:00+00:00,99871.39831679087
2026-03-07 14:59:00+00:00,99876.14233596253
2026-03-07 15:14:00+00:00,99881.11104939532
2026-03-07 15:29:00+00:00,99875.40002942369
2026-03-07 15:44:00+00:00,99879.06918045555
2026-03-07 15:59:00+00:00,99887.91582910753
2026-03-07 16:14:00+00:00,99898.56176445671
2026-03-07 16:29:00+00:00,99912.33459797596
2026-03-07 16:44:00+00:00,99914.28062430157
2026-03-07 16:59:00+00:00,99914.96238678813
2026-03-07 17:14:00+00:00,99916.97145477979
2026-03-07 17:29:00+00:00,99919.78121407634
2026-03-07 17:44:00+00:00,99912.88604839859
2026-03-07 17:59:00+00:00,99912.88604839859
2026-03-07 18:14:00+00:00,99912.88604839859
2026-03-07 18:29:00+00:00,99912.88604839859
2026-03-07 18:44:00+00:00,99912.88604839859
2026-03-07 18:59:00+00:00,99912.88604839859
2026-03-07 19:14:00+00:00,99912.88604839859
2026-03-07 19:29:00+00:00,99910.36376943254
2026-03-07 19:44:00+00:00,99896.96415167722
2026-03-07 19:59:00+00:00,99918.15032123234
2026-03-07 20:14:00+00:00,99906.83814062791
2026-03-07 20:29:00+00:00,99903.45013084897
2026-03-07 20:44:00+00:00,99892.79601824826
2026-03-07 20:59:00+00:00,99891.3240391477
2026-03-07 21:14:00+00:00,99888.35891475786
2026-03-07 21:29:00+00:00,99890.91328688891
2026-03-07 21:44:00+00:00,99894.19599757214
2026-03-07 21:59:00+00:00,99895.9915934528
2026-03-07 22:14:00+00:00,99899.06452919531
2026-03-07 22:29:00+00:00,99896.3033947654
2026-03-07 22:44:00+00:00,99896.3033947654
2026-03-07 22:59:00+00:00,99896.3033947654
2026-03-07 23:14:00+00:00,99896.3033947654
2026-03-07 23:29:00+00:00,99896.3033947654
2026-03-07 23:44:00+00:00,99896.3033947654
2026-03-07 23:59:00+00:00,99896.3033947654
2026-03-08 00:14:00+00:00,99896.3033947654
2026-03-08 00:29:00+00:00,99896.3033947654
2026-03-08 00:44:00+00:00,99896.3033947654
2026-03-08 00:59:00+00:00,99896.3033947654
2026-03-08 01:14:00+00:00,99896.3033947654
2026-03-08 01:29:00+00:00,99896.3033947654
2026-03-08 01:44:00+00:00,99896.3033947654
2026-03-08 01:59:00+00:00,99896.3033947654
2026-03-08 02:14:00+00:00,99896.3033947654
2026-03-08 02:29:00+00:00,99896.3033947654
2026-03-08 02:44:00+00:00,99896.3033947654
2026-03-08 02:59:00+00:00,99896.3033947654
2026-03-08 03:14:00+00:00,99893.5597896489
2026-03-08 03:29:00+00:00,99905.33627088205
2026-03-08 03:44:00+00:00,99893.01492203055
2026-03-08 03:59:00+00:00,99890.7355235324
2026-03-08 04:14:00+00:00,99896.70876985519
2026-03-08 04:29:00+00:00,99901.81873796742
2026-03-08 04:44:00+00:00,99894.16073814634
2026-03-08 04:59:00+00:00,99886.46034349302
2026-03-08 05:14:00+00:00,99899.74502002518
2026-03-08 05:29:00+00:00,99899.7183546384
2026-03-08 05:44:00+00:00,99890.20279520514
2026-03-08 05:59:00+00:00,99890.20279520514
2026-03-08 06:14:00+00:00,99890.20279520514
2026-03-08 06:29:00+00:00,99890.20279520514
2026-03-08 06:44:00+00:00,99890.20279520514
2026-03-08 06:59:00+00:00,99890.20279520514
2026-03-08 07:14:00+00:00,99890.20279520514
2026-03-08 07:29:00+00:00,99890.20279520514
2026-03-08 07:44:00+00:00,99890.20279520514
2026-03-08 07:59:00+00:00,99890.20279520514
2026-03-08 08:14:00+00:00,99890.20279520514
2026-03-08 08:29:00+00:00,99887.73657916425
2026-03-08 08:44:00+00:00,99895.80785642356
2026-03-08 08:59:00+00:00,99886.97128764626
2026-03-08 09:14:00+00:00,99882.39816810942
2026-03-08 09:29:00+00:00,99896.47662728441
2026-03-08 09:44:00+00:00,99909.59942537326
2026-03-08 09:59:00+00:00,99907.02537586208
2026-03-08 10:14:00+00:00,99907.02537586208
2026-03-08 10:29:00+00:00,99907.02537586208
2026-03-08 10:44:00+00:00,99914.68219814409
2026-03-08 10:59:00+00:00,99912.27671204228
2026-03-08 11:14:00+00:00,99926.9238308005
2026-03-08 11:29:00+00:00,99928.56840050517
2026-03-08 11:44:00+00:00,99926.55986571609
2026-03-08 11:59:00+00:00,99917.95531762335
2026-03-08 12:14:00+00:00,99912.61811975513
2026-03-08 12:29:00+00:00,99878.01122864256
2026-03-08 12:44:00+00:00,99856.57454230469
2026-03-08 12:59:00+00:00,99877.87323051384
2026-03-08 13:14:00+00:00,99895.77692214893
2026-03-08 13:29:00+00:00,99899.3230007403
2026-03-08 13:44:00+00:00,99912.56085366136
2026-03-08 13:59:00+00:00,99910.57924332174
2026-03-08 14:14:00+00:00,99906.97833588258
2026-03-08 14:29:00+00:00,99902.15763408477
2026-03-08 14:44:00+00:00,99898.03105932745
2026-03-08 14:59:00+00:00,99896.05286638625
2026-03-08 15:14:00+00:00,99907.46257537822
2026-03-08 15:29:00+00:00,99905.0646824698
2026-03-08 15:44:00+00:00,99906.5355064783
2026-03-08 15:59:00+00:00,99910.37187857872
2026-03-08 16:14:00+00:00,99910.32670055775
2026-03-08 16:29:00+00:00,99900.99403468728
2026-03-08 16:44:00+00:00,99922.48717059233
2026-03-08 16:59:00+00:00,99921.32326113654
2026-03-08 17:14:00+00:00,99916.45278463291
2026-03-08 17:29:00+00:00,99920.60424620353
2026-03-08 17:44:00+00:00,99923.11374125142
2026-03-08 17:59:00+00:00,99920.39699557309
2026-03-08 18:14:00+00:00,99920.39699557309
2026-03-08 18:29:00+00:00,99920.39699557309
2026-03-08 18:44:00+00:00,99920.39699557309
2026-03-08 18:59:00+00:00,99920.39699557309
2026-03-08 19:14:00+00:00,99920.39699557309
2026-03-08 19:29:00+00:00,99920.39699557309
2026-03-08 19:44:00+00:00,99922.07264234356
2026-03-08 19:59:00+00:00,99929.11638330374
2026-03-08 20:14:00+00:00,99928.14470919537
2026-03-08 20:29:00+00:00,99921.39884901416
2026-03-08 20:44:00+00:00,99918.3496855816
2026-03-08 20:59:00+00:00,99928.64388006534
2026-03-08 21:14:00+00:00,99922.8532077514
2026-03-08 21:29:00+00:00,99923.38981419969
2026-03-08 21:44:00+00:00,99925.65335869923
2026-03-08 21:59:00+00:00,99923.61844015394
2026-03-08 22:14:00+00:00,99909.54644487708
2026-03-08 22:29:00+00:00,99889.02953533322
2026-03-08 22:44:00+00:00,99881.52166398997
2026-03-08 22:59:00+00:00,99885.64571128
2026-03-08 23:14:00+00:00,99890.29878660009
2026-03-08 23:29:00+00:00,99896.28480717959
2026-03-08 23:44:00+00:00,99897.86323107319
2026-03-08 23:59:00+00:00,99896.29573528103
2026-03-09 00:14:00+00:00,99896.29573528103
2026-03-09 00:29:00+00:00,99896.29573528103
2026-03-09 00:44:00+00:00,99896.29573528103
2026-03-09 00:59:00+00:00,99896.29573528103
2026-03-09 01:14:00+00:00,99896.29573528103
2026-03-09 01:29:00+00:00,99896.29573528103
2026-03-09 01:44:00+00:00,99896.29573528103
2026-03-09 01:59:00+00:00,99896.29573528103
2026-03-09 02:14:00+00:00,99896.29573528103
2026-03-09 02:29:00+00:00,99896.29573528103
2026-03-09 02:44:00+00:00,99896.29573528103
2026-03-09 02:59:00+00:00,99896.13465953115
2026-03-09 03:14:00+00:00,99875.89949113152
2026-03-09 03:29:00+00:00,99925.38895070074
2026-03-09 03:44:00+00:00,99928.30140261418
2026-03-09 03:59:00+00:00,99914.4692443245
2026-03-09 04:14:00+00:00,99900.47391319808
2026-03-09 04:29:00+00:00,99846.98114211287
2026-03-09 04:44:00+00:00,99841.11084631305
2026-03-09 04:59:00+00:00,99866.40618834559
2026-03-09 05:14:00+00:00,99868.60951348685
2026-03-09 05:29:00+00:00,99837.35212105827
2026-03-09 05:44:00+00:00,99753.67432379503
2026-03-09 05:59:00+00:00,99721.02195204911
2026-03-09 06:14:00+00:00,99700.66044092421
2026-03-09 06:29:00+00:00,99708.48906672669
2026-03-09 06:44:00+00:00,99752.6305537851
2026-03-09 06:59:00+00:00,99774.39983028578
2026-03-09 07:14:00+00:00,99790.95023393584
2026-03-09 07:29:00+00:00,99780.14212291958
2026-03-09 07:44:00+00:00,99778.31809191378
2026-03-09 07:59:00+00:00,99824.37309087167
2026-03-09 08:14:00+00:00,99796.02801434445
2026-03-09 08:29:00+00:00,99807.67972946964
2026-03-09 08:44:00+00:00,99810.72330551008
2026-03-09 08:59:00+00:00,99811.5208796642
2026-03-09 09:14:00+00:00,99811.5208796642
2026-03-09 09:29:00+00:00,99811.5208796642
2026-03-09 09:44:00+00:00,99811.5208796642
2026-03-09 09:59:00+00:00,99811.5208796642
2026-03-09 10:14:00+00:00,99812.90125526772
2026-03-09 10:29:00+00:00,99807.43817940899
2026-03-09 10:44:00+00:00,99810.65944408906
2026-03-09 10:59:00+00:00,99805.73843600458
2026-03-09 11:14:00+00:00,99804.57983427744
2026-03-09 11:29:00+00:00,99782.83256682495
2026-03-09 11:44:00+00:00,99781.29986984411
2026-03-09 11:59:00+00:00,99794.65516260099
2026-03-09 12:14:00+00:00,99815.86991960151
2026-03-09 12:29:00+00:00,99828.91700538305
2026-03-09 12:44:00+00:00,99819.88720619537
2026-03-09 12:59:00+00:00,99815.373016047
2026-03-09 13:14:00+00:00,99802.8936435686
2026-03-09 13:29:00+00:00,99796.88465818852
2026-03-09 13:44:00+00:00,99809.76199622138
2026-03-09 13:59:00+00:00,99808.01934077892
2026-03-09 14:14:00+00:00,99824.6703641089
2026-03-09 14:29:00+00:00,99799.40942526716
2026-03-09 14:44:00+00:00,99780.39092929938
2026-03-09 14:59:00+00:00,99764.73298770218
2026-03-09 15:14:00+00:00,99734.91457690972
2026-03-09 15:29:00+00:00,99733.12213982553
2026-03-09 15:44:00+00:00,99795.10893527418
2026-03-09 15:59:00+00:00,99798.29592003235
2026-03-09 16:14:00+00:00,99793.91422588886
2026-03-09 16:29:00+00:00,99803.25243876012
2026-03-09 16:44:00+00:00,99811.29496370137
2026-03-09 16:59:00+00:00,99824.34269347621
2026-03-09 17:14:00+00:00,99829.85140884301
2026-03-09 17:29:00+00:00,99804.11400898987
2026-03-09 17:44:00+00:00,99817.11648878409
2026-03-09 17:59:00+00:00,99841.53233374312
2026-03-09 18:14:00+00:00,99833.90378776366
2026-03-09 18:29:00+00:00,99809.67125672582
2026-03-09 18:44:00+00:00,99768.2769685761
2026-03-09 18:59:00+00:00,99769.53284234848
2026-03-09 19:14:00+00:00,99765.2819458212
2026-03-09 19:29:00+00:00,99633.9938456981
2026-03-09 19:44:00+00:00,99671.99490689645
2026-03-09 19:59:00+00:00,99629.478472789
2026-03-09 20:14:00+00:00,99619.0284245606
2026-03-09 20:29:00+00:00,99634.46721817147
2026-03-09 20:44:00+00:00,99624.6606405923
2026-03-09 20:59:00+00:00,99669.57043115294
2026-03-09 21:14:00+00:00,99708.998791494
2026-03-09 21:29:00+00:00,99675.73516639607
2026-03-09 21:44:00+00:00,99671.18107165226
2026-03-09 21:59:00+00:00,99676.67335439981
2026-03-09 22:14:00+00:00,99680.31684480047
2026-03-09 22:29:00+00:00,99675.67541531102
2026-03-09 22:44:00+00:00,99696.66471287666
2026-03-09 22:59:00+00:00,99695.44028579851
2026-03-09 23:14:00+00:00,99694.40440654091
2026-03-09 23:29:00+00:00,99704.15600974814
2026-03-09 23:44:00+00:00,99696.62136213352
2026-03-09 23:59:00+00:00,99697.09222988092
2026-03-10 00:14:00+00:00,99687.94822631098
2026-03-10 00:29:00+00:00,99697.97820356116
2026-03-10 00:44:00+00:00,99685.75052391681
2026-03-10 00:59:00+00:00,99676.29123769254
2026-03-10 01:14:00+00:00,99664.61516320576
2026-03-10 01:29:00+00:00,99656.27039744084
2026-03-10 01:44:00+00:00,99641.25382474004
2026-03-10 01:59:00+00:00,99635.14634687397
2026-03-10 02:14:00+00:00,99619.02208692595
2026-03-10 02:29:00+00:00,99632.92625981942
2026-03-10 02:44:00+00:00,99680.21161642461
2026-03-10 02:59:00+00:00,99676.11814815758
2026-03-10 03:14:00+00:00,99684.02371389947
2026-03-10 03:29:00+00:00,99690.78105229301
2026-03-10 03:44:00+00:00,99692.7961133181
2026-03-10 03:59:00+00:00,99700.83389837072
2026-03-10 04:14:00+00:00,99706.19615930902
2026-03-10 04:29:00+00:00,99708.44391220674
2026-03-10 04:44:00+00:00,99706.23117009932
2026-03-10 04:59:00+00:00,99707.47364335024
2026-03-10 05:14:00+00:00,99696.28601613728
2026-03-10 05:29:00+00:00,99686.50098673151
2026-03-10 05:44:00+00:00,99692.52761459627
2026-03-10 05:59:00+00:00,99682.07576595152
2026-03-10 06:14:00+00:00,99670.64023902782
2026-03-10 06:29:00+00:00,99691.68302742978
2026-03-10 06:44:00+00:00,99691.14035942525
2026-03-10 06:59:00+00:00,99698.23244438834
2026-03-10 07:14:00+00:00,99722.78238856631
2026-03-10 07:29:00+00:00,99719.67656688922
2026-03-10 07:44:00+00:00,99716.11575760719
2026-03-10 07:59:00+00:00,99716.00733152824
2026-03-10 08:14:00+00:00,99716.51412896487
2026-03-10 08:29:00+00:00,99715.51177798427
2026-03-10 08:44:00+00:00,99693.50037913535
2026-03-10 08:59:00+00:00,99679.23543314957
2026-03-10 09:14:00+00:00,99666.51519388189
2026-03-10 09:29:00+00:00,99685.56409597285
2026-03-10 09:44:00+00:00,99686.67137017511
2026-03-10 09:59:00+00:00,99661.23433084073
2026-03-10 10:14:00+00:00,99649.43265456968
2026-03-10 10:29:00+00:00,99632.85009264029
2026-03-10 10:44:00+00:00,99642.66034150094
2026-03-10 10:59:00+00:00,99601.67019751406
2026-03-10 11:14:00+00:00,99607.9632041019
2026-03-10 11:29:00+00:00,99601.53098911096
2026-03-10 11:44:00+00:00,99634.59547975333
2026-03-10 11:59:00+00:00,99642.75158805071
2026-03-10 12:14:00+00:00,99618.22805593381
2026-03-10 12:29:00+00:00,99628.56753080733
2026-03-10 12:44:00+00:00,99640.34092920137
2026-03-10 12:59:00+00:00,99637.23612232754
2026-03-10 13:14:00+00:00,99643.46168558563
2026-03-10 13:29:00+00:00,99655.28684150107
2026-03-10 13:44:00+00:00,99692.26921191187
2026-03-10 13:59:00+00:00,99640.65087066175
2026-03-10 14:14:00+00:00,99654.50569171639
2026-03-10 14:29:00+00:00,99688.06630026213
2026-03-10 14:44:00+00:00,99601.43261526582
2026-03-10 14:59:00+00:00,99620.02786563216
2026-03-10 15:14:00+00:00,99693.51611970975
2026-03-10 15:29:00+00:00,99668.81380823418
2026-03-10 15:44:00+00:00,99624.38747979258
2026-03-10 15:59:00+00:00,99652.78721215889
2026-03-10 16:14:00+00:00,99617.67235093976
2026-03-10 16:29:00+00:00,99586.11800758923
2026-03-10 16:44:00+00:00,99580.54159458549
2026-03-10 16:59:00+00:00,99575.5088996274
2026-03-10 17:14:00+00:00,99562.26748897105
2026-03-10 17:29:00+00:00,99626.86224421638
2026-03-10 17:44:00+00:00,99661.85782033099
2026-03-10 17:59:00+00:00,99660.27151407159
2026-03-10 18:14:00+00:00,99684.73038385429
2026-03-10 18:29:00+00:00,99680.5173571659
2026-03-10 18:44:00+00:00,99658.49307444152
2026-03-10 18:59:00+00:00,99679.11114884452
2026-03-10 19:14:00+00:00,99680.6141712767
2026-03-10 19:29:00+00:00,99642.13396219091
2026-03-10 19:44:00+00:00,99652.66016194812
2026-03-10 19:59:00+00:00,99657.87314900491
2026-03-10 20:14:00+00:00,99657.61535445147
2026-03-10 20:29:00+00:00,99655.73817994914
2026-03-10 20:44:00+00:00,99655.98535154632
2026-03-10 20:59:00+00:00,99645.26683698858
2026-03-10 21:14:00+00:00,99592.069052941
2026-03-10 21:29:00+00:00,99606.21267505268
2026-03-10 21:44:00+00:00,99613.45289086076
2026-03-10 21:59:00+00:00,99613.85635051696
2026-03-10 22:14:00+00:00,99541.54892601466
2026-03-10 22:29:00+00:00,99619.9502844589
2026-03-10 22:44:00+00:00,99588.2043438462
2026-03-10 22:59:00+00:00,99581.81918704523
2026-03-10 23:14:00+00:00,99586.85120656858
2026-03-10 23:29:00+00:00,99590.14569674163
2026-03-10 23:44:00+00:00,99590.8179877293
2026-03-10 23:59:00+00:00,99586.40525530692
2026-03-11 00:14:00+00:00,99586.40525530692
2026-03-11 00:29:00+00:00,99586.40525530692
2026-03-11 00:44:00+00:00,99586.40525530692
2026-03-11 00:59:00+00:00,99586.40525530692
2026-03-11 01:14:00+00:00,99586.40525530692
2026-03-11 01:29:00+00:00,99586.40525530692
2026-03-11 01:44:00+00:00,99586.40525530692
2026-03-11 01:59:00+00:00,99586.40525530692
2026-03-11 02:14:00+00:00,99586.40525530692
2026-03-11 02:29:00+00:00,99586.40525530692
2026-03-11 02:44:00+00:00,99586.40525530692
2026-03-11 02:59:00+00:00,99600.16297666745
2026-03-11 03:14:00+00:00,99603.45330801659
2026-03-11 03:29:00+00:00,99592.64272021188
2026-03-11 03:44:00+00:00,99617.82907185223
2026-03-11 03:59:00+00:00,99639.67829380685
2026-03-11 04:14:00+00:00,99637.2154651184
2026-03-11 04:29:00+00:00,99637.2154651184
2026-03-11 04:44:00+00:00,99630.47698738734
2026-03-11 04:59:00+00:00,99616.5288131844
2026-03-11 05:14:00+00:00,99622.59154946919
2026-03-11 05:29:00+00:00,99635.54637023025
2026-03-11 05:44:00+00:00,99658.32261090157
2026-03-11 05:59:00+00:00,99658.21015496581
2026-03-11 06:14:00+00:00,99658.21015496581
2026-03-11 06:29:00+00:00,99658.21015496581
2026-03-11 06:44:00+00:00,99658.21015496581
2026-03-11 06:59:00+00:00,99658.21015496581
2026-03-11 07:14:00+00:00,99658.21015496581
2026-03-11 07:29:00+00:00,99632.08305958215
2026-03-11 07:44:00+00:00,99631.00819890139
2026-03-11 07:59:00+00:00,99636.781818598
2026-03-11 08:14:00+00:00,99650.37345994762
2026-03-11 08:29:00+00:00,99635.73821683115
2026-03-11 08:44:00+00:00,99629.71217250437
2026-03-11 08:59:00+00:00,99659.6552252801
2026-03-11 09:14:00+00:00,99633.57693399678
2026-03-11 09:29:00+00:00,99591.3040924141
2026-03-11 09:44:00+00:00,99568.55452323248
2026-03-11 09:59:00+00:00,99606.74597788295
2026-03-11 10:14:00+00:00,99621.13963321417
2026-03-11 10:29:00+00:00,99576.78914304094
2026-03-11 10:44:00+00:00,99574.57802425024
2026-03-11 10:59:00+00:00,99551.5230876385
2026-03-11 11:14:00+00:00,99563.28535644368
2026-03-11 11:29:00+00:00,99558.67270121773
2026-03-11 11:44:00+00:00,99563.72007990458
2026-03-11 11:59:00+00:00,99574.59403561635
2026-03-11 12:14:00+00:00,99566.93649540146
2026-03-11 12:29:00+00:00,99524.96598064272
2026-03-11 12:44:00+00:00,99531.06868387728
2026-03-11 12:59:00+00:00,99546.40779819322
2026-03-11 13:14:00+00:00,99533.55606922554
2026-03-11 13:29:00+00:00,99561.27421498208
2026-03-11 13:44:00+00:00,99585.65287186329
2026-03-11 13:59:00+00:00,99582.77954380478
2026-03-11 14:14:00+00:00,99582.77954380478
2026-03-11 14:29:00+00:00,99582.77954380478
2026-03-11 14:44:00+00:00,99582.77954380478
2026-03-11 14:59:00+00:00,99582.77954380478
2026-03-11 15:14:00+00:00,99582.77954380478
2026-03-11 15:29:00+00:00,99582.77954380478
2026-03-11 15:44:00+00:00,99582.77954380478
2026-03-11 15:59:00+00:00,99598.25169155505
2026-03-11 16:14:00+00:00,99581.30244764901
2026-03-11 16:29:00+00:00,99575.56154931274
2026-03-11 16:44:00+00:00,99562.79132292265
2026-03-11 16:59:00+00:00,99580.5859772013
2026-03-11 17:14:00+00:00,99568.56386048438
2026-03-11 17:29:00+00:00,99535.26497395372
2026-03-11 17:44:00+00:00,99557.46039667238
2026-03-11 17:59:00+00:00,99560.2851017135
2026-03-11 18:14:00+00:00,99560.86120946823
2026-03-11 18:29:00+00:00,99588.47377036876
2026-03-11 18:44:00+00:00,99606.46681920663
2026-03-11 18:59:00+00:00,99586.97378871225
2026-03-11 19:14:00+00:00,99604.25771472888
2026-03-11 19:29:00+00:00,99614.78927795323
2026-03-11 19:44:00+00:00,99603.47505330644
2026-03-11 19:59:00+00:00,99627.30858392474
2026-03-11 20:14:00+00:00,99643.155310335
2026-03-11 20:29:00+00:00,99645.4561009077
2026-03-11 20:44:00+00:00,99653.76875698272
2026-03-11 20:59:00+00:00,99653.08311443038
2026-03-11 21:14:00+00:00,99653.08311443038
2026-03-11 21:29:00+00:00,99653.08311443038
2026-03-11 21:44:00+00:00,99653.08311443038
2026-03-11 21:59:00+00:00,99653.08311443038
2026-03-11 22:14:00+00:00,99653.08311443038
2026-03-11 22:29:00+00:00,99653.08311443038
2026-03-11 22:44:00+00:00,99653.08311443038
2026-03-11 22:59:00+00:00,99653.08311443038
2026-03-11 23:14:00+00:00,99653.08311443038
2026-03-11 23:29:00+00:00,99653.08311443038
2026-03-11 23:44:00+00:00,99653.08311443038
2026-03-11 23:59:00+00:00,99653.08311443038
2026-03-12 00:14:00+00:00,99653.08311443038
2026-03-12 00:29:00+00:00,99653.08311443038
2026-03-12 00:44:00+00:00,99653.08311443038
2026-03-12 00:59:00+00:00,99653.08311443038
2026-03-12 01:14:00+00:00,99653.08311443038
2026-03-12 01:29:00+00:00,99653.08311443038
2026-03-12 01:44:00+00:00,99653.08311443038
2026-03-12 01:59:00+00:00,99653.08311443038
2026-03-12 02:14:00+00:00,99653.08311443038
2026-03-12 02:29:00+00:00,99653.08311443038
2026-03-12 02:44:00+00:00,99653.08311443038
2026-03-12 02:59:00+00:00,99653.08311443038
2026-03-12 03:14:00+00:00,99653.08311443038
2026-03-12 03:29:00+00:00,99653.08311443038
2026-03-12 03:44:00+00:00,99653.08311443038
2026-03-12 03:59:00+00:00,99653.08311443038
2026-03-12 04:14:00+00:00,99653.08311443038
2026-03-12 04:29:00+00:00,99653.08311443038
2026-03-12 04:44:00+00:00,99653.08311443038
2026-03-12 04:59:00+00:00,99653.08311443038
2026-03-12 05:14:00+00:00,99653.08311443038
2026-03-12 05:29:00+00:00,99653.08311443038
2026-03-12 05:44:00+00:00,99653.08311443038
2026-03-12 05:59:00+00:00,99653.08311443038
2026-03-12 06:14:00+00:00,99653.08311443038
2026-03-12 06:29:00+00:00,99653.08311443038
2026-03-12 06:44:00+00:00,99653.08311443038
2026-03-12 06:59:00+00:00,99653.08311443038
2026-03-12 07:14:00+00:00,99653.97122788768
2026-03-12 07:29:00+00:00,99673.6328331539
2026-03-12 07:44:00+00:00,99624.40257061012
2026-03-12 07:59:00+00:00,99611.03316444125
2026-03-12 08:14:00+00:00,99627.72614672943
2026-03-12 08:29:00+00:00,99614.08899736154
2026-03-12 08:44:00+00:00,99632.41835374401
2026-03-12 08:59:00+00:00,99644.1022565351
2026-03-12 09:14:00+00:00,99622.4384223111
2026-03-12 09:29:00+00:00,99624.03152756205
2026-03-12 09:44:00+00:00,99616.70990019308
2026-03-12 09:59:00+00:00,99596.45903117955
2026-03-12 10:14:00+00:00,99603.41311011245
2026-03-12 10:29:00+00:00,99611.4048722721
2026-03-12 10:44:00+00:00,99618.69219380443
2026-03-12 10:59:00+00:00,99617.04937820426
2026-03-12 11:14:00+00:00,99624.06013902684
2026-03-12 11:29:00+00:00,99612.8239155678
2026-03-12 11:44:00+00:00,99589.9138889143
2026-03-12 11:59:00+00:00,99603.57432397534
2026-03-12 12:14:00+00:00,99578.99616929334
2026-03-12 12:29:00+00:00,99566.25836731435
2026-03-12 12:44:00+00:00,99577.17401680133
2026-03-12 12:59:00+00:00,99607.26340789373
2026-03-12 13:14:00+00:00,99616.2372194181
2026-03-12 13:29:00+00:00,99622.87669806318
2026-03-12 13:44:00+00:00,99602.32330185018
2026-03-12 13:59:00+00:00,99600.63938709028
2026-03-12 14:14:00+00:00,99587.23290946263
2026-03-12 14:29:00+00:00,99567.41304858134
2026-03-12 14:44:00+00:00,99602.81644293942
2026-03-12 14:59:00+00:00,99612.72568040255
2026-03-12 15:14:00+00:00,99617.27484479999
2026-03-12 15:29:00+00:00,99657.551096298
2026-03-12 15:44:00+00:00,99696.30386213122
2026-03-12 15:59:00+00:00,99701.34180195314
2026-03-12 16:14:00+00:00,99708.29439674118
2026-03-12 16:29:00+00:00,99714.27287848426
2026-03-12 16:44:00+00:00,99723.06246147325
2026-03-12 16:59:00+00:00,99723.56360997615
2026-03-12 17:14:00+00:00,99730.21822627368
2026-03-12 17:29:00+00:00,99729.05201566257
2026-03-12 17:44:00+00:00,99729.05201566257
2026-03-12 17:59:00+00:00,99729.05201566257
2026-03-12 18:14:00+00:00,99717.53965486409
2026-03-12 18:29:00+00:00,99750.51594962171
2026-03-12 18:44:00+00:00,99744.17028840721
2026-03-12 18:59:00+00:00,99746.62313489095
2026-03-12 19:14:00+00:00,99741.40570524479
2026-03-12 19:29:00+00:00,99732.35855286536
2026-03-12 19:44:00+00:00,99716.40738827655
2026-03-12 19:59:00+00:00,99739.34959731677
2026-03-12 20:14:00+00:00,99746.2802599473
2026-03-12 20:29:00+00:00,99743.16989280819
2026-03-12 20:44:00+00:00,99769.29086651461
2026-03-12 20:59:00+00:00,99770.8258561535
2026-03-12 21:14:00+00:00,99781.22322875817
2026-03-12 21:29:00+00:00,99778.74796129363
2026-03-12 21:44:00+00:00,99778.74796129363
2026-03-12 21:59:00+00:00,99778.74796129363
2026-03-12 22:14:00+00:00,99778.74796129363
2026-03-12 22:29:00+00:00,99778.74796129363
2026-03-12 22:44:00+00:00,99778.74796129363
2026-03-12 22:59:00+00:00,99778.74796129363
2026-03-12 23:14:00+00:00,99813.74854620238
2026-03-12 23:29:00+00:00,99839.50727049999
2026-03-12 23:44:00+00:00,99835.2498983397
2026-03-12 23:59:00+00:00,99835.2498983397
2026-03-13 00:14:00+00:00,99835.2498983397
2026-03-13 00:29:00+00:00,99835.2498983397
2026-03-13 00:44:00+00:00,99868.67721849577
2026-03-13 00:59:00+00:00,99895.92194316976
2026-03-13 01:14:00+00:00,99898.75549102135
2026-03-13 01:29:00+00:00,99892.10065219765
2026-03-13 01:44:00+00:00,99912.12345082192
2026-03-13 01:59:00+00:00,99921.21612456313
2026-03-13 02:14:00+00:00,99933.87864477033
2026-03-13 02:29:00+00:00,99941.63649246647
2026-03-13 02:44:00+00:00,99971.4346982174
2026-03-13 02:59:00+00:00,99987.73474125826
2026-03-13 03:14:00+00:00,100002.9720600188
2026-03-13 03:29:00+00:00,100006.481499659
2026-03-13 03:44:00+00:00,99999.40245297112
2026-03-13 03:59:00+00:00,99994.53483559677
2026-03-13 04:14:00+00:00,99964.7346904035
2026-03-13 04:29:00+00:00,99955.57473969707
2026-03-13 04:44:00+00:00,99942.24937427713
2026-03-13 04:59:00+00:00,99933.96048456107
2026-03-13 05:14:00+00:00,99944.87846226625
2026-03-13 05:29:00+00:00,99929.23058055615
2026-03-13 05:44:00+00:00,99919.35298693067
2026-03-13 05:59:00+00:00,99924.71798041498
2026-03-13 06:14:00+00:00,99877.96824037073
2026-03-13 06:29:00+00:00,99875.01585842136
2026-03-13 06:44:00+00:00,99894.12526352004
2026-03-13 06:59:00+00:00,99874.47980354242
2026-03-13 07:14:00+00:00,99853.57984320376
2026-03-13 07:29:00+00:00,99846.14949765407
2026-03-13 07:44:00+00:00,99856.56687920073
2026-03-13 07:59:00+00:00,99852.52571074512
2026-03-13 08:14:00+00:00,99831.59998809172
2026-03-13 08:29:00+00:00,99767.68332923736
2026-03-13 08:44:00+00:00,99745.78514379905
2026-03-13 08:59:00+00:00,99746.13435175741
2026-03-13 09:14:00+00:00,99772.62008391616
2026-03-13 09:29:00+00:00,99744.16816115743
2026-03-13 09:44:00+00:00,99778.3834876397
2026-03-13 09:59:00+00:00,99769.10228587445
2026-03-13 10:14:00+00:00,99834.13064142337
2026-03-13 10:29:00+00:00,99850.78108068199
2026-03-13 10:44:00+00:00,99829.72836705491
2026-03-13 10:59:00+00:00,99819.54497667345
2026-03-13 11:14:00+00:00,99802.84037232307
2026-03-13 11:29:00+00:00,99784.81528070614
2026-03-13 11:44:00+00:00,99783.08051200894
2026-03-13 11:59:00+00:00,99740.6008786537
2026-03-13 12:14:00+00:00,99782.5858306305
2026-03-13 12:29:00+00:00,99762.58444322336
2026-03-13 12:44:00+00:00,99722.80130029409
2026-03-13 12:59:00+00:00,99736.10123971381
2026-03-13 13:14:00+00:00,99762.86310067396
2026-03-13 13:29:00+00:00,99757.11714406237
2026-03-13 13:44:00+00:00,99762.60665984135
2026-03-13 13:59:00+00:00,99771.93948079336
2026-03-13 14:14:00+00:00,99769.71572489267
2026-03-13 14:29:00+00:00,99731.0448117532
2026-03-13 14:44:00+00:00,99762.04310929959
2026-03-13 14:59:00+00:00,99786.4978680695
2026-03-13 15:14:00+00:00,99790.8995439192
2026-03-13 15:29:00+00:00,99812.85404233543
2026-03-13 15:44:00+00:00,99824.790379428
2026-03-13 15:59:00+00:00,99832.57452265978
2026-03-13 16:14:00+00:00,99851.81139011848
2026-03-13 16:29:00+00:00,99845.29908620281
2026-03-13 16:44:00+00:00,99866.86922462305
2026-03-13 16:59:00+00:00,99833.64833624652
2026-03-13 17:14:00+00:00,99830.09328985137
2026-03-13 17:29:00+00:00,99791.12928532777
2026-03-13 17:44:00+00:00,99766.90779586507
2026-03-13 17:59:00+00:00,99777.52029511705
2026-03-13 18:14:00+00:00,99776.42277575821
2026-03-13 18:29:00+00:00,99777.93618187588
2026-03-13 18:44:00+00:00,99781.86939528353
2026-03-13 18:59:00+00:00,99766.64713320498
2026-03-13 19:14:00+00:00,99752.57440669597
2026-03-13 19:29:00+00:00,99749.84717879258
2026-03-13 19:44:00+00:00,99739.29481896562
2026-03-13 19:59:00+00:00,99734.35240188989
2026-03-13 20:14:00+00:00,99710.55809009935
2026-03-13 20:29:00+00:00,99698.03091982348
2026-03-13 20:44:00+00:00,99718.09042349277
2026-03-13 20:59:00+00:00,99715.52168120374
2026-03-13 21:14:00+00:00,99718.47740886456
2026-03-13 21:29:00+00:00,99714.90551302739
2026-03-13 21:44:00+00:00,99713.55832833333
2026-03-13 21:59:00+00:00,99725.7255745125
2026-03-13 22:14:00+00:00,99701.59117480936
2026-03-13 22:29:00+00:00,99739.07358580656
2026-03-13 22:44:00+00:00,99763.07028956455
2026-03-13 22:59:00+00:00,99758.44939954512
2026-03-13 23:14:00+00:00,99773.23027834813
2026-03-13 23:29:00+00:00,99781.01921177148
2026-03-13 23:44:00+00:00,99779.14687943683
2026-03-13 23:59:00+00:00,99779.14687943683
2026-03-14 00:14:00+00:00,99779.14687943683
2026-03-14 00:29:00+00:00,99779.14687943683
2026-03-14 00:44:00+00:00,99806.79981961417
2026-03-14 00:59:00+00:00,99822.52848048032
2026-03-14 01:14:00+00:00,99836.15846204151
2026-03-14 01:29:00+00:00,99832.70143110456
2026-03-14 01:44:00+00:00,99832.70143110456
2026-03-14 01:59:00+00:00,99832.70143110456
2026-03-14 02:14:00+00:00,99832.70143110456
2026-03-14 02:29:00+00:00,99832.70143110456
2026-03-14 02:44:00+00:00,99832.70143110456
2026-03-14 02:59:00+00:00,99832.70143110456
2026-03-14 03:14:00+00:00,99832.70143110456
2026-03-14 03:29:00+00:00,99832.70143110456
2026-03-14 03:44:00+00:00,99832.70143110456
2026-03-14 03:59:00+00:00,99832.70143110456
2026-03-14 04:14:00+00:00,99832.70143110456
2026-03-14 04:29:00+00:00,99832.70143110456
2026-03-14 04:44:00+00:00,99832.70143110456
2026-03-14 04:59:00+00:00,99832.70143110456
2026-03-14 05:14:00+00:00,99832.70143110456
2026-03-14 05:29:00+00:00,99832.70143110456
2026-03-14 05:44:00+00:00,99832.70143110456
2026-03-14 05:59:00+00:00,99832.70143110456
2026-03-14 06:14:00+00:00,99832.70143110456
2026-03-14 06:29:00+00:00,99832.70143110456
2026-03-14 06:44:00+00:00,99832.70143110456
2026-03-14 06:59:00+00:00,99832.70143110456
2026-03-14 07:14:00+00:00,99832.70143110456
2026-03-14 07:29:00+00:00,99832.70143110456
2026-03-14 07:44:00+00:00,99832.70143110456
2026-03-14 07:59:00+00:00,99832.22953044836
2026-03-14 08:14:00+00:00,99826.93848369805
2026-03-14 08:29:00+00:00,99821.38404578571
2026-03-14 08:44:00+00:00,99836.08721799935
2026-03-14 08:59:00+00:00,99833.2238980528
2026-03-14 09:14:00+00:00,99830.02220509292
2026-03-14 09:29:00+00:00,99825.75644228973
2026-03-14 09:44:00+00:00,99833.12818294734
2026-03-14 09:59:00+00:00,99834.93787479527
2026-03-14 10:14:00+00:00,99832.09907527156
2026-03-14 10:29:00+00:00,99842.20581034248
2026-03-14 10:44:00+00:00,99838.90226696445
2026-03-14 10:59:00+00:00,99838.90226696445
2026-03-14 11:14:00+00:00,99838.90226696445
2026-03-14 11:29:00+00:00,99836.53083914392
2026-03-14 11:44:00+00:00,99843.04745738991
2026-03-14 11:59:00+00:00,99848.03979490726
2026-03-14 12:14:00+00:00,99830.35510426357
2026-03-14 12:29:00+00:00,99838.48310501676
2026-03-14 12:44:00+00:00,99828.35524609654
2026-03-14 12:59:00+00:00,99835.95058016285
2026-03-14 13:14:00+00:00,99841.69710320896
2026-03-14 13:29:00+00:00,99850.52570062353
2026-03-14 13:44:00+00:00,99837.9974679868
2026-03-14 13:59:00+00:00,99831.28694782167
2026-03-14 14:14:00+00:00,99845.0322508668
2026-03-14 14:29:00+00:00,99842.6491991338
2026-03-14 14:44:00+00:00,99845.51157651014
2026-03-14 14:59:00+00:00,99842.1327960056
2026-03-14 15:14:00+00:00,99842.1327960056
2026-03-14 15:29:00+00:00,99842.1327960056
2026-03-14 15:44:00+00:00,99842.1327960056
2026-03-14 15:59:00+00:00,99842.1327960056
2026-03-14 16:14:00+00:00,99842.1327960056
2026-03-14 16:29:00+00:00,99842.1327960056
2026-03-14 16:44:00+00:00,99842.1327960056
2026-03-14 16:59:00+00:00,99842.1327960056
2026-03-14 17:14:00+00:00,99842.1327960056
2026-03-14 17:29:00+00:00,99842.1327960056
2026-03-14 17:44:00+00:00,99842.1327960056
2026-03-14 17:59:00+00:00,99842.1327960056
2026-03-14 18:14:00+00:00,99842.1327960056
2026-03-14 18:29:00+00:00,99851.88390834194
2026-03-14 18:44:00+00:00,99830.25137353467
2026-03-14 18:59:00+00:00,99898.03312469719
2026-03-14 19:14:00+00:00,99936.80168372781
2026-03-14 19:29:00+00:00,99960.11829249153
2026-03-14 19:44:00+00:00,99962.68024004996
2026-03-14 19:59:00+00:00,99964.18333943565
2026-03-14 20:14:00+00:00,99960.12221250148
2026-03-14 20:29:00+00:00,99959.93973761001
2026-03-14 20:44:00+00:00,99976.79904522782
2026-03-14 20:59:00+00:00,99967.27118525375
2026-03-14 21:14:00+00:00,99955.90841563146
2026-03-14 21:29:00+00:00,99962.06615001119
2026-03-14 21:44:00+00:00,99955.66844675342
2026-03-14 21:59:00+00:00,99949.61462988128
2026-03-14 22:14:00+00:00,99949.53693115058
2026-03-14 22:29:00+00:00,99939.55946271637
2026-03-14 22:44:00+00:00,99942.49571819608
2026-03-14 22:59:00+00:00,99950.73829062514
2026-03-14 23:14:00+00:00,99919.73896171447
2026-03-14 23:29:00+00:00,99908.18412977959
2026-03-14 23:44:00+00:00,99930.5314837124
2026-03-14 23:59:00+00:00,99919.64844538161
2026-03-15 00:14:00+00:00,99921.64052228107
2026-03-15 00:29:00+00:00,99919.19812098429
2026-03-15 00:44:00+00:00,99928.38745173601
2026-03-15 00:59:00+00:00,99933.41288053792
2026-03-15 01:14:00+00:00,99933.15824285409
2026-03-15 01:29:00+00:00,99925.26702249747
2026-03-15 01:44:00+00:00,99927.62703804582
2026-03-15 01:59:00+00:00,99902.66196575783
2026-03-15 02:14:00+00:00,99883.42160640837
2026-03-15 02:29:00+00:00,99898.12174388814
2026-03-15 02:44:00+00:00,99887.31560433342
2026-03-15 02:59:00+00:00,99826.04862520125
2026-03-15 03:14:00+00:00,99774.1995965429
2026-03-15 03:29:00+00:00,99774.9111954792
2026-03-15 03:44:00+00:00,99829.31425573022
2026-03-15 03:59:00+00:00,99836.22104125908
2026-03-15 04:14:00+00:00,99838.76530725487
2026-03-15 04:29:00+00:00,99886.8594145704
2026-03-15 04:44:00+00:00,99874.40863710846
2026-03-15 04:59:00+00:00,99864.61711840695
2026-03-15 05:14:00+00:00,99870.60903049655
2026-03-15 05:29:00+00:00,99865.8664658313
2026-03-15 05:44:00+00:00,99869.84697634775
2026-03-15 05:59:00+00:00,99870.73004890785
2026-03-15 06:14:00+00:00,99868.66261599594
2026-03-15 06:29:00+00:00,99868.66261599594
2026-03-15 06:44:00+00:00,99868.66261599594
2026-03-15 06:59:00+00:00,99868.66261599594
2026-03-15 07:14:00+00:00,99868.66261599594
2026-03-15 07:29:00+00:00,99868.66261599594
2026-03-15 07:44:00+00:00,99868.66261599594
2026-03-15 07:59:00+00:00,99868.66261599594
2026-03-15 08:14:00+00:00,99868.66261599594
2026-03-15 08:29:00+00:00,99868.66261599594
2026-03-15 08:44:00+00:00,99868.66261599594
2026-03-15 08:59:00+00:00,99870.52174169169
2026-03-15 09:14:00+00:00,99845.6526645586
2026-03-15 09:29:00+00:00,99845.76092261466
2026-03-15 09:44:00+00:00,99860.88950149645
2026-03-15 09:59:00+00:00,99840.54924006935
2026-03-15 10:14:00+00:00,99839.62647849717
2026-03-15 10:29:00+00:00,99822.56834394042
2026-03-15 10:44:00+00:00,99817.93391040812
2026-03-15 10:59:00+00:00,99837.83273845942
2026-03-15 11:14:00+00:00,99861.58048044164
2026-03-15 11:29:00+00:00,99866.19466799406
2026-03-15 11:44:00+00:00,99881.93032040735
2026-03-15 11:59:00+00:00,99883.11405143303
2026-03-15 12:14:00+00:00,99883.11405143303
2026-03-15 12:29:00+00:00,99883.11405143303
2026-03-15 12:44:00+00:00,99881.4495811101
2026-03-15 12:59:00+00:00,99885.7613269647
2026-03-15 13:14:00+00:00,99876.32465068737
2026-03-15 13:29:00+00:00,99875.95622583698
2026-03-15 13:44:00+00:00,99883.55808727157
2026-03-15 13:59:00+00:00,99900.36093798313
2026-03-15 14:14:00+00:00,99888.25728496679
2026-03-15 14:29:00+00:00,99893.85604532713
2026-03-15 14:44:00+00:00,99911.00359522078
2026-03-15 14:59:00+00:00,99906.55109372309
2026-03-15 15:14:00+00:00,99910.97451267556
2026-03-15 15:29:00+00:00,99911.29545634959
2026-03-15 15:44:00+00:00,99911.29545634959
2026-03-15 15:59:00+00:00,99911.29545634959
2026-03-15 16:14:00+00:00,99911.29545634959
2026-03-15 16:29:00+00:00,99911.29545634959
2026-03-15 16:44:00+00:00,99911.29545634959
2026-03-15 16:59:00+00:00,99911.29545634959
2026-03-15 17:14:00+00:00,99911.29545634959
2026-03-15 17:29:00+00:00,99911.29545634959
2026-03-15 17:44:00+00:00,99911.29545634959
2026-03-15 17:59:00+00:00,99911.29545634959
2026-03-15 18:14:00+00:00,99897.44604573304
2026-03-15 18:29:00+00:00,99897.29884680982
2026-03-15 18:44:00+00:00,99863.98774534039
2026-03-15 18:59:00+00:00,99898.8011182861
2026-03-15 19:14:00+00:00,99864.21728671304
2026-03-15 19:29:00+00:00,99861.8289667484
2026-03-15 19:44:00+00:00,99874.80804710167
2026-03-15 19:59:00+00:00,99883.04869100389
2026-03-15 20:14:00+00:00,99857.34720947039
2026-03-15 20:29:00+00:00,99874.49463392944
2026-03-15 20:44:00+00:00,99851.97654067657
2026-03-15 20:59:00+00:00,99864.1388012012
2026-03-15 21:14:00+00:00,99874.62565935109
2026-03-15 21:29:00+00:00,99870.40458536308
2026-03-15 21:44:00+00:00,99872.85298161197
2026-03-15 21:59:00+00:00,99875.57678905726
2026-03-15 22:14:00+00:00,99847.1877471655
2026-03-15 22:29:00+00:00,99832.24300813249
2026-03-15 22:44:00+00:00,99755.21000918826
2026-03-15 22:59:00+00:00,99745.96965681009
2026-03-15 23:14:00+00:00,99737.5091986353
2026-03-15 23:29:00+00:00,99743.50387707961
2026-03-15 23:44:00+00:00,99730.8889167476
2026-03-15 23:59:00+00:00,99758.13264972203
2026-03-16 00:14:00+00:00,99761.50380926346
2026-03-16 00:29:00+00:00,99755.72502622909
2026-03-16 00:44:00+00:00,99761.60548671088
2026-03-16 00:59:00+00:00,99781.96981571005
2026-03-16 01:14:00+00:00,99775.69044062102
2026-03-16 01:29:00+00:00,99783.08710871465
2026-03-16 01:44:00+00:00,99783.84550451681
2026-03-16 01:59:00+00:00,99791.8067243232
2026-03-16 02:14:00+00:00,99791.03025436617
2026-03-16 02:29:00+00:00,99799.37330414962
2026-03-16 02:44:00+00:00,99799.68570262313
2026-03-16 02:59:00+00:00,99805.93149442336
2026-03-16 03:14:00+00:00,99797.56372727685
2026-03-16 03:29:00+00:00,99791.86822687348
2026-03-16 03:44:00+00:00,99773.66416651185
2026-03-16 03:59:00+00:00,99794.74239709706
2026-03-16 04:14:00+00:00,99741.1252042189
2026-03-16 04:29:00+00:00,99723.88349413266
2026-03-16 04:44:00+00:00,99722.86817812012
2026-03-16 04:59:00+00:00,99700.30248953206
2026-03-16 05:14:00+00:00,99719.04385571448
2026-03-16 05:29:00+00:00,99701.50346251806
2026-03-16 05:44:00+00:00,99699.01328860509
2026-03-16 05:59:00+00:00,99673.18762932574
2026-03-16 06:14:00+00:00,99662.29841194396
2026-03-16 06:29:00+00:00,99667.27305320658
2026-03-16 06:44:00+00:00,99652.32980739
2026-03-16 06:59:00+00:00,99664.50969106634
2026-03-16 07:14:00+00:00,99630.25240788744
2026-03-16 07:29:00+00:00,99707.48344781133
2026-03-16 07:44:00+00:00,99688.67715603346
2026-03-16 07:59:00+00:00,99684.25180089491
2026-03-16 08:14:00+00:00,99598.52884988162
2026-03-16 08:29:00+00:00,99619.40999945225
2026-03-16 08:44:00+00:00,99565.25404254309
2026-03-16 08:59:00+00:00,99596.40414359527
2026-03-16 09:14:00+00:00,99537.97100792515
2026-03-16 09:29:00+00:00,99569.83312373506
2026-03-16 09:44:00+00:00,99616.24423156359
2026-03-16 09:59:00+00:00,99584.9208624197
2026-03-16 10:14:00+00:00,99621.83700876967
2026-03-16 10:29:00+00:00,99677.38110408778
2026-03-16 10:44:00+00:00,99689.13147999317
2026-03-16 10:59:00+00:00,99651.62161642396
2026-03-16 11:14:00+00:00,99629.22234956297
2026-03-16 11:29:00+00:00,99628.19671574369
2026-03-16 11:44:00+00:00,99640.12633777026
2026-03-16 11:59:00+00:00,99654.43369261872
2026-03-16 12:14:00+00:00,99647.22125218398
2026-03-16 12:29:00+00:00,99600.51656305663
2026-03-16 12:44:00+00:00,99629.55491795344
2026-03-16 12:59:00+00:00,99629.3539078762
2026-03-16 13:14:00+00:00,99648.2342761376
2026-03-16 13:29:00+00:00,99666.7378413471
2026-03-16 13:44:00+00:00,99682.85887165529
2026-03-16 13:59:00+00:00,99648.87500893329
2026-03-16 14:14:00+00:00,99690.03834557922
2026-03-16 14:29:00+00:00,99685.74767237372
2026-03-16 14:44:00+00:00,99701.74366468027
2026-03-16 14:59:00+00:00,99743.82531033283
2026-03-16 15:14:00+00:00,99754.05073779068
2026-03-16 15:29:00+00:00,99725.82539208492
2026-03-16 15:44:00+00:00,99751.96357748742
2026-03-16 15:59:00+00:00,99751.13000542407
2026-03-16 16:14:00+00:00,99752.65074020487
2026-03-16 16:29:00+00:00,99734.13710082657
2026-03-16 16:44:00+00:00,99736.31553640796
2026-03-16 16:59:00+00:00,99746.20619799683
2026-03-16 17:14:00+00:00,99728.56882193356
2026-03-16 17:29:00+00:00,99753.53148612044
2026-03-16 17:44:00+00:00,99758.14236204668
2026-03-16 17:59:00+00:00,99749.27306477274
2026-03-16 18:14:00+00:00,99734.89735045205
2026-03-16 18:29:00+00:00,99685.915170771
2026-03-16 18:44:00+00:00,99674.08950756976
2026-03-16 18:59:00+00:00,99700.41495899361
2026-03-16 19:14:00+00:00,99706.23159459827
2026-03-16 19:29:00+00:00,99714.71970857884
2026-03-16 19:44:00+00:00,99715.59942319374
2026-03-16 19:59:00+00:00,99720.83442497307
2026-03-16 20:14:00+00:00,99728.25782755204
2026-03-16 20:29:00+00:00,99726.57536435717
2026-03-16 20:44:00+00:00,99715.40368452977
2026-03-16 20:59:00+00:00,99652.34569475573
2026-03-16 21:14:00+00:00,99635.34018682849
2026-03-16 21:29:00+00:00,99713.58849467893
2026-03-16 21:44:00+00:00,99711.299195793
2026-03-16 21:59:00+00:00,99731.30527240386
2026-03-16 22:14:00+00:00,99755.75240927133
2026-03-16 22:29:00+00:00,99680.22953800266
2026-03-16 22:44:00+00:00,99672.13696165867
2026-03-16 22:59:00+00:00,99666.92557791778
2026-03-16 23:14:00+00:00,99688.62369997779
2026-03-16 23:29:00+00:00,99677.0746497113
2026-03-16 23:44:00+00:00,99703.99312873161
2026-03-16 23:59:00+00:00,99756.36372843421
2026-03-17 00:14:00+00:00,99782.0748618238
2026-03-17 00:29:00+00:00,99735.01936567202
2026-03-17 00:44:00+00:00,99762.65462047778
2026-03-17 00:59:00+00:00,99778.6862240889
2026-03-17 01:14:00+00:00,99743.9443980038
2026-03-17 01:29:00+00:00,99692.73211870386
2026-03-17 01:44:00+00:00,99718.50644550554
2026-03-17 01:59:00+00:00,99702.9897333372
2026-03-17 02:14:00+00:00,99682.2356145036
2026-03-17 02:29:00+00:00,99706.58179690091
2026-03-17 02:44:00+00:00,99646.23103792239
2026-03-17 02:59:00+00:00,99641.65028425289
2026-03-17 03:14:00+00:00,99657.41707187695
2026-03-17 03:29:00+00:00,99726.41183414271
2026-03-17 03:44:00+00:00,99799.06578758048
2026-03-17 03:59:00+00:00,99800.94374567395
2026-03-17 04:14:00+00:00,99801.72008259433
2026-03-17 04:29:00+00:00,99751.62412932815
2026-03-17 04:44:00+00:00,99736.66844920085
2026-03-17 04:59:00+00:00,99754.78631481907
2026-03-17 05:14:00+00:00,99762.49740207303
2026-03-17 05:29:00+00:00,99778.05978722085
2026-03-17 05:44:00+00:00,99726.61344639692
2026-03-17 05:59:00+00:00,99729.02951582421
2026-03-17 06:14:00+00:00,99737.61758794087
2026-03-17 06:29:00+00:00,99757.93559140495
2026-03-17 06:44:00+00:00,99732.41015425463
2026-03-17 06:59:00+00:00,99738.62161490845
2026-03-17 07:14:00+00:00,99760.18755889167
2026-03-17 07:29:00+00:00,99787.59187443164
2026-03-17 07:44:00+00:00,99780.69079682611
2026-03-17 07:59:00+00:00,99780.69079682611
2026-03-17 08:14:00+00:00,99780.69079682611
2026-03-17 08:29:00+00:00,99793.69457199672
2026-03-17 08:44:00+00:00,99781.78990489033
2026-03-17 08:59:00+00:00,99821.24072326037
2026-03-17 09:14:00+00:00,99820.74909668099
2026-03-17 09:29:00+00:00,99874.18481542457
2026-03-17 09:44:00+00:00,99874.84291388914
2026-03-17 09:59:00+00:00,99874.42703930162
2026-03-17 10:14:00+00:00,99874.42703930162
2026-03-17 10:29:00+00:00,99876.36584196899
2026-03-17 10:44:00+00:00,99864.3293913172
2026-03-17 10:59:00+00:00,99843.38964533622
2026-03-17 11:14:00+00:00,99852.53743518575
2026-03-17 11:29:00+00:00,99869.64714483116
2026-03-17 11:44:00+00:00,99879.29881309727
2026-03-17 11:59:00+00:00,99882.86464738294
2026-03-17 12:14:00+00:00,99898.50365354386
2026-03-17 12:29:00+00:00,99912.78795322694
2026-03-17 12:44:00+00:00,99916.09860643864
2026-03-17 12:59:00+00:00,99920.50446509378
2026-03-17 13:14:00+00:00,99918.69922869997
2026-03-17 13:29:00+00:00,99918.69922869997
2026-03-17 13:44:00+00:00,99918.69922869997
2026-03-17 13:59:00+00:00,99918.73574601421
2026-03-17 14:14:00+00:00,99921.51662764659
2026-03-17 14:29:00+00:00,99926.48814332284
2026-03-17 14:44:00+00:00,99912.49357133286
2026-03-17 14:59:00+00:00,99911.55931981487
2026-03-17 15:14:00+00:00,99941.76513272272
2026-03-17 15:29:00+00:00,99937.78218283711
2026-03-17 15:44:00+00:00,99948.7660331552
2026-03-17 15:59:00+00:00,99948.19602604196
2026-03-17 16:14:00+00:00,99948.19602604196
2026-03-17 16:29:00+00:00,99948.19602604196
2026-03-17 16:44:00+00:00,99948.19602604196
2026-03-17 16:59:00+00:00,99948.19602604196
2026-03-17 17:14:00+00:00,99948.19602604196
2026-03-17 17:29:00+00:00,99948.19602604196
2026-03-17 17:44:00+00:00,99948.19602604196
2026-03-17 17:59:00+00:00,99948.19602604196
2026-03-17 18:14:00+00:00,99948.19602604196
2026-03-17 18:29:00+00:00,99948.19602604196
2026-03-17 18:44:00+00:00,99948.19602604196
2026-03-17 18:59:00+00:00,99950.43904242385
2026-03-17 19:14:00+00:00,99953.62128247425
2026-03-17 19:29:00+00:00,99957.07832503226
2026-03-17 19:44:00+00:00,99956.97707397294
2026-03-17 19:59:00+00:00,99950.89920840251
2026-03-17 20:14:00+00:00,99950.53075587735
2026-03-17 20:29:00+00:00,99949.98371245604
2026-03-17 20:44:00+00:00,99947.34649268085
2026-03-17 20:59:00+00:00,99947.8084885756
2026-03-17 21:14:00+00:00,99957.4603023873
2026-03-17 21:29:00+00:00,99955.9289015089
2026-03-17 21:44:00+00:00,99955.9289015089
2026-03-17 21:59:00+00:00,99955.9289015089
2026-03-17 22:14:00+00:00,99955.9289015089
2026-03-17 22:29:00+00:00,99955.9289015089
2026-03-17 22:44:00+00:00,99955.9289015089
2026-03-17 22:59:00+00:00,99955.9289015089
2026-03-17 23:14:00+00:00,99955.9289015089
2026-03-17 23:29:00+00:00,99955.9289015089
2026-03-17 23:44:00+00:00,99952.51189563263
2026-03-17 23:59:00+00:00,99949.85129253293
2026-03-18 00:14:00+00:00,99941.61210128044
2026-03-18 00:29:00+00:00,99942.49567231417
2026-03-18 00:44:00+00:00,99962.47178494443
2026-03-18 00:59:00+00:00,99992.14621871029
2026-03-18 01:14:00+00:00,99991.99576081001
2026-03-18 01:29:00+00:00,99994.39908770798
2026-03-18 01:44:00+00:00,100010.7441274323
2026-03-18 01:59:00+00:00,99984.32516809177
2026-03-18 02:14:00+00:00,100018.97976845216
2026-03-18 02:29:00+00:00,100018.06258820588
2026-03-18 02:44:00+00:00,100018.06258820588
2026-03-18 02:59:00+00:00,100024.14765854657
2026-03-18 03:14:00+00:00,100016.34284806237
2026-03-18 03:29:00+00:00,100011.67055023879
2026-03-18 03:44:00+00:00,100030.13204192028
2026-03-18 03:59:00+00:00,100034.51867494907
2026-03-18 04:14:00+00:00,100026.24931437155
2026-03-18 04:29:00+00:00,100039.64460241725
2026-03-18 04:44:00+00:00,100044.6205099692
2026-03-18 04:59:00+00:00,100041.55950018474
2026-03-18 05:14:00+00:00,100025.74233776158
2026-03-18 05:29:00+00:00,100045.0377497446
2026-03-18 05:44:00+00:00,100062.222724477
2026-03-18 05:59:00+00:00,100071.82095171165
2026-03-18 06:14:00+00:00,100068.42872231417
2026-03-18 06:29:00+00:00,100068.42872231417
2026-03-18 06:44:00+00:00,100068.42872231417
2026-03-18 06:59:00+00:00,100068.42872231417
2026-03-18 07:14:00+00:00,100068.42872231417
2026-03-18 07:29:00+00:00,100064.42994834375
2026-03-18 07:44:00+00:00,100063.56601509669
2026-03-18 07:59:00+00:00,100059.8915634316
2026-03-18 08:14:00+00:00,100056.80608594108
2026-03-18 08:29:00+00:00,100057.24020188456
2026-03-18 08:44:00+00:00,100062.6657689986
2026-03-18 08:59:00+00:00,100060.0882594516
2026-03-18 09:14:00+00:00,100060.70056968885
2026-03-18 09:29:00+00:00,100076.36617705651
2026-03-18 09:44:00+00:00,100081.86624630785
2026-03-18 09:59:00+00:00,100074.63094799317
2026-03-18 10:14:00+00:00,100074.63094799317
2026-03-18 10:29:00+00:00,100074.63094799317
2026-03-18 10:44:00+00:00,100074.63094799317
2026-03-18 10:59:00+00:00,100074.63094799317
2026-03-18 11:14:00+00:00,100074.63094799317
2026-03-18 11:29:00+00:00,100074.63094799317
2026-03-18 11:44:00+00:00,100074.63094799317
2026-03-18 11:59:00+00:00,100057.83201398498
2026-03-18 12:14:00+00:00,100053.65950842576
2026-03-18 12:29:00+00:00,100042.53944322714
2026-03-18 12:44:00+00:00,100011.89621490562
2026-03-18 12:59:00+00:00,100046.47189533892
2026-03-18 13:14:00+00:00,100044.81947174776
2026-03-18 13:29:00+00:00,100027.75210799169
2026-03-18 13:44:00+00:00,100039.27381984543
2026-03-18 13:59:00+00:00,100018.87176690632
2026-03-18 14:14:00+00:00,99999.56788461025
2026-03-18 14:29:00+00:00,99927.20617333459
2026-03-18 14:44:00+00:00,99897.9169925375
2026-03-18 14:59:00+00:00,99901.37663453026
2026-03-18 15:14:00+00:00,99868.6934943864
2026-03-18 15:29:00+00:00,99874.61098619475
2026-03-18 15:44:00+00:00,99855.06533082499
2026-03-18 15:59:00+00:00,99866.18894876572
2026-03-18 16:14:00+00:00,99838.1661099806
2026-03-18 16:29:00+00:00,99794.68321089794
2026-03-18 16:44:00+00:00,99818.07654622679
2026-03-18 16:59:00+00:00,99815.9052742634
2026-03-18 17:14:00+00:00,99829.88397808216
2026-03-18 17:29:00+00:00,99846.7363939022
2026-03-18 17:44:00+00:00,99851.14569750872
2026-03-18 17:59:00+00:00,99853.79611000883
2026-03-18 18:14:00+00:00,99825.65859236638
2026-03-18 18:29:00+00:00,99814.00989677737
2026-03-18 18:44:00+00:00,99816.58183390496
2026-03-18 18:59:00+00:00,99809.73580670008
2026-03-18 19:14:00+00:00,99819.85259103689
2026-03-18 19:29:00+00:00,99829.85098632866
2026-03-18 19:44:00+00:00,99850.57763250325
2026-03-18 19:59:00+00:00,99848.29175003567
2026-03-18 20:14:00+00:00,99848.29175003567
2026-03-18 20:29:00+00:00,99853.75222976877
2026-03-18 20:44:00+00:00,99849.60038460899
2026-03-18 20:59:00+00:00,99844.74087997076
2026-03-18 21:14:00+00:00,99839.74476279668
2026-03-18 21:29:00+00:00,99828.7365057634
2026-03-18 21:44:00+00:00,99832.02429445475
2026-03-18 21:59:00+00:00,99826.83326652288
2026-03-18 22:14:00+00:00,99826.11821042496
2026-03-18 22:29:00+00:00,99825.77351648628
2026-03-18 22:44:00+00:00,99830.2599771317
2026-03-18 22:59:00+00:00,99833.55612070783
2026-03-18 23:14:00+00:00,99841.17205260423
2026-03-18 23:29:00+00:00,99839.6494423142
2026-03-18 23:44:00+00:00,99839.6494423142
2026-03-18 23:59:00+00:00,99839.6494423142
2026-03-19 00:14:00+00:00,99839.6494423142
2026-03-19 00:29:00+00:00,99839.6494423142
2026-03-19 00:44:00+00:00,99839.6494423142
2026-03-19 00:59:00+00:00,99839.6494423142
2026-03-19 01:14:00+00:00,99839.6494423142
2026-03-19 01:29:00+00:00,99839.6494423142
2026-03-19 01:44:00+00:00,99839.6494423142
2026-03-19 01:59:00+00:00,99839.6494423142
2026-03-19 02:14:00+00:00,99839.6494423142
2026-03-19 02:29:00+00:00,99839.6494423142
2026-03-19 02:44:00+00:00,99819.13229795049
2026-03-19 02:59:00+00:00,99813.15557408916
2026-03-19 03:14:00+00:00,99795.81348449383
2026-03-19 03:29:00+00:00,99774.81965820407
2026-03-19 03:44:00+00:00,99792.46039094451
2026-03-19 03:59:00+00:00,99782.74803746256
2026-03-19 04:14:00+00:00,99824.78345056686
2026-03-19 04:29:00+00:00,99834.87595314432
2026-03-19 04:44:00+00:00,99814.64597643596
2026-03-19 04:59:00+00:00,99823.9665374922
2026-03-19 05:14:00+00:00,99815.00983517915
2026-03-19 05:29:00+00:00,99829.30286170456
2026-03-19 05:44:00+00:00,99838.26649136264
2026-03-19 05:59:00+00:00,99838.26649136264
2026-03-19 06:14:00+00:00,99838.26649136264
2026-03-19 06:29:00+00:00,99838.26649136264
2026-03-19 06:44:00+00:00,99838.26649136264
2026-03-19 06:59:00+00:00,99838.26649136264
2026-03-19 07:14:00+00:00,99838.26649136264
2026-03-19 07:29:00+00:00,99838.26649136264
2026-03-19 07:44:00+00:00,99838.26649136264
2026-03-19 07:59:00+00:00,99838.26649136264
2026-03-19 08:14:00+00:00,99838.99250081218
2026-03-19 08:29:00+00:00,99838.07177294859
2026-03-19 08:44:00+00:00,99822.26692446342
2026-03-19 08:59:00+00:00,99824.82736875108
2026-03-19 09:14:00+00:00,99829.49050826654
2026-03-19 09:29:00+00:00,99828.90422909072
2026-03-19 09:44:00+00:00,99820.60286239727
2026-03-19 09:59:00+00:00,99829.36951789628
2026-03-19 10:14:00+00:00,99821.02210430516
2026-03-19 10:29:00+00:00,99826.46950771041
2026-03-19 10:44:00+00:00,99823.57706719261
2026-03-19 10:59:00+00:00,99826.34582325543
2026-03-19 11:14:00+00:00,99827.36185779478
2026-03-19 11:29:00+00:00,99825.16092625182
2026-03-19 11:44:00+00:00,99825.16092625182
2026-03-19 11:59:00+00:00,99825.16092625182
2026-03-19 12:14:00+00:00,99825.16092625182
2026-03-19 12:29:00+00:00,99825.16092625182
2026-03-19 12:44:00+00:00,99825.16092625182
2026-03-19 12:59:00+00:00,99825.16092625182
2026-03-19 13:14:00+00:00,99825.16092625182
2026-03-19 13:29:00+00:00,99822.45799114044
2026-03-19 13:44:00+00:00,99852.2537318679
2026-03-19 13:59:00+00:00,99837.75123674911
2026-03-19 14:14:00+00:00,99806.24000882213
2026-03-19 14:29:00+00:00,99793.5609703051
2026-03-19 14:44:00+00:00,99785.24100378243
2026-03-19 14:59:00+00:00,99800.48797677051
2026-03-19 15:14:00+00:00,99823.22756269758
2026-03-19 15:29:00+00:00,99809.88961103298
2026-03-19 15:44:00+00:00,99803.59045184805
2026-03-19 15:59:00+00:00,99873.44382597534
2026-03-19 16:14:00+00:00,99865.86665237744
2026-03-19 16:29:00+00:00,99865.71680009493
2026-03-19 16:44:00+00:00,99865.95753768661
2026-03-19 16:59:00+00:00,99845.57419699992
2026-03-19 17:14:00+00:00,99837.87557805434
2026-03-19 17:29:00+00:00,99847.08110976854
2026-03-19 17:44:00+00:00,99846.61917245034
2026-03-19 17:59:00+00:00,99849.73960863649
2026-03-19 18:14:00+00:00,99845.47462234288
2026-03-19 18:29:00+00:00,99846.89214245231
2026-03-19 18:44:00+00:00,99839.27463483607
2026-03-19 18:59:00+00:00,99844.6781568082
2026-03-19 19:14:00+00:00,99841.57860077631
2026-03-19 19:29:00+00:00,99844.3467445294
2026-03-19 19:44:00+00:00,99842.85193137937
2026-03-19 19:59:00+00:00,99842.85193137937
2026-03-19 20:14:00+00:00,99842.85193137937
2026-03-19 20:29:00+00:00,99841.1448205331
2026-03-19 20:44:00+00:00,99857.9933536339
2026-03-19 20:59:00+00:00,99857.66294037369
2026-03-19 21:14:00+00:00,99870.21839217351
2026-03-19 21:29:00+00:00,99867.96455215929
2026-03-19 21:44:00+00:00,99867.96455215929
2026-03-19 21:59:00+00:00,99867.96455215929
2026-03-19 22:14:00+00:00,99867.96455215929
2026-03-19 22:29:00+00:00,99867.96455215929
2026-03-19 22:44:00+00:00,99867.96455215929
2026-03-19 22:59:00+00:00,99867.96455215929
2026-03-19 23:14:00+00:00,99867.96455215929
2026-03-19 23:29:00+00:00,99867.96455215929
2026-03-19 23:44:00+00:00,99867.96455215929
2026-03-19 23:59:00+00:00,99867.96455215929
2026-03-20 00:14:00+00:00,99867.96455215929
2026-03-20 00:29:00+00:00,99867.96455215929
2026-03-20 00:44:00+00:00,99867.96455215929
2026-03-20 00:59:00+00:00,99867.96455215929
2026-03-20 01:14:00+00:00,99867.96455215929
2026-03-20 01:29:00+00:00,99867.96455215929
2026-03-20 01:44:00+00:00,99867.96455215929
2026-03-20 01:59:00+00:00,99867.96455215929
2026-03-20 02:14:00+00:00,99867.96455215929
2026-03-20 02:29:00+00:00,99867.96455215929
2026-03-20 02:44:00+00:00,99867.96455215929
2026-03-20 02:59:00+00:00,99867.96455215929
2026-03-20 03:14:00+00:00,99867.96455215929
2026-03-20 03:29:00+00:00,99867.96455215929
2026-03-20 03:44:00+00:00,99867.96455215929
2026-03-20 03:59:00+00:00,99867.96455215929
2026-03-20 04:14:00+00:00,99867.96455215929
2026-03-20 04:29:00+00:00,99867.96455215929
2026-03-20 04:44:00+00:00,99867.96455215929
2026-03-20 04:59:00+00:00,99867.96455215929
2026-03-20 05:14:00+00:00,99867.96455215929
2026-03-20 05:29:00+00:00,99867.96455215929
2026-03-20 05:44:00+00:00,99855.48245235941
2026-03-20 05:59:00+00:00,99860.73992899741
2026-03-20 06:14:00+00:00,99860.6226804524
2026-03-20 06:29:00+00:00,99868.19508444768
2026-03-20 06:44:00+00:00,99876.8767156889
2026-03-20 06:59:00+00:00,99874.55332767058
2026-03-20 07:14:00+00:00,99895.8086883232
2026-03-20 07:29:00+00:00,99877.52283221297
2026-03-20 07:44:00+00:00,99879.63253568539
2026-03-20 07:59:00+00:00,99879.63253568539
2026-03-20 08:14:00+00:00,99879.63253568539
2026-03-20 08:29:00+00:00,99879.63253568539
2026-03-20 08:44:00+00:00,99879.63253568539
2026-03-20 08:59:00+00:00,99882.43182852236
2026-03-20 09:14:00+00:00,99874.97850395995
2026-03-20 09:29:00+00:00,99934.38737089853
2026-03-20 09:44:00+00:00,99934.03065770831
2026-03-20 09:59:00+00:00,99934.03065770831
2026-03-20 10:14:00+00:00,99934.03065770831
2026-03-20 10:29:00+00:00,99934.03065770831
2026-03-20 10:44:00+00:00,99934.03065770831
2026-03-20 10:59:00+00:00,99934.03065770831
2026-03-20 11:14:00+00:00,99934.03065770831
2026-03-20 11:29:00+00:00,99934.03065770831
2026-03-20 11:44:00+00:00,99937.49722432085
2026-03-20 11:59:00+00:00,99940.7463700696
2026-03-20 12:14:00+00:00,99938.62723801979
2026-03-20 12:29:00+00:00,99942.9238825283
2026-03-20 12:44:00+00:00,99944.00158554045
2026-03-20 12:59:00+00:00,99946.11167547184
2026-03-20 13:14:00+00:00,99945.3414439819
2026-03-20 13:29:00+00:00,99945.3414439819
2026-03-20 13:44:00+00:00,99945.3414439819
2026-03-20 13:59:00+00:00,99945.3414439819
2026-03-20 14:14:00+00:00,99945.3414439819
2026-03-20 14:29:00+00:00,99940.109762899
2026-03-20 14:44:00+00:00,99933.95837057193
2026-03-20 14:59:00+00:00,99911.60005779493
2026-03-20 15:14:00+00:00,99897.90005701443
2026-03-20 15:29:00+00:00,99918.31815356732
2026-03-20 15:44:00+00:00,99933.50314422937
2026-03-20 15:59:00+00:00,99949.2985381547
2026-03-20 16:14:00+00:00,99971.31513005518
2026-03-20 16:29:00+00:00,99964.83280397598
2026-03-20 16:44:00+00:00,99964.83280397598
2026-03-20 16:59:00+00:00,99964.83280397598
2026-03-20 17:14:00+00:00,99964.83280397598
2026-03-20 17:29:00+00:00,99964.83280397598
2026-03-20 17:44:00+00:00,99964.83280397598
2026-03-20 17:59:00+00:00,99964.83280397598
2026-03-20 18:14:00+00:00,99964.83280397598
2026-03-20 18:29:00+00:00,99964.83280397598
2026-03-20 18:44:00+00:00,99964.83280397598
2026-03-20 18:59:00+00:00,99964.83280397598
2026-03-20 19:14:00+00:00,99964.83280397598
2026-03-20 19:29:00+00:00,99964.83280397598
2026-03-20 19:44:00+00:00,99964.83280397598
2026-03-20 19:59:00+00:00,99964.83280397598
2026-03-20 20:14:00+00:00,99964.83280397598
2026-03-20 20:29:00+00:00,99964.83280397598
2026-03-20 20:44:00+00:00,99964.83280397598
2026-03-20 20:59:00+00:00,99964.83280397598
2026-03-20 21:14:00+00:00,99964.83280397598
2026-03-20 21:29:00+00:00,99964.83280397598
2026-03-20 21:44:00+00:00,99964.83280397598
2026-03-20 21:59:00+00:00,99964.83280397598
2026-03-20 22:14:00+00:00,99964.83280397598
2026-03-20 22:29:00+00:00,99964.83280397598
2026-03-20 22:44:00+00:00,99964.83280397598
2026-03-20 22:59:00+00:00,99964.83280397598
2026-03-20 23:14:00+00:00,99964.83280397598
2026-03-20 23:29:00+00:00,99964.83280397598
2026-03-20 23:44:00+00:00,99964.83280397598
2026-03-20 23:59:00+00:00,99964.83280397598
2026-03-21 00:14:00+00:00,99964.83280397598
2026-03-21 00:29:00+00:00,99954.32944970329
2026-03-21 00:44:00+00:00,99979.63658592392
2026-03-21 00:59:00+00:00,99979.63492796765
2026-03-21 01:14:00+00:00,99979.63492796765
2026-03-21 01:29:00+00:00,99979.63492796765
2026-03-21 01:44:00+00:00,99979.63492796765
2026-03-21 01:59:00+00:00,99979.63492796765
2026-03-21 02:14:00+00:00,99979.63492796765
2026-03-21 02:29:00+00:00,99979.63492796765
2026-03-21 02:44:00+00:00,99979.63492796765
2026-03-21 02:59:00+00:00,99979.63492796765
2026-03-21 03:14:00+00:00,99979.63492796765
2026-03-21 03:29:00+00:00,99979.63492796765
2026-03-21 03:44:00+00:00,99979.63492796765
2026-03-21 03:59:00+00:00,99979.63492796765
2026-03-21 04:14:00+00:00,99979.63492796765
2026-03-21 04:29:00+00:00,99979.63492796765
2026-03-21 04:44:00+00:00,99979.63492796765
2026-03-21 04:59:00+00:00,99979.63492796765
2026-03-21 05:14:00+00:00,99979.63492796765
2026-03-21 05:29:00+00:00,99979.63492796765
2026-03-21 05:44:00+00:00,99979.63492796765
2026-03-21 05:59:00+00:00,99979.63492796765
2026-03-21 06:14:00+00:00,99979.63492796765
2026-03-21 06:29:00+00:00,99979.63492796765
2026-03-21 06:44:00+00:00,99979.63492796765
2026-03-21 06:59:00+00:00,99979.63492796765
2026-03-21 07:14:00+00:00,99979.63492796765
2026-03-21 07:29:00+00:00,99976.20561567564
2026-03-21 07:44:00+00:00,99987.49995377239
2026-03-21 07:59:00+00:00,100001.42278655809
2026-03-21 08:14:00+00:00,100015.42610376904
2026-03-21 08:29:00+00:00,100015.83165632733
2026-03-21 08:44:00+00:00,100015.83165632733
2026-03-21 08:59:00+00:00,100015.83165632733
2026-03-21 09:14:00+00:00,100015.83165632733
2026-03-21 09:29:00+00:00,100015.83165632733
2026-03-21 09:44:00+00:00,100015.83165632733
2026-03-21 09:59:00+00:00,100015.83165632733
2026-03-21 10:14:00+00:00,100015.83165632733
2026-03-21 10:29:00+00:00,100015.83165632733
2026-03-21 10:44:00+00:00,100015.83165632733
2026-03-21 10:59:00+00:00,100015.83165632733
2026-03-21 11:14:00+00:00,100015.83165632733
2026-03-21 11:29:00+00:00,100015.83165632733
2026-03-21 11:44:00+00:00,100015.83165632733
2026-03-21 11:59:00+00:00,100015.83165632733
2026-03-21 12:14:00+00:00,100015.83165632733
2026-03-21 12:29:00+00:00,100015.83165632733
2026-03-21 12:44:00+00:00,100015.83165632733
2026-03-21 12:59:00+00:00,100015.83165632733
2026-03-21 13:14:00+00:00,100015.83165632733
2026-03-21 13:29:00+00:00,100015.83165632733
2026-03-21 13:44:00+00:00,100015.83165632733
2026-03-21 13:59:00+00:00,100015.83165632733
2026-03-21 14:14:00+00:00,100015.83165632733
2026-03-21 14:29:00+00:00,100026.13161603086
2026-03-21 14:44:00+00:00,99965.4837637654
2026-03-21 14:59:00+00:00,99980.75809793199
2026-03-21 15:14:00+00:00,99943.79054828992
2026-03-21 15:29:00+00:00,99885.02605600293
2026-03-21 15:44:00+00:00,99884.11895173683
2026-03-21 15:59:00+00:00,99719.19478619292
2026-03-21 16:14:00+00:00,99749.4701218776
2026-03-21 16:29:00+00:00,99798.24904161706
2026-03-21 16:44:00+00:00,99762.12144007673
2026-03-21 16:59:00+00:00,99799.3262342817
2026-03-21 17:14:00+00:00,99838.37005034706
2026-03-21 17:29:00+00:00,99901.15274080283
2026-03-21 17:44:00+00:00,99856.88330314371
2026-03-21 17:59:00+00:00,99825.83673718861
2026-03-21 18:14:00+00:00,99837.24665806013
2026-03-21 18:29:00+00:00,99850.25999604231
2026-03-21 18:44:00+00:00,99847.97076908968
2026-03-21 18:59:00+00:00,99847.97076908968
2026-03-21 19:14:00+00:00,99847.97076908968
2026-03-21 19:29:00+00:00,99859.06832772233
2026-03-21 19:44:00+00:00,99869.98330427958
2026-03-21 19:59:00+00:00,99879.38687271943
2026-03-21 20:14:00+00:00,99886.94014224244
2026-03-21 20:29:00+00:00,99892.61827391418
2026-03-21 20:44:00+00:00,99886.9657847715
2026-03-21 20:59:00+00:00,99888.24900718822
2026-03-21 21:14:00+00:00,99870.9143314781
2026-03-21 21:29:00+00:00,99866.42921576918
2026-03-21 21:44:00+00:00,99870.7943323173
2026-03-21 21:59:00+00:00,99868.20198098887
2026-03-21 22:14:00+00:00,99865.03642903327
2026-03-21 22:29:00+00:00,99850.21274722727
2026-03-21 22:44:00+00:00,99849.57858633027
2026-03-21 22:59:00+00:00,99824.99951711895
2026-03-21 23:14:00+00:00,99827.35382495318
2026-03-21 23:29:00+00:00,99765.0094259989
2026-03-21 23:44:00+00:00,99767.34026735499
2026-03-21 23:59:00+00:00,99762.73751760498
2026-03-22 00:14:00+00:00,99787.54654823564
2026-03-22 00:29:00+00:00,99807.52484158927
2026-03-22 00:44:00+00:00,99850.23181402576
2026-03-22 00:59:00+00:00,99840.45700346882
2026-03-22 01:14:00+00:00,99850.80737915561
2026-03-22 01:29:00+00:00,99843.6213746116
2026-03-22 01:44:00+00:00,99849.9315984666
2026-03-22 01:59:00+00:00,99861.116676657
2026-03-22 02:14:00+00:00,99859.44108915025
2026-03-22 02:29:00+00:00,99904.03773086687
2026-03-22 02:44:00+00:00,99880.40882457104
2026-03-22 02:59:00+00:00,99894.62478712542
2026-03-22 03:14:00+00:00,99886.33425056556
2026-03-22 03:29:00+00:00,99904.13338471013
2026-03-22 03:44:00+00:00,99902.07017739918
2026-03-22 03:59:00+00:00,99891.06670545685
2026-03-22 04:14:00+00:00,99902.3858790895
2026-03-22 04:29:00+00:00,99895.64162902984
2026-03-22 04:44:00+00:00,99889.99660467953
2026-03-22 04:59:00+00:00,99887.61155802516
2026-03-22 05:14:00+00:00,99894.34630476589
2026-03-22 05:29:00+00:00,99900.14527170337
2026-03-22 05:44:00+00:00,99898.1326211014
2026-03-22 05:59:00+00:00,99894.26363405745
2026-03-22 06:14:00+00:00,99893.84651627245
2026-03-22 06:29:00+00:00,99891.65144688713
2026-03-22 06:44:00+00:00,99890.3820573421
2026-03-22 06:59:00+00:00,99892.27163730218
2026-03-22 07:14:00+00:00,99890.33752232359
2026-03-22 07:29:00+00:00,99886.95509264579
2026-03-22 07:44:00+00:00,99892.83810123794
2026-03-22 07:59:00+00:00,99890.26026149325
2026-03-22 08:14:00+00:00,99890.26026149325
2026-03-22 08:29:00+00:00,99890.26026149325
2026-03-22 08:44:00+00:00,99902.9789972283
2026-03-22 08:59:00+00:00,99905.8516458848
2026-03-22 09:14:00+00:00,99913.20241930836
2026-03-22 09:29:00+00:00,99906.91450295968
2026-03-22 09:44:00+00:00,99917.30759378767
2026-03-22 09:59:00+00:00,99918.14904518034
2026-03-22 10:14:00+00:00,99903.6701342474
2026-03-22 10:29:00+00:00,99896.24771301218
2026-03-22 10:44:00+00:00,99894.51140793465
2026-03-22 10:59:00+00:00,99893.62457695666
2026-03-22 11:14:00+00:00,99870.78249389754
2026-03-22 11:29:00+00:00,99876.28572478297
2026-03-22 11:44:00+00:00,99885.84698220975
2026-03-22 11:59:00+00:00,99889.44497749388
2026-03-22 12:14:00+00:00,99888.2433348185
2026-03-22 12:29:00+00:00,99896.60113898334
2026-03-22 12:44:00+00:00,99892.48733813946
2026-03-22 12:59:00+00:00,99892.48733813946
2026-03-22 13:14:00+00:00,99892.48733813946
2026-03-22 13:29:00+00:00,99892.48733813946
2026-03-22 13:44:00+00:00,99892.48733813946
2026-03-22 13:59:00+00:00,99892.48733813946
2026-03-22 14:14:00+00:00,99892.48733813946
2026-03-22 14:29:00+00:00,99892.48733813946
2026-03-22 14:44:00+00:00,99892.48733813946
2026-03-22 14:59:00+00:00,99892.48733813946
2026-03-22 15:14:00+00:00,99892.48733813946
2026-03-22 15:29:00+00:00,99892.48733813946
2026-03-22 15:44:00+00:00,99892.48733813946
2026-03-22 15:59:00+00:00,99892.48733813946
2026-03-22 16:14:00+00:00,99892.48733813946
2026-03-22 16:29:00+00:00,99892.48733813946
2026-03-22 16:44:00+00:00,99892.48733813946
2026-03-22 16:59:00+00:00,99892.48733813946
2026-03-22 17:14:00+00:00,99895.5584688213
2026-03-22 17:29:00+00:00,99894.42145441314
2026-03-22 17:44:00+00:00,99895.91938519536
2026-03-22 17:59:00+00:00,99891.26577627302
2026-03-22 18:14:00+00:00,99886.74948199384
2026-03-22 18:29:00+00:00,99881.36691045026
2026-03-22 18:44:00+00:00,99897.29283103348
2026-03-22 18:59:00+00:00,99899.69906619098
2026-03-22 19:14:00+00:00,99898.60860865004
2026-03-22 19:29:00+00:00,99900.56727586276
2026-03-22 19:44:00+00:00,99899.71037928526
2026-03-22 19:59:00+00:00,99899.71037928526
2026-03-22 20:14:00+00:00,99899.71037928526
2026-03-22 20:29:00+00:00,99899.71037928526
2026-03-22 20:44:00+00:00,99899.71037928526
2026-03-22 20:59:00+00:00,99899.71037928526
2026-03-22 21:14:00+00:00,99899.71037928526
2026-03-22 21:29:00+00:00,99899.71037928526
2026-03-22 21:44:00+00:00,99899.71037928526
2026-03-22 21:59:00+00:00,99899.71037928526
2026-03-22 22:14:00+00:00,99899.71037928526
2026-03-22 22:29:00+00:00,99892.80366776993
2026-03-22 22:44:00+00:00,99882.85059513444
2026-03-22 22:59:00+00:00,99892.13345208914
2026-03-22 23:14:00+00:00,99882.38037000081
2026-03-22 23:29:00+00:00,99876.85111002257
2026-03-22 23:44:00+00:00,99884.07781833522
2026-03-22 23:59:00+00:00,99899.67313704714
2026-03-23 00:14:00+00:00,99907.25561988658
2026-03-23 00:29:00+00:00,99899.29186006814
2026-03-23 00:44:00+00:00,99890.02271741629
2026-03-23 00:59:00+00:00,99898.88232351086
2026-03-23 01:14:00+00:00,99896.3935115797
2026-03-23 01:29:00+00:00,99885.77842445826
2026-03-23 01:44:00+00:00,99875.99374257981
2026-03-23 01:59:00+00:00,99882.78958795361
2026-03-23 02:14:00+00:00,99880.22137581231
2026-03-23 02:29:00+00:00,99877.36298823034
2026-03-23 02:44:00+00:00,99877.36298823034
2026-03-23 02:59:00+00:00,99877.36298823034
2026-03-23 03:14:00+00:00,99877.36298823034
2026-03-23 03:29:00+00:00,99877.36298823034
2026-03-23 03:44:00+00:00,99877.36298823034
2026-03-23 03:59:00+00:00,99877.36298823034
2026-03-23 04:14:00+00:00,99877.36298823034
2026-03-23 04:29:00+00:00,99877.36298823034
2026-03-23 04:44:00+00:00,99877.36298823034
2026-03-23 04:59:00+00:00,99888.91348994504
2026-03-23 05:14:00+00:00,99901.74185398204
2026-03-23 05:29:00+00:00,99890.23167517877
2026-03-23 05:44:00+00:00,99886.54937235384
2026-03-23 05:59:00+00:00,99886.09547275177
2026-03-23 06:14:00+00:00,99885.6701270588
2026-03-23 06:29:00+00:00,99889.20849222074
2026-03-23 06:44:00+00:00,99894.70027557979
2026-03-23 06:59:00+00:00,99901.02626805105
2026-03-23 07:14:00+00:00,99886.8181261092
2026-03-23 07:29:00+00:00,99888.48575131774
2026-03-23 07:44:00+00:00,99885.06395695823
2026-03-23 07:59:00+00:00,99873.40966417541
2026-03-23 08:14:00+00:00,99867.91521574908
2026-03-23 08:29:00+00:00,99874.0320130347
2026-03-23 08:44:00+00:00,99862.44296103356
2026-03-23 08:59:00+00:00,99855.44188231231
2026-03-23 09:14:00+00:00,99862.34010619018
2026-03-23 09:29:00+00:00,99869.30258188238
2026-03-23 09:44:00+00:00,99868.15371517217
2026-03-23 09:59:00+00:00,99874.65425505713
2026-03-23 10:14:00+00:00,99871.91992749397
2026-03-23 10:29:00+00:00,99871.91992749397
2026-03-23 10:44:00+00:00,99871.91992749397
2026-03-23 10:59:00+00:00,99871.91992749397
2026-03-23 11:14:00+00:00,99871.91992749397
2026-03-23 11:29:00+00:00,99920.91537906119
2026-03-23 11:44:00+00:00,99961.32667549375
2026-03-23 11:59:00+00:00,99990.83219513907
2026-03-23 12:14:00+00:00,100038.81245988556
2026-03-23 12:29:00+00:00,100015.87584201673
2026-03-23 12:44:00+00:00,100004.7806558186
2026-03-23 12:59:00+00:00,100017.37277968392
2026-03-23 13:14:00+00:00,100010.68774061263
2026-03-23 13:29:00+00:00,100002.39736331915
2026-03-23 13:44:00+00:00,99988.41098732813
2026-03-23 13:59:00+00:00,99927.73367448554
2026-03-23 14:14:00+00:00,99856.06147900833
2026-03-23 14:29:00+00:00,99861.45233284506
2026-03-23 14:44:00+00:00,99881.79347782409
2026-03-23 14:59:00+00:00,99843.73413632247
2026-03-23 15:14:00+00:00,99800.50211136545
2026-03-23 15:29:00+00:00,99850.54300366953
2026-03-23 15:44:00+00:00,99861.7951982294
2026-03-23 15:59:00+00:00,99840.5553635381
2026-03-23 16:14:00+00:00,99826.87601032868
2026-03-23 16:29:00+00:00,99870.57095831225
2026-03-23 16:44:00+00:00,99885.9025217478
2026-03-23 16:59:00+00:00,99870.92129546848
2026-03-23 17:14:00+00:00,99845.52518089564
2026-03-23 17:29:00+00:00,99837.97182636746
2026-03-23 17:44:00+00:00,99817.66760448382
2026-03-23 17:59:00+00:00,99804.8275200308
2026-03-23 18:14:00+00:00,99773.28198752135
2026-03-23 18:29:00+00:00,99780.39166156048
2026-03-23 18:44:00+00:00,99792.8319422186
2026-03-23 18:59:00+00:00,99792.22550897363
2026-03-23 19:14:00+00:00,99791.99031649987
2026-03-23 19:29:00+00:00,99797.89356531251
2026-03-23 19:44:00+00:00,99769.6476463589
2026-03-23 19:59:00+00:00,99788.2996470461
2026-03-23 20:14:00+00:00,99775.26930507616
2026-03-23 20:29:00+00:00,99756.02563787239
2026-03-23 20:44:00+00:00,99784.95154275003
2026-03-23 20:59:00+00:00,99810.10533692093
2026-03-23 21:14:00+00:00,99804.61013687603
2026-03-23 21:29:00+00:00,99798.67842452157
2026-03-23 21:44:00+00:00,99831.86585275528
2026-03-23 21:59:00+00:00,99830.92880365667
2026-03-23 22:14:00+00:00,99845.00291991126
2026-03-23 22:29:00+00:00,99849.49892016411
2026-03-23 22:44:00+00:00,99841.81761396988
2026-03-23 22:59:00+00:00,99846.6249846653
2026-03-23 23:14:00+00:00,99832.2560237684
2026-03-23 23:29:00+00:00,99848.2948207231
2026-03-23 23:44:00+00:00,99855.27093785556
2026-03-23 23:59:00+00:00,99837.6852218735
2026-03-24 00:14:00+00:00,99838.9585207075
2026-03-24 00:29:00+00:00,99843.72188029076
2026-03-24 00:44:00+00:00,99823.61384945684
2026-03-24 00:59:00+00:00,99828.70111959394
2026-03-24 01:14:00+00:00,99822.97326918361
2026-03-24 01:29:00+00:00,99824.75188673534
2026-03-24 01:44:00+00:00,99817.11736111245
2026-03-24 01:59:00+00:00,99826.04365468209
2026-03-24 02:14:00+00:00,99831.54909516995
2026-03-24 02:29:00+00:00,99827.10643018129
2026-03-24 02:44:00+00:00,99829.36000315654
2026-03-24 02:59:00+00:00,99826.36463330573
2026-03-24 03:14:00+00:00,99817.68815542839
2026-03-24 03:29:00+00:00,99823.07612660168
2026-03-24 03:44:00+00:00,99814.0393508805
2026-03-24 03:59:00+00:00,99812.43461996062
2026-03-24 04:14:00+00:00,99836.67039743214
2026-03-24 04:29:00+00:00,99828.47651943687
2026-03-24 04:44:00+00:00,99827.84578984872
2026-03-24 04:59:00+00:00,99821.80693251823
2026-03-24 05:14:00+00:00,99819.22625448824
2026-03-24 05:29:00+00:00,99813.41847956704
2026-03-24 05:44:00+00:00,99813.19931657745
2026-03-24 05:59:00+00:00,99818.92120162275
2026-03-24 06:14:00+00:00,99814.03755826702
2026-03-24 06:29:00+00:00,99819.32261372979
2026-03-24 06:44:00+00:00,99856.38858123508
2026-03-24 06:59:00+00:00,99937.956489766
2026-03-24 07:14:00+00:00,99942.85563785267
2026-03-24 07:29:00+00:00,99984.32492375524
2026-03-24 07:44:00+00:00,100006.50756810284
2026-03-24 07:59:00+00:00,99993.53268435177
2026-03-24 08:14:00+00:00,99988.25295569401
2026-03-24 08:29:00+00:00,99989.29857711765
2026-03-24 08:44:00+00:00,99954.41943913758
2026-03-24 08:59:00+00:00,99986.75447538724
2026-03-24 09:14:00+00:00,99979.12980352376
2026-03-24 09:29:00+00:00,100015.98498787184
2026-03-24 09:44:00+00:00,100046.64156291106
2026-03-24 09:59:00+00:00,100049.18093355455
2026-03-24 10:14:00+00:00,100049.25060624887
2026-03-24 10:29:00+00:00,100086.44738413783
2026-03-24 10:44:00+00:00,100087.84961668238
2026-03-24 10:59:00+00:00,100090.92958610892
2026-03-24 11:14:00+00:00,100104.41737960924
2026-03-24 11:29:00+00:00,100098.827059302
2026-03-24 11:44:00+00:00,100106.62324656305
2026-03-24 11:59:00+00:00,100110.97929094928
2026-03-24 12:14:00+00:00,100090.93232597408
2026-03-24 12:29:00+00:00,100111.03072044095
2026-03-24 12:44:00+00:00,100108.6516889686
2026-03-24 12:59:00+00:00,100089.53123914938
2026-03-24 13:14:00+00:00,100123.04354048046
2026-03-24 13:29:00+00:00,100153.56512933988
2026-03-24 13:44:00+00:00,100151.99285429022
2026-03-24 13:59:00+00:00,100137.63069893257
2026-03-24 14:14:00+00:00,100113.758797908
2026-03-24 14:29:00+00:00,100118.0436593136
2026-03-24 14:44:00+00:00,100114.8372690102
2026-03-24 14:59:00+00:00,100095.35104218806
2026-03-24 15:14:00+00:00,100137.3235360808
2026-03-24 15:29:00+00:00,100153.9812298853
2026-03-24 15:44:00+00:00,100154.88832544292
2026-03-24 15:59:00+00:00,100153.54425201252
2026-03-24 16:14:00+00:00,100138.72625955084
2026-03-24 16:29:00+00:00,100139.75832476508
2026-03-24 16:44:00+00:00,100120.51162443883
2026-03-24 16:59:00+00:00,100107.32835107771
2026-03-24 17:14:00+00:00,100099.64791674909
2026-03-24 17:29:00+00:00,100108.01992433889
2026-03-24 17:44:00+00:00,100106.31820037437
2026-03-24 17:59:00+00:00,100125.56839928502
2026-03-24 18:14:00+00:00,100118.92921601789
2026-03-24 18:29:00+00:00,100106.72548790679
2026-03-24 18:44:00+00:00,100145.26241856544
2026-03-24 18:59:00+00:00,100144.03828156994
2026-03-24 19:14:00+00:00,100145.38188066549
2026-03-24 19:29:00+00:00,100135.52825270282
2026-03-24 19:44:00+00:00,100147.7087800242
2026-03-24 19:59:00+00:00,100155.12541660324
2026-03-24 20:14:00+00:00,100152.34662690543
2026-03-24 20:29:00+00:00,100126.69068762103
2026-03-24 20:44:00+00:00,100140.86569424006
2026-03-24 20:59:00+00:00,100140.20390990343
2026-03-24 21:14:00+00:00,100134.74752839118
2026-03-24 21:29:00+00:00,100128.42691109976
2026-03-24 21:44:00+00:00,100080.37218515298
2026-03-24 21:59:00+00:00,100064.89967644417
2026-03-24 22:14:00+00:00,100036.1143555437
2026-03-24 22:29:00+00:00,100024.08760694259
2026-03-24 22:44:00+00:00,100006.70456059516
2026-03-24 22:59:00+00:00,99994.27190174116
2026-03-24 23:14:00+00:00,99983.669626621
2026-03-24 23:29:00+00:00,99945.792251261
2026-03-24 23:44:00+00:00,99933.85471446943
2026-03-24 23:59:00+00:00,99959.67034928825
2026-03-25 00:14:00+00:00,99913.21993156671
2026-03-25 00:29:00+00:00,99919.68605016584
2026-03-25 00:44:00+00:00,99862.57976324428
2026-03-25 00:59:00+00:00,99867.10548586608
2026-03-25 01:14:00+00:00,99836.99908400353
2026-03-25 01:29:00+00:00,99827.0502102355
2026-03-25 01:44:00+00:00,99767.42093413102
2026-03-25 01:59:00+00:00,99818.46293191107
2026-03-25 02:14:00+00:00,99796.57770398594
2026-03-25 02:29:00+00:00,99831.57854692746
2026-03-25 02:44:00+00:00,99874.43212357418
2026-03-25 02:59:00+00:00,99894.27033703394
2026-03-25 03:14:00+00:00,99894.27033703394
2026-03-25 03:29:00+00:00,99894.27033703394
2026-03-25 03:44:00+00:00,99894.27033703394
2026-03-25 03:59:00+00:00,99894.27033703394
2026-03-25 04:14:00+00:00,99894.27033703394
2026-03-25 04:29:00+00:00,99894.27033703394
2026-03-25 04:44:00+00:00,99894.27033703394
2026-03-25 04:59:00+00:00,99894.27033703394
2026-03-25 05:14:00+00:00,99876.92002515557
2026-03-25 05:29:00+00:00,99883.97898186203
2026-03-25 05:44:00+00:00,99875.4273117369
2026-03-25 05:59:00+00:00,99856.674859171
2026-03-25 06:14:00+00:00,99815.21596640858
2026-03-25 06:29:00+00:00,99787.54890589722
2026-03-25 06:44:00+00:00,99789.63904757563
2026-03-25 06:59:00+00:00,99804.45172053007
2026-03-25 07:14:00+00:00,99809.19791917052
2026-03-25 07:29:00+00:00,99799.28568883972
2026-03-25 07:44:00+00:00,99795.79667155254
2026-03-25 07:59:00+00:00,99817.94629440771
2026-03-25 08:14:00+00:00,99817.37302811573
2026-03-25 08:29:00+00:00,99868.06785713328
2026-03-25 08:44:00+00:00,99841.36842064696
2026-03-25 08:59:00+00:00,99849.77738837886
2026-03-25 09:14:00+00:00,99837.95714770895
2026-03-25 09:29:00+00:00,99873.11191136127
2026-03-25 09:44:00+00:00,99936.80809818757
2026-03-25 09:59:00+00:00,99969.79297708653
2026-03-25 10:14:00+00:00,99962.21712211083
2026-03-25 10:29:00+00:00,99957.8103136569
2026-03-25 10:44:00+00:00,99933.16248857818
2026-03-25 10:59:00+00:00,99935.39006047424
2026-03-25 11:14:00+00:00,99950.68720119573
2026-03-25 11:29:00+00:00,99984.79721953833
2026-03-25 11:44:00+00:00,99981.24964281108
2026-03-25 11:59:00+00:00,99976.95417799917
2026-03-25 12:14:00+00:00,99958.70797401175
2026-03-25 12:29:00+00:00,99974.77070662864
2026-03-25 12:44:00+00:00,99980.172299928
2026-03-25 12:59:00+00:00,99987.22524733566
2026-03-25 13:14:00+00:00,99967.21385233058
2026-03-25 13:29:00+00:00,99997.10311406736
2026-03-25 13:44:00+00:00,99999.28728727363
2026-03-25 13:59:00+00:00,99993.20887298792
2026-03-25 14:14:00+00:00,100013.88416214235
2026-03-25 14:29:00+00:00,99969.62785427022
2026-03-25 14:44:00+00:00,100003.16687788034
2026-03-25 14:59:00+00:00,100010.50273438379
2026-03-25 15:14:00+00:00,100010.20124216835
2026-03-25 15:29:00+00:00,100053.19185967027
2026-03-25 15:44:00+00:00,100042.68833636708
2026-03-25 15:59:00+00:00,100046.76629665238
2026-03-25 16:14:00+00:00,100047.28992077468
2026-03-25 16:29:00+00:00,100085.66399504291
2026-03-25 16:44:00+00:00,100089.85636061446
2026-03-25 16:59:00+00:00,100082.56198371419
2026-03-25 17:14:00+00:00,100088.26415319655
2026-03-25 17:29:00+00:00,100094.45239982
2026-03-25 17:44:00+00:00,100100.85260137047
2026-03-25 17:59:00+00:00,100112.0670749768
2026-03-25 18:14:00+00:00,100063.9582987869
2026-03-25 18:29:00+00:00,100069.56003611097
2026-03-25 18:44:00+00:00,100065.32904066457
2026-03-25 18:59:00+00:00,100069.06227577492
2026-03-25 19:14:00+00:00,100071.62347973986
2026-03-25 19:29:00+00:00,100053.25733253038
2026-03-25 19:44:00+00:00,100067.00446968946
2026-03-25 19:59:00+00:00,100062.65414536058
2026-03-25 20:14:00+00:00,100065.28006205722
2026-03-25 20:29:00+00:00,100067.53869485688
2026-03-25 20:44:00+00:00,100065.73329888356
2026-03-25 20:59:00+00:00,100050.89091058874
2026-03-25 21:14:00+00:00,100073.45501826065
2026-03-25 21:29:00+00:00,100072.78549872291
2026-03-25 21:44:00+00:00,100073.58169719734
2026-03-25 21:59:00+00:00,100081.73483543762
2026-03-25 22:14:00+00:00,100075.47745351141
2026-03-25 22:29:00+00:00,100080.6421449338
2026-03-25 22:44:00+00:00,100080.73632377628
2026-03-25 22:59:00+00:00,100075.11284614119
2026-03-25 23:14:00+00:00,100071.58548246374
2026-03-25 23:29:00+00:00,100070.95627767198
2026-03-25 23:44:00+00:00,100084.01623331735
2026-03-25 23:59:00+00:00,100079.62207018243
2026-03-26 00:14:00+00:00,100079.62207018243
2026-03-26 00:29:00+00:00,100105.53369734516
2026-03-26 00:44:00+00:00,100108.09210392606
2026-03-26 00:59:00+00:00,100108.09210392606
2026-03-26 01:14:00+00:00,100108.09210392606
2026-03-26 01:29:00+00:00,100108.09210392606
2026-03-26 01:44:00+00:00,100108.09210392606
2026-03-26 01:59:00+00:00,100108.09210392606
2026-03-26 02:14:00+00:00,100108.09210392606
2026-03-26 02:29:00+00:00,100108.09210392606
2026-03-26 02:44:00+00:00,100108.09210392606
2026-03-26 02:59:00+00:00,100108.09210392606
2026-03-26 03:14:00+00:00,100108.09210392606
2026-03-26 03:29:00+00:00,100108.09210392606
2026-03-26 03:44:00+00:00,100108.09210392606
2026-03-26 03:59:00+00:00,100108.09210392606
2026-03-26 04:14:00+00:00,100108.09210392606
2026-03-26 04:29:00+00:00,100108.09210392606
2026-03-26 04:44:00+00:00,100108.09210392606
2026-03-26 04:59:00+00:00,100108.09210392606
2026-03-26 05:14:00+00:00,100108.09210392606
2026-03-26 05:29:00+00:00,100108.09210392606
2026-03-26 05:44:00+00:00,100116.31137810988
2026-03-26 05:59:00+00:00,100125.79341928636
2026-03-26 06:14:00+00:00,100125.03769144561
2026-03-26 06:29:00+00:00,100121.18128359
2026-03-26 06:44:00+00:00,100124.92064815396
2026-03-26 06:59:00+00:00,100137.00661328889
2026-03-26 07:14:00+00:00,100128.92928648887
2026-03-26 07:29:00+00:00,100127.03420409384
2026-03-26 07:44:00+00:00,100138.68262448185
2026-03-26 07:59:00+00:00,100133.61547418038
2026-03-26 08:14:00+00:00,100135.39575653552
2026-03-26 08:29:00+00:00,100124.11022966127
2026-03-26 08:44:00+00:00,100120.96789564412
2026-03-26 08:59:00+00:00,100120.56841696451
2026-03-26 09:14:00+00:00,100115.70945638044
2026-03-26 09:29:00+00:00,100109.08741727057
2026-03-26 09:44:00+00:00,100129.72054079903
2026-03-26 09:59:00+00:00,100128.66153560752
2026-03-26 10:14:00+00:00,100128.7442423464
2026-03-26 10:29:00+00:00,100129.71358210064
2026-03-26 10:44:00+00:00,100123.8950688532
2026-03-26 10:59:00+00:00,100133.7629422754
2026-03-26 11:14:00+00:00,100108.33724078437
2026-03-26 11:29:00+00:00,100121.27191477448
2026-03-26 11:44:00+00:00,100119.66711201803
2026-03-26 11:59:00+00:00,100112.47303616532
2026-03-26 12:14:00+00:00,100108.93574975971
2026-03-26 12:29:00+00:00,100100.9856026937
2026-03-26 12:44:00+00:00,100115.56789387051
2026-03-26 12:59:00+00:00,100111.9365878014
2026-03-26 13:14:00+00:00,100123.16678373145
2026-03-26 13:29:00+00:00,100118.42752817525
2026-03-26 13:44:00+00:00,100117.33607607211
2026-03-26 13:59:00+00:00,100116.428966411
2026-03-26 14:14:00+00:00,100121.44628967179
2026-03-26 14:29:00+00:00,100119.51303715845
2026-03-26 14:44:00+00:00,100119.51303715845
2026-03-26 14:59:00+00:00,100119.51303715845
2026-03-26 15:14:00+00:00,100119.51303715845
2026-03-26 15:29:00+00:00,100112.97976305758
2026-03-26 15:44:00+00:00,100119.26711955744
2026-03-26 15:59:00+00:00,100108.4908673917
2026-03-26 16:14:00+00:00,100117.62739304335
2026-03-26 16:29:00+00:00,100119.9030547225
2026-03-26 16:44:00+00:00,100126.83109690936
2026-03-26 16:59:00+00:00,100130.30999578287
2026-03-26 17:14:00+00:00,100129.09667311012
2026-03-26 17:29:00+00:00,100130.46367352527
2026-03-26 17:44:00+00:00,100140.77220629941
2026-03-26 17:59:00+00:00,100121.93812483111
2026-03-26 18:14:00+00:00,100122.6416840427
2026-03-26 18:29:00+00:00,100134.9967256222
2026-03-26 18:44:00+00:00,100127.0878782528
2026-03-26 18:59:00+00:00,100137.20096082457
2026-03-26 19:14:00+00:00,100124.35071355272
2026-03-26 19:29:00+00:00,100141.90950969003
2026-03-26 19:44:00+00:00,100135.72001100515
2026-03-26 19:59:00+00:00,100120.12913197975
2026-03-26 20:14:00+00:00,100122.33612851187
2026-03-26 20:29:00+00:00,100101.31267401442
2026-03-26 20:44:00+00:00,100117.91704216923
2026-03-26 20:59:00+00:00,100119.49299671907
2026-03-26 21:14:00+00:00,100143.30743447009
2026-03-26 21:29:00+00:00,100156.82031484705
2026-03-26 21:44:00+00:00,100151.99187681181
2026-03-26 21:59:00+00:00,100161.75985699875
2026-03-26 22:14:00+00:00,100169.47896268454
2026-03-26 22:29:00+00:00,100170.64229700986
2026-03-26 22:44:00+00:00,100174.75756095561
2026-03-26 22:59:00+00:00,100172.33447344611
2026-03-26 23:14:00+00:00,100173.3417889335
2026-03-26 23:29:00+00:00,100172.77162741487
2026-03-26 23:44:00+00:00,100172.77162741487
2026-03-26 23:59:00+00:00,100172.77162741487
2026-03-27 00:14:00+00:00,100172.77162741487
2026-03-27 00:29:00+00:00,100172.77162741487
2026-03-27 00:44:00+00:00,100172.77162741487
2026-03-27 00:59:00+00:00,100172.77162741487
2026-03-27 01:14:00+00:00,100172.77162741487
2026-03-27 01:29:00+00:00,100172.77162741487
2026-03-27 01:44:00+00:00,100172.77162741487
2026-03-27 01:59:00+00:00,100172.77162741487
2026-03-27 02:14:00+00:00,100172.77162741487
2026-03-27 02:29:00+00:00,100172.77162741487
2026-03-27 02:44:00+00:00,100172.77162741487
2026-03-27 02:59:00+00:00,100172.77162741487
2026-03-27 03:14:00+00:00,100172.77162741487
2026-03-27 03:29:00+00:00,100172.77162741487
2026-03-27 03:44:00+00:00,100172.77162741487
2026-03-27 03:59:00+00:00,100172.77162741487
2026-03-27 04:14:00+00:00,100172.77162741487
2026-03-27 04:29:00+00:00,100172.77162741487
2026-03-27 04:44:00+00:00,100172.77162741487
2026-03-27 04:59:00+00:00,100172.77162741487
2026-03-27 05:14:00+00:00,100172.77162741487
2026-03-27 05:29:00+00:00,100172.77162741487
2026-03-27 05:44:00+00:00,100172.77162741487
2026-03-27 05:59:00+00:00,100172.77162741487
2026-03-27 06:14:00+00:00,100210.4992092304
2026-03-27 06:29:00+00:00,100237.02232796757
2026-03-27 06:44:00+00:00,100241.92055145462
2026-03-27 06:59:00+00:00,100226.61127601769
2026-03-27 07:14:00+00:00,100228.16965100986
2026-03-27 07:29:00+00:00,100222.26586001698
2026-03-27 07:44:00+00:00,100287.00808159636
2026-03-27 07:59:00+00:00,100332.18462665933
2026-03-27 08:14:00+00:00,100295.13702443965
2026-03-27 08:29:00+00:00,100270.61126698203
2026-03-27 08:44:00+00:00,100228.17547979014
2026-03-27 08:59:00+00:00,100224.42284623186
2026-03-27 09:14:00+00:00,100218.99709445385
2026-03-27 09:29:00+00:00,100236.29253924606
2026-03-27 09:44:00+00:00,100228.22123251128
2026-03-27 09:59:00+00:00,100212.22976934302
2026-03-27 10:14:00+00:00,100206.8344744258
2026-03-27 10:29:00+00:00,100207.30237958656
2026-03-27 10:44:00+00:00,100172.98768812358
2026-03-27 10:59:00+00:00,100140.47698853601
2026-03-27 11:14:00+00:00,100138.6910773272
2026-03-27 11:29:00+00:00,100143.48145430171
2026-03-27 11:44:00+00:00,100119.73707453282
2026-03-27 11:59:00+00:00,100111.0498808588
2026-03-27 12:14:00+00:00,100089.41752217687
2026-03-27 12:29:00+00:00,100099.33144447838
2026-03-27 12:44:00+00:00,100106.76002319412
2026-03-27 12:59:00+00:00,100104.23588564894
2026-03-27 13:14:00+00:00,100106.25219824002
2026-03-27 13:29:00+00:00,100110.63509667177
2026-03-27 13:44:00+00:00,100104.46437574553
2026-03-27 13:59:00+00:00,100091.10196348815
2026-03-27 14:14:00+00:00,100103.84443472023
2026-03-27 14:29:00+00:00,100119.09079085501
2026-03-27 14:44:00+00:00,100135.36791045294
2026-03-27 14:59:00+00:00,100134.49352848333
2026-03-27 15:14:00+00:00,100128.30998624841
2026-03-27 15:29:00+00:00,100119.82835271138
2026-03-27 15:44:00+00:00,100114.83424140047
2026-03-27 15:59:00+00:00,100113.0198913457
2026-03-27 16:14:00+00:00,100113.83812732599
2026-03-27 16:29:00+00:00,100124.17739187338
2026-03-27 16:44:00+00:00,100121.73531185274
2026-03-27 16:59:00+00:00,100114.76794525675
2026-03-27 17:14:00+00:00,100116.58927817692
2026-03-27 17:29:00+00:00,100129.09018748239
2026-03-27 17:44:00+00:00,100133.89628712478
2026-03-27 17:59:00+00:00,100134.16196729339
2026-03-27 18:14:00+00:00,100139.67408625018
2026-03-27 18:29:00+00:00,100157.48717940369
2026-03-27 18:44:00+00:00,100166.28842620473
2026-03-27 18:59:00+00:00,100157.23623072889
2026-03-27 19:14:00+00:00,100162.2888208731
2026-03-27 19:29:00+00:00,100153.84037679997
2026-03-27 19:44:00+00:00,100149.62155838768
2026-03-27 19:59:00+00:00,100164.26400394809
2026-03-27 20:14:00+00:00,100184.6712950236
2026-03-27 20:29:00+00:00,100161.20298109773
2026-03-27 20:44:00+00:00,100160.05156120667
2026-03-27 20:59:00+00:00,100158.8095478718
2026-03-27 21:14:00+00:00,100147.59816791103
2026-03-27 21:29:00+00:00,100163.32499102537
2026-03-27 21:44:00+00:00,100168.9216672931
2026-03-27 21:59:00+00:00,100158.45192846938
2026-03-27 22:14:00+00:00,100178.02204933863
2026-03-27 22:29:00+00:00,100173.19419686639
2026-03-27 22:44:00+00:00,100173.19419686639
2026-03-27 22:59:00+00:00,100173.19419686639
2026-03-27 23:14:00+00:00,100173.19419686639
2026-03-27 23:29:00+00:00,100173.19419686639
2026-03-27 23:44:00+00:00,100173.19419686639
2026-03-27 23:59:00+00:00,100173.19419686639
2026-03-28 00:14:00+00:00,100173.19419686639
2026-03-28 00:29:00+00:00,100173.19419686639
2026-03-28 00:44:00+00:00,100173.19419686639
2026-03-28 00:59:00+00:00,100173.19419686639
2026-03-28 01:14:00+00:00,100173.19419686639
2026-03-28 01:29:00+00:00,100173.19419686639
2026-03-28 01:44:00+00:00,100173.19419686639
2026-03-28 01:59:00+00:00,100173.19419686639
2026-03-28 02:14:00+00:00,100173.19419686639
2026-03-28 02:29:00+00:00,100173.19419686639
2026-03-28 02:44:00+00:00,100173.19419686639
2026-03-28 02:59:00+00:00,100173.19419686639
2026-03-28 03:14:00+00:00,100173.19419686639
2026-03-28 03:29:00+00:00,100173.19419686639
2026-03-28 03:44:00+00:00,100173.19419686639
2026-03-28 03:59:00+00:00,100173.19419686639
2026-03-28 04:14:00+00:00,100166.93488342768
2026-03-28 04:29:00+00:00,100162.0664462994
2026-03-28 04:44:00+00:00,100183.59134399655
2026-03-28 04:59:00+00:00,100181.93031937962
2026-03-28 05:14:00+00:00,100174.0744462797
2026-03-28 05:29:00+00:00,100172.92522076346
2026-03-28 05:44:00+00:00,100159.64975217388
2026-03-28 05:59:00+00:00,100177.07702224553
2026-03-28 06:14:00+00:00,100183.04757862877
2026-03-28 06:29:00+00:00,100211.20126239404
2026-03-28 06:44:00+00:00,100208.27032886625
2026-03-28 06:59:00+00:00,100208.27032886625
2026-03-28 07:14:00+00:00,100207.60526274251
2026-03-28 07:29:00+00:00,100213.07762251385
2026-03-28 07:44:00+00:00,100209.82692708433
2026-03-28 07:59:00+00:00,100209.98642886245
2026-03-28 08:14:00+00:00,100200.2904510399
2026-03-28 08:29:00+00:00,100207.23140449468
2026-03-28 08:44:00+00:00,100218.26268600559
2026-03-28 08:59:00+00:00,100216.49101833631
2026-03-28 09:14:00+00:00,100216.49101833631
2026-03-28 09:29:00+00:00,100216.49101833631
2026-03-28 09:44:00+00:00,100216.49101833631
2026-03-28 09:59:00+00:00,100216.49101833631
2026-03-28 10:14:00+00:00,100216.49101833631
2026-03-28 10:29:00+00:00,100210.99683486263
2026-03-28 10:44:00+00:00,100231.17760833928
2026-03-28 10:59:00+00:00,100243.16406396986
2026-03-28 11:14:00+00:00,100243.16785849124
2026-03-28 11:29:00+00:00,100249.445368927
2026-03-28 11:44:00+00:00,100248.79264588484
2026-03-28 11:59:00+00:00,100247.99549983718
2026-03-28 12:14:00+00:00,100256.89091305235
2026-03-28 12:29:00+00:00,100238.32745141431
2026-03-28 12:44:00+00:00,100239.04745667527
2026-03-28 12:59:00+00:00,100253.7872915984
2026-03-28 13:14:00+00:00,100272.99935660635
2026-03-28 13:29:00+00:00,100274.23219045442
2026-03-28 13:44:00+00:00,100271.66350010652
2026-03-28 13:59:00+00:00,100261.6992501496
2026-03-28 14:14:00+00:00,100233.93297956402
2026-03-28 14:29:00+00:00,100225.36744929648
2026-03-28 14:44:00+00:00,100212.35010310613
2026-03-28 14:59:00+00:00,100208.59629999049
2026-03-28 15:14:00+00:00,100189.26306710014
2026-03-28 15:29:00+00:00,100151.83890196985
2026-03-28 15:44:00+00:00,100150.80054159278
2026-03-28 15:59:00+00:00,100164.46414523746
2026-03-28 16:14:00+00:00,100176.67790136942
2026-03-28 16:29:00+00:00,100193.6005853832
2026-03-28 16:44:00+00:00,100216.74487642746
2026-03-28 16:59:00+00:00,100243.37730632641
2026-03-28 17:14:00+00:00,100224.51562138816
2026-03-28 17:29:00+00:00,100230.99204584838
2026-03-28 17:44:00+00:00,100229.907753535
2026-03-28 17:59:00+00:00,100239.84837391668
2026-03-28 18:14:00+00:00,100217.22854326431
2026-03-28 18:29:00+00:00,100254.80472919362
2026-03-28 18:44:00+00:00,100250.32028415558
2026-03-28 18:59:00+00:00,100257.7379881169
2026-03-28 19:14:00+00:00,100250.51745832739
2026-03-28 19:29:00+00:00,100249.30193132903
2026-03-28 19:44:00+00:00,100259.96614993752
2026-03-28 19:59:00+00:00,100245.96549097485
2026-03-28 20:14:00+00:00,100239.70554762502
2026-03-28 20:29:00+00:00,100240.63589633217
2026-03-28 20:44:00+00:00,100228.77374731569
2026-03-28 20:59:00+00:00,100241.88865375938
2026-03-28 21:14:00+00:00,100252.8631544491
2026-03-28 21:29:00+00:00,100248.09503806876
2026-03-28 21:44:00+00:00,100251.61743639571
2026-03-28 21:59:00+00:00,100251.6701702203
2026-03-28 22:14:00+00:00,100292.91556273354
2026-03-28 22:29:00+00:00,100294.15658437092
2026-03-28 22:44:00+00:00,100295.91511876586
2026-03-28 22:59:00+00:00,100277.38048134097
2026-03-28 23:14:00+00:00,100268.52382808823
2026-03-28 23:29:00+00:00,100292.97493227603
2026-03-28 23:44:00+00:00,100290.68857591797
2026-03-28 23:59:00+00:00,100283.01589476963
2026-03-29 00:14:00+00:00,100306.53634268639
2026-03-29 00:29:00+00:00,100303.32070714353
2026-03-29 00:44:00+00:00,100290.56986359805
2026-03-29 00:59:00+00:00,100307.33856222536
2026-03-29 01:14:00+00:00,100326.99327252363
2026-03-29 01:29:00+00:00,100321.91673916571
2026-03-29 01:44:00+00:00,100333.61091642831
2026-03-29 01:59:00+00:00,100330.99302473832
2026-03-29 02:14:00+00:00,100329.9299567639
2026-03-29 02:29:00+00:00,100329.9299567639
2026-03-29 02:44:00+00:00,100329.9299567639
2026-03-29 02:59:00+00:00,100329.9299567639
2026-03-29 03:14:00+00:00,100329.9299567639
2026-03-29 03:29:00+00:00,100329.9299567639
2026-03-29 03:44:00+00:00,100331.99175518322
2026-03-29 03:59:00+00:00,100335.8111271032
2026-03-29 04:14:00+00:00,100339.43476556793
2026-03-29 04:29:00+00:00,100337.9628052188
2026-03-29 04:44:00+00:00,100336.35435413527
2026-03-29 04:59:00+00:00,100334.08531284625
2026-03-29 05:14:00+00:00,100331.04807281613
2026-03-29 05:29:00+00:00,100332.4715315229
2026-03-29 05:44:00+00:00,100338.36307482902
2026-03-29 05:59:00+00:00,100346.36262208318
2026-03-29 06:14:00+00:00,100344.2637457623
2026-03-29 06:29:00+00:00,100342.07720613913
2026-03-29 06:44:00+00:00,100343.30973680245
2026-03-29 06:59:00+00:00,100343.29383559659
2026-03-29 07:14:00+00:00,100343.29383559659
2026-03-29 07:29:00+00:00,100343.29383559659
2026-03-29 07:44:00+00:00,100343.29383559659
2026-03-29 07:59:00+00:00,100343.29383559659
2026-03-29 08:14:00+00:00,100343.29383559659
2026-03-29 08:29:00+00:00,100343.29383559659
2026-03-29 08:44:00+00:00,100343.29383559659
2026-03-29 08:59:00+00:00,100343.29383559659
2026-03-29 09:14:00+00:00,100343.29383559659
2026-03-29 09:29:00+00:00,100343.29383559659
2026-03-29 09:44:00+00:00,100343.29383559659
2026-03-29 09:59:00+00:00,100343.29383559659
2026-03-29 10:14:00+00:00,100343.29383559659
2026-03-29 10:29:00+00:00,100343.29383559659
2026-03-29 10:44:00+00:00,100343.29383559659
2026-03-29 10:59:00+00:00,100343.29383559659
2026-03-29 11:14:00+00:00,100343.29383559659
2026-03-29 11:29:00+00:00,100343.29383559659
2026-03-29 11:44:00+00:00,100343.29383559659
2026-03-29 11:59:00+00:00,100343.29383559659
2026-03-29 12:14:00+00:00,100343.29383559659
2026-03-29 12:29:00+00:00,100343.29383559659
2026-03-29 12:44:00+00:00,100343.29383559659
2026-03-29 12:59:00+00:00,100343.29383559659
2026-03-29 13:14:00+00:00,100343.29383559659
2026-03-29 13:29:00+00:00,100364.98060899386
2026-03-29 13:44:00+00:00,100369.97102209511
2026-03-29 13:59:00+00:00,100367.4737058703
2026-03-29 14:14:00+00:00,100373.05396336703
2026-03-29 14:29:00+00:00,100365.32158614072
2026-03-29 14:44:00+00:00,100296.71289090694
2026-03-29 14:59:00+00:00,100292.06901663658
2026-03-29 15:14:00+00:00,100323.51226157525
2026-03-29 15:29:00+00:00,100329.90458366518
2026-03-29 15:44:00+00:00,100303.3264720305
2026-03-29 15:59:00+00:00,100309.42049053703
2026-03-29 16:14:00+00:00,100279.53302620085
2026-03-29 16:29:00+00:00,100264.2755444984
2026-03-29 16:44:00+00:00,100230.1982428084
2026-03-29 16:59:00+00:00,100219.62849310145
2026-03-29 17:14:00+00:00,100225.80881902116
2026-03-29 17:29:00+00:00,100219.74771378622
2026-03-29 17:44:00+00:00,100249.8819842983
2026-03-29 17:59:00+00:00,100246.64663664486
2026-03-29 18:14:00+00:00,100247.2059319254
2026-03-29 18:29:00+00:00,100243.08789895395
2026-03-29 18:44:00+00:00,100216.10528905994
2026-03-29 18:59:00+00:00,100214.5884099075
2026-03-29 19:14:00+00:00,100208.1491342099
2026-03-29 19:29:00+00:00,100207.09631226932
2026-03-29 19:44:00+00:00,100212.59984310302
2026-03-29 19:59:00+00:00,100209.40911953422
2026-03-29 20:14:00+00:00,100213.44299919599
2026-03-29 20:29:00+00:00,100217.19912073547
2026-03-29 20:44:00+00:00,100206.21622188234
2026-03-29 20:59:00+00:00,100209.41677956437
2026-03-29 21:14:00+00:00,100270.52805443293
2026-03-29 21:29:00+00:00,100257.61076351091
2026-03-29 21:44:00+00:00,100272.93312036079
2026-03-29 21:59:00+00:00,100270.13573152701
2026-03-29 22:14:00+00:00,100256.83903896487
2026-03-29 22:29:00+00:00,100268.73263286434
2026-03-29 22:44:00+00:00,100262.20249670158
2026-03-29 22:59:00+00:00,100337.5848299175
2026-03-29 23:14:00+00:00,100342.6340985582
2026-03-29 23:29:00+00:00,100328.2191255556
2026-03-29 23:44:00+00:00,100343.73072620122
2026-03-29 23:59:00+00:00,100351.82913482471
2026-03-30 00:14:00+00:00,100358.08996812587
2026-03-30 00:29:00+00:00,100368.14107261994
2026-03-30 00:44:00+00:00,100372.11195529978
2026-03-30 00:59:00+00:00,100357.60916842548
2026-03-30 01:14:00+00:00,100341.0928810005
2026-03-30 01:29:00+00:00,100359.79974464355
2026-03-30 01:44:00+00:00,100352.8585226761
2026-03-30 01:59:00+00:00,100336.47166326565
2026-03-30 02:14:00+00:00,100326.77041417497
2026-03-30 02:29:00+00:00,100351.03445262359
2026-03-30 02:44:00+00:00,100343.73197530842
2026-03-30 02:59:00+00:00,100339.54219580602
2026-03-30 03:14:00+00:00,100367.73898383659
2026-03-30 03:29:00+00:00,100365.40162941214
2026-03-30 03:44:00+00:00,100363.99614248436
2026-03-30 03:59:00+00:00,100369.50751438529
2026-03-30 04:14:00+00:00,100365.96196887188
2026-03-30 04:29:00+00:00,100349.4993233644
2026-03-30 04:44:00+00:00,100344.61875557103
2026-03-30 04:59:00+00:00,100326.79692749008
2026-03-30 05:14:00+00:00,100292.49984867107
2026-03-30 05:29:00+00:00,100297.42276749897
2026-03-30 05:44:00+00:00,100295.93922715729
2026-03-30 05:59:00+00:00,100296.62495352399
2026-03-30 06:14:00+00:00,100308.18701635761
2026-03-30 06:29:00+00:00,100315.37398757563
2026-03-30 06:44:00+00:00,100317.37467913739
2026-03-30 06:59:00+00:00,100326.20701557175
2026-03-30 07:14:00+00:00,100322.17354398913
2026-03-30 07:29:00+00:00,100329.06834334713
2026-03-30 07:44:00+00:00,100329.70353485693
2026-03-30 07:59:00+00:00,100303.86588066365
2026-03-30 08:14:00+00:00,100328.50006692806
2026-03-30 08:29:00+00:00,100295.09319676676
2026-03-30 08:44:00+00:00,100280.54169476934
2026-03-30 08:59:00+00:00,100292.80827851553
2026-03-30 09:14:00+00:00,100317.40422842091
2026-03-30 09:29:00+00:00,100337.45572409143
2026-03-30 09:44:00+00:00,100325.229452444
2026-03-30 09:59:00+00:00,100332.18670091753
2026-03-30 10:14:00+00:00,100333.82803897033
2026-03-30 10:29:00+00:00,100327.51699113828
2026-03-30 10:44:00+00:00,100338.40426252592
2026-03-30 10:59:00+00:00,100332.12017052427
2026-03-30 11:14:00+00:00,100330.86802934669
2026-03-30 11:29:00+00:00,100311.17124211097
2026-03-30 11:44:00+00:00,100304.64068856617
2026-03-30 11:59:00+00:00,100291.2742020402
2026-03-30 12:14:00+00:00,100280.29276304522
2026-03-30 12:29:00+00:00,100258.74933642366
2026-03-30 12:44:00+00:00,100293.19689640631
2026-03-30 12:59:00+00:00,100301.50421714256
2026-03-30 13:14:00+00:00,100297.42338375116
2026-03-30 13:29:00+00:00,100300.54432410024
2026-03-30 13:44:00+00:00,100299.3377520091
2026-03-30 13:59:00+00:00,100315.04191643429
2026-03-30 14:14:00+00:00,100291.78092392848
2026-03-30 14:29:00+00:00,100325.18083932645
2026-03-30 14:44:00+00:00,100343.69683221036
2026-03-30 14:59:00+00:00,100296.81014226482
2026-03-30 15:14:00+00:00,100333.73990464745
2026-03-30 15:29:00+00:00,100351.88883090256
2026-03-30 15:44:00+00:00,100347.12312878956
2026-03-30 15:59:00+00:00,100348.51949739436
2026-03-30 16:14:00+00:00,100362.85929478303
2026-03-30 16:29:00+00:00,100327.62238419465
2026-03-30 16:44:00+00:00,100313.57923433019
2026-03-30 16:59:00+00:00,100299.76396401957
2026-03-30 17:14:00+00:00,100286.9738622692
2026-03-30 17:29:00+00:00,100284.86554224785
2026-03-30 17:44:00+00:00,100280.89336097766
2026-03-30 17:59:00+00:00,100293.85935596465
2026-03-30 18:14:00+00:00,100279.04366156655
2026-03-30 18:29:00+00:00,100272.74017328054
2026-03-30 18:44:00+00:00,100263.08983289589
2026-03-30 18:59:00+00:00,100259.507027418
2026-03-30 19:14:00+00:00,100254.81089404387
2026-03-30 19:29:00+00:00,100227.29839955554
2026-03-30 19:44:00+00:00,100232.14678909766
2026-03-30 19:59:00+00:00,100253.66634085766
2026-03-30 20:14:00+00:00,100268.81291788713
2026-03-30 20:29:00+00:00,100268.9498289611
2026-03-30 20:44:00+00:00,100265.79396772411
2026-03-30 20:59:00+00:00,100270.53808013814
2026-03-30 21:14:00+00:00,100289.07238719522
2026-03-30 21:29:00+00:00,100287.42133694579
2026-03-30 21:44:00+00:00,100287.42133694579
2026-03-30 21:59:00+00:00,100287.42133694579
2026-03-30 22:14:00+00:00,100287.42133694579
2026-03-30 22:29:00+00:00,100287.42133694579
2026-03-30 22:44:00+00:00,100287.42133694579
2026-03-30 22:59:00+00:00,100287.42133694579
2026-03-30 23:14:00+00:00,100287.42133694579
2026-03-30 23:29:00+00:00,100287.42133694579
2026-03-30 23:44:00+00:00,100287.42133694579
2026-03-30 23:59:00+00:00,100287.42133694579
2026-03-31 00:14:00+00:00,100287.42133694579
2026-03-31 00:29:00+00:00,100287.42133694579
2026-03-31 00:44:00+00:00,100278.61706281434
2026-03-31 00:59:00+00:00,100270.75002284716
2026-03-31 01:14:00+00:00,100274.1380254329
2026-03-31 01:29:00+00:00,100269.13939993088
2026-03-31 01:44:00+00:00,100250.61868840897
2026-03-31 01:59:00+00:00,100273.58584290213
2026-03-31 02:14:00+00:00,100278.20594152535
2026-03-31 02:29:00+00:00,100297.78978492429
2026-03-31 02:44:00+00:00,100284.71423110958
2026-03-31 02:59:00+00:00,100277.17625499082
2026-03-31 03:14:00+00:00,100290.11960339238
2026-03-31 03:29:00+00:00,100288.7597371139
2026-03-31 03:44:00+00:00,100296.50356431452
2026-03-31 03:59:00+00:00,100282.24755446153
2026-03-31 04:14:00+00:00,100271.10664381113
2026-03-31 04:29:00+00:00,100275.22153319814
2026-03-31 04:44:00+00:00,100287.40673891667
2026-03-31 04:59:00+00:00,100279.3215437541
2026-03-31 05:14:00+00:00,100279.3215437541
2026-03-31 05:29:00+00:00,100277.461331527
2026-03-31 05:44:00+00:00,100278.33251643575
2026-03-31 05:59:00+00:00,100269.02481624273
2026-03-31 06:14:00+00:00,100279.0677429996
2026-03-31 06:29:00+00:00,100277.87589986165
2026-03-31 06:44:00+00:00,100277.54031966237
2026-03-31 06:59:00+00:00,100269.93216223229
2026-03-31 07:14:00+00:00,100270.42728062424
2026-03-31 07:29:00+00:00,100213.85411739242
2026-03-31 07:44:00+00:00,100229.30791857671
2026-03-31 07:59:00+00:00,100206.1021122112
2026-03-31 08:14:00+00:00,100206.25986695394
2026-03-31 08:29:00+00:00,100239.90470659804
2026-03-31 08:44:00+00:00,100292.53463103235
2026-03-31 08:59:00+00:00,100287.78588947639
2026-03-31 09:14:00+00:00,100285.17993544546
2026-03-31 09:29:00+00:00,100295.34121681821
2026-03-31 09:44:00+00:00,100293.22815257906
2026-03-31 09:59:00+00:00,100290.63121505988
2026-03-31 10:14:00+00:00,100274.80661552373
2026-03-31 10:29:00+00:00,100290.30850154084
2026-03-31 10:44:00+00:00,100277.98213784612
2026-03-31 10:59:00+00:00,100289.32473325764
2026-03-31 11:14:00+00:00,100293.57146463146
2026-03-31 11:29:00+00:00,100271.59640234959
2026-03-31 11:44:00+00:00,100284.65830327
2026-03-31 11:59:00+00:00,100289.42652175853
2026-03-31 12:14:00+00:00,100277.34151891232
2026-03-31 12:29:00+00:00,100283.76337719036
2026-03-31 12:44:00+00:00,100274.58906619209
2026-03-31 12:59:00+00:00,100286.87176976819
2026-03-31 13:14:00+00:00,100254.64432066062
2026-03-31 13:29:00+00:00,100275.00813783593
2026-03-31 13:44:00+00:00,100277.687496193
2026-03-31 13:59:00+00:00,100270.75151915998
2026-03-31 14:14:00+00:00,100261.99548495047
2026-03-31 14:29:00+00:00,100271.81635458095
2026-03-31 14:44:00+00:00,100284.34325014491
2026-03-31 14:59:00+00:00,100296.14793616763
2026-03-31 15:14:00+00:00,100268.35710124088
2026-03-31 15:29:00+00:00,100290.23206771622
2026-03-31 15:44:00+00:00,100291.89769216515
2026-03-31 15:59:00+00:00,100278.55305260915
2026-03-31 16:14:00+00:00,100294.03404678246
2026-03-31 16:29:00+00:00,100281.07953660673
2026-03-31 16:44:00+00:00,100246.72905702857
2026-03-31 16:59:00+00:00,100237.92569816159
2026-03-31 17:14:00+00:00,100213.09275420189
2026-03-31 17:29:00+00:00,100212.62907274705
2026-03-31 17:44:00+00:00,100200.76402763701
2026-03-31 17:59:00+00:00,100214.60534716518
2026-03-31 18:14:00+00:00,100205.21487954585
2026-03-31 18:29:00+00:00,100217.66539239863
2026-03-31 18:44:00+00:00,100231.42775059113
2026-03-31 18:59:00+00:00,100244.39339801486
2026-03-31 19:14:00+00:00,100252.14096860716
2026-03-31 19:29:00+00:00,100277.2599795308
2026-03-31 19:44:00+00:00,100270.0344295484
2026-03-31 19:59:00+00:00,100258.69714004258
2026-03-31 20:14:00+00:00,100241.51511916339
2026-03-31 20:29:00+00:00,100241.35706943237
2026-03-31 20:44:00+00:00,100282.65579147977
2026-03-31 20:59:00+00:00,100282.46358189413
2026-03-31 21:14:00+00:00,100262.7400099733
2026-03-31 21:29:00+00:00,100277.3899895432
2026-03-31 21:44:00+00:00,100271.48324950048
2026-03-31 21:59:00+00:00,100248.36153931913
2026-03-31 22:14:00+00:00,100281.65690630062
2026-03-31 22:29:00+00:00,100273.74380728185
2026-03-31 22:44:00+00:00,100306.9913086113
2026-03-31 22:59:00+00:00,100298.91442034594
2026-03-31 23:14:00+00:00,100303.65118601789
2026-03-31 23:29:00+00:00,100319.57156802616
2026-03-31 23:44:00+00:00,100316.39775972378
2026-03-31 23:59:00+00:00,100321.69983377623
2026-04-01 00:14:00+00:00,100335.3636481102
2026-04-01 00:29:00+00:00,100342.86631691734
2026-04-01 00:44:00+00:00,100330.32562693916
2026-04-01 00:59:00+00:00,100308.1853251167
2026-04-01 01:14:00+00:00,100308.68102982895
2026-04-01 01:29:00+00:00,100307.58785390238
2026-04-01 01:44:00+00:00,100306.67134687671
2026-04-01 01:59:00+00:00,100317.85854057263
2026-04-01 02:14:00+00:00,100315.51155209828
2026-04-01 02:29:00+00:00,100322.73875633275
2026-04-01 02:44:00+00:00,100318.58588153798
2026-04-01 02:59:00+00:00,100351.05170663954
2026-04-01 03:14:00+00:00,100350.50036851091
2026-04-01 03:29:00+00:00,100350.50036851091
2026-04-01 03:44:00+00:00,100350.50036851091
2026-04-01 03:59:00+00:00,100359.49276139047
2026-04-01 04:14:00+00:00,100366.94296928201
2026-04-01 04:29:00+00:00,100352.54196755326
2026-04-01 04:44:00+00:00,100344.89293155787
2026-04-01 04:59:00+00:00,100334.75983247423
2026-04-01 05:14:00+00:00,100360.19368529196
2026-04-01 05:29:00+00:00,100332.72160571009
2026-04-01 05:44:00+00:00,100342.03533772705
2026-04-01 05:59:00+00:00,100343.57327404682
2026-04-01 06:14:00+00:00,100257.80154622831
2026-04-01 06:29:00+00:00,100293.50970103774
2026-04-01 06:44:00+00:00,100305.8810651474
2026-04-01 06:59:00+00:00,100308.16055869941
2026-04-01 07:14:00+00:00,100308.48065074967
2026-04-01 07:29:00+00:00,100312.81927393698
2026-04-01 07:44:00+00:00,100316.58313995006
2026-04-01 07:59:00+00:00,100336.5354984353
2026-04-01 08:14:00+00:00,100344.21761128108
2026-04-01 08:29:00+00:00,100357.917868002
2026-04-01 08:44:00+00:00,100379.4252846541
2026-04-01 08:59:00+00:00,100387.89876018
2026-04-01 09:14:00+00:00,100418.63736932162
2026-04-01 09:29:00+00:00,100422.07672992896
2026-04-01 09:44:00+00:00,100405.829296473
2026-04-01 09:59:00+00:00,100397.9296716347
2026-04-01 10:14:00+00:00,100424.61241787577
2026-04-01 10:29:00+00:00,100427.2607568259
2026-04-01 10:44:00+00:00,100429.26046397536
2026-04-01 10:59:00+00:00,100428.08225388944
2026-04-01 11:14:00+00:00,100426.9263589965
2026-04-01 11:29:00+00:00,100430.32867478956
2026-04-01 11:44:00+00:00,100432.1475688503
2026-04-01 11:59:00+00:00,100423.53529597192
2026-04-01 12:14:00+00:00,100414.12671610093
2026-04-01 12:29:00+00:00,100410.50957283513
2026-04-01 12:44:00+00:00,100407.3151487503
2026-04-01 12:59:00+00:00,100417.42295897519
2026-04-01 13:14:00+00:00,100443.62611230192
2026-04-01 13:29:00+00:00,100461.19133020638
2026-04-01 13:44:00+00:00,100459.11865709416
2026-04-01 13:59:00+00:00,100456.32472538363
2026-04-01 14:14:00+00:00,100450.1943331462
2026-04-01 14:29:00+00:00,100465.12899973584
2026-04-01 14:44:00+00:00,100463.68326004785
2026-04-01 14:59:00+00:00,100463.68326004785
2026-04-01 15:14:00+00:00,100463.68326004785
2026-04-01 15:29:00+00:00,100463.68326004785
2026-04-01 15:44:00+00:00,100459.73574474298
2026-04-01 15:59:00+00:00,100467.34345743895
2026-04-01 16:14:00+00:00,100467.64612396019
2026-04-01 16:29:00+00:00,100445.88792542562
2026-04-01 16:44:00+00:00,100446.66090721251
2026-04-01 16:59:00+00:00,100445.25337736896
2026-04-01 17:14:00+00:00,100444.42884123657
2026-04-01 17:29:00+00:00,100499.63407040542
2026-04-01 17:44:00+00:00,100515.18808769314
2026-04-01 17:59:00+00:00,100521.40149840515
2026-04-01 18:14:00+00:00,100538.67754361476
2026-04-01 18:29:00+00:00,100563.58934746752
2026-04-01 18:44:00+00:00,100560.04673524729
2026-04-01 18:59:00+00:00,100561.76757405135
2026-04-01 19:14:00+00:00,100547.56731052058
2026-04-01 19:29:00+00:00,100555.42133949563
2026-04-01 19:44:00+00:00,100552.35521093069
2026-04-01 19:59:00+00:00,100549.68484729945
2026-04-01 20:14:00+00:00,100563.82197504904
2026-04-01 20:29:00+00:00,100555.72441814207
2026-04-01 20:44:00+00:00,100549.61966470083
2026-04-01 20:59:00+00:00,100544.48434689584
2026-04-01 21:14:00+00:00,100534.01798742567
2026-04-01 21:29:00+00:00,100536.75797359961
2026-04-01 21:44:00+00:00,100493.83977630296
2026-04-01 21:59:00+00:00,100466.06154664066
2026-04-01 22:14:00+00:00,100450.25579604441
2026-04-01 22:29:00+00:00,100432.76984372741
2026-04-01 22:44:00+00:00,100435.92583505648
2026-04-01 22:59:00+00:00,100462.3147919519
2026-04-01 23:14:00+00:00,100470.35262377093
2026-04-01 23:29:00+00:00,100473.44737875031
2026-04-01 23:44:00+00:00,100465.49444000077
2026-04-01 23:59:00+00:00,100461.7949990534
2026-04-02 00:14:00+00:00,100461.61256287918
2026-04-02 00:29:00+00:00,100455.3646959746
2026-04-02 00:44:00+00:00,100462.44520049593
2026-04-02 00:59:00+00:00,100455.8722037337
2026-04-02 01:14:00+00:00,100455.73077586308
2026-04-02 01:29:00+00:00,100447.71111133364
2026-04-02 01:44:00+00:00,100438.50544942608
2026-04-02 01:59:00+00:00,100454.79552615424
2026-04-02 02:14:00+00:00,100458.14284612371
2026-04-02 02:29:00+00:00,100443.29070943814
2026-04-02 02:44:00+00:00,100428.08838777525
2026-04-02 02:59:00+00:00,100468.05248077202
2026-04-02 03:14:00+00:00,100455.62069555146
2026-04-02 03:29:00+00:00,100475.90484734763
2026-04-02 03:44:00+00:00,100433.56133423722
2026-04-02 03:59:00+00:00,100453.40210854972
2026-04-02 04:14:00+00:00,100425.15059322095
2026-04-02 04:29:00+00:00,100436.03439020486
2026-04-02 04:44:00+00:00,100404.31496762793
2026-04-02 04:59:00+00:00,100407.89549392318
2026-04-02 05:14:00+00:00,100404.63774890485
2026-04-02 05:29:00+00:00,100395.59156925709
2026-04-02 05:44:00+00:00,100403.56307712322
2026-04-02 05:59:00+00:00,100397.64223759482
2026-04-02 06:14:00+00:00,100400.4237458268
2026-04-02 06:29:00+00:00,100416.23558819432
2026-04-02 06:44:00+00:00,100429.231132262
2026-04-02 06:59:00+00:00,100433.97546242051
2026-04-02 07:14:00+00:00,100433.64063813906
2026-04-02 07:29:00+00:00,100423.32574654455
2026-04-02 07:44:00+00:00,100421.69258557941
2026-04-02 07:59:00+00:00,100410.2445033305
2026-04-02 08:14:00+00:00,100429.6802197069
2026-04-02 08:29:00+00:00,100411.39608266116
2026-04-02 08:44:00+00:00,100411.83126317614
2026-04-02 08:59:00+00:00,100411.83126317614
2026-04-02 09:14:00+00:00,100425.74383412086
2026-04-02 09:29:00+00:00,100429.36158948686
2026-04-02 09:44:00+00:00,100422.08505250228
2026-04-02 09:59:00+00:00,100415.9344588493
2026-04-02 10:14:00+00:00,100415.25604526485
2026-04-02 10:29:00+00:00,100414.5221511894
2026-04-02 10:44:00+00:00,100403.2658609472
2026-04-02 10:59:00+00:00,100393.62909037017
2026-04-02 11:14:00+00:00,100380.80633148168
2026-04-02 11:29:00+00:00,100396.93743850583
2026-04-02 11:44:00+00:00,100393.81948902147
2026-04-02 11:59:00+00:00,100402.06329767355
2026-04-02 12:14:00+00:00,100397.15905522539
2026-04-02 12:29:00+00:00,100388.07539388818
2026-04-02 12:44:00+00:00,100371.85263324529
2026-04-02 12:59:00+00:00,100359.75845832058
2026-04-02 13:14:00+00:00,100353.03806542545
2026-04-02 13:29:00+00:00,100344.8307146544
2026-04-02 13:44:00+00:00,100309.99513813916
2026-04-02 13:59:00+00:00,100363.4144621414
2026-04-02 14:14:00+00:00,100358.6955365346
2026-04-02 14:29:00+00:00,100349.55200100732
2026-04-02 14:44:00+00:00,100350.01418813743
2026-04-02 14:59:00+00:00,100366.68399846659
2026-04-02 15:14:00+00:00,100381.31101586133
2026-04-02 15:29:00+00:00,100379.72677179033
2026-04-02 15:44:00+00:00,100411.59840935499
2026-04-02 15:59:00+00:00,100425.0448488954
2026-04-02 16:14:00+00:00,100460.96449792635
2026-04-02 16:29:00+00:00,100442.73304023096
2026-04-02 16:44:00+00:00,100444.57804549432
2026-04-02 16:59:00+00:00,100458.29905398708
2026-04-02 17:14:00+00:00,100414.41110767543
2026-04-02 17:29:00+00:00,100398.19784501489
2026-04-02 17:44:00+00:00,100374.45297749614
2026-04-02 17:59:00+00:00,100368.06517670059
2026-04-02 18:14:00+00:00,100370.54350865785
2026-04-02 18:29:00+00:00,100363.41438575542
2026-04-02 18:44:00+00:00,100343.26741631153
2026-04-02 18:59:00+00:00,100351.02673571664
2026-04-02 19:14:00+00:00,100367.28350063426
2026-04-02 19:29:00+00:00,100367.370391808
2026-04-02 19:44:00+00:00,100349.73679805525
2026-04-02 19:59:00+00:00,100342.55760158182
2026-04-02 20:14:00+00:00,100332.43721612806
2026-04-02 20:29:00+00:00,100335.62297270932
2026-04-02 20:44:00+00:00,100340.9076644561
2026-04-02 20:59:00+00:00,100343.68990965608
2026-04-02 21:14:00+00:00,100342.89331575659
2026-04-02 21:29:00+00:00,100341.37168674708
2026-04-02 21:44:00+00:00,100325.42318545634
2026-04-02 21:59:00+00:00,100340.77757655366
2026-04-02 22:14:00+00:00,100328.65881327177
2026-04-02 22:29:00+00:00,100330.0339005293
2026-04-02 22:44:00+00:00,100350.20642819178
2026-04-02 22:59:00+00:00,100331.78432464776
2026-04-02 23:14:00+00:00,100326.83313355518
2026-04-02 23:29:00+00:00,100318.93450067203
2026-04-02 23:44:00+00:00,100324.15552237742
2026-04-02 23:59:00+00:00,100322.21795900662
2026-04-03 00:14:00+00:00,100323.73746844333
2026-04-03 00:29:00+00:00,100315.80648089136
2026-04-03 00:44:00+00:00,100319.29534453018
2026-04-03 00:59:00+00:00,100321.70960913057
2026-04-03 01:14:00+00:00,100316.66495693428
2026-04-03 01:29:00+00:00,100317.11973416062
2026-04-03 01:44:00+00:00,100327.67895732293
2026-04-03 01:59:00+00:00,100326.84140728947
2026-04-03 02:14:00+00:00,100326.84140728947
2026-04-03 02:29:00+00:00,100319.83477478886
2026-04-03 02:44:00+00:00,100317.53316032242
2026-04-03 02:59:00+00:00,100309.59073374301
2026-04-03 03:14:00+00:00,100317.55296259167
2026-04-03 03:29:00+00:00,100333.2289871397
2026-04-03 03:44:00+00:00,100311.38716839136
2026-04-03 03:59:00+00:00,100316.5144483399
2026-04-03 04:14:00+00:00,100308.03723775412
2026-04-03 04:29:00+00:00,100325.74725693889
2026-04-03 04:44:00+00:00,100316.42395355842
2026-04-03 04:59:00+00:00,100293.25746659971
2026-04-03 05:14:00+00:00,100291.30135164912
2026-04-03 05:29:00+00:00,100259.01468946847
2026-04-03 05:44:00+00:00,100280.50031708895
2026-04-03 05:59:00+00:00,100267.83780670658
2026-04-03 06:14:00+00:00,100265.1070782399
2026-04-03 06:29:00+00:00,100281.47689943812
2026-04-03 06:44:00+00:00,100278.6553954459
2026-04-03 06:59:00+00:00,100284.67785481313
2026-04-03 07:14:00+00:00,100248.26829112116
2026-04-03 07:29:00+00:00,100289.36592630073
2026-04-03 07:44:00+00:00,100282.42804495005
2026-04-03 07:59:00+00:00,100263.85871196611
2026-04-03 08:14:00+00:00,100254.247544938
2026-04-03 08:29:00+00:00,100214.7337846644
2026-04-03 08:44:00+00:00,100213.82711484759
2026-04-03 08:59:00+00:00,100245.95962837517
2026-04-03 09:14:00+00:00,100238.4343024549
2026-04-03 09:29:00+00:00,100191.9489579922
2026-04-03 09:44:00+00:00,100193.28552723477
2026-04-03 09:59:00+00:00,100201.63537886
2026-04-03 10:14:00+00:00,100188.56044112402
2026-04-03 10:29:00+00:00,100196.04546839169
2026-04-03 10:44:00+00:00,100170.38650061283
2026-04-03 10:59:00+00:00,100187.48247848845
2026-04-03 11:14:00+00:00,100176.92446145852
2026-04-03 11:29:00+00:00,100170.22296182971
2026-04-03 11:44:00+00:00,100177.88228838191
2026-04-03 11:59:00+00:00,100175.07912851273
2026-04-03 12:14:00+00:00,100179.08959469399
2026-04-03 12:29:00+00:00,100174.02466721885
2026-04-03 12:44:00+00:00,100172.37109642453
2026-04-03 12:59:00+00:00,100174.24612350886
2026-04-03 13:14:00+00:00,100169.3404620581
2026-04-03 13:29:00+00:00,100165.55876254206
2026-04-03 13:44:00+00:00,100161.04077895505
2026-04-03 13:59:00+00:00,100163.80746150282
2026-04-03 14:14:00+00:00,100167.04815357902
2026-04-03 14:29:00+00:00,100164.74968329266
2026-04-03 14:44:00+00:00,100164.74968329266
2026-04-03 14:59:00+00:00,100145.66453871965
2026-04-03 15:14:00+00:00,100119.20796942503
2026-04-03 15:29:00+00:00,100170.79489404733
2026-04-03 15:44:00+00:00,100188.18941436138
2026-04-03 15:59:00+00:00,100205.50544221589
2026-04-03 16:14:00+00:00,100215.74016264924
2026-04-03 16:29:00+00:00,100211.60979859447
2026-04-03 16:44:00+00:00,100211.60979859447
2026-04-03 16:59:00+00:00,100211.60979859447
2026-04-03 17:14:00+00:00,100189.0222951108
2026-04-03 17:29:00+00:00,100211.53150432285
2026-04-03 17:44:00+00:00,100233.11864254679
2026-04-03 17:59:00+00:00,100248.9411681855
2026-04-03 18:14:00+00:00,100240.92055597615
2026-04-03 18:29:00+00:00,100239.96851799707
2026-04-03 18:44:00+00:00,100245.21876578842
2026-04-03 18:59:00+00:00,100248.15547457081
2026-04-03 19:14:00+00:00,100250.30425388463
2026-04-03 19:29:00+00:00,100250.03271048359
2026-04-03 19:44:00+00:00,100249.96792703294
2026-04-03 19:59:00+00:00,100254.72585748423
2026-04-03 20:14:00+00:00,100255.83517911087
2026-04-03 20:29:00+00:00,100255.83517911087
2026-04-03 20:44:00+00:00,100255.83517911087
2026-04-03 20:59:00+00:00,100255.83517911087
2026-04-03 21:14:00+00:00,100272.87204579235
2026-04-03 21:29:00+00:00,100283.17649385212
2026-04-03 21:44:00+00:00,100296.83472790943
2026-04-03 21:59:00+00:00,100287.27977282615
2026-04-03 22:14:00+00:00,100287.27977282615
2026-04-03 22:29:00+00:00,100287.27977282615
2026-04-03 22:44:00+00:00,100287.27977282615
2026-04-03 22:59:00+00:00,100287.27977282615
2026-04-03 23:14:00+00:00,100287.27977282615
2026-04-03 23:29:00+00:00,100287.27977282615
2026-04-03 23:44:00+00:00,100287.27977282615
2026-04-03 23:59:00+00:00,100287.27977282615
2026-04-04 00:14:00+00:00,100287.27977282615
2026-04-04 00:29:00+00:00,100287.27977282615
2026-04-04 00:44:00+00:00,100287.27977282615
2026-04-04 00:59:00+00:00,100287.27977282615
2026-04-04 01:14:00+00:00,100287.27977282615
2026-04-04 01:29:00+00:00,100287.27977282615
2026-04-04 01:44:00+00:00,100287.27977282615
2026-04-04 01:59:00+00:00,100287.27977282615
2026-04-04 02:14:00+00:00,100287.27977282615
2026-04-04 02:29:00+00:00,100287.27977282615
2026-04-04 02:44:00+00:00,100287.27977282615
2026-04-04 02:59:00+00:00,100287.27977282615
2026-04-04 03:14:00+00:00,100287.27977282615
2026-04-04 03:29:00+00:00,100287.27977282615
2026-04-04 03:44:00+00:00,100287.27977282615
2026-04-04 03:59:00+00:00,100282.85193461273
2026-04-04 04:14:00+00:00,100275.08136241569
2026-04-04 04:29:00+00:00,100282.29335288027
2026-04-04 04:44:00+00:00,100272.90621984613
2026-04-04 04:59:00+00:00,100269.68418042995
2026-04-04 05:14:00+00:00,100287.71107687091
2026-04-04 05:29:00+00:00,100271.51137987037
2026-04-04 05:44:00+00:00,100277.46472164571
2026-04-04 05:59:00+00:00,100292.66088140271
2026-04-04 06:14:00+00:00,100295.11789928665
2026-04-04 06:29:00+00:00,100295.11789928665
2026-04-04 06:44:00+00:00,100295.11789928665
2026-04-04 06:59:00+00:00,100295.11789928665
2026-04-04 07:14:00+00:00,100295.11789928665
2026-04-04 07:29:00+00:00,100295.11789928665
2026-04-04 07:44:00+00:00,100295.11789928665
2026-04-04 07:59:00+00:00,100295.11789928665
2026-04-04 08:14:00+00:00,100295.11789928665
2026-04-04 08:29:00+00:00,100295.11789928665
2026-04-04 08:44:00+00:00,100295.11789928665
2026-04-04 08:59:00+00:00,100295.11789928665
2026-04-04 09:14:00+00:00,100295.11789928665
2026-04-04 09:29:00+00:00,100295.11789928665
2026-04-04 09:44:00+00:00,100295.11789928665
2026-04-04 09:59:00+00:00,100295.11789928665
2026-04-04 10:14:00+00:00,100295.11789928665
2026-04-04 10:29:00+00:00,100295.11789928665
2026-04-04 10:44:00+00:00,100295.11789928665
2026-04-04 10:59:00+00:00,100295.11789928665
2026-04-04 11:14:00+00:00,100295.11789928665
2026-04-04 11:29:00+00:00,100295.11789928665
2026-04-04 11:44:00+00:00,100295.11789928665
2026-04-04 11:59:00+00:00,100295.11789928665
2026-04-04 12:14:00+00:00,100295.11789928665
2026-04-04 12:29:00+00:00,100286.09001517927
2026-04-04 12:44:00+00:00,100293.75750106257
2026-04-04 12:59:00+00:00,100284.33511783395
2026-04-04 13:14:00+00:00,100271.89503037756
2026-04-04 13:29:00+00:00,100242.87558924165
2026-04-04 13:44:00+00:00,100267.89616494792
2026-04-04 13:59:00+00:00,100310.50404191193
2026-04-04 14:14:00+00:00,100326.35928233188
2026-04-04 14:29:00+00:00,100321.29162057315
2026-04-04 14:44:00+00:00,100321.29162057315
2026-04-04 14:59:00+00:00,100321.29162057315
2026-04-04 15:14:00+00:00,100321.29162057315
2026-04-04 15:29:00+00:00,100311.1823004326
2026-04-04 15:44:00+00:00,100289.77328726956
2026-04-04 15:59:00+00:00,100290.62561138341
2026-04-04 16:14:00+00:00,100272.85277030797
2026-04-04 16:29:00+00:00,100280.44750635391
2026-04-04 16:44:00+00:00,100276.35457141764
2026-04-04 16:59:00+00:00,100330.35219262044
2026-04-04 17:14:00+00:00,100352.0903247692
2026-04-04 17:29:00+00:00,100342.2422218429
2026-04-04 17:44:00+00:00,100333.34799983144
2026-04-04 17:59:00+00:00,100334.15686376377
2026-04-04 18:14:00+00:00,100322.60371543058
2026-04-04 18:29:00+00:00,100310.0927212908
2026-04-04 18:44:00+00:00,100340.27123198278
2026-04-04 18:59:00+00:00,100331.33268306004
2026-04-04 19:14:00+00:00,100304.99608324509
2026-04-04 19:29:00+00:00,100353.24490117226
2026-04-04 19:44:00+00:00,100357.15113053
2026-04-04 19:59:00+00:00,100353.80973988719
2026-04-04 20:14:00+00:00,100353.80973988719
2026-04-04 20:29:00+00:00,100353.80973988719
2026-04-04 20:44:00+00:00,100353.80973988719
2026-04-04 20:59:00+00:00,100353.80973988719
2026-04-04 21:14:00+00:00,100353.80973988719
2026-04-04 21:29:00+00:00,100353.80973988719
2026-04-04 21:44:00+00:00,100353.80973988719
2026-04-04 21:59:00+00:00,100353.80973988719
2026-04-04 22:14:00+00:00,100353.80973988719
2026-04-04 22:29:00+00:00,100351.12955476136
2026-04-04 22:44:00+00:00,100352.88898487446
2026-04-04 22:59:00+00:00,100363.1472107193
2026-04-04 23:14:00+00:00,100360.2063530248
2026-04-04 23:29:00+00:00,100361.20923147789
2026-04-04 23:44:00+00:00,100374.3004813451
2026-04-04 23:59:00+00:00,100363.13075003187
2026-04-05 00:14:00+00:00,100370.66241363084
2026-04-05 00:29:00+00:00,100379.4261683056
2026-04-05 00:44:00+00:00,100367.15114504672
2026-04-05 00:59:00+00:00,100367.15114504672
2026-04-05 01:14:00+00:00,100367.15114504672
2026-04-05 01:29:00+00:00,100367.15114504672
2026-04-05 01:44:00+00:00,100367.15114504672
2026-04-05 01:59:00+00:00,100367.15114504672
2026-04-05 02:14:00+00:00,100367.15114504672
2026-04-05 02:29:00+00:00,100367.15114504672
2026-04-05 02:44:00+00:00,100367.15114504672
2026-04-05 02:59:00+00:00,100367.15114504672
2026-04-05 03:14:00+00:00,100367.15114504672
2026-04-05 03:29:00+00:00,100367.15114504672
2026-04-05 03:44:00+00:00,100367.15114504672
2026-04-05 03:59:00+00:00,100367.15114504672
2026-04-05 04:14:00+00:00,100367.15114504672
2026-04-05 04:29:00+00:00,100367.15114504672
2026-04-05 04:44:00+00:00,100367.15114504672
2026-04-05 04:59:00+00:00,100367.15114504672
2026-04-05 05:14:00+00:00,100367.15114504672
2026-04-05 05:29:00+00:00,100367.15114504672
2026-04-05 05:44:00+00:00,100367.15114504672
2026-04-05 05:59:00+00:00,100367.15114504672
2026-04-05 06:14:00+00:00,100367.15114504672
2026-04-05 06:29:00+00:00,100366.65748607958
2026-04-05 06:44:00+00:00,100369.13787210644
2026-04-05 06:59:00+00:00,100367.6923810765
2026-04-05 07:14:00+00:00,100363.92561820161
2026-04-05 07:29:00+00:00,100363.32559171159
2026-04-05 07:44:00+00:00,100356.17846246749
2026-04-05 07:59:00+00:00,100355.1629834833
2026-04-05 08:14:00+00:00,100354.4117091522
2026-04-05 08:29:00+00:00,100352.60942046584
2026-04-05 08:44:00+00:00,100353.14980056282
2026-04-05 08:59:00+00:00,100357.09747209631
2026-04-05 09:14:00+00:00,100354.44889766774
2026-04-05 09:29:00+00:00,100354.18035848084
2026-04-05 09:44:00+00:00,100350.99707714519
2026-04-05 09:59:00+00:00,100353.10814525801
2026-04-05 10:14:00+00:00,100349.14548672986
2026-04-05 10:29:00+00:00,100350.71847514212
2026-04-05 10:44:00+00:00,100341.03780301216
2026-04-05 10:59:00+00:00,100334.87424503818
2026-04-05 11:14:00+00:00,100336.0619328698
2026-04-05 11:29:00+00:00,100339.13626324314
2026-04-05 11:44:00+00:00,100331.35644257038
2026-04-05 11:59:00+00:00,100331.9352824937
2026-04-05 12:14:00+00:00,100333.29149167429
2026-04-05 12:29:00+00:00,100330.78607255105
2026-04-05 12:44:00+00:00,100320.44937301984
2026-04-05 12:59:00+00:00,100319.48642076137
2026-04-05 13:14:00+00:00,100312.81148090583
2026-04-05 13:29:00+00:00,100329.45702425015
2026-04-05 13:44:00+00:00,100321.94207060282
2026-04-05 13:59:00+00:00,100303.749636841
2026-04-05 14:14:00+00:00,100289.90867029238
2026-04-05 14:29:00+00:00,100280.16483602572
2026-04-05 14:44:00+00:00,100290.9331870269
2026-04-05 14:59:00+00:00,100297.10797155893
2026-04-05 15:14:00+00:00,100283.94652765198
2026-04-05 15:29:00+00:00,100275.60131769527
2026-04-05 15:44:00+00:00,100281.14577779279
2026-04-05 15:59:00+00:00,100283.0355920554
2026-04-05 16:14:00+00:00,100303.35655990051
2026-04-05 16:29:00+00:00,100328.68717395634
2026-04-05 16:44:00+00:00,100342.45203549768
2026-04-05 16:59:00+00:00,100342.9928048075
2026-04-05 17:14:00+00:00,100347.59779695515
2026-04-05 17:29:00+00:00,100344.04515402879
2026-04-05 17:44:00+00:00,100344.04515402879
2026-04-05 17:59:00+00:00,100344.04515402879
2026-04-05 18:14:00+00:00,100344.04515402879
2026-04-05 18:29:00+00:00,100344.04515402879
2026-04-05 18:44:00+00:00,100341.02909794806
2026-04-05 18:59:00+00:00,100340.23810237055
2026-04-05 19:14:00+00:00,100338.78481285168
2026-04-05 19:29:00+00:00,100337.0855211221
2026-04-05 19:44:00+00:00,100330.78276333165
2026-04-05 19:59:00+00:00,100345.79009832296
2026-04-05 20:14:00+00:00,100338.7636480053
2026-04-05 20:29:00+00:00,100334.4043156116
2026-04-05 20:44:00+00:00,100332.95256437986
2026-04-05 20:59:00+00:00,100326.34410687482
2026-04-05 21:14:00+00:00,100325.5907364192
2026-04-05 21:29:00+00:00,100318.3169860271
2026-04-05 21:44:00+00:00,100326.54523008691
2026-04-05 21:59:00+00:00,100333.50739464913
2026-04-05 22:14:00+00:00,100340.76250343023
2026-04-05 22:29:00+00:00,100341.74626943673
2026-04-05 22:44:00+00:00,100340.61430876164
2026-04-05 22:59:00+00:00,100340.61430876164
2026-04-05 23:14:00+00:00,100342.42880633601
2026-04-05 23:29:00+00:00,100348.50792106659
2026-04-05 23:44:00+00:00,100316.73437344369
2026-04-05 23:59:00+00:00,100340.97809352762
2026-04-06 00:14:00+00:00,100323.65414057847
2026-04-06 00:29:00+00:00,100306.07815545454
2026-04-06 00:44:00+00:00,100262.52680084955
2026-04-06 00:59:00+00:00,100208.82404065898
2026-04-06 01:14:00+00:00,100181.29552488914
2026-04-06 01:29:00+00:00,100179.1847354988
2026-04-06 01:44:00+00:00,100220.02448868428
2026-04-06 01:59:00+00:00,100214.41783356771
2026-04-06 02:14:00+00:00,100122.11837035924
2026-04-06 02:29:00+00:00,100087.30670249705
2026-04-06 02:44:00+00:00,100083.0765726652
2026-04-06 02:59:00+00:00,100080.16591546187
2026-04-06 03:14:00+00:00,100096.88477765745
2026-04-06 03:29:00+00:00,100119.16890434931
2026-04-06 03:44:00+00:00,100141.00423338606
2026-04-06 03:59:00+00:00,100160.0899707587
2026-04-06 04:14:00+00:00,100160.41923253468
2026-04-06 04:29:00+00:00,100159.91071526753
2026-04-06 04:44:00+00:00,100130.44043502226
2026-04-06 04:59:00+00:00,100144.59168715244
2026-04-06 05:14:00+00:00,100149.54879107061
2026-04-06 05:29:00+00:00,100146.42684260434
2026-04-06 05:44:00+00:00,100148.77105627983
2026-04-06 05:59:00+00:00,100164.39340241418
2026-04-06 06:14:00+00:00,100164.27867605754
2026-04-06 06:29:00+00:00,100181.06468560387
2026-04-06 06:44:00+00:00,100173.74832574981
2026-04-06 06:59:00+00:00,100165.55949893527
2026-04-06 07:14:00+00:00,100163.32045431109
2026-04-06 07:29:00+00:00,100166.89457435331
2026-04-06 07:44:00+00:00,100146.74748396095
2026-04-06 07:59:00+00:00,100150.7841587838
2026-04-06 08:14:00+00:00,100151.01459185666
2026-04-06 08:29:00+00:00,100150.6850349196
2026-04-06 08:44:00+00:00,100163.57406114523
2026-04-06 08:59:00+00:00,100164.07339723296
2026-04-06 09:14:00+00:00,100186.8605303452
2026-04-06 09:29:00+00:00,100151.95998184303
2026-04-06 09:44:00+00:00,100169.03427282556
2026-04-06 09:59:00+00:00,100141.27889393586
2026-04-06 10:14:00+00:00,100099.44187189608
2026-04-06 10:29:00+00:00,100046.46166055308
2026-04-06 10:44:00+00:00,100083.2065579544
2026-04-06 10:59:00+00:00,100086.68409380606
2026-04-06 11:14:00+00:00,100048.47343853433
2026-04-06 11:29:00+00:00,100045.29751483414
2026-04-06 11:44:00+00:00,100016.79789030126
2026-04-06 11:59:00+00:00,100004.6358591521
2026-04-06 12:14:00+00:00,99948.20654925218
2026-04-06 12:29:00+00:00,99937.02923519244
2026-04-06 12:44:00+00:00,99994.19949474816
2026-04-06 12:59:00+00:00,99956.18021102561
2026-04-06 13:14:00+00:00,99993.74332417475
2026-04-06 13:29:00+00:00,99999.18017643022
2026-04-06 13:44:00+00:00,100005.93557010604
2026-04-06 13:59:00+00:00,100016.15652555815
2026-04-06 14:14:00+00:00,100059.36520426524
2026-04-06 14:29:00+00:00,100083.77356728243
2026-04-06 14:44:00+00:00,100065.07648292166
2026-04-06 14:59:00+00:00,100039.82450585777
2026-04-06 15:14:00+00:00,100034.5987065102
2026-04-06 15:29:00+00:00,100024.95946035461
2026-04-06 15:44:00+00:00,100026.0280561334
2026-04-06 15:59:00+00:00,100022.98700625234
2026-04-06 16:14:00+00:00,100047.53773928154
2026-04-06 16:29:00+00:00,100058.43568248596
2026-04-06 16:44:00+00:00,100055.955579183
2026-04-06 16:59:00+00:00,100038.51993299146
2026-04-06 17:14:00+00:00,100040.89587538276
2026-04-06 17:29:00+00:00,100048.79545858777
2026-04-06 17:44:00+00:00,100054.62074482616
2026-04-06 17:59:00+00:00,100051.77237314012
2026-04-06 18:14:00+00:00,100057.68655517529
2026-04-06 18:29:00+00:00,100052.89821582162
2026-04-06 18:44:00+00:00,100039.46813019688
2026-04-06 18:59:00+00:00,100040.15171030886
2026-04-06 19:14:00+00:00,100035.74125227492
2026-04-06 19:29:00+00:00,100042.06142967638
2026-04-06 19:44:00+00:00,100033.45331531334
2026-04-06 19:59:00+00:00,100022.43250386664
2026-04-06 20:14:00+00:00,100011.80600091189
2026-04-06 20:29:00+00:00,100006.022012388
2026-04-06 20:44:00+00:00,100007.60186832439
2026-04-06 20:59:00+00:00,100007.63673640396
2026-04-06 21:14:00+00:00,100000.6614744541
2026-04-06 21:29:00+00:00,100008.89153581692
2026-04-06 21:44:00+00:00,100008.11751425898
2026-04-06 21:59:00+00:00,100014.86325643661
2026-04-06 22:14:00+00:00,100036.50435732714
2026-04-06 22:29:00+00:00,100037.27449765186
2026-04-06 22:44:00+00:00,100042.92418714608
2026-04-06 22:59:00+00:00,100033.04872923758
2026-04-06 23:14:00+00:00,100015.1866891056
2026-04-06 23:29:00+00:00,99987.5638556547
2026-04-06 23:44:00+00:00,99998.16832689944
2026-04-06 23:59:00+00:00,100011.26983052933
2026-04-07 00:14:00+00:00,100003.74858658183
2026-04-07 00:29:00+00:00,99976.39218088675
2026-04-07 00:44:00+00:00,99958.96444431861
2026-04-07 00:59:00+00:00,99965.16262964935
2026-04-07 01:14:00+00:00,99925.68310763303
2026-04-07 01:29:00+00:00,99930.58805000526
2026-04-07 01:44:00+00:00,99902.87160027299
2026-04-07 01:59:00+00:00,99881.3270146599
2026-04-07 02:14:00+00:00,99862.04331842039
2026-04-07 02:29:00+00:00,99859.90334374493
2026-04-07 02:44:00+00:00,99854.97581152702
2026-04-07 02:59:00+00:00,99846.42118643627
2026-04-07 03:14:00+00:00,99838.2160367661
2026-04-07 03:29:00+00:00,99857.993277729
2026-04-07 03:44:00+00:00,99856.89243808264
2026-04-07 03:59:00+00:00,99856.89243808264
2026-04-07 04:14:00+00:00,99856.89243808264
2026-04-07 04:29:00+00:00,99856.89243808264
2026-04-07 04:44:00+00:00,99856.89243808264
2026-04-07 04:59:00+00:00,99856.89243808264
2026-04-07 05:14:00+00:00,99856.89243808264
2026-04-07 05:29:00+00:00,99856.89243808264
2026-04-07 05:44:00+00:00,99856.89243808264
2026-04-07 05:59:00+00:00,99856.89243808264
2026-04-07 06:14:00+00:00,99856.89243808264
2026-04-07 06:29:00+00:00,99856.89243808264
2026-04-07 06:44:00+00:00,99856.89243808264
2026-04-07 06:59:00+00:00,99856.89243808264
2026-04-07 07:14:00+00:00,99856.89243808264
2026-04-07 07:29:00+00:00,99846.84556604952
2026-04-07 07:44:00+00:00,99844.80887206366
2026-04-07 07:59:00+00:00,99839.45404940714
2026-04-07 08:14:00+00:00,99847.66483636583
2026-04-07 08:29:00+00:00,99849.67944014378
2026-04-07 08:44:00+00:00,99838.53739014862
2026-04-07 08:59:00+00:00,99830.53482429909
2026-04-07 09:14:00+00:00,99847.97990858382
2026-04-07 09:29:00+00:00,99838.67709332496
2026-04-07 09:44:00+00:00,99839.04174984498
2026-04-07 09:59:00+00:00,99834.57681016008
2026-04-07 10:14:00+00:00,99792.78658813568
2026-04-07 10:29:00+00:00,99772.8047461914
2026-04-07 10:44:00+00:00,99760.33920064008
2026-04-07 10:59:00+00:00,99706.76957397477
2026-04-07 11:14:00+00:00,99665.04890931236
2026-04-07 11:29:00+00:00,99616.96469769493
2026-04-07 11:44:00+00:00,99624.2200713298
2026-04-07 11:59:00+00:00,99593.03640730247
2026-04-07 12:14:00+00:00,99666.58747830219
2026-04-07 12:29:00+00:00,99672.7753968627
2026-04-07 12:44:00+00:00,99683.67314932373
2026-04-07 12:59:00+00:00,99691.29782966439
2026-04-07 13:14:00+00:00,99696.2258900959
2026-04-07 13:29:00+00:00,99698.21739177308
2026-04-07 13:44:00+00:00,99704.1783966627
2026-04-07 13:59:00+00:00,99689.0397928099
2026-04-07 14:14:00+00:00,99687.44008517804
2026-04-07 14:29:00+00:00,99703.72245013538
2026-04-07 14:44:00+00:00,99716.61076888688
2026-04-07 14:59:00+00:00,99724.87340611672
2026-04-07 15:14:00+00:00,99727.1429753802
2026-04-07 15:29:00+00:00,99737.58872150347
2026-04-07 15:44:00+00:00,99733.58794659845
2026-04-07 15:59:00+00:00,99733.11358797138
2026-04-07 16:14:00+00:00,99753.46752635119
2026-04-07 16:29:00+00:00,99736.39969235899
2026-04-07 16:44:00+00:00,99722.93535316965
2026-04-07 16:59:00+00:00,99760.44422934699
2026-04-07 17:14:00+00:00,99766.00250256431
2026-04-07 17:29:00+00:00,99767.66278847073
2026-04-07 17:44:00+00:00,99773.19479072565
2026-04-07 17:59:00+00:00,99778.14851285738
2026-04-07 18:14:00+00:00,99778.39364016306
2026-04-07 18:29:00+00:00,99786.41141931758
2026-04-07 18:44:00+00:00,99802.84585982797
2026-04-07 18:59:00+00:00,99794.33814571894
2026-04-07 19:14:00+00:00,99768.66635648477
2026-04-07 19:29:00+00:00,99766.36981163858
2026-04-07 19:44:00+00:00,99746.05325312186
2026-04-07 19:59:00+00:00,99714.48455504542
2026-04-07 20:14:00+00:00,99707.97706710821
2026-04-07 20:29:00+00:00,99704.79053072078
2026-04-07 20:44:00+00:00,99697.32216288908
2026-04-07 20:59:00+00:00,99708.14430662603
2026-04-07 21:14:00+00:00,99699.061100916
2026-04-07 21:29:00+00:00,99710.87739382296
2026-04-07 21:44:00+00:00,99697.2279647942
2026-04-07 21:59:00+00:00,99677.57080833123
2026-04-07 22:14:00+00:00,99661.419950877
2026-04-07 22:29:00+00:00,99633.68840826172
2026-04-07 22:44:00+00:00,99604.93057843274
2026-04-07 22:59:00+00:00,99567.14501219698
2026-04-07 23:14:00+00:00,99617.54175596767
2026-04-07 23:29:00+00:00,99596.31199536071
2026-04-07 23:44:00+00:00,99550.59395741294
2026-04-07 23:59:00+00:00,99599.37708967894
2026-04-08 00:14:00+00:00,99565.67698455362
2026-04-08 00:29:00+00:00,99590.54272434386
2026-04-08 00:44:00+00:00,99582.2497512138
2026-04-08 00:59:00+00:00,99608.25639017638
2026-04-08 01:14:00+00:00,99582.72275562493
2026-04-08 01:29:00+00:00,99531.83987486282
2026-04-08 01:44:00+00:00,99544.41222912038
2026-04-08 01:59:00+00:00,99470.97660631457
2026-04-08 02:14:00+00:00,99471.52787144374
2026-04-08 02:29:00+00:00,99476.63411609929
2026-04-08 02:44:00+00:00,99477.16053053662
2026-04-08 02:59:00+00:00,99517.0179637515
2026-04-08 03:14:00+00:00,99511.6052480468
2026-04-08 03:29:00+00:00,99518.76922219241
2026-04-08 03:44:00+00:00,99514.36247064629
2026-04-08 03:59:00+00:00,99531.31076373138
2026-04-08 04:14:00+00:00,99573.94825060973
2026-04-08 04:29:00+00:00,99561.15239879454
2026-04-08 04:44:00+00:00,99566.28467532455
2026-04-08 04:59:00+00:00,99561.71664525375
2026-04-08 05:14:00+00:00,99561.71664525375
2026-04-08 05:29:00+00:00,99561.71664525375
2026-04-08 05:44:00+00:00,99534.47885831312
2026-04-08 05:59:00+00:00,99584.51019260178
2026-04-08 06:14:00+00:00,99563.56489041037
2026-04-08 06:29:00+00:00,99458.59915219467
2026-04-08 06:44:00+00:00,99467.2959834538
2026-04-08 06:59:00+00:00,99468.58623936282
2026-04-08 07:14:00+00:00,99464.10721842003
2026-04-08 07:29:00+00:00,99472.40265694764
2026-04-08 07:44:00+00:00,99467.82029824978
2026-04-08 07:59:00+00:00,99430.29937346648
2026-04-08 08:14:00+00:00,99437.40499231446
2026-04-08 08:29:00+00:00,99387.1777230173
2026-04-08 08:44:00+00:00,99378.56254970295
2026-04-08 08:59:00+00:00,99342.08472346351
2026-04-08 09:14:00+00:00,99313.57662910123
2026-04-08 09:29:00+00:00,99265.00694131019
2026-04-08 09:44:00+00:00,99272.46079266904
2026-04-08 09:59:00+00:00,99266.10181563461
2026-04-08 10:14:00+00:00,99255.40781743903
2026-04-08 10:29:00+00:00,99332.31293192535
2026-04-08 10:44:00+00:00,99341.47754299403
2026-04-08 10:59:00+00:00,99348.24860645318
2026-04-08 11:14:00+00:00,99380.1473625926
2026-04-08 11:29:00+00:00,99346.2001408072
2026-04-08 11:44:00+00:00,99350.03808468604
2026-04-08 11:59:00+00:00,99349.35689255092
2026-04-08 12:14:00+00:00,99332.4418218187
2026-04-08 12:29:00+00:00,99323.25531032482
2026-04-08 12:44:00+00:00,99315.53058071641
2026-04-08 12:59:00+00:00,99314.1082473546
2026-04-08 13:14:00+00:00,99313.02986708265
2026-04-08 13:29:00+00:00,99321.67050380117
2026-04-08 13:44:00+00:00,99356.51284881492
2026-04-08 13:59:00+00:00,99358.24687855176
2026-04-08 14:14:00+00:00,99344.3643657681
2026-04-08 14:29:00+00:00,99351.43185797636
2026-04-08 14:44:00+00:00,99349.01860315469
2026-04-08 14:59:00+00:00,99333.98874459481
2026-04-08 15:14:00+00:00,99350.29916124624
2026-04-08 15:29:00+00:00,99349.99101776686
2026-04-08 15:44:00+00:00,99364.8429904547
2026-04-08 15:59:00+00:00,99368.46127590183
2026-04-08 16:14:00+00:00,99372.44009856282
2026-04-08 16:29:00+00:00,99389.09412675991
2026-04-08 16:44:00+00:00,99396.18440674234
2026-04-08 16:59:00+00:00,99395.76537267349
2026-04-08 17:14:00+00:00,99410.70328897182
2026-04-08 17:29:00+00:00,99406.0798029419
2026-04-08 17:44:00+00:00,99406.0798029419
2026-04-08 17:59:00+00:00,99406.0798029419
2026-04-08 18:14:00+00:00,99406.0798029419
2026-04-08 18:29:00+00:00,99406.0798029419
2026-04-08 18:44:00+00:00,99406.0798029419
2026-04-08 18:59:00+00:00,99406.0798029419
2026-04-08 19:14:00+00:00,99406.0798029419
2026-04-08 19:29:00+00:00,99406.0798029419
2026-04-08 19:44:00+00:00,99406.0798029419
2026-04-08 19:59:00+00:00,99406.0798029419
2026-04-08 20:14:00+00:00,99406.0798029419
2026-04-08 20:29:00+00:00,99406.0798029419
2026-04-08 20:44:00+00:00,99406.0798029419
2026-04-08 20:59:00+00:00,99406.0798029419
2026-04-08 21:14:00+00:00,99406.0798029419
2026-04-08 21:29:00+00:00,99406.0798029419
2026-04-08 21:44:00+00:00,99406.0798029419
2026-04-08 21:59:00+00:00,99406.0798029419
2026-04-08 22:14:00+00:00,99406.0798029419
2026-04-08 22:29:00+00:00,99406.0798029419
2026-04-08 22:44:00+00:00,99406.0798029419
2026-04-08 22:59:00+00:00,99406.0798029419
2026-04-08 23:14:00+00:00,99406.0798029419
2026-04-08 23:29:00+00:00,99406.0798029419
2026-04-08 23:44:00+00:00,99406.0798029419
2026-04-08 23:59:00+00:00,99401.75289811369
2026-04-09 00:14:00+00:00,99400.02613828413
2026-04-09 00:29:00+00:00,99382.7558664653
2026-04-09 00:44:00+00:00,99374.42548470605
2026-04-09 00:59:00+00:00,99372.87834436796
2026-04-09 01:14:00+00:00,99370.8284257862
2026-04-09 01:29:00+00:00,99357.53206364223
2026-04-09 01:44:00+00:00,99365.64263054133
2026-04-09 01:59:00+00:00,99370.00663269787
2026-04-09 02:14:00+00:00,99363.77995794074
2026-04-09 02:29:00+00:00,99373.23746657016
2026-04-09 02:44:00+00:00,99367.34113440219
2026-04-09 02:59:00+00:00,99374.47682517656
2026-04-09 03:14:00+00:00,99376.29115425989
2026-04-09 03:29:00+00:00,99374.2865761059
2026-04-09 03:44:00+00:00,99374.2865761059
2026-04-09 03:59:00+00:00,99341.55002418609
2026-04-09 04:14:00+00:00,99354.58744250085
2026-04-09 04:29:00+00:00,99356.51254639793
2026-04-09 04:44:00+00:00,99343.40093487751
2026-04-09 04:59:00+00:00,99355.00504303758
2026-04-09 05:14:00+00:00,99351.40039524858
2026-04-09 05:29:00+00:00,99360.25630500485
2026-04-09 05:44:00+00:00,99373.40271119057
2026-04-09 05:59:00+00:00,99372.59122399546
2026-04-09 06:14:00+00:00,99372.59122399546
2026-04-09 06:29:00+00:00,99372.59122399546
2026-04-09 06:44:00+00:00,99372.59122399546
2026-04-09 06:59:00+00:00,99372.59122399546
2026-04-09 07:14:00+00:00,99372.59122399546
2026-04-09 07:29:00+00:00,99372.59122399546
2026-04-09 07:44:00+00:00,99372.59122399546
2026-04-09 07:59:00+00:00,99372.59122399546
2026-04-09 08:14:00+00:00,99372.59122399546
2026-04-09 08:29:00+00:00,99372.59122399546
2026-04-09 08:44:00+00:00,99372.59122399546
2026-04-09 08:59:00+00:00,99390.90553973113
2026-04-09 09:14:00+00:00,99397.96515193557
2026-04-09 09:29:00+00:00,99393.12829851176
2026-04-09 09:44:00+00:00,99399.16187973927
2026-04-09 09:59:00+00:00,99396.14328619346
2026-04-09 10:14:00+00:00,99396.14328619346
2026-04-09 10:29:00+00:00,99396.14328619346
2026-04-09 10:44:00+00:00,99396.14328619346
2026-04-09 10:59:00+00:00,99396.14328619346
2026-04-09 11:14:00+00:00,99396.14328619346
2026-04-09 11:29:00+00:00,99396.14328619346
2026-04-09 11:44:00+00:00,99396.14328619346
2026-04-09 11:59:00+00:00,99396.14328619346
2026-04-09 12:14:00+00:00,99396.14328619346
2026-04-09 12:29:00+00:00,99396.14328619346
2026-04-09 12:44:00+00:00,99396.14328619346
2026-04-09 12:59:00+00:00,99396.14328619346
2026-04-09 13:14:00+00:00,99396.14328619346
2026-04-09 13:29:00+00:00,99396.14328619346
2026-04-09 13:44:00+00:00,99396.14328619346
2026-04-09 13:59:00+00:00,99396.14328619346
2026-04-09 14:14:00+00:00,99404.26761584102
2026-04-09 14:29:00+00:00,99404.96301061813
2026-04-09 14:44:00+00:00,99392.11928347788
2026-04-09 14:59:00+00:00,99381.0605398158
2026-04-09 15:14:00+00:00,99361.38219908591
2026-04-09 15:29:00+00:00,99362.35022692701
2026-04-09 15:44:00+00:00,99365.7857141623
2026-04-09 15:59:00+00:00,99370.31338332786
2026-04-09 16:14:00+00:00,99366.43766991235
2026-04-09 16:29:00+00:00,99375.03774008129
2026-04-09 16:44:00+00:00,99402.2219944696
2026-04-09 16:59:00+00:00,99415.00978136196
2026-04-09 17:14:00+00:00,99410.17679465086
2026-04-09 17:29:00+00:00,99420.16182975388
2026-04-09 17:44:00+00:00,99401.70571052909
2026-04-09 17:59:00+00:00,99408.73462656054
2026-04-09 18:14:00+00:00,99434.67698322322
2026-04-09 18:29:00+00:00,99441.43462697155
2026-04-09 18:44:00+00:00,99464.7901410502
2026-04-09 18:59:00+00:00,99473.45332535014
2026-04-09 19:14:00+00:00,99471.88603720072
2026-04-09 19:29:00+00:00,99468.6147147345
2026-04-09 19:44:00+00:00,99460.56843734214
2026-04-09 19:59:00+00:00,99426.81663426102
2026-04-09 20:14:00+00:00,99444.9288198776
2026-04-09 20:29:00+00:00,99429.9021308368
2026-04-09 20:44:00+00:00,99445.98164710506
2026-04-09 20:59:00+00:00,99455.03081792124
2026-04-09 21:14:00+00:00,99445.91409924098
2026-04-09 21:29:00+00:00,99428.45060487711
2026-04-09 21:44:00+00:00,99427.24216054114
2026-04-09 21:59:00+00:00,99390.78059847523
2026-04-09 22:14:00+00:00,99384.02828525382
2026-04-09 22:29:00+00:00,99344.40314292863
2026-04-09 22:44:00+00:00,99321.36044337123
2026-04-09 22:59:00+00:00,99366.62312168167
2026-04-09 23:14:00+00:00,99357.240040916
2026-04-09 23:29:00+00:00,99408.31579948544
2026-04-09 23:44:00+00:00,99437.9785923778
2026-04-09 23:59:00+00:00,99447.79150225704
2026-04-10 00:14:00+00:00,99452.21333939931
2026-04-10 00:29:00+00:00,99441.40228276805
2026-04-10 00:44:00+00:00,99442.01089319953
2026-04-10 00:59:00+00:00,99440.91875505027
2026-04-10 01:14:00+00:00,99438.66508835473
2026-04-10 01:29:00+00:00,99438.0942424838
2026-04-10 01:44:00+00:00,99439.08852318481
2026-04-10 01:59:00+00:00,99442.39174545977
2026-04-10 02:14:00+00:00,99451.34042072998
2026-04-10 02:29:00+00:00,99455.10902489549
2026-04-10 02:44:00+00:00,99455.00559648215
2026-04-10 02:59:00+00:00,99463.896809935
2026-04-10 03:14:00+00:00,99463.21522017806
2026-04-10 03:29:00+00:00,99455.35268356062
2026-04-10 03:44:00+00:00,99458.13502436466
2026-04-10 03:59:00+00:00,99454.42973833397
2026-04-10 04:14:00+00:00,99460.89885373267
2026-04-10 04:29:00+00:00,99459.71756269045
2026-04-10 04:44:00+00:00,99459.71756269045
2026-04-10 04:59:00+00:00,99447.93784998984
2026-04-10 05:14:00+00:00,99448.11003132383
2026-04-10 05:29:00+00:00,99456.6118358384
2026-04-10 05:44:00+00:00,99468.22882004322
2026-04-10 05:59:00+00:00,99463.6155803251
2026-04-10 06:14:00+00:00,99479.61438619181
2026-04-10 06:29:00+00:00,99501.28471978207
2026-04-10 06:44:00+00:00,99529.2703112089
2026-04-10 06:59:00+00:00,99527.01480620127
2026-04-10 07:14:00+00:00,99527.01480620127
2026-04-10 07:29:00+00:00,99527.01480620127
2026-04-10 07:44:00+00:00,99527.01480620127
2026-04-10 07:59:00+00:00,99527.01480620127
2026-04-10 08:14:00+00:00,99527.01480620127
2026-04-10 08:29:00+00:00,99527.01480620127
2026-04-10 08:44:00+00:00,99527.01480620127
2026-04-10 08:59:00+00:00,99527.01480620127
2026-04-10 09:14:00+00:00,99527.01480620127
2026-04-10 09:29:00+00:00,99527.01480620127
2026-04-10 09:44:00+00:00,99527.01480620127
2026-04-10 09:59:00+00:00,99550.5373159951
2026-04-10 10:14:00+00:00,99556.16361644409
2026-04-10 10:29:00+00:00,99542.7015216348
2026-04-10 10:44:00+00:00,99553.91156163566
2026-04-10 10:59:00+00:00,99564.92852462166
2026-04-10 11:14:00+00:00,99585.37465901143
2026-04-10 11:29:00+00:00,99572.56015495934
2026-04-10 11:44:00+00:00,99563.22822863454
2026-04-10 11:59:00+00:00,99554.87642952127
2026-04-10 12:14:00+00:00,99555.84415937154
2026-04-10 12:29:00+00:00,99561.09409784077
2026-04-10 12:44:00+00:00,99559.39126682244
2026-04-10 12:59:00+00:00,99559.98799887887
2026-04-10 13:14:00+00:00,99570.24177160893
2026-04-10 13:29:00+00:00,99556.08525518115
2026-04-10 13:44:00+00:00,99560.41835564394
2026-04-10 13:59:00+00:00,99556.7695766223
2026-04-10 14:14:00+00:00,99543.11241030239
2026-04-10 14:29:00+00:00,99554.3620311793
2026-04-10 14:44:00+00:00,99567.4011361949
2026-04-10 14:59:00+00:00,99576.01845035946
2026-04-10 15:14:00+00:00,99579.34906745945
2026-04-10 15:29:00+00:00,99579.34906745945
2026-04-10 15:44:00+00:00,99579.34906745945
2026-04-10 15:59:00+00:00,99579.34906745945
2026-04-10 16:14:00+00:00,99595.91768315954
2026-04-10 16:29:00+00:00,99590.55042026988
2026-04-10 16:44:00+00:00,99573.95578508163
2026-04-10 16:59:00+00:00,99548.91784832312
2026-04-10 17:14:00+00:00,99548.77767044131
2026-04-10 17:29:00+00:00,99522.7826397016
2026-04-10 17:44:00+00:00,99548.44007889618
2026-04-10 17:59:00+00:00,99545.86530646699
2026-04-10 18:14:00+00:00,99582.8636929457
2026-04-10 18:29:00+00:00,99589.48444887191
2026-04-10 18:44:00+00:00,99583.64210785663
2026-04-10 18:59:00+00:00,99557.28122516691
2026-04-10 19:14:00+00:00,99541.44235804808
2026-04-10 19:29:00+00:00,99536.96556228197
2026-04-10 19:44:00+00:00,99540.46711799101
2026-04-10 19:59:00+00:00,99530.61119273298
2026-04-10 20:14:00+00:00,99498.37109921746
2026-04-10 20:29:00+00:00,99506.04222721743
2026-04-10 20:44:00+00:00,99504.14407107652
2026-04-10 20:59:00+00:00,99503.87053098922
2026-04-10 21:14:00+00:00,99511.579749187
2026-04-10 21:29:00+00:00,99505.25452185892
2026-04-10 21:44:00+00:00,99505.25452185892
2026-04-10 21:59:00+00:00,99505.25452185892
2026-04-10 22:14:00+00:00,99505.25452185892
2026-04-10 22:29:00+00:00,99505.25452185892
2026-04-10 22:44:00+00:00,99505.25452185892
2026-04-10 22:59:00+00:00,99505.25452185892
2026-04-10 23:14:00+00:00,99505.25452185892
2026-04-10 23:29:00+00:00,99505.25452185892
2026-04-10 23:44:00+00:00,99505.25452185892
2026-04-10 23:59:00+00:00,99505.25452185892
2026-04-11 00:14:00+00:00,99505.25452185892
2026-04-11 00:29:00+00:00,99505.25452185892
2026-04-11 00:44:00+00:00,99505.25452185892
2026-04-11 00:59:00+00:00,99505.25452185892
2026-04-11 01:14:00+00:00,99505.25452185892
2026-04-11 01:29:00+00:00,99505.25452185892
2026-04-11 01:44:00+00:00,99505.25452185892
2026-04-11 01:59:00+00:00,99505.25452185892
2026-04-11 02:14:00+00:00,99505.25452185892
2026-04-11 02:29:00+00:00,99505.25452185892
2026-04-11 02:44:00+00:00,99505.25452185892
2026-04-11 02:59:00+00:00,99505.25452185892
2026-04-11 03:14:00+00:00,99505.25452185892
2026-04-11 03:29:00+00:00,99505.25452185892
2026-04-11 03:44:00+00:00,99505.25452185892
2026-04-11 03:59:00+00:00,99505.25452185892
2026-04-11 04:14:00+00:00,99505.25452185892
2026-04-11 04:29:00+00:00,99505.25452185892
2026-04-11 04:44:00+00:00,99505.25452185892
2026-04-11 04:59:00+00:00,99505.25452185892
2026-04-11 05:14:00+00:00,99505.25452185892
2026-04-11 05:29:00+00:00,99505.25452185892
2026-04-11 05:44:00+00:00,99505.25452185892
2026-04-11 05:59:00+00:00,99505.25452185892
2026-04-11 06:14:00+00:00,99505.25452185892
2026-04-11 06:29:00+00:00,99505.25452185892
2026-04-11 06:44:00+00:00,99505.25452185892
2026-04-11 06:59:00+00:00,99505.25452185892
2026-04-11 07:14:00+00:00,99505.25452185892
2026-04-11 07:29:00+00:00,99505.25452185892
2026-04-11 07:44:00+00:00,99505.25452185892
2026-04-11 07:59:00+00:00,99505.25452185892
2026-04-11 08:14:00+00:00,99505.25452185892
2026-04-11 08:29:00+00:00,99505.25452185892
2026-04-11 08:44:00+00:00,99505.25452185892
2026-04-11 08:59:00+00:00,99505.25452185892
2026-04-11 09:14:00+00:00,99505.25452185892
2026-04-11 09:29:00+00:00,99505.25452185892
2026-04-11 09:44:00+00:00,99505.25452185892
2026-04-11 09:59:00+00:00,99505.25452185892
2026-04-11 10:14:00+00:00,99505.25452185892
2026-04-11 10:29:00+00:00,99505.25452185892
2026-04-11 10:44:00+00:00,99505.25452185892
2026-04-11 10:59:00+00:00,99505.25452185892
2026-04-11 11:14:00+00:00,99505.25452185892
2026-04-11 11:29:00+00:00,99505.25452185892
2026-04-11 11:44:00+00:00,99505.25452185892
2026-04-11 11:59:00+00:00,99505.25452185892
2026-04-11 12:14:00+00:00,99505.25452185892
2026-04-11 12:29:00+00:00,99505.25452185892
2026-04-11 12:44:00+00:00,99505.25452185892
2026-04-11 12:59:00+00:00,99505.25452185892
2026-04-11 13:14:00+00:00,99505.25452185892
2026-04-11 13:29:00+00:00,99505.25452185892
2026-04-11 13:44:00+00:00,99505.25452185892
2026-04-11 13:59:00+00:00,99505.25452185892
2026-04-11 14:14:00+00:00,99505.25452185892
2026-04-11 14:29:00+00:00,99505.25452185892
2026-04-11 14:44:00+00:00,99505.25452185892
2026-04-11 14:59:00+00:00,99505.25452185892
2026-04-11 15:14:00+00:00,99505.25452185892
2026-04-11 15:29:00+00:00,99505.25452185892
2026-04-11 15:44:00+00:00,99505.25452185892
2026-04-11 15:59:00+00:00,99505.25452185892
2026-04-11 16:14:00+00:00,99505.25452185892
2026-04-11 16:29:00+00:00,99508.69342679843
2026-04-11 16:44:00+00:00,99537.4487716927
2026-04-11 16:59:00+00:00,99529.37415848207
2026-04-11 17:14:00+00:00,99508.33839283299
2026-04-11 17:29:00+00:00,99479.73236296144
2026-04-11 17:44:00+00:00,99416.93613576122
2026-04-11 17:59:00+00:00,99446.98377384958
2026-04-11 18:14:00+00:00,99459.28071061341
2026-04-11 18:29:00+00:00,99446.36622783965
2026-04-11 18:44:00+00:00,99470.57400967584
2026-04-11 18:59:00+00:00,99492.49563362222
2026-04-11 19:14:00+00:00,99482.91172304255
2026-04-11 19:29:00+00:00,99459.87296123817
2026-04-11 19:44:00+00:00,99464.77942680292
2026-04-11 19:59:00+00:00,99472.55454405762
2026-04-11 20:14:00+00:00,99481.18063306491
2026-04-11 20:29:00+00:00,99484.86253002973
2026-04-11 20:44:00+00:00,99517.79120300649
2026-04-11 20:59:00+00:00,99510.82202163246
2026-04-11 21:14:00+00:00,99502.56430789465
2026-04-11 21:29:00+00:00,99506.07968716009
2026-04-11 21:44:00+00:00,99512.51591421301
2026-04-11 21:59:00+00:00,99507.78899578055
2026-04-11 22:14:00+00:00,99510.3499510794
2026-04-11 22:29:00+00:00,99508.02686165622
2026-04-11 22:44:00+00:00,99508.02686165622
2026-04-11 22:59:00+00:00,99508.02686165622
2026-04-11 23:14:00+00:00,99508.02686165622
2026-04-11 23:29:00+00:00,99508.02686165622
2026-04-11 23:44:00+00:00,99508.02686165622
2026-04-11 23:59:00+00:00,99508.02686165622
2026-04-12 00:14:00+00:00,99508.02686165622
2026-04-12 00:29:00+00:00,99508.02686165622
2026-04-12 00:44:00+00:00,99508.02686165622
2026-04-12 00:59:00+00:00,99508.02686165622
2026-04-12 01:14:00+00:00,99508.02686165622
2026-04-12 01:29:00+00:00,99508.02686165622
2026-04-12 01:44:00+00:00,99508.02686165622
2026-04-12 01:59:00+00:00,99480.22453836983
2026-04-12 02:14:00+00:00,99469.76903847925
2026-04-12 02:29:00+00:00,99465.84430551389
2026-04-12 02:44:00+00:00,99484.1942462545
2026-04-12 02:59:00+00:00,99481.46945161918
2026-04-12 03:14:00+00:00,99472.51986800515
2026-04-12 03:29:00+00:00,99468.02119512304
2026-04-12 03:44:00+00:00,99450.48471291362
2026-04-12 03:59:00+00:00,99447.57847410554
2026-04-12 04:14:00+00:00,99445.59745096213
2026-04-12 04:29:00+00:00,99431.53517498758
2026-04-12 04:44:00+00:00,99419.87326640409
2026-04-12 04:59:00+00:00,99419.02016902853
2026-04-12 05:14:00+00:00,99415.60704354932
2026-04-12 05:29:00+00:00,99420.6759259045
2026-04-12 05:44:00+00:00,99413.26933549016
2026-04-12 05:59:00+00:00,99420.2956799467
2026-04-12 06:14:00+00:00,99419.0442163722
2026-04-12 06:29:00+00:00,99410.26478623622
2026-04-12 06:44:00+00:00,99426.18729300874
2026-04-12 06:59:00+00:00,99420.5872185775
2026-04-12 07:14:00+00:00,99436.48857378139
2026-04-12 07:29:00+00:00,99439.38698528733
2026-04-12 07:44:00+00:00,99439.38698528733
2026-04-12 07:59:00+00:00,99439.38698528733
2026-04-12 08:14:00+00:00,99439.38698528733
2026-04-12 08:29:00+00:00,99431.87589859881
2026-04-12 08:44:00+00:00,99444.59337042652
2026-04-12 08:59:00+00:00,99444.28849635836
2026-04-12 09:14:00+00:00,99441.96048184867
2026-04-12 09:29:00+00:00,99427.00968707654
2026-04-12 09:44:00+00:00,99422.93352182407
2026-04-12 09:59:00+00:00,99428.49310348822
2026-04-12 10:14:00+00:00,99420.36095876474
2026-04-12 10:29:00+00:00,99425.36935216529
2026-04-12 10:44:00+00:00,99429.50985128911
2026-04-12 10:59:00+00:00,99431.7337801851
2026-04-12 11:14:00+00:00,99426.96884213429
2026-04-12 11:29:00+00:00,99426.5738537208
2026-04-12 11:44:00+00:00,99429.52275208637
2026-04-12 11:59:00+00:00,99429.61169836453
2026-04-12 12:14:00+00:00,99437.3088592776
2026-04-12 12:29:00+00:00,99433.78968991942
2026-04-12 12:44:00+00:00,99433.78968991942
2026-04-12 12:59:00+00:00,99433.78968991942
2026-04-12 13:14:00+00:00,99433.78968991942
2026-04-12 13:29:00+00:00,99432.71845748335
2026-04-12 13:44:00+00:00,99437.5238938295
2026-04-12 13:59:00+00:00,99442.80033695369
2026-04-12 14:14:00+00:00,99444.5453782978
2026-04-12 14:29:00+00:00,99443.24193004174
2026-04-12 14:44:00+00:00,99447.27592717572
2026-04-12 14:59:00+00:00,99468.10601250448
2026-04-12 15:14:00+00:00,99479.71014869469
2026-04-12 15:29:00+00:00,99467.14659767185
2026-04-12 15:44:00+00:00,99477.26229479145
2026-04-12 15:59:00+00:00,99478.81493713844
2026-04-12 16:14:00+00:00,99478.81493713844
2026-04-12 16:29:00+00:00,99478.81493713844
2026-04-12 16:44:00+00:00,99478.81493713844
2026-04-12 16:59:00+00:00,99478.81493713844
2026-04-12 17:14:00+00:00,99478.81493713844
2026-04-12 17:29:00+00:00,99478.81493713844
2026-04-12 17:44:00+00:00,99478.81493713844
2026-04-12 17:59:00+00:00,99478.81493713844
2026-04-12 18:14:00+00:00,99478.81493713844
2026-04-12 18:29:00+00:00,99478.81493713844
2026-04-12 18:44:00+00:00,99478.81493713844
2026-04-12 18:59:00+00:00,99478.81493713844
2026-04-12 19:14:00+00:00,99478.81493713844
2026-04-12 19:29:00+00:00,99506.39736177122
2026-04-12 19:44:00+00:00,99526.97426675375
2026-04-12 19:59:00+00:00,99524.45384883463
2026-04-12 20:14:00+00:00,99524.45384883463
2026-04-12 20:29:00+00:00,99524.45384883463
2026-04-12 20:44:00+00:00,99524.45384883463
2026-04-12 20:59:00+00:00,99524.45384883463
2026-04-12 21:14:00+00:00,99524.45384883463
2026-04-12 21:29:00+00:00,99524.45384883463
2026-04-12 21:44:00+00:00,99524.45384883463
2026-04-12 21:59:00+00:00,99524.45384883463
2026-04-12 22:14:00+00:00,99524.45384883463
2026-04-12 22:29:00+00:00,99524.45384883463
2026-04-12 22:44:00+00:00,99524.45384883463
2026-04-12 22:59:00+00:00,99524.45384883463
2026-04-12 23:14:00+00:00,99524.45384883463
2026-04-12 23:29:00+00:00,99524.45384883463
2026-04-12 23:44:00+00:00,99524.45384883463
2026-04-12 23:59:00+00:00,99524.45384883463
2026-04-13 00:14:00+00:00,99524.45384883463
2026-04-13 00:29:00+00:00,99524.45384883463
2026-04-13 00:44:00+00:00,99524.45384883463
2026-04-13 00:59:00+00:00,99524.45384883463
2026-04-13 01:14:00+00:00,99524.45384883463
2026-04-13 01:29:00+00:00,99524.45384883463
2026-04-13 01:44:00+00:00,99524.45384883463
2026-04-13 01:59:00+00:00,99519.88993457498
2026-04-13 02:14:00+00:00,99540.89447954069
2026-04-13 02:29:00+00:00,99509.65661149315
2026-04-13 02:44:00+00:00,99534.99095944488
2026-04-13 02:59:00+00:00,99537.41632678587
2026-04-13 03:14:00+00:00,99504.10427473739
2026-04-13 03:29:00+00:00,99457.42059505415
2026-04-13 03:44:00+00:00,99455.78698143901
2026-04-13 03:59:00+00:00,99450.27169703295
2026-04-13 04:14:00+00:00,99430.34824274773
2026-04-13 04:29:00+00:00,99370.24096940052
2026-04-13 04:44:00+00:00,99326.8185708442
2026-04-13 04:59:00+00:00,99182.26988913564
2026-04-13 05:14:00+00:00,99151.66914777028
2026-04-13 05:29:00+00:00,99043.84875037301
2026-04-13 05:44:00+00:00,99056.7958235504
2026-04-13 05:59:00+00:00,99050.95067604279
2026-04-13 06:14:00+00:00,99034.94063757917
2026-04-13 06:29:00+00:00,99064.69211023004
2026-04-13 06:44:00+00:00,99067.20629894375
2026-04-13 06:59:00+00:00,99019.92343621231
2026-04-13 07:14:00+00:00,99083.2828781972
2026-04-13 07:29:00+00:00,99114.03297337005
2026-04-13 07:44:00+00:00,99099.71944078062
2026-04-13 07:59:00+00:00,99087.89763474684
2026-04-13 08:14:00+00:00,99062.84864124273
2026-04-13 08:29:00+00:00,99131.3893787364
2026-04-13 08:44:00+00:00,99118.17526754586
2026-04-13 08:59:00+00:00,99132.10485085328
2026-04-13 09:14:00+00:00,99113.18980422933
2026-04-13 09:29:00+00:00,99085.67733035384
2026-04-13 09:44:00+00:00,99050.9597671945
2026-04-13 09:59:00+00:00,99029.76179364118
2026-04-13 10:14:00+00:00,99028.67835626676
2026-04-13 10:29:00+00:00,99053.33514772572
2026-04-13 10:44:00+00:00,99047.67453053874
2026-04-13 10:59:00+00:00,99061.48878920241
2026-04-13 11:14:00+00:00,99047.92564326445
2026-04-13 11:29:00+00:00,99042.5973524518
2026-04-13 11:44:00+00:00,99057.76194051885
2026-04-13 11:59:00+00:00,99070.51914769503
2026-04-13 12:14:00+00:00,99051.10120241604
2026-04-13 12:29:00+00:00,99050.90068817868
2026-04-13 12:44:00+00:00,99074.65739757865
2026-04-13 12:59:00+00:00,99072.07555499683
2026-04-13 13:14:00+00:00,99084.69872235587
2026-04-13 13:29:00+00:00,99094.03707804612
2026-04-13 13:44:00+00:00,99095.44249379213
2026-04-13 13:59:00+00:00,99090.12540921316
2026-04-13 14:14:00+00:00,99113.78847201259
2026-04-13 14:29:00+00:00,99125.72098175461
2026-04-13 14:44:00+00:00,99111.37058964225
2026-04-13 14:59:00+00:00,99100.27000215971
2026-04-13 15:14:00+00:00,99129.76313699652
2026-04-13 15:29:00+00:00,99117.51162578068
2026-04-13 15:44:00+00:00,99111.97161721074
2026-04-13 15:59:00+00:00,99098.42871356585
2026-04-13 16:14:00+00:00,99087.99886215907
2026-04-13 16:29:00+00:00,99070.17710628043
2026-04-13 16:44:00+00:00,99063.87235857462
2026-04-13 16:59:00+00:00,99088.02977635484
2026-04-13 17:14:00+00:00,99096.73250675268
2026-04-13 17:29:00+00:00,99117.91980982464
2026-04-13 17:44:00+00:00,99126.84015405552
2026-04-13 17:59:00+00:00,99117.87931236095
2026-04-13 18:14:00+00:00,99108.29181766066
2026-04-13 18:29:00+00:00,99095.39273702611
2026-04-13 18:44:00+00:00,99100.21932495818
2026-04-13 18:59:00+00:00,99119.19584886375
2026-04-13 19:14:00+00:00,99115.9940650575
2026-04-13 19:29:00+00:00,99119.09619517993
2026-04-13 19:44:00+00:00,99106.82877232999
2026-04-13 19:59:00+00:00,99065.35155650738
2026-04-13 20:14:00+00:00,99075.43925858104
2026-04-13 20:29:00+00:00,99092.91125485676
2026-04-13 20:44:00+00:00,99094.14773312489
2026-04-13 20:59:00+00:00,99102.40354538056
2026-04-13 21:14:00+00:00,99097.2154603504
2026-04-13 21:29:00+00:00,99090.13268414384
2026-04-13 21:44:00+00:00,99070.80778945549
2026-04-13 21:59:00+00:00,99041.70208488946
2026-04-13 22:14:00+00:00,99061.27133987407
2026-04-13 22:29:00+00:00,99024.94226014381
2026-04-13 22:44:00+00:00,98956.24989211188
2026-04-13 22:59:00+00:00,98974.36148064806
2026-04-13 23:14:00+00:00,98983.15956588706
2026-04-13 23:29:00+00:00,98922.95467409118
2026-04-13 23:44:00+00:00,98949.4368285284
2026-04-13 23:59:00+00:00,98973.91711806775
2026-04-14 00:14:00+00:00,98953.16579798427
2026-04-14 00:29:00+00:00,98946.30117277859
2026-04-14 00:44:00+00:00,98978.87397303751
2026-04-14 00:59:00+00:00,98996.84264546819
2026-04-14 01:14:00+00:00,98989.14159795897
2026-04-14 01:29:00+00:00,98986.3655452088
2026-04-14 01:44:00+00:00,98988.62764459627
2026-04-14 01:59:00+00:00,98984.67891065996
2026-04-14 02:14:00+00:00,98975.51965889876
2026-04-14 02:29:00+00:00,98980.5104143655
2026-04-14 02:44:00+00:00,98975.27255642162
2026-04-14 02:59:00+00:00,98975.27255642162
2026-04-14 03:14:00+00:00,98975.27255642162
2026-04-14 03:29:00+00:00,98975.27255642162
2026-04-14 03:44:00+00:00,98975.27255642162
2026-04-14 03:59:00+00:00,98975.27255642162
2026-04-14 04:14:00+00:00,98975.27255642162
2026-04-14 04:29:00+00:00,98975.27255642162
2026-04-14 04:44:00+00:00,98975.27255642162
2026-04-14 04:59:00+00:00,98975.27255642162
2026-04-14 05:14:00+00:00,98975.27255642162
2026-04-14 05:29:00+00:00,98975.27255642162
2026-04-14 05:44:00+00:00,98976.49597457804
2026-04-14 05:59:00+00:00,98974.58331711868
2026-04-14 06:14:00+00:00,98972.04112125786
2026-04-14 06:29:00+00:00,98995.30079151079
2026-04-14 06:44:00+00:00,98994.20348671793
2026-04-14 06:59:00+00:00,98990.1178406702
2026-04-14 07:14:00+00:00,98992.3460816112
2026-04-14 07:29:00+00:00,98992.08234085479
2026-04-14 07:44:00+00:00,98991.06579674047
2026-04-14 07:59:00+00:00,99004.74877495658
2026-04-14 08:14:00+00:00,99002.9846870921
2026-04-14 08:29:00+00:00,99002.9846870921
2026-04-14 08:44:00+00:00,99002.9846870921
2026-04-14 08:59:00+00:00,99000.20306659152
2026-04-14 09:14:00+00:00,98983.12979679652
2026-04-14 09:29:00+00:00,98992.89619754675
2026-04-14 09:44:00+00:00,98993.691089118
2026-04-14 09:59:00+00:00,98993.01172380903
2026-04-14 10:14:00+00:00,99005.95355239301
2026-04-14 10:29:00+00:00,99008.04682356985
2026-04-14 10:44:00+00:00,99002.11635865305
2026-04-14 10:59:00+00:00,99002.11635865305
2026-04-14 11:14:00+00:00,99002.11635865305
2026-04-14 11:29:00+00:00,99038.06075108802
2026-04-14 11:44:00+00:00,99017.56931149516
2026-04-14 11:59:00+00:00,99030.20199969225
2026-04-14 12:14:00+00:00,99042.23149570895
2026-04-14 12:29:00+00:00,99038.0256402223
2026-04-14 12:44:00+00:00,99038.0256402223
2026-04-14 12:59:00+00:00,99038.0256402223
2026-04-14 13:14:00+00:00,99038.0256402223
2026-04-14 13:29:00+00:00,99038.0256402223
2026-04-14 13:44:00+00:00,99043.33511622397
2026-04-14 13:59:00+00:00,98949.40933137694
2026-04-14 14:14:00+00:00,98928.73284231331
2026-04-14 14:29:00+00:00,98970.07059901362
2026-04-14 14:44:00+00:00,99009.55448466101
2026-04-14 14:59:00+00:00,98998.11739293883
2026-04-14 15:14:00+00:00,99002.47391624015
2026-04-14 15:29:00+00:00,99011.47553432302
2026-04-14 15:44:00+00:00,99032.08372924429
2026-04-14 15:59:00+00:00,99053.18574807698
2026-04-14 16:14:00+00:00,99038.5124959294
2026-04-14 16:29:00+00:00,99051.7906640286
2026-04-14 16:44:00+00:00,99054.66401537565
2026-04-14 16:59:00+00:00,99076.97902677595
2026-04-14 17:14:00+00:00,99069.47889221876
2026-04-14 17:29:00+00:00,99068.65957223413
2026-04-14 17:44:00+00:00,99073.21348418233
2026-04-14 17:59:00+00:00,99085.8865126732
2026-04-14 18:14:00+00:00,99083.04777562211
2026-04-14 18:29:00+00:00,99069.53998732452
2026-04-14 18:44:00+00:00,99076.10938437378
2026-04-14 18:59:00+00:00,99057.2635240084
2026-04-14 19:14:00+00:00,99057.98614242492
2026-04-14 19:29:00+00:00,99045.98516266792
2026-04-14 19:44:00+00:00,99036.65630815436
2026-04-14 19:59:00+00:00,99043.91074021689
2026-04-14 20:14:00+00:00,99045.8771863875
2026-04-14 20:29:00+00:00,99006.81749159125
2026-04-14 20:44:00+00:00,99017.99522551829
2026-04-14 20:59:00+00:00,99015.46686552183
2026-04-14 21:14:00+00:00,99023.97665793484
2026-04-14 21:29:00+00:00,99032.76870803718
2026-04-14 21:44:00+00:00,99035.83834700489
2026-04-14 21:59:00+00:00,99035.27745149386
2026-04-14 22:14:00+00:00,99028.70939195695
2026-04-14 22:29:00+00:00,99029.31399070869
2026-04-14 22:44:00+00:00,99030.27605771064
2026-04-14 22:59:00+00:00,99032.19975895785
2026-04-14 23:14:00+00:00,99042.24767480927
2026-04-14 23:29:00+00:00,99040.1318925133
2026-04-14 23:44:00+00:00,99040.1318925133
2026-04-14 23:59:00+00:00,99040.1318925133
2026-04-15 00:14:00+00:00,99040.1318925133
2026-04-15 00:29:00+00:00,99040.1318925133
2026-04-15 00:44:00+00:00,99040.1318925133
2026-04-15 00:59:00+00:00,99040.1318925133
2026-04-15 01:14:00+00:00,99040.1318925133
2026-04-15 01:29:00+00:00,99040.1318925133
2026-04-15 01:44:00+00:00,99040.1318925133
2026-04-15 01:59:00+00:00,99040.1318925133
2026-04-15 02:14:00+00:00,99031.45611544212
2026-04-15 02:29:00+00:00,99049.96975356549
2026-04-15 02:44:00+00:00,99062.69705277868
2026-04-15 02:59:00+00:00,99067.22072340274
2026-04-15 03:14:00+00:00,99066.64158674364
2026-04-15 03:29:00+00:00,99059.08391162156
2026-04-15 03:44:00+00:00,99062.86643747137
2026-04-15 03:59:00+00:00,99057.8540435456
2026-04-15 04:14:00+00:00,99053.05629182408
2026-04-15 04:29:00+00:00,99048.90621168894
2026-04-15 04:44:00+00:00,99064.09314170081
2026-04-15 04:59:00+00:00,99032.78334392679
2026-04-15 05:14:00+00:00,99056.22211888616
2026-04-15 05:29:00+00:00,99055.74619603009
2026-04-15 05:44:00+00:00,99068.93656749112
2026-04-15 05:59:00+00:00,99067.16143336035
2026-04-15 06:14:00+00:00,99057.18403315643
2026-04-15 06:29:00+00:00,99057.18403315643
2026-04-15 06:44:00+00:00,99057.18403315643
2026-04-15 06:59:00+00:00,99057.18403315643
2026-04-15 07:14:00+00:00,99057.18403315643
2026-04-15 07:29:00+00:00,99057.18403315643
2026-04-15 07:44:00+00:00,99057.18403315643
2026-04-15 07:59:00+00:00,99056.41468594478
2026-04-15 08:14:00+00:00,99056.29937111297
2026-04-15 08:29:00+00:00,99051.67111315524
2026-04-15 08:44:00+00:00,99056.2428356231
2026-04-15 08:59:00+00:00,99053.83354272784
2026-04-15 09:14:00+00:00,99060.77833223683
2026-04-15 09:29:00+00:00,99062.4238797181
2026-04-15 09:44:00+00:00,99057.71185124949
2026-04-15 09:59:00+00:00,99060.02761946354
2026-04-15 10:14:00+00:00,99061.85366294552
2026-04-15 10:29:00+00:00,99057.85333238594
2026-04-15 10:44:00+00:00,99057.85333238594
2026-04-15 10:59:00+00:00,99057.85333238594
2026-04-15 11:14:00+00:00,99057.85333238594
2026-04-15 11:29:00+00:00,99057.85333238594
2026-04-15 11:44:00+00:00,99057.85333238594
2026-04-15 11:59:00+00:00,99062.77075239155
2026-04-15 12:14:00+00:00,99052.80976792045
2026-04-15 12:29:00+00:00,99045.06019420079
2026-04-15 12:44:00+00:00,99011.2652669843
2026-04-15 12:59:00+00:00,99030.4664323927
2026-04-15 13:14:00+00:00,99022.40277641051
2026-04-15 13:29:00+00:00,99040.7114387576
2026-04-15 13:44:00+00:00,99037.25707982115
2026-04-15 13:59:00+00:00,99046.7489805567
2026-04-15 14:14:00+00:00,99043.16795555867
2026-04-15 14:29:00+00:00,99051.5942492753
2026-04-15 14:44:00+00:00,99057.70474946561
2026-04-15 14:59:00+00:00,99032.14164834979
2026-04-15 15:14:00+00:00,98993.05003643765
2026-04-15 15:29:00+00:00,98980.38388115898
2026-04-15 15:44:00+00:00,98930.31611726101
2026-04-15 15:59:00+00:00,98908.42632008779
2026-04-15 16:14:00+00:00,98917.2340230271
2026-04-15 16:29:00+00:00,98925.67790305881
2026-04-15 16:44:00+00:00,98939.20594567103
2026-04-15 16:59:00+00:00,98982.84243793404
2026-04-15 17:14:00+00:00,99016.61558372274
2026-04-15 17:29:00+00:00,99019.22826501791
2026-04-15 17:44:00+00:00,99033.77674664081
2026-04-15 17:59:00+00:00,99031.45698113246
2026-04-15 18:14:00+00:00,99020.1006961252
2026-04-15 18:29:00+00:00,99027.02767108462
2026-04-15 18:44:00+00:00,99022.7452659579
2026-04-15 18:59:00+00:00,99036.04381299594
2026-04-15 19:14:00+00:00,99027.40659359409
2026-04-15 19:29:00+00:00,99027.40659359409
2026-04-15 19:44:00+00:00,99027.40659359409
2026-04-15 19:59:00+00:00,99046.20151457381
2026-04-15 20:14:00+00:00,99039.45762079263
2026-04-15 20:29:00+00:00,99044.21843103573
2026-04-15 20:44:00+00:00,99050.49506487098
2026-04-15 20:59:00+00:00,99046.6554630885
2026-04-15 21:14:00+00:00,99043.08517401297
2026-04-15 21:29:00+00:00,99056.43858959718
2026-04-15 21:44:00+00:00,99052.60934484447
2026-04-15 21:59:00+00:00,99035.87085329644
2026-04-15 22:14:00+00:00,99043.70405432509
2026-04-15 22:29:00+00:00,99068.78628142262
2026-04-15 22:44:00+00:00,99068.73612035793
2026-04-15 22:59:00+00:00,99076.19212708456
2026-04-15 23:14:00+00:00,99079.71912300595
2026-04-15 23:29:00+00:00,99079.71912300595
2026-04-15 23:44:00+00:00,99079.71912300595
2026-04-15 23:59:00+00:00,99077.31226097222
2026-04-16 00:14:00+00:00,99070.4963493528
2026-04-16 00:29:00+00:00,99070.63461071254
2026-04-16 00:44:00+00:00,99063.67740476198
2026-04-16 00:59:00+00:00,99067.32660970402
2026-04-16 01:14:00+00:00,99058.92214639409
2026-04-16 01:29:00+00:00,99051.22902261162
2026-04-16 01:44:00+00:00,99060.89414820736
2026-04-16 01:59:00+00:00,99057.12820977587
2026-04-16 02:14:00+00:00,99078.34958772824
2026-04-16 02:29:00+00:00,99082.78511264107
2026-04-16 02:44:00+00:00,99069.44809764768
2026-04-16 02:59:00+00:00,99090.72367156875
2026-04-16 03:14:00+00:00,99041.53200603763
2026-04-16 03:29:00+00:00,99024.57969930265
2026-04-16 03:44:00+00:00,98998.37482016905
2026-04-16 03:59:00+00:00,98967.37673915895
2026-04-16 04:14:00+00:00,98917.16575804251
2026-04-16 04:29:00+00:00,98903.79076203579
2026-04-16 04:44:00+00:00,98828.69455594588
2026-04-16 04:59:00+00:00,98861.4524673655
2026-04-16 05:14:00+00:00,98914.30449861809
2026-04-16 05:29:00+00:00,98861.48363596002
2026-04-16 05:44:00+00:00,98841.98418010105
2026-04-16 05:59:00+00:00,98845.71014864105
2026-04-16 06:14:00+00:00,98921.1384396345
2026-04-16 06:29:00+00:00,98931.29349755462
2026-04-16 06:44:00+00:00,98920.57075344388
2026-04-16 06:59:00+00:00,98876.21591183741
2026-04-16 07:14:00+00:00,98849.33292879585
2026-04-16 07:29:00+00:00,98835.45068813501
2026-04-16 07:44:00+00:00,98841.51676979357
2026-04-16 07:59:00+00:00,98843.94419327841
2026-04-16 08:14:00+00:00,98818.49944016748
2026-04-16 08:29:00+00:00,98941.90911490383
2026-04-16 08:44:00+00:00,98926.15380271855
2026-04-16 08:59:00+00:00,98944.37513288617
2026-04-16 09:14:00+00:00,98935.84847758358
2026-04-16 09:29:00+00:00,98897.45451330271
2026-04-16 09:44:00+00:00,98887.20337540154
2026-04-16 09:59:00+00:00,98911.92935703153
2026-04-16 10:14:00+00:00,98941.36016395551
2026-04-16 10:29:00+00:00,98957.11522902927
2026-04-16 10:44:00+00:00,98950.39454168727
2026-04-16 10:59:00+00:00,98956.85699627636
2026-04-16 11:14:00+00:00,98971.77095437271
2026-04-16 11:29:00+00:00,98971.75509024943
2026-04-16 11:44:00+00:00,98971.75509024943
2026-04-16 11:59:00+00:00,98971.75509024943
2026-04-16 12:14:00+00:00,98953.00216493335
2026-04-16 12:29:00+00:00,99006.90411758168
2026-04-16 12:44:00+00:00,99008.12624352437
2026-04-16 12:59:00+00:00,99017.32515639473
2026-04-16 13:14:00+00:00,98929.6345361236
2026-04-16 13:29:00+00:00,98863.4172750389
2026-04-16 13:44:00+00:00,98843.68341774869
2026-04-16 13:59:00+00:00,98918.67927973732
2026-04-16 14:14:00+00:00,98984.26754268516
2026-04-16 14:29:00+00:00,99001.33193446431
2026-04-16 14:44:00+00:00,98985.36153101678
2026-04-16 14:59:00+00:00,98992.63322812524
2026-04-16 15:14:00+00:00,99017.96235142188
2026-04-16 15:29:00+00:00,98996.94131097732
2026-04-16 15:44:00+00:00,98996.68883866488
2026-04-16 15:59:00+00:00,98987.12761391918
2026-04-16 16:14:00+00:00,99036.13700205409
2026-04-16 16:29:00+00:00,99064.52061630557
2026-04-16 16:44:00+00:00,99053.25953694998
2026-04-16 16:59:00+00:00,99054.32510417205
2026-04-16 17:14:00+00:00,99059.26041003251
2026-04-16 17:29:00+00:00,99019.27321255159
2026-04-16 17:44:00+00:00,98944.44770405281
2026-04-16 17:59:00+00:00,98924.08930397427
2026-04-16 18:14:00+00:00,98940.55478601779
2026-04-16 18:29:00+00:00,98909.68335610758
2026-04-16 18:44:00+00:00,98918.80859475773
2026-04-16 18:59:00+00:00,98869.0987386814
2026-04-16 19:14:00+00:00,98849.6785952618
2026-04-16 19:29:00+00:00,98814.54552102179
2026-04-16 19:44:00+00:00,98739.15486483928
2026-04-16 19:59:00+00:00,98772.43860036011
2026-04-16 20:14:00+00:00,98733.61028467581
2026-04-16 20:29:00+00:00,98738.55288837048
2026-04-16 20:44:00+00:00,98723.84782408606
2026-04-16 20:59:00+00:00,98733.07808513963
2026-04-16 21:14:00+00:00,98762.66344415158
2026-04-16 21:29:00+00:00,98850.5277262927
2026-04-16 21:44:00+00:00,98848.12383903039
2026-04-16 21:59:00+00:00,98850.19094472477
2026-04-16 22:14:00+00:00,98822.25847318232
2026-04-16 22:29:00+00:00,98800.25682169979
2026-04-16 22:44:00+00:00,98816.57457188205
2026-04-16 22:59:00+00:00,98844.3878194434
2026-04-16 23:14:00+00:00,98836.67697102313
2026-04-16 23:29:00+00:00,98856.69577300799
2026-04-16 23:44:00+00:00,98813.44104357982
2026-04-16 23:59:00+00:00,98833.35049360368
2026-04-17 00:14:00+00:00,98804.84897092916
2026-04-17 00:29:00+00:00,98801.53108637499
2026-04-17 00:44:00+00:00,98812.740198821
2026-04-17 00:59:00+00:00,98830.93523950534
2026-04-17 01:14:00+00:00,98843.1574563516
2026-04-17 01:29:00+00:00,98834.15754712648
2026-04-17 01:44:00+00:00,98825.0748532197
2026-04-17 01:59:00+00:00,98810.62660641494
2026-04-17 02:14:00+00:00,98814.294088714
2026-04-17 02:29:00+00:00,98825.32566882842
2026-04-17 02:44:00+00:00,98848.78090367181
2026-04-17 02:59:00+00:00,98846.67257466642
2026-04-17 03:14:00+00:00,98843.12250370016
2026-04-17 03:29:00+00:00,98844.358928937
2026-04-17 03:44:00+00:00,98851.39518899076
2026-04-17 03:59:00+00:00,98861.1082137418
2026-04-17 04:14:00+00:00,98860.25052212752
2026-04-17 04:29:00+00:00,98858.41392349699
2026-04-17 04:44:00+00:00,98847.22336164229
2026-04-17 04:59:00+00:00,98835.04399705582
2026-04-17 05:14:00+00:00,98813.85038779677
2026-04-17 05:29:00+00:00,98801.18656390395
2026-04-17 05:44:00+00:00,98814.75243900654
2026-04-17 05:59:00+00:00,98813.7838438577
2026-04-17 06:14:00+00:00,98817.77075389438
2026-04-17 06:29:00+00:00,98833.91765916912
2026-04-17 06:44:00+00:00,98844.37623330776
2026-04-17 06:59:00+00:00,98871.52697116382
2026-04-17 07:14:00+00:00,98860.81244755692
2026-04-17 07:29:00+00:00,98849.60204382338
2026-04-17 07:44:00+00:00,98823.3961711057
2026-04-17 07:59:00+00:00,98792.54443601737
2026-04-17 08:14:00+00:00,98845.99118709331
2026-04-17 08:29:00+00:00,98930.16107848134
2026-04-17 08:44:00+00:00,98927.29499320453
2026-04-17 08:59:00+00:00,98932.66023054624
2026-04-17 09:14:00+00:00,98955.18258835777
2026-04-17 09:29:00+00:00,98945.18346064715
2026-04-17 09:44:00+00:00,98922.30374566841
2026-04-17 09:59:00+00:00,98932.52363356364
2026-04-17 10:14:00+00:00,98944.34079519962
2026-04-17 10:29:00+00:00,98952.77827743338
2026-04-17 10:44:00+00:00,98956.24929627907
2026-04-17 10:59:00+00:00,98958.70060973812
2026-04-17 11:14:00+00:00,98962.37169709262
2026-04-17 11:29:00+00:00,98966.46711518415
2026-04-17 11:44:00+00:00,98963.70063449841
2026-04-17 11:59:00+00:00,98942.93990091444
2026-04-17 12:14:00+00:00,98932.71174774316
2026-04-17 12:29:00+00:00,98949.45212600862
2026-04-17 12:44:00+00:00,98949.17079178584
2026-04-17 12:59:00+00:00,98962.7816599513
2026-04-17 13:14:00+00:00,98954.04391088113
2026-04-17 13:29:00+00:00,98960.21341024872
2026-04-17 13:44:00+00:00,98951.1173229409
2026-04-17 13:59:00+00:00,98976.00507884772
2026-04-17 14:14:00+00:00,98967.16843357366
2026-04-17 14:29:00+00:00,98994.44724648629
2026-04-17 14:44:00+00:00,98969.55898937612
2026-04-17 14:59:00+00:00,98967.30395454638
2026-04-17 15:14:00+00:00,98960.182933683
2026-04-17 15:29:00+00:00,98971.39870051497
2026-04-17 15:44:00+00:00,99001.7827630244
2026-04-17 15:59:00+00:00,98999.76166336588
2026-04-17 16:14:00+00:00,99008.43538146654
2026-04-17 16:29:00+00:00,99006.99787342547
2026-04-17 16:44:00+00:00,99004.2249726196
2026-04-17 16:59:00+00:00,99021.26291331406
2026-04-17 17:14:00+00:00,99039.73533371008
2026-04-17 17:29:00+00:00,99081.32146128011
2026-04-17 17:44:00+00:00,99099.34209928419
2026-04-17 17:59:00+00:00,99098.51033596204
2026-04-17 18:14:00+00:00,99089.8734475224
2026-04-17 18:29:00+00:00,99086.09096359868
2026-04-17 18:44:00+00:00,99080.71223813383
2026-04-17 18:59:00+00:00,99074.88415304925
2026-04-17 19:14:00+00:00,99087.02638345024
2026-04-17 19:29:00+00:00,99078.69871977317
2026-04-17 19:44:00+00:00,99081.61376039592
2026-04-17 19:59:00+00:00,99084.7699466601
2026-04-17 20:14:00+00:00,99093.59335903905
2026-04-17 20:29:00+00:00,99085.73584218224
2026-04-17 20:44:00+00:00,99086.29246423868
2026-04-17 20:59:00+00:00,99090.73533800962
2026-04-17 21:14:00+00:00,99086.89188698477
2026-04-17 21:29:00+00:00,99086.89188698477
2026-04-17 21:44:00+00:00,99086.89188698477
2026-04-17 21:59:00+00:00,99086.89188698477
2026-04-17 22:14:00+00:00,99086.89188698477
2026-04-17 22:29:00+00:00,99089.52906377484
2026-04-17 22:44:00+00:00,99087.81370145334
2026-04-17 22:59:00+00:00,99080.32561573315
2026-04-17 23:14:00+00:00,99085.20159198447
2026-04-17 23:29:00+00:00,99066.24357042374
2026-04-17 23:44:00+00:00,99074.43567631813
2026-04-17 23:59:00+00:00,99050.44549072266
2026-04-18 00:14:00+00:00,99069.01551057198
2026-04-18 00:29:00+00:00,99074.67856112367
2026-04-18 00:44:00+00:00,99055.75746273778
2026-04-18 00:59:00+00:00,99057.30293802544
2026-04-18 01:14:00+00:00,99067.87285627887
2026-04-18 01:29:00+00:00,99043.19587577488
2026-04-18 01:44:00+00:00,99036.68453675763
2026-04-18 01:59:00+00:00,99043.05211127098
2026-04-18 02:14:00+00:00,99043.77176808011
2026-04-18 02:29:00+00:00,99051.01838474128
2026-04-18 02:44:00+00:00,99057.66396034061
2026-04-18 02:59:00+00:00,99054.64883575901
2026-04-18 03:14:00+00:00,99054.64883575901
2026-04-18 03:29:00+00:00,99054.64883575901
2026-04-18 03:44:00+00:00,99054.64883575901
2026-04-18 03:59:00+00:00,99054.64883575901
2026-04-18 04:14:00+00:00,99055.33160010447
2026-04-18 04:29:00+00:00,99082.91377814481
2026-04-18 04:44:00+00:00,99069.6036803178
2026-04-18 04:59:00+00:00,99072.76229808679
2026-04-18 05:14:00+00:00,99081.47421529813
2026-04-18 05:29:00+00:00,99098.14647995387
2026-04-18 05:44:00+00:00,99103.76392557407
2026-04-18 05:59:00+00:00,99110.2731305993
2026-04-18 06:14:00+00:00,99102.99492246824
2026-04-18 06:29:00+00:00,99106.42521391959
2026-04-18 06:44:00+00:00,99098.24336285418
2026-04-18 06:59:00+00:00,99102.21131793997
2026-04-18 07:14:00+00:00,99104.51875205156
2026-04-18 07:29:00+00:00,99104.51918411376
2026-04-18 07:44:00+00:00,99104.51918411376
2026-04-18 07:59:00+00:00,99104.51918411376
2026-04-18 08:14:00+00:00,99104.51918411376
2026-04-18 08:29:00+00:00,99104.51918411376
2026-04-18 08:44:00+00:00,99093.37494435917
2026-04-18 08:59:00+00:00,99098.14557503842
2026-04-18 09:14:00+00:00,99090.98052692231
2026-04-18 09:29:00+00:00,99101.72991209743
2026-04-18 09:44:00+00:00,99096.98575326188
2026-04-18 09:59:00+00:00,99084.16418528408
2026-04-18 10:14:00+00:00,99058.55492022747
2026-04-18 10:29:00+00:00,99046.25368777249
2026-04-18 10:44:00+00:00,99032.0419727021
2026-04-18 10:59:00+00:00,99030.31535709398
2026-04-18 11:14:00+00:00,99022.25328191085
2026-04-18 11:29:00+00:00,99019.99844912517
2026-04-18 11:44:00+00:00,98990.89920383725
2026-04-18 11:59:00+00:00,99005.71541935498
2026-04-18 12:14:00+00:00,99029.85017529107
2026-04-18 12:29:00+00:00,99033.21542862724
2026-04-18 12:44:00+00:00,99029.63405442443
2026-04-18 12:59:00+00:00,99039.12234222892
2026-04-18 13:14:00+00:00,99026.6052344438
2026-04-18 13:29:00+00:00,99043.08833782608
2026-04-18 13:44:00+00:00,99039.64751551782
2026-04-18 13:59:00+00:00,99022.18902922906
2026-04-18 14:14:00+00:00,99029.52211407623
2026-04-18 14:29:00+00:00,99025.04430119308
2026-04-18 14:44:00+00:00,99026.78932433751
2026-04-18 14:59:00+00:00,99035.47900446643
2026-04-18 15:14:00+00:00,99029.02396351495
2026-04-18 15:29:00+00:00,99043.68996318664
2026-04-18 15:44:00+00:00,99037.66448979382
2026-04-18 15:59:00+00:00,99037.66448979382
2026-04-18 16:14:00+00:00,99037.66448979382
2026-04-18 16:29:00+00:00,99037.66448979382
2026-04-18 16:44:00+00:00,99037.66448979382
2026-04-18 16:59:00+00:00,99037.66448979382
2026-04-18 17:14:00+00:00,99037.66448979382
2026-04-18 17:29:00+00:00,99048.79164233073
2026-04-18 17:44:00+00:00,99056.53346329858
2026-04-18 17:59:00+00:00,99060.06040971116
2026-04-18 18:14:00+00:00,99056.2873936146
2026-04-18 18:29:00+00:00,99056.2873936146
2026-04-18 18:44:00+00:00,99056.2873936146
2026-04-18 18:59:00+00:00,99237.97298724452
2026-04-18 19:14:00+00:00,99282.75983850454
2026-04-18 19:29:00+00:00,99295.40909671065
2026-04-18 19:44:00+00:00,99130.90970245557
2026-04-18 19:59:00+00:00,99182.97261347763
2026-04-18 20:14:00+00:00,99206.37983088645
2026-04-18 20:29:00+00:00,99185.8800675302
2026-04-18 20:44:00+00:00,99246.51443188537
2026-04-18 20:59:00+00:00,99263.06198051828
2026-04-18 21:14:00+00:00,99179.10810130066
2026-04-18 21:29:00+00:00,99238.44851382708
2026-04-18 21:44:00+00:00,99316.226697693
2026-04-18 21:59:00+00:00,99328.91556123047
2026-04-18 22:14:00+00:00,99321.39937241493
2026-04-18 22:29:00+00:00,99318.49142384034
2026-04-18 22:44:00+00:00,99316.95224350566
2026-04-18 22:59:00+00:00,99312.99694407424
2026-04-18 23:14:00+00:00,99291.65369526901
2026-04-18 23:29:00+00:00,99299.04441385559
2026-04-18 23:44:00+00:00,99292.29137032281
2026-04-18 23:59:00+00:00,99304.06337187656
2026-04-19 00:14:00+00:00,99187.78793476365
2026-04-19 00:29:00+00:00,99192.3679971121
2026-04-19 00:44:00+00:00,99207.7192791583
2026-04-19 00:59:00+00:00,99173.36611096335
2026-04-19 01:14:00+00:00,99127.08551202338
2026-04-19 01:29:00+00:00,99143.18346144515
2026-04-19 01:44:00+00:00,99117.45138521095
2026-04-19 01:59:00+00:00,99134.04627399777
2026-04-19 02:14:00+00:00,99077.76788227781
2026-04-19 02:29:00+00:00,99043.47831805855
2026-04-19 02:44:00+00:00,98981.75868905915
2026-04-19 02:59:00+00:00,98985.02617100658
2026-04-19 03:14:00+00:00,98996.2467010505
2026-04-19 03:29:00+00:00,99050.27040580512
2026-04-19 03:44:00+00:00,99020.4434997327
2026-04-19 03:59:00+00:00,98985.82744347371
2026-04-19 04:14:00+00:00,98960.58126126854
2026-04-19 04:29:00+00:00,98955.25584205898
2026-04-19 04:44:00+00:00,98914.068027487
2026-04-19 04:59:00+00:00,98999.40452838829
2026-04-19 05:14:00+00:00,99013.15081144482
2026-04-19 05:29:00+00:00,98971.8799344017
2026-04-19 05:44:00+00:00,98940.6513994511
2026-04-19 05:59:00+00:00,98908.32826196396
2026-04-19 06:14:00+00:00,98889.37242785963
2026-04-19 06:29:00+00:00,98872.46821826923
2026-04-19 06:44:00+00:00,98861.8923170414
2026-04-19 06:59:00+00:00,98859.34609378006
2026-04-19 07:14:00+00:00,98882.44202393806
2026-04-19 07:29:00+00:00,98903.65930236819
2026-04-19 07:44:00+00:00,98922.20583639678
2026-04-19 07:59:00+00:00,98949.39018423045
2026-04-19 08:14:00+00:00,98950.37514221708
2026-04-19 08:29:00+00:00,98936.21728306026
2026-04-19 08:44:00+00:00,98915.02669326033
2026-04-19 08:59:00+00:00,98892.47042287793
2026-04-19 09:14:00+00:00,98910.21329358825
2026-04-19 09:29:00+00:00,98904.28627348387
2026-04-19 09:44:00+00:00,98895.13220628857
2026-04-19 09:59:00+00:00,98903.86154045042
2026-04-19 10:14:00+00:00,98901.11212805199
2026-04-19 10:29:00+00:00,98904.5201244221
2026-04-19 10:44:00+00:00,98921.04063652443
2026-04-19 10:59:00+00:00,98918.70630205264
2026-04-19 11:14:00+00:00,98918.70630205264
2026-04-19 11:29:00+00:00,98930.88944336865
2026-04-19 11:44:00+00:00,98927.23239556138
2026-04-19 11:59:00+00:00,98945.60769105147
2026-04-19 12:14:00+00:00,98946.17496649367
2026-04-19 12:29:00+00:00,99015.56139342797
2026-04-19 12:44:00+00:00,99025.83357888325
2026-04-19 12:59:00+00:00,99048.75387868664
2026-04-19 13:14:00+00:00,99101.9055470693
2026-04-19 13:29:00+00:00,99076.43758264338
2026-04-19 13:44:00+00:00,99087.16546648755
2026-04-19 13:59:00+00:00,99123.18687540105
2026-04-19 14:14:00+00:00,99135.61850999264
2026-04-19 14:29:00+00:00,99104.56338264732
2026-04-19 14:44:00+00:00,99116.91920193995
2026-04-19 14:59:00+00:00,99135.8958959304
2026-04-19 15:14:00+00:00,99140.33190096538
2026-04-19 15:29:00+00:00,99140.33190096538
2026-04-19 15:44:00+00:00,99140.33190096538
2026-04-19 15:59:00+00:00,99165.83047996153
2026-04-19 16:14:00+00:00,99139.98760663
2026-04-19 16:29:00+00:00,99123.89534555246
2026-04-19 16:44:00+00:00,99113.81937896703
2026-04-19 16:59:00+00:00,99121.90529475198
2026-04-19 17:14:00+00:00,99125.6896475525
2026-04-19 17:29:00+00:00,99120.7038480184
2026-04-19 17:44:00+00:00,99123.56730994287
2026-04-19 17:59:00+00:00,99103.61775801453
2026-04-19 18:14:00+00:00,99105.81504119009
2026-04-19 18:29:00+00:00,99113.9120589172
2026-04-19 18:44:00+00:00,99103.95003868538
2026-04-19 18:59:00+00:00,99122.31771102877
2026-04-19 19:14:00+00:00,99145.02836690607
2026-04-19 19:29:00+00:00,99144.33228163248
2026-04-19 19:44:00+00:00,99144.33228163248
2026-04-19 19:59:00+00:00,99160.28914831168
2026-04-19 20:14:00+00:00,99174.55064255798
2026-04-19 20:29:00+00:00,99173.94134025932
2026-04-19 20:44:00+00:00,99173.94134025932
2026-04-19 20:59:00+00:00,99173.94134025932
2026-04-19 21:14:00+00:00,99173.94134025932
2026-04-19 21:29:00+00:00,99173.94134025932
2026-04-19 21:44:00+00:00,99173.94134025932
2026-04-19 21:59:00+00:00,99173.94134025932
2026-04-19 22:14:00+00:00,99173.94134025932
2026-04-19 22:29:00+00:00,99173.94134025932
2026-04-19 22:44:00+00:00,99177.95849601914
2026-04-19 22:59:00+00:00,99184.94048153213
2026-04-19 23:14:00+00:00,99181.20998049686
2026-04-19 23:29:00+00:00,99180.48513499978
2026-04-19 23:44:00+00:00,99178.20422303955
2026-04-19 23:59:00+00:00,99173.19958142684
2026-04-20 00:14:00+00:00,99166.50732490135
2026-04-20 00:29:00+00:00,99159.37771608612
2026-04-20 00:44:00+00:00,99160.00931159899
2026-04-20 00:59:00+00:00,99164.37431226646
2026-04-20 01:14:00+00:00,99166.77739085795
2026-04-20 01:29:00+00:00,99167.78073709527
2026-04-20 01:44:00+00:00,99169.65331226717
2026-04-20 01:59:00+00:00,99167.71904791718
2026-04-20 02:14:00+00:00,99167.71904791718
2026-04-20 02:29:00+00:00,99167.71904791718
2026-04-20 02:44:00+00:00,99167.71904791718
2026-04-20 02:59:00+00:00,99167.71904791718
2026-04-20 03:14:00+00:00,99167.71904791718
2026-04-20 03:29:00+00:00,99167.71904791718
2026-04-20 03:44:00+00:00,99167.71904791718
2026-04-20 03:59:00+00:00,99167.71904791718
2026-04-20 04:14:00+00:00,99167.71904791718
2026-04-20 04:29:00+00:00,99167.71904791718
2026-04-20 04:44:00+00:00,99167.71904791718
2026-04-20 04:59:00+00:00,99167.71904791718
2026-04-20 05:14:00+00:00,99167.71904791718
2026-04-20 05:29:00+00:00,99167.71904791718
2026-04-20 05:44:00+00:00,99167.71904791718
2026-04-20 05:59:00+00:00,99167.71904791718
2026-04-20 06:14:00+00:00,99167.71904791718
2026-04-20 06:29:00+00:00,99167.71904791718
2026-04-20 06:44:00+00:00,99167.71904791718
2026-04-20 06:59:00+00:00,99167.71904791718
2026-04-20 07:14:00+00:00,99167.71904791718
2026-04-20 07:29:00+00:00,99167.71904791718
2026-04-20 07:44:00+00:00,99172.8745259652
2026-04-20 07:59:00+00:00,99173.96088132965
2026-04-20 08:14:00+00:00,99169.0356167852
2026-04-20 08:29:00+00:00,99180.50898539428
2026-04-20 08:44:00+00:00,99178.92168475394
2026-04-20 08:59:00+00:00,99180.80365702925
2026-04-20 09:14:00+00:00,99176.2198028585
2026-04-20 09:29:00+00:00,99165.29955428516
2026-04-20 09:44:00+00:00,99171.77693537566
2026-04-20 09:59:00+00:00,99175.80769050111
2026-04-20 10:14:00+00:00,99191.04368006358
2026-04-20 10:29:00+00:00,99193.29462873419
2026-04-20 10:44:00+00:00,99196.53821708595
2026-04-20 10:59:00+00:00,99194.90845727472
2026-04-20 11:14:00+00:00,99194.90845727472
2026-04-20 11:29:00+00:00,99194.90845727472
2026-04-20 11:44:00+00:00,99194.90845727472
2026-04-20 11:59:00+00:00,99194.90845727472
2026-04-20 12:14:00+00:00,99194.90845727472
2026-04-20 12:29:00+00:00,99194.90845727472
2026-04-20 12:44:00+00:00,99194.71900366693
2026-04-20 12:59:00+00:00,99201.76963278133
2026-04-20 13:14:00+00:00,99217.5669446573
2026-04-20 13:29:00+00:00,99228.99340083821
2026-04-20 13:44:00+00:00,99228.93585168663
2026-04-20 13:59:00+00:00,99228.93585168663
2026-04-20 14:14:00+00:00,99228.93585168663
2026-04-20 14:29:00+00:00,99228.93585168663
2026-04-20 14:44:00+00:00,99228.93585168663
2026-04-20 14:59:00+00:00,99228.93585168663
2026-04-20 15:14:00+00:00,99228.93585168663
2026-04-20 15:29:00+00:00,99250.2131818772
2026-04-20 15:44:00+00:00,99230.02382356646
2026-04-20 15:59:00+00:00,99207.63603330188
2026-04-20 16:14:00+00:00,99211.5693556949
2026-04-20 16:29:00+00:00,99215.50853883212
2026-04-20 16:44:00+00:00,99217.14077954505
2026-04-20 16:59:00+00:00,99229.51642351995
2026-04-20 17:14:00+00:00,99250.87029801779
2026-04-20 17:29:00+00:00,99254.43510897135
2026-04-20 17:44:00+00:00,99248.09853089711
2026-04-20 17:59:00+00:00,99208.20134774855
2026-04-20 18:14:00+00:00,99216.69197261504
2026-04-20 18:29:00+00:00,99182.34784358401
2026-04-20 18:44:00+00:00,99168.67109262604
2026-04-20 18:59:00+00:00,99174.65452474676
2026-04-20 19:14:00+00:00,99173.09367510317
2026-04-20 19:29:00+00:00,99176.86213603825
2026-04-20 19:44:00+00:00,99199.2216713155
2026-04-20 19:59:00+00:00,99198.91929910905
2026-04-20 20:14:00+00:00,99198.91929910905
2026-04-20 20:29:00+00:00,99134.81110788183
2026-04-20 20:44:00+00:00,99127.75756330244
2026-04-20 20:59:00+00:00,99200.46992851092
2026-04-20 21:14:00+00:00,99262.54782368406
2026-04-20 21:29:00+00:00,99208.52452671491
2026-04-20 21:44:00+00:00,99246.5763010626
2026-04-20 21:59:00+00:00,99181.49247901111
2026-04-20 22:14:00+00:00,99195.69241594421
2026-04-20 22:29:00+00:00,99253.50630177431
2026-04-20 22:44:00+00:00,99264.14995404199
2026-04-20 22:59:00+00:00,99258.9033604599
2026-04-20 23:14:00+00:00,99278.59295588317
2026-04-20 23:29:00+00:00,99285.39658234967
2026-04-20 23:44:00+00:00,99292.51663488064
2026-04-20 23:59:00+00:00,99299.6549927462
2026-04-21 00:14:00+00:00,99295.54569667879
2026-04-21 00:29:00+00:00,99294.14419921629
2026-04-21 00:44:00+00:00,99301.13372616704
2026-04-21 00:59:00+00:00,99304.46352950974
2026-04-21 01:14:00+00:00,99293.92116888217
2026-04-21 01:29:00+00:00,99294.65621192759
2026-04-21 01:44:00+00:00,99291.43884698894
2026-04-21 01:59:00+00:00,99291.43884698894
2026-04-21 02:14:00+00:00,99291.43884698894
2026-04-21 02:29:00+00:00,99291.43884698894
2026-04-21 02:44:00+00:00,99291.43884698894
2026-04-21 02:59:00+00:00,99291.43884698894
2026-04-21 03:14:00+00:00,99291.43884698894
2026-04-21 03:29:00+00:00,99291.43884698894
2026-04-21 03:44:00+00:00,99291.43884698894
2026-04-21 03:59:00+00:00,99291.43884698894
2026-04-21 04:14:00+00:00,99291.43884698894
2026-04-21 04:29:00+00:00,99291.43884698894
2026-04-21 04:44:00+00:00,99291.43884698894
2026-04-21 04:59:00+00:00,99291.43884698894
2026-04-21 05:14:00+00:00,99300.86689174625
2026-04-21 05:29:00+00:00,99297.76784060373
2026-04-21 05:44:00+00:00,99299.51001054607
2026-04-21 05:59:00+00:00,99312.42014677111
2026-04-21 06:14:00+00:00,99311.66192848985
2026-04-21 06:29:00+00:00,99311.66192848985
2026-04-21 06:44:00+00:00,99311.66192848985
2026-04-21 06:59:00+00:00,99311.66192848985
2026-04-21 07:14:00+00:00,99311.66192848985
2026-04-21 07:29:00+00:00,99290.98303737938
2026-04-21 07:44:00+00:00,99291.01774357121
2026-04-21 07:59:00+00:00,99269.66465719236
2026-04-21 08:14:00+00:00,99234.06780563243
2026-04-21 08:29:00+00:00,99246.57560510741
2026-04-21 08:44:00+00:00,99222.80916950508
2026-04-21 08:59:00+00:00,99200.8836470639
2026-04-21 09:14:00+00:00,99196.21182743632
2026-04-21 09:29:00+00:00,99236.73863030327
2026-04-21 09:44:00+00:00,99272.02667526582
2026-04-21 09:59:00+00:00,99277.99084134206
2026-04-21 10:14:00+00:00,99276.79027027986
2026-04-21 10:29:00+00:00,99279.15801717453
2026-04-21 10:44:00+00:00,99257.3810289671
2026-04-21 10:59:00+00:00,99224.80649939377
2026-04-21 11:14:00+00:00,99228.28537029069
2026-04-21 11:29:00+00:00,99295.63028221445
2026-04-21 11:44:00+00:00,99272.7686993347
2026-04-21 11:59:00+00:00,99284.22845133841
2026-04-21 12:14:00+00:00,99317.53090149192
2026-04-21 12:29:00+00:00,99271.63904147572
2026-04-21 12:44:00+00:00,99283.37439166926
2026-04-21 12:59:00+00:00,99270.16512679588
2026-04-21 13:14:00+00:00,99282.98391362333
2026-04-21 13:29:00+00:00,99281.77202744098
2026-04-21 13:44:00+00:00,99272.46439605119
2026-04-21 13:59:00+00:00,99304.16253207772
2026-04-21 14:14:00+00:00,99286.85905577497
2026-04-21 14:29:00+00:00,99308.68844567708
2026-04-21 14:44:00+00:00,99284.8533801407
2026-04-21 14:59:00+00:00,99270.55244529214
2026-04-21 15:14:00+00:00,99239.67771109675
2026-04-21 15:29:00+00:00,99252.05084232385
2026-04-21 15:44:00+00:00,99251.45546327224
2026-04-21 15:59:00+00:00,99236.97115010381
2026-04-21 16:14:00+00:00,99242.51074520292
2026-04-21 16:29:00+00:00,99263.72676536805
2026-04-21 16:44:00+00:00,99270.10660155897
2026-04-21 16:59:00+00:00,99266.06199073512
2026-04-21 17:14:00+00:00,99266.06199073512
2026-04-21 17:29:00+00:00,99266.06199073512
2026-04-21 17:44:00+00:00,99266.06199073512
2026-04-21 17:59:00+00:00,99266.06199073512
2026-04-21 18:14:00+00:00,99266.06199073512
2026-04-21 18:29:00+00:00,99266.06199073512
2026-04-21 18:44:00+00:00,99266.06199073512
2026-04-21 18:59:00+00:00,99266.06199073512
2026-04-21 19:14:00+00:00,99266.06199073512
2026-04-21 19:29:00+00:00,99266.06199073512
2026-04-21 19:44:00+00:00,99280.94751420945
2026-04-21 19:59:00+00:00,99270.84803134302
2026-04-21 20:14:00+00:00,99268.73829735961
2026-04-21 20:29:00+00:00,99275.73962341918
2026-04-21 20:44:00+00:00,99279.05281550251
2026-04-21 20:59:00+00:00,99280.5438441447
2026-04-21 21:14:00+00:00,99280.5438441447
2026-04-21 21:29:00+00:00,99280.5438441447
2026-04-21 21:44:00+00:00,99280.5438441447
2026-04-21 21:59:00+00:00,99280.5438441447
2026-04-21 22:14:00+00:00,99280.5438441447
2026-04-21 22:29:00+00:00,99280.5438441447
2026-04-21 22:44:00+00:00,99280.5438441447
2026-04-21 22:59:00+00:00,99272.30816889482
2026-04-21 23:14:00+00:00,99302.34377903961
2026-04-21 23:29:00+00:00,99325.46344556876
2026-04-21 23:44:00+00:00,99325.26956425591
2026-04-21 23:59:00+00:00,99325.26956425591
2026-04-22 00:14:00+00:00,99325.26956425591
2026-04-22 00:29:00+00:00,99325.26956425591
2026-04-22 00:44:00+00:00,99325.26956425591
2026-04-22 00:59:00+00:00,99325.26956425591
2026-04-22 01:14:00+00:00,99325.26956425591
2026-04-22 01:29:00+00:00,99325.26956425591
2026-04-22 01:44:00+00:00,99325.26956425591
2026-04-22 01:59:00+00:00,99325.26956425591
2026-04-22 02:14:00+00:00,99325.26956425591
2026-04-22 02:29:00+00:00,99325.26956425591
2026-04-22 02:44:00+00:00,99324.14878134131
2026-04-22 02:59:00+00:00,99315.403634364
2026-04-22 03:14:00+00:00,99283.33335382518
2026-04-22 03:29:00+00:00,99302.79338761843
2026-04-22 03:44:00+00:00,99326.70321913082
2026-04-22 03:59:00+00:00,99327.78826385099
2026-04-22 04:14:00+00:00,99327.64704845732
2026-04-22 04:29:00+00:00,99335.24808289802
2026-04-22 04:44:00+00:00,99317.0623212418
2026-04-22 04:59:00+00:00,99319.62236783566
2026-04-22 05:14:00+00:00,99310.95753905378
2026-04-22 05:29:00+00:00,99276.80641333527
2026-04-22 05:44:00+00:00,99271.31086600089
2026-04-22 05:59:00+00:00,99293.9562556165
2026-04-22 06:14:00+00:00,99301.7232001448
2026-04-22 06:29:00+00:00,99297.79519615856
2026-04-22 06:44:00+00:00,99304.55637473897
2026-04-22 06:59:00+00:00,99291.89408535838
2026-04-22 07:14:00+00:00,99295.21848507808
2026-04-22 07:29:00+00:00,99295.7680159
2026-04-22 07:44:00+00:00,99270.41456809978
2026-04-22 07:59:00+00:00,99271.14516489847
2026-04-22 08:14:00+00:00,99269.38381442502
2026-04-22 08:29:00+00:00,99219.40353262151
2026-04-22 08:44:00+00:00,99226.58694589786
2026-04-22 08:59:00+00:00,99232.71265437784
2026-04-22 09:14:00+00:00,99256.1450095141
2026-04-22 09:29:00+00:00,99272.17991338765
2026-04-22 09:44:00+00:00,99283.43821378809
2026-04-22 09:59:00+00:00,99280.53247671027
2026-04-22 10:14:00+00:00,99278.22739721954
2026-04-22 10:29:00+00:00,99296.3360784764
2026-04-22 10:44:00+00:00,99294.63693521115
2026-04-22 10:59:00+00:00,99294.63693521115
2026-04-22 11:14:00+00:00,99294.63693521115
2026-04-22 11:29:00+00:00,99294.63693521115
2026-04-22 11:44:00+00:00,99294.63693521115
2026-04-22 11:59:00+00:00,99294.63693521115
2026-04-22 12:14:00+00:00,99294.63693521115
2026-04-22 12:29:00+00:00,99294.63693521115
2026-04-22 12:44:00+00:00,99294.63693521115
2026-04-22 12:59:00+00:00,99294.63693521115
2026-04-22 13:14:00+00:00,99294.63693521115
2026-04-22 13:29:00+00:00,99294.63693521115
2026-04-22 13:44:00+00:00,99294.63693521115
2026-04-22 13:59:00+00:00,99302.11162040908
2026-04-22 14:14:00+00:00,99284.48274615724
2026-04-22 14:29:00+00:00,99296.66453531278
2026-04-22 14:44:00+00:00,99310.62520678877
2026-04-22 14:59:00+00:00,99311.65369271176
2026-04-22 15:14:00+00:00,99329.58992554974
2026-04-22 15:29:00+00:00,99332.11478661539
2026-04-22 15:44:00+00:00,99322.70175653978
2026-04-22 15:59:00+00:00,99334.0535620886
2026-04-22 16:14:00+00:00,99336.73954785528
2026-04-22 16:29:00+00:00,99335.7794765843
2026-04-22 16:44:00+00:00,99338.97264338625
2026-04-22 16:59:00+00:00,99339.04519385273
2026-04-22 17:14:00+00:00,99311.4865067614
2026-04-22 17:29:00+00:00,99336.7939491325
2026-04-22 17:44:00+00:00,99339.67557063521
2026-04-22 17:59:00+00:00,99341.79842671916
2026-04-22 18:14:00+00:00,99334.77351196446
2026-04-22 18:29:00+00:00,99348.39229987065
2026-04-22 18:44:00+00:00,99355.95554132672
2026-04-22 18:59:00+00:00,99355.1735419959
2026-04-22 19:14:00+00:00,99356.06501581118
2026-04-22 19:29:00+00:00,99356.06501581118
2026-04-22 19:44:00+00:00,99356.06501581118
2026-04-22 19:59:00+00:00,99356.06501581118
2026-04-22 20:14:00+00:00,99356.06501581118
2026-04-22 20:29:00+00:00,99356.06501581118
2026-04-22 20:44:00+00:00,99356.06501581118
2026-04-22 20:59:00+00:00,99356.06501581118
2026-04-22 21:14:00+00:00,99356.06501581118
2026-04-22 21:29:00+00:00,99356.06501581118
2026-04-22 21:44:00+00:00,99356.06501581118
2026-04-22 21:59:00+00:00,99356.06501581118
2026-04-22 22:14:00+00:00,99356.06501581118
2026-04-22 22:29:00+00:00,99356.06501581118
2026-04-22 22:44:00+00:00,99356.06501581118
2026-04-22 22:59:00+00:00,99356.06501581118
2026-04-22 23:14:00+00:00,99356.06501581118
2026-04-22 23:29:00+00:00,99356.06501581118
2026-04-22 23:44:00+00:00,99356.06501581118
2026-04-22 23:59:00+00:00,99356.06501581118
2026-04-23 00:14:00+00:00,99356.06501581118
2026-04-23 00:29:00+00:00,99396.23178728638
2026-04-23 00:44:00+00:00,99407.67359356157
2026-04-23 00:59:00+00:00,99414.18533864742
2026-04-23 01:14:00+00:00,99402.73903713486
2026-04-23 01:29:00+00:00,99394.53924946886
2026-04-23 01:44:00+00:00,99398.99671025791
2026-04-23 01:59:00+00:00,99398.71185686707
2026-04-23 02:14:00+00:00,99396.26355467772
2026-04-23 02:29:00+00:00,99389.48307625449
2026-04-23 02:44:00+00:00,99377.23998789431
2026-04-23 02:59:00+00:00,99386.75538561543
2026-04-23 03:14:00+00:00,99396.08798542563
2026-04-23 03:29:00+00:00,99394.44844115712
2026-04-23 03:44:00+00:00,99402.66386463463
2026-04-23 03:59:00+00:00,99398.71565619757
2026-04-23 04:14:00+00:00,99398.71565619757
2026-04-23 04:29:00+00:00,99398.71565619757
2026-04-23 04:44:00+00:00,99398.71565619757
2026-04-23 04:59:00+00:00,99398.71565619757
2026-04-23 05:14:00+00:00,99398.71565619757
2026-04-23 05:29:00+00:00,99398.71565619757
2026-04-23 05:44:00+00:00,99398.71565619757
2026-04-23 05:59:00+00:00,99398.71565619757
2026-04-23 06:14:00+00:00,99398.71565619757
2026-04-23 06:29:00+00:00,99398.71565619757
2026-04-23 06:44:00+00:00,99398.71565619757
2026-04-23 06:59:00+00:00,99398.71565619757
2026-04-23 07:14:00+00:00,99398.71565619757
2026-04-23 07:29:00+00:00,99398.71565619757
2026-04-23 07:44:00+00:00,99398.71565619757
2026-04-23 07:59:00+00:00,99398.71565619757
2026-04-23 08:14:00+00:00,99398.71565619757
2026-04-23 08:29:00+00:00,99398.71565619757
2026-04-23 08:44:00+00:00,99398.71565619757
2026-04-23 08:59:00+00:00,99398.71565619757
2026-04-23 09:14:00+00:00,99398.71565619757
2026-04-23 09:29:00+00:00,99398.71565619757
2026-04-23 09:44:00+00:00,99393.57232818684
2026-04-23 09:59:00+00:00,99397.90046174015
2026-04-23 10:14:00+00:00,99396.83811829689
2026-04-23 10:29:00+00:00,99409.27632064537
2026-04-23 10:44:00+00:00,99402.9207000988
2026-04-23 10:59:00+00:00,99406.37749522725
2026-04-23 11:14:00+00:00,99409.46712674836
2026-04-23 11:29:00+00:00,99412.63327397534
2026-04-23 11:44:00+00:00,99414.18386407153
2026-04-23 11:59:00+00:00,99414.83677671955
2026-04-23 12:14:00+00:00,99410.2720496112
2026-04-23 12:29:00+00:00,99415.46507475391
2026-04-23 12:44:00+00:00,99414.88693203438
2026-04-23 12:59:00+00:00,99418.9511677843
2026-04-23 13:14:00+00:00,99418.49826615446
2026-04-23 13:29:00+00:00,99420.47074940702
2026-04-23 13:44:00+00:00,99421.0187531728
2026-04-23 13:59:00+00:00,99421.0187531728
2026-04-23 14:14:00+00:00,99421.0187531728
2026-04-23 14:29:00+00:00,99421.0187531728
2026-04-23 14:44:00+00:00,99421.0187531728
2026-04-23 14:59:00+00:00,99421.0187531728
2026-04-23 15:14:00+00:00,99421.0187531728
2026-04-23 15:29:00+00:00,99421.0187531728
2026-04-23 15:44:00+00:00,99421.0187531728
2026-04-23 15:59:00+00:00,99421.0187531728
2026-04-23 16:14:00+00:00,99421.0187531728
2026-04-23 16:29:00+00:00,99421.0187531728
2026-04-23 16:44:00+00:00,99421.0187531728
2026-04-23 16:59:00+00:00,99421.0187531728
2026-04-23 17:14:00+00:00,99421.0187531728
2026-04-23 17:29:00+00:00,99415.8529825951
2026-04-23 17:44:00+00:00,99404.46579685269
2026-04-23 17:59:00+00:00,99380.33616615366
2026-04-23 18:14:00+00:00,99387.01127258175
2026-04-23 18:29:00+00:00,99389.28249420229
2026-04-23 18:44:00+00:00,99388.7766434843
2026-04-23 18:59:00+00:00,99386.35868975022
2026-04-23 19:14:00+00:00,99397.79616660198
2026-04-23 19:29:00+00:00,99401.90759433943
2026-04-23 19:44:00+00:00,99413.63378583659
2026-04-23 19:59:00+00:00,99423.13200321567
2026-04-23 20:14:00+00:00,99413.49534902758
2026-04-23 20:29:00+00:00,99417.67236303125
2026-04-23 20:44:00+00:00,99415.66368201394
2026-04-23 20:59:00+00:00,99423.44524252396
2026-04-23 21:14:00+00:00,99425.38889624231
2026-04-23 21:29:00+00:00,99433.8425253363
2026-04-23 21:44:00+00:00,99422.39944084316
2026-04-23 21:59:00+00:00,99427.53820985442
2026-04-23 22:14:00+00:00,99432.65387447564
2026-04-23 22:29:00+00:00,99427.96670105623
2026-04-23 22:44:00+00:00,99412.62162757831
2026-04-23 22:59:00+00:00,99406.61516590096
2026-04-23 23:14:00+00:00,99401.96316449909
2026-04-23 23:29:00+00:00,99411.45975776558
2026-04-23 23:44:00+00:00,99413.34852070166
2026-04-23 23:59:00+00:00,99406.41550986296
2026-04-24 00:14:00+00:00,99406.41550986296
2026-04-24 00:29:00+00:00,99406.41550986296
2026-04-24 00:44:00+00:00,99406.41550986296
2026-04-24 00:59:00+00:00,99406.41550986296
2026-04-24 01:14:00+00:00,99412.07321380018
2026-04-24 01:29:00+00:00,99413.64554626738
2026-04-24 01:44:00+00:00,99415.1524075287
2026-04-24 01:59:00+00:00,99416.29327463452
2026-04-24 02:14:00+00:00,99410.88633945014
2026-04-24 02:29:00+00:00,99418.35255366805
2026-04-24 02:44:00+00:00,99434.30871580815
2026-04-24 02:59:00+00:00,99411.75267721756
2026-04-24 03:14:00+00:00,99407.98149447907
2026-04-24 03:29:00+00:00,99410.06874926019
2026-04-24 03:44:00+00:00,99415.44576098114
2026-04-24 03:59:00+00:00,99427.80560994336
2026-04-24 04:14:00+00:00,99418.66316620552
2026-04-24 04:29:00+00:00,99422.94872251773
2026-04-24 04:44:00+00:00,99418.14966189105
2026-04-24 04:59:00+00:00,99416.56518728234
2026-04-24 05:14:00+00:00,99416.53001673704
2026-04-24 05:29:00+00:00,99430.38026243375
2026-04-24 05:44:00+00:00,99424.70509779373
2026-04-24 05:59:00+00:00,99424.70509779373
2026-04-24 06:14:00+00:00,99424.70509779373
2026-04-24 06:29:00+00:00,99424.70509779373
2026-04-24 06:44:00+00:00,99424.70509779373
2026-04-24 06:59:00+00:00,99424.70509779373
2026-04-24 07:14:00+00:00,99424.70509779373
2026-04-24 07:29:00+00:00,99420.50841318716
2026-04-24 07:44:00+00:00,99430.68863296606
2026-04-24 07:59:00+00:00,99433.86438489096
2026-04-24 08:14:00+00:00,99465.00061101977
2026-04-24 08:29:00+00:00,99466.11856467967
2026-04-24 08:44:00+00:00,99468.5398275421
2026-04-24 08:59:00+00:00,99468.5398275421
2026-04-24 09:14:00+00:00,99468.5398275421
2026-04-24 09:29:00+00:00,99468.5398275421
2026-04-24 09:44:00+00:00,99468.5398275421
2026-04-24 09:59:00+00:00,99468.5398275421
2026-04-24 10:14:00+00:00,99468.5398275421
2026-04-24 10:29:00+00:00,99468.5398275421
2026-04-24 10:44:00+00:00,99468.5398275421
2026-04-24 10:59:00+00:00,99468.5398275421
2026-04-24 11:14:00+00:00,99468.5398275421
2026-04-24 11:29:00+00:00,99468.5398275421
2026-04-24 11:44:00+00:00,99468.5398275421
2026-04-24 11:59:00+00:00,99468.5398275421
2026-04-24 12:14:00+00:00,99468.5398275421
2026-04-24 12:29:00+00:00,99469.93189579553
2026-04-24 12:44:00+00:00,99476.06437964134
2026-04-24 12:59:00+00:00,99484.96068995119
2026-04-24 13:14:00+00:00,99477.50670266626
2026-04-24 13:29:00+00:00,99476.3418673541
2026-04-24 13:44:00+00:00,99481.95503673864
2026-04-24 13:59:00+00:00,99482.20370696617
2026-04-24 14:14:00+00:00,99487.42171442411
2026-04-24 14:29:00+00:00,99489.73712875851
2026-04-24 14:44:00+00:00,99485.3097506176
2026-04-24 14:59:00+00:00,99485.3097506176
2026-04-24 15:14:00+00:00,99485.3097506176
2026-04-24 15:29:00+00:00,99485.3097506176
2026-04-24 15:44:00+00:00,99485.3097506176
2026-04-24 15:59:00+00:00,99485.3097506176
2026-04-24 16:14:00+00:00,99491.14648086719
2026-04-24 16:29:00+00:00,99495.2256518067
2026-04-24 16:44:00+00:00,99538.25234711544
2026-04-24 16:59:00+00:00,99540.36310698527
2026-04-24 17:14:00+00:00,99531.03616776344
2026-04-24 17:29:00+00:00,99521.86523277768
2026-04-24 17:44:00+00:00,99532.78970612695
2026-04-24 17:59:00+00:00,99537.9315697713
2026-04-24 18:14:00+00:00,99528.83399027398
2026-04-24 18:29:00+00:00,99529.10787660323
2026-04-24 18:44:00+00:00,99526.163582614
2026-04-24 18:59:00+00:00,99523.0699644148
2026-04-24 19:14:00+00:00,99518.10308596893
2026-04-24 19:29:00+00:00,99524.19704910883
2026-04-24 19:44:00+00:00,99520.19424232497
2026-04-24 19:59:00+00:00,99522.78457485346
2026-04-24 20:14:00+00:00,99522.52684524494
2026-04-24 20:29:00+00:00,99526.84956793189
2026-04-24 20:44:00+00:00,99525.55340715272
2026-04-24 20:59:00+00:00,99525.55340715272
2026-04-24 21:14:00+00:00,99525.55340715272
2026-04-24 21:29:00+00:00,99529.398363469
2026-04-24 21:44:00+00:00,99538.79692356993
2026-04-24 21:59:00+00:00,99541.27936593107
2026-04-24 22:14:00+00:00,99554.07990196439
2026-04-24 22:29:00+00:00,99551.21903053102
2026-04-24 22:44:00+00:00,99551.21903053102
2026-04-24 22:59:00+00:00,99551.21903053102
2026-04-24 23:14:00+00:00,99551.21903053102
2026-04-24 23:29:00+00:00,99551.21903053102
2026-04-24 23:44:00+00:00,99551.21903053102
2026-04-24 23:59:00+00:00,99551.21903053102
2026-04-25 00:14:00+00:00,99551.21903053102
2026-04-25 00:29:00+00:00,99551.21903053102
2026-04-25 00:44:00+00:00,99551.21903053102
2026-04-25 00:59:00+00:00,99551.21903053102
2026-04-25 01:14:00+00:00,99551.21903053102
2026-04-25 01:29:00+00:00,99551.21903053102
2026-04-25 01:44:00+00:00,99569.0211104899
2026-04-25 01:59:00+00:00,99571.19834575597
2026-04-25 02:14:00+00:00,99585.80762526086
2026-04-25 02:29:00+00:00,99589.31256636551
2026-04-25 02:44:00+00:00,99585.52007532599
2026-04-25 02:59:00+00:00,99591.18674544586
2026-04-25 03:14:00+00:00,99585.53887129834
2026-04-25 03:29:00+00:00,99587.38589332472
2026-04-25 03:44:00+00:00,99580.67716836103
2026-04-25 03:59:00+00:00,99584.22889485283
2026-04-25 04:14:00+00:00,99574.2975195117
2026-04-25 04:29:00+00:00,99580.74199003947
2026-04-25 04:44:00+00:00,99580.08990760581
2026-04-25 04:59:00+00:00,99585.983641549
2026-04-25 05:14:00+00:00,99583.7936016915
2026-04-25 05:29:00+00:00,99580.93946910455
2026-04-25 05:44:00+00:00,99585.98449795225
2026-04-25 05:59:00+00:00,99598.66347918138
2026-04-25 06:14:00+00:00,99585.92433338132
2026-04-25 06:29:00+00:00,99585.92433338132
2026-04-25 06:44:00+00:00,99585.92433338132
2026-04-25 06:59:00+00:00,99585.92433338132
2026-04-25 07:14:00+00:00,99585.92433338132
2026-04-25 07:29:00+00:00,99585.92433338132
2026-04-25 07:44:00+00:00,99585.92433338132
2026-04-25 07:59:00+00:00,99585.92433338132
2026-04-25 08:14:00+00:00,99585.92433338132
2026-04-25 08:29:00+00:00,99585.92433338132
2026-04-25 08:44:00+00:00,99585.92433338132
2026-04-25 08:59:00+00:00,99585.92433338132
2026-04-25 09:14:00+00:00,99585.92433338132
2026-04-25 09:29:00+00:00,99585.92433338132
2026-04-25 09:44:00+00:00,99585.92433338132
2026-04-25 09:59:00+00:00,99585.66296139987
2026-04-25 10:14:00+00:00,99594.50270654119
2026-04-25 10:29:00+00:00,99583.66122774607
2026-04-25 10:44:00+00:00,99587.96047595327
2026-04-25 10:59:00+00:00,99582.1141176249
2026-04-25 11:14:00+00:00,99586.87226758053
2026-04-25 11:29:00+00:00,99586.51463588896
2026-04-25 11:44:00+00:00,99594.40083893885
2026-04-25 11:59:00+00:00,99591.42939657258
2026-04-25 12:14:00+00:00,99591.42939657258
2026-04-25 12:29:00+00:00,99591.42939657258
2026-04-25 12:44:00+00:00,99591.42939657258
2026-04-25 12:59:00+00:00,99591.42939657258
2026-04-25 13:14:00+00:00,99591.42939657258
2026-04-25 13:29:00+00:00,99591.42939657258
2026-04-25 13:44:00+00:00,99591.42939657258
2026-04-25 13:59:00+00:00,99591.42939657258
2026-04-25 14:14:00+00:00,99591.42939657258
2026-04-25 14:29:00+00:00,99591.42939657258
2026-04-25 14:44:00+00:00,99591.42939657258
2026-04-25 14:59:00+00:00,99591.42939657258
2026-04-25 15:14:00+00:00,99591.42939657258
2026-04-25 15:29:00+00:00,99591.42939657258
2026-04-25 15:44:00+00:00,99596.47840836256
2026-04-25 15:59:00+00:00,99601.994066548
2026-04-25 16:14:00+00:00,99605.10866502744
2026-04-25 16:29:00+00:00,99613.07874233929
2026-04-25 16:44:00+00:00,99603.04948495787
2026-04-25 16:59:00+00:00,99600.36677162095
2026-04-25 17:14:00+00:00,99598.73294005818
2026-04-25 17:29:00+00:00,99597.42162360545
2026-04-25 17:44:00+00:00,99601.13400798818
2026-04-25 17:59:00+00:00,99611.62740272594
2026-04-25 18:14:00+00:00,99620.73019185412
2026-04-25 18:29:00+00:00,99620.10813989131
2026-04-25 18:44:00+00:00,99632.3476394029
2026-04-25 18:59:00+00:00,99625.48614952262
2026-04-25 19:14:00+00:00,99625.35843133164
2026-04-25 19:29:00+00:00,99619.99841170278
2026-04-25 19:44:00+00:00,99615.33755695898
2026-04-25 19:59:00+00:00,99612.26517656413
2026-04-25 20:14:00+00:00,99613.9328801854
2026-04-25 20:29:00+00:00,99613.56906166614
2026-04-25 20:44:00+00:00,99611.20028661235
2026-04-25 20:59:00+00:00,99611.20028661235
2026-04-25 21:14:00+00:00,99611.20028661235
2026-04-25 21:29:00+00:00,99611.20028661235
2026-04-25 21:44:00+00:00,99611.20028661235
2026-04-25 21:59:00+00:00,99611.20028661235
2026-04-25 22:14:00+00:00,99611.20028661235
2026-04-25 22:29:00+00:00,99611.20028661235
2026-04-25 22:44:00+00:00,99611.20028661235
2026-04-25 22:59:00+00:00,99611.20028661235
2026-04-25 23:14:00+00:00,99611.20028661235
2026-04-25 23:29:00+00:00,99611.20028661235
2026-04-25 23:44:00+00:00,99611.20028661235
2026-04-25 23:59:00+00:00,99611.20028661235
2026-04-26 00:14:00+00:00,99611.20028661235
2026-04-26 00:29:00+00:00,99611.20028661235
2026-04-26 00:44:00+00:00,99611.20028661235
2026-04-26 00:59:00+00:00,99611.20028661235
2026-04-26 01:14:00+00:00,99611.20028661235
2026-04-26 01:29:00+00:00,99611.20028661235
2026-04-26 01:44:00+00:00,99611.20028661235
2026-04-26 01:59:00+00:00,99611.20028661235
2026-04-26 02:14:00+00:00,99611.20028661235
2026-04-26 02:29:00+00:00,99611.20028661235
2026-04-26 02:44:00+00:00,99611.20028661235
2026-04-26 02:59:00+00:00,99611.20028661235
2026-04-26 03:14:00+00:00,99611.20028661235
2026-04-26 03:29:00+00:00,99611.20028661235
2026-04-26 03:44:00+00:00,99611.20028661235
2026-04-26 03:59:00+00:00,99611.20028661235
2026-04-26 04:14:00+00:00,99611.20028661235
2026-04-26 04:29:00+00:00,99611.20028661235
2026-04-26 04:44:00+00:00,99600.28860132882
2026-04-26 04:59:00+00:00,99606.98594226832
2026-04-26 05:14:00+00:00,99596.32942366136
2026-04-26 05:29:00+00:00,99587.95122448305
2026-04-26 05:44:00+00:00,99593.23508255524
2026-04-26 05:59:00+00:00,99603.32154869147
2026-04-26 06:14:00+00:00,99588.1408430468
2026-04-26 06:29:00+00:00,99591.02586194688
2026-04-26 06:44:00+00:00,99574.69505812637
2026-04-26 06:59:00+00:00,99576.19245422192
2026-04-26 07:14:00+00:00,99582.14751283808
2026-04-26 07:29:00+00:00,99573.84264321024
2026-04-26 07:44:00+00:00,99572.21575201646
2026-04-26 07:59:00+00:00,99580.0548488708
2026-04-26 08:14:00+00:00,99586.722229705
2026-04-26 08:29:00+00:00,99585.34404039328
2026-04-26 08:44:00+00:00,99585.34404039328
2026-04-26 08:59:00+00:00,99585.34404039328
2026-04-26 09:14:00+00:00,99585.34404039328
2026-04-26 09:29:00+00:00,99585.34404039328
2026-04-26 09:44:00+00:00,99589.67000703575
2026-04-26 09:59:00+00:00,99586.42486357661
2026-04-26 10:14:00+00:00,99581.31572179955
2026-04-26 10:29:00+00:00,99580.32423574889
2026-04-26 10:44:00+00:00,99578.37403856286
2026-04-26 10:59:00+00:00,99578.71616786852
2026-04-26 11:14:00+00:00,99572.86833505795
2026-04-26 11:29:00+00:00,99558.0495608794
2026-04-26 11:44:00+00:00,99562.5557615164
2026-04-26 11:59:00+00:00,99569.04620362003
2026-04-26 12:14:00+00:00,99565.72856083963
2026-04-26 12:29:00+00:00,99568.0118543465
2026-04-26 12:44:00+00:00,99566.73888548145
2026-04-26 12:59:00+00:00,99565.17781833063
2026-04-26 13:14:00+00:00,99551.23531141249
2026-04-26 13:29:00+00:00,99557.22650612459
2026-04-26 13:44:00+00:00,99549.08585753497
2026-04-26 13:59:00+00:00,99586.42460040118
2026-04-26 14:14:00+00:00,99586.65994624948
2026-04-26 14:29:00+00:00,99576.68705453257
2026-04-26 14:44:00+00:00,99582.62425142594
2026-04-26 14:59:00+00:00,99573.68646560366
2026-04-26 15:14:00+00:00,99578.44745258681
2026-04-26 15:29:00+00:00,99597.74515108214
2026-04-26 15:44:00+00:00,99583.97173546371
2026-04-26 15:59:00+00:00,99577.90007518082
2026-04-26 16:14:00+00:00,99584.29254264825
2026-04-26 16:29:00+00:00,99580.0728148755
2026-04-26 16:44:00+00:00,99584.20741626108
2026-04-26 16:59:00+00:00,99584.16949905308
2026-04-26 17:14:00+00:00,99579.41772945733
2026-04-26 17:29:00+00:00,99581.35233342061
2026-04-26 17:44:00+00:00,99579.73725935636
2026-04-26 17:59:00+00:00,99576.89894884707
2026-04-26 18:14:00+00:00,99559.2314702707
2026-04-26 18:29:00+00:00,99589.96686981959
2026-04-26 18:44:00+00:00,99604.4713123003
2026-04-26 18:59:00+00:00,99602.08891262849
2026-04-26 19:14:00+00:00,99606.39141137744
2026-04-26 19:29:00+00:00,99604.57809774022
2026-04-26 19:44:00+00:00,99600.76382172419
2026-04-26 19:59:00+00:00,99603.87257441181
2026-04-26 20:14:00+00:00,99601.49631149494
2026-04-26 20:29:00+00:00,99601.49631149494
2026-04-26 20:44:00+00:00,99601.49631149494
2026-04-26 20:59:00+00:00,99601.49631149494
2026-04-26 21:14:00+00:00,99601.49631149494
2026-04-26 21:29:00+00:00,99604.20731992165
2026-04-26 21:44:00+00:00,99601.19254400214
2026-04-26 21:59:00+00:00,99601.19254400214
2026-04-26 22:14:00+00:00,99601.19254400214
2026-04-26 22:29:00+00:00,99601.19254400214
2026-04-26 22:44:00+00:00,99601.19254400214
2026-04-26 22:59:00+00:00,99601.19254400214
2026-04-26 23:14:00+00:00,99601.19254400214
2026-04-26 23:29:00+00:00,99601.19254400214
2026-04-26 23:44:00+00:00,99601.19254400214
2026-04-26 23:59:00+00:00,99601.19254400214
2026-04-27 00:14:00+00:00,99605.36641896155
2026-04-27 00:29:00+00:00,99601.43268756733
2026-04-27 00:44:00+00:00,99600.2618996171
2026-04-27 00:59:00+00:00,99591.28455040025
2026-04-27 01:14:00+00:00,99603.73211124993
2026-04-27 01:29:00+00:00,99614.68551072228
2026-04-27 01:44:00+00:00,99611.28740865957
2026-04-27 01:59:00+00:00,99600.71304919434
2026-04-27 02:14:00+00:00,99623.17026885143
2026-04-27 02:29:00+00:00,99622.04638663227
2026-04-27 02:44:00+00:00,99624.97579707309
2026-04-27 02:59:00+00:00,99614.35638408725
2026-04-27 03:14:00+00:00,99613.2424846593
2026-04-27 03:29:00+00:00,99613.57202383001
2026-04-27 03:44:00+00:00,99627.20284655741
2026-04-27 03:59:00+00:00,99623.13286836441
2026-04-27 04:14:00+00:00,99608.30695594268
2026-04-27 04:29:00+00:00,99617.38937091088
2026-04-27 04:44:00+00:00,99617.73845704219
2026-04-27 04:59:00+00:00,99606.66993947534
2026-04-27 05:14:00+00:00,99640.00400694864
2026-04-27 05:29:00+00:00,99600.17592852225
2026-04-27 05:44:00+00:00,99605.82419583967
2026-04-27 05:59:00+00:00,99592.89117501336
2026-04-27 06:14:00+00:00,99601.30285715974
2026-04-27 06:29:00+00:00,99584.73661834851
2026-04-27 06:44:00+00:00,99579.07805622165
2026-04-27 06:59:00+00:00,99580.18576340572
2026-04-27 07:14:00+00:00,99581.22311700063
2026-04-27 07:29:00+00:00,99580.66321981684
2026-04-27 07:44:00+00:00,99589.25227472562
2026-04-27 07:59:00+00:00,99572.64323828203
2026-04-27 08:14:00+00:00,99582.58455472236
2026-04-27 08:29:00+00:00,99566.44546912635
2026-04-27 08:44:00+00:00,99571.6917523229
2026-04-27 08:59:00+00:00,99588.3507597162
2026-04-27 09:14:00+00:00,99591.8964899326
2026-04-27 09:29:00+00:00,99571.30428118841
2026-04-27 09:44:00+00:00,99571.30428118841
2026-04-27 09:59:00+00:00,99571.30428118841
2026-04-27 10:14:00+00:00,99571.30428118841
2026-04-27 10:29:00+00:00,99571.30428118841
2026-04-27 10:44:00+00:00,99561.5871917071
2026-04-27 10:59:00+00:00,99564.06945824527
2026-04-27 11:14:00+00:00,99565.00467897975
2026-04-27 11:29:00+00:00,99565.76629510937
2026-04-27 11:44:00+00:00,99569.89494081191
2026-04-27 11:59:00+00:00,99567.57457153565
2026-04-27 12:14:00+00:00,99567.57457153565
2026-04-27 12:29:00+00:00,99567.57457153565
2026-04-27 12:44:00+00:00,99567.57457153565
2026-04-27 12:59:00+00:00,99567.57457153565
2026-04-27 13:14:00+00:00,99567.57457153565
2026-04-27 13:29:00+00:00,99567.57457153565
2026-04-27 13:44:00+00:00,99559.58607576558
2026-04-27 13:59:00+00:00,99544.01863752243
2026-04-27 14:14:00+00:00,99554.41987321456
2026-04-27 14:29:00+00:00,99554.1029394976
2026-04-27 14:44:00+00:00,99561.84443552456
2026-04-27 14:59:00+00:00,99560.472241316
2026-04-27 15:14:00+00:00,99528.53902220968
2026-04-27 15:29:00+00:00,99509.81021495473
2026-04-27 15:44:00+00:00,99511.4840035115
2026-04-27 15:59:00+00:00,99501.74782684741
2026-04-27 16:14:00+00:00,99518.61585231885
2026-04-27 16:29:00+00:00,99516.07430617118
2026-04-27 16:44:00+00:00,99522.10857460299
2026-04-27 16:59:00+00:00,99534.48679526761
2026-04-27 17:14:00+00:00,99537.70272144556
2026-04-27 17:29:00+00:00,99521.1452076123
2026-04-27 17:44:00+00:00,99545.07607123716
2026-04-27 17:59:00+00:00,99545.08336209945
2026-04-27 18:14:00+00:00,99555.14443239103
2026-04-27 18:29:00+00:00,99553.55465527646
2026-04-27 18:44:00+00:00,99553.55465527646
2026-04-27 18:59:00+00:00,99553.55465527646
2026-04-27 19:14:00+00:00,99553.55465527646
2026-04-27 19:29:00+00:00,99553.55465527646
2026-04-27 19:44:00+00:00,99556.73788016663
2026-04-27 19:59:00+00:00,99553.71569480987
2026-04-27 20:14:00+00:00,99556.32931267585
2026-04-27 20:29:00+00:00,99556.91381026353
2026-04-27 20:44:00+00:00,99557.55448167834
2026-04-27 20:59:00+00:00,99567.882449874
2026-04-27 21:14:00+00:00,99559.92402308158
2026-04-27 21:29:00+00:00,99559.92402308158
2026-04-27 21:44:00+00:00,99559.92402308158
2026-04-27 21:59:00+00:00,99559.92402308158
2026-04-27 22:14:00+00:00,99559.92402308158
2026-04-27 22:29:00+00:00,99560.80267211715
2026-04-27 22:44:00+00:00,99558.98562420491
2026-04-27 22:59:00+00:00,99558.98562420491
2026-04-27 23:14:00+00:00,99541.49594831315
2026-04-27 23:29:00+00:00,99533.96826833356
2026-04-27 23:44:00+00:00,99535.07089976956
2026-04-27 23:59:00+00:00,99543.52514599686
2026-04-28 00:14:00+00:00,99550.09088963518
2026-04-28 00:29:00+00:00,99546.82387505248
2026-04-28 00:44:00+00:00,99546.82387505248
2026-04-28 00:59:00+00:00,99546.82387505248
2026-04-28 01:14:00+00:00,99546.82387505248
2026-04-28 01:29:00+00:00,99541.95856170559
2026-04-28 01:44:00+00:00,99543.2854763987
2026-04-28 01:59:00+00:00,99542.16281576671
2026-04-28 02:14:00+00:00,99534.33303190916
2026-04-28 02:29:00+00:00,99535.13817300697
2026-04-28 02:44:00+00:00,99536.08246180063
2026-04-28 02:59:00+00:00,99530.12222326834
2026-04-28 03:14:00+00:00,99526.68610735076
2026-04-28 03:29:00+00:00,99529.78844679645
2026-04-28 03:44:00+00:00,99533.89447566631
2026-04-28 03:59:00+00:00,99524.73988868852
2026-04-28 04:14:00+00:00,99493.037990654
2026-04-28 04:29:00+00:00,99507.47931302212
2026-04-28 04:44:00+00:00,99504.43653551824
2026-04-28 04:59:00+00:00,99502.96977225799
2026-04-28 05:14:00+00:00,99496.92527725741
2026-04-28 05:29:00+00:00,99481.87022890404
2026-04-28 05:44:00+00:00,99481.79470859881
2026-04-28 05:59:00+00:00,99483.83353026694
2026-04-28 06:14:00+00:00,99487.20233697357
2026-04-28 06:29:00+00:00,99495.53285194721
2026-04-28 06:44:00+00:00,99505.94390181598
2026-04-28 06:59:00+00:00,99496.50850059216
2026-04-28 07:14:00+00:00,99496.50850059216
2026-04-28 07:29:00+00:00,99496.50850059216
2026-04-28 07:44:00+00:00,99492.90845907114
2026-04-28 07:59:00+00:00,99504.9146166237
2026-04-28 08:14:00+00:00,99510.08755656325
2026-04-28 08:29:00+00:00,99523.20102976054
2026-04-28 08:44:00+00:00,99507.53879118936
2026-04-28 08:59:00+00:00,99514.17651482124
2026-04-28 09:14:00+00:00,99513.56527162805
2026-04-28 09:29:00+00:00,99513.56527162805
2026-04-28 09:44:00+00:00,99513.56527162805
2026-04-28 09:59:00+00:00,99513.56527162805
2026-04-28 10:14:00+00:00,99513.56527162805
2026-04-28 10:29:00+00:00,99513.56527162805
2026-04-28 10:44:00+00:00,99502.89769243888
2026-04-28 10:59:00+00:00,99504.35374630598
2026-04-28 11:14:00+00:00,99538.00995419288
2026-04-28 11:29:00+00:00,99544.68714729566
2026-04-28 11:44:00+00:00,99513.05872419133
2026-04-28 11:59:00+00:00,99505.13017103267
2026-04-28 12:14:00+00:00,99512.99952656553
2026-04-28 12:29:00+00:00,99519.34528181388
2026-04-28 12:44:00+00:00,99515.47804998372
2026-04-28 12:59:00+00:00,99509.49113263363
2026-04-28 13:14:00+00:00,99511.79375865246
2026-04-28 13:29:00+00:00,99509.76148059999
2026-04-28 13:44:00+00:00,99517.13925976957
2026-04-28 13:59:00+00:00,99496.46508488606
2026-04-28 14:14:00+00:00,99513.62042027252
2026-04-28 14:29:00+00:00,99519.9975925266
2026-04-28 14:44:00+00:00,99513.58681464872
2026-04-28 14:59:00+00:00,99477.32064319098
2026-04-28 15:14:00+00:00,99477.50097554219
2026-04-28 15:29:00+00:00,99489.83464108034
2026-04-28 15:44:00+00:00,99514.07474839062
2026-04-28 15:59:00+00:00,99495.33041424204
2026-04-28 16:14:00+00:00,99481.783929888
2026-04-28 16:29:00+00:00,99500.41704235111
2026-04-28 16:44:00+00:00,99519.49595810972
2026-04-28 16:59:00+00:00,99518.66018153298
2026-04-28 17:14:00+00:00,99516.70992261948
2026-04-28 17:29:00+00:00,99537.69650189971
2026-04-28 17:44:00+00:00,99549.9579404419
2026-04-28 17:59:00+00:00,99547.36308390372
2026-04-28 18:14:00+00:00,99546.63733439548
2026-04-28 18:29:00+00:00,99562.76634496808
2026-04-28 18:44:00+00:00,99555.08984975769
2026-04-28 18:59:00+00:00,99561.1433941063
2026-04-28 19:14:00+00:00,99557.73007271466
2026-04-28 19:29:00+00:00,99563.19144123465
2026-04-28 19:44:00+00:00,99564.17140667027
2026-04-28 19:59:00+00:00,99563.51345765681
2026-04-28 20:14:00+00:00,99560.44152307605
2026-04-28 20:29:00+00:00,99580.69171079202
2026-04-28 20:44:00+00:00,99592.37394033448
2026-04-28 20:59:00+00:00,99584.08487109894
2026-04-28 21:14:00+00:00,99604.82704826014
2026-04-28 21:29:00+00:00,99602.0470795648
2026-04-28 21:44:00+00:00,99603.56611888364
2026-04-28 21:59:00+00:00,99600.70466465011
2026-04-28 22:14:00+00:00,99600.70466465011
2026-04-28 22:29:00+00:00,99600.70466465011
2026-04-28 22:44:00+00:00,99600.70466465011
2026-04-28 22:59:00+00:00,99600.70466465011
2026-04-28 23:14:00+00:00,99600.70466465011
2026-04-28 23:29:00+00:00,99600.70466465011
2026-04-28 23:44:00+00:00,99600.70466465011
2026-04-28 23:59:00+00:00,99600.70466465011
2026-04-29 00:14:00+00:00,99607.37182434488
2026-04-29 00:29:00+00:00,99598.08302257372
2026-04-29 00:44:00+00:00,99609.30978943693
2026-04-29 00:59:00+00:00,99607.4882388126
2026-04-29 01:14:00+00:00,99599.13918522981
2026-04-29 01:29:00+00:00,99605.08613825559
2026-04-29 01:44:00+00:00,99606.38995379355
2026-04-29 01:59:00+00:00,99602.92994610392
2026-04-29 02:14:00+00:00,99606.60417887136
2026-04-29 02:29:00+00:00,99605.05840610176
2026-04-29 02:44:00+00:00,99597.35434513076
2026-04-29 02:59:00+00:00,99604.59724032848
2026-04-29 03:14:00+00:00,99609.00179294414
2026-04-29 03:29:00+00:00,99595.31293252112
2026-04-29 03:44:00+00:00,99566.83152812222
2026-04-29 03:59:00+00:00,99589.96530720589
2026-04-29 04:14:00+00:00,99578.0476384012
2026-04-29 04:29:00+00:00,99588.82497862873
2026-04-29 04:44:00+00:00,99573.39873799258
2026-04-29 04:59:00+00:00,99572.46551524352
2026-04-29 05:14:00+00:00,99571.63998323778
2026-04-29 05:29:00+00:00,99583.53052781649
2026-04-29 05:44:00+00:00,99598.64453398307
2026-04-29 05:59:00+00:00,99566.49138673436
2026-04-29 06:14:00+00:00,99570.75130190092
2026-04-29 06:29:00+00:00,99568.48513100456
2026-04-29 06:44:00+00:00,99569.98562071868
2026-04-29 06:59:00+00:00,99569.01640405144
2026-04-29 07:14:00+00:00,99565.88611827919
2026-04-29 07:29:00+00:00,99528.40924532246
2026-04-29 07:44:00+00:00,99463.71886098775
2026-04-29 07:59:00+00:00,99431.89455031122
2026-04-29 08:14:00+00:00,99401.84091862322
2026-04-29 08:29:00+00:00,99398.66607295802
2026-04-29 08:44:00+00:00,99389.60794161438
2026-04-29 08:59:00+00:00,99381.93754281392
2026-04-29 09:14:00+00:00,99333.40584918964
2026-04-29 09:29:00+00:00,99297.83375115866
2026-04-29 09:44:00+00:00,99281.48202460734
2026-04-29 09:59:00+00:00,99222.60916818582
2026-04-29 10:14:00+00:00,99204.74866988507
2026-04-29 10:29:00+00:00,99224.34252668233
2026-04-29 10:44:00+00:00,99199.88874495814
2026-04-29 10:59:00+00:00,99190.929104876
2026-04-29 11:14:00+00:00,99180.52604432542
2026-04-29 11:29:00+00:00,99181.61692720225
2026-04-29 11:44:00+00:00,99166.49551137724
2026-04-29 11:59:00+00:00,99201.11631938494
2026-04-29 12:14:00+00:00,99279.20115518833
2026-04-29 12:29:00+00:00,99273.2678962189
2026-04-29 12:44:00+00:00,99289.2489856169
2026-04-29 12:59:00+00:00,99289.66159754677
2026-04-29 13:14:00+00:00,99289.36331865782
2026-04-29 13:29:00+00:00,99303.54857655732
2026-04-29 13:44:00+00:00,99349.73284807662
2026-04-29 13:59:00+00:00,99327.94417062435
2026-04-29 14:14:00+00:00,99318.03187521322
2026-04-29 14:29:00+00:00,99350.97869979216
2026-04-29 14:44:00+00:00,99349.35829906029
2026-04-29 14:59:00+00:00,99317.1078089328
2026-04-29 15:14:00+00:00,99217.15601869057
2026-04-29 15:29:00+00:00,99243.15107051295
2026-04-29 15:44:00+00:00,99113.54050060616
2026-04-29 15:59:00+00:00,99121.23718026675
2026-04-29 16:14:00+00:00,99087.37942338196
2026-04-29 16:29:00+00:00,99021.77023053808
2026-04-29 16:44:00+00:00,98982.10243938518
2026-04-29 16:59:00+00:00,98990.83691847512
2026-04-29 17:14:00+00:00,99007.59215067848
2026-04-29 17:29:00+00:00,99040.94470618124
2026-04-29 17:44:00+00:00,99098.48434508237
2026-04-29 17:59:00+00:00,99106.51696682766
2026-04-29 18:14:00+00:00,99064.62680842583
2026-04-29 18:29:00+00:00,99040.28058524802
2026-04-29 18:44:00+00:00,99054.8666166315
2026-04-29 18:59:00+00:00,99114.1544036572
2026-04-29 19:14:00+00:00,99107.56675793913
2026-04-29 19:29:00+00:00,99096.76124534059
2026-04-29 19:44:00+00:00,99087.99980139139
2026-04-29 19:59:00+00:00,99098.37924916738
2026-04-29 20:14:00+00:00,99089.03486456061
2026-04-29 20:29:00+00:00,99113.28065873095
2026-04-29 20:44:00+00:00,99119.41321883486
2026-04-29 20:59:00+00:00,99112.91529232347
2026-04-29 21:14:00+00:00,99117.87175452484
2026-04-29 21:29:00+00:00,99109.40779790541
2026-04-29 21:44:00+00:00,99111.03958894526
2026-04-29 21:59:00+00:00,99120.6508629822
2026-04-29 22:14:00+00:00,99117.72314417925
2026-04-29 22:29:00+00:00,99117.72314417925
2026-04-29 22:44:00+00:00,99133.2021635184
2026-04-29 22:59:00+00:00,99126.72398224428
2026-04-29 23:14:00+00:00,99120.41745661681
2026-04-29 23:29:00+00:00,99138.07272669257
2026-04-29 23:44:00+00:00,99139.71922451086
2026-04-29 23:59:00+00:00,99127.28630000121
2026-04-30 00:14:00+00:00,99124.07417016817
2026-04-30 00:29:00+00:00,99122.7822227341
2026-04-30 00:44:00+00:00,99107.41652357073
2026-04-30 00:59:00+00:00,99052.07872946646
2026-04-30 01:14:00+00:00,99110.34477153658
2026-04-30 01:29:00+00:00,99099.007022809
2026-04-30 01:44:00+00:00,99079.76243661226
2026-04-30 01:59:00+00:00,99104.04312026652
2026-04-30 02:14:00+00:00,99101.9248060686
2026-04-30 02:29:00+00:00,99097.43593505913
2026-04-30 02:44:00+00:00,99158.78281956325
2026-04-30 02:59:00+00:00,99158.55627187977
2026-04-30 03:14:00+00:00,99173.57562878262
2026-04-30 03:29:00+00:00,99171.02639718779
2026-04-30 03:44:00+00:00,99171.03078673358
2026-04-30 03:59:00+00:00,99174.86249967627
2026-04-30 04:14:00+00:00,99171.41893400803
2026-04-30 04:29:00+00:00,99173.1674338713
2026-04-30 04:44:00+00:00,99175.87849605328
2026-04-30 04:59:00+00:00,99169.49232348269
2026-04-30 05:14:00+00:00,99164.29183474988
2026-04-30 05:29:00+00:00,99152.42361384677
2026-04-30 05:44:00+00:00,99173.27484486243
2026-04-30 05:59:00+00:00,99167.63900331577
2026-04-30 06:14:00+00:00,99163.47965561911
2026-04-30 06:29:00+00:00,99168.42094911887
2026-04-30 06:44:00+00:00,99179.30822297132
2026-04-30 06:59:00+00:00,99183.51296216423
2026-04-30 07:14:00+00:00,99183.51296216423
2026-04-30 07:29:00+00:00,99183.51296216423
2026-04-30 07:44:00+00:00,99183.51296216423
2026-04-30 07:59:00+00:00,99183.51296216423
2026-04-30 08:14:00+00:00,99183.51296216423
2026-04-30 08:29:00+00:00,99183.51296216423
2026-04-30 08:44:00+00:00,99183.51296216423
2026-04-30 08:59:00+00:00,99183.51296216423
2026-04-30 09:14:00+00:00,99183.51296216423
2026-04-30 09:29:00+00:00,99183.51296216423
2026-04-30 09:44:00+00:00,99183.51296216423
2026-04-30 09:59:00+00:00,99183.51296216423
2026-04-30 10:14:00+00:00,99183.51296216423
2026-04-30 10:29:00+00:00,99183.51296216423
2026-04-30 10:44:00+00:00,99183.51296216423
2026-04-30 10:59:00+00:00,99183.51296216423
2026-04-30 11:14:00+00:00,99172.42936887483
2026-04-30 11:29:00+00:00,99166.13926189182
2026-04-30 11:44:00+00:00,99180.65144982758
2026-04-30 11:59:00+00:00,99178.79225141827
2026-04-30 12:14:00+00:00,99182.99498195651
2026-04-30 12:29:00+00:00,99184.7857313684
2026-04-30 12:44:00+00:00,99193.04977073403
2026-04-30 12:59:00+00:00,99191.59812328481
2026-04-30 13:14:00+00:00,99191.59812328481
2026-04-30 13:29:00+00:00,99213.13749186724
2026-04-30 13:44:00+00:00,99191.35683704895
2026-04-30 13:59:00+00:00,99198.10313836121
2026-04-30 14:14:00+00:00,99202.09273427601
2026-04-30 14:29:00+00:00,99194.38748391962
2026-04-30 14:44:00+00:00,99194.19682742037
2026-04-30 14:59:00+00:00,99179.68677543078
2026-04-30 15:14:00+00:00,99187.59010675132
2026-04-30 15:29:00+00:00,99176.67238921634
2026-04-30 15:44:00+00:00,99170.1623798841
2026-04-30 15:59:00+00:00,99191.23474426301
2026-04-30 16:14:00+00:00,99188.6217603564
2026-04-30 16:29:00+00:00,99197.1204865117
2026-04-30 16:44:00+00:00,99187.45234984861
2026-04-30 16:59:00+00:00,99185.72612508247
2026-04-30 17:14:00+00:00,99191.03286361834
2026-04-30 17:29:00+00:00,99188.97001817227
2026-04-30 17:44:00+00:00,99188.97001817227
2026-04-30 17:59:00+00:00,99188.97001817227
2026-04-30 18:14:00+00:00,99188.97001817227
2026-04-30 18:29:00+00:00,99188.97001817227
2026-04-30 18:44:00+00:00,99188.97001817227
2026-04-30 18:59:00+00:00,99188.97001817227
2026-04-30 19:14:00+00:00,99188.97001817227
2026-04-30 19:29:00+00:00,99188.97001817227
2026-04-30 19:44:00+00:00,99188.97001817227
2026-04-30 19:59:00+00:00,99188.97001817227
2026-04-30 20:14:00+00:00,99188.97001817227
2026-04-30 20:29:00+00:00,99196.39319295161
2026-04-30 20:44:00+00:00,99196.75701975253
2026-04-30 20:59:00+00:00,99195.00753332797
2026-04-30 21:14:00+00:00,99188.143275001
2026-04-30 21:29:00+00:00,99189.70868823981
2026-04-30 21:44:00+00:00,99186.52146276034
2026-04-30 21:59:00+00:00,99189.08794560118
2026-04-30 22:14:00+00:00,99190.53249181432
2026-04-30 22:29:00+00:00,99196.48483368597
2026-04-30 22:44:00+00:00,99193.03346740827
2026-04-30 22:59:00+00:00,99193.03346740827
2026-04-30 23:14:00+00:00,99193.03346740827
2026-04-30 23:29:00+00:00,99193.03346740827
2026-04-30 23:44:00+00:00,99193.03346740827
2026-04-30 23:59:00+00:00,99193.03346740827
2026-05-01 00:00:00+00:00,99193.03346740827
2026-05-01 00:14:00+00:00,99193.03346740827
2026-05-01 00:29:00+00:00,99193.03346740827
2026-05-01 00:44:00+00:00,99193.03346740827
2026-05-01 00:59:00+00:00,99193.03346740827
2026-05-01 01:14:00+00:00,99193.03346740827
2026-05-01 01:29:00+00:00,99200.8917252964
2026-05-01 01:44:00+00:00,99191.95985041952
2026-05-01 01:59:00+00:00,99169.66000149668
2026-05-01 02:14:00+00:00,99164.25905896074
2026-05-01 02:29:00+00:00,99178.65469719884
2026-05-01 02:44:00+00:00,99187.45065147085
2026-05-01 02:59:00+00:00,99193.64544821717
2026-05-01 03:14:00+00:00,99189.97997490667
2026-05-01 03:29:00+00:00,99173.80232508676
2026-05-01 03:44:00+00:00,99182.18861211996
2026-05-01 03:59:00+00:00,99186.21062609769
2026-05-01 04:14:00+00:00,99197.90502063005
2026-05-01 04:29:00+00:00,99199.07567714583
2026-05-01 04:44:00+00:00,99199.07567714583
2026-05-01 04:59:00+00:00,99199.07567714583
2026-05-01 05:14:00+00:00,99199.07567714583
2026-05-01 05:29:00+00:00,99204.2748753636
2026-05-01 05:44:00+00:00,99205.20068956952
2026-05-01 05:59:00+00:00,99210.65630420663
2026-05-01 06:14:00+00:00,99205.71917802338
2026-05-01 06:29:00+00:00,99210.66833033867
2026-05-01 06:44:00+00:00,99208.02633504744
2026-05-01 06:59:00+00:00,99208.02633504744
2026-05-01 07:14:00+00:00,99208.02633504744
2026-05-01 07:29:00+00:00,99208.02633504744
2026-05-01 07:44:00+00:00,99208.02633504744
2026-05-01 07:59:00+00:00,99208.02633504744
2026-05-01 08:14:00+00:00,99208.02633504744
2026-05-01 08:29:00+00:00,99208.02633504744
2026-05-01 08:44:00+00:00,99207.26593581513
2026-05-01 08:59:00+00:00,99209.36272670217
2026-05-01 09:14:00+00:00,99207.87310027638
2026-05-01 09:29:00+00:00,99201.69318924805
2026-05-01 09:44:00+00:00,99204.27988537576
2026-05-01 09:59:00+00:00,99199.21103452878
2026-05-01 10:14:00+00:00,99196.42759795935
2026-05-01 10:29:00+00:00,99194.40368449276
2026-05-01 10:44:00+00:00,99197.82341183003
2026-05-01 10:59:00+00:00,99200.80496159318
2026-05-01 11:14:00+00:00,99201.34201262511
2026-05-01 11:29:00+00:00,99195.43080514604
2026-05-01 11:44:00+00:00,99192.30754963505
2026-05-01 11:59:00+00:00,99194.60406786422
2026-05-01 12:14:00+00:00,99195.9377619492
2026-05-01 12:29:00+00:00,99199.3104287345
2026-05-01 12:44:00+00:00,99193.81383003634
2026-05-01 12:59:00+00:00,99193.81383003634
2026-05-01 13:14:00+00:00,99193.81383003634
2026-05-01 13:29:00+00:00,99189.94179215729
2026-05-01 13:44:00+00:00,99199.18246974249
2026-05-01 13:59:00+00:00,99195.33066095888
2026-05-01 14:14:00+00:00,99154.06813892112
2026-05-01 14:29:00+00:00,99181.73989429735
2026-05-01 14:44:00+00:00,99163.88637023952
2026-05-01 14:59:00+00:00,99188.17363942928
2026-05-01 15:14:00+00:00,99171.64698940226
2026-05-01 15:29:00+00:00,99175.23168757564
2026-05-01 15:44:00+00:00,99189.15221304032
2026-05-01 15:59:00+00:00,99182.445831847
2026-05-01 16:14:00+00:00,99152.8348184352
2026-05-01 16:29:00+00:00,99154.08251570143
2026-05-01 16:44:00+00:00,99152.63179328834
2026-05-01 16:59:00+00:00,99141.27162641217
2026-05-01 17:14:00+00:00,99143.23723670113
2026-05-01 17:29:00+00:00,99133.93172875285
2026-05-01 17:44:00+00:00,99136.41562895544
2026-05-01 17:59:00+00:00,99133.96061944953
2026-05-01 18:14:00+00:00,99124.61427572285
2026-05-01 18:29:00+00:00,99135.64713992582
2026-05-01 18:44:00+00:00,99137.9063602493
2026-05-01 18:59:00+00:00,99129.41350749062
2026-05-01 19:14:00+00:00,99129.25171355662
2026-05-01 19:29:00+00:00,99123.49548872309
2026-05-01 19:44:00+00:00,99149.64999443905
2026-05-01 19:59:00+00:00,99144.47239918934
2026-05-01 20:14:00+00:00,99144.47239918934
2026-05-01 20:29:00+00:00,99137.46185613038
2026-05-01 20:44:00+00:00,99130.19743040192
2026-05-01 20:59:00+00:00,99122.8580329287
2026-05-01 21:14:00+00:00,99122.70180056551
2026-05-01 21:29:00+00:00,99124.34895749358
2026-05-01 21:44:00+00:00,99120.08822965497
2026-05-01 21:59:00+00:00,99118.26030804779
2026-05-01 22:14:00+00:00,99126.62646499455
2026-05-01 22:29:00+00:00,99120.63156482935
2026-05-01 22:44:00+00:00,99118.70409083876
2026-05-01 22:59:00+00:00,99112.64809563202
2026-05-01 23:14:00+00:00,99109.75285255745
2026-05-01 23:29:00+00:00,99118.55765940412
2026-05-01 23:44:00+00:00,99123.62488080714
2026-05-01 23:59:00+00:00,99126.38428357587
2026-05-02 00:14:00+00:00,99130.03224330237
2026-05-02 00:29:00+00:00,99132.5604671743
2026-05-02 00:44:00+00:00,99131.09472717461
2026-05-02 00:59:00+00:00,99128.07507301065
2026-05-02 01:14:00+00:00,99131.9301210971
2026-05-02 01:29:00+00:00,99129.13204146463
2026-05-02 01:44:00+00:00,99129.13204146463
2026-05-02 01:59:00+00:00,99129.13204146463
2026-05-02 02:14:00+00:00,99129.13204146463
2026-05-02 02:29:00+00:00,99129.13204146463
2026-05-02 02:44:00+00:00,99129.13204146463
2026-05-02 02:59:00+00:00,99129.13204146463
2026-05-02 03:14:00+00:00,99129.13204146463
2026-05-02 03:29:00+00:00,99129.13204146463
2026-05-02 03:44:00+00:00,99129.13204146463
2026-05-02 03:59:00+00:00,99129.13204146463
2026-05-02 04:14:00+00:00,99129.13204146463
2026-05-02 04:29:00+00:00,99129.13204146463
2026-05-02 04:44:00+00:00,99129.13204146463
2026-05-02 04:59:00+00:00,99129.13204146463
2026-05-02 05:14:00+00:00,99129.13204146463
2026-05-02 05:29:00+00:00,99129.13204146463
2026-05-02 05:44:00+00:00,99128.97075287889
2026-05-02 05:59:00+00:00,99123.90570985475
2026-05-02 06:14:00+00:00,99128.32428677252
2026-05-02 06:29:00+00:00,99125.35288012252
2026-05-02 06:44:00+00:00,99123.4892282957
2026-05-02 06:59:00+00:00,99130.88243560118
2026-05-02 07:14:00+00:00,99137.28063911671
2026-05-02 07:29:00+00:00,99130.31089243105
2026-05-02 07:44:00+00:00,99130.31089243105
2026-05-02 07:59:00+00:00,99130.31089243105
2026-05-02 08:14:00+00:00,99130.31089243105
2026-05-02 08:29:00+00:00,99130.31089243105
2026-05-02 08:44:00+00:00,99130.31089243105
2026-05-02 08:59:00+00:00,99130.31089243105
2026-05-02 09:14:00+00:00,99130.31089243105
2026-05-02 09:29:00+00:00,99132.98688114391
2026-05-02 09:44:00+00:00,99127.7146048506
2026-05-02 09:59:00+00:00,99119.96619743016
2026-05-02 10:14:00+00:00,99123.88040728404
2026-05-02 10:29:00+00:00,99125.07853114896
2026-05-02 10:44:00+00:00,99122.17617350629
2026-05-02 10:59:00+00:00,99127.41004847383
2026-05-02 11:14:00+00:00,99136.9346128287
2026-05-02 11:29:00+00:00,99136.09861812493
2026-05-02 11:44:00+00:00,99130.03184619601
2026-05-02 11:59:00+00:00,99132.223130284
2026-05-02 12:14:00+00:00,99137.98070003798
2026-05-02 12:29:00+00:00,99130.01986354023
2026-05-02 12:44:00+00:00,99129.04748575011
2026-05-02 12:59:00+00:00,99140.68464278632
2026-05-02 13:14:00+00:00,99127.84636699207
2026-05-02 13:29:00+00:00,99128.51711083612
2026-05-02 13:44:00+00:00,99118.0686218095
2026-05-02 13:59:00+00:00,99107.2371268735
2026-05-02 14:14:00+00:00,99124.0296244274
2026-05-02 14:29:00+00:00,99114.0585737803
2026-05-02 14:44:00+00:00,99121.06852863688
2026-05-02 14:59:00+00:00,99117.06231520638
2026-05-02 15:14:00+00:00,99118.12071608173
2026-05-02 15:29:00+00:00,99115.3474355772
2026-05-02 15:44:00+00:00,99134.31250985427
2026-05-02 15:59:00+00:00,99129.1182548457
2026-05-02 16:14:00+00:00,99142.47300504005
2026-05-02 16:29:00+00:00,99140.75746349439
2026-05-02 16:44:00+00:00,99140.75746349439
2026-05-02 16:59:00+00:00,99140.75746349439
2026-05-02 17:14:00+00:00,99146.98233227078
2026-05-02 17:29:00+00:00,99156.27109338534
2026-05-02 17:44:00+00:00,99169.46545628841
2026-05-02 17:59:00+00:00,99167.41160368487
2026-05-02 18:14:00+00:00,99167.41160368487
2026-05-02 18:29:00+00:00,99167.41160368487
2026-05-02 18:44:00+00:00,99167.41160368487
2026-05-02 18:59:00+00:00,99167.41160368487
2026-05-02 19:14:00+00:00,99166.47534964423
2026-05-02 19:29:00+00:00,99177.68798041415
2026-05-02 19:44:00+00:00,99166.24804783998
2026-05-02 19:59:00+00:00,99190.2872616127
2026-05-02 20:14:00+00:00,99186.13592510344
2026-05-02 20:29:00+00:00,99185.76897707848
2026-05-02 20:44:00+00:00,99161.72626891827
2026-05-02 20:59:00+00:00,99157.06128219231
2026-05-02 21:14:00+00:00,99172.10825221405
2026-05-02 21:29:00+00:00,99147.39452579431
2026-05-02 21:44:00+00:00,99140.38099970143
2026-05-02 21:59:00+00:00,99155.7044005219
2026-05-02 22:14:00+00:00,99147.48629846728
2026-05-02 22:29:00+00:00,99166.24096189355
2026-05-02 22:44:00+00:00,99161.92978562436
2026-05-02 22:59:00+00:00,99167.03029636611
2026-05-02 23:14:00+00:00,99170.92689029544
2026-05-02 23:29:00+00:00,99175.28960261759
2026-05-02 23:44:00+00:00,99172.71516386134
2026-05-02 23:59:00+00:00,99172.71516386134
2026-05-03 00:14:00+00:00,99172.71516386134
2026-05-03 00:29:00+00:00,99172.71516386134
2026-05-03 00:44:00+00:00,99172.71516386134
2026-05-03 00:59:00+00:00,99172.71516386134
2026-05-03 01:14:00+00:00,99172.71516386134
2026-05-03 01:29:00+00:00,99172.71516386134
2026-05-03 01:44:00+00:00,99172.71516386134
2026-05-03 01:59:00+00:00,99172.71516386134
2026-05-03 02:14:00+00:00,99165.99326991705
2026-05-03 02:29:00+00:00,99171.80177487049
2026-05-03 02:44:00+00:00,99167.403305839
2026-05-03 02:59:00+00:00,99163.66429461015
2026-05-03 03:14:00+00:00,99142.872741768
2026-05-03 03:29:00+00:00,99149.746458198
2026-05-03 03:44:00+00:00,99154.304331598
2026-05-03 03:59:00+00:00,99150.5558162817
2026-05-03 04:14:00+00:00,99148.26315178123
2026-05-03 04:29:00+00:00,99135.99564107729
2026-05-03 04:44:00+00:00,99147.05002183968
2026-05-03 04:59:00+00:00,99137.13428818974
2026-05-03 05:14:00+00:00,99147.74917275923
2026-05-03 05:29:00+00:00,99143.92466351076
2026-05-03 05:44:00+00:00,99035.1563518419
2026-05-03 05:59:00+00:00,99082.10943810765
2026-05-03 06:14:00+00:00,99109.22007107708
2026-05-03 06:29:00+00:00,99122.33678297504
2026-05-03 06:44:00+00:00,99138.40561610149
2026-05-03 06:59:00+00:00,99143.88826174868
2026-05-03 07:14:00+00:00,99172.8496018829
2026-05-03 07:29:00+00:00,99166.87316813949
2026-05-03 07:44:00+00:00,99165.5258917852
2026-05-03 07:59:00+00:00,99150.91128275493
2026-05-03 08:14:00+00:00,99151.5329212195
2026-05-03 08:29:00+00:00,99138.032187433
2026-05-03 08:44:00+00:00,99135.02172949442
2026-05-03 08:59:00+00:00,99124.30002956552
2026-05-03 09:14:00+00:00,99127.84323537888
2026-05-03 09:29:00+00:00,99124.47551276285
2026-05-03 09:44:00+00:00,99144.49572197066
2026-05-03 09:59:00+00:00,99145.10755071687
2026-05-03 10:14:00+00:00,99143.51686694377
2026-05-03 10:29:00+00:00,99149.90107779046
2026-05-03 10:44:00+00:00,99147.31643938975
2026-05-03 10:59:00+00:00,99143.2000716483
2026-05-03 11:14:00+00:00,99144.62558016911
2026-05-03 11:29:00+00:00,99142.70658894924
2026-05-03 11:44:00+00:00,99141.03872674388
2026-05-03 11:59:00+00:00,99136.73987674082
2026-05-03 12:14:00+00:00,99137.42903472391
2026-05-03 12:29:00+00:00,99130.74728440894
2026-05-03 12:44:00+00:00,99139.5439878201
2026-05-03 12:59:00+00:00,99153.0782197309
2026-05-03 13:14:00+00:00,99168.28494492463
2026-05-03 13:29:00+00:00,99174.88291638433
2026-05-03 13:44:00+00:00,99170.89277099424
2026-05-03 13:59:00+00:00,99171.19839303686
2026-05-03 14:14:00+00:00,99178.4807877991
2026-05-03 14:29:00+00:00,99174.31129261975
2026-05-03 14:44:00+00:00,99159.74739511442
2026-05-03 14:59:00+00:00,99181.07584889882
2026-05-03 15:14:00+00:00,99201.19778629368
2026-05-03 15:29:00+00:00,99204.8882000675
2026-05-03 15:44:00+00:00,99206.38891395568
2026-05-03 15:59:00+00:00,99206.38891395568
2026-05-03 16:14:00+00:00,99206.38891395568
2026-05-03 16:29:00+00:00,99206.38891395568
2026-05-03 16:44:00+00:00,99206.38891395568
2026-05-03 16:59:00+00:00,99206.38891395568
2026-05-03 17:14:00+00:00,99206.38891395568
2026-05-03 17:29:00+00:00,99206.38891395568
2026-05-03 17:44:00+00:00,99206.38891395568
2026-05-03 17:59:00+00:00,99206.38891395568
2026-05-03 18:14:00+00:00,99206.38891395568
2026-05-03 18:29:00+00:00,99206.38891395568
2026-05-03 18:44:00+00:00,99206.38891395568
2026-05-03 18:59:00+00:00,99206.38891395568
2026-05-03 19:14:00+00:00,99206.38891395568
2026-05-03 19:29:00+00:00,99206.38891395568
2026-05-03 19:44:00+00:00,99206.38891395568
2026-05-03 19:59:00+00:00,99206.38891395568
2026-05-03 20:14:00+00:00,99206.38891395568
2026-05-03 20:29:00+00:00,99206.38891395568
2026-05-03 20:44:00+00:00,99206.38891395568
2026-05-03 20:59:00+00:00,99206.38891395568
2026-05-03 21:14:00+00:00,99205.9711284127
2026-05-03 21:29:00+00:00,99202.1226678891
2026-05-03 21:44:00+00:00,99192.84163836704
2026-05-03 21:59:00+00:00,99201.37595350694
2026-05-03 22:14:00+00:00,99202.08897667262
2026-05-03 22:29:00+00:00,99209.20673429541
2026-05-03 22:44:00+00:00,99204.25300950636
2026-05-03 22:59:00+00:00,99204.25300950636
2026-05-03 23:14:00+00:00,99204.25300950636
2026-05-03 23:29:00+00:00,99204.25300950636
2026-05-03 23:44:00+00:00,99204.25300950636
2026-05-03 23:59:00+00:00,99204.25300950636
2026-05-04 00:14:00+00:00,99204.25300950636
2026-05-04 00:29:00+00:00,99204.25300950636
2026-05-04 00:44:00+00:00,99202.13092064162
2026-05-04 00:59:00+00:00,99203.67069129508
2026-05-04 01:14:00+00:00,99198.45561438725
2026-05-04 01:29:00+00:00,99200.18889753528
2026-05-04 01:44:00+00:00,99203.35721560572
2026-05-04 01:59:00+00:00,99216.45417292386
2026-05-04 02:14:00+00:00,99248.83784158732
2026-05-04 02:29:00+00:00,99246.06715656865
2026-05-04 02:44:00+00:00,99228.16002247072
2026-05-04 02:59:00+00:00,99212.1458596325
2026-05-04 03:14:00+00:00,99193.23004133366
2026-05-04 03:29:00+00:00,99235.81868578643
2026-05-04 03:44:00+00:00,99234.60373381848
2026-05-04 03:59:00+00:00,99215.8697837678
2026-05-04 04:14:00+00:00,99221.70543034656
2026-05-04 04:29:00+00:00,99248.2611554089
2026-05-04 04:44:00+00:00,99196.8481318953
2026-05-04 04:59:00+00:00,99170.24360465044
2026-05-04 05:14:00+00:00,99197.12496275677
2026-05-04 05:29:00+00:00,99238.61438139672
2026-05-04 05:44:00+00:00,99212.61514015157
2026-05-04 05:59:00+00:00,99225.17703768806
2026-05-04 06:14:00+00:00,99223.25942078551
2026-05-04 06:29:00+00:00,99274.28281862223
2026-05-04 06:44:00+00:00,99309.60251347064
2026-05-04 06:59:00+00:00,99307.41668665258
2026-05-04 07:14:00+00:00,99299.76588205075
2026-05-04 07:29:00+00:00,99308.82052274812
2026-05-04 07:44:00+00:00,99313.56419194194
2026-05-04 07:59:00+00:00,99320.0017428943
2026-05-04 08:14:00+00:00,99310.57669067368
2026-05-04 08:29:00+00:00,99292.67465821371
2026-05-04 08:44:00+00:00,99282.47792298453
2026-05-04 08:59:00+00:00,99261.181223101
2026-05-04 09:14:00+00:00,99240.16450493368
2026-05-04 09:29:00+00:00,99203.1525758544
2026-05-04 09:44:00+00:00,99181.52359768664
2026-05-04 09:59:00+00:00,99247.30521272327
2026-05-04 10:14:00+00:00,99223.27228622398
2026-05-04 10:29:00+00:00,99212.13775059914
2026-05-04 10:44:00+00:00,99187.82160945468
2026-05-04 10:59:00+00:00,99203.64795308668
2026-05-04 11:14:00+00:00,99192.86810896185
2026-05-04 11:29:00+00:00,99190.74372554563
2026-05-04 11:44:00+00:00,99202.16698604886
2026-05-04 11:59:00+00:00,99190.60581454287
2026-05-04 12:14:00+00:00,99183.89777262908
2026-05-04 12:29:00+00:00,99245.17613636782
2026-05-04 12:44:00+00:00,99245.09814976621
2026-05-04 12:59:00+00:00,99230.60687973035
2026-05-04 13:14:00+00:00,99205.08684180549
2026-05-04 13:29:00+00:00,99213.01806341998
2026-05-04 13:44:00+00:00,99215.17915699421
2026-05-04 13:59:00+00:00,99202.09434576392
2026-05-04 14:14:00+00:00,99217.11933557023
2026-05-04 14:29:00+00:00,99230.74079920241
2026-05-04 14:44:00+00:00,99221.22721974546
2026-05-04 14:59:00+00:00,99224.03405091095
2026-05-04 15:14:00+00:00,99207.96862533566
2026-05-04 15:29:00+00:00,99216.7638235768
2026-05-04 15:44:00+00:00,99206.34016914351
2026-05-04 15:59:00+00:00,99200.35954638754
2026-05-04 16:14:00+00:00,99208.95700991942
2026-05-04 16:29:00+00:00,99204.00243987562
2026-05-04 16:44:00+00:00,99200.04300528979
2026-05-04 16:59:00+00:00,99214.25130598644
2026-05-04 17:14:00+00:00,99207.34863857803
2026-05-04 17:29:00+00:00,99198.842119832
2026-05-04 17:44:00+00:00,99212.45086242624
2026-05-04 17:59:00+00:00,99213.38829422115
2026-05-04 18:14:00+00:00,99209.7686448111
2026-05-04 18:29:00+00:00,99211.53008694456
2026-05-04 18:44:00+00:00,99198.11363177864
2026-05-04 18:59:00+00:00,99195.96857493291
2026-05-04 19:14:00+00:00,99194.55321266584
2026-05-04 19:29:00+00:00,99199.66850216742
2026-05-04 19:44:00+00:00,99211.04455236584
2026-05-04 19:59:00+00:00,99208.24861473164
2026-05-04 20:14:00+00:00,99209.08811461178
2026-05-04 20:29:00+00:00,99206.65412478206
2026-05-04 20:44:00+00:00,99206.65412478206
2026-05-04 20:59:00+00:00,99195.62895288096
2026-05-04 21:14:00+00:00,99213.11315404066
2026-05-04 21:29:00+00:00,99235.86969415055
2026-05-04 21:44:00+00:00,99236.21903796148
2026-05-04 21:59:00+00:00,99236.62499654834
2026-05-04 22:14:00+00:00,99244.2176351623
2026-05-04 22:29:00+00:00,99240.4023070682
2026-05-04 22:44:00+00:00,99226.44626949356
2026-05-04 22:59:00+00:00,99238.10741928876
2026-05-04 23:14:00+00:00,99251.0340729231
2026-05-04 23:29:00+00:00,99253.64721590347
2026-05-04 23:44:00+00:00,99251.73491944876
2026-05-04 23:59:00+00:00,99251.95696434795
2026-05-05 00:14:00+00:00,99250.80252594048
2026-05-05 00:29:00+00:00,99239.5087603819
2026-05-05 00:44:00+00:00,99227.04395699326
2026-05-05 00:59:00+00:00,99219.27764930789
2026-05-05 01:14:00+00:00,99228.57263832718
2026-05-05 01:29:00+00:00,99244.78332400494
2026-05-05 01:44:00+00:00,99234.85813762338
2026-05-05 01:59:00+00:00,99224.56761153082
2026-05-05 02:14:00+00:00,99211.77888010064
2026-05-05 02:29:00+00:00,99232.00853768946
2026-05-05 02:44:00+00:00,99222.52214349803
2026-05-05 02:59:00+00:00,99237.88683818105
2026-05-05 03:14:00+00:00,99236.09905560185
2026-05-05 03:29:00+00:00,99229.98655532885
2026-05-05 03:44:00+00:00,99241.14592583527
2026-05-05 03:59:00+00:00,99231.99241541306
2026-05-05 04:14:00+00:00,99231.39771183189
2026-05-05 04:29:00+00:00,99235.82352482915
2026-05-05 04:44:00+00:00,99228.58477392305
2026-05-05 04:59:00+00:00,99215.78882185485
2026-05-05 05:14:00+00:00,99214.35014423303
2026-05-05 05:29:00+00:00,99195.43646430432
2026-05-05 05:44:00+00:00,99206.48072933969
2026-05-05 05:59:00+00:00,99212.66388076746
2026-05-05 06:14:00+00:00,99226.66874915878
2026-05-05 06:29:00+00:00,99226.91752299077
2026-05-05 06:44:00+00:00,99228.54775181459
2026-05-05 06:59:00+00:00,99222.42879940117
2026-05-05 07:14:00+00:00,99214.08005183288
2026-05-05 07:29:00+00:00,99194.86108838294
2026-05-05 07:44:00+00:00,99182.48738280442
2026-05-05 07:59:00+00:00,99192.08888950762
2026-05-05 08:14:00+00:00,99169.91559279624
2026-05-05 08:29:00+00:00,99179.88623231062
2026-05-05 08:44:00+00:00,99179.75284501594
2026-05-05 08:59:00+00:00,99180.11383036921
2026-05-05 09:14:00+00:00,99145.22508552048
2026-05-05 09:29:00+00:00,99136.02380211868
2026-05-05 09:44:00+00:00,99154.52854061933
2026-05-05 09:59:00+00:00,99146.88941192882
2026-05-05 10:14:00+00:00,99134.21199020625
2026-05-05 10:29:00+00:00,99154.68427730196
2026-05-05 10:44:00+00:00,99119.72236151325
2026-05-05 10:59:00+00:00,99125.87313832267
2026-05-05 11:14:00+00:00,99157.33757401312
2026-05-05 11:29:00+00:00,99147.51268932548
2026-05-05 11:44:00+00:00,99146.77740680514
2026-05-05 11:59:00+00:00,99145.42338041485
2026-05-05 12:14:00+00:00,99157.06467367885
2026-05-05 12:29:00+00:00,99172.72907359278
2026-05-05 12:44:00+00:00,99151.61306114176
2026-05-05 12:59:00+00:00,99149.62253748032
2026-05-05 13:14:00+00:00,99142.11232723648
2026-05-05 13:29:00+00:00,99133.15166247837
2026-05-05 13:44:00+00:00,99157.66575108939
2026-05-05 13:59:00+00:00,99204.70095882012
2026-05-05 14:14:00+00:00,99190.66640174223
2026-05-05 14:29:00+00:00,99200.29455852303
2026-05-05 14:44:00+00:00,99215.73547774836
2026-05-05 14:59:00+00:00,99194.06491836692
2026-05-05 15:14:00+00:00,99227.24624467808
2026-05-05 15:29:00+00:00,99238.21992805082
2026-05-05 15:44:00+00:00,99230.02474206536
2026-05-05 15:59:00+00:00,99235.0432000256
2026-05-05 16:14:00+00:00,99258.62925692831
2026-05-05 16:29:00+00:00,99261.11377436001
2026-05-05 16:44:00+00:00,99267.20693682699
2026-05-05 16:59:00+00:00,99261.4076762492
2026-05-05 17:14:00+00:00,99262.59505275826
2026-05-05 17:29:00+00:00,99266.38514405076
2026-05-05 17:44:00+00:00,99272.72454117499
2026-05-05 17:59:00+00:00,99271.85944577667
2026-05-05 18:14:00+00:00,99267.79524110282
2026-05-05 18:29:00+00:00,99278.03426328064
2026-05-05 18:44:00+00:00,99269.55335576576
2026-05-05 18:59:00+00:00,99265.39847845581
2026-05-05 19:14:00+00:00,99270.95214784767
2026-05-05 19:29:00+00:00,99253.36002499124
2026-05-05 19:44:00+00:00,99243.5480790937
2026-05-05 19:59:00+00:00,99242.22619195437
2026-05-05 20:14:00+00:00,99235.95491332469
2026-05-05 20:29:00+00:00,99223.50015329162
2026-05-05 20:44:00+00:00,99224.04627647428
2026-05-05 20:59:00+00:00,99144.72017898283
2026-05-05 21:14:00+00:00,99078.00520410576
2026-05-05 21:29:00+00:00,99113.2275505405
2026-05-05 21:44:00+00:00,99117.75590023585
2026-05-05 21:59:00+00:00,99147.18203689138
2026-05-05 22:14:00+00:00,99171.94093909884
2026-05-05 22:29:00+00:00,99163.04724427064
2026-05-05 22:44:00+00:00,99204.94946430241
2026-05-05 22:59:00+00:00,99204.43678968493
2026-05-05 23:14:00+00:00,99203.83984650823
2026-05-05 23:29:00+00:00,99193.24871346513
2026-05-05 23:44:00+00:00,99220.38885710179
2026-05-05 23:59:00+00:00,99214.7987086845
2026-05-06 00:14:00+00:00,99236.32227129351
2026-05-06 00:29:00+00:00,99223.22459202059
2026-05-06 00:44:00+00:00,99224.01167331955
2026-05-06 00:59:00+00:00,99237.7425805318
2026-05-06 01:14:00+00:00,99244.81210869587
2026-05-06 01:29:00+00:00,99248.65076070158
2026-05-06 01:44:00+00:00,99247.28049072651
2026-05-06 01:59:00+00:00,99108.01728069958
2026-05-06 02:14:00+00:00,99138.09258046561
2026-05-06 02:29:00+00:00,99196.75568051488
2026-05-06 02:44:00+00:00,99135.24425589405
2026-05-06 02:59:00+00:00,99088.90274565067
2026-05-06 03:14:00+00:00,99022.41719144442
2026-05-06 03:29:00+00:00,98919.21757475793
2026-05-06 03:44:00+00:00,98904.94563909719
2026-05-06 03:59:00+00:00,98684.66301936326
2026-05-06 04:14:00+00:00,98697.22709784929
2026-05-06 04:29:00+00:00,98636.02375186028
2026-05-06 04:44:00+00:00,98741.63266373298
2026-05-06 04:59:00+00:00,98798.60785999673
2026-05-06 05:14:00+00:00,98758.0277626319
2026-05-06 05:29:00+00:00,98633.21864983186
2026-05-06 05:44:00+00:00,98570.88633479545
2026-05-06 05:59:00+00:00,98680.16444291436
2026-05-06 06:14:00+00:00,98739.67894433076
2026-05-06 06:29:00+00:00,98741.40934381931
2026-05-06 06:44:00+00:00,98726.08767607078
2026-05-06 06:59:00+00:00,98718.03586953992
2026-05-06 07:14:00+00:00,98711.55017031924
2026-05-06 07:29:00+00:00,98692.30478543381
2026-05-06 07:44:00+00:00,98634.55544486533
2026-05-06 07:59:00+00:00,98599.46414754711
2026-05-06 08:14:00+00:00,98573.1377722548
2026-05-06 08:29:00+00:00,98581.97732393639
2026-05-06 08:44:00+00:00,98482.18831572446
2026-05-06 08:59:00+00:00,98482.2625320864
2026-05-06 09:14:00+00:00,98491.10677302405
2026-05-06 09:29:00+00:00,98561.98010449592
2026-05-06 09:44:00+00:00,98524.2245086965
2026-05-06 09:59:00+00:00,98520.07336073063
2026-05-06 10:14:00+00:00,98500.48882307457
2026-05-06 10:29:00+00:00,98488.85147996311
2026-05-06 10:44:00+00:00,98502.68795532045
2026-05-06 10:59:00+00:00,98442.23279320156
2026-05-06 11:14:00+00:00,98460.2910293011
2026-05-06 11:29:00+00:00,98451.93361831318
2026-05-06 11:44:00+00:00,98413.12635930526
2026-05-06 11:59:00+00:00,98398.87597979764
2026-05-06 12:14:00+00:00,98363.47112440591
2026-05-06 12:29:00+00:00,98345.61558036148
2026-05-06 12:44:00+00:00,98311.32581387328
2026-05-06 12:59:00+00:00,98300.14962829686
2026-05-06 13:14:00+00:00,98302.60248836933
2026-05-06 13:29:00+00:00,98335.67089815938
2026-05-06 13:44:00+00:00,98344.81077547964
2026-05-06 13:59:00+00:00,98275.36642875067
2026-05-06 14:14:00+00:00,98309.93426181507
2026-05-06 14:29:00+00:00,98353.94322806045
2026-05-06 14:44:00+00:00,98345.29953031465
2026-05-06 14:59:00+00:00,98315.7859158186
2026-05-06 15:14:00+00:00,98318.10435481207
2026-05-06 15:29:00+00:00,98322.62937494916
2026-05-06 15:44:00+00:00,98325.65791757563
2026-05-06 15:59:00+00:00,98325.64292667278
2026-05-06 16:14:00+00:00,98318.37056692221
2026-05-06 16:29:00+00:00,98350.61121049564
2026-05-06 16:44:00+00:00,98350.20771298086
2026-05-06 16:59:00+00:00,98307.33709231565
2026-05-06 17:14:00+00:00,98356.69550594673
2026-05-06 17:29:00+00:00,98313.72001803745
2026-05-06 17:44:00+00:00,98322.91175169288
2026-05-06 17:59:00+00:00,98357.23619177363
2026-05-06 18:14:00+00:00,98347.27748110268
2026-05-06 18:29:00+00:00,98330.79838424567
2026-05-06 18:44:00+00:00,98358.44206733447
2026-05-06 18:59:00+00:00,98356.76835970918
2026-05-06 19:14:00+00:00,98357.48696229949
2026-05-06 19:29:00+00:00,98355.6667008552
2026-05-06 19:44:00+00:00,98350.58497680615
2026-05-06 19:59:00+00:00,98349.30388711933
2026-05-06 20:14:00+00:00,98340.33360887029
2026-05-06 20:29:00+00:00,98353.80035928541
2026-05-06 20:44:00+00:00,98366.54230132898
2026-05-06 20:59:00+00:00,98362.28191047054
2026-05-06 21:14:00+00:00,98363.1683768778
2026-05-06 21:29:00+00:00,98356.88010101928
2026-05-06 21:44:00+00:00,98346.55588008295
2026-05-06 21:59:00+00:00,98344.73852138752
2026-05-06 22:14:00+00:00,98362.9233503933
2026-05-06 22:29:00+00:00,98376.71006833244
2026-05-06 22:44:00+00:00,98367.3880495785
2026-05-06 22:59:00+00:00,98365.73753600892
2026-05-06 23:14:00+00:00,98373.45406436386
2026-05-06 23:29:00+00:00,98372.3736362253
2026-05-06 23:44:00+00:00,98372.3736362253
2026-05-06 23:59:00+00:00,98372.3736362253
2026-05-07 00:14:00+00:00,98438.16328518408
2026-05-07 00:29:00+00:00,98436.51765873714
2026-05-07 00:44:00+00:00,98497.57008301497
2026-05-07 00:59:00+00:00,98480.07682128256
2026-05-07 01:14:00+00:00,98480.07682128256
2026-05-07 01:29:00+00:00,98485.45052310843
2026-05-07 01:44:00+00:00,98485.41335474815
2026-05-07 01:59:00+00:00,98464.57686347906
2026-05-07 02:14:00+00:00,98435.53115475434
2026-05-07 02:29:00+00:00,98447.17621946587
2026-05-07 02:44:00+00:00,98442.15276917044
2026-05-07 02:59:00+00:00,98450.27343128074
2026-05-07 03:14:00+00:00,98466.33664510083
2026-05-07 03:29:00+00:00,98474.01284218661
2026-05-07 03:44:00+00:00,98478.3453004082
2026-05-07 03:59:00+00:00,98483.30361497935
2026-05-07 04:14:00+00:00,98482.53790426174
2026-05-07 04:29:00+00:00,98470.51037367829
2026-05-07 04:44:00+00:00,98510.80402282096
2026-05-07 04:59:00+00:00,98523.53889915012
2026-05-07 05:14:00+00:00,98545.56662164105
2026-05-07 05:29:00+00:00,98536.84000937795
2026-05-07 05:44:00+00:00,98535.61573247222
2026-05-07 05:59:00+00:00,98568.2091988336
2026-05-07 06:14:00+00:00,98570.31367410863
2026-05-07 06:29:00+00:00,98561.17215215544
2026-05-07 06:44:00+00:00,98533.1456702949
2026-05-07 06:59:00+00:00,98522.81536280402
2026-05-07 07:14:00+00:00,98498.61545511318
2026-05-07 07:29:00+00:00,98534.68006675782
2026-05-07 07:44:00+00:00,98523.24117195356
2026-05-07 07:59:00+00:00,98540.20042356272
2026-05-07 08:14:00+00:00,98544.53900779599
2026-05-07 08:29:00+00:00,98562.13720096441
2026-05-07 08:44:00+00:00,98563.83305197791
2026-05-07 08:59:00+00:00,98556.59856005137
2026-05-07 09:14:00+00:00,98576.71959090921
2026-05-07 09:29:00+00:00,98574.88595614076
2026-05-07 09:44:00+00:00,98577.78727537679
2026-05-07 09:59:00+00:00,98565.67853244804
2026-05-07 10:14:00+00:00,98572.85026708274
2026-05-07 10:29:00+00:00,98576.44811597951
2026-05-07 10:44:00+00:00,98597.92641785814
2026-05-07 10:59:00+00:00,98605.37295996712
2026-05-07 11:14:00+00:00,98600.56293848739
2026-05-07 11:29:00+00:00,98601.46159970769
2026-05-07 11:44:00+00:00,98608.41593576243
2026-05-07 11:59:00+00:00,98592.13387505409
2026-05-07 12:14:00+00:00,98594.34352621739
2026-05-07 12:29:00+00:00,98598.39134682949
2026-05-07 12:44:00+00:00,98600.33308682778
2026-05-07 12:59:00+00:00,98599.30818863676
2026-05-07 13:14:00+00:00,98597.2095539326
2026-05-07 13:29:00+00:00,98589.64964177427
2026-05-07 13:44:00+00:00,98598.3720298769
2026-05-07 13:59:00+00:00,98606.26674917804
2026-05-07 14:14:00+00:00,98610.96832756509
2026-05-07 14:29:00+00:00,98604.17206782429
2026-05-07 14:44:00+00:00,98618.42447136776
2026-05-07 14:59:00+00:00,98613.85774698755
2026-05-07 15:14:00+00:00,98620.89908990682
2026-05-07 15:29:00+00:00,98595.07805573463
2026-05-07 15:44:00+00:00,98611.6066664004
2026-05-07 15:59:00+00:00,98607.63715885159
2026-05-07 16:14:00+00:00,98611.06672773996
2026-05-07 16:29:00+00:00,98619.00928510078
2026-05-07 16:44:00+00:00,98594.05481199357
2026-05-07 16:59:00+00:00,98578.55069747825
2026-05-07 17:14:00+00:00,98585.51639602154
2026-05-07 17:29:00+00:00,98557.652739416
2026-05-07 17:44:00+00:00,98579.26333594782
2026-05-07 17:59:00+00:00,98579.94256070245
2026-05-07 18:14:00+00:00,98593.44429043756
2026-05-07 18:29:00+00:00,98599.72424807888
2026-05-07 18:44:00+00:00,98594.3794294172
2026-05-07 18:59:00+00:00,98593.50189192276
2026-05-07 19:14:00+00:00,98586.70408534864
2026-05-07 19:29:00+00:00,98596.57890346352
2026-05-07 19:44:00+00:00,98598.42765320337
2026-05-07 19:59:00+00:00,98599.20216073973
2026-05-07 20:14:00+00:00,98596.23283063546
2026-05-07 20:29:00+00:00,98596.23283063546
2026-05-07 20:44:00+00:00,98596.23283063546
2026-05-07 20:59:00+00:00,98596.23283063546
2026-05-07 21:14:00+00:00,98596.23283063546
2026-05-07 21:29:00+00:00,98596.23283063546
2026-05-07 21:44:00+00:00,98596.23283063546
2026-05-07 21:59:00+00:00,98596.23283063546
2026-05-07 22:14:00+00:00,98596.23283063546
2026-05-07 22:29:00+00:00,98604.4394273403
2026-05-07 22:44:00+00:00,98598.71368991147
2026-05-07 22:59:00+00:00,98603.3074596627
2026-05-07 23:14:00+00:00,98599.80570641338
2026-05-07 23:29:00+00:00,98606.3630097575
2026-05-07 23:44:00+00:00,98599.75168137078
2026-05-07 23:59:00+00:00,98602.45504206495
2026-05-08 00:14:00+00:00,98599.37127080518
2026-05-08 00:29:00+00:00,98614.29320861226
2026-05-08 00:44:00+00:00,98621.66237445614
2026-05-08 00:59:00+00:00,98625.88435671874
2026-05-08 01:14:00+00:00,98628.7422092705
2026-05-08 01:29:00+00:00,98638.67814288438
2026-05-08 01:44:00+00:00,98638.44290936006
2026-05-08 01:59:00+00:00,98639.59418774067
2026-05-08 02:14:00+00:00,98639.59497187083
2026-05-08 02:29:00+00:00,98634.81515680824
2026-05-08 02:44:00+00:00,98633.55010458494
2026-05-08 02:59:00+00:00,98639.88417130001
2026-05-08 03:14:00+00:00,98643.7362862496
2026-05-08 03:29:00+00:00,98626.89791789457
2026-05-08 03:44:00+00:00,98639.98179967432
2026-05-08 03:59:00+00:00,98639.93601169343
2026-05-08 04:14:00+00:00,98637.38098241265
2026-05-08 04:29:00+00:00,98642.41766058945
2026-05-08 04:44:00+00:00,98665.91537618081
2026-05-08 04:59:00+00:00,98665.84068929483
2026-05-08 05:14:00+00:00,98660.18121015714
2026-05-08 05:29:00+00:00,98661.65384583642
2026-05-08 05:44:00+00:00,98658.09576885686
2026-05-08 05:59:00+00:00,98681.19321694259
2026-05-08 06:14:00+00:00,98672.49474306195
2026-05-08 06:29:00+00:00,98687.7778699883
2026-05-08 06:44:00+00:00,98686.61184245745
2026-05-08 06:59:00+00:00,98679.17428233474
2026-05-08 07:14:00+00:00,98724.44506205346
2026-05-08 07:29:00+00:00,98736.4418670193
2026-05-08 07:44:00+00:00,98723.17843685191
2026-05-08 07:59:00+00:00,98717.71865138761
2026-05-08 08:14:00+00:00,98723.85173675849
2026-05-08 08:29:00+00:00,98779.41708356996
2026-05-08 08:44:00+00:00,98753.35339422036
2026-05-08 08:59:00+00:00,98687.31695990874
2026-05-08 09:14:00+00:00,98671.19791335393
2026-05-08 09:29:00+00:00,98630.16449300294
2026-05-08 09:44:00+00:00,98660.01745389233
2026-05-08 09:59:00+00:00,98643.12973476255
2026-05-08 10:14:00+00:00,98652.48306131798
2026-05-08 10:29:00+00:00,98601.09345825575
2026-05-08 10:44:00+00:00,98688.28015314511
2026-05-08 10:59:00+00:00,98729.50095161317
2026-05-08 11:14:00+00:00,98719.91344556383
2026-05-08 11:29:00+00:00,98724.66606825237
2026-05-08 11:44:00+00:00,98713.12799007793
2026-05-08 11:59:00+00:00,98710.99599845221
2026-05-08 12:14:00+00:00,98717.47477603369
2026-05-08 12:29:00+00:00,98727.70346852475
2026-05-08 12:44:00+00:00,98727.54160868753
2026-05-08 12:59:00+00:00,98714.14315430226
2026-05-08 13:14:00+00:00,98724.35536759837
2026-05-08 13:29:00+00:00,98712.21838334373
2026-05-08 13:44:00+00:00,98714.97142032743
2026-05-08 13:59:00+00:00,98729.62138831722
2026-05-08 14:14:00+00:00,98727.09204769526
2026-05-08 14:29:00+00:00,98715.87019994043
2026-05-08 14:44:00+00:00,98636.94322401221
2026-05-08 14:59:00+00:00,98625.54581144988
2026-05-08 15:14:00+00:00,98640.45491508646
2026-05-08 15:29:00+00:00,98701.23692944857
2026-05-08 15:44:00+00:00,98688.42117807521
2026-05-08 15:59:00+00:00,98664.70827462015
2026-05-08 16:14:00+00:00,98658.74351868322
2026-05-08 16:29:00+00:00,98588.68223280976
2026-05-08 16:44:00+00:00,98542.86493841217
2026-05-08 16:59:00+00:00,98550.92589381376
2026-05-08 17:14:00+00:00,98629.467686086
2026-05-08 17:29:00+00:00,98564.41649553376
2026-05-08 17:44:00+00:00,98568.7676466739
2026-05-08 17:59:00+00:00,98611.10650416114
2026-05-08 18:14:00+00:00,98640.1945756582
2026-05-08 18:29:00+00:00,98688.68061480217
2026-05-08 18:44:00+00:00,98684.22173388462
2026-05-08 18:59:00+00:00,98649.45916888307
2026-05-08 19:14:00+00:00,98642.08872804313
2026-05-08 19:29:00+00:00,98638.89496942177
2026-05-08 19:44:00+00:00,98665.25181408426
2026-05-08 19:59:00+00:00,98653.01463353749
2026-05-08 20:14:00+00:00,98672.68246079913
2026-05-08 20:29:00+00:00,98692.06391897115
2026-05-08 20:44:00+00:00,98702.41474806536
2026-05-08 20:59:00+00:00,98708.83051408624
2026-05-08 21:14:00+00:00,98719.82990026171
2026-05-08 21:29:00+00:00,98738.71915671373
2026-05-08 21:44:00+00:00,98726.04190860078
2026-05-08 21:59:00+00:00,98730.52164275825
2026-05-08 22:14:00+00:00,98753.73908037205
2026-05-08 22:29:00+00:00,98755.31154635429
2026-05-08 22:44:00+00:00,98751.55665315951
2026-05-08 22:59:00+00:00,98755.56368562786
2026-05-08 23:14:00+00:00,98741.90983767461
2026-05-08 23:29:00+00:00,98644.11290630451
2026-05-08 23:44:00+00:00,98698.82999794194
2026-05-08 23:59:00+00:00,98777.63476987534
2026-05-09 00:14:00+00:00,98825.86943217975
2026-05-09 00:29:00+00:00,98850.32626820842
2026-05-09 00:44:00+00:00,98707.6708138681
2026-05-09 00:59:00+00:00,98672.67162278085
2026-05-09 01:14:00+00:00,98660.40638663764
2026-05-09 01:29:00+00:00,98727.81926283246
2026-05-09 01:44:00+00:00,98768.11198966687
2026-05-09 01:59:00+00:00,98693.47165091198
2026-05-09 02:14:00+00:00,98705.98050055926
2026-05-09 02:29:00+00:00,98712.5130769009
2026-05-09 02:44:00+00:00,98728.772831797
2026-05-09 02:59:00+00:00,98763.13773468375
2026-05-09 03:14:00+00:00,98781.26120104219
2026-05-09 03:29:00+00:00,98793.10593739792
2026-05-09 03:44:00+00:00,98778.01914726192
2026-05-09 03:59:00+00:00,98774.22691610607
2026-05-09 04:14:00+00:00,98768.04102739751
2026-05-09 04:29:00+00:00,98790.37008764112
2026-05-09 04:44:00+00:00,98783.82517115628
2026-05-09 04:59:00+00:00,98786.1888634828
2026-05-09 05:14:00+00:00,98787.84888881241
2026-05-09 05:29:00+00:00,98788.48452873914
2026-05-09 05:44:00+00:00,98784.55129615581
2026-05-09 05:59:00+00:00,98787.81037971165
2026-05-09 06:14:00+00:00,98795.1146751625
2026-05-09 06:29:00+00:00,98792.29282904712
2026-05-09 06:44:00+00:00,98771.79690723475
2026-05-09 06:59:00+00:00,98782.90191618234
2026-05-09 07:14:00+00:00,98782.80080733768
2026-05-09 07:29:00+00:00,98782.14101965418
2026-05-09 07:44:00+00:00,98773.0065022123
2026-05-09 07:59:00+00:00,98768.97593127962
2026-05-09 08:14:00+00:00,98781.46389375872
2026-05-09 08:29:00+00:00,98776.61155422202
2026-05-09 08:44:00+00:00,98772.25387644448
2026-05-09 08:59:00+00:00,98774.4729015718
2026-05-09 09:14:00+00:00,98764.91544781873
2026-05-09 09:29:00+00:00,98730.51628069638
2026-05-09 09:44:00+00:00,98788.56594120656
2026-05-09 09:59:00+00:00,98762.310218683
2026-05-09 10:14:00+00:00,98748.88573046608
2026-05-09 10:29:00+00:00,98737.85975955232
2026-05-09 10:44:00+00:00,98758.64528229035
2026-05-09 10:59:00+00:00,98765.7359791717
2026-05-09 11:14:00+00:00,98761.47069530493
2026-05-09 11:29:00+00:00,98757.6435217428
2026-05-09 11:44:00+00:00,98764.11699835546
2026-05-09 11:59:00+00:00,98766.86167531561
2026-05-09 12:14:00+00:00,98771.12555211576
2026-05-09 12:29:00+00:00,98770.82943795773
2026-05-09 12:44:00+00:00,98770.82943795773
2026-05-09 12:59:00+00:00,98770.82943795773
2026-05-09 13:14:00+00:00,98770.82943795773
2026-05-09 13:29:00+00:00,98770.82943795773
2026-05-09 13:44:00+00:00,98777.83441343602
2026-05-09 13:59:00+00:00,98796.8732037058
2026-05-09 14:14:00+00:00,98795.47007246374
2026-05-09 14:29:00+00:00,98798.05881310275
2026-05-09 14:44:00+00:00,98819.70610045952
2026-05-09 14:59:00+00:00,98820.45531766351
2026-05-09 15:14:00+00:00,98800.52285483092
2026-05-09 15:29:00+00:00,98810.03013381513
2026-05-09 15:44:00+00:00,98800.44124974198
2026-05-09 15:59:00+00:00,98802.37412396427
2026-05-09 16:14:00+00:00,98800.8479664009
2026-05-09 16:29:00+00:00,98803.62010814896
2026-05-09 16:44:00+00:00,98789.95194561496
2026-05-09 16:59:00+00:00,98794.86847201592
2026-05-09 17:14:00+00:00,98808.46583113569
2026-05-09 17:29:00+00:00,98814.67963953903
2026-05-09 17:44:00+00:00,98813.84573711285
2026-05-09 17:59:00+00:00,98813.3983271982
2026-05-09 18:14:00+00:00,98787.2712664115
2026-05-09 18:29:00+00:00,98767.94181690225
2026-05-09 18:44:00+00:00,98781.85722433047
2026-05-09 18:59:00+00:00,98797.63748052836
2026-05-09 19:14:00+00:00,98796.9490373887
2026-05-09 19:29:00+00:00,98791.21981942434
2026-05-09 19:44:00+00:00,98789.49440921444
2026-05-09 19:59:00+00:00,98782.82038582272
2026-05-09 20:14:00+00:00,98761.68368283742
2026-05-09 20:29:00+00:00,98775.42076303002
2026-05-09 20:44:00+00:00,98769.6331210364
2026-05-09 20:59:00+00:00,98766.02460538494
2026-05-09 21:14:00+00:00,98753.65786034983
2026-05-09 21:29:00+00:00,98762.45255781632
2026-05-09 21:44:00+00:00,98777.31983151715
2026-05-09 21:59:00+00:00,98775.01207272224
2026-05-09 22:14:00+00:00,98775.01207272224
2026-05-09 22:29:00+00:00,98775.01207272224
2026-05-09 22:44:00+00:00,98775.01207272224
2026-05-09 22:59:00+00:00,98785.96639590619
2026-05-09 23:14:00+00:00,98761.1160276878
2026-05-09 23:29:00+00:00,98750.93464834821
2026-05-09 23:44:00+00:00,98736.54970748723
2026-05-09 23:59:00+00:00,98708.35302180663
2026-05-10 00:14:00+00:00,98696.9657730912
2026-05-10 00:29:00+00:00,98727.12577885888
2026-05-10 00:44:00+00:00,98796.6291071921
2026-05-10 00:59:00+00:00,98846.9876835034
2026-05-10 01:14:00+00:00,98831.36311800253
2026-05-10 01:29:00+00:00,98862.10640619654
2026-05-10 01:44:00+00:00,98872.9380423618
2026-05-10 01:59:00+00:00,98871.72763993028
2026-05-10 02:14:00+00:00,98871.72763993028
2026-05-10 02:29:00+00:00,98870.1938747621
2026-05-10 02:44:00+00:00,98872.94729913086
2026-05-10 02:59:00+00:00,98875.75553922707
2026-05-10 03:14:00+00:00,98866.63708224204
2026-05-10 03:29:00+00:00,98880.26169991911
2026-05-10 03:44:00+00:00,98898.76007930952
2026-05-10 03:59:00+00:00,98888.475868322
2026-05-10 04:14:00+00:00,98924.22497262267
2026-05-10 04:29:00+00:00,98924.48546571119
2026-05-10 04:44:00+00:00,98924.48546571119
2026-05-10 04:59:00+00:00,98924.48546571119
2026-05-10 05:14:00+00:00,98924.48546571119
2026-05-10 05:29:00+00:00,98833.19449562162
2026-05-10 05:44:00+00:00,98733.03956139751
2026-05-10 05:59:00+00:00,98757.52330691532
2026-05-10 06:14:00+00:00,98725.28560145234
2026-05-10 06:29:00+00:00,98728.45247313216
2026-05-10 06:44:00+00:00,98722.68596472994
2026-05-10 06:59:00+00:00,98670.32784327907
2026-05-10 07:14:00+00:00,98659.82660065331
2026-05-10 07:29:00+00:00,98605.01825628319
2026-05-10 07:44:00+00:00,98606.86412456034
2026-05-10 07:59:00+00:00,98615.26033848702
2026-05-10 08:14:00+00:00,98610.3784259131
2026-05-10 08:29:00+00:00,98677.51998879442
2026-05-10 08:44:00+00:00,98668.78568529035
2026-05-10 08:59:00+00:00,98663.09204457133
2026-05-10 09:14:00+00:00,98656.33434169079
2026-05-10 09:29:00+00:00,98681.2739933593
2026-05-10 09:44:00+00:00,98682.69105500769
2026-05-10 09:59:00+00:00,98674.44504218183
2026-05-10 10:14:00+00:00,98652.54031758668
2026-05-10 10:29:00+00:00,98593.50896454598
2026-05-10 10:44:00+00:00,98665.66639278481
2026-05-10 10:59:00+00:00,98612.44967826284
2026-05-10 11:14:00+00:00,98599.94633897394
2026-05-10 11:29:00+00:00,98581.91280809995
2026-05-10 11:44:00+00:00,98586.26479317414
2026-05-10 11:59:00+00:00,98560.27500940078
2026-05-10 12:14:00+00:00,98621.6444590968
2026-05-10 12:29:00+00:00,98679.60296513658
2026-05-10 12:44:00+00:00,98673.31502589249
2026-05-10 12:59:00+00:00,98653.69977694105
2026-05-10 13:14:00+00:00,98671.4654991425
2026-05-10 13:29:00+00:00,98705.87093656867
2026-05-10 13:44:00+00:00,98679.0478095378
2026-05-10 13:59:00+00:00,98641.4322937715
2026-05-10 14:14:00+00:00,98657.91146362553
2026-05-10 14:29:00+00:00,98707.60019598354
2026-05-10 14:44:00+00:00,98729.99286854758
2026-05-10 14:59:00+00:00,98728.7181058164
2026-05-10 15:14:00+00:00,98758.0436210441
2026-05-10 15:29:00+00:00,98817.2177207496
2026-05-10 15:44:00+00:00,98821.05231035396
2026-05-10 15:59:00+00:00,98750.04333354227
2026-05-10 16:14:00+00:00,98706.33069274649
2026-05-10 16:29:00+00:00,98613.64028113469
2026-05-10 16:44:00+00:00,98663.14036240836
2026-05-10 16:59:00+00:00,98560.40366653756
2026-05-10 17:14:00+00:00,98437.74643869564
2026-05-10 17:29:00+00:00,98435.28417550567
2026-05-10 17:44:00+00:00,98383.44472308138
2026-05-10 17:59:00+00:00,98448.36485534777
2026-05-10 18:14:00+00:00,98466.66481556451
2026-05-10 18:29:00+00:00,98461.8016658706
2026-05-10 18:44:00+00:00,98381.04642580202
2026-05-10 18:59:00+00:00,98353.33582283289
2026-05-10 19:14:00+00:00,98366.30581474864
2026-05-10 19:29:00+00:00,98369.14569901873
2026-05-10 19:44:00+00:00,98257.77363088288
2026-05-10 19:59:00+00:00,98334.21009516537
2026-05-10 20:14:00+00:00,98319.77623722272
2026-05-10 20:29:00+00:00,98302.35538887902
2026-05-10 20:44:00+00:00,98451.94007168207
2026-05-10 20:59:00+00:00,98441.4899260937
2026-05-10 21:14:00+00:00,98460.97133841693
2026-05-10 21:29:00+00:00,98435.42382760375
2026-05-10 21:44:00+00:00,98403.4025115763
2026-05-10 21:59:00+00:00,98438.11824772776
2026-05-10 22:14:00+00:00,98457.79803514449
2026-05-10 22:29:00+00:00,98425.29885410907
2026-05-10 22:44:00+00:00,98438.1411456176
2026-05-10 22:59:00+00:00,98426.50577622309
2026-05-10 23:14:00+00:00,98453.73013489161
2026-05-10 23:29:00+00:00,98435.84888225161
2026-05-10 23:44:00+00:00,98392.18450359201
2026-05-10 23:59:00+00:00,98373.21378832188
2026-05-11 00:14:00+00:00,98405.18404884175
2026-05-11 00:29:00+00:00,98421.83558107508
2026-05-11 00:44:00+00:00,98456.71172274079
2026-05-11 00:59:00+00:00,98460.1215102
2026-05-11 01:14:00+00:00,98450.19381546859
2026-05-11 01:29:00+00:00,98455.28453141339
2026-05-11 01:44:00+00:00,98460.19589207596
2026-05-11 01:59:00+00:00,98470.85542453684
2026-05-11 02:14:00+00:00,98467.37567611058
2026-05-11 02:29:00+00:00,98456.33045780308
2026-05-11 02:44:00+00:00,98464.8810180333
2026-05-11 02:59:00+00:00,98469.79106086883
2026-05-11 03:14:00+00:00,98469.23823036236
2026-05-11 03:29:00+00:00,98474.73417500625
2026-05-11 03:44:00+00:00,98484.56162994535
2026-05-11 03:59:00+00:00,98491.87115984844
2026-05-11 04:14:00+00:00,98466.404560788
2026-05-11 04:29:00+00:00,98478.95739088445
2026-05-11 04:44:00+00:00,98489.21511149945
2026-05-11 04:59:00+00:00,98482.31031876247
2026-05-11 05:14:00+00:00,98484.4864292727
2026-05-11 05:29:00+00:00,98504.27584216466
2026-05-11 05:44:00+00:00,98500.93496390498
2026-05-11 05:59:00+00:00,98500.93496390498
2026-05-11 06:14:00+00:00,98500.93496390498
2026-05-11 06:29:00+00:00,98500.90561577604
2026-05-11 06:44:00+00:00,98491.16614493365
2026-05-11 06:59:00+00:00,98490.04172306793
2026-05-11 07:14:00+00:00,98491.31580921955
2026-05-11 07:29:00+00:00,98496.36647112203
2026-05-11 07:44:00+00:00,98511.05303605426
2026-05-11 07:59:00+00:00,98495.18079067262
2026-05-11 08:14:00+00:00,98499.94051033557
2026-05-11 08:29:00+00:00,98508.68839982463
2026-05-11 08:44:00+00:00,98510.01044851444
2026-05-11 08:59:00+00:00,98509.6581746008
2026-05-11 09:14:00+00:00,98508.03521483862
2026-05-11 09:29:00+00:00,98514.91946491996
2026-05-11 09:44:00+00:00,98533.17280817378
2026-05-11 09:59:00+00:00,98522.63784680984
2026-05-11 10:14:00+00:00,98524.47959246843
2026-05-11 10:29:00+00:00,98531.23575532903
2026-05-11 10:44:00+00:00,98535.85725610545
2026-05-11 10:59:00+00:00,98533.81945683963
2026-05-11 11:14:00+00:00,98533.81945683963
2026-05-11 11:29:00+00:00,98533.81945683963
2026-05-11 11:44:00+00:00,98533.81945683963
2026-05-11 11:59:00+00:00,98533.81945683963
2026-05-11 12:14:00+00:00,98533.81945683963
2026-05-11 12:29:00+00:00,98536.42792734607
2026-05-11 12:44:00+00:00,98530.66979794191
2026-05-11 12:59:00+00:00,98531.4027937911
2026-05-11 13:14:00+00:00,98527.18627821657
2026-05-11 13:29:00+00:00,98527.09663230942
2026-05-11 13:44:00+00:00,98526.15063213081
2026-05-11 13:59:00+00:00,98525.94891822159
2026-05-11 14:14:00+00:00,98513.93625012411
2026-05-11 14:29:00+00:00,98507.8292980903
2026-05-11 14:44:00+00:00,98485.70755435423
2026-05-11 14:59:00+00:00,98474.14148173432
2026-05-11 15:14:00+00:00,98489.06501744028
2026-05-11 15:29:00+00:00,98501.8549271022
2026-05-11 15:44:00+00:00,98505.4329230626
2026-05-11 15:59:00+00:00,98525.9742734796
2026-05-11 16:14:00+00:00,98548.5141593225
2026-05-11 16:29:00+00:00,98577.33124463852
2026-05-11 16:44:00+00:00,98566.98834849364
2026-05-11 16:59:00+00:00,98575.62649828251
2026-05-11 17:14:00+00:00,98567.94365704486
2026-05-11 17:29:00+00:00,98563.48725905915
2026-05-11 17:44:00+00:00,98539.43759967247
2026-05-11 17:59:00+00:00,98546.4046075596
2026-05-11 18:14:00+00:00,98547.84049040718
2026-05-11 18:29:00+00:00,98533.31997321566
2026-05-11 18:44:00+00:00,98542.96437785396
2026-05-11 18:59:00+00:00,98548.35856260193
2026-05-11 19:14:00+00:00,98552.2782032836
2026-05-11 19:29:00+00:00,98549.566402306
2026-05-11 19:44:00+00:00,98518.87501051342
2026-05-11 19:59:00+00:00,98520.998151148
2026-05-11 20:14:00+00:00,98545.947868518
2026-05-11 20:29:00+00:00,98537.76834437888
2026-05-11 20:44:00+00:00,98534.04230595978
2026-05-11 20:59:00+00:00,98534.04230595978
2026-05-11 21:14:00+00:00,98534.04230595978
2026-05-11 21:29:00+00:00,98534.04230595978
2026-05-11 21:44:00+00:00,98534.04230595978
2026-05-11 21:59:00+00:00,98534.04230595978
2026-05-11 22:14:00+00:00,98533.74491648714
2026-05-11 22:29:00+00:00,98527.2229146704
2026-05-11 22:44:00+00:00,98523.51707465215
2026-05-11 22:59:00+00:00,98534.102785726
2026-05-11 23:14:00+00:00,98529.66509230489
2026-05-11 23:29:00+00:00,98529.7373400015
2026-05-11 23:44:00+00:00,98518.4481995087
2026-05-11 23:59:00+00:00,98520.471203473
2026-05-12 00:14:00+00:00,98527.86915404935
2026-05-12 00:29:00+00:00,98537.8981816411
2026-05-12 00:44:00+00:00,98531.0547516703
2026-05-12 00:59:00+00:00,98530.89052726925
2026-05-12 01:14:00+00:00,98522.15076867658
2026-05-12 01:29:00+00:00,98532.52683129745
2026-05-12 01:44:00+00:00,98527.13691873183
2026-05-12 01:59:00+00:00,98511.7769288164
2026-05-12 02:14:00+00:00,98519.6664088616
2026-05-12 02:29:00+00:00,98527.46245922943
2026-05-12 02:44:00+00:00,98526.07167691081
2026-05-12 02:59:00+00:00,98526.07167691081
2026-05-12 03:14:00+00:00,98526.07167691081
2026-05-12 03:29:00+00:00,98526.07167691081
2026-05-12 03:44:00+00:00,98526.07167691081
2026-05-12 03:59:00+00:00,98526.07167691081
2026-05-12 04:14:00+00:00,98526.07167691081
2026-05-12 04:29:00+00:00,98526.07167691081
2026-05-12 04:44:00+00:00,98526.07167691081
2026-05-12 04:59:00+00:00,98526.07167691081
2026-05-12 05:14:00+00:00,98526.07167691081
2026-05-12 05:29:00+00:00,98526.07167691081
2026-05-12 05:44:00+00:00,98526.07167691081
2026-05-12 05:59:00+00:00,98526.07167691081
2026-05-12 06:14:00+00:00,98526.07167691081
2026-05-12 06:29:00+00:00,98526.07167691081
2026-05-12 06:44:00+00:00,98526.07167691081
2026-05-12 06:59:00+00:00,98526.07167691081
2026-05-12 07:14:00+00:00,98526.07167691081
2026-05-12 07:29:00+00:00,98526.07167691081
2026-05-12 07:44:00+00:00,98526.07167691081
2026-05-12 07:59:00+00:00,98512.6083470251
2026-05-12 08:14:00+00:00,98571.79257908727
2026-05-12 08:29:00+00:00,98596.12222154655
2026-05-12 08:44:00+00:00,98610.69353285918
2026-05-12 08:59:00+00:00,98611.21436899835
2026-05-12 09:14:00+00:00,98626.41857818891
2026-05-12 09:29:00+00:00,98624.3463356202
2026-05-12 09:44:00+00:00,98628.16433177634
2026-05-12 09:59:00+00:00,98624.15697317148
2026-05-12 10:14:00+00:00,98622.15972006878
2026-05-12 10:29:00+00:00,98693.26153246714
2026-05-12 10:44:00+00:00,98709.69532606044
2026-05-12 10:59:00+00:00,98696.6654977057
2026-05-12 11:14:00+00:00,98688.2735744067
2026-05-12 11:29:00+00:00,98686.89604456481
2026-05-12 11:44:00+00:00,98682.77016867863
2026-05-12 11:59:00+00:00,98688.33188296754
2026-05-12 12:14:00+00:00,98687.49233120789
2026-05-12 12:29:00+00:00,98685.18492983056
2026-05-12 12:44:00+00:00,98696.59348311159
2026-05-12 12:59:00+00:00,98707.08650663086
2026-05-12 13:14:00+00:00,98706.56337016735
2026-05-12 13:29:00+00:00,98706.56337016735
2026-05-12 13:44:00+00:00,98706.56337016735
2026-05-12 13:59:00+00:00,98706.56337016735
2026-05-12 14:14:00+00:00,98706.56337016735
2026-05-12 14:29:00+00:00,98706.56337016735
2026-05-12 14:44:00+00:00,98706.56337016735
2026-05-12 14:59:00+00:00,98713.61525202569
2026-05-12 15:14:00+00:00,98696.03948386443
2026-05-12 15:29:00+00:00,98736.87637626317
2026-05-12 15:44:00+00:00,98744.91282405057
2026-05-12 15:59:00+00:00,98757.95982081855
2026-05-12 16:14:00+00:00,98774.67760653507
2026-05-12 16:29:00+00:00,98807.03913759996
2026-05-12 16:44:00+00:00,98777.28632205317
2026-05-12 16:59:00+00:00,98777.28632205317
2026-05-12 17:14:00+00:00,98777.28632205317
2026-05-12 17:29:00+00:00,98777.28632205317
2026-05-12 17:44:00+00:00,98777.28632205317
2026-05-12 17:59:00+00:00,98777.28632205317
2026-05-12 18:14:00+00:00,98777.28632205317
2026-05-12 18:29:00+00:00,98777.28632205317
2026-05-12 18:44:00+00:00,98777.28632205317
2026-05-12 18:59:00+00:00,98736.27313480445
2026-05-12 19:14:00+00:00,98728.50918134142
2026-05-12 19:29:00+00:00,98828.44715836133
2026-05-12 19:44:00+00:00,98854.78729701918
2026-05-12 19:59:00+00:00,98847.6065207671
2026-05-12 20:14:00+00:00,98847.6065207671
2026-05-12 20:29:00+00:00,98847.6065207671
2026-05-12 20:44:00+00:00,98847.6065207671
2026-05-12 20:59:00+00:00,98847.6065207671
2026-05-12 21:14:00+00:00,98847.6065207671
2026-05-12 21:29:00+00:00,98876.45656851222
2026-05-12 21:44:00+00:00,98906.5598669829
2026-05-12 21:59:00+00:00,98958.75986936598
2026-05-12 22:14:00+00:00,98964.89662281847
2026-05-12 22:29:00+00:00,98965.08885686334
2026-05-12 22:44:00+00:00,98965.72746908407
2026-05-12 22:59:00+00:00,98965.72746908407
2026-05-12 23:14:00+00:00,98965.72746908407
2026-05-12 23:29:00+00:00,98965.72746908407
2026-05-12 23:44:00+00:00,98965.72746908407
2026-05-12 23:59:00+00:00,98965.72746908407
2026-05-13 00:14:00+00:00,98987.479152963
2026-05-13 00:29:00+00:00,98988.4915649853
2026-05-13 00:44:00+00:00,98988.4915649853
2026-05-13 00:59:00+00:00,98988.4915649853
2026-05-13 01:14:00+00:00,98988.4915649853
2026-05-13 01:29:00+00:00,98982.61537180789
2026-05-13 01:44:00+00:00,98968.91064362873
2026-05-13 01:59:00+00:00,98975.42147280357
2026-05-13 02:14:00+00:00,98971.09937418089
2026-05-13 02:29:00+00:00,98994.26546225406
2026-05-13 02:44:00+00:00,98942.23567977217
2026-05-13 02:59:00+00:00,98906.10546703657
2026-05-13 03:14:00+00:00,98890.78700072556
2026-05-13 03:29:00+00:00,98880.5581754444
2026-05-13 03:44:00+00:00,98829.6196018794
2026-05-13 03:59:00+00:00,98845.59286135211
2026-05-13 04:14:00+00:00,98850.815442544
2026-05-13 04:29:00+00:00,98840.6296275036
2026-05-13 04:44:00+00:00,98853.91605142894
2026-05-13 04:59:00+00:00,98876.65769365944
2026-05-13 05:14:00+00:00,98860.15951969122
2026-05-13 05:29:00+00:00,98838.51453464222
2026-05-13 05:44:00+00:00,98873.02614032598
2026-05-13 05:59:00+00:00,98873.15069471457
2026-05-13 06:14:00+00:00,98865.68501490397
2026-05-13 06:29:00+00:00,98882.50317814152
2026-05-13 06:44:00+00:00,98882.87600333033
2026-05-13 06:59:00+00:00,98884.96707491248
2026-05-13 07:14:00+00:00,98875.8851820885
2026-05-13 07:29:00+00:00,98859.0368258579
2026-05-13 07:44:00+00:00,98844.6583367137
2026-05-13 07:59:00+00:00,98859.90296975432
2026-05-13 08:14:00+00:00,98840.82631966798
2026-05-13 08:29:00+00:00,98879.11648127624
2026-05-13 08:44:00+00:00,98878.46188568554
2026-05-13 08:59:00+00:00,98829.16666660411
2026-05-13 09:14:00+00:00,98764.03817688649
2026-05-13 09:29:00+00:00,98753.92292835873
2026-05-13 09:44:00+00:00,98701.30809801408
2026-05-13 09:59:00+00:00,98788.83021280607
2026-05-13 10:14:00+00:00,98794.78241464171
2026-05-13 10:29:00+00:00,98810.5354313136
2026-05-13 10:44:00+00:00,98843.49200494142
2026-05-13 10:59:00+00:00,98839.82965777197
2026-05-13 11:14:00+00:00,98864.20077132476
2026-05-13 11:29:00+00:00,98878.7504297582
2026-05-13 11:44:00+00:00,98877.63792423594
2026-05-13 11:59:00+00:00,98871.78983875088
2026-05-13 12:14:00+00:00,98859.77500518656
2026-05-13 12:29:00+00:00,98871.40612233855
2026-05-13 12:44:00+00:00,98856.72224718441
2026-05-13 12:59:00+00:00,98854.54264306117
2026-05-13 13:14:00+00:00,98853.25386822002
2026-05-13 13:29:00+00:00,98838.95224095599
2026-05-13 13:44:00+00:00,98849.11021564408
2026-05-13 13:59:00+00:00,98860.51581627698
2026-05-13 14:14:00+00:00,98844.72493292237
2026-05-13 14:29:00+00:00,98868.00409593686
2026-05-13 14:44:00+00:00,98845.3469995216
2026-05-13 14:59:00+00:00,98848.66827406698
2026-05-13 15:14:00+00:00,98821.02242823596
2026-05-13 15:29:00+00:00,98833.31512739472
2026-05-13 15:44:00+00:00,98839.2743418713
2026-05-13 15:59:00+00:00,98819.86747947527
2026-05-13 16:14:00+00:00,98834.19362348123
2026-05-13 16:29:00+00:00,98843.04589523707
2026-05-13 16:44:00+00:00,98841.30962908437
2026-05-13 16:59:00+00:00,98833.63890938039
2026-05-13 17:14:00+00:00,98813.34669151058
2026-05-13 17:29:00+00:00,98803.98888053901
2026-05-13 17:44:00+00:00,98801.35047519239
2026-05-13 17:59:00+00:00,98781.7424974138
2026-05-13 18:14:00+00:00,98742.61832979249
2026-05-13 18:29:00+00:00,98753.59002786256
2026-05-13 18:44:00+00:00,98764.75583710014
2026-05-13 18:59:00+00:00,98772.30452358816
2026-05-13 19:14:00+00:00,98782.25056982518
2026-05-13 19:29:00+00:00,98780.31442026494
2026-05-13 19:44:00+00:00,98777.51937404861
2026-05-13 19:59:00+00:00,98758.18824308034
2026-05-13 20:14:00+00:00,98795.92962010448
2026-05-13 20:29:00+00:00,98787.80601833294
2026-05-13 20:44:00+00:00,98806.38274741427
2026-05-13 20:59:00+00:00,98778.9944128252
2026-05-13 21:14:00+00:00,98780.26055960405
2026-05-13 21:29:00+00:00,98786.0058607076
2026-05-13 21:44:00+00:00,98769.65610199637
2026-05-13 21:59:00+00:00,98770.37158179742
2026-05-13 22:14:00+00:00,98775.07832237567
2026-05-13 22:29:00+00:00,98767.61235063671
2026-05-13 22:44:00+00:00,98762.79385964044
2026-05-13 22:59:00+00:00,98761.53499308285
2026-05-13 23:14:00+00:00,98756.23897909325
2026-05-13 23:29:00+00:00,98760.72413419744
2026-05-13 23:44:00+00:00,98766.81185912134
2026-05-13 23:59:00+00:00,98774.19170511505
2026-05-14 00:14:00+00:00,98780.08986753263
2026-05-14 00:29:00+00:00,98780.08986753263
2026-05-14 00:44:00+00:00,98789.82703659538
2026-05-14 00:59:00+00:00,98803.55307028908
2026-05-14 01:14:00+00:00,98794.59572420132
2026-05-14 01:29:00+00:00,98801.99342141024
2026-05-14 01:44:00+00:00,98797.81885805298
2026-05-14 01:59:00+00:00,98803.95743034981
2026-05-14 02:14:00+00:00,98803.72161279441
2026-05-14 02:29:00+00:00,98812.9473803425
2026-05-14 02:44:00+00:00,98822.53976285766
2026-05-14 02:59:00+00:00,98820.59754025095
2026-05-14 03:14:00+00:00,98820.59754025095
2026-05-14 03:29:00+00:00,98820.59754025095
2026-05-14 03:44:00+00:00,98820.59754025095
2026-05-14 03:59:00+00:00,98820.59754025095
2026-05-14 04:14:00+00:00,98820.59754025095
2026-05-14 04:29:00+00:00,98820.59754025095
2026-05-14 04:44:00+00:00,98820.59754025095
2026-05-14 04:59:00+00:00,98820.59754025095
2026-05-14 05:14:00+00:00,98820.59754025095
2026-05-14 05:29:00+00:00,98820.59754025095
2026-05-14 05:44:00+00:00,98820.59754025095
2026-05-14 05:59:00+00:00,98820.59754025095
2026-05-14 06:14:00+00:00,98868.57313417442
2026-05-14 06:29:00+00:00,98858.85012559162
2026-05-14 06:44:00+00:00,98843.589367762
2026-05-14 06:59:00+00:00,98860.9293586633
2026-05-14 07:14:00+00:00,98861.42685674848
2026-05-14 07:29:00+00:00,98871.68837358437
2026-05-14 07:44:00+00:00,98878.2071875832
2026-05-14 07:59:00+00:00,98886.56046598987
2026-05-14 08:14:00+00:00,98884.92339433933
2026-05-14 08:29:00+00:00,98884.92339433933
2026-05-14 08:44:00+00:00,98884.92339433933
2026-05-14 08:59:00+00:00,98884.92339433933
2026-05-14 09:14:00+00:00,98884.92339433933
2026-05-14 09:29:00+00:00,98884.92339433933
2026-05-14 09:44:00+00:00,98884.92339433933
2026-05-14 09:59:00+00:00,98884.92339433933
2026-05-14 10:14:00+00:00,98884.92339433933
2026-05-14 10:29:00+00:00,98884.92339433933
2026-05-14 10:44:00+00:00,98884.92339433933
2026-05-14 10:59:00+00:00,98884.92339433933
2026-05-14 11:14:00+00:00,98884.92339433933
2026-05-14 11:29:00+00:00,98884.92339433933
2026-05-14 11:44:00+00:00,98884.92339433933
2026-05-14 11:59:00+00:00,98884.92339433933
2026-05-14 12:14:00+00:00,98884.92339433933
2026-05-14 12:29:00+00:00,98884.92339433933
2026-05-14 12:44:00+00:00,98884.92339433933
2026-05-14 12:59:00+00:00,98884.92339433933
2026-05-14 13:14:00+00:00,98848.74410391513
2026-05-14 13:29:00+00:00,98887.24857662067
2026-05-14 13:44:00+00:00,98876.97524629318
2026-05-14 13:59:00+00:00,98876.74470208978
2026-05-14 14:14:00+00:00,98882.30510141063
2026-05-14 14:29:00+00:00,98865.5464508002
2026-05-14 14:44:00+00:00,98842.65276657684
2026-05-14 14:59:00+00:00,98834.90991316768
2026-05-14 15:14:00+00:00,98843.49527195927
2026-05-14 15:29:00+00:00,98829.86606450111
2026-05-14 15:44:00+00:00,98832.53970468944
2026-05-14 15:59:00+00:00,98842.80347285344
2026-05-14 16:14:00+00:00,98933.63515551186
2026-05-14 16:29:00+00:00,98918.92538341931
2026-05-14 16:44:00+00:00,98949.37402833259
2026-05-14 16:59:00+00:00,98991.70849395364
2026-05-14 17:14:00+00:00,99013.50885730193
2026-05-14 17:29:00+00:00,99061.79176777335
2026-05-14 17:44:00+00:00,98991.30692576956
2026-05-14 17:59:00+00:00,98990.99412299378
2026-05-14 18:14:00+00:00,98942.00602363814
2026-05-14 18:29:00+00:00,98913.2567977158
2026-05-14 18:44:00+00:00,98921.48845493617
2026-05-14 18:59:00+00:00,98905.08436221888
2026-05-14 19:14:00+00:00,98884.83504762601
2026-05-14 19:29:00+00:00,98902.10539535616
2026-05-14 19:44:00+00:00,98903.04515563307
2026-05-14 19:59:00+00:00,98922.81261219773
2026-05-14 20:14:00+00:00,98958.64725168084
2026-05-14 20:29:00+00:00,98942.24161519257
2026-05-14 20:44:00+00:00,98966.64583384685
2026-05-14 20:59:00+00:00,98964.9157964908
2026-05-14 21:14:00+00:00,98964.9157964908
2026-05-14 21:29:00+00:00,98968.44205603332
2026-05-14 21:44:00+00:00,98963.95380674674
2026-05-14 21:59:00+00:00,98968.87691454189
2026-05-14 22:14:00+00:00,98972.82868365681
2026-05-14 22:29:00+00:00,98986.76797975262
2026-05-14 22:44:00+00:00,98987.92686197745
2026-05-14 22:59:00+00:00,98990.99859952561
2026-05-14 23:14:00+00:00,98977.91339779485
2026-05-14 23:29:00+00:00,98983.46427435898
2026-05-14 23:44:00+00:00,98964.53671527293
2026-05-14 23:59:00+00:00,98952.98921882524
2026-05-15 00:14:00+00:00,98964.91342453743
2026-05-15 00:29:00+00:00,98965.16451410147
2026-05-15 00:44:00+00:00,98972.3861603142
2026-05-15 00:59:00+00:00,98986.70155401308
2026-05-15 01:14:00+00:00,98983.11763945453
2026-05-15 01:29:00+00:00,98981.86854943907
2026-05-15 01:44:00+00:00,98971.5671365733
2026-05-15 01:59:00+00:00,98968.63638059322
2026-05-15 02:14:00+00:00,98967.53231492873
2026-05-15 02:29:00+00:00,98938.47438301318
2026-05-15 02:44:00+00:00,98964.19980724057
2026-05-15 02:59:00+00:00,98972.67395163594
2026-05-15 03:14:00+00:00,98970.49494656005
2026-05-15 03:29:00+00:00,98968.30514281205
2026-05-15 03:44:00+00:00,98968.30514281205
2026-05-15 03:59:00+00:00,98968.30514281205
2026-05-15 04:14:00+00:00,98968.30514281205
2026-05-15 04:29:00+00:00,98968.30514281205
2026-05-15 04:44:00+00:00,98968.30514281205
2026-05-15 04:59:00+00:00,98968.30514281205
2026-05-15 05:14:00+00:00,98968.30514281205
2026-05-15 05:29:00+00:00,98968.30514281205
2026-05-15 05:44:00+00:00,98977.6364231767
2026-05-15 05:59:00+00:00,98984.38843180735
2026-05-15 06:14:00+00:00,98991.31087974928
2026-05-15 06:29:00+00:00,98996.52548803485
2026-05-15 06:44:00+00:00,99003.28127979749
2026-05-15 06:59:00+00:00,98993.54073948953
2026-05-15 07:14:00+00:00,98997.84737763385
2026-05-15 07:29:00+00:00,98988.05773413039
2026-05-15 07:44:00+00:00,98993.06152686855
2026-05-15 07:59:00+00:00,98992.93398825865
2026-05-15 08:14:00+00:00,98963.94235616793
2026-05-15 08:29:00+00:00,98946.0864237425
2026-05-15 08:44:00+00:00,98942.13511754267
2026-05-15 08:59:00+00:00,98932.9042198816
2026-05-15 09:14:00+00:00,98950.84618498707
2026-05-15 09:29:00+00:00,98945.29633257553
2026-05-15 09:44:00+00:00,98939.58069171007
2026-05-15 09:59:00+00:00,98942.00192934445
2026-05-15 10:14:00+00:00,98951.67765667145
2026-05-15 10:29:00+00:00,98943.71526266835
2026-05-15 10:44:00+00:00,98943.71526266835
2026-05-15 10:59:00+00:00,98943.71526266835
2026-05-15 11:14:00+00:00,98943.71526266835
2026-05-15 11:29:00+00:00,98943.71526266835
2026-05-15 11:44:00+00:00,98943.71526266835
2026-05-15 11:59:00+00:00,98943.71526266835
2026-05-15 12:14:00+00:00,98943.71526266835
2026-05-15 12:29:00+00:00,98943.71526266835
2026-05-15 12:44:00+00:00,98943.71526266835
2026-05-15 12:59:00+00:00,98943.71526266835
2026-05-15 13:14:00+00:00,98943.71526266835
2026-05-15 13:29:00+00:00,98943.71526266835
2026-05-15 13:44:00+00:00,98943.71526266835
2026-05-15 13:59:00+00:00,98913.20360100312
2026-05-15 14:14:00+00:00,98889.34358586573
2026-05-15 14:29:00+00:00,98900.97656099274
2026-05-15 14:44:00+00:00,98904.25515587305
2026-05-15 14:59:00+00:00,98898.46749725881
2026-05-15 15:14:00+00:00,98897.0432501736
2026-05-15 15:29:00+00:00,98899.87210123122
2026-05-15 15:44:00+00:00,98890.01337692754
2026-05-15 15:59:00+00:00,98899.12760419297
2026-05-15 16:14:00+00:00,98899.95548116326
2026-05-15 16:29:00+00:00,98941.12727189335
2026-05-15 16:44:00+00:00,98925.64755165466
2026-05-15 16:59:00+00:00,98927.49288608211
2026-05-15 17:14:00+00:00,98928.05285133986
2026-05-15 17:29:00+00:00,98928.06772673455
2026-05-15 17:44:00+00:00,98905.964788804
2026-05-15 17:59:00+00:00,98897.42987193647
2026-05-15 18:14:00+00:00,98900.29972405166
2026-05-15 18:29:00+00:00,98930.91729840747
2026-05-15 18:44:00+00:00,98921.88726741489
2026-05-15 18:59:00+00:00,98921.88726741489
2026-05-15 19:14:00+00:00,98921.88726741489
2026-05-15 19:29:00+00:00,98921.88726741489
2026-05-15 19:44:00+00:00,98921.88726741489
2026-05-15 19:59:00+00:00,98921.88726741489
2026-05-15 20:14:00+00:00,98921.88726741489
2026-05-15 20:29:00+00:00,98921.88726741489
2026-05-15 20:44:00+00:00,98921.88726741489
2026-05-15 20:59:00+00:00,98921.88726741489
2026-05-15 21:14:00+00:00,98921.88726741489
2026-05-15 21:29:00+00:00,98921.88726741489
2026-05-15 21:44:00+00:00,98921.88726741489
2026-05-15 21:59:00+00:00,98921.88726741489
2026-05-15 22:14:00+00:00,98921.88726741489
2026-05-15 22:29:00+00:00,98921.88726741489
2026-05-15 22:44:00+00:00,98921.88726741489
2026-05-15 22:59:00+00:00,98921.88726741489
2026-05-15 23:14:00+00:00,98921.88726741489
2026-05-15 23:29:00+00:00,98921.88726741489
2026-05-15 23:44:00+00:00,98921.88726741489
2026-05-15 23:59:00+00:00,98921.88726741489
2026-05-16 00:14:00+00:00,98921.88726741489
2026-05-16 00:29:00+00:00,98921.88726741489
2026-05-16 00:44:00+00:00,98921.88726741489
2026-05-16 00:59:00+00:00,98921.88726741489
2026-05-16 01:14:00+00:00,98921.88726741489
2026-05-16 01:29:00+00:00,98921.88726741489
2026-05-16 01:44:00+00:00,98921.88726741489
2026-05-16 01:59:00+00:00,98921.88726741489
2026-05-16 02:14:00+00:00,98921.88726741489
2026-05-16 02:29:00+00:00,98921.88726741489
2026-05-16 02:44:00+00:00,98921.88726741489
2026-05-16 02:59:00+00:00,98921.88726741489
2026-05-16 03:14:00+00:00,98921.88726741489
2026-05-16 03:29:00+00:00,98921.88726741489
2026-05-16 03:44:00+00:00,98921.88726741489
2026-05-16 03:59:00+00:00,98921.88726741489
2026-05-16 04:14:00+00:00,98921.88726741489
2026-05-16 04:29:00+00:00,98929.88937698152
2026-05-16 04:44:00+00:00,98932.26292402993
2026-05-16 04:59:00+00:00,98939.88072641152
2026-05-16 05:14:00+00:00,98945.76708371306
2026-05-16 05:29:00+00:00,98947.5731630375
2026-05-16 05:44:00+00:00,98947.5731630375
2026-05-16 05:59:00+00:00,98947.5731630375
2026-05-16 06:14:00+00:00,98947.5731630375
2026-05-16 06:29:00+00:00,98945.19161110537
2026-05-16 06:44:00+00:00,98945.68058904861
2026-05-16 06:59:00+00:00,98950.41611313818
2026-05-16 07:14:00+00:00,98913.08318612387
2026-05-16 07:29:00+00:00,98922.19962562168
2026-05-16 07:44:00+00:00,98937.59046711249
2026-05-16 07:59:00+00:00,98913.10072197788
2026-05-16 08:14:00+00:00,98924.58331509442
2026-05-16 08:29:00+00:00,98943.54351452258
2026-05-16 08:44:00+00:00,98930.56323672608
2026-05-16 08:59:00+00:00,98920.87923438995
2026-05-16 09:14:00+00:00,98928.42573238502
2026-05-16 09:29:00+00:00,98947.85781141171
2026-05-16 09:44:00+00:00,98957.5055183591
2026-05-16 09:59:00+00:00,98959.5474155903
2026-05-16 10:14:00+00:00,98957.97166806638
2026-05-16 10:29:00+00:00,98954.21993138763
2026-05-16 10:44:00+00:00,98957.73906429241
2026-05-16 10:59:00+00:00,98959.20236701846
2026-05-16 11:14:00+00:00,98949.87431548476
2026-05-16 11:29:00+00:00,98958.28089171517
2026-05-16 11:44:00+00:00,98943.20157488025
2026-05-16 11:59:00+00:00,98946.15719149962
2026-05-16 12:14:00+00:00,98958.3994188169
2026-05-16 12:29:00+00:00,98979.80463424722
2026-05-16 12:44:00+00:00,98983.73910960619
2026-05-16 12:59:00+00:00,98980.4093750937
2026-05-16 13:14:00+00:00,98980.4093750937
2026-05-16 13:29:00+00:00,98980.4093750937
2026-05-16 13:44:00+00:00,98980.4093750937
2026-05-16 13:59:00+00:00,98980.4093750937
2026-05-16 14:14:00+00:00,98980.4093750937
2026-05-16 14:29:00+00:00,98980.4093750937
2026-05-16 14:44:00+00:00,98980.4093750937
2026-05-16 14:59:00+00:00,98980.4093750937
2026-05-16 15:14:00+00:00,98980.4093750937
2026-05-16 15:29:00+00:00,98980.4093750937
2026-05-16 15:44:00+00:00,98980.4093750937
2026-05-16 15:59:00+00:00,98980.4093750937
2026-05-16 16:14:00+00:00,98980.4093750937
2026-05-16 16:29:00+00:00,98980.4093750937
2026-05-16 16:44:00+00:00,98980.4093750937
2026-05-16 16:59:00+00:00,98980.4093750937
2026-05-16 17:14:00+00:00,98980.4093750937
2026-05-16 17:29:00+00:00,98980.4093750937
2026-05-16 17:44:00+00:00,98980.4093750937
2026-05-16 17:59:00+00:00,98980.4093750937
2026-05-16 18:14:00+00:00,98980.4093750937
2026-05-16 18:29:00+00:00,98980.4093750937
2026-05-16 18:44:00+00:00,98980.4093750937
2026-05-16 18:59:00+00:00,98980.4093750937
2026-05-16 19:14:00+00:00,98980.4093750937
2026-05-16 19:29:00+00:00,98980.4093750937
2026-05-16 19:44:00+00:00,98980.4093750937
2026-05-16 19:59:00+00:00,98980.4093750937
2026-05-16 20:14:00+00:00,98980.4093750937
2026-05-16 20:29:00+00:00,98980.4093750937
2026-05-16 20:44:00+00:00,98980.4093750937
2026-05-16 20:59:00+00:00,98980.4093750937
2026-05-16 21:14:00+00:00,98980.4093750937
2026-05-16 21:29:00+00:00,98980.4093750937
2026-05-16 21:44:00+00:00,98980.4093750937
2026-05-16 21:59:00+00:00,98980.4093750937
2026-05-16 22:14:00+00:00,98980.4093750937
2026-05-16 22:29:00+00:00,98980.4093750937
2026-05-16 22:44:00+00:00,98980.4093750937
2026-05-16 22:59:00+00:00,98980.4093750937
2026-05-16 23:14:00+00:00,98980.4093750937
2026-05-16 23:29:00+00:00,98980.4093750937
2026-05-16 23:44:00+00:00,98980.4093750937
2026-05-16 23:59:00+00:00,98980.4093750937
2026-05-17 00:14:00+00:00,98980.4093750937
2026-05-17 00:29:00+00:00,98980.4093750937
2026-05-17 00:44:00+00:00,98980.4093750937
2026-05-17 00:59:00+00:00,98980.4093750937
2026-05-17 01:14:00+00:00,98980.4093750937
2026-05-17 01:29:00+00:00,98980.4093750937
2026-05-17 01:44:00+00:00,98980.4093750937
2026-05-17 01:59:00+00:00,98980.4093750937
2026-05-17 02:14:00+00:00,98980.4093750937
2026-05-17 02:29:00+00:00,98980.4093750937
2026-05-17 02:44:00+00:00,98980.4093750937
2026-05-17 02:59:00+00:00,98980.4093750937
2026-05-17 03:14:00+00:00,98980.4093750937
2026-05-17 03:29:00+00:00,98980.4093750937
2026-05-17 03:44:00+00:00,98980.4093750937
2026-05-17 03:59:00+00:00,98980.4093750937
2026-05-17 04:14:00+00:00,98980.4093750937
2026-05-17 04:29:00+00:00,98980.4093750937
2026-05-17 04:44:00+00:00,98980.4093750937
2026-05-17 04:59:00+00:00,98980.4093750937
2026-05-17 05:14:00+00:00,98980.4093750937
2026-05-17 05:29:00+00:00,98980.4093750937
2026-05-17 05:44:00+00:00,98980.4093750937
2026-05-17 05:59:00+00:00,98980.4093750937
2026-05-17 06:14:00+00:00,98980.4093750937
2026-05-17 06:29:00+00:00,98980.4093750937
2026-05-17 06:44:00+00:00,98980.4093750937
2026-05-17 06:59:00+00:00,98980.4093750937
2026-05-17 07:14:00+00:00,98980.4093750937
2026-05-17 07:29:00+00:00,98980.4093750937
2026-05-17 07:44:00+00:00,98980.4093750937
2026-05-17 07:59:00+00:00,98980.4093750937
2026-05-17 08:14:00+00:00,98980.4093750937
2026-05-17 08:29:00+00:00,98980.4093750937
2026-05-17 08:44:00+00:00,98980.4093750937
2026-05-17 08:59:00+00:00,98980.4093750937
2026-05-17 09:14:00+00:00,98980.4093750937
2026-05-17 09:29:00+00:00,98980.4093750937
2026-05-17 09:44:00+00:00,98980.4093750937
2026-05-17 09:59:00+00:00,98980.4093750937
2026-05-17 10:14:00+00:00,98980.4093750937
2026-05-17 10:29:00+00:00,98980.4093750937
2026-05-17 10:44:00+00:00,98980.4093750937
2026-05-17 10:59:00+00:00,98980.4093750937
2026-05-17 11:14:00+00:00,98980.4093750937
2026-05-17 11:29:00+00:00,98980.4093750937
2026-05-17 11:44:00+00:00,98980.4093750937
2026-05-17 11:59:00+00:00,98980.4093750937
2026-05-17 12:14:00+00:00,98980.4093750937
2026-05-17 12:29:00+00:00,98980.4093750937
2026-05-17 12:44:00+00:00,98980.4093750937
2026-05-17 12:59:00+00:00,98984.31263056288
2026-05-17 13:14:00+00:00,99001.06258749093
2026-05-17 13:29:00+00:00,99020.69211321419
2026-05-17 13:44:00+00:00,99012.35530157217
2026-05-17 13:59:00+00:00,99013.5508929358
2026-05-17 14:14:00+00:00,99038.14348012488
2026-05-17 14:29:00+00:00,99040.74731669291
2026-05-17 14:44:00+00:00,99040.74731669291
2026-05-17 14:59:00+00:00,99040.74731669291
2026-05-17 15:14:00+00:00,99040.74731669291
2026-05-17 15:29:00+00:00,99040.74731669291
2026-05-17 15:44:00+00:00,99040.74731669291
2026-05-17 15:59:00+00:00,99040.74731669291
2026-05-17 16:14:00+00:00,99040.74731669291
2026-05-17 16:29:00+00:00,99040.74731669291
2026-05-17 16:44:00+00:00,99040.74731669291
2026-05-17 16:59:00+00:00,99040.74731669291
2026-05-17 17:14:00+00:00,99040.74731669291
2026-05-17 17:29:00+00:00,99040.74731669291
2026-05-17 17:44:00+00:00,99040.74731669291
2026-05-17 17:59:00+00:00,99040.74731669291
2026-05-17 18:14:00+00:00,99040.74731669291
2026-05-17 18:29:00+00:00,99040.74731669291
2026-05-17 18:44:00+00:00,99040.74731669291
2026-05-17 18:59:00+00:00,99040.74731669291
2026-05-17 19:14:00+00:00,99040.74731669291
2026-05-17 19:29:00+00:00,99040.74731669291
2026-05-17 19:44:00+00:00,99040.74731669291
2026-05-17 19:59:00+00:00,99040.74731669291
2026-05-17 20:14:00+00:00,99040.74731669291
2026-05-17 20:29:00+00:00,99040.74731669291
2026-05-17 20:44:00+00:00,99040.74731669291
2026-05-17 20:59:00+00:00,99040.74731669291
2026-05-17 21:14:00+00:00,99040.74731669291
2026-05-17 21:29:00+00:00,99040.74731669291
2026-05-17 21:44:00+00:00,99040.74731669291
2026-05-17 21:59:00+00:00,99040.74731669291
2026-05-17 22:14:00+00:00,99040.74731669291
2026-05-17 22:29:00+00:00,99040.74731669291
2026-05-17 22:44:00+00:00,99040.74731669291
2026-05-17 22:59:00+00:00,99040.74731669291
2026-05-17 23:14:00+00:00,99040.74731669291
2026-05-17 23:29:00+00:00,99038.97606286044
2026-05-17 23:44:00+00:00,99099.7256692707
2026-05-17 23:59:00+00:00,99075.51310364733
2026-05-18 00:14:00+00:00,99067.81214541201
2026-05-18 00:29:00+00:00,99045.18962842875
2026-05-18 00:44:00+00:00,99060.55343657434
2026-05-18 00:59:00+00:00,99043.04617900534
2026-05-18 01:14:00+00:00,99041.95956568737
2026-05-18 01:29:00+00:00,99049.26337483725
2026-05-18 01:44:00+00:00,99060.09343736489
2026-05-18 01:59:00+00:00,99046.62887463749
2026-05-18 02:14:00+00:00,99054.09598590831
2026-05-18 02:29:00+00:00,99060.44992932297
2026-05-18 02:44:00+00:00,99063.67708877088
2026-05-18 02:59:00+00:00,99052.55695924132
2026-05-18 03:14:00+00:00,99075.71318816414
2026-05-18 03:29:00+00:00,99068.38339700535
2026-05-18 03:44:00+00:00,99074.47980920089
2026-05-18 03:59:00+00:00,99064.0950523132
2026-05-18 04:14:00+00:00,99070.87534773667
2026-05-18 04:29:00+00:00,99046.1960165608
2026-05-18 04:44:00+00:00,99047.6149692956
2026-05-18 04:59:00+00:00,99044.36587550215
2026-05-18 05:14:00+00:00,99041.88455695781
2026-05-18 05:29:00+00:00,98965.62728648588
2026-05-18 05:44:00+00:00,98969.66322024072
2026-05-18 05:59:00+00:00,98947.64969432505
2026-05-18 06:14:00+00:00,98962.11679235513
2026-05-18 06:29:00+00:00,98834.20999948977
2026-05-18 06:44:00+00:00,98893.61135054294
2026-05-18 06:59:00+00:00,98900.49326727887
2026-05-18 07:14:00+00:00,98889.73546951593
2026-05-18 07:29:00+00:00,98844.59640106586
2026-05-18 07:44:00+00:00,98808.63687468438
2026-05-18 07:59:00+00:00,98808.3597217113
2026-05-18 08:14:00+00:00,98806.90685097619
2026-05-18 08:29:00+00:00,98794.42912625844
2026-05-18 08:44:00+00:00,98787.17250591748
2026-05-18 08:59:00+00:00,98824.77794814408
2026-05-18 09:14:00+00:00,98809.3283597207
2026-05-18 09:29:00+00:00,98798.56084797898
2026-05-18 09:44:00+00:00,98793.23435835887
2026-05-18 09:59:00+00:00,98797.62716080084
2026-05-18 10:14:00+00:00,98795.49056563825
2026-05-18 10:29:00+00:00,98727.79638771056
2026-05-18 10:44:00+00:00,98714.91312478861
2026-05-18 10:59:00+00:00,98733.86654666919
2026-05-18 11:14:00+00:00,98713.35591903173
2026-05-18 11:29:00+00:00,98713.67995988342
2026-05-18 11:44:00+00:00,98638.07098174376
2026-05-18 11:59:00+00:00,98615.91825415101
2026-05-18 12:14:00+00:00,98651.98237712354
2026-05-18 12:29:00+00:00,98899.31944319047
2026-05-18 12:44:00+00:00,98826.18664933083
2026-05-18 12:59:00+00:00,98896.02547965028
2026-05-18 13:14:00+00:00,98909.98191472482
2026-05-18 13:29:00+00:00,98944.85360183628
2026-05-18 13:44:00+00:00,98948.85685715855
2026-05-18 13:59:00+00:00,98964.88608164294
2026-05-18 14:14:00+00:00,98956.55645156797
2026-05-18 14:29:00+00:00,98925.36604396143
2026-05-18 14:44:00+00:00,98879.2279116423
2026-05-18 14:59:00+00:00,98881.59929405068
2026-05-18 15:14:00+00:00,98909.36190117984
2026-05-18 15:29:00+00:00,98966.16758925447
2026-05-18 15:44:00+00:00,98952.22107012737
2026-05-18 15:59:00+00:00,98947.98898592158
2026-05-18 16:14:00+00:00,98950.83441763373
2026-05-18 16:29:00+00:00,98950.83441763373
2026-05-18 16:44:00+00:00,98938.83739705279
2026-05-18 16:59:00+00:00,98936.41666536023
2026-05-18 17:14:00+00:00,98940.02160218814
2026-05-18 17:29:00+00:00,98890.87977201134
2026-05-18 17:44:00+00:00,98901.15177436984
2026-05-18 17:59:00+00:00,98919.23944534556
2026-05-18 18:14:00+00:00,98949.35623173621
2026-05-18 18:29:00+00:00,98936.35982000873
2026-05-18 18:44:00+00:00,98938.8241769587
2026-05-18 18:59:00+00:00,98940.18383751006
2026-05-18 19:14:00+00:00,98914.5318634679
2026-05-18 19:29:00+00:00,98870.25920064037
2026-05-18 19:44:00+00:00,98848.54661301062
2026-05-18 19:59:00+00:00,98854.79390375305
2026-05-18 20:14:00+00:00,98839.11416961029
2026-05-18 20:29:00+00:00,98842.24654323864
2026-05-18 20:44:00+00:00,98828.26746760783
2026-05-18 20:59:00+00:00,98803.42532959902
2026-05-18 21:14:00+00:00,98800.83351333307
2026-05-18 21:29:00+00:00,98797.39619435494
2026-05-18 21:44:00+00:00,98791.97130014758
2026-05-18 21:59:00+00:00,98827.15048205855
2026-05-18 22:14:00+00:00,98772.49825539316
2026-05-18 22:29:00+00:00,98761.63634670517
2026-05-18 22:44:00+00:00,98750.27047021767
2026-05-18 22:59:00+00:00,98743.38301067884
2026-05-18 23:14:00+00:00,98726.73983820072
2026-05-18 23:29:00+00:00,98733.893081578
2026-05-18 23:44:00+00:00,98697.88494954325
2026-05-18 23:59:00+00:00,98693.00110838299
2026-05-19 00:14:00+00:00,98693.3852289885
2026-05-19 00:29:00+00:00,98668.20056376499
2026-05-19 00:44:00+00:00,98679.2739529664
2026-05-19 00:59:00+00:00,98677.67190263087
2026-05-19 01:14:00+00:00,98677.5549090741
2026-05-19 01:29:00+00:00,98706.15055763107
2026-05-19 01:44:00+00:00,98703.63685874347
2026-05-19 01:59:00+00:00,98703.63685874347
2026-05-19 02:14:00+00:00,98703.63685874347
2026-05-19 02:29:00+00:00,98703.63685874347
2026-05-19 02:44:00+00:00,98699.35861448658
2026-05-19 02:59:00+00:00,98699.05272328136
2026-05-19 03:14:00+00:00,98693.30288834362
2026-05-19 03:29:00+00:00,98686.94015072816
2026-05-19 03:44:00+00:00,98683.34506075516
2026-05-19 03:59:00+00:00,98684.2421460413
2026-05-19 04:14:00+00:00,98680.3728396632
2026-05-19 04:29:00+00:00,98693.19896852422
2026-05-19 04:44:00+00:00,98684.5546253741
2026-05-19 04:59:00+00:00,98678.57539322841
2026-05-19 05:14:00+00:00,98677.62459509536
2026-05-19 05:29:00+00:00,98674.78783981553
2026-05-19 05:44:00+00:00,98666.63514919694
2026-05-19 05:59:00+00:00,98659.83824976225
2026-05-19 06:14:00+00:00,98663.39856978839
2026-05-19 06:29:00+00:00,98645.01830573924
2026-05-19 06:44:00+00:00,98619.80205286252
2026-05-19 06:59:00+00:00,98645.6778550536
2026-05-19 07:14:00+00:00,98644.10791060163
2026-05-19 07:29:00+00:00,98620.77572720809
2026-05-19 07:44:00+00:00,98537.48093732908
2026-05-19 07:59:00+00:00,98585.82001810842
2026-05-19 08:14:00+00:00,98642.33205211685
2026-05-19 08:29:00+00:00,98634.32499812335
2026-05-19 08:44:00+00:00,98619.2039128211
2026-05-19 08:59:00+00:00,98631.08190911725
2026-05-19 09:14:00+00:00,98620.94742101023
2026-05-19 09:29:00+00:00,98632.40153263572
2026-05-19 09:44:00+00:00,98666.24331960465
2026-05-19 09:59:00+00:00,98657.12328242793
2026-05-19 10:14:00+00:00,98658.37423468854
2026-05-19 10:29:00+00:00,98659.64941102077
2026-05-19 10:44:00+00:00,98657.69492616202
2026-05-19 10:59:00+00:00,98667.83890469947
2026-05-19 11:14:00+00:00,98670.16056216949
2026-05-19 11:29:00+00:00,98664.84415141908
2026-05-19 11:44:00+00:00,98651.58046244697
2026-05-19 11:59:00+00:00,98664.74357852778
2026-05-19 12:14:00+00:00,98669.39190325826
2026-05-19 12:29:00+00:00,98663.80046523342
2026-05-19 12:44:00+00:00,98650.8883887253
2026-05-19 12:59:00+00:00,98626.88373967422
2026-05-19 13:14:00+00:00,98656.10122968817
2026-05-19 13:29:00+00:00,98678.33054663957
2026-05-19 13:44:00+00:00,98687.11166903409
2026-05-19 13:59:00+00:00,98680.37003452909
2026-05-19 14:14:00+00:00,98694.51878723581
2026-05-19 14:29:00+00:00,98680.23206468398
2026-05-19 14:44:00+00:00,98867.79123962922
2026-05-19 14:59:00+00:00,98869.51973376435
2026-05-19 15:14:00+00:00,98889.72350855153
2026-05-19 15:29:00+00:00,98874.54784441118
2026-05-19 15:44:00+00:00,98883.621595672
2026-05-19 15:59:00+00:00,98893.87834186926
2026-05-19 16:14:00+00:00,98866.9271935425
2026-05-19 16:29:00+00:00,98874.88307543083
2026-05-19 16:44:00+00:00,98880.87694986716
2026-05-19 16:59:00+00:00,98878.98237197287
2026-05-19 17:14:00+00:00,98877.83165727818
2026-05-19 17:29:00+00:00,98886.12185937085
2026-05-19 17:44:00+00:00,98843.62099560889
2026-05-19 17:59:00+00:00,98809.28306778162
2026-05-19 18:14:00+00:00,98799.65826790131
2026-05-19 18:29:00+00:00,98850.3070298358
2026-05-19 18:44:00+00:00,98868.74233358713
2026-05-19 18:59:00+00:00,98906.41851466546
2026-05-19 19:14:00+00:00,98896.52547159114
2026-05-19 19:29:00+00:00,98897.80561191945
2026-05-19 19:44:00+00:00,98902.43698393462
2026-05-19 19:59:00+00:00,98905.12891327564
2026-05-19 20:14:00+00:00,98893.78663265839
2026-05-19 20:29:00+00:00,98886.9343696752
2026-05-19 20:44:00+00:00,98884.0383765935
2026-05-19 20:59:00+00:00,98880.53576539617
2026-05-19 21:14:00+00:00,98884.03930927585
2026-05-19 21:29:00+00:00,98867.98251333898
2026-05-19 21:44:00+00:00,98870.16329793101
2026-05-19 21:59:00+00:00,98871.20252556606
2026-05-19 22:14:00+00:00,98894.59623002107
2026-05-19 22:29:00+00:00,98900.6656699741
2026-05-19 22:44:00+00:00,98890.72028467739
2026-05-19 22:59:00+00:00,98887.41542759225
2026-05-19 23:14:00+00:00,98869.49780047663
2026-05-19 23:29:00+00:00,98856.39970714948
2026-05-19 23:44:00+00:00,98843.54293928471
2026-05-19 23:59:00+00:00,98832.30984827079
2026-05-20 00:14:00+00:00,98823.00909148989
2026-05-20 00:29:00+00:00,98823.69711758758
2026-05-20 00:44:00+00:00,98839.0491655698
2026-05-20 00:59:00+00:00,98845.88097393619
2026-05-20 01:14:00+00:00,98867.65176529995
2026-05-20 01:29:00+00:00,98832.43067925201
2026-05-20 01:44:00+00:00,98838.23341264341
2026-05-20 01:59:00+00:00,98847.32429190412
2026-05-20 02:14:00+00:00,98859.1523444048
2026-05-20 02:29:00+00:00,98857.49917234323
2026-05-20 02:44:00+00:00,98857.34718151041
2026-05-20 02:59:00+00:00,98863.21119113396
2026-05-20 03:14:00+00:00,98864.71159849735
2026-05-20 03:29:00+00:00,98864.84679310022
2026-05-20 03:44:00+00:00,98860.92885427359
2026-05-20 03:59:00+00:00,98863.14876339084
2026-05-20 04:14:00+00:00,98863.95032857133
2026-05-20 04:29:00+00:00,98860.91661720035
2026-05-20 04:44:00+00:00,98860.91661720035
2026-05-20 04:59:00+00:00,98860.91661720035
2026-05-20 05:14:00+00:00,98860.91661720035
2026-05-20 05:29:00+00:00,98860.91661720035
2026-05-20 05:44:00+00:00,98860.91661720035
2026-05-20 05:59:00+00:00,98860.91661720035
2026-05-20 06:14:00+00:00,98859.49576743261
2026-05-20 06:29:00+00:00,98875.80025761531
2026-05-20 06:44:00+00:00,98896.47760709698
2026-05-20 06:59:00+00:00,98860.76453859659
2026-05-20 07:14:00+00:00,98859.64612785749
2026-05-20 07:29:00+00:00,98834.69108283661
2026-05-20 07:44:00+00:00,98873.31789098222
2026-05-20 07:59:00+00:00,98891.90128874176
2026-05-20 08:14:00+00:00,98860.17482964873
2026-05-20 08:29:00+00:00,98828.08187857996
2026-05-20 08:44:00+00:00,98805.0276420791
2026-05-20 08:59:00+00:00,98838.05994410352
2026-05-20 09:14:00+00:00,98838.26901973032
2026-05-20 09:29:00+00:00,98818.1756225668
2026-05-20 09:44:00+00:00,98796.46509740649
2026-05-20 09:59:00+00:00,98822.9896186435
2026-05-20 10:14:00+00:00,98769.94580454209
2026-05-20 10:29:00+00:00,98812.64643511797
2026-05-20 10:44:00+00:00,98837.68992233864
2026-05-20 10:59:00+00:00,98836.13776707705
2026-05-20 11:14:00+00:00,98834.56449729613
2026-05-20 11:29:00+00:00,98834.56449729613
2026-05-20 11:44:00+00:00,98834.56449729613
2026-05-20 11:59:00+00:00,98834.56449729613
2026-05-20 12:14:00+00:00,98834.56449729613
2026-05-20 12:29:00+00:00,98834.56449729613
2026-05-20 12:44:00+00:00,98834.56449729613
2026-05-20 12:59:00+00:00,98834.56449729613
2026-05-20 13:14:00+00:00,98834.56449729613
2026-05-20 13:29:00+00:00,98834.56449729613
2026-05-20 13:44:00+00:00,98834.56449729613
2026-05-20 13:59:00+00:00,98834.56449729613
2026-05-20 14:14:00+00:00,98834.56449729613
2026-05-20 14:29:00+00:00,98834.56449729613
2026-05-20 14:44:00+00:00,98834.56449729613
2026-05-20 14:59:00+00:00,98833.85728385783
2026-05-20 15:14:00+00:00,98828.389286196
2026-05-20 15:29:00+00:00,98798.64571024303
2026-05-20 15:44:00+00:00,98838.62965650835
2026-05-20 15:59:00+00:00,98842.25972543319
2026-05-20 16:14:00+00:00,98829.87834615886
2026-05-20 16:29:00+00:00,98868.17257987603
2026-05-20 16:44:00+00:00,98843.22595869149
2026-05-20 16:59:00+00:00,98826.76960873665
2026-05-20 17:14:00+00:00,98826.2131989274
2026-05-20 17:29:00+00:00,98823.33964397018
2026-05-20 17:44:00+00:00,98825.62196387758
2026-05-20 17:59:00+00:00,98839.60248469932
2026-05-20 18:14:00+00:00,98842.79955616214
2026-05-20 18:29:00+00:00,98849.21260720023
2026-05-20 18:44:00+00:00,98845.43647609331
2026-05-20 18:59:00+00:00,98845.43647609331
2026-05-20 19:14:00+00:00,98845.43647609331
2026-05-20 19:29:00+00:00,98845.43647609331
2026-05-20 19:44:00+00:00,98845.43647609331
2026-05-20 19:59:00+00:00,98845.43647609331
2026-05-20 20:14:00+00:00,98845.43647609331
2026-05-20 20:29:00+00:00,98845.43647609331
2026-05-20 20:44:00+00:00,98845.43647609331
2026-05-20 20:59:00+00:00,98845.43647609331
2026-05-20 21:14:00+00:00,98845.43647609331
2026-05-20 21:29:00+00:00,98845.43647609331
2026-05-20 21:44:00+00:00,98845.43647609331
2026-05-20 21:59:00+00:00,98837.8920834436
2026-05-20 22:14:00+00:00,98842.58838324112
2026-05-20 22:29:00+00:00,98874.39488475052
2026-05-20 22:44:00+00:00,98921.88413185322
2026-05-20 22:59:00+00:00,98914.92824261512
2026-05-20 23:14:00+00:00,98914.92824261512
2026-05-20 23:29:00+00:00,98914.92824261512
2026-05-20 23:44:00+00:00,98914.92824261512
2026-05-20 23:59:00+00:00,98914.92824261512
2026-05-21 00:14:00+00:00,98914.92824261512
2026-05-21 00:29:00+00:00,98914.92824261512
2026-05-21 00:44:00+00:00,98861.4038134959
2026-05-21 00:59:00+00:00,98789.69997444571
2026-05-21 01:14:00+00:00,98843.504456484
2026-05-21 01:29:00+00:00,98910.02466686635
2026-05-21 01:44:00+00:00,98901.03522584404
2026-05-21 01:59:00+00:00,98849.68607230374
2026-05-21 02:14:00+00:00,98762.0210513591
2026-05-21 02:29:00+00:00,98742.12828230296
2026-05-21 02:44:00+00:00,98828.4286654953
2026-05-21 02:59:00+00:00,98853.49506059018
2026-05-21 03:14:00+00:00,98865.68785942487
2026-05-21 03:29:00+00:00,98820.75589312216
2026-05-21 03:44:00+00:00,98780.61705512274
2026-05-21 03:59:00+00:00,98708.96502017441
2026-05-21 04:14:00+00:00,98776.57842589126
2026-05-21 04:29:00+00:00,98748.2151869049
2026-05-21 04:44:00+00:00,98785.76372493216
2026-05-21 04:59:00+00:00,98748.71543945589
2026-05-21 05:14:00+00:00,98769.35811248554
2026-05-21 05:29:00+00:00,98799.70034746332
2026-05-21 05:44:00+00:00,98850.7585744945
2026-05-21 05:59:00+00:00,98847.44670108796
2026-05-21 06:14:00+00:00,98870.61043620479
2026-05-21 06:29:00+00:00,98872.90326312617
2026-05-21 06:44:00+00:00,98880.40820088162
2026-05-21 06:59:00+00:00,98863.61276452622
2026-05-21 07:14:00+00:00,98865.14093526032
2026-05-21 07:29:00+00:00,98885.11384843616
2026-05-21 07:44:00+00:00,98863.75972225929
2026-05-21 07:59:00+00:00,98858.62625261255
2026-05-21 08:14:00+00:00,98859.57662447357
2026-05-21 08:29:00+00:00,98868.49606723162
2026-05-21 08:44:00+00:00,98866.77555587483
2026-05-21 08:59:00+00:00,98906.83965813147
2026-05-21 09:14:00+00:00,98910.00619267445
2026-05-21 09:29:00+00:00,98891.65120988083
2026-05-21 09:44:00+00:00,98930.03773642928
2026-05-21 09:59:00+00:00,98922.05926464315
2026-05-21 10:14:00+00:00,98885.57047965485
2026-05-21 10:29:00+00:00,98932.18571217671
2026-05-21 10:44:00+00:00,98917.95800383357
2026-05-21 10:59:00+00:00,98943.933793256
2026-05-21 11:14:00+00:00,98964.212058787
2026-05-21 11:29:00+00:00,98955.18418234598
2026-05-21 11:44:00+00:00,98957.4808783131
2026-05-21 11:59:00+00:00,98954.43787522451
2026-05-21 12:14:00+00:00,98938.10361625267
2026-05-21 12:29:00+00:00,98917.46260485919
2026-05-21 12:44:00+00:00,98935.80292082022
2026-05-21 12:59:00+00:00,98945.60166406256
2026-05-21 13:14:00+00:00,98953.02132541803
2026-05-21 13:29:00+00:00,98957.41090525858
2026-05-21 13:44:00+00:00,98927.63859152864
2026-05-21 13:59:00+00:00,98972.9738204373
2026-05-21 14:14:00+00:00,98978.12590298588
2026-05-21 14:29:00+00:00,98987.02292622472
2026-05-21 14:44:00+00:00,99002.56190038589
2026-05-21 14:59:00+00:00,98989.89314461105
2026-05-21 15:14:00+00:00,98983.1205410238
2026-05-21 15:29:00+00:00,98923.24768693307
2026-05-21 15:44:00+00:00,99027.2351437951
2026-05-21 15:59:00+00:00,99017.41563094668
2026-05-21 16:14:00+00:00,99003.86955669803
2026-05-21 16:29:00+00:00,99056.29814865776
2026-05-21 16:44:00+00:00,99091.0369097588
2026-05-21 16:59:00+00:00,99078.59002452674
2026-05-21 17:14:00+00:00,99037.89665674006
2026-05-21 17:29:00+00:00,98942.91878686752
2026-05-21 17:44:00+00:00,99010.2422527571
2026-05-21 17:59:00+00:00,99038.1078966754
2026-05-21 18:14:00+00:00,99061.47079873233
2026-05-21 18:29:00+00:00,99040.220825915
2026-05-21 18:44:00+00:00,98964.52099226964
2026-05-21 18:59:00+00:00,98993.675791808
2026-05-21 19:14:00+00:00,98982.63841770632
2026-05-21 19:29:00+00:00,98971.30796155674
2026-05-21 19:44:00+00:00,98945.11460951783
2026-05-21 19:59:00+00:00,98822.73823758497
2026-05-21 20:14:00+00:00,98794.01081344574
2026-05-21 20:29:00+00:00,98783.09516491384
2026-05-21 20:44:00+00:00,98783.33344689329
2026-05-21 20:59:00+00:00,98764.26328564787
2026-05-21 21:14:00+00:00,98749.79653048444
2026-05-21 21:29:00+00:00,98708.35240268352
2026-05-21 21:44:00+00:00,98759.4265201029
2026-05-21 21:59:00+00:00,98782.94375441328
2026-05-21 22:14:00+00:00,98727.94045036493
2026-05-21 22:29:00+00:00,98756.41154660536
2026-05-21 22:44:00+00:00,98780.35985440387
2026-05-21 22:59:00+00:00,98788.9216552803
2026-05-21 23:14:00+00:00,98798.43751057112
2026-05-21 23:29:00+00:00,98766.65727028628
2026-05-21 23:44:00+00:00,98811.07183875913
2026-05-21 23:59:00+00:00,98820.16120643698
2026-05-22 00:14:00+00:00,98754.75056201161
2026-05-22 00:29:00+00:00,98736.5058083869
2026-05-22 00:44:00+00:00,98733.06638308984
2026-05-22 00:59:00+00:00,98713.23258239294
2026-05-22 01:14:00+00:00,98663.94768933785
2026-05-22 01:29:00+00:00,98590.9490101549
2026-05-22 01:44:00+00:00,98596.9864888715
2026-05-22 01:59:00+00:00,98605.38043346441
2026-05-22 02:14:00+00:00,98546.17339132307
2026-05-22 02:29:00+00:00,98474.03194764457
2026-05-22 02:44:00+00:00,98397.49212337339
2026-05-22 02:59:00+00:00,98522.53020963828
2026-05-22 03:14:00+00:00,98420.56475452967
2026-05-22 03:29:00+00:00,98409.73697244927
2026-05-22 03:44:00+00:00,98400.45053398174
2026-05-22 03:59:00+00:00,98369.7520822227
2026-05-22 04:14:00+00:00,98355.609866911
2026-05-22 04:29:00+00:00,98354.46652521523
2026-05-22 04:44:00+00:00,98371.04515013049
2026-05-22 04:59:00+00:00,98379.35295229591
2026-05-22 05:14:00+00:00,98363.69307814477
2026-05-22 05:29:00+00:00,98366.91486728407
2026-05-22 05:44:00+00:00,98374.10853983808
2026-05-22 05:59:00+00:00,98298.70391686523
2026-05-22 06:14:00+00:00,98341.60616323579
2026-05-22 06:29:00+00:00,98312.16545943341
2026-05-22 06:44:00+00:00,98400.13889269723
2026-05-22 06:59:00+00:00,98294.63134226186
2026-05-22 07:14:00+00:00,98258.4566757482
2026-05-22 07:29:00+00:00,98234.44347440687
2026-05-22 07:44:00+00:00,98215.77289103158
2026-05-22 07:59:00+00:00,98208.04179059018
2026-05-22 08:14:00+00:00,98153.2450280919
2026-05-22 08:29:00+00:00,98111.65381758548
2026-05-22 08:44:00+00:00,98175.8294910419
2026-05-22 08:59:00+00:00,98145.13627466452
2026-05-22 09:14:00+00:00,98098.52365813788
2026-05-22 09:29:00+00:00,98161.55903176745
2026-05-22 09:44:00+00:00,98138.67331123665
2026-05-22 09:59:00+00:00,98147.73693252428
2026-05-22 10:14:00+00:00,98153.64526220584
2026-05-22 10:29:00+00:00,98151.14945551724
2026-05-22 10:44:00+00:00,98147.76422243283
2026-05-22 10:59:00+00:00,98141.48948124464
2026-05-22 11:14:00+00:00,98143.89955565173
2026-05-22 11:29:00+00:00,98124.04945155792
2026-05-22 11:44:00+00:00,98118.66009668192
2026-05-22 11:59:00+00:00,98126.27865980468
2026-05-22 12:14:00+00:00,98130.0657440777
2026-05-22 12:29:00+00:00,98125.99825210827
2026-05-22 12:44:00+00:00,98104.21381715283
2026-05-22 12:59:00+00:00,98117.23426830683
2026-05-22 13:14:00+00:00,98141.04818823753
2026-05-22 13:29:00+00:00,98140.26225600742
2026-05-22 13:44:00+00:00,98164.37955295014
2026-05-22 13:59:00+00:00,98167.3751979906
2026-05-22 14:14:00+00:00,98181.97791835903
2026-05-22 14:29:00+00:00,98180.8699190118
2026-05-22 14:44:00+00:00,98182.87193004452
2026-05-22 14:59:00+00:00,98171.95912370623
2026-05-22 15:14:00+00:00,98168.03479608729
2026-05-22 15:29:00+00:00,98164.71596115167
2026-05-22 15:44:00+00:00,98158.90538443078
2026-05-22 15:59:00+00:00,98175.2574553445
2026-05-22 16:14:00+00:00,98214.0815770562
2026-05-22 16:29:00+00:00,98229.56371670177
2026-05-22 16:44:00+00:00,98107.26152532909
2026-05-22 16:59:00+00:00,98113.61983676718
2026-05-22 17:14:00+00:00,98088.85059690983
2026-05-22 17:29:00+00:00,98145.7176009394
2026-05-22 17:44:00+00:00,98153.9052573792
2026-05-22 17:59:00+00:00,98131.05788832056
2026-05-22 18:14:00+00:00,98115.22922454134
2026-05-22 18:29:00+00:00,98168.07832384188
2026-05-22 18:44:00+00:00,98127.90893395172
2026-05-22 18:59:00+00:00,98130.55095990717
2026-05-22 19:14:00+00:00,98119.06777783134
2026-05-22 19:29:00+00:00,98099.41323895012
2026-05-22 19:44:00+00:00,98062.47576331144
2026-05-22 19:59:00+00:00,98099.68587596768
2026-05-22 20:14:00+00:00,98115.80296876996
2026-05-22 20:29:00+00:00,98117.54566219928
2026-05-22 20:44:00+00:00,98131.12112866831
2026-05-22 20:59:00+00:00,98140.49547887925
2026-05-22 21:14:00+00:00,98140.00502238325
2026-05-22 21:29:00+00:00,98147.35960249326
2026-05-22 21:44:00+00:00,98153.76238492785
2026-05-22 21:59:00+00:00,98158.17844415813
2026-05-22 22:14:00+00:00,98158.0260657963
2026-05-22 22:29:00+00:00,98149.3858698012
2026-05-22 22:44:00+00:00,98147.37828826578
2026-05-22 22:59:00+00:00,98141.17193733176
2026-05-22 23:14:00+00:00,98146.82905199495
2026-05-22 23:29:00+00:00,98123.06513701758
2026-05-22 23:44:00+00:00,98102.16219993315
2026-05-22 23:59:00+00:00,98122.4209704483
2026-05-23 00:14:00+00:00,98049.35612868279
2026-05-23 00:29:00+00:00,98052.6278913809
2026-05-23 00:44:00+00:00,98033.77298700012
2026-05-23 00:59:00+00:00,98013.99776780642
2026-05-23 01:14:00+00:00,98032.78740232215
2026-05-23 01:29:00+00:00,98049.71789225726
2026-05-23 01:44:00+00:00,98054.82693053286
2026-05-23 01:59:00+00:00,98059.3343627981
2026-05-23 02:14:00+00:00,98055.57912533045
2026-05-23 02:29:00+00:00,98067.18755833224
2026-05-23 02:44:00+00:00,98069.01723618603
2026-05-23 02:59:00+00:00,98080.96123849947
2026-05-23 03:14:00+00:00,98084.11571880552
2026-05-23 03:29:00+00:00,98084.11571880552
2026-05-23 03:44:00+00:00,98084.11571880552
2026-05-23 03:59:00+00:00,98084.11571880552
2026-05-23 04:14:00+00:00,98084.11571880552
2026-05-23 04:29:00+00:00,98084.11571880552
2026-05-23 04:44:00+00:00,98084.11571880552
2026-05-23 04:59:00+00:00,98084.11571880552
2026-05-23 05:14:00+00:00,98084.11571880552
2026-05-23 05:29:00+00:00,98084.11571880552
2026-05-23 05:44:00+00:00,98084.11571880552
2026-05-23 05:59:00+00:00,98084.11571880552
2026-05-23 06:14:00+00:00,98084.11571880552
2026-05-23 06:29:00+00:00,98084.11571880552
2026-05-23 06:44:00+00:00,98084.11571880552
2026-05-23 06:59:00+00:00,98084.11571880552
2026-05-23 07:14:00+00:00,98084.11571880552
2026-05-23 07:29:00+00:00,98084.11571880552
2026-05-23 07:44:00+00:00,98084.11571880552
2026-05-23 07:59:00+00:00,98082.30457150294
2026-05-23 08:14:00+00:00,98087.78560991012
2026-05-23 08:29:00+00:00,98094.784399904
2026-05-23 08:44:00+00:00,98094.94121650461
2026-05-23 08:59:00+00:00,98133.44766175949
2026-05-23 09:14:00+00:00,98135.80695687277
2026-05-23 09:29:00+00:00,98135.25026126429
2026-05-23 09:44:00+00:00,98116.06394188287
2026-05-23 09:59:00+00:00,98130.9796102841
2026-05-23 10:14:00+00:00,98170.5972279999
2026-05-23 10:29:00+00:00,98152.13359677265
2026-05-23 10:44:00+00:00,98184.40343829006
2026-05-23 10:59:00+00:00,98188.61273680742
2026-05-23 11:14:00+00:00,98177.58712081675
2026-05-23 11:29:00+00:00,98173.45107250822
2026-05-23 11:44:00+00:00,98177.03248179823
2026-05-23 11:59:00+00:00,98177.9737858523
2026-05-23 12:14:00+00:00,98163.08231873844
2026-05-23 12:29:00+00:00,98156.72373705845
2026-05-23 12:44:00+00:00,98154.20244130098
2026-05-23 12:59:00+00:00,98150.55005244387
2026-05-23 13:14:00+00:00,98146.59148595695
2026-05-23 13:29:00+00:00,98141.06411781059
2026-05-23 13:44:00+00:00,98138.16345477625
2026-05-23 13:59:00+00:00,98145.7475057654
2026-05-23 14:14:00+00:00,98165.14692819926
2026-05-23 14:29:00+00:00,98170.91860796564
2026-05-23 14:44:00+00:00,98180.09319982622
2026-05-23 14:59:00+00:00,98190.64122886685
2026-05-23 15:14:00+00:00,98192.08871594383
2026-05-23 15:29:00+00:00,98196.80559876659
2026-05-23 15:44:00+00:00,98178.14569290985
2026-05-23 15:59:00+00:00,98116.15007272942
2026-05-23 16:14:00+00:00,98085.36436702727
2026-05-23 16:29:00+00:00,98041.04112059019
2026-05-23 16:44:00+00:00,97984.16721195639
2026-05-23 16:59:00+00:00,97783.77784753911
2026-05-23 17:14:00+00:00,97787.18997483456
2026-05-23 17:29:00+00:00,97803.77946007423
2026-05-23 17:44:00+00:00,97905.94994404829
2026-05-23 17:59:00+00:00,97935.7975951611
2026-05-23 18:14:00+00:00,97968.15501654636
2026-05-23 18:29:00+00:00,97826.00338309298
2026-05-23 18:44:00+00:00,97821.34713906441
2026-05-23 18:59:00+00:00,97873.62914407314
2026-05-23 19:14:00+00:00,97878.0790672592
2026-05-23 19:29:00+00:00,97848.66586117215
2026-05-23 19:44:00+00:00,97789.99686096309
2026-05-23 19:59:00+00:00,97887.71166339265
2026-05-23 20:14:00+00:00,97876.73298381006
2026-05-23 20:29:00+00:00,97882.32364577446
2026-05-23 20:44:00+00:00,97772.03545112687
2026-05-23 20:59:00+00:00,97751.7460061735
2026-05-23 21:14:00+00:00,97749.97679684457
2026-05-23 21:29:00+00:00,97806.36570260867
2026-05-23 21:44:00+00:00,97795.68368546697
2026-05-23 21:59:00+00:00,97805.25621073069
2026-05-23 22:14:00+00:00,97794.29227725683
2026-05-23 22:29:00+00:00,97803.86374348275
2026-05-23 22:44:00+00:00,97847.46722674316
2026-05-23 22:59:00+00:00,97857.40573281032
2026-05-23 23:14:00+00:00,97853.72009490884
2026-05-23 23:29:00+00:00,97846.25842069837
2026-05-23 23:44:00+00:00,97833.805521327
2026-05-23 23:59:00+00:00,97851.01917563495
2026-05-24 00:14:00+00:00,97842.55291475522
2026-05-24 00:29:00+00:00,97871.35615897374
2026-05-24 00:44:00+00:00,97842.67162099258
2026-05-24 00:59:00+00:00,97836.79796580097
2026-05-24 01:14:00+00:00,97829.5071488674
2026-05-24 01:29:00+00:00,97829.02277318283
2026-05-24 01:44:00+00:00,97836.57270886528
2026-05-24 01:59:00+00:00,97839.1853761978
2026-05-24 02:14:00+00:00,97834.02481350012
2026-05-24 02:29:00+00:00,97837.38474393799
2026-05-24 02:44:00+00:00,97831.47444423554
2026-05-24 02:59:00+00:00,97842.121184567
2026-05-24 03:14:00+00:00,97839.48581586507
2026-05-24 03:29:00+00:00,97837.35034363733
2026-05-24 03:44:00+00:00,97833.80270406908
2026-05-24 03:59:00+00:00,97833.80270406908
2026-05-24 04:14:00+00:00,97833.80270406908
2026-05-24 04:29:00+00:00,97833.80270406908
2026-05-24 04:44:00+00:00,97833.80270406908
2026-05-24 04:59:00+00:00,97833.80270406908
2026-05-24 05:14:00+00:00,97833.80270406908
2026-05-24 05:29:00+00:00,97833.80270406908
2026-05-24 05:44:00+00:00,97833.80270406908
2026-05-24 05:59:00+00:00,97832.75785589823
2026-05-24 06:14:00+00:00,97833.89750018825
2026-05-24 06:29:00+00:00,97833.0287750557
2026-05-24 06:44:00+00:00,97842.56310487114
2026-05-24 06:59:00+00:00,97839.93677153329
2026-05-24 07:14:00+00:00,97841.1970714997
2026-05-24 07:29:00+00:00,97840.23598403888
2026-05-24 07:44:00+00:00,97840.69477533143
2026-05-24 07:59:00+00:00,97848.06089308002
2026-05-24 08:14:00+00:00,97847.15904441035
2026-05-24 08:29:00+00:00,97847.15904441035
2026-05-24 08:44:00+00:00,97847.15904441035
2026-05-24 08:59:00+00:00,97847.15904441035
2026-05-24 09:14:00+00:00,97847.15904441035
2026-05-24 09:29:00+00:00,97847.15904441035
2026-05-24 09:44:00+00:00,97847.15904441035
2026-05-24 09:59:00+00:00,97847.15904441035
2026-05-24 10:14:00+00:00,97847.15904441035
2026-05-24 10:29:00+00:00,97847.15904441035
2026-05-24 10:44:00+00:00,97847.15904441035
2026-05-24 10:59:00+00:00,97847.15904441035
2026-05-24 11:14:00+00:00,97847.15904441035
2026-05-24 11:29:00+00:00,97843.93394644374
2026-05-24 11:44:00+00:00,97846.3067294963
2026-05-24 11:59:00+00:00,97828.22579152703
2026-05-24 12:14:00+00:00,97820.58057764181
2026-05-24 12:29:00+00:00,97857.3397509
2026-05-24 12:44:00+00:00,97857.64387161088
2026-05-24 12:59:00+00:00,97857.64387161088
2026-05-24 13:14:00+00:00,97857.64387161088
2026-05-24 13:29:00+00:00,97857.64387161088
2026-05-24 13:44:00+00:00,97857.64387161088
2026-05-24 13:59:00+00:00,97857.64387161088
2026-05-24 14:14:00+00:00,97857.64387161088
2026-05-24 14:29:00+00:00,97854.33944853774
2026-05-24 14:44:00+00:00,97833.45229123057
2026-05-24 14:59:00+00:00,97760.97036329984
2026-05-24 15:14:00+00:00,97817.02122338607
2026-05-24 15:29:00+00:00,97933.05848410256
2026-05-24 15:44:00+00:00,97924.20159155563
2026-05-24 15:59:00+00:00,97929.30437590867
2026-05-24 16:14:00+00:00,97935.45908444308
2026-05-24 16:29:00+00:00,97931.99582657007
2026-05-24 16:44:00+00:00,97933.25508054311
2026-05-24 16:59:00+00:00,97928.75632918814
2026-05-24 17:14:00+00:00,97928.75632918814
2026-05-24 17:29:00+00:00,97928.75632918814
2026-05-24 17:44:00+00:00,97928.75632918814
2026-05-24 17:59:00+00:00,97928.75632918814
2026-05-24 18:14:00+00:00,97928.75632918814
2026-05-24 18:29:00+00:00,97928.75632918814
2026-05-24 18:44:00+00:00,97928.75632918814
2026-05-24 18:59:00+00:00,97928.75632918814
2026-05-24 19:14:00+00:00,97928.75632918814
2026-05-24 19:29:00+00:00,97928.75632918814
2026-05-24 19:44:00+00:00,97928.75632918814
2026-05-24 19:59:00+00:00,97928.75632918814
2026-05-24 20:14:00+00:00,97928.75632918814
2026-05-24 20:29:00+00:00,97928.75632918814
2026-05-24 20:44:00+00:00,97928.75632918814
2026-05-24 20:59:00+00:00,97928.75632918814
2026-05-24 21:14:00+00:00,97928.75632918814
2026-05-24 21:29:00+00:00,97928.75632918814
2026-05-24 21:44:00+00:00,97928.75632918814
2026-05-24 21:59:00+00:00,97930.88283681715
2026-05-24 22:14:00+00:00,97956.16658700608
2026-05-24 22:29:00+00:00,97955.77097918496
2026-05-24 22:44:00+00:00,97948.35530540012
2026-05-24 22:59:00+00:00,97944.5901112039
2026-05-24 23:14:00+00:00,97957.712129295
2026-05-24 23:29:00+00:00,97968.30768098623
2026-05-24 23:44:00+00:00,97966.05187888826
2026-05-24 23:59:00+00:00,97961.60383191645
2026-05-25 00:14:00+00:00,97974.687724367
2026-05-25 00:29:00+00:00,97975.67795141482
2026-05-25 00:44:00+00:00,97975.13423133359
2026-05-25 00:59:00+00:00,97978.06851710848
2026-05-25 01:14:00+00:00,97977.70317450154
2026-05-25 01:29:00+00:00,97977.70317450154
2026-05-25 01:44:00+00:00,97977.70317450154
2026-05-25 01:59:00+00:00,97977.70317450154
2026-05-25 02:14:00+00:00,97977.70317450154
2026-05-25 02:29:00+00:00,97977.70317450154
2026-05-25 02:44:00+00:00,97977.70317450154
2026-05-25 02:59:00+00:00,97977.70317450154
2026-05-25 03:14:00+00:00,97977.70317450154
2026-05-25 03:29:00+00:00,97977.70317450154
2026-05-25 03:44:00+00:00,97977.70317450154
2026-05-25 03:59:00+00:00,97977.70317450154
2026-05-25 04:14:00+00:00,97980.18650960493
2026-05-25 04:29:00+00:00,97981.18762272458
2026-05-25 04:44:00+00:00,97987.86448225279
2026-05-25 04:59:00+00:00,97985.14032028908
2026-05-25 05:14:00+00:00,97985.14032028908
2026-05-25 05:29:00+00:00,97985.14032028908
2026-05-25 05:44:00+00:00,97985.14032028908
2026-05-25 05:59:00+00:00,97985.14032028908
2026-05-25 06:14:00+00:00,97985.14032028908
2026-05-25 06:29:00+00:00,97985.59284627676
2026-05-25 06:44:00+00:00,97986.48352070316
2026-05-25 06:59:00+00:00,97988.06126384017
2026-05-25 07:14:00+00:00,97962.04485955549
2026-05-25 07:29:00+00:00,97982.1873845592
2026-05-25 07:44:00+00:00,97944.03708522388
2026-05-25 07:59:00+00:00,97926.52016752007
2026-05-25 08:14:00+00:00,97903.21126525309
2026-05-25 08:29:00+00:00,97896.59333289234
2026-05-25 08:44:00+00:00,97903.79691990458
2026-05-25 08:59:00+00:00,97897.01168760667
2026-05-25 09:14:00+00:00,97959.22260101658
2026-05-25 09:29:00+00:00,97950.67482908098
2026-05-25 09:44:00+00:00,97961.788888238
2026-05-25 09:59:00+00:00,97954.82950721207
2026-05-25 10:14:00+00:00,97959.14027109259
2026-05-25 10:29:00+00:00,97964.28114765545
2026-05-25 10:44:00+00:00,97958.36443200233
2026-05-25 10:59:00+00:00,97955.50340866711
2026-05-25 11:14:00+00:00,97947.02217200636
2026-05-25 11:29:00+00:00,97951.59693994146
2026-05-25 11:44:00+00:00,97952.57261890327
2026-05-25 11:59:00+00:00,97947.57606528004
2026-05-25 12:14:00+00:00,97924.7435997929
2026-05-25 12:29:00+00:00,97889.93334057344
2026-05-25 12:44:00+00:00,97879.70037805158
2026-05-25 12:59:00+00:00,98022.74912289281
2026-05-25 13:14:00+00:00,97930.6726148191
2026-05-25 13:29:00+00:00,97918.84527931396
2026-05-25 13:44:00+00:00,97798.27648905976
2026-05-25 13:59:00+00:00,97714.2870738382
2026-05-25 14:14:00+00:00,97637.38040092135
2026-05-25 14:29:00+00:00,97623.76645768857
2026-05-25 14:44:00+00:00,97635.42381911942
2026-05-25 14:59:00+00:00,97594.80750992728
2026-05-25 15:14:00+00:00,97656.6637092734
2026-05-25 15:29:00+00:00,97600.87335443663
2026-05-25 15:44:00+00:00,97618.61357843899
2026-05-25 15:59:00+00:00,97523.1166435577
2026-05-25 16:14:00+00:00,97533.84029839879
2026-05-25 16:29:00+00:00,97537.51392024133
2026-05-25 16:44:00+00:00,97519.58528843756
2026-05-25 16:59:00+00:00,97459.81877664932
2026-05-25 17:14:00+00:00,97455.21087897997
2026-05-25 17:29:00+00:00,97406.88407822179
2026-05-25 17:44:00+00:00,97417.6316912373
2026-05-25 17:59:00+00:00,97414.11236785294
2026-05-25 18:14:00+00:00,97410.23790913331
2026-05-25 18:29:00+00:00,97424.18772481264
2026-05-25 18:44:00+00:00,97446.14853959848
2026-05-25 18:59:00+00:00,97446.70485250057
2026-05-25 19:14:00+00:00,97454.31914748566
2026-05-25 19:29:00+00:00,97443.66533517148
2026-05-25 19:44:00+00:00,97478.89782473452
2026-05-25 19:59:00+00:00,97463.3491765711
2026-05-25 20:14:00+00:00,97462.57568960056
2026-05-25 20:29:00+00:00,97462.57568960056
2026-05-25 20:44:00+00:00,97462.57568960056
2026-05-25 20:59:00+00:00,97462.57568960056
2026-05-25 21:14:00+00:00,97462.57568960056
2026-05-25 21:29:00+00:00,97462.57568960056
2026-05-25 21:44:00+00:00,97462.57568960056
2026-05-25 21:59:00+00:00,97462.57568960056
2026-05-25 22:14:00+00:00,97462.57568960056
2026-05-25 22:29:00+00:00,97462.57568960056
2026-05-25 22:44:00+00:00,97462.57568960056
2026-05-25 22:59:00+00:00,97462.57568960056
2026-05-25 23:14:00+00:00,97462.57568960056
2026-05-25 23:29:00+00:00,97462.57568960056
2026-05-25 23:44:00+00:00,97462.57568960056
2026-05-25 23:59:00+00:00,97462.57568960056
2026-05-26 00:14:00+00:00,97462.57568960056
2026-05-26 00:29:00+00:00,97462.57568960056
2026-05-26 00:44:00+00:00,97462.57568960056
2026-05-26 00:59:00+00:00,97462.57568960056
2026-05-26 01:14:00+00:00,97462.57568960056
2026-05-26 01:29:00+00:00,97462.57568960056
2026-05-26 01:44:00+00:00,97462.57568960056
2026-05-26 01:59:00+00:00,97454.46187251469
2026-05-26 02:14:00+00:00,97460.30738974597
2026-05-26 02:29:00+00:00,97438.59846706943
2026-05-26 02:44:00+00:00,97444.0074389947
2026-05-26 02:59:00+00:00,97446.26358226022
2026-05-26 03:14:00+00:00,97440.51816583576
2026-05-26 03:29:00+00:00,97442.6981874703
2026-05-26 03:44:00+00:00,97450.33130364474
2026-05-26 03:59:00+00:00,97456.2878222649
2026-05-26 04:14:00+00:00,97457.31494197014
2026-05-26 04:29:00+00:00,97452.67798328119
2026-05-26 04:44:00+00:00,97452.67798328119
2026-05-26 04:59:00+00:00,97452.67798328119
2026-05-26 05:14:00+00:00,97452.67798328119
2026-05-26 05:29:00+00:00,97452.67798328119
2026-05-26 05:44:00+00:00,97444.8847344196
2026-05-26 05:59:00+00:00,97467.3754062329
2026-05-26 06:14:00+00:00,97463.71673225566
2026-05-26 06:29:00+00:00,97483.21441433324
2026-05-26 06:44:00+00:00,97436.37198752118
2026-05-26 06:59:00+00:00,97448.70031041108
2026-05-26 07:14:00+00:00,97484.05406704522
2026-05-26 07:29:00+00:00,97478.8127419161
2026-05-26 07:44:00+00:00,97489.56239582089
2026-05-26 07:59:00+00:00,97488.00733468783
2026-05-26 08:14:00+00:00,97488.00733468783
2026-05-26 08:29:00+00:00,97488.00733468783
2026-05-26 08:44:00+00:00,97497.00792503025
2026-05-26 08:59:00+00:00,97491.57960109158
2026-05-26 09:14:00+00:00,97501.97782875397
2026-05-26 09:29:00+00:00,97503.7345867777
2026-05-26 09:44:00+00:00,97503.7345867777
2026-05-26 09:59:00+00:00,97503.7345867777
2026-05-26 10:14:00+00:00,97503.7345867777
2026-05-26 10:29:00+00:00,97503.7345867777
2026-05-26 10:44:00+00:00,97476.0275399541
2026-05-26 10:59:00+00:00,97498.30077139598
2026-05-26 11:14:00+00:00,97522.05626408904
2026-05-26 11:29:00+00:00,97495.7580800586
2026-05-26 11:44:00+00:00,97472.28575940593
2026-05-26 11:59:00+00:00,97711.55938820925
2026-05-26 12:14:00+00:00,97798.77644429792
2026-05-26 12:29:00+00:00,97770.64804802119
2026-05-26 12:44:00+00:00,97794.25583696342
2026-05-26 12:59:00+00:00,97802.1870053752
2026-05-26 13:14:00+00:00,97776.47364560969
2026-05-26 13:29:00+00:00,97774.68040978478
2026-05-26 13:44:00+00:00,97745.7102189905
2026-05-26 13:59:00+00:00,97714.38318074607
2026-05-26 14:14:00+00:00,97712.55788543123
2026-05-26 14:29:00+00:00,97686.72437472297
2026-05-26 14:44:00+00:00,97840.95159959413
2026-05-26 14:59:00+00:00,97804.95889011867
2026-05-26 15:14:00+00:00,97780.0731246708
2026-05-26 15:29:00+00:00,97810.5606729199
2026-05-26 15:44:00+00:00,97784.64357905938
2026-05-26 15:59:00+00:00,97802.23998020607
2026-05-26 16:14:00+00:00,97846.5303390287
2026-05-26 16:29:00+00:00,97847.06503987592
2026-05-26 16:44:00+00:00,97850.25380723836
2026-05-26 16:59:00+00:00,97853.7834477826
2026-05-26 17:14:00+00:00,97864.02801821046
2026-05-26 17:29:00+00:00,97870.51944899878
2026-05-26 17:44:00+00:00,97874.27286299111
2026-05-26 17:59:00+00:00,97894.96213580658
2026-05-26 18:14:00+00:00,97897.43558403417
2026-05-26 18:29:00+00:00,97900.47160592325
2026-05-26 18:44:00+00:00,97807.13652957513
2026-05-26 18:59:00+00:00,97850.2241591307
2026-05-26 19:14:00+00:00,97808.44343751665
2026-05-26 19:29:00+00:00,97866.3437649423
2026-05-26 19:44:00+00:00,97886.05199081603
2026-05-26 19:59:00+00:00,97911.76229030335
2026-05-26 20:14:00+00:00,97920.59064428906
2026-05-26 20:29:00+00:00,97943.24252779217
2026-05-26 20:44:00+00:00,97943.24252779217
2026-05-26 20:59:00+00:00,97943.24252779217
2026-05-26 21:14:00+00:00,97943.24252779217
2026-05-26 21:29:00+00:00,97943.24252779217
2026-05-26 21:44:00+00:00,97943.24252779217
2026-05-26 21:59:00+00:00,97943.24252779217
2026-05-26 22:14:00+00:00,97943.24252779217
2026-05-26 22:29:00+00:00,97943.24252779217
2026-05-26 22:44:00+00:00,97943.24252779217
2026-05-26 22:59:00+00:00,97943.24252779217
2026-05-26 23:14:00+00:00,97943.24252779217
2026-05-26 23:29:00+00:00,97943.24252779217
2026-05-26 23:44:00+00:00,97943.24252779217
2026-05-26 23:59:00+00:00,97943.24252779217
2026-05-27 00:14:00+00:00,97943.24252779217
2026-05-27 00:29:00+00:00,97948.76770577944
2026-05-27 00:44:00+00:00,97909.82951704768
2026-05-27 00:59:00+00:00,97907.33404294422
2026-05-27 01:14:00+00:00,97870.68233698855
2026-05-27 01:29:00+00:00,97868.8206761343
2026-05-27 01:44:00+00:00,97855.08197515564
2026-05-27 01:59:00+00:00,97932.57184450632
2026-05-27 02:14:00+00:00,97931.91023803357
2026-05-27 02:29:00+00:00,97952.20193699379
2026-05-27 02:44:00+00:00,98020.93028692201
2026-05-27 02:59:00+00:00,98027.67104230598
2026-05-27 03:14:00+00:00,98041.72561619215
2026-05-27 03:29:00+00:00,98051.14829048426
2026-05-27 03:44:00+00:00,98050.37934789303
2026-05-27 03:59:00+00:00,98047.56172490593
2026-05-27 04:14:00+00:00,98047.56172490593
2026-05-27 04:29:00+00:00,97987.85016582679
2026-05-27 04:44:00+00:00,97948.11063864212
2026-05-27 04:59:00+00:00,98054.47072773974
2026-05-27 05:14:00+00:00,98046.31892035021
2026-05-27 05:29:00+00:00,98077.7500778978
2026-05-27 05:44:00+00:00,98077.3649816975
2026-05-27 05:59:00+00:00,98086.12029646635
2026-05-27 06:14:00+00:00,98068.37717018818
2026-05-27 06:29:00+00:00,98054.83666708412
2026-05-27 06:44:00+00:00,98001.95105612042
2026-05-27 06:59:00+00:00,97965.71648063617
2026-05-27 07:14:00+00:00,97975.59703857421
2026-05-27 07:29:00+00:00,98039.90251880154
2026-05-27 07:44:00+00:00,98058.49380841592
2026-05-27 07:59:00+00:00,98079.51254154409
2026-05-27 08:14:00+00:00,98052.36739673703
2026-05-27 08:29:00+00:00,97999.01655583875
2026-05-27 08:44:00+00:00,98049.25283250434
2026-05-27 08:59:00+00:00,98096.85338906519
2026-05-27 09:14:00+00:00,98084.6130122394
2026-05-27 09:29:00+00:00,98077.61135588947
2026-05-27 09:44:00+00:00,98078.17641497387
2026-05-27 09:59:00+00:00,98135.78771603352
2026-05-27 10:14:00+00:00,98109.3195490334
2026-05-27 10:29:00+00:00,98100.08992876901
2026-05-27 10:44:00+00:00,98110.2370113675
2026-05-27 10:59:00+00:00,98066.27940869241
2026-05-27 11:14:00+00:00,98086.72723207434
2026-05-27 11:29:00+00:00,98043.17200391051
2026-05-27 11:44:00+00:00,98115.40683962934
2026-05-27 11:59:00+00:00,98100.08566695936
2026-05-27 12:14:00+00:00,98100.08566695936
2026-05-27 12:29:00+00:00,98100.08566695936
2026-05-27 12:44:00+00:00,98020.68400671078
2026-05-27 12:59:00+00:00,98043.61325666246
2026-05-27 13:14:00+00:00,98100.73836247978
2026-05-27 13:29:00+00:00,98119.93632465455
2026-05-27 13:44:00+00:00,98101.76584983713
2026-05-27 13:59:00+00:00,98041.11451667559
2026-05-27 14:14:00+00:00,97966.52805869128
2026-05-27 14:29:00+00:00,97829.06790842839
2026-05-27 14:44:00+00:00,97716.03793171991
2026-05-27 14:59:00+00:00,97701.78581593568
2026-05-27 15:14:00+00:00,97727.97893810463
2026-05-27 15:29:00+00:00,97766.16328874759
2026-05-27 15:44:00+00:00,97718.02888065392
2026-05-27 15:59:00+00:00,97679.73176713422
2026-05-27 16:14:00+00:00,97666.18521988153
2026-05-27 16:29:00+00:00,97669.7121729768
2026-05-27 16:44:00+00:00,97604.71047421556
2026-05-27 16:59:00+00:00,97634.69191405157
2026-05-27 17:14:00+00:00,97632.63515909518
2026-05-27 17:29:00+00:00,97701.9492333108
2026-05-27 17:44:00+00:00,97708.31640010444
2026-05-27 17:59:00+00:00,97678.26570979475
2026-05-27 18:14:00+00:00,97667.62008774007
2026-05-27 18:29:00+00:00,97644.10817301007
2026-05-27 18:44:00+00:00,97628.7914784422
2026-05-27 18:59:00+00:00,97575.38983968447
2026-05-27 19:14:00+00:00,97456.19763026368
2026-05-27 19:29:00+00:00,97464.41043150832
2026-05-27 19:44:00+00:00,97439.82334588731
2026-05-27 19:59:00+00:00,97476.90732422372
2026-05-27 20:14:00+00:00,97524.52263037386
2026-05-27 20:29:00+00:00,97616.07587985575
2026-05-27 20:44:00+00:00,97623.75827123222
2026-05-27 20:59:00+00:00,97619.40829251139
2026-05-27 21:14:00+00:00,97564.69616416862
2026-05-27 21:29:00+00:00,97622.49289045676
2026-05-27 21:44:00+00:00,97659.23592780958
2026-05-27 21:59:00+00:00,97727.02071615608
2026-05-27 22:14:00+00:00,97756.58860735797
2026-05-27 22:29:00+00:00,97712.30323940507
2026-05-27 22:44:00+00:00,97738.16776704833
2026-05-27 22:59:00+00:00,97692.70996854993
2026-05-27 23:14:00+00:00,97669.1406309976
2026-05-27 23:29:00+00:00,97625.93697105056
2026-05-27 23:44:00+00:00,97590.8134885973
2026-05-27 23:59:00+00:00,97598.0875808388
2026-05-28 00:14:00+00:00,97586.06923697531
2026-05-28 00:29:00+00:00,97597.77930009573
2026-05-28 00:44:00+00:00,97611.41763229966
2026-05-28 00:59:00+00:00,97613.30618967762
2026-05-28 01:14:00+00:00,97602.32277534895
2026-05-28 01:29:00+00:00,97623.18623593978
2026-05-28 01:44:00+00:00,97644.7351932419
2026-05-28 01:59:00+00:00,97577.89333404068
2026-05-28 02:14:00+00:00,97527.26973213974
2026-05-28 02:29:00+00:00,97491.0576419665
2026-05-28 02:44:00+00:00,97544.80079724487
2026-05-28 02:59:00+00:00,97575.22499838678
2026-05-28 03:14:00+00:00,97618.50215596346
2026-05-28 03:29:00+00:00,97612.86385900559
2026-05-28 03:44:00+00:00,97612.45693029706
2026-05-28 03:59:00+00:00,97619.4001968338
2026-05-28 04:14:00+00:00,97637.14990753646
2026-05-28 04:29:00+00:00,97579.34371171375
2026-05-28 04:44:00+00:00,97628.72342430937
2026-05-28 04:59:00+00:00,97613.94705157737
2026-05-28 05:14:00+00:00,97608.23924243484
2026-05-28 05:29:00+00:00,97554.10146926712
2026-05-28 05:44:00+00:00,97592.2404924307
2026-05-28 05:59:00+00:00,97590.0890670108
2026-05-28 06:14:00+00:00,97583.0262936744
2026-05-28 06:29:00+00:00,97610.05152159
2026-05-28 06:44:00+00:00,97589.50258961099
2026-05-28 06:59:00+00:00,97599.67487241571
2026-05-28 07:14:00+00:00,97602.44514969135
2026-05-28 07:29:00+00:00,97602.8402118196
2026-05-28 07:44:00+00:00,97598.14544509686
2026-05-28 07:59:00+00:00,97598.44547718963
2026-05-28 08:14:00+00:00,97607.72660690825
2026-05-28 08:29:00+00:00,97601.98149360203
2026-05-28 08:44:00+00:00,97609.5766856353
2026-05-28 08:59:00+00:00,97593.59871504414
2026-05-28 09:14:00+00:00,97583.10625035666
2026-05-28 09:29:00+00:00,97587.76803119617
2026-05-28 09:44:00+00:00,97602.04201034256
2026-05-28 09:59:00+00:00,97586.27665940982
2026-05-28 10:14:00+00:00,97583.1116025529
2026-05-28 10:29:00+00:00,97566.93989689558
2026-05-28 10:44:00+00:00,97488.67946488435
2026-05-28 10:59:00+00:00,97479.52655323848
2026-05-28 11:14:00+00:00,97412.665988201
2026-05-28 11:29:00+00:00,97228.36599707865
2026-05-28 11:44:00+00:00,97168.73897392137
2026-05-28 11:59:00+00:00,97124.79807061619
2026-05-28 12:14:00+00:00,97117.17300488804
2026-05-28 12:29:00+00:00,96988.10677659095
2026-05-28 12:44:00+00:00,96806.09971669527
2026-05-28 12:59:00+00:00,96794.70432046452
2026-05-28 13:14:00+00:00,96679.08063713806
2026-05-28 13:29:00+00:00,96558.93760653175
2026-05-28 13:44:00+00:00,96387.75696707565
2026-05-28 13:59:00+00:00,96446.76809881748
2026-05-28 14:14:00+00:00,96503.43642217359
2026-05-28 14:29:00+00:00,96436.31287910372
2026-05-28 14:44:00+00:00,96377.58870462938
2026-05-28 14:59:00+00:00,96526.89726332646
2026-05-28 15:14:00+00:00,96478.21255688317
2026-05-28 15:29:00+00:00,96415.84014255859
2026-05-28 15:44:00+00:00,96423.91791233825
2026-05-28 15:59:00+00:00,96401.4859137248
2026-05-28 16:14:00+00:00,96449.0759370706
2026-05-28 16:29:00+00:00,96449.61065195051
2026-05-28 16:44:00+00:00,96422.1926986373
2026-05-28 16:59:00+00:00,96426.33087352764
2026-05-28 17:14:00+00:00,96350.34345291404
2026-05-28 17:29:00+00:00,96373.92474235852
2026-05-28 17:44:00+00:00,96347.69258946889
2026-05-28 17:59:00+00:00,96337.13078173781
2026-05-28 18:14:00+00:00,96283.26729072523
2026-05-28 18:29:00+00:00,96303.3917748752
2026-05-28 18:44:00+00:00,96316.00790055857
2026-05-28 18:59:00+00:00,96335.68903523759
2026-05-28 19:14:00+00:00,96334.19331160451
2026-05-28 19:29:00+00:00,96331.84382911306
2026-05-28 19:44:00+00:00,96376.90519134306
2026-05-28 19:59:00+00:00,96375.03689477924
2026-05-28 20:14:00+00:00,96361.57067867949
2026-05-28 20:29:00+00:00,96344.75475195036
2026-05-28 20:44:00+00:00,96421.69071274172
2026-05-28 20:59:00+00:00,96432.80555711241
2026-05-28 21:14:00+00:00,96454.20347328979
2026-05-28 21:29:00+00:00,96450.00377832717
2026-05-28 21:44:00+00:00,96457.68652902843
2026-05-28 21:59:00+00:00,96453.45022326501
2026-05-28 22:14:00+00:00,96458.75787831386
2026-05-28 22:29:00+00:00,96470.87758634753
2026-05-28 22:44:00+00:00,96439.40066217507
2026-05-28 22:59:00+00:00,96399.03815940219
2026-05-28 23:14:00+00:00,96388.6527627581
2026-05-28 23:29:00+00:00,96400.21593878
2026-05-28 23:44:00+00:00,96406.18939272552
2026-05-28 23:59:00+00:00,96441.20138243625
2026-05-29 00:14:00+00:00,96368.71890715687
2026-05-29 00:29:00+00:00,96423.7153944561
2026-05-29 00:44:00+00:00,96465.6833338342
2026-05-29 00:59:00+00:00,96475.00583693388
2026-05-29 01:14:00+00:00,96443.67148028323
2026-05-29 01:29:00+00:00,96529.18724441876
2026-05-29 01:44:00+00:00,96494.41864269918
2026-05-29 01:59:00+00:00,96460.9595128949
2026-05-29 02:14:00+00:00,96458.40837779638
2026-05-29 02:29:00+00:00,96502.2547932592
2026-05-29 02:44:00+00:00,96472.23315919693
2026-05-29 02:59:00+00:00,96526.9581259367
2026-05-29 03:14:00+00:00,96566.57299983951
2026-05-29 03:29:00+00:00,96567.4670457046
2026-05-29 03:44:00+00:00,96567.4670457046
2026-05-29 03:59:00+00:00,96574.56453386844
2026-05-29 04:14:00+00:00,96795.1345398225
2026-05-29 04:29:00+00:00,96799.20942693904
2026-05-29 04:44:00+00:00,96784.42161805187
2026-05-29 04:59:00+00:00,96855.10674729876
2026-05-29 05:14:00+00:00,96851.85670449596
2026-05-29 05:29:00+00:00,96799.51383612948
2026-05-29 05:44:00+00:00,96793.4818494418
2026-05-29 05:59:00+00:00,96742.51392035295
2026-05-29 06:14:00+00:00,96737.90584441733
2026-05-29 06:29:00+00:00,96768.47081552312
2026-05-29 06:44:00+00:00,96737.82007802493
2026-05-29 06:59:00+00:00,96941.87543796486
2026-05-29 07:14:00+00:00,96919.97715392253
2026-05-29 07:29:00+00:00,96922.34984826921
2026-05-29 07:44:00+00:00,96939.51647008743
2026-05-29 07:59:00+00:00,96911.6336475797
2026-05-29 08:14:00+00:00,96900.37432346493
2026-05-29 08:29:00+00:00,96854.50995501042
2026-05-29 08:44:00+00:00,96749.43703705989
2026-05-29 08:59:00+00:00,96635.51413346003
2026-05-29 09:14:00+00:00,96843.93211792046
2026-05-29 09:29:00+00:00,96886.1211244487
2026-05-29 09:44:00+00:00,96901.9565915011
2026-05-29 09:59:00+00:00,96974.3613149227
2026-05-29 10:14:00+00:00,96968.13479270451
2026-05-29 10:29:00+00:00,96966.97142049801
2026-05-29 10:44:00+00:00,96970.70676679192
2026-05-29 10:59:00+00:00,96959.88802249526
2026-05-29 11:14:00+00:00,96959.323621746
2026-05-29 11:29:00+00:00,96953.83733292672
2026-05-29 11:44:00+00:00,96967.8029605052
2026-05-29 11:59:00+00:00,96965.05878634116
2026-05-29 12:14:00+00:00,96952.43362183316
2026-05-29 12:29:00+00:00,96997.60288648255
2026-05-29 12:44:00+00:00,96986.35776766417
2026-05-29 12:59:00+00:00,96996.9322868984
2026-05-29 13:14:00+00:00,96988.57613149803
2026-05-29 13:29:00+00:00,96981.86332693913
2026-05-29 13:44:00+00:00,96937.62359677244
2026-05-29 13:59:00+00:00,96908.90257388307
2026-05-29 14:14:00+00:00,96915.02416098717
2026-05-29 14:29:00+00:00,96912.64302944217
2026-05-29 14:44:00+00:00,96881.97456780728
2026-05-29 14:59:00+00:00,96936.13184738065
2026-05-29 15:14:00+00:00,97009.39821938337
2026-05-29 15:29:00+00:00,97015.98796828352
2026-05-29 15:44:00+00:00,97027.16609753971
2026-05-29 15:59:00+00:00,97024.2344202765
2026-05-29 16:14:00+00:00,97024.7658183561
2026-05-29 16:29:00+00:00,97045.47561396306
2026-05-29 16:44:00+00:00,97029.54041443732
2026-05-29 16:59:00+00:00,97037.60824429223
2026-05-29 17:14:00+00:00,97040.53120542565
2026-05-29 17:29:00+00:00,97023.94414400354
2026-05-29 17:44:00+00:00,97035.58214223722
2026-05-29 17:59:00+00:00,97060.28343419931
2026-05-29 18:14:00+00:00,97058.67680900182
2026-05-29 18:29:00+00:00,97058.45605155366
2026-05-29 18:44:00+00:00,97009.09669385605
2026-05-29 18:59:00+00:00,97093.6541613489
2026-05-29 19:14:00+00:00,97079.22171646293
2026-05-29 19:29:00+00:00,97087.98199788552
2026-05-29 19:44:00+00:00,97027.73237830355
2026-05-29 19:59:00+00:00,97000.7208435854
2026-05-29 20:14:00+00:00,97018.8129936309
2026-05-29 20:29:00+00:00,97025.05420561234
2026-05-29 20:44:00+00:00,97004.15886284882
2026-05-29 20:59:00+00:00,96989.24918409206
2026-05-29 21:14:00+00:00,96994.16146275903
2026-05-29 21:29:00+00:00,96980.43129842806
2026-05-29 21:44:00+00:00,96981.26692081064
2026-05-29 21:59:00+00:00,97065.03420581798
2026-05-29 22:14:00+00:00,97092.8243365123
2026-05-29 22:29:00+00:00,97023.50269482806
2026-05-29 22:44:00+00:00,96968.10444856739
2026-05-29 22:59:00+00:00,96764.35208649063
2026-05-29 23:14:00+00:00,96570.41757311056
2026-05-29 23:29:00+00:00,96522.02857915085
2026-05-29 23:44:00+00:00,96511.74697492151
2026-05-29 23:59:00+00:00,96455.9211771794
2026-05-30 00:14:00+00:00,96235.18787165942
2026-05-30 00:29:00+00:00,96222.91882542145
2026-05-30 00:44:00+00:00,96123.59661154362
2026-05-30 00:59:00+00:00,96009.41133894614
2026-05-30 01:14:00+00:00,95983.4448125236
2026-05-30 01:29:00+00:00,96077.0435930933
2026-05-30 01:44:00+00:00,96148.78864041761
2026-05-30 01:59:00+00:00,96046.04852244702
2026-05-30 02:14:00+00:00,95961.14009455984
2026-05-30 02:29:00+00:00,96138.0034338973
2026-05-30 02:44:00+00:00,96103.19620488312
2026-05-30 02:59:00+00:00,95997.17518965446
2026-05-30 03:14:00+00:00,96017.08739418928
2026-05-30 03:29:00+00:00,96006.79343966318
2026-05-30 03:44:00+00:00,96031.92902670887
2026-05-30 03:59:00+00:00,96034.90589475218
2026-05-30 04:14:00+00:00,96045.02454363529
2026-05-30 04:29:00+00:00,96101.08509469236
2026-05-30 04:44:00+00:00,96085.74261718706
2026-05-30 04:59:00+00:00,96064.33968298299
2026-05-30 05:14:00+00:00,96083.74979474723
2026-05-30 05:29:00+00:00,96027.37742576178
2026-05-30 05:44:00+00:00,96026.7190972152
2026-05-30 05:59:00+00:00,96016.07662517762
2026-05-30 06:14:00+00:00,95998.09009904199
2026-05-30 06:29:00+00:00,96011.60782363689
2026-05-30 06:44:00+00:00,96009.98885024234
2026-05-30 06:59:00+00:00,95986.74762970778
2026-05-30 07:14:00+00:00,95997.26496430326
2026-05-30 07:29:00+00:00,95969.05260051027
2026-05-30 07:44:00+00:00,95952.50851303447
2026-05-30 07:59:00+00:00,95951.50707649221
2026-05-30 08:14:00+00:00,95986.55717068132
2026-05-30 08:29:00+00:00,95985.24553470763
2026-05-30 08:44:00+00:00,95979.87945474405
2026-05-30 08:59:00+00:00,95974.42711436418
2026-05-30 09:14:00+00:00,95995.04541369059
2026-05-30 09:29:00+00:00,95991.8784337458
2026-05-30 09:44:00+00:00,95979.82582479678
2026-05-30 09:59:00+00:00,95966.48848230201
2026-05-30 10:14:00+00:00,95953.0379305799
2026-05-30 10:29:00+00:00,96132.46990922983
2026-05-30 10:44:00+00:00,96096.87320188493
2026-05-30 10:59:00+00:00,96092.23796243792
2026-05-30 11:14:00+00:00,96109.88335564316
2026-05-30 11:29:00+00:00,96106.60932886416
2026-05-30 11:44:00+00:00,96106.60932886416
2026-05-30 11:59:00+00:00,96106.60932886416
2026-05-30 12:14:00+00:00,96106.60932886416
2026-05-30 12:29:00+00:00,96106.60932886416
2026-05-30 12:44:00+00:00,96106.60932886416
2026-05-30 12:59:00+00:00,96106.60932886416
2026-05-30 13:14:00+00:00,96106.60932886416
2026-05-30 13:29:00+00:00,96187.25064516033
2026-05-30 13:44:00+00:00,96163.44957966138
2026-05-30 13:59:00+00:00,96133.70126815504
2026-05-30 14:14:00+00:00,96172.14943531324
2026-05-30 14:29:00+00:00,96192.49740891972
2026-05-30 14:44:00+00:00,96189.06032249062
2026-05-30 14:59:00+00:00,96189.8825691411
2026-05-30 15:14:00+00:00,96187.2180529244
2026-05-30 15:29:00+00:00,96161.37534184277
2026-05-30 15:44:00+00:00,96166.87355197308
2026-05-30 15:59:00+00:00,96126.84858614058
2026-05-30 16:14:00+00:00,96065.82405902386
2026-05-30 16:29:00+00:00,96048.84576120265
2026-05-30 16:44:00+00:00,96019.86976568626
2026-05-30 16:59:00+00:00,96026.99184421683
2026-05-30 17:14:00+00:00,96031.48508683333
2026-05-30 17:29:00+00:00,96049.9235781395
2026-05-30 17:44:00+00:00,96041.24924515064
2026-05-30 17:59:00+00:00,96006.93149128972
2026-05-30 18:14:00+00:00,96004.0975997682
2026-05-30 18:29:00+00:00,96021.55584494126
2026-05-30 18:44:00+00:00,96017.04455777611
2026-05-30 18:59:00+00:00,95982.40923021006
2026-05-30 19:14:00+00:00,95983.92664030366
2026-05-30 19:29:00+00:00,95982.68595059561
2026-05-30 19:44:00+00:00,95975.13187052505
2026-05-30 19:59:00+00:00,95950.0812736385
2026-05-30 20:14:00+00:00,95953.26455488752
2026-05-30 20:29:00+00:00,95953.08499560882
2026-05-30 20:44:00+00:00,95952.78134062329
2026-05-30 20:59:00+00:00,95957.57043933477
2026-05-30 21:14:00+00:00,95959.7278017014
2026-05-30 21:29:00+00:00,95953.3394103595
2026-05-30 21:44:00+00:00,95912.80739011419
2026-05-30 21:59:00+00:00,95956.30533327794
2026-05-30 22:14:00+00:00,96003.27427869251
2026-05-30 22:29:00+00:00,95960.90348107308
2026-05-30 22:44:00+00:00,95938.82532431406
2026-05-30 22:59:00+00:00,95946.76862397912
2026-05-30 23:14:00+00:00,95952.33107928309
2026-05-30 23:29:00+00:00,95948.36145294718
2026-05-30 23:44:00+00:00,95930.8363196579
2026-05-30 23:59:00+00:00,95948.32866006713
2026-05-31 00:14:00+00:00,95939.71431407466
2026-05-31 00:29:00+00:00,95924.46256933847
2026-05-31 00:44:00+00:00,95926.19197297997
2026-05-31 00:59:00+00:00,95927.4846080605
2026-05-31 01:14:00+00:00,95928.40607504305
2026-05-31 01:29:00+00:00,95937.84804200065
2026-05-31 01:44:00+00:00,95936.70598339179
2026-05-31 01:59:00+00:00,95944.04734460024
2026-05-31 02:14:00+00:00,95943.94081219168
2026-05-31 02:29:00+00:00,95942.56925641329
2026-05-31 02:44:00+00:00,95939.898757286
2026-05-31 02:59:00+00:00,95934.81544846714
2026-05-31 03:14:00+00:00,95958.61771757728
2026-05-31 03:29:00+00:00,95930.08327535774
2026-05-31 03:44:00+00:00,95928.08612591564
2026-05-31 03:59:00+00:00,95943.79245776513
2026-05-31 04:14:00+00:00,95943.34085711517
2026-05-31 04:29:00+00:00,95962.71899459585
2026-05-31 04:44:00+00:00,95968.65519781297
2026-05-31 04:59:00+00:00,95967.25373993277
2026-05-31 05:14:00+00:00,95967.25373993277
2026-05-31 05:29:00+00:00,95967.25373993277
2026-05-31 05:44:00+00:00,95967.25373993277
2026-05-31 05:59:00+00:00,95967.25373993277
2026-05-31 06:14:00+00:00,95967.25373993277
2026-05-31 06:29:00+00:00,95967.25373993277
2026-05-31 06:44:00+00:00,95967.25373993277
2026-05-31 06:59:00+00:00,95967.25373993277
2026-05-31 07:14:00+00:00,95967.25373993277
2026-05-31 07:29:00+00:00,95967.25373993277
2026-05-31 07:44:00+00:00,95967.25373993277
2026-05-31 07:59:00+00:00,95945.07904868014
2026-05-31 08:14:00+00:00,95970.44809724126
2026-05-31 08:29:00+00:00,95969.41608733941
2026-05-31 08:44:00+00:00,95954.67082367533
2026-05-31 08:59:00+00:00,95958.2127382845
2026-05-31 09:14:00+00:00,95956.20825685121
2026-05-31 09:29:00+00:00,95949.8195172214
2026-05-31 09:44:00+00:00,95936.24790724642
2026-05-31 09:59:00+00:00,95932.88252566049
2026-05-31 10:14:00+00:00,95960.30609001938
2026-05-31 10:29:00+00:00,95956.78924354704
2026-05-31 10:44:00+00:00,95956.78924354704
2026-05-31 10:59:00+00:00,95956.78924354704
2026-05-31 11:14:00+00:00,95956.78924354704
2026-05-31 11:29:00+00:00,95956.78924354704
2026-05-31 11:44:00+00:00,95928.2932976699
2026-05-31 11:59:00+00:00,95851.33640723594
2026-05-31 12:14:00+00:00,96026.73782177245
2026-05-31 12:29:00+00:00,96016.04019253282
2026-05-31 12:44:00+00:00,95913.42803110747
2026-05-31 12:59:00+00:00,95961.78658755323
2026-05-31 13:14:00+00:00,95925.62553624454
2026-05-31 13:29:00+00:00,95856.17483898294
2026-05-31 13:44:00+00:00,95974.19982474156
2026-05-31 13:59:00+00:00,95997.60347197877
2026-05-31 14:14:00+00:00,95946.87883206463
2026-05-31 14:29:00+00:00,95886.81339542412
2026-05-31 14:44:00+00:00,95911.92138589876
2026-05-31 14:59:00+00:00,95903.58647021075
2026-05-31 15:14:00+00:00,95901.81101032518
2026-05-31 15:29:00+00:00,95936.86929379395
2026-05-31 15:44:00+00:00,95914.47947030752
2026-05-31 15:59:00+00:00,95917.81368636034
2026-05-31 16:14:00+00:00,95892.69727695776
2026-05-31 16:29:00+00:00,95886.1891042788
2026-05-31 16:44:00+00:00,95879.87983984113
2026-05-31 16:59:00+00:00,95875.09698657507
2026-05-31 17:14:00+00:00,95871.11840357255
2026-05-31 17:29:00+00:00,95892.34652544365
2026-05-31 17:44:00+00:00,95889.83769976319
2026-05-31 17:59:00+00:00,95895.19191609655
2026-05-31 18:14:00+00:00,95888.21943382571
2026-05-31 18:29:00+00:00,95879.43085373781
2026-05-31 18:44:00+00:00,95899.0622651654
2026-05-31 18:59:00+00:00,95898.13592878437
2026-05-31 19:14:00+00:00,95897.92828100365
2026-05-31 19:29:00+00:00,95897.92828100365
2026-05-31 19:44:00+00:00,95897.92828100365
2026-05-31 19:59:00+00:00,95897.92828100365
2026-05-31 20:14:00+00:00,95897.92828100365
2026-05-31 20:29:00+00:00,95897.92828100365
2026-05-31 20:44:00+00:00,95897.92828100365
2026-05-31 20:59:00+00:00,95897.92828100365
2026-05-31 21:14:00+00:00,95897.92828100365
2026-05-31 21:29:00+00:00,95897.92828100365
2026-05-31 21:44:00+00:00,95897.92828100365
2026-05-31 21:59:00+00:00,95897.92828100365
2026-05-31 22:14:00+00:00,95897.92828100365
2026-05-31 22:29:00+00:00,95890.45101303596
2026-05-31 22:44:00+00:00,95891.49406983536
2026-05-31 22:59:00+00:00,95873.0323320846
2026-05-31 23:14:00+00:00,95883.39467032053
2026-05-31 23:29:00+00:00,95884.50952167872
2026-05-31 23:44:00+00:00,95892.69572432485
2026-05-31 23:59:00+00:00,95863.12271037069
2026-06-01 00:14:00+00:00,95845.05990509393
2026-06-01 00:29:00+00:00,95845.5490410625
2026-06-01 00:44:00+00:00,95861.03079081052
2026-06-01 00:59:00+00:00,95874.48562982141
2026-06-01 01:14:00+00:00,95876.65936401013
2026-06-01 01:29:00+00:00,95874.25386056054
2026-06-01 01:44:00+00:00,95874.25386056054
2026-06-01 01:59:00+00:00,95888.62266639598
2026-06-01 02:14:00+00:00,95893.78939163168
2026-06-01 02:29:00+00:00,95911.32127569888
2026-06-01 02:44:00+00:00,95900.47526752137
2026-06-01 02:59:00+00:00,95894.7767410154
2026-06-01 03:14:00+00:00,95880.02426507033
2026-06-01 03:29:00+00:00,95864.65966300054
2026-06-01 03:44:00+00:00,95865.7852555629
2026-06-01 03:59:00+00:00,95873.2465594414
2026-06-01 04:14:00+00:00,95872.04084314502
2026-06-01 04:29:00+00:00,95868.60287791661
2026-06-01 04:44:00+00:00,95870.429645657
2026-06-01 04:59:00+00:00,95873.29468609703
2026-06-01 05:14:00+00:00,95882.53248520591
2026-06-01 05:29:00+00:00,95877.13861106448
2026-06-01 05:44:00+00:00,95877.13861106448
2026-06-01 05:59:00+00:00,95877.13861106448
2026-06-01 06:14:00+00:00,95877.13861106448
2026-06-01 06:29:00+00:00,95877.13861106448
2026-06-01 06:44:00+00:00,95874.39515738226
2026-06-01 06:59:00+00:00,95879.13426125502
2026-06-01 07:14:00+00:00,95882.87761422325
2026-06-01 07:29:00+00:00,95882.00326333057
2026-06-01 07:44:00+00:00,95891.31515583461
2026-06-01 07:59:00+00:00,95893.83208849476
2026-06-01 08:14:00+00:00,95890.26793594637
2026-06-01 08:29:00+00:00,95905.29586868535
2026-06-01 08:44:00+00:00,95927.09291224764
2026-06-01 08:59:00+00:00,95905.63210594916
2026-06-01 09:14:00+00:00,95902.26895747254
2026-06-01 09:29:00+00:00,95902.52637499469
2026-06-01 09:44:00+00:00,95909.8346414949
2026-06-01 09:59:00+00:00,95904.88349120117
2026-06-01 10:14:00+00:00,95909.10382872517
2026-06-01 10:29:00+00:00,95864.07002015412
2026-06-01 10:44:00+00:00,95827.50008305199
2026-06-01 10:59:00+00:00,95822.34842864986
2026-06-01 11:14:00+00:00,95829.64895556802
2026-06-01 11:29:00+00:00,95761.13896137051
2026-06-01 11:44:00+00:00,95784.98414986183
2026-06-01 11:59:00+00:00,95787.95495185308
2026-06-01 12:14:00+00:00,95825.01120778396
2026-06-01 12:29:00+00:00,95824.86635425064
2026-06-01 12:44:00+00:00,95822.63105968329
2026-06-01 12:59:00+00:00,95808.6982281099
2026-06-01 13:14:00+00:00,95821.07244234608
2026-06-01 13:29:00+00:00,95810.9621240547
2026-06-01 13:44:00+00:00,95808.40671531811
2026-06-01 13:59:00+00:00,95804.31292424296
2026-06-01 14:14:00+00:00,95798.68858624749
2026-06-01 14:29:00+00:00,95798.13251106862
2026-06-01 14:44:00+00:00,95818.56073000288
2026-06-01 14:59:00+00:00,95823.20689879144
2026-06-01 15:14:00+00:00,95795.09138088387
2026-06-01 15:29:00+00:00,95822.90276046311
2026-06-01 15:44:00+00:00,95855.5180755542
2026-06-01 15:59:00+00:00,95852.27494292712
2026-06-01 16:14:00+00:00,95889.41431760622
2026-06-01 16:29:00+00:00,95901.21556336699
2026-06-01 16:44:00+00:00,95897.12253314389
2026-06-01 16:59:00+00:00,95929.83136515271
2026-06-01 17:14:00+00:00,95939.11061312679
2026-06-01 17:29:00+00:00,95945.65347684479
2026-06-01 17:44:00+00:00,95911.59979298462
2026-06-01 17:59:00+00:00,95919.16250468594
2026-06-01 18:14:00+00:00,95940.11725901433
2026-06-01 18:29:00+00:00,95905.06157594212
2026-06-01 18:44:00+00:00,95910.07906035715
2026-06-01 18:59:00+00:00,95908.60780189458
2026-06-01 19:14:00+00:00,95837.65375054334
2026-06-01 19:29:00+00:00,95791.8220719945
2026-06-01 19:44:00+00:00,95766.45813453189
2026-06-01 19:59:00+00:00,95813.10915554424
2026-06-01 20:14:00+00:00,95866.6121605435
2026-06-01 20:29:00+00:00,95833.59220836972
2026-06-01 20:44:00+00:00,95671.0658256312
2026-06-01 20:59:00+00:00,95668.43930911893
2026-06-01 21:14:00+00:00,95773.58029679336
2026-06-01 21:29:00+00:00,95729.83131656643
2026-06-01 21:44:00+00:00,95706.44897900427
2026-06-01 21:59:00+00:00,95786.16251090098
2026-06-01 22:14:00+00:00,95739.78595863371
2026-06-01 22:29:00+00:00,95692.66354053555
2026-06-01 22:44:00+00:00,95752.08049611628
2026-06-01 22:59:00+00:00,95683.09296139759
2026-06-01 23:14:00+00:00,95754.15844440123
2026-06-01 23:29:00+00:00,95757.11443351085
2026-06-01 23:44:00+00:00,95757.11443351085
2026-06-01 23:59:00+00:00,95757.11443351085
2026-06-02 00:14:00+00:00,95746.46610216972
2026-06-02 00:29:00+00:00,95744.62341667978
2026-06-02 00:44:00+00:00,95738.29627381783
2026-06-02 00:59:00+00:00,95728.90052608593
2026-06-02 01:14:00+00:00,95740.00225870767
2026-06-02 01:29:00+00:00,95742.72044435253
2026-06-02 01:44:00+00:00,95725.64631114557
2026-06-02 01:59:00+00:00,95722.69722007647
2026-06-02 02:14:00+00:00,95722.3996861178
2026-06-02 02:29:00+00:00,95719.61626245524
2026-06-02 02:44:00+00:00,95722.64302740747
2026-06-02 02:59:00+00:00,95752.99962069905
2026-06-02 03:14:00+00:00,95754.30645002467
2026-06-02 03:29:00+00:00,95730.03729467781
2026-06-02 03:44:00+00:00,95701.35557086671
2026-06-02 03:59:00+00:00,95745.31945389534
2026-06-02 04:14:00+00:00,95707.7325309469
2026-06-02 04:29:00+00:00,95701.4890073285
2026-06-02 04:44:00+00:00,95758.80272164974
2026-06-02 04:59:00+00:00,95846.85593438537
2026-06-02 05:14:00+00:00,95837.82316147732
2026-06-02 05:29:00+00:00,95840.68525595985
2026-06-02 05:44:00+00:00,95843.6378327665
2026-06-02 05:59:00+00:00,95883.14076581757
2026-06-02 06:14:00+00:00,95883.60472635849
2026-06-02 06:29:00+00:00,95886.19619678834
2026-06-02 06:44:00+00:00,95882.8348028163
2026-06-02 06:59:00+00:00,95882.8348028163
2026-06-02 07:14:00+00:00,95882.8348028163
2026-06-02 07:29:00+00:00,95882.8348028163
2026-06-02 07:44:00+00:00,95889.82395916742
2026-06-02 07:59:00+00:00,95888.30836249069
2026-06-02 08:14:00+00:00,95891.69007956937
2026-06-02 08:29:00+00:00,95891.13017937359
2026-06-02 08:44:00+00:00,95897.21296390226
2026-06-02 08:59:00+00:00,95897.03761231627
2026-06-02 09:14:00+00:00,95890.17130602966
2026-06-02 09:29:00+00:00,95897.50035307277
2026-06-02 09:44:00+00:00,95905.33809682787
2026-06-02 09:59:00+00:00,95901.19058365308
2026-06-02 10:14:00+00:00,95909.56194878063
2026-06-02 10:29:00+00:00,95915.34174005233
2026-06-02 10:44:00+00:00,95909.61837369541
2026-06-02 10:59:00+00:00,95907.9668712658
2026-06-02 11:14:00+00:00,95915.22816113921
2026-06-02 11:29:00+00:00,95949.05286443607
2026-06-02 11:44:00+00:00,95948.10538987095
2026-06-02 11:59:00+00:00,95943.96226155432
2026-06-02 12:14:00+00:00,95935.6553076345
2026-06-02 12:29:00+00:00,95939.86362767608
2026-06-02 12:44:00+00:00,95948.11092207885
2026-06-02 12:59:00+00:00,95949.78566851572
2026-06-02 13:14:00+00:00,95933.18514635995
2026-06-02 13:29:00+00:00,95946.1303729328
2026-06-02 13:44:00+00:00,95953.31594525655
2026-06-02 13:59:00+00:00,95945.2797025107
2026-06-02 14:14:00+00:00,95945.2797025107
2026-06-02 14:29:00+00:00,95945.2797025107
2026-06-02 14:44:00+00:00,95940.32992775629
2026-06-02 14:59:00+00:00,95960.89174603578
2026-06-02 15:14:00+00:00,96019.70077902538
2026-06-02 15:29:00+00:00,96018.75404207864
2026-06-02 15:44:00+00:00,96016.578209306
2026-06-02 15:59:00+00:00,96046.1155131203
2026-06-02 16:14:00+00:00,96078.32209582132
2026-06-02 16:29:00+00:00,96094.87084824602
2026-06-02 16:44:00+00:00,96073.33730607458
2026-06-02 16:59:00+00:00,96063.90112969943
2026-06-02 17:14:00+00:00,96060.49212921046
2026-06-02 17:29:00+00:00,96088.54671758608
2026-06-02 17:44:00+00:00,96082.3214955703
2026-06-02 17:59:00+00:00,96087.20671553092
2026-06-02 18:14:00+00:00,96082.16162190474
2026-06-02 18:29:00+00:00,96130.76839959949
2026-06-02 18:44:00+00:00,96137.86112128389
2026-06-02 18:59:00+00:00,96130.87812904236
2026-06-02 19:14:00+00:00,96141.95016364277
2026-06-02 19:29:00+00:00,96181.86347424157
2026-06-02 19:44:00+00:00,96186.3191954482
2026-06-02 19:59:00+00:00,96174.2612991881
2026-06-02 20:14:00+00:00,96160.86557446627
2026-06-02 20:29:00+00:00,96144.17314083799
2026-06-02 20:44:00+00:00,96167.4284116572
2026-06-02 20:59:00+00:00,96172.05665374361
2026-06-02 21:14:00+00:00,96190.27528578811
2026-06-02 21:29:00+00:00,96211.38691580888
2026-06-02 21:44:00+00:00,96218.33016745409
2026-06-02 21:59:00+00:00,96294.00662796402
2026-06-02 22:14:00+00:00,96296.87900694602
2026-06-02 22:29:00+00:00,96279.60272786311
2026-06-02 22:44:00+00:00,96261.01270900712
2026-06-02 22:59:00+00:00,96265.10589109667
2026-06-02 23:14:00+00:00,96311.15666609492
2026-06-02 23:29:00+00:00,96318.85690146041
2026-06-02 23:44:00+00:00,96335.33912306082
2026-06-02 23:59:00+00:00,96329.44825804536
2026-06-03 00:14:00+00:00,96290.36969539386
2026-06-03 00:29:00+00:00,96280.34928745774
2026-06-03 00:44:00+00:00,96293.3791503242
2026-06-03 00:59:00+00:00,96294.747850788
2026-06-03 01:14:00+00:00,96290.33061204953
2026-06-03 01:29:00+00:00,96247.1416879088
2026-06-03 01:44:00+00:00,96163.21520166917
2026-06-03 01:59:00+00:00,96175.03430034555
2026-06-03 02:14:00+00:00,96164.33149002667
2026-06-03 02:29:00+00:00,96156.61841211979
2026-06-03 02:44:00+00:00,96143.71987794965
2026-06-03 02:59:00+00:00,96182.89387134017
2026-06-03 03:14:00+00:00,96198.58653721155
2026-06-03 03:29:00+00:00,96167.7540497003
2026-06-03 03:44:00+00:00,95957.15729946052
2026-06-03 03:59:00+00:00,95920.83803063135
2026-06-03 04:14:00+00:00,95853.08348086633
2026-06-03 04:29:00+00:00,95840.900301694
2026-06-03 04:44:00+00:00,95828.19072962814
2026-06-03 04:59:00+00:00,95849.31949509286
2026-06-03 05:14:00+00:00,95918.90763330826
2026-06-03 05:29:00+00:00,95950.78972465021
2026-06-03 05:44:00+00:00,95987.89511813046
2026-06-03 05:59:00+00:00,95928.29680529852
2026-06-03 06:14:00+00:00,96007.77111547113
2026-06-03 06:29:00+00:00,96054.33988851565
2026-06-03 06:44:00+00:00,96041.36876631349
2026-06-03 06:59:00+00:00,96022.53698209772
2026-06-03 07:14:00+00:00,96005.41373485868
2026-06-03 07:29:00+00:00,96021.86157046365
2026-06-03 07:44:00+00:00,96041.20174790191
2026-06-03 07:59:00+00:00,96046.29633003264
2026-06-03 08:14:00+00:00,96063.07112833446
2026-06-03 08:29:00+00:00,96055.50953954979
2026-06-03 08:44:00+00:00,96065.23066749913
2026-06-03 08:59:00+00:00,96061.4605792006
2026-06-03 09:14:00+00:00,96061.4605792006
2026-06-03 09:29:00+00:00,96061.4605792006
2026-06-03 09:44:00+00:00,96061.4605792006
2026-06-03 09:59:00+00:00,96061.4605792006
2026-06-03 10:14:00+00:00,96061.4605792006
2026-06-03 10:29:00+00:00,96072.40340563652
2026-06-03 10:44:00+00:00,96080.83935052964
2026-06-03 10:59:00+00:00,96081.1570654152
2026-06-03 11:14:00+00:00,96025.3702161008
2026-06-03 11:29:00+00:00,96079.75237306274
2026-06-03 11:44:00+00:00,96036.83753137066
2026-06-03 11:59:00+00:00,96005.23188609294
2026-06-03 12:14:00+00:00,96046.68168031215
2026-06-03 12:29:00+00:00,96023.9994563486
2026-06-03 12:44:00+00:00,95979.36980646916
2026-06-03 12:59:00+00:00,96025.07586628593
2026-06-03 13:14:00+00:00,96008.88362451023
2026-06-03 13:29:00+00:00,95991.00163539902
2026-06-03 13:44:00+00:00,95986.03759682014
2026-06-03 13:59:00+00:00,95994.47230407139
2026-06-03 14:14:00+00:00,96021.26259186512
2026-06-03 14:29:00+00:00,96013.18595625726
2026-06-03 14:44:00+00:00,95857.48463600263
2026-06-03 14:59:00+00:00,95781.57159383567
2026-06-03 15:14:00+00:00,95790.09394368497
2026-06-03 15:29:00+00:00,95783.49567918132
2026-06-03 15:44:00+00:00,95767.73236077356
2026-06-03 15:59:00+00:00,95734.74604248384
2026-06-03 16:14:00+00:00,95845.55785807259
2026-06-03 16:29:00+00:00,95830.31845107059
2026-06-03 16:44:00+00:00,95839.75677617094
2026-06-03 16:59:00+00:00,95868.53947726758
2026-06-03 17:14:00+00:00,95879.1114785958
2026-06-03 17:29:00+00:00,95889.86426059181
2026-06-03 17:44:00+00:00,95878.79719146456
2026-06-03 17:59:00+00:00,95888.97203818547
2026-06-03 18:14:00+00:00,95867.97082979545
2026-06-03 18:29:00+00:00,95873.61840813742
2026-06-03 18:44:00+00:00,95884.48008423184
2026-06-03 18:59:00+00:00,95909.16752132485
2026-06-03 19:14:00+00:00,95897.56733162006
2026-06-03 19:29:00+00:00,95897.31629322811
2026-06-03 19:44:00+00:00,95889.69075246667
2026-06-03 19:59:00+00:00,95883.83524586032
2026-06-03 20:14:00+00:00,95874.48254313292
2026-06-03 20:29:00+00:00,95846.88387860023
2026-06-03 20:44:00+00:00,95862.86947452785
2026-06-03 20:59:00+00:00,95871.08887594941
2026-06-03 21:14:00+00:00,95836.59766898
2026-06-03 21:29:00+00:00,95835.91165796143
2026-06-03 21:44:00+00:00,95826.87198402519
2026-06-03 21:59:00+00:00,95850.77898379763
2026-06-03 22:14:00+00:00,95853.78418765706
2026-06-03 22:29:00+00:00,95840.88551968266
2026-06-03 22:44:00+00:00,95804.68214579565
2026-06-03 22:59:00+00:00,95788.66471757928
2026-06-03 23:14:00+00:00,95776.44334734693
2026-06-03 23:29:00+00:00,95754.99692921036
2026-06-03 23:44:00+00:00,95793.07854783034
2026-06-03 23:59:00+00:00,95777.09189723422
2026-06-04 00:14:00+00:00,95772.00200319012
2026-06-04 00:29:00+00:00,95775.36396600073
2026-06-04 00:44:00+00:00,95766.01774800198
2026-06-04 00:59:00+00:00,95783.81421258417
2026-06-04 01:14:00+00:00,95818.91938893622
2026-06-04 01:29:00+00:00,95781.82188733583
2026-06-04 01:44:00+00:00,95791.28981293694
2026-06-04 01:59:00+00:00,95749.11087947655
2026-06-04 02:14:00+00:00,95711.35441195103
2026-06-04 02:29:00+00:00,95743.09216013667
2026-06-04 02:44:00+00:00,95807.41434689114
2026-06-04 02:59:00+00:00,95799.88496284447
2026-06-04 03:14:00+00:00,95861.66142532327
2026-06-04 03:29:00+00:00,95876.71621147759
2026-06-04 03:44:00+00:00,95917.315747014
2026-06-04 03:59:00+00:00,95914.04145563375
2026-06-04 04:14:00+00:00,95906.7825635658
2026-06-04 04:29:00+00:00,95888.0656811593
2026-06-04 04:44:00+00:00,95857.64441773806
2026-06-04 04:59:00+00:00,95790.2642700772
2026-06-04 05:14:00+00:00,95764.06830224233
2026-06-04 05:29:00+00:00,95693.16373577624
2026-06-04 05:44:00+00:00,95757.42693667942
2026-06-04 05:59:00+00:00,95720.66226803385
2026-06-04 06:14:00+00:00,95721.18373864004
2026-06-04 06:29:00+00:00,95750.7137136384
2026-06-04 06:44:00+00:00,95664.26699155381
2026-06-04 06:59:00+00:00,95587.53105318794
2026-06-04 07:14:00+00:00,95531.52520493428
2026-06-04 07:29:00+00:00,95501.03444491007
2026-06-04 07:44:00+00:00,95462.1454060938
2026-06-04 07:59:00+00:00,95454.56615090402
2026-06-04 08:14:00+00:00,95406.93390471698
2026-06-04 08:29:00+00:00,95372.02797324117
2026-06-04 08:44:00+00:00,95300.05735361489
2026-06-04 08:59:00+00:00,95317.27435171927
2026-06-04 09:14:00+00:00,95345.58248270823
2026-06-04 09:29:00+00:00,95367.90081460738
2026-06-04 09:44:00+00:00,95389.89325819186
2026-06-04 09:59:00+00:00,95358.51478757554
2026-06-04 10:14:00+00:00,95370.8667899674
2026-06-04 10:29:00+00:00,95375.8778522497
2026-06-04 10:44:00+00:00,95384.54318918164
2026-06-04 10:59:00+00:00,95375.97870856881
2026-06-04 11:14:00+00:00,95392.14923853759
2026-06-04 11:29:00+00:00,95419.22888617974
2026-06-04 11:44:00+00:00,95409.72273598456
2026-06-04 11:59:00+00:00,95409.43085182025
2026-06-04 12:14:00+00:00,95403.57807325677
2026-06-04 12:29:00+00:00,95361.25974255781
2026-06-04 12:44:00+00:00,95399.4373065791
2026-06-04 12:59:00+00:00,95370.49560480997
2026-06-04 13:14:00+00:00,95350.91826980167
2026-06-04 13:29:00+00:00,95315.30457949392
2026-06-04 13:44:00+00:00,95325.30015123948
2026-06-04 13:59:00+00:00,95314.5211056627
2026-06-04 14:14:00+00:00,95319.87577861868
2026-06-04 14:29:00+00:00,95343.61328993499
2026-06-04 14:44:00+00:00,95377.53593762076
2026-06-04 14:59:00+00:00,95395.58230914887
2026-06-04 15:14:00+00:00,95373.5916999546
2026-06-04 15:29:00+00:00,95374.27412652738
2026-06-04 15:44:00+00:00,95394.92155251454
2026-06-04 15:59:00+00:00,95352.2348199585
2026-06-04 16:14:00+00:00,95353.14053263553
2026-06-04 16:29:00+00:00,95333.86679768923
2026-06-04 16:44:00+00:00,95318.60618924152
2026-06-04 16:59:00+00:00,95293.0600199245
2026-06-04 17:14:00+00:00,95334.35504083315
2026-06-04 17:29:00+00:00,95358.84946405822
2026-06-04 17:44:00+00:00,95377.28577895058
2026-06-04 17:59:00+00:00,95400.86531432385
2026-06-04 18:14:00+00:00,95371.43343540405
2026-06-04 18:29:00+00:00,95385.61645519784
2026-06-04 18:44:00+00:00,95390.67016592361
2026-06-04 18:59:00+00:00,95379.19807903723
2026-06-04 19:14:00+00:00,95378.25064287391
2026-06-04 19:29:00+00:00,95395.3632040377
2026-06-04 19:44:00+00:00,95386.5564276797
2026-06-04 19:59:00+00:00,95383.59692986651
2026-06-04 20:14:00+00:00,95393.06097830585
2026-06-04 20:29:00+00:00,95380.8256466214
2026-06-04 20:44:00+00:00,95394.29111467004
2026-06-04 20:59:00+00:00,95374.62253392581
2026-06-04 21:14:00+00:00,95367.73831476309
2026-06-04 21:29:00+00:00,95353.11034141731
2026-06-04 21:44:00+00:00,95316.63671936456
2026-06-04 21:59:00+00:00,95309.60421339322
2026-06-04 22:14:00+00:00,95352.98136188061
2026-06-04 22:29:00+00:00,95347.77236448067
2026-06-04 22:44:00+00:00,95317.31742880025
2026-06-04 22:59:00+00:00,95322.58703903343
2026-06-04 23:14:00+00:00,95328.04185881813
2026-06-04 23:29:00+00:00,95300.48365607514
2026-06-04 23:44:00+00:00,95276.98875298597
2026-06-04 23:59:00+00:00,95259.81770813443
2026-06-05 00:14:00+00:00,95156.73784378302
2026-06-05 00:29:00+00:00,95203.61755466904
2026-06-05 00:44:00+00:00,95185.50220868892
2026-06-05 00:59:00+00:00,95148.81542908195
2026-06-05 01:14:00+00:00,95103.7873815595
2026-06-05 01:29:00+00:00,95108.82659433353
2026-06-05 01:44:00+00:00,95122.77268027616
2026-06-05 01:59:00+00:00,95082.23747407884
2026-06-05 02:14:00+00:00,95062.04108714161
2026-06-05 02:29:00+00:00,95020.32465049732
2026-06-05 02:44:00+00:00,94983.54559335252
2026-06-05 02:59:00+00:00,94959.24570106107
2026-06-05 03:14:00+00:00,94981.59629508258
2026-06-05 03:29:00+00:00,94894.63874622248
2026-06-05 03:44:00+00:00,94902.73550886712
2026-06-05 03:59:00+00:00,94791.79257346476
2026-06-05 04:14:00+00:00,94979.55813276688
2026-06-05 04:29:00+00:00,95033.025730891
2026-06-05 04:44:00+00:00,95021.74418160986
2026-06-05 04:59:00+00:00,95070.59657784032
2026-06-05 05:14:00+00:00,95044.77847855809
2026-06-05 05:29:00+00:00,95015.61023911941
2026-06-05 05:44:00+00:00,95019.23696034242
2026-06-05 05:59:00+00:00,95020.60208922437
2026-06-05 06:14:00+00:00,95020.52160140482
2026-06-05 06:29:00+00:00,95041.29894345615
2026-06-05 06:44:00+00:00,95031.39045851339
2026-06-05 06:59:00+00:00,95068.07840266702
2026-06-05 07:14:00+00:00,95093.33226054754
2026-06-05 07:29:00+00:00,95077.56776634147
2026-06-05 07:44:00+00:00,95028.73913861974
2026-06-05 07:59:00+00:00,95063.85099366138
2026-06-05 08:14:00+00:00,95088.18114056544
2026-06-05 08:29:00+00:00,95073.95794967638
2026-06-05 08:44:00+00:00,95089.09245260035
2026-06-05 08:59:00+00:00,95102.4239078098
2026-06-05 09:14:00+00:00,95053.56332404667
2026-06-05 09:29:00+00:00,95090.30199380257
2026-06-05 09:44:00+00:00,95140.16173067255
2026-06-05 09:59:00+00:00,95121.70267738274
2026-06-05 10:14:00+00:00,95143.10889492763
2026-06-05 10:29:00+00:00,95144.4717084232
2026-06-05 10:44:00+00:00,95146.73848109432
2026-06-05 10:59:00+00:00,95102.0289710774
2026-06-05 11:14:00+00:00,95123.8545495657
2026-06-05 11:29:00+00:00,95110.88506581525
2026-06-05 11:44:00+00:00,95113.13661179628
2026-06-05 11:59:00+00:00,95044.4627570624
2026-06-05 12:14:00+00:00,95038.94867184386
2026-06-05 12:29:00+00:00,95022.3477355237
2026-06-05 12:44:00+00:00,95037.66379713647
2026-06-05 12:59:00+00:00,95020.59404909781
2026-06-05 13:14:00+00:00,94992.45448928098
2026-06-05 13:29:00+00:00,94959.21235627645
2026-06-05 13:44:00+00:00,94916.81696626951
2026-06-05 13:59:00+00:00,94910.28122089496
2026-06-05 14:14:00+00:00,94966.3804100871
2026-06-05 14:29:00+00:00,94946.0495812891
2026-06-05 14:44:00+00:00,94931.60417304575
2026-06-05 14:59:00+00:00,94919.51971243216
2026-06-05 15:14:00+00:00,94892.60105069903
2026-06-05 15:29:00+00:00,94934.35358959339
2026-06-05 15:44:00+00:00,94905.22662628509
2026-06-05 15:59:00+00:00,95018.6342268075
2026-06-05 16:14:00+00:00,95026.94491969238
2026-06-05 16:29:00+00:00,94992.15263371717
2026-06-05 16:44:00+00:00,94949.3848200944
2026-06-05 16:59:00+00:00,95000.53137343674
2026-06-05 17:14:00+00:00,95004.25026485843
2026-06-05 17:29:00+00:00,95049.31235403138
2026-06-05 17:44:00+00:00,95036.04918319869
2026-06-05 17:59:00+00:00,95048.86422287986
2026-06-05 18:14:00+00:00,95035.57726292728
2026-06-05 18:29:00+00:00,95022.20434339784
2026-06-05 18:44:00+00:00,95027.44741552878
2026-06-05 18:59:00+00:00,95028.62667365074
2026-06-05 19:14:00+00:00,95004.50052978976
2026-06-05 19:29:00+00:00,95059.11428027385
2026-06-05 19:44:00+00:00,95073.1227690989
2026-06-05 19:59:00+00:00,95088.28707552185
2026-06-05 20:14:00+00:00,95155.12038768108
2026-06-05 20:29:00+00:00,95188.32638518447
2026-06-05 20:44:00+00:00,95169.95757582737
2026-06-05 20:59:00+00:00,95188.36534496862
2026-06-05 21:14:00+00:00,95187.57979757704
2026-06-05 21:29:00+00:00,95183.56248896055
2026-06-05 21:44:00+00:00,95210.87406452402
2026-06-05 21:59:00+00:00,95236.10056344427
2026-06-05 22:14:00+00:00,95239.92705643058
2026-06-05 22:29:00+00:00,95209.26328154416
2026-06-05 22:44:00+00:00,95179.83547201511
2026-06-05 22:59:00+00:00,95176.00551779657
2026-06-05 23:14:00+00:00,95190.85061103394
2026-06-05 23:29:00+00:00,95183.95831185936
2026-06-05 23:44:00+00:00,95193.01325152871
2026-06-05 23:59:00+00:00,95217.70435631876
2026-06-06 00:14:00+00:00,95251.30368808543
2026-06-06 00:29:00+00:00,95254.17172726434
2026-06-06 00:44:00+00:00,95254.54224216084
2026-06-06 00:59:00+00:00,95218.62571156111
2026-06-06 01:14:00+00:00,95227.00235967104
2026-06-06 01:29:00+00:00,95256.29076485593
2026-06-06 01:44:00+00:00,95355.57521502493
2026-06-06 01:59:00+00:00,95358.40544354724
2026-06-06 02:14:00+00:00,95357.14727459534
2026-06-06 02:29:00+00:00,95359.13950817847
2026-06-06 02:44:00+00:00,95357.20106346693
2026-06-06 02:59:00+00:00,95353.8485161476
2026-06-06 03:14:00+00:00,95359.53887779325
2026-06-06 03:29:00+00:00,95352.98477880243
2026-06-06 03:44:00+00:00,95374.72971178949
2026-06-06 03:59:00+00:00,95399.7746060009
2026-06-06 04:14:00+00:00,95443.05506199333
2026-06-06 04:29:00+00:00,95518.19482379973
2026-06-06 04:44:00+00:00,95486.28393603282
2026-06-06 04:59:00+00:00,95494.2746063091
2026-06-06 05:14:00+00:00,95471.7526182305
2026-06-06 05:29:00+00:00,95523.51890404374
2026-06-06 05:44:00+00:00,95563.63894959679
2026-06-06 05:59:00+00:00,95557.90828600344
2026-06-06 06:14:00+00:00,95578.61688556282
2026-06-06 06:29:00+00:00,95585.05761139796
2026-06-06 06:44:00+00:00,95597.16801496438
2026-06-06 06:59:00+00:00,95676.59612800997
2026-06-06 07:14:00+00:00,95667.09193951655
2026-06-06 07:29:00+00:00,95643.78308493432
2026-06-06 07:44:00+00:00,95673.36650141997
2026-06-06 07:59:00+00:00,95738.68309618055
2026-06-06 08:14:00+00:00,95713.87732611074
2026-06-06 08:29:00+00:00,95679.1752505478
2026-06-06 08:44:00+00:00,95695.16320653004
2026-06-06 08:59:00+00:00,95713.72657561634
2026-06-06 09:14:00+00:00,95719.74562276658
2026-06-06 09:29:00+00:00,95681.55742273867
2026-06-06 09:44:00+00:00,95710.68448704734
2026-06-06 09:59:00+00:00,95748.12858827497
2026-06-06 10:14:00+00:00,95778.45333347959
2026-06-06 10:29:00+00:00,95767.24856684166
2026-06-06 10:44:00+00:00,95767.24856684166
2026-06-06 10:59:00+00:00,95767.24856684166
2026-06-06 11:14:00+00:00,95767.24856684166
2026-06-06 11:29:00+00:00,95767.24856684166
2026-06-06 11:44:00+00:00,95767.24856684166
2026-06-06 11:59:00+00:00,95767.24856684166
2026-06-06 12:14:00+00:00,95767.24856684166
2026-06-06 12:29:00+00:00,95767.24856684166
2026-06-06 12:44:00+00:00,95767.24856684166
2026-06-06 12:59:00+00:00,95767.24856684166
2026-06-06 13:14:00+00:00,95771.54312249126
2026-06-06 13:29:00+00:00,95763.56023423668
2026-06-06 13:44:00+00:00,95747.60078404096
2026-06-06 13:59:00+00:00,95752.65301905503
2026-06-06 14:14:00+00:00,95768.0600604991
2026-06-06 14:29:00+00:00,95735.85377483655
2026-06-06 14:44:00+00:00,95711.12083573468
2026-06-06 14:59:00+00:00,95752.58160350852
2026-06-06 15:14:00+00:00,95786.80322278514
2026-06-06 15:29:00+00:00,95764.76447246516
2026-06-06 15:44:00+00:00,95797.72842817007
2026-06-06 15:59:00+00:00,95819.71184574823
2026-06-06 16:14:00+00:00,95800.14430911682
2026-06-06 16:29:00+00:00,95705.9712480374
2026-06-06 16:44:00+00:00,95760.65964333471
2026-06-06 16:59:00+00:00,95752.97706252139
2026-06-06 17:14:00+00:00,95742.25959582959
2026-06-06 17:29:00+00:00,95816.48606301653
2026-06-06 17:44:00+00:00,95831.36906074878
2026-06-06 17:59:00+00:00,95826.492273825
2026-06-06 18:14:00+00:00,95878.43087110342
2026-06-06 18:29:00+00:00,95854.36242845989
2026-06-06 18:44:00+00:00,95860.0825347967
2026-06-06 18:59:00+00:00,95874.1151785533
2026-06-06 19:14:00+00:00,95876.86880182814
2026-06-06 19:29:00+00:00,95882.20696294695
2026-06-06 19:44:00+00:00,95866.2377322612
2026-06-06 19:59:00+00:00,95883.93100469178
2026-06-06 20:14:00+00:00,95866.00628410696
2026-06-06 20:29:00+00:00,95861.1322463865
2026-06-06 20:44:00+00:00,95866.90061277882
2026-06-06 20:59:00+00:00,95869.0574014946
2026-06-06 21:14:00+00:00,95881.74334057083
2026-06-06 21:29:00+00:00,95893.0438966874
2026-06-06 21:44:00+00:00,95904.00120924643
2026-06-06 21:59:00+00:00,95904.54405904922
2026-06-06 22:14:00+00:00,95897.94753024193
2026-06-06 22:29:00+00:00,95897.94753024193
2026-06-06 22:44:00+00:00,95899.71722674929
2026-06-06 22:59:00+00:00,95901.0161350262
2026-06-06 23:14:00+00:00,95900.8815054196
2026-06-06 23:29:00+00:00,95897.47591824093
2026-06-06 23:44:00+00:00,95895.84151295501
2026-06-06 23:59:00+00:00,95912.60042916007
2026-06-07 00:14:00+00:00,95908.59893748103
2026-06-07 00:29:00+00:00,95908.59893748103
2026-06-07 00:44:00+00:00,95908.59893748103
2026-06-07 00:59:00+00:00,95907.41581654554
2026-06-07 01:14:00+00:00,95920.16721950575
2026-06-07 01:29:00+00:00,95899.14983249821
2026-06-07 01:44:00+00:00,95881.42777336367
2026-06-07 01:59:00+00:00,95891.74431238632
2026-06-07 02:14:00+00:00,95896.1381170512
2026-06-07 02:29:00+00:00,95902.72663430813
2026-06-07 02:44:00+00:00,95869.70228365573
2026-06-07 02:59:00+00:00,95886.66990734488
2026-06-07 03:14:00+00:00,95896.28110807187
2026-06-07 03:29:00+00:00,95879.78301968679
2026-06-07 03:44:00+00:00,95875.63228391371
2026-06-07 03:59:00+00:00,95873.47658362311
2026-06-07 04:14:00+00:00,95907.6029038964
2026-06-07 04:29:00+00:00,95924.87221078506
2026-06-07 04:44:00+00:00,95906.03320426137
2026-06-07 04:59:00+00:00,95906.51191151446
2026-06-07 05:14:00+00:00,95908.52987373635
2026-06-07 05:29:00+00:00,95900.937939502
2026-06-07 05:44:00+00:00,95910.16340350363
2026-06-07 05:59:00+00:00,95915.19480014865
2026-06-07 06:14:00+00:00,95916.44393359413
2026-06-07 06:29:00+00:00,95908.10844997989
2026-06-07 06:44:00+00:00,95905.38254051718
2026-06-07 06:59:00+00:00,95898.48694384632
2026-06-07 07:14:00+00:00,95907.00559389667
2026-06-07 07:29:00+00:00,95902.20331809521
2026-06-07 07:44:00+00:00,95904.8649331847
2026-06-07 07:59:00+00:00,95904.76781454768
2026-06-07 08:14:00+00:00,95904.76781454768
2026-06-07 08:29:00+00:00,95904.76781454768
2026-06-07 08:44:00+00:00,95911.9876661395
2026-06-07 08:59:00+00:00,95874.10063305665
2026-06-07 09:14:00+00:00,95838.37035997497
2026-06-07 09:29:00+00:00,95850.25317673749
2026-06-07 09:44:00+00:00,95895.37708192246
2026-06-07 09:59:00+00:00,95908.0569090826
2026-06-07 10:14:00+00:00,95911.20424062158
2026-06-07 10:29:00+00:00,95928.06897242522
2026-06-07 10:44:00+00:00,95930.90870824047
2026-06-07 10:59:00+00:00,95931.87519268705
2026-06-07 11:14:00+00:00,95923.11154944086
2026-06-07 11:29:00+00:00,95922.93401193543
2026-06-07 11:44:00+00:00,95926.30755014585
2026-06-07 11:59:00+00:00,95911.49198702605
2026-06-07 12:14:00+00:00,95899.53317835835
2026-06-07 12:29:00+00:00,95918.9143058588
2026-06-07 12:44:00+00:00,95905.06353192225
2026-06-07 12:59:00+00:00,95912.99514532901
2026-06-07 13:14:00+00:00,95917.181464389
2026-06-07 13:29:00+00:00,95907.37165172631
2026-06-07 13:44:00+00:00,95897.38914176318
2026-06-07 13:59:00+00:00,95903.4557791528
2026-06-07 14:14:00+00:00,95895.23534045313
2026-06-07 14:29:00+00:00,95887.31198100031
2026-06-07 14:44:00+00:00,95895.92413874333
2026-06-07 14:59:00+00:00,95890.39668230768
2026-06-07 15:14:00+00:00,95871.84028762874
2026-06-07 15:29:00+00:00,95774.31490705414
2026-06-07 15:44:00+00:00,95804.63310934958
2026-06-07 15:59:00+00:00,95831.8556519794
2026-06-07 16:14:00+00:00,95738.37452657855
2026-06-07 16:29:00+00:00,95672.64771057524
2026-06-07 16:44:00+00:00,95791.86297954849
2026-06-07 16:59:00+00:00,95803.24271439383
2026-06-07 17:14:00+00:00,95734.29329827426
2026-06-07 17:29:00+00:00,95837.72132201798
2026-06-07 17:44:00+00:00,95836.87701371347
2026-06-07 17:59:00+00:00,95836.87701371347
2026-06-07 18:14:00+00:00,95836.87701371347
2026-06-07 18:29:00+00:00,95844.32004009905
2026-06-07 18:44:00+00:00,95848.56048053305
2026-06-07 18:59:00+00:00,95841.01602984665
2026-06-07 19:14:00+00:00,95840.41119508227
2026-06-07 19:29:00+00:00,95838.34711892942
2026-06-07 19:44:00+00:00,95834.55526551943
2026-06-07 19:59:00+00:00,95838.66636929495
2026-06-07 20:14:00+00:00,95843.24051404584
2026-06-07 20:29:00+00:00,95846.60558792221
2026-06-07 20:44:00+00:00,95844.68905760912
2026-06-07 20:59:00+00:00,95844.68905760912
2026-06-07 21:14:00+00:00,95844.68905760912
2026-06-07 21:29:00+00:00,95844.68905760912
2026-06-07 21:44:00+00:00,95844.68905760912
2026-06-07 21:59:00+00:00,95844.68905760912
2026-06-07 22:14:00+00:00,95844.68905760912
2026-06-07 22:29:00+00:00,95904.18561765907
2026-06-07 22:44:00+00:00,95875.06001138879
2026-06-07 22:59:00+00:00,95909.8130529171
2026-06-07 23:14:00+00:00,95883.75534187433
2026-06-07 23:29:00+00:00,95873.14607503926
2026-06-07 23:44:00+00:00,95876.79075207163
2026-06-07 23:59:00+00:00,95856.30062086844
2026-06-08 00:14:00+00:00,95863.11223824957
2026-06-08 00:29:00+00:00,95835.77787869771
2026-06-08 00:44:00+00:00,95824.61276206568
2026-06-08 00:59:00+00:00,95830.5821363309
2026-06-08 01:14:00+00:00,95870.34917998285
2026-06-08 01:29:00+00:00,95873.48287733927
2026-06-08 01:44:00+00:00,95864.3199936771
2026-06-08 01:59:00+00:00,95837.20940278667
2026-06-08 02:14:00+00:00,95877.63285191495
2026-06-08 02:29:00+00:00,95857.62530357439
2026-06-08 02:44:00+00:00,95810.96763115255
2026-06-08 02:59:00+00:00,95817.2493484674
2026-06-08 03:14:00+00:00,95794.98707856491
2026-06-08 03:29:00+00:00,95841.40042945514
2026-06-08 03:44:00+00:00,95852.14742748879
2026-06-08 03:59:00+00:00,95863.63629782652
2026-06-08 04:14:00+00:00,95877.28651986529
2026-06-08 04:29:00+00:00,95916.55437288791
2026-06-08 04:44:00+00:00,95916.4255458801
2026-06-08 04:59:00+00:00,95919.60640297616
2026-06-08 05:14:00+00:00,95917.19982020035
2026-06-08 05:29:00+00:00,95934.26034671266
2026-06-08 05:44:00+00:00,95931.79692410561
2026-06-08 05:59:00+00:00,95933.32761684946
2026-06-08 06:14:00+00:00,95932.69599195209
2026-06-08 06:29:00+00:00,95932.69599195209
2026-06-08 06:44:00+00:00,95932.69599195209
2026-06-08 06:59:00+00:00,95932.69599195209
2026-06-08 07:14:00+00:00,95932.69599195209
2026-06-08 07:29:00+00:00,95932.69599195209
2026-06-08 07:44:00+00:00,95963.49674700429
2026-06-08 07:59:00+00:00,96010.88721550157
2026-06-08 08:14:00+00:00,95925.20441463141
2026-06-08 08:29:00+00:00,95709.19249614373
2026-06-08 08:44:00+00:00,95666.62619067774
2026-06-08 08:59:00+00:00,95699.39046513427
2026-06-08 09:14:00+00:00,95764.34658569744
2026-06-08 09:29:00+00:00,95770.37667567107
2026-06-08 09:44:00+00:00,95778.51114008564
2026-06-08 09:59:00+00:00,95742.2037388133
2026-06-08 10:14:00+00:00,95744.37331744387
2026-06-08 10:29:00+00:00,95716.7117177416
2026-06-08 10:44:00+00:00,95733.16002267436
2026-06-08 10:59:00+00:00,95694.42227680536
2026-06-08 11:14:00+00:00,95710.66669840108
2026-06-08 11:29:00+00:00,95706.77157379346
2026-06-08 11:44:00+00:00,95727.52908669923
2026-06-08 11:59:00+00:00,95717.84177888851
2026-06-08 12:14:00+00:00,95717.84177888851
2026-06-08 12:29:00+00:00,95717.84177888851
2026-06-08 12:44:00+00:00,95717.84177888851
2026-06-08 12:59:00+00:00,95717.84177888851
2026-06-08 13:14:00+00:00,95717.84177888851
2026-06-08 13:29:00+00:00,95717.84177888851
2026-06-08 13:44:00+00:00,95717.84177888851
2026-06-08 13:59:00+00:00,95717.84177888851
2026-06-08 14:14:00+00:00,95717.84177888851
2026-06-08 14:29:00+00:00,95717.84177888851
2026-06-08 14:44:00+00:00,95708.00881329922
2026-06-08 14:59:00+00:00,95730.8912728571
2026-06-08 15:14:00+00:00,95741.13874014746
2026-06-08 15:29:00+00:00,95733.96240166438
2026-06-08 15:44:00+00:00,95733.96240166438
2026-06-08 15:59:00+00:00,95733.96240166438
2026-06-08 16:14:00+00:00,95733.96240166438
2026-06-08 16:29:00+00:00,95733.96240166438
2026-06-08 16:44:00+00:00,95733.96240166438
2026-06-08 16:59:00+00:00,95733.96240166438
2026-06-08 17:14:00+00:00,95733.96240166438
2026-06-08 17:29:00+00:00,95733.96240166438
2026-06-08 17:44:00+00:00,95733.96240166438
2026-06-08 17:59:00+00:00,95733.96240166438
2026-06-08 18:14:00+00:00,95733.96240166438
2026-06-08 18:29:00+00:00,95733.96240166438
2026-06-08 18:44:00+00:00,95733.96240166438
2026-06-08 18:59:00+00:00,95733.96240166438
2026-06-08 19:14:00+00:00,95733.96240166438
2026-06-08 19:29:00+00:00,95745.40549998848
2026-06-08 19:44:00+00:00,95753.01826617528
2026-06-08 19:59:00+00:00,95766.82257014791
2026-06-08 20:14:00+00:00,95757.74500100245
2026-06-08 20:29:00+00:00,95757.64675437359
2026-06-08 20:44:00+00:00,95762.06118135001
2026-06-08 20:59:00+00:00,95781.28697034022
2026-06-08 21:14:00+00:00,95780.15986249823
2026-06-08 21:29:00+00:00,95780.15986249823
2026-06-08 21:44:00+00:00,95780.15986249823
2026-06-08 21:59:00+00:00,95780.15986249823
2026-06-08 22:14:00+00:00,95780.15986249823
2026-06-08 22:29:00+00:00,95780.15986249823
2026-06-08 22:44:00+00:00,95768.83977833814
2026-06-08 22:59:00+00:00,95772.29689809502
2026-06-08 23:14:00+00:00,95758.32748957053
2026-06-08 23:29:00+00:00,95754.05586146012
2026-06-08 23:44:00+00:00,95731.9340413975
2026-06-08 23:59:00+00:00,95750.30096182511
2026-06-09 00:14:00+00:00,95737.06217482772
2026-06-09 00:29:00+00:00,95718.01883884866
2026-06-09 00:44:00+00:00,95744.7112998638
2026-06-09 00:59:00+00:00,95735.31070762342
2026-06-09 01:14:00+00:00,95723.20060717103
2026-06-09 01:29:00+00:00,95741.00169834218
2026-06-09 01:44:00+00:00,95744.72185432182
2026-06-09 01:59:00+00:00,95759.7129278627
2026-06-09 02:14:00+00:00,95761.91203750717
2026-06-09 02:29:00+00:00,95762.36394287762
2026-06-09 02:44:00+00:00,95755.83235041788
2026-06-09 02:59:00+00:00,95766.30200432663
2026-06-09 03:14:00+00:00,95768.3611244439
2026-06-09 03:29:00+00:00,95768.3611244439
2026-06-09 03:44:00+00:00,95768.3611244439
2026-06-09 03:59:00+00:00,95768.3611244439
2026-06-09 04:14:00+00:00,95768.3611244439
2026-06-09 04:29:00+00:00,95768.3611244439
2026-06-09 04:44:00+00:00,95768.3611244439
2026-06-09 04:59:00+00:00,95768.3611244439
2026-06-09 05:14:00+00:00,95768.3611244439
2026-06-09 05:29:00+00:00,95768.3611244439
2026-06-09 05:44:00+00:00,95768.3611244439
2026-06-09 05:59:00+00:00,95768.3611244439
2026-06-09 06:14:00+00:00,95768.3611244439
2026-06-09 06:29:00+00:00,95768.3611244439
2026-06-09 06:44:00+00:00,95768.3611244439
2026-06-09 06:59:00+00:00,95768.3611244439
2026-06-09 07:14:00+00:00,95768.3611244439
2026-06-09 07:29:00+00:00,95768.3611244439
2026-06-09 07:44:00+00:00,95768.3611244439
2026-06-09 07:59:00+00:00,95768.3611244439
2026-06-09 08:14:00+00:00,95768.3611244439
2026-06-09 08:29:00+00:00,95768.3611244439
2026-06-09 08:44:00+00:00,95768.3611244439
2026-06-09 08:59:00+00:00,95768.3611244439
2026-06-09 09:14:00+00:00,95768.3611244439
2026-06-09 09:29:00+00:00,95768.3611244439
2026-06-09 09:44:00+00:00,95768.3611244439
2026-06-09 09:59:00+00:00,95768.3611244439
2026-06-09 10:14:00+00:00,95768.3611244439
2026-06-09 10:29:00+00:00,95768.3611244439
2026-06-09 10:44:00+00:00,95768.3611244439
2026-06-09 10:59:00+00:00,95768.3611244439
2026-06-09 11:14:00+00:00,95768.3611244439
2026-06-09 11:29:00+00:00,95768.3611244439
2026-06-09 11:44:00+00:00,95768.3611244439
2026-06-09 11:59:00+00:00,95768.3611244439
2026-06-09 12:14:00+00:00,95768.3611244439
2026-06-09 12:29:00+00:00,95768.3611244439
2026-06-09 12:44:00+00:00,95768.3611244439
2026-06-09 12:59:00+00:00,95768.3611244439
2026-06-09 13:14:00+00:00,95768.3611244439
2026-06-09 13:29:00+00:00,95768.3611244439
2026-06-09 13:44:00+00:00,95768.3611244439
2026-06-09 13:59:00+00:00,95768.3611244439
2026-06-09 14:14:00+00:00,95768.3611244439
2026-06-09 14:29:00+00:00,95768.3611244439
2026-06-09 14:44:00+00:00,95768.3611244439
2026-06-09 14:59:00+00:00,95773.46490999195
2026-06-09 15:14:00+00:00,95776.66903314949
2026-06-09 15:29:00+00:00,95773.24509579263
2026-06-09 15:44:00+00:00,95777.42143502887
2026-06-09 15:59:00+00:00,95774.64207972086
2026-06-09 16:14:00+00:00,95772.43857980118
2026-06-09 16:29:00+00:00,95788.97259880818
2026-06-09 16:44:00+00:00,95786.40852606084
2026-06-09 16:59:00+00:00,95786.40852606084
2026-06-09 17:14:00+00:00,95786.40852606084
2026-06-09 17:29:00+00:00,95786.40852606084
2026-06-09 17:44:00+00:00,95786.40852606084
2026-06-09 17:59:00+00:00,95786.40852606084
2026-06-09 18:14:00+00:00,95786.40852606084
2026-06-09 18:29:00+00:00,95786.40852606084
2026-06-09 18:44:00+00:00,95786.40852606084
2026-06-09 18:59:00+00:00,95786.40852606084
2026-06-09 19:14:00+00:00,95784.89377943627
2026-06-09 19:29:00+00:00,95772.87416349046
2026-06-09 19:44:00+00:00,95774.27915799351
2026-06-09 19:59:00+00:00,95775.83654213524
2026-06-09 20:14:00+00:00,95769.74105990946
2026-06-09 20:29:00+00:00,95779.13045766244
2026-06-09 20:44:00+00:00,95784.12505116833
2026-06-09 20:59:00+00:00,95783.9215287952
2026-06-09 21:14:00+00:00,95785.54751490042
2026-06-09 21:29:00+00:00,95781.31374577725
2026-06-09 21:44:00+00:00,95781.31374577725
2026-06-09 21:59:00+00:00,95781.31374577725
2026-06-09 22:14:00+00:00,95781.31374577725
2026-06-09 22:29:00+00:00,95781.31374577725
2026-06-09 22:44:00+00:00,95781.31374577725
2026-06-09 22:59:00+00:00,95781.31374577725
2026-06-09 23:14:00+00:00,95781.31374577725
2026-06-09 23:29:00+00:00,95781.31374577725
2026-06-09 23:44:00+00:00,95781.31374577725
2026-06-09 23:59:00+00:00,95781.31374577725
2026-06-10 00:14:00+00:00,95781.31374577725
2026-06-10 00:29:00+00:00,95781.31374577725
2026-06-10 00:44:00+00:00,95781.31374577725
2026-06-10 00:59:00+00:00,95781.31374577725
2026-06-10 01:14:00+00:00,95781.31374577725
2026-06-10 01:29:00+00:00,95781.31374577725
2026-06-10 01:44:00+00:00,95781.31374577725
2026-06-10 01:59:00+00:00,95781.31374577725
2026-06-10 02:14:00+00:00,95781.31374577725
2026-06-10 02:29:00+00:00,95781.31374577725
2026-06-10 02:44:00+00:00,95781.31374577725
2026-06-10 02:59:00+00:00,95781.31374577725
2026-06-10 03:14:00+00:00,95781.31374577725
2026-06-10 03:29:00+00:00,95781.31374577725
2026-06-10 03:44:00+00:00,95781.31374577725
2026-06-10 03:59:00+00:00,95781.31374577725
2026-06-10 04:14:00+00:00,95781.31374577725
2026-06-10 04:29:00+00:00,95781.31374577725
2026-06-10 04:44:00+00:00,95781.31374577725
2026-06-10 04:59:00+00:00,95781.31374577725
2026-06-10 05:14:00+00:00,95781.31374577725
2026-06-10 05:29:00+00:00,95781.31374577725
2026-06-10 05:44:00+00:00,95781.31374577725
2026-06-10 05:59:00+00:00,95781.31374577725
2026-06-10 06:14:00+00:00,95781.31374577725
2026-06-10 06:29:00+00:00,95781.31374577725
2026-06-10 06:44:00+00:00,95878.9148452931
2026-06-10 06:59:00+00:00,95859.47094925845
2026-06-10 07:14:00+00:00,95835.60970297099
2026-06-10 07:29:00+00:00,95874.90797768418
2026-06-10 07:44:00+00:00,95877.80238663335
2026-06-10 07:59:00+00:00,95877.80238663335
2026-06-10 08:14:00+00:00,95877.80238663335
2026-06-10 08:29:00+00:00,95877.80238663335
2026-06-10 08:44:00+00:00,95877.80238663335
2026-06-10 08:59:00+00:00,95877.80238663335
2026-06-10 09:14:00+00:00,95877.80238663335
2026-06-10 09:29:00+00:00,95877.80238663335
2026-06-10 09:44:00+00:00,95877.80238663335
2026-06-10 09:59:00+00:00,95877.80238663335
2026-06-10 10:14:00+00:00,95877.80238663335
2026-06-10 10:29:00+00:00,95877.80238663335
2026-06-10 10:44:00+00:00,95877.80238663335
2026-06-10 10:59:00+00:00,95877.80238663335
2026-06-10 11:14:00+00:00,95877.80238663335
2026-06-10 11:29:00+00:00,95877.80238663335
2026-06-10 11:44:00+00:00,95877.80238663335
2026-06-10 11:59:00+00:00,95877.80238663335
2026-06-10 12:14:00+00:00,95877.80238663335
2026-06-10 12:29:00+00:00,95877.80238663335
2026-06-10 12:44:00+00:00,95877.80238663335
2026-06-10 12:59:00+00:00,95877.80238663335
2026-06-10 13:14:00+00:00,95877.80238663335
2026-06-10 13:29:00+00:00,95877.80238663335
2026-06-10 13:44:00+00:00,95877.80238663335
2026-06-10 13:59:00+00:00,95887.40338921355
2026-06-10 14:14:00+00:00,95900.32074288443
2026-06-10 14:29:00+00:00,95901.23426269332
2026-06-10 14:44:00+00:00,95926.84787500378
2026-06-10 14:59:00+00:00,95910.6091699042
2026-06-10 15:14:00+00:00,95936.71910225939
2026-06-10 15:29:00+00:00,95940.82618164823
2026-06-10 15:44:00+00:00,95940.82618164823
2026-06-10 15:59:00+00:00,95949.2626852539
2026-06-10 16:14:00+00:00,95944.43169683305
2026-06-10 16:29:00+00:00,95941.98743799422
2026-06-10 16:44:00+00:00,95949.17888044247
2026-06-10 16:59:00+00:00,95963.6396211176
2026-06-10 17:14:00+00:00,95964.84783517604
2026-06-10 17:29:00+00:00,95945.9898982701
2026-06-10 17:44:00+00:00,95960.30846512943
2026-06-10 17:59:00+00:00,95961.92373734366
2026-06-10 18:14:00+00:00,95954.24106041757
2026-06-10 18:29:00+00:00,95951.28438376111
2026-06-10 18:44:00+00:00,95925.88184418259
2026-06-10 18:59:00+00:00,95903.81789611967
2026-06-10 19:14:00+00:00,95909.498268064
2026-06-10 19:29:00+00:00,95929.49375176978
2026-06-10 19:44:00+00:00,95920.2276590816
2026-06-10 19:59:00+00:00,95931.59004631174
2026-06-10 20:14:00+00:00,95933.85649953985
2026-06-10 20:29:00+00:00,95923.17055109404
2026-06-10 20:44:00+00:00,95944.33051092883
2026-06-10 20:59:00+00:00,95933.18207469232
2026-06-10 21:14:00+00:00,95941.80341025443
2026-06-10 21:29:00+00:00,95945.58122412897
2026-06-10 21:44:00+00:00,95945.58122412897
2026-06-10 21:59:00+00:00,95945.58122412897
2026-06-10 22:14:00+00:00,95945.58122412897
2026-06-10 22:29:00+00:00,95945.58122412897
2026-06-10 22:44:00+00:00,95945.58122412897
2026-06-10 22:59:00+00:00,95945.58122412897
2026-06-10 23:14:00+00:00,95945.58122412897
2026-06-10 23:29:00+00:00,95945.58122412897
2026-06-10 23:44:00+00:00,95945.58122412897
2026-06-10 23:59:00+00:00,95945.58122412897
2026-06-11 00:14:00+00:00,95945.58122412897
2026-06-11 00:29:00+00:00,95945.58122412897
2026-06-11 00:44:00+00:00,95945.58122412897
2026-06-11 00:59:00+00:00,95945.58122412897
2026-06-11 01:14:00+00:00,95945.58122412897
2026-06-11 01:29:00+00:00,95945.58122412897
2026-06-11 01:44:00+00:00,95945.58122412897
2026-06-11 01:59:00+00:00,95939.63928833419
2026-06-11 02:14:00+00:00,95936.20939391664
2026-06-11 02:29:00+00:00,95938.58605994459
2026-06-11 02:44:00+00:00,95943.64344643847
2026-06-11 02:59:00+00:00,95952.6417169037
2026-06-11 03:14:00+00:00,95953.08405262989
2026-06-11 03:29:00+00:00,95955.93604694276
2026-06-11 03:44:00+00:00,95955.92147488533
2026-06-11 03:59:00+00:00,95975.70735353687
2026-06-11 04:14:00+00:00,95973.54612725385
2026-06-11 04:29:00+00:00,95972.56726283897
2026-06-11 04:44:00+00:00,95977.07491765315
2026-06-11 04:59:00+00:00,95981.36221753723
2026-06-11 05:14:00+00:00,95978.9459833085
2026-06-11 05:29:00+00:00,95968.95513141892
2026-06-11 05:44:00+00:00,95984.93353185251
2026-06-11 05:59:00+00:00,95976.38195628644
2026-06-11 06:14:00+00:00,95986.5438915714
2026-06-11 06:29:00+00:00,95983.81015940398
2026-06-11 06:44:00+00:00,95983.81015940398
2026-06-11 06:59:00+00:00,95983.81015940398
2026-06-11 07:14:00+00:00,95983.81015940398
2026-06-11 07:29:00+00:00,95983.81015940398
2026-06-11 07:44:00+00:00,95983.81015940398
2026-06-11 07:59:00+00:00,95983.81015940398
2026-06-11 08:14:00+00:00,95983.81015940398
2026-06-11 08:29:00+00:00,95972.61537928114
2026-06-11 08:44:00+00:00,95978.3958482183
2026-06-11 08:59:00+00:00,95976.25557135622
2026-06-11 09:14:00+00:00,95987.30930603363
2026-06-11 09:29:00+00:00,95981.478580437
2026-06-11 09:44:00+00:00,95973.9051893528
2026-06-11 09:59:00+00:00,95969.37692084217
2026-06-11 10:14:00+00:00,95969.47900048173
2026-06-11 10:29:00+00:00,95974.52956030231
2026-06-11 10:44:00+00:00,95979.63828296185
2026-06-11 10:59:00+00:00,95976.65742247642
2026-06-11 11:14:00+00:00,95954.94177249618
2026-06-11 11:29:00+00:00,95963.25030321087
2026-06-11 11:44:00+00:00,95973.20093115087
2026-06-11 11:59:00+00:00,95971.95417808773
2026-06-11 12:14:00+00:00,95971.95417808773
2026-06-11 12:29:00+00:00,95971.95417808773
2026-06-11 12:44:00+00:00,95971.95417808773
2026-06-11 12:59:00+00:00,95971.95417808773
2026-06-11 13:14:00+00:00,95971.95417808773
2026-06-11 13:29:00+00:00,95971.95417808773
2026-06-11 13:44:00+00:00,95971.95417808773
2026-06-11 13:59:00+00:00,95971.95417808773
2026-06-11 14:14:00+00:00,95971.95417808773
2026-06-11 14:29:00+00:00,95971.95417808773
2026-06-11 14:44:00+00:00,95971.95417808773
2026-06-11 14:59:00+00:00,95971.95417808773
2026-06-11 15:14:00+00:00,95986.10020000431
2026-06-11 15:29:00+00:00,95981.02536686308
2026-06-11 15:44:00+00:00,95963.30372273637
2026-06-11 15:59:00+00:00,95981.86282259163
2026-06-11 16:14:00+00:00,95998.5347978799
2026-06-11 16:29:00+00:00,96035.38281150132
2026-06-11 16:44:00+00:00,96048.61654195245
2026-06-11 16:59:00+00:00,96048.78482987496
2026-06-11 17:14:00+00:00,96076.58586055608
2026-06-11 17:29:00+00:00,96085.74793007737
2026-06-11 17:44:00+00:00,96029.04294102191
2026-06-11 17:59:00+00:00,96006.26704754466
2026-06-11 18:14:00+00:00,96011.44213784335
2026-06-11 18:29:00+00:00,96028.11528421505
2026-06-11 18:44:00+00:00,95972.512166582
2026-06-11 18:59:00+00:00,95980.71740587818
2026-06-11 19:14:00+00:00,95971.13613810629
2026-06-11 19:29:00+00:00,95946.27918186292
2026-06-11 19:44:00+00:00,95936.88248789789
2026-06-11 19:59:00+00:00,95932.22916543779
2026-06-11 20:14:00+00:00,95925.59791766758
2026-06-11 20:29:00+00:00,95953.33507661973
2026-06-11 20:44:00+00:00,95958.34949060182
2026-06-11 20:59:00+00:00,95955.56089778703
2026-06-11 21:14:00+00:00,95938.85826924111
2026-06-11 21:29:00+00:00,95930.52324132626
2026-06-11 21:44:00+00:00,95946.20325223719
2026-06-11 21:59:00+00:00,95931.67099544953
2026-06-11 22:14:00+00:00,95929.94108562038
2026-06-11 22:29:00+00:00,95923.633104042
2026-06-11 22:44:00+00:00,95914.61945280503
2026-06-11 22:59:00+00:00,95914.61945280503
2026-06-11 23:14:00+00:00,95921.27330283094
2026-06-11 23:29:00+00:00,95906.94070263492
2026-06-11 23:44:00+00:00,95914.26068597281
2026-06-11 23:59:00+00:00,95909.23719789497
2026-06-12 00:14:00+00:00,95914.91878973912
2026-06-12 00:29:00+00:00,95911.36452760934
2026-06-12 00:44:00+00:00,95902.92924449625
2026-06-12 00:59:00+00:00,95904.00506979914
2026-06-12 01:14:00+00:00,95911.49577958063
2026-06-12 01:29:00+00:00,95914.47283968674
2026-06-12 01:44:00+00:00,95901.7120159582
2026-06-12 01:59:00+00:00,95900.4365069031
2026-06-12 02:14:00+00:00,95903.44193789836
2026-06-12 02:29:00+00:00,95890.05857320297
2026-06-12 02:44:00+00:00,95890.84150393218
2026-06-12 02:59:00+00:00,95880.14158061324
2026-06-12 03:14:00+00:00,95877.2370692318
2026-06-12 03:29:00+00:00,95851.56453343447
2026-06-12 03:44:00+00:00,95893.53055759215
2026-06-12 03:59:00+00:00,95930.28695989786
2026-06-12 04:14:00+00:00,95950.19492702626
2026-06-12 04:29:00+00:00,95935.51216230183
2026-06-12 04:44:00+00:00,95972.62408878678
2026-06-12 04:59:00+00:00,95965.89869612151
2026-06-12 05:14:00+00:00,95951.74616525142
2026-06-12 05:29:00+00:00,95954.57454638176
2026-06-12 05:44:00+00:00,95930.51244789152
2026-06-12 05:59:00+00:00,95936.94033737817
2026-06-12 06:14:00+00:00,95938.13057002185
2026-06-12 06:29:00+00:00,95940.72988122393
2026-06-12 06:44:00+00:00,95978.73580133429
2026-06-12 06:59:00+00:00,95976.48073621374
2026-06-12 07:14:00+00:00,95980.72722467875
2026-06-12 07:29:00+00:00,95980.06410083297
2026-06-12 07:44:00+00:00,96002.33214199528
2026-06-12 07:59:00+00:00,96026.83964328394
2026-06-12 08:14:00+00:00,96033.12583956342
2026-06-12 08:29:00+00:00,95988.73605418327
2026-06-12 08:44:00+00:00,95992.77836059354
2026-06-12 08:59:00+00:00,95932.94747032278
2026-06-12 09:14:00+00:00,95993.17168822618
2026-06-12 09:29:00+00:00,96004.68515100819
2026-06-12 09:44:00+00:00,95996.87228512253
2026-06-12 09:59:00+00:00,96006.6180593775
2026-06-12 10:14:00+00:00,96016.86662154281
2026-06-12 10:29:00+00:00,96038.37975460065
2026-06-12 10:44:00+00:00,96036.21757998223
2026-06-12 10:59:00+00:00,96013.46882609569
2026-06-12 11:14:00+00:00,96009.39957712383
2026-06-12 11:29:00+00:00,96016.78991974061
2026-06-12 11:44:00+00:00,96004.83097666578
2026-06-12 11:59:00+00:00,96008.57440043995
2026-06-12 12:14:00+00:00,95996.8202274496
2026-06-12 12:29:00+00:00,96020.34820271833
2026-06-12 12:44:00+00:00,96012.32937048262
2026-06-12 12:59:00+00:00,96012.32937048262
2026-06-12 13:14:00+00:00,96006.81939131445
2026-06-12 13:29:00+00:00,95999.44648068683
2026-06-12 13:44:00+00:00,95972.62688577805
2026-06-12 13:59:00+00:00,95975.75528961017
2026-06-12 14:14:00+00:00,95959.26263839864
2026-06-12 14:29:00+00:00,95870.70547983667
2026-06-12 14:44:00+00:00,95821.51854465548
2026-06-12 14:59:00+00:00,95852.22648239425
2026-06-12 15:14:00+00:00,95899.57169002334
2026-06-12 15:29:00+00:00,95914.58775736767
2026-06-12 15:44:00+00:00,95946.90726709361
2026-06-12 15:59:00+00:00,95955.10019514021
2026-06-12 16:14:00+00:00,95938.80129702257
2026-06-12 16:29:00+00:00,95933.792309255
2026-06-12 16:44:00+00:00,95908.2081946346
2026-06-12 16:59:00+00:00,95898.9634452821
2026-06-12 17:14:00+00:00,95903.4475610526
2026-06-12 17:29:00+00:00,95938.36324697283
2026-06-12 17:44:00+00:00,95967.89382479775
2026-06-12 17:59:00+00:00,95968.5618961255
2026-06-12 18:14:00+00:00,95999.42495108981
2026-06-12 18:29:00+00:00,95992.8463803639
2026-06-12 18:44:00+00:00,95984.64837429913
2026-06-12 18:59:00+00:00,95987.36119639414
2026-06-12 19:14:00+00:00,95987.75215201513
2026-06-12 19:29:00+00:00,95991.81232951737
2026-06-12 19:44:00+00:00,95983.51485438978
2026-06-12 19:59:00+00:00,95980.71417482919
2026-06-12 20:14:00+00:00,95986.8409131691
2026-06-12 20:29:00+00:00,95985.71847166693
2026-06-12 20:44:00+00:00,95993.49141483713
2026-06-12 20:59:00+00:00,95993.70490804898
2026-06-12 21:14:00+00:00,95994.77485590846
2026-06-12 21:29:00+00:00,95993.44239847889
2026-06-12 21:44:00+00:00,95988.83839925678
2026-06-12 21:59:00+00:00,95997.7459211143
2026-06-12 22:14:00+00:00,95991.12527037399
2026-06-12 22:29:00+00:00,95984.35913428667
2026-06-12 22:44:00+00:00,95982.67614873912
2026-06-12 22:59:00+00:00,95986.72595473495
2026-06-12 23:14:00+00:00,95980.2615025349
2026-06-12 23:29:00+00:00,95966.96576956597
2026-06-12 23:44:00+00:00,95963.93970314212
2026-06-12 23:59:00+00:00,95960.39887943299
2026-06-13 00:14:00+00:00,95958.08599759194
2026-06-13 00:29:00+00:00,95956.88007799849
2026-06-13 00:44:00+00:00,95954.696120159
2026-06-13 00:59:00+00:00,95963.85305902534
2026-06-13 01:14:00+00:00,95967.38246215547
2026-06-13 01:29:00+00:00,95972.58841194375
2026-06-13 01:44:00+00:00,95957.75959538652
2026-06-13 01:59:00+00:00,95953.36594301004
2026-06-13 02:14:00+00:00,95962.28207115617
2026-06-13 02:29:00+00:00,95962.60972423012
2026-06-13 02:44:00+00:00,95955.93096185675
2026-06-13 02:59:00+00:00,95952.95622199951
2026-06-13 03:14:00+00:00,95943.60612081992
2026-06-13 03:29:00+00:00,95958.36419261852
2026-06-13 03:44:00+00:00,95944.32900397695
2026-06-13 03:59:00+00:00,95947.89046543867
2026-06-13 04:14:00+00:00,95951.14175888577
2026-06-13 04:29:00+00:00,95956.73193937783
2026-06-13 04:44:00+00:00,95909.58133173556
2026-06-13 04:59:00+00:00,95934.81336937766
2026-06-13 05:14:00+00:00,95925.74909052059
2026-06-13 05:29:00+00:00,95946.65019786241
2026-06-13 05:44:00+00:00,95926.58160520569
2026-06-13 05:59:00+00:00,95934.92343951993
2026-06-13 06:14:00+00:00,95941.06698657302
2026-06-13 06:29:00+00:00,95940.8711464994
2026-06-13 06:44:00+00:00,95940.8711464994
2026-06-13 06:59:00+00:00,95940.8711464994
2026-06-13 07:14:00+00:00,95957.36400424165
2026-06-13 07:29:00+00:00,95921.02657378037
2026-06-13 07:44:00+00:00,95939.18173472633
2026-06-13 07:59:00+00:00,95964.63283064945
2026-06-13 08:14:00+00:00,95934.69874093105
2026-06-13 08:29:00+00:00,95947.01181976208
2026-06-13 08:44:00+00:00,95943.62724145733
2026-06-13 08:59:00+00:00,95959.49768247231
2026-06-13 09:14:00+00:00,95949.98027354383
2026-06-13 09:29:00+00:00,95919.45642929296
2026-06-13 09:44:00+00:00,95915.43830512997
2026-06-13 09:59:00+00:00,95935.62585382027
2026-06-13 10:14:00+00:00,95922.47961461099
2026-06-13 10:29:00+00:00,95923.33864921489
2026-06-13 10:44:00+00:00,95925.29850751263
2026-06-13 10:59:00+00:00,95958.29810933597
2026-06-13 11:14:00+00:00,95963.03966539068
2026-06-13 11:29:00+00:00,95962.77125150067
2026-06-13 11:44:00+00:00,95962.77125150067
2026-06-13 11:59:00+00:00,95962.77125150067
2026-06-13 12:14:00+00:00,95962.77125150067
2026-06-13 12:29:00+00:00,95962.77125150067
2026-06-13 12:44:00+00:00,95962.77125150067
2026-06-13 12:59:00+00:00,95962.77125150067
2026-06-13 13:14:00+00:00,95962.77125150067
2026-06-13 13:29:00+00:00,95962.77125150067
2026-06-13 13:44:00+00:00,95962.77125150067
2026-06-13 13:59:00+00:00,95962.77125150067
2026-06-13 14:14:00+00:00,95962.77125150067
2026-06-13 14:29:00+00:00,95962.77125150067
2026-06-13 14:44:00+00:00,95962.77125150067
2026-06-13 14:59:00+00:00,95962.77125150067
2026-06-13 15:14:00+00:00,95962.77125150067
2026-06-13 15:29:00+00:00,95962.77125150067
2026-06-13 15:44:00+00:00,95995.26276999367
2026-06-13 15:59:00+00:00,95880.3978469256
2026-06-13 16:14:00+00:00,95967.78052336037
2026-06-13 16:29:00+00:00,96008.53702105106
2026-06-13 16:44:00+00:00,95923.73911556325
2026-06-13 16:59:00+00:00,95893.44176792055
2026-06-13 17:14:00+00:00,95970.79028111373
2026-06-13 17:29:00+00:00,95930.38149852084
2026-06-13 17:44:00+00:00,95924.02788441953
2026-06-13 17:59:00+00:00,95970.11675769163
2026-06-13 18:14:00+00:00,96006.04443158837
2026-06-13 18:29:00+00:00,96005.33947269121
2026-06-13 18:44:00+00:00,96005.33947269121
2026-06-13 18:59:00+00:00,96005.33947269121
2026-06-13 19:14:00+00:00,96005.33947269121
2026-06-13 19:29:00+00:00,96005.33947269121
2026-06-13 19:44:00+00:00,96005.33947269121
2026-06-13 19:59:00+00:00,96005.33947269121
2026-06-13 20:14:00+00:00,96005.33947269121
2026-06-13 20:29:00+00:00,96005.33947269121
2026-06-13 20:44:00+00:00,96005.33947269121
2026-06-13 20:59:00+00:00,96005.33947269121
2026-06-13 21:14:00+00:00,96005.33947269121
2026-06-13 21:29:00+00:00,96005.33947269121
2026-06-13 21:44:00+00:00,96005.33947269121
2026-06-13 21:59:00+00:00,96010.68653413259
2026-06-13 22:14:00+00:00,96018.07095083858
2026-06-13 22:29:00+00:00,96017.31149874999
2026-06-13 22:44:00+00:00,96021.4844823838
2026-06-13 22:59:00+00:00,96017.78101294237
2026-06-13 23:14:00+00:00,96019.31604678609
2026-06-13 23:29:00+00:00,96020.32872971678
2026-06-13 23:44:00+00:00,96026.55779451493
2026-06-13 23:59:00+00:00,96020.89908460533
2026-06-14 00:14:00+00:00,96008.19630007684
2026-06-14 00:29:00+00:00,96026.16988416603
2026-06-14 00:44:00+00:00,96014.28589555132
2026-06-14 00:59:00+00:00,96008.35507499505
2026-06-14 01:14:00+00:00,96014.19838466833
2026-06-14 01:29:00+00:00,96004.49655978904
2026-06-14 01:44:00+00:00,96005.63980804662
2026-06-14 01:59:00+00:00,96020.44996902616
2026-06-14 02:14:00+00:00,96022.14264609975
2026-06-14 02:29:00+00:00,96017.45021808767
2026-06-14 02:44:00+00:00,96018.91098320323
2026-06-14 02:59:00+00:00,96020.92701196122
2026-06-14 03:14:00+00:00,96018.3621030357
2026-06-14 03:29:00+00:00,96025.41900548337
2026-06-14 03:44:00+00:00,96014.89234550319
2026-06-14 03:59:00+00:00,96018.94862424053
2026-06-14 04:14:00+00:00,96023.66056168018
2026-06-14 04:29:00+00:00,96021.56451229847
2026-06-14 04:44:00+00:00,96021.56451229847
2026-06-14 04:59:00+00:00,96002.01010290207
2026-06-14 05:14:00+00:00,95998.01956379172
2026-06-14 05:29:00+00:00,96000.0284401397
2026-06-14 05:44:00+00:00,96001.73528090613
2026-06-14 05:59:00+00:00,96012.43770713986
2026-06-14 06:14:00+00:00,96007.66940492662
2026-06-14 06:29:00+00:00,96006.94966865094
2026-06-14 06:44:00+00:00,96008.03230466747
2026-06-14 06:59:00+00:00,96007.06525822265
2026-06-14 07:14:00+00:00,95988.6795537573
2026-06-14 07:29:00+00:00,95994.10372284471
2026-06-14 07:44:00+00:00,95984.03862166367
2026-06-14 07:59:00+00:00,95981.27034550301
2026-06-14 08:14:00+00:00,95994.21396888698
2026-06-14 08:29:00+00:00,96006.345550279
2026-06-14 08:44:00+00:00,95981.82063277096
2026-06-14 08:59:00+00:00,95984.78677704868
2026-06-14 09:14:00+00:00,95987.4285002144
2026-06-14 09:29:00+00:00,95987.4285002144
2026-06-14 09:44:00+00:00,95987.4285002144
2026-06-14 09:59:00+00:00,95991.09232134055
2026-06-14 10:14:00+00:00,95991.47899348862
2026-06-14 10:29:00+00:00,95992.09679630915
2026-06-14 10:44:00+00:00,95998.25268812527
2026-06-14 10:59:00+00:00,96001.93352757746
2026-06-14 11:14:00+00:00,96010.35006694801
2026-06-14 11:29:00+00:00,96013.19705778353
2026-06-14 11:44:00+00:00,96013.19705778353
2026-06-14 11:59:00+00:00,96013.19705778353
2026-06-14 12:14:00+00:00,96013.19705778353
2026-06-14 12:29:00+00:00,96013.19705778353
2026-06-14 12:44:00+00:00,96013.19705778353
2026-06-14 12:59:00+00:00,96013.19705778353
2026-06-14 13:14:00+00:00,96013.19705778353
2026-06-14 13:29:00+00:00,96013.19705778353
2026-06-14 13:44:00+00:00,96013.19705778353
2026-06-14 13:59:00+00:00,96013.19705778353
2026-06-14 14:14:00+00:00,96013.19705778353
2026-06-14 14:29:00+00:00,96013.19705778353
2026-06-14 14:44:00+00:00,96013.19705778353
2026-06-14 14:59:00+00:00,96021.76045269828
2026-06-14 15:14:00+00:00,96021.6794370895
2026-06-14 15:29:00+00:00,96002.50973965853
2026-06-14 15:44:00+00:00,96011.52083374899
2026-06-14 15:59:00+00:00,96014.77515574888
2026-06-14 16:14:00+00:00,96009.2419901693
2026-06-14 16:29:00+00:00,96001.40239172283
2026-06-14 16:44:00+00:00,96012.22615715487
2026-06-14 16:59:00+00:00,96010.54998665125
2026-06-14 17:14:00+00:00,96003.29743029362
2026-06-14 17:29:00+00:00,96006.83899786138
2026-06-14 17:44:00+00:00,95988.18740986977
2026-06-14 17:59:00+00:00,95975.72669422695
2026-06-14 18:14:00+00:00,95987.66045730395
2026-06-14 18:29:00+00:00,95987.02934063858
2026-06-14 18:44:00+00:00,96000.20901119792
2026-06-14 18:59:00+00:00,95998.25945961471
2026-06-14 19:14:00+00:00,96025.63026718925
2026-06-14 19:29:00+00:00,96041.55267339431
2026-06-14 19:44:00+00:00,96036.01248707593
2026-06-14 19:59:00+00:00,96030.40451592924
2026-06-14 20:14:00+00:00,96027.80511747964
2026-06-14 20:29:00+00:00,96032.97588397979
2026-06-14 20:44:00+00:00,96032.7972150109
2026-06-14 20:59:00+00:00,96032.68519654857
2026-06-14 21:14:00+00:00,96039.34169482069
2026-06-14 21:29:00+00:00,96045.45497780827
2026-06-14 21:44:00+00:00,95937.09603397449
2026-06-14 21:59:00+00:00,95909.7526188372
2026-06-14 22:14:00+00:00,95915.2987837101
2026-06-14 22:29:00+00:00,95891.79472917305
2026-06-14 22:44:00+00:00,95859.73038827597
2026-06-14 22:59:00+00:00,95915.72037123205
2026-06-14 23:14:00+00:00,95911.57898472456
2026-06-14 23:29:00+00:00,95875.75151120052
2026-06-14 23:44:00+00:00,95870.73905700227
2026-06-14 23:59:00+00:00,95832.00870071171
2026-06-15 00:14:00+00:00,95790.64822280109
2026-06-15 00:29:00+00:00,95816.61201255463
2026-06-15 00:44:00+00:00,95840.52387615797
2026-06-15 00:59:00+00:00,95806.26021453414
2026-06-15 01:14:00+00:00,95828.29109859798
2026-06-15 01:29:00+00:00,95860.21033418385
2026-06-15 01:44:00+00:00,95844.74507641583
2026-06-15 01:59:00+00:00,95886.68062810364
2026-06-15 02:14:00+00:00,95862.11353302581
2026-06-15 02:29:00+00:00,95870.5600224422
2026-06-15 02:44:00+00:00,95889.12262989598
2026-06-15 02:59:00+00:00,95889.87051713154
2026-06-15 03:14:00+00:00,95895.04164906318
2026-06-15 03:29:00+00:00,95903.34713939665
2026-06-15 03:44:00+00:00,95903.34713939665
2026-06-15 03:59:00+00:00,95894.84492825762
2026-06-15 04:14:00+00:00,95767.92902392893
2026-06-15 04:29:00+00:00,95776.62745472057
2026-06-15 04:44:00+00:00,95798.2486980074
2026-06-15 04:59:00+00:00,95771.45800809495
2026-06-15 05:14:00+00:00,95776.84656267587
2026-06-15 05:29:00+00:00,95737.1925631003
2026-06-15 05:44:00+00:00,95822.7164089834
2026-06-15 05:59:00+00:00,95818.49433140935
2026-06-15 06:14:00+00:00,95794.74158947486
2026-06-15 06:29:00+00:00,95798.21844761247
2026-06-15 06:44:00+00:00,95779.86543625126
2026-06-15 06:59:00+00:00,95776.29452228927
2026-06-15 07:14:00+00:00,95716.9680953842
2026-06-15 07:29:00+00:00,95700.40863197549
2026-06-15 07:44:00+00:00,95723.34223145689
2026-06-15 07:59:00+00:00,95742.96491984451
2026-06-15 08:14:00+00:00,95662.00047222376
2026-06-15 08:29:00+00:00,95622.39921908942
2026-06-15 08:44:00+00:00,95592.0413050482
2026-06-15 08:59:00+00:00,95589.67957534238
2026-06-15 09:14:00+00:00,95542.7004494705
2026-06-15 09:29:00+00:00,95609.72251813901
2026-06-15 09:44:00+00:00,95602.24397797472
2026-06-15 09:59:00+00:00,95528.4959789644
2026-06-15 10:14:00+00:00,95460.10607471602
2026-06-15 10:29:00+00:00,95535.76222159635
2026-06-15 10:44:00+00:00,95539.40836979447
2026-06-15 10:59:00+00:00,95494.40243519522
2026-06-15 11:14:00+00:00,95562.99978105999
2026-06-15 11:29:00+00:00,95573.05101593444
2026-06-15 11:44:00+00:00,95501.30103474333
2026-06-15 11:59:00+00:00,95424.35479211394
2026-06-15 12:14:00+00:00,95432.67849104859
2026-06-15 12:29:00+00:00,95377.88567227287
2026-06-15 12:44:00+00:00,95416.97671530298
2026-06-15 12:59:00+00:00,95438.43910436405
2026-06-15 13:14:00+00:00,95508.3591053958
2026-06-15 13:29:00+00:00,95497.1172490615
2026-06-15 13:44:00+00:00,95454.81426775594
2026-06-15 13:59:00+00:00,95484.31905621514
2026-06-15 14:14:00+00:00,95480.65557739526
2026-06-15 14:29:00+00:00,95440.54017668404
2026-06-15 14:44:00+00:00,95433.6079876794
2026-06-15 14:59:00+00:00,95399.02251173941
2026-06-15 15:14:00+00:00,95282.30808369005
2026-06-15 15:29:00+00:00,95108.05210090571
2026-06-15 15:44:00+00:00,95101.72895558718
2026-06-15 15:59:00+00:00,95116.56748714254
2026-06-15 16:14:00+00:00,95131.13783185463
2026-06-15 16:29:00+00:00,95031.61393019499
2026-06-15 16:44:00+00:00,94954.02449381069
2026-06-15 16:59:00+00:00,95038.4949333134
2026-06-15 17:14:00+00:00,94950.95122781394
2026-06-15 17:29:00+00:00,94996.84001301955
2026-06-15 17:44:00+00:00,94923.83081506236
2026-06-15 17:59:00+00:00,94959.88815685258
2026-06-15 18:14:00+00:00,94993.897551201
2026-06-15 18:29:00+00:00,95119.50464656418
2026-06-15 18:44:00+00:00,95121.07576381804
2026-06-15 18:59:00+00:00,95099.02510329935
2026-06-15 19:14:00+00:00,95022.78543053684
2026-06-15 19:29:00+00:00,95000.74234848267
2026-06-15 19:44:00+00:00,94986.59829963977
2026-06-15 19:59:00+00:00,94996.07466851056
2026-06-15 20:14:00+00:00,95015.70509651056
2026-06-15 20:29:00+00:00,95036.62130530892
2026-06-15 20:44:00+00:00,95027.00786032909
2026-06-15 20:59:00+00:00,94957.67971903482
2026-06-15 21:14:00+00:00,94954.34998638794
2026-06-15 21:29:00+00:00,94977.4420953265
2026-06-15 21:44:00+00:00,94956.45854527589
2026-06-15 21:59:00+00:00,94860.9597335542
2026-06-15 22:14:00+00:00,94851.62987908907
2026-06-15 22:29:00+00:00,94906.67284638631
2026-06-15 22:44:00+00:00,94874.67269622261
2026-06-15 22:59:00+00:00,94827.24509616941
2026-06-15 23:14:00+00:00,94807.82087231766
2026-06-15 23:29:00+00:00,94825.81881408353
2026-06-15 23:44:00+00:00,94760.92752971353
2026-06-15 23:59:00+00:00,94692.01537197831
2026-06-16 00:14:00+00:00,94627.80371443188
2026-06-16 00:29:00+00:00,94600.72374942398
2026-06-16 00:44:00+00:00,94502.456467019
2026-06-16 00:59:00+00:00,94480.76748078506
2026-06-16 01:14:00+00:00,94387.6426067421
2026-06-16 01:29:00+00:00,94509.54751511502
2026-06-16 01:44:00+00:00,94472.30708225754
2026-06-16 01:59:00+00:00,94526.39643981011
2026-06-16 02:14:00+00:00,94641.05178468858
2026-06-16 02:29:00+00:00,94617.52303474772
2026-06-16 02:44:00+00:00,94618.4897705695
2026-06-16 02:59:00+00:00,94616.28396197657
2026-06-16 03:14:00+00:00,94632.59493650426
2026-06-16 03:29:00+00:00,94618.12386452153
2026-06-16 03:44:00+00:00,94655.58072180551
2026-06-16 03:59:00+00:00,94726.77866278557
2026-06-16 04:14:00+00:00,94746.86439477687
2026-06-16 04:29:00+00:00,94756.7127050471
2026-06-16 04:44:00+00:00,94757.65789250922
2026-06-16 04:59:00+00:00,94757.65789250922
2026-06-16 05:14:00+00:00,94741.98276291211
2026-06-16 05:29:00+00:00,94749.33792032956
2026-06-16 05:44:00+00:00,94759.53209242092
2026-06-16 05:59:00+00:00,94738.48980672663
2026-06-16 06:14:00+00:00,94682.6702497106
2026-06-16 06:29:00+00:00,94726.0793405114
2026-06-16 06:44:00+00:00,94749.99992270116
2026-06-16 06:59:00+00:00,94669.05629300479
2026-06-16 07:14:00+00:00,94721.80632263128
2026-06-16 07:29:00+00:00,94652.77857257247
2026-06-16 07:44:00+00:00,94664.49982959077
2026-06-16 07:59:00+00:00,94607.27116415896
2026-06-16 08:14:00+00:00,94578.09145979282
2026-06-16 08:29:00+00:00,94612.49200030121
2026-06-16 08:44:00+00:00,94685.4693344888
2026-06-16 08:59:00+00:00,94759.30203688287
2026-06-16 09:14:00+00:00,94772.72516506178
2026-06-16 09:29:00+00:00,94768.81103067308
2026-06-16 09:44:00+00:00,94759.70953959579
2026-06-16 09:59:00+00:00,94754.51655832367
2026-06-16 10:14:00+00:00,94772.29660897952
2026-06-16 10:29:00+00:00,94728.06234495674
2026-06-16 10:44:00+00:00,94710.41341697682
2026-06-16 10:59:00+00:00,94728.03263343363
2026-06-16 11:14:00+00:00,94745.30025937466
2026-06-16 11:29:00+00:00,94770.10779109031
2026-06-16 11:44:00+00:00,94769.0447072924
2026-06-16 11:59:00+00:00,94781.41855730768
2026-06-16 12:14:00+00:00,94808.42325429605
2026-06-16 12:29:00+00:00,94812.80640458132
2026-06-16 12:44:00+00:00,94874.32799243163
2026-06-16 12:59:00+00:00,94885.85441784537
2026-06-16 13:14:00+00:00,94853.96476582234
2026-06-16 13:29:00+00:00,94835.84539389133
2026-06-16 13:44:00+00:00,94881.68936013163
2026-06-16 13:59:00+00:00,94897.5884087574
2026-06-16 14:14:00+00:00,94900.30977875166
2026-06-16 14:29:00+00:00,94887.1762812732
2026-06-16 14:44:00+00:00,94875.56842422202
2026-06-16 14:59:00+00:00,94866.26563989333
2026-06-16 15:14:00+00:00,94895.69509371644
2026-06-16 15:29:00+00:00,94928.97092287734
2026-06-16 15:44:00+00:00,94906.8861581737
2026-06-16 15:59:00+00:00,94927.10329210118
2026-06-16 16:14:00+00:00,94870.08334380864
2026-06-16 16:29:00+00:00,94848.08244668665
2026-06-16 16:44:00+00:00,94849.73272573137
2026-06-16 16:59:00+00:00,94827.76912736394
2026-06-16 17:14:00+00:00,94794.85048314615
2026-06-16 17:29:00+00:00,94783.94471522754
2026-06-16 17:44:00+00:00,94799.72100077801
2026-06-16 17:59:00+00:00,94748.19730924621
2026-06-16 18:14:00+00:00,94740.76353379802
2026-06-16 18:29:00+00:00,94740.33461524324
2026-06-16 18:44:00+00:00,94679.64565661602
2026-06-16 18:59:00+00:00,94658.0788127688
2026-06-16 19:14:00+00:00,94753.72601183546
2026-06-16 19:29:00+00:00,94773.48943592982
2026-06-16 19:44:00+00:00,94730.97544798946
2026-06-16 19:59:00+00:00,94743.84863285015
2026-06-16 20:14:00+00:00,94726.12180779867
2026-06-16 20:29:00+00:00,94743.11492250505
2026-06-16 20:44:00+00:00,94622.79096780831
2026-06-16 20:59:00+00:00,94680.46844890143
2026-06-16 21:14:00+00:00,94713.74224723571
2026-06-16 21:29:00+00:00,94694.62180818418
2026-06-16 21:44:00+00:00,94704.64951471177
2026-06-16 21:59:00+00:00,94695.12340603245
2026-06-16 22:14:00+00:00,94675.57766314178
2026-06-16 22:29:00+00:00,94685.64539857102
2026-06-16 22:44:00+00:00,94691.33558522195
2026-06-16 22:59:00+00:00,94649.63229425004
2026-06-16 23:14:00+00:00,94661.92007786884
2026-06-16 23:29:00+00:00,94675.42038740047
2026-06-16 23:44:00+00:00,94676.50118981159
2026-06-16 23:59:00+00:00,94666.7809478604
2026-06-17 00:14:00+00:00,94700.37678608748
2026-06-17 00:29:00+00:00,94636.5346235315
2026-06-17 00:44:00+00:00,94558.11041364932
2026-06-17 00:59:00+00:00,94555.79338985958
2026-06-17 01:14:00+00:00,94594.05439860909
2026-06-17 01:29:00+00:00,94568.25706920051
2026-06-17 01:44:00+00:00,94481.83370688204
2026-06-17 01:59:00+00:00,94485.12731354577
2026-06-17 02:14:00+00:00,94427.58178384994
2026-06-17 02:29:00+00:00,94355.73163822509
2026-06-17 02:44:00+00:00,94441.56770285315
2026-06-17 02:59:00+00:00,94382.41330808325
2026-06-17 03:14:00+00:00,94481.27374464984
2026-06-17 03:29:00+00:00,94421.17093621967
2026-06-17 03:44:00+00:00,94376.75406218789
2026-06-17 03:59:00+00:00,94349.77429583101
2026-06-17 04:14:00+00:00,94422.84321171342
2026-06-17 04:29:00+00:00,94377.83275094948
2026-06-17 04:44:00+00:00,94349.7856327947
2026-06-17 04:59:00+00:00,94363.72841091598
2026-06-17 05:14:00+00:00,94363.72841091598
2026-06-17 05:29:00+00:00,94469.92040387783
2026-06-17 05:44:00+00:00,94483.21722231859
2026-06-17 05:59:00+00:00,94483.21722231859
2026-06-17 06:14:00+00:00,94483.21722231859
2026-06-17 06:29:00+00:00,94483.21722231859
2026-06-17 06:44:00+00:00,94483.21722231859
2026-06-17 06:59:00+00:00,94483.21722231859
2026-06-17 07:14:00+00:00,94391.42213369842
2026-06-17 07:29:00+00:00,94407.54044935259
2026-06-17 07:44:00+00:00,94390.49618342723
2026-06-17 07:59:00+00:00,94435.26546359547
2026-06-17 08:14:00+00:00,94500.89135432926
2026-06-17 08:29:00+00:00,94520.85017877244
2026-06-17 08:44:00+00:00,94513.56440871739
2026-06-17 08:59:00+00:00,94513.02754158623
2026-06-17 09:14:00+00:00,94512.57654560015
2026-06-17 09:29:00+00:00,94517.68098880727
2026-06-17 09:44:00+00:00,94505.67193633557
2026-06-17 09:59:00+00:00,94508.987600368
2026-06-17 10:14:00+00:00,94507.56357219786
2026-06-17 10:29:00+00:00,94499.71248599708
2026-06-17 10:44:00+00:00,94504.20874413215
2026-06-17 10:59:00+00:00,94514.5560783546
2026-06-17 11:14:00+00:00,94515.37759171844
2026-06-17 11:29:00+00:00,94454.27087484056
2026-06-17 11:44:00+00:00,94472.02447169002
2026-06-17 11:59:00+00:00,94324.61655161911
2026-06-17 12:14:00+00:00,94404.17018663419
2026-06-17 12:29:00+00:00,94345.64606001003
2026-06-17 12:44:00+00:00,94423.91293491976
2026-06-17 12:59:00+00:00,94412.44099747112
2026-06-17 13:14:00+00:00,94379.3784156271
2026-06-17 13:29:00+00:00,94380.62423975595
2026-06-17 13:44:00+00:00,94378.7421933047
2026-06-17 13:59:00+00:00,94414.46008968251
2026-06-17 14:14:00+00:00,94401.0202182021
2026-06-17 14:29:00+00:00,94322.93261234259
2026-06-17 14:44:00+00:00,94279.99614771988
2026-06-17 14:59:00+00:00,94370.12679692778
2026-06-17 15:14:00+00:00,94353.09921668467
2026-06-17 15:29:00+00:00,94395.00604785804
2026-06-17 15:44:00+00:00,94371.41042262435
2026-06-17 15:59:00+00:00,94352.3587606192
2026-06-17 16:14:00+00:00,94366.76207178536
2026-06-17 16:29:00+00:00,94340.33330886625
2026-06-17 16:44:00+00:00,94349.21101394828
2026-06-17 16:59:00+00:00,94380.79551577532
2026-06-17 17:14:00+00:00,94398.43338362085
2026-06-17 17:29:00+00:00,94394.35453862119
2026-06-17 17:44:00+00:00,94411.1282785691
2026-06-17 17:59:00+00:00,94411.41898474531
2026-06-17 18:14:00+00:00,94390.54276679366
2026-06-17 18:29:00+00:00,94389.86681336038
2026-06-17 18:44:00+00:00,94393.16233433729
2026-06-17 18:59:00+00:00,94404.92636565107
2026-06-17 19:14:00+00:00,94417.40047430538
2026-06-17 19:29:00+00:00,94405.96012975046
2026-06-17 19:44:00+00:00,94360.67670091699
2026-06-17 19:59:00+00:00,94365.36857818725
2026-06-17 20:14:00+00:00,94385.26044597142
2026-06-17 20:29:00+00:00,94394.63482564737
2026-06-17 20:44:00+00:00,94375.87010501283
2026-06-17 20:59:00+00:00,94435.21237003048
2026-06-17 21:14:00+00:00,94420.71299946542
2026-06-17 21:29:00+00:00,94403.95376895058
2026-06-17 21:44:00+00:00,94394.22549669354
2026-06-17 21:59:00+00:00,94384.4332955413
2026-06-17 22:14:00+00:00,94371.74730879921
2026-06-17 22:29:00+00:00,94422.81677167669
2026-06-17 22:44:00+00:00,94411.61791426284
2026-06-17 22:59:00+00:00,94448.04564355429
2026-06-17 23:14:00+00:00,94468.75626362847
2026-06-17 23:29:00+00:00,94479.3531218958
2026-06-17 23:44:00+00:00,94476.09529592039
2026-06-17 23:59:00+00:00,94420.52544413482
2026-06-18 00:14:00+00:00,94424.35236737724
2026-06-18 00:29:00+00:00,94461.27188813317
2026-06-18 00:44:00+00:00,94483.995498198
2026-06-18 00:59:00+00:00,94479.75875745171
2026-06-18 01:14:00+00:00,94492.85324718102
2026-06-18 01:29:00+00:00,94365.02057826478
2026-06-18 01:44:00+00:00,94397.20251236584
2026-06-18 01:59:00+00:00,94349.9543768737
2026-06-18 02:14:00+00:00,94407.73447050885
2026-06-18 02:29:00+00:00,94480.26925571747
2026-06-18 02:44:00+00:00,94458.09120910555
2026-06-18 02:59:00+00:00,94447.25751627081
2026-06-18 03:14:00+00:00,94492.68756419716
2026-06-18 03:29:00+00:00,94499.42450633003
2026-06-18 03:44:00+00:00,94513.4356302161
2026-06-18 03:59:00+00:00,94506.34518961617
2026-06-18 04:14:00+00:00,94501.81836270083
2026-06-18 04:29:00+00:00,94501.75374592587
2026-06-18 04:44:00+00:00,94510.93597767864
2026-06-18 04:59:00+00:00,94517.43490189836
2026-06-18 05:14:00+00:00,94509.25831941148
2026-06-18 05:29:00+00:00,94516.57038587514
2026-06-18 05:44:00+00:00,94511.82353632807
2026-06-18 05:59:00+00:00,94528.10028031148
2026-06-18 06:14:00+00:00,94519.06545019367
2026-06-18 06:29:00+00:00,94528.39648166322
2026-06-18 06:44:00+00:00,94529.69043674848
2026-06-18 06:59:00+00:00,94538.47905912837
2026-06-18 07:14:00+00:00,94533.18961354594
2026-06-18 07:29:00+00:00,94533.18961354594
2026-06-18 07:44:00+00:00,94527.14998826898
2026-06-18 07:59:00+00:00,94527.06969270992
2026-06-18 08:14:00+00:00,94535.86260750562
2026-06-18 08:29:00+00:00,94530.76989155014
2026-06-18 08:44:00+00:00,94529.91497114136
2026-06-18 08:59:00+00:00,94538.56518219261
2026-06-18 09:14:00+00:00,94534.94966104774
2026-06-18 09:29:00+00:00,94522.27699564674
2026-06-18 09:44:00+00:00,94476.38674221799
2026-06-18 09:59:00+00:00,94594.21365438765
2026-06-18 10:14:00+00:00,94599.99189490444
2026-06-18 10:29:00+00:00,94595.33001334
2026-06-18 10:44:00+00:00,94597.44721830105
2026-06-18 10:59:00+00:00,94592.8049250787
2026-06-18 11:14:00+00:00,94597.26897034315
2026-06-18 11:29:00+00:00,94601.10447053278
2026-06-18 11:44:00+00:00,94601.26542252397
2026-06-18 11:59:00+00:00,94601.26542252397
2026-06-18 12:14:00+00:00,94601.26542252397
2026-06-18 12:29:00+00:00,94593.51572412466
2026-06-18 12:44:00+00:00,94603.12514407732
2026-06-18 12:59:00+00:00,94596.32032823583
2026-06-18 13:14:00+00:00,94594.17982212809
2026-06-18 13:29:00+00:00,94597.51535817939
2026-06-18 13:44:00+00:00,94684.77965396545
2026-06-18 13:59:00+00:00,94625.44966917112
2026-06-18 14:14:00+00:00,94658.0363276654
2026-06-18 14:29:00+00:00,94556.69640648735
2026-06-18 14:44:00+00:00,94587.73566774341
2026-06-18 14:59:00+00:00,94582.50464968156
2026-06-18 15:14:00+00:00,94586.06632538982
2026-06-18 15:29:00+00:00,94642.21984860301
2026-06-18 15:44:00+00:00,94635.43546010711
2026-06-18 15:59:00+00:00,94600.2407757006
2026-06-18 16:14:00+00:00,94643.02899451366
2026-06-18 16:29:00+00:00,94648.19507539543
2026-06-18 16:44:00+00:00,94630.46551476503
2026-06-18 16:59:00+00:00,94657.3984170915
2026-06-18 17:14:00+00:00,94616.10801476528
2026-06-18 17:29:00+00:00,94647.74636672818
2026-06-18 17:44:00+00:00,94657.00684045753
2026-06-18 17:59:00+00:00,94681.99184452208
2026-06-18 18:14:00+00:00,94668.18342041149
2026-06-18 18:29:00+00:00,94706.2180950146
2026-06-18 18:44:00+00:00,94699.39982631223
2026-06-18 18:59:00+00:00,94680.41234942601
2026-06-18 19:14:00+00:00,94708.18956044425
2026-06-18 19:29:00+00:00,94715.67832880016
2026-06-18 19:44:00+00:00,94726.70164040412
2026-06-18 19:59:00+00:00,94724.59443875056
2026-06-18 20:14:00+00:00,94675.03937775771
2026-06-18 20:29:00+00:00,94635.98571022907
2026-06-18 20:44:00+00:00,94639.57769391441
2026-06-18 20:59:00+00:00,94648.11675229
2026-06-18 21:14:00+00:00,94683.14976873207
2026-06-18 21:29:00+00:00,94657.83029431372
2026-06-18 21:44:00+00:00,94643.7420632509
2026-06-18 21:59:00+00:00,94641.67325470473
2026-06-18 22:14:00+00:00,94615.76188754974
2026-06-18 22:29:00+00:00,94620.2383548086
2026-06-18 22:44:00+00:00,94606.05875955636
2026-06-18 22:59:00+00:00,94617.64535613584
2026-06-18 23:14:00+00:00,94644.2827113261
2026-06-18 23:29:00+00:00,94621.10433671916
2026-06-18 23:44:00+00:00,94590.1010791325
2026-06-18 23:59:00+00:00,94536.38845056627
2026-06-19 00:14:00+00:00,94599.85760481452
2026-06-19 00:29:00+00:00,94617.27830835764
2026-06-19 00:44:00+00:00,94618.0184947512
2026-06-19 00:59:00+00:00,94683.64150967958
2026-06-19 01:14:00+00:00,94682.98485999645
2026-06-19 01:29:00+00:00,94698.0149713469
2026-06-19 01:44:00+00:00,94711.02955087202
2026-06-19 01:59:00+00:00,94714.16330372402
2026-06-19 02:14:00+00:00,94712.78048981565
2026-06-19 02:29:00+00:00,94712.78048981565
2026-06-19 02:44:00+00:00,94712.78048981565
2026-06-19 02:59:00+00:00,94712.78048981565
2026-06-19 03:14:00+00:00,94712.78048981565
2026-06-19 03:29:00+00:00,94712.78048981565
2026-06-19 03:44:00+00:00,94722.62435206484
2026-06-19 03:59:00+00:00,94700.41115060922
2026-06-19 04:14:00+00:00,94712.02062773993
2026-06-19 04:29:00+00:00,94678.32791875557
2026-06-19 04:44:00+00:00,94639.59017374126
2026-06-19 04:59:00+00:00,94630.00481029929
2026-06-19 05:14:00+00:00,94674.17775004733
2026-06-19 05:29:00+00:00,94670.86460023231
2026-06-19 05:44:00+00:00,94677.4138446064
2026-06-19 05:59:00+00:00,94676.89312249939
2026-06-19 06:14:00+00:00,94670.98638160508
2026-06-19 06:29:00+00:00,94663.31519070164
2026-06-19 06:44:00+00:00,94647.9212487843
2026-06-19 06:59:00+00:00,94646.46684651669
2026-06-19 07:14:00+00:00,94631.59031381783
2026-06-19 07:29:00+00:00,94635.36747023338
2026-06-19 07:44:00+00:00,94629.66271374738
2026-06-19 07:59:00+00:00,94619.10804565517
2026-06-19 08:14:00+00:00,94622.68963185829
2026-06-19 08:29:00+00:00,94623.37850154449
2026-06-19 08:44:00+00:00,94623.37850154449
2026-06-19 08:59:00+00:00,94623.37850154449
2026-06-19 09:14:00+00:00,94623.37850154449
2026-06-19 09:29:00+00:00,94623.37850154449
2026-06-19 09:44:00+00:00,94623.37850154449
2026-06-19 09:59:00+00:00,94638.16805101241
2026-06-19 10:14:00+00:00,94644.12913826603
2026-06-19 10:29:00+00:00,94649.96886571558
2026-06-19 10:44:00+00:00,94661.9694439207
2026-06-19 10:59:00+00:00,94662.97364076154
2026-06-19 11:14:00+00:00,94662.97364076154
2026-06-19 11:29:00+00:00,94662.97364076154
2026-06-19 11:44:00+00:00,94662.97364076154
2026-06-19 11:59:00+00:00,94662.97364076154
2026-06-19 12:14:00+00:00,94662.97364076154
2026-06-19 12:29:00+00:00,94662.97364076154
2026-06-19 12:44:00+00:00,94662.97364076154
2026-06-19 12:59:00+00:00,94678.96672885685
2026-06-19 13:14:00+00:00,94676.34031897086
2026-06-19 13:29:00+00:00,94681.4179377136
2026-06-19 13:44:00+00:00,94682.72259145658
2026-06-19 13:59:00+00:00,94669.75979461242
2026-06-19 14:14:00+00:00,94681.30226820082
2026-06-19 14:29:00+00:00,94673.59480439828
2026-06-19 14:44:00+00:00,94677.52531878628
2026-06-19 14:59:00+00:00,94703.61137754835
2026-06-19 15:14:00+00:00,94684.06711381178
2026-06-19 15:29:00+00:00,94702.28090996217
2026-06-19 15:44:00+00:00,94640.5827433886
2026-06-19 15:59:00+00:00,94579.23058031943
2026-06-19 16:14:00+00:00,94597.47053911096
2026-06-19 16:29:00+00:00,94638.96422007975
2026-06-19 16:44:00+00:00,94626.90917880427
2026-06-19 16:59:00+00:00,94639.67680616169
2026-06-19 17:14:00+00:00,94622.62538429914
2026-06-19 17:29:00+00:00,94628.79324854775
2026-06-19 17:44:00+00:00,94606.76321640324
2026-06-19 17:59:00+00:00,94644.71233663731
2026-06-19 18:14:00+00:00,94695.24848484967
2026-06-19 18:29:00+00:00,94633.79918765619
2026-06-19 18:44:00+00:00,94508.39721879779
2026-06-19 18:59:00+00:00,94599.79176421644
2026-06-19 19:14:00+00:00,94457.63488964617
2026-06-19 19:29:00+00:00,94487.79064855457
2026-06-19 19:44:00+00:00,94504.01034322946
2026-06-19 19:59:00+00:00,94580.85824325577
2026-06-19 20:14:00+00:00,94577.71482160474
2026-06-19 20:29:00+00:00,94570.02198136067
2026-06-19 20:44:00+00:00,94574.20602287825
2026-06-19 20:59:00+00:00,94594.2335306675
2026-06-19 21:14:00+00:00,94594.49400000414
2026-06-19 21:29:00+00:00,94597.55468672788
2026-06-19 21:44:00+00:00,94595.73849988151
2026-06-19 21:59:00+00:00,94595.92699295242
2026-06-19 22:14:00+00:00,94597.07257441214
2026-06-19 22:29:00+00:00,94611.25051570109
2026-06-19 22:44:00+00:00,94608.75599039561
2026-06-19 22:59:00+00:00,94629.1332169819
2026-06-19 23:14:00+00:00,94653.50938958742
2026-06-19 23:29:00+00:00,94655.38075969684
2026-06-19 23:44:00+00:00,94655.38075969684
2026-06-19 23:59:00+00:00,94655.38075969684
2026-06-20 00:14:00+00:00,94655.38075969684
2026-06-20 00:29:00+00:00,94649.75601366353
2026-06-20 00:44:00+00:00,94649.43353265573
2026-06-20 00:59:00+00:00,94665.59920504113
2026-06-20 01:14:00+00:00,94675.07454511854
2026-06-20 01:29:00+00:00,94677.48954011413
2026-06-20 01:44:00+00:00,94657.68987377457
2026-06-20 01:59:00+00:00,94687.34196116927
2026-06-20 02:14:00+00:00,94692.41218797145
2026-06-20 02:29:00+00:00,94716.50948997313
2026-06-20 02:44:00+00:00,94712.21327637108
2026-06-20 02:59:00+00:00,94712.21327637108
2026-06-20 03:14:00+00:00,94712.21327637108
2026-06-20 03:29:00+00:00,94704.16350716552
2026-06-20 03:44:00+00:00,94700.38561328778
2026-06-20 03:59:00+00:00,94701.92105628822
2026-06-20 04:14:00+00:00,94702.4993670947
2026-06-20 04:29:00+00:00,94687.82717797632
2026-06-20 04:44:00+00:00,94661.3834416793
2026-06-20 04:59:00+00:00,94663.43546568263
2026-06-20 05:14:00+00:00,94610.07033420115
2026-06-20 05:29:00+00:00,94640.84157906086
2026-06-20 05:44:00+00:00,94631.23420593262
2026-06-20 05:59:00+00:00,94627.49941797463
2026-06-20 06:14:00+00:00,94620.28524235958
2026-06-20 06:29:00+00:00,94611.15052107653
2026-06-20 06:44:00+00:00,94599.45102060249
2026-06-20 06:59:00+00:00,94603.17377960011
2026-06-20 07:14:00+00:00,94669.56632995603
2026-06-20 07:29:00+00:00,94814.30114610508
2026-06-20 07:44:00+00:00,94771.06412833699
2026-06-20 07:59:00+00:00,94778.18754598568
2026-06-20 08:14:00+00:00,94780.00280244165
2026-06-20 08:29:00+00:00,94769.4988888294
2026-06-20 08:44:00+00:00,94782.02660931046
2026-06-20 08:59:00+00:00,94798.2881694649
2026-06-20 09:14:00+00:00,94824.90621490372
2026-06-20 09:29:00+00:00,94796.50135266993
2026-06-20 09:44:00+00:00,94787.84091564122
2026-06-20 09:59:00+00:00,94797.00925333446
2026-06-20 10:14:00+00:00,94801.1216867849
2026-06-20 10:29:00+00:00,94802.66429935461
2026-06-20 10:44:00+00:00,94805.62189031341
2026-06-20 10:59:00+00:00,94819.90175826095
2026-06-20 11:14:00+00:00,94789.15711203849
2026-06-20 11:29:00+00:00,94780.8740535561
2026-06-20 11:44:00+00:00,94780.8740535561
2026-06-20 11:59:00+00:00,94780.8740535561
2026-06-20 12:14:00+00:00,94780.8740535561
2026-06-20 12:29:00+00:00,94780.8740535561
2026-06-20 12:44:00+00:00,94780.8740535561
2026-06-20 12:59:00+00:00,94780.8740535561
2026-06-20 13:14:00+00:00,94780.8740535561
2026-06-20 13:29:00+00:00,94780.8740535561
2026-06-20 13:44:00+00:00,94780.8740535561
2026-06-20 13:59:00+00:00,94780.8740535561
2026-06-20 14:14:00+00:00,94780.8740535561
2026-06-20 14:29:00+00:00,94773.4724294651
2026-06-20 14:44:00+00:00,94783.09092720845
2026-06-20 14:59:00+00:00,94780.07966278873
2026-06-20 15:14:00+00:00,94773.81042527429
2026-06-20 15:29:00+00:00,94766.97375337173
2026-06-20 15:44:00+00:00,94755.18473344672
2026-06-20 15:59:00+00:00,94760.13406043312
2026-06-20 16:14:00+00:00,94761.84970380084
2026-06-20 16:29:00+00:00,94755.98396202791
2026-06-20 16:44:00+00:00,94758.95674787722
2026-06-20 16:59:00+00:00,94748.17206693227
2026-06-20 17:14:00+00:00,94769.92528489935
2026-06-20 17:29:00+00:00,94795.59989617608
2026-06-20 17:44:00+00:00,94813.52209695248
2026-06-20 17:59:00+00:00,94818.0762814691
2026-06-20 18:14:00+00:00,94823.60134407786
2026-06-20 18:29:00+00:00,94839.87575009273
2026-06-20 18:44:00+00:00,94838.71090288417
2026-06-20 18:59:00+00:00,94838.00042202028
2026-06-20 19:14:00+00:00,94842.41802977814
2026-06-20 19:29:00+00:00,94834.2725280953
2026-06-20 19:44:00+00:00,94851.31614263229
2026-06-20 19:59:00+00:00,94846.63851243381
2026-06-20 20:14:00+00:00,94846.63851243381
2026-06-20 20:29:00+00:00,94846.63851243381
2026-06-20 20:44:00+00:00,94846.63851243381
2026-06-20 20:59:00+00:00,94846.63851243381
2026-06-20 21:14:00+00:00,94846.63851243381
2026-06-20 21:29:00+00:00,94846.63851243381
2026-06-20 21:44:00+00:00,94846.63851243381
2026-06-20 21:59:00+00:00,94846.63851243381
2026-06-20 22:14:00+00:00,94846.63851243381
2026-06-20 22:29:00+00:00,94815.58750414052
2026-06-20 22:44:00+00:00,94827.29812772517
2026-06-20 22:59:00+00:00,94855.28058845048
2026-06-20 23:14:00+00:00,94858.37076410772
2026-06-20 23:29:00+00:00,94862.02075687474
2026-06-20 23:44:00+00:00,94863.16734948472
2026-06-20 23:59:00+00:00,94903.88957227628
2026-06-21 00:14:00+00:00,94900.45922953398
2026-06-21 00:29:00+00:00,94898.58565272138
2026-06-21 00:44:00+00:00,94898.58565272138
2026-06-21 00:59:00+00:00,94898.58565272138
2026-06-21 01:14:00+00:00,94898.58565272138
2026-06-21 01:29:00+00:00,94898.58565272138
2026-06-21 01:44:00+00:00,94898.58565272138
2026-06-21 01:59:00+00:00,94898.58565272138
2026-06-21 02:14:00+00:00,94898.58565272138
2026-06-21 02:29:00+00:00,94898.58565272138
2026-06-21 02:44:00+00:00,94898.58565272138
2026-06-21 02:59:00+00:00,94898.58565272138
2026-06-21 03:14:00+00:00,94898.58565272138
2026-06-21 03:29:00+00:00,94898.58565272138
2026-06-21 03:44:00+00:00,94898.58565272138
2026-06-21 03:59:00+00:00,94898.58565272138
2026-06-21 04:14:00+00:00,94898.58565272138
2026-06-21 04:29:00+00:00,94898.58565272138
2026-06-21 04:44:00+00:00,94898.58565272138
2026-06-21 04:59:00+00:00,94898.58565272138
2026-06-21 05:14:00+00:00,94898.58565272138
2026-06-21 05:29:00+00:00,94898.58565272138
2026-06-21 05:44:00+00:00,94898.58565272138
2026-06-21 05:59:00+00:00,94898.58565272138
2026-06-21 06:14:00+00:00,94898.58565272138
2026-06-21 06:29:00+00:00,94898.58565272138
2026-06-21 06:44:00+00:00,94898.58565272138
2026-06-21 06:59:00+00:00,94898.58565272138
2026-06-21 07:14:00+00:00,94898.58565272138
2026-06-21 07:29:00+00:00,94898.58565272138
2026-06-21 07:44:00+00:00,94898.58565272138
2026-06-21 07:59:00+00:00,94898.58565272138
2026-06-21 08:14:00+00:00,94898.58565272138
2026-06-21 08:29:00+00:00,94898.58565272138
2026-06-21 08:44:00+00:00,94898.58565272138
2026-06-21 08:59:00+00:00,94898.58565272138
2026-06-21 09:14:00+00:00,94898.58565272138
2026-06-21 09:29:00+00:00,94898.58565272138
2026-06-21 09:44:00+00:00,94898.58565272138
2026-06-21 09:59:00+00:00,94898.58565272138
2026-06-21 10:14:00+00:00,94898.58565272138
2026-06-21 10:29:00+00:00,94898.58565272138
2026-06-21 10:44:00+00:00,94898.58565272138
2026-06-21 10:59:00+00:00,94898.58565272138
2026-06-21 11:14:00+00:00,94898.58565272138
2026-06-21 11:29:00+00:00,94898.58565272138
2026-06-21 11:44:00+00:00,94895.34843716965
2026-06-21 11:59:00+00:00,94893.89069715304
2026-06-21 12:14:00+00:00,94908.54820178282
2026-06-21 12:29:00+00:00,94873.71702187677
2026-06-21 12:44:00+00:00,94880.12949771805
2026-06-21 12:59:00+00:00,94857.39975517146
2026-06-21 13:14:00+00:00,94881.20690406168
2026-06-21 13:29:00+00:00,94796.02787450039
2026-06-21 13:44:00+00:00,94836.35161841617
2026-06-21 13:59:00+00:00,94860.30578420416
2026-06-21 14:14:00+00:00,94848.89377034198
2026-06-21 14:29:00+00:00,94886.67595710715
2026-06-21 14:44:00+00:00,94876.36090688231
2026-06-21 14:59:00+00:00,94874.71841280007
2026-06-21 15:14:00+00:00,94897.13138636401
2026-06-21 15:29:00+00:00,94901.3762730055
2026-06-21 15:44:00+00:00,94901.51424689918
2026-06-21 15:59:00+00:00,94897.58473232176
2026-06-21 16:14:00+00:00,94916.91830127695
2026-06-21 16:29:00+00:00,94914.89893098774
2026-06-21 16:44:00+00:00,94922.00334477008
2026-06-21 16:59:00+00:00,94930.09815287135
2026-06-21 17:14:00+00:00,94933.03849639872
2026-06-21 17:29:00+00:00,94933.03849639872
2026-06-21 17:44:00+00:00,94941.93398286118
2026-06-21 17:59:00+00:00,94936.8668969755
2026-06-21 18:14:00+00:00,94947.56737625842
2026-06-21 18:29:00+00:00,94942.77898636131
2026-06-21 18:44:00+00:00,94944.18831504394
2026-06-21 18:59:00+00:00,94951.96734440645
2026-06-21 19:14:00+00:00,94951.374045189
2026-06-21 19:29:00+00:00,94951.374045189
2026-06-21 19:44:00+00:00,94951.374045189
2026-06-21 19:59:00+00:00,94951.374045189
2026-06-21 20:14:00+00:00,94951.374045189
2026-06-21 20:29:00+00:00,94951.374045189
2026-06-21 20:44:00+00:00,94951.374045189
2026-06-21 20:59:00+00:00,94951.374045189
2026-06-21 21:14:00+00:00,94951.374045189
2026-06-21 21:29:00+00:00,94951.374045189
2026-06-21 21:44:00+00:00,94951.374045189
2026-06-21 21:59:00+00:00,94951.374045189
2026-06-21 22:14:00+00:00,94951.374045189
2026-06-21 22:29:00+00:00,94951.374045189
2026-06-21 22:44:00+00:00,94951.374045189
2026-06-21 22:59:00+00:00,94951.374045189
2026-06-21 23:14:00+00:00,94951.374045189
2026-06-21 23:29:00+00:00,94951.374045189
2026-06-21 23:44:00+00:00,94951.374045189
2026-06-21 23:59:00+00:00,94951.374045189
2026-06-22 00:14:00+00:00,94951.374045189
2026-06-22 00:29:00+00:00,94951.374045189
2026-06-22 00:44:00+00:00,94951.374045189
2026-06-22 00:59:00+00:00,94948.53191364705
2026-06-22 01:14:00+00:00,94973.17810696429
2026-06-22 01:29:00+00:00,94967.76729726097
2026-06-22 01:44:00+00:00,94997.29962242539
2026-06-22 01:59:00+00:00,95008.88007570231
2026-06-22 02:14:00+00:00,95045.12089269412
2026-06-22 02:29:00+00:00,95006.55946532477
2026-06-22 02:44:00+00:00,95010.53773868381
2026-06-22 02:59:00+00:00,95028.86892526802
2026-06-22 03:14:00+00:00,95042.76495517125
2026-06-22 03:29:00+00:00,95039.29881006677
2026-06-22 03:44:00+00:00,95042.23022870255
2026-06-22 03:59:00+00:00,95032.48936195824
2026-06-22 04:14:00+00:00,95028.3374735195
2026-06-22 04:29:00+00:00,95042.01124292258
2026-06-22 04:44:00+00:00,95037.75321875214
2026-06-22 04:59:00+00:00,95037.75321875214
2026-06-22 05:14:00+00:00,95037.75321875214
2026-06-22 05:29:00+00:00,95037.75321875214
2026-06-22 05:44:00+00:00,95037.75321875214
2026-06-22 05:59:00+00:00,95037.75321875214
2026-06-22 06:14:00+00:00,95037.75321875214
2026-06-22 06:29:00+00:00,95037.75321875214
2026-06-22 06:44:00+00:00,95037.75321875214
2026-06-22 06:59:00+00:00,95037.75321875214
2026-06-22 07:14:00+00:00,95037.75321875214
2026-06-22 07:29:00+00:00,95037.75321875214
2026-06-22 07:44:00+00:00,95037.75321875214
2026-06-22 07:59:00+00:00,95037.75321875214
2026-06-22 08:14:00+00:00,95037.75321875214
2026-06-22 08:29:00+00:00,95037.75321875214
2026-06-22 08:44:00+00:00,95037.75321875214
2026-06-22 08:59:00+00:00,95039.66645064314
2026-06-22 09:14:00+00:00,95029.0853006996
2026-06-22 09:29:00+00:00,95029.80649207217
2026-06-22 09:44:00+00:00,95027.71752008304
2026-06-22 09:59:00+00:00,95030.5777508918
2026-06-22 10:14:00+00:00,95024.45968572667
2026-06-22 10:29:00+00:00,95024.31320972544
2026-06-22 10:44:00+00:00,95027.07797200073
2026-06-22 10:59:00+00:00,95024.5958988006
2026-06-22 11:14:00+00:00,95029.84665920194
2026-06-22 11:29:00+00:00,95037.37997541096
2026-06-22 11:44:00+00:00,94998.77270578669
2026-06-22 11:59:00+00:00,94956.51142263682
2026-06-22 12:14:00+00:00,94929.78372082498
2026-06-22 12:29:00+00:00,94980.4751442285
2026-06-22 12:44:00+00:00,95000.46436384499
2026-06-22 12:59:00+00:00,94986.37671776973
2026-06-22 13:14:00+00:00,94965.713613055
2026-06-22 13:29:00+00:00,94979.8658542922
2026-06-22 13:44:00+00:00,94978.00033088472
2026-06-22 13:59:00+00:00,94973.28415498164
2026-06-22 14:14:00+00:00,94994.50448724892
2026-06-22 14:29:00+00:00,94996.20211232618
2026-06-22 14:44:00+00:00,94972.28769925058
2026-06-22 14:59:00+00:00,94975.38034162887
2026-06-22 15:14:00+00:00,95042.24658357039
2026-06-22 15:29:00+00:00,95031.6722212658
2026-06-22 15:44:00+00:00,95026.39630695117
2026-06-22 15:59:00+00:00,95019.81759101275
2026-06-22 16:14:00+00:00,95020.84650869385
2026-06-22 16:29:00+00:00,95025.68546414447
2026-06-22 16:44:00+00:00,95027.72460732717
2026-06-22 16:59:00+00:00,95034.25622710028
2026-06-22 17:14:00+00:00,95044.86958146494
2026-06-22 17:29:00+00:00,95057.84529032808
2026-06-22 17:44:00+00:00,95087.81659715952
2026-06-22 17:59:00+00:00,95082.17581656769
2026-06-22 18:14:00+00:00,95082.17581656769
2026-06-22 18:29:00+00:00,95082.17581656769
2026-06-22 18:44:00+00:00,95082.17581656769
2026-06-22 18:59:00+00:00,95079.43419509305
2026-06-22 19:14:00+00:00,95068.8086207486
2026-06-22 19:29:00+00:00,95067.866591552
2026-06-22 19:44:00+00:00,95069.71114978845
2026-06-22 19:59:00+00:00,95070.8704280898
2026-06-22 20:14:00+00:00,95078.93008863866
2026-06-22 20:29:00+00:00,95080.45269197003
2026-06-22 20:44:00+00:00,95088.77996406794
2026-06-22 20:59:00+00:00,95086.06716836669
2026-06-22 21:14:00+00:00,95103.35216094527
2026-06-22 21:29:00+00:00,95097.48253018953
2026-06-22 21:44:00+00:00,95071.7830140135
2026-06-22 21:59:00+00:00,95065.20268819462
2026-06-22 22:14:00+00:00,95078.68800137605
2026-06-22 22:29:00+00:00,95075.03098745395
2026-06-22 22:44:00+00:00,95078.30594267396
2026-06-22 22:59:00+00:00,95079.57775286066
2026-06-22 23:14:00+00:00,95064.66055964149
2026-06-22 23:29:00+00:00,95086.31791172041
2026-06-22 23:44:00+00:00,95076.73273140957
2026-06-22 23:59:00+00:00,95067.56475767489
2026-06-23 00:14:00+00:00,95041.73111882941
2026-06-23 00:29:00+00:00,95036.6998937376
2026-06-23 00:44:00+00:00,95028.55538203394
2026-06-23 00:59:00+00:00,95029.82081274626
2026-06-23 01:14:00+00:00,95020.68862479753
2026-06-23 01:29:00+00:00,95014.62591959433
2026-06-23 01:44:00+00:00,94989.7350078671
2026-06-23 01:59:00+00:00,94994.22635343022
2026-06-23 02:14:00+00:00,95028.55251734685
2026-06-23 02:29:00+00:00,95023.27129393988
2026-06-23 02:44:00+00:00,95025.78447589083
2026-06-23 02:59:00+00:00,95036.18430984364
2026-06-23 03:14:00+00:00,95029.49402366852
2026-06-23 03:29:00+00:00,95008.52511531848
2026-06-23 03:44:00+00:00,95026.23497067396
2026-06-23 03:59:00+00:00,95003.46730051676
2026-06-23 04:14:00+00:00,95008.93237228593
2026-06-23 04:29:00+00:00,94994.58777271706
2026-06-23 04:44:00+00:00,95017.38962387983
2026-06-23 04:59:00+00:00,95004.56524056378
2026-06-23 05:14:00+00:00,95004.56524056378
2026-06-23 05:29:00+00:00,95004.56524056378
2026-06-23 05:44:00+00:00,95004.56524056378
2026-06-23 05:59:00+00:00,95010.7104297304
2026-06-23 06:14:00+00:00,94962.57395728833
2026-06-23 06:29:00+00:00,94896.3930067134
2026-06-23 06:44:00+00:00,94926.0074496407
2026-06-23 06:59:00+00:00,94946.3020491075
2026-06-23 07:14:00+00:00,94951.62976989902
2026-06-23 07:29:00+00:00,94950.69136294517
2026-06-23 07:44:00+00:00,94946.38873377517
2026-06-23 07:59:00+00:00,94949.23705387133
2026-06-23 08:14:00+00:00,94948.83918657577
2026-06-23 08:29:00+00:00,94982.88342320181
2026-06-23 08:44:00+00:00,95016.44644734505
2026-06-23 08:59:00+00:00,95013.49569043644
2026-06-23 09:14:00+00:00,95014.63183687252
2026-06-23 09:29:00+00:00,95025.39310280794
2026-06-23 09:44:00+00:00,95035.66106835123
2026-06-23 09:59:00+00:00,95041.41472508575
2026-06-23 10:14:00+00:00,95036.3650176579
2026-06-23 10:29:00+00:00,95042.4764705778
2026-06-23 10:44:00+00:00,95044.52988810743
2026-06-23 10:59:00+00:00,94987.63173787684
2026-06-23 11:14:00+00:00,95014.21049475171
2026-06-23 11:29:00+00:00,95033.56378410691
2026-06-23 11:44:00+00:00,95012.45378973597
2026-06-23 11:59:00+00:00,94971.43866188706
2026-06-23 12:14:00+00:00,95018.70812685545
2026-06-23 12:29:00+00:00,95013.89867687252
2026-06-23 12:44:00+00:00,94998.71295807855
2026-06-23 12:59:00+00:00,94953.36480753569
2026-06-23 13:14:00+00:00,94968.74225280024
2026-06-23 13:29:00+00:00,94985.58992863816
2026-06-23 13:44:00+00:00,94974.95616969529
2026-06-23 13:59:00+00:00,94912.29560014351
2026-06-23 14:14:00+00:00,94882.1258263269
2026-06-23 14:29:00+00:00,94891.44802237704
2026-06-23 14:44:00+00:00,94897.10020368548
2026-06-23 14:59:00+00:00,94915.32742186618
2026-06-23 15:14:00+00:00,94951.87708250374
2026-06-23 15:29:00+00:00,94946.94242885447
2026-06-23 15:44:00+00:00,94917.55708900889
2026-06-23 15:59:00+00:00,94891.03235520414
2026-06-23 16:14:00+00:00,94870.09706557254
2026-06-23 16:29:00+00:00,94887.27776239497
2026-06-23 16:44:00+00:00,94877.25848597617
2026-06-23 16:59:00+00:00,94888.58932565023
2026-06-23 17:14:00+00:00,94881.83689165882
2026-06-23 17:29:00+00:00,94886.61885410528
2026-06-23 17:44:00+00:00,94894.46319263663
2026-06-23 17:59:00+00:00,94900.03799039083
2026-06-23 18:14:00+00:00,94897.15730809463
2026-06-23 18:29:00+00:00,94890.51490441126
2026-06-23 18:44:00+00:00,94880.1816302127
2026-06-23 18:59:00+00:00,94886.6741367273
2026-06-23 19:14:00+00:00,94882.1980391909
2026-06-23 19:29:00+00:00,94882.1980391909
2026-06-23 19:44:00+00:00,94882.1980391909
2026-06-23 19:59:00+00:00,94882.1980391909
2026-06-23 20:14:00+00:00,94882.1980391909
2026-06-23 20:29:00+00:00,94852.98289870462
2026-06-23 20:44:00+00:00,94815.575882762
2026-06-23 20:59:00+00:00,94807.14652401743
2026-06-23 21:14:00+00:00,94829.60446955272
2026-06-23 21:29:00+00:00,94863.97543988583
2026-06-23 21:44:00+00:00,94891.69617297949
2026-06-23 21:59:00+00:00,94874.43996969466
2026-06-23 22:14:00+00:00,94876.15649927508
2026-06-23 22:29:00+00:00,94869.973709764
2026-06-23 22:44:00+00:00,94913.7769987397
2026-06-23 22:59:00+00:00,94909.97736399842
2026-06-23 23:14:00+00:00,94909.97736399842
2026-06-23 23:29:00+00:00,94909.97736399842
2026-06-23 23:44:00+00:00,94909.97736399842
2026-06-23 23:59:00+00:00,94909.97736399842
2026-06-24 00:14:00+00:00,94909.97736399842
2026-06-24 00:29:00+00:00,94909.97736399842
2026-06-24 00:44:00+00:00,94909.97736399842
2026-06-24 00:59:00+00:00,94909.97736399842
2026-06-24 01:14:00+00:00,94909.97736399842
2026-06-24 01:29:00+00:00,94909.97736399842
2026-06-24 01:44:00+00:00,94897.47580380892
2026-06-24 01:59:00+00:00,94913.99505523407
2026-06-24 02:14:00+00:00,94910.08387528243
2026-06-24 02:29:00+00:00,94903.60138133194
2026-06-24 02:44:00+00:00,94890.51985032657
2026-06-24 02:59:00+00:00,94892.92783498448
2026-06-24 03:14:00+00:00,94886.91418330248
2026-06-24 03:29:00+00:00,94887.43072266434
2026-06-24 03:44:00+00:00,94899.43840943636
2026-06-24 03:59:00+00:00,94896.26201735176
2026-06-24 04:14:00+00:00,94889.16180656034
2026-06-24 04:29:00+00:00,94893.48448823055
2026-06-24 04:44:00+00:00,94908.05993697378
2026-06-24 04:59:00+00:00,94907.72374567698
2026-06-24 05:14:00+00:00,94910.67113879879
2026-06-24 05:29:00+00:00,94926.56670645443
2026-06-24 05:44:00+00:00,94921.78526408192
2026-06-24 05:59:00+00:00,94921.78526408192
2026-06-24 06:14:00+00:00,94921.78526408192
2026-06-24 06:29:00+00:00,94919.3476436591
2026-06-24 06:44:00+00:00,94921.64202135804
2026-06-24 06:59:00+00:00,94926.08092835624
2026-06-24 07:14:00+00:00,94918.17298939521
2026-06-24 07:29:00+00:00,94915.37165175662
2026-06-24 07:44:00+00:00,94910.10617685824
2026-06-24 07:59:00+00:00,94915.95396013223
2026-06-24 08:14:00+00:00,94923.50268823713
2026-06-24 08:29:00+00:00,94918.86882988462
2026-06-24 08:44:00+00:00,94915.37521361808
2026-06-24 08:59:00+00:00,94927.70140081394
2026-06-24 09:14:00+00:00,94924.48482292071
2026-06-24 09:29:00+00:00,94924.48482292071
2026-06-24 09:44:00+00:00,94924.48482292071
2026-06-24 09:59:00+00:00,94924.48482292071
2026-06-24 10:14:00+00:00,94897.83441841273
2026-06-24 10:29:00+00:00,94912.23372122111
2026-06-24 10:44:00+00:00,94834.0423452825
2026-06-24 10:59:00+00:00,94769.59651057111
2026-06-24 11:14:00+00:00,94825.50742079558
2026-06-24 11:29:00+00:00,94701.29159478146
2026-06-24 11:44:00+00:00,94623.84787730372
2026-06-24 11:59:00+00:00,94632.1464425642
2026-06-24 12:14:00+00:00,94643.41947680134
2026-06-24 12:29:00+00:00,94656.03082378673
2026-06-24 12:44:00+00:00,94632.93715760643
2026-06-24 12:59:00+00:00,94587.30240727826
2026-06-24 13:14:00+00:00,94651.57162869992
2026-06-24 13:29:00+00:00,94625.78443248101
2026-06-24 13:44:00+00:00,94673.33133652972
2026-06-24 13:59:00+00:00,94651.76883954603
2026-06-24 14:14:00+00:00,94628.63688126885
2026-06-24 14:29:00+00:00,94598.97259810808
2026-06-24 14:44:00+00:00,94547.25304392428
2026-06-24 14:59:00+00:00,94503.94421009395
2026-06-24 15:14:00+00:00,94524.63619554405
2026-06-24 15:29:00+00:00,94453.73219300888
2026-06-24 15:44:00+00:00,94479.37995419973
2026-06-24 15:59:00+00:00,94462.77790199309
2026-06-24 16:14:00+00:00,94423.16473764858
2026-06-24 16:29:00+00:00,94431.86183061561
2026-06-24 16:44:00+00:00,94507.38137486689
2026-06-24 16:59:00+00:00,94506.1506202175
2026-06-24 17:14:00+00:00,94492.28137786846
2026-06-24 17:29:00+00:00,94527.76939428716
2026-06-24 17:44:00+00:00,94597.95580713153
2026-06-24 17:59:00+00:00,94646.45866659239
2026-06-24 18:14:00+00:00,94587.22711840009
2026-06-24 18:29:00+00:00,94470.10680333976
2026-06-24 18:44:00+00:00,94507.4678319337
2026-06-24 18:59:00+00:00,94470.12455138478
2026-06-24 19:14:00+00:00,94511.38955608271
2026-06-24 19:29:00+00:00,94501.43132155853
2026-06-24 19:44:00+00:00,94529.28219137434
2026-06-24 19:59:00+00:00,94529.83466763055
2026-06-24 20:14:00+00:00,94548.58285416255
2026-06-24 20:29:00+00:00,94559.66750194854
2026-06-24 20:44:00+00:00,94565.15266647133
2026-06-24 20:59:00+00:00,94561.18371627424
2026-06-24 21:14:00+00:00,94560.34238248553
2026-06-24 21:29:00+00:00,94563.91393912946
2026-06-24 21:44:00+00:00,94539.87170061817
2026-06-24 21:59:00+00:00,94518.26342177932
2026-06-24 22:14:00+00:00,94493.39923792529
2026-06-24 22:29:00+00:00,94509.66847999343
2026-06-24 22:44:00+00:00,94514.05707775634
2026-06-24 22:59:00+00:00,94515.26791771072
2026-06-24 23:14:00+00:00,94493.36040772997
2026-06-24 23:29:00+00:00,94490.15256202292
2026-06-24 23:44:00+00:00,94494.70677646203
2026-06-24 23:59:00+00:00,94479.16881869175
2026-06-25 00:14:00+00:00,94479.525787014
2026-06-25 00:29:00+00:00,94510.5216828605
2026-06-25 00:44:00+00:00,94509.75637064032
2026-06-25 00:59:00+00:00,94509.02538969147
2026-06-25 01:14:00+00:00,94509.02538969147
2026-06-25 01:29:00+00:00,94509.02538969147
2026-06-25 01:44:00+00:00,94509.02538969147
2026-06-25 01:59:00+00:00,94509.02538969147
2026-06-25 02:14:00+00:00,94491.29266997955
2026-06-25 02:29:00+00:00,94417.91579982663
2026-06-25 02:44:00+00:00,94414.14060282127
2026-06-25 02:59:00+00:00,94376.00387323242
2026-06-25 03:14:00+00:00,94414.2668085351
2026-06-25 03:29:00+00:00,94353.7704558636
2026-06-25 03:44:00+00:00,94374.12045155738
2026-06-25 03:59:00+00:00,94333.65264264791
2026-06-25 04:14:00+00:00,94355.65796192373
2026-06-25 04:29:00+00:00,94377.10299018366
2026-06-25 04:44:00+00:00,94340.22332466283
2026-06-25 04:59:00+00:00,94297.02847652596
2026-06-25 05:14:00+00:00,94247.84142249051
2026-06-25 05:29:00+00:00,94323.01080838365
2026-06-25 05:44:00+00:00,94313.3465092771
2026-06-25 05:59:00+00:00,94342.52083141434
2026-06-25 06:14:00+00:00,94335.63679043687
2026-06-25 06:29:00+00:00,94338.06501547924
2026-06-25 06:44:00+00:00,94338.06501547924
2026-06-25 06:59:00+00:00,94279.2528197831
2026-06-25 07:14:00+00:00,94315.76863143561
2026-06-25 07:29:00+00:00,94273.84817443034
2026-06-25 07:44:00+00:00,94274.97389949065
2026-06-25 07:59:00+00:00,94302.35943802053
2026-06-25 08:14:00+00:00,94297.9496033427
2026-06-25 08:29:00+00:00,94313.0548255516
2026-06-25 08:44:00+00:00,94301.26626280896
2026-06-25 08:59:00+00:00,94315.79681639998
2026-06-25 09:14:00+00:00,94294.4565104574
2026-06-25 09:29:00+00:00,94324.23707337173
2026-06-25 09:44:00+00:00,94332.1651676381
2026-06-25 09:59:00+00:00,94330.43493032982
2026-06-25 10:14:00+00:00,94330.43493032982
2026-06-25 10:29:00+00:00,94330.43493032982
2026-06-25 10:44:00+00:00,94330.43493032982
2026-06-25 10:59:00+00:00,94330.43493032982
2026-06-25 11:14:00+00:00,94330.43493032982
2026-06-25 11:29:00+00:00,94330.43493032982
2026-06-25 11:44:00+00:00,94330.43493032982
2026-06-25 11:59:00+00:00,94330.43493032982
2026-06-25 12:14:00+00:00,94330.43493032982
2026-06-25 12:29:00+00:00,94330.43493032982
2026-06-25 12:44:00+00:00,94330.43493032982
2026-06-25 12:59:00+00:00,94330.43493032982
2026-06-25 13:14:00+00:00,94305.94470808702
2026-06-25 13:29:00+00:00,94286.55324897624
2026-06-25 13:44:00+00:00,94379.83202824401
2026-06-25 13:59:00+00:00,94332.23366661562
2026-06-25 14:14:00+00:00,94394.57801245904
2026-06-25 14:29:00+00:00,94397.17566150315
2026-06-25 14:44:00+00:00,94401.51800701735
2026-06-25 14:59:00+00:00,94404.99287919383
2026-06-25 15:14:00+00:00,94368.55222597731
2026-06-25 15:29:00+00:00,94385.7164381785
2026-06-25 15:44:00+00:00,94384.10847518969
2026-06-25 15:59:00+00:00,94423.25474037846
2026-06-25 16:14:00+00:00,94436.4912861315
2026-06-25 16:29:00+00:00,94432.11345406913
2026-06-25 16:44:00+00:00,94434.015932598
2026-06-25 16:59:00+00:00,94429.05309033755
2026-06-25 17:14:00+00:00,94408.50857035213
2026-06-25 17:29:00+00:00,94361.42029141476
2026-06-25 17:44:00+00:00,94398.14185838895
2026-06-25 17:59:00+00:00,94427.85612022277
2026-06-25 18:14:00+00:00,94452.4221580675
2026-06-25 18:29:00+00:00,94567.34674185216
2026-06-25 18:44:00+00:00,94582.26619015433
2026-06-25 18:59:00+00:00,94618.59107728643
2026-06-25 19:14:00+00:00,94617.63818188627
2026-06-25 19:29:00+00:00,94622.60201719939
2026-06-25 19:44:00+00:00,94674.29609816175
2026-06-25 19:59:00+00:00,94693.7520997459
2026-06-25 20:14:00+00:00,94670.19802411844
2026-06-25 20:29:00+00:00,94748.30023655575
2026-06-25 20:44:00+00:00,94746.00141208721
2026-06-25 20:59:00+00:00,94713.76931561733
2026-06-25 21:14:00+00:00,94726.82085918446
2026-06-25 21:29:00+00:00,94734.93604259094
2026-06-25 21:44:00+00:00,94746.85053736299
2026-06-25 21:59:00+00:00,94741.66513287334
2026-06-25 22:14:00+00:00,94735.54866518416
2026-06-25 22:29:00+00:00,94734.70381110595
2026-06-25 22:44:00+00:00,94670.65663075888
2026-06-25 22:59:00+00:00,94657.21336226769
2026-06-25 23:14:00+00:00,94679.8782286075
2026-06-25 23:29:00+00:00,94730.19050827665
2026-06-25 23:44:00+00:00,94733.15043935149
2026-06-25 23:59:00+00:00,94712.46510477066
2026-06-26 00:14:00+00:00,94716.32179761231
2026-06-26 00:29:00+00:00,94697.58569482555
2026-06-26 00:44:00+00:00,94679.02948938811
2026-06-26 00:59:00+00:00,94697.33891801986
2026-06-26 01:14:00+00:00,94677.09397569863
2026-06-26 01:29:00+00:00,94661.8527436168
2026-06-26 01:44:00+00:00,94682.8269183518
2026-06-26 01:59:00+00:00,94685.20484415696
2026-06-26 02:14:00+00:00,94688.43374745117
2026-06-26 02:29:00+00:00,94715.99655425905
2026-06-26 02:44:00+00:00,94702.08989369808
2026-06-26 02:59:00+00:00,94655.63620054304
2026-06-26 03:14:00+00:00,94730.14675132155
2026-06-26 03:29:00+00:00,94729.91579061851
2026-06-26 03:44:00+00:00,94770.68677967002
2026-06-26 03:59:00+00:00,94759.33863664494
2026-06-26 04:14:00+00:00,94760.56207654653
2026-06-26 04:29:00+00:00,94760.56207654653
2026-06-26 04:44:00+00:00,94760.56207654653
2026-06-26 04:59:00+00:00,94760.56207654653
2026-06-26 05:14:00+00:00,94763.47504239429
2026-06-26 05:29:00+00:00,94754.89082380995
2026-06-26 05:44:00+00:00,94746.44631023465
2026-06-26 05:59:00+00:00,94754.79011614167
2026-06-26 06:14:00+00:00,94746.58758888596
2026-06-26 06:29:00+00:00,94708.64311504476
2026-06-26 06:44:00+00:00,94714.35845128393
2026-06-26 06:59:00+00:00,94713.46294438743
2026-06-26 07:14:00+00:00,94703.3952144216
2026-06-26 07:29:00+00:00,94718.1368797207
2026-06-26 07:44:00+00:00,94712.23327690133
2026-06-26 07:59:00+00:00,94706.09437572423
2026-06-26 08:14:00+00:00,94746.72072196746
2026-06-26 08:29:00+00:00,94747.67684725864
2026-06-26 08:44:00+00:00,94740.98352031397
2026-06-26 08:59:00+00:00,94736.0570056788
2026-06-26 09:14:00+00:00,94747.29647992451
2026-06-26 09:29:00+00:00,94742.65873475722
2026-06-26 09:44:00+00:00,94743.34796178257
2026-06-26 09:59:00+00:00,94752.81921811333
2026-06-26 10:14:00+00:00,94767.84388903667
2026-06-26 10:29:00+00:00,94766.87170591613
2026-06-26 10:44:00+00:00,94789.04447066221
2026-06-26 10:59:00+00:00,94813.2611437009
2026-06-26 11:14:00+00:00,94805.49222774665
2026-06-26 11:29:00+00:00,94813.38879574621
2026-06-26 11:44:00+00:00,94807.68391804113
2026-06-26 11:59:00+00:00,94843.139760759
2026-06-26 12:14:00+00:00,94813.75514020678
2026-06-26 12:29:00+00:00,94819.24363503151
2026-06-26 12:44:00+00:00,94827.7025685614
2026-06-26 12:59:00+00:00,94850.24049145846
2026-06-26 13:14:00+00:00,94825.15763041035
2026-06-26 13:29:00+00:00,94792.14374979059
2026-06-26 13:44:00+00:00,94803.98290698315
2026-06-26 13:59:00+00:00,94812.88827355583
2026-06-26 14:14:00+00:00,94826.33009722667
2026-06-26 14:29:00+00:00,94777.84835745263
2026-06-26 14:44:00+00:00,94800.01964927017
2026-06-26 14:59:00+00:00,94809.82407813388
2026-06-26 15:14:00+00:00,94732.73456012327
2026-06-26 15:29:00+00:00,94702.87687798955
2026-06-26 15:44:00+00:00,94674.54041603507
2026-06-26 15:59:00+00:00,94598.65233370705
2026-06-26 16:14:00+00:00,94529.82466384865
2026-06-26 16:29:00+00:00,94541.83746152243
2026-06-26 16:44:00+00:00,94489.89612336483
2026-06-26 16:59:00+00:00,94450.88140580899
2026-06-26 17:14:00+00:00,94499.72720658005
2026-06-26 17:29:00+00:00,94423.76635799115
2026-06-26 17:44:00+00:00,94372.90242604836
2026-06-26 17:59:00+00:00,94431.03249886735
2026-06-26 18:14:00+00:00,94411.79612385294
2026-06-26 18:29:00+00:00,94442.79547422244
2026-06-26 18:44:00+00:00,94372.35922006046
2026-06-26 18:59:00+00:00,94421.1972336019
2026-06-26 19:14:00+00:00,94465.68564341048
2026-06-26 19:29:00+00:00,94454.2887486516
2026-06-26 19:44:00+00:00,94435.09142359195
2026-06-26 19:59:00+00:00,94439.89627218414
2026-06-26 20:14:00+00:00,94418.69150136037
2026-06-26 20:29:00+00:00,94412.88127647588
2026-06-26 20:44:00+00:00,94415.12233445355
2026-06-26 20:59:00+00:00,94387.42851450664
2026-06-26 21:14:00+00:00,94383.13937545259
2026-06-26 21:29:00+00:00,94342.73743324688
2026-06-26 21:44:00+00:00,94365.40177154567
2026-06-26 21:59:00+00:00,94359.22808155413
2026-06-26 22:14:00+00:00,94433.97741267095
2026-06-26 22:29:00+00:00,94418.36289662233
2026-06-26 22:44:00+00:00,94422.16197988407
2026-06-26 22:59:00+00:00,94424.1140887073
2026-06-26 23:14:00+00:00,94412.58308972271
2026-06-26 23:29:00+00:00,94374.5826287993
2026-06-26 23:44:00+00:00,94382.71892962776
2026-06-26 23:59:00+00:00,94346.5401256237
2026-06-27 00:14:00+00:00,94435.43104948524
2026-06-27 00:29:00+00:00,94463.17656849523
2026-06-27 00:44:00+00:00,94411.17422187727
2026-06-27 00:59:00+00:00,94417.90730678136
2026-06-27 01:14:00+00:00,94447.31202437064
2026-06-27 01:29:00+00:00,94454.14696629389
2026-06-27 01:44:00+00:00,94459.64439602583
2026-06-27 01:59:00+00:00,94461.85471189124
2026-06-27 02:14:00+00:00,94465.9613511051
2026-06-27 02:29:00+00:00,94459.00763975551
2026-06-27 02:44:00+00:00,94446.18841139479
2026-06-27 02:59:00+00:00,94448.50376170326
2026-06-27 03:14:00+00:00,94436.49316858943
2026-06-27 03:29:00+00:00,94458.42274006495
2026-06-27 03:44:00+00:00,94452.10935062001
2026-06-27 03:59:00+00:00,94448.08314582902
2026-06-27 04:14:00+00:00,94518.49727582521
2026-06-27 04:29:00+00:00,94543.55956451087
2026-06-27 04:44:00+00:00,94538.61050898547
2026-06-27 04:59:00+00:00,94560.09222396565
2026-06-27 05:14:00+00:00,94575.03063829381
2026-06-27 05:29:00+00:00,94584.21826832768
2026-06-27 05:44:00+00:00,94584.21826832768
2026-06-27 05:59:00+00:00,94584.21826832768
2026-06-27 06:14:00+00:00,94597.15724385348
2026-06-27 06:29:00+00:00,94595.30982582526
2026-06-27 06:44:00+00:00,94588.89913989406
2026-06-27 06:59:00+00:00,94595.72943352177
2026-06-27 07:14:00+00:00,94595.5656964196
2026-06-27 07:29:00+00:00,94585.64983126488
2026-06-27 07:44:00+00:00,94591.25774040852
2026-06-27 07:59:00+00:00,94590.88536835414
2026-06-27 08:14:00+00:00,94587.7464410021
2026-06-27 08:29:00+00:00,94586.12718969471
2026-06-27 08:44:00+00:00,94594.92162621791
2026-06-27 08:59:00+00:00,94593.4624272762
2026-06-27 09:14:00+00:00,94595.97378799839
2026-06-27 09:29:00+00:00,94574.96724741391
2026-06-27 09:44:00+00:00,94579.84375093316
2026-06-27 09:59:00+00:00,94602.02157338298
2026-06-27 10:14:00+00:00,94602.4653146935
2026-06-27 10:29:00+00:00,94603.18640479792
2026-06-27 10:44:00+00:00,94606.90643855292
2026-06-27 10:59:00+00:00,94596.46999640153
2026-06-27 11:14:00+00:00,94589.70132516911
2026-06-27 11:29:00+00:00,94605.6022423749
2026-06-27 11:44:00+00:00,94633.806374867
2026-06-27 11:59:00+00:00,94635.09572293796
2026-06-27 12:14:00+00:00,94645.50494325726
2026-06-27 12:29:00+00:00,94661.54510554134
2026-06-27 12:44:00+00:00,94670.64972847296
2026-06-27 12:59:00+00:00,94671.23661262941
2026-06-27 13:14:00+00:00,94671.23661262941
2026-06-27 13:29:00+00:00,94671.23661262941
2026-06-27 13:44:00+00:00,94671.23661262941
2026-06-27 13:59:00+00:00,94671.23661262941
2026-06-27 14:14:00+00:00,94632.80713619373
2026-06-27 14:29:00+00:00,94648.3672655494
2026-06-27 14:44:00+00:00,94613.11591803576
2026-06-27 14:59:00+00:00,94579.95049344034
2026-06-27 15:14:00+00:00,94561.05382519118
2026-06-27 15:29:00+00:00,94559.13270966975
2026-06-27 15:44:00+00:00,94585.10277346095
2026-06-27 15:59:00+00:00,94564.80930794158
2026-06-27 16:14:00+00:00,94570.41320799734
2026-06-27 16:29:00+00:00,94502.0303996148
2026-06-27 16:44:00+00:00,94506.34965232728
2026-06-27 16:59:00+00:00,94414.65874285491
2026-06-27 17:14:00+00:00,94497.2380944634
2026-06-27 17:29:00+00:00,94494.09504893389
2026-06-27 17:44:00+00:00,94418.92766234252
2026-06-27 17:59:00+00:00,94434.11169279313
2026-06-27 18:14:00+00:00,94498.27056901291
2026-06-27 18:29:00+00:00,94509.83499160506
2026-06-27 18:44:00+00:00,94514.11504994678
2026-06-27 18:59:00+00:00,94509.10506116286
2026-06-27 19:14:00+00:00,94513.945230596
2026-06-27 19:29:00+00:00,94502.15383554623
2026-06-27 19:44:00+00:00,94502.15383554623
2026-06-27 19:59:00+00:00,94502.15383554623
2026-06-27 20:14:00+00:00,94502.66449929106
2026-06-27 20:29:00+00:00,94505.11466596097
2026-06-27 20:44:00+00:00,94506.19617960798
2026-06-27 20:59:00+00:00,94502.05986616573
2026-06-27 21:14:00+00:00,94482.32381556666
2026-06-27 21:29:00+00:00,94484.11278194649
2026-06-27 21:44:00+00:00,94518.7865110694
2026-06-27 21:59:00+00:00,94545.08365891053
2026-06-27 22:14:00+00:00,94539.53806936249
2026-06-27 22:29:00+00:00,94543.02982006365
2026-06-27 22:44:00+00:00,94529.35770545802
2026-06-27 22:59:00+00:00,94533.9233395839
2026-06-27 23:14:00+00:00,94544.85539669979
2026-06-27 23:29:00+00:00,94559.56671587171
2026-06-27 23:44:00+00:00,94551.26609676177
2026-06-27 23:59:00+00:00,94553.78177191905
2026-06-28 00:14:00+00:00,94542.30869422822
2026-06-28 00:29:00+00:00,94505.86802050256
2026-06-28 00:44:00+00:00,94489.17592172422
2026-06-28 00:59:00+00:00,94523.81823931361
2026-06-28 01:14:00+00:00,94531.5112480422
2026-06-28 01:29:00+00:00,94536.08592746555
2026-06-28 01:44:00+00:00,94516.01248856586
2026-06-28 01:59:00+00:00,94542.99407975121
2026-06-28 02:14:00+00:00,94529.18471871236
2026-06-28 02:29:00+00:00,94548.21783316032
2026-06-28 02:44:00+00:00,94537.37601513373
2026-06-28 02:59:00+00:00,94524.8733979035
2026-06-28 03:14:00+00:00,94556.80224221582
2026-06-28 03:29:00+00:00,94551.39179524806
2026-06-28 03:44:00+00:00,94569.77838760526
2026-06-28 03:59:00+00:00,94563.50549554495
2026-06-28 04:14:00+00:00,94568.05161896668
2026-06-28 04:29:00+00:00,94551.27022271462
2026-06-28 04:44:00+00:00,94533.46360654142
2026-06-28 04:59:00+00:00,94534.42146023914
2026-06-28 05:14:00+00:00,94558.3662360258
2026-06-28 05:29:00+00:00,94570.21047142899
2026-06-28 05:44:00+00:00,94566.30883503595
2026-06-28 05:59:00+00:00,94573.60194552214
2026-06-28 06:14:00+00:00,94571.04954204157
2026-06-28 06:29:00+00:00,94571.04954204157
2026-06-28 06:44:00+00:00,94570.07552036642
2026-06-28 06:59:00+00:00,94565.63428780813
2026-06-28 07:14:00+00:00,94584.32029612239
2026-06-28 07:29:00+00:00,94587.97240992138
2026-06-28 07:44:00+00:00,94597.96405917984
2026-06-28 07:59:00+00:00,94586.22969351587
2026-06-28 08:14:00+00:00,94604.98465168012
2026-06-28 08:29:00+00:00,94594.4055515383
2026-06-28 08:44:00+00:00,94551.97027353563
2026-06-28 08:59:00+00:00,94546.89079258626
2026-06-28 09:14:00+00:00,94517.86407434338
2026-06-28 09:29:00+00:00,94537.02501016915
2026-06-28 09:44:00+00:00,94493.98530356953
2026-06-28 09:59:00+00:00,94498.68044304
2026-06-28 10:14:00+00:00,94488.18406921823
2026-06-28 10:29:00+00:00,94485.02713670261
2026-06-28 10:44:00+00:00,94440.55708065507
2026-06-28 10:59:00+00:00,94410.98000153106
2026-06-28 11:14:00+00:00,94379.2088924056
2026-06-28 11:29:00+00:00,94401.59494234846
2026-06-28 11:44:00+00:00,94378.93474391282
2026-06-28 11:59:00+00:00,94376.3310694786
2026-06-28 12:14:00+00:00,94374.18736273714
2026-06-28 12:29:00+00:00,94375.41419665392
2026-06-28 12:44:00+00:00,94377.41877296421
2026-06-28 12:59:00+00:00,94379.84758201872
2026-06-28 13:14:00+00:00,94379.03971205693
2026-06-28 13:29:00+00:00,94373.65786124069
2026-06-28 13:44:00+00:00,94372.79936020919
2026-06-28 13:59:00+00:00,94376.5275909232
2026-06-28 14:14:00+00:00,94375.72752064734
2026-06-28 14:29:00+00:00,94375.72752064734
2026-06-28 14:44:00+00:00,94375.72752064734
2026-06-28 14:59:00+00:00,94375.72752064734
2026-06-28 15:14:00+00:00,94375.72752064734
2026-06-28 15:29:00+00:00,94375.72752064734
2026-06-28 15:44:00+00:00,94378.45751168429
2026-06-28 15:59:00+00:00,94369.9184327445
2026-06-28 16:14:00+00:00,94374.79210117174
2026-06-28 16:29:00+00:00,94380.85174927869
2026-06-28 16:44:00+00:00,94392.51146322243
2026-06-28 16:59:00+00:00,94390.66897443839
2026-06-28 17:14:00+00:00,94390.66897443839
2026-06-28 17:29:00+00:00,94390.66897443839
2026-06-28 17:44:00+00:00,94369.64386664263
2026-06-28 17:59:00+00:00,94364.90567071791
2026-06-28 18:14:00+00:00,94387.99561092065
2026-06-28 18:29:00+00:00,94378.50741912516
2026-06-28 18:44:00+00:00,94383.93718073163
2026-06-28 18:59:00+00:00,94393.72548687358
2026-06-28 19:14:00+00:00,94395.80304950189
2026-06-28 19:29:00+00:00,94377.21409795975
2026-06-28 19:44:00+00:00,94376.43075659848
2026-06-28 19:59:00+00:00,94392.40682815835
2026-06-28 20:14:00+00:00,94388.28343596902
2026-06-28 20:29:00+00:00,94348.13332424594
2026-06-28 20:44:00+00:00,94358.77088753098
2026-06-28 20:59:00+00:00,94395.71173892709
2026-06-28 21:14:00+00:00,94391.15816801778
2026-06-28 21:29:00+00:00,94413.42102089619
2026-06-28 21:44:00+00:00,94399.10988672287
2026-06-28 21:59:00+00:00,94426.21484712715
2026-06-28 22:14:00+00:00,94427.7888642742
2026-06-28 22:29:00+00:00,94424.13116965955
2026-06-28 22:44:00+00:00,94424.13116965955
2026-06-28 22:59:00+00:00,94424.13116965955
2026-06-28 23:14:00+00:00,94424.13116965955
2026-06-28 23:29:00+00:00,94424.13116965955
2026-06-28 23:44:00+00:00,94424.13116965955
2026-06-28 23:59:00+00:00,94424.13116965955
2026-06-29 00:14:00+00:00,94424.13116965955
2026-06-29 00:29:00+00:00,94424.13116965955
2026-06-29 00:44:00+00:00,94424.13116965955
2026-06-29 00:59:00+00:00,94424.13116965955
2026-06-29 01:14:00+00:00,94424.13116965955
2026-06-29 01:29:00+00:00,94424.13116965955
2026-06-29 01:44:00+00:00,94424.13116965955
2026-06-29 01:59:00+00:00,94424.13116965955
2026-06-29 02:14:00+00:00,94424.86346598552
2026-06-29 02:29:00+00:00,94429.15200799174
2026-06-29 02:44:00+00:00,94418.6305638976
2026-06-29 02:59:00+00:00,94417.19147456097
2026-06-29 03:14:00+00:00,94408.66859951112
2026-06-29 03:29:00+00:00,94400.00419199138
2026-06-29 03:44:00+00:00,94423.63699226738
2026-06-29 03:59:00+00:00,94428.95223826388
2026-06-29 04:14:00+00:00,94445.01376248368
2026-06-29 04:29:00+00:00,94438.15135949872
2026-06-29 04:44:00+00:00,94452.85374503248
2026-06-29 04:59:00+00:00,94459.76290371118
2026-06-29 05:14:00+00:00,94476.20863513429
2026-06-29 05:29:00+00:00,94479.85256682057
2026-06-29 05:44:00+00:00,94442.62328630325
2026-06-29 05:59:00+00:00,94462.04034215078
2026-06-29 06:14:00+00:00,94459.30907004394
2026-06-29 06:29:00+00:00,94441.29221037921
2026-06-29 06:44:00+00:00,94426.73591789682
2026-06-29 06:59:00+00:00,94427.84840965543
2026-06-29 07:14:00+00:00,94421.17968499871
2026-06-29 07:29:00+00:00,94404.90286564377
2026-06-29 07:44:00+00:00,94411.849223076
2026-06-29 07:59:00+00:00,94414.30772983232
2026-06-29 08:14:00+00:00,94416.02198583889
2026-06-29 08:29:00+00:00,94413.32556813577
2026-06-29 08:44:00+00:00,94419.73162319532
2026-06-29 08:59:00+00:00,94418.7142255728
2026-06-29 09:14:00+00:00,94418.93403177657
2026-06-29 09:29:00+00:00,94419.72400033384
2026-06-29 09:44:00+00:00,94426.17237503717
2026-06-29 09:59:00+00:00,94424.87728594466
2026-06-29 10:14:00+00:00,94405.77182118193
2026-06-29 10:29:00+00:00,94404.65014310193
2026-06-29 10:44:00+00:00,94405.3991141129
2026-06-29 10:59:00+00:00,94407.34395187665
2026-06-29 11:14:00+00:00,94427.7387598508
2026-06-29 11:29:00+00:00,94428.31127086621
2026-06-29 11:44:00+00:00,94428.31127086621
2026-06-29 11:59:00+00:00,94428.31127086621
2026-06-29 12:14:00+00:00,94428.31127086621
2026-06-29 12:29:00+00:00,94428.78917639091
2026-06-29 12:44:00+00:00,94465.15950290035
2026-06-29 12:59:00+00:00,94464.11231179388
2026-06-29 13:14:00+00:00,94448.89586297942
2026-06-29 13:29:00+00:00,94481.28173343453
2026-06-29 13:44:00+00:00,94472.93038012827
2026-06-29 13:59:00+00:00,94472.93038012827
2026-06-29 14:14:00+00:00,94513.90048274504
2026-06-29 14:29:00+00:00,94529.6024727817
2026-06-29 14:44:00+00:00,94519.64716227881
2026-06-29 14:59:00+00:00,94525.2607833038
2026-06-29 15:14:00+00:00,94529.6862665259
2026-06-29 15:29:00+00:00,94549.36242988083
2026-06-29 15:44:00+00:00,94575.09048466152
2026-06-29 15:59:00+00:00,94581.24017640128
2026-06-29 16:14:00+00:00,94600.71727771439
2026-06-29 16:29:00+00:00,94603.21785140752
2026-06-29 16:44:00+00:00,94601.96005622188
2026-06-29 16:59:00+00:00,94599.59224702402
2026-06-29 17:14:00+00:00,94585.3443823748
2026-06-29 17:29:00+00:00,94611.32301544632
2026-06-29 17:44:00+00:00,94598.64780909733
2026-06-29 17:59:00+00:00,94604.21008875017
2026-06-29 18:14:00+00:00,94618.89970491143
2026-06-29 18:29:00+00:00,94648.824967532
2026-06-29 18:44:00+00:00,94630.4136691944
2026-06-29 18:59:00+00:00,94635.42153671679
2026-06-29 19:14:00+00:00,94638.8798367657
2026-06-29 19:29:00+00:00,94623.51122654823
2026-06-29 19:44:00+00:00,94630.30192036097
2026-06-29 19:59:00+00:00,94626.57036846668
2026-06-29 20:14:00+00:00,94635.84806132196
2026-06-29 20:29:00+00:00,94641.52517830652
2026-06-29 20:44:00+00:00,94637.69151714763
2026-06-29 20:59:00+00:00,94640.4450205778
2026-06-29 21:14:00+00:00,94640.83195161232
2026-06-29 21:29:00+00:00,94623.09714610723
2026-06-29 21:44:00+00:00,94638.17702353545
2026-06-29 21:59:00+00:00,94644.14775570174
2026-06-29 22:14:00+00:00,94665.41757875678
2026-06-29 22:29:00+00:00,94645.55220331134
2026-06-29 22:44:00+00:00,94654.37016074562
2026-06-29 22:59:00+00:00,94646.24975571597
2026-06-29 23:14:00+00:00,94617.83910333742
2026-06-29 23:29:00+00:00,94628.95202694743
2026-06-29 23:44:00+00:00,94638.99284830208
2026-06-29 23:59:00+00:00,94630.69018999614
2026-06-30 00:14:00+00:00,94623.36046142207
2026-06-30 00:29:00+00:00,94632.05651320022
2026-06-30 00:44:00+00:00,94633.91019076348
2026-06-30 00:59:00+00:00,94632.66366959926
2026-06-30 01:14:00+00:00,94642.61782926008
2026-06-30 01:29:00+00:00,94639.95219881691
2026-06-30 01:44:00+00:00,94639.95219881691
2026-06-30 01:59:00+00:00,94599.46919593487
2026-06-30 02:14:00+00:00,94549.99761037162
2026-06-30 02:29:00+00:00,94565.23292521844
2026-06-30 02:44:00+00:00,94560.78360956139
2026-06-30 02:59:00+00:00,94534.46482184049
2026-06-30 03:14:00+00:00,94464.07860119561
2026-06-30 03:29:00+00:00,94451.3337782149
2026-06-30 03:44:00+00:00,94450.94949107993
2026-06-30 03:59:00+00:00,94442.3400682879
2026-06-30 04:14:00+00:00,94402.63166336827
2026-06-30 04:29:00+00:00,94404.8823536715
2026-06-30 04:44:00+00:00,94401.56850740194
2026-06-30 04:59:00+00:00,94333.36121212886
2026-06-30 05:14:00+00:00,94326.16756405013
2026-06-30 05:29:00+00:00,94370.98262605107
2026-06-30 05:44:00+00:00,94403.26440362992
2026-06-30 05:59:00+00:00,94363.07617084082
2026-06-30 06:14:00+00:00,94311.71147142375
2026-06-30 06:29:00+00:00,94347.16864008876
2026-06-30 06:44:00+00:00,94366.01340778862
2026-06-30 06:59:00+00:00,94399.24577932787
2026-06-30 07:14:00+00:00,94405.23809450638
2026-06-30 07:29:00+00:00,94405.23809450638
2026-06-30 07:44:00+00:00,94402.24336933967
2026-06-30 07:59:00+00:00,94420.62047317495
2026-06-30 08:14:00+00:00,94404.12125356469
2026-06-30 08:29:00+00:00,94411.511900691
2026-06-30 08:44:00+00:00,94426.90173428676
2026-06-30 08:59:00+00:00,94405.15314880537
2026-06-30 09:14:00+00:00,94406.5066168946
2026-06-30 09:29:00+00:00,94398.14556155373
2026-06-30 09:44:00+00:00,94379.2283192755
2026-06-30 09:59:00+00:00,94322.72166389998
2026-06-30 10:14:00+00:00,94307.6040989
2026-06-30 10:29:00+00:00,94305.45566310138
2026-06-30 10:44:00+00:00,94319.41420481827
2026-06-30 10:59:00+00:00,94349.22014925862
2026-06-30 11:14:00+00:00,94338.40709966871
2026-06-30 11:29:00+00:00,94307.28300205668
2026-06-30 11:44:00+00:00,94290.87677898587
2026-06-30 11:59:00+00:00,94299.56078062905
2026-06-30 12:14:00+00:00,94271.84772417042
2026-06-30 12:29:00+00:00,94287.83398541568
2026-06-30 12:44:00+00:00,94254.84373993166
2026-06-30 12:59:00+00:00,94256.54948913725
2026-06-30 13:14:00+00:00,94210.59883304252
2026-06-30 13:29:00+00:00,94261.59507806439
2026-06-30 13:44:00+00:00,94273.25090893514
2026-06-30 13:59:00+00:00,94277.00942793037
2026-06-30 14:14:00+00:00,94294.36658547776
2026-06-30 14:29:00+00:00,94295.72102139515
2026-06-30 14:44:00+00:00,94279.67937540851
2026-06-30 14:59:00+00:00,94265.66830453784
2026-06-30 15:14:00+00:00,94266.57853008319
2026-06-30 15:29:00+00:00,94250.5233299976
2026-06-30 15:44:00+00:00,94238.1953896857
2026-06-30 15:59:00+00:00,94200.8155827602
2026-06-30 16:14:00+00:00,94213.38796938628
2026-06-30 16:29:00+00:00,94225.68370278555
2026-06-30 16:44:00+00:00,94256.27259062698
2026-06-30 16:59:00+00:00,94205.30017950787
2026-06-30 17:14:00+00:00,94247.88052076078
2026-06-30 17:29:00+00:00,94225.13356523353
2026-06-30 17:44:00+00:00,94225.93219670917
2026-06-30 17:59:00+00:00,94268.68694387098
2026-06-30 18:14:00+00:00,94197.3025603497
2026-06-30 18:29:00+00:00,94184.2273173075
2026-06-30 18:44:00+00:00,94151.85130416708
2026-06-30 18:59:00+00:00,94141.73004904085
2026-06-30 19:14:00+00:00,94167.83588770602
2026-06-30 19:29:00+00:00,94153.43587697601
2026-06-30 19:44:00+00:00,94140.20808203651
2026-06-30 19:59:00+00:00,94149.28416348498
2026-06-30 20:14:00+00:00,94155.13882871435
2026-06-30 20:29:00+00:00,94142.12353557844
2026-06-30 20:44:00+00:00,94139.032866186
2026-06-30 20:59:00+00:00,94137.10648731173
2026-06-30 21:14:00+00:00,94149.21697364707
2026-06-30 21:29:00+00:00,94144.01415670566
2026-06-30 21:44:00+00:00,94152.31359334767
2026-06-30 21:59:00+00:00,94148.53625991936
2026-06-30 22:14:00+00:00,94156.45796968589
2026-06-30 22:29:00+00:00,94154.97486807629
2026-06-30 22:44:00+00:00,94154.97486807629
2026-06-30 22:59:00+00:00,94154.97486807629
2026-06-30 23:14:00+00:00,94154.97486807629
2026-06-30 23:29:00+00:00,94154.97486807629
2026-06-30 23:44:00+00:00,94154.97486807629
2026-06-30 23:59:00+00:00,94129.55638779618
2026-07-01 00:00:00+00:00,94129.55638779618
2026-07-01 00:14:00+00:00,94129.55638779618
2026-07-01 00:29:00+00:00,94100.33315291663
2026-07-01 00:44:00+00:00,94028.15068942326
2026-07-01 00:59:00+00:00,94025.44945552661
2026-07-01 01:14:00+00:00,94061.86944867103
2026-07-01 01:29:00+00:00,93983.40520572024
2026-07-01 01:44:00+00:00,93979.1364525059
2026-07-01 01:59:00+00:00,93905.74113375664
2026-07-01 02:14:00+00:00,93823.3473632228
2026-07-01 02:29:00+00:00,93807.94103301517
2026-07-01 02:44:00+00:00,93769.6426118403
2026-07-01 02:59:00+00:00,93651.02408335239
2026-07-01 03:14:00+00:00,93732.79490746894
2026-07-01 03:29:00+00:00,93665.08460106573
2026-07-01 03:44:00+00:00,93763.90632152431
2026-07-01 03:59:00+00:00,93741.00996797098
2026-07-01 04:14:00+00:00,93805.05823683804
2026-07-01 04:29:00+00:00,93777.95591794876
2026-07-01 04:44:00+00:00,93770.72466137455
2026-07-01 04:59:00+00:00,93800.31297082656
2026-07-01 05:14:00+00:00,93794.00537699649
2026-07-01 05:29:00+00:00,93754.1038407229
2026-07-01 05:44:00+00:00,93782.53119187067
2026-07-01 05:59:00+00:00,93744.40758987496
2026-07-01 06:14:00+00:00,93786.47651418418
2026-07-01 06:29:00+00:00,93838.01700704829
2026-07-01 06:44:00+00:00,93835.18643380431
2026-07-01 06:59:00+00:00,93868.87270820979
2026-07-01 07:14:00+00:00,93848.78699861321
2026-07-01 07:29:00+00:00,93853.3568052689
2026-07-01 07:44:00+00:00,93835.95256827182
2026-07-01 07:59:00+00:00,93838.01355480061
2026-07-01 08:14:00+00:00,93824.45145789551
2026-07-01 08:29:00+00:00,93837.44728414729
2026-07-01 08:44:00+00:00,93829.70936176278
2026-07-01 08:59:00+00:00,93880.5352341371
2026-07-01 09:14:00+00:00,93892.13040089674
2026-07-01 09:29:00+00:00,93913.90386529136
2026-07-01 09:44:00+00:00,93913.5606868881
2026-07-01 09:59:00+00:00,93913.0868556715
2026-07-01 10:14:00+00:00,93923.27318990749
2026-07-01 10:29:00+00:00,93925.18119497414
2026-07-01 10:44:00+00:00,93932.54838743198
2026-07-01 10:59:00+00:00,93873.48217448051
2026-07-01 11:14:00+00:00,93906.76217025089
2026-07-01 11:29:00+00:00,93930.48864357486
2026-07-01 11:44:00+00:00,93950.4382977561
2026-07-01 11:59:00+00:00,93963.8500218122
2026-07-01 12:14:00+00:00,93979.68212664269
2026-07-01 12:29:00+00:00,93970.33535968067
2026-07-01 12:44:00+00:00,93955.48136634413
2026-07-01 12:59:00+00:00,93938.92026654352
2026-07-01 13:14:00+00:00,93933.5644149614
2026-07-01 13:29:00+00:00,93937.13678458314
2026-07-01 13:44:00+00:00,93943.41589784472
2026-07-01 13:59:00+00:00,93936.62348338401
2026-07-01 14:14:00+00:00,93871.70804887568
2026-07-01 14:29:00+00:00,93947.02260746964
2026-07-01 14:44:00+00:00,93920.8227891744
2026-07-01 14:59:00+00:00,93912.24990109686
2026-07-01 15:14:00+00:00,93925.42461234205
2026-07-01 15:29:00+00:00,93885.1811886286
2026-07-01 15:44:00+00:00,93979.94577204254
2026-07-01 15:59:00+00:00,93979.55899120249
2026-07-01 16:14:00+00:00,93993.98012603945
2026-07-01 16:29:00+00:00,93991.3298014664
2026-07-01 16:44:00+00:00,94036.73595185153
2026-07-01 16:59:00+00:00,94053.01468463917
2026-07-01 17:14:00+00:00,94051.95442606257
2026-07-01 17:29:00+00:00,94050.85096839338
2026-07-01 17:44:00+00:00,94053.90397948885
2026-07-01 17:59:00+00:00,94048.735126711
2026-07-01 18:14:00+00:00,94042.37171699284
2026-07-01 18:29:00+00:00,94041.30362224071
2026-07-01 18:44:00+00:00,94050.90583392903
2026-07-01 18:59:00+00:00,94051.45266798366
2026-07-01 19:14:00+00:00,94040.08230861528
2026-07-01 19:29:00+00:00,94047.23995265923
2026-07-01 19:44:00+00:00,94040.38619250749
2026-07-01 19:59:00+00:00,94040.38619250749
2026-07-01 20:14:00+00:00,94040.38619250749
2026-07-01 20:29:00+00:00,94040.38619250749
2026-07-01 20:44:00+00:00,94040.38619250749
2026-07-01 20:59:00+00:00,94040.38619250749
2026-07-01 21:14:00+00:00,94040.38619250749
2026-07-01 21:29:00+00:00,94040.38619250749
2026-07-01 21:44:00+00:00,94040.38619250749
2026-07-01 21:59:00+00:00,94044.54117286326
2026-07-01 22:14:00+00:00,94069.72988465616
2026-07-01 22:29:00+00:00,94077.96463128987
2026-07-01 22:44:00+00:00,94052.34101403762
2026-07-01 22:59:00+00:00,94065.96244408881
2026-07-01 23:14:00+00:00,94044.65699759535
2026-07-01 23:29:00+00:00,94043.76719604233
2026-07-01 23:44:00+00:00,94050.43274023628
2026-07-01 23:59:00+00:00,94068.94538242184
2026-07-02 00:14:00+00:00,94064.97622017698
2026-07-02 00:29:00+00:00,94070.520278362
2026-07-02 00:44:00+00:00,94075.13534020349
2026-07-02 00:59:00+00:00,94072.65410387897
2026-07-02 01:14:00+00:00,94085.04037593261
2026-07-02 01:29:00+00:00,94077.52011657634
2026-07-02 01:44:00+00:00,94082.86972377493
2026-07-02 01:59:00+00:00,94091.89608342598
2026-07-02 02:14:00+00:00,94125.21908713238
2026-07-02 02:29:00+00:00,94109.95072795886
2026-07-02 02:44:00+00:00,94107.2080103988
2026-07-02 02:59:00+00:00,94110.34304643143
2026-07-02 03:14:00+00:00,94121.47846874731
2026-07-02 03:29:00+00:00,94130.34220377958
2026-07-02 03:44:00+00:00,94103.66583292936
2026-07-02 03:59:00+00:00,94085.6933099802
2026-07-02 04:14:00+00:00,94067.29935743724
2026-07-02 04:29:00+00:00,94080.95642032524
2026-07-02 04:44:00+00:00,94078.62132224908
2026-07-02 04:59:00+00:00,94078.68498520536
2026-07-02 05:14:00+00:00,94079.89455511197
2026-07-02 05:29:00+00:00,94077.79983422118
2026-07-02 05:44:00+00:00,94091.22988050894
2026-07-02 05:59:00+00:00,94085.6172845954
2026-07-02 06:14:00+00:00,94083.62700830954
2026-07-02 06:29:00+00:00,94093.7630573513
2026-07-02 06:44:00+00:00,94094.05465213876
2026-07-02 06:59:00+00:00,94102.49890546
2026-07-02 07:14:00+00:00,94077.58366431466
2026-07-02 07:29:00+00:00,94093.78897581103
2026-07-02 07:44:00+00:00,94086.99096274405
2026-07-02 07:59:00+00:00,94065.5382913222
2026-07-02 08:14:00+00:00,94075.50103532805
2026-07-02 08:29:00+00:00,94059.75451007717
2026-07-02 08:44:00+00:00,94056.74436737788
2026-07-02 08:59:00+00:00,94048.88189782659
2026-07-02 09:14:00+00:00,94076.87451623855
2026-07-02 09:29:00+00:00,94063.04017608277
2026-07-02 09:44:00+00:00,94066.14336967404
2026-07-02 09:59:00+00:00,94077.53244952075
2026-07-02 10:14:00+00:00,94015.90431801042
2026-07-02 10:29:00+00:00,94030.36565240724
2026-07-02 10:44:00+00:00,94009.55447566802
2026-07-02 10:59:00+00:00,93945.40640610525
2026-07-02 11:14:00+00:00,93943.04339428635
2026-07-02 11:29:00+00:00,93921.97488842819
2026-07-02 11:44:00+00:00,93855.56178276037
2026-07-02 11:59:00+00:00,93840.51556307454
2026-07-02 12:14:00+00:00,93808.59364661839
2026-07-02 12:29:00+00:00,93777.22694375507
2026-07-02 12:44:00+00:00,93801.6955835435
2026-07-02 12:59:00+00:00,93770.35971949768
2026-07-02 13:14:00+00:00,93749.8325526233
2026-07-02 13:29:00+00:00,93715.58225909546
2026-07-02 13:44:00+00:00,93667.7266038525
2026-07-02 13:59:00+00:00,93668.59729954528
2026-07-02 14:14:00+00:00,93608.39308160309
2026-07-02 14:29:00+00:00,93567.42416949708
2026-07-02 14:44:00+00:00,93646.81713207983
2026-07-02 14:59:00+00:00,93655.34969123619
2026-07-02 15:14:00+00:00,93648.49771984543
2026-07-02 15:29:00+00:00,93655.92315756713
2026-07-02 15:44:00+00:00,93648.22342362968
2026-07-02 15:59:00+00:00,93665.35763538507
2026-07-02 16:14:00+00:00,93645.89418427217
2026-07-02 16:29:00+00:00,93652.63573795652
2026-07-02 16:44:00+00:00,93602.7240792981
2026-07-02 16:59:00+00:00,93551.88117723868
2026-07-02 17:14:00+00:00,93573.32474830528
2026-07-02 17:29:00+00:00,93511.20016223707
2026-07-02 17:44:00+00:00,93523.3497234571
2026-07-02 17:59:00+00:00,93510.01783640812
2026-07-02 18:14:00+00:00,93485.82116746754
2026-07-02 18:29:00+00:00,93501.50149937053
2026-07-02 18:44:00+00:00,93494.09030962091
2026-07-02 18:59:00+00:00,93534.16814763956
2026-07-02 19:14:00+00:00,93581.90418012113
2026-07-02 19:29:00+00:00,93565.27331601329
2026-07-02 19:44:00+00:00,93556.27610575686
2026-07-02 19:59:00+00:00,93568.37609208167
2026-07-02 20:14:00+00:00,93552.70636670642
2026-07-02 20:29:00+00:00,93531.05324358337
2026-07-02 20:44:00+00:00,93485.08219690503
2026-07-02 20:59:00+00:00,93498.68830962236
2026-07-02 21:14:00+00:00,93494.82938085134
2026-07-02 21:29:00+00:00,93475.60530034611
2026-07-02 21:44:00+00:00,93491.01125338097
2026-07-02 21:59:00+00:00,93491.2859552536
2026-07-02 22:14:00+00:00,93471.41196880885
2026-07-02 22:29:00+00:00,93468.07275712778
2026-07-02 22:44:00+00:00,93449.56534194281
2026-07-02 22:59:00+00:00,93431.25272251738
2026-07-02 23:14:00+00:00,93442.49467624896
2026-07-02 23:29:00+00:00,93443.96686503351
2026-07-02 23:44:00+00:00,93433.93617474889
2026-07-02 23:59:00+00:00,93456.82289468357
2026-07-03 00:14:00+00:00,93444.69889818506
2026-07-03 00:29:00+00:00,93449.42802906877
2026-07-03 00:44:00+00:00,93440.6020897826
2026-07-03 00:59:00+00:00,93467.94428763574
2026-07-03 01:14:00+00:00,93465.66824235124
2026-07-03 01:29:00+00:00,93471.37517228704
2026-07-03 01:44:00+00:00,93486.74919285798
2026-07-03 01:59:00+00:00,93471.82899560404
2026-07-03 02:14:00+00:00,93452.52463904982
2026-07-03 02:29:00+00:00,93421.69522384195
2026-07-03 02:44:00+00:00,93440.16883885962
2026-07-03 02:59:00+00:00,93382.53983587648
2026-07-03 03:14:00+00:00,93430.9013840904
2026-07-03 03:29:00+00:00,93429.70608538156
2026-07-03 03:44:00+00:00,93427.07194027044
2026-07-03 03:59:00+00:00,93421.19990288343
2026-07-03 04:14:00+00:00,93462.19309087998
2026-07-03 04:29:00+00:00,93493.53332559283
2026-07-03 04:44:00+00:00,93489.15317368602
2026-07-03 04:59:00+00:00,93499.5954974776
2026-07-03 05:14:00+00:00,93498.35430004747
2026-07-03 05:29:00+00:00,93488.52278124889
2026-07-03 05:44:00+00:00,93487.37450209644
2026-07-03 05:59:00+00:00,93484.98564520995
2026-07-03 06:14:00+00:00,93509.69725636704
2026-07-03 06:29:00+00:00,93514.6734459366
2026-07-03 06:44:00+00:00,93509.38772209153
2026-07-03 06:59:00+00:00,93512.22631083836
2026-07-03 07:14:00+00:00,93523.46960734675
2026-07-03 07:29:00+00:00,93519.68056781139
2026-07-03 07:44:00+00:00,93515.14234091155
2026-07-03 07:59:00+00:00,93513.7576224093
2026-07-03 08:14:00+00:00,93519.79075007307
2026-07-03 08:29:00+00:00,93518.11488144015
2026-07-03 08:44:00+00:00,93518.11488144015
2026-07-03 08:59:00+00:00,93518.11488144015
2026-07-03 09:14:00+00:00,93505.07819700865
2026-07-03 09:29:00+00:00,93522.67510546354
2026-07-03 09:44:00+00:00,93530.45018437739
2026-07-03 09:59:00+00:00,93528.98265530386
2026-07-03 10:14:00+00:00,93524.4020760059
2026-07-03 10:29:00+00:00,93541.52318764565
2026-07-03 10:44:00+00:00,93543.15068647152
2026-07-03 10:59:00+00:00,93548.94038845325
2026-07-03 11:14:00+00:00,93542.5242430204
2026-07-03 11:29:00+00:00,93542.5242430204
2026-07-03 11:44:00+00:00,93542.5242430204
2026-07-03 11:59:00+00:00,93542.5242430204
2026-07-03 12:14:00+00:00,93542.5242430204
2026-07-03 12:29:00+00:00,93519.84200152122
2026-07-03 12:44:00+00:00,93527.7404230726
2026-07-03 12:59:00+00:00,93504.2830124483
2026-07-03 13:14:00+00:00,93473.59106073208
2026-07-03 13:29:00+00:00,93489.57342820961
2026-07-03 13:44:00+00:00,93474.43316135049
2026-07-03 13:59:00+00:00,93428.74316429393
2026-07-03 14:14:00+00:00,93441.34128314619
2026-07-03 14:29:00+00:00,93365.32808825336
2026-07-03 14:44:00+00:00,93385.60321835631
2026-07-03 14:59:00+00:00,93453.16560476263
2026-07-03 15:14:00+00:00,93518.91943720126
2026-07-03 15:29:00+00:00,93487.86362470186
2026-07-03 15:44:00+00:00,93496.16866027156
2026-07-03 15:59:00+00:00,93493.65380327644
2026-07-03 16:14:00+00:00,93485.00002422086
2026-07-03 16:29:00+00:00,93492.69079792293
2026-07-03 16:44:00+00:00,93490.99811539872
2026-07-03 16:59:00+00:00,93480.2313511265
2026-07-03 17:14:00+00:00,93444.31478546157
2026-07-03 17:29:00+00:00,93435.8832458583
2026-07-03 17:44:00+00:00,93434.30254543707
2026-07-03 17:59:00+00:00,93448.94794936231
2026-07-03 18:14:00+00:00,93443.25568724105
2026-07-03 18:29:00+00:00,93376.44909680383
2026-07-03 18:44:00+00:00,93308.91751450644
2026-07-03 18:59:00+00:00,93339.91161898267
2026-07-03 19:14:00+00:00,93234.12462353696
2026-07-03 19:29:00+00:00,93204.00796288169
2026-07-03 19:44:00+00:00,93286.11675414603
2026-07-03 19:59:00+00:00,93229.49497389531
2026-07-03 20:14:00+00:00,93216.78998014724
2026-07-03 20:29:00+00:00,93269.79851341693
2026-07-03 20:44:00+00:00,93273.51800355855
2026-07-03 20:59:00+00:00,93286.03432279594
2026-07-03 21:14:00+00:00,93284.53402999723
2026-07-03 21:29:00+00:00,93313.55241038685
2026-07-03 21:44:00+00:00,93323.90792082428
2026-07-03 21:59:00+00:00,93311.18651059481
2026-07-03 22:14:00+00:00,93312.42050370193
2026-07-03 22:29:00+00:00,93332.65754639092
2026-07-03 22:44:00+00:00,93336.14810299588
2026-07-03 22:59:00+00:00,93327.24100394693
2026-07-03 23:14:00+00:00,93327.97466788239
2026-07-03 23:29:00+00:00,93334.07808697096
2026-07-03 23:44:00+00:00,93373.93350574966
2026-07-03 23:59:00+00:00,93368.17231500118
2026-07-04 00:14:00+00:00,93365.0512356387
2026-07-04 00:29:00+00:00,93365.0512356387
2026-07-04 00:44:00+00:00,93365.0512356387
2026-07-04 00:59:00+00:00,93354.519529377
2026-07-04 01:14:00+00:00,93354.38625577974
2026-07-04 01:29:00+00:00,93348.45924629364
2026-07-04 01:44:00+00:00,93351.64709348822
2026-07-04 01:59:00+00:00,93370.44228601236
2026-07-04 02:14:00+00:00,93353.60953104659
2026-07-04 02:29:00+00:00,93318.52794988072
2026-07-04 02:44:00+00:00,93323.4770691314
2026-07-04 02:59:00+00:00,93369.63882311786
2026-07-04 03:14:00+00:00,93382.11434355186
2026-07-04 03:29:00+00:00,93377.60055797167
2026-07-04 03:44:00+00:00,93390.72203598313
2026-07-04 03:59:00+00:00,93389.81189805693
2026-07-04 04:14:00+00:00,93385.02239461702
2026-07-04 04:29:00+00:00,93385.02239461702
2026-07-04 04:44:00+00:00,93385.02239461702
2026-07-04 04:59:00+00:00,93399.14689229916
2026-07-04 05:14:00+00:00,93399.13565090591
2026-07-04 05:29:00+00:00,93396.05025065305
2026-07-04 05:44:00+00:00,93388.695915933
2026-07-04 05:59:00+00:00,93380.82802311718
2026-07-04 06:14:00+00:00,93386.13167547509
2026-07-04 06:29:00+00:00,93410.90846229538
2026-07-04 06:44:00+00:00,93422.70449586729
2026-07-04 06:59:00+00:00,93417.83553251093
2026-07-04 07:14:00+00:00,93422.24152045933
2026-07-04 07:29:00+00:00,93416.64250415807
2026-07-04 07:44:00+00:00,93416.64250415807
2026-07-04 07:59:00+00:00,93424.03539953598
2026-07-04 08:14:00+00:00,93422.93502099028
2026-07-04 08:29:00+00:00,93419.19880647132
2026-07-04 08:44:00+00:00,93428.09016147631
2026-07-04 08:59:00+00:00,93433.43568224375
2026-07-04 09:14:00+00:00,93449.31793715207
2026-07-04 09:29:00+00:00,93441.19503888566
2026-07-04 09:44:00+00:00,93425.15873389452
2026-07-04 09:59:00+00:00,93433.4298908466
2026-07-04 10:14:00+00:00,93420.88914792996
2026-07-04 10:29:00+00:00,93427.23232649581
2026-07-04 10:44:00+00:00,93415.03730648344
2026-07-04 10:59:00+00:00,93434.34807773885
2026-07-04 11:14:00+00:00,93441.0495679106
2026-07-04 11:29:00+00:00,93457.13622849568
2026-07-04 11:44:00+00:00,93457.52176274109
2026-07-04 11:59:00+00:00,93454.94205127287
2026-07-04 12:14:00+00:00,93452.7903797804
2026-07-04 12:29:00+00:00,93447.20056297233
2026-07-04 12:44:00+00:00,93469.78720514581
2026-07-04 12:59:00+00:00,93467.4782174621
2026-07-04 13:14:00+00:00,93449.61229308487
2026-07-04 13:29:00+00:00,93449.89000118827
2026-07-04 13:44:00+00:00,93447.67576543364
2026-07-04 13:59:00+00:00,93446.81722708426
2026-07-04 14:14:00+00:00,93413.87467765764
2026-07-04 14:29:00+00:00,93427.36037209054
2026-07-04 14:44:00+00:00,93388.4247369011
2026-07-04 14:59:00+00:00,93322.57979139831
2026-07-04 15:14:00+00:00,93283.99072220609
2026-07-04 15:29:00+00:00,93249.65344451174
2026-07-04 15:44:00+00:00,93215.00203427552
2026-07-04 15:59:00+00:00,93211.2715102624
2026-07-04 16:14:00+00:00,93127.66660603693
2026-07-04 16:29:00+00:00,93065.21297449226
2026-07-04 16:44:00+00:00,93186.24750306494
2026-07-04 16:59:00+00:00,93143.44333699686
2026-07-04 17:14:00+00:00,93109.24295109966
2026-07-04 17:29:00+00:00,93111.23689547574
2026-07-04 17:44:00+00:00,93081.3847203369
2026-07-04 17:59:00+00:00,93046.39492881285
2026-07-04 18:14:00+00:00,93093.67766852358
2026-07-04 18:29:00+00:00,93135.83226240231
2026-07-04 18:44:00+00:00,93171.9225614704
2026-07-04 18:59:00+00:00,93156.67313777661
2026-07-04 19:14:00+00:00,93159.8634528064
2026-07-04 19:29:00+00:00,93156.69295249721
2026-07-04 19:44:00+00:00,93156.69295249721
2026-07-04 19:59:00+00:00,93156.69295249721
2026-07-04 20:14:00+00:00,93159.56072658148
2026-07-04 20:29:00+00:00,93144.12990103436
2026-07-04 20:44:00+00:00,93147.10095270071
2026-07-04 20:59:00+00:00,93151.78025099695
2026-07-04 21:14:00+00:00,93172.65819542437
2026-07-04 21:29:00+00:00,93140.26450542032
2026-07-04 21:44:00+00:00,93122.94380761878
2026-07-04 21:59:00+00:00,93129.93617743354
2026-07-04 22:14:00+00:00,93148.80717692207
2026-07-04 22:29:00+00:00,93136.33295762449
2026-07-04 22:44:00+00:00,93119.84285705561
2026-07-04 22:59:00+00:00,93082.66426001336
2026-07-04 23:14:00+00:00,93094.58617386785
2026-07-04 23:29:00+00:00,93069.47956080263
2026-07-04 23:44:00+00:00,93071.30850215875
2026-07-04 23:59:00+00:00,93046.39619488988
2026-07-05 00:14:00+00:00,93036.89860717818
2026-07-05 00:29:00+00:00,93056.11722305109
2026-07-05 00:44:00+00:00,93030.61333744976
2026-07-05 00:59:00+00:00,93012.47487985628
2026-07-05 01:14:00+00:00,92987.236369423
2026-07-05 01:29:00+00:00,92962.82355357411
2026-07-05 01:44:00+00:00,92967.16249616252
2026-07-05 01:59:00+00:00,92961.63650970564
2026-07-05 02:14:00+00:00,92963.55086474713
2026-07-05 02:29:00+00:00,92997.80906603648
2026-07-05 02:44:00+00:00,92991.03603830666
2026-07-05 02:59:00+00:00,93010.6531286316
2026-07-05 03:14:00+00:00,93021.63424431479
2026-07-05 03:29:00+00:00,93010.21752294412
2026-07-05 03:44:00+00:00,93010.1129182636
2026-07-05 03:59:00+00:00,93012.98667888025
2026-07-05 04:14:00+00:00,93014.32668655322
2026-07-05 04:29:00+00:00,93019.04028059679
2026-07-05 04:44:00+00:00,93018.0300441088
2026-07-05 04:59:00+00:00,93018.0300441088
2026-07-05 05:14:00+00:00,93005.6003744484
2026-07-05 05:29:00+00:00,93004.2387346825
2026-07-05 05:44:00+00:00,93036.59278390024
2026-07-05 05:59:00+00:00,93017.93556968516
2026-07-05 06:14:00+00:00,93028.63024516164
2026-07-05 06:29:00+00:00,93035.8860695453
2026-07-05 06:44:00+00:00,93034.72273466416
2026-07-05 06:59:00+00:00,93034.72273466416
2026-07-05 07:14:00+00:00,93034.72273466416
2026-07-05 07:29:00+00:00,93034.72273466416
2026-07-05 07:44:00+00:00,93034.72273466416
2026-07-05 07:59:00+00:00,93034.72273466416
2026-07-05 08:14:00+00:00,93034.72273466416
2026-07-05 08:29:00+00:00,93034.72273466416
2026-07-05 08:44:00+00:00,93034.72273466416
2026-07-05 08:59:00+00:00,93034.72273466416
2026-07-05 09:14:00+00:00,93046.13822560727
2026-07-05 09:29:00+00:00,93037.29075592537
2026-07-05 09:44:00+00:00,93028.5840024741
2026-07-05 09:59:00+00:00,93017.48149059758
2026-07-05 10:14:00+00:00,93018.55923010423
2026-07-05 10:29:00+00:00,93015.44691930778
2026-07-05 10:44:00+00:00,93025.01082760774
2026-07-05 10:59:00+00:00,93028.50791167324
2026-07-05 11:14:00+00:00,93021.83144325207
2026-07-05 11:29:00+00:00,93016.31445404784
2026-07-05 11:44:00+00:00,93027.55314118312
2026-07-05 11:59:00+00:00,93016.91838273198
2026-07-05 12:14:00+00:00,92979.00342567859
2026-07-05 12:29:00+00:00,93020.46118732126
2026-07-05 12:44:00+00:00,93035.3119189762
2026-07-05 12:59:00+00:00,93070.61743772768
2026-07-05 13:14:00+00:00,93058.70028018612
2026-07-05 13:29:00+00:00,93063.83127328631
2026-07-05 13:44:00+00:00,93062.00613234131
2026-07-05 13:59:00+00:00,93050.7387298868
2026-07-05 14:14:00+00:00,93033.28792363363
2026-07-05 14:29:00+00:00,93033.59318538324
2026-07-05 14:44:00+00:00,93047.46229864152
2026-07-05 14:59:00+00:00,93062.74765539473
2026-07-05 15:14:00+00:00,93055.96690007982
2026-07-05 15:29:00+00:00,93059.82802731956
2026-07-05 15:44:00+00:00,93057.6883325148
2026-07-05 15:59:00+00:00,93053.3191775181
2026-07-05 16:14:00+00:00,93016.44732183816
2026-07-05 16:29:00+00:00,93079.9601914943
2026-07-05 16:44:00+00:00,93077.81743491329
2026-07-05 16:59:00+00:00,93077.81743491329
2026-07-05 17:14:00+00:00,93077.81743491329
2026-07-05 17:29:00+00:00,93077.81743491329
2026-07-05 17:44:00+00:00,93077.81743491329
2026-07-05 17:59:00+00:00,93077.81743491329
2026-07-05 18:14:00+00:00,93077.81743491329
2026-07-05 18:29:00+00:00,93077.81743491329
2026-07-05 18:44:00+00:00,93077.81743491329
2026-07-05 18:59:00+00:00,93095.8377258246
2026-07-05 19:14:00+00:00,93107.77187586983
2026-07-05 19:29:00+00:00,93021.11879630185
2026-07-05 19:44:00+00:00,93048.0502684044
2026-07-05 19:59:00+00:00,93038.7721856072
2026-07-05 20:14:00+00:00,93090.32233550253
2026-07-05 20:29:00+00:00,93084.18606364576
2026-07-05 20:44:00+00:00,93083.3726567101
2026-07-05 20:59:00+00:00,93105.61789926267
2026-07-05 21:14:00+00:00,93098.60876042218
2026-07-05 21:29:00+00:00,93105.5111963675
2026-07-05 21:44:00+00:00,93125.03146280923
2026-07-05 21:59:00+00:00,93135.69499382435
2026-07-05 22:14:00+00:00,93144.64441145056
2026-07-05 22:29:00+00:00,93146.06780018918
2026-07-05 22:44:00+00:00,93140.90232236894
2026-07-05 22:59:00+00:00,93139.2878862517
2026-07-05 23:14:00+00:00,93126.85032396657
2026-07-05 23:29:00+00:00,93116.41912512798
2026-07-05 23:44:00+00:00,93186.68243371576
2026-07-05 23:59:00+00:00,93190.94379742793
2026-07-06 00:14:00+00:00,93187.81559792506
2026-07-06 00:29:00+00:00,93170.10628184704
2026-07-06 00:44:00+00:00,93180.40551085888
2026-07-06 00:59:00+00:00,93170.1164328308
2026-07-06 01:14:00+00:00,93174.96842062064
2026-07-06 01:29:00+00:00,93159.0208973948
2026-07-06 01:44:00+00:00,93179.4999298781
2026-07-06 01:59:00+00:00,93190.92296575055
2026-07-06 02:14:00+00:00,93188.61911797166
2026-07-06 02:29:00+00:00,93188.61911797166
2026-07-06 02:44:00+00:00,93188.61911797166
2026-07-06 02:59:00+00:00,93188.61911797166
2026-07-06 03:14:00+00:00,93188.61911797166
2026-07-06 03:29:00+00:00,93188.61911797166
2026-07-06 03:44:00+00:00,93188.61911797166
2026-07-06 03:59:00+00:00,93188.61911797166
2026-07-06 04:14:00+00:00,93188.61911797166
2026-07-06 04:29:00+00:00,93188.61911797166
2026-07-06 04:44:00+00:00,93188.61911797166
2026-07-06 04:59:00+00:00,93193.49999585714
2026-07-06 05:14:00+00:00,93197.9812591732
2026-07-06 05:29:00+00:00,93236.88603121016
2026-07-06 05:44:00+00:00,93196.50857660647
2026-07-06 05:59:00+00:00,93166.71977433843
2026-07-06 06:14:00+00:00,93196.79857785803
2026-07-06 06:29:00+00:00,93188.40032455196
2026-07-06 06:44:00+00:00,93193.03316570344
2026-07-06 06:59:00+00:00,93164.85151685795
2026-07-06 07:14:00+00:00,93174.06542311516
2026-07-06 07:29:00+00:00,93157.23847942583
2026-07-06 07:44:00+00:00,93152.80373140339
2026-07-06 07:59:00+00:00,93144.52989277756
2026-07-06 08:14:00+00:00,93133.59236222484
2026-07-06 08:29:00+00:00,93142.50984358901
2026-07-06 08:44:00+00:00,93192.51053330234
2026-07-06 08:59:00+00:00,93199.09838291582
2026-07-06 09:14:00+00:00,93199.09838291582
2026-07-06 09:29:00+00:00,93199.09838291582
2026-07-06 09:44:00+00:00,93199.09838291582
2026-07-06 09:59:00+00:00,93199.09838291582
2026-07-06 10:14:00+00:00,93199.09838291582
2026-07-06 10:29:00+00:00,93199.09838291582
2026-07-06 10:44:00+00:00,93199.09838291582
2026-07-06 10:59:00+00:00,93199.09838291582
2026-07-06 11:14:00+00:00,93181.37996294418
2026-07-06 11:29:00+00:00,93239.9921004618
2026-07-06 11:44:00+00:00,93255.13994547725
2026-07-06 11:59:00+00:00,93269.33740563838
2026-07-06 12:14:00+00:00,93240.11360749952
2026-07-06 12:29:00+00:00,93220.55609740417
2026-07-06 12:44:00+00:00,93226.83935259409
2026-07-06 12:59:00+00:00,93232.65528512445
2026-07-06 13:14:00+00:00,93239.64400107934
2026-07-06 13:29:00+00:00,93205.98886751612
2026-07-06 13:44:00+00:00,93234.62279355791
2026-07-06 13:59:00+00:00,93237.77748952847
2026-07-06 14:14:00+00:00,93204.5664400747
2026-07-06 14:29:00+00:00,93216.37819302882
2026-07-06 14:44:00+00:00,93258.33853990202
2026-07-06 14:59:00+00:00,93251.53468507723
2026-07-06 15:14:00+00:00,93193.68100979492
2026-07-06 15:29:00+00:00,93232.84677979312
2026-07-06 15:44:00+00:00,93208.45701182625
2026-07-06 15:59:00+00:00,93152.26703214608
2026-07-06 16:14:00+00:00,93160.4519621722
2026-07-06 16:29:00+00:00,93178.1981775867
2026-07-06 16:44:00+00:00,93205.71658739711
2026-07-06 16:59:00+00:00,93199.58039604491
2026-07-06 17:14:00+00:00,93222.77826267845
2026-07-06 17:29:00+00:00,93219.15874076978
2026-07-06 17:44:00+00:00,93238.93189577085
2026-07-06 17:59:00+00:00,93256.53577987023
2026-07-06 18:14:00+00:00,93242.21404294902
2026-07-06 18:29:00+00:00,93239.01041092176
2026-07-06 18:44:00+00:00,93210.00174561779
2026-07-06 18:59:00+00:00,93215.60095195702
2026-07-06 19:14:00+00:00,93186.86790447052
2026-07-06 19:29:00+00:00,93222.59515438383
2026-07-06 19:44:00+00:00,93224.93319510533
2026-07-06 19:59:00+00:00,93216.43568149055
2026-07-06 20:14:00+00:00,93209.14280686376
2026-07-06 20:29:00+00:00,93208.62514156905
2026-07-06 20:44:00+00:00,93209.61932325512
2026-07-06 20:59:00+00:00,93209.90357725612
2026-07-06 21:14:00+00:00,93211.34731917808
2026-07-06 21:29:00+00:00,93223.1886012007
2026-07-06 21:44:00+00:00,93228.83885345027
2026-07-06 21:59:00+00:00,93201.02417910573
2026-07-06 22:14:00+00:00,93209.78045795861
2026-07-06 22:29:00+00:00,93206.66145540669
2026-07-06 22:44:00+00:00,93193.73425583623
2026-07-06 22:59:00+00:00,93191.64532492157
2026-07-06 23:14:00+00:00,93207.33275644312
2026-07-06 23:29:00+00:00,93220.69096389377
2026-07-06 23:44:00+00:00,93253.81109652591
2026-07-06 23:59:00+00:00,93250.41853892473
2026-07-07 00:14:00+00:00,93250.41853892473
2026-07-07 00:29:00+00:00,93250.41853892473
2026-07-07 00:44:00+00:00,93250.41853892473
2026-07-07 00:59:00+00:00,93250.41853892473
2026-07-07 01:14:00+00:00,93250.41853892473
2026-07-07 01:29:00+00:00,93250.41853892473
2026-07-07 01:44:00+00:00,93252.16668957105
2026-07-07 01:59:00+00:00,93244.35960290206
2026-07-07 02:14:00+00:00,93251.00212791466
2026-07-07 02:29:00+00:00,93256.1825422423
2026-07-07 02:44:00+00:00,93268.99479724193
2026-07-07 02:59:00+00:00,93282.43722721691
2026-07-07 03:14:00+00:00,93285.78695934264
2026-07-07 03:29:00+00:00,93258.74098156535
2026-07-07 03:44:00+00:00,93239.32619438902
2026-07-07 03:59:00+00:00,93255.04149205005
2026-07-07 04:14:00+00:00,93259.49734687811
2026-07-07 04:29:00+00:00,93253.3783798409
2026-07-07 04:44:00+00:00,93253.24051779712
2026-07-07 04:59:00+00:00,93251.76272578382
2026-07-07 05:14:00+00:00,93221.01081022208
2026-07-07 05:29:00+00:00,93229.07981514001
2026-07-07 05:44:00+00:00,93276.37879748123
2026-07-07 05:59:00+00:00,93273.10352179634
2026-07-07 06:14:00+00:00,93273.10352179634
2026-07-07 06:29:00+00:00,93273.10352179634
2026-07-07 06:44:00+00:00,93273.10352179634
2026-07-07 06:59:00+00:00,93273.10352179634
2026-07-07 07:14:00+00:00,93273.10352179634
2026-07-07 07:29:00+00:00,93273.10352179634
2026-07-07 07:44:00+00:00,93292.53521071612
2026-07-07 07:59:00+00:00,93292.12827021463
2026-07-07 08:14:00+00:00,93269.52906039756
2026-07-07 08:29:00+00:00,93302.55340543056
2026-07-07 08:44:00+00:00,93278.83292015726
2026-07-07 08:59:00+00:00,93295.8663805238
2026-07-07 09:14:00+00:00,93267.75595778634
2026-07-07 09:29:00+00:00,93260.63730222522
2026-07-07 09:44:00+00:00,93273.06412691568
2026-07-07 09:59:00+00:00,93243.72614393492
2026-07-07 10:14:00+00:00,93259.17934122402
2026-07-07 10:29:00+00:00,93291.11718939006
2026-07-07 10:44:00+00:00,93286.8292340539
2026-07-07 10:59:00+00:00,93286.8292340539
2026-07-07 11:14:00+00:00,93286.8292340539
2026-07-07 11:29:00+00:00,93286.8292340539
2026-07-07 11:44:00+00:00,93286.8292340539
2026-07-07 11:59:00+00:00,93286.8292340539
2026-07-07 12:14:00+00:00,93286.8292340539
2026-07-07 12:29:00+00:00,93286.8292340539
2026-07-07 12:44:00+00:00,93286.8292340539
2026-07-07 12:59:00+00:00,93286.8292340539
2026-07-07 13:14:00+00:00,93286.8292340539
2026-07-07 13:29:00+00:00,93286.8292340539
2026-07-07 13:44:00+00:00,93286.8292340539
2026-07-07 13:59:00+00:00,93286.8292340539
2026-07-07 14:14:00+00:00,93286.8292340539
2026-07-07 14:29:00+00:00,93286.8292340539
2026-07-07 14:44:00+00:00,93286.8292340539
2026-07-07 14:59:00+00:00,93286.8292340539
2026-07-07 15:14:00+00:00,93272.08750355085
2026-07-07 15:29:00+00:00,93277.27889032518
2026-07-07 15:44:00+00:00,93306.96619065417
2026-07-07 15:59:00+00:00,93297.51203590412
2026-07-07 16:14:00+00:00,93334.89735127728
2026-07-07 16:29:00+00:00,93304.59672357955
2026-07-07 16:44:00+00:00,93322.39368848149
2026-07-07 16:59:00+00:00,93339.8698699564
2026-07-07 17:14:00+00:00,93322.44667779651
2026-07-07 17:29:00+00:00,93325.40486855102
2026-07-07 17:44:00+00:00,93317.40069997124
2026-07-07 17:59:00+00:00,93320.85570712156
2026-07-07 18:14:00+00:00,93325.35026965506
2026-07-07 18:29:00+00:00,93326.34744110281
2026-07-07 18:44:00+00:00,93326.34744110281
2026-07-07 18:59:00+00:00,93356.69799036586
2026-07-07 19:14:00+00:00,93353.91396087217
2026-07-07 19:29:00+00:00,93357.51859049429
2026-07-07 19:44:00+00:00,93338.91542684368
2026-07-07 19:59:00+00:00,93325.20821448456
2026-07-07 20:14:00+00:00,93347.19949030009
2026-07-07 20:29:00+00:00,93350.31771050242
2026-07-07 20:44:00+00:00,93344.67719082945
2026-07-07 20:59:00+00:00,93344.67719082945
2026-07-07 21:14:00+00:00,93344.67719082945
2026-07-07 21:29:00+00:00,93344.67719082945
2026-07-07 21:44:00+00:00,93344.67719082945
2026-07-07 21:59:00+00:00,93349.13352321541
2026-07-07 22:14:00+00:00,93363.21355742334
2026-07-07 22:29:00+00:00,93361.25362764733
2026-07-07 22:44:00+00:00,93360.79067031402
2026-07-07 22:59:00+00:00,93368.46722672999
2026-07-07 23:14:00+00:00,93369.01842660768
2026-07-07 23:29:00+00:00,93369.01842660768
2026-07-07 23:44:00+00:00,93369.01842660768
2026-07-07 23:59:00+00:00,93369.01842660768
2026-07-08 00:14:00+00:00,93369.01842660768
2026-07-08 00:29:00+00:00,93369.01842660768
2026-07-08 00:44:00+00:00,93379.6599034503
2026-07-08 00:59:00+00:00,93379.82373705263
2026-07-08 01:14:00+00:00,93386.55515072434
2026-07-08 01:29:00+00:00,93397.14661555603
2026-07-08 01:44:00+00:00,93406.42318564747
2026-07-08 01:59:00+00:00,93364.83708847007
2026-07-08 02:14:00+00:00,93268.55520348056
2026-07-08 02:29:00+00:00,93316.58084746731
2026-07-08 02:44:00+00:00,93358.47815475198
2026-07-08 02:59:00+00:00,93361.75921246216
2026-07-08 03:14:00+00:00,93386.58399740695
2026-07-08 03:29:00+00:00,93380.94435104492
2026-07-08 03:44:00+00:00,93389.73293643571
2026-07-08 03:59:00+00:00,93391.9659591189
2026-07-08 04:14:00+00:00,93399.81228228266
2026-07-08 04:29:00+00:00,93404.97679129352
2026-07-08 04:44:00+00:00,93385.38411181678
2026-07-08 04:59:00+00:00,93368.70397843384
2026-07-08 05:14:00+00:00,93290.6577308067
2026-07-08 05:29:00+00:00,93231.51388075523
2026-07-08 05:44:00+00:00,93255.19082416606
2026-07-08 05:59:00+00:00,93272.03642142753
2026-07-08 06:14:00+00:00,93254.34884237399
2026-07-08 06:29:00+00:00,93289.33313595735
2026-07-08 06:44:00+00:00,93302.38716258264
2026-07-08 06:59:00+00:00,93289.76523235148
2026-07-08 07:14:00+00:00,93270.52175680544
2026-07-08 07:29:00+00:00,93295.14271797698
2026-07-08 07:44:00+00:00,93315.10257560635
2026-07-08 07:59:00+00:00,93319.19772165346
2026-07-08 08:14:00+00:00,93316.1571626654
2026-07-08 08:29:00+00:00,93316.1571626654
2026-07-08 08:44:00+00:00,93293.41778611342
2026-07-08 08:59:00+00:00,93346.8315023122
2026-07-08 09:14:00+00:00,93382.79214428703
2026-07-08 09:29:00+00:00,93420.48780421176
2026-07-08 09:44:00+00:00,93425.79202337554
2026-07-08 09:59:00+00:00,93418.80287120231
2026-07-08 10:14:00+00:00,93440.03633313192
2026-07-08 10:29:00+00:00,93439.36484921402
2026-07-08 10:44:00+00:00,93438.02608317575
2026-07-08 10:59:00+00:00,93438.02608317575
2026-07-08 11:14:00+00:00,93438.02608317575
2026-07-08 11:29:00+00:00,93438.02608317575
2026-07-08 11:44:00+00:00,93438.02608317575
2026-07-08 11:59:00+00:00,93438.02608317575
2026-07-08 12:14:00+00:00,93438.02608317575
2026-07-08 12:29:00+00:00,93438.02608317575
2026-07-08 12:44:00+00:00,93438.02608317575
2026-07-08 12:59:00+00:00,93450.03505578062
2026-07-08 13:14:00+00:00,93452.83891956208
2026-07-08 13:29:00+00:00,93461.4856046004
2026-07-08 13:44:00+00:00,93465.84098131339
2026-07-08 13:59:00+00:00,93478.74296015085
2026-07-08 14:14:00+00:00,93474.73227584144
2026-07-08 14:29:00+00:00,93474.73227584144
2026-07-08 14:44:00+00:00,93470.42921465839
2026-07-08 14:59:00+00:00,93463.98804454187
2026-07-08 15:14:00+00:00,93477.60399656136
2026-07-08 15:29:00+00:00,93471.75519849174
2026-07-08 15:44:00+00:00,93478.51022774295
2026-07-08 15:59:00+00:00,93473.33627080967
2026-07-08 16:14:00+00:00,93472.9934644827
2026-07-08 16:29:00+00:00,93468.97294370564
2026-07-08 16:44:00+00:00,93489.11656073337
2026-07-08 16:59:00+00:00,93486.40516809498
2026-07-08 17:14:00+00:00,93487.60805947508
2026-07-08 17:29:00+00:00,93487.60805947508
2026-07-08 17:44:00+00:00,93487.60805947508
2026-07-08 17:59:00+00:00,93487.60805947508
2026-07-08 18:14:00+00:00,93487.60805947508
2026-07-08 18:29:00+00:00,93487.60805947508
2026-07-08 18:44:00+00:00,93487.60805947508
2026-07-08 18:59:00+00:00,93487.60805947508
2026-07-08 19:14:00+00:00,93487.60805947508
2026-07-08 19:29:00+00:00,93487.60805947508
2026-07-08 19:44:00+00:00,93487.60805947508
2026-07-08 19:59:00+00:00,93487.60805947508
2026-07-08 20:14:00+00:00,93487.60805947508
2026-07-08 20:29:00+00:00,93487.60805947508
2026-07-08 20:44:00+00:00,93487.60805947508
2026-07-08 20:59:00+00:00,93487.60805947508
2026-07-08 21:14:00+00:00,93487.60805947508
2026-07-08 21:29:00+00:00,93502.48789356535
2026-07-08 21:44:00+00:00,93471.70528393309
2026-07-08 21:59:00+00:00,93488.95834419591
2026-07-08 22:14:00+00:00,93483.93961100829
2026-07-08 22:29:00+00:00,93491.4736636644
2026-07-08 22:44:00+00:00,93509.2233976778
2026-07-08 22:59:00+00:00,93516.1422388836
2026-07-08 23:14:00+00:00,93514.55789324852
2026-07-08 23:29:00+00:00,93514.55789324852
2026-07-08 23:44:00+00:00,93514.55789324852
2026-07-08 23:59:00+00:00,93514.55789324852
2026-07-09 00:14:00+00:00,93514.55789324852
2026-07-09 00:29:00+00:00,93514.55789324852
2026-07-09 00:44:00+00:00,93514.55789324852
2026-07-09 00:59:00+00:00,93514.55789324852
2026-07-09 01:14:00+00:00,93514.55789324852
2026-07-09 01:29:00+00:00,93514.55789324852
2026-07-09 01:44:00+00:00,93547.12064465799
2026-07-09 01:59:00+00:00,93561.23827512871
2026-07-09 02:14:00+00:00,93535.15640251346
2026-07-09 02:29:00+00:00,93540.18778565768
2026-07-09 02:44:00+00:00,93570.52717286383
2026-07-09 02:59:00+00:00,93553.11949695412
2026-07-09 03:14:00+00:00,93580.62790676851
2026-07-09 03:29:00+00:00,93562.23950247667
2026-07-09 03:44:00+00:00,93559.76484580863
2026-07-09 03:59:00+00:00,93562.06929541122
2026-07-09 04:14:00+00:00,93553.31313748864
2026-07-09 04:29:00+00:00,93558.03436525272
2026-07-09 04:44:00+00:00,93565.578566213
2026-07-09 04:59:00+00:00,93543.66254034701
2026-07-09 05:14:00+00:00,93552.36655271877
2026-07-09 05:29:00+00:00,93574.43368769805
2026-07-09 05:44:00+00:00,93595.56751138698
2026-07-09 05:59:00+00:00,93586.73102777066
2026-07-09 06:14:00+00:00,93578.57060165169
2026-07-09 06:29:00+00:00,93626.98026029542
2026-07-09 06:44:00+00:00,93571.89733804566
2026-07-09 06:59:00+00:00,93567.90296868107
2026-07-09 07:14:00+00:00,93555.02238810353
2026-07-09 07:29:00+00:00,93560.05081819043
2026-07-09 07:44:00+00:00,93596.9128922749
2026-07-09 07:59:00+00:00,93602.45900914767
2026-07-09 08:14:00+00:00,93622.05091432261
2026-07-09 08:29:00+00:00,93621.34434016934
2026-07-09 08:44:00+00:00,93618.37051008173
2026-07-09 08:59:00+00:00,93626.66359270847
2026-07-09 09:14:00+00:00,93619.43362934374
2026-07-09 09:29:00+00:00,93627.77775826261
2026-07-09 09:44:00+00:00,93629.11034731538
2026-07-09 09:59:00+00:00,93633.37643022253
2026-07-09 10:14:00+00:00,93629.30583489743
2026-07-09 10:29:00+00:00,93628.82770744653
2026-07-09 10:44:00+00:00,93623.75211791102
2026-07-09 10:59:00+00:00,93627.45468070064
2026-07-09 11:14:00+00:00,93623.82084508686
2026-07-09 11:29:00+00:00,93628.47015339824
2026-07-09 11:44:00+00:00,93626.00479849022
2026-07-09 11:59:00+00:00,93665.74579790741
2026-07-09 12:14:00+00:00,93629.93686161432
2026-07-09 12:29:00+00:00,93595.25731489951
2026-07-09 12:44:00+00:00,93596.6999029444
2026-07-09 12:59:00+00:00,93613.59176745986
2026-07-09 13:14:00+00:00,93589.63533610424
2026-07-09 13:29:00+00:00,93564.31358804615
2026-07-09 13:44:00+00:00,93589.73750519917
2026-07-09 13:59:00+00:00,93558.69916077207
2026-07-09 14:14:00+00:00,93571.79268630981
2026-07-09 14:29:00+00:00,93571.41650206214
2026-07-09 14:44:00+00:00,93561.18586521302
2026-07-09 14:59:00+00:00,93570.23487643097
2026-07-09 15:14:00+00:00,93558.03620181317
2026-07-09 15:29:00+00:00,93530.22566595978
2026-07-09 15:44:00+00:00,93484.62284943274
2026-07-09 15:59:00+00:00,93465.41949568393
2026-07-09 16:14:00+00:00,93445.20908841361
2026-07-09 16:29:00+00:00,93438.23603115171
2026-07-09 16:44:00+00:00,93440.23948990778
2026-07-09 16:59:00+00:00,93445.5603693604
2026-07-09 17:14:00+00:00,93481.74266631521
2026-07-09 17:29:00+00:00,93485.0001765935
2026-07-09 17:44:00+00:00,93482.14864419626
2026-07-09 17:59:00+00:00,93482.14864419626
2026-07-09 18:14:00+00:00,93482.14864419626
2026-07-09 18:29:00+00:00,93485.62725381527
2026-07-09 18:44:00+00:00,93494.89319351953
2026-07-09 18:59:00+00:00,93500.60744790845
2026-07-09 19:14:00+00:00,93490.79233612704
2026-07-09 19:29:00+00:00,93486.7358708405
2026-07-09 19:44:00+00:00,93443.34045048199
2026-07-09 19:59:00+00:00,93456.08590868962
2026-07-09 20:14:00+00:00,93473.54345605892
2026-07-09 20:29:00+00:00,93455.06015322043
2026-07-09 20:44:00+00:00,93482.32361933301
2026-07-09 20:59:00+00:00,93490.35342405908
2026-07-09 21:14:00+00:00,93493.41479354797
2026-07-09 21:29:00+00:00,93511.44067069252
2026-07-09 21:44:00+00:00,93511.0827889361
2026-07-09 21:59:00+00:00,93505.5375484511
2026-07-09 22:14:00+00:00,93505.5375484511
2026-07-09 22:29:00+00:00,93505.5375484511
2026-07-09 22:44:00+00:00,93505.5375484511
2026-07-09 22:59:00+00:00,93505.5375484511
2026-07-09 23:14:00+00:00,93505.5375484511
2026-07-09 23:29:00+00:00,93505.5375484511
2026-07-09 23:44:00+00:00,93505.5375484511
2026-07-09 23:59:00+00:00,93505.5375484511
2026-07-10 00:14:00+00:00,93505.5375484511
2026-07-10 00:29:00+00:00,93505.5375484511
2026-07-10 00:44:00+00:00,93505.5375484511
2026-07-10 00:59:00+00:00,93505.5375484511
2026-07-10 01:14:00+00:00,93505.5375484511
2026-07-10 01:29:00+00:00,93505.5375484511
2026-07-10 01:44:00+00:00,93505.5375484511
2026-07-10 01:59:00+00:00,93505.5375484511
2026-07-10 02:14:00+00:00,93536.69267817152
2026-07-10 02:29:00+00:00,93555.82873947089
2026-07-10 02:44:00+00:00,93538.9688971762
2026-07-10 02:59:00+00:00,93529.81780057286
2026-07-10 03:14:00+00:00,93534.3365592353
2026-07-10 03:29:00+00:00,93532.08240144295
2026-07-10 03:44:00+00:00,93521.57484192544
2026-07-10 03:59:00+00:00,93527.94120278898
2026-07-10 04:14:00+00:00,93521.71109077329
2026-07-10 04:29:00+00:00,93547.51396105098
2026-07-10 04:44:00+00:00,93539.80547502989
2026-07-10 04:59:00+00:00,93547.8906354548
2026-07-10 05:14:00+00:00,93540.86818743571
2026-07-10 05:29:00+00:00,93544.43718795497
2026-07-10 05:44:00+00:00,93525.40593751468
2026-07-10 05:59:00+00:00,93521.74686687223
2026-07-10 06:14:00+00:00,93531.33865782729
2026-07-10 06:29:00+00:00,93546.52691570244
2026-07-10 06:44:00+00:00,93541.81323195623
2026-07-10 06:59:00+00:00,93541.81323195623
2026-07-10 07:14:00+00:00,93541.81323195623
2026-07-10 07:29:00+00:00,93541.81323195623
2026-07-10 07:44:00+00:00,93541.81323195623
2026-07-10 07:59:00+00:00,93541.81323195623
2026-07-10 08:14:00+00:00,93541.81323195623
2026-07-10 08:29:00+00:00,93531.67037195615
2026-07-10 08:44:00+00:00,93523.9705663431
2026-07-10 08:59:00+00:00,93534.04668671185
2026-07-10 09:14:00+00:00,93544.12131368503
2026-07-10 09:29:00+00:00,93520.15747703728
2026-07-10 09:44:00+00:00,93448.15764257638
2026-07-10 09:59:00+00:00,93425.11937729194
2026-07-10 10:14:00+00:00,93410.51808460196
2026-07-10 10:29:00+00:00,93467.10064799058
2026-07-10 10:44:00+00:00,93508.76933077075
2026-07-10 10:59:00+00:00,93499.58619128929
2026-07-10 11:14:00+00:00,93503.11031157705
2026-07-10 11:29:00+00:00,93509.9091154099
2026-07-10 11:44:00+00:00,93501.91140452697
2026-07-10 11:59:00+00:00,93475.75019801375
2026-07-10 12:14:00+00:00,93554.86172106025
2026-07-10 12:29:00+00:00,93505.76587807747
2026-07-10 12:44:00+00:00,93457.5792772449
2026-07-10 12:59:00+00:00,93464.48123663776
2026-07-10 13:14:00+00:00,93474.63840677968
2026-07-10 13:29:00+00:00,93484.15004854542
2026-07-10 13:44:00+00:00,93463.37131397073
2026-07-10 13:59:00+00:00,93495.2849375056
2026-07-10 14:14:00+00:00,93497.46959468588
2026-07-10 14:29:00+00:00,93477.86303797762
2026-07-10 14:44:00+00:00,93505.06326700913
2026-07-10 14:59:00+00:00,93503.75548457274
2026-07-10 15:14:00+00:00,93509.37658694797
2026-07-10 15:29:00+00:00,93502.11105924418
2026-07-10 15:44:00+00:00,93519.21595365345
2026-07-10 15:59:00+00:00,93515.56413927226
2026-07-10 16:14:00+00:00,93515.52861824365
2026-07-10 16:29:00+00:00,93513.31750630321
2026-07-10 16:44:00+00:00,93510.98449188421
2026-07-10 16:59:00+00:00,93527.06549398629
2026-07-10 17:14:00+00:00,93525.08271454615
2026-07-10 17:29:00+00:00,93523.73531299685
2026-07-10 17:44:00+00:00,93525.93030305956
2026-07-10 17:59:00+00:00,93523.77080149131
2026-07-10 18:14:00+00:00,93523.77080149131
2026-07-10 18:29:00+00:00,93523.77080149131
2026-07-10 18:44:00+00:00,93533.02724224016
2026-07-10 18:59:00+00:00,93537.55476790002
2026-07-10 19:14:00+00:00,93543.1180536297
2026-07-10 19:29:00+00:00,93557.45934315308
2026-07-10 19:44:00+00:00,93565.25990056165
2026-07-10 19:59:00+00:00,93554.83095401996
2026-07-10 20:14:00+00:00,93543.87125531358
2026-07-10 20:29:00+00:00,93539.55679585857
2026-07-10 20:44:00+00:00,93542.31995922387
2026-07-10 20:59:00+00:00,93531.85120963574
2026-07-10 21:14:00+00:00,93536.60238904206
2026-07-10 21:29:00+00:00,93570.06284715874
2026-07-10 21:44:00+00:00,93589.3736012045
2026-07-10 21:59:00+00:00,93575.99802310816
2026-07-10 22:14:00+00:00,93570.79825398828
2026-07-10 22:29:00+00:00,93572.90791702058
2026-07-10 22:44:00+00:00,93577.37097564868
2026-07-10 22:59:00+00:00,93579.97938487364
2026-07-10 23:14:00+00:00,93579.97938487364
2026-07-10 23:29:00+00:00,93579.97938487364
2026-07-10 23:44:00+00:00,93579.97938487364
2026-07-10 23:59:00+00:00,93579.97938487364
2026-07-11 00:14:00+00:00,93571.90672501047
2026-07-11 00:29:00+00:00,93569.11638411862
2026-07-11 00:44:00+00:00,93565.19972174395
2026-07-11 00:59:00+00:00,93565.0967367172
2026-07-11 01:14:00+00:00,93540.32317867536
2026-07-11 01:29:00+00:00,93547.9661914419
2026-07-11 01:44:00+00:00,93542.94095841264
2026-07-11 01:59:00+00:00,93557.23586409811
2026-07-11 02:14:00+00:00,93538.63969242299
2026-07-11 02:29:00+00:00,93550.63921845562
2026-07-11 02:44:00+00:00,93561.86500443339
2026-07-11 02:59:00+00:00,93571.12364890656
2026-07-11 03:14:00+00:00,93572.47416855987
2026-07-11 03:29:00+00:00,93568.53794972869
2026-07-11 03:44:00+00:00,93553.09464550254
2026-07-11 03:59:00+00:00,93555.10666389053
2026-07-11 04:14:00+00:00,93553.99345884474
2026-07-11 04:29:00+00:00,93564.93543489893
2026-07-11 04:44:00+00:00,93554.79657896217
2026-07-11 04:59:00+00:00,93547.02306784906
2026-07-11 05:14:00+00:00,93557.2872641117
2026-07-11 05:29:00+00:00,93536.32841593784
2026-07-11 05:44:00+00:00,93514.48231815008
2026-07-11 05:59:00+00:00,93520.40646437633
2026-07-11 06:14:00+00:00,93512.25607786512
2026-07-11 06:29:00+00:00,93533.92113092692
2026-07-11 06:44:00+00:00,93513.39661256917
2026-07-11 06:59:00+00:00,93525.58990697085
2026-07-11 07:14:00+00:00,93542.7580415184
2026-07-11 07:29:00+00:00,93533.9927509932
2026-07-11 07:44:00+00:00,93519.64057599283
2026-07-11 07:59:00+00:00,93526.6412681889
2026-07-11 08:14:00+00:00,93522.07962410434
2026-07-11 08:29:00+00:00,93525.9448189059
2026-07-11 08:44:00+00:00,93534.21094102378
2026-07-11 08:59:00+00:00,93541.89263679883
2026-07-11 09:14:00+00:00,93503.91065187144
2026-07-11 09:29:00+00:00,93490.30439702333
2026-07-11 09:44:00+00:00,93496.80051129115
2026-07-11 09:59:00+00:00,93532.62296736997
2026-07-11 10:14:00+00:00,93507.19432849836
2026-07-11 10:29:00+00:00,93480.72313576176
2026-07-11 10:44:00+00:00,93462.63102273432
2026-07-11 10:59:00+00:00,93367.68018783252
2026-07-11 11:14:00+00:00,93382.93946278926
2026-07-11 11:29:00+00:00,93421.76564635971
2026-07-11 11:44:00+00:00,93432.34971907847
2026-07-11 11:59:00+00:00,93461.30962651451
2026-07-11 12:14:00+00:00,93425.1416755728
2026-07-11 12:29:00+00:00,93396.82426102251
2026-07-11 12:44:00+00:00,93418.6467233664
2026-07-11 12:59:00+00:00,93437.21238625243
2026-07-11 13:14:00+00:00,93442.89870845985
2026-07-11 13:29:00+00:00,93410.6473828287
2026-07-11 13:44:00+00:00,93373.16703146356
2026-07-11 13:59:00+00:00,93331.15622403994
2026-07-11 14:14:00+00:00,93308.3663929046
2026-07-11 14:29:00+00:00,93366.11626519235
2026-07-11 14:44:00+00:00,93353.14441637242
2026-07-11 14:59:00+00:00,93388.23720426418
2026-07-11 15:14:00+00:00,93361.06071898295
2026-07-11 15:29:00+00:00,93349.17320237722
2026-07-11 15:44:00+00:00,93311.3049105952
2026-07-11 15:59:00+00:00,93338.64027187956
2026-07-11 16:14:00+00:00,93343.65822762942
2026-07-11 16:29:00+00:00,93360.23431716659
2026-07-11 16:44:00+00:00,93363.17127026797
2026-07-11 16:59:00+00:00,93356.27370602304
2026-07-11 17:14:00+00:00,93358.95962741505
2026-07-11 17:29:00+00:00,93360.43524316627
2026-07-11 17:44:00+00:00,93356.75337444822
2026-07-11 17:59:00+00:00,93359.39524347836
2026-07-11 18:14:00+00:00,93359.54489525303
2026-07-11 18:29:00+00:00,93363.21737154713
2026-07-11 18:44:00+00:00,93361.13604295936
2026-07-11 18:59:00+00:00,93359.27578684936
2026-07-11 19:14:00+00:00,93353.21156383543
2026-07-11 19:29:00+00:00,93354.77264898778
2026-07-11 19:44:00+00:00,93356.47194633825
2026-07-11 19:59:00+00:00,93355.14477186749
2026-07-11 20:14:00+00:00,93356.3795728871
2026-07-11 20:29:00+00:00,93362.38450355972
2026-07-11 20:44:00+00:00,93359.3469428385
2026-07-11 20:59:00+00:00,93373.05577010395
2026-07-11 21:14:00+00:00,93349.5688271105
2026-07-11 21:29:00+00:00,93355.83310966549
2026-07-11 21:44:00+00:00,93375.24219892675
2026-07-11 21:59:00+00:00,93393.71467027655
2026-07-11 22:14:00+00:00,93381.88232362902
2026-07-11 22:29:00+00:00,93381.17099265997
2026-07-11 22:44:00+00:00,93390.98275470617
2026-07-11 22:59:00+00:00,93394.58987916146
2026-07-11 23:14:00+00:00,93408.81688384463
2026-07-11 23:29:00+00:00,93376.46311960462
2026-07-11 23:44:00+00:00,93363.78128664734
2026-07-11 23:59:00+00:00,93366.901049091
2026-07-12 00:14:00+00:00,93357.98026638932
2026-07-12 00:29:00+00:00,93363.20451169788
2026-07-12 00:44:00+00:00,93361.01311704595
2026-07-12 00:59:00+00:00,93365.63901541327
2026-07-12 01:14:00+00:00,93367.02274880624
2026-07-12 01:29:00+00:00,93391.26402150083
2026-07-12 01:44:00+00:00,93379.22992902192
2026-07-12 01:59:00+00:00,93385.25467305453
2026-07-12 02:14:00+00:00,93371.15792279913
2026-07-12 02:29:00+00:00,93375.61119749543
2026-07-12 02:44:00+00:00,93372.23049397691
2026-07-12 02:59:00+00:00,93372.06819684056
2026-07-12 03:14:00+00:00,93373.56380136473
2026-07-12 03:29:00+00:00,93371.8123507791
2026-07-12 03:44:00+00:00,93355.59428801543
2026-07-12 03:59:00+00:00,93352.01610003249
2026-07-12 04:14:00+00:00,93351.42686835468
2026-07-12 04:29:00+00:00,93344.13914121498
2026-07-12 04:44:00+00:00,93354.49545594746
2026-07-12 04:59:00+00:00,93351.30362383164
2026-07-12 05:14:00+00:00,93340.45259184657
2026-07-12 05:29:00+00:00,93347.73477937658
2026-07-12 05:44:00+00:00,93332.59200094898
2026-07-12 05:59:00+00:00,93346.26232456455
2026-07-12 06:14:00+00:00,93340.69885214204
2026-07-12 06:29:00+00:00,93353.26877506879
2026-07-12 06:44:00+00:00,93304.9350721585
2026-07-12 06:59:00+00:00,93319.54959078357
2026-07-12 07:14:00+00:00,93336.90528879578
2026-07-12 07:29:00+00:00,93351.04723446206
2026-07-12 07:44:00+00:00,93344.44577229233
2026-07-12 07:59:00+00:00,93316.02753379998
2026-07-12 08:14:00+00:00,93314.0183643779
2026-07-12 08:29:00+00:00,93332.52194240844
2026-07-12 08:44:00+00:00,93319.10499594183
2026-07-12 08:59:00+00:00,93318.59000211743
2026-07-12 09:14:00+00:00,93325.01754282019
2026-07-12 09:29:00+00:00,93315.39902399469
2026-07-12 09:44:00+00:00,93312.49026323755
2026-07-12 09:59:00+00:00,93313.60909433647
2026-07-12 10:14:00+00:00,93325.8249080475
2026-07-12 10:29:00+00:00,93324.84408655303
2026-07-12 10:44:00+00:00,93329.23447978313
2026-07-12 10:59:00+00:00,93328.41363811977
2026-07-12 11:14:00+00:00,93328.41363811977
2026-07-12 11:29:00+00:00,93328.41363811977
2026-07-12 11:44:00+00:00,93328.41363811977
2026-07-12 11:59:00+00:00,93319.67480265726
2026-07-12 12:14:00+00:00,93308.75777586138
2026-07-12 12:29:00+00:00,93314.5882020425
2026-07-12 12:44:00+00:00,93317.06143300603
2026-07-12 12:59:00+00:00,93307.10728952812
2026-07-12 13:14:00+00:00,93330.12709630997
2026-07-12 13:29:00+00:00,93352.33429835814
2026-07-12 13:44:00+00:00,93351.5848919951
2026-07-12 13:59:00+00:00,93350.20412525281
2026-07-12 14:14:00+00:00,93367.23763291846
2026-07-12 14:29:00+00:00,93365.67207686354
2026-07-12 14:44:00+00:00,93369.04898304753
2026-07-12 14:59:00+00:00,93394.6234536428
2026-07-12 15:14:00+00:00,93395.88084329246
2026-07-12 15:29:00+00:00,93385.07217192727
2026-07-12 15:44:00+00:00,93383.73996892235
2026-07-12 15:59:00+00:00,93377.38963095393
2026-07-12 16:14:00+00:00,93362.79162059295
2026-07-12 16:29:00+00:00,93374.06397142673
2026-07-12 16:44:00+00:00,93377.75706083757
2026-07-12 16:59:00+00:00,93390.60765536201
2026-07-12 17:14:00+00:00,93398.5792311477
2026-07-12 17:29:00+00:00,93379.93860768648
2026-07-12 17:44:00+00:00,93392.75561048569
2026-07-12 17:59:00+00:00,93392.21292318504
2026-07-12 18:14:00+00:00,93394.39157380546
2026-07-12 18:29:00+00:00,93394.33046319785
2026-07-12 18:44:00+00:00,93393.18330679993
2026-07-12 18:59:00+00:00,93398.53799323352
2026-07-12 19:14:00+00:00,93396.39301724375
2026-07-12 19:29:00+00:00,93396.39301724375
2026-07-12 19:44:00+00:00,93399.35412283975
2026-07-12 19:59:00+00:00,93388.07255792579
2026-07-12 20:14:00+00:00,93405.26015907378
2026-07-12 20:29:00+00:00,93415.1557844384
2026-07-12 20:44:00+00:00,93429.72662847985
2026-07-12 20:59:00+00:00,93431.69916479352
2026-07-12 21:14:00+00:00,93443.00803562943
2026-07-12 21:29:00+00:00,93426.63502621924
2026-07-12 21:44:00+00:00,93415.9862788806
2026-07-12 21:59:00+00:00,93413.92570557684
2026-07-12 22:14:00+00:00,93416.14861275053
2026-07-12 22:29:00+00:00,93410.99714686676
2026-07-12 22:44:00+00:00,93399.48409754783
2026-07-12 22:59:00+00:00,93413.97010250564
2026-07-12 23:14:00+00:00,93395.08089463267
2026-07-12 23:29:00+00:00,93386.54710899467
2026-07-12 23:44:00+00:00,93382.74802084967
2026-07-12 23:59:00+00:00,93405.53686691404
2026-07-13 00:14:00+00:00,93414.20223472963
2026-07-13 00:29:00+00:00,93409.06094627456
2026-07-13 00:44:00+00:00,93444.32857909625
2026-07-13 00:59:00+00:00,93421.19509313877
2026-07-13 01:14:00+00:00,93410.10326274535
2026-07-13 01:29:00+00:00,93421.54560612784
2026-07-13 01:44:00+00:00,93413.98636518134
2026-07-13 01:59:00+00:00,93423.26701147064
2026-07-13 02:14:00+00:00,93434.50015527749
2026-07-13 02:29:00+00:00,93426.94629949474
2026-07-13 02:44:00+00:00,93413.11033709829
2026-07-13 02:59:00+00:00,93431.28349273735
2026-07-13 03:14:00+00:00,93453.9296440236
2026-07-13 03:29:00+00:00,93433.70272723297
2026-07-13 03:44:00+00:00,93430.48170296241
2026-07-13 03:59:00+00:00,93411.895913189
2026-07-13 04:14:00+00:00,93400.18421103334
2026-07-13 04:29:00+00:00,93433.00667632789
2026-07-13 04:44:00+00:00,93424.20445985031
2026-07-13 04:59:00+00:00,93410.39706902596
2026-07-13 05:14:00+00:00,93421.77834775613
2026-07-13 05:29:00+00:00,93423.1154041029
2026-07-13 05:44:00+00:00,93406.10896564915
2026-07-13 05:59:00+00:00,93418.4572475938
2026-07-13 06:14:00+00:00,93412.45160082159
2026-07-13 06:29:00+00:00,93406.2341791418
2026-07-13 06:44:00+00:00,93407.22423185379
2026-07-13 06:59:00+00:00,93407.9315180129
2026-07-13 07:14:00+00:00,93404.27903133705
2026-07-13 07:29:00+00:00,93415.90563071486
2026-07-13 07:44:00+00:00,93433.74932256385
2026-07-13 07:59:00+00:00,93445.35324848902
2026-07-13 08:14:00+00:00,93409.06775289254
2026-07-13 08:29:00+00:00,93423.07178867908
2026-07-13 08:44:00+00:00,93424.975778263
2026-07-13 08:59:00+00:00,93424.31018028382
2026-07-13 09:14:00+00:00,93412.71567180312
2026-07-13 09:29:00+00:00,93423.41630742198
2026-07-13 09:44:00+00:00,93416.7310292389
2026-07-13 09:59:00+00:00,93421.77714462447
2026-07-13 10:14:00+00:00,93399.70452853781
2026-07-13 10:29:00+00:00,93432.95128771964
2026-07-13 10:44:00+00:00,93423.40864402262
2026-07-13 10:59:00+00:00,93420.78485033494
2026-07-13 11:14:00+00:00,93416.76159906272
2026-07-13 11:29:00+00:00,93419.09896301274
2026-07-13 11:44:00+00:00,93418.68866787324
2026-07-13 11:59:00+00:00,93406.67440952959
2026-07-13 12:14:00+00:00,93425.21479925181
2026-07-13 12:29:00+00:00,93429.17680136747
2026-07-13 12:44:00+00:00,93437.33861721965
2026-07-13 12:59:00+00:00,93444.47883246958
2026-07-13 13:14:00+00:00,93439.65050728663
2026-07-13 13:29:00+00:00,93452.97231450255
2026-07-13 13:44:00+00:00,93489.20749604539
2026-07-13 13:59:00+00:00,93496.56746276982
2026-07-13 14:14:00+00:00,93519.65004931798
2026-07-13 14:29:00+00:00,93545.77837277895
2026-07-13 14:44:00+00:00,93548.04993966642
2026-07-13 14:59:00+00:00,93526.610318528
2026-07-13 15:14:00+00:00,93536.55818073984
2026-07-13 15:29:00+00:00,93580.43576514447
2026-07-13 15:44:00+00:00,93577.4688072851
2026-07-13 15:59:00+00:00,93580.59420359846
2026-07-13 16:14:00+00:00,93573.80049972305
2026-07-13 16:29:00+00:00,93593.0403499436
2026-07-13 16:44:00+00:00,93557.45136157607
2026-07-13 16:59:00+00:00,93554.52950524434
2026-07-13 17:14:00+00:00,93548.3973636626
2026-07-13 17:29:00+00:00,93590.31961619276
2026-07-13 17:44:00+00:00,93582.49428553294
2026-07-13 17:59:00+00:00,93582.5671772331
2026-07-13 18:14:00+00:00,93583.37787815093
2026-07-13 18:29:00+00:00,93593.24150031262
2026-07-13 18:44:00+00:00,93601.42213207638
2026-07-13 18:59:00+00:00,93593.54442661736
2026-07-13 19:14:00+00:00,93594.88162501573
2026-07-13 19:29:00+00:00,93588.86080412564
2026-07-13 19:44:00+00:00,93637.7867486962
2026-07-13 19:59:00+00:00,93643.27795631187
2026-07-13 20:14:00+00:00,93634.40978353622
2026-07-13 20:29:00+00:00,93632.30596933418
2026-07-13 20:44:00+00:00,93621.30658328843
2026-07-13 20:59:00+00:00,93611.98872312941
2026-07-13 21:14:00+00:00,93634.61273816624
2026-07-13 21:29:00+00:00,93640.12640098798
2026-07-13 21:44:00+00:00,93635.48034768297
2026-07-13 21:59:00+00:00,93626.76160869884
2026-07-13 22:14:00+00:00,93633.61214223728
2026-07-13 22:29:00+00:00,93633.37673248893
2026-07-13 22:44:00+00:00,93643.27251292889
2026-07-13 22:59:00+00:00,93650.94805652046
2026-07-13 23:14:00+00:00,93643.69563524955
2026-07-13 23:29:00+00:00,93658.63356407697
2026-07-13 23:44:00+00:00,93669.07065146901
2026-07-13 23:59:00+00:00,93670.06338606743
2026-07-14 00:14:00+00:00,93671.31856596546
2026-07-14 00:29:00+00:00,93670.63060913375
2026-07-14 00:44:00+00:00,93672.23608270638
2026-07-14 00:59:00+00:00,93645.19450080555
2026-07-14 01:14:00+00:00,93665.67403643166
2026-07-14 01:29:00+00:00,93636.3716225663
2026-07-14 01:44:00+00:00,93633.55696820034
2026-07-14 01:59:00+00:00,93635.86535001195
2026-07-14 02:14:00+00:00,93655.43231107753
2026-07-14 02:29:00+00:00,93711.29656140624
2026-07-14 02:44:00+00:00,93686.4901627518
2026-07-14 02:59:00+00:00,93676.89090099244
2026-07-14 03:14:00+00:00,93688.99557956656
2026-07-14 03:29:00+00:00,93705.49892499748
2026-07-14 03:44:00+00:00,93715.23630762391
2026-07-14 03:59:00+00:00,93693.81784413416
2026-07-14 04:14:00+00:00,93702.71837329067
2026-07-14 04:29:00+00:00,93683.8731585227
2026-07-14 04:44:00+00:00,93670.71068160335
2026-07-14 04:59:00+00:00,93646.54294782538
2026-07-14 05:14:00+00:00,93688.61616858175
2026-07-14 05:29:00+00:00,93684.14171082032
2026-07-14 05:44:00+00:00,93684.14171082032
2026-07-14 05:59:00+00:00,93698.19760665667
2026-07-14 06:14:00+00:00,93689.15718238053
2026-07-14 06:29:00+00:00,93676.17346805589
2026-07-14 06:44:00+00:00,93685.22627826968
2026-07-14 06:59:00+00:00,93686.31383033452
2026-07-14 07:14:00+00:00,93696.96860899638
2026-07-14 07:29:00+00:00,93687.93603876332
2026-07-14 07:44:00+00:00,93709.05984805751
2026-07-14 07:59:00+00:00,93709.6684254684
2026-07-14 08:14:00+00:00,93688.51595660168
2026-07-14 08:29:00+00:00,93700.81812562642
2026-07-14 08:44:00+00:00,93722.52410675221
2026-07-14 08:59:00+00:00,93731.40925381605
2026-07-14 09:14:00+00:00,93728.79737946612
2026-07-14 09:29:00+00:00,93728.79737946612
2026-07-14 09:44:00+00:00,93728.79737946612
2026-07-14 09:59:00+00:00,93728.79737946612
2026-07-14 10:14:00+00:00,93728.79737946612
2026-07-14 10:29:00+00:00,93728.79737946612
2026-07-14 10:44:00+00:00,93728.79737946612
2026-07-14 10:59:00+00:00,93717.0792620786
2026-07-14 11:14:00+00:00,93727.89729686874
2026-07-14 11:29:00+00:00,93724.37576828292
2026-07-14 11:44:00+00:00,93730.24635006806
2026-07-14 11:59:00+00:00,93720.58932170997
2026-07-14 12:14:00+00:00,93712.87026803434
2026-07-14 12:29:00+00:00,93701.80330519019
2026-07-14 12:44:00+00:00,93633.83006153672
2026-07-14 12:59:00+00:00,93573.19332457868
2026-07-14 13:14:00+00:00,93597.24784611074
2026-07-14 13:29:00+00:00,93575.03406224924
2026-07-14 13:44:00+00:00,93592.59418777669
2026-07-14 13:59:00+00:00,93590.66712618034
2026-07-14 14:14:00+00:00,93610.06601396039
2026-07-14 14:29:00+00:00,93619.37622732832
2026-07-14 14:44:00+00:00,93618.86344323652
2026-07-14 14:59:00+00:00,93600.4046404067
2026-07-14 15:14:00+00:00,93605.0800595968
2026-07-14 15:29:00+00:00,93618.97854465546
2026-07-14 15:44:00+00:00,93645.96724106852
2026-07-14 15:59:00+00:00,93666.31520779048
2026-07-14 16:14:00+00:00,93668.70066265958
2026-07-14 16:29:00+00:00,93650.61189407886
2026-07-14 16:44:00+00:00,93669.17654067939
2026-07-14 16:59:00+00:00,93678.3891055035
2026-07-14 17:14:00+00:00,93699.61165150085
2026-07-14 17:29:00+00:00,93692.79164484299
2026-07-14 17:44:00+00:00,93695.29251866929
2026-07-14 17:59:00+00:00,93695.82958554679
2026-07-14 18:14:00+00:00,93690.87711899838
2026-07-14 18:29:00+00:00,93687.9201076268
2026-07-14 18:44:00+00:00,93674.09721830263
2026-07-14 18:59:00+00:00,93667.23703464287
2026-07-14 19:14:00+00:00,93661.4865318796
2026-07-14 19:29:00+00:00,93651.3889245128
2026-07-14 19:44:00+00:00,93641.42476233866
2026-07-14 19:59:00+00:00,93651.68824211277
2026-07-14 20:14:00+00:00,93666.89975341076
2026-07-14 20:29:00+00:00,93670.74931954515
2026-07-14 20:44:00+00:00,93673.2886524179
2026-07-14 20:59:00+00:00,93671.36643202267
2026-07-14 21:14:00+00:00,93677.13729038411
2026-07-14 21:29:00+00:00,93675.60040177191
2026-07-14 21:44:00+00:00,93691.94920731329
2026-07-14 21:59:00+00:00,93683.04668717133
2026-07-14 22:14:00+00:00,93680.54024499364
2026-07-14 22:29:00+00:00,93695.37301066582
2026-07-14 22:44:00+00:00,93685.34184768061
2026-07-14 22:59:00+00:00,93685.10611955906
2026-07-14 23:14:00+00:00,93675.91596640287
2026-07-14 23:29:00+00:00,93668.61367628069
2026-07-14 23:44:00+00:00,93673.53868542715
2026-07-14 23:59:00+00:00,93670.85346215316
2026-07-15 00:14:00+00:00,93680.82146631574
2026-07-15 00:29:00+00:00,93676.60255335704
2026-07-15 00:44:00+00:00,93676.60255335704
2026-07-15 00:59:00+00:00,93676.60255335704
2026-07-15 01:14:00+00:00,93676.60255335704
2026-07-15 01:29:00+00:00,93676.60255335704
2026-07-15 01:44:00+00:00,93676.60255335704
2026-07-15 01:59:00+00:00,93676.60255335704
2026-07-15 02:14:00+00:00,93676.60255335704
2026-07-15 02:29:00+00:00,93669.81999737922
2026-07-15 02:44:00+00:00,93674.8339626894
2026-07-15 02:59:00+00:00,93694.01378542138
2026-07-15 03:14:00+00:00,93702.29213209497
2026-07-15 03:29:00+00:00,93716.48178941564
2026-07-15 03:44:00+00:00,93725.04044953582
2026-07-15 03:59:00+00:00,93716.75471183806
2026-07-15 04:14:00+00:00,93725.26970762658
2026-07-15 04:29:00+00:00,93726.36116994792
2026-07-15 04:44:00+00:00,93728.85103517774
2026-07-15 04:59:00+00:00,93724.09083710314
2026-07-15 05:14:00+00:00,93723.44545130336
2026-07-15 05:29:00+00:00,93725.78336218052
2026-07-15 05:44:00+00:00,93732.17683071563
2026-07-15 05:59:00+00:00,93723.65917606838
2026-07-15 06:14:00+00:00,93722.35923760447
2026-07-15 06:29:00+00:00,93710.41103235612
2026-07-15 06:44:00+00:00,93728.18917723684
2026-07-15 06:59:00+00:00,93740.18282559942
2026-07-15 07:14:00+00:00,93734.3200313582
2026-07-15 07:29:00+00:00,93738.47490118486
2026-07-15 07:44:00+00:00,93721.94345248582
2026-07-15 07:59:00+00:00,93704.35548343109
2026-07-15 08:14:00+00:00,93694.18812543075
2026-07-15 08:29:00+00:00,93698.78599486804
2026-07-15 08:44:00+00:00,93707.72833239239
2026-07-15 08:59:00+00:00,93693.98215476038
2026-07-15 09:14:00+00:00,93692.21134768536
2026-07-15 09:29:00+00:00,93675.86928675101
2026-07-15 09:44:00+00:00,93636.87870169585
2026-07-15 09:59:00+00:00,93641.47965141488
2026-07-15 10:14:00+00:00,93624.5135967247
2026-07-15 10:29:00+00:00,93633.69941969619
2026-07-15 10:44:00+00:00,93645.47114977035
2026-07-15 10:59:00+00:00,93670.86539389187
2026-07-15 11:14:00+00:00,93657.4485750566
2026-07-15 11:29:00+00:00,93654.85908334338
2026-07-15 11:44:00+00:00,93619.54070991062
2026-07-15 11:59:00+00:00,93643.20645393264
2026-07-15 12:14:00+00:00,93621.09334145236
2026-07-15 12:29:00+00:00,93617.23674355214
2026-07-15 12:44:00+00:00,93656.7326605237
2026-07-15 12:59:00+00:00,93666.72717758287
2026-07-15 13:14:00+00:00,93656.4033185822
2026-07-15 13:29:00+00:00,93663.78998636246
2026-07-15 13:44:00+00:00,93663.55112881286
2026-07-15 13:59:00+00:00,93684.59598796914
2026-07-15 14:14:00+00:00,93681.80035720066
2026-07-15 14:29:00+00:00,93678.82348164522
2026-07-15 14:44:00+00:00,93704.07661443029
2026-07-15 14:59:00+00:00,93689.8026836971
2026-07-15 15:14:00+00:00,93694.1215634922
2026-07-15 15:29:00+00:00,93699.50296527045
2026-07-15 15:44:00+00:00,93701.94177049969
2026-07-15 15:59:00+00:00,93709.75749209124
2026-07-15 16:14:00+00:00,93710.4050278309
2026-07-15 16:29:00+00:00,93724.18537762717
2026-07-15 16:44:00+00:00,93724.86877320606
2026-07-15 16:59:00+00:00,93714.61029899782
2026-07-15 17:14:00+00:00,93663.08190343936
2026-07-15 17:29:00+00:00,93632.8501640041
2026-07-15 17:44:00+00:00,93631.19032871272
2026-07-15 17:59:00+00:00,93657.21385768722
2026-07-15 18:14:00+00:00,93676.52596450254
2026-07-15 18:29:00+00:00,93698.62398498628
2026-07-15 18:44:00+00:00,93679.82781835484
2026-07-15 18:59:00+00:00,93701.66851567851
2026-07-15 19:14:00+00:00,93707.1671931032
2026-07-15 19:29:00+00:00,93694.7102217321
2026-07-15 19:44:00+00:00,93705.11306796
2026-07-15 19:59:00+00:00,93699.82175055152
2026-07-15 20:14:00+00:00,93701.5832581347
2026-07-15 20:29:00+00:00,93698.29164558007
2026-07-15 20:44:00+00:00,93693.27129244733
2026-07-15 20:59:00+00:00,93693.27129244733
2026-07-15 21:14:00+00:00,93693.27129244733
2026-07-15 21:29:00+00:00,93693.27129244733
2026-07-15 21:44:00+00:00,93693.27129244733
2026-07-15 21:59:00+00:00,93693.27129244733
2026-07-15 22:14:00+00:00,93714.35211620256
2026-07-15 22:29:00+00:00,93706.48682949152
2026-07-15 22:44:00+00:00,93734.53068186612
2026-07-15 22:59:00+00:00,93738.01385659548
2026-07-15 23:14:00+00:00,93713.6910730228
2026-07-15 23:29:00+00:00,93728.3284264964
2026-07-15 23:44:00+00:00,93699.40804036798
2026-07-15 23:59:00+00:00,93708.88512310466
2026-07-16 00:14:00+00:00,93662.14582581697
2026-07-16 00:29:00+00:00,93671.85069297861
2026-07-16 00:44:00+00:00,93669.360242877
2026-07-16 00:59:00+00:00,93675.43075437823
2026-07-16 01:14:00+00:00,93685.7502579189
2026-07-16 01:29:00+00:00,93703.45503013849
2026-07-16 01:44:00+00:00,93690.49488784232
2026-07-16 01:59:00+00:00,93672.39860819867
2026-07-16 02:14:00+00:00,93695.9179250567
2026-07-16 02:29:00+00:00,93731.60417675502
2026-07-16 02:44:00+00:00,93738.9579846747
2026-07-16 02:59:00+00:00,93754.68727321757
2026-07-16 03:14:00+00:00,93738.79231481747
2026-07-16 03:29:00+00:00,93740.63509991133
2026-07-16 03:44:00+00:00,93753.69697323629
2026-07-16 03:59:00+00:00,93746.18027223872
2026-07-16 04:14:00+00:00,93749.27366832383
2026-07-16 04:29:00+00:00,93764.73166239457
2026-07-16 04:44:00+00:00,93766.67039779671
2026-07-16 04:59:00+00:00,93786.3627197141
2026-07-16 05:14:00+00:00,93784.19281985342
2026-07-16 05:29:00+00:00,93784.19281985342
2026-07-16 05:44:00+00:00,93785.48754425325
2026-07-16 05:59:00+00:00,93787.66379253221
2026-07-16 06:14:00+00:00,93785.07598162808
2026-07-16 06:29:00+00:00,93777.3463616334
2026-07-16 06:44:00+00:00,93779.21162368706
2026-07-16 06:59:00+00:00,93786.25596261867
2026-07-16 07:14:00+00:00,93783.79672536881
2026-07-16 07:29:00+00:00,93793.77095001737
2026-07-16 07:44:00+00:00,93783.4255970169
2026-07-16 07:59:00+00:00,93765.46879442647
2026-07-16 08:14:00+00:00,93746.53505979673
2026-07-16 08:29:00+00:00,93750.33712086832
2026-07-16 08:44:00+00:00,93765.9295441788
2026-07-16 08:59:00+00:00,93759.57335082913
2026-07-16 09:14:00+00:00,93835.37357533402
2026-07-16 09:29:00+00:00,93819.17648931379
2026-07-16 09:44:00+00:00,93816.36601732773
2026-07-16 09:59:00+00:00,93806.26236826918
2026-07-16 10:14:00+00:00,93801.48802314645
2026-07-16 10:29:00+00:00,93799.20096482727
2026-07-16 10:44:00+00:00,93799.22656996221
2026-07-16 10:59:00+00:00,93797.69577364836
2026-07-16 11:14:00+00:00,93795.22703491132
2026-07-16 11:29:00+00:00,93792.07184684851
2026-07-16 11:44:00+00:00,93794.9396251346
2026-07-16 11:59:00+00:00,93787.09078836584
2026-07-16 12:14:00+00:00,93798.97582782243
2026-07-16 12:29:00+00:00,93809.82757673896
2026-07-16 12:44:00+00:00,93813.56296569768
2026-07-16 12:59:00+00:00,93802.49550124344
2026-07-16 13:14:00+00:00,93814.22273133633
2026-07-16 13:29:00+00:00,93813.85261297636
2026-07-16 13:44:00+00:00,93812.06461400683
2026-07-16 13:59:00+00:00,93800.53677182716
2026-07-16 14:14:00+00:00,93806.07437530153
2026-07-16 14:29:00+00:00,93807.66240919266
2026-07-16 14:44:00+00:00,93806.08859137508
2026-07-16 14:59:00+00:00,93794.17336993093
2026-07-16 15:14:00+00:00,93813.20515168099
2026-07-16 15:29:00+00:00,93800.64452297492
2026-07-16 15:44:00+00:00,93755.27295353817
2026-07-16 15:59:00+00:00,93745.4203369408
2026-07-16 16:14:00+00:00,93754.80533085825
2026-07-16 16:29:00+00:00,93732.12304324533
2026-07-16 16:44:00+00:00,93733.89676940323
2026-07-16 16:59:00+00:00,93735.49437003981
2026-07-16 17:14:00+00:00,93746.75610794916
2026-07-16 17:29:00+00:00,93767.0534281233
2026-07-16 17:44:00+00:00,93770.32578807439
2026-07-16 17:59:00+00:00,93769.8501432411
2026-07-16 18:14:00+00:00,93756.87376292705
2026-07-16 18:29:00+00:00,93744.75457854211
2026-07-16 18:44:00+00:00,93735.50092594851
2026-07-16 18:59:00+00:00,93743.46574519735
2026-07-16 19:14:00+00:00,93754.79227202921
2026-07-16 19:29:00+00:00,93760.73762506929
2026-07-16 19:44:00+00:00,93771.21685006676
2026-07-16 19:59:00+00:00,93745.25472251065
2026-07-16 20:14:00+00:00,93759.48471384426
2026-07-16 20:29:00+00:00,93769.82097687357
2026-07-16 20:44:00+00:00,93770.2686776117
2026-07-16 20:59:00+00:00,93778.12609178967
2026-07-16 21:14:00+00:00,93777.3336469422
2026-07-16 21:29:00+00:00,93775.99629346664
2026-07-16 21:44:00+00:00,93731.76855449336
2026-07-16 21:59:00+00:00,93747.88969750753
2026-07-16 22:14:00+00:00,93773.1670415585
2026-07-16 22:29:00+00:00,93757.27791332807
2026-07-16 22:44:00+00:00,93792.58984843102
2026-07-16 22:59:00+00:00,93786.841631899
2026-07-16 23:14:00+00:00,93763.16304091454
2026-07-16 23:29:00+00:00,93735.07625413562
2026-07-16 23:44:00+00:00,93747.16825643537
2026-07-16 23:59:00+00:00,93710.81320321815
2026-07-17 00:14:00+00:00,93720.95050265174
2026-07-17 00:29:00+00:00,93726.72295412033
2026-07-17 00:44:00+00:00,93727.66117289335
2026-07-17 00:59:00+00:00,93731.4393254372
2026-07-17 01:14:00+00:00,93730.10654145895
2026-07-17 01:29:00+00:00,93728.27307431652
2026-07-17 01:44:00+00:00,93716.06561307792
2026-07-17 01:59:00+00:00,93707.22777199348
2026-07-17 02:14:00+00:00,93708.19939680191
2026-07-17 02:29:00+00:00,93713.13418677861
2026-07-17 02:44:00+00:00,93707.22111939084
2026-07-17 02:59:00+00:00,93709.7132831863
2026-07-17 03:14:00+00:00,93719.21611944394
2026-07-17 03:29:00+00:00,93718.8993205795
2026-07-17 03:44:00+00:00,93724.59846033202
2026-07-17 03:59:00+00:00,93734.00347070234
2026-07-17 04:14:00+00:00,93740.67793353494
2026-07-17 04:29:00+00:00,93750.65163329286
2026-07-17 04:44:00+00:00,93741.64787522724
2026-07-17 04:59:00+00:00,93732.27042060396
2026-07-17 05:14:00+00:00,93720.67878020467
2026-07-17 05:29:00+00:00,93719.951289039
2026-07-17 05:44:00+00:00,93715.90188192233
2026-07-17 05:59:00+00:00,93719.38277179419
2026-07-17 06:14:00+00:00,93732.58237285384
2026-07-17 06:29:00+00:00,93723.35676012642
2026-07-17 06:44:00+00:00,93721.9052268849
2026-07-17 06:59:00+00:00,93729.5341978683
2026-07-17 07:14:00+00:00,93726.32958358541
2026-07-17 07:29:00+00:00,93729.79299824708
2026-07-17 07:44:00+00:00,93746.28395121779
2026-07-17 07:59:00+00:00,93737.08446374098
2026-07-17 08:14:00+00:00,93712.57117322333
2026-07-17 08:29:00+00:00,93682.95025800307
2026-07-17 08:44:00+00:00,93597.53848519838
2026-07-17 08:59:00+00:00,93596.20752743153
2026-07-17 09:14:00+00:00,93630.20421325423
2026-07-17 09:29:00+00:00,93629.88739957717
2026-07-17 09:44:00+00:00,93641.57377333452
2026-07-17 09:59:00+00:00,93629.4685545471
2026-07-17 10:14:00+00:00,93651.03174425749
2026-07-17 10:29:00+00:00,93649.15905243611
2026-07-17 10:44:00+00:00,93640.35049247203
2026-07-17 10:59:00+00:00,93661.14921718938
2026-07-17 11:14:00+00:00,93680.91982227925
2026-07-17 11:29:00+00:00,93676.39648907664
2026-07-17 11:44:00+00:00,93678.40479827387
2026-07-17 11:59:00+00:00,93674.02848246027
2026-07-17 12:14:00+00:00,93681.32267726828
2026-07-17 12:29:00+00:00,93704.71929165261
2026-07-17 12:44:00+00:00,93705.53359702374
2026-07-17 12:59:00+00:00,93714.21830674185
2026-07-17 13:14:00+00:00,93712.25904460608
2026-07-17 13:29:00+00:00,93693.91542019056
2026-07-17 13:44:00+00:00,93666.03346372825
2026-07-17 13:59:00+00:00,93713.87224435667
2026-07-17 14:14:00+00:00,93722.26985195988
2026-07-17 14:29:00+00:00,93722.17707625323
2026-07-17 14:44:00+00:00,93716.51434491914
2026-07-17 14:59:00+00:00,93724.61794078893
2026-07-17 15:14:00+00:00,93724.19117567244
2026-07-17 15:29:00+00:00,93685.94688545557
2026-07-17 15:44:00+00:00,93698.03047141418
2026-07-17 15:59:00+00:00,93669.52105206162
2026-07-17 16:14:00+00:00,93673.60383618991
2026-07-17 16:29:00+00:00,93674.51699193547
2026-07-17 16:44:00+00:00,93663.0639036185
2026-07-17 16:59:00+00:00,93668.75972515089
2026-07-17 17:14:00+00:00,93699.7332226753
2026-07-17 17:29:00+00:00,93695.57262304335
2026-07-17 17:44:00+00:00,93711.5098330426
2026-07-17 17:59:00+00:00,93716.4719742988
2026-07-17 18:14:00+00:00,93698.49875625648
2026-07-17 18:29:00+00:00,93708.80344450774
2026-07-17 18:44:00+00:00,93709.38551442587
2026-07-17 18:59:00+00:00,93685.39935005862
2026-07-17 19:14:00+00:00,93704.16361553781
2026-07-17 19:29:00+00:00,93720.56455212997
2026-07-17 19:44:00+00:00,93717.48333455175
2026-07-17 19:59:00+00:00,93717.48333455175
2026-07-17 20:14:00+00:00,93717.48333455175
2026-07-17 20:29:00+00:00,93717.48333455175
2026-07-17 20:44:00+00:00,93717.48333455175
2026-07-17 20:59:00+00:00,93717.48333455175
2026-07-17 21:14:00+00:00,93717.48333455175
2026-07-17 21:29:00+00:00,93717.48333455175
2026-07-17 21:44:00+00:00,93717.48333455175
2026-07-17 21:59:00+00:00,93717.48333455175
2026-07-17 22:14:00+00:00,93717.48333455175
2026-07-17 22:29:00+00:00,93717.48333455175
2026-07-17 22:44:00+00:00,93717.48333455175
2026-07-17 22:59:00+00:00,93717.48333455175
2026-07-17 23:14:00+00:00,93717.48333455175
2026-07-17 23:29:00+00:00,93717.48333455175
2026-07-17 23:44:00+00:00,93697.24710188957
2026-07-17 23:59:00+00:00,93689.86319267114
2026-07-18 00:14:00+00:00,93699.26922975527
2026-07-18 00:29:00+00:00,93686.08478514221
2026-07-18 00:44:00+00:00,93698.93044661047
2026-07-18 00:59:00+00:00,93709.26859464374
2026-07-18 01:14:00+00:00,93718.97948175193
2026-07-18 01:29:00+00:00,93724.04029213388
2026-07-18 01:44:00+00:00,93730.4197828614
2026-07-18 01:59:00+00:00,93733.40666574588
2026-07-18 02:14:00+00:00,93719.91483741727
2026-07-18 02:29:00+00:00,93718.47127965349
2026-07-18 02:44:00+00:00,93705.82221883508
2026-07-18 02:59:00+00:00,93696.37351007939
2026-07-18 03:14:00+00:00,93706.64662260153
2026-07-18 03:29:00+00:00,93736.46126322776
2026-07-18 03:44:00+00:00,93731.33036319992
2026-07-18 03:59:00+00:00,93726.98021371868
2026-07-18 04:14:00+00:00,93726.693572483
2026-07-18 04:29:00+00:00,93714.18337940155
2026-07-18 04:44:00+00:00,93699.36362654972
2026-07-18 04:59:00+00:00,93705.06609552765
2026-07-18 05:14:00+00:00,93703.38380861594
2026-07-18 05:29:00+00:00,93715.88139426855
2026-07-18 05:44:00+00:00,93714.84756957117
2026-07-18 05:59:00+00:00,93713.58932314134
2026-07-18 06:14:00+00:00,93712.51486954888
2026-07-18 06:29:00+00:00,93710.6223441549
2026-07-18 06:44:00+00:00,93716.27483753521
2026-07-18 06:59:00+00:00,93718.93412277939
2026-07-18 07:14:00+00:00,93712.45491874144
2026-07-18 07:29:00+00:00,93718.01150617357
2026-07-18 07:44:00+00:00,93727.83066386597
2026-07-18 07:59:00+00:00,93723.4397581641
2026-07-18 08:14:00+00:00,93723.4397581641
2026-07-18 08:29:00+00:00,93723.4397581641
2026-07-18 08:44:00+00:00,93723.4397581641
2026-07-18 08:59:00+00:00,93723.4397581641
2026-07-18 09:14:00+00:00,93723.4397581641
2026-07-18 09:29:00+00:00,93723.4397581641
2026-07-18 09:44:00+00:00,93723.4397581641
2026-07-18 09:59:00+00:00,93723.4397581641
2026-07-18 10:14:00+00:00,93723.4397581641
2026-07-18 10:29:00+00:00,93723.4397581641
2026-07-18 10:44:00+00:00,93723.4397581641
2026-07-18 10:59:00+00:00,93723.4397581641
2026-07-18 11:14:00+00:00,93723.4397581641
2026-07-18 11:29:00+00:00,93723.4397581641
2026-07-18 11:44:00+00:00,93723.4397581641
2026-07-18 11:59:00+00:00,93723.4397581641
2026-07-18 12:14:00+00:00,93723.4397581641
2026-07-18 12:29:00+00:00,93723.4397581641
2026-07-18 12:44:00+00:00,93722.20838423712
2026-07-18 12:59:00+00:00,93719.44973757042
2026-07-18 13:14:00+00:00,93723.35882769538
2026-07-18 13:29:00+00:00,93709.03565204912
2026-07-18 13:44:00+00:00,93683.38683938116
2026-07-18 13:59:00+00:00,93690.34842996318
2026-07-18 14:14:00+00:00,93686.00813300011
2026-07-18 14:29:00+00:00,93682.11333520175
2026-07-18 14:44:00+00:00,93682.2798303868
2026-07-18 14:59:00+00:00,93666.66360145433
2026-07-18 15:14:00+00:00,93637.66773796595
2026-07-18 15:29:00+00:00,93643.98617590575
2026-07-18 15:44:00+00:00,93646.59316933842
2026-07-18 15:59:00+00:00,93672.08832612293
2026-07-18 16:14:00+00:00,93660.94410343008
2026-07-18 16:29:00+00:00,93679.16162152113
2026-07-18 16:44:00+00:00,93606.13514152175
2026-07-18 16:59:00+00:00,93557.7113731275
2026-07-18 17:14:00+00:00,93563.56651781479
2026-07-18 17:29:00+00:00,93575.46156215265
2026-07-18 17:44:00+00:00,93565.57490421111
2026-07-18 17:59:00+00:00,93585.28106683282
2026-07-18 18:14:00+00:00,93585.00907600323
2026-07-18 18:29:00+00:00,93596.96109943811
2026-07-18 18:44:00+00:00,93603.86808634964
2026-07-18 18:59:00+00:00,93616.07267231164
2026-07-18 19:14:00+00:00,93617.41741801299
2026-07-18 19:29:00+00:00,93617.41741801299
2026-07-18 19:44:00+00:00,93617.41741801299
2026-07-18 19:59:00+00:00,93617.41741801299
2026-07-18 20:14:00+00:00,93617.41741801299
2026-07-18 20:29:00+00:00,93617.41741801299
2026-07-18 20:44:00+00:00,93617.41741801299
2026-07-18 20:59:00+00:00,93632.1304554134
2026-07-18 21:14:00+00:00,93628.30308922313
2026-07-18 21:29:00+00:00,93643.54051848038
2026-07-18 21:44:00+00:00,93614.03743448354
2026-07-18 21:59:00+00:00,93609.68936365566
2026-07-18 22:14:00+00:00,93605.29246325995
2026-07-18 22:29:00+00:00,93608.69443502405
2026-07-18 22:44:00+00:00,93615.30591216762
2026-07-18 22:59:00+00:00,93622.39081509807
2026-07-18 23:14:00+00:00,93618.65924229409
2026-07-18 23:29:00+00:00,93618.65924229409
2026-07-18 23:44:00+00:00,93618.65924229409
2026-07-18 23:59:00+00:00,93618.65924229409
2026-07-19 00:14:00+00:00,93618.65924229409
2026-07-19 00:29:00+00:00,93618.65924229409
2026-07-19 00:44:00+00:00,93618.65924229409
2026-07-19 00:59:00+00:00,93618.65924229409
2026-07-19 01:14:00+00:00,93618.65924229409
2026-07-19 01:29:00+00:00,93618.65924229409
2026-07-19 01:44:00+00:00,93618.65924229409
2026-07-19 01:59:00+00:00,93618.65924229409
2026-07-19 02:14:00+00:00,93618.65924229409
2026-07-19 02:29:00+00:00,93617.0229503471
2026-07-19 02:44:00+00:00,93608.22668002325
2026-07-19 02:59:00+00:00,93613.23065550691
2026-07-19 03:14:00+00:00,93614.003577727
2026-07-19 03:29:00+00:00,93615.08348577977
2026-07-19 03:44:00+00:00,93615.86044084288
2026-07-19 03:59:00+00:00,93614.81537870482
2026-07-19 04:14:00+00:00,93615.94345663286
2026-07-19 04:29:00+00:00,93613.80736461077
2026-07-19 04:44:00+00:00,93611.93832555371
2026-07-19 04:59:00+00:00,93610.19138528737
2026-07-19 05:14:00+00:00,93608.53364420537
2026-07-19 05:29:00+00:00,93609.66029538777
2026-07-19 05:44:00+00:00,93609.79999249095
2026-07-19 05:59:00+00:00,93609.08943799108
2026-07-19 06:14:00+00:00,93608.20722535017
2026-07-19 06:29:00+00:00,93608.48801647023
2026-07-19 06:44:00+00:00,93606.5298945856
2026-07-19 06:59:00+00:00,93606.5298945856
2026-07-19 07:14:00+00:00,93606.5298945856
2026-07-19 07:29:00+00:00,93606.5298945856
2026-07-19 07:44:00+00:00,93606.5298945856
2026-07-19 07:59:00+00:00,93606.5298945856
2026-07-19 08:14:00+00:00,93606.5298945856
2026-07-19 08:29:00+00:00,93606.5298945856
2026-07-19 08:44:00+00:00,93606.5298945856
2026-07-19 08:59:00+00:00,93606.5298945856
2026-07-19 09:14:00+00:00,93606.5298945856
2026-07-19 09:29:00+00:00,93594.20094298241
2026-07-19 09:44:00+00:00,93576.94131612951
2026-07-19 09:59:00+00:00,93576.23273456305
2026-07-19 10:14:00+00:00,93570.29290190863
2026-07-19 10:29:00+00:00,93565.3946638791
2026-07-19 10:44:00+00:00,93566.72051648957
2026-07-19 10:59:00+00:00,93535.65997678183
2026-07-19 11:14:00+00:00,93531.55336573528
2026-07-19 11:29:00+00:00,93551.4638822513
2026-07-19 11:44:00+00:00,93551.4123616272
2026-07-19 11:59:00+00:00,93545.92114604474
2026-07-19 12:14:00+00:00,93527.77463226931
2026-07-19 12:29:00+00:00,93477.36230456039
2026-07-19 12:44:00+00:00,93456.94406287334
2026-07-19 12:59:00+00:00,93480.73554099962
2026-07-19 13:14:00+00:00,93509.23499521214
2026-07-19 13:29:00+00:00,93504.07747655491
2026-07-19 13:44:00+00:00,93481.91722386962
2026-07-19 13:59:00+00:00,93479.22019415582
2026-07-19 14:14:00+00:00,93484.07503411829
2026-07-19 14:29:00+00:00,93497.13104078676
2026-07-19 14:44:00+00:00,93495.08679367442
2026-07-19 14:59:00+00:00,93463.2137035708
2026-07-19 15:14:00+00:00,93461.02240573024
2026-07-19 15:29:00+00:00,93474.05942239029
2026-07-19 15:44:00+00:00,93504.5327110485
2026-07-19 15:59:00+00:00,93496.82993468846
2026-07-19 16:14:00+00:00,93497.97807962731
2026-07-19 16:29:00+00:00,93497.97807962731
2026-07-19 16:44:00+00:00,93497.97807962731
2026-07-19 16:59:00+00:00,93497.97807962731
2026-07-19 17:14:00+00:00,93497.97807962731
2026-07-19 17:29:00+00:00,93496.72229851288
2026-07-19 17:44:00+00:00,93519.98524378933
2026-07-19 17:59:00+00:00,93513.9923549545
2026-07-19 18:14:00+00:00,93525.0553218186
2026-07-19 18:29:00+00:00,93522.24313864326
2026-07-19 18:44:00+00:00,93522.9807938243
2026-07-19 18:59:00+00:00,93536.55886418726
2026-07-19 19:14:00+00:00,93537.59682656264
2026-07-19 19:29:00+00:00,93521.02307364362
2026-07-19 19:44:00+00:00,93542.49983929645
2026-07-19 19:59:00+00:00,93539.12044250428
2026-07-19 20:14:00+00:00,93545.43786645451
2026-07-19 20:29:00+00:00,93544.86013130167
2026-07-19 20:44:00+00:00,93544.86013130167
2026-07-19 20:59:00+00:00,93544.86013130167
2026-07-19 21:14:00+00:00,93544.86013130167
2026-07-19 21:29:00+00:00,93544.86013130167
2026-07-19 21:44:00+00:00,93544.86013130167
2026-07-19 21:59:00+00:00,93544.86013130167
2026-07-19 22:14:00+00:00,93544.86013130167
2026-07-19 22:29:00+00:00,93544.86013130167
2026-07-19 22:44:00+00:00,93544.86013130167
2026-07-19 22:59:00+00:00,93547.82267773847
2026-07-19 23:14:00+00:00,93547.83757151279
2026-07-19 23:29:00+00:00,93535.91009350555
2026-07-19 23:44:00+00:00,93533.90539809111
2026-07-19 23:59:00+00:00,93554.70958893544
2026-07-20 00:14:00+00:00,93589.01159827746
2026-07-20 00:29:00+00:00,93575.36904506665
2026-07-20 00:44:00+00:00,93572.27535340846
2026-07-20 00:59:00+00:00,93525.6573073039
2026-07-20 01:14:00+00:00,93537.41008749466
2026-07-20 01:29:00+00:00,93539.38002175307
2026-07-20 01:44:00+00:00,93529.63096882487
2026-07-20 01:59:00+00:00,93528.35179617871
2026-07-20 02:14:00+00:00,93511.4652637839
2026-07-20 02:29:00+00:00,93531.9381112617
2026-07-20 02:44:00+00:00,93499.81248218297
2026-07-20 02:59:00+00:00,93482.1111746904
2026-07-20 03:14:00+00:00,93482.41466476978
2026-07-20 03:29:00+00:00,93501.25790919723
2026-07-20 03:44:00+00:00,93501.42852143131
2026-07-20 03:59:00+00:00,93501.31102614227
2026-07-20 04:14:00+00:00,93518.53276362117
2026-07-20 04:29:00+00:00,93521.22732645125
2026-07-20 04:44:00+00:00,93518.07940108742
2026-07-20 04:59:00+00:00,93518.07940108742
2026-07-20 05:14:00+00:00,93518.07940108742
2026-07-20 05:29:00+00:00,93518.07940108742
2026-07-20 05:44:00+00:00,93518.07940108742
2026-07-20 05:59:00+00:00,93514.4400429308
2026-07-20 06:14:00+00:00,93506.70939092987
2026-07-20 06:29:00+00:00,93495.26970512231
2026-07-20 06:44:00+00:00,93497.84819841427
2026-07-20 06:59:00+00:00,93491.97438241974
2026-07-20 07:14:00+00:00,93491.67913951879
2026-07-20 07:29:00+00:00,93508.17935578388
2026-07-20 07:44:00+00:00,93510.00776465437
2026-07-20 07:59:00+00:00,93522.12345825505
2026-07-20 08:14:00+00:00,93527.87837767747
2026-07-20 08:29:00+00:00,93527.7403463784
2026-07-20 08:44:00+00:00,93524.63793418556
2026-07-20 08:59:00+00:00,93535.68728960596
2026-07-20 09:14:00+00:00,93532.72785814584
2026-07-20 09:29:00+00:00,93532.72785814584
2026-07-20 09:44:00+00:00,93534.26228046359
2026-07-20 09:59:00+00:00,93551.91235442199
2026-07-20 10:14:00+00:00,93557.94168850349
2026-07-20 10:29:00+00:00,93565.1796039812
2026-07-20 10:44:00+00:00,93566.64209275837
2026-07-20 10:59:00+00:00,93563.04333845497
2026-07-20 11:14:00+00:00,93563.04333845497
2026-07-20 11:29:00+00:00,93563.04333845497
2026-07-20 11:44:00+00:00,93563.04333845497
2026-07-20 11:59:00+00:00,93549.86811189567
2026-07-20 12:14:00+00:00,93561.89379009137
2026-07-20 12:29:00+00:00,93564.73836781862
2026-07-20 12:44:00+00:00,93570.48235315194
2026-07-20 12:59:00+00:00,93568.86039254146
2026-07-20 13:14:00+00:00,93573.7390662529
2026-07-20 13:29:00+00:00,93618.00566864164
2026-07-20 13:44:00+00:00,93551.33005052687
2026-07-20 13:59:00+00:00,93625.85491375331
2026-07-20 14:14:00+00:00,93628.77490282565
2026-07-20 14:29:00+00:00,93610.27347806135
2026-07-20 14:44:00+00:00,93601.64292278425
2026-07-20 14:59:00+00:00,93622.6923115014
2026-07-20 15:14:00+00:00,93689.4182094964
2026-07-20 15:29:00+00:00,93690.9808452378
2026-07-20 15:44:00+00:00,93684.58776588216
2026-07-20 15:59:00+00:00,93650.89863654603
2026-07-20 16:14:00+00:00,93605.15213090074
2026-07-20 16:29:00+00:00,93624.63091006686
2026-07-20 16:44:00+00:00,93619.11779141157
2026-07-20 16:59:00+00:00,93646.98198152358
2026-07-20 17:14:00+00:00,93643.55467755621
2026-07-20 17:29:00+00:00,93645.61943540073
2026-07-20 17:44:00+00:00,93668.75822274743
2026-07-20 17:59:00+00:00,93635.15365063719
2026-07-20 18:14:00+00:00,93677.82098498734
2026-07-20 18:29:00+00:00,93718.07701251023
2026-07-20 18:44:00+00:00,93716.30693291804
2026-07-20 18:59:00+00:00,93709.73862944385
2026-07-20 19:14:00+00:00,93680.48020154866
2026-07-20 19:29:00+00:00,93669.46938216103
2026-07-20 19:44:00+00:00,93660.13947355293
2026-07-20 19:59:00+00:00,93694.11137231009
2026-07-20 20:14:00+00:00,93689.72673001971
2026-07-20 20:29:00+00:00,93682.75121038842
2026-07-20 20:44:00+00:00,93680.60850543407
2026-07-20 20:59:00+00:00,93685.0236134007
2026-07-20 21:14:00+00:00,93698.89663388704
2026-07-20 21:29:00+00:00,93703.72275695801
2026-07-20 21:44:00+00:00,93671.62766412005
2026-07-20 21:59:00+00:00,93696.02615931438
2026-07-20 22:14:00+00:00,93691.9270793873
2026-07-20 22:29:00+00:00,93710.29055323715
2026-07-20 22:44:00+00:00,93701.29082919477
2026-07-20 22:59:00+00:00,93702.6493875342
2026-07-20 23:14:00+00:00,93689.69418341373
2026-07-20 23:29:00+00:00,93664.85402694187
2026-07-20 23:44:00+00:00,93672.25004615303
2026-07-20 23:59:00+00:00,93696.38650284134
2026-07-21 00:14:00+00:00,93693.37044776666
2026-07-21 00:29:00+00:00,93693.37044776666
2026-07-21 00:44:00+00:00,93693.37044776666
2026-07-21 00:59:00+00:00,93707.65866129154
2026-07-21 01:14:00+00:00,93710.34746201524
2026-07-21 01:29:00+00:00,93690.98146105255
2026-07-21 01:44:00+00:00,93705.17284410175
2026-07-21 01:59:00+00:00,93709.79392257496
2026-07-21 02:14:00+00:00,93701.2237392282
2026-07-21 02:29:00+00:00,93713.53607710249
2026-07-21 02:44:00+00:00,93710.82917155151
2026-07-21 02:59:00+00:00,93710.82917155151
2026-07-21 03:14:00+00:00,93710.82917155151
2026-07-21 03:29:00+00:00,93710.82917155151
2026-07-21 03:44:00+00:00,93723.69106633552
2026-07-21 03:59:00+00:00,93727.49394687127
2026-07-21 04:14:00+00:00,93697.7260921801
2026-07-21 04:29:00+00:00,93707.6757033057
2026-07-21 04:44:00+00:00,93686.97861522087
2026-07-21 04:59:00+00:00,93675.58893693103
2026-07-21 05:14:00+00:00,93711.96608866591
2026-07-21 05:29:00+00:00,93692.36371640286
2026-07-21 05:44:00+00:00,93706.53474687727
2026-07-21 05:59:00+00:00,93711.52162209243
2026-07-21 06:14:00+00:00,93707.75845527135
2026-07-21 06:29:00+00:00,93697.93472362142
2026-07-21 06:44:00+00:00,93699.69215730975
2026-07-21 06:59:00+00:00,93689.94554799487
2026-07-21 07:14:00+00:00,93663.04613696728
2026-07-21 07:29:00+00:00,93695.01034252417
2026-07-21 07:44:00+00:00,93690.82102539887
2026-07-21 07:59:00+00:00,93655.68348702173
2026-07-21 08:14:00+00:00,93637.62237492694
2026-07-21 08:29:00+00:00,93630.86838895327
2026-07-21 08:44:00+00:00,93642.91923807627
2026-07-21 08:59:00+00:00,93642.62632097155
2026-07-21 09:14:00+00:00,93613.46064357522
2026-07-21 09:29:00+00:00,93646.78011585449
2026-07-21 09:44:00+00:00,93634.37028544799
2026-07-21 09:59:00+00:00,93574.91720792484
2026-07-21 10:14:00+00:00,93602.46168780701
2026-07-21 10:29:00+00:00,93622.96987023875
2026-07-21 10:44:00+00:00,93642.81074161976
2026-07-21 10:59:00+00:00,93675.12348073926
2026-07-21 11:14:00+00:00,93650.25385128106
2026-07-21 11:29:00+00:00,93659.29888972621
2026-07-21 11:44:00+00:00,93669.87818555765
2026-07-21 11:59:00+00:00,93674.12699068383
2026-07-21 12:14:00+00:00,93667.71367951353
2026-07-21 12:29:00+00:00,93669.31560776877
2026-07-21 12:44:00+00:00,93682.32581848501
2026-07-21 12:59:00+00:00,93668.9640171142
2026-07-21 13:14:00+00:00,93668.01034752127
2026-07-21 13:29:00+00:00,93688.72391034105
2026-07-21 13:44:00+00:00,93731.44839925694
2026-07-21 13:59:00+00:00,93736.14340143712
2026-07-21 14:14:00+00:00,93703.48790728608
2026-07-21 14:29:00+00:00,93697.00181902348
2026-07-21 14:44:00+00:00,93679.10329571784
2026-07-21 14:59:00+00:00,93685.08248401983
2026-07-21 15:14:00+00:00,93685.92368129201
2026-07-21 15:29:00+00:00,93697.87669447332
2026-07-21 15:44:00+00:00,93696.44477287382
2026-07-21 15:59:00+00:00,93690.45594321379
2026-07-21 16:14:00+00:00,93699.24016212816
2026-07-21 16:29:00+00:00,93727.89913307774
2026-07-21 16:44:00+00:00,93737.81367939789
2026-07-21 16:59:00+00:00,93727.66089797937
2026-07-21 17:14:00+00:00,93711.94709208864
2026-07-21 17:29:00+00:00,93725.75976379839
2026-07-21 17:44:00+00:00,93718.17211110317
2026-07-21 17:59:00+00:00,93754.74365978577
2026-07-21 18:14:00+00:00,93737.93310140893
2026-07-21 18:29:00+00:00,93740.04081700939
2026-07-21 18:44:00+00:00,93746.39054416915
2026-07-21 18:59:00+00:00,93727.25053021868
2026-07-21 19:14:00+00:00,93722.13459717597
2026-07-21 19:29:00+00:00,93701.14143342678
2026-07-21 19:44:00+00:00,93717.69643569668
2026-07-21 19:59:00+00:00,93735.54879062217
2026-07-21 20:14:00+00:00,93733.03994952781
2026-07-21 20:29:00+00:00,93745.4086698277
2026-07-21 20:44:00+00:00,93745.99736239122
2026-07-21 20:59:00+00:00,93708.50673281398
2026-07-21 21:14:00+00:00,93701.39934036061
2026-07-21 21:29:00+00:00,93680.17917936992
2026-07-21 21:44:00+00:00,93687.38348140074
2026-07-21 21:59:00+00:00,93694.52247660438
2026-07-21 22:14:00+00:00,93689.31193512128
2026-07-21 22:29:00+00:00,93724.22357741339
2026-07-21 22:44:00+00:00,93712.62680673602
2026-07-21 22:59:00+00:00,93707.46354903698
2026-07-21 23:14:00+00:00,93704.53019725715
2026-07-21 23:29:00+00:00,93700.53591921148
2026-07-21 23:44:00+00:00,93704.30890916745
2026-07-21 23:59:00+00:00,93706.25944573233
2026-07-22 00:14:00+00:00,93706.92639510153
2026-07-22 00:29:00+00:00,93698.89499645047
2026-07-22 00:44:00+00:00,93697.43734556425
2026-07-22 00:59:00+00:00,93696.63993997914
2026-07-22 01:14:00+00:00,93698.12389384165
2026-07-22 01:29:00+00:00,93695.59864826882
2026-07-22 01:44:00+00:00,93695.59864826882
2026-07-22 01:59:00+00:00,93695.59864826882
2026-07-22 02:14:00+00:00,93695.59864826882
2026-07-22 02:29:00+00:00,93695.59864826882
2026-07-22 02:44:00+00:00,93693.80563519151
2026-07-22 02:59:00+00:00,93693.10616970647
2026-07-22 03:14:00+00:00,93697.77487949682
2026-07-22 03:29:00+00:00,93704.75078243269
2026-07-22 03:44:00+00:00,93722.60777266345
2026-07-22 03:59:00+00:00,93703.72992547319
2026-07-22 04:14:00+00:00,93726.85226192472
2026-07-22 04:29:00+00:00,93735.7887693273
2026-07-22 04:44:00+00:00,93732.61539614732
2026-07-22 04:59:00+00:00,93732.61539614732
2026-07-22 05:14:00+00:00,93732.61539614732
2026-07-22 05:29:00+00:00,93783.94435160965
2026-07-22 05:44:00+00:00,93783.05706900959
2026-07-22 05:59:00+00:00,93778.86481080075
2026-07-22 06:14:00+00:00,93782.18234719356
2026-07-22 06:29:00+00:00,93769.64174870317
2026-07-22 06:44:00+00:00,93772.92642177494
2026-07-22 06:59:00+00:00,93772.61596323884
2026-07-22 07:14:00+00:00,93772.05037604902
2026-07-22 07:29:00+00:00,93771.13488854474
2026-07-22 07:44:00+00:00,93761.221488198
2026-07-22 07:59:00+00:00,93741.34611001957
2026-07-22 08:14:00+00:00,93747.68394800705
2026-07-22 08:29:00+00:00,93722.71368584453
2026-07-22 08:44:00+00:00,93735.05216732659
2026-07-22 08:59:00+00:00,93708.95949860477
2026-07-22 09:14:00+00:00,93700.31246875107
2026-07-22 09:29:00+00:00,93689.56991316957
2026-07-22 09:44:00+00:00,93710.59957831106
2026-07-22 09:59:00+00:00,93733.50309884842
2026-07-22 10:14:00+00:00,93750.24531799363
2026-07-22 10:29:00+00:00,93759.23045852921
2026-07-22 10:44:00+00:00,93756.00456810788
2026-07-22 10:59:00+00:00,93772.8194369545
2026-07-22 11:14:00+00:00,93758.49459841532
2026-07-22 11:29:00+00:00,93765.79645231838
2026-07-22 11:44:00+00:00,93742.81586053371
2026-07-22 11:59:00+00:00,93740.93632183202
2026-07-22 12:14:00+00:00,93730.48368241845
2026-07-22 12:29:00+00:00,93737.22582962937
2026-07-22 12:44:00+00:00,93750.43424241965
2026-07-22 12:59:00+00:00,93758.00716117775
2026-07-22 13:14:00+00:00,93740.57207804898
2026-07-22 13:29:00+00:00,93767.24929216805
2026-07-22 13:44:00+00:00,93761.61007132361
2026-07-22 13:59:00+00:00,93754.56893063939
2026-07-22 14:14:00+00:00,93732.81125035406
2026-07-22 14:29:00+00:00,93809.56664176474
2026-07-22 14:44:00+00:00,93799.57054745595
2026-07-22 14:59:00+00:00,93776.48215142339
2026-07-22 15:14:00+00:00,93734.26829998419
2026-07-22 15:29:00+00:00,93794.22202339277
2026-07-22 15:44:00+00:00,93788.59693344857
2026-07-22 15:59:00+00:00,93784.59023822112
2026-07-22 16:14:00+00:00,93743.76072585775
2026-07-22 16:29:00+00:00,93751.5819883941
2026-07-22 16:44:00+00:00,93719.64422595763
2026-07-22 16:59:00+00:00,93703.20177023656
2026-07-22 17:14:00+00:00,93773.73212818505
2026-07-22 17:29:00+00:00,93803.60663196987
2026-07-22 17:44:00+00:00,93786.98534372926
2026-07-22 17:59:00+00:00,93804.69142279177
2026-07-22 18:14:00+00:00,93818.72099509298
2026-07-22 18:29:00+00:00,93835.74515580124
2026-07-22 18:44:00+00:00,93833.91860515121
2026-07-22 18:59:00+00:00,93847.24825273392
2026-07-22 19:14:00+00:00,93849.926007481
2026-07-22 19:29:00+00:00,93843.62348271899
2026-07-22 19:44:00+00:00,93834.55071165919
2026-07-22 19:59:00+00:00,93836.70710928479
2026-07-22 20:14:00+00:00,93829.44934015082
2026-07-22 20:29:00+00:00,93819.79021300345
2026-07-22 20:44:00+00:00,93824.85288764993
2026-07-22 20:59:00+00:00,93829.01489179238
2026-07-22 21:14:00+00:00,93845.8678771785
2026-07-22 21:29:00+00:00,93837.4629525303
2026-07-22 21:44:00+00:00,93846.56256193863
2026-07-22 21:59:00+00:00,93854.76024551343
2026-07-22 22:14:00+00:00,93878.4908179412
2026-07-22 22:29:00+00:00,93863.94451385438
2026-07-22 22:44:00+00:00,93839.88963873239
2026-07-22 22:59:00+00:00,93835.98697889342
2026-07-22 23:14:00+00:00,93852.2967358163
2026-07-22 23:29:00+00:00,93868.63191808939
2026-07-22 23:44:00+00:00,93858.49518591222
2026-07-22 23:59:00+00:00,93851.86477397423
2026-07-23 00:14:00+00:00,93828.44843074285
2026-07-23 00:29:00+00:00,93855.77603560242
2026-07-23 00:44:00+00:00,93846.46125020836
2026-07-23 00:59:00+00:00,93837.93719493877
2026-07-23 01:14:00+00:00,93835.39630597373
2026-07-23 01:29:00+00:00,93837.81914090055
2026-07-23 01:44:00+00:00,93827.99481763186
2026-07-23 01:59:00+00:00,93824.92773125386
2026-07-23 02:14:00+00:00,93832.47521371793
2026-07-23 02:29:00+00:00,93834.30736470887
2026-07-23 02:44:00+00:00,93835.11251535843
2026-07-23 02:59:00+00:00,93835.11251535843
2026-07-23 03:14:00+00:00,93835.11251535843
2026-07-23 03:29:00+00:00,93832.84834420063
2026-07-23 03:44:00+00:00,93828.54042827284
2026-07-23 03:59:00+00:00,93834.69167276466
2026-07-23 04:14:00+00:00,93842.67187718787
2026-07-23 04:29:00+00:00,93859.74175211148
2026-07-23 04:44:00+00:00,93868.83802582155
2026-07-23 04:59:00+00:00,93873.00946526891
2026-07-23 05:14:00+00:00,93869.58881963609
2026-07-23 05:29:00+00:00,93854.97995372835
2026-07-23 05:44:00+00:00,93802.30460367892
2026-07-23 05:59:00+00:00,93808.55145040413
2026-07-23 06:14:00+00:00,93769.75530824401
2026-07-23 06:29:00+00:00,93789.04968067029
2026-07-23 06:44:00+00:00,93790.35443362602
2026-07-23 06:59:00+00:00,93807.14893964639
2026-07-23 07:14:00+00:00,93778.67293879752
2026-07-23 07:29:00+00:00,93762.79881462095
2026-07-23 07:44:00+00:00,93782.20189836842
2026-07-23 07:59:00+00:00,93773.3016977231
2026-07-23 08:14:00+00:00,93786.18127529659
2026-07-23 08:29:00+00:00,93752.55866187377
2026-07-23 08:44:00+00:00,93750.0874408973
2026-07-23 08:59:00+00:00,93752.70686434617
2026-07-23 09:14:00+00:00,93769.83053614125
2026-07-23 09:29:00+00:00,93775.36220340682
2026-07-23 09:44:00+00:00,93793.59007261788
2026-07-23 09:59:00+00:00,93788.25458432987
2026-07-23 10:14:00+00:00,93785.02746627884
2026-07-23 10:29:00+00:00,93780.313332166
2026-07-23 10:44:00+00:00,93782.44319283092
2026-07-23 10:59:00+00:00,93787.20005971183
2026-07-23 11:14:00+00:00,93785.83431998853
2026-07-23 11:29:00+00:00,93780.51918243282
2026-07-23 11:44:00+00:00,93762.06416631758
2026-07-23 11:59:00+00:00,93778.58932246795
2026-07-23 12:14:00+00:00,93769.27798780293
2026-07-23 12:29:00+00:00,93773.51788043023
2026-07-23 12:44:00+00:00,93768.36091805594
2026-07-23 12:59:00+00:00,93792.96469350529
2026-07-23 13:14:00+00:00,93773.57770606465
2026-07-23 13:29:00+00:00,93718.3890079444
2026-07-23 13:44:00+00:00,93700.97039765741
2026-07-23 13:59:00+00:00,93711.37719695127
2026-07-23 14:14:00+00:00,93702.16304919943
2026-07-23 14:29:00+00:00,93696.91314771748
2026-07-23 14:44:00+00:00,93694.23737559289
2026-07-23 14:59:00+00:00,93670.42021235228
2026-07-23 15:14:00+00:00,93631.20990843831
2026-07-23 15:29:00+00:00,93647.55290637953
2026-07-23 15:44:00+00:00,93676.38252085527
2026-07-23 15:59:00+00:00,93689.66913427299
2026-07-23 16:14:00+00:00,93677.72804482568
2026-07-23 16:29:00+00:00,93694.12072397383
2026-07-23 16:44:00+00:00,93690.12860062094
2026-07-23 16:59:00+00:00,93681.3129394888
2026-07-23 17:14:00+00:00,93679.08180356577
2026-07-23 17:29:00+00:00,93678.12473056852
2026-07-23 17:44:00+00:00,93675.77524479454
2026-07-23 17:59:00+00:00,93658.77061049096
2026-07-23 18:14:00+00:00,93589.50630760274
2026-07-23 18:29:00+00:00,93618.90634773659
2026-07-23 18:44:00+00:00,93597.82322991661
2026-07-23 18:59:00+00:00,93624.81548505387
2026-07-23 19:14:00+00:00,93628.25259808727
2026-07-23 19:29:00+00:00,93624.7027355893
2026-07-23 19:44:00+00:00,93615.67730726962
2026-07-23 19:59:00+00:00,93631.05665916268
2026-07-23 20:14:00+00:00,93629.5918254897
2026-07-23 20:29:00+00:00,93639.71493583596
2026-07-23 20:44:00+00:00,93642.3635253372
2026-07-23 20:59:00+00:00,93635.85195701367
2026-07-23 21:14:00+00:00,93627.03551982308
2026-07-23 21:29:00+00:00,93638.19416202798
2026-07-23 21:44:00+00:00,93643.68987780891
2026-07-23 21:59:00+00:00,93650.29082412404
2026-07-23 22:14:00+00:00,93665.84178143792
2026-07-23 22:29:00+00:00,93669.85646277305
2026-07-23 22:44:00+00:00,93661.34351764299
2026-07-23 22:59:00+00:00,93650.52822965602
2026-07-23 23:14:00+00:00,93654.27596065782
2026-07-23 23:29:00+00:00,93652.24076414217
2026-07-23 23:44:00+00:00,93652.1552607623
2026-07-23 23:59:00+00:00,93644.78499847885
2026-07-24 00:14:00+00:00,93645.83110547805
2026-07-24 00:29:00+00:00,93640.04200296228
2026-07-24 00:44:00+00:00,93628.20138494293
2026-07-24 00:59:00+00:00,93624.94301467286
2026-07-24 01:14:00+00:00,93631.51309534218
2026-07-24 01:29:00+00:00,93655.690881773
2026-07-24 01:44:00+00:00,93658.83037371267
2026-07-24 01:59:00+00:00,93653.74051099208
2026-07-24 02:14:00+00:00,93656.1039816854
2026-07-24 02:29:00+00:00,93655.06874545068
2026-07-24 02:44:00+00:00,93645.19775151381
2026-07-24 02:59:00+00:00,93643.55043310495
2026-07-24 03:14:00+00:00,93645.88730541883
2026-07-24 03:29:00+00:00,93650.40229307364
2026-07-24 03:44:00+00:00,93647.06568448794
2026-07-24 03:59:00+00:00,93652.53736039095
2026-07-24 04:14:00+00:00,93650.12717265694
2026-07-24 04:29:00+00:00,93652.03138098493
2026-07-24 04:44:00+00:00,93651.59730221122
2026-07-24 04:59:00+00:00,93650.77401942878
2026-07-24 05:14:00+00:00,93657.82121288712
2026-07-24 05:29:00+00:00,93657.07408577617
2026-07-24 05:44:00+00:00,93657.07408577617
2026-07-24 05:59:00+00:00,93657.07408577617
2026-07-24 06:14:00+00:00,93676.4800481405
2026-07-24 06:29:00+00:00,93681.48923926568
2026-07-24 06:44:00+00:00,93642.87838008507
2026-07-24 06:59:00+00:00,93624.05918250757
2026-07-24 07:14:00+00:00,93633.97535907496
2026-07-24 07:29:00+00:00,93642.90256275436
2026-07-24 07:44:00+00:00,93649.97643821772
2026-07-24 07:59:00+00:00,93652.91211271039
2026-07-24 08:14:00+00:00,93636.80356915203
2026-07-24 08:29:00+00:00,93656.17587790938
2026-07-24 08:44:00+00:00,93654.12296878675
2026-07-24 08:59:00+00:00,93660.54645500857
2026-07-24 09:14:00+00:00,93663.57361194615
2026-07-24 09:29:00+00:00,93654.20189470085
2026-07-24 09:44:00+00:00,93648.16100243275
2026-07-24 09:59:00+00:00,93650.38067224069
2026-07-24 10:14:00+00:00,93660.88686534428
2026-07-24 10:29:00+00:00,93660.61300566584
2026-07-24 10:44:00+00:00,93638.8895287214
2026-07-24 10:59:00+00:00,93656.12940018169
2026-07-24 11:14:00+00:00,93678.46031120243
2026-07-24 11:29:00+00:00,93679.66853909922
2026-07-24 11:44:00+00:00,93678.09278338352
2026-07-24 11:59:00+00:00,93671.5290145475
2026-07-24 12:14:00+00:00,93676.03023873048
2026-07-24 12:29:00+00:00,93676.09988783114
2026-07-24 12:44:00+00:00,93676.4166752489
2026-07-24 12:59:00+00:00,93679.75330517409
2026-07-24 13:14:00+00:00,93641.83783797165
2026-07-24 13:29:00+00:00,93642.49065488981
2026-07-24 13:44:00+00:00,93666.4430549389
2026-07-24 13:59:00+00:00,93670.46390816054
2026-07-24 14:14:00+00:00,93649.47629205234
2026-07-24 14:29:00+00:00,93651.48006810786
2026-07-24 14:44:00+00:00,93540.4271223852
2026-07-24 14:59:00+00:00,93558.09162074431
2026-07-24 15:14:00+00:00,93563.73943716103
2026-07-24 15:29:00+00:00,93590.21977297873
2026-07-24 15:44:00+00:00,93603.2109190114
2026-07-24 15:59:00+00:00,93597.00015942447
2026-07-24 16:14:00+00:00,93580.43020014922
2026-07-24 16:29:00+00:00,93579.56552615123
2026-07-24 16:44:00+00:00,93562.51701568102
2026-07-24 16:59:00+00:00,93564.83784847335
2026-07-24 17:14:00+00:00,93560.78014506216
2026-07-24 17:29:00+00:00,93548.57777396747
2026-07-24 17:44:00+00:00,93560.9403697409
2026-07-24 17:59:00+00:00,93543.60758622715
2026-07-24 18:14:00+00:00,93538.68829234359
2026-07-24 18:29:00+00:00,93545.66046213814
2026-07-24 18:44:00+00:00,93540.13766041154
2026-07-24 18:59:00+00:00,93542.64170900558
2026-07-24 19:14:00+00:00,93522.7960014376
2026-07-24 19:29:00+00:00,93542.37887838768
2026-07-24 19:44:00+00:00,93545.70433194118
2026-07-24 19:59:00+00:00,93543.4960837096
2026-07-24 20:14:00+00:00,93559.62924677358
2026-07-24 20:29:00+00:00,93559.747733752
2026-07-24 20:44:00+00:00,93553.128904545
2026-07-24 20:59:00+00:00,93545.09435268011
2026-07-24 21:14:00+00:00,93519.92440081615
2026-07-24 21:29:00+00:00,93591.12670289385
2026-07-24 21:44:00+00:00,93590.97849009334
2026-07-24 21:59:00+00:00,93596.1752125789
2026-07-24 22:14:00+00:00,93591.42153925214
2026-07-24 22:29:00+00:00,93632.0485394527
2026-07-24 22:44:00+00:00,93656.10456079987
2026-07-24 22:59:00+00:00,93646.58428235241
2026-07-24 23:14:00+00:00,93656.03966323004
2026-07-24 23:29:00+00:00,93683.21550053869
2026-07-24 23:44:00+00:00,93695.2162336478
2026-07-24 23:59:00+00:00,93675.44513157413
2026-07-25 00:14:00+00:00,93740.2712898142
2026-07-25 00:29:00+00:00,93707.07489979792
2026-07-25 00:44:00+00:00,93721.54803809784
2026-07-25 00:59:00+00:00,93720.27780504856
2026-07-25 01:14:00+00:00,93718.21026510149
2026-07-25 01:29:00+00:00,93704.502565951
2026-07-25 01:44:00+00:00,93716.11343872982
2026-07-25 01:59:00+00:00,93718.84215048114
2026-07-25 02:14:00+00:00,93709.33964114833
2026-07-25 02:29:00+00:00,93719.17170487042
2026-07-25 02:44:00+00:00,93708.19063137662
2026-07-25 02:59:00+00:00,93703.41418018898
2026-07-25 03:14:00+00:00,93716.60212580401
2026-07-25 03:29:00+00:00,93726.13994669948
2026-07-25 03:44:00+00:00,93723.5642280161
2026-07-25 03:59:00+00:00,93729.3677900536
2026-07-25 04:14:00+00:00,93728.55218587653
2026-07-25 04:29:00+00:00,93727.90971458993
2026-07-25 04:44:00+00:00,93717.06190725094
2026-07-25 04:59:00+00:00,93726.38516431276
2026-07-25 05:14:00+00:00,93679.62079794143
2026-07-25 05:29:00+00:00,93659.05158668953
2026-07-25 05:44:00+00:00,93667.97311553631
2026-07-25 05:59:00+00:00,93666.65001505203
2026-07-25 06:14:00+00:00,93651.3436838429
2026-07-25 06:29:00+00:00,93654.60713405024
2026-07-25 06:44:00+00:00,93655.81941991123
2026-07-25 06:59:00+00:00,93668.75483888228
2026-07-25 07:14:00+00:00,93678.99596063058
2026-07-25 07:29:00+00:00,93677.90576147378
2026-07-25 07:44:00+00:00,93674.20390803061
2026-07-25 07:59:00+00:00,93675.83133351518
2026-07-25 08:14:00+00:00,93679.8826983139
2026-07-25 08:29:00+00:00,93709.05273151735
2026-07-25 08:44:00+00:00,93704.63581019183
2026-07-25 08:59:00+00:00,93704.36244126417
2026-07-25 09:14:00+00:00,93707.2746908624
2026-07-25 09:29:00+00:00,93709.85684522518
2026-07-25 09:44:00+00:00,93722.48710176432
2026-07-25 09:59:00+00:00,93739.27017144985
2026-07-25 10:14:00+00:00,93740.20291603684
2026-07-25 10:29:00+00:00,93741.80246213391
2026-07-25 10:44:00+00:00,93736.56406144606
2026-07-25 10:59:00+00:00,93736.56406144606
2026-07-25 11:14:00+00:00,93736.56406144606
2026-07-25 11:29:00+00:00,93736.56406144606
2026-07-25 11:44:00+00:00,93736.56406144606
2026-07-25 11:59:00+00:00,93736.56406144606
2026-07-25 12:14:00+00:00,93736.56406144606
2026-07-25 12:29:00+00:00,93736.56406144606
2026-07-25 12:44:00+00:00,93736.56406144606
2026-07-25 12:59:00+00:00,93736.56406144606
2026-07-25 13:14:00+00:00,93739.56685211258
2026-07-25 13:29:00+00:00,93741.32216714301
2026-07-25 13:44:00+00:00,93740.57288914813
2026-07-25 13:59:00+00:00,93695.48255576099
2026-07-25 14:14:00+00:00,93633.70859129536
2026-07-25 14:29:00+00:00,93674.3546477697
2026-07-25 14:44:00+00:00,93638.75199780636
2026-07-25 14:59:00+00:00,93644.67339410626
2026-07-25 15:14:00+00:00,93654.10569408331
2026-07-25 15:29:00+00:00,93617.35845817196
2026-07-25 15:44:00+00:00,93645.66625208988
2026-07-25 15:59:00+00:00,93623.22217026795
2026-07-25 16:14:00+00:00,93582.8089262227
2026-07-25 16:29:00+00:00,93593.22742129411
2026-07-25 16:44:00+00:00,93534.3281387851
2026-07-25 16:59:00+00:00,93552.14033905108
2026-07-25 17:14:00+00:00,93567.55345819204
2026-07-25 17:29:00+00:00,93564.51457681667
2026-07-25 17:44:00+00:00,93538.94590685719
2026-07-25 17:59:00+00:00,93526.31820516384
2026-07-25 18:14:00+00:00,93523.79947904737
2026-07-25 18:29:00+00:00,93522.56073448544
2026-07-25 18:44:00+00:00,93523.47530352046
2026-07-25 18:59:00+00:00,93530.47779608035
2026-07-25 19:14:00+00:00,93533.0104850355
2026-07-25 19:29:00+00:00,93537.7473316481
2026-07-25 19:44:00+00:00,93533.84024484715
2026-07-25 19:59:00+00:00,93529.85123169978
2026-07-25 20:14:00+00:00,93536.0910459649
2026-07-25 20:29:00+00:00,93540.44841289338
2026-07-25 20:44:00+00:00,93541.04167427312
2026-07-25 20:59:00+00:00,93537.28843988571
2026-07-25 21:14:00+00:00,93536.22423511687
2026-07-25 21:29:00+00:00,93565.26335776212
2026-07-25 21:44:00+00:00,93560.70427235638
2026-07-25 21:59:00+00:00,93563.04313965676
2026-07-25 22:14:00+00:00,93552.711217729
2026-07-25 22:29:00+00:00,93528.16103557688
2026-07-25 22:44:00+00:00,93547.01747941956
2026-07-25 22:59:00+00:00,93548.94694910984
2026-07-25 23:14:00+00:00,93572.47912668846
2026-07-25 23:29:00+00:00,93578.32103715139
2026-07-25 23:44:00+00:00,93581.54720369457
2026-07-25 23:59:00+00:00,93578.07051891975
2026-07-26 00:14:00+00:00,93573.68537060333
2026-07-26 00:29:00+00:00,93576.97785377898
2026-07-26 00:44:00+00:00,93581.18627796129
2026-07-26 00:59:00+00:00,93582.10310713995
2026-07-26 01:14:00+00:00,93577.97417168047
2026-07-26 01:29:00+00:00,93579.82462219341
2026-07-26 01:44:00+00:00,93573.21340830754
2026-07-26 01:59:00+00:00,93599.99229333787
2026-07-26 02:14:00+00:00,93623.8330565312
2026-07-26 02:29:00+00:00,93641.62752674753
2026-07-26 02:44:00+00:00,93625.19298015103
2026-07-26 02:59:00+00:00,93615.86723799029
2026-07-26 03:14:00+00:00,93609.18588256782
2026-07-26 03:29:00+00:00,93608.62417095476
2026-07-26 03:44:00+00:00,93608.80933785092
2026-07-26 03:59:00+00:00,93606.30513338723
2026-07-26 04:14:00+00:00,93605.15393240355
2026-07-26 04:29:00+00:00,93606.70298688259
2026-07-26 04:44:00+00:00,93628.99169758213
2026-07-26 04:59:00+00:00,93613.26942081057
2026-07-26 05:14:00+00:00,93593.82746091821
2026-07-26 05:29:00+00:00,93601.55883074805
2026-07-26 05:44:00+00:00,93588.35782604787
2026-07-26 05:59:00+00:00,93598.29989910862
2026-07-26 06:14:00+00:00,93609.05099641033
2026-07-26 06:29:00+00:00,93626.83682756194
2026-07-26 06:44:00+00:00,93627.57488441959
2026-07-26 06:59:00+00:00,93647.46365292775
2026-07-26 07:14:00+00:00,93651.74116561863
2026-07-26 07:29:00+00:00,93651.73755607527
2026-07-26 07:44:00+00:00,93662.84384221667
2026-07-26 07:59:00+00:00,93658.62146099299
2026-07-26 08:14:00+00:00,93664.60170636445
2026-07-26 08:29:00+00:00,93665.58861806517
2026-07-26 08:44:00+00:00,93673.78659938971
2026-07-26 08:59:00+00:00,93676.31933273029
2026-07-26 09:14:00+00:00,93688.05139969473
2026-07-26 09:29:00+00:00,93686.76808758598
2026-07-26 09:44:00+00:00,93686.92071927561
2026-07-26 09:59:00+00:00,93696.13908847602
2026-07-26 10:14:00+00:00,93693.99582227987
2026-07-26 10:29:00+00:00,93663.51765091287
2026-07-26 10:44:00+00:00,93644.90555594546
2026-07-26 10:59:00+00:00,93633.08125953536
2026-07-26 11:14:00+00:00,93547.03263754705
2026-07-26 11:29:00+00:00,93585.54973887179
2026-07-26 11:44:00+00:00,93554.93471683512
2026-07-26 11:59:00+00:00,93514.30497654957
2026-07-26 12:14:00+00:00,93483.55468661769
2026-07-26 12:29:00+00:00,93436.96561691072
2026-07-26 12:44:00+00:00,93430.88369233563
2026-07-26 12:59:00+00:00,93458.18962624061
2026-07-26 13:14:00+00:00,93519.27741383018
2026-07-26 13:29:00+00:00,93479.0717131973
2026-07-26 13:44:00+00:00,93491.39993991837
2026-07-26 13:59:00+00:00,93482.34504964802
2026-07-26 14:14:00+00:00,93467.78405131646
2026-07-26 14:29:00+00:00,93464.38107845937
2026-07-26 14:44:00+00:00,93406.7682219531
2026-07-26 14:59:00+00:00,93443.29343714863
2026-07-26 15:14:00+00:00,93465.10067220616
2026-07-26 15:29:00+00:00,93454.12722410826
2026-07-26 15:44:00+00:00,93447.44008838874
2026-07-26 15:59:00+00:00,93395.49730963659
2026-07-26 16:14:00+00:00,93437.28017351285
2026-07-26 16:29:00+00:00,93385.89858047193
2026-07-26 16:44:00+00:00,93411.77850469826
2026-07-26 16:59:00+00:00,93405.19432471313
2026-07-26 17:14:00+00:00,93422.25876163477
2026-07-26 17:29:00+00:00,93431.82400372787
2026-07-26 17:44:00+00:00,93432.88498375281
2026-07-26 17:59:00+00:00,93432.51483466958
2026-07-26 18:14:00+00:00,93427.58653067084
2026-07-26 18:29:00+00:00,93413.10541969753
2026-07-26 18:44:00+00:00,93409.90863311461
2026-07-26 18:59:00+00:00,93325.85242754212
2026-07-26 19:14:00+00:00,93350.57806318573
2026-07-26 19:29:00+00:00,93343.70368484291
2026-07-26 19:44:00+00:00,93347.94798108304
2026-07-26 19:59:00+00:00,93353.76207503465
2026-07-26 20:14:00+00:00,93364.19630756491
2026-07-26 20:29:00+00:00,93376.15763474736
2026-07-26 20:44:00+00:00,93380.97897492879
2026-07-26 20:59:00+00:00,93414.10828234177
2026-07-26 21:14:00+00:00,93405.58875904644
2026-07-26 21:29:00+00:00,93408.13717136819
2026-07-26 21:44:00+00:00,93405.70304725868
2026-07-26 21:59:00+00:00,93396.93510351285
2026-07-26 22:14:00+00:00,93360.77158773132
2026-07-26 22:29:00+00:00,93284.03268970682
2026-07-26 22:44:00+00:00,93270.73078176424
2026-07-26 22:59:00+00:00,93279.18422605944
2026-07-26 23:14:00+00:00,93263.12683545503
2026-07-26 23:29:00+00:00,93233.00499758217
2026-07-26 23:44:00+00:00,93230.81258907728
2026-07-26 23:59:00+00:00,93205.27444719928
2026-07-27 00:14:00+00:00,93209.45469248615
2026-07-27 00:29:00+00:00,93249.42166007888
2026-07-27 00:44:00+00:00,93241.64956329441
2026-07-27 00:59:00+00:00,93233.48768698308
2026-07-27 01:14:00+00:00,93220.29188119737
2026-07-27 01:29:00+00:00,93222.62962512636
2026-07-27 01:44:00+00:00,93220.97102043669
2026-07-27 01:59:00+00:00,93226.11825543999
2026-07-27 02:14:00+00:00,93241.27401190503
2026-07-27 02:29:00+00:00,93220.54965758626
2026-07-27 02:44:00+00:00,93207.66060958688
2026-07-27 02:59:00+00:00,93193.22408445478
2026-07-27 03:14:00+00:00,93210.23316186294
2026-07-27 03:29:00+00:00,93222.5659395328
2026-07-27 03:44:00+00:00,93228.58313754704
2026-07-27 03:59:00+00:00,93219.84985599596
2026-07-27 04:14:00+00:00,93230.79801807538
2026-07-27 04:29:00+00:00,93234.54918950173
2026-07-27 04:44:00+00:00,93242.61786909292
2026-07-27 04:59:00+00:00,93241.50707733579
2026-07-27 05:14:00+00:00,93241.11388368274
2026-07-27 05:29:00+00:00,93233.28801588053
2026-07-27 05:44:00+00:00,93227.54319236756
2026-07-27 05:59:00+00:00,93224.80877063275
2026-07-27 06:14:00+00:00,93221.94606519565
2026-07-27 06:29:00+00:00,93227.76076781437
2026-07-27 06:44:00+00:00,93219.94904853865
2026-07-27 06:59:00+00:00,93215.35315416052
2026-07-27 07:14:00+00:00,93215.14629601139
2026-07-27 07:29:00+00:00,93218.20133464015
2026-07-27 07:44:00+00:00,93202.61339794575
2026-07-27 07:59:00+00:00,93219.85175991699
2026-07-27 08:14:00+00:00,93222.27312494405
2026-07-27 08:29:00+00:00,93223.81855369905
2026-07-27 08:44:00+00:00,93219.43168252526
2026-07-27 08:59:00+00:00,93211.56178297252
2026-07-27 09:14:00+00:00,93223.61448671519
2026-07-27 09:29:00+00:00,93226.11436384408
2026-07-27 09:44:00+00:00,93226.11436384408
2026-07-27 09:59:00+00:00,93226.11436384408
2026-07-27 10:14:00+00:00,93226.11436384408
2026-07-27 10:29:00+00:00,93226.11436384408
2026-07-27 10:44:00+00:00,93226.11436384408
2026-07-27 10:59:00+00:00,93220.50338453797
2026-07-27 11:14:00+00:00,93224.93162457524
2026-07-27 11:29:00+00:00,93205.51852527985
2026-07-27 11:44:00+00:00,93227.7076201897
2026-07-27 11:59:00+00:00,93207.42052263378
2026-07-27 12:14:00+00:00,93213.58035969705
2026-07-27 12:29:00+00:00,93213.88037357286
2026-07-27 12:44:00+00:00,93214.6450648038
2026-07-27 12:59:00+00:00,93218.89690700275
2026-07-27 13:14:00+00:00,93223.69223606016
2026-07-27 13:29:00+00:00,93227.74305606089
2026-07-27 13:44:00+00:00,93239.34886325971
2026-07-27 13:59:00+00:00,93233.09097680697
2026-07-27 14:14:00+00:00,93232.49144687652
2026-07-27 14:29:00+00:00,93256.23274290562
2026-07-27 14:44:00+00:00,93212.40917733213
2026-07-27 14:59:00+00:00,93240.92387601004
2026-07-27 15:14:00+00:00,93255.02929830946
2026-07-27 15:29:00+00:00,93262.84073213369
2026-07-27 15:44:00+00:00,93243.05813199512
2026-07-27 15:59:00+00:00,93221.3663473604
2026-07-27 16:14:00+00:00,93228.79753453442
2026-07-27 16:29:00+00:00,93269.93677404916
2026-07-27 16:44:00+00:00,93253.08410954788
2026-07-27 16:59:00+00:00,93254.87518425123
2026-07-27 17:14:00+00:00,93261.51795051893
2026-07-27 17:29:00+00:00,93256.24374560428
2026-07-27 17:44:00+00:00,93254.65576973057
2026-07-27 17:59:00+00:00,93244.45491912877
2026-07-27 18:14:00+00:00,93249.16125607718
2026-07-27 18:29:00+00:00,93231.04726987297
2026-07-27 18:44:00+00:00,93193.41484533096
2026-07-27 18:59:00+00:00,93180.91084828696
2026-07-27 19:14:00+00:00,93198.27794805671
2026-07-27 19:29:00+00:00,93156.9169264593
2026-07-27 19:44:00+00:00,93167.3254349735
2026-07-27 19:59:00+00:00,93190.32116089182
2026-07-27 20:14:00+00:00,93181.8638250923
2026-07-27 20:29:00+00:00,93209.35634173236
2026-07-27 20:44:00+00:00,93177.72696270875
2026-07-27 20:59:00+00:00,93194.47957582092
2026-07-27 21:14:00+00:00,93185.57310461794
2026-07-27 21:29:00+00:00,93165.2580615247
2026-07-27 21:44:00+00:00,93175.3945540204
2026-07-27 21:59:00+00:00,93193.2100692018
2026-07-27 22:14:00+00:00,93180.76605114891
2026-07-27 22:29:00+00:00,93196.47926579173
2026-07-27 22:44:00+00:00,93208.81130818544
2026-07-27 22:59:00+00:00,93086.38486947112
2026-07-27 23:14:00+00:00,93114.77051771303
2026-07-27 23:29:00+00:00,93118.49384996899
2026-07-27 23:44:00+00:00,93112.03919926657
2026-07-27 23:59:00+00:00,93137.49935313796
2026-07-28 00:14:00+00:00,93137.91703712613
2026-07-28 00:29:00+00:00,93150.19124718373
2026-07-28 00:44:00+00:00,93138.57894437201
2026-07-28 00:59:00+00:00,93142.52408467783
2026-07-28 01:14:00+00:00,93133.60602856863
2026-07-28 01:29:00+00:00,93140.8535013264
2026-07-28 01:44:00+00:00,93148.03981621067
2026-07-28 01:59:00+00:00,93139.97305731228
2026-07-28 02:14:00+00:00,93155.995316074
2026-07-28 02:29:00+00:00,93149.67404467282
2026-07-28 02:44:00+00:00,93153.6026409635
2026-07-28 02:59:00+00:00,93151.38299673368
2026-07-28 03:14:00+00:00,93148.33212936844
2026-07-28 03:29:00+00:00,93161.73643716205
2026-07-28 03:44:00+00:00,93157.53678130599
2026-07-28 03:59:00+00:00,93159.25860991959
2026-07-28 04:14:00+00:00,93152.5532393443
2026-07-28 04:29:00+00:00,93150.22287227176
2026-07-28 04:44:00+00:00,93159.44585300937
2026-07-28 04:59:00+00:00,93158.06262001218
2026-07-28 05:14:00+00:00,93160.541645248
2026-07-28 05:29:00+00:00,93160.673647165
2026-07-28 05:44:00+00:00,93160.673647165
2026-07-28 05:59:00+00:00,93150.91452399046
2026-07-28 06:14:00+00:00,93158.91092256735
2026-07-28 06:29:00+00:00,93211.94618786222
2026-07-28 06:44:00+00:00,93221.15755648742
2026-07-28 06:59:00+00:00,93230.69493570038
2026-07-28 07:14:00+00:00,93225.88081325796
2026-07-28 07:29:00+00:00,93229.0225695345
2026-07-28 07:44:00+00:00,93229.96833549217
2026-07-28 07:59:00+00:00,93216.41434316128
2026-07-28 08:14:00+00:00,93214.7130573627
2026-07-28 08:29:00+00:00,93224.60506970299
2026-07-28 08:44:00+00:00,93212.83481376975
2026-07-28 08:59:00+00:00,93213.86955101714
2026-07-28 09:14:00+00:00,93207.25731478652
2026-07-28 09:29:00+00:00,93216.52970410584
2026-07-28 09:44:00+00:00,93205.38997714313
2026-07-28 09:59:00+00:00,93213.19180741311
2026-07-28 10:14:00+00:00,93216.14485747665
2026-07-28 10:29:00+00:00,93212.87101390718
2026-07-28 10:44:00+00:00,93184.65427845235
2026-07-28 10:59:00+00:00,93218.29177302365
2026-07-28 11:14:00+00:00,93192.27145996725
2026-07-28 11:29:00+00:00,93213.49729113889
2026-07-28 11:44:00+00:00,93192.63101211392
2026-07-28 11:59:00+00:00,93176.11813216702
2026-07-28 12:14:00+00:00,93162.55369674433
2026-07-28 12:29:00+00:00,93117.42161236503
2026-07-28 12:44:00+00:00,93105.82534571938
2026-07-28 12:59:00+00:00,93090.34518456447
2026-07-28 13:14:00+00:00,93081.28552368516
2026-07-28 13:29:00+00:00,93127.0943011152
2026-07-28 13:44:00+00:00,93097.33982137457
2026-07-28 13:59:00+00:00,93013.0366761453
2026-07-28 14:14:00+00:00,93042.72500472637
2026-07-28 14:29:00+00:00,93060.19949017112
2026-07-28 14:44:00+00:00,93075.93321511378
2026-07-28 14:59:00+00:00,93065.77589323877
2026-07-28 15:14:00+00:00,93066.99903288946
2026-07-28 15:29:00+00:00,93081.24941440894
2026-07-28 15:44:00+00:00,93120.70578113323
2026-07-28 15:59:00+00:00,93114.22848781933
2026-07-28 16:14:00+00:00,93102.56597941535
2026-07-28 16:29:00+00:00,93087.5267850881
2026-07-28 16:44:00+00:00,93046.60649129754
2026-07-28 16:59:00+00:00,93054.29526573874
2026-07-28 17:14:00+00:00,93088.13520852325
2026-07-28 17:29:00+00:00,93106.742154744
2026-07-28 17:44:00+00:00,93146.18092666849
2026-07-28 17:59:00+00:00,93130.46688076673
2026-07-28 18:14:00+00:00,93145.53115465921
2026-07-28 18:29:00+00:00,93145.43395953304
2026-07-28 18:44:00+00:00,93147.97269199984
2026-07-28 18:59:00+00:00,93143.46943543223
2026-07-28 19:14:00+00:00,93159.43574637458
2026-07-28 19:29:00+00:00,93152.54741978824
2026-07-28 19:44:00+00:00,93152.54741978824
2026-07-28 19:59:00+00:00,93152.54741978824
2026-07-28 20:14:00+00:00,93152.54741978824
2026-07-28 20:29:00+00:00,93152.54741978824
2026-07-28 20:44:00+00:00,93152.54741978824
2026-07-28 20:59:00+00:00,93152.54741978824
2026-07-28 21:14:00+00:00,93152.54741978824
2026-07-28 21:29:00+00:00,93152.54741978824
2026-07-28 21:44:00+00:00,93152.54741978824
2026-07-28 21:59:00+00:00,93152.54741978824
2026-07-28 22:14:00+00:00,93152.54741978824
2026-07-28 22:29:00+00:00,93160.9853547554
2026-07-28 22:44:00+00:00,93146.81034391258
2026-07-28 22:59:00+00:00,93148.14051208386
2026-07-28 23:14:00+00:00,93163.4651897468
2026-07-28 23:29:00+00:00,93152.77106108633
2026-07-28 23:44:00+00:00,93152.90669587156
2026-07-28 23:59:00+00:00,93147.81120690494
2026-07-29 00:14:00+00:00,93128.20005049222
2026-07-29 00:29:00+00:00,93118.34119073924
2026-07-29 00:44:00+00:00,93110.2902466508
2026-07-29 00:59:00+00:00,93088.196990877
2026-07-29 01:14:00+00:00,93084.37886708922
2026-07-29 01:29:00+00:00,93087.99050600531
2026-07-29 01:44:00+00:00,93074.9193626601
2026-07-29 01:59:00+00:00,93076.62343674488
2026-07-29 02:14:00+00:00,93057.80097770583
2026-07-29 02:29:00+00:00,93022.43228799649
2026-07-29 02:44:00+00:00,93019.22966686414
2026-07-29 02:59:00+00:00,93019.04960947833
2026-07-29 03:14:00+00:00,93024.46233632609
2026-07-29 03:29:00+00:00,93039.97472387788
2026-07-29 03:44:00+00:00,93015.67102015243
2026-07-29 03:59:00+00:00,93002.21318570866
2026-07-29 04:14:00+00:00,92994.90278342825
2026-07-29 04:29:00+00:00,93012.36188130549
2026-07-29 04:44:00+00:00,93049.28270732381
2026-07-29 04:59:00+00:00,93044.04720130157
2026-07-29 05:14:00+00:00,93012.72969606915
2026-07-29 05:29:00+00:00,93033.3405294569
2026-07-29 05:44:00+00:00,93041.59272155257
2026-07-29 05:59:00+00:00,93031.93511578308
2026-07-29 06:14:00+00:00,93040.4235513851
2026-07-29 06:29:00+00:00,93020.83364999437
2026-07-29 06:44:00+00:00,93018.54091195877
2026-07-29 06:59:00+00:00,93005.46099759713
2026-07-29 07:14:00+00:00,92992.3662168667
2026-07-29 07:29:00+00:00,92971.7622749052
2026-07-29 07:44:00+00:00,92979.09250644126
2026-07-29 07:59:00+00:00,92978.20480095175
2026-07-29 08:14:00+00:00,92979.98097927796
2026-07-29 08:29:00+00:00,92982.95884305268
2026-07-29 08:44:00+00:00,92982.28175010643
2026-07-29 08:59:00+00:00,92987.99654129056
2026-07-29 09:14:00+00:00,92995.03176118716
2026-07-29 09:29:00+00:00,92920.04581722218
2026-07-29 09:44:00+00:00,92952.26742483642
2026-07-29 09:59:00+00:00,92936.32398475896
2026-07-29 10:14:00+00:00,92908.03402367591
2026-07-29 10:29:00+00:00,92876.21159880233
2026-07-29 10:44:00+00:00,92868.74816509378
2026-07-29 10:59:00+00:00,92861.95141231181
2026-07-29 11:14:00+00:00,92855.24980689689
2026-07-29 11:29:00+00:00,92876.27665364793
2026-07-29 11:44:00+00:00,92862.02712690354
2026-07-29 11:59:00+00:00,92923.49879906603
2026-07-29 12:14:00+00:00,92930.75110405684
2026-07-29 12:29:00+00:00,92936.04212517664
2026-07-29 12:44:00+00:00,92903.43112536074
2026-07-29 12:59:00+00:00,92893.1149430215
2026-07-29 13:14:00+00:00,92887.42757405472
2026-07-29 13:29:00+00:00,92871.12768252622
2026-07-29 13:44:00+00:00,92854.60913645454
2026-07-29 13:59:00+00:00,92861.86499738843
2026-07-29 14:14:00+00:00,92860.34086571881
2026-07-29 14:29:00+00:00,92855.8571871239
2026-07-29 14:44:00+00:00,92863.81782800058
2026-07-29 14:59:00+00:00,92858.75610826732
2026-07-29 15:14:00+00:00,92861.60898839461
2026-07-29 15:29:00+00:00,92861.81899851542
2026-07-29 15:44:00+00:00,92862.08478946958
2026-07-29 15:59:00+00:00,92856.2638098881
2026-07-29 16:14:00+00:00,92865.88785063518
2026-07-29 16:29:00+00:00,92864.4209337415
2026-07-29 16:44:00+00:00,92827.28143555608
2026-07-29 16:59:00+00:00,92803.12007518556
2026-07-29 17:14:00+00:00,92826.4678605759
2026-07-29 17:29:00+00:00,92845.58095901611
2026-07-29 17:44:00+00:00,92827.5657224053
2026-07-29 17:59:00+00:00,92818.11310297246
2026-07-29 18:14:00+00:00,92840.89331055872
2026-07-29 18:29:00+00:00,92863.4796136333
2026-07-29 18:44:00+00:00,92841.96648302671
2026-07-29 18:59:00+00:00,92819.34877803296
2026-07-29 19:14:00+00:00,92821.8272324958
2026-07-29 19:29:00+00:00,92834.5623964768
2026-07-29 19:44:00+00:00,92836.28099768101
2026-07-29 19:59:00+00:00,92824.07055078959
2026-07-29 20:14:00+00:00,92845.15000456695
2026-07-29 20:29:00+00:00,92834.0540460944
2026-07-29 20:44:00+00:00,92861.48426619387
2026-07-29 20:59:00+00:00,92853.81174341837
2026-07-29 21:14:00+00:00,92863.79373938662
2026-07-29 21:29:00+00:00,92886.46196666306
2026-07-29 21:44:00+00:00,92895.30113247981
2026-07-29 21:59:00+00:00,92909.63244798248
2026-07-29 22:14:00+00:00,92925.17572374557
2026-07-29 22:29:00+00:00,92951.29454035895
2026-07-29 22:44:00+00:00,92945.32625544416
2026-07-29 22:59:00+00:00,92930.73492076091
2026-07-29 23:14:00+00:00,92916.67544903916
2026-07-29 23:29:00+00:00,92903.79033904371
2026-07-29 23:44:00+00:00,92911.7177204561
2026-07-29 23:59:00+00:00,92883.45552886787
2026-07-30 00:14:00+00:00,92884.04930156292
2026-07-30 00:29:00+00:00,92888.92231665441
2026-07-30 00:44:00+00:00,92857.29714436628
2026-07-30 00:59:00+00:00,92886.64059643306
2026-07-30 01:14:00+00:00,92879.84556177062
2026-07-30 01:29:00+00:00,92893.86226881792
2026-07-30 01:44:00+00:00,92926.1190895436
2026-07-30 01:59:00+00:00,92930.83059587024
2026-07-30 02:14:00+00:00,92930.83059587024
2026-07-30 02:29:00+00:00,92930.83059587024
2026-07-30 02:44:00+00:00,92930.83059587024
2026-07-30 02:59:00+00:00,92930.83059587024
2026-07-30 03:14:00+00:00,92930.83059587024
2026-07-30 03:29:00+00:00,92930.83059587024
2026-07-30 03:44:00+00:00,92930.83059587024
2026-07-30 03:59:00+00:00,92930.83059587024
2026-07-30 04:14:00+00:00,92930.83059587024
2026-07-30 04:29:00+00:00,92930.83059587024
2026-07-30 04:44:00+00:00,92930.83059587024
2026-07-30 04:59:00+00:00,92930.83059587024
2026-07-30 05:14:00+00:00,92930.83059587024
2026-07-30 05:29:00+00:00,92930.83059587024
2026-07-30 05:44:00+00:00,92930.83059587024
2026-07-30 05:59:00+00:00,92930.83059587024
2026-07-30 06:14:00+00:00,92930.83059587024
2026-07-30 06:29:00+00:00,92930.83059587024
2026-07-30 06:44:00+00:00,92930.83059587024
2026-07-30 06:59:00+00:00,92930.83059587024
2026-07-30 07:14:00+00:00,92930.83059587024
2026-07-30 07:29:00+00:00,92930.83059587024
2026-07-30 07:44:00+00:00,92930.83059587024
2026-07-30 07:59:00+00:00,92930.83059587024
2026-07-30 08:14:00+00:00,92930.83059587024
2026-07-30 08:29:00+00:00,92930.83059587024
2026-07-30 08:44:00+00:00,92930.83059587024
2026-07-30 08:59:00+00:00,92923.56308142288
2026-07-30 09:14:00+00:00,92922.11740477262
2026-07-30 09:29:00+00:00,92952.8613550889
2026-07-30 09:44:00+00:00,92974.35494586508
2026-07-30 09:59:00+00:00,92960.38158490478
2026-07-30 10:14:00+00:00,93004.97992327424
2026-07-30 10:29:00+00:00,93003.18093803989
2026-07-30 10:44:00+00:00,92981.04398355565
2026-07-30 10:59:00+00:00,92986.74820393093
2026-07-30 11:14:00+00:00,92974.9286869268
2026-07-30 11:29:00+00:00,93005.77677141163
2026-07-30 11:44:00+00:00,92988.63284487027
2026-07-30 11:59:00+00:00,93019.25847624292
2026-07-30 12:14:00+00:00,93040.37159539029
2026-07-30 12:29:00+00:00,93019.96842987929
2026-07-30 12:44:00+00:00,93043.7599529453
2026-07-30 12:59:00+00:00,92988.65801436504
2026-07-30 13:14:00+00:00,92959.95787218245
2026-07-30 13:29:00+00:00,92976.8045890122
2026-07-30 13:44:00+00:00,92945.64063696904
2026-07-30 13:59:00+00:00,92928.20984320556
2026-07-30 14:14:00+00:00,92906.34991924839
2026-07-30 14:29:00+00:00,92910.086710551
2026-07-30 14:44:00+00:00,92838.19186621424
2026-07-30 14:59:00+00:00,92798.33962229811
2026-07-30 15:14:00+00:00,92745.14306216483
2026-07-30 15:29:00+00:00,92710.14097615883
2026-07-30 15:44:00+00:00,92775.87321807799
2026-07-30 15:59:00+00:00,92787.32240842542
2026-07-30 16:14:00+00:00,92721.3288955794
2026-07-30 16:29:00+00:00,92714.79643987805
2026-07-30 16:44:00+00:00,92702.94203532975
2026-07-30 16:59:00+00:00,92696.2516383619
2026-07-30 17:14:00+00:00,92794.92203540813
2026-07-30 17:29:00+00:00,92782.70624996544
2026-07-30 17:44:00+00:00,92797.94320145424
2026-07-30 17:59:00+00:00,92768.64925494048
2026-07-30 18:14:00+00:00,92831.2451964671
2026-07-30 18:29:00+00:00,92827.4318960789
2026-07-30 18:44:00+00:00,92817.30901667557
2026-07-30 18:59:00+00:00,92846.99803181208
2026-07-30 19:14:00+00:00,92853.16046474357
2026-07-30 19:29:00+00:00,92834.61432617088
2026-07-30 19:44:00+00:00,92838.44080865421
2026-07-30 19:59:00+00:00,92837.52681064483
2026-07-30 20:14:00+00:00,92817.83815203546
2026-07-30 20:29:00+00:00,92807.09521436981
2026-07-30 20:44:00+00:00,92791.48122845599
2026-07-30 20:59:00+00:00,92795.02229555618
2026-07-30 21:14:00+00:00,92810.29501857424
2026-07-30 21:29:00+00:00,92795.26914000885
2026-07-30 21:44:00+00:00,92799.61933574913
2026-07-30 21:59:00+00:00,92791.49820002491
2026-07-30 22:14:00+00:00,92799.24886197022
2026-07-30 22:29:00+00:00,92802.01894539208
2026-07-30 22:44:00+00:00,92802.83121816462
2026-07-30 22:59:00+00:00,92802.24238222513
2026-07-30 23:14:00+00:00,92799.66018804186
2026-07-30 23:29:00+00:00,92795.41224259569
2026-07-30 23:44:00+00:00,92795.6736805362
2026-07-30 23:59:00+00:00,92790.42947850627
2026-07-31 00:14:00+00:00,92789.5727908234
2026-07-31 00:29:00+00:00,92795.21115917648
2026-07-31 00:44:00+00:00,92796.755883842
2026-07-31 00:59:00+00:00,92796.08084654326
2026-07-31 01:14:00+00:00,92796.08084654326
2026-07-31 01:29:00+00:00,92796.08084654326
2026-07-31 01:44:00+00:00,92813.7362597397
2026-07-31 01:59:00+00:00,92837.83165680365
2026-07-31 02:14:00+00:00,92827.52785506043
2026-07-31 02:29:00+00:00,92804.1178200113
2026-07-31 02:44:00+00:00,92755.39281387169
2026-07-31 02:59:00+00:00,92832.23772160409
2026-07-31 03:14:00+00:00,92836.46788649629
2026-07-31 03:29:00+00:00,92840.83703091249
2026-07-31 03:44:00+00:00,92845.05914499916
2026-07-31 03:59:00+00:00,92853.9414020238
2026-07-31 04:14:00+00:00,92844.19081365489
2026-07-31 04:29:00+00:00,92837.9095511457
2026-07-31 04:44:00+00:00,92831.21443823789
2026-07-31 04:59:00+00:00,92832.21230502658
2026-07-31 05:14:00+00:00,92849.52182463721
2026-07-31 05:29:00+00:00,92853.1244833064
2026-07-31 05:44:00+00:00,92857.25147330752
2026-07-31 05:59:00+00:00,92858.86339199482
2026-07-31 06:14:00+00:00,92900.66070666462
2026-07-31 06:29:00+00:00,92907.73567179439
2026-07-31 06:44:00+00:00,92901.83809816564
2026-07-31 06:59:00+00:00,92909.58731661765
2026-07-31 07:14:00+00:00,92954.39951617316
2026-07-31 07:29:00+00:00,92944.48362694064
2026-07-31 07:44:00+00:00,92970.39340634645
2026-07-31 07:59:00+00:00,92982.93254009733
2026-07-31 08:14:00+00:00,92989.64779400104
2026-07-31 08:29:00+00:00,92991.24197283642
2026-07-31 08:44:00+00:00,92966.76376401314
2026-07-31 08:59:00+00:00,92983.05203301535
2026-07-31 09:14:00+00:00,92970.46853330101
2026-07-31 09:29:00+00:00,92984.39326264668
2026-07-31 09:44:00+00:00,93011.41913581635
2026-07-31 09:59:00+00:00,92986.62113873336
2026-07-31 10:14:00+00:00,93014.97048135907
2026-07-31 10:29:00+00:00,92998.92360335523
2026-07-31 10:44:00+00:00,92996.50699041049
2026-07-31 10:59:00+00:00,93012.42561570196
2026-07-31 11:14:00+00:00,93004.32929479383
2026-07-31 11:29:00+00:00,92991.43770552585
2026-07-31 11:44:00+00:00,93001.11285200596
2026-07-31 11:59:00+00:00,92997.77932855552
2026-07-31 12:14:00+00:00,92996.77558505301
2026-07-31 12:29:00+00:00,93006.09101195492
2026-07-31 12:44:00+00:00,93005.21799315122
2026-07-31 12:59:00+00:00,93000.63625513538
2026-07-31 13:14:00+00:00,93000.63625513538
2026-07-31 13:29:00+00:00,93000.63625513538
2026-07-31 13:44:00+00:00,93000.63625513538
2026-07-31 13:59:00+00:00,92977.4385969363
2026-07-31 14:14:00+00:00,92941.37891216515
2026-07-31 14:29:00+00:00,92924.034409444
2026-07-31 14:44:00+00:00,93000.28201644309
2026-07-31 14:59:00+00:00,93011.77060881958
2026-07-31 15:14:00+00:00,92962.83753562202
2026-07-31 15:29:00+00:00,92976.52546041201
2026-07-31 15:44:00+00:00,93043.83799535621
2026-07-31 15:59:00+00:00,93024.84007890246
2026-07-31 16:14:00+00:00,93024.07117626874
2026-07-31 16:29:00+00:00,93022.95645609192
2026-07-31 16:44:00+00:00,93033.48604528207
2026-07-31 16:59:00+00:00,93037.65791548979
2026-07-31 17:14:00+00:00,93047.82967428249
2026-07-31 17:29:00+00:00,93058.36345051625
2026-07-31 17:44:00+00:00,93101.66024939732
2026-07-31 17:59:00+00:00,93060.03099086761
2026-07-31 18:14:00+00:00,93082.81839966825
2026-07-31 18:29:00+00:00,93062.26468609835
2026-07-31 18:44:00+00:00,93061.93978830006
2026-07-31 18:59:00+00:00,93039.07281863454
2026-07-31 19:14:00+00:00,93045.5234492875
2026-07-31 19:29:00+00:00,93034.05182696774
2026-07-31 19:44:00+00:00,93063.0972889665
2026-07-31 19:59:00+00:00,93052.31366020434
2026-07-31 20:14:00+00:00,93071.72832406512
2026-07-31 20:29:00+00:00,93072.62131068608
2026-07-31 20:44:00+00:00,93071.46273220576
2026-07-31 20:59:00+00:00,93071.46273220576
2026-07-31 21:14:00+00:00,93071.46273220576
2026-07-31 21:29:00+00:00,93051.07323703845
2026-07-31 21:44:00+00:00,93065.16196277906
2026-07-31 21:59:00+00:00,93089.29372507452
2026-07-31 22:14:00+00:00,93082.66847583037
2026-07-31 22:29:00+00:00,93083.37998357308
2026-07-31 22:44:00+00:00,93076.36329441394
2026-07-31 22:59:00+00:00,93035.15360729782
2026-07-31 23:14:00+00:00,93046.47331019619
2026-07-31 23:29:00+00:00,93059.1480911122
2026-07-31 23:44:00+00:00,93018.91810427711
2026-07-31 23:59:00+00:00,93042.10878672425
2026-08-01 00:14:00+00:00,93055.78457887133
2026-08-01 00:29:00+00:00,93043.09360754548
2026-08-01 00:44:00+00:00,93038.43582598773
2026-08-01 00:59:00+00:00,93016.35796944078
2026-08-01 01:14:00+00:00,92963.56738489697
2026-08-01 01:29:00+00:00,92990.67026870475
2026-08-01 01:44:00+00:00,92998.61092063983
2026-08-01 01:59:00+00:00,92987.32659794229
2026-08-01 02:14:00+00:00,92993.79933637002
2026-08-01 02:29:00+00:00,93028.0929277424
2026-08-01 02:44:00+00:00,93030.65776087606
2026-08-01 02:59:00+00:00,93027.98586423324
2026-08-01 03:14:00+00:00,92987.57003690086
2026-08-01 03:29:00+00:00,92976.39632069366
2026-08-01 03:44:00+00:00,92995.16981659211
2026-08-01 03:59:00+00:00,92985.17412728212
2026-08-01 04:14:00+00:00,92986.46120946878
2026-08-01 04:29:00+00:00,92958.0456506218
2026-08-01 04:44:00+00:00,92951.8250290349
2026-08-01 04:59:00+00:00,92957.80213866613
2026-08-01 05:14:00+00:00,92951.02144859005
2026-08-01 05:29:00+00:00,92948.8440699538
2026-08-01 05:44:00+00:00,92911.81054373692
2026-08-01 05:59:00+00:00,92924.79595431377
2026-08-01 06:14:00+00:00,92890.41908699009
2026-08-01 06:29:00+00:00,92901.55761904836
2026-08-01 06:44:00+00:00,92924.68097370633
2026-08-01 06:59:00+00:00,92920.88332853848
2026-08-01 07:14:00+00:00,92923.97649499853
2026-08-01 07:29:00+00:00,92905.96499500428
2026-08-01 07:44:00+00:00,92924.1207305016
2026-08-01 07:59:00+00:00,92909.54433767374
2026-08-01 08:14:00+00:00,92928.27376894085
2026-08-01 08:29:00+00:00,92944.81778037701
2026-08-01 08:44:00+00:00,92937.44829012653
2026-08-01 08:59:00+00:00,92933.13636967899
2026-08-01 09:14:00+00:00,92907.40783335447
2026-08-01 09:29:00+00:00,92922.97280403774
2026-08-01 09:44:00+00:00,92934.38445956152
2026-08-01 09:59:00+00:00,92929.81386394255
2026-08-01 10:14:00+00:00,92911.51531476577
2026-08-01 10:29:00+00:00,92916.54260568896
2026-08-01 10:44:00+00:00,92926.24103888724
2026-08-01 10:59:00+00:00,92896.17118753552
2026-08-01 11:14:00+00:00,92876.84454741933
2026-08-01 11:29:00+00:00,92891.81960927723
2026-08-01 11:44:00+00:00,92867.39495882097
2026-08-01 11:59:00+00:00,92865.49315551436
2026-08-01 12:14:00+00:00,92862.0683957519
2026-08-01 12:29:00+00:00,92870.43389306609
2026-08-01 12:44:00+00:00,92865.14746687829
2026-08-01 12:59:00+00:00,92843.33685419217
2026-08-01 13:14:00+00:00,92840.81853306749
2026-08-01 13:29:00+00:00,92856.38367847906
2026-08-01 13:44:00+00:00,92806.58708024207
2026-08-01 13:59:00+00:00,92853.5284077828
2026-08-01 14:14:00+00:00,92855.17246686666
2026-08-01 14:29:00+00:00,92883.6753406712
2026-08-01 14:44:00+00:00,92885.23337666021
2026-08-01 14:59:00+00:00,92877.9006984161
2026-08-01 15:14:00+00:00,92897.63620222878
2026-08-01 15:29:00+00:00,92892.20670722508
2026-08-01 15:44:00+00:00,92878.18934514138
2026-08-01 15:59:00+00:00,92879.65441364601
2026-08-01 16:14:00+00:00,92876.41991236966
2026-08-01 16:29:00+00:00,92886.45914384043
2026-08-01 16:44:00+00:00,92888.21126597219
2026-08-01 16:59:00+00:00,92880.70007849
2026-08-01 17:14:00+00:00,92882.15345792672
2026-08-01 17:29:00+00:00,92876.13013659755
2026-08-01 17:44:00+00:00,92876.62767478592
2026-08-01 17:59:00+00:00,92886.047309
2026-08-01 18:14:00+00:00,92881.8463330883
2026-08-01 18:29:00+00:00,92872.83714584485
2026-08-01 18:44:00+00:00,92873.61049728245
2026-08-01 18:59:00+00:00,92832.95516262515
2026-08-01 19:14:00+00:00,92868.2420882038
2026-08-01 19:29:00+00:00,92859.79086636702
2026-08-01 19:44:00+00:00,92861.88260437411
2026-08-01 19:59:00+00:00,92855.6753958924
2026-08-01 20:14:00+00:00,92855.7001881286
2026-08-01 20:29:00+00:00,92868.24527585089
2026-08-01 20:44:00+00:00,92875.59742805219
2026-08-01 20:59:00+00:00,92880.90348136002
2026-08-01 21:14:00+00:00,92892.57516369254
2026-08-01 21:29:00+00:00,92898.3626740909
2026-08-01 21:44:00+00:00,92897.37911743326
2026-08-01 21:59:00+00:00,92895.06962360255
2026-08-01 22:14:00+00:00,92889.99110962579
2026-08-01 22:29:00+00:00,92901.46934662484
2026-08-01 22:44:00+00:00,92902.10762502268
2026-08-01 22:59:00+00:00,92902.10762502268
2026-08-01 23:14:00+00:00,92902.10762502268
2026-08-01 23:29:00+00:00,92902.10762502268
2026-08-01 23:44:00+00:00,92902.10762502268
2026-08-01 23:59:00+00:00,92902.10762502268
2026-08-02 00:14:00+00:00,92902.10762502268
2026-08-02 00:29:00+00:00,92902.10762502268
2026-08-02 00:44:00+00:00,92902.10762502268
2026-08-02 00:59:00+00:00,92902.10762502268
2026-08-02 01:14:00+00:00,92902.10762502268
2026-08-02 01:29:00+00:00,92909.58884126232
2026-08-02 01:44:00+00:00,92901.25216598627
2026-08-02 01:59:00+00:00,92904.2798233497
2026-08-02 02:14:00+00:00,92925.16078979376
2026-08-02 02:29:00+00:00,92911.41319015468
2026-08-02 02:44:00+00:00,92921.2381971318
2026-08-02 02:59:00+00:00,92898.57306518611
2026-08-02 03:14:00+00:00,92922.76972726364
2026-08-02 03:29:00+00:00,92916.36670984543
2026-08-02 03:44:00+00:00,92903.62125443519
2026-08-02 03:59:00+00:00,92898.42688428986
2026-08-02 04:14:00+00:00,92852.77951097912
2026-08-02 04:29:00+00:00,92798.53436359735
2026-08-02 04:44:00+00:00,92806.3402493989
2026-08-02 04:59:00+00:00,92820.10383728141
2026-08-02 05:14:00+00:00,92798.07710346248
2026-08-02 05:29:00+00:00,92698.54327971258
2026-08-02 05:44:00+00:00,92694.96413689984
2026-08-02 05:59:00+00:00,92710.77761141778
2026-08-02 06:14:00+00:00,92702.41893820476
2026-08-02 06:29:00+00:00,92702.73756054862
2026-08-02 06:44:00+00:00,92647.11284328318
2026-08-02 06:59:00+00:00,92655.4051839694
2026-08-02 07:14:00+00:00,92674.59419609267
2026-08-02 07:29:00+00:00,92697.41364490584
2026-08-02 07:44:00+00:00,92721.33248237953
2026-08-02 07:59:00+00:00,92726.14255218391
2026-08-02 08:14:00+00:00,92724.39042029691
2026-08-02 08:29:00+00:00,92733.33636588725
2026-08-02 08:44:00+00:00,92732.06850306568
2026-08-02 08:59:00+00:00,92732.61231436026
2026-08-02 09:14:00+00:00,92733.79355338289
2026-08-02 09:29:00+00:00,92731.75809102987
2026-08-02 09:44:00+00:00,92724.93519227208
2026-08-02 09:59:00+00:00,92728.03325565594
2026-08-02 10:14:00+00:00,92729.90568345014
2026-08-02 10:29:00+00:00,92731.90046026558
2026-08-02 10:44:00+00:00,92729.43582819047
2026-08-02 10:59:00+00:00,92729.43582819047
2026-08-02 11:14:00+00:00,92729.43582819047
2026-08-02 11:29:00+00:00,92729.43582819047
2026-08-02 11:44:00+00:00,92729.43582819047
2026-08-02 11:59:00+00:00,92729.43582819047
2026-08-02 12:14:00+00:00,92729.94213679414
2026-08-02 12:29:00+00:00,92755.12089639125
2026-08-02 12:44:00+00:00,92728.27500345757
2026-08-02 12:59:00+00:00,92738.05195711786
2026-08-02 13:14:00+00:00,92717.01305684137
2026-08-02 13:29:00+00:00,92715.83454968475
2026-08-02 13:44:00+00:00,92759.58731086807
2026-08-02 13:59:00+00:00,92768.55058240597
2026-08-02 14:14:00+00:00,92771.87382282913
2026-08-02 14:29:00+00:00,92772.26880097778
2026-08-02 14:44:00+00:00,92762.33762786322
2026-08-02 14:59:00+00:00,92752.40704454882
2026-08-02 15:14:00+00:00,92768.08232820572
2026-08-02 15:29:00+00:00,92771.63881867805
2026-08-02 15:44:00+00:00,92769.6388950093
2026-08-02 15:59:00+00:00,92769.6388950093
2026-08-02 16:14:00+00:00,92769.6388950093
2026-08-02 16:29:00+00:00,92769.6388950093
2026-08-02 16:44:00+00:00,92769.6388950093
2026-08-02 16:59:00+00:00,92769.6388950093
2026-08-02 17:14:00+00:00,92769.6388950093
2026-08-02 17:29:00+00:00,92769.6388950093
2026-08-02 17:44:00+00:00,92769.6388950093
2026-08-02 17:59:00+00:00,92769.6388950093
2026-08-02 18:14:00+00:00,92769.6388950093
2026-08-02 18:29:00+00:00,92769.6388950093
2026-08-02 18:44:00+00:00,92769.6388950093
2026-08-02 18:59:00+00:00,92771.06009526871
2026-08-02 19:14:00+00:00,92766.20457264659
2026-08-02 19:29:00+00:00,92771.58679930794
2026-08-02 19:44:00+00:00,92764.62432861901
2026-08-02 19:59:00+00:00,92766.79232217713
2026-08-02 20:14:00+00:00,92762.63501556004
2026-08-02 20:29:00+00:00,92763.80268790484
2026-08-02 20:44:00+00:00,92758.62367639641
2026-08-02 20:59:00+00:00,92755.3809214438
2026-08-02 21:14:00+00:00,92755.993267809
2026-08-02 21:29:00+00:00,92757.7758674391
2026-08-02 21:44:00+00:00,92749.16123517121
2026-08-02 21:59:00+00:00,92753.83202102635
2026-08-02 22:14:00+00:00,92753.18825445042
2026-08-02 22:29:00+00:00,92755.16697086551
2026-08-02 22:44:00+00:00,92762.79257561348
2026-08-02 22:59:00+00:00,92761.36748848553
2026-08-02 23:14:00+00:00,92761.36748848553
2026-08-02 23:29:00+00:00,92761.36748848553
2026-08-02 23:44:00+00:00,92761.36748848553
2026-08-02 23:59:00+00:00,92761.36748848553
2026-08-03 00:14:00+00:00,92761.36748848553
2026-08-03 00:29:00+00:00,92788.99019350871
2026-08-03 00:44:00+00:00,92786.260131957
2026-08-03 00:59:00+00:00,92793.23188771306
2026-08-03 01:14:00+00:00,92791.91058815828
2026-08-03 01:29:00+00:00,92797.16677509756
2026-08-03 01:44:00+00:00,92805.53892338047
2026-08-03 01:59:00+00:00,92805.87426259664
2026-08-03 02:14:00+00:00,92809.62916219453
2026-08-03 02:29:00+00:00,92828.37653263942
2026-08-03 02:44:00+00:00,92822.47945256879
2026-08-03 02:59:00+00:00,92822.47945256879
2026-08-03 03:14:00+00:00,92822.47945256879
2026-08-03 03:29:00+00:00,92816.74571480646
2026-08-03 03:44:00+00:00,92827.12251923754
2026-08-03 03:59:00+00:00,92834.48603255137
2026-08-03 04:14:00+00:00,92831.79428658023
2026-08-03 04:29:00+00:00,92830.9756311586
2026-08-03 04:44:00+00:00,92826.00197917271
2026-08-03 04:59:00+00:00,92821.70948280746
2026-08-03 05:14:00+00:00,92813.32930469966
2026-08-03 05:29:00+00:00,92812.82732744717
2026-08-03 05:44:00+00:00,92812.31690614502
2026-08-03 05:59:00+00:00,92811.08691425172
2026-08-03 06:14:00+00:00,92813.53241141334
2026-08-03 06:29:00+00:00,92819.31487183562
2026-08-03 06:44:00+00:00,92815.7046072824
2026-08-03 06:59:00+00:00,92815.7046072824
2026-08-03 07:14:00+00:00,92815.7046072824
2026-08-03 07:29:00+00:00,92818.01006961634
2026-08-03 07:44:00+00:00,92827.16067519148
2026-08-03 07:59:00+00:00,92830.2687809971
2026-08-03 08:14:00+00:00,92828.21566673627
2026-08-03 08:29:00+00:00,92832.6654355991
2026-08-03 08:44:00+00:00,92830.78141955925
2026-08-03 08:59:00+00:00,92839.34868840889
2026-08-03 09:14:00+00:00,92837.75011966152
2026-08-03 09:29:00+00:00,92847.0046222332
2026-08-03 09:44:00+00:00,92856.75187616152
2026-08-03 09:59:00+00:00,92863.01635697905
2026-08-03 10:14:00+00:00,92875.26284670967
2026-08-03 10:29:00+00:00,92867.27945342133
2026-08-03 10:44:00+00:00,92847.21890972152
2026-08-03 10:59:00+00:00,92845.70320852293
2026-08-03 11:14:00+00:00,92858.02028665328
2026-08-03 11:29:00+00:00,92848.626077607
2026-08-03 11:44:00+00:00,92836.51836957279
2026-08-03 11:59:00+00:00,92857.21092055785
2026-08-03 12:14:00+00:00,92833.01954838775
2026-08-03 12:29:00+00:00,92818.36387571988
2026-08-03 12:44:00+00:00,92793.95018955192
2026-08-03 12:59:00+00:00,92770.22803559901
2026-08-03 13:14:00+00:00,92733.33343441862
2026-08-03 13:29:00+00:00,92724.36248907252
2026-08-03 13:44:00+00:00,92695.47113535844
2026-08-03 13:59:00+00:00,92649.80205072186
2026-08-03 14:14:00+00:00,92666.96741152482
2026-08-03 14:29:00+00:00,92665.55325916204
2026-08-03 14:44:00+00:00,92687.37734133961
2026-08-03 14:59:00+00:00,92680.93302291424
2026-08-03 15:14:00+00:00,92745.38674036523
2026-08-03 15:29:00+00:00,92731.57159560092
2026-08-03 15:44:00+00:00,92728.64323091164
2026-08-03 15:59:00+00:00,92709.82480724971
2026-08-03 16:14:00+00:00,92692.40860612487
2026-08-03 16:29:00+00:00,92709.20814952203
2026-08-03 16:44:00+00:00,92696.43349959688
2026-08-03 16:59:00+00:00,92723.49159310904
2026-08-03 17:14:00+00:00,92727.6655819873
2026-08-03 17:29:00+00:00,92731.46849791781
2026-08-03 17:44:00+00:00,92711.201862478
2026-08-03 17:59:00+00:00,92710.80410312826
2026-08-03 18:14:00+00:00,92701.38752348624
2026-08-03 18:29:00+00:00,92695.35242291371
2026-08-03 18:44:00+00:00,92696.7946484811
2026-08-03 18:59:00+00:00,92700.29760535013
2026-08-03 19:14:00+00:00,92682.92917519121
2026-08-03 19:29:00+00:00,92701.52969263241
2026-08-03 19:44:00+00:00,92718.4536668253
2026-08-03 19:59:00+00:00,92716.63660868579
2026-08-03 20:14:00+00:00,92716.63660868579
2026-08-03 20:29:00+00:00,92716.63660868579
2026-08-03 20:44:00+00:00,92713.36676103863
2026-08-03 20:59:00+00:00,92723.44337502074
2026-08-03 21:14:00+00:00,92720.36088262203
2026-08-03 21:29:00+00:00,92735.35102976445
2026-08-03 21:44:00+00:00,92739.18046610897
2026-08-03 21:59:00+00:00,92736.72684950088
2026-08-03 22:14:00+00:00,92736.72684950088
2026-08-03 22:29:00+00:00,92736.72684950088
2026-08-03 22:44:00+00:00,92736.72684950088
2026-08-03 22:59:00+00:00,92736.72684950088
2026-08-03 23:14:00+00:00,92736.72684950088
2026-08-03 23:29:00+00:00,92736.72684950088
2026-08-03 23:44:00+00:00,92736.72684950088
2026-08-03 23:59:00+00:00,92736.72684950088
2026-08-04 00:14:00+00:00,92736.72684950088
2026-08-04 00:29:00+00:00,92736.72684950088
2026-08-04 00:44:00+00:00,92736.72684950088
2026-08-04 00:59:00+00:00,92736.72684950088
2026-08-04 01:14:00+00:00,92736.72684950088
2026-08-04 01:29:00+00:00,92730.57117905137
2026-08-04 01:44:00+00:00,92588.6793085067
2026-08-04 01:59:00+00:00,92598.7789058636
2026-08-04 02:14:00+00:00,92578.84085007933
2026-08-04 02:29:00+00:00,92630.39115233986
2026-08-04 02:44:00+00:00,92588.56275080444
2026-08-04 02:59:00+00:00,92528.05514516105
2026-08-04 03:14:00+00:00,92541.79301980951
2026-08-04 03:29:00+00:00,92537.5980817625
2026-08-04 03:44:00+00:00,92570.32232381524
2026-08-04 03:59:00+00:00,92590.13179708947
2026-08-04 04:14:00+00:00,92605.27772518393
2026-08-04 04:29:00+00:00,92616.72571741308
2026-08-04 04:44:00+00:00,92612.0687903478
2026-08-04 04:59:00+00:00,92612.83358530041
2026-08-04 05:14:00+00:00,92604.82880126742
2026-08-04 05:29:00+00:00,92595.90604171675
2026-08-04 05:44:00+00:00,92595.76561620012
2026-08-04 05:59:00+00:00,92595.76561620012
2026-08-04 06:14:00+00:00,92595.76561620012
2026-08-04 06:29:00+00:00,92595.76561620012
2026-08-04 06:44:00+00:00,92595.76561620012
2026-08-04 06:59:00+00:00,92595.76561620012
2026-08-04 07:14:00+00:00,92595.76561620012
2026-08-04 07:29:00+00:00,92595.76561620012
2026-08-04 07:44:00+00:00,92595.76561620012
2026-08-04 07:59:00+00:00,92595.76561620012
2026-08-04 08:14:00+00:00,92595.76561620012
2026-08-04 08:29:00+00:00,92595.76561620012
2026-08-04 08:44:00+00:00,92595.76561620012
2026-08-04 08:59:00+00:00,92595.76561620012
2026-08-04 09:14:00+00:00,92595.76561620012
2026-08-04 09:29:00+00:00,92595.76561620012
2026-08-04 09:44:00+00:00,92595.76561620012
2026-08-04 09:59:00+00:00,92595.76561620012
2026-08-04 10:14:00+00:00,92595.76561620012
2026-08-04 10:29:00+00:00,92598.01670584141
2026-08-04 10:44:00+00:00,92609.18242271939
2026-08-04 10:59:00+00:00,92628.84975500056
2026-08-04 11:14:00+00:00,92627.58501418497
2026-08-04 11:29:00+00:00,92627.58501418497
2026-08-04 11:44:00+00:00,92627.58501418497
2026-08-04 11:59:00+00:00,92627.58501418497
2026-08-04 12:14:00+00:00,92627.35510437317
2026-08-04 12:29:00+00:00,92618.22494759702
2026-08-04 12:44:00+00:00,92609.91047034919
2026-08-04 12:59:00+00:00,92616.81265489923
2026-08-04 13:14:00+00:00,92617.23825787682
2026-08-04 13:29:00+00:00,92609.5788170718
2026-08-04 13:44:00+00:00,92609.82027590481
2026-08-04 13:59:00+00:00,92611.03953939113
2026-08-04 14:14:00+00:00,92600.30330743796
2026-08-04 14:29:00+00:00,92613.22738686687
2026-08-04 14:44:00+00:00,92599.72546888015
2026-08-04 14:59:00+00:00,92618.10331590059
2026-08-04 15:14:00+00:00,92620.76181258599
2026-08-04 15:29:00+00:00,92613.9061272467
2026-08-04 15:44:00+00:00,92620.670236601
2026-08-04 15:59:00+00:00,92623.95357440252
2026-08-04 16:14:00+00:00,92593.4896991412
2026-08-04 16:29:00+00:00,92571.84553579421
2026-08-04 16:44:00+00:00,92582.63118448194
2026-08-04 16:59:00+00:00,92576.77083172757
2026-08-04 17:14:00+00:00,92598.76063680317
2026-08-04 17:29:00+00:00,92622.72529528364
2026-08-04 17:44:00+00:00,92632.42022157845
2026-08-04 17:59:00+00:00,92630.19452587998
2026-08-04 18:14:00+00:00,92646.23812714947
2026-08-04 18:29:00+00:00,92639.7619201363
2026-08-04 18:44:00+00:00,92639.7619201363
2026-08-04 18:59:00+00:00,92639.7619201363
2026-08-04 19:14:00+00:00,92639.7619201363
2026-08-04 19:29:00+00:00,92639.7619201363
2026-08-04 19:44:00+00:00,92639.7619201363
2026-08-04 19:59:00+00:00,92639.7619201363
2026-08-04 20:14:00+00:00,92639.7619201363
2026-08-04 20:29:00+00:00,92639.7619201363
2026-08-04 20:44:00+00:00,92639.7619201363
2026-08-04 20:59:00+00:00,92639.7619201363
2026-08-04 21:14:00+00:00,92639.7619201363
2026-08-04 21:29:00+00:00,92639.7619201363
2026-08-04 21:44:00+00:00,92639.7619201363
2026-08-04 21:59:00+00:00,92639.7619201363
2026-08-04 22:14:00+00:00,92606.27144699272
2026-08-04 22:29:00+00:00,92596.75329084863
2026-08-04 22:44:00+00:00,92571.53078498489
2026-08-04 22:59:00+00:00,92569.43910419302
2026-08-04 23:14:00+00:00,92588.51431302515
2026-08-04 23:29:00+00:00,92596.13737474079
2026-08-04 23:44:00+00:00,92605.16701510524
2026-08-04 23:59:00+00:00,92609.71934419361
2026-08-05 00:14:00+00:00,92548.2651139566
2026-08-05 00:29:00+00:00,92551.21144918074
2026-08-05 00:44:00+00:00,92518.54566080947
2026-08-05 00:59:00+00:00,92490.78367095227
2026-08-05 01:14:00+00:00,92503.84898759317
2026-08-05 01:29:00+00:00,92525.60425886136
2026-08-05 01:44:00+00:00,92494.17488701915
2026-08-05 01:59:00+00:00,92494.59053670762
2026-08-05 02:14:00+00:00,92515.1500109195
2026-08-05 02:29:00+00:00,92526.96552644957
2026-08-05 02:44:00+00:00,92508.67534506887
2026-08-05 02:59:00+00:00,92502.16698033453
2026-08-05 03:14:00+00:00,92537.86395338194
2026-08-05 03:29:00+00:00,92525.24548506038
2026-08-05 03:44:00+00:00,92523.03795594978
2026-08-05 03:59:00+00:00,92532.17325431663
2026-08-05 04:14:00+00:00,92523.17167970646
2026-08-05 04:29:00+00:00,92515.83103870816
2026-08-05 04:44:00+00:00,92521.79137502803
2026-08-05 04:59:00+00:00,92525.2567764886
2026-08-05 05:14:00+00:00,92544.31186139965
2026-08-05 05:29:00+00:00,92539.35277528221
2026-08-05 05:44:00+00:00,92546.01050162734
2026-08-05 05:59:00+00:00,92542.5802450474
2026-08-05 06:14:00+00:00,92539.18086607907
2026-08-05 06:29:00+00:00,92553.14889255201
2026-08-05 06:44:00+00:00,92558.99478017639
2026-08-05 06:59:00+00:00,92558.37740768315
2026-08-05 07:14:00+00:00,92556.05418125544
2026-08-05 07:29:00+00:00,92555.65351304591
2026-08-05 07:44:00+00:00,92554.91384234549
2026-08-05 07:59:00+00:00,92557.08389578905
2026-08-05 08:14:00+00:00,92558.38191426516
2026-08-05 08:29:00+00:00,92559.39822853167
2026-08-05 08:44:00+00:00,92563.55392138542
2026-08-05 08:59:00+00:00,92563.65259142195
2026-08-05 09:14:00+00:00,92563.65259142195
2026-08-05 09:29:00+00:00,92537.07321174353
2026-08-05 09:44:00+00:00,92543.31207351186
2026-08-05 09:59:00+00:00,92510.54799477903
2026-08-05 10:14:00+00:00,92549.77912081234
2026-08-05 10:29:00+00:00,92561.93701288744
2026-08-05 10:44:00+00:00,92527.11817960555
2026-08-05 10:59:00+00:00,92565.6698171976
2026-08-05 11:14:00+00:00,92563.89520690801
2026-08-05 11:29:00+00:00,92561.32360689664
2026-08-05 11:44:00+00:00,92560.76251675648
2026-08-05 11:59:00+00:00,92554.74615106409
2026-08-05 12:14:00+00:00,92549.2337400687
2026-08-05 12:29:00+00:00,92556.5845067167
2026-08-05 12:44:00+00:00,92568.10383976676
2026-08-05 12:59:00+00:00,92566.53137814898
2026-08-05 13:14:00+00:00,92566.53137814898
2026-08-05 13:29:00+00:00,92566.53137814898
2026-08-05 13:44:00+00:00,92566.53137814898
2026-08-05 13:59:00+00:00,92565.7262783072
2026-08-05 14:14:00+00:00,92571.8521315922
2026-08-05 14:29:00+00:00,92565.88909325925
2026-08-05 14:44:00+00:00,92584.44158899372
2026-08-05 14:59:00+00:00,92576.23227219586
2026-08-05 15:14:00+00:00,92558.48866625063
2026-08-05 15:29:00+00:00,92577.42959104433
2026-08-05 15:44:00+00:00,92627.93090134273
2026-08-05 15:59:00+00:00,92616.19764409345
2026-08-05 16:14:00+00:00,92624.85404601402
2026-08-05 16:29:00+00:00,92620.1232564558
2026-08-05 16:44:00+00:00,92637.0618737507
2026-08-05 16:59:00+00:00,92637.6638753413
2026-08-05 17:14:00+00:00,92641.6718664767
2026-08-05 17:29:00+00:00,92649.97496986006
2026-08-05 17:44:00+00:00,92611.94628728871
2026-08-05 17:59:00+00:00,92582.02444722614
2026-08-05 18:14:00+00:00,92568.32616986272
2026-08-05 18:29:00+00:00,92572.6449000094
2026-08-05 18:44:00+00:00,92575.60851326367
2026-08-05 18:59:00+00:00,92583.84416278859
2026-08-05 19:14:00+00:00,92580.4487711161
2026-08-05 19:29:00+00:00,92576.10237504455
2026-08-05 19:44:00+00:00,92571.60875702341
2026-08-05 19:59:00+00:00,92574.45441194245
2026-08-05 20:14:00+00:00,92570.50450870478
2026-08-05 20:29:00+00:00,92576.82248771875
2026-08-05 20:44:00+00:00,92568.76091163506
2026-08-05 20:59:00+00:00,92574.47094164079
2026-08-05 21:14:00+00:00,92578.84539722398
2026-08-05 21:29:00+00:00,92576.44963071602
2026-08-05 21:44:00+00:00,92576.44963071602
2026-08-05 21:59:00+00:00,92576.44963071602
2026-08-05 22:14:00+00:00,92576.44963071602
2026-08-05 22:29:00+00:00,92576.44963071602
2026-08-05 22:44:00+00:00,92576.44963071602
2026-08-05 22:59:00+00:00,92576.44963071602
2026-08-05 23:14:00+00:00,92576.44963071602
2026-08-05 23:29:00+00:00,92573.10437218111
2026-08-05 23:44:00+00:00,92569.51303790136
2026-08-05 23:59:00+00:00,92577.05433954365
2026-08-06 00:14:00+00:00,92546.28534421689
2026-08-06 00:29:00+00:00,92567.27547016683
2026-08-06 00:44:00+00:00,92557.03759784685
2026-08-06 00:59:00+00:00,92569.29013980442
2026-08-06 01:14:00+00:00,92560.64270848542
2026-08-06 01:29:00+00:00,92557.76141597386
2026-08-06 01:44:00+00:00,92559.7177677703
2026-08-06 01:59:00+00:00,92508.70880865834
2026-08-06 02:14:00+00:00,92480.38680513407
2026-08-06 02:29:00+00:00,92487.38428554562
2026-08-06 02:44:00+00:00,92496.8895472251
2026-08-06 02:59:00+00:00,92506.9622094463
2026-08-06 03:14:00+00:00,92513.18154778665
2026-08-06 03:29:00+00:00,92508.4167912126
2026-08-06 03:44:00+00:00,92508.74214537741
2026-08-06 03:59:00+00:00,92490.1283033273
2026-08-06 04:14:00+00:00,92493.5614498483
2026-08-06 04:29:00+00:00,92490.78283859587
2026-08-06 04:44:00+00:00,92476.40123000492
2026-08-06 04:59:00+00:00,92482.09046874502
2026-08-06 05:14:00+00:00,92512.14659644724
2026-08-06 05:29:00+00:00,92517.30347454853
2026-08-06 05:44:00+00:00,92507.7657784649
2026-08-06 05:59:00+00:00,92507.03877919559
2026-08-06 06:14:00+00:00,92522.41649056289
2026-08-06 06:29:00+00:00,92536.85492252419
2026-08-06 06:44:00+00:00,92533.01891453145
2026-08-06 06:59:00+00:00,92535.15669090163
2026-08-06 07:14:00+00:00,92530.98710041402
2026-08-06 07:29:00+00:00,92531.16702228069
2026-08-06 07:44:00+00:00,92535.34378736807
2026-08-06 07:59:00+00:00,92533.18682900284
2026-08-06 08:14:00+00:00,92533.18682900284
2026-08-06 08:29:00+00:00,92533.18682900284
2026-08-06 08:44:00+00:00,92533.18682900284
2026-08-06 08:59:00+00:00,92535.52562692435
2026-08-06 09:14:00+00:00,92531.56537422442
2026-08-06 09:29:00+00:00,92522.56845142024
2026-08-06 09:44:00+00:00,92542.742698326
2026-08-06 09:59:00+00:00,92553.34688075901
2026-08-06 10:14:00+00:00,92515.70475911362
2026-08-06 10:29:00+00:00,92535.64161730294
2026-08-06 10:44:00+00:00,92505.00712491764
2026-08-06 10:59:00+00:00,92520.27186535136
2026-08-06 11:14:00+00:00,92541.05166654485
2026-08-06 11:29:00+00:00,92548.48713066037
2026-08-06 11:44:00+00:00,92559.0929323736
2026-08-06 11:59:00+00:00,92534.2829995612
2026-08-06 12:14:00+00:00,92549.67871339116
2026-08-06 12:29:00+00:00,92550.36344170923
2026-08-06 12:44:00+00:00,92552.9076809754
2026-08-06 12:59:00+00:00,92555.10955727153
2026-08-06 13:14:00+00:00,92564.89481073068
2026-08-06 13:29:00+00:00,92539.13570329406
2026-08-06 13:44:00+00:00,92550.52307778034
2026-08-06 13:59:00+00:00,92491.90977739387
2026-08-06 14:14:00+00:00,92484.51829768925
2026-08-06 14:29:00+00:00,92419.12650061067
2026-08-06 14:44:00+00:00,92289.24906183516
2026-08-06 14:59:00+00:00,92332.23286887164
2026-08-06 15:14:00+00:00,92288.22077183785
2026-08-06 15:29:00+00:00,92256.10109097978
2026-08-06 15:44:00+00:00,92148.41986154889
2026-08-06 15:59:00+00:00,92105.1069434102
2026-08-06 16:14:00+00:00,92178.5945887418
2026-08-06 16:29:00+00:00,92122.06742187125
2026-08-06 16:44:00+00:00,92054.26051133122
2026-08-06 16:59:00+00:00,92142.38910115772
2026-08-06 17:14:00+00:00,92160.51570535095
2026-08-06 17:29:00+00:00,92153.56975786664
2026-08-06 17:44:00+00:00,92187.51446843472
2026-08-06 17:59:00+00:00,92175.31781749096
2026-08-06 18:14:00+00:00,92166.46611285563
2026-08-06 18:29:00+00:00,92178.42653707605
2026-08-06 18:44:00+00:00,92172.75381525529
2026-08-06 18:59:00+00:00,92175.42053754098
2026-08-06 19:14:00+00:00,92174.53435529885
2026-08-06 19:29:00+00:00,92182.01959912111
2026-08-06 19:44:00+00:00,92191.17347565801
2026-08-06 19:59:00+00:00,92192.27101309596
2026-08-06 20:14:00+00:00,92187.19121010565
2026-08-06 20:29:00+00:00,92189.29179373244
2026-08-06 20:44:00+00:00,92185.52333787023
2026-08-06 20:59:00+00:00,92199.2425375288
2026-08-06 21:14:00+00:00,92207.81311437901
2026-08-06 21:29:00+00:00,92202.39173632274
2026-08-06 21:44:00+00:00,92197.01365791967
2026-08-06 21:59:00+00:00,92197.01365791967
2026-08-06 22:14:00+00:00,92197.01365791967
2026-08-06 22:29:00+00:00,92197.01365791967
2026-08-06 22:44:00+00:00,92197.01365791967
2026-08-06 22:59:00+00:00,92197.01365791967
2026-08-06 23:14:00+00:00,92197.01365791967
2026-08-06 23:29:00+00:00,92197.01365791967
2026-08-06 23:44:00+00:00,92197.01365791967
2026-08-06 23:59:00+00:00,92197.01365791967
2026-08-07 00:14:00+00:00,92197.01365791967
2026-08-07 00:29:00+00:00,92197.01365791967
2026-08-07 00:44:00+00:00,92197.01365791967
2026-08-07 00:59:00+00:00,92197.01365791967
2026-08-07 01:14:00+00:00,92197.01365791967
2026-08-07 01:29:00+00:00,92194.18285211195
2026-08-07 01:44:00+00:00,92203.94646743301
2026-08-07 01:59:00+00:00,92209.86733404337
2026-08-07 02:14:00+00:00,92202.7858310674
2026-08-07 02:29:00+00:00,92207.4988800457
2026-08-07 02:44:00+00:00,92197.59624928932
2026-08-07 02:59:00+00:00,92191.07866656707
2026-08-07 03:14:00+00:00,92200.24900828562
2026-08-07 03:29:00+00:00,92204.93673214721
2026-08-07 03:44:00+00:00,92193.68196101596
2026-08-07 03:59:00+00:00,92182.49553959884
2026-08-07 04:14:00+00:00,92178.27487752387
2026-08-07 04:29:00+00:00,92184.3672908206
2026-08-07 04:44:00+00:00,92211.43220100911
2026-08-07 04:59:00+00:00,92199.40225146463
2026-08-07 05:14:00+00:00,92189.5763576755
2026-08-07 05:29:00+00:00,92201.64126302332
2026-08-07 05:44:00+00:00,92215.63856058019
2026-08-07 05:59:00+00:00,92215.04085050587
2026-08-07 06:14:00+00:00,92229.12876649998
2026-08-07 06:29:00+00:00,92237.29186413619
2026-08-07 06:44:00+00:00,92238.71818960243
2026-08-07 06:59:00+00:00,92245.10924520878
2026-08-07 07:14:00+00:00,92239.13390641274
2026-08-07 07:29:00+00:00,92245.9364353672
2026-08-07 07:44:00+00:00,92233.08964311583
2026-08-07 07:59:00+00:00,92229.75439564108
2026-08-07 08:14:00+00:00,92234.33149837276
2026-08-07 08:29:00+00:00,92243.23964973936
2026-08-07 08:44:00+00:00,92240.36577889291
2026-08-07 08:59:00+00:00,92240.36577889291
2026-08-07 09:14:00+00:00,92240.36577889291
2026-08-07 09:29:00+00:00,92240.36577889291
2026-08-07 09:44:00+00:00,92230.30389157387
2026-08-07 09:59:00+00:00,92231.4755649948
2026-08-07 10:14:00+00:00,92235.95702770994
2026-08-07 10:29:00+00:00,92236.0477047659
2026-08-07 10:44:00+00:00,92235.75509417127
2026-08-07 10:59:00+00:00,92231.83166934087
2026-08-07 11:14:00+00:00,92243.52473367474
2026-08-07 11:29:00+00:00,92246.03331962437
2026-08-07 11:44:00+00:00,92243.54447449409
2026-08-07 11:59:00+00:00,92243.54447449409
2026-08-07 12:14:00+00:00,92243.54447449409
2026-08-07 12:29:00+00:00,92236.48477213788
2026-08-07 12:44:00+00:00,92235.05543017254
2026-08-07 12:59:00+00:00,92234.67178940227
2026-08-07 13:14:00+00:00,92225.49429359744
2026-08-07 13:29:00+00:00,92239.603174659
2026-08-07 13:44:00+00:00,92254.3156706125
2026-08-07 13:59:00+00:00,92252.58707144092
2026-08-07 14:14:00+00:00,92255.08230270504
2026-08-07 14:29:00+00:00,92247.89459617932
2026-08-07 14:44:00+00:00,92237.61090396337
2026-08-07 14:59:00+00:00,92246.49301308279
2026-08-07 15:14:00+00:00,92247.7352845278
2026-08-07 15:29:00+00:00,92248.57197889496
2026-08-07 15:44:00+00:00,92245.68219073284
2026-08-07 15:59:00+00:00,92241.77067860507
2026-08-07 16:14:00+00:00,92235.26242182715
2026-08-07 16:29:00+00:00,92248.22517302835
2026-08-07 16:44:00+00:00,92250.3537452138
2026-08-07 16:59:00+00:00,92234.88538782492
2026-08-07 17:14:00+00:00,92242.66513058815
2026-08-07 17:29:00+00:00,92251.16251832992
2026-08-07 17:44:00+00:00,92264.5072036463
2026-08-07 17:59:00+00:00,92280.54966174613
2026-08-07 18:14:00+00:00,92293.42706482958
2026-08-07 18:29:00+00:00,92279.10890954922
2026-08-07 18:44:00+00:00,92263.52789931698
2026-08-07 18:59:00+00:00,92251.14502021934
2026-08-07 19:14:00+00:00,92267.09178870019
2026-08-07 19:29:00+00:00,92279.67072116745
2026-08-07 19:44:00+00:00,92264.84819684953
2026-08-07 19:59:00+00:00,92263.65249758698
2026-08-07 20:14:00+00:00,92270.30226732288
2026-08-07 20:29:00+00:00,92239.74138198684
2026-08-07 20:44:00+00:00,92271.20536327895
2026-08-07 20:59:00+00:00,92268.37280042854
2026-08-07 21:14:00+00:00,92269.82795622904
2026-08-07 21:29:00+00:00,92268.89083166156
2026-08-07 21:44:00+00:00,92268.89083166156
2026-08-07 21:59:00+00:00,92268.89083166156
2026-08-07 22:14:00+00:00,92268.89083166156
2026-08-07 22:29:00+00:00,92268.89083166156
2026-08-07 22:44:00+00:00,92268.89083166156
2026-08-07 22:59:00+00:00,92268.89083166156
2026-08-07 23:14:00+00:00,92268.89083166156
2026-08-07 23:29:00+00:00,92268.89083166156
2026-08-07 23:44:00+00:00,92268.89083166156
2026-08-07 23:59:00+00:00,92268.89083166156
2026-08-08 00:14:00+00:00,92268.89083166156
2026-08-08 00:29:00+00:00,92268.89083166156
2026-08-08 00:44:00+00:00,92268.89083166156
2026-08-08 00:59:00+00:00,92268.89083166156
2026-08-08 01:14:00+00:00,92268.89083166156
2026-08-08 01:29:00+00:00,92268.89083166156
2026-08-08 01:44:00+00:00,92254.12927009983
2026-08-08 01:59:00+00:00,92269.67986690308
2026-08-08 02:14:00+00:00,92282.518476441
2026-08-08 02:29:00+00:00,92274.13869651045
2026-08-08 02:44:00+00:00,92273.46562994861
2026-08-08 02:59:00+00:00,92284.59745006316
2026-08-08 03:14:00+00:00,92289.51465518706
2026-08-08 03:29:00+00:00,92301.59741922855
2026-08-08 03:44:00+00:00,92314.1702254215
2026-08-08 03:59:00+00:00,92315.29519251983
2026-08-08 04:14:00+00:00,92320.23497022105
2026-08-08 04:29:00+00:00,92332.10575356105
2026-08-08 04:44:00+00:00,92334.72187338096
2026-08-08 04:59:00+00:00,92333.75376185126
2026-08-08 05:14:00+00:00,92335.27387474054
2026-08-08 05:29:00+00:00,92332.00542745164
2026-08-08 05:44:00+00:00,92322.31883024245
2026-08-08 05:59:00+00:00,92313.23598314363
2026-08-08 06:14:00+00:00,92317.93398084326
2026-08-08 06:29:00+00:00,92313.49056825381
2026-08-08 06:44:00+00:00,92305.05898536657
2026-08-08 06:59:00+00:00,92312.51173880103
2026-08-08 07:14:00+00:00,92303.29028368868
2026-08-08 07:29:00+00:00,92304.46138371428
2026-08-08 07:44:00+00:00,92307.50054291807
2026-08-08 07:59:00+00:00,92303.43900311206
2026-08-08 08:14:00+00:00,92309.01188456852
2026-08-08 08:29:00+00:00,92295.16465306428
2026-08-08 08:44:00+00:00,92298.59545462695
2026-08-08 08:59:00+00:00,92261.1668930868
2026-08-08 09:14:00+00:00,92272.63666990225
2026-08-08 09:29:00+00:00,92269.54248550192
2026-08-08 09:44:00+00:00,92259.712461418
2026-08-08 09:59:00+00:00,92227.13680211687
2026-08-08 10:14:00+00:00,92211.60823322026
2026-08-08 10:29:00+00:00,92211.80573288935
2026-08-08 10:44:00+00:00,92189.12541025637
2026-08-08 10:59:00+00:00,92211.40909458781
2026-08-08 11:14:00+00:00,92247.693979792
2026-08-08 11:29:00+00:00,92232.00555651987
2026-08-08 11:44:00+00:00,92247.28635479235
2026-08-08 11:59:00+00:00,92254.49591206077
2026-08-08 12:14:00+00:00,92253.56156084745
2026-08-08 12:29:00+00:00,92270.26444877603
2026-08-08 12:44:00+00:00,92264.09394056209
2026-08-08 12:59:00+00:00,92267.57351844382
2026-08-08 13:14:00+00:00,92267.30088630768
2026-08-08 13:29:00+00:00,92264.28842211685
2026-08-08 13:44:00+00:00,92264.83102645597
2026-08-08 13:59:00+00:00,92264.88045422308
2026-08-08 14:14:00+00:00,92262.53564828409
2026-08-08 14:29:00+00:00,92263.44655201703
2026-08-08 14:44:00+00:00,92264.28907741561
2026-08-08 14:59:00+00:00,92305.68976027308
2026-08-08 15:14:00+00:00,92279.26175255832
2026-08-08 15:29:00+00:00,92287.3084678514
2026-08-08 15:44:00+00:00,92296.8887335434
2026-08-08 15:59:00+00:00,92285.65866595498
2026-08-08 16:14:00+00:00,92297.46867764229
2026-08-08 16:29:00+00:00,92306.4265095977
2026-08-08 16:44:00+00:00,92327.65835257243
2026-08-08 16:59:00+00:00,92311.56239961964
2026-08-08 17:14:00+00:00,92304.49202364818
2026-08-08 17:29:00+00:00,92307.43221830788
2026-08-08 17:44:00+00:00,92304.26763271753
2026-08-08 17:59:00+00:00,92308.65442270778
2026-08-08 18:14:00+00:00,92308.29662969301
2026-08-08 18:29:00+00:00,92326.6823532719
2026-08-08 18:44:00+00:00,92324.65294513843
2026-08-08 18:59:00+00:00,92323.81249120286
2026-08-08 19:14:00+00:00,92321.7835375083
2026-08-08 19:29:00+00:00,92327.95276671245
2026-08-08 19:44:00+00:00,92321.84115266854
2026-08-08 19:59:00+00:00,92328.25195822894
2026-08-08 20:14:00+00:00,92323.9076479496
2026-08-08 20:29:00+00:00,92323.9076479496
2026-08-08 20:44:00+00:00,92323.9076479496
2026-08-08 20:59:00+00:00,92323.9076479496
2026-08-08 21:14:00+00:00,92323.9076479496
2026-08-08 21:29:00+00:00,92323.9076479496
2026-08-08 21:44:00+00:00,92323.9076479496
2026-08-08 21:59:00+00:00,92323.9076479496
2026-08-08 22:14:00+00:00,92323.9076479496
2026-08-08 22:29:00+00:00,92323.9076479496
2026-08-08 22:44:00+00:00,92323.9076479496
2026-08-08 22:59:00+00:00,92323.9076479496
2026-08-08 23:14:00+00:00,92323.9076479496
2026-08-08 23:29:00+00:00,92322.02082874616
2026-08-08 23:44:00+00:00,92329.67911750058
2026-08-08 23:59:00+00:00,92340.45527207943
2026-08-09 00:14:00+00:00,92341.2367275902
2026-08-09 00:29:00+00:00,92337.87637873385
2026-08-09 00:44:00+00:00,92339.10591092832
2026-08-09 00:59:00+00:00,92337.44618898892
2026-08-09 01:14:00+00:00,92330.75763294396
2026-08-09 01:29:00+00:00,92325.57600495634
2026-08-09 01:44:00+00:00,92321.95017519593
2026-08-09 01:59:00+00:00,92317.08481028545
2026-08-09 02:14:00+00:00,92316.15466152197
2026-08-09 02:29:00+00:00,92318.80297599119
2026-08-09 02:44:00+00:00,92321.25185184149
2026-08-09 02:59:00+00:00,92322.98728299153
2026-08-09 03:14:00+00:00,92323.00000766352
2026-08-09 03:29:00+00:00,92322.86446677177
2026-08-09 03:44:00+00:00,92321.05295875818
2026-08-09 03:59:00+00:00,92320.74654949571
2026-08-09 04:14:00+00:00,92319.9286857527
2026-08-09 04:29:00+00:00,92311.30077547066
2026-08-09 04:44:00+00:00,92317.0099666536
2026-08-09 04:59:00+00:00,92291.37122842523
2026-08-09 05:14:00+00:00,92302.14530589664
2026-08-09 05:29:00+00:00,92330.00195659541
2026-08-09 05:44:00+00:00,92329.89187163397
2026-08-09 05:59:00+00:00,92329.89187163397
2026-08-09 06:14:00+00:00,92329.89187163397
2026-08-09 06:29:00+00:00,92329.89187163397
2026-08-09 06:44:00+00:00,92329.89187163397
2026-08-09 06:59:00+00:00,92329.89187163397
2026-08-09 07:14:00+00:00,92329.89187163397
2026-08-09 07:29:00+00:00,92329.89187163397
2026-08-09 07:44:00+00:00,92329.89187163397
2026-08-09 07:59:00+00:00,92329.89187163397
2026-08-09 08:14:00+00:00,92329.89187163397
2026-08-09 08:29:00+00:00,92329.89187163397
2026-08-09 08:44:00+00:00,92329.89187163397
2026-08-09 08:59:00+00:00,92329.89187163397
2026-08-09 09:14:00+00:00,92329.89187163397
2026-08-09 09:29:00+00:00,92329.89187163397
2026-08-09 09:44:00+00:00,92329.89187163397
2026-08-09 09:59:00+00:00,92329.89187163397
2026-08-09 10:14:00+00:00,92329.89187163397
2026-08-09 10:29:00+00:00,92329.89187163397
2026-08-09 10:44:00+00:00,92326.57831656461
2026-08-09 10:59:00+00:00,92324.55872971553
2026-08-09 11:14:00+00:00,92329.31393549874
2026-08-09 11:29:00+00:00,92328.9198292637
2026-08-09 11:44:00+00:00,92331.1721804039
2026-08-09 11:59:00+00:00,92335.3419118913
2026-08-09 12:14:00+00:00,92330.4527233682
2026-08-09 12:29:00+00:00,92330.4527233682
2026-08-09 12:44:00+00:00,92330.4527233682
2026-08-09 12:59:00+00:00,92330.4527233682
2026-08-09 13:14:00+00:00,92330.4527233682
2026-08-09 13:29:00+00:00,92330.4527233682
2026-08-09 13:44:00+00:00,92330.4527233682
2026-08-09 13:59:00+00:00,92330.4527233682
2026-08-09 14:14:00+00:00,92330.4527233682
2026-08-09 14:29:00+00:00,92330.4527233682
2026-08-09 14:44:00+00:00,92330.4527233682
2026-08-09 14:59:00+00:00,92330.4527233682
2026-08-09 15:14:00+00:00,92330.4527233682
2026-08-09 15:29:00+00:00,92330.4527233682
2026-08-09 15:44:00+00:00,92330.4527233682
2026-08-09 15:59:00+00:00,92330.4527233682
2026-08-09 16:14:00+00:00,92333.85792583214
2026-08-09 16:29:00+00:00,92341.63626604412
2026-08-09 16:44:00+00:00,92337.61547397583
2026-08-09 16:59:00+00:00,92340.07272642475
2026-08-09 17:14:00+00:00,92338.48718835945
2026-08-09 17:29:00+00:00,92348.29234776123
2026-08-09 17:44:00+00:00,92352.2924719684
2026-08-09 17:59:00+00:00,92353.29737673284
2026-08-09 18:14:00+00:00,92355.23409320145
2026-08-09 18:29:00+00:00,92356.95420925773
2026-08-09 18:44:00+00:00,92355.24953903517
2026-08-09 18:59:00+00:00,92355.24953903517
2026-08-09 19:14:00+00:00,92355.24953903517
2026-08-09 19:29:00+00:00,92355.24953903517
2026-08-09 19:44:00+00:00,92355.24953903517
2026-08-09 19:59:00+00:00,92355.24953903517
2026-08-09 20:14:00+00:00,92355.24953903517
2026-08-09 20:29:00+00:00,92355.24953903517
2026-08-09 20:44:00+00:00,92355.24953903517
2026-08-09 20:59:00+00:00,92347.4680727278
2026-08-09 21:14:00+00:00,92355.31916930035
2026-08-09 21:29:00+00:00,92358.56388575827
2026-08-09 21:44:00+00:00,92361.42499319057
2026-08-09 21:59:00+00:00,92357.69755944461
2026-08-09 22:14:00+00:00,92358.04539223132
2026-08-09 22:29:00+00:00,92370.3177564022
2026-08-09 22:44:00+00:00,92365.45902754088
2026-08-09 22:59:00+00:00,92368.37862276135
2026-08-09 23:14:00+00:00,92361.49814070507
2026-08-09 23:29:00+00:00,92350.03753756099
2026-08-09 23:44:00+00:00,92350.32204827995
2026-08-09 23:59:00+00:00,92343.33189457173
2026-08-10 00:14:00+00:00,92364.62401844028
2026-08-10 00:29:00+00:00,92359.7194588242
2026-08-10 00:44:00+00:00,92360.00064597491
2026-08-10 00:59:00+00:00,92373.98061966347
2026-08-10 01:14:00+00:00,92384.00021663678
2026-08-10 01:29:00+00:00,92376.75770443439
2026-08-10 01:44:00+00:00,92375.04581377828
2026-08-10 01:59:00+00:00,92414.44561245012
2026-08-10 02:14:00+00:00,92399.39814343296
2026-08-10 02:29:00+00:00,92392.75220970364
2026-08-10 02:44:00+00:00,92396.40010239773
2026-08-10 02:59:00+00:00,92392.45086522977
2026-08-10 03:14:00+00:00,92386.29968562089
2026-08-10 03:29:00+00:00,92386.40841271872
2026-08-10 03:44:00+00:00,92388.89430988165
2026-08-10 03:59:00+00:00,92392.50805679186
2026-08-10 04:14:00+00:00,92389.22718669943
2026-08-10 04:29:00+00:00,92389.22718669943
2026-08-10 04:44:00+00:00,92389.22718669943
2026-08-10 04:59:00+00:00,92389.22718669943
2026-08-10 05:14:00+00:00,92389.22718669943
2026-08-10 05:29:00+00:00,92375.86058095818
2026-08-10 05:44:00+00:00,92381.21708903456
2026-08-10 05:59:00+00:00,92375.32593573388
2026-08-10 06:14:00+00:00,92367.69946736316
2026-08-10 06:29:00+00:00,92359.6375268532
2026-08-10 06:44:00+00:00,92355.88366858242
2026-08-10 06:59:00+00:00,92365.9551427669
2026-08-10 07:14:00+00:00,92355.39701156
2026-08-10 07:29:00+00:00,92351.63468676074
2026-08-10 07:44:00+00:00,92365.03588440378
2026-08-10 07:59:00+00:00,92360.55738397295
2026-08-10 08:14:00+00:00,92360.92188923786
2026-08-10 08:29:00+00:00,92372.34746373673
2026-08-10 08:44:00+00:00,92372.2961721367
2026-08-10 08:59:00+00:00,92370.90324857917
2026-08-10 09:14:00+00:00,92370.90324857917
2026-08-10 09:29:00+00:00,92370.90324857917
2026-08-10 09:44:00+00:00,92370.90324857917
2026-08-10 09:59:00+00:00,92370.90324857917
2026-08-10 10:14:00+00:00,92362.24430444739
2026-08-10 10:29:00+00:00,92350.02341694664
2026-08-10 10:44:00+00:00,92355.19753928909
2026-08-10 10:59:00+00:00,92351.22057411085
2026-08-10 11:14:00+00:00,92335.56063033901
2026-08-10 11:29:00+00:00,92344.57722503606
2026-08-10 11:44:00+00:00,92341.25250736855
2026-08-10 11:59:00+00:00,92353.23823612799
2026-08-10 12:14:00+00:00,92332.35005850972
2026-08-10 12:29:00+00:00,92331.21668129163
2026-08-10 12:44:00+00:00,92338.80575716602
2026-08-10 12:59:00+00:00,92347.32974489023
2026-08-10 13:14:00+00:00,92338.07608303378
2026-08-10 13:29:00+00:00,92338.14052490296
2026-08-10 13:44:00+00:00,92317.48763588708
2026-08-10 13:59:00+00:00,92315.7605143491
2026-08-10 14:14:00+00:00,92322.93371323442
2026-08-10 14:29:00+00:00,92321.52892746794
2026-08-10 14:44:00+00:00,92337.97605716875
2026-08-10 14:59:00+00:00,92329.3287499502
2026-08-10 15:14:00+00:00,92318.75292888586
2026-08-10 15:29:00+00:00,92317.50232038058
2026-08-10 15:44:00+00:00,92321.78584858181
2026-08-10 15:59:00+00:00,92310.13108531362
2026-08-10 16:14:00+00:00,92308.74804004405
2026-08-10 16:29:00+00:00,92315.92467921601
2026-08-10 16:44:00+00:00,92318.75434145586
2026-08-10 16:59:00+00:00,92326.45332697911
2026-08-10 17:14:00+00:00,92319.11756545866
2026-08-10 17:29:00+00:00,92324.59203319479
2026-08-10 17:44:00+00:00,92314.03666544531
2026-08-10 17:59:00+00:00,92309.58997523069
2026-08-10 18:14:00+00:00,92305.6217327669
2026-08-10 18:29:00+00:00,92286.56857076037
2026-08-10 18:44:00+00:00,92294.9902737533
2026-08-10 18:59:00+00:00,92288.68538582741
2026-08-10 19:14:00+00:00,92297.03403526834
2026-08-10 19:29:00+00:00,92300.3154881455
2026-08-10 19:44:00+00:00,92300.99792900909
2026-08-10 19:59:00+00:00,92306.95856787039
2026-08-10 20:14:00+00:00,92304.65942238242
2026-08-10 20:29:00+00:00,92304.65942238242
2026-08-10 20:44:00+00:00,92304.65942238242
2026-08-10 20:59:00+00:00,92301.88606740913
2026-08-10 21:14:00+00:00,92301.99098994101
2026-08-10 21:29:00+00:00,92300.35889805295
2026-08-10 21:44:00+00:00,92301.8577486046
2026-08-10 21:59:00+00:00,92307.4276437669
2026-08-10 22:14:00+00:00,92305.6476838671
2026-08-10 22:29:00+00:00,92303.46559465719
2026-08-10 22:44:00+00:00,92299.09088172326
2026-08-10 22:59:00+00:00,92286.03026916605
2026-08-10 23:14:00+00:00,92294.52633130089
2026-08-10 23:29:00+00:00,92299.23706541622
2026-08-10 23:44:00+00:00,92293.60376841933
2026-08-10 23:59:00+00:00,92292.53476856308
2026-08-11 00:14:00+00:00,92286.62912711916
2026-08-11 00:29:00+00:00,92285.06521288409
2026-08-11 00:44:00+00:00,92281.01588588148
2026-08-11 00:59:00+00:00,92282.2579878898
2026-08-11 01:14:00+00:00,92274.76192191707
2026-08-11 01:29:00+00:00,92233.05723750759
2026-08-11 01:44:00+00:00,92226.36049721992
2026-08-11 01:59:00+00:00,92227.30133869605
2026-08-11 02:14:00+00:00,92210.5731581515
2026-08-11 02:29:00+00:00,92218.16450560726
2026-08-11 02:44:00+00:00,92231.5755597385
2026-08-11 02:59:00+00:00,92231.33647025429
2026-08-11 03:14:00+00:00,92224.3814787404
2026-08-11 03:29:00+00:00,92229.48230333115
2026-08-11 03:44:00+00:00,92238.89632243091
2026-08-11 03:59:00+00:00,92237.83257147363
2026-08-11 04:14:00+00:00,92238.47693135566
2026-08-11 04:29:00+00:00,92238.47693135566
2026-08-11 04:44:00+00:00,92238.47693135566
2026-08-11 04:59:00+00:00,92238.47693135566
2026-08-11 05:14:00+00:00,92238.47693135566
2026-08-11 05:29:00+00:00,92238.47693135566
2026-08-11 05:44:00+00:00,92238.47693135566
2026-08-11 05:59:00+00:00,92238.47693135566
2026-08-11 06:14:00+00:00,92238.47693135566
2026-08-11 06:29:00+00:00,92238.47693135566
2026-08-11 06:44:00+00:00,92238.47693135566
2026-08-11 06:59:00+00:00,92243.56299782057
2026-08-11 07:14:00+00:00,92245.75963832015
2026-08-11 07:29:00+00:00,92236.74256959262
2026-08-11 07:44:00+00:00,92229.22145666249
2026-08-11 07:59:00+00:00,92217.21170861667
2026-08-11 08:14:00+00:00,92216.21014544608
2026-08-11 08:29:00+00:00,92218.66132516606
2026-08-11 08:44:00+00:00,92199.81075386314
2026-08-11 08:59:00+00:00,92198.15536988508
2026-08-11 09:14:00+00:00,92176.87208002781
2026-08-11 09:29:00+00:00,92117.8775974827
2026-08-11 09:44:00+00:00,92114.28945969688
2026-08-11 09:59:00+00:00,92114.2730180144
2026-08-11 10:14:00+00:00,92110.37364897113
2026-08-11 10:29:00+00:00,92097.74633771584
2026-08-11 10:44:00+00:00,92105.56901524008
2026-08-11 10:59:00+00:00,92095.70901787405
2026-08-11 11:14:00+00:00,92106.84891034696
2026-08-11 11:29:00+00:00,92102.72726815786
2026-08-11 11:44:00+00:00,92099.8800701987
2026-08-11 11:59:00+00:00,92096.32726302526
2026-08-11 12:14:00+00:00,92091.47400139186
2026-08-11 12:29:00+00:00,92077.30241961668
2026-08-11 12:44:00+00:00,92067.96038426831
2026-08-11 12:59:00+00:00,92041.5023020878
2026-08-11 13:14:00+00:00,92029.96807696292
2026-08-11 13:29:00+00:00,92053.48744451928
2026-08-11 13:44:00+00:00,92063.21651172623
2026-08-11 13:59:00+00:00,92049.52544783677
2026-08-11 14:14:00+00:00,92039.16954675881
2026-08-11 14:29:00+00:00,92008.74228399928
2026-08-11 14:44:00+00:00,92013.54361504457
2026-08-11 14:59:00+00:00,91958.19841422194
2026-08-11 15:14:00+00:00,91931.82485567783
2026-08-11 15:29:00+00:00,91906.38615603553
2026-08-11 15:44:00+00:00,91928.64840118833
2026-08-11 15:59:00+00:00,91901.2398326405
2026-08-11 16:14:00+00:00,91896.70685172487
2026-08-11 16:29:00+00:00,91910.9195258779
2026-08-11 16:44:00+00:00,91912.95488619678
2026-08-11 16:59:00+00:00,91898.83176528953
2026-08-11 17:14:00+00:00,91897.89752914592
2026-08-11 17:29:00+00:00,91870.16733326779
2026-08-11 17:44:00+00:00,91851.7985020663
2026-08-11 17:59:00+00:00,91847.85002898282
2026-08-11 18:14:00+00:00,91843.78375851274
2026-08-11 18:29:00+00:00,91864.09076314459
2026-08-11 18:44:00+00:00,91884.06639659539
2026-08-11 18:59:00+00:00,91877.23062660982
2026-08-11 19:14:00+00:00,91881.60701861884
2026-08-11 19:29:00+00:00,91873.77686390033
2026-08-11 19:44:00+00:00,91864.5411923417
2026-08-11 19:59:00+00:00,91858.89717928025
2026-08-11 20:14:00+00:00,91860.87604154053
2026-08-11 20:29:00+00:00,91867.64756926574
2026-08-11 20:44:00+00:00,91889.26507994383
2026-08-11 20:59:00+00:00,91881.72102261687
2026-08-11 21:14:00+00:00,91865.35268173284
2026-08-11 21:29:00+00:00,91878.11293476644
2026-08-11 21:44:00+00:00,91862.24360918057
2026-08-11 21:59:00+00:00,91855.81324849608
2026-08-11 22:14:00+00:00,91856.9856724686
2026-08-11 22:29:00+00:00,91859.60335780558
2026-08-11 22:44:00+00:00,91853.22203395447
2026-08-11 22:59:00+00:00,91845.8836148032
2026-08-11 23:14:00+00:00,91861.28935015063
2026-08-11 23:29:00+00:00,91856.0127845892
2026-08-11 23:44:00+00:00,91843.9834018702
2026-08-11 23:59:00+00:00,91838.62651736884
2026-08-12 00:14:00+00:00,91841.1076856097
2026-08-12 00:29:00+00:00,91839.08703398274
2026-08-12 00:44:00+00:00,91825.41455417148
2026-08-12 00:59:00+00:00,91843.3530589268
2026-08-12 01:14:00+00:00,91801.23688003024
2026-08-12 01:29:00+00:00,91761.45699547147
2026-08-12 01:44:00+00:00,91786.21276464341
2026-08-12 01:59:00+00:00,91807.31968211457
2026-08-12 02:14:00+00:00,91780.80507640644
2026-08-12 02:29:00+00:00,91780.33835071491
2026-08-12 02:44:00+00:00,91752.55819196884
2026-08-12 02:59:00+00:00,91737.92746343772
2026-08-12 03:14:00+00:00,91748.36874813802
2026-08-12 03:29:00+00:00,91768.98405705503
2026-08-12 03:44:00+00:00,91743.02815027723
2026-08-12 03:59:00+00:00,91727.40444128173
2026-08-12 04:14:00+00:00,91735.47221820544
2026-08-12 04:29:00+00:00,91733.65287189279
2026-08-12 04:44:00+00:00,91740.81750558758
2026-08-12 04:59:00+00:00,91740.45245766343
2026-08-12 05:14:00+00:00,91722.61959218545
2026-08-12 05:29:00+00:00,91730.07609325569
2026-08-12 05:44:00+00:00,91729.92886651603
2026-08-12 05:59:00+00:00,91710.59197456228
2026-08-12 06:14:00+00:00,91737.4455217595
2026-08-12 06:29:00+00:00,91750.79161335908
2026-08-12 06:44:00+00:00,91807.05289890085
2026-08-12 06:59:00+00:00,91805.64032060231
2026-08-12 07:14:00+00:00,91801.20894383713
2026-08-12 07:29:00+00:00,91784.98657928665
2026-08-12 07:44:00+00:00,91698.12728993264
2026-08-12 07:59:00+00:00,91662.01564879803
2026-08-12 08:14:00+00:00,91666.55743645357
2026-08-12 08:29:00+00:00,91733.53425905237
2026-08-12 08:44:00+00:00,91687.99897096238
2026-08-12 08:59:00+00:00,91676.09680425296
2026-08-12 09:14:00+00:00,91708.36810247811
2026-08-12 09:29:00+00:00,91698.96834234116
2026-08-12 09:44:00+00:00,91701.78740349664
2026-08-12 09:59:00+00:00,91702.8887606063
2026-08-12 10:14:00+00:00,91691.55133412303
2026-08-12 10:29:00+00:00,91675.5298767437
2026-08-12 10:44:00+00:00,91643.60356950542
2026-08-12 10:59:00+00:00,91664.17407654463
2026-08-12 11:14:00+00:00,91662.00803690567
2026-08-12 11:29:00+00:00,91670.97778655222
2026-08-12 11:44:00+00:00,91670.18655272643
2026-08-12 11:59:00+00:00,91669.76017907416
2026-08-12 12:14:00+00:00,91676.20923225525
2026-08-12 12:29:00+00:00,91679.60277907776
2026-08-12 12:44:00+00:00,91675.03228941264
2026-08-12 12:59:00+00:00,91683.7235662647
2026-08-12 13:14:00+00:00,91664.19285899255
2026-08-12 13:29:00+00:00,91637.88842729773
2026-08-12 13:44:00+00:00,91629.78912920124
2026-08-12 13:59:00+00:00,91662.35980874677
2026-08-12 14:14:00+00:00,91667.16731184124
2026-08-12 14:29:00+00:00,91684.63308728042
2026-08-12 14:44:00+00:00,91693.12699120709
2026-08-12 14:59:00+00:00,91704.28602414142
2026-08-12 15:14:00+00:00,91708.17555847701
2026-08-12 15:29:00+00:00,91717.61128282335
2026-08-12 15:44:00+00:00,91715.29669875739
2026-08-12 15:59:00+00:00,91711.24812925131
2026-08-12 16:14:00+00:00,91715.72869904949
2026-08-12 16:29:00+00:00,91715.11883224316
2026-08-12 16:44:00+00:00,91710.99828645909
2026-08-12 16:59:00+00:00,91703.55881229308
2026-08-12 17:14:00+00:00,91711.95229543261
2026-08-12 17:29:00+00:00,91712.89799286246
2026-08-12 17:44:00+00:00,91716.9102348613
2026-08-12 17:59:00+00:00,91717.32039753566
2026-08-12 18:14:00+00:00,91732.68012115265
2026-08-12 18:29:00+00:00,91728.20449543145
2026-08-12 18:44:00+00:00,91718.48033276398
2026-08-12 18:59:00+00:00,91733.77811857183
2026-08-12 19:14:00+00:00,91746.24184750194
2026-08-12 19:29:00+00:00,91745.13767207875
2026-08-12 19:44:00+00:00,91750.24635974625
2026-08-12 19:59:00+00:00,91749.92121716643
2026-08-12 20:14:00+00:00,91750.45488200105
2026-08-12 20:29:00+00:00,91750.48435745337
2026-08-12 20:44:00+00:00,91741.42034720875
2026-08-12 20:59:00+00:00,91744.73091905566
2026-08-12 21:14:00+00:00,91754.09289478228
2026-08-12 21:29:00+00:00,91774.89570689044
2026-08-12 21:44:00+00:00,91828.0794645987
2026-08-12 21:59:00+00:00,91801.20836555904
2026-08-12 22:14:00+00:00,91798.14140340622
2026-08-12 22:29:00+00:00,91811.34328250917
2026-08-12 22:44:00+00:00,91814.52326841859
2026-08-12 22:59:00+00:00,91806.47504951367
2026-08-12 23:14:00+00:00,91801.2703354591
2026-08-12 23:29:00+00:00,91793.67751752568
2026-08-12 23:44:00+00:00,91793.07152360717
2026-08-12 23:59:00+00:00,91796.72263835388
2026-08-13 00:14:00+00:00,91807.59599838051
2026-08-13 00:29:00+00:00,91804.2421913102
2026-08-13 00:44:00+00:00,91807.41529523686
2026-08-13 00:59:00+00:00,91786.39734503478
2026-08-13 01:14:00+00:00,91795.05489768725
2026-08-13 01:29:00+00:00,91794.16556532764
2026-08-13 01:44:00+00:00,91792.79831256658
2026-08-13 01:59:00+00:00,91797.63257170525
2026-08-13 02:14:00+00:00,91793.12650781307
2026-08-13 02:29:00+00:00,91789.73630778944
2026-08-13 02:44:00+00:00,91788.66110135359
2026-08-13 02:59:00+00:00,91792.45530485241
2026-08-13 03:14:00+00:00,91772.64731692073
2026-08-13 03:29:00+00:00,91767.73957342384
2026-08-13 03:44:00+00:00,91776.99236138907
2026-08-13 03:59:00+00:00,91783.03726639283
2026-08-13 04:14:00+00:00,91818.32796244424
2026-08-13 04:29:00+00:00,91828.34184668121
2026-08-13 04:44:00+00:00,91827.48180423367
2026-08-13 04:59:00+00:00,91824.65807345131
2026-08-13 05:14:00+00:00,91827.23611516197
2026-08-13 05:29:00+00:00,91826.252945021
2026-08-13 05:44:00+00:00,91821.04330717637
2026-08-13 05:59:00+00:00,91829.08085848027
2026-08-13 06:14:00+00:00,91809.02454310095
2026-08-13 06:29:00+00:00,91821.85739615165
2026-08-13 06:44:00+00:00,91821.05174655776
2026-08-13 06:59:00+00:00,91820.95804206193
2026-08-13 07:14:00+00:00,91820.69324377438
2026-08-13 07:29:00+00:00,91820.69324377438
2026-08-13 07:44:00+00:00,91820.69324377438
2026-08-13 07:59:00+00:00,91820.69324377438
2026-08-13 08:14:00+00:00,91820.69324377438
2026-08-13 08:29:00+00:00,91820.69324377438
2026-08-13 08:44:00+00:00,91820.69324377438
2026-08-13 08:59:00+00:00,91820.69324377438
2026-08-13 09:14:00+00:00,91820.69324377438
2026-08-13 09:29:00+00:00,91820.69324377438
2026-08-13 09:44:00+00:00,91820.69324377438
2026-08-13 09:59:00+00:00,91820.69324377438
2026-08-13 10:14:00+00:00,91827.6126339133
2026-08-13 10:29:00+00:00,91831.14926758058
2026-08-13 10:44:00+00:00,91823.75970006417
2026-08-13 10:59:00+00:00,91824.16125974154
2026-08-13 11:14:00+00:00,91834.92838156773
2026-08-13 11:29:00+00:00,91846.30633090847
2026-08-13 11:44:00+00:00,91851.92227645282
2026-08-13 11:59:00+00:00,91851.66965500622
2026-08-13 12:14:00+00:00,91851.66965500622
2026-08-13 12:29:00+00:00,91840.04503376044
2026-08-13 12:44:00+00:00,91812.28559007574
2026-08-13 12:59:00+00:00,91821.686529287
2026-08-13 13:14:00+00:00,91805.16661743374
2026-08-13 13:29:00+00:00,91776.48322212114
2026-08-13 13:44:00+00:00,91779.38755442457
2026-08-13 13:59:00+00:00,91776.98019835896
2026-08-13 14:14:00+00:00,91761.81495424315
2026-08-13 14:29:00+00:00,91779.82866933972
2026-08-13 14:44:00+00:00,91793.98820317292
2026-08-13 14:59:00+00:00,91775.81093114335
2026-08-13 15:14:00+00:00,91775.76471229731
2026-08-13 15:29:00+00:00,91783.23949200654
2026-08-13 15:44:00+00:00,91796.5281160496
2026-08-13 15:59:00+00:00,91804.76119887237
2026-08-13 16:14:00+00:00,91735.34820277587
2026-08-13 16:29:00+00:00,91729.13614266663
2026-08-13 16:44:00+00:00,91767.35795146847
2026-08-13 16:59:00+00:00,91754.40434078866
2026-08-13 17:14:00+00:00,91753.69786798804
2026-08-13 17:29:00+00:00,91773.93409883615
2026-08-13 17:44:00+00:00,91778.51848354633
2026-08-13 17:59:00+00:00,91768.09023974057
2026-08-13 18:14:00+00:00,91765.76479850891
2026-08-13 18:29:00+00:00,91779.67961493002
2026-08-13 18:44:00+00:00,91762.75723775674
2026-08-13 18:59:00+00:00,91750.73409510557
2026-08-13 19:14:00+00:00,91759.79371432685
2026-08-13 19:29:00+00:00,91769.12465840417
2026-08-13 19:44:00+00:00,91751.43614016486
2026-08-13 19:59:00+00:00,91742.89769808977
2026-08-13 20:14:00+00:00,91745.32723744784
2026-08-13 20:29:00+00:00,91748.23053024788
2026-08-13 20:44:00+00:00,91747.4159049793
2026-08-13 20:59:00+00:00,91745.35740517125
2026-08-13 21:14:00+00:00,91741.82953454593
2026-08-13 21:29:00+00:00,91735.17511912613
2026-08-13 21:44:00+00:00,91739.98450198237
2026-08-13 21:59:00+00:00,91745.9907177698
2026-08-13 22:14:00+00:00,91742.78397186159
2026-08-13 22:29:00+00:00,91732.13534923314
2026-08-13 22:44:00+00:00,91734.28927557373
2026-08-13 22:59:00+00:00,91723.10670394881
2026-08-13 23:14:00+00:00,91731.55183995113
2026-08-13 23:29:00+00:00,91728.57775002917
2026-08-13 23:44:00+00:00,91726.76893271369
2026-08-13 23:59:00+00:00,91762.12180762092
2026-08-14 00:14:00+00:00,91744.14376806574
2026-08-14 00:29:00+00:00,91740.99156766676
2026-08-14 00:44:00+00:00,91739.35802139688
2026-08-14 00:59:00+00:00,91739.35802139688
2026-08-14 01:14:00+00:00,91739.35802139688
2026-08-14 01:29:00+00:00,91739.35802139688
2026-08-14 01:44:00+00:00,91739.35802139688
2026-08-14 01:59:00+00:00,91739.35802139688
2026-08-14 02:14:00+00:00,91739.35802139688
2026-08-14 02:29:00+00:00,91739.35802139688
2026-08-14 02:44:00+00:00,91739.35802139688
2026-08-14 02:59:00+00:00,91739.35802139688
2026-08-14 03:14:00+00:00,91739.35802139688
2026-08-14 03:29:00+00:00,91739.35802139688
2026-08-14 03:44:00+00:00,91739.35802139688
2026-08-14 03:59:00+00:00,91741.76430103701
2026-08-14 04:14:00+00:00,91765.70395043366
2026-08-14 04:29:00+00:00,91755.06564336286
2026-08-14 04:44:00+00:00,91755.06564336286
2026-08-14 04:59:00+00:00,91758.54586977037
2026-08-14 05:14:00+00:00,91753.09726999438
2026-08-14 05:29:00+00:00,91757.3304393918
2026-08-14 05:44:00+00:00,91754.92542163141
2026-08-14 05:59:00+00:00,91750.94861315514
2026-08-14 06:14:00+00:00,91745.42459915856
2026-08-14 06:29:00+00:00,91749.09600296592
2026-08-14 06:44:00+00:00,91748.85541155603
2026-08-14 06:59:00+00:00,91738.56052194045
2026-08-14 07:14:00+00:00,91745.58142606985
2026-08-14 07:29:00+00:00,91746.44216496806
2026-08-14 07:44:00+00:00,91744.0755243084
2026-08-14 07:59:00+00:00,91744.0755243084
2026-08-14 08:14:00+00:00,91744.0755243084
2026-08-14 08:29:00+00:00,91744.0755243084
2026-08-14 08:44:00+00:00,91744.0755243084
2026-08-14 08:59:00+00:00,91744.0755243084
2026-08-14 09:14:00+00:00,91744.0755243084
2026-08-14 09:29:00+00:00,91744.0755243084
2026-08-14 09:44:00+00:00,91744.0755243084
2026-08-14 09:59:00+00:00,91744.0755243084
2026-08-14 10:14:00+00:00,91742.98890502252
2026-08-14 10:29:00+00:00,91751.3326762361
2026-08-14 10:44:00+00:00,91751.026169922
2026-08-14 10:59:00+00:00,91749.58807163531
2026-08-14 11:14:00+00:00,91746.3832300041
2026-08-14 11:29:00+00:00,91665.79919581453
2026-08-14 11:44:00+00:00,91603.55976440739
2026-08-14 11:59:00+00:00,91569.06726905383
2026-08-14 12:14:00+00:00,91647.6845409476
2026-08-14 12:29:00+00:00,91605.47176427767
2026-08-14 12:44:00+00:00,91571.8664443583
2026-08-14 12:59:00+00:00,91611.29517784987
2026-08-14 13:14:00+00:00,91625.33335088882
2026-08-14 13:29:00+00:00,91617.17480739373
2026-08-14 13:44:00+00:00,91622.6469790839
2026-08-14 13:59:00+00:00,91623.29813263725
2026-08-14 14:14:00+00:00,91612.94583713009
2026-08-14 14:29:00+00:00,91573.61281598177
2026-08-14 14:44:00+00:00,91589.89923507776
2026-08-14 14:59:00+00:00,91608.1458125385
2026-08-14 15:14:00+00:00,91618.76528105394
2026-08-14 15:29:00+00:00,91618.22556755181
2026-08-14 15:44:00+00:00,91616.3515256871
2026-08-14 15:59:00+00:00,91626.96718829952
2026-08-14 16:14:00+00:00,91632.26900385926
2026-08-14 16:29:00+00:00,91640.69166160568
2026-08-14 16:44:00+00:00,91628.11489585297
2026-08-14 16:59:00+00:00,91641.44675899541
2026-08-14 17:14:00+00:00,91646.17865271651
2026-08-14 17:29:00+00:00,91620.011000279
2026-08-14 17:44:00+00:00,91617.38487057864
2026-08-14 17:59:00+00:00,91618.3172338082
2026-08-14 18:14:00+00:00,91631.63674152996
2026-08-14 18:29:00+00:00,91641.34933729815
2026-08-14 18:44:00+00:00,91634.63026703203
2026-08-14 18:59:00+00:00,91643.15169427994
2026-08-14 19:14:00+00:00,91638.08784895133
2026-08-14 19:29:00+00:00,91627.73910132445
2026-08-14 19:44:00+00:00,91610.7937130662
2026-08-14 19:59:00+00:00,91607.59911675304
2026-08-14 20:14:00+00:00,91618.42822501874
2026-08-14 20:29:00+00:00,91651.95781295859
2026-08-14 20:44:00+00:00,91647.54189507526
2026-08-14 20:59:00+00:00,91634.67082130913
2026-08-14 21:14:00+00:00,91646.34573930835
2026-08-14 21:29:00+00:00,91671.66454243929
2026-08-14 21:44:00+00:00,91682.70236595628
2026-08-14 21:59:00+00:00,91674.28954488755
2026-08-14 22:14:00+00:00,91657.2603555494
2026-08-14 22:29:00+00:00,91640.14602887304
2026-08-14 22:44:00+00:00,91643.15350295094
2026-08-14 22:59:00+00:00,91640.84748155007
2026-08-14 23:14:00+00:00,91634.51911378153
2026-08-14 23:29:00+00:00,91652.12986063547
2026-08-14 23:44:00+00:00,91644.99537861504
2026-08-14 23:59:00+00:00,91632.7457207297
2026-08-15 00:14:00+00:00,91615.88140787923
2026-08-15 00:29:00+00:00,91593.2014147508
2026-08-15 00:44:00+00:00,91600.57156809169
2026-08-15 00:59:00+00:00,91596.8673825419
2026-08-15 01:14:00+00:00,91599.73185090069
2026-08-15 01:29:00+00:00,91574.46444690076
2026-08-15 01:44:00+00:00,91560.46229527857
2026-08-15 01:59:00+00:00,91510.78467098935
2026-08-15 02:14:00+00:00,91442.88759412423
2026-08-15 02:29:00+00:00,91404.74233789925
2026-08-15 02:44:00+00:00,91350.45086130704
2026-08-15 02:59:00+00:00,91297.45500948983
2026-08-15 03:14:00+00:00,91332.26763620357
2026-08-15 03:29:00+00:00,91388.88143500111
2026-08-15 03:44:00+00:00,91368.70351384401
2026-08-15 03:59:00+00:00,91390.22595476906
2026-08-15 04:14:00+00:00,91442.39796272598
2026-08-15 04:29:00+00:00,91438.10905250507
2026-08-15 04:44:00+00:00,91456.06539335357
2026-08-15 04:59:00+00:00,91454.7957994869
2026-08-15 05:14:00+00:00,91458.77094275282
2026-08-15 05:29:00+00:00,91472.31184519034
2026-08-15 05:44:00+00:00,91463.24613177976
2026-08-15 05:59:00+00:00,91473.10419190403
2026-08-15 06:14:00+00:00,91470.23308946779
2026-08-15 06:29:00+00:00,91470.23308946779
2026-08-15 06:44:00+00:00,91470.23308946779
2026-08-15 06:59:00+00:00,91473.94939980184
2026-08-15 07:14:00+00:00,91468.74240767803
2026-08-15 07:29:00+00:00,91465.60280537067
2026-08-15 07:44:00+00:00,91460.18016822492
2026-08-15 07:59:00+00:00,91451.17705878857
2026-08-15 08:14:00+00:00,91442.68744037632
2026-08-15 08:29:00+00:00,91440.61590505484
2026-08-15 08:44:00+00:00,91428.17127520138
2026-08-15 08:59:00+00:00,91428.44993085285
2026-08-15 09:14:00+00:00,91418.49705910023
2026-08-15 09:29:00+00:00,91405.18900025683
2026-08-15 09:44:00+00:00,91381.71917490204
2026-08-15 09:59:00+00:00,91418.15028397723
2026-08-15 10:14:00+00:00,91408.00731408074
2026-08-15 10:29:00+00:00,91434.07741879746
2026-08-15 10:44:00+00:00,91416.3503663891
2026-08-15 10:59:00+00:00,91396.1335933084
2026-08-15 11:14:00+00:00,91428.38383217524
2026-08-15 11:29:00+00:00,91440.56960467005
2026-08-15 11:44:00+00:00,91438.98777506073
2026-08-15 11:59:00+00:00,91438.98777506073
2026-08-15 12:14:00+00:00,91438.98777506073
2026-08-15 12:29:00+00:00,91438.98777506073
2026-08-15 12:44:00+00:00,91443.48647615149
2026-08-15 12:59:00+00:00,91442.4577570417
2026-08-15 13:14:00+00:00,91433.73528580135
2026-08-15 13:29:00+00:00,91437.38347325556
2026-08-15 13:44:00+00:00,91429.77419551008
2026-08-15 13:59:00+00:00,91440.14932610036
2026-08-15 14:14:00+00:00,91423.98939617944
2026-08-15 14:29:00+00:00,91421.14946190834
2026-08-15 14:44:00+00:00,91433.83613540024
2026-08-15 14:59:00+00:00,91434.4899114763
2026-08-15 15:14:00+00:00,91459.62758255974
2026-08-15 15:29:00+00:00,91453.66772989805
2026-08-15 15:44:00+00:00,91453.66772989805
2026-08-15 15:59:00+00:00,91453.66772989805
2026-08-15 16:14:00+00:00,91453.66772989805
2026-08-15 16:29:00+00:00,91453.66772989805
2026-08-15 16:44:00+00:00,91453.66772989805
2026-08-15 16:59:00+00:00,91453.93752813111
2026-08-15 17:14:00+00:00,91477.13124588376
2026-08-15 17:29:00+00:00,91481.15382066312
2026-08-15 17:44:00+00:00,91479.73883285258
2026-08-15 17:59:00+00:00,91490.16497788209
2026-08-15 18:14:00+00:00,91489.01405341279
2026-08-15 18:29:00+00:00,91489.37593824245
2026-08-15 18:44:00+00:00,91492.9544809222
2026-08-15 18:59:00+00:00,91497.51082810722
2026-08-15 19:14:00+00:00,91507.62761217517
2026-08-15 19:29:00+00:00,91504.41186991466
2026-08-15 19:44:00+00:00,91504.46272629166
2026-08-15 19:59:00+00:00,91508.2492576876
2026-08-15 20:14:00+00:00,91502.69760708764
2026-08-15 20:29:00+00:00,91510.13627507558
2026-08-15 20:44:00+00:00,91504.84032102177
2026-08-15 20:59:00+00:00,91510.50807117778
2026-08-15 21:14:00+00:00,91514.23551479085
2026-08-15 21:29:00+00:00,91512.90846508689
2026-08-15 21:44:00+00:00,91512.90846508689
2026-08-15 21:59:00+00:00,91512.90846508689
2026-08-15 22:14:00+00:00,91512.90846508689
2026-08-15 22:29:00+00:00,91512.90846508689
2026-08-15 22:44:00+00:00,91512.90846508689
2026-08-15 22:59:00+00:00,91487.98947743332
2026-08-15 23:14:00+00:00,91467.60036088263
2026-08-15 23:29:00+00:00,91476.18714083257
2026-08-15 23:44:00+00:00,91477.03411180644
2026-08-15 23:59:00+00:00,91472.39087671987
2026-08-16 00:14:00+00:00,91430.6688915911
2026-08-16 00:29:00+00:00,91467.824901528
2026-08-16 00:44:00+00:00,91471.38930542095
2026-08-16 00:59:00+00:00,91472.85226328773
2026-08-16 01:14:00+00:00,91471.33955677341
2026-08-16 01:29:00+00:00,91471.35623470967
2026-08-16 01:44:00+00:00,91479.36563135278
2026-08-16 01:59:00+00:00,91469.26820136207
2026-08-16 02:14:00+00:00,91464.27543215809
2026-08-16 02:29:00+00:00,91469.49175603501
2026-08-16 02:44:00+00:00,91474.07504141488
2026-08-16 02:59:00+00:00,91483.92300170801
2026-08-16 03:14:00+00:00,91482.01608009226
2026-08-16 03:29:00+00:00,91482.01608009226
2026-08-16 03:44:00+00:00,91482.01608009226
2026-08-16 03:59:00+00:00,91482.01608009226
2026-08-16 04:14:00+00:00,91482.01608009226
2026-08-16 04:29:00+00:00,91482.01608009226
2026-08-16 04:44:00+00:00,91482.01608009226
2026-08-16 04:59:00+00:00,91482.01608009226
2026-08-16 05:14:00+00:00,91482.01608009226
2026-08-16 05:29:00+00:00,91482.01608009226
2026-08-16 05:44:00+00:00,91482.01608009226
2026-08-16 05:59:00+00:00,91482.01608009226
2026-08-16 06:14:00+00:00,91482.01608009226
2026-08-16 06:29:00+00:00,91482.01608009226
2026-08-16 06:44:00+00:00,91482.01608009226
2026-08-16 06:59:00+00:00,91482.01608009226
2026-08-16 07:14:00+00:00,91482.01608009226
2026-08-16 07:29:00+00:00,91482.01608009226
2026-08-16 07:44:00+00:00,91482.01608009226
2026-08-16 07:59:00+00:00,91482.01608009226
2026-08-16 08:14:00+00:00,91482.01608009226
2026-08-16 08:29:00+00:00,91482.01608009226
2026-08-16 08:44:00+00:00,91482.01608009226
2026-08-16 08:59:00+00:00,91482.01608009226
2026-08-16 09:14:00+00:00,91482.01608009226
2026-08-16 09:29:00+00:00,91482.01608009226
2026-08-16 09:44:00+00:00,91482.01608009226
2026-08-16 09:59:00+00:00,91482.01608009226
2026-08-16 10:14:00+00:00,91482.01608009226
2026-08-16 10:29:00+00:00,91482.01608009226
2026-08-16 10:44:00+00:00,91488.55844363876
2026-08-16 10:59:00+00:00,91501.02477730373
2026-08-16 11:14:00+00:00,91504.66063117032
2026-08-16 11:29:00+00:00,91507.80637433213
2026-08-16 11:44:00+00:00,91507.80637433213
2026-08-16 11:59:00+00:00,91507.80637433213
2026-08-16 12:14:00+00:00,91507.80637433213
2026-08-16 12:29:00+00:00,91507.80637433213
2026-08-16 12:44:00+00:00,91507.80637433213
2026-08-16 12:59:00+00:00,91507.80637433213
2026-08-16 13:14:00+00:00,91507.80637433213
2026-08-16 13:29:00+00:00,91507.80637433213
2026-08-16 13:44:00+00:00,91507.80637433213
2026-08-16 13:59:00+00:00,91507.80637433213
2026-08-16 14:14:00+00:00,91507.80637433213
2026-08-16 14:29:00+00:00,91507.80637433213
2026-08-16 14:44:00+00:00,91507.80637433213
2026-08-16 14:59:00+00:00,91507.80637433213
2026-08-16 15:14:00+00:00,91507.80637433213
2026-08-16 15:29:00+00:00,91507.80637433213
2026-08-16 15:44:00+00:00,91498.04874802327
2026-08-16 15:59:00+00:00,91503.42057632984
2026-08-16 16:14:00+00:00,91514.7105628963
2026-08-16 16:29:00+00:00,91523.62420622446
2026-08-16 16:44:00+00:00,91522.24801899411
2026-08-16 16:59:00+00:00,91518.38699082826
2026-08-16 17:14:00+00:00,91528.76518540888
2026-08-16 17:29:00+00:00,91544.2527721362
2026-08-16 17:44:00+00:00,91541.7266112494
2026-08-16 17:59:00+00:00,91541.7266112494
2026-08-16 18:14:00+00:00,91541.7266112494
2026-08-16 18:29:00+00:00,91541.7266112494
2026-08-16 18:44:00+00:00,91541.7266112494
2026-08-16 18:59:00+00:00,91541.7266112494
2026-08-16 19:14:00+00:00,91541.7266112494
2026-08-16 19:29:00+00:00,91541.7266112494
2026-08-16 19:44:00+00:00,91535.15226091584
2026-08-16 19:59:00+00:00,91547.31072587329
2026-08-16 20:14:00+00:00,91538.55679553846
2026-08-16 20:29:00+00:00,91549.25555460258
2026-08-16 20:44:00+00:00,91556.13755986722
2026-08-16 20:59:00+00:00,91566.90709337624
2026-08-16 21:14:00+00:00,91583.67731671913
2026-08-16 21:29:00+00:00,91581.33939193803
2026-08-16 21:44:00+00:00,91581.33939193803
2026-08-16 21:59:00+00:00,91581.2228736996
2026-08-16 22:14:00+00:00,91580.68159670407
2026-08-16 22:29:00+00:00,91593.66203483722
2026-08-16 22:44:00+00:00,91596.16692358174
2026-08-16 22:59:00+00:00,91594.5649110701
2026-08-16 23:14:00+00:00,91591.48969168933
2026-08-16 23:29:00+00:00,91593.11098687118
2026-08-16 23:44:00+00:00,91593.44171891046
2026-08-16 23:59:00+00:00,91596.88532093809
2026-08-17 00:14:00+00:00,91585.78218250451
2026-08-17 00:29:00+00:00,91600.27971437093
2026-08-17 00:44:00+00:00,91599.81970469031
2026-08-17 00:59:00+00:00,91599.81970469031
2026-08-17 01:14:00+00:00,91599.81970469031
2026-08-17 01:29:00+00:00,91599.81970469031
2026-08-17 01:44:00+00:00,91599.81970469031
2026-08-17 01:59:00+00:00,91599.81970469031
2026-08-17 02:14:00+00:00,91599.81970469031
2026-08-17 02:29:00+00:00,91599.81970469031
2026-08-17 02:44:00+00:00,91599.81970469031
2026-08-17 02:59:00+00:00,91599.81970469031
2026-08-17 03:14:00+00:00,91599.81970469031
2026-08-17 03:29:00+00:00,91607.17338565725
2026-08-17 03:44:00+00:00,91610.38620780957
2026-08-17 03:59:00+00:00,91613.39299263578
2026-08-17 04:14:00+00:00,91614.28555819436
2026-08-17 04:29:00+00:00,91611.50865344194
2026-08-17 04:44:00+00:00,91615.35049690076
2026-08-17 04:59:00+00:00,91613.24376182162
2026-08-17 05:14:00+00:00,91613.24376182162
2026-08-17 05:29:00+00:00,91605.67981954619
2026-08-17 05:44:00+00:00,91610.0303866783
2026-08-17 05:59:00+00:00,91618.92073452366
2026-08-17 06:14:00+00:00,91631.01726300438
2026-08-17 06:29:00+00:00,91623.95663604677
2026-08-17 06:44:00+00:00,91593.73455162987
2026-08-17 06:59:00+00:00,91605.8999627838
2026-08-17 07:14:00+00:00,91612.03208225915
2026-08-17 07:29:00+00:00,91621.39285050587
2026-08-17 07:44:00+00:00,91612.19510833491
2026-08-17 07:59:00+00:00,91618.86712252056
2026-08-17 08:14:00+00:00,91613.52120868146
2026-08-17 08:29:00+00:00,91616.99580905883
2026-08-17 08:44:00+00:00,91618.56791920564
2026-08-17 08:59:00+00:00,91616.56416786627
2026-08-17 09:14:00+00:00,91609.74282497766
2026-08-17 09:29:00+00:00,91602.18605757004
2026-08-17 09:44:00+00:00,91612.81238091979
2026-08-17 09:59:00+00:00,91578.40536533044
2026-08-17 10:14:00+00:00,91574.17979146811
2026-08-17 10:29:00+00:00,91560.89015539906
2026-08-17 10:44:00+00:00,91558.4861140839
2026-08-17 10:59:00+00:00,91562.57122594124
2026-08-17 11:14:00+00:00,91558.3417740713
2026-08-17 11:29:00+00:00,91554.84647780044
2026-08-17 11:44:00+00:00,91577.69546584591
2026-08-17 11:59:00+00:00,91586.70331183793
2026-08-17 12:14:00+00:00,91586.70331183793
2026-08-17 12:29:00+00:00,91586.70331183793
2026-08-17 12:44:00+00:00,91586.70331183793
2026-08-17 12:59:00+00:00,91586.70331183793
2026-08-17 13:14:00+00:00,91586.70331183793
2026-08-17 13:29:00+00:00,91586.70331183793
2026-08-17 13:44:00+00:00,91586.70331183793
2026-08-17 13:59:00+00:00,91586.70331183793
2026-08-17 14:14:00+00:00,91586.70331183793
2026-08-17 14:29:00+00:00,91586.70331183793
2026-08-17 14:44:00+00:00,91586.70331183793
2026-08-17 14:59:00+00:00,91586.70331183793
2026-08-17 15:14:00+00:00,91587.57332678566
2026-08-17 15:29:00+00:00,91581.1515475167
2026-08-17 15:44:00+00:00,91574.47752751863
2026-08-17 15:59:00+00:00,91577.90568425941
2026-08-17 16:14:00+00:00,91568.6197753276
2026-08-17 16:29:00+00:00,91610.9835576238
2026-08-17 16:44:00+00:00,91620.49248666309
2026-08-17 16:59:00+00:00,91635.66098004683
2026-08-17 17:14:00+00:00,91617.32161320538
2026-08-17 17:29:00+00:00,91625.07946662768
2026-08-17 17:44:00+00:00,91601.45458736554
2026-08-17 17:59:00+00:00,91591.3402971044
2026-08-17 18:14:00+00:00,91590.46154415602
2026-08-17 18:29:00+00:00,91589.29150543337
2026-08-17 18:44:00+00:00,91603.59391202993
2026-08-17 18:59:00+00:00,91596.55126453264
2026-08-17 19:14:00+00:00,91610.3186271082
2026-08-17 19:29:00+00:00,91602.02703451437
2026-08-17 19:44:00+00:00,91613.11156311422
2026-08-17 19:59:00+00:00,91610.25864067498
2026-08-17 20:14:00+00:00,91607.22121731508
2026-08-17 20:29:00+00:00,91604.75679823908
2026-08-17 20:44:00+00:00,91617.78551774265
2026-08-17 20:59:00+00:00,91618.11329192352
2026-08-17 21:14:00+00:00,91618.11329192352
2026-08-17 21:29:00+00:00,91618.11329192352
2026-08-17 21:44:00+00:00,91618.11329192352
2026-08-17 21:59:00+00:00,91618.11329192352
2026-08-17 22:14:00+00:00,91633.51327072903
2026-08-17 22:29:00+00:00,91637.12315084985
2026-08-17 22:44:00+00:00,91622.60894965754
2026-08-17 22:59:00+00:00,91631.34432008809
2026-08-17 23:14:00+00:00,91642.0184591085
2026-08-17 23:29:00+00:00,91621.47202576324
2026-08-17 23:44:00+00:00,91628.1477880029
2026-08-17 23:59:00+00:00,91622.11054080402
2026-08-18 00:14:00+00:00,91619.44426633186
2026-08-18 00:29:00+00:00,91617.34168370599
2026-08-18 00:44:00+00:00,91622.91663680959
2026-08-18 00:59:00+00:00,91627.1732311735
2026-08-18 01:14:00+00:00,91624.13855795293
2026-08-18 01:29:00+00:00,91638.37954538573
2026-08-18 01:44:00+00:00,91639.20469735326
2026-08-18 01:59:00+00:00,91639.20469735326
2026-08-18 02:14:00+00:00,91624.85209486839
2026-08-18 02:29:00+00:00,91641.1761399653
2026-08-18 02:44:00+00:00,91507.82879657904
2026-08-18 02:59:00+00:00,91309.86276637508
2026-08-18 03:14:00+00:00,91295.96361266047
2026-08-18 03:29:00+00:00,91268.74117735375
2026-08-18 03:44:00+00:00,91299.38811076559
2026-08-18 03:59:00+00:00,91250.01855590355
2026-08-18 04:14:00+00:00,91260.7581738748
2026-08-18 04:29:00+00:00,91273.27868294492
2026-08-18 04:44:00+00:00,91272.76736069124
2026-08-18 04:59:00+00:00,91277.10772202267
2026-08-18 05:14:00+00:00,91277.75352583126
2026-08-18 05:29:00+00:00,91253.46817131653
2026-08-18 05:44:00+00:00,91261.22345132228
2026-08-18 05:59:00+00:00,91272.26670273955
2026-08-18 06:14:00+00:00,91272.40025014403
2026-08-18 06:29:00+00:00,91283.24325596112
2026-08-18 06:44:00+00:00,91285.18340866118
2026-08-18 06:59:00+00:00,91285.15484285295
2026-08-18 07:14:00+00:00,91283.8883479307
2026-08-18 07:29:00+00:00,91283.8883479307
2026-08-18 07:44:00+00:00,91283.8883479307
2026-08-18 07:59:00+00:00,91279.84750423337
2026-08-18 08:14:00+00:00,91286.70359109723
2026-08-18 08:29:00+00:00,91295.35753325027
2026-08-18 08:44:00+00:00,91292.27951974314
2026-08-18 08:59:00+00:00,91292.20352459402
2026-08-18 09:14:00+00:00,91264.84475412352
2026-08-18 09:29:00+00:00,91280.38400507184
2026-08-18 09:44:00+00:00,91283.46548330516
2026-08-18 09:59:00+00:00,91271.28387021036
2026-08-18 10:14:00+00:00,91262.24544015889
2026-08-18 10:29:00+00:00,91273.76832971639
2026-08-18 10:44:00+00:00,91264.27901126845
2026-08-18 10:59:00+00:00,91266.44471729263
2026-08-18 11:14:00+00:00,91268.9703942913
2026-08-18 11:29:00+00:00,91288.09593717847
2026-08-18 11:44:00+00:00,91282.27992993801
2026-08-18 11:59:00+00:00,91282.27992993801
2026-08-18 12:14:00+00:00,91282.27992993801
2026-08-18 12:29:00+00:00,91282.27992993801
2026-08-18 12:44:00+00:00,91282.27992993801
2026-08-18 12:59:00+00:00,91282.27992993801
2026-08-18 13:14:00+00:00,91282.27992993801
2026-08-18 13:29:00+00:00,91282.27992993801
2026-08-18 13:44:00+00:00,91282.27992993801
2026-08-18 13:59:00+00:00,91291.52214462719
2026-08-18 14:14:00+00:00,91301.0502777128
2026-08-18 14:29:00+00:00,91283.85250892743
2026-08-18 14:44:00+00:00,91296.79783597756
2026-08-18 14:59:00+00:00,91305.12870108274
2026-08-18 15:14:00+00:00,91298.01811776233
2026-08-18 15:29:00+00:00,91298.38763265885
2026-08-18 15:44:00+00:00,91292.50751860147
2026-08-18 15:59:00+00:00,91277.85505903202
2026-08-18 16:14:00+00:00,91299.22522451637
2026-08-18 16:29:00+00:00,91289.6301779624
2026-08-18 16:44:00+00:00,91298.77697828757
2026-08-18 16:59:00+00:00,91304.5901555752
2026-08-18 17:14:00+00:00,91322.73353967653
2026-08-18 17:29:00+00:00,91325.03345475753
2026-08-18 17:44:00+00:00,91348.22384830927
2026-08-18 17:59:00+00:00,91350.0330647718
2026-08-18 18:14:00+00:00,91355.73963255022
2026-08-18 18:29:00+00:00,91354.9320056126
2026-08-18 18:44:00+00:00,91349.67302057944
2026-08-18 18:59:00+00:00,91351.72902643132
2026-08-18 19:14:00+00:00,91354.3692051277
2026-08-18 19:29:00+00:00,91351.56967838448
2026-08-18 19:44:00+00:00,91337.13154992949
2026-08-18 19:59:00+00:00,91340.8558300873
2026-08-18 20:14:00+00:00,91327.62181508049
2026-08-18 20:29:00+00:00,91333.94427946639
2026-08-18 20:44:00+00:00,91318.95184457062
2026-08-18 20:59:00+00:00,91313.84139075363
2026-08-18 21:14:00+00:00,91306.40190242264
2026-08-18 21:29:00+00:00,91308.53819648885
2026-08-18 21:44:00+00:00,91303.40108031516
2026-08-18 21:59:00+00:00,91290.73434169196
2026-08-18 22:14:00+00:00,91294.76363483845
2026-08-18 22:29:00+00:00,91284.06026793295
2026-08-18 22:44:00+00:00,91229.93689244693
2026-08-18 22:59:00+00:00,91211.09921885504
2026-08-18 23:14:00+00:00,91248.86966460563
2026-08-18 23:29:00+00:00,91263.04425889433
2026-08-18 23:44:00+00:00,91259.17312133533
2026-08-18 23:59:00+00:00,91251.78641486597
2026-08-19 00:14:00+00:00,91241.60773437371
2026-08-19 00:29:00+00:00,91231.03330519346
2026-08-19 00:44:00+00:00,91255.55374076271
2026-08-19 00:59:00+00:00,91255.8630624344
2026-08-19 01:14:00+00:00,91258.56161003011
2026-08-19 01:29:00+00:00,91266.81854287353
2026-08-19 01:44:00+00:00,91275.278714042
2026-08-19 01:59:00+00:00,91268.86574932613
2026-08-19 02:14:00+00:00,91251.9012832903
2026-08-19 02:29:00+00:00,91249.81845738212
2026-08-19 02:44:00+00:00,91249.81845738212
2026-08-19 02:59:00+00:00,91249.81845738212
2026-08-19 03:14:00+00:00,91249.81845738212
2026-08-19 03:29:00+00:00,91249.81845738212
2026-08-19 03:44:00+00:00,91236.48990329457
2026-08-19 03:59:00+00:00,91234.61493055725
2026-08-19 04:14:00+00:00,91249.38095012464
2026-08-19 04:29:00+00:00,91259.82055576314
2026-08-19 04:44:00+00:00,91253.39123155114
2026-08-19 04:59:00+00:00,91253.0221384555
2026-08-19 05:14:00+00:00,91242.09650182749
2026-08-19 05:29:00+00:00,91236.82217415197
2026-08-19 05:44:00+00:00,91230.59750420135
2026-08-19 05:59:00+00:00,91227.25667800945
2026-08-19 06:14:00+00:00,91236.20574869259
2026-08-19 06:29:00+00:00,91226.23985025425
2026-08-19 06:44:00+00:00,91208.25072442066
2026-08-19 06:59:00+00:00,91213.78483158752
2026-08-19 07:14:00+00:00,91217.4088113168
2026-08-19 07:29:00+00:00,91234.72597013495
2026-08-19 07:44:00+00:00,91250.58319152778
2026-08-19 07:59:00+00:00,91235.31763543887
2026-08-19 08:14:00+00:00,91245.77169125753
2026-08-19 08:29:00+00:00,91256.67190200277
2026-08-19 08:44:00+00:00,91256.18289805629
2026-08-19 08:59:00+00:00,91256.18289805629
2026-08-19 09:14:00+00:00,91246.19858960585
2026-08-19 09:29:00+00:00,91246.85547530516
2026-08-19 09:44:00+00:00,91242.23605958154
2026-08-19 09:59:00+00:00,91254.33540522253
2026-08-19 10:14:00+00:00,91261.20267893432
2026-08-19 10:29:00+00:00,91238.57851531432
2026-08-19 10:44:00+00:00,91242.0069958842
2026-08-19 10:59:00+00:00,91210.85846243575
2026-08-19 11:14:00+00:00,91233.36455187082
2026-08-19 11:29:00+00:00,91243.245315347
2026-08-19 11:44:00+00:00,91254.30157680367
2026-08-19 11:59:00+00:00,91241.4185864449
2026-08-19 12:14:00+00:00,91225.72579033555
2026-08-19 12:29:00+00:00,91222.06187695004
2026-08-19 12:44:00+00:00,91244.96633630052
2026-08-19 12:59:00+00:00,91272.20882686783
2026-08-19 13:14:00+00:00,91262.1159831556
2026-08-19 13:29:00+00:00,91258.4001475169
2026-08-19 13:44:00+00:00,91272.44636936986
2026-08-19 13:59:00+00:00,91275.23067050484
2026-08-19 14:14:00+00:00,91258.24403604989
2026-08-19 14:29:00+00:00,91263.11919676155
2026-08-19 14:44:00+00:00,91257.03625471935
2026-08-19 14:59:00+00:00,91230.50967609901
2026-08-19 15:14:00+00:00,91183.10897486295
2026-08-19 15:29:00+00:00,91287.11187799556
2026-08-19 15:44:00+00:00,91233.14383645979
2026-08-19 15:59:00+00:00,91203.69675392089
2026-08-19 16:14:00+00:00,91237.62663934944
2026-08-19 16:29:00+00:00,91268.89392512315
2026-08-19 16:44:00+00:00,91282.42078729806
2026-08-19 16:59:00+00:00,91282.65231761518
2026-08-19 17:14:00+00:00,91286.12483175112
2026-08-19 17:29:00+00:00,91295.5356952354
2026-08-19 17:44:00+00:00,91288.58358481893
2026-08-19 17:59:00+00:00,91285.04662649024
2026-08-19 18:14:00+00:00,91291.86391582625
2026-08-19 18:29:00+00:00,91295.25235627458
2026-08-19 18:44:00+00:00,91272.0411672242
2026-08-19 18:59:00+00:00,91259.63125812201
2026-08-19 19:14:00+00:00,91270.21546113324
2026-08-19 19:29:00+00:00,91280.61157737416
2026-08-19 19:44:00+00:00,91281.67704606325
2026-08-19 19:59:00+00:00,91273.30761520393
2026-08-19 20:14:00+00:00,91281.3351906397
2026-08-19 20:29:00+00:00,91287.25432738343
2026-08-19 20:44:00+00:00,91292.17884523475
2026-08-19 20:59:00+00:00,91256.30907274848
2026-08-19 21:14:00+00:00,91237.1006966961
2026-08-19 21:29:00+00:00,91153.71373643153
2026-08-19 21:44:00+00:00,91177.26208701037
2026-08-19 21:59:00+00:00,91141.47485293711
2026-08-19 22:14:00+00:00,91140.71990442426
2026-08-19 22:29:00+00:00,91169.57936270021
2026-08-19 22:44:00+00:00,91204.76705288238
2026-08-19 22:59:00+00:00,91235.56245113103
2026-08-19 23:14:00+00:00,91247.04851372799
2026-08-19 23:29:00+00:00,91208.49046575854
2026-08-19 23:44:00+00:00,91200.1334697073
2026-08-19 23:59:00+00:00,91217.13101453819
2026-08-20 00:14:00+00:00,91206.8744720579
2026-08-20 00:29:00+00:00,91220.51761504203
2026-08-20 00:44:00+00:00,91206.8634628946
2026-08-20 00:59:00+00:00,91201.66522183728
2026-08-20 01:14:00+00:00,91216.60083113812
2026-08-20 01:29:00+00:00,91223.47079073993
2026-08-20 01:44:00+00:00,91237.35798529016
2026-08-20 01:59:00+00:00,91243.27752148149
2026-08-20 02:14:00+00:00,91228.03816162141
2026-08-20 02:29:00+00:00,91240.40634688729
2026-08-20 02:44:00+00:00,91254.51706303438
2026-08-20 02:59:00+00:00,91251.92037083827
2026-08-20 03:14:00+00:00,91207.50214397769
2026-08-20 03:29:00+00:00,91205.08337969916
2026-08-20 03:44:00+00:00,91233.37104702009
2026-08-20 03:59:00+00:00,91222.11233946696
2026-08-20 04:14:00+00:00,91216.04009452919
2026-08-20 04:29:00+00:00,91221.02667853165
2026-08-20 04:44:00+00:00,91227.0525601271
2026-08-20 04:59:00+00:00,91243.64699685412
2026-08-20 05:14:00+00:00,91252.21926188645
2026-08-20 05:29:00+00:00,91242.02681106712
2026-08-20 05:44:00+00:00,91237.3569893686
2026-08-20 05:59:00+00:00,91224.69079695884
2026-08-20 06:14:00+00:00,91223.44796649175
2026-08-20 06:29:00+00:00,91226.44843675409
2026-08-20 06:44:00+00:00,91257.2686035462
2026-08-20 06:59:00+00:00,91243.651505382
2026-08-20 07:14:00+00:00,91277.86825527663
2026-08-20 07:29:00+00:00,91278.5804511501
2026-08-20 07:44:00+00:00,91276.05488011055
2026-08-20 07:59:00+00:00,91281.0303206104
2026-08-20 08:14:00+00:00,91285.59189241646
2026-08-20 08:29:00+00:00,91230.38821710192
2026-08-20 08:44:00+00:00,91211.61669063587
2026-08-20 08:59:00+00:00,91232.93820165176
2026-08-20 09:14:00+00:00,91225.42485036358
2026-08-20 09:29:00+00:00,91237.9348380695
2026-08-20 09:44:00+00:00,91257.32872765856
2026-08-20 09:59:00+00:00,91192.04567126035
2026-08-20 10:14:00+00:00,91189.68894179822
2026-08-20 10:29:00+00:00,91183.23868101872
2026-08-20 10:44:00+00:00,91201.44169972643
2026-08-20 10:59:00+00:00,91214.63798073493
2026-08-20 11:14:00+00:00,91209.72633230944
2026-08-20 11:29:00+00:00,91133.9135287977
2026-08-20 11:44:00+00:00,91080.39295925268
2026-08-20 11:59:00+00:00,91021.3943236282
2026-08-20 12:14:00+00:00,91022.53738305716
2026-08-20 12:29:00+00:00,90902.39458420154
2026-08-20 12:44:00+00:00,90905.98589396692
2026-08-20 12:59:00+00:00,90901.75608121374
2026-08-20 13:14:00+00:00,90944.0778895864
2026-08-20 13:29:00+00:00,90878.41380001475
2026-08-20 13:44:00+00:00,90880.44548549902
2026-08-20 13:59:00+00:00,90795.44104161889
2026-08-20 14:14:00+00:00,90728.39905513132
2026-08-20 14:29:00+00:00,90726.27522178901
2026-08-20 14:44:00+00:00,90711.58882041057
2026-08-20 14:59:00+00:00,90736.4317045508
2026-08-20 15:14:00+00:00,90628.45592767965
2026-08-20 15:29:00+00:00,90715.30366826766
2026-08-20 15:44:00+00:00,90669.15196504793
2026-08-20 15:59:00+00:00,90597.1156085632
2026-08-20 16:14:00+00:00,90607.27105300136
2026-08-20 16:29:00+00:00,90537.60725597016
2026-08-20 16:44:00+00:00,90496.35480602988
2026-08-20 16:59:00+00:00,90327.26901412924
2026-08-20 17:14:00+00:00,90347.78937938296
2026-08-20 17:29:00+00:00,90357.8913751965
2026-08-20 17:44:00+00:00,90323.75379797602
2026-08-20 17:59:00+00:00,90375.48901970139
2026-08-20 18:14:00+00:00,90499.79395771376
2026-08-20 18:29:00+00:00,90528.79298053539
2026-08-20 18:44:00+00:00,90545.41270135318
2026-08-20 18:59:00+00:00,90617.80998271947
2026-08-20 19:14:00+00:00,90651.96167176067
2026-08-20 19:29:00+00:00,90643.32141554686
2026-08-20 19:44:00+00:00,90645.85112897806
2026-08-20 19:59:00+00:00,90647.54807947396
2026-08-20 20:14:00+00:00,90655.2125594884
2026-08-20 20:29:00+00:00,90651.8750094933
2026-08-20 20:44:00+00:00,90641.08060831956
2026-08-20 20:59:00+00:00,90646.16417467913
2026-08-20 21:14:00+00:00,90640.82186625838
2026-08-20 21:29:00+00:00,90654.2584631827
2026-08-20 21:44:00+00:00,90642.65283792387
2026-08-20 21:59:00+00:00,90638.57258803921
2026-08-20 22:14:00+00:00,90624.49058863979
2026-08-20 22:29:00+00:00,90614.93162117511
2026-08-20 22:44:00+00:00,90565.10013069825
2026-08-20 22:59:00+00:00,90561.93314409553
2026-08-20 23:14:00+00:00,90593.61496266957
2026-08-20 23:29:00+00:00,90632.51127639307
2026-08-20 23:44:00+00:00,90639.98785956741
2026-08-20 23:59:00+00:00,90632.51767465568
2026-08-21 00:14:00+00:00,90610.68398158335
2026-08-21 00:29:00+00:00,90642.19355505629
2026-08-21 00:44:00+00:00,90633.2464676109
2026-08-21 00:59:00+00:00,90574.81430850698
2026-08-21 01:14:00+00:00,90575.3742489393
2026-08-21 01:29:00+00:00,90540.70435286596
2026-08-21 01:44:00+00:00,90520.00856426726
2026-08-21 01:59:00+00:00,90472.67559582263
2026-08-21 02:14:00+00:00,90478.13478988042
2026-08-21 02:29:00+00:00,90459.32230817051
2026-08-21 02:44:00+00:00,90520.6479367951
2026-08-21 02:59:00+00:00,90544.40571630448
2026-08-21 03:14:00+00:00,90531.60662714625
2026-08-21 03:29:00+00:00,90527.97700183022
2026-08-21 03:44:00+00:00,90468.15944615046
2026-08-21 03:59:00+00:00,90466.4110728751
2026-08-21 04:14:00+00:00,90476.42399355669
2026-08-21 04:29:00+00:00,90474.05765152046
2026-08-21 04:44:00+00:00,90469.11302324016
2026-08-21 04:59:00+00:00,90482.35645354707
2026-08-21 05:14:00+00:00,90460.45572992174
2026-08-21 05:29:00+00:00,90488.97770301704
2026-08-21 05:44:00+00:00,90407.23701963904
2026-08-21 05:59:00+00:00,90445.266286562
2026-08-21 06:14:00+00:00,90383.32688796066
2026-08-21 06:29:00+00:00,90268.63452818598
2026-08-21 06:44:00+00:00,90285.2274970951
2026-08-21 06:59:00+00:00,90231.03280953469
2026-08-21 07:14:00+00:00,90166.75229010663
2026-08-21 07:29:00+00:00,90181.00719347877
2026-08-21 07:44:00+00:00,90236.40000050652
2026-08-21 07:59:00+00:00,90325.62496104655
2026-08-21 08:14:00+00:00,90435.4645553498
2026-08-21 08:29:00+00:00,90433.36765611364
2026-08-21 08:44:00+00:00,90478.03783114218
2026-08-21 08:59:00+00:00,90506.96010853026
2026-08-21 09:14:00+00:00,90501.60974035096
2026-08-21 09:29:00+00:00,90457.05195212041
2026-08-21 09:44:00+00:00,90507.94254029192
2026-08-21 09:59:00+00:00,90575.69056757682
2026-08-21 10:14:00+00:00,90652.28945918931
2026-08-21 10:29:00+00:00,90809.99738902824
2026-08-21 10:44:00+00:00,90882.53238758222
2026-08-21 10:59:00+00:00,90896.22657991023
2026-08-21 11:14:00+00:00,90870.67523475592
2026-08-21 11:29:00+00:00,90886.81583456411
2026-08-21 11:44:00+00:00,90963.4686591313
2026-08-21 11:59:00+00:00,91011.95809783966
2026-08-21 12:14:00+00:00,91030.08925179677
2026-08-21 12:29:00+00:00,91016.1835379287
2026-08-21 12:44:00+00:00,90997.09748305897
2026-08-21 12:59:00+00:00,91005.29917218293
2026-08-21 13:14:00+00:00,91024.822244733
2026-08-21 13:29:00+00:00,91020.40200966687
2026-08-21 13:44:00+00:00,91046.7065545413
2026-08-21 13:59:00+00:00,91028.728186562
2026-08-21 14:14:00+00:00,91053.26533365197
2026-08-21 14:29:00+00:00,91137.27299049053
2026-08-21 14:44:00+00:00,91145.26339047523
2026-08-21 14:59:00+00:00,91089.46487684731
2026-08-21 15:14:00+00:00,91007.87394692784
2026-08-21 15:29:00+00:00,90951.99639170598
2026-08-21 15:44:00+00:00,90970.14764343553
2026-08-21 15:59:00+00:00,90910.04505474653
2026-08-21 16:14:00+00:00,90894.00827069278
2026-08-21 16:29:00+00:00,90864.828360521
2026-08-21 16:44:00+00:00,90833.57752583035
2026-08-21 16:59:00+00:00,90780.66935022654
2026-08-21 17:14:00+00:00,90789.66387902098
2026-08-21 17:29:00+00:00,90840.56799930535
2026-08-21 17:44:00+00:00,90832.29574823269
2026-08-21 17:59:00+00:00,90899.4850567223
2026-08-21 18:14:00+00:00,90849.39764575845
2026-08-21 18:29:00+00:00,90831.65379829067
2026-08-21 18:44:00+00:00,90851.97068954243
2026-08-21 18:59:00+00:00,90869.14744225734
2026-08-21 19:14:00+00:00,90891.86404195505
2026-08-21 19:29:00+00:00,90910.6095357157
2026-08-21 19:44:00+00:00,90900.13307023153
2026-08-21 19:59:00+00:00,90918.34162209248
2026-08-21 20:14:00+00:00,90951.0254788301
2026-08-21 20:29:00+00:00,90943.21035171862
2026-08-21 20:44:00+00:00,90884.88101005153
2026-08-21 20:59:00+00:00,90817.70188369454
2026-08-21 21:14:00+00:00,90785.44959518478
2026-08-21 21:29:00+00:00,90780.18441190325
2026-08-21 21:44:00+00:00,90606.69780996583
2026-08-21 21:59:00+00:00,90599.45801372448
2026-08-21 22:14:00+00:00,90537.42241071629
2026-08-21 22:29:00+00:00,90486.05042911338
2026-08-21 22:44:00+00:00,90380.9671174421
2026-08-21 22:59:00+00:00,90395.96148218199
2026-08-21 23:14:00+00:00,90433.78773979997
2026-08-21 23:29:00+00:00,90477.6442553613
2026-08-21 23:44:00+00:00,90486.92868008347
2026-08-21 23:59:00+00:00,90544.53326353453
2026-08-22 00:14:00+00:00,90618.50910917055
2026-08-22 00:29:00+00:00,90608.37346973889
2026-08-22 00:44:00+00:00,90594.53763791735
2026-08-22 00:59:00+00:00,90564.43635157325
2026-08-22 01:14:00+00:00,90538.59135258816
2026-08-22 01:29:00+00:00,90574.47733804853
2026-08-22 01:44:00+00:00,90548.0547206774
2026-08-22 01:59:00+00:00,90555.15303220617
2026-08-22 02:14:00+00:00,90568.5308153836
2026-08-22 02:29:00+00:00,90455.76171688912
2026-08-22 02:44:00+00:00,90511.68169550649
2026-08-22 02:59:00+00:00,90496.77486952532
2026-08-22 03:14:00+00:00,90467.15032420827
2026-08-22 03:29:00+00:00,90457.68555290998
2026-08-22 03:44:00+00:00,90461.33567821106
2026-08-22 03:59:00+00:00,90429.70742945847
2026-08-22 04:14:00+00:00,90413.65822383582
2026-08-22 04:29:00+00:00,90518.45401046803
2026-08-22 04:44:00+00:00,90436.49308456086
2026-08-22 04:59:00+00:00,90382.71249729875
2026-08-22 05:14:00+00:00,90727.54099268401
2026-08-22 05:29:00+00:00,90784.64503816719
2026-08-22 05:44:00+00:00,90802.70623459505
2026-08-22 05:59:00+00:00,90774.8075294981
2026-08-22 06:14:00+00:00,90765.72462459304
2026-08-22 06:29:00+00:00,90671.824092714
2026-08-22 06:44:00+00:00,90588.1264969763
2026-08-22 06:59:00+00:00,90560.19544323151
2026-08-22 07:14:00+00:00,90514.68803138813
2026-08-22 07:29:00+00:00,90457.54521295395
2026-08-22 07:44:00+00:00,90575.62069153818
2026-08-22 07:59:00+00:00,90626.94596857914
2026-08-22 08:14:00+00:00,90667.5290044555
2026-08-22 08:29:00+00:00,90694.99973243244
2026-08-22 08:44:00+00:00,90690.65260224657
2026-08-22 08:59:00+00:00,90668.614000367
2026-08-22 09:14:00+00:00,90676.18500561685
2026-08-22 09:29:00+00:00,90645.73039416975
2026-08-22 09:44:00+00:00,90624.59984956593
2026-08-22 09:59:00+00:00,90650.82213689518
2026-08-22 10:14:00+00:00,90636.02409112811
2026-08-22 10:29:00+00:00,90678.99791857346
2026-08-22 10:44:00+00:00,90707.97797499933
2026-08-22 10:59:00+00:00,90697.56772014001
2026-08-22 11:14:00+00:00,90703.96042078808
2026-08-22 11:29:00+00:00,90688.45199461302
2026-08-22 11:44:00+00:00,90716.48237246521
2026-08-22 11:59:00+00:00,90705.83806899337
2026-08-22 12:14:00+00:00,90729.85839667427
2026-08-22 12:29:00+00:00,90723.6749923057
2026-08-22 12:44:00+00:00,90724.08518704487
2026-08-22 12:59:00+00:00,90670.53125889688
2026-08-22 13:14:00+00:00,90680.54255033135
2026-08-22 13:29:00+00:00,90680.2661038754
2026-08-22 13:44:00+00:00,90699.61813718364
2026-08-22 13:59:00+00:00,90743.0362687319
2026-08-22 14:14:00+00:00,90740.55792256445
2026-08-22 14:29:00+00:00,90731.2370211734
2026-08-22 14:44:00+00:00,90756.7301686006
2026-08-22 14:59:00+00:00,90759.04643642288
2026-08-22 15:14:00+00:00,90759.79626718984
2026-08-22 15:29:00+00:00,90807.22461810442
2026-08-22 15:44:00+00:00,90758.1175555775
2026-08-22 15:59:00+00:00,90760.73436998145
2026-08-22 16:14:00+00:00,90774.52040838754
2026-08-22 16:29:00+00:00,90827.07864826561
2026-08-22 16:44:00+00:00,90854.34010689851
2026-08-22 16:59:00+00:00,90860.70076286158
2026-08-22 17:14:00+00:00,90855.3627392658
2026-08-22 17:29:00+00:00,90855.3627392658
2026-08-22 17:44:00+00:00,90855.3627392658
2026-08-22 17:59:00+00:00,90861.1462150807
2026-08-22 18:14:00+00:00,90871.800036295
2026-08-22 18:29:00+00:00,90846.35292823635
2026-08-22 18:44:00+00:00,90862.35312542946
2026-08-22 18:59:00+00:00,90874.45519246158
2026-08-22 19:14:00+00:00,90882.82849871386
2026-08-22 19:29:00+00:00,90876.51733334274
2026-08-22 19:44:00+00:00,90863.36932891069
2026-08-22 19:59:00+00:00,90877.43601783398
2026-08-22 20:14:00+00:00,90819.46324785305
2026-08-22 20:29:00+00:00,90890.62131249763
2026-08-22 20:44:00+00:00,90885.28914800327
2026-08-22 20:59:00+00:00,90891.34380021003
2026-08-22 21:14:00+00:00,90945.72350536814
2026-08-22 21:29:00+00:00,90947.67684273107
2026-08-22 21:44:00+00:00,90953.48247333358
2026-08-22 21:59:00+00:00,90941.92593694334
2026-08-22 22:14:00+00:00,90916.06116304823
2026-08-22 22:29:00+00:00,90901.29184414778
2026-08-22 22:44:00+00:00,90940.22221913053
2026-08-22 22:59:00+00:00,90961.33976175188
2026-08-22 23:14:00+00:00,90979.97541750247
2026-08-22 23:29:00+00:00,90983.99603543124
2026-08-22 23:44:00+00:00,90985.81262236118
2026-08-22 23:59:00+00:00,90991.7991986242
2026-08-23 00:14:00+00:00,90999.6585464287
2026-08-23 00:29:00+00:00,91014.95891916353
2026-08-23 00:44:00+00:00,91038.65327000523
2026-08-23 00:59:00+00:00,91059.27079124017
2026-08-23 01:14:00+00:00,91054.09708845476
2026-08-23 01:29:00+00:00,91049.39285374897
2026-08-23 01:44:00+00:00,91040.37931976936
2026-08-23 01:59:00+00:00,91030.18081265202
2026-08-23 02:14:00+00:00,91064.89516739834
2026-08-23 02:29:00+00:00,91072.1208182227
2026-08-23 02:44:00+00:00,91086.04731648932
2026-08-23 02:59:00+00:00,91067.60139141604
2026-08-23 03:14:00+00:00,91037.00793982008
2026-08-23 03:29:00+00:00,91012.5592643134
2026-08-23 03:44:00+00:00,91003.08317236132
2026-08-23 03:59:00+00:00,91026.92098246208
2026-08-23 04:14:00+00:00,91041.98207456358
2026-08-23 04:29:00+00:00,90999.07056266934
2026-08-23 04:44:00+00:00,90961.32186298167
2026-08-23 04:59:00+00:00,90954.10399927414
2026-08-23 05:14:00+00:00,90991.88394107294
2026-08-23 05:29:00+00:00,91046.85823277563
2026-08-23 05:44:00+00:00,91039.75332853255
2026-08-23 05:59:00+00:00,91046.08269078351
2026-08-23 06:14:00+00:00,91057.1499807369
2026-08-23 06:29:00+00:00,91084.99320469372
2026-08-23 06:44:00+00:00,91083.13483415815
2026-08-23 06:59:00+00:00,91083.13483415815
2026-08-23 07:14:00+00:00,91083.13483415815
2026-08-23 07:29:00+00:00,91083.13483415815
2026-08-23 07:44:00+00:00,91083.13483415815
2026-08-23 07:59:00+00:00,91083.13483415815
2026-08-23 08:14:00+00:00,91083.13483415815
2026-08-23 08:29:00+00:00,91083.13483415815
2026-08-23 08:44:00+00:00,91083.13483415815
2026-08-23 08:59:00+00:00,91083.13483415815
2026-08-23 09:14:00+00:00,91083.13483415815
2026-08-23 09:29:00+00:00,91083.13483415815
2026-08-23 09:44:00+00:00,91083.13483415815
2026-08-23 09:59:00+00:00,91083.13483415815
2026-08-23 10:14:00+00:00,91083.13483415815
2026-08-23 10:29:00+00:00,91075.35986992004
2026-08-23 10:44:00+00:00,91030.30524892612
2026-08-23 10:59:00+00:00,91054.68686537181
2026-08-23 11:14:00+00:00,91058.75145493206
2026-08-23 11:29:00+00:00,91004.45847561772
2026-08-23 11:44:00+00:00,91052.00524440639
2026-08-23 11:59:00+00:00,91047.12781118689
2026-08-23 12:14:00+00:00,91040.39098839462
2026-08-23 12:29:00+00:00,90974.15478089162
2026-08-23 12:44:00+00:00,90832.86317298126
2026-08-23 12:59:00+00:00,90806.84715200652
2026-08-23 13:14:00+00:00,90780.07377882865
2026-08-23 13:29:00+00:00,90565.27572679905
2026-08-23 13:44:00+00:00,90478.51664509303
2026-08-23 13:59:00+00:00,90464.32121627685
2026-08-23 14:14:00+00:00,90546.30488728915
2026-08-23 14:29:00+00:00,90586.68655976863
2026-08-23 14:44:00+00:00,90703.22614304404
2026-08-23 14:59:00+00:00,90640.25194806379
2026-08-23 15:14:00+00:00,90662.51283038022
2026-08-23 15:29:00+00:00,90509.3634106713
2026-08-23 15:44:00+00:00,90567.75261106444
2026-08-23 15:59:00+00:00,90487.55357769561
2026-08-23 16:14:00+00:00,90500.59095814233
2026-08-23 16:29:00+00:00,90518.05082563614
2026-08-23 16:44:00+00:00,90523.01202924219
2026-08-23 16:59:00+00:00,90561.27524302554
2026-08-23 17:14:00+00:00,90544.05538247527
2026-08-23 17:29:00+00:00,90541.50580795575
2026-08-23 17:44:00+00:00,90532.33741115053
2026-08-23 17:59:00+00:00,90550.67712615684
2026-08-23 18:14:00+00:00,90543.63170654925
2026-08-23 18:29:00+00:00,90543.63170654925
2026-08-23 18:44:00+00:00,90543.63170654925
2026-08-23 18:59:00+00:00,90543.63170654925
2026-08-23 19:14:00+00:00,90569.34796228507
2026-08-23 19:29:00+00:00,90587.69777336759
2026-08-23 19:44:00+00:00,90556.18333060744
2026-08-23 19:59:00+00:00,90586.5982326756
2026-08-23 20:14:00+00:00,90575.95691525625
2026-08-23 20:29:00+00:00,90567.8446314859
2026-08-23 20:44:00+00:00,90572.16623303924
2026-08-23 20:59:00+00:00,90582.57812207006
2026-08-23 21:14:00+00:00,90585.62470653879
2026-08-23 21:29:00+00:00,90585.62470653879
2026-08-23 21:44:00+00:00,90585.62470653879
2026-08-23 21:59:00+00:00,90655.25861115461
2026-08-23 22:14:00+00:00,90648.03138199887
2026-08-23 22:29:00+00:00,90641.17011328845
2026-08-23 22:44:00+00:00,90627.71109450547
2026-08-23 22:59:00+00:00,90644.0879905284
2026-08-23 23:14:00+00:00,90666.74932906803
2026-08-23 23:29:00+00:00,90672.05050934634
2026-08-23 23:44:00+00:00,90674.4574923972
2026-08-23 23:59:00+00:00,90674.4574923972
2026-08-24 00:14:00+00:00,90674.4574923972
2026-08-24 00:29:00+00:00,90674.66365838052
2026-08-24 00:44:00+00:00,90662.11039282868
2026-08-24 00:59:00+00:00,90661.50312743979
2026-08-24 01:14:00+00:00,90613.92466276573
2026-08-24 01:29:00+00:00,90577.21157728056
2026-08-24 01:44:00+00:00,90547.45868740648
2026-08-24 01:59:00+00:00,90710.29923707311
2026-08-24 02:14:00+00:00,90736.37735278446
2026-08-24 02:29:00+00:00,90713.91909721881
2026-08-24 02:44:00+00:00,90723.52117116204
2026-08-24 02:59:00+00:00,90723.97638930971
2026-08-24 03:14:00+00:00,90717.08945230533
2026-08-24 03:29:00+00:00,90712.38514432729
2026-08-24 03:44:00+00:00,90706.97661349381
2026-08-24 03:59:00+00:00,90712.05280442965
2026-08-24 04:14:00+00:00,90731.44729680296
2026-08-24 04:29:00+00:00,90756.4974899022
2026-08-24 04:44:00+00:00,90779.89121895586
2026-08-24 04:59:00+00:00,90801.93174626348
2026-08-24 05:14:00+00:00,90775.44964840513
2026-08-24 05:29:00+00:00,90753.00252494145
2026-08-24 05:44:00+00:00,90727.33519615067
2026-08-24 05:59:00+00:00,90697.14605244568
2026-08-24 06:14:00+00:00,90692.41581633106
2026-08-24 06:29:00+00:00,90722.25560339782
2026-08-24 06:44:00+00:00,90745.52972690247
2026-08-24 06:59:00+00:00,90765.4732168051
2026-08-24 07:14:00+00:00,90768.01165527494
2026-08-24 07:29:00+00:00,90768.01165527494
2026-08-24 07:44:00+00:00,90768.01165527494
2026-08-24 07:59:00+00:00,90782.69699240553
2026-08-24 08:14:00+00:00,90774.94349484441
2026-08-24 08:29:00+00:00,90768.24878147696
2026-08-24 08:44:00+00:00,90753.43524892586
2026-08-24 08:59:00+00:00,90738.60167220222
2026-08-24 09:14:00+00:00,90742.7069468364
2026-08-24 09:29:00+00:00,90735.4400481913
2026-08-24 09:44:00+00:00,90785.63188863854
2026-08-24 09:59:00+00:00,90760.63626085433
2026-08-24 10:14:00+00:00,90689.12727283771
2026-08-24 10:29:00+00:00,90644.32861854539
2026-08-24 10:44:00+00:00,90666.78821730192
2026-08-24 10:59:00+00:00,90669.05040175006
2026-08-24 11:14:00+00:00,90673.21983092841
2026-08-24 11:29:00+00:00,90721.47400925285
2026-08-24 11:44:00+00:00,90715.21576051271
2026-08-24 11:59:00+00:00,90703.43456154756
2026-08-24 12:14:00+00:00,90672.9948882171
2026-08-24 12:29:00+00:00,90705.14397917224
2026-08-24 12:44:00+00:00,90676.23759196077
2026-08-24 12:59:00+00:00,90671.18969328927
2026-08-24 13:14:00+00:00,90656.08999035899
2026-08-24 13:29:00+00:00,90666.03656061503
2026-08-24 13:44:00+00:00,90722.01144952093
2026-08-24 13:59:00+00:00,90733.33079349516
2026-08-24 14:14:00+00:00,90697.9230691561
2026-08-24 14:29:00+00:00,90760.32019493988
2026-08-24 14:44:00+00:00,90747.91568962866
2026-08-24 14:59:00+00:00,90759.24666045886
2026-08-24 15:14:00+00:00,90757.70493064531
2026-08-24 15:29:00+00:00,90741.61226578538
2026-08-24 15:44:00+00:00,90770.96668392092
2026-08-24 15:59:00+00:00,90774.60632366466
2026-08-24 16:14:00+00:00,90787.70170998352
2026-08-24 16:29:00+00:00,90785.64715863497
2026-08-24 16:44:00+00:00,90791.70779568024
2026-08-24 16:59:00+00:00,90797.60429828882
2026-08-24 17:14:00+00:00,90794.70955406163
2026-08-24 17:29:00+00:00,90782.2386228788
2026-08-24 17:44:00+00:00,90770.43572286362
2026-08-24 17:59:00+00:00,90786.67591176686
2026-08-24 18:14:00+00:00,90783.41401831173
2026-08-24 18:29:00+00:00,90778.62675386315
2026-08-24 18:44:00+00:00,90784.01943052372
2026-08-24 18:59:00+00:00,90780.2673034489
2026-08-24 19:14:00+00:00,90792.58951709725
2026-08-24 19:29:00+00:00,90779.06738591504
2026-08-24 19:44:00+00:00,90761.74453274076
2026-08-24 19:59:00+00:00,90736.82963337346
2026-08-24 20:14:00+00:00,90742.72170264699
2026-08-24 20:29:00+00:00,90737.80164686163
2026-08-24 20:44:00+00:00,90747.27620145552
2026-08-24 20:59:00+00:00,90743.49691981915
2026-08-24 21:14:00+00:00,90743.49691981915
2026-08-24 21:29:00+00:00,90743.49691981915
2026-08-24 21:44:00+00:00,90743.49691981915
2026-08-24 21:59:00+00:00,90743.49691981915
2026-08-24 22:14:00+00:00,90743.49691981915
2026-08-24 22:29:00+00:00,90743.49691981915
2026-08-24 22:44:00+00:00,90735.78328328535
2026-08-24 22:59:00+00:00,90742.55644838973
2026-08-24 23:14:00+00:00,90731.78888212213
2026-08-24 23:29:00+00:00,90730.6290337738
2026-08-24 23:44:00+00:00,90737.25264811843
2026-08-24 23:59:00+00:00,90706.75907915307
2026-08-25 00:14:00+00:00,90625.59767433722
2026-08-25 00:29:00+00:00,90655.73686995756
2026-08-25 00:44:00+00:00,90602.51263044153
2026-08-25 00:59:00+00:00,90646.7460589933
2026-08-25 01:14:00+00:00,90637.36984401107
2026-08-25 01:29:00+00:00,90636.10042521164
2026-08-25 01:44:00+00:00,90681.09235887168
2026-08-25 01:59:00+00:00,90712.57085398473
2026-08-25 02:14:00+00:00,90711.29078291218
2026-08-25 02:29:00+00:00,90711.29078291218
2026-08-25 02:44:00+00:00,90724.6433645116
2026-08-25 02:59:00+00:00,90735.99484637384
2026-08-25 03:14:00+00:00,90707.44949194441
2026-08-25 03:29:00+00:00,90677.64237087981
2026-08-25 03:44:00+00:00,90641.94066350281
2026-08-25 03:59:00+00:00,90702.50334953459
2026-08-25 04:14:00+00:00,90757.67707972844
2026-08-25 04:29:00+00:00,90813.43732523512
2026-08-25 04:44:00+00:00,90831.59714440156
2026-08-25 04:59:00+00:00,90851.88677425715
2026-08-25 05:14:00+00:00,90840.58850878838
2026-08-25 05:29:00+00:00,90867.24085602438
2026-08-25 05:44:00+00:00,90879.07818284315
2026-08-25 05:59:00+00:00,90893.4988125668
2026-08-25 06:14:00+00:00,90888.45213511132
2026-08-25 06:29:00+00:00,90888.45213511132
2026-08-25 06:44:00+00:00,90888.45213511132
2026-08-25 06:59:00+00:00,90888.45213511132
2026-08-25 07:14:00+00:00,90888.45213511132
2026-08-25 07:29:00+00:00,90888.45213511132
2026-08-25 07:44:00+00:00,90888.45213511132
2026-08-25 07:59:00+00:00,90888.45213511132
2026-08-25 08:14:00+00:00,90888.45213511132
2026-08-25 08:29:00+00:00,90888.45213511132
2026-08-25 08:44:00+00:00,90888.45213511132
2026-08-25 08:59:00+00:00,90888.45213511132
2026-08-25 09:14:00+00:00,90888.45213511132
2026-08-25 09:29:00+00:00,90888.45213511132
2026-08-25 09:44:00+00:00,90888.45213511132
2026-08-25 09:59:00+00:00,90888.45213511132
2026-08-25 10:14:00+00:00,90888.45213511132
2026-08-25 10:29:00+00:00,90888.45213511132
2026-08-25 10:44:00+00:00,90888.45213511132
2026-08-25 10:59:00+00:00,90888.45213511132
2026-08-25 11:14:00+00:00,90888.45213511132
2026-08-25 11:29:00+00:00,90888.45213511132
2026-08-25 11:44:00+00:00,90888.45213511132
2026-08-25 11:59:00+00:00,90888.45213511132
2026-08-25 12:14:00+00:00,90888.45213511132
2026-08-25 12:29:00+00:00,90888.45213511132
2026-08-25 12:44:00+00:00,90888.45213511132
2026-08-25 12:59:00+00:00,90888.45213511132
2026-08-25 13:14:00+00:00,90888.45213511132
2026-08-25 13:29:00+00:00,90888.45213511132
2026-08-25 13:44:00+00:00,90888.45213511132
2026-08-25 13:59:00+00:00,90888.45213511132
2026-08-25 14:14:00+00:00,90888.45213511132
2026-08-25 14:29:00+00:00,90888.45213511132
2026-08-25 14:44:00+00:00,90888.45213511132
2026-08-25 14:59:00+00:00,90888.45213511132
2026-08-25 15:14:00+00:00,90888.45213511132
2026-08-25 15:29:00+00:00,90888.45213511132
2026-08-25 15:44:00+00:00,90888.45213511132
2026-08-25 15:59:00+00:00,90888.45213511132
2026-08-25 16:14:00+00:00,90888.45213511132
2026-08-25 16:29:00+00:00,90888.45213511132
2026-08-25 16:44:00+00:00,90888.45213511132
2026-08-25 16:59:00+00:00,90888.45213511132
2026-08-25 17:14:00+00:00,90888.45213511132
2026-08-25 17:29:00+00:00,90888.45213511132
2026-08-25 17:44:00+00:00,90888.45213511132
2026-08-25 17:59:00+00:00,90888.45213511132
2026-08-25 18:14:00+00:00,90888.45213511132
2026-08-25 18:29:00+00:00,90888.45213511132
2026-08-25 18:44:00+00:00,90888.45213511132
2026-08-25 18:59:00+00:00,90888.45213511132
2026-08-25 19:14:00+00:00,90888.45213511132
2026-08-25 19:29:00+00:00,90888.45213511132
2026-08-25 19:44:00+00:00,90888.45213511132
2026-08-25 19:59:00+00:00,90888.45213511132
2026-08-25 20:14:00+00:00,90888.45213511132
2026-08-25 20:29:00+00:00,90888.45213511132
2026-08-25 20:44:00+00:00,90888.45213511132
2026-08-25 20:59:00+00:00,90888.45213511132
2026-08-25 21:14:00+00:00,90888.45213511132
2026-08-25 21:29:00+00:00,90888.45213511132
2026-08-25 21:44:00+00:00,90888.45213511132
2026-08-25 21:59:00+00:00,90888.45213511132
2026-08-25 22:14:00+00:00,90888.45213511132
2026-08-25 22:29:00+00:00,90888.45213511132
2026-08-25 22:44:00+00:00,90888.45213511132
2026-08-25 22:59:00+00:00,90888.45213511132
2026-08-25 23:14:00+00:00,90888.45213511132
2026-08-25 23:29:00+00:00,90888.45213511132
2026-08-25 23:44:00+00:00,90888.45213511132
2026-08-25 23:59:00+00:00,90888.45213511132
2026-08-26 00:14:00+00:00,90888.45213511132
2026-08-26 00:29:00+00:00,90888.45213511132
2026-08-26 00:44:00+00:00,90888.45213511132
2026-08-26 00:59:00+00:00,90888.45213511132
2026-08-26 01:14:00+00:00,90888.45213511132
2026-08-26 01:29:00+00:00,90888.45213511132
2026-08-26 01:44:00+00:00,90888.45213511132
2026-08-26 01:59:00+00:00,90888.45213511132
2026-08-26 02:14:00+00:00,90888.45213511132
2026-08-26 02:29:00+00:00,90888.45213511132
2026-08-26 02:44:00+00:00,90888.45213511132
2026-08-26 02:59:00+00:00,90888.45213511132
2026-08-26 03:14:00+00:00,90888.45213511132
2026-08-26 03:29:00+00:00,90888.45213511132
2026-08-26 03:44:00+00:00,90888.45213511132
2026-08-26 03:59:00+00:00,90888.45213511132
2026-08-26 04:14:00+00:00,90888.45213511132
2026-08-26 04:29:00+00:00,90888.45213511132
2026-08-26 04:44:00+00:00,90888.45213511132
2026-08-26 04:59:00+00:00,90888.45213511132
2026-08-26 05:14:00+00:00,90888.45213511132
2026-08-26 05:29:00+00:00,90888.45213511132
2026-08-26 05:44:00+00:00,90888.45213511132
2026-08-26 05:59:00+00:00,90888.45213511132
2026-08-26 06:14:00+00:00,90888.45213511132
2026-08-26 06:29:00+00:00,90888.45213511132
2026-08-26 06:44:00+00:00,90888.45213511132
2026-08-26 06:59:00+00:00,90888.45213511132
2026-08-26 07:14:00+00:00,90888.45213511132
2026-08-26 07:29:00+00:00,90888.45213511132
2026-08-26 07:44:00+00:00,90888.45213511132
2026-08-26 07:59:00+00:00,90888.45213511132
2026-08-26 08:14:00+00:00,90888.45213511132
2026-08-26 08:29:00+00:00,90888.45213511132
2026-08-26 08:44:00+00:00,90888.45213511132
2026-08-26 08:59:00+00:00,90888.45213511132
2026-08-26 09:14:00+00:00,90888.45213511132
2026-08-26 09:29:00+00:00,90888.45213511132
2026-08-26 09:44:00+00:00,90888.45213511132
2026-08-26 09:59:00+00:00,90888.45213511132
2026-08-26 10:14:00+00:00,90888.45213511132
2026-08-26 10:29:00+00:00,90888.45213511132
2026-08-26 10:44:00+00:00,90888.45213511132
2026-08-26 10:59:00+00:00,90888.45213511132
2026-08-26 11:14:00+00:00,90888.45213511132
2026-08-26 11:29:00+00:00,90888.45213511132
2026-08-26 11:44:00+00:00,90888.45213511132
2026-08-26 11:59:00+00:00,90888.45213511132
2026-08-26 12:14:00+00:00,90888.45213511132
2026-08-26 12:29:00+00:00,90888.45213511132
2026-08-26 12:44:00+00:00,90888.45213511132
2026-08-26 12:59:00+00:00,90888.45213511132
2026-08-26 13:14:00+00:00,90888.45213511132
2026-08-26 13:29:00+00:00,90888.45213511132
2026-08-26 13:44:00+00:00,90888.45213511132
2026-08-26 13:59:00+00:00,90888.45213511132
2026-08-26 14:14:00+00:00,90888.45213511132
2026-08-26 14:29:00+00:00,90888.45213511132
2026-08-26 14:44:00+00:00,90888.45213511132
2026-08-26 14:59:00+00:00,90888.45213511132
2026-08-26 15:14:00+00:00,90888.45213511132
2026-08-26 15:29:00+00:00,90888.45213511132
2026-08-26 15:44:00+00:00,90888.45213511132
2026-08-26 15:59:00+00:00,90888.45213511132
2026-08-26 16:14:00+00:00,90888.45213511132
2026-08-26 16:29:00+00:00,90888.45213511132
2026-08-26 16:44:00+00:00,90888.45213511132
2026-08-26 16:59:00+00:00,90888.45213511132
2026-08-26 17:14:00+00:00,90888.45213511132
2026-08-26 17:29:00+00:00,90888.45213511132
2026-08-26 17:44:00+00:00,90888.45213511132
2026-08-26 17:59:00+00:00,90888.45213511132
2026-08-26 18:14:00+00:00,90888.45213511132
2026-08-26 18:29:00+00:00,90888.45213511132
2026-08-26 18:44:00+00:00,90888.45213511132
2026-08-26 18:59:00+00:00,90888.45213511132
2026-08-26 19:14:00+00:00,90888.45213511132
2026-08-26 19:29:00+00:00,90888.45213511132
2026-08-26 19:44:00+00:00,90888.45213511132
2026-08-26 19:59:00+00:00,90888.45213511132
2026-08-26 20:14:00+00:00,90888.45213511132
2026-08-26 20:29:00+00:00,90888.45213511132
2026-08-26 20:44:00+00:00,90888.45213511132
2026-08-26 20:59:00+00:00,90888.45213511132
2026-08-26 21:14:00+00:00,90888.45213511132
2026-08-26 21:29:00+00:00,90888.45213511132
2026-08-26 21:44:00+00:00,90888.45213511132
2026-08-26 21:59:00+00:00,90888.45213511132
2026-08-26 22:14:00+00:00,90888.45213511132
2026-08-26 22:29:00+00:00,90888.45213511132
2026-08-26 22:44:00+00:00,90868.7812457391
2026-08-26 22:59:00+00:00,90882.42166424393
2026-08-26 23:14:00+00:00,90853.92825907566
2026-08-26 23:29:00+00:00,90855.18093853915
2026-08-26 23:44:00+00:00,90844.8518308439
2026-08-26 23:59:00+00:00,90820.68111122733
2026-08-27 00:14:00+00:00,90808.70737596726
2026-08-27 00:29:00+00:00,90791.31972222311
2026-08-27 00:44:00+00:00,90770.50877574964
2026-08-27 00:59:00+00:00,90805.36382928974
2026-08-27 01:14:00+00:00,90782.093443639
2026-08-27 01:29:00+00:00,90762.83317290315
2026-08-27 01:44:00+00:00,90779.85016287664
2026-08-27 01:59:00+00:00,90776.5284984203
2026-08-27 02:14:00+00:00,90779.19855257834
2026-08-27 02:29:00+00:00,90789.77214653126
2026-08-27 02:44:00+00:00,90804.36226280982
2026-08-27 02:59:00+00:00,90800.50760795381
2026-08-27 03:14:00+00:00,90800.50760795381
2026-08-27 03:29:00+00:00,90800.50760795381
2026-08-27 03:44:00+00:00,90800.50760795381
2026-08-27 03:59:00+00:00,90800.50760795381
2026-08-27 04:14:00+00:00,90800.50760795381
2026-08-27 04:29:00+00:00,90800.50760795381
2026-08-27 04:44:00+00:00,90800.50760795381
2026-08-27 04:59:00+00:00,90800.50760795381
2026-08-27 05:14:00+00:00,90800.50760795381
2026-08-27 05:29:00+00:00,90800.50760795381
2026-08-27 05:44:00+00:00,90800.50760795381
2026-08-27 05:59:00+00:00,90800.50760795381
2026-08-27 06:14:00+00:00,90800.50760795381
2026-08-27 06:29:00+00:00,90800.50760795381
2026-08-27 06:44:00+00:00,90800.50760795381
2026-08-27 06:59:00+00:00,90800.50760795381
2026-08-27 07:14:00+00:00,90800.50760795381
2026-08-27 07:29:00+00:00,90800.50760795381
2026-08-27 07:44:00+00:00,90800.50760795381
2026-08-27 07:59:00+00:00,90800.50760795381
2026-08-27 08:14:00+00:00,90800.50760795381
2026-08-27 08:29:00+00:00,90783.98777224864
2026-08-27 08:44:00+00:00,90779.41006379765
2026-08-27 08:59:00+00:00,90795.7944328167
2026-08-27 09:14:00+00:00,90780.13989672228
2026-08-27 09:29:00+00:00,90814.70238360549
2026-08-27 09:44:00+00:00,90846.44958082284
2026-08-27 09:59:00+00:00,90838.27570312373
2026-08-27 10:14:00+00:00,90829.52372332694
2026-08-27 10:29:00+00:00,90834.13589531925
2026-08-27 10:44:00+00:00,90814.421635558
2026-08-27 10:59:00+00:00,90820.200690765
2026-08-27 11:14:00+00:00,90820.2481959787
2026-08-27 11:29:00+00:00,90814.61955444516
2026-08-27 11:44:00+00:00,90829.13071193932
2026-08-27 11:59:00+00:00,90824.29273811812
2026-08-27 12:14:00+00:00,90819.1727661661
2026-08-27 12:29:00+00:00,90809.52292740738
2026-08-27 12:44:00+00:00,90802.98165282994
2026-08-27 12:59:00+00:00,90801.30063350119
2026-08-27 13:14:00+00:00,90810.0178777044
2026-08-27 13:29:00+00:00,90807.1009475334
2026-08-27 13:44:00+00:00,90807.1009475334
2026-08-27 13:59:00+00:00,90807.1009475334
2026-08-27 14:14:00+00:00,90807.1009475334
2026-08-27 14:29:00+00:00,90807.1009475334
2026-08-27 14:44:00+00:00,90807.1009475334
2026-08-27 14:59:00+00:00,90807.1009475334
2026-08-27 15:14:00+00:00,90807.1009475334
2026-08-27 15:29:00+00:00,90807.1009475334
2026-08-27 15:44:00+00:00,90807.1009475334
2026-08-27 15:59:00+00:00,90807.1009475334
2026-08-27 16:14:00+00:00,90807.1009475334
2026-08-27 16:29:00+00:00,90807.1009475334
2026-08-27 16:44:00+00:00,90807.1009475334
2026-08-27 16:59:00+00:00,90781.1341476126
2026-08-27 17:14:00+00:00,90781.81188183658
2026-08-27 17:29:00+00:00,90827.53172262937
2026-08-27 17:44:00+00:00,90823.61355177843
2026-08-27 17:59:00+00:00,90812.96243712734
2026-08-27 18:14:00+00:00,90815.87583158769
2026-08-27 18:29:00+00:00,90814.74230438675
2026-08-27 18:44:00+00:00,90806.75715160443
2026-08-27 18:59:00+00:00,90790.24205738533
2026-08-27 19:14:00+00:00,90767.4955865473
2026-08-27 19:29:00+00:00,90757.82987581744
2026-08-27 19:44:00+00:00,90749.77625409061
2026-08-27 19:59:00+00:00,90738.3792550153
2026-08-27 20:14:00+00:00,90750.8766191569
2026-08-27 20:29:00+00:00,90757.19890528028
2026-08-27 20:44:00+00:00,90761.85043897507
2026-08-27 20:59:00+00:00,90765.39769870968
2026-08-27 21:14:00+00:00,90761.58562764271
2026-08-27 21:29:00+00:00,90761.58562764271
2026-08-27 21:44:00+00:00,90755.04023538773
2026-08-27 21:59:00+00:00,90737.9893365317
2026-08-27 22:14:00+00:00,90727.63978274759
2026-08-27 22:29:00+00:00,90723.03249086304
2026-08-27 22:44:00+00:00,90718.14522757242
2026-08-27 22:59:00+00:00,90719.86543602399
2026-08-27 23:14:00+00:00,90720.3739331148
2026-08-27 23:29:00+00:00,90731.00204094737
2026-08-27 23:44:00+00:00,90717.8436548236
2026-08-27 23:59:00+00:00,90719.08209812113
2026-08-28 00:14:00+00:00,90709.85311132329
2026-08-28 00:29:00+00:00,90719.81082836221
2026-08-28 00:44:00+00:00,90720.87342700535
2026-08-28 00:59:00+00:00,90727.45450741095
2026-08-28 01:14:00+00:00,90725.73068943417
2026-08-28 01:29:00+00:00,90725.73068943417
2026-08-28 01:44:00+00:00,90739.1405354682
2026-08-28 01:59:00+00:00,90776.24654268762
2026-08-28 02:14:00+00:00,90803.9374778109
2026-08-28 02:29:00+00:00,90819.82233699574
2026-08-28 02:44:00+00:00,90811.68691302485
2026-08-28 02:59:00+00:00,90797.74392178896
2026-08-28 03:14:00+00:00,90791.66209751322
2026-08-28 03:29:00+00:00,90813.5424006714
2026-08-28 03:44:00+00:00,90810.84565821814
2026-08-28 03:59:00+00:00,90810.84565821814
2026-08-28 04:14:00+00:00,90810.84565821814
2026-08-28 04:29:00+00:00,90810.84565821814
2026-08-28 04:44:00+00:00,90810.84565821814
2026-08-28 04:59:00+00:00,90810.84565821814
2026-08-28 05:14:00+00:00,90810.84565821814
2026-08-28 05:29:00+00:00,90810.84565821814
2026-08-28 05:44:00+00:00,90810.84565821814
2026-08-28 05:59:00+00:00,90810.84565821814
2026-08-28 06:14:00+00:00,90810.84565821814
2026-08-28 06:29:00+00:00,90810.84565821814
2026-08-28 06:44:00+00:00,90810.84565821814
2026-08-28 06:59:00+00:00,90810.84565821814
2026-08-28 07:14:00+00:00,90810.84565821814
2026-08-28 07:29:00+00:00,90810.84565821814
2026-08-28 07:44:00+00:00,90810.84565821814
2026-08-28 07:59:00+00:00,90810.84565821814
2026-08-28 08:14:00+00:00,90810.84565821814
2026-08-28 08:29:00+00:00,90810.84565821814
2026-08-28 08:44:00+00:00,90810.84565821814
2026-08-28 08:59:00+00:00,90810.84565821814
2026-08-28 09:14:00+00:00,90810.84565821814
2026-08-28 09:29:00+00:00,90810.84565821814
2026-08-28 09:44:00+00:00,90810.84565821814
2026-08-28 09:59:00+00:00,90810.84565821814
2026-08-28 10:14:00+00:00,90810.84565821814
2026-08-28 10:29:00+00:00,90810.84565821814
2026-08-28 10:44:00+00:00,90810.84565821814
2026-08-28 10:59:00+00:00,90810.84565821814
2026-08-28 11:14:00+00:00,90810.84565821814
2026-08-28 11:29:00+00:00,90810.84565821814
2026-08-28 11:44:00+00:00,90810.84565821814
2026-08-28 11:59:00+00:00,90810.84565821814
2026-08-28 12:14:00+00:00,90810.84565821814
2026-08-28 12:29:00+00:00,90810.84565821814
2026-08-28 12:44:00+00:00,90810.84565821814
2026-08-28 12:59:00+00:00,90810.84565821814
2026-08-28 13:14:00+00:00,90810.84565821814
2026-08-28 13:29:00+00:00,90810.84565821814
2026-08-28 13:44:00+00:00,90810.84565821814
2026-08-28 13:59:00+00:00,90806.59327722515
2026-08-28 14:14:00+00:00,90784.68305252506
2026-08-28 14:29:00+00:00,90747.42531490984
2026-08-28 14:44:00+00:00,90753.55995670614
2026-08-28 14:59:00+00:00,90736.83843370425
2026-08-28 15:14:00+00:00,90730.78118270298
2026-08-28 15:29:00+00:00,90718.14790486253
2026-08-28 15:44:00+00:00,90727.09797241904
2026-08-28 15:59:00+00:00,90707.03112684042
2026-08-28 16:14:00+00:00,90723.27065402694
2026-08-28 16:29:00+00:00,90713.15061142448
2026-08-28 16:44:00+00:00,90695.96411468051
2026-08-28 16:59:00+00:00,90718.79811887632
2026-08-28 17:14:00+00:00,90734.38635689857
2026-08-28 17:29:00+00:00,90747.44113128778
2026-08-28 17:44:00+00:00,90704.90557700797
2026-08-28 17:59:00+00:00,90709.63681762478
2026-08-28 18:14:00+00:00,90723.35738030894
2026-08-28 18:29:00+00:00,90715.37305487633
2026-08-28 18:44:00+00:00,90701.55137896685
2026-08-28 18:59:00+00:00,90722.00489327677
2026-08-28 19:14:00+00:00,90751.63304860378
2026-08-28 19:29:00+00:00,90744.81279028012
2026-08-28 19:44:00+00:00,90715.5614524064
2026-08-28 19:59:00+00:00,90719.28950012692
2026-08-28 20:14:00+00:00,90723.67323556452
2026-08-28 20:29:00+00:00,90718.08158622961
2026-08-28 20:44:00+00:00,90709.34488138145
2026-08-28 20:59:00+00:00,90694.00917060478
2026-08-28 21:14:00+00:00,90709.98610696498
2026-08-28 21:29:00+00:00,90712.97415947857
2026-08-28 21:44:00+00:00,90712.08928491463
2026-08-28 21:59:00+00:00,90712.08928491463
2026-08-28 22:14:00+00:00,90712.08928491463
2026-08-28 22:29:00+00:00,90712.08928491463
2026-08-28 22:44:00+00:00,90712.08928491463
2026-08-28 22:59:00+00:00,90712.08928491463
2026-08-28 23:14:00+00:00,90712.08928491463
2026-08-28 23:29:00+00:00,90712.08928491463
2026-08-28 23:44:00+00:00,90712.08928491463
2026-08-28 23:59:00+00:00,90712.08928491463
2026-08-29 00:14:00+00:00,90712.08928491463
2026-08-29 00:29:00+00:00,90712.08928491463
2026-08-29 00:44:00+00:00,90712.08928491463
2026-08-29 00:59:00+00:00,90712.08928491463
2026-08-29 01:14:00+00:00,90712.08928491463
2026-08-29 01:29:00+00:00,90712.08928491463
2026-08-29 01:44:00+00:00,90712.08928491463
2026-08-29 01:59:00+00:00,90712.08928491463
2026-08-29 02:14:00+00:00,90712.08928491463
2026-08-29 02:29:00+00:00,90712.08928491463
2026-08-29 02:44:00+00:00,90712.08928491463
2026-08-29 02:59:00+00:00,90712.08928491463
2026-08-29 03:14:00+00:00,90712.08928491463
2026-08-29 03:29:00+00:00,90712.08928491463
2026-08-29 03:44:00+00:00,90712.08928491463
2026-08-29 03:59:00+00:00,90712.08928491463
2026-08-29 04:14:00+00:00,90712.08928491463
2026-08-29 04:29:00+00:00,90712.08928491463
2026-08-29 04:44:00+00:00,90712.08928491463
2026-08-29 04:59:00+00:00,90712.08928491463
2026-08-29 05:14:00+00:00,90712.08928491463
2026-08-29 05:29:00+00:00,90712.08928491463
2026-08-29 05:44:00+00:00,90712.08928491463
2026-08-29 05:59:00+00:00,90712.08928491463
2026-08-29 06:14:00+00:00,90712.08928491463
2026-08-29 06:29:00+00:00,90712.08928491463
2026-08-29 06:44:00+00:00,90712.08928491463
2026-08-29 06:59:00+00:00,90712.08928491463
2026-08-29 07:14:00+00:00,90712.08928491463
2026-08-29 07:29:00+00:00,90712.08928491463
2026-08-29 07:44:00+00:00,90712.08928491463
2026-08-29 07:59:00+00:00,90712.08928491463
2026-08-29 08:14:00+00:00,90712.08928491463
2026-08-29 08:29:00+00:00,90712.08928491463
2026-08-29 08:44:00+00:00,90712.08928491463
2026-08-29 08:59:00+00:00,90712.08928491463
2026-08-29 09:14:00+00:00,90712.08928491463
2026-08-29 09:29:00+00:00,90712.08928491463
2026-08-29 09:44:00+00:00,90712.08928491463
2026-08-29 09:59:00+00:00,90712.08928491463
2026-08-29 10:14:00+00:00,90712.08928491463
2026-08-29 10:29:00+00:00,90712.08928491463
2026-08-29 10:44:00+00:00,90712.08928491463
2026-08-29 10:59:00+00:00,90712.08928491463
2026-08-29 11:14:00+00:00,90712.08928491463
2026-08-29 11:29:00+00:00,90712.08928491463
2026-08-29 11:44:00+00:00,90712.08928491463
2026-08-29 11:59:00+00:00,90712.08928491463
2026-08-29 12:14:00+00:00,90712.08928491463
2026-08-29 12:29:00+00:00,90712.08928491463
2026-08-29 12:44:00+00:00,90712.08928491463
2026-08-29 12:59:00+00:00,90712.08928491463
2026-08-29 13:14:00+00:00,90712.08928491463
2026-08-29 13:29:00+00:00,90712.08928491463
2026-08-29 13:44:00+00:00,90712.08928491463
2026-08-29 13:59:00+00:00,90712.08928491463
2026-08-29 14:14:00+00:00,90712.08928491463
2026-08-29 14:29:00+00:00,90712.08928491463
2026-08-29 14:44:00+00:00,90712.08928491463
2026-08-29 14:59:00+00:00,90712.08928491463
2026-08-29 15:14:00+00:00,90712.08928491463
2026-08-29 15:29:00+00:00,90712.08928491463
2026-08-29 15:44:00+00:00,90713.85851401182
2026-08-29 15:59:00+00:00,90719.25125539965
2026-08-29 16:14:00+00:00,90724.85878610851
2026-08-29 16:29:00+00:00,90714.2921967186
2026-08-29 16:44:00+00:00,90675.22555786003
2026-08-29 16:59:00+00:00,90631.50719159198
2026-08-29 17:14:00+00:00,90639.07749204109
2026-08-29 17:29:00+00:00,90648.69684706823
2026-08-29 17:44:00+00:00,90659.76855343388
2026-08-29 17:59:00+00:00,90654.27452413391
2026-08-29 18:14:00+00:00,90645.6021918469
2026-08-29 18:29:00+00:00,90607.6606070664
2026-08-29 18:44:00+00:00,90594.2715080244
2026-08-29 18:59:00+00:00,90618.73685170214
2026-08-29 19:14:00+00:00,90626.86121366441
2026-08-29 19:29:00+00:00,90628.89161575378
2026-08-29 19:44:00+00:00,90638.92099822884
2026-08-29 19:59:00+00:00,90641.76109202948
2026-08-29 20:14:00+00:00,90641.89885431594
2026-08-29 20:29:00+00:00,90641.89885431594
2026-08-29 20:44:00+00:00,90641.89885431594
2026-08-29 20:59:00+00:00,90641.89885431594
2026-08-29 21:14:00+00:00,90641.89885431594
2026-08-29 21:29:00+00:00,90641.89885431594
2026-08-29 21:44:00+00:00,90641.89885431594
2026-08-29 21:59:00+00:00,90641.89885431594
2026-08-29 22:14:00+00:00,90641.89885431594
2026-08-29 22:29:00+00:00,90641.89885431594
2026-08-29 22:44:00+00:00,90641.89885431594
2026-08-29 22:59:00+00:00,90641.89885431594
2026-08-29 23:14:00+00:00,90641.89885431594
2026-08-29 23:29:00+00:00,90641.89885431594
2026-08-29 23:44:00+00:00,90641.89885431594
2026-08-29 23:59:00+00:00,90641.89885431594
2026-08-30 00:14:00+00:00,90641.89885431594
2026-08-30 00:29:00+00:00,90641.89885431594
2026-08-30 00:44:00+00:00,90641.89885431594
2026-08-30 00:59:00+00:00,90641.89885431594
2026-08-30 01:14:00+00:00,90641.89885431594
2026-08-30 01:29:00+00:00,90641.89885431594
2026-08-30 01:44:00+00:00,90641.89885431594
2026-08-30 01:59:00+00:00,90641.89885431594
2026-08-30 02:14:00+00:00,90641.89885431594
2026-08-30 02:29:00+00:00,90641.89885431594
2026-08-30 02:44:00+00:00,90641.89885431594
2026-08-30 02:59:00+00:00,90595.39333149946
2026-08-30 03:14:00+00:00,90585.99039865234
2026-08-30 03:29:00+00:00,90606.36953982546
2026-08-30 03:44:00+00:00,90570.56598669289
2026-08-30 03:59:00+00:00,90567.29441784235
2026-08-30 04:14:00+00:00,90569.13701150384
2026-08-30 04:29:00+00:00,90581.00320438492
2026-08-30 04:44:00+00:00,90600.76495061541
2026-08-30 04:59:00+00:00,90602.72864262958
2026-08-30 05:14:00+00:00,90585.76987801434
2026-08-30 05:29:00+00:00,90568.87140522634
2026-08-30 05:44:00+00:00,90603.14867183375
2026-08-30 05:59:00+00:00,90588.41314070387
2026-08-30 06:14:00+00:00,90596.27197046818
2026-08-30 06:29:00+00:00,90596.63618416312
2026-08-30 06:44:00+00:00,90596.63618416312
2026-08-30 06:59:00+00:00,90596.63618416312
2026-08-30 07:14:00+00:00,90596.63618416312
2026-08-30 07:29:00+00:00,90596.63618416312
2026-08-30 07:44:00+00:00,90596.63618416312
2026-08-30 07:59:00+00:00,90596.63618416312
2026-08-30 08:14:00+00:00,90596.63618416312
2026-08-30 08:29:00+00:00,90596.63618416312
2026-08-30 08:44:00+00:00,90596.63618416312
2026-08-30 08:59:00+00:00,90596.63618416312
2026-08-30 09:14:00+00:00,90596.63618416312
2026-08-30 09:29:00+00:00,90596.63618416312
2026-08-30 09:44:00+00:00,90596.63618416312
2026-08-30 09:59:00+00:00,90596.63618416312
2026-08-30 10:14:00+00:00,90599.31976178278
2026-08-30 10:29:00+00:00,90595.52706960113
2026-08-30 10:44:00+00:00,90588.39122294913
2026-08-30 10:59:00+00:00,90592.27382324146
2026-08-30 11:14:00+00:00,90596.11872805197
2026-08-30 11:29:00+00:00,90629.44143656382
2026-08-30 11:44:00+00:00,90605.29750190169
2026-08-30 11:59:00+00:00,90529.99156123103
2026-08-30 12:14:00+00:00,90474.48021186054
2026-08-30 12:29:00+00:00,90460.76648231462
2026-08-30 12:44:00+00:00,90472.08356570381
2026-08-30 12:59:00+00:00,90440.4373132686
2026-08-30 13:14:00+00:00,90390.70549230056
2026-08-30 13:29:00+00:00,90442.45803541235
2026-08-30 13:44:00+00:00,90435.8595111561
2026-08-30 13:59:00+00:00,90469.2121563793
2026-08-30 14:14:00+00:00,90467.5858341282
2026-08-30 14:29:00+00:00,90545.42166617149
2026-08-30 14:44:00+00:00,90536.6774447941
2026-08-30 14:59:00+00:00,90533.50954459119
2026-08-30 15:14:00+00:00,90546.54969278366
2026-08-30 15:29:00+00:00,90568.63607919533
2026-08-30 15:44:00+00:00,90557.13137562868
2026-08-30 15:59:00+00:00,90549.55816037688
2026-08-30 16:14:00+00:00,90559.52737920189
2026-08-30 16:29:00+00:00,90557.81956686285
2026-08-30 16:44:00+00:00,90524.21676622762
2026-08-30 16:59:00+00:00,90515.95720081782
2026-08-30 17:14:00+00:00,90537.52148142165
2026-08-30 17:29:00+00:00,90590.53685876151
2026-08-30 17:44:00+00:00,90558.41768538686
2026-08-30 17:59:00+00:00,90490.65377179942
2026-08-30 18:14:00+00:00,90478.0903240791
2026-08-30 18:29:00+00:00,90522.07407131768
2026-08-30 18:44:00+00:00,90490.1368214151
2026-08-30 18:59:00+00:00,90499.4498472345
2026-08-30 19:14:00+00:00,90511.63909823749
2026-08-30 19:29:00+00:00,90529.62354878144
2026-08-30 19:44:00+00:00,90564.11040584228
2026-08-30 19:59:00+00:00,90559.96251882102
2026-08-30 20:14:00+00:00,90559.96251882102
2026-08-30 20:29:00+00:00,90559.96251882102
2026-08-30 20:44:00+00:00,90559.96251882102
2026-08-30 20:59:00+00:00,90558.30080116086
2026-08-30 21:14:00+00:00,90536.0110107048
2026-08-30 21:29:00+00:00,90534.99070854193
2026-08-30 21:44:00+00:00,90535.29378469253
2026-08-30 21:59:00+00:00,90544.5257474761
2026-08-30 22:14:00+00:00,90548.49839738557
2026-08-30 22:29:00+00:00,90514.23656957703
2026-08-30 22:44:00+00:00,90493.11380266528
2026-08-30 22:59:00+00:00,90498.8770920164
2026-08-30 23:14:00+00:00,90471.61197958009
2026-08-30 23:29:00+00:00,90366.54649427539
2026-08-30 23:44:00+00:00,90359.79710913665
2026-08-30 23:59:00+00:00,90367.500260164
2026-08-31 00:14:00+00:00,90379.0417505076
2026-08-31 00:29:00+00:00,90393.33341745743
2026-08-31 00:44:00+00:00,90420.75597078851
2026-08-31 00:59:00+00:00,90409.08117714652
2026-08-31 01:14:00+00:00,90406.99747721422
2026-08-31 01:29:00+00:00,90442.84079756646
2026-08-31 01:44:00+00:00,90437.26294778136
2026-08-31 01:59:00+00:00,90432.09387824502
2026-08-31 02:14:00+00:00,90441.75786992015
2026-08-31 02:29:00+00:00,90447.42561551165
2026-08-31 02:44:00+00:00,90459.72908125447
2026-08-31 02:59:00+00:00,90457.12782351804
2026-08-31 03:14:00+00:00,90457.12782351804
2026-08-31 03:29:00+00:00,90452.14196819226
2026-08-31 03:44:00+00:00,90470.57255691507
2026-08-31 03:59:00+00:00,90460.66013647169
2026-08-31 04:14:00+00:00,90446.06632335916
2026-08-31 04:29:00+00:00,90424.87678296452
2026-08-31 04:44:00+00:00,90464.73968282514
2026-08-31 04:59:00+00:00,90468.67502841812
2026-08-31 05:14:00+00:00,90491.50638634735
2026-08-31 05:29:00+00:00,90500.40969475383
2026-08-31 05:44:00+00:00,90498.96245461973
2026-08-31 05:59:00+00:00,90500.61978102026
2026-08-31 06:14:00+00:00,90500.08479745418
2026-08-31 06:29:00+00:00,90497.73180349277
2026-08-31 06:44:00+00:00,90499.82120396386
2026-08-31 06:59:00+00:00,90497.26476937433
2026-08-31 07:14:00+00:00,90497.03416588613
2026-08-31 07:29:00+00:00,90495.4085173256
2026-08-31 07:44:00+00:00,90497.72545060312
2026-08-31 07:59:00+00:00,90492.21123358753
2026-08-31 08:14:00+00:00,90489.40962075087
2026-08-31 08:29:00+00:00,90493.96163743296
2026-08-31 08:44:00+00:00,90492.35324796845
2026-08-31 08:59:00+00:00,90494.7920828012
2026-08-31 09:14:00+00:00,90494.19164134585
2026-08-31 09:29:00+00:00,90494.19164134585
2026-08-31 09:44:00+00:00,90494.19164134585
2026-08-31 09:59:00+00:00,90494.19164134585
2026-08-31 10:14:00+00:00,90494.19164134585
2026-08-31 10:29:00+00:00,90494.19164134585
2026-08-31 10:44:00+00:00,90494.19164134585
2026-08-31 10:59:00+00:00,90494.19164134585
2026-08-31 11:14:00+00:00,90494.19164134585
2026-08-31 11:29:00+00:00,90506.73057253846
2026-08-31 11:44:00+00:00,90510.5617565531
2026-08-31 11:59:00+00:00,90511.88402781774
2026-08-31 12:14:00+00:00,90484.0760523675
2026-08-31 12:29:00+00:00,90498.73292582108
2026-08-31 12:44:00+00:00,90525.44516843608
2026-08-31 12:59:00+00:00,90526.0299038041
2026-08-31 13:14:00+00:00,90526.0299038041
2026-08-31 13:29:00+00:00,90526.0299038041
2026-08-31 13:44:00+00:00,90526.0299038041
2026-08-31 13:59:00+00:00,90526.0299038041
2026-08-31 14:14:00+00:00,90526.0299038041
2026-08-31 14:29:00+00:00,90526.0299038041
2026-08-31 14:44:00+00:00,90526.0299038041
2026-08-31 14:59:00+00:00,90526.0299038041
2026-08-31 15:14:00+00:00,90544.40941076812
2026-08-31 15:29:00+00:00,90533.03657921375
2026-08-31 15:44:00+00:00,90549.14325814202
2026-08-31 15:59:00+00:00,90572.25089280534
2026-08-31 16:14:00+00:00,90571.96553843902
2026-08-31 16:29:00+00:00,90590.73745320606
2026-08-31 16:44:00+00:00,90604.6415897273
2026-08-31 16:59:00+00:00,90605.64270652994
2026-08-31 17:14:00+00:00,90600.7197299226
2026-08-31 17:29:00+00:00,90591.05915583525
2026-08-31 17:44:00+00:00,90597.84453660574
2026-08-31 17:59:00+00:00,90602.48483042076
2026-08-31 18:14:00+00:00,90614.04496351503
2026-08-31 18:29:00+00:00,90615.11937795485
2026-08-31 18:44:00+00:00,90630.2204466918
2026-08-31 18:59:00+00:00,90629.52668049336
2026-08-31 19:14:00+00:00,90627.51555121846
2026-08-31 19:29:00+00:00,90644.4384724501
2026-08-31 19:44:00+00:00,90649.84505069214
2026-08-31 19:59:00+00:00,90644.36248351488
2026-08-31 20:14:00+00:00,90644.19040840074
2026-08-31 20:29:00+00:00,90647.62917996354
2026-08-31 20:44:00+00:00,90650.94733091946
2026-08-31 20:59:00+00:00,90656.13190125063
2026-08-31 21:14:00+00:00,90653.17344579833
2026-08-31 21:29:00+00:00,90653.17344579833
2026-08-31 21:44:00+00:00,90653.17344579833
2026-08-31 21:59:00+00:00,90653.17344579833
2026-08-31 22:14:00+00:00,90684.65304281736
2026-08-31 22:29:00+00:00,90687.14433788726
2026-08-31 22:44:00+00:00,90679.57769169087
2026-08-31 22:59:00+00:00,90609.72182210219
2026-08-31 23:14:00+00:00,90589.1860856752
2026-08-31 23:29:00+00:00,90562.83732741841
2026-08-31 23:44:00+00:00,90587.53449839393
2026-08-31 23:59:00+00:00,90584.33806051059
